<COLLADA xmlns="http://www.collada.org/2005/11/COLLADASchema" version="1.4.1">
  <asset>
    <created>2026-09-28T03:59:45.348147</created>
    <modified>2026-09-28T03:59:45.348154</modified>
    <unit name="meter" meter="1.0"/>
    <up_axis>Z_UP</up_axis>
  </asset>
  <library_effects>
    <effect id="link6_black_fasteners-effect" name="link6_black_fasteners-effect">
      <profile_COMMON>
        <technique sid="common">
          <phong>
            <emission>
              <color>0.0 0.0 0.0 1.0</color>
            </emission>
            <ambient>
              <color>0.131804 0.150005 0.166186 1.0</color>
            </ambient>
            <diffuse>
              <color>0.131804 0.150005 0.166186 1.0</color>
            </diffuse>
            <specular>
              <color>0.61 0.61 0.61 1.0</color>
            </specular>
            <shininess>
              <float>108.8</float>
            </shininess>
            <reflective>
              <color>0.0 0.0 0.0 1.0</color>
            </reflective>
            <reflectivity>
              <float>0.0</float>
            </reflectivity>
            <transparent>
              <color>0.0 0.0 0.0 1.0</color>
            </transparent>
            <transparency>
              <float>1.0</float>
            </transparency>
          </phong>
        </technique>
        <extra>
          <technique profile="GOOGLEEARTH">
            <double_sided>0</double_sided>
          </technique>
        </extra>
      </profile_COMMON>
    </effect>
    <effect id="link6_motor_housing-effect" name="link6_motor_housing-effect">
      <profile_COMMON>
        <technique sid="common">
          <phong>
            <emission>
              <color>0.0 0.0 0.0 1.0</color>
            </emission>
            <ambient>
              <color>0.166186 0.166186 0.194353 1.0</color>
            </ambient>
            <diffuse>
              <color>0.166186 0.166186 0.194353 1.0</color>
            </diffuse>
            <specular>
              <color>0.25 0.25 0.25 1.0</color>
            </specular>
            <shininess>
              <float>108.8</float>
            </shininess>
            <reflective>
              <color>0.0 0.0 0.0 1.0</color>
            </reflective>
            <reflectivity>
              <float>0.0</float>
            </reflectivity>
            <transparent>
              <color>0.0 0.0 0.0 1.0</color>
            </transparent>
            <transparency>
              <float>1.0</float>
            </transparency>
          </phong>
        </technique>
        <extra>
          <technique profile="GOOGLEEARTH">
            <double_sided>0</double_sided>
          </technique>
        </extra>
      </profile_COMMON>
    </effect>
    <effect id="link6_printed_charcoal-effect" name="link6_printed_charcoal-effect">
      <profile_COMMON>
        <technique sid="common">
          <phong>
            <emission>
              <color>0.0 0.0 0.0 1.0</color>
            </emission>
            <ambient>
              <color>0.259833 0.269015 0.277847 1.0</color>
            </ambient>
            <diffuse>
              <color>0.259833 0.269015 0.277847 1.0</color>
            </diffuse>
            <specular>
              <color>0.25 0.25 0.25 1.0</color>
            </specular>
            <shininess>
              <float>60.8</float>
            </shininess>
            <reflective>
              <color>0.0 0.0 0.0 1.0</color>
            </reflective>
            <reflectivity>
              <float>0.0</float>
            </reflectivity>
            <transparent>
              <color>0.0 0.0 0.0 1.0</color>
            </transparent>
            <transparency>
              <float>1.0</float>
            </transparency>
          </phong>
        </technique>
        <extra>
          <technique profile="GOOGLEEARTH">
            <double_sided>0</double_sided>
          </technique>
        </extra>
      </profile_COMMON>
    </effect>
    <effect id="link6_steel_hardware-effect" name="link6_steel_hardware-effect">
      <profile_COMMON>
        <technique sid="common">
          <phong>
            <emission>
              <color>0.0 0.0 0.0 1.0</color>
            </emission>
            <ambient>
              <color>0.736647 0.749388 0.766765 1.0</color>
            </ambient>
            <diffuse>
              <color>0.736647 0.749388 0.766765 1.0</color>
            </diffuse>
            <specular>
              <color>0.7 0.7 0.7 1.0</color>
            </specular>
            <shininess>
              <float>115.2</float>
            </shininess>
            <reflective>
              <color>0.0 0.0 0.0 1.0</color>
            </reflective>
            <reflectivity>
              <float>0.0</float>
            </reflectivity>
            <transparent>
              <color>0.0 0.0 0.0 1.0</color>
            </transparent>
            <transparency>
              <float>1.0</float>
            </transparency>
          </phong>
        </technique>
        <extra>
          <technique profile="GOOGLEEARTH">
            <double_sided>0</double_sided>
          </technique>
        </extra>
      </profile_COMMON>
    </effect>
  </library_effects>
  <library_geometries>
    <geometry id="link6_black_fasteners-geometry" name="link6_black_fasteners">
      <mesh>
        <source id="link6_black_fasteners-positions">
          <float_array count="1467" id="link6_black_fasteners-positions-array">-0.0010708 0.0051001 0.0001234 -0.0009 0.0050999 0.0006145 -0.0003704 0.0050999 0.0010275 0.0001691 0.0051 0.0010677 0.00064 0.0050999 0.000881 0.0009632 0.0051 0.0004907 0.0010708 0.0051001 0.0001234 0.001039 0.0051 -0.0003248 0.0007307 0.0051 -0.0008015 0.0002872 0.0051 -0.0010459 -0.0001691 0.0051 -0.0010677 -0.0006697 0.0050999 -0.0008628 -0.0010389 0.0051 -0.0003249 -0.0010708 0.0051001 0.0001234 -0.0009 0.0050999 0.0006145 -0.0003704 0.0050999 0.0010275 0.0001691 0.0051 0.0010677 0.00064 0.0050999 0.000881 0.0009632 0.0051 0.0004907 0.0010708 0.0051001 0.0001234 0.001039 0.0051 -0.0003248 0.0007307 0.0051 -0.0008015 0.0002872 0.0051 -0.0010459 -0.0001691 0.0051 -0.0010677 -0.0006697 0.0050999 -0.0008628 -0.0010389 0.0051 -0.0003249 -0.0012973 0.0053247 0.000148 0.0013109 0.0053253 4.29e-05 0.001205 0.0053266 -0.0005083 0.0009694 0.0053242 -0.0008723 0.0005992 0.005323 -0.0011624 0.0002384 0.0053255 -0.0012793 -7.35e-05 0.005325 -0.0013027 -0.0004677 0.0053242 -0.0012173 -0.000736 0.0053255 -0.0010732 -0.0009694 0.0053242 -0.0008723 -0.0011917 0.0053259 -0.0005337 -0.0012857 0.0053241 -0.0002049 -0.0012115 0.0053246 0.0004774 -0.0010165 0.0053258 0.0008195 -0.0007652 0.0053254 0.0010533 -0.0004045 0.0053241 0.0012448 0.0001109 0.0053266 0.0013031 0.0005026 0.0053239 0.0012017 0.0008253 0.005325 0.0010107 0.0010534 0.0053253 0.0007652 0.001204 0.0053245 0.0004986 -0.0012973 0.0053247 0.000148 0.0013109 0.0053253 4.29e-05 0.001205 0.0053266 -0.0005083 0.0009694 0.0053242 -0.0008723 0.0005992 0.005323 -0.0011624 0.0002384 0.0053255 -0.0012793 -7.35e-05 0.005325 -0.0013027 -0.0004677 0.0053242 -0.0012173 -0.000736 0.0053255 -0.0010732 -0.0009694 0.0053242 -0.0008723 -0.0011917 0.0053259 -0.0005337 -0.0012857 0.0053241 -0.0002049 -0.0012115 0.0053246 0.0004774 -0.0010165 0.0053258 0.0008195 -0.0007652 0.0053254 0.0010533 -0.0004045 0.0053241 0.0012448 0.0001109 0.0053266 0.0013031 0.0005026 0.0053239 0.0012017 0.0008253 0.005325 0.0010107 0.0010534 0.0053253 0.0007652 0.001204 0.0053245 0.0004986 0.0012236 0.0131 0.0004513 0.0010255 0.0131 0.0008084 0.0006702 0.0131 0.0011232 0.0002544 0.0131 0.0012791 -0.0001533 0.0131 0.0012968 -0.0006547 0.0131 0.0011364 -0.0010241 0.0131 0.0008073 -0.0012578 0.0131 0.0003714 -0.0012877 0.0131 -0.0002561 -0.0009994 0.0131 -0.0008536 -0.0005467 0.0131 -0.0011858 0 0.0131 -0.0013144 0.00058 0.0131 -0.0011722 0.0009844 0.0131 -0.0008611 0.0012251 0.0131 -0.0004519 0.0013078 0.0131 1.55e-05 0.0012236 0.0131 0.0004513 0.0010255 0.0131 0.0008084 0.0006702 0.0131 0.0011232 0.0002544 0.0131 0.0012791 -0.0001533 0.0131 0.0012968 -0.0006547 0.0131 0.0011364 -0.0010241 0.0131 0.0008073 -0.0012578 0.0131 0.0003714 -0.0012877 0.0131 -0.0002561 -0.0009994 0.0131 -0.0008536 -0.0005467 0.0131 -0.0011858 0 0.0131 -0.0013144 0.00058 0.0131 -0.0011722 0.0009844 0.0131 -0.0008611 0.0012251 0.0131 -0.0004519 0.0013078 0.0131 1.55e-05 0.0023605 0.0131004 -0.0003937 0.0020695 0.0131008 -0.0011987 0.0014921 0.0131008 -0.001879 0.0009353 0.0131029 -0.0022123 5.92e-05 0.0131009 -0.002391 -0.0004829 0.013102 -0.0023427 -0.0010519 0.0131009 -0.0021531 -0.0017406 0.0131013 -0.0016404 -0.0020911 0.0131007 -0.0011704 -0.0023825 0.0131067 -0.0004137 -0.0023523 0.0131001 0.0004036 -0.0020485 0.0131 0.0012361 -0.0014915 0.0131 0.0018633 -0.0006209 0.0131 0.002314 0.000202 0.0131056 0.0023998 0.0008445 0.0131017 0.0022463 0.0015025 0.013101 0.0018588 0.0020171 0.0131002 0.0012932 0.0023358 0.0131 0.0004917 0.0023986 0.0141807 0.0005801 0.0021167 0.0142069 0.0011698 0.0018016 0.0141738 0.0017049 0.0014312 0.0141856 0.0019975 0.0010321 0.0141782 0.0022416 0.0005451 0.0141932 0.0023811 0.0001581 0.0141848 0.0024554 -0.0004947 0.0141912 0.0024017 -0.0010764 0.0141973 0.0021844 -0.0015288 0.0141784 0.0019368 -0.0018069 0.0141781 0.0016816 -0.0020877 0.014186 0.0012941 -0.0023689 0.0141842 0.0006784 -0.0024246 0.0142014 -2.53e-05 -0.0025779 0.0140919 0.0001359 -0.0026996 0.0139132 0.0001059 -0.0027469 0.0137419 -0.0001271 -0.0027416 0.0135456 0.0001 -0.0026932 0.0134016 -0.0001001 -0.0026052 0.0132607 -0.0001024 0.0027423 0.0135212 8.56e-05 0.0026248 0.0132872 9.51e-05 0.0024817 0.0131575 0.0002831 0.0025661 0.0140993 0.000213 0.0026343 0.0140232 -8.44e-05 0.0027321 0.0138236 -0.0001054 0.0027241 0.0138257 0.0002155 0.00266 0.0138828 0.0005414 0.0025346 0.0140216 0.0007388 0.0027066 0.0136617 0.0005136 0.0026997 0.0134526 0.0003142 0.0023561 0.0140746 0.0010899 0.0026117 0.0137552 0.0008491 0.0026332 0.0134924 0.0007324 0.0024671 0.0138704 0.0011382 0.0025743 0.0132837 0.0005101 0.0021406 0.0141127 0.0013953 0.0025109 0.0136207 0.0011398 0.0025022 0.0133417 0.0009213 0.0021541 0.0139605 0.0015941 0.0023378 0.0137585 0.0014405 0.0023309 0.0131661 0.0009209 0.0023549 0.0133371 0.0012476 0.0022756 0.0135205 0.0015261 0.0021562 0.0137554 0.0017023 0.0017993 0.0139977 0.0019487 0.0015074 0.0140733 0.0021138 0.0018683 0.0138118 0.0019988 0.001943 0.0136233 0.0019555 0.0021277 0.0132932 0.0015533 0.0020736 0.0131544 0.0013701 0.0019194 0.0134417 0.001924 0.0014147 0.013895 0.002311 0.0018111 0.0131855 0.0017689 0.0015321 0.0137284 0.0022846 0.0017497 0.0133237 0.0019977 0.0010153 0.0140114 0.002445 0.0015273 0.0135001 0.0022693 0.000592 0.0140898 0.0025122 0.001249 0.0137077 0.0024521 0.0009596 0.0138047 0.0025635 0.0013389 0.0131834 0.002146 0.0012771 0.0133516 0.0023485 0.0011071 0.0135663 0.0025148 0.0005255 0.0139144 0.0026471 0.0006424 0.0136696 0.0026841 0.0009222 0.0133737 0.0025188 0.0007361 0.0135592 0.0026462 8.48e-05 0.0140432 0.0026166 0.000786 0.0132355 0.002465 0.0002948 0.0138612 0.0027075 0.0005332 0.0133044 0.0025915 -0.0003008 0.0140707 0.0025781 -0.0001347 0.0138503 0.0027239 0.0001953 0.0134636 0.0027178 0.0001037 0.0136451 0.0027519 -0.0004183 0.0138459 0.0026967 -0.0007299 0.0140312 0.0025282 0.0001026 0.0132644 0.0026089 -0.0003186 0.0136086 0.0027329 -0.0003229 0.0134244 0.0026891 -0.0008496 0.0138355 0.002596 -0.0011062 0.0140399 0.0023814 -0.0007384 0.0136525 0.0026541 -0.0002 0.0131991 0.0025416 -0.000744 0.0134759 0.0026215 -0.0005707 0.0132049 0.0024909 -0.0014423 0.0140744 0.0021561 -0.0008554 0.0133666 0.0025446 -0.0011577 0.0136151 0.0024988 -0.0013481 0.0138553 0.0023678 -0.001664 0.0139166 0.002122 -0.0017848 0.0140462 0.0019125 -0.0015427 0.0136853 0.0022838 -0.0013553 0.0134027 0.0023345 -0.0011079 0.0132602 0.002358 -0.0010946 0.0131446 0.0022159 -0.0019216 0.0138164 0.0019508 -0.0016041 0.0134952 0.0022086 -0.0021021 0.0140172 0.0016025 -0.0018738 0.0135885 0.0020131 -0.0014039 0.013197 0.0021184 -0.0016267 0.0133201 0.0020923 -0.0018741 0.0133648 0.00192 -0.0021617 0.0137031 0.0017095 -0.0023337 0.0139508 0.0013172 -0.0022855 0.0141095 0.0011549 -0.0017251 0.0131611 0.0018086 -0.0021202 0.0134396 0.0016922 -0.0023968 0.0137939 0.0013258 -0.0022863 0.0135929 0.0015321 -0.0024911 0.0139821 0.0009432 -0.0020849 0.0132267 0.0015183 -0.0023756 0.0134474 0.0013217 -0.0024992 0.0136361 0.0011524 -0.0025691 0.013797 0.000951 -0.0025724 0.0140423 0.0004922 -0.0026544 0.0138972 0.0005288 -0.0025666 0.0135002 0.0009374 -0.0021973 0.0131489 0.0011484 -0.0024173 0.0132929 0.0010497 -0.0026503 0.0137086 0.0007444 -0.002691 0.0135359 0.0005349 -0.0025379 0.0132979 0.0007158 -0.0027326 0.013739 0.0002927 -0.0023886 0.013153 0.0006784 -0.0026733 0.0133892 0.0003116 -0.0025376 0.0131946 0.0002068 -0.0023565 0.0142016 -0.000574 -0.0020746 0.0142013 -0.0012795 -0.0014721 0.0141926 -0.0019565 -0.0009385 0.0141742 -0.0022927 -0.0005065 0.0141878 -0.0024012 -0.0001282 0.0141737 -0.0024772 0.0002966 0.0141906 -0.0024269 0.0008253 0.0141964 -0.0022973 0.0014403 0.0141975 -0.0019612 0.001678 0.0141795 -0.0018162 0.0022113 0.0141805 -0.0011043 0.0023651 0.0141945 -0.0006013 -0.0025775 0.0140746 -0.0003085 -0.0026681 0.0139035 -0.0004665 -0.0024631 0.0141064 -0.0006975 -0.0027314 0.013586 -0.0003332 -0.0024869 0.0139914 -0.0009325 -0.0022563 0.0141284 -0.0011617 -0.0026757 0.0137078 -0.0006426 -0.002564 0.0138085 -0.0009578 -0.0026631 0.0134468 -0.0005422 -0.0025826 0.0136122 -0.000952 -0.0025645 0.0132766 -0.000527 -0.0023406 0.0139326 -0.0013361 -0.0025283 0.0133752 -0.0009149 -0.0020217 0.0140798 -0.0016193 -0.0024028 0.0136839 -0.0013457 -0.0021261 0.0138874 -0.0016815 -0.0023396 0.0131576 -0.0008725 -0.0023915 0.0135026 -0.0013236 -0.0017108 0.0141375 -0.0018554 -0.0021619 0.0136777 -0.0017091 -0.002328 0.0133592 -0.0013164 -0.0017091 0.0140102 -0.0020227 -0.0021793 0.0132213 -0.0013636 -0.0021452 0.0134782 -0.0016837 -0.001793 0.013812 -0.0020714 -0.0020742 0.0133019 -0.0016318 -0.0018626 0.0136563 -0.0020293 -0.0012636 0.0140632 -0.0022756 -0.0018526 0.0134945 -0.0020062 -0.0013177 0.0138891 -0.0023682 -0.0017188 0.0133123 -0.0020173 -0.001542 0.0136224 -0.0022818 -0.0017831 0.0132058 -0.0018279 -0.0012218 0.0137808 -0.0024592 -0.000927 0.014 -0.0024852 -0.0015074 0.0134495 -0.0022593 -0.0011546 0.0135724 -0.0024943 -0.0005013 0.0140513 -0.0025641 -0.0012734 0.0133175 -0.0023262 -0.0014417 0.0131525 -0.0020231 -0.0007274 0.0138885 -0.0026107 -0.0007632 0.0136829 -0.002648 -0.000947 0.0134374 -0.0025428 -0.0001991 0.0138541 -0.0027205 -0.0001197 0.0140039 -0.0026449 -0.0009178 0.0132233 -0.0024071 -0.0006351 0.0135445 -0.0026668 -0.0003316 0.0136836 -0.0027356 -0.000519 0.0134064 -0.0026505 0.0002941 0.0140726 -0.0025768 -0.000476 0.0132258 -0.0025298 -9.82e-05 0.013586 -0.00275 0.0004343 0.0138857 -0.0026816 0.0003242 0.0138001 -0.002719 -0.0001001 0.0133986 -0.0026933 0.0007308 0.0140492 -0.0025129 -9.17e-05 0.0132131 -0.002562 0.0003235 0.013637 -0.002734 0.0003486 0.013469 -0.0027016 0.0010322 0.0140543 -0.0024016 0.0004187 0.0133443 -0.0026377 0.0007518 0.0136785 -0.0026486 0.0009409 0.0138281 -0.0025633 0.0013341 0.0141239 -0.0021638 0.0007406 0.0134926 -0.0026308 0.000478 0.0131732 -0.002475 0.0013406 0.0138796 -0.0023643 0.0010533 0.0136194 -0.0025428 0.0007208 0.0132422 -0.0024885 0.0013576 0.0136382 -0.0023957 0.0016471 0.0140069 -0.0020701 0.0010956 0.0133798 -0.0024539 0.0013204 0.0134602 -0.0023796 0.0016825 0.0138434 -0.0021465 0.0010834 0.013233 -0.0023399 0.0019417 0.0140417 -0.0017638 0.0017144 0.0136423 -0.0021552 0.00201 0.0141652 -0.0014623 0.0016584 0.0134215 -0.0021439 0.0019944 0.0138391 -0.0018612 0.0014122 0.0132349 -0.0021646 0.0022239 0.0140544 -0.0013697 0.0020188 0.0136638 -0.0018725 0.0022946 0.0139064 -0.0014358 0.0020061 0.0134745 -0.0018468 0.0017452 0.0131717 -0.0018119 0.0022863 0.0137239 -0.0015287 0.0019409 0.0132904 -0.0017739 0.0022868 0.0135609 -0.0015212 0.002471 0.0140678 -0.0008107 0.0024792 0.013782 -0.00117 0.0022261 0.0133327 -0.0014637 0.0025339 0.0139066 -0.0009379 0.0024993 0.0135904 -0.0011522 0.0020798 0.0131705 -0.0013983 0.0026037 0.0139953 -0.0005261 0.0024653 0.0141815 -0.0001228 0.0024527 0.0134007 -0.0011188 0.0026543 0.0136522 -0.0007479 0.0023437 0.0132403 -0.0010978 0.002679 0.0138208 -0.0005365 0.0025939 0.013475 -0.0008361 0.0027371 0.0136137 -0.0003203 0.0023323 0.0131557 -0.0008651 0.002491 0.0132441 -0.0007231 0.0026149 0.0133559 -0.0005622 0.0026616 0.0133649 -0.0003254 0.0025168 0.013192 -0.0003143 -0.0015451 0.0145021 -0.000266 -0.0002657 0.014636 -0.0008866 -0.0003802 0.014666 -0.0005367 -0.0007224 0.014652 -0.000287 -0.0002624 0.0145115 -0.0015328 0.0002697 0.0145179 -0.0015115 1.44e-05 0.014501 -0.0015545 0.0007163 0.0146524 -0.0002902 0.0004321 0.0146663 -0.0004825 0.0002819 0.0146482 -0.0007535 0.0015382 0.0145079 -0.0002662 -0.0018406 0.0144227 -0.000151 -0.0009965 0.0145681 -0.000821 -0.0014515 0.0144273 -0.0011141 -0.00077 0.0144244 -0.0016598 0.000997 0.0145677 -0.0008228 0.000486 0.0144256 -0.0017563 0.0011808 0.014429 -0.0013888 0.0017194 0.014431 -0.0005918 -0.001529 0.0145072 0.0002692 0.0015304 0.0145038 0.000269 0.0002776 0.0146435 0.0007887 0.0003542 0.0146646 0.000594 0.0005461 0.0146649 0.0003768 0.0008177 0.0146394 0.0002741 0.0002694 0.0145048 0.0015292 -0.0002678 0.0145032 0.0015399 -0.0007922 0.014643 0.0002771 -0.0004858 0.0146673 0.0004211 -0.0002831 0.0146487 0.0007482 -0.0014229 0.0144051 0.0012839 -0.0009636 0.0145545 0.0009555 -0.0002977 0.01441 0.0018647 0.000865 0.0143454 0.001872 0.0011547 0.0144668 0.0012633 0.0011518 0.0145687 0.0005368 0.0016483 0.0144387 0.0006718 0.0021393 0.0143171 0.0001453 -0.0015451 0.0145021 -0.000266 -0.001529 0.0145072 0.0002692 -0.0015278 0.0139 -0.0002691 -0.0015455 0.0139 0.0002602 -0.001529 0.0145072 0.0002692 -0.0015455 0.0139 0.0002602 -0.0002678 0.0145032 0.0015399 -0.0007922 0.014643 0.0002771 -0.0004858 0.0146673 0.0004211 -0.0002831 0.0146487 0.0007482 -0.0002689 0.0139 0.0015295 -0.0002823 0.0139 0.000744 -0.0004537 0.0139 0.0004598 -0.0007381 0.0139 0.0002834 -0.0015278 0.0139 -0.0002691 -0.0015455 0.0139 0.0002602 0.0002715 0.0139 -0.0008425 0.0002689 0.0139 -0.0015295 0.0003442 0.0139 -0.0006038 0.0005149 0.0139 -0.0004069 0.0007683 0.0139 -0.000279 0.0015311 0.0139 -0.0002685 0.0015382 0.0139 0.0002657 0.0007934 0.0139 0.0002758 0.0005601 0.0139 0.0003745 0.0003727 0.0139 0.000556 0.0002733 0.0139 0.000818 0.0002648 0.0139 0.0015403 -0.0002689 0.0139 0.0015295 -0.0002823 0.0139 0.000744 -0.0004537 0.0139 0.0004598 -0.0007381 0.0139 0.0002834 -0.0008146 0.0139 -0.0002735 -0.000552 0.0139 -0.0003759 -0.0003455 0.0139 -0.0006016 -0.0002718 0.0139 -0.0008389 -0.0002648 0.0139 -0.0015403 -0.0015451 0.0145021 -0.000266 -0.0002657 0.014636 -0.0008866 -0.0003802 0.014666 -0.0005367 -0.0007224 0.014652 -0.000287 -0.0002624 0.0145115 -0.0015328 -0.0015278 0.0139 -0.0002691 -0.0008146 0.0139 -0.0002735 -0.000552 0.0139 -0.0003759 -0.0003455 0.0139 -0.0006016 -0.0002718 0.0139 -0.0008389 -0.0002648 0.0139 -0.0015403 -0.0002624 0.0145115 -0.0015328 0.0002697 0.0145179 -0.0015115 1.44e-05 0.014501 -0.0015545 0.0002689 0.0139 -0.0015295 -0.0002648 0.0139 -0.0015403 0.0002697 0.0145179 -0.0015115 0.0007163 0.0146524 -0.0002902 0.0004321 0.0146663 -0.0004825 0.0002819 0.0146482 -0.0007535 0.0015382 0.0145079 -0.0002662 0.0002715 0.0139 -0.0008425 0.0002689 0.0139 -0.0015295 0.0003442 0.0139 -0.0006038 0.0005149 0.0139 -0.0004069 0.0007683 0.0139 -0.000279 0.0015311 0.0139 -0.0002685 0.0015382 0.0145079 -0.0002662 0.0015304 0.0145038 0.000269 0.0015311 0.0139 -0.0002685 0.0015382 0.0139 0.0002657 0.0015304 0.0145038 0.000269 0.0002776 0.0146435 0.0007887 0.0003542 0.0146646 0.000594 0.0005461 0.0146649 0.0003768 0.0008177 0.0146394 0.0002741 0.0002694 0.0145048 0.0015292 0.0015382 0.0139 0.0002657 0.0007934 0.0139 0.0002758 0.0005601 0.0139 0.0003745 0.0003727 0.0139 0.000556 0.0002733 0.0139 0.000818 0.0002648 0.0139 0.0015403 0.0002694 0.0145048 0.0015292 -0.0002678 0.0145032 0.0015399 0.0002648 0.0139 0.0015403 -0.0002689 0.0139 0.0015295</float_array>
          <technique_common>
            <accessor count="489" source="#link6_black_fasteners-positions-array" stride="3">
              <param type="float" name="X"/>
              <param type="float" name="Y"/>
              <param type="float" name="Z"/>
            </accessor>
          </technique_common>
        </source>
        <source id="link6_black_fasteners-normals">
          <float_array count="1467" id="link6_black_fasteners-normals-array">-0.001353 -0.999999 0.000148 -5.1e-05 -1 -3.1e-05 0.000217 -1 -0.000372 -6e-06 -1 -9e-06 -4e-06 -1 8e-06 0.00017 -1 -8.4e-05 0.000288 -1 -0.000105 -0.000291 -1 0.000276 -7.8e-05 -1 5.3e-05 3.6e-05 -1 -2.4e-05 3.3e-05 -1 -0.000141 7e-06 -1 -2.9e-05 -0.000239 -1 -1.7e-05 -0.687492 -0.722179 0.076239 -0.56363 -0.726343 0.393379 -0.235193 -0.723434 0.649097 0.101299 -0.724164 0.682148 0.408986 -0.720247 0.560335 0.613382 -0.722448 0.31911 0.687437 -0.721202 0.085429 0.67042 -0.70968 -0.216544 0.47445 -0.721054 -0.504955 0.180018 -0.721997 -0.668068 -0.111617 -0.724301 -0.68039 -0.428843 -0.725967 -0.537649 -0.656821 -0.722743 -0.215008 -0.69292 -0.717595 0.070136 0.707092 -0.706893 0.017989 0.647999 -0.706041 -0.285664 0.534715 -0.711351 -0.456135 0.328286 -0.71228 -0.620391 0.122183 -0.700952 -0.702665 -0.034375 -0.71012 -0.703241 -0.246935 -0.716673 -0.652229 -0.405016 -0.68449 -0.606165 -0.534565 -0.722836 -0.43789 -0.62744 -0.713199 -0.312516 -0.692439 -0.716343 -0.085913 -0.652177 -0.714998 0.25188 -0.549648 -0.698921 0.457599 -0.406017 -0.731128 0.548272 -0.203967 -0.697137 0.687312 0.040738 -0.709386 0.703641 0.265348 -0.710486 0.651767 0.460566 -0.696408 0.550359 0.55979 -0.714193 0.420195 0.663521 -0.702911 0.256234 -0.993907 -0.001287 0.110212 0.999786 -0.001078 0.020655 0.927777 -0.000973 -0.373135 0.737823 -0.000449 -0.674994 0.47 -0.000238 -0.882666 0.193615 -0.001229 -0.981077 -0.070149 -0.00083 -0.997536 -0.345257 -0.000319 -0.938508 -0.566312 -0.000888 -0.82419 -0.751196 -0.001316 -0.660078 -0.909061 -0.001828 -0.416659 -0.988002 -0.001261 -0.154438 -0.925846 -0.000372 0.377901 -0.784028 0.001668 0.620723 -0.580971 -0.000443 0.813924 -0.295997 -0.002804 0.955185 0.070821 -0.002275 0.997486 0.383763 -0.001908 0.92343 0.627605 -0.001659 0.77853 0.807483 -0.000378 0.589891 0.931313 -0.000327 0.364219 0.939775 0.000878 0.341793 0.78034 0.00155 0.625354 0.515571 0.002113 0.856844 0.199804 0.002057 0.979834 -0.132279 0.002801 0.991209 -0.496501 0.001971 0.868034 -0.785446 0.000205 0.61893 -0.963494 0.001799 0.267725 -0.97991 0.004023 -0.199399 -0.768602 0.003518 -0.639718 -0.418344 0.002172 -0.908286 0.00426 0.002252 -0.999988 0.433895 0.001697 -0.900962 0.7494 0.000945 -0.662117 0.938369 0.000597 -0.345635 0.999972 0.000423 0.00749 3.8e-05 -1 7.8e-05 0.000206 -1 0.000502 0.000425 -0.999999 0.001138 -0.000547 -0.999994 0.003544 0.001459 -0.999996 0.002516 -1.4e-05 -1 1.7e-05 -1e-06 -1 1.4e-05 -0.001638 -0.999998 -0.001376 -0.004486 -0.999989 0.001059 -0.000608 -1 -0.000615 -0.000335 -1 -0.000742 0.000491 -0.999999 -0.001499 0.000157 -0.999998 -0.001965 0.000542 -1 -0.000458 0.000454 -1 -0.000317 0.000165 -1 -0.000124 0.298757 -0.952752 -0.054847 0.264619 -0.953016 -0.147436 0.188513 -0.949313 -0.25153 0.127368 -0.944407 -0.303106 0.007182 -0.954032 -0.299619 -0.06384 -0.951556 -0.300775 -0.14225 -0.946975 -0.288102 -0.228406 -0.952264 -0.202542 -0.2679 -0.950836 -0.15537 -0.354594 -0.933284 -0.056958 -0.276703 -0.959995 0.042952 -0.244616 -0.95625 0.160463 -0.171304 -0.959595 0.223232 -0.081522 -0.952423 0.293673 0.038436 -0.937819 0.34499 0.113835 -0.945819 0.304085 0.186305 -0.955007 0.230763 0.241946 -0.958131 0.153122 0.275653 -0.959031 0.065388 0.513495 0.848057 0.130852 0.409302 0.88535 0.220516 0.410777 0.828708 0.380138 0.294091 0.863664 0.409384 0.23052 0.838026 0.494544 0.107281 0.878199 0.466108 0.031617 0.854545 0.518413 -0.111078 0.854587 0.507289 -0.212832 0.870978 0.442831 -0.322734 0.852646 0.410899 -0.399782 0.840946 0.364671 -0.431803 0.860217 0.271242 -0.508104 0.84802 0.150638 -0.47372 0.880672 -0.00235 -0.709759 0.703515 0.036177 -0.909219 0.415617 0.024151 -0.9889 0.140125 -0.049424 -0.983628 -0.176529 0.036231 -0.908715 -0.415304 -0.041943 -0.751112 -0.658891 -0.041151 0.97796 -0.207321 0.02474 0.797641 -0.602808 0.019788 0.567395 -0.821569 0.055567 0.716643 0.694236 0.066781 0.809923 0.585507 -0.034716 0.966687 0.253749 -0.033585 0.960118 0.270298 0.071499 0.911904 0.36931 0.178999 0.78067 0.579149 0.234822 0.983396 -0.000813 0.181472 0.929961 -0.347291 0.12067 0.671591 0.672733 0.310477 0.938772 0.161617 0.304281 0.927874 -0.266947 0.260362 0.850127 0.347545 0.395597 0.775147 -0.610215 0.163661 0.566568 0.733227 0.376004 0.906993 -0.082789 0.412929 0.803557 -0.512292 0.303073 0.693888 0.495174 0.522802 0.841107 0.162605 0.515847 0.548814 -0.807097 0.217709 0.755169 -0.522942 0.395287 0.806487 -0.225778 0.546445 0.774653 0.142178 0.616196 0.567466 0.555795 0.607515 0.434658 0.658484 0.614387 0.653261 0.258112 0.711778 0.702619 -0.056495 0.70932 0.652752 -0.586092 0.480011 0.507671 -0.795058 0.331893 0.666892 -0.360619 0.65208 0.476797 0.396781 0.784366 0.455137 -0.775049 0.438347 0.566294 0.099168 0.818216 0.53418 -0.558252 0.634828 0.317419 0.571885 0.756435 0.544939 -0.258921 0.797497 0.166698 0.684601 0.709601 0.456484 0.083437 0.88581 0.338091 0.234688 0.911381 0.335719 -0.772331 0.539256 0.408011 -0.505111 0.76052 0.394446 -0.160065 0.904871 0.173773 0.429307 0.886283 0.219959 0.031874 0.974988 0.31195 -0.452009 0.835688 0.267129 -0.211943 0.940065 0.025743 0.622593 0.782122 0.214904 -0.708855 0.671819 0.103558 0.332389 0.93744 0.155129 -0.576732 0.802069 -0.0809 0.663694 0.743617 -0.045265 0.310379 0.949535 0.070883 -0.31889 0.945138 0.032667 -0.01794 0.999305 -0.149683 0.305504 0.940352 -0.221471 0.618486 0.75394 0.033529 -0.643441 0.764761 -0.111597 -0.074268 0.990974 -0.108346 -0.401806 0.909293 -0.310575 0.286313 0.906404 -0.322323 0.619618 0.715669 -0.263001 -0.014386 0.964688 -0.057604 -0.746159 0.663271 -0.252451 -0.282366 0.925494 -0.14999 -0.719526 0.678075 -0.407226 0.667775 0.623091 -0.289118 -0.476851 0.830075 -0.418024 -0.0741 0.905409 -0.46291 0.320212 0.826546 -0.559166 0.407192 0.722169 -0.53821 0.625035 0.565386 -0.558474 0.036566 0.828716 -0.457814 -0.407946 0.789928 -0.320415 -0.650173 0.688919 -0.222157 -0.861561 0.456463 -0.679076 0.263621 0.685098 -0.564752 -0.265922 0.781243 -0.657615 0.563184 0.500366 -0.676179 -0.115621 0.727608 -0.364152 -0.748908 0.553652 -0.507241 -0.561563 0.653722 -0.613584 -0.484211 0.623742 -0.779547 0.092733 0.619441 -0.764354 0.469382 0.442089 -0.613568 0.729173 0.303052 -0.4157 -0.806615 0.420197 -0.7286 -0.358905 0.583377 -0.850422 0.215751 0.479826 -0.828691 -0.105859 0.549604 -0.790334 0.537465 0.294116 -0.580878 -0.69592 0.422228 -0.813213 -0.36183 0.455811 -0.906594 -0.041881 0.41992 -0.910939 0.227838 0.343918 -0.75673 0.636249 0.150155 -0.9088 0.374526 0.183882 -0.908245 -0.263954 0.324684 -0.509736 -0.82327 0.249791 -0.735357 -0.598352 0.318159 -0.961211 0.073494 0.265843 -0.958835 -0.206068 0.195374 -0.786887 -0.578104 0.215882 -0.986929 0.118273 0.109465 -0.528229 -0.83373 0.160833 -0.884215 -0.454927 0.105852 -0.653022 -0.755575 0.051666 -0.453413 0.883948 -0.11425 -0.411108 0.874236 -0.258266 -0.305726 0.857538 -0.413716 -0.204274 0.838793 -0.504676 -0.109741 0.861059 -0.496522 -0.024886 0.839576 -0.542672 0.063099 0.870851 -0.48748 0.168082 0.867594 -0.468005 0.266223 0.884574 -0.382955 0.373082 0.841683 -0.390357 0.475371 0.845995 -0.241484 0.498403 0.859457 -0.113698 -0.739879 0.668828 -0.07245 -0.910032 0.384129 -0.155841 -0.668534 0.719019 -0.189932 -0.986962 -0.102558 -0.124046 -0.786643 0.543296 -0.293296 -0.593081 0.750556 -0.291412 -0.971394 0.063864 -0.228724 -0.906935 0.245828 -0.342108 -0.921643 -0.338116 -0.190398 -0.933424 -0.092764 -0.346576 -0.756108 -0.637454 -0.148168 -0.778921 0.435862 -0.450895 -0.828042 -0.469381 -0.306639 -0.566886 0.683217 -0.460277 -0.866756 0.054706 -0.495723 -0.728298 0.36797 -0.578084 -0.559419 -0.801197 -0.212448 -0.847058 -0.245745 -0.471277 -0.421546 0.792361 -0.44098 -0.787006 0.033895 -0.616014 -0.755603 -0.505573 -0.416486 -0.523911 0.568393 -0.634387 -0.584027 -0.724607 -0.365865 -0.749764 -0.29456 -0.592527 -0.628953 0.258476 -0.733218 -0.632624 -0.582791 -0.51004 -0.685138 -0.016525 -0.728226 -0.370516 0.663563 -0.649924 -0.660216 -0.283741 -0.695418 -0.47039 0.381442 -0.795761 -0.533415 -0.558742 -0.635039 -0.558537 -0.033262 -0.828813 -0.471148 -0.747184 -0.468761 -0.429934 0.189814 -0.882682 -0.292533 0.556299 -0.77779 -0.519099 -0.347362 -0.780945 -0.419311 -0.154512 -0.894597 -0.148882 0.629004 -0.763013 -0.397734 -0.559579 -0.727103 -0.32319 -0.825905 -0.461984 -0.240766 0.361645 -0.900691 -0.283621 0.045128 -0.957874 -0.317645 -0.367629 -0.874043 -0.064548 0.308667 -0.948978 -0.025839 0.575821 -0.817168 -0.243932 -0.707828 -0.66293 -0.221606 -0.189115 -0.956622 -0.139583 0.025933 -0.989871 -0.164478 -0.416403 -0.894179 0.082019 0.667495 -0.740084 -0.131554 -0.706558 -0.69532 -0.025544 -0.106001 -0.994038 0.158349 0.375603 -0.913153 0.091187 0.204937 -0.974518 -0.034426 -0.437185 -0.898712 0.210603 0.629245 -0.748129 -0.027067 -0.722011 -0.691351 0.112301 -0.035458 -0.993041 0.111792 -0.293052 -0.949538 0.309375 0.631535 -0.710951 0.128897 -0.52819 -0.839286 0.261536 0.046049 -0.964095 0.335004 0.287687 -0.897223 0.346829 0.740336 -0.575858 0.260986 -0.293036 -0.919791 0.106747 -0.803718 -0.585356 0.46249 0.35786 -0.811196 0.39143 -0.062118 -0.918109 0.225227 -0.669079 -0.708241 0.500263 -0.01451 -0.865752 0.509551 0.579277 -0.636235 0.357758 -0.447421 -0.819648 0.465344 -0.340551 -0.816995 0.59011 0.28622 -0.754883 0.300493 -0.708011 -0.63908 0.585855 0.613015 -0.530082 0.620777 -0.027947 -0.783489 0.399133 0.866832 -0.298824 0.563974 -0.399602 -0.72267 0.695421 0.30185 -0.652132 0.392414 -0.691023 -0.60704 0.658678 0.642468 -0.391635 0.731041 0.00438 -0.68232 0.779485 0.39752 -0.484129 0.699952 -0.303932 -0.646291 0.430588 -0.784676 -0.445956 0.821939 0.108984 -0.559052 0.589277 -0.600974 -0.539985 0.821379 -0.182634 -0.540353 0.705498 0.66793 -0.236945 0.885904 0.203603 -0.416798 0.713477 -0.522316 -0.46705 0.857533 0.397621 -0.326396 0.897242 -0.11735 -0.425659 0.493219 -0.79791 -0.346517 0.807559 0.569514 -0.153302 0.536914 0.84254 -0.043016 0.821923 -0.421419 -0.383208 0.964505 -0.011545 -0.263812 0.654572 -0.688633 -0.311961 0.947515 0.259552 -0.186676 0.902997 -0.323846 -0.282349 0.988604 -0.085079 -0.124194 0.501896 -0.844701 -0.18596 0.710513 -0.672275 -0.207886 0.871027 -0.456987 -0.180209 0.877809 -0.466066 -0.110607 0.647434 -0.758548 -0.073714 -0.290125 0.947177 -0.13669 -0.108268 0.980799 -0.162208 -0.106399 0.988268 -0.109567 -0.14201 0.986457 -0.082075 -0.066638 0.958768 -0.276267 0.060886 0.958573 -0.278264 0.00801 0.94274 -0.333432 0.140038 0.986653 -0.083092 0.105658 0.988208 -0.110823 0.096404 0.984218 -0.148396 0.26773 0.962337 -0.047196 -0.311672 0.94964 -0.032306 -0.164379 0.977056 -0.135427 -0.241935 0.953586 -0.179278 -0.134482 0.953169 -0.270895 0.161388 0.977341 -0.136962 0.085509 0.948243 -0.305815 0.198843 0.953119 -0.22809 0.288035 0.950867 -0.113523 -0.273912 0.958357 0.080769 0.358133 0.932974 0.036064 0.197923 0.963068 0.182553 0.123733 0.981131 0.148565 0.127537 0.985702 0.110117 0.143984 0.986143 0.08241 0.070006 0.961159 0.266969 -0.082201 0.96415 0.252304 -0.152055 0.984268 0.089975 -0.112271 0.987782 0.108079 -0.090602 0.984579 0.149651 -0.229739 0.950693 0.208333 -0.152102 0.975192 0.160826 -0.056909 0.94951 0.308531 0.135026 0.943018 0.304115 0.185679 0.961236 0.203835 0.178144 0.979546 0.093562 0.278059 0.953643 0.115101 0.345049 0.938254 0.024915 0.999998 -0.001538 -0.000853 0.999201 -0.026752 -0.029702 0.999031 0.02851 0.033523 0.999986 0.002963 0.004296 0.020862 0.003841 -0.999775 0.028663 0.014009 -0.999491 0.999838 -0.000241 -0.018013 0.230791 0.008537 -0.972966 0.670495 0.008843 -0.741862 0.953245 0.002671 -0.302187 0.999853 -0.001509 -0.017052 0.960189 0.004194 -0.279321 0.718346 -0.005009 -0.695668 0.279761 -0.004134 -0.960061 0 1 0 0 1 0 -3e-06 1 1e-06 -3e-06 1 0 -3e-06 1 2e-06 -1e-06 1 0 0 1 0 0 1 0 0 1 0 0 1 0 0 1 0 -2e-06 1 -0 -2e-06 1 -0 -3e-06 1 1e-06 -4e-06 1 1e-06 -2e-06 1 -1e-06 -2e-06 1 -0 0 1 0 0 1 0 -1e-06 1 -0 -2e-06 1 -1e-06 -3e-06 1 -0 -3e-06 1 -0 0.01452 0.005266 0.999881 0.986021 0.005421 0.166531 0.809565 0.021079 0.586651 0.334181 0.021006 0.942275 0.999975 -0.003995 0.005866 0.006122 -0.004922 0.999969 0.179016 -0.009146 0.983804 0.566425 -0.01513 0.823975 0.872795 -0.004466 0.488067 0.986954 0.002273 0.160984 0.99995 -0.005967 0.008086 0.077716 -0.012548 0.996897 -0.164287 -0.028552 0.985999 -0.039867 -0.00695 0.999181 -0.057571 0.01715 0.998194 0.006767 0.020481 0.999767 -0.999935 0.006842 0.009126 -0.322793 0.013302 0.946376 -0.736459 0.018624 0.676226 -0.962504 0.01441 0.270886 -0.020134 0.004474 0.999787 -0.989966 -0.005997 0.141178 -0.999992 0.001071 0.003796 -0.874568 -0.013901 0.484704 -0.614609 -0.012182 0.788738 -0.232356 -0.005427 0.972616 -0.01379 -0.003563 0.999899 -0.999997 -0.001511 -0.001811 -0.999808 -0.012847 -0.014768 -0.999842 0.011739 0.013333 -1 0.000442 0.000421 -0.010596 0.001729 -0.999942 -0.977349 -0.000591 -0.211634 -0.852958 0.005289 -0.521953 -0.572303 0.008261 -0.82 -0.195219 0.004211 -0.980751 -0.99992 0.006326 -0.010953 -0.013564 0.005352 -0.999894 -0.203203 3e-05 -0.979137 -0.550476 -0.007543 -0.834817 -0.83563 -0.006434 -0.549255 -0.983434 -0.001057 -0.181261 -0.999903 0.007345 -0.011819 -0.019966 -0.018321 -0.999633 -0.001465 -0.001985 -0.999997 0.00162 0.000738 -0.999998 0.020235 0.017175 -0.999648</float_array>
          <technique_common>
            <accessor count="489" source="#link6_black_fasteners-normals-array" stride="3">
              <param type="float" name="X"/>
              <param type="float" name="Y"/>
              <param type="float" name="Z"/>
            </accessor>
          </technique_common>
        </source>
        <vertices id="link6_black_fasteners-positions-vertices">
          <input semantic="POSITION" source="#link6_black_fasteners-positions"/>
        </vertices>
        <triangles count="752" material="link6_black_fasteners-binding">
          <input offset="0" semantic="VERTEX" source="#link6_black_fasteners-positions-vertices"/>
          <input offset="1" semantic="NORMAL" source="#link6_black_fasteners-normals"/>
          <p>9 9 5 5 4 4 11 11 4 4 3 3 11 11 3 3 1 1 11 11 1 1 12 12 11 11 10 10 9 9 11 11 9 9 4 4 1 1 3 3 2 2 9 9 8 8 7 7 9 9 7 7 6 6 9 9 6 6 5 5 12 12 1 1 0 0 42 42 15 15 16 16 38 38 13 13 14 14 40 40 14 14 15 15 40 40 39 39 14 14 41 41 40 40 15 15 42 42 41 41 15 15 43 43 42 42 16 16 46 46 45 45 18 18 44 44 43 43 17 17 45 45 44 44 17 17 45 45 17 17 18 18 38 38 26 26 13 13 46 46 18 18 19 19 19 19 27 27 46 46 43 43 16 16 17 17 25 25 37 37 36 36 14 14 39 39 38 38 25 25 13 13 26 26 25 25 26 26 37 37 20 20 28 28 27 27 20 20 27 27 19 19 29 29 28 28 20 20 29 29 20 20 21 21 30 30 21 21 22 22 31 31 30 30 22 22 32 32 31 31 22 22 30 30 29 29 21 21 33 33 32 32 23 23 33 33 23 23 24 24 34 34 33 33 24 24 35 35 34 34 24 24 35 35 24 24 25 25 36 36 35 35 25 25 32 32 22 22 23 23 54 54 78 78 79 79 57 57 58 58 76 76 57 57 76 76 77 77 56 56 57 57 77 77 55 55 77 77 78 78 55 55 56 56 77 77 54 54 55 55 78 78 53 53 54 54 79 79 48 48 82 82 83 83 52 52 79 79 80 80 51 51 52 52 80 80 51 51 80 80 81 81 49 49 50 50 81 81 49 49 81 81 82 82 48 48 49 49 82 82 58 58 47 47 76 76 52 52 53 53 79 79 47 47 75 75 76 76 50 50 51 51 81 81 59 59 60 60 75 75 47 47 59 59 75 75 48 48 83 83 68 68 67 67 68 68 69 69 66 66 67 67 69 69 65 65 66 66 69 69 65 65 69 69 70 70 64 64 65 65 70 70 64 64 70 70 71 71 67 67 48 48 68 68 63 63 71 71 72 72 62 62 63 63 72 72 62 62 72 72 73 73 61 61 62 62 73 73 60 60 61 61 73 73 60 60 73 73 74 74 63 63 64 64 71 71 60 60 74 74 75 75 314 314 311 311 308 308 317 317 310 310 316 316 317 317 313 313 310 310 318 318 314 314 254 254 315 315 105 105 309 309 104 104 105 105 315 315 319 319 313 313 317 317 320 320 316 316 312 312 319 319 315 315 313 313 321 321 311 311 314 314 322 322 318 318 254 254 323 323 316 316 320 320 316 316 310 310 312 312 324 324 315 315 319 319 320 320 312 312 311 311 315 315 309 309 313 313 310 310 306 306 302 302 313 313 309 309 307 307 307 307 301 301 305 305 308 308 252 252 253 253 307 307 304 304 301 301 307 307 305 305 306 306 308 308 303 303 252 252 309 309 304 304 307 307 311 311 303 303 308 308 312 312 310 310 302 302 311 311 302 302 303 303 323 323 317 317 316 316 312 312 302 302 311 311 105 105 106 106 304 304 105 105 304 304 309 309 313 313 307 307 310 310 314 314 253 253 254 254 314 314 308 308 253 253 310 310 307 307 306 306 321 321 320 320 311 311 327 327 324 324 319 319 322 322 254 254 255 255 333 333 324 324 327 327 335 335 325 325 332 332 335 335 328 328 325 325 334 334 329 329 256 256 103 103 324 324 333 333 334 334 256 256 336 336 337 337 328 328 335 335 338 338 332 332 329 329 338 338 329 329 334 334 336 336 256 256 257 257 339 339 330 330 331 331 337 337 331 331 328 328 339 339 333 333 330 330 340 340 334 334 336 336 306 306 305 305 300 300 333 333 327 327 330 330 318 318 321 321 314 314 331 331 330 330 326 326 256 256 329 329 322 322 104 104 315 315 324 324 319 319 317 317 323 323 326 326 320 320 321 321 325 325 321 321 318 318 325 325 318 318 322 322 324 324 103 103 104 104 326 326 323 323 320 320 325 325 326 326 321 321 327 327 319 319 323 323 328 328 326 326 325 325 330 330 323 323 326 326 329 329 325 325 322 322 256 256 322 322 255 255 331 331 326 326 328 328 332 332 325 325 329 329 330 330 327 327 323 323 303 303 302 302 296 296 289 289 284 284 282 282 305 305 301 301 300 300 280 280 274 274 272 272 283 283 274 274 280 280 282 282 279 279 276 276 284 284 279 279 282 282 283 283 278 278 274 274 280 280 277 277 249 249 284 284 281 281 279 279 285 285 278 278 283 283 108 108 275 275 281 281 286 286 280 280 249 249 287 287 282 282 278 278 287 287 278 278 285 285 288 288 280 280 286 286 286 286 249 249 250 250 337 337 339 339 331 331 282 282 273 273 278 278 289 289 282 282 287 287 282 282 276 276 273 273 281 281 271 271 279 279 272 272 270 270 264 264 271 271 269 269 267 267 273 273 268 268 266 266 274 274 270 270 272 272 275 275 269 269 271 271 276 276 268 268 273 273 275 275 109 109 269 269 276 276 271 271 268 268 277 277 248 248 249 249 277 277 272 272 248 248 278 278 270 270 274 274 275 275 108 108 109 109 279 279 271 271 276 276 278 278 273 273 270 270 280 280 272 272 277 277 281 281 275 275 271 271 306 306 300 300 302 302 291 291 281 281 284 284 288 288 283 283 280 280 297 297 294 294 295 295 299 299 293 293 296 296 298 298 106 106 107 107 300 300 292 292 299 299 298 298 289 289 297 297 300 300 295 295 292 292 301 301 297 297 295 295 300 300 301 301 295 295 302 302 299 299 296 296 252 252 296 296 251 251 304 304 298 298 297 297 303 303 296 296 252 252 304 304 297 297 301 301 106 106 298 298 304 304 302 302 300 300 299 299 299 299 292 292 293 293 290 290 285 285 283 283 295 295 294 294 290 290 298 298 291 291 289 289 107 107 281 281 291 291 107 107 108 108 281 281 291 291 284 284 289 289 292 292 283 283 288 288 290 290 287 287 285 285 292 292 290 290 283 283 293 293 286 286 250 250 294 294 287 287 290 290 294 294 289 289 287 287 293 293 288 288 286 286 292 292 288 288 293 293 298 298 107 107 291 291 295 295 290 290 292 292 296 296 250 250 251 251 296 296 293 293 250 250 297 297 289 289 294 294 341 341 332 332 338 338 360 360 352 352 357 357 339 339 103 103 333 333 384 384 254 254 383 383 384 384 383 383 372 372 384 384 256 256 255 255 382 382 374 374 377 377 384 384 257 257 256 256 385 385 384 384 382 382 385 385 257 257 384 384 385 385 258 258 257 257 385 385 382 382 377 377 385 385 404 404 258 258 385 385 377 377 404 404 378 378 132 132 131 131 378 378 386 386 367 367 386 386 378 378 131 131 397 397 386 386 131 131 384 384 372 372 382 382 397 397 131 131 130 130 384 384 255 255 254 254 383 383 254 254 253 253 380 380 249 249 248 248 381 381 249 249 380 380 381 381 380 380 379 379 381 381 379 379 368 368 381 381 250 250 249 249 381 381 368 368 371 371 381 381 251 251 250 250 371 371 251 251 381 381 371 371 252 252 251 251 371 371 253 253 252 252 382 382 372 372 376 376 382 382 376 376 375 375 383 383 373 373 372 372 383 383 253 253 371 371 383 383 371 371 373 373 382 382 375 375 374 374 368 368 379 379 369 369 397 397 130 130 129 129 398 398 394 394 386 386 402 402 387 387 391 391 400 400 123 123 122 122 401 401 392 392 400 400 402 402 389 389 401 401 401 401 122 122 121 121 401 401 400 400 122 122 403 403 387 387 402 402 403 403 402 402 401 401 120 120 401 401 121 121 403 403 377 377 387 387 403 403 401 401 120 120 403 403 120 120 119 119 404 404 403 403 119 119 404 404 377 377 403 403 404 404 119 119 355 355 402 402 391 391 390 390 397 397 129 129 128 128 402 402 390 390 389 389 401 401 389 389 392 392 397 397 128 128 127 127 398 398 396 396 395 395 398 398 386 386 397 397 398 398 395 395 394 394 398 398 393 393 396 396 399 399 397 397 127 127 399 399 398 398 397 397 399 399 127 127 126 126 399 399 393 393 398 398 399 399 126 126 125 125 399 399 392 392 393 393 392 392 125 125 124 124 392 392 399 399 125 125 389 389 388 388 392 392 400 400 392 392 124 124 400 400 124 124 123 123 341 341 335 335 332 332 380 380 248 248 378 378 378 378 248 248 247 247 348 348 257 257 258 258 350 350 346 346 343 343 352 352 345 345 349 349 352 352 347 347 345 345 351 351 349 349 342 342 353 353 344 344 346 346 353 353 346 346 350 350 352 352 350 350 347 347 355 355 348 348 258 258 356 356 350 350 352 352 357 357 349 349 351 351 354 354 351 351 348 348 101 101 344 344 353 353 101 101 102 102 344 344 354 354 348 348 355 355 351 351 342 342 348 348 357 357 352 352 349 349 349 349 345 345 342 342 348 348 342 342 340 340 102 102 103 103 339 339 342 342 334 334 340 340 343 343 335 335 341 341 343 343 337 337 335 335 342 342 338 338 334 334 257 257 340 340 336 336 344 344 339 339 337 337 345 345 338 338 342 342 345 345 341 341 338 338 346 346 337 337 343 343 346 346 344 344 337 337 344 344 102 102 339 339 347 347 343 343 341 341 347 347 341 341 345 345 348 348 340 340 257 257 350 350 343 343 347 347 380 380 378 378 379 379 358 358 350 350 356 356 359 359 357 357 351 351 361 361 144 144 139 139 100 100 362 362 363 363 365 365 361 361 139 139 366 366 363 363 364 364 365 365 139 139 140 140 366 366 100 100 363 363 365 365 366 366 364 364 366 366 365 365 140 140 366 366 140 140 141 141 100 100 366 366 141 141 247 247 132 132 378 378 355 355 258 258 404 404 379 379 367 367 370 370 379 379 370 370 369 369 378 378 367 367 379 379 365 365 364 364 357 357 359 359 351 351 354 354 365 365 357 357 361 361 362 362 358 358 363 363 273 273 266 266 270 270 143 143 355 355 142 142 143 143 354 354 355 355 358 358 353 353 350 350 360 360 356 356 352 352 101 101 353 353 358 358 144 144 354 354 143 143 363 363 358 358 356 356 363 363 356 356 360 360 361 361 357 357 359 359 144 144 359 359 354 354 362 362 101 101 358 358 364 364 360 360 357 357 362 362 100 100 101 101 144 144 361 361 359 359 364 364 363 363 360 360 272 272 264 264 248 248 267 267 138 138 137 137 271 271 267 267 268 268 123 123 165 165 122 122 174 174 168 168 170 170 175 175 165 165 123 123 172 172 169 169 168 168 173 173 167 167 166 166 174 174 172 172 168 168 176 176 167 167 173 173 175 175 171 171 165 165 117 117 169 169 172 172 176 176 170 170 167 167 177 177 123 123 124 124 178 178 173 173 171 171 177 177 175 175 123 123 172 172 116 116 117 117 174 174 170 170 176 176 173 173 166 166 171 171 179 179 171 171 175 175 171 171 166 166 164 164 170 170 168 168 162 162 162 162 161 161 156 156 162 162 159 159 163 163 165 165 121 121 122 122 160 160 117 117 118 118 161 161 160 160 157 157 165 165 164 164 121 121 166 166 158 158 164 164 167 167 162 162 163 163 166 166 163 163 158 158 168 168 161 161 162 162 169 169 161 161 168 168 169 169 160 160 161 161 170 170 162 162 167 167 167 167 163 163 166 166 169 169 117 117 160 160 171 171 164 164 165 165 164 164 158 158 121 121 178 178 176 176 173 173 180 180 172 172 174 174 189 189 183 183 177 177 188 188 180 180 181 181 115 115 180 180 188 188 190 190 185 185 186 186 191 191 125 125 126 126 192 192 189 189 187 187 191 191 187 187 125 125 193 193 186 186 184 184 194 194 184 184 189 189 188 188 185 185 190 190 193 193 190 190 186 186 192 192 187 187 191 191 193 193 184 184 194 194 194 194 189 189 192 192 195 195 192 192 191 191 189 189 177 177 187 187 179 179 178 178 171 171 189 189 184 184 183 183 188 188 181 181 185 185 182 182 176 176 178 178 181 181 174 174 176 176 181 181 176 176 182 182 270 270 266 266 263 263 116 116 172 172 180 180 181 181 180 180 174 174 183 183 175 175 177 177 184 184 182 182 179 179 183 183 179 179 175 175 185 185 181 181 182 182 186 186 182 182 184 184 184 184 179 179 183 183 125 125 177 177 124 124 180 180 115 115 116 116 187 187 177 177 125 125 185 185 182 182 186 186 196 196 191 191 126 126 160 160 118 118 141 141 162 162 156 156 159 159 102 102 97 97 96 96 103 103 102 102 96 96 111 111 91 91 90 90 110 110 91 91 111 111 103 103 96 96 95 95 104 104 103 103 95 95 109 109 92 92 91 91 109 109 91 91 110 110 105 105 104 104 95 95 106 106 105 105 95 95 106 106 95 95 94 94 108 108 92 92 109 109 108 108 93 93 92 92 106 106 94 94 93 93 107 107 106 106 93 93 111 111 90 90 112 112 107 107 93 93 108 108 112 112 90 90 89 89 97 97 101 101 98 98 86 86 85 85 116 116 85 85 117 117 116 116 86 86 116 116 115 115 84 84 117 117 85 85 87 87 86 86 115 115 84 84 118 118 117 117 87 87 115 115 114 114 99 99 118 118 84 84 99 99 100 100 118 118 88 88 87 87 114 114 88 88 114 114 113 113 98 98 100 100 99 99 89 89 88 88 113 113 98 98 101 101 100 100 89 89 113 113 112 112 97 97 102 102 101 101 163 163 159 159 158 158 119 119 142 142 355 355 145 145 144 144 143 143 154 154 141 141 140 140 152 152 154 154 149 149 156 156 151 151 153 153 156 156 152 152 151 151 158 158 150 150 155 155 158 158 153 153 150 150 157 157 154 154 152 152 121 121 155 155 120 120 159 159 153 153 158 158 157 157 152 152 156 156 160 160 154 154 157 157 159 159 156 156 153 153 121 121 158 158 155 155 160 160 141 141 154 154 161 161 157 157 156 156 141 141 118 118 100 100 145 145 143 143 142 142 152 152 148 148 151 151 153 153 151 151 147 147 146 146 145 145 142 142 147 147 142 142 119 119 139 139 144 144 145 145 146 146 142 142 147 147 148 148 145 145 146 146 148 148 139 139 145 145 150 150 119 119 120 120 150 150 147 147 119 119 140 140 139 139 149 149 149 149 139 139 148 148 151 151 146 146 147 147 151 151 148 148 146 146 153 153 147 147 150 150 154 154 140 140 149 149 152 152 149 149 148 148 155 155 150 150 120 120 197 197 190 190 193 193 182 182 178 178 179 179 198 198 194 194 192 192 239 239 232 232 237 237 240 240 234 234 236 236 237 237 233 233 240 240 238 238 231 231 239 239 134 134 235 235 133 133 242 242 239 239 237 237 238 238 111 111 231 231 241 241 237 237 240 240 134 134 236 236 235 235 241 241 240 240 243 243 241 241 242 242 237 237 243 243 236 236 134 134 114 114 188 188 190 190 109 109 138 138 269 269 243 243 240 240 236 236 240 240 233 233 234 234 239 239 231 231 232 232 133 133 131 131 132 132 230 230 228 228 224 224 230 230 225 225 131 131 232 232 227 227 229 229 233 233 229 229 228 228 234 234 228 228 230 230 226 226 111 111 112 112 232 232 229 229 233 233 232 232 231 231 227 227 234 234 233 233 228 228 235 235 230 230 131 131 236 236 230 230 235 235 133 133 235 235 131 131 111 111 226 226 231 231 237 237 232 232 233 233 236 236 234 234 230 230 243 243 134 134 135 135 244 244 239 239 242 242 244 244 238 238 239 239 136 136 241 241 243 243 262 262 136 136 135 135 262 262 135 135 260 260 263 263 260 260 261 261 264 264 247 247 248 248 264 264 261 261 247 247 137 137 136 136 262 262 265 265 262 262 260 260 266 266 260 260 263 263 263 263 261 261 264 264 267 267 137 137 262 262 266 266 265 265 260 260 267 267 262 262 265 265 268 268 267 267 265 265 268 268 265 265 266 266 109 109 246 246 138 138 260 260 259 259 261 261 231 231 222 222 227 227 261 261 259 259 247 247 260 260 134 134 133 133 136 136 243 243 135 135 244 244 111 111 238 238 244 244 110 110 111 111 245 245 242 242 241 241 245 245 241 241 136 136 245 245 136 136 137 137 246 246 242 242 245 245 246 246 244 244 242 242 245 245 137 137 138 138 246 246 245 245 138 138 110 110 244 244 246 246 110 110 246 246 109 109 259 259 133 133 132 132 259 259 132 132 247 247 260 260 133 133 259 259 135 135 134 134 260 260 269 269 138 138 267 267 231 231 226 226 222 222 229 229 223 223 228 228 203 203 113 113 114 114 207 207 199 199 204 204 208 208 202 202 200 200 209 209 200 200 201 201 128 128 206 206 127 127 207 207 205 205 199 199 206 206 201 201 127 127 113 113 203 203 205 205 208 208 204 204 202 202 209 209 208 208 200 200 207 207 204 204 208 208 210 210 209 209 206 206 211 211 206 206 128 128 212 212 208 208 209 209 209 209 201 201 206 206 205 205 203 203 199 199 203 203 114 114 197 197 200 200 196 196 201 201 114 114 115 115 188 188 196 196 195 195 191 191 198 198 193 193 194 194 197 197 114 114 190 190 199 199 193 193 198 198 195 195 198 198 192 192 200 200 195 195 196 196 201 201 126 126 127 127 201 201 196 196 126 126 199 199 197 197 193 193 202 202 195 195 200 200 203 203 197 197 199 199 202 202 198 198 195 195 204 204 199 199 198 198 204 204 198 198 202 202 213 213 207 207 208 208 212 212 209 209 210 210 210 210 206 206 211 211 129 129 211 211 128 128 222 222 221 221 217 217 225 225 218 218 130 130 223 223 219 219 216 216 223 223 216 216 218 218 224 224 218 218 225 225 112 112 215 215 220 220 226 226 220 220 221 221 227 227 219 219 223 223 225 225 130 130 131 131 227 227 222 222 219 219 228 228 223 223 218 218 228 228 218 218 224 224 226 226 112 112 220 220 222 222 226 226 221 221 229 229 227 227 223 223 215 215 112 112 113 113 230 230 224 224 225 225 221 221 220 220 213 213 220 220 215 215 214 214 214 214 205 205 207 207 214 214 207 207 213 213 213 213 208 208 212 212 215 215 205 205 214 214 216 216 212 212 210 210 215 215 113 113 205 205 216 216 210 210 211 211 218 218 211 211 129 129 217 217 213 213 212 212 219 219 212 212 216 216 220 220 214 214 213 213 218 218 216 216 211 211 218 218 129 129 130 130 221 221 213 213 217 217 219 219 217 217 212 212 222 222 217 217 219 219 270 270 263 263 264 264 408 408 405 405 406 406 407 407 405 405 408 408 417 417 418 418 413 413 418 418 412 412 413 413 416 416 411 411 415 415 416 416 414 414 411 411 416 416 417 417 413 413 416 416 413 413 414 414 410 410 409 409 418 418 418 418 409 409 412 412 423 423 440 440 439 439 436 436 437 437 420 420 421 421 422 422 441 441 437 437 419 419 420 420 427 427 426 426 425 425 427 427 425 425 428 428 432 432 434 434 433 433 432 432 431 431 434 434 431 431 430 430 434 434 428 428 425 425 429 429 429 429 425 425 424 424 430 430 435 435 434 434 429 429 424 424 430 430 430 430 424 424 438 438 430 430 438 438 435 435 424 424 439 439 438 438 424 424 423 423 439 439 435 435 438 438 436 436 436 436 438 438 437 437 423 423 421 421 440 440 421 421 441 441 440 440 452 452 446 446 443 443 452 452 443 443 451 451 449 449 444 444 445 445 448 448 445 445 442 442 448 448 442 442 447 447 449 449 450 450 444 444 450 450 443 443 444 444 450 450 451 451 443 443 448 448 449 449 445 445 456 456 454 454 455 455 457 457 455 455 453 453 456 456 455 455 457 457 465 465 466 466 460 460 465 465 460 460 461 461 463 463 465 465 461 461 467 467 462 462 459 459 468 468 462 462 467 467 466 466 467 467 459 459 463 463 461 461 458 458 463 463 458 458 464 464 466 466 459 459 460 460 472 472 469 469 471 471 472 472 470 470 469 469 484 484 478 478 483 483 483 483 478 478 474 474 481 481 482 482 476 476 480 480 481 481 476 476 482 482 475 475 476 476 482 482 483 483 474 474 482 482 474 474 475 475 480 480 477 477 473 473 480 480 476 476 477 477 480 480 473 473 479 479 487 487 486 486 485 485 488 488 486 486 487 487</p>
        </triangles>
      </mesh>
    </geometry>
    <geometry id="link6_motor_housing-geometry" name="link6_motor_housing">
      <mesh>
        <source id="link6_motor_housing-positions">
          <float_array count="4845" id="link6_motor_housing-positions-array">-0.0008283 0.0118002 -0.0077567 -0.0024256 0.0117999 -0.0074446 -0.0046214 0.0117999 -0.0063208 -0.0063586 0.0117999 -0.0045695 -0.0074645 0.0118 -0.0023652 -0.0078298 0.0118 7.41e-05 -0.0074176 0.0118 0.0025079 -0.0062184 0.0117999 0.0047666 -0.0046083 0.0118 0.0063126 -0.0027016 0.0118 0.0073492 -0.000205 0.0117984 0.007816 0.0002115 0.0117986 0.0078112 0.0027017 0.0118 0.0073492 0.0046085 0.0118 0.0063125 0.0062186 0.0117999 0.0047664 0.0074178 0.0118 0.0025074 0.0078299 0.0118 7.35e-05 0.0074643 0.0118 -0.002366 0.0063582 0.0117999 -0.00457 0.0046208 0.0117999 -0.0063213 0.0024229 0.0118 -0.0074456 0.0008268 0.0118 -0.007756 0.0005302 0.0117998 -0.0077857 -0.0005294 0.0117994 -0.0077867 0.0007732 0.0118 -0.0057594 0.000555 0.0118 -0.005414 0.0001892 0.0118 -0.0052116 -0.0001878 0.0118 -0.005218 -0.0005525 0.0118 -0.0054023 -0.0008204 0.0118 -0.0059354 -0.0006609 0.0118 -0.0064678 -0.0003102 0.0118 -0.006749 6.31e-05 0.0118 -0.0068017 0.0003947 0.0118 -0.0067049 0.0007603 0.0118 -0.0063149 0.0056052 0.0118 0.0007049 0.0052564 0.0118 0.0003428 0.0052103 0.0118 -0.0001792 0.0054007 0.0118 -0.0005405 0.0057402 0.0118 -0.000767 0.0061165 0.0118 -0.0007964 0.0064678 0.0118 -0.000661 0.0067288 0.0118 -0.0003467 0.0068068 0.0118 2.19e-05 0.0067215 0.0118 0.0003569 0.0064841 0.0118 0.0006492 0.0060422 0.0118 0.0008118 -0.0007732 0.0118 0.0057594 -0.0005758 0.0118 0.0054377 -0.0002597 0.0118 0.005233 0.0002209 0.0118 0.0052166 0.0006375 0.0118 0.0054975 0.0007934 0.0118 0.0058647 0.0007732 0.0118 0.0062406 0.0004643 0.0118 0.0066761 -0.0001175 0.0118 0.0068078 -0.0005155 0.0118 0.0066181 -0.0007731 0.0118 0.0062621 -0.0059681 0.0118 -0.0008111 -0.0055791 0.0118 -0.0006868 -0.0052563 0.0118 -0.0003428 -0.0052065 0.0118 0.0001478 -0.0053655 0.0118 0.0005002 -0.0056905 0.0118 0.0007473 -0.0060536 0.0118 0.0008031 -0.0064431 0.0118 0.0006815 -0.0067288 0.0118 0.0003468 -0.0068078 0.0118 -0.0001175 -0.0065086 0.0118 -0.0006452 -0.0033219 0.0117966 0.0027104 -0.00155 0.0118 -0.004095 6.32e-05 0.011793 -0.0042321 0.0040627 0.011794 0.0011688 -0.0001103 0.0091 0.0028066 -0.0009433 0.0091 0.0026475 -0.0019788 0.0091002 0.0020287 -0.0027472 0.0091002 0.0006958 -0.0027278 0.0091001 -0.0007336 -0.0022858 0.0091 -0.0016266 -0.0016825 0.0091001 -0.0022592 -0.0006899 0.0091001 -0.0027311 0.0004411 0.0091001 -0.0027846 0.0016942 0.0091002 -0.0022718 0.0025248 0.0091001 -0.0012491 0.0027945 0.0091 -0.0002992 0.0027311 0.0091001 0.0006899 0.0022593 0.0091001 0.0016825 0.0015353 0.0091 0.0023541 0.0007327 0.0091 0.0027133 0.0001218 0.0095081 -0.0037202 -0.0002328 0.0094224 -0.0036944 -5.49e-05 0.0091863 -0.0035265 3.01e-05 0.0091027 -0.0033009 -6.93e-05 0.0094293 0.0037051 0.0003274 0.0094512 0.003694 0.000723 0.0094568 0.0036413 0.0011673 0.0094949 0.0035297 0.0015896 0.0094606 0.0033577 0.002083 0.0094386 0.0030683 0.0025466 0.0094634 0.0027053 0.0029362 0.0094776 0.0022785 0.0032595 0.0094788 0.0017881 0.0034792 0.0094171 0.001268 0.0036504 0.0094575 0.0006908 0.0037158 0.0094785 0.000118 0.0036905 0.009489 -0.0004523 0.003568 0.0094568 -0.0010248 0.0034151 0.009427 -0.0014324 0.0032332 0.0094169 -0.0018066 0.0028391 0.0094682 -0.0024027 0.0021679 0.0094782 -0.0030256 0.0016001 0.0095092 -0.0033603 0.0006745 0.0095204 -0.0036614 1.05e-05 0.0091673 0.0034954 0.0004108 0.0093156 -0.0036232 0.0010559 0.009377 -0.0035334 0.0008805 0.0091575 -0.0033657 0.0010766 0.0091042 -0.0031467 0.0014571 0.0092841 -0.0033202 0.0019184 0.0093355 -0.0031205 0.0018454 0.0091711 -0.0029668 0.0022464 0.0091044 -0.0024848 0.0024782 0.0093445 -0.0026959 0.0023201 0.0091631 -0.0026031 0.0028342 0.0092799 -0.0022446 0.0029386 0.0091827 -0.0019385 0.0029131 0.0091077 -0.0016508 0.0033311 0.0091841 -0.0011489 0.0035336 0.0092588 -0.0007133 0.0033026 0.0091027 -0.0004633 0.003658 0.0093459 -0.000174 0.0035037 0.0091735 -3.35e-05 0.0036279 0.0093262 0.0004407 0.003484 0.009212 0.0006948 0.0032016 0.0091041 0.0009347 0.003242 0.0091725 0.0013334 0.0031489 0.0093353 0.0018682 0.0028211 0.009159 0.0020427 0.0026301 0.0093124 0.0025259 0.0023798 0.009106 0.0023449 0.0024467 0.0092074 0.0025637 0.0019857 0.0092315 0.0029694 0.0017844 0.0091361 0.0029234 0.0016089 0.0092872 0.0032496 0.0008809 0.0091041 0.0032242 0.0011041 0.0091763 0.003325 0.0009932 0.0093261 0.0035127 0.0004471 0.0092368 0.0035508 -0.0012735 0.0094436 -0.0034863 -0.0025449 0.0094778 -0.0027086 -0.002945 0.0094951 -0.0022727 -0.0032403 0.0094725 -0.0018173 -0.0034984 0.0094802 -0.0012584 -0.0036492 0.009463 -0.0006972 -0.0037136 0.0094648 -0.0001163 -0.0036863 0.0094618 0.000462 -0.0035734 0.0094574 0.0010048 -0.0033924 0.0095148 0.0015361 -0.0030824 0.0094516 0.002068 -0.0026422 0.0095062 0.002625 -0.0015559 0.0094879 0.0033774 -0.0011502 0.0094968 0.0035357 -0.000506 0.0095305 0.0036889 -0.0005754 0.0092424 0.0035411 -0.0007634 0.0094408 0.0036285 -0.0002662 0.009111 0.0033706 -0.001359 0.0093024 0.003376 -0.0011546 0.0091115 0.0031803 -0.0018255 0.0092168 0.0030539 -0.002034 0.0094393 0.0031023 -0.0016984 0.0091348 0.002974 -0.0022899 0.0093318 0.0028519 -0.0021289 0.0091094 0.0026178 -0.0026388 0.009279 0.0024847 -0.0027507 0.0091526 0.0021026 -0.0030317 0.0092399 0.0019104 -0.0033808 0.0093527 0.0014299 -0.0029764 0.0091092 0.0015607 -0.0034083 0.0092326 0.0010851 -0.0032501 0.0091069 0.0008488 -0.0035981 0.0092971 0.0004977 -0.0034801 0.0091634 0.000211 -0.0036278 0.0092997 -0.0002805 -0.0032586 0.0091026 -0.0006477 -0.0034309 0.0091604 -0.0005733 -0.0034788 0.0092945 -0.0010414 -0.0031706 0.0091267 -0.0012646 -0.0032709 0.0092567 -0.0015153 -0.0030377 0.0093231 -0.0020212 -0.0028376 0.0091836 -0.0020836 -0.0023839 0.0091049 -0.0023405 -0.0025989 0.0092483 -0.0024881 -0.0022442 0.0094311 -0.0029527 -0.0019122 0.0091844 -0.0029566 -0.0018201 0.0094086 -0.0032224 -0.001648 0.0091036 -0.0028802 -0.0011536 0.009231 -0.0033829 -0.001047 0.0091076 -0.0031897 -0.0007184 0.0094045 -0.0036292 -0.0005352 0.0091518 -0.00342 8e-06 0.0114469 -0.0038317 -6.94e-05 0.0114309 0.0038307 -0.0007514 0.0114828 0.0037696 -0.0013226 0.0114437 0.0035994 -0.0018479 0.0114385 0.0033558 -0.002241 0.0113953 0.0030948 -0.002553 0.0114718 0.0028678 -0.0028014 0.0114103 0.0026097 -0.003088 0.0113741 0.0022467 -0.0033345 0.0114265 0.0018869 -0.0035984 0.0114287 0.0013102 -0.0037592 0.0114417 0.000754 -0.0038369 0.0114708 0.0001697 -0.003808 0.0114431 -0.0004475 -0.003656 0.0114349 -0.0011679 -0.0033607 0.0114259 -0.0018343 -0.0030245 0.0114286 -0.0023525 -0.0025293 0.0113932 -0.0028757 -0.0018513 0.0113773 -0.0033444 -0.0012162 0.0114491 -0.0036429 -0.0004875 0.011388 -0.003793 -0.000163 0.0115702 0.0038905 -0.000176 0.0116984 0.0040206 -4.2e-05 0.0117938 0.0042258 -2.94e-05 0.0115828 -0.0039089 -1.94e-05 0.0117062 -0.004029 -0.0012026 0.011701 0.0038351 -0.0011494 0.0117925 0.0040407 -0.0013549 0.0116047 0.0036763 -0.0020465 0.0116399 0.00338 -0.0020674 0.0117964 0.0037165 -0.0020874 0.0117432 0.0035117 -0.0027206 0.0117224 0.0029808 -0.0030439 0.0115548 0.0024142 -0.0031687 0.0117262 0.0025167 -0.0034765 0.0116078 0.0018119 -0.0036294 0.011742 0.0018715 -0.0037548 0.0115927 0.0010823 -0.0038688 0.0117055 0.0010969 -0.0040969 0.0117944 0.0010568 -0.0039886 0.0117078 0.0004557 -0.0042641 0.0117981 -0.000176 -0.0039085 0.0116032 -0.0001555 -0.0041046 0.0117573 -0.000241 -0.0039111 0.0116799 -0.0007608 -0.0037183 0.0116579 -0.0013472 -0.0039089 0.0117954 -0.0017164 -0.0033525 0.0115886 -0.0020175 -0.003593 0.0117406 -0.0019196 -0.0031889 0.0117387 -0.0025229 -0.0027971 0.0116075 -0.0027503 -0.0027592 0.0117834 -0.0031247 -0.0022079 0.0116236 -0.0032479 -0.0015423 0.0115847 -0.0035916 -0.0021157 0.0117812 -0.0035898 -0.0017122 0.0117037 -0.0036373 -0.0011657 0.0117918 -0.0040667 -0.0009834 0.0117332 -0.00395 -0.0007931 0.0116188 -0.0038463 0.0004465 0.0114335 -0.0038067 0.0010955 0.0114903 -0.003691 0.001291 0.0114073 -0.0036017 0.0018597 0.0114418 -0.0033529 0.0023574 0.0114311 -0.0030175 0.0027939 0.0114326 -0.0026195 0.003123 0.0114608 -0.0022204 0.0033499 0.0113911 -0.0018445 0.0036834 0.0114676 -0.0010735 0.0037705 0.0113746 -0.0006061 0.0038404 0.0114553 -4.92e-05 0.00376 0.0114281 0.000737 0.0036076 0.0114272 0.0012832 0.0033534 0.0114098 0.0018473 0.0030996 0.0114147 0.0022384 0.0028283 0.0114057 0.0025794 0.0023553 0.0113914 0.0030129 0.0018932 0.0114439 0.0033346 0.0013556 0.0114406 0.0035864 0.0007671 0.0114452 0.0037571 0.0004323 0.0114372 0.0038051 0.0006571 0.0117549 -0.0040532 0.0008926 0.0116284 -0.0038409 0.0013994 0.0117252 -0.0038019 0.0016778 0.0117939 -0.0038801 0.0020686 0.0116648 -0.0033986 0.002148 0.0115337 -0.0032229 0.0022743 0.0117674 -0.0034644 0.0026994 0.0116786 -0.0029317 0.0029469 0.0116001 -0.0025818 0.0031096 0.0117384 -0.0026322 0.0029573 0.0117965 -0.0030617 0.0037514 0.0117931 -0.0019568 0.003474 0.0116807 -0.0019634 0.0034808 0.011507 -0.001654 0.0037745 0.0117385 -0.0015296 0.0039055 0.0117153 -0.0010032 0.0038666 0.0115726 -0.0004752 0.0042297 0.0117974 -0.0005447 0.003973 0.0116721 -0.0003232 0.0041399 0.0117692 -8.82e-05 0.0038568 0.0115536 0.0004474 0.0040149 0.01172 0.0004495 0.0037661 0.0115932 0.0010441 0.0037906 0.0116829 0.0012583 0.0037038 0.0117385 0.0016918 0.0034169 0.0115777 0.0018781 0.0035653 0.0117853 0.0022384 0.0031471 0.0115866 0.0023163 0.0032493 0.0117033 0.0023707 0.0026908 0.0116484 0.002888 0.0029211 0.0117932 0.0030303 0.0021836 0.0115524 0.0032119 0.0021482 0.0116858 0.0033712 0.0021165 0.0117916 0.0036496 0.0017253 0.0117412 0.0036923 0.0013893 0.0116224 0.0036772 0.0006573 0.0115932 0.0038592 0.0009474 0.0117281 0.0039421 0.0011222 0.0117961 0.0040994 0.0002115 0.0117986 0.0078112 0.0027017 0.0118 0.0073492 0.0046085 0.0118 0.0063125 0.0062186 0.0117999 0.0047664 0.0074178 0.0118 0.0025074 0.0078299 0.0118 7.35e-05 0.0074643 0.0118 -0.002366 0.0063582 0.0117999 -0.00457 0.0046208 0.0117999 -0.0063213 0.0024229 0.0118 -0.0074456 0.0008268 0.0118 -0.007756 0.0008513 0.0120068 -0.0079735 0.0080019 0.0120016 -0.0003037 0.0078561 0.0119974 -0.0015292 0.0075307 0.0120015 -0.0027224 0.007018 0.0119974 -0.0038477 0.006367 0.0119993 -0.0048529 0.005544 0.0119993 -0.0057753 0.004589 0.0119993 -0.0065598 0.0035245 0.0119993 -0.0071881 0.0023758 0.0119993 -0.007645 0.0002 0.012 0.0079975 0.0011706 0.0119995 0.0079195 0.0026474 0.0119957 0.0075619 0.0040107 0.0119993 0.0069286 0.0050321 0.0119994 0.0062266 0.0059154 0.0120017 0.0053941 0.0066687 0.0119998 0.0044289 0.0072721 0.0119997 0.0033472 0.0077014 0.0119996 0.0021855 0.0079463 0.0119995 0.0009715 0.0008513 0.0120068 -0.0079735 0.0080019 0.0120016 -0.0003037 0.0078561 0.0119974 -0.0015292 0.0075307 0.0120015 -0.0027224 0.007018 0.0119974 -0.0038477 0.006367 0.0119993 -0.0048529 0.005544 0.0119993 -0.0057753 0.004589 0.0119993 -0.0065598 0.0035245 0.0119993 -0.0071881 0.0023758 0.0119993 -0.007645 0.0002 0.012 0.0079975 0.0011706 0.0119995 0.0079195 0.0026474 0.0119957 0.0075619 0.0040107 0.0119993 0.0069286 0.0050321 0.0119994 0.0062266 0.0059154 0.0120017 0.0053941 0.0066687 0.0119998 0.0044289 0.0072721 0.0119997 0.0033472 0.0077014 0.0119996 0.0021855 0.0079463 0.0119995 0.0009715 0.0008466 0.0145 -0.0079551 0.0017073 0.0145002 -0.0078212 0.0028906 0.0145003 -0.0074653 0.0040048 0.0145004 -0.0069317 0.005024 0.0145005 -0.0062328 0.0059234 0.0145006 -0.0053853 0.0066816 0.0145006 -0.0044095 0.0074072 0.0145012 -0.0030623 0.0078599 0.0144985 -0.0015313 0.0079979 0.0145025 -0.0003008 0.0079552 0.0145007 0.0008973 0.0077215 0.0145007 0.0021141 0.0073029 0.0145007 0.0032801 0.0067093 0.0145007 0.0043678 0.0059696 0.0144983 0.0053342 0.0050883 0.0145002 0.0061804 0.004074 0.0145003 0.0068913 0.0026437 0.0144971 0.0075708 0.0010968 0.0145007 0.0079302 0.0002 0.0145 0.0079975 0.0002115 0.0117986 0.0078112 0.0002 0.012 0.0079975 0.0002 0.0145 0.0079975 0.000205 0.0147016 0.007816 -0.000205 0.0117984 0.007816 0.0002115 0.0117986 0.0078112 0.000205 0.0147016 0.007816 -0.0001995 0.0147 0.0077993 -0.000205 0.0117984 0.007816 -0.0001995 0.0147 0.0077993 -0.0002 0.0145 0.0079975 -0.0002 0.012 0.0079975 -0.0002 0.0145 0.0079975 -0.0002 0.012 0.0079975 -0.0008496 0.0119995 -0.0079665 -0.0008539 0.0144934 -0.007973 -0.0023058 0.0119997 -0.0076661 -0.0034581 0.0119996 -0.00722 -0.004528 0.0119996 -0.0066019 -0.0054899 0.0119995 -0.0058266 -0.0063213 0.0119994 -0.004912 -0.0070019 0.0119994 -0.0038809 -0.0075306 0.0120015 -0.0027224 -0.0078649 0.0119994 -0.0014935 -0.0079979 0.0119975 -0.0003007 -0.0079551 0.0119993 0.0008974 -0.0077215 0.0119993 0.002114 -0.0073028 0.0119993 0.0032801 -0.0067092 0.0119993 0.0043678 -0.0059442 0.0120039 0.0053655 -0.0050624 0.0119977 0.0061992 -0.004074 0.0119997 0.0068913 -0.0026941 0.0119993 0.0075489 -0.001132 0.0120016 0.0079273 -0.0011034 0.0145022 0.0079272 -0.0023201 0.0144983 0.0076642 -0.0034666 0.0145024 0.0072139 -0.0045105 0.0145003 0.0066138 -0.005692 0.0145008 0.0056433 -0.0066731 0.0145005 0.0044225 -0.0072752 0.0145005 0.0033406 -0.0077033 0.0145005 0.0021789 -0.0079471 0.0145006 0.0009654 -0.0080017 0.0144984 -0.0003082 -0.0078496 0.0145006 -0.0015723 -0.0075249 0.0145025 -0.0027262 -0.0070361 0.0145007 -0.0038186 -0.0063651 0.0145007 -0.0048554 -0.0055421 0.0145007 -0.0057771 -0.0045874 0.0145007 -0.0065609 -0.0035234 0.0145006 -0.0071886 -0.0023754 0.0145006 -0.0076451 -0.0001995 0.0147 0.0077993 -0.0002 0.0145 0.0079975 -0.0008539 0.0144934 -0.007973 -0.0011034 0.0145022 0.0079272 -0.0023201 0.0144983 0.0076642 -0.0034666 0.0145024 0.0072139 -0.0045105 0.0145003 0.0066138 -0.005692 0.0145008 0.0056433 -0.0066731 0.0145005 0.0044225 -0.0072752 0.0145005 0.0033406 -0.0077033 0.0145005 0.0021789 -0.0079471 0.0145006 0.0009654 -0.0080017 0.0144984 -0.0003082 -0.0078496 0.0145006 -0.0015723 -0.0075249 0.0145025 -0.0027262 -0.0070361 0.0145007 -0.0038186 -0.0063651 0.0145007 -0.0048554 -0.0055421 0.0145007 -0.0057771 -0.0045874 0.0145007 -0.0065609 -0.0035234 0.0145006 -0.0071886 -0.0023754 0.0145006 -0.0076451 -0.001175 0.0147 0.0077165 -0.0029792 0.0147 0.0072407 -0.0050746 0.0147001 0.0059627 -0.0066708 0.0147001 0.0040996 -0.007612 0.0147 0.0018344 -0.0078061 0.0147 -0.0006098 -0.007235 0.0147 -0.0029935 -0.0059546 0.0147001 -0.005084 -0.0040897 0.0147001 -0.0066766 -0.0023833 0.0147 -0.0074329 -0.0008315 0.0147015 -0.0077658 -0.0008283 0.0118002 -0.0077567 -0.0008496 0.0119995 -0.0079665 -0.0008539 0.0144934 -0.007973 -0.0008315 0.0147015 -0.0077658 -0.0008283 0.0118002 -0.0077567 -0.0024256 0.0117999 -0.0074446 -0.0046214 0.0117999 -0.0063208 -0.0063586 0.0117999 -0.0045695 -0.0074645 0.0118 -0.0023652 -0.0078298 0.0118 7.41e-05 -0.0074176 0.0118 0.0025079 -0.0062184 0.0117999 0.0047666 -0.0046083 0.0118 0.0063126 -0.0027016 0.0118 0.0073492 -0.000205 0.0117984 0.007816 -0.0002 0.012 0.0079975 -0.0008496 0.0119995 -0.0079665 -0.0023058 0.0119997 -0.0076661 -0.0034581 0.0119996 -0.00722 -0.004528 0.0119996 -0.0066019 -0.0054899 0.0119995 -0.0058266 -0.0063213 0.0119994 -0.004912 -0.0070019 0.0119994 -0.0038809 -0.0075306 0.0120015 -0.0027224 -0.0078649 0.0119994 -0.0014935 -0.0079979 0.0119975 -0.0003007 -0.0079551 0.0119993 0.0008974 -0.0077215 0.0119993 0.002114 -0.0073028 0.0119993 0.0032801 -0.0067092 0.0119993 0.0043678 -0.0059442 0.0120039 0.0053655 -0.0050624 0.0119977 0.0061992 -0.004074 0.0119997 0.0068913 -0.0026941 0.0119993 0.0075489 -0.001132 0.0120016 0.0079273 -0.0008283 0.0118002 -0.0077567 -0.0005294 0.0117994 -0.0077867 -0.0008315 0.0147015 -0.0077658 -0.0005303 0.0147001 -0.007783 0.000205 0.0147016 0.007816 -0.0001995 0.0147 0.0077993 -0.001175 0.0147 0.0077165 -0.0029792 0.0147 0.0072407 -0.0050746 0.0147001 0.0059627 -0.0066708 0.0147001 0.0040996 -0.007612 0.0147 0.0018344 -0.0078061 0.0147 -0.0006098 -0.007235 0.0147 -0.0029935 -0.0059546 0.0147001 -0.005084 -0.0040897 0.0147001 -0.0066766 -0.0023833 0.0147 -0.0074329 -0.0008315 0.0147015 -0.0077658 -0.0005303 0.0147001 -0.007783 0.0008269 0.0147 -0.007756 0.0024229 0.0147 -0.0074456 0.0046208 0.0147001 -0.0063213 0.0063582 0.0147001 -0.0045701 0.0074643 0.0147 -0.002366 0.0078299 0.0147 7.35e-05 0.0074177 0.0147 0.0025076 0.0062186 0.0147001 0.0047664 0.0046085 0.0147 0.0063125 0.0027018 0.0147 0.0073492 0.0005295 0.0147009 -0.007791 0.0001181 0.0147 0.0030071 0.0013448 0.0146998 0.0027224 0.0024207 0.0146999 0.0018027 0.0029262 0.0147 0.0007392 0.0029612 0.0146998 -0.000672 -0.0030097 0.0146999 0.0003191 -0.0026435 0.0147 0.001442 -0.0019025 0.0146999 0.0023538 -0.000818 0.0147 0.0029002 0.0001517 0.0147 -0.0030074 -0.0010128 0.0146999 -0.002852 -0.0022842 0.0146998 -0.0020005 -0.0028889 0.0147 -0.0008496 0.0023855 0.0147 -0.0018377 0.0014121 0.0146998 -0.0026881 0.0008064 0.0147 -0.0061497 0.0005335 0.0147 -0.0066091 0.0001269 0.0147 -0.0068007 -0.00043 0.0147 -0.0067017 -0.0007912 0.0147 -0.0062006 -0.0007605 0.0147 -0.0057299 -0.0005335 0.0147 -0.0053908 -9.57e-05 0.0147 -0.0051917 0.0003376 0.0147 -0.0052677 0.0006905 0.0147 -0.0055646 0.0062993 0.0147 0.0007472 0.0066543 0.0147 0.0004882 0.0068097 0.0147 1.01e-05 0.0066665 0.0147 -0.0004714 0.0061603 0.0147 -0.0008057 0.0056328 0.0147 -0.0007207 0.0052716 0.0147 -0.0003711 0.0052038 0.0147 0.0001584 0.005484 0.0147 0.0006376 0.0059585 0.0147 0.0008061 -0.0006392 0.0147 0.0065039 -0.0002203 0.0147 0.0067813 0.0001787 0.0147 0.0067848 0.0005182 0.0147 0.0066223 0.0007399 0.0147 0.0063168 0.0008083 0.0147 0.0059044 0.0005764 0.0147 0.0054236 0.0001269 0.0147 0.0051993 -0.0002789 0.0147 0.0052435 -0.0006165 0.0147 0.0054735 -0.0008182 0.0147 0.0059679 -0.0061879 0.0147 -0.0007833 -0.0066258 0.0147 -0.0005345 -0.0068097 0.0147 -1.01e-05 -0.0067214 0.0147 0.0003569 -0.0065001 0.0147 0.0006345 -0.0060321 0.0147 0.0008182 -0.0055511 0.0147 0.0006718 -0.0053143 0.0147 0.0004202 -0.0051976 0.0147 9.5e-05 -0.0052856 0.0147 -0.0004001 -0.0057379 0.0147 -0.0007731 -0.0005303 0.0147001 -0.007783 0.0005295 0.0147009 -0.007791 0.0005451 0.0145001 -0.0079904 -0.0005473 0.0145 -0.0079848 -0.0005294 0.0117994 -0.0077867 -0.0005303 0.0147001 -0.007783 -0.0005473 0.0145 -0.0079848 -0.0005476 0.0120011 -0.0079859 0.0005451 0.0145001 -0.0079904 -0.0005473 0.0145 -0.0079848 -0.0005476 0.0120011 -0.0079859 0.000547 0.0119983 -0.0079887 0.0005302 0.0117998 -0.0077857 -0.0005294 0.0117994 -0.0077867 -0.0005476 0.0120011 -0.0079859 0.000547 0.0119983 -0.0079887 0.0005302 0.0117998 -0.0077857 0.0005295 0.0147009 -0.007791 0.0005451 0.0145001 -0.0079904 0.000547 0.0119983 -0.0079887 0.0008268 0.0118 -0.007756 0.0005302 0.0117998 -0.0077857 0.0008269 0.0147 -0.007756 0.0005295 0.0147009 -0.007791 0.0008268 0.0118 -0.007756 0.0008513 0.0120068 -0.0079735 0.0008466 0.0145 -0.0079551 0.0008269 0.0147 -0.007756 0.0008466 0.0145 -0.0079551 0.0017073 0.0145002 -0.0078212 0.0028906 0.0145003 -0.0074653 0.0040048 0.0145004 -0.0069317 0.005024 0.0145005 -0.0062328 0.0059234 0.0145006 -0.0053853 0.0066816 0.0145006 -0.0044095 0.0074072 0.0145012 -0.0030623 0.0078599 0.0144985 -0.0015313 0.0079979 0.0145025 -0.0003008 0.0079552 0.0145007 0.0008973 0.0077215 0.0145007 0.0021141 0.0073029 0.0145007 0.0032801 0.0067093 0.0145007 0.0043678 0.0059696 0.0144983 0.0053342 0.0050883 0.0145002 0.0061804 0.004074 0.0145003 0.0068913 0.0026437 0.0144971 0.0075708 0.0010968 0.0145007 0.0079302 0.0002 0.0145 0.0079975 0.000205 0.0147016 0.007816 0.0008269 0.0147 -0.007756 0.0024229 0.0147 -0.0074456 0.0046208 0.0147001 -0.0063213 0.0063582 0.0147001 -0.0045701 0.0074643 0.0147 -0.002366 0.0078299 0.0147 7.35e-05 0.0074177 0.0147 0.0025076 0.0062186 0.0147001 0.0047664 0.0046085 0.0147 0.0063125 0.0027018 0.0147 0.0073492 0.0001181 0.0147 0.0030071 0.0013448 0.0146998 0.0027224 0.0024207 0.0146999 0.0018027 0.0029262 0.0147 0.0007392 0.0029612 0.0146998 -0.000672 -0.0030097 0.0146999 0.0003191 -0.0026435 0.0147 0.001442 -0.0019025 0.0146999 0.0023538 -0.000818 0.0147 0.0029002 0.0001517 0.0147 -0.0030074 -0.0010128 0.0146999 -0.002852 -0.0022842 0.0146998 -0.0020005 -0.0028889 0.0147 -0.0008496 0.0023855 0.0147 -0.0018377 0.0014121 0.0146998 -0.0026881 0.0028054 0.0145 -2.76e-05 0.0027214 0.0145 -0.0006819 0.0024871 0.0145 -0.0012982 0.0021153 0.0145 -0.0018429 0.0015353 0.0144999 -0.0023541 0.0008406 0.0145 -0.0026766 -1.25e-05 0.0144975 -0.0028147 -0.0009516 0.0145016 -0.0026445 -0.001831 0.0144998 -0.0021438 -0.0024565 0.0144981 -0.0013619 -0.0027259 0.0144997 -0.000664 -0.0028088 0.0144996 9.98e-05 -0.0026405 0.0144996 0.0009629 -0.0022752 0.0144997 0.0016416 -0.0016649 0.0144995 0.0022724 -0.0009652 0.0145007 0.0026313 -0.0002992 0.0144999 0.0027945 0.0003485 0.0145 0.0027802 0.001002 0.0144999 0.0026258 0.0016713 0.0145 0.0022534 0.0022264 0.0144999 0.0017153 0.0026892 0.0144998 0.0008388 0.0028054 0.0145 -2.76e-05 0.0027214 0.0145 -0.0006819 0.0024871 0.0145 -0.0012982 0.0021153 0.0145 -0.0018429 0.0015353 0.0144999 -0.0023541 0.0008406 0.0145 -0.0026766 -1.25e-05 0.0144975 -0.0028147 -0.0009516 0.0145016 -0.0026445 -0.001831 0.0144998 -0.0021438 -0.0024565 0.0144981 -0.0013619 -0.0027259 0.0144997 -0.000664 -0.0028088 0.0144996 9.98e-05 -0.0026405 0.0144996 0.0009629 -0.0022752 0.0144997 0.0016416 -0.0016649 0.0144995 0.0022724 -0.0009652 0.0145007 0.0026313 -0.0002992 0.0144999 0.0027945 0.0003485 0.0145 0.0027802 0.001002 0.0144999 0.0026258 0.0016713 0.0145 0.0022534 0.0022264 0.0144999 0.0017153 0.0026892 0.0144998 0.0008388 0.0028054 0.0131 2.76e-05 0.0026687 0.0131 0.0009021 0.0021876 0.0131 0.0017645 0.0016266 0.0131 0.0022858 0.0009433 0.0131 0.0026475 0 0.0131 0.0028148 -0.0008406 0.0131 0.0026766 -0.0015353 0.0131 0.0023541 -0.0021343 0.0131 0.001823 -0.0026005 0.0131 0.0010771 -0.0028168 0.0131 3.33e-05 -0.0026766 0.0131 -0.0008406 -0.0022206 0.0131 -0.0017507 -0.0013725 0.0131 -0.0024506 -0.0003323 0.0131 -0.0028081 0.0009021 0.0131 -0.0026686 0.0016713 0.0131 -0.0022534 0.0022984 0.0131 -0.0016287 0.0027133 0.0131 -0.0007328 0.0028054 0.0131 2.76e-05 0.0026687 0.0131 0.0009021 0.0021876 0.0131 0.0017645 0.0016266 0.0131 0.0022858 0.0009433 0.0131 0.0026475 0 0.0131 0.0028148 -0.0008406 0.0131 0.0026766 -0.0015353 0.0131 0.0023541 -0.0021343 0.0131 0.001823 -0.0026005 0.0131 0.0010771 -0.0028168 0.0131 3.33e-05 -0.0026766 0.0131 -0.0008406 -0.0022206 0.0131 -0.0017507 -0.0013725 0.0131 -0.0024506 -0.0003323 0.0131 -0.0028081 0.0009021 0.0131 -0.0026686 0.0016713 0.0131 -0.0022534 0.0022984 0.0131 -0.0016287 0.0027133 0.0131 -0.0007328 -0.0007136 0.0131 0.0019856 -0.0005915 0.0131 0.0020928 -0.0007636 0.0131 0.0010738 -0.0012486 0.0131 0.0004271 0.001278 0.0131 -0.0003072 0.0010045 0.0131 -0.0008376 0.0005187 0.0131 -0.0012093 -5.11e-05 0.0131 -0.0013048 -0.0005148 0.0131 -0.0012023 -0.0009994 0.0131 -0.0008536 -0.001283 0.0131 -0.0002719 0.0007636 0.0131 0.0010738 0.0012486 0.0131 0.0004272 0.0005797 0.0131 0.0020956 0.0007105 0.0131 0.001996 -0.0005915 0.0131 0.0020928 0.0005797 0.0131 0.0020956 -0.000614 0.0117501 0.0020869 0.000583 0.0117503 0.0020947 -0.000614 0.0117501 0.0020869 -0.0006285 0.0117002 0.0021356 0.0007667 0.0117001 0.0019766 0.0006308 0.0117003 0.0021335 0.0007098 0.0117498 0.0019953 0.000583 0.0117503 0.0020947 -0.0006285 0.0117002 0.0021356 7.06e-05 0.0117 -0.0025084 -0.0007079 0.0117 -0.0024075 -0.0015855 0.0117 -0.0019615 -0.0022029 0.0117 -0.0012017 -0.0024665 0.0117 -0.0004621 -0.0024885 0.0117 0.0003228 -0.0022273 0.0117 0.0011683 -0.0015372 0.0117 0.0019996 -0.0004619 0.0117 0.0024796 0.000517 0.0117 0.0024556 0.0012505 0.0117 0.0021757 0.0018616 0.0117 0.0016828 0.0023349 0.0117 0.000935 0.0025189 0.0117 -0.0001297 0.0022274 0.0117 -0.0011683 0.0016108 0.0117 -0.0019317 0.0008422 0.0117 -0.0023638 0.0007366 0.011723 0.001072 0.0007667 0.0117001 0.0019766 0.0006308 0.0117003 0.0021335 -0.0007662 0.0117001 0.0019781 -0.0007366 0.011723 0.001072 -0.0010977 0.0117 0.0007332 -0.0012944 0.0117 0.0001639 -0.0012752 0.0117 -0.0002903 -0.0010018 0.0117 -0.0008556 -0.0004862 0.0117 -0.0012141 0 0.0117 -0.0013069 0.0005828 0.0117 -0.0011798 0.001049 0.0117 -0.0007811 0.0012519 0.0117 -0.0003682 0.001305 0.0117 9.88e-05 0.0010978 0.0117 0.0007332 7.06e-05 0.0117 -0.0025084 -0.0007079 0.0117 -0.0024075 -0.0015855 0.0117 -0.0019615 -0.0022029 0.0117 -0.0012017 -0.0024665 0.0117 -0.0004621 -0.0024885 0.0117 0.0003228 -0.0022273 0.0117 0.0011683 -0.0015372 0.0117 0.0019996 -0.0004619 0.0117 0.0024796 0.000517 0.0117 0.0024556 0.0012505 0.0117 0.0021757 0.0018616 0.0117 0.0016828 0.0023349 0.0117 0.000935 0.0025189 0.0117 -0.0001297 0.0022274 0.0117 -0.0011683 0.0016108 0.0117 -0.0019317 0.0008422 0.0117 -0.0023638 8.13e-05 0.0094018 0.0025081 -0.0009017 0.0094003 0.0023554 -0.0017238 0.0094001 0.0018236 -0.0021486 0.0094 0.0012878 -0.0024226 0.0094001 0.0006543 -0.0025008 0.0094003 -0.0003269 -0.0021756 0.0094001 -0.0012504 -0.0016828 0.0094001 -0.0018615 -0.0010251 0.0094001 -0.0022904 -7.74e-05 0.0093979 -0.0025209 0.0008773 0.0094003 -0.0023511 0.0017197 0.0094006 -0.001845 0.0022357 0.0094002 -0.00113 0.0024631 0.0094003 -0.0004804 0.0024967 0.0094002 0.0002047 0.0023199 0.0094004 0.0009717 0.0017045 0.0094006 0.0018591 0.0008598 0.0094003 0.0023576 8.13e-05 0.0094018 0.0025081 -0.0009017 0.0094003 0.0023554 -0.0017238 0.0094001 0.0018236 -0.0021486 0.0094 0.0012878 -0.0024226 0.0094001 0.0006543 -0.0025008 0.0094003 -0.0003269 -0.0021756 0.0094001 -0.0012504 -0.0016828 0.0094001 -0.0018615 -0.0010251 0.0094001 -0.0022904 -7.74e-05 0.0093979 -0.0025209 -0.0001103 0.0091 0.0028066 -0.0009433 0.0091 0.0026475 -0.0019788 0.0091002 0.0020287 -0.0027472 0.0091002 0.0006958 -0.0027278 0.0091001 -0.0007336 -0.0022858 0.0091 -0.0016266 -0.0016825 0.0091001 -0.0022592 -0.0006899 0.0091001 -0.0027311 0.0004411 0.0091001 -0.0027846 0.0016942 0.0091002 -0.0022718 0.0025248 0.0091001 -0.0012491 0.0027945 0.0091 -0.0002992 0.0027311 0.0091001 0.0006899 0.0022593 0.0091001 0.0016825 0.0015353 0.0091 0.0023541 0.0007327 0.0091 0.0027133 0.0008773 0.0094003 -0.0023511 0.0017197 0.0094006 -0.001845 0.0022357 0.0094002 -0.00113 0.0024631 0.0094003 -0.0004804 0.0024967 0.0094002 0.0002047 0.0023199 0.0094004 0.0009717 0.0017045 0.0094006 0.0018591 0.0008598 0.0094003 0.0023576 -0.0007636 0.0131 0.0010738 -0.0012486 0.0131 0.0004271 0.001278 0.0131 -0.0003072 0.0010045 0.0131 -0.0008376 0.0005187 0.0131 -0.0012093 -5.11e-05 0.0131 -0.0013048 -0.0005148 0.0131 -0.0012023 -0.0009994 0.0131 -0.0008536 -0.001283 0.0131 -0.0002719 0.0007636 0.0131 0.0010738 0.0012486 0.0131 0.0004272 0.0007366 0.011723 0.001072 -0.0007366 0.011723 0.001072 -0.0010977 0.0117 0.0007332 -0.0012944 0.0117 0.0001639 -0.0012752 0.0117 -0.0002903 -0.0010018 0.0117 -0.0008556 -0.0004862 0.0117 -0.0012141 0 0.0117 -0.0013069 0.0005828 0.0117 -0.0011798 0.001049 0.0117 -0.0007811 0.0012519 0.0117 -0.0003682 0.001305 0.0117 9.88e-05 0.0010978 0.0117 0.0007332 -0.000614 0.0117501 0.0020869 -0.0006285 0.0117002 0.0021356 -0.0007662 0.0117001 0.0019781 -0.0007366 0.011723 0.001072 -0.000717 0.0117509 0.0019687 -0.0007136 0.0131 0.0019856 -0.0005915 0.0131 0.0020928 -0.000614 0.0117501 0.0020869 -0.000717 0.0117509 0.0019687 -0.0007136 0.0131 0.0019856 -0.0007636 0.0131 0.0010738 -0.0007366 0.011723 0.001072 -0.000717 0.0117509 0.0019687 0.0007636 0.0131 0.0010738 0.0007105 0.0131 0.001996 0.0007366 0.011723 0.001072 0.0007098 0.0117498 0.0019953 0.0005797 0.0131 0.0020956 0.0007105 0.0131 0.001996 0.0007098 0.0117498 0.0019953 0.000583 0.0117503 0.0020947 0.0007732 0.0118 -0.0057594 0.000555 0.0118 -0.005414 0.0001892 0.0118 -0.0052116 -0.0001878 0.0118 -0.005218 -0.0005525 0.0118 -0.0054023 -0.0008204 0.0118 -0.0059354 -0.0006609 0.0118 -0.0064678 -0.0003102 0.0118 -0.006749 6.31e-05 0.0118 -0.0068017 0.0003947 0.0118 -0.0067049 0.0007603 0.0118 -0.0063149 0.0008064 0.0147 -0.0061497 0.0005335 0.0147 -0.0066091 0.0001269 0.0147 -0.0068007 -0.00043 0.0147 -0.0067017 -0.0007912 0.0147 -0.0062006 -0.0007605 0.0147 -0.0057299 -0.0005335 0.0147 -0.0053908 -9.57e-05 0.0147 -0.0051917 0.0003376 0.0147 -0.0052677 0.0006905 0.0147 -0.0055646 0.0056052 0.0118 0.0007049 0.0052564 0.0118 0.0003428 0.0052103 0.0118 -0.0001792 0.0054007 0.0118 -0.0005405 0.0057402 0.0118 -0.000767 0.0061165 0.0118 -0.0007964 0.0064678 0.0118 -0.000661 0.0067288 0.0118 -0.0003467 0.0068068 0.0118 2.19e-05 0.0067215 0.0118 0.0003569 0.0064841 0.0118 0.0006492 0.0060422 0.0118 0.0008118 0.0062993 0.0147 0.0007472 0.0066543 0.0147 0.0004882 0.0068097 0.0147 1.01e-05 0.0066665 0.0147 -0.0004714 0.0061603 0.0147 -0.0008057 0.0056328 0.0147 -0.0007207 0.0052716 0.0147 -0.0003711 0.0052038 0.0147 0.0001584 0.005484 0.0147 0.0006376 0.0059585 0.0147 0.0008061 -0.0007732 0.0118 0.0057594 -0.0005758 0.0118 0.0054377 -0.0002597 0.0118 0.005233 0.0002209 0.0118 0.0052166 0.0006375 0.0118 0.0054975 0.0007934 0.0118 0.0058647 0.0007732 0.0118 0.0062406 0.0004643 0.0118 0.0066761 -0.0001175 0.0118 0.0068078 -0.0005155 0.0118 0.0066181 -0.0007731 0.0118 0.0062621 -0.0006392 0.0147 0.0065039 -0.0002203 0.0147 0.0067813 0.0001787 0.0147 0.0067848 0.0005182 0.0147 0.0066223 0.0007399 0.0147 0.0063168 0.0008083 0.0147 0.0059044 0.0005764 0.0147 0.0054236 0.0001269 0.0147 0.0051993 -0.0002789 0.0147 0.0052435 -0.0006165 0.0147 0.0054735 -0.0008182 0.0147 0.0059679 -0.0059681 0.0118 -0.0008111 -0.0055791 0.0118 -0.0006868 -0.0052563 0.0118 -0.0003428 -0.0052065 0.0118 0.0001478 -0.0053655 0.0118 0.0005002 -0.0056905 0.0118 0.0007473 -0.0060536 0.0118 0.0008031 -0.0064431 0.0118 0.0006815 -0.0067288 0.0118 0.0003468 -0.0068078 0.0118 -0.0001175 -0.0065086 0.0118 -0.0006452 -0.0061879 0.0147 -0.0007833 -0.0066258 0.0147 -0.0005345 -0.0068097 0.0147 -1.01e-05 -0.0067214 0.0147 0.0003569 -0.0065001 0.0147 0.0006345 -0.0060321 0.0147 0.0008182 -0.0055511 0.0147 0.0006718 -0.0053143 0.0147 0.0004202 -0.0051976 0.0147 9.5e-05 -0.0052856 0.0147 -0.0004001 -0.0057379 0.0147 -0.0007731 0.0040627 0.011794 0.0011688 0.0035653 0.0117853 0.0022384 0.0029211 0.0117932 0.0030303 0.0007366 0.011723 0.001072 0.0007667 0.0117001 0.0019766 0.0007098 0.0117498 0.0019953 0.0076083 -0.0113999 -0.0019218 0.006461 -0.0113999 -0.0044219 0.0050169 -0.0114 -0.0059925 0.0034795 -0.0114 -0.0069981 0.0014417 -0.0114 -0.0076954 -0.0006899 -0.0114 -0.0077848 -0.0027915 -0.0114 -0.0073147 -0.0049151 -0.0113999 -0.0060941 -0.0067388 -0.0113999 -0.0040208 -0.007617 -0.0114 -0.0017497 -0.007815 -0.0114 7.69e-05 -0.0075811 -0.0114 0.0018991 -0.0069283 -0.0114 0.0036164 -0.0054828 -0.0113998 0.0056139 -0.0031984 -0.0114 0.0071462 -0.0005233 -0.0113999 0.0078298 0.0018992 -0.0114 0.0075811 0.0039015 -0.0113999 0.006788 0.0055804 -0.0114 0.0054717 0.0070335 -0.0113999 0.0034797 0.0077848 -0.0114 0.0008336 -0.0008083 -0.0114 -0.0060956 -0.0006627 -0.0114 -0.0064534 -0.00037 -0.0114 -0.0067263 9.5e-05 -0.0114 -0.0068023 0.0005112 -0.0114 -0.0066319 0.0007851 -0.0114 -0.0062107 0.0007693 -0.0114 -0.00575 0.0005335 -0.0114 -0.0053908 1.06e-05 -0.0114 -0.0051756 -0.0004735 -0.0114 -0.0053483 -0.0007206 -0.0114 -0.0056327 0.0059364 -0.0114 -0.0008082 0.006426 -0.0114 -0.0006949 0.0067338 -0.0114 -0.0003382 0.006806 -0.0114 0.0001057 0.0066277 -0.0114 0.0005074 0.0062125 -0.0114 0.0007922 0.0055999 -0.0114 0.0007144 0.0052663 -0.0114 0.0003383 0.0051998 -0.0114 -0.0001921 0.0055159 -0.0114 -0.0006491 0.0008083 -0.0114 0.0060636 0.0006544 -0.0114 0.0064754 0.0002527 -0.0114 0.0067775 -0.0003528 -0.0114 0.0067404 -0.000758 -0.0114 0.0063028 -0.0007813 -0.0114 0.0057797 -0.0005335 -0.0114 0.0053908 -9.57e-05 -0.0114 0.0051917 0.0003376 -0.0114 0.0052678 0.0006905 -0.0114 0.0055647 -0.0061902 -0.0114 0.0007926 -0.0066392 -0.0114 0.0005039 -0.0068026 -0.0114 8.51e-05 -0.0067226 -0.0114 -0.0003798 -0.0063586 -0.0114 -0.000726 -0.0058403 -0.0114 -0.0008031 -0.0053908 -0.0114 -0.0005335 -0.0051756 -0.0114 -1.06e-05 -0.0053778 -0.0114 0.0005182 -0.0057203 -0.0114 0.000758 0.0034741 -0.0113944 -0.0001942 -1.98e-05 -0.0113951 -0.0035018 -0.0031289 -0.011397 0.0016628 0.0080154 -0.0115999 7.89e-05 0.0077523 -0.0115998 -0.0020935 0.006726 -0.0115998 -0.0043866 0.0050413 -0.0115998 -0.0062504 0.0028631 -0.0115998 -0.0075022 0.0007076 -0.0115999 -0.0079844 -0.0014787 -0.0115997 -0.0078927 -0.0033011 -0.0116 -0.0072933 -0.0049008 -0.0115998 -0.0063611 -0.0062524 -0.0116 -0.0049997 -0.007106 -0.0115999 -0.0037091 -0.0077754 -0.0115999 -0.0019479 -0.0080153 -0.0115999 -7.88e-05 -0.0078624 -0.0116 0.0015073 -0.0074354 -0.0115999 0.0029945 -0.0065309 -0.0115999 0.0046475 -0.0052654 -0.0115999 0.0060438 -0.0037092 -0.0115999 0.0071059 -0.0022265 -0.0116 0.0076898 -0.0007075 -0.0115999 0.0079845 0.0008858 -0.0116 0.0079565 0.0026953 -0.0115998 0.0075642 0.0044015 -0.0116 0.0066871 0.0056119 -0.0115999 0.0057235 0.006793 -0.0115999 0.0042552 0.0077038 -0.0115998 0.0022657 0.007999 -0.0141005 -0.0003328 0.0079215 -0.0141008 0.0012279 0.0075176 -0.0141005 0.0027535 0.0068486 -0.0141008 0.0041659 0.0056868 -0.0141008 0.0056496 0.00395 -0.014101 0.0069918 0.0021911 -0.0141005 0.0077003 0.0006553 -0.0141008 0.0079893 -0.0015372 -0.014101 0.0078818 -0.003335 -0.0141005 0.0072782 -0.0049479 -0.014101 0.0063249 -0.0064696 -0.0141008 0.0047331 -0.0073957 -0.0141008 0.003092 -0.0079711 -0.014101 0.0009735 0.0078194 -0.0143 -0.0003945 -0.007815 -0.0143 7.69e-05 0.007617 -0.0143 0.0017497 0.0068732 -0.0143001 0.0037492 0.0055804 -0.0143 0.0054717 0.0039015 -0.0143001 0.006788 0.0018992 -0.0143 0.0075811 -0.0005233 -0.0143001 0.0078298 -0.0031984 -0.0143001 0.0071462 -0.0054828 -0.0143002 0.0056139 -0.0069283 -0.0143 0.0036164 -0.0075811 -0.0143 0.0018991 -0.007617 -0.0143 -0.0017497 -0.0068732 -0.0143001 -0.0037492 -0.0055804 -0.0143 -0.0054716 -0.0039014 -0.0143001 -0.006788 -0.0021709 -0.0143 -0.0074975 -9.26e-05 -0.0143001 -0.0078467 0.0026279 -0.0143 -0.0073751 0.0047783 -0.0143001 -0.0062021 0.006461 -0.0143001 -0.0044219 0.0074087 -0.0143 -0.0024881 0.0057203 -0.0143 0.000758 0.0053625 -0.0143 0.0005026 0.0051791 -0.0143 -3.22e-05 0.0053908 -0.0143 -0.0005335 0.0057008 -0.0143 -0.0007471 0.0061274 -0.0143 -0.0008051 0.0065655 -0.0143 -0.0005796 0.0067661 -0.0143 -0.000249 0.0067926 -0.0143 0.0001903 0.0065335 -0.0143 0.0006092 0.0061365 -0.0143 0.0007982 -0.0006216 -0.0143 0.0054691 -0.0002188 -0.0143 0.0052239 0.0001576 -0.0143 0.0052076 0.0005335 -0.0143 0.0053908 0.0007926 -0.0143 0.0058098 0.000758 -0.0143 0.0062797 0.0004549 -0.0143 0.0066809 -0.0001174 -0.0143 0.0068078 -0.0006451 -0.0143 0.0065086 -0.0008111 -0.0143 0.0059681 -0.0057791 -0.0143 -0.0007834 -0.0052983 -0.0143 -0.00043 -0.0051992 -0.0143 0.0001268 -0.0053908 -0.0143 0.0005335 -0.0058097 -0.0143 0.0007926 -0.006331 -0.0143 0.0007424 -0.0067284 -0.0143 0.0003712 -0.0067961 -0.0143 -0.0001584 -0.0065993 -0.0143 -0.0005406 -0.0062598 -0.0143 -0.000767 0.0008026 -0.0143 -0.0059149 0.0006217 -0.0143 -0.005469 0.0001584 -0.0143 -0.0052038 -0.0004315 -0.0143 -0.0052957 -0.0007732 -0.0143 -0.0057593 -0.0007865 -0.0143 -0.0061888 -0.0005525 -0.0143 -0.0065977 -0.0001265 -0.0143 -0.0067989 0.0003613 -0.0143 -0.006732 0.0007338 -0.0143 -0.0063496 0.0037022 -0.0142999 -0.0009956 0.0028466 -0.0142998 -0.0025677 0.0014642 -0.0142999 -0.003535 0 -0.0143 -0.00382 -0.0015624 -0.0142999 -0.0035008 -0.0028027 -0.0143 -0.0025909 -0.0034814 -0.0143 -0.0015582 -0.0037855 -0.0143 -0.000448 -0.0037435 -0.0143 0.0007447 -0.0031845 -0.0142999 0.0021278 -0.0022391 -0.0143 0.0030818 -0.0011804 -0.0143 0.003633 0.0004511 -0.0142999 0.003811 0.0022992 -0.0142998 0.0030833 0.0034266 -0.0142999 0.0016953 0.0037855 -0.0143 0.0004481 -0.0079214 -0.0141008 -0.0012279 -0.0073191 -0.0140954 -0.0033035 -0.005934 -0.0141058 -0.0054101 -0.0039499 -0.014101 -0.0069917 -0.0016294 -0.0140954 -0.007863 0.0002589 -0.0141 -0.0080014 0.0017945 -0.0141001 -0.0078123 0.0038454 -0.0141002 -0.0070494 0.0058356 -0.0141002 -0.0055161 0.0069691 -0.0141022 -0.0039402 0.0077207 -0.014101 -0.0022086 -0.0032776 -0.01015 8.88e-05 -0.0029776 -0.01015 0.0013327 -0.0024968 -0.01015 0.0020905 -0.0017098 -0.01015 0.0027903 -0.0006008 -0.01015 0.0032064 0.0005496 -0.01015 0.0032232 0.001593 -0.01015 0.0028446 0.0024611 -0.01015 0.0021527 0.0030479 -0.01015 0.0011631 0.0032437 -0.01015 0.0002874 0.0032064 -0.01015 -0.0006008 0.0028079 -0.01015 -0.0016753 0.002021 -0.01015 -0.0025636 0.0010096 -0.01015 -0.0031072 -0.0002568 -0.01015 -0.0032624 -0.0013649 -0.01015 -0.0029607 -0.0022845 -0.01015 -0.0023392 -0.0030058 -0.01015 -0.0012868 0.0032356 -0.0111735 -0.000382 0.0031406 -0.0111966 -0.0008826 0.0029632 -0.0112124 -0.0013733 0.00264 -0.0112055 -0.0019271 0.0022179 -0.0111679 -0.0023855 0.0019333 -0.0112 -0.0026323 0.001349 -0.0112056 -0.0029716 0.00089 -0.0112083 -0.0031412 0.0003845 -0.0111852 -0.0032373 -0.0002644 -0.0111745 -0.0032516 -0.0008799 -0.0111938 -0.0031407 -0.0013645 -0.011196 -0.002963 -0.0019084 -0.0111539 -0.0026421 -0.002391 -0.0111701 -0.0022124 -0.0026958 -0.0111934 -0.0018361 -0.0029061 -0.0112007 -0.0014875 -0.0030583 -0.0111777 -0.0011251 -0.003197 -0.0112148 -0.0006727 0.0033475 -0.0113177 1.3e-06 0.0032589 -0.0111935 0.0001325 -0.0032893 -0.0112635 0.000284 -0.0032555 -0.0111734 -0.0001286 0.0033049 -0.0113507 -0.0006846 0.0030776 -0.0113371 -0.0013875 0.0030863 -0.0113951 -0.0016878 0.0024656 -0.0113213 -0.0022745 0.0019531 -0.0113964 -0.0029397 0.0018753 -0.0113492 -0.0028099 0.0015157 -0.0113018 -0.0029558 0.0006755 -0.0113564 -0.0033276 -0.0003899 -0.0113139 -0.0033229 -0.0013175 -0.0113928 -0.0032359 -0.0012879 -0.0113319 -0.0031069 -0.0019432 -0.0112896 -0.0026885 -0.0024115 -0.0113944 -0.0025301 -0.0024042 -0.0113046 -0.0023016 -0.0027716 -0.0113451 -0.0019221 -0.0032566 -0.011398 -0.0013549 -0.0032038 -0.0113623 -0.0011711 -0.0033095 -0.0113094 -0.0003847 -0.0034577 -0.0113894 -0.0002454 -0.0032207 -0.0111709 0.0005172 -0.0030565 -0.0111692 0.0011262 -0.0028581 -0.0111915 0.0015715 -0.0026478 -0.0111935 0.0019065 -0.0023898 -0.0111798 0.0022158 -0.0020266 -0.011203 0.0025583 -0.0016084 -0.0112203 0.0028447 -0.0008784 -0.0111752 0.003147 1.46e-05 -0.0111939 0.0032652 0.000623 -0.0112225 0.0032087 0.0012511 -0.0111951 0.003017 0.0018192 -0.0112024 0.0027096 0.0022062 -0.0112122 0.0024081 0.0026456 -0.011211 0.0019214 0.0030153 -0.0111837 0.0012493 0.0031968 -0.0112263 0.0006926 -0.0033797 -0.011366 0.0004028 -0.00323 -0.0113335 0.0009011 -0.0030442 -0.0113387 0.0014215 -0.002797 -0.0113347 0.0018653 -0.002291 -0.0113235 0.0024543 -0.0022009 -0.0113915 0.0026924 -0.0016381 -0.011365 0.0029809 -0.0010391 -0.0112982 0.0031562 -0.0007077 -0.0113955 0.0034526 -0.000688 -0.0113627 0.003325 -0.0002907 -0.0112971 0.0033075 0.0004021 -0.0113277 0.0033241 0.0008169 -0.0113983 0.003436 0.0012121 -0.0113512 0.003164 0.0019338 -0.0113957 0.0029142 0.0018716 -0.0113332 0.0027888 0.0023981 -0.0113684 0.0024247 0.0028566 -0.0113844 0.0019088 0.0030993 -0.0113444 0.0013292 0.0033912 -0.0113889 0.0006803 -0.0008083 -0.0114 -0.0060956 -0.0006627 -0.0114 -0.0064534 -0.00037 -0.0114 -0.0067263 9.5e-05 -0.0114 -0.0068023 0.0005112 -0.0114 -0.0066319 0.0007851 -0.0114 -0.0062107 0.0007693 -0.0114 -0.00575 0.0005335 -0.0114 -0.0053908 1.06e-05 -0.0114 -0.0051756 -0.0004735 -0.0114 -0.0053483 -0.0007206 -0.0114 -0.0056327 0.0008026 -0.0143 -0.0059149 0.0006217 -0.0143 -0.005469 0.0001584 -0.0143 -0.0052038 -0.0004315 -0.0143 -0.0052957 -0.0007732 -0.0143 -0.0057593 -0.0007865 -0.0143 -0.0061888 -0.0005525 -0.0143 -0.0065977 -0.0001265 -0.0143 -0.0067989 0.0003613 -0.0143 -0.006732 0.0007338 -0.0143 -0.0063496 0.0059364 -0.0114 -0.0008082 0.006426 -0.0114 -0.0006949 0.0067338 -0.0114 -0.0003382 0.006806 -0.0114 0.0001057 0.0066277 -0.0114 0.0005074 0.0062125 -0.0114 0.0007922 0.0055999 -0.0114 0.0007144 0.0052663 -0.0114 0.0003383 0.0051998 -0.0114 -0.0001921 0.0055159 -0.0114 -0.0006491 0.0057203 -0.0143 0.000758 0.0053625 -0.0143 0.0005026 0.0051791 -0.0143 -3.22e-05 0.0053908 -0.0143 -0.0005335 0.0057008 -0.0143 -0.0007471 0.0061274 -0.0143 -0.0008051 0.0065655 -0.0143 -0.0005796 0.0067661 -0.0143 -0.000249 0.0067926 -0.0143 0.0001903 0.0065335 -0.0143 0.0006092 0.0061365 -0.0143 0.0007982 0.0008083 -0.0114 0.0060636 0.0006544 -0.0114 0.0064754 0.0002527 -0.0114 0.0067775 -0.0003528 -0.0114 0.0067404 -0.000758 -0.0114 0.0063028 -0.0007813 -0.0114 0.0057797 -0.0005335 -0.0114 0.0053908 -9.57e-05 -0.0114 0.0051917 0.0003376 -0.0114 0.0052678 0.0006905 -0.0114 0.0055647 -0.0006216 -0.0143 0.0054691 -0.0002188 -0.0143 0.0052239 0.0001576 -0.0143 0.0052076 0.0005335 -0.0143 0.0053908 0.0007926 -0.0143 0.0058098 0.000758 -0.0143 0.0062797 0.0004549 -0.0143 0.0066809 -0.0001174 -0.0143 0.0068078 -0.0006451 -0.0143 0.0065086 -0.0008111 -0.0143 0.0059681 -0.0061902 -0.0114 0.0007926 -0.0066392 -0.0114 0.0005039 -0.0068026 -0.0114 8.51e-05 -0.0067226 -0.0114 -0.0003798 -0.0063586 -0.0114 -0.000726 -0.0058403 -0.0114 -0.0008031 -0.0053908 -0.0114 -0.0005335 -0.0051756 -0.0114 -1.06e-05 -0.0053778 -0.0114 0.0005182 -0.0057203 -0.0114 0.000758 -0.0057791 -0.0143 -0.0007834 -0.0052983 -0.0143 -0.00043 -0.0051992 -0.0143 0.0001268 -0.0053908 -0.0143 0.0005335 -0.0058097 -0.0143 0.0007926 -0.006331 -0.0143 0.0007424 -0.0067284 -0.0143 0.0003712 -0.0067961 -0.0143 -0.0001584 -0.0065993 -0.0143 -0.0005406 -0.0062598 -0.0143 -0.000767 0.0037022 -0.0142999 -0.0009956 0.0028466 -0.0142998 -0.0025677 0.0014642 -0.0142999 -0.003535 0 -0.0143 -0.00382 -0.0015624 -0.0142999 -0.0035008 -0.0028027 -0.0143 -0.0025909 -0.0034814 -0.0143 -0.0015582 -0.0037855 -0.0143 -0.000448 -0.0037435 -0.0143 0.0007447 -0.0031845 -0.0142999 0.0021278 -0.0022391 -0.0143 0.0030818 -0.0011804 -0.0143 0.003633 0.0004511 -0.0142999 0.003811 0.0022992 -0.0142998 0.0030833 0.0034266 -0.0142999 0.0016953 0.0037855 -0.0143 0.0004481 0.0036096 -0.0140994 -0.0002985 -0.0036127 -0.0141027 -0.000297 -0.0034799 -0.0140976 0.0009653 -0.0029325 -0.0140997 0.0021306 -0.0019934 -0.0140976 0.0030113 -0.000834 -0.0141027 0.0035276 0.0005662 -0.0140998 0.0035744 0.0016059 -0.0140999 0.0032299 0.0025543 -0.0141027 0.0025721 0.0032731 -0.0140976 0.001526 0.0035331 -0.0141009 0.0007095 0.0033243 -0.0140982 -0.0014002 0.0027519 -0.0140998 -0.0023503 0.001894 -0.0141016 -0.0030719 0.0008316 -0.0140994 -0.0035251 -0.000156 -0.014099 -0.0035992 -0.0009802 -0.0140999 -0.0034757 -0.0021204 -0.0141027 -0.0029399 -0.0029086 -0.0140983 -0.0021308 -0.0033188 -0.0141 -0.001413 0.0036096 -0.0140994 -0.0002985 -0.0036127 -0.0141027 -0.000297 -0.0034799 -0.0140976 0.0009653 -0.0029325 -0.0140997 0.0021306 -0.0019934 -0.0140976 0.0030113 -0.000834 -0.0141027 0.0035276 0.0005662 -0.0140998 0.0035744 0.0016059 -0.0140999 0.0032299 0.0025543 -0.0141027 0.0025721 0.0032731 -0.0140976 0.001526 0.0035331 -0.0141009 0.0007095 0.0033243 -0.0140982 -0.0014002 0.0027519 -0.0140998 -0.0023503 0.001894 -0.0141016 -0.0030719 0.0008316 -0.0140994 -0.0035251 -0.000156 -0.014099 -0.0035992 -0.0009802 -0.0140999 -0.0034757 -0.0021204 -0.0141027 -0.0029399 -0.0029086 -0.0140983 -0.0021308 -0.0033188 -0.0141 -0.001413 -0.0036078 -0.0118 -0.000284 -0.0033459 -0.0118 -0.0013475 -0.0028397 -0.0118 -0.0022386 -0.0021192 -0.0118 -0.002917 -0.0012883 -0.0118 -0.0033761 0 -0.0118 -0.0036249 0.0014254 -0.0118 -0.0033295 0.0024823 -0.0118 -0.002626 0.0033167 -0.0118 -0.0014802 0.0036121 -0.0118 -0.0001017 0.003499 -0.0118 0.0008766 0.003133 -0.0118 0.0018007 0.0023195 -0.0118 0.0027817 0.0012128 -0.0118 0.003404 0.0002477 -0.0118 0.0035986 -0.0007045 -0.0118 0.0035419 -0.001894 -0.0118 0.0030908 -0.0027658 -0.0118 0.0023155 -0.0034226 -0.0118 0.0012154 -0.0036078 -0.0118 -0.000284 -0.0033459 -0.0118 -0.0013475 -0.0028397 -0.0118 -0.0022386 -0.0021192 -0.0118 -0.002917 -0.0012883 -0.0118 -0.0033761 0 -0.0118 -0.0036249 0.0014254 -0.0118 -0.0033295 0.0024823 -0.0118 -0.002626 0.0033167 -0.0118 -0.0014802 0.0036121 -0.0118 -0.0001017 0.003499 -0.0118 0.0008766 0.003133 -0.0118 0.0018007 0.0023195 -0.0118 0.0027817 0.0012128 -0.0118 0.003404 0.0002477 -0.0118 0.0035986 -0.0007045 -0.0118 0.0035419 -0.001894 -0.0118 0.0030908 -0.0027658 -0.0118 0.0023155 -0.0034226 -0.0118 0.0012154 -0.0027064 -0.0118 -0.0001063 -0.0025216 -0.0117999 -0.0010097 -0.0017251 -0.0117997 -0.0021325 -0.0003531 -0.0117999 -0.0027009 0.0011499 -0.0117996 -0.0024943 0.0023275 -0.0117998 -0.0014263 0.0027053 -0.0117999 -0.0002451 0.0026165 -0.0118 0.0007065 0.0022163 -0.0117999 0.0015705 0.0011796 -0.0117997 0.0024764 -0.0001811 -0.0117999 0.0027103 -0.0013988 -0.0117998 0.0023476 -0.0021728 -0.0118 0.0016117 -0.0025856 -0.0117999 0.0008401 -0.0027064 -0.0118 -0.0001063 -0.0025216 -0.0117999 -0.0010097 -0.0017251 -0.0117997 -0.0021325 -0.0003531 -0.0117999 -0.0027009 0.0011499 -0.0117996 -0.0024943 0.0023275 -0.0117998 -0.0014263 0.0027053 -0.0117999 -0.0002451 0.0026165 -0.0118 0.0007065 0.0022163 -0.0117999 0.0015705 0.0011796 -0.0117997 0.0024764 -0.0001811 -0.0117999 0.0027103 -0.0013988 -0.0117998 0.0023476 -0.0021728 -0.0118 0.0016117 -0.0025856 -0.0117999 0.0008401 0.002487 -0.0115976 0.0003751 0.0020941 -0.0116021 0.0014103 0.0013843 -0.0115983 0.0020912 0.0004836 -0.0116021 0.002478 -0.0004893 -0.0115999 0.0024597 -0.0012017 -0.0115999 0.0022029 -0.0019141 -0.0115998 0.0016348 -0.0023565 -0.0115983 0.0008579 -0.0024966 -0.0115997 0.0002048 -0.0024631 -0.0115997 -0.0004804 -0.0021028 -0.0115994 -0.0013927 -0.0012256 -0.0116021 -0.0022072 0 -0.0115995 -0.0025275 0.0010251 -0.0115999 -0.0022904 0.0016155 -0.0115987 -0.0019144 0.0021463 -0.011604 -0.0013153 0.0024576 -0.0115983 -0.0004998 0.002487 -0.0115976 0.0003751 0.0020941 -0.0116021 0.0014103 0.0013843 -0.0115983 0.0020912 0.0004836 -0.0116021 0.002478 -0.0004893 -0.0115999 0.0024597 -0.0012017 -0.0115999 0.0022029 -0.0019141 -0.0115998 0.0016348 -0.0023565 -0.0115983 0.0008579 -0.0024966 -0.0115997 0.0002048 0.0024714 -0.01015 0.0004916 0.0021369 -0.01015 0.0013095 0.0016108 -0.01015 0.0019317 0.000868 -0.01015 0.0023529 9.87e-05 -0.01015 0.0025092 -0.000708 -0.01015 0.0024075 -0.0015599 -0.01015 0.0019789 -0.0021227 -0.01015 0.0013299 -0.0024478 -0.01015 0.0005876 -0.0024794 -0.01015 -0.0004227 -0.0024631 -0.0115997 -0.0004804 -0.0021028 -0.0115994 -0.0013927 -0.0012256 -0.0116021 -0.0022072 0 -0.0115995 -0.0025275 0.0010251 -0.0115999 -0.0022904 0.0016155 -0.0115987 -0.0019144 0.0021463 -0.011604 -0.0013153 0.0024576 -0.0115983 -0.0004998 -0.002188 -0.01015 -0.0012254 -0.0015855 -0.01015 -0.0019615 -0.0007744 -0.01015 -0.0023835 2.97e-05 -0.01015 -0.002515 0.0010549 -0.01015 -0.0022883 0.0020286 -0.01015 -0.0015127 0.0024629 -0.01015 -0.0004898 0.0024714 -0.01015 0.0004916 0.0021369 -0.01015 0.0013095 0.0016108 -0.01015 0.0019317 0.000868 -0.01015 0.0023529 9.87e-05 -0.01015 0.0025092 -0.000708 -0.01015 0.0024075 -0.0015599 -0.01015 0.0019789 -0.0021227 -0.01015 0.0013299 -0.0024478 -0.01015 0.0005876 -0.0024794 -0.01015 -0.0004227 -0.002188 -0.01015 -0.0012254 -0.0015855 -0.01015 -0.0019615 -0.0007744 -0.01015 -0.0023835 2.97e-05 -0.01015 -0.002515 0.0010549 -0.01015 -0.0022883 0.0020286 -0.01015 -0.0015127 0.0024629 -0.01015 -0.0004898 -0.0032776 -0.01015 8.88e-05 -0.0029776 -0.01015 0.0013327 -0.0024968 -0.01015 0.0020905 -0.0017098 -0.01015 0.0027903 -0.0006008 -0.01015 0.0032064 0.0005496 -0.01015 0.0032232 0.001593 -0.01015 0.0028446 0.0024611 -0.01015 0.0021527 0.0030479 -0.01015 0.0011631 0.0032437 -0.01015 0.0002874 0.0032064 -0.01015 -0.0006008 0.0028079 -0.01015 -0.0016753 0.002021 -0.01015 -0.0025636 0.0010096 -0.01015 -0.0031072 -0.0002568 -0.01015 -0.0032624 -0.0013649 -0.01015 -0.0029607 -0.0022845 -0.01015 -0.0023392 -0.0030058 -0.01015 -0.0012868 -1.98e-05 -0.0113951 -0.0035018 0.0019531 -0.0113964 -0.0029397 0.0006755 -0.0113564 -0.0033276 -0.0029061 -0.0112007 -0.0014875 -0.0030583 -0.0111777 -0.0011251 -0.003197 -0.0112148 -0.0006727 -0.0031289 -0.011397 0.0016628 -0.0034577 -0.0113894 -0.0002454 -0.0033797 -0.011366 0.0004028 -0.0022009 -0.0113915 0.0026924 -0.0016381 -0.011365 0.0029809 -0.0007077 -0.0113955 0.0034526 0.0019338 -0.0113957 0.0029142 0.0023981 -0.0113684 0.0024247 0.0028566 -0.0113844 0.0019088 0.0028566 -0.0113844 0.0019088 0.0030993 -0.0113444 0.0013292 0.0033912 -0.0113889 0.0006803</float_array>
          <technique_common>
            <accessor count="1615" source="#link6_motor_housing-positions-array" stride="3">
              <param type="float" name="X"/>
              <param type="float" name="Y"/>
              <param type="float" name="Z"/>
            </accessor>
          </technique_common>
        </source>
        <source id="link6_motor_housing-normals">
          <float_array count="4845" id="link6_motor_housing-normals-array">-0.001015 -0.999999 0.000346 4.9e-05 -1 -4.4e-05 -0.000555 -0.999996 -0.00283 -0.002878 -0.999995 -0.000984 -0.00088 -1 8.2e-05 3.2e-05 -1 -1e-06 -0.001113 -0.999999 -2.7e-05 -0.000831 -0.999999 0.000814 -0.000586 -1 0.000794 -8.9e-05 -1 0.000467 0.000232 -0.999999 -0.001333 0.000167 -0.999999 -0.001248 1.1e-05 -0.999999 0.00131 0.001344 -0.999998 0.001637 0.001434 -0.999998 0.001011 0.001228 -0.999999 -0 -3e-05 -1 -1e-06 0.001229 -0.999999 0.000152 0.001047 -0.999999 -0.001062 0.000917 -0.999999 -0.00095 -0.000101 -0.999999 -0.001128 0.000219 -1 0.000101 0.000447 -1 0.000284 -0.001349 -0.999999 0.00084 -0.001759 -0.999995 -0.002631 -0.023076 -0.999614 -0.015495 -0.0025 -0.999969 -0.007433 -0.001465 -0.999989 -0.00442 1.2e-05 -1 -1e-05 2.6e-05 -1 2e-06 1e-05 -1 -8.7e-05 -0.000218 -1 0.000267 0.000142 -1 0.000362 1.8e-05 -1 8.2e-05 -2.3e-05 -1 0 0.002112 -0.999981 -0.00586 0.003942 -0.999991 -0.00154 0.003088 -0.999995 -0.000104 0.00202 -0.999996 0.002201 0.001642 -0.999997 0.002029 -1e-06 -1 2.7e-05 -2e-05 -1 1.7e-05 -4e-05 -1 2.8e-05 -3.2e-05 -1 -0 -3.5e-05 -1 -2.4e-05 -2e-05 -1 -1.7e-05 0.001653 -0.999997 -0.002002 0.000945 -0.999998 0.001728 0.00425 -0.999985 0.003589 0.001214 -0.999985 0.005381 -0.003225 -0.99997 0.007108 -0.002474 -0.999993 0.002784 -0.001454 -0.999998 0.001339 -4.7e-05 -1 -0.000421 -0.001916 -0.999997 -0.001683 0.0003 -0.999999 -0.001456 0.002385 -0.999995 -0.001965 5.1e-05 -1 -0.000479 -0.000989 -0.999999 0.001373 -0.001254 -0.999996 0.002475 -0.001923 -0.999998 0.001059 -0.002835 -0.999995 -0.001237 -0.003171 -0.999991 -0.002808 -0.002387 -0.999994 -0.002577 -1e-06 -1 -2.7e-05 2e-05 -1 -1.8e-05 3.7e-05 -1 -2.5e-05 3.6e-05 -1 1e-05 2.1e-05 -1 1.7e-05 -0.103179 -0.991142 0.083617 -0.007174 -0.999584 -0.027919 0.004727 -0.982756 -0.184847 0.188355 -0.980959 0.047353 -0.003258 -0.99985 0.017037 -0.006077 -0.999812 0.018437 -0.012026 -0.999859 0.011698 -0.01126 -0.999925 0.004804 -0.005449 -0.999982 -0.002598 -0.009773 -0.999937 -0.005513 -0.005168 -0.999968 -0.006033 -0.003335 -0.99994 -0.01041 0.001838 -0.999978 -0.006419 0.005554 -0.999965 -0.006293 0.010189 -0.999921 -0.007407 0.005071 -0.999987 -0.000401 0.007099 -0.999972 0.002181 0.008757 -0.999939 0.00679 0.006581 -0.999937 0.009087 0.001984 -0.999971 0.007327 0.033851 -0.212587 -0.976556 -0.073204 -0.350075 -0.933857 -0.008474 -0.796557 -0.604504 0.014952 -0.98093 -0.193786 -0.014256 -0.352837 0.935576 0.080744 -0.295529 0.951915 0.180814 -0.282861 0.941964 0.307479 -0.220275 0.925708 0.415006 -0.26223 0.871209 0.539298 -0.30741 0.784001 0.65117 -0.26163 0.71241 0.763209 -0.256907 0.592884 0.860595 -0.218528 0.460024 0.878416 -0.359716 0.314626 0.937045 -0.287828 0.19774 0.971345 -0.235748 0.030207 0.96346 -0.236038 -0.126617 0.914842 -0.301389 -0.268754 0.86257 -0.35079 -0.364581 0.813862 -0.365721 -0.451527 0.73469 -0.263249 -0.625245 0.576789 -0.240919 -0.780559 0.413482 -0.206383 -0.886814 0.183513 -0.19569 -0.963342 0.010989 -0.812219 0.583249 0.097265 -0.565245 -0.819169 0.262719 -0.404431 -0.876022 0.112602 -0.859085 -0.499294 0.078104 -0.977228 -0.197293 0.311406 -0.631845 -0.709788 0.444434 -0.524708 -0.726058 0.274268 -0.854623 -0.440905 0.150894 -0.97566 -0.159118 0.588163 -0.492318 -0.641629 0.376908 -0.822355 -0.42623 0.605167 -0.632047 -0.484034 0.501996 -0.801918 -0.323926 0.20938 -0.971397 -0.112021 0.566728 -0.799122 -0.200559 0.727952 -0.670759 -0.142015 0.256922 -0.965533 -0.041675 0.856039 -0.515028 -0.044073 0.54427 -0.838904 0.003335 0.829392 -0.550831 0.093239 0.631503 -0.763138 0.137198 0.227277 -0.972037 0.059072 0.525358 -0.82127 0.222518 0.715139 -0.550583 0.43062 0.418133 -0.859479 0.294042 0.604639 -0.563223 0.563198 0.167551 -0.970834 0.171485 0.409953 -0.78897 0.457673 0.398622 -0.715903 0.573221 0.191384 -0.923886 0.331372 0.340477 -0.640574 0.688288 0.053209 -0.969223 0.240367 0.184977 -0.823985 0.535568 0.228432 -0.551996 0.801947 0.091629 -0.716259 0.691793 -0.331104 -0.300115 -0.894595 -0.671023 -0.257231 -0.695385 -0.760914 -0.242355 -0.601892 -0.84778 -0.254676 -0.465197 -0.908274 -0.248746 -0.3364 -0.943089 -0.279181 -0.180666 -0.963484 -0.267314 -0.015575 -0.958524 -0.260135 0.116453 -0.925562 -0.284243 0.250082 -0.889911 -0.184157 0.417306 -0.792232 -0.29063 0.536565 -0.692948 -0.216805 0.687619 -0.416113 -0.235924 0.878174 -0.297349 -0.22461 0.927973 -0.129132 -0.167511 0.977377 -0.117579 -0.700087 0.704311 -0.210616 -0.290893 0.933286 -0.034822 -0.957532 0.286217 -0.291296 -0.606941 0.739438 -0.110008 -0.942165 0.31658 -0.353934 -0.724664 0.591264 -0.519756 -0.307128 0.797199 -0.197178 -0.911265 0.361547 -0.526421 -0.553935 0.64501 -0.21325 -0.943163 0.254888 -0.562324 -0.634072 0.530797 -0.365245 -0.885074 0.288514 -0.610374 -0.70033 0.37011 -0.79091 -0.507173 0.342398 -0.263545 -0.955789 0.13043 -0.657241 -0.724938 0.206154 -0.272229 -0.9597 0.069771 -0.781509 -0.613592 0.112911 -0.506016 -0.862194 0.023872 -0.795595 -0.602729 -0.061202 -0.185386 -0.982048 -0.034833 -0.520528 -0.849694 -0.08409 -0.7544 -0.617345 -0.223081 -0.346507 -0.928026 -0.136749 -0.682597 -0.658022 -0.317913 -0.70226 -0.536345 -0.46815 -0.451341 -0.831219 -0.324601 -0.18287 -0.965209 -0.186898 -0.526054 -0.679616 -0.511263 -0.560801 -0.348055 -0.751239 -0.330399 -0.799509 -0.501619 -0.449608 -0.367998 -0.813898 -0.100854 -0.97808 -0.182176 -0.22891 -0.724212 -0.650475 -0.089711 -0.962218 -0.257077 -0.175754 -0.381151 -0.907653 -0.07967 -0.856962 -0.509185 0.006575 -0.296743 -0.954935 -0.010065 -0.226955 0.973853 -0.178526 -0.343034 0.922202 -0.333319 -0.265287 0.904722 -0.444417 -0.284728 0.849367 -0.583202 -0.215121 0.783325 -0.616796 -0.350223 0.704916 -0.721831 -0.141406 0.677469 -0.803121 -0.18101 0.567655 -0.836824 -0.246247 0.488966 -0.912678 -0.232895 0.335825 -0.932455 -0.296302 0.20672 -0.94707 -0.320179 0.023342 -0.953439 -0.283753 -0.10217 -0.910623 -0.28188 -0.302174 -0.862961 -0.238546 -0.445415 -0.769568 -0.222182 -0.598665 -0.637779 -0.223064 -0.737211 -0.476511 -0.215043 -0.852464 -0.300568 -0.245062 -0.921739 -0.128453 -0.221018 -0.966773 -0.024753 -0.589333 0.807511 -0.023416 -0.812518 0.582466 0.005879 -0.980551 0.196174 -0.00117 -0.583267 -0.81228 -0.008479 -0.828723 -0.559595 -0.183774 -0.805461 0.563436 -0.053305 -0.975822 0.211968 -0.290486 -0.592761 0.751167 -0.39602 -0.65603 0.64249 -0.075053 -0.989086 0.126792 -0.254243 -0.88486 0.390364 -0.398239 -0.791717 0.463239 -0.667681 -0.527464 0.525341 -0.404999 -0.859794 0.311015 -0.694331 -0.62421 0.358142 -0.522524 -0.813011 0.25687 -0.776763 -0.584957 0.233378 -0.531222 -0.832102 0.159403 -0.1806 -0.982463 0.046368 -0.620258 -0.781304 0.069596 -0.126964 -0.991818 -0.013321 -0.766214 -0.642294 -0.019338 -0.427736 -0.902717 -0.046299 -0.702848 -0.699539 -0.129034 -0.631341 -0.736233 -0.243659 -0.151393 -0.985519 -0.076378 -0.682725 -0.601006 -0.415547 -0.426862 -0.873078 -0.235636 -0.527331 -0.739384 -0.418609 -0.567678 -0.63267 -0.526754 -0.18568 -0.959207 -0.213177 -0.425987 -0.655597 -0.623481 -0.318855 -0.571714 -0.75596 -0.196833 -0.924706 -0.325847 -0.265808 -0.802617 -0.533997 -0.051291 -0.975793 -0.212597 -0.10471 -0.868034 -0.485337 -0.149002 -0.618258 -0.771722 0.106489 -0.231775 -0.966923 0.268882 -0.375248 -0.887069 0.389436 -0.057608 -0.91925 0.446815 -0.292013 -0.845627 0.583586 -0.277463 -0.763179 0.694229 -0.253255 -0.673728 0.77551 -0.299998 -0.555504 0.871225 -0.094352 -0.481731 0.893012 -0.35445 -0.2773 0.968494 -0.18552 -0.166136 0.954684 -0.297533 0.007299 0.958055 -0.225354 0.177051 0.896619 -0.298 0.327523 0.855986 -0.225194 0.465377 0.788118 -0.254871 0.560278 0.721193 -0.23959 0.649983 0.592873 -0.226267 0.772855 0.463152 -0.306261 0.831682 0.33654 -0.269102 0.9024 0.21309 -0.265464 0.940277 0.086397 -0.243326 0.966089 0.099913 -0.813469 -0.572962 0.167338 -0.660323 -0.732101 0.198652 -0.821719 -0.534149 0.068655 -0.986971 -0.145516 0.354307 -0.718002 -0.599115 0.490316 -0.527632 -0.693682 0.327435 -0.804493 -0.495559 0.505478 -0.676693 -0.53533 0.592508 -0.621724 -0.512243 0.406955 -0.85425 -0.323488 0.078265 -0.99294 -0.08913 0.175129 -0.980825 -0.085516 0.539684 -0.776283 -0.32577 0.770091 -0.534701 -0.347929 0.527067 -0.82896 -0.187154 0.590684 -0.7916 -0.156402 0.837063 -0.534691 -0.115894 0.128261 -0.991695 -0.009453 0.694966 -0.714252 -0.082863 0.491436 -0.870513 0.026404 0.810367 -0.579722 0.085011 0.619091 -0.782791 0.062959 0.809422 -0.555792 0.189555 0.617497 -0.759758 0.203631 0.482912 -0.849431 0.21275 0.728007 -0.549852 0.409473 0.325807 -0.926977 0.185913 0.659699 -0.569038 0.49091 0.457929 -0.820063 0.343216 0.489946 -0.6954 0.525711 0.160422 -0.973729 0.161604 0.504636 -0.518228 0.690494 0.349759 -0.775175 0.526091 0.092439 -0.97993 0.176615 0.203253 -0.878188 0.432983 0.269462 -0.619581 0.737231 0.121027 -0.567486 0.81444 0.114356 -0.862696 0.492623 0.041132 -0.98845 0.145857 0.068765 -0.707202 0.70366 0.257984 -0.693437 0.672748 0.422561 -0.689449 0.588304 0.601559 -0.649491 0.465067 0.703075 -0.667132 0.246214 0.745681 -0.666103 0.016321 0.709399 -0.671227 -0.214959 0.601581 -0.678513 -0.421569 0.438616 -0.681665 -0.585618 0.231267 -0.678365 -0.697379 0.131366 -0.725653 -0.675404 0.133542 -0.720922 -0.680028 0.704193 -0.707706 -0.057137 0.615264 -0.782032 -0.099376 0.664019 -0.697047 -0.270564 0.551319 -0.784857 -0.282925 0.567208 -0.681372 -0.46261 0.434717 -0.787625 -0.436655 0.408296 -0.672925 -0.61682 0.277245 -0.789363 -0.54776 0.201263 -0.668583 -0.715884 0.058734 -0.675982 0.734574 0.105433 -0.797581 0.593926 0.221451 -0.688663 0.690437 0.310033 -0.768574 0.559619 0.44856 -0.739565 0.501834 0.459429 -0.756713 0.465092 0.585314 -0.732894 0.346805 0.556163 -0.780852 0.284521 0.683732 -0.711727 0.161106 0.61808 -0.780143 0.096716 0.198477 -0.008294 -0.980071 0.99929 -0.000895 -0.037668 0.981563 -0.001628 -0.191135 0.941548 -0.004117 -0.336853 0.876753 -0.006127 -0.480903 0.795106 -0.006429 -0.606437 0.692477 -0.006481 -0.721411 0.57318 -0.006465 -0.819404 0.440202 -0.00645 -0.897876 0.292131 -0.007792 -0.956347 0.078978 -0.001478 0.996875 0.158089 -0.001489 0.987424 0.330057 -0.002868 0.943957 0.495547 -0.001379 0.86858 0.627902 -0.00137 0.778291 0.739081 -0.001511 0.673614 0.833276 -0.001653 0.552855 0.908349 -0.001604 0.41821 0.961988 -0.001592 0.273087 0.992635 -0.001594 0.121135 0.153673 0.007578 -0.988093 0.220706 0.004506 -0.97533 0.3611 0.006618 -0.932504 0.500293 0.006599 -0.865831 0.627593 0.006583 -0.778514 0.73993 0.006565 -0.672652 0.837508 0.007689 -0.54637 0.924868 0.006943 -0.380225 0.980565 0.003254 -0.196169 0.999279 0.001633 -0.037945 0.99369 0.001257 0.112152 0.964532 0.001469 0.263961 0.912252 0.001443 0.409627 0.83847 0.001397 0.544947 0.745632 0.001522 0.666357 0.635181 0.001658 0.772361 0.503529 0.001797 0.863976 0.329549 0.000695 0.944138 0.150183 0.00101 0.988658 0.074881 0 0.997193 -0.998231 -0.002141 -0.059411 -0.998284 -0.002081 -0.058519 -0.99962 0 -0.027578 -0.999533 -0.000201 -0.030562 0.011517 0.00573 0.999917 0.00686 0.00507 0.999964 -0.041212 -0.001744 0.999149 -0.036446 -0.001068 0.999335 0.999696 -0.000185 -0.024669 0.999998 -0.001872 0.000442 0.999998 -0.001819 -0.00035 0.999624 0 -0.027414 -0.077039 0.000712 0.997028 -0.075142 0 0.997173 -0.202027 -0.002878 -0.979376 -0.207691 0.000565 -0.978194 -0.282556 -0.001618 -0.959249 -0.431884 -0.001584 -0.901928 -0.565534 -0.001564 -0.824724 -0.685712 -0.001543 -0.727871 -0.789563 -0.001522 -0.613668 -0.874746 -0.001507 -0.48458 -0.940414 -0.001137 -0.340031 -0.982383 -0.001457 -0.186871 -0.999294 -0.001631 -0.037528 -0.993688 -0.001161 0.112176 -0.964526 -0.001359 0.263983 -0.912245 -0.001323 0.409642 -0.838261 -0.001282 0.545267 -0.744776 -0.004131 0.667301 -0.631455 -0.006115 0.775389 -0.504331 -0.007615 0.863477 -0.334125 -0.007303 0.942501 -0.152998 -0.002963 0.988222 -0.14427 0.001683 0.989537 -0.28632 0.004335 0.958124 -0.433803 0.006242 0.900986 -0.567819 0.007586 0.823119 -0.711379 0.007162 0.702772 -0.830716 0.003971 0.556683 -0.908737 0.001436 0.417367 -0.962218 0.001439 0.272278 -0.992726 0.00145 0.120387 -0.999263 0.001109 -0.038379 -0.980589 0.001431 -0.196069 -0.940191 0.001627 -0.340645 -0.878882 0.001205 -0.477037 -0.795129 0.001426 -0.606439 -0.692357 0.001419 -0.721553 -0.573103 0.00141 -0.819482 -0.440206 0.001402 -0.897896 -0.291385 0.001559 -0.956605 -0.054525 0.705767 0.706343 -0.053503 0.702955 0.709219 -0.145996 0.705802 -0.693202 -0.095333 0.707687 0.700065 -0.176295 0.747162 0.640835 -0.327297 0.724772 0.606285 -0.33643 0.776282 0.533104 -0.473822 0.770678 0.426085 -0.580572 0.694353 0.425217 -0.572235 0.782888 0.2442 -0.681968 0.696635 0.222752 -0.622224 0.780822 0.05616 -0.716522 0.697563 0.001755 -0.606804 0.782638 -0.138802 -0.67686 0.704461 -0.213528 -0.541091 0.777224 -0.321159 -0.569647 0.721608 -0.393426 -0.41856 0.774347 -0.474546 -0.418161 0.73074 -0.539592 -0.276255 0.747187 -0.604479 -0.196508 0.710248 -0.675968 -0.118266 0.710194 0.694001 -0.2822 0.660652 0.69563 -0.488039 0.646825 0.586034 -0.633769 0.67365 0.380173 -0.722496 0.671522 0.164493 -0.738879 0.670423 -0.067754 -0.682466 0.670589 -0.290775 -0.563293 0.665747 -0.489368 -0.389647 0.660422 -0.641886 -0.214775 0.713735 -0.666674 -0.146066 0.707216 -0.691744 0.99496 0.000788 -0.100274 0.994932 0.000808 -0.10055 0.994085 0.001412 -0.108599 0.994174 0.00135 -0.10778 -0.131856 -0.725436 -0.675542 -0.236913 -0.673628 -0.700069 -0.442668 -0.676003 -0.589122 -0.606726 -0.672183 -0.424328 -0.71083 -0.669781 -0.214742 -0.742917 -0.669227 0.014437 -0.705768 -0.664812 0.244778 -0.604572 -0.647105 0.464487 -0.4243 -0.688236 0.588473 -0.253005 -0.695568 0.672438 -0.068421 -0.70081 0.710059 -0.057122 -0.667155 0.742725 -0.133388 -0.722041 -0.67887 -0.187112 -0.67707 -0.711734 -0.277544 -0.786696 -0.551433 -0.392242 -0.683362 -0.615762 -0.436222 -0.784751 -0.440313 -0.551135 -0.693613 -0.463844 -0.554124 -0.781999 -0.285349 -0.662949 -0.697864 -0.27108 -0.61395 -0.783156 -0.098653 -0.704412 -0.707499 -0.056998 -0.622208 -0.776948 0.095963 -0.669945 -0.727349 0.148787 -0.561919 -0.776431 0.28531 -0.573641 -0.749039 0.331478 -0.470159 -0.747186 0.469747 -0.447602 -0.743726 0.496512 -0.313613 -0.764917 0.562627 -0.232287 -0.684089 0.691423 -0.107038 -0.792148 0.600869 -0.099944 -0.003249 -0.994988 -0.097108 -0.002951 -0.995269 -0.059773 0.000957 -0.998212 -0.056936 0.001254 -0.998377 -0.002054 0.999997 -0.001292 -0.001602 0.999999 -0.000585 2.8e-05 1 -0 1.6e-05 1 -9e-06 1.9e-05 1 -2.6e-05 2.1e-05 1 -1.4e-05 1.9e-05 1 -1.4e-05 2.8e-05 1 8e-06 1.2e-05 1 1.6e-05 4.2e-05 1 2.7e-05 2e-05 1 2.8e-05 -0.000204 1 0.000268 0.001669 0.999999 0.000423 0.001956 0.999998 -5.5e-05 0.001306 0.999999 0.000325 -1.7e-05 1 2e-06 -2.3e-05 1 1.8e-05 -1.4e-05 1 1.5e-05 -1.4e-05 1 1.6e-05 -3.3e-05 1 -0 -1.1e-05 1 -1.6e-05 -2.5e-05 1 -7e-06 -2.3e-05 1 -1.7e-05 0.000105 1 -0.000236 0.00113 0.999999 0.000589 6.3e-05 1 -9e-06 -4e-06 1 -1.1e-05 -5e-05 1 6e-06 -2.8e-05 1 -3.3e-05 -5.6e-05 1 5.1e-05 3.2e-05 1 -1.5e-05 3.9e-05 1 3e-06 1.1e-05 1 1e-06 -5e-05 1 -7e-06 3.2e-05 1 1.8e-05 -3.5e-05 1 4.4e-05 7e-06 1 5e-06 -7e-06 1 -8.5e-05 -6.5e-05 1 2.4e-05 -2.2e-05 1 7e-06 -1.8e-05 1 6e-06 8.2e-05 1 0.000272 -7.2e-05 1 0.00083 0.000881 0.999999 0.000674 5.5e-05 1 0.000371 -0 1 2.2e-05 -3.6e-05 1 3.1e-05 -1.4e-05 1 2.2e-05 3.9e-05 1 3.3e-05 4e-06 1 4.1e-05 -8e-06 1 -2e-05 -2.6e-05 1 -1.2e-05 -3.4e-05 1 0 -2.6e-05 1 1.3e-05 -1e-06 1 2.8e-05 -2.5e-05 1 1.5e-05 -6.8e-05 1 -4.1e-05 -4.2e-05 1 -1.2e-05 -1.5e-05 1 -1e-05 8e-06 1 -3.3e-05 2.4e-05 1 -4e-06 7e-06 1 8e-06 -0.000847 0.999999 -0.001006 -0.002396 0.999995 -0.001979 -6.1e-05 1 -0.000531 -1e-05 1 -4e-06 1.3e-05 1 -4.6e-05 2.8e-05 1 -3e-05 -6e-06 1 -1e-05 -1e-06 1 -1.5e-05 1.6e-05 1 0 1e-05 1 2.1e-05 2.6e-05 1 3.3e-05 3.5e-05 1 -2e-06 3e-05 1 -9e-06 1.4e-05 1 -2e-05 1e-06 1 -2e-05 5e-06 1 -9e-06 2.2e-05 1 -1e-06 4.3e-05 1 4e-06 3.4e-05 1 -3.4e-05 3.4e-05 1 -2e-06 -0.005814 0.710337 -0.703838 -0.003996 0.705389 -0.70881 -0.003654 0.704453 -0.709742 -0.005447 0.709341 -0.704844 -0.995868 -0.000433 0.090806 -0.996422 4.4e-05 0.084512 -0.996477 9.3e-05 0.083861 -0.995889 -0.000416 0.090586 -0.004438 0.000158 -0.99999 -0.005102 0.000448 -0.999987 -0.003237 -0.000368 -0.999995 -0.002575 -0.000657 -0.999996 0.000935 -0.715026 -0.699097 -0.002888 -0.704803 -0.709397 -0.003604 -0.702872 -0.711308 0.000161 -0.712971 -0.701194 0.996551 0.000397 0.082977 0.996956 0.000766 0.077965 0.996997 0.000805 0.077435 0.996566 0.000409 0.082802 0.100691 -0.001668 -0.994916 0.099564 -0.001785 -0.99503 0.116769 2e-06 -0.993159 0.115646 -0.000115 -0.99329 -0.993731 3.1e-05 -0.1118 -0.993783 -7e-06 -0.111337 -0.995266 -0.001163 -0.097181 -0.995118 -0.00104 -0.098691 0.108568 0.706596 -0.699239 0.133671 0.739239 -0.660044 0.280701 0.720093 -0.634565 0.293544 0.778344 -0.554989 0.466828 0.708174 -0.529681 0.447961 0.781436 -0.434383 0.612969 0.701852 -0.362867 0.575589 0.771435 -0.271265 0.619096 0.778755 -0.101297 0.70316 0.708641 -0.058255 0.62218 0.776975 0.095926 0.670014 0.727282 0.148798 0.56189 0.776464 0.285278 0.573473 0.749352 0.331059 0.476997 0.741029 0.472598 0.446974 0.745884 0.493834 0.314123 0.764073 0.563489 0.220076 0.690011 0.68953 0.106457 0.791809 0.60142 0.055252 0.667247 0.742785 0.06727 0.70161 0.709379 0.111996 0.717778 -0.687206 0.229031 0.658856 -0.716557 0.432655 0.667643 -0.605857 0.597531 0.670712 -0.439435 0.734864 0.640589 -0.222757 0.74293 0.669219 0.014149 0.70576 0.664833 0.244746 0.603115 0.649912 0.462457 0.425859 0.685502 0.590535 0.259782 0.692034 0.6735 -0.037542 0.701475 -0.711704 -0.307853 0.728943 -0.611448 -0.572383 0.704953 -0.41883 -0.695059 0.70059 -0.161451 -0.675921 0.721358 0.150906 0.685484 0.723873 -0.07823 0.620595 0.706728 -0.339701 0.445033 0.71424 -0.540191 0.19926 0.709809 -0.675624 -0.050791 0.693017 0.71913 0.237094 0.717009 0.655503 0.510883 0.738423 0.440147 0.684966 0.699974 0.202136 -0.566847 0.697066 0.439071 -0.315597 0.73073 0.605336 -0.78175 0.623435 -0.01399 -0.634994 0.753312 0.171186 -0.686938 0.637885 0.348164 -0.519096 0.686418 0.509284 -0.442746 0.687949 0.575067 -0.198354 0.65279 0.731109 0.030974 0.685199 0.727697 0.235226 0.736396 0.634341 0.461412 0.626138 0.62853 0.676841 0.640116 0.363508 0.703101 0.697725 0.137215 0.715302 0.698605 0.01716 0.713668 0.656047 -0.24552 0.58882 0.669725 -0.452504 0.390014 0.702347 -0.595482 0.291243 0.685248 -0.667542 0.080719 0.676663 -0.731855 -0.129899 0.67541 -0.725912 -0.21024 0.693459 -0.68914 -0.489551 0.634448 -0.598177 -0.548398 0.719111 -0.426778 -0.676766 0.693771 -0.246312 -0.999999 -0.001424 -0.000739 -0.970679 -0.003142 0.24036 -0.888656 -0.006923 0.458523 -0.746713 -0.01028 0.665067 -0.547032 -0.006271 0.837088 -0.289657 -0.007272 0.957103 -0.002488 -0.0083 0.999962 0.343124 -0.01676 0.93914 0.646074 -0.017635 0.763071 0.871524 -0.015888 0.490096 0.972004 -0.006809 0.234864 0.998901 -0.003446 -0.046747 0.943591 -0.002842 -0.331102 0.808313 -0.00976 -0.588672 0.593948 -0.007977 -0.804464 0.350065 -0.007043 -0.936699 0.112037 -0.008452 -0.993668 -0.131245 -0.00614 -0.991331 -0.361953 -0.003362 -0.93219 -0.596134 -0.00367 -0.802877 -0.79999 -0.004104 -0.599999 -0.952854 -0.004396 -0.303398 -0.999851 0.003865 -0.01681 -0.945175 0.004262 -0.326537 -0.786048 0.004155 -0.618151 -0.579333 0.003642 -0.815083 -0.328678 0.00927 -0.944397 -0.006759 0.014323 -0.999875 0.297619 0.010125 -0.954631 0.545181 0.00967 -0.838263 0.763322 0.010613 -0.645931 0.928483 0.009332 -0.371257 0.999696 0.007736 -0.023403 0.952636 0.014793 0.303752 0.784358 0.016654 0.620085 0.487077 0.022279 0.873075 0.109129 0.01799 0.993865 -0.302662 0.013355 0.953004 -0.597143 0.012279 0.80204 -0.818088 0.013614 0.574931 -0.963267 0.00937 0.268381 0 1 0 0 1 0 -0 1 -0 -0 1 -0 0 1 0 0 1 0 0 1 0 0 1 -0 -0 1 -0 -1e-06 1 -0 -1e-06 1 0 -1e-06 1 0 -0 1 0 0 1 0 0 1 0 0 1 0 0 1 0 0 1 0 0 1 0 -0 1 -0 0 1 0 1e-06 1 0 -0 1 0 0 1 0 0 1 0 0 1 0 0 1 0 0 1 0 -0 1 0 -1e-06 1 -0 -1e-06 1 0 -0 1 0 0 1 0 0 1 -0 0.002328 0.004344 -0.999988 0.004237 0.002656 -0.999987 0.00458 0.002353 -0.999987 0.006461 0.000689 -0.999979 0.004702 -0.698755 -0.715346 0.004473 -0.695663 -0.718355 -0.642513 -0.526994 -0.556286 -0.299592 -0.707035 -0.640583 -0.598891 -0.581324 -0.55081 -0.15872 -0.69675 -0.699533 0.003346 -0.999992 -0.002338 0 -1 0 0 -1 0 0 -1 -1e-06 0 -1 -0 0 -1 0 0 -1 0 0 -1 0 6e-05 -1 -1.9e-05 0.000185 -1 -0.000692 -0.000122 -1 -0.000838 -0.00019 -1 -0.000165 -4.2e-05 -1 -1e-06 2e-06 -1 -0 2e-06 -1 -0 2e-06 -1 0 1e-06 -1 0 0 -1 0 -0.084651 -0.996157 -0.022471 -0.006671 -0.999977 -0.001371 -0.000272 -1 -0.000502 0.006681 -0.999976 -0.001927 0.084624 -0.996159 -0.022476 0.013056 -0.999909 -0.003458 0 -1 0 0 -1 0 0 -1 -1e-06 0 -1 -0 0 -1 0 0 -1 0 1e-06 -1 -0 1e-06 -1 -0 1e-06 -1 0 -0.013 -0.99991 -0.003434 -0.034535 -0.003227 0.999398 0.293847 -0.011335 0.955785 0.63122 -0.007941 0.775563 0.873116 0.000657 0.487512 0.981766 -0.003479 0.190062 0.990853 -0.010171 -0.13456 0.879096 -0.011388 -0.476508 0.607681 -0.015512 -0.79403 0.193042 -0.017423 -0.981036 -0.194768 -0.012722 -0.980767 -0.497419 -0.01071 -0.867444 -0.74938 -0.00733 -0.6621 -0.931792 -0.007435 -0.362917 -0.998633 -0.013698 0.050433 -0.88782 -0.01151 0.460046 -0.642929 -0.006436 0.765899 -0.339003 0.001503 0.940784 -0.021645 0.013948 -0.999668 0.35761 0.014364 -0.93376 0.678399 0.005393 -0.734674 0.855422 0.00241 -0.517926 0.969838 0.010683 -0.243518 0.991087 0.007979 0.132973 0.871899 -0.000616 0.489686 0.675043 0.003542 0.73777 0.398076 0.011002 0.917286 0.02711 0.00737 0.999605 -0.349338 0.004196 0.936987 -0.677201 0.004819 0.735782 -0.887268 0.004473 0.461233 -0.980519 0.00587 0.196337 -0.995628 0.006563 -0.093177 -0.915693 0.005939 -0.401834 -0.681903 0.012008 -0.731344 -0.352885 0.012875 -0.935578 -0.021132 -0.711325 -0.702545 0.26613 -0.700796 -0.661861 0.451064 -0.732428 -0.50999 0.660368 -0.643796 -0.386576 0.656726 -0.734581 -0.170592 0.733834 -0.676454 0.062423 0.618678 -0.70599 0.344698 0.479707 -0.71201 0.51276 0.294417 -0.696886 0.653964 0.026743 -0.689543 0.723751 0.04192 -0.709912 -0.703042 0.245908 -0.693127 -0.677573 0.49244 -0.707642 -0.506701 0.688941 -0.704491 -0.170448 0.679517 -0.709999 0.184819 0.579525 -0.700873 0.415847 0.416585 -0.705742 0.573049 0.172144 -0.712167 0.680577 -0.119129 -0.708389 0.695696 -0.413114 -0.710362 0.569845 -0.633477 -0.702752 0.323799 -0.712211 -0.698119 0.073385 -0.689245 -0.703869 -0.171783 -0.563794 -0.718169 -0.407884 -0.377081 -0.711021 -0.593514 -0.180207 -0.704685 -0.686254 -0.265285 -0.677931 0.68559 -0.515244 -0.693544 0.503507 -0.613356 -0.719815 0.325055 -0.696793 -0.701476 0.149702 -0.711277 -0.700743 -0.055182 -0.65558 -0.696391 -0.291984 -0.483669 -0.699567 -0.525995 -0.251192 -0.712426 -0.65525 0.776531 -0.03225 -0.629253 0.942524 -0.026299 -0.333103 -0.974782 -0.015735 0.222602 -0.766924 -0.007794 0.641691 -0.396932 -0.007026 0.917821 0.027027 -0.004712 0.999624 0.408903 -0.002094 0.912575 0.764615 -0.00219 0.644484 0.978244 -0.010128 0.207208 -0.776523 -0.032252 -0.629262 -0.943266 -0.028201 -0.330839 -0.683634 0.014355 -0.729683 0.683617 0.014361 -0.729699 0.838031 0.010833 -0.545515 0.990553 0.011994 -0.136608 0.969366 0.00215 0.245613 0.761479 0.000951 0.648188 0.387724 0.00417 0.921766 -0.011654 0.005986 0.999914 -0.445411 0.007833 0.895292 -0.792456 0.002652 0.609923 -0.958203 0.005391 0.28604 -0.995411 0.015569 -0.094412 -0.841959 0.012651 -0.539393 0.568961 -0.653006 -0.499867 0.570463 -0.651446 -0.50019 0.675911 -0.697704 -0.237389 0.719199 -0.694779 0.005898 0.664369 -0.694648 -0.275823 0.66722 -0.006679 -0.744831 0.659932 -0.007701 -0.751286 0.747289 0.005257 -0.664478 0.753951 0.006318 -0.6569 0.999025 0.011573 -0.042599 0.998308 0.019637 -0.054735 0.999394 0.006052 -0.034287 0.999761 -0.002289 -0.021726 -0.998155 0.019607 -0.057467 -0.998828 0.012427 -0.046787 -0.999171 0.007831 -0.039949 -0.999578 0.000512 -0.029054 -0.605742 -0.000942 -0.79566 -0.60659 -0.000815 -0.795014 -0.616892 0.000741 -0.787047 -0.616039 0.000611 -0.787715 -0.963441 0.011776 -0.267662 -0.685325 0.0091 -0.72818 -0.242004 0.007536 -0.970246 0.24456 0.001025 -0.969634 0.703492 0.003426 -0.710695 0.995999 0.014342 -0.088204 0.828556 0.013235 0.559749 0.391996 0.004441 0.919956 -0.068824 0.00117 0.997628 -0.521596 0.008493 0.85315 -0.925259 0.012567 0.379128 -0.985487 -0.014275 0.169151 -0.671059 -0.011423 0.741316 -0.131538 -0.008756 0.991273 0.529758 -0.01263 0.848055 0.96113 -0.015545 0.275659 0.945465 -0.008516 -0.325611 0.6461 -0.001206 -0.763252 0.129697 -0.00451 -0.991543 -0.422944 -0.00944 -0.906107 -0.860126 -0.011856 -0.509943 0.496043 0.008961 -0.868252 0.910178 0.012049 -0.414041 0.980306 0.011287 0.19716 0.741576 0.008854 0.67081 0.325317 0.004025 0.945596 -0.142411 0.005347 0.989793 -0.582615 0.008175 0.812707 -0.90134 0.005837 0.433073 -0.999777 0.000916 -0.021106 -0.894981 0.004765 -0.446079 -0.581311 0.009471 -0.813626 -0.054797 0.007035 -0.998473 -0.389047 -0.007823 -0.921185 -0.809921 -0.00873 -0.586474 -0.999889 -0.007814 -0.012664 -0.804748 -0.012168 0.593491 -0.208168 -0.012654 0.978011 0.447595 -0.010088 0.89418 0.893757 -0.01133 0.448408 0.980039 -0.013687 -0.198331 0.635549 -0.011287 -0.771978 0.084646 -0.006976 -0.996387 0.961497 0.009567 0.274649 0.713804 0.001358 0.700344 0.302614 0.001973 0.953111 -0.275218 0.007571 0.961352 -0.773549 0.00399 0.633724 -0.984565 0.002662 0.174997 -0.944287 0.005462 -0.329077 -0.557233 0.009983 -0.830296 0.113267 0.010523 -0.993509 0.638931 0.00852 -0.769217 0.950856 0.012149 -0.309395 0.791988 -0.01275 -0.610403 0.292368 -0.008616 -0.956267 -0.217156 -0.007416 -0.976109 -0.643322 -0.002261 -0.765593 -0.921198 -0.001287 -0.389092 -0.989873 -0.006942 0.141783 -0.712063 -0.007939 0.702071 -0.174313 -0.005634 0.984674 0.347112 -0.00108 0.937823 0.774837 -0.005717 0.632136 0.999321 -0.014207 0.034001 -0.006149 0.011706 0.999913 -0.53548 0.007894 0.844511 -0.910227 0.005162 0.414077 -0.987003 0.004674 -0.160636 -0.783108 0.006234 -0.621854 -0.389944 0.006535 -0.920815 0.07618 0.004644 -0.997083 0.550418 0.003136 -0.834884 0.905442 0.005327 -0.424437 0.985416 0.010589 0.169832 0.625157 0.01415 0.78037 0.243934 -0.011067 0.969729 0.767939 -0.01123 0.640425 0.998856 -0.006354 0.04739 0.898231 -0.00076 -0.439523 0.596012 -0.003705 -0.802967 0.040174 -0.008696 -0.999155 -0.52871 -0.008011 -0.848765 -0.85309 -0.004379 -0.521746 -0.996356 -0.00442 -0.085174 -0.864372 -0.008811 0.502776 -0.34843 -0.011154 0.937268 0.052061 0.99812 0.032349 0.052061 0.99812 0.032349 0.052061 0.99812 0.032349 -0.657402 -0.753535 0.002726 -0.657402 -0.753535 0.002726 -0.657402 -0.753535 0.002726 0.428859 0.898125 -0.097216 0.340086 0.905397 -0.254162 0.271144 0.916264 -0.294859 0.231241 0.878721 -0.417585 0.101682 0.871711 -0.479354 -0.025149 0.887521 -0.460081 -0.15651 0.885275 -0.437941 -0.272095 0.908534 -0.317064 -0.400119 0.881571 -0.250476 -0.403411 0.911117 -0.08441 -0.408291 0.912766 0.012487 -0.41679 0.902192 0.11107 -0.398444 0.891493 0.215597 -0.347598 0.875855 0.334743 -0.174467 0.893331 0.414151 -0.02001 0.892203 0.451191 0.097668 0.895799 0.433595 0.222272 0.885388 0.40827 0.301585 0.910889 0.281652 0.470703 0.854264 0.220617 0.485925 0.871717 0.063136 2.3e-05 1 -0 1.6e-05 1 9e-06 6e-06 1 1.1e-05 -8e-06 1 2.1e-05 -1.7e-05 1 2.1e-05 -1e-05 1 1e-05 -0.000541 1 -0.000679 -0.000669 0.999998 -0.001612 -0.000112 0.999996 -0.002919 0.001972 0.999995 -0.002581 0.001818 0.999996 -0.001966 -9e-06 1 2.5e-05 -2.4e-05 1 4.6e-05 -4.9e-05 1 2.3e-05 -3.5e-05 1 -0 -2.3e-05 1 -2.3e-05 -7e-06 1 -4.2e-05 0.003607 0.999991 -0.002179 0.004481 0.999984 -0.003396 0.00257 0.999997 5.6e-05 0.001267 0.999999 0.000581 -1.7e-05 1 2e-06 -8e-06 1 -6e-06 8e-06 1 -4.5e-05 3.8e-05 1 -6.2e-05 2.1e-05 1 -2.7e-05 0.00109 0.999998 0.001386 0.002444 0.999995 0.002077 0.000799 0.999998 0.001688 -0.000411 1 0.000797 -0.000581 1 0.000793 3e-06 1 -7e-06 9e-06 1 -6e-06 1.3e-05 1 -2e-06 1.1e-05 1 4e-06 4e-06 1 1.1e-05 -0.000431 1 0.000308 -0.000682 1 0.000712 -0.002706 0.999996 -8.6e-05 -0.000928 0.999999 -0.000801 -0.000647 1 -0.000479 0.221999 0.974715 -0.025436 0.008218 0.985691 -0.168361 -0.127677 0.989595 0.066339 0.904064 0.427299 -0.009213 0.894237 0.36168 -0.26368 0.783783 0.38547 -0.486926 0.574461 0.388867 -0.720262 0.319274 0.422518 -0.848259 0.068617 0.410792 -0.909143 -0.170699 0.42174 -0.890504 -0.394099 0.398429 -0.828215 -0.551515 0.386362 -0.739294 -0.697987 0.432509 -0.570745 -0.827738 0.388956 -0.40443 -0.891178 0.386297 -0.237859 -0.923862 0.382041 -0.022885 -0.905645 0.389744 0.167054 -0.849607 0.404075 0.338956 -0.7355 0.42863 0.524706 -0.587425 0.390326 0.708927 -0.444893 0.408908 0.796784 -0.245664 0.441118 0.863171 -0.093299 0.348804 0.93254 0.10475 0.423689 0.899731 0.307336 0.422405 0.852712 0.524195 0.391963 0.756032 0.640191 0.379702 0.667819 0.765051 0.411986 0.49494 0.858253 0.446482 0.253093 0.935576 -0.350655 -0.041698 0.902144 -0.412489 0.126443 0.852016 -0.414391 0.319921 0.777485 -0.386315 0.496263 0.650961 -0.375684 0.659629 0.456309 -0.378236 0.805431 0.267392 -0.383069 0.884172 0.077078 -0.426913 0.901002 -0.182303 -0.442217 0.878186 -0.394087 -0.353628 0.848318 -0.545431 -0.434264 0.716882 -0.728323 -0.429068 0.534272 -0.848624 -0.40211 0.343722 -0.902284 -0.415669 0.114468 0.43236 -0.90125 -0.028503 -0.467259 -0.884093 -0.007013 0.419316 -0.901779 0.10473 0.391298 -0.898063 0.200921 0.291595 -0.913904 0.282403 0.210107 -0.912055 0.352152 0.096506 -0.906745 0.410488 -0.028144 -0.852736 0.521583 -0.172963 -0.900879 0.398121 -0.370387 -0.855786 0.361169 -0.39208 -0.894119 0.216391 -0.454528 -0.882418 0.121416 -0.437136 -0.891523 -0.118735 -0.41074 -0.875534 -0.254425 -0.276228 -0.908915 -0.312365 -0.215313 -0.911508 -0.350418 -0.147577 -0.893769 -0.423554 -0.01938 -0.876203 -0.481552 0.169402 -0.86945 -0.464068 0.31882 -0.852708 -0.413815 0.38745 -0.880464 -0.27325 0.386449 -0.910143 -0.149322 -1.7e-05 -1 -4e-06 -1.5e-05 -1 1.9e-05 -3.3e-05 -1 -2e-05 -4.9e-05 -1 -4.8e-05 -3.1e-05 -1 -3e-06 -0 -1 1e-05 -1.7e-05 -1 6e-06 -3e-05 -1 1e-05 -4.4e-05 -1 -2.1e-05 -1.5e-05 -1 -5e-06 1e-06 -1 -1.9e-05 -2.7e-05 -1 -1.6e-05 9e-06 -1 -5.3e-05 1.8e-05 -1 -8.8e-05 5.9e-05 -1 -6.5e-05 1.9e-05 -1 -4.5e-05 -1.1e-05 -1 -3e-06 3e-06 -1 -3.7e-05 5e-06 -1 -7e-05 0.000203 -1 -7.4e-05 1.2e-05 -1 -2.8e-05 9e-06 -1 1e-05 1e-05 -1 -7e-06 1.6e-05 -1 5e-06 2e-05 -1 2.8e-05 2.2e-05 -1 9e-06 3e-06 -1 -1e-05 1e-05 -1 -4e-06 1.4e-05 -1 4e-06 1e-05 -1 6e-06 2e-06 -1 1.3e-05 1e-06 -1 2e-05 3.3e-05 -1 2.3e-05 9e-06 -1 3.1e-05 -3.5e-05 -1 3.5e-05 -6e-06 -1 3.2e-05 1.4e-05 -1 -3e-06 -1e-06 -1 3.3e-05 1.4e-05 -1 6.9e-05 -8.5e-05 -1 9.9e-05 -1.9e-05 -1 2.9e-05 -5.2e-05 -1 -1.7e-05 -3e-05 -1 3.7e-05 6e-06 -1 4.4e-05 -1.1e-05 -1 3.5e-05 1.6e-05 -1 3e-05 3.7e-05 -1 6e-06 2.1e-05 -1 1e-06 1.5e-05 -1 1e-06 1.5e-05 -1 3.3e-05 1e-05 -1 -3.7e-05 2.1e-05 -1 -4.1e-05 2.8e-05 -1 -2.7e-05 4e-05 -1 -7.7e-05 -4.3e-05 -1 -2.9e-05 -5.6e-05 -1 1.8e-05 -2.1e-05 -1 -5e-06 -0.905798 -0.402806 -0.131447 -0.836762 -0.404287 -0.369299 -0.684262 -0.405053 -0.606397 -0.453016 -0.377245 -0.807751 -0.185165 -0.411404 -0.892447 0.042475 -0.356444 -0.933351 0.194694 -0.436929 -0.878173 0.434455 -0.435541 -0.788386 0.650865 -0.435788 -0.621663 0.806869 -0.401783 -0.433051 0.882774 -0.401994 -0.243128 -0.999214 0.03015 0.025736 -0.918692 0.025589 0.394145 -0.760503 0.021679 0.648973 -0.51968 0.022832 0.854056 -0.186134 0.027391 0.982143 0.167417 0.030291 0.985421 0.490779 0.029381 0.870788 0.752912 0.027249 0.657557 0.928889 0.027211 0.369358 0.996213 0.024479 0.083431 0.980966 0.021488 -0.192989 0.857979 0.027838 -0.512929 0.62028 0.02802 -0.78388 0.305509 0.032565 -0.951632 -0.073722 0.027994 -0.996886 -0.418271 0.029464 -0.907844 -0.701976 0.027519 -0.711669 -0.919962 0.039343 -0.390027 0.958318 0.267105 -0.101399 0.91137 0.311106 -0.269478 0.841738 0.37032 -0.392861 0.785348 0.245709 -0.568204 0.662259 0.22929 -0.71333 0.561559 0.307295 -0.768258 0.402239 0.261269 -0.877464 0.273883 0.320377 -0.906833 0.082912 0.282912 -0.955556 -0.056402 0.241096 -0.968861 -0.249941 0.253985 -0.934356 -0.424209 0.298502 -0.854952 -0.570645 0.199634 -0.796562 -0.716044 0.22953 -0.65924 -0.780718 0.318621 -0.53755 -0.840808 0.29969 -0.450808 -0.942146 -0.004663 -0.33517 -0.925761 0.330188 -0.184235 0.696835 0.71704 0.016583 0.959491 0.275433 0.059281 -0.788958 0.611076 0.064277 -0.979026 0.201828 -0.027803 0.743647 0.645229 -0.175125 0.587474 0.773503 -0.237839 0.142227 0.986442 -0.08188 0.570596 0.642877 -0.511009 0.089468 0.988609 -0.121028 0.304418 0.845008 -0.43965 0.302168 0.705279 -0.641307 0.156442 0.657763 -0.736799 -0.109101 0.687472 -0.717969 -0.072888 0.978791 -0.191455 -0.233296 0.783964 -0.575303 -0.448766 0.617293 -0.646188 -0.162931 0.972588 -0.165908 -0.521992 0.701581 -0.485085 -0.576133 0.708163 -0.408138 -0.122165 0.991097 -0.052943 -0.501575 0.850769 -0.156893 -0.701368 0.703915 -0.112193 -0.255094 0.966535 -0.027168 -0.963257 0.218284 0.156483 -0.90928 0.26436 0.321439 -0.836958 0.297402 0.459405 -0.767552 0.296076 0.56851 -0.712716 0.256894 0.652719 -0.592975 0.312765 0.741997 -0.436569 0.376593 0.817059 -0.251811 0.199165 0.947061 -0.009296 0.236032 0.971701 0.190268 0.307405 0.932363 0.370701 0.325369 0.869894 0.528573 0.32112 0.785806 0.61779 0.366113 0.695914 0.750909 0.373822 0.544419 0.882177 0.288906 0.371884 0.886345 0.41936 0.196289 -0.670897 0.731672 0.12064 -0.732663 0.654798 0.185591 -0.549346 0.797041 0.250887 -0.51476 0.77584 0.36482 -0.48254 0.720547 0.497963 -0.117805 0.979837 0.161372 -0.328482 0.701559 0.632388 -0.269187 0.679016 0.68299 -0.027569 0.98933 0.143063 -0.07376 0.924484 0.374017 -0.046959 0.706388 0.706265 0.060534 0.757055 0.650541 0.037023 0.988737 0.14501 0.232949 0.776609 0.585332 0.100854 0.98221 0.158404 0.34981 0.779072 0.520269 0.503443 0.70929 0.493409 0.291114 0.93899 0.183169 0.73037 0.602152 0.322448 0.308692 0.949545 0.055431 0.994877 -0.00687 0.100864 0.824332 -0.007169 0.566062 0.440697 -0.009976 0.8976 -0.112578 -0.010879 0.993583 -0.637886 -0.010846 0.770055 -0.963579 -0.009888 0.267241 -0.953149 -0.009308 -0.302358 -0.636587 -0.009838 -0.771142 -0.024364 -0.010035 -0.999653 0.566793 -0.006732 -0.823833 0.898677 -0.004574 -0.438588 -0.99346 0.009678 -0.113766 -0.752465 0.009013 -0.658571 -0.184533 0.012242 -0.98275 0.520157 0.013199 -0.853968 0.945314 0.00934 -0.326028 0.97024 0.008122 0.242008 0.679942 0.010264 0.733194 0.151366 0.011625 0.988409 -0.450133 0.011653 0.892886 -0.894351 0.01065 0.447239 0.068628 -0.010875 0.997583 -0.517705 -0.011247 0.855485 -0.906778 -0.007877 0.421534 -0.991834 -0.006503 -0.127366 -0.769529 -0.008463 -0.638556 -0.235011 -0.009539 -0.971946 0.466013 -0.010732 -0.884713 0.910783 -0.01223 -0.412704 0.971116 -0.01248 0.23828 0.615023 -0.010593 0.788438 0.345564 0.003203 -0.93839 0.801435 0.011599 -0.59797 0.999336 0.013162 0.033986 0.774043 0.010452 0.633046 0.361338 0.008467 0.932396 -0.168305 0.010685 0.985677 -0.683476 0.009209 0.729915 -0.954495 0.005943 0.298168 -0.969868 0.007301 -0.243522 -0.667306 0.008509 -0.744735 -0.168731 0.002382 -0.985659 -0.997853 -0.01156 -0.064458 -0.802009 -0.011614 -0.597199 -0.288465 -0.015431 -0.957366 0.427781 -0.017543 -0.903712 0.923424 -0.015302 -0.383476 0.96577 -0.011169 0.259158 0.654786 -0.008851 0.755763 0.126917 -0.008183 0.99188 -0.42243 -0.009813 0.906342 -0.851015 -0.012023 0.525003 0.767707 0.009681 0.640728 0.291339 0.00768 0.956589 -0.203874 0.008243 0.978962 -0.66931 0.010795 0.742905 -0.971428 0.012149 0.237025 -0.935795 0.011392 -0.35236 -0.541872 0.013993 -0.840345 0.147409 0.017273 -0.988925 0.780325 0.016715 -0.625151 0.999345 0.013995 0.033359 0.245752 -0.009843 -0.969283 0.773865 -0.010928 -0.633256 0.994867 -0.010966 -0.100592 0.881911 -0.010865 0.47129 0.438077 -0.009561 0.898886 -0.196255 -0.006517 0.980531 -0.755738 -0.009823 0.6548 -0.999878 -0.011489 0.010594 -0.7869 -0.005218 -0.617059 -0.337838 -0.005375 -0.941189 -0.294691 0.008307 0.955557 -0.84799 0.012013 0.529876 -0.990628 0.008566 -0.136317 -0.747009 0.003753 -0.664803 -0.228909 0.008684 -0.973409 0.411178 0.011695 -0.91148 0.889935 0.012116 -0.455926 0.984769 0.011857 0.173466 0.744557 0.008944 0.667499 0.306163 0.006647 0.951956 -0.645573 -0.742645 0.178084 -0.515013 -0.713657 0.474821 -0.265083 -0.738429 0.620043 -0.003336 -0.71297 0.701186 0.269857 -0.755066 0.597539 0.496999 -0.729856 0.469364 0.644148 -0.710676 0.282865 0.704377 -0.70125 0.110008 0.677104 -0.726388 -0.11786 0.590688 -0.716778 -0.370563 0.433894 -0.70781 -0.557442 0.231404 -0.724627 -0.649129 -0.064607 -0.726821 -0.683781 -0.386262 -0.751346 -0.535052 -0.622552 -0.71107 -0.326816 -0.693586 -0.716115 -0.078221 -0.785445 -0.616788 0.051455 0.724014 -0.688261 0.045836 0.698491 -0.676662 -0.232891 0.555663 -0.704941 -0.440793 0.382643 -0.697748 -0.605584 0.127186 -0.650589 -0.748704 -0.138382 -0.722038 -0.677873 -0.317106 -0.569327 -0.758492 -0.601657 -0.605628 -0.520791 -0.632533 -0.719536 -0.286653 -0.709048 -0.68407 -0.171168 -0.699272 -0.621902 0.3525 -0.542525 -0.722615 0.428363 -0.440053 -0.61511 0.654212 -0.163008 -0.611343 0.774396 0.053095 -0.719495 0.692466 0.176216 -0.631672 0.754942 0.471908 -0.599715 0.646254 0.605859 -0.674379 0.422075 0.654869 -0.713477 0.249193 -0.99596 0.002458 0.089765 0.997441 -0.003513 0.071406 0.966375 0.00387 -0.257107 0.804537 0.005455 -0.593877 0.55791 0.004566 -0.829889 0.224861 0.008553 -0.974353 -0.141999 0.012226 -0.989791 -0.447545 0.011543 -0.894187 -0.708794 0.01085 -0.705332 -0.899542 0.009602 -0.43673 -0.981673 0.005941 -0.190478 -0.923031 0.010322 0.384587 -0.760952 0.008391 0.648754 -0.525708 0.013166 0.850563 -0.234526 0.010018 0.972058 0.041789 0.008334 0.999092 0.284545 0.005555 0.958646 0.581672 0.008867 0.813375 0.8013 0.004058 0.598249 0.924762 0.000513 0.380544 0.99828 -0.002443 0.058583 0.929128 -0.002489 0.369749 0.786812 -0.002897 0.617186 0.589519 -0.008373 0.807711 0.343592 -0.008315 0.939082 -0.002658 -0.016385 0.999862 -0.38866 -0.017904 0.921207 -0.690746 -0.016454 0.722911 -0.91379 -0.011896 0.406013 -0.998965 -0.009562 0.044479 -0.97028 -0.007337 -0.241873 -0.861318 -0.010605 -0.507955 -0.63968 -0.013849 -0.768516 -0.347763 -0.01229 -0.937502 -0.063223 -0.003997 -0.997991 0.204131 -0.005394 -0.978929 0.524235 0.000485 -0.851574 0.763855 -0.0035 -0.645379 0.94745 -0.006269 -0.319842 4.8e-05 -1 6e-06 5.8e-05 -1 2.3e-05 0.000237 -1 8.3e-05 0.000234 -1 0.000329 2.8e-05 -1 0.000246 6e-05 -1 0.000222 -0.000173 -1 0.000424 -0.000247 -1 0.000173 -0.000136 -1 3.2e-05 -6.6e-05 -1 2e-06 -3.6e-05 -1 -1.7e-05 -5.3e-05 -1 -1.9e-05 -0.000191 -1 -0.000121 -0.000117 -1 -0.000343 5e-05 -1 -0.000168 -7e-06 -1 -0.000124 0.000113 -1 -0.000185 8.5e-05 -1 -1.1e-05 5.4e-05 -1 -3.5e-05 2.3e-05 -1 1.6e-05 0.000116 -1 -3e-06 0.000195 -1 0.000207 5.2e-05 -1 0.000188 -0.000145 -1 0.000308 -0.000193 -1 5.6e-05 -7.9e-05 -1 -1.1e-05 -3.7e-05 -1 -1.8e-05 -0.00012 -1 -2.1e-05 -0.000121 -1 -0.000222 3.5e-05 -1 -0.000118 7.8e-05 -1 -0.000114 7.4e-05 -1 1.8e-05 5.3e-05 -1 -4.4e-05 0.708172 -0.705537 0.026647 0.636558 -0.726753 0.258116 0.418399 -0.759625 0.497908 0.117969 -0.729555 0.673671 -0.282238 -0.726166 0.626917 -0.602052 -0.707252 0.370578 -0.694615 -0.716736 0.061633 -0.656518 -0.726098 -0.204365 -0.559903 -0.702169 -0.439848 -0.288405 -0.747768 -0.598052 0.039162 -0.71928 -0.693616 0.355346 -0.726896 -0.587666 0.583375 -0.707856 -0.398264 0.664315 -0.714279 -0.220207 -0.723779 -0.682592 -0.101057 -0.588281 -0.6993 -0.406085 -0.504819 -0.62528 -0.595133 -0.140006 -0.594969 -0.791461 0.178757 -0.661019 -0.728766 0.306516 -0.737706 -0.601529 0.550091 -0.678887 -0.486326 0.647455 -0.711248 -0.273729 0.725707 -0.684173 -0.07251 0.713941 -0.68498 0.145225 0.655009 -0.605423 0.452135 0.329118 -0.622357 0.710178 -0.054208 -0.618185 0.784161 -0.241125 -0.76302 0.599716 -0.550324 -0.564143 0.615537 -0.579884 -0.735211 0.350997 -0.717794 -0.671073 0.18556 -0.987276 0.007772 -0.158826 -0.835495 0.012582 -0.549353 -0.550848 0.019172 -0.834385 -0.19246 0.016509 -0.981166 0.183512 0.015067 -0.982902 0.483195 0.015031 -0.875384 0.762026 0.016903 -0.647326 0.933928 0.01519 -0.357138 0.997036 0.007447 -0.076569 -0.981159 -0.001199 -0.193197 -0.858876 -0.010257 -0.512082 -0.638164 -0.010414 -0.76983 -0.354572 -0.015119 -0.934906 -0.032478 -0.014331 -0.99937 0.288807 -0.015489 -0.957262 0.613661 -0.016422 -0.789398 0.847379 -0.015079 -0.530774 0.974806 -0.015145 -0.222539 0.985553 -0.004119 0.169318 0.976597 0.002436 0.215063 0.832881 0.011574 0.553331 0.479263 0.02743 0.877243 0.003905 0.011843 0.999922 -0.384805 0.006553 0.922975 -0.644508 0.004719 0.764583 -0.860148 0.008922 0.509967 -0.980006 0.002224 0.198954 0.875998 -0.004138 0.482296 0.633384 -0.013305 0.773723 0.307647 -0.008239 0.951465 -0.030254 -0.008001 0.99951 -0.420966 -0.013638 0.906974 -0.798894 -0.02011 0.601135 -0.979583 -0.010193 0.200783 0 1 0 0 1 0 0 1 0 0 1 0 0 1 0 0 1 0 0 1 0 0 1 0 0 1 0 0 1 0 0 1 0 0 1 0 0 1 0 0 1 0 0 1 0 0 1 0 0 1 0 0 1 0 0 1 0 0 1 0 0 1 0 0 1 0 0 1 0 0 1 0 0 1 0 0 1 0 0 1 0 0 1 0 0 1 0 0 1 0 0 1 0 0 1 0 0 1 0 0 1 0 0 1 0 0.235844 -0.507179 -0.828943 0.235844 -0.507179 -0.828943 0.235844 -0.507179 -0.828943 -0.75758 -0.58932 -0.280668 -0.75758 -0.58932 -0.280668 -0.75758 -0.58932 -0.280668 -0.608279 -0.787184 0.101681 -0.608279 -0.787184 0.101681 -0.608279 -0.787184 0.101681 -0.452898 -0.064732 0.889209 -0.452898 -0.064732 0.889209 -0.452898 -0.064732 0.889209 0.658105 -0.45632 0.598891 0.658105 -0.45632 0.598891 0.658105 -0.45632 0.598891 0.898417 0.201364 0.390256 0.898417 0.201364 0.390256 0.898417 0.201364 0.390256</float_array>
          <technique_common>
            <accessor count="1615" source="#link6_motor_housing-normals-array" stride="3">
              <param type="float" name="X"/>
              <param type="float" name="Y"/>
              <param type="float" name="Z"/>
            </accessor>
          </technique_common>
        </source>
        <vertices id="link6_motor_housing-positions-vertices">
          <input semantic="POSITION" source="#link6_motor_housing-positions"/>
        </vertices>
        <triangles count="1980" material="link6_motor_housing-binding">
          <input offset="0" semantic="VERTEX" source="#link6_motor_housing-positions-vertices"/>
          <input offset="1" semantic="NORMAL" source="#link6_motor_housing-normals"/>
          <p>65 65 6 6 5 5 178 178 176 176 156 156 180 180 156 156 155 155 180 180 178 178 156 156 181 181 178 178 180 180 181 181 179 179 178 178 182 182 155 155 154 154 182 182 180 180 155 155 181 181 180 180 182 182 183 183 179 179 181 181 182 182 154 154 153 153 184 184 181 181 182 182 183 183 181 181 184 184 185 185 182 182 153 153 184 184 182 182 185 185 185 185 153 153 152 152 186 186 183 183 184 184 186 186 184 184 185 185 187 187 185 185 152 152 187 187 152 152 151 151 187 187 186 186 185 185 188 188 187 187 151 151 189 189 187 187 188 188 188 188 151 151 150 150 189 189 186 186 187 187 190 190 183 183 186 186 179 179 177 177 178 178 191 191 188 188 150 150 178 178 177 177 175 175 178 178 175 175 176 176 163 163 93 93 164 164 166 166 164 164 161 161 166 166 163 163 164 164 167 167 163 163 166 166 166 166 161 161 160 160 167 167 165 165 163 163 168 168 167 167 166 166 169 169 166 166 160 160 170 170 167 167 168 168 168 168 166 166 169 169 171 171 168 168 169 169 171 171 169 169 159 159 172 172 167 167 170 170 172 172 170 170 168 168 173 173 171 171 159 159 172 172 168 168 171 171 173 173 172 172 171 171 158 158 173 173 159 159 174 174 172 172 173 173 175 175 173 173 158 158 174 174 173 173 175 175 177 177 172 172 174 174 176 176 158 158 157 157 176 176 175 175 158 158 177 177 174 174 175 175 156 156 176 176 157 157 165 165 113 113 163 163 191 191 189 189 188 188 149 149 191 191 150 150 150 150 215 215 216 216 215 215 151 151 152 152 215 215 150 150 151 151 152 152 214 214 215 215 153 153 214 214 152 152 153 153 213 213 214 214 154 154 213 213 153 153 154 154 212 212 213 213 155 155 212 212 154 154 155 155 211 211 212 212 210 210 155 155 156 156 210 210 156 156 157 157 210 210 211 211 155 155 157 157 209 209 210 210 208 208 158 158 159 159 208 208 157 157 158 158 208 208 209 209 157 157 159 159 207 207 208 208 159 159 206 206 207 207 205 205 159 159 169 169 205 205 206 206 159 159 204 204 205 205 169 169 204 204 169 169 160 160 161 161 204 204 160 160 161 161 203 203 204 204 150 150 216 216 217 217 190 190 186 186 189 189 217 217 192 192 149 149 192 192 217 217 218 218 192 192 191 191 149 149 190 190 189 189 191 191 193 193 191 191 192 192 193 193 190 190 191 191 194 194 193 193 192 192 195 195 190 190 193 193 196 196 194 194 148 148 196 196 193 193 194 194 197 197 193 193 196 196 197 197 195 195 193 193 198 198 196 196 148 148 199 199 197 197 196 196 199 199 196 196 198 198 91 91 198 198 90 90 91 91 199 199 198 198 199 199 91 91 92 92 197 197 199 199 92 92 220 220 89 89 90 90 220 220 90 90 198 198 220 220 200 200 89 89 148 148 220 220 198 198 148 148 219 219 220 220 218 218 148 148 194 194 218 218 219 219 148 148 192 192 218 218 194 194 217 217 149 149 150 150 164 164 93 93 162 162 163 163 113 113 93 93 144 144 113 113 165 165 121 121 126 126 82 82 114 114 90 90 89 89 114 114 91 91 90 90 114 114 89 89 112 112 115 115 114 114 112 112 116 116 91 91 114 114 117 117 92 92 91 91 117 117 91 91 116 116 116 116 114 114 115 115 118 118 115 115 111 111 118 118 116 116 115 115 119 119 118 118 111 111 110 110 119 119 111 111 120 120 116 116 118 118 117 117 116 116 120 120 120 120 118 118 119 119 121 121 117 117 120 120 122 122 119 119 110 110 121 121 120 120 123 123 123 123 119 119 122 122 123 123 120 120 119 119 122 122 110 110 109 109 124 124 122 122 109 109 124 124 123 123 122 122 125 125 123 123 124 124 126 126 83 83 82 82 121 121 123 123 125 125 121 121 82 82 117 117 117 117 82 82 81 81 74 74 172 172 75 75 76 76 177 177 179 179 74 74 167 167 172 172 73 73 167 167 74 74 73 73 165 165 167 167 76 76 179 179 183 183 77 77 76 76 183 183 73 73 144 144 165 165 88 88 144 144 73 73 190 190 77 77 183 183 87 87 144 144 88 88 78 78 77 77 190 190 87 87 139 139 144 144 79 79 78 78 190 190 86 86 139 139 87 87 134 134 139 139 86 86 85 85 134 134 86 86 195 195 80 80 79 79 197 197 80 80 195 195 129 129 134 134 85 85 129 129 85 85 84 84 92 92 81 81 80 80 92 92 80 80 197 197 117 117 81 81 92 92 129 129 84 84 83 83 126 126 129 129 83 83 108 108 124 124 109 109 125 125 124 124 108 108 126 126 121 121 125 125 99 99 138 138 100 100 140 140 137 137 138 138 139 139 137 137 140 140 98 98 138 138 99 99 141 141 138 138 98 98 141 141 140 140 138 138 142 142 140 140 141 141 142 142 139 139 140 140 143 143 98 98 97 97 143 143 141 141 98 98 144 144 139 139 142 142 142 142 141 141 143 143 146 146 97 97 96 96 145 145 142 142 143 143 146 146 143 143 97 97 144 144 142 142 145 145 145 145 143 143 146 146 146 146 96 96 95 95 147 147 146 146 95 95 147 147 145 145 146 146 144 144 145 145 147 147 147 147 94 94 93 93 147 147 95 95 94 94 147 147 93 93 113 113 113 113 144 144 147 147 139 139 134 134 137 137 137 137 136 136 138 138 138 138 136 136 100 100 137 137 134 134 135 135 127 127 108 108 107 107 127 127 125 125 108 108 127 127 126 126 125 125 127 127 107 107 106 106 128 128 127 127 106 106 129 129 126 126 127 127 105 105 128 128 106 106 130 130 128 128 105 105 129 129 127 127 128 128 131 131 128 128 130 130 130 130 105 105 104 104 131 131 129 129 128 128 161 161 202 202 203 203 132 132 130 130 104 104 132 132 104 104 103 103 133 133 131 131 132 132 133 133 132 132 103 103 134 134 131 131 133 133 134 134 129 129 131 131 102 102 133 133 103 103 135 135 133 133 102 102 134 134 133 133 135 135 136 136 102 102 101 101 136 136 135 135 102 102 137 137 135 135 136 136 136 136 101 101 100 100 132 132 131 131 130 130 76 76 75 75 177 177 162 162 161 161 164 164 162 162 201 201 202 202 305 305 272 272 271 271 304 304 303 303 72 72 305 305 271 271 303 303 306 306 304 304 72 72 304 304 305 305 303 303 307 307 305 305 304 304 308 308 307 307 304 304 273 273 272 272 305 305 307 307 273 273 305 305 306 306 308 308 304 304 307 307 274 274 273 273 309 309 274 274 307 307 309 309 307 307 308 308 309 309 275 275 274 274 309 309 308 308 306 306 310 310 309 309 306 306 311 311 275 275 309 309 312 312 311 311 309 309 276 276 275 275 311 311 313 313 312 312 309 309 313 313 309 309 310 310 312 312 276 276 311 311 315 315 277 277 276 276 314 314 312 312 313 313 315 315 276 276 312 312 303 303 271 271 302 302 315 315 312 312 314 314 72 72 303 303 301 301 303 303 302 302 301 301 292 292 288 288 289 289 293 293 266 266 265 265 291 291 292 292 289 289 292 292 293 293 265 265 294 294 292 292 291 291 294 294 293 293 292 292 295 295 267 267 293 293 295 295 293 293 294 294 296 296 268 268 267 267 297 297 295 295 294 294 296 296 267 267 295 295 297 297 294 294 291 291 298 298 296 296 295 295 269 269 268 268 296 296 299 299 298 298 295 295 298 298 269 269 296 296 299 299 295 295 297 297 300 300 269 269 298 298 301 301 300 300 298 298 270 270 269 269 300 300 301 301 298 298 299 299 72 72 299 299 297 297 302 302 270 270 300 300 72 72 301 301 299 299 302 302 300 300 301 301 302 302 271 271 270 270 292 292 265 265 288 288 316 316 278 278 277 277 316 316 277 277 315 315 103 103 270 270 271 271 103 103 269 269 270 270 104 104 269 269 103 103 268 268 105 105 106 106 268 268 104 104 105 105 268 268 269 269 104 104 267 267 268 268 106 106 267 267 106 106 107 107 266 266 107 107 108 108 266 266 267 267 107 107 266 266 293 293 267 267 265 265 108 108 109 109 265 265 266 266 108 108 264 264 265 265 109 109 264 264 109 109 110 110 263 263 264 264 110 110 111 111 263 263 110 110 111 111 261 261 262 262 111 111 262 262 263 263 261 261 111 111 115 115 261 261 115 115 112 112 112 112 89 89 200 200 112 112 200 200 259 259 112 112 259 259 260 260 112 112 260 260 261 261 271 271 102 102 103 103 317 317 315 315 314 314 271 271 101 101 102 102 101 101 272 272 273 273 318 318 317 317 314 314 318 318 314 314 313 313 317 317 316 316 315 315 279 279 221 221 201 201 316 316 279 279 278 278 316 316 221 221 279 279 316 316 222 222 221 221 222 222 316 316 317 317 223 223 222 222 317 317 223 223 317 317 318 318 279 279 93 93 94 94 279 279 94 94 95 95 279 279 201 201 93 93 96 96 279 279 95 95 96 96 278 278 279 279 96 96 277 277 278 278 97 97 277 277 96 96 97 97 276 276 277 277 275 275 98 98 99 99 275 275 97 97 98 98 275 275 276 276 97 97 99 99 274 274 275 275 273 273 100 100 101 101 273 273 99 99 100 100 273 273 274 274 99 99 101 101 271 271 272 272 291 291 289 289 290 290 265 265 264 264 288 288 289 289 288 288 287 287 69 69 236 236 234 234 210 210 209 209 235 235 237 237 210 210 235 235 239 239 236 236 69 69 238 238 237 237 235 235 237 237 211 211 210 210 238 238 235 235 236 236 239 239 238 238 236 236 240 240 211 211 237 237 240 240 237 237 238 238 212 212 211 211 240 240 240 240 238 238 239 239 242 242 212 212 240 240 241 241 240 240 239 239 243 243 242 242 240 240 242 242 213 213 212 212 243 243 240 240 241 241 244 244 213 213 242 242 244 244 242 242 243 243 214 214 213 213 244 244 246 246 244 244 243 243 245 245 214 214 244 244 246 246 243 243 241 241 245 245 244 244 246 246 247 247 215 215 214 214 236 236 235 235 234 234 247 247 214 214 245 245 235 235 233 233 234 234 235 235 209 209 233 233 162 162 202 202 161 161 202 202 201 201 221 221 222 222 202 202 221 221 226 226 202 202 222 222 227 227 226 226 222 222 227 227 222 222 223 223 228 228 203 203 202 202 228 228 202 202 226 226 204 204 203 203 228 228 229 229 204 204 228 228 230 230 226 226 227 227 231 231 228 228 226 226 231 231 229 229 228 228 230 230 231 231 226 226 229 229 205 205 204 204 206 206 205 205 229 229 232 232 206 206 229 229 232 232 229 229 231 231 69 69 232 232 231 231 69 69 231 231 230 230 233 233 207 207 206 206 233 233 206 206 232 232 234 234 233 233 232 232 208 208 207 207 233 233 209 209 208 208 233 233 69 69 234 234 232 232 248 248 245 245 246 246 248 248 247 247 245 245 247 247 216 216 215 215 224 224 259 259 200 200 281 281 259 259 224 224 280 280 225 225 71 71 281 281 224 224 225 225 280 280 281 281 225 225 260 260 259 259 281 281 282 282 281 281 280 280 283 283 282 282 280 280 283 283 280 280 71 71 282 282 260 260 281 281 262 262 261 261 260 260 284 284 262 262 260 260 284 284 260 260 282 282 286 286 284 284 282 282 286 286 282 282 283 283 285 285 262 262 284 284 285 285 263 263 262 262 287 287 263 263 285 285 287 287 285 285 284 284 290 290 286 286 283 283 288 288 264 264 263 263 287 287 284 284 286 286 288 288 263 263 287 287 289 289 287 287 286 286 290 290 289 289 286 286 256 256 70 70 71 71 71 71 257 257 256 256 71 71 225 225 257 257 225 225 258 258 257 257 249 249 247 247 248 248 250 250 216 216 247 247 249 249 248 248 246 246 250 250 247 247 249 249 250 250 217 217 216 216 251 251 249 249 246 246 251 251 250 250 249 249 252 252 217 217 250 250 252 252 218 218 217 217 252 252 250 250 251 251 253 253 218 218 252 252 254 254 252 252 251 251 162 162 93 93 201 201 255 255 253 253 252 252 255 255 252 252 254 254 219 219 218 218 253 253 256 256 255 255 254 254 257 257 253 253 255 255 257 257 255 255 256 256 258 258 219 219 253 253 258 258 253 253 257 257 256 256 254 254 70 70 258 258 220 220 219 219 224 224 220 220 258 258 224 224 200 200 220 220 225 225 224 224 258 258 254 254 251 251 70 70 75 75 172 172 177 177 195 195 79 79 190 190 16 16 15 15 45 45 24 24 283 283 71 71 24 24 71 71 25 25 39 39 38 38 291 291 38 38 297 297 291 291 15 15 46 46 45 45 25 25 71 71 26 26 38 38 37 37 297 297 30 30 29 29 1 1 37 37 72 72 297 297 16 16 45 45 44 44 26 26 71 71 27 27 27 27 71 71 70 70 29 29 70 70 1 1 46 46 15 15 72 72 46 46 72 72 35 35 27 27 70 70 28 28 35 35 72 72 36 36 1 1 70 70 2 2 15 15 14 14 72 72 14 14 310 310 72 72 37 37 36 36 72 72 2 2 70 70 251 251 0 0 30 30 1 1 23 23 31 31 0 0 18 18 290 290 19 19 18 18 291 291 290 290 19 19 290 290 283 283 18 18 17 17 291 291 19 19 283 283 20 20 17 17 39 39 291 291 20 20 283 283 24 24 17 17 40 40 39 39 20 20 24 24 34 34 0 0 31 31 30 30 17 17 41 41 40 40 20 20 34 34 21 21 16 16 42 42 41 41 21 21 33 33 22 22 21 21 34 34 33 33 22 22 33 33 32 32 16 16 43 43 42 42 22 22 32 32 23 23 23 23 32 32 31 31 16 16 44 44 43 43 17 17 16 16 41 41 2 2 251 251 3 3 29 29 28 28 70 70 251 251 246 246 3 3 230 230 47 47 9 9 239 239 6 6 63 63 12 12 11 11 53 53 14 14 13 13 310 310 239 239 69 69 7 7 239 239 7 7 6 6 230 230 8 8 69 69 230 230 9 9 8 8 68 68 5 5 4 4 69 69 8 8 7 7 68 68 67 67 5 5 54 54 11 11 55 55 63 63 6 6 64 64 47 47 57 57 9 9 67 67 66 66 5 5 64 64 6 6 65 65 55 55 11 11 10 10 55 55 10 10 56 56 57 57 10 10 9 9 66 66 65 65 5 5 57 57 56 56 10 10 227 227 48 48 47 47 227 227 47 47 230 230 53 53 11 11 54 54 246 246 59 59 58 58 313 313 13 13 12 12 313 313 12 12 318 318 246 246 4 4 3 3 58 58 68 68 4 4 318 318 52 52 51 51 318 318 12 12 52 52 246 246 58 58 4 4 318 318 51 51 223 223 310 310 13 13 313 313 246 246 241 241 60 60 223 223 51 51 50 50 223 223 50 50 49 49 241 241 239 239 61 61 241 241 61 61 60 60 223 223 49 49 227 227 239 239 62 62 61 61 227 227 49 49 48 48 12 12 53 53 52 52 239 239 63 63 62 62 246 246 60 60 59 59 334 334 333 333 325 325 333 333 332 332 325 325 329 329 330 330 328 328 326 326 334 334 325 325 332 332 331 331 324 324 335 335 334 334 326 326 332 332 324 324 325 325 337 337 336 336 327 327 338 338 337 337 327 327 328 328 338 338 327 327 339 339 338 338 328 328 330 330 339 339 328 328 327 327 336 336 326 326 331 331 349 349 324 324 336 336 335 335 326 326 349 349 348 348 323 323 349 349 323 323 324 324 341 341 340 340 319 319 320 320 341 341 319 319 342 342 341 341 320 320 321 321 343 343 320 320 344 344 343 343 321 321 343 343 342 342 320 320 322 322 344 344 321 321 345 345 344 344 322 322 346 346 345 345 322 322 347 347 346 346 322 322 347 347 322 322 323 323 348 348 347 347 323 323 374 374 375 375 356 356 378 378 379 379 351 351 378 378 352 352 353 353 376 376 377 377 354 354 375 375 355 355 356 356 375 375 376 376 355 355 378 378 351 351 352 352 374 374 356 356 357 357 370 370 371 371 350 350 373 373 357 357 358 358 372 372 373 373 358 358 372 372 358 358 359 359 371 371 372 372 359 359 371 371 359 359 350 350 377 377 378 378 353 353 379 379 380 380 351 351 376 376 354 354 355 355 373 373 374 374 357 357 380 380 369 369 351 351 377 377 353 353 354 354 381 381 368 368 369 369 388 388 360 360 361 361 387 387 361 361 362 362 387 387 388 388 361 361 387 387 362 362 363 363 386 386 387 387 363 363 380 380 381 381 369 369 385 385 386 386 364 364 386 386 363 363 364 364 384 384 385 385 365 365 384 384 365 365 366 366 383 383 384 384 366 366 383 383 366 366 367 367 382 382 383 383 367 367 382 382 367 367 368 368 381 381 382 382 368 368 385 385 364 364 365 365 388 388 389 389 360 360 393 393 391 391 392 392 393 393 390 390 391 391 397 397 394 394 395 395 397 397 395 395 396 396 400 400 401 401 398 398 399 399 400 400 398 398 402 402 424 424 423 423 431 431 416 416 417 417 431 431 432 432 416 416 430 430 417 417 418 418 429 429 430 430 418 418 429 429 418 418 419 419 428 428 429 429 419 419 428 428 419 419 420 420 427 427 428 428 420 420 426 426 427 427 421 421 426 426 421 421 422 422 425 425 426 426 422 422 425 425 422 422 423 423 424 424 425 425 423 423 402 402 423 423 403 403 427 427 420 420 421 421 432 432 415 415 416 416 430 430 431 431 417 417 433 433 414 414 415 415 405 405 404 404 406 406 432 432 433 433 415 415 441 441 405 405 406 406 440 440 441 441 407 407 440 440 407 407 408 408 439 439 440 440 408 408 439 439 408 408 409 409 438 438 439 439 409 409 438 438 409 409 410 410 441 441 406 406 407 407 437 437 410 410 411 411 436 436 437 437 411 411 436 436 411 411 412 412 435 435 436 436 412 412 434 434 412 412 413 413 434 434 435 435 412 412 433 433 434 434 413 413 437 437 438 438 410 410 433 433 413 413 414 414 469 469 455 455 468 468 456 456 455 455 469 469 457 457 456 456 469 469 470 470 457 457 469 469 458 458 457 457 470 470 460 460 459 459 471 471 471 471 459 459 470 470 461 461 460 460 471 471 472 472 461 461 471 471 462 462 461 461 472 472 455 455 454 454 468 468 459 459 458 458 470 470 454 454 453 453 468 468 448 448 447 447 464 464 468 468 453 453 467 467 453 453 452 452 467 467 452 452 451 451 467 467 451 451 466 466 467 467 451 451 450 450 466 466 449 449 465 465 466 466 449 449 448 448 465 465 448 448 464 464 465 465 447 447 446 446 464 464 446 446 445 445 463 463 446 446 463 463 464 464 445 445 443 443 442 442 445 445 442 442 463 463 473 473 462 462 472 472 444 444 462 462 473 473 450 450 449 449 466 466 477 477 474 474 475 475 477 477 475 475 476 476 499 499 498 498 483 483 500 500 499 499 483 483 484 484 500 500 483 483 501 501 500 500 484 484 502 502 501 501 484 484 485 485 502 502 484 484 503 503 502 502 485 485 505 505 504 504 485 485 498 498 497 497 482 482 505 505 485 485 486 486 506 506 505 505 486 486 506 506 486 486 487 487 507 507 506 506 487 487 508 508 507 507 487 487 508 508 487 487 488 488 489 489 508 508 488 488 483 483 498 498 482 482 497 497 496 496 482 482 504 504 503 503 485 485 496 496 495 495 481 481 495 495 494 494 481 481 494 494 480 480 481 481 494 494 493 493 480 480 493 493 492 492 480 480 492 492 479 479 480 480 492 492 491 491 479 479 491 491 490 490 479 479 490 490 478 478 479 479 482 482 496 496 481 481 512 512 510 510 511 511 511 511 510 510 509 509 586 586 520 520 587 587 575 575 574 574 514 514 589 589 519 519 518 518 575 575 514 514 513 513 582 582 517 517 583 583 583 583 517 517 516 516 590 590 589 589 518 518 576 576 575 575 513 513 583 583 516 516 573 573 577 577 576 576 513 513 536 536 577 577 513 513 585 585 520 520 586 586 574 574 515 515 514 514 528 528 553 553 562 562 587 587 520 520 519 519 573 573 516 516 515 515 574 574 573 573 515 515 587 587 519 519 588 588 530 530 529 529 551 551 529 529 552 552 551 551 530 530 551 551 568 568 529 529 562 562 552 552 530 530 568 568 531 531 529 529 528 528 562 562 531 531 568 568 567 567 584 584 520 520 585 585 589 589 588 588 519 519 521 521 520 520 584 584 531 531 567 567 566 566 521 521 584 584 594 594 560 560 559 559 548 548 571 571 534 534 533 533 560 560 548 548 547 547 570 570 542 542 541 541 557 557 523 523 558 558 557 557 524 524 523 523 569 569 542 542 570 570 563 563 572 572 533 533 561 561 560 560 547 547 561 561 547 547 552 552 562 562 561 561 552 552 533 533 564 564 563 563 568 568 542 542 569 569 525 525 557 557 556 556 525 525 524 524 557 557 568 568 551 551 542 542 532 532 564 564 533 533 526 526 525 525 556 556 532 532 565 565 564 564 537 537 556 556 555 555 537 537 526 526 556 556 532 532 566 566 565 565 537 537 555 555 554 554 527 527 537 537 554 554 528 528 527 527 554 554 528 528 554 554 553 553 531 531 566 566 532 532 558 558 523 523 548 548 571 571 540 540 534 534 572 572 571 571 533 533 558 558 548 548 559 559 545 545 518 518 517 517 544 544 518 518 545 545 545 545 517 517 582 582 544 544 590 590 518 518 546 546 545 545 582 582 544 544 591 591 590 590 546 546 582 582 581 581 543 543 591 591 544 544 543 543 592 592 591 591 538 538 581 581 580 580 570 570 541 541 571 571 543 543 593 593 592 592 550 550 593 593 543 543 535 535 578 578 536 536 538 538 546 546 581 581 539 539 538 538 580 580 571 571 541 541 540 540 523 523 549 549 548 548 535 535 579 579 578 578 523 523 522 522 549 549 534 534 540 540 535 535 540 540 539 539 535 535 536 536 578 578 577 577 539 539 579 579 535 535 549 549 593 593 550 550 549 549 594 594 593 593 522 522 521 521 594 594 539 539 580 580 579 579 549 549 522 522 594 594 598 598 595 595 596 596 597 597 598 598 596 596 600 600 602 602 599 599 600 600 601 601 602 602 603 603 606 606 605 605 604 604 603 603 605 605 610 610 607 607 608 608 609 609 610 610 608 608 612 612 614 614 613 613 612 612 611 611 614 614 618 618 615 615 616 616 617 617 615 615 618 618 622 622 621 621 620 620 622 622 620 620 619 619 624 624 644 644 645 645 642 642 641 641 643 643 641 641 653 653 643 643 641 641 640 640 653 653 640 640 639 639 653 653 639 639 652 652 653 653 638 638 651 651 652 652 638 638 637 637 651 651 637 637 636 636 651 651 636 636 635 635 651 651 651 651 635 635 650 650 635 635 634 634 650 650 634 634 633 633 650 650 639 639 638 638 652 652 633 633 632 632 649 649 624 624 623 623 644 644 625 625 624 624 645 645 650 650 633 633 649 649 626 626 625 625 645 645 626 626 645 645 646 646 628 628 646 646 647 647 628 628 627 627 646 646 627 627 626 626 646 646 629 629 628 628 647 647 630 630 629 629 647 647 648 648 630 630 647 647 631 631 630 630 648 648 649 649 631 631 648 648 632 632 631 631 649 649 654 654 686 686 685 685 662 662 683 683 661 661 662 662 684 684 683 683 662 662 685 685 684 684 654 654 685 685 662 662 661 661 683 683 682 682 655 655 687 687 686 686 657 657 690 690 656 656 655 655 688 688 687 687 656 656 688 688 655 655 656 656 689 689 688 688 656 656 690 690 689 689 657 657 669 669 690 690 658 658 669 669 657 657 661 661 682 682 660 660 655 655 686 686 654 654 660 660 682 682 681 681 668 668 672 672 667 667 659 659 681 681 680 680 658 658 670 670 669 669 658 658 671 671 670 670 667 667 671 671 658 658 668 668 673 673 672 672 668 668 674 674 673 673 663 663 675 675 674 674 663 663 674 674 668 668 660 660 681 681 659 659 664 664 675 675 663 663 664 664 677 677 676 676 665 665 677 677 664 664 665 665 678 678 677 677 666 666 678 678 665 665 666 666 679 679 678 678 659 659 679 679 666 666 659 659 680 680 679 679 664 664 676 676 675 675 667 667 672 672 671 671 695 695 729 729 694 694 703 703 722 722 723 723 692 692 731 731 691 691 693 693 731 731 692 692 693 693 730 730 731 731 694 694 730 730 693 693 695 695 728 728 729 729 696 696 728 728 695 695 697 697 728 728 696 696 697 697 727 727 728 728 698 698 727 727 697 697 698 698 726 726 727 727 699 699 726 726 698 698 699 699 725 725 726 726 700 700 725 725 699 699 700 700 724 724 725 725 701 701 724 724 700 700 701 701 723 723 724 724 702 702 723 723 701 701 691 691 731 731 713 713 691 691 713 713 712 712 694 694 729 729 730 730 712 712 714 714 711 711 703 703 723 723 702 702 704 704 722 722 703 703 712 712 713 713 714 714 705 705 721 721 704 704 705 705 720 720 721 721 706 706 720 720 705 705 706 706 719 719 720 720 707 707 719 719 706 706 707 707 718 718 719 719 704 704 721 721 722 722 708 708 717 717 718 718 709 709 717 717 708 708 709 709 716 716 717 717 710 710 716 716 709 709 710 710 715 715 716 716 711 711 715 715 710 710 711 711 714 714 715 715 708 708 718 718 707 707 765 765 736 736 735 735 743 743 761 761 760 760 743 743 760 760 744 744 736 736 765 765 764 764 742 742 761 761 743 743 737 737 736 736 764 764 737 737 764 764 752 752 742 742 754 754 761 761 739 739 738 738 751 751 738 738 737 737 752 752 738 738 752 752 751 751 740 740 753 753 754 754 740 740 754 754 741 741 739 739 751 751 753 753 765 765 735 735 762 762 740 740 739 739 753 753 741 741 754 754 742 742 735 735 734 734 762 762 757 757 756 756 748 748 762 762 734 734 763 763 756 756 749 749 748 748 760 760 745 745 744 744 757 757 748 748 747 747 755 755 750 750 749 749 755 755 732 732 750 750 758 758 747 747 746 746 755 755 749 749 756 756 763 763 732 732 755 755 763 763 733 733 732 732 759 759 758 758 746 746 759 759 746 746 745 745 763 763 734 734 733 733 760 760 759 759 745 745 758 758 757 757 747 747 767 767 769 769 768 768 767 767 768 768 766 766 774 774 772 772 773 773 773 773 775 775 774 774 775 775 771 771 770 770 775 775 773 773 771 771 798 798 797 797 799 799 799 799 784 784 783 783 799 799 783 783 782 782 797 797 785 785 784 784 797 797 776 776 785 785 799 799 797 797 784 784 796 796 786 786 785 785 809 809 795 795 794 794 800 800 799 799 782 782 796 796 785 785 776 776 792 792 806 806 805 805 792 792 791 791 806 806 792 792 805 805 793 793 791 791 807 807 806 806 793 793 805 805 804 804 793 793 804 804 777 777 790 790 808 808 807 807 777 777 804 804 778 778 790 790 789 789 808 808 778 778 804 804 803 803 789 789 809 809 808 808 791 791 790 790 807 807 779 779 803 803 802 802 778 778 803 803 779 779 795 795 787 787 796 796 801 801 782 782 781 781 801 801 781 781 780 780 802 802 801 801 780 780 801 801 800 800 782 782 802 802 780 780 779 779 809 809 788 788 795 795 789 789 788 788 809 809 788 788 787 787 795 795 787 787 786 786 796 796 840 840 824 824 839 839 842 842 821 821 822 822 839 839 824 824 838 838 840 840 823 823 824 824 841 841 823 823 840 840 841 841 822 822 823 823 842 842 822 822 841 841 827 827 819 819 844 844 843 843 820 820 821 821 844 844 820 820 843 843 844 844 819 819 820 820 837 837 826 826 836 836 836 836 826 826 810 810 838 838 824 824 825 825 827 827 818 818 819 819 843 843 821 821 842 842 838 838 825 825 837 837 832 832 815 815 831 831 836 836 810 810 811 811 828 828 818 818 827 827 828 828 817 817 818 818 829 829 817 817 828 828 829 829 816 816 817 817 837 837 825 825 826 826 831 831 816 816 830 830 831 831 815 815 816 816 830 830 816 816 829 829 832 832 813 813 814 814 833 833 813 813 832 832 833 833 812 812 813 813 834 834 812 812 833 833 835 835 812 812 834 834 835 835 811 811 812 812 836 836 811 811 835 835 832 832 814 814 815 815 855 855 845 845 870 870 870 870 845 845 878 878 870 870 878 878 869 869 868 868 877 877 876 876 869 869 878 878 877 877 869 869 877 877 868 868 868 868 876 876 867 867 865 865 874 874 873 873 867 867 875 875 866 866 863 863 854 854 862 862 867 867 876 876 875 875 862 862 854 854 853 853 862 862 853 853 861 861 861 861 853 853 852 852 861 861 852 852 860 860 860 860 852 852 851 851 860 860 851 851 859 859 859 859 850 850 858 858 858 858 850 850 849 849 858 858 849 849 848 848 858 858 848 848 857 857 859 859 851 851 850 850 857 857 847 847 846 846 866 866 875 875 874 874 857 857 848 848 847 847 865 865 873 873 872 872 865 865 872 872 864 864 864 864 872 872 871 871 866 866 874 874 865 865 863 863 871 871 854 854 855 855 846 846 845 845 856 856 846 846 855 855 857 857 846 846 856 856 864 864 871 871 863 863 885 885 895 895 896 896 879 879 891 891 892 892 879 879 892 892 880 880 880 880 892 892 893 893 880 880 893 893 887 887 887 887 893 893 894 894 887 887 895 895 886 886 887 887 894 894 895 895 886 886 895 895 885 885 885 885 896 896 884 884 884 884 897 897 883 883 883 883 897 897 898 898 883 883 898 898 882 882 882 882 898 898 899 899 882 882 899 899 881 881 881 881 899 899 900 900 881 881 900 900 901 901 881 881 901 901 889 889 889 889 901 901 902 902 888 888 902 902 890 890 889 889 902 902 888 888 884 884 896 896 897 897 907 907 905 905 906 906 907 907 904 904 905 905 907 907 903 903 904 904 910 910 908 908 909 909 911 911 908 908 910 910 912 912 914 914 913 913 912 912 915 915 914 914 916 916 918 918 917 917 917 917 918 918 919 919 923 923 920 920 921 921 923 923 921 921 922 922 930 930 939 939 929 929 931 931 938 938 930 930 931 931 937 937 938 938 929 929 939 939 940 940 933 933 937 937 932 932 933 933 936 936 937 937 934 934 936 936 933 933 934 934 935 935 936 936 932 932 937 937 931 931 929 929 940 940 928 928 930 930 938 938 939 939 928 928 942 942 927 927 924 924 935 935 934 934 924 924 944 944 935 935 925 925 944 944 924 924 925 925 943 943 944 944 928 928 940 940 941 941 926 926 942 942 943 943 927 927 942 942 926 926 928 928 941 941 942 942 926 926 943 943 925 925 952 952 960 960 951 951 956 956 966 966 957 957 956 956 957 957 955 955 955 955 957 957 958 958 955 955 958 958 954 954 954 954 959 959 953 953 954 954 958 958 959 959 953 953 959 959 952 952 952 952 959 959 960 960 951 951 960 960 961 961 951 951 961 961 950 950 945 945 966 966 956 956 949 949 961 961 962 962 949 949 962 962 948 948 948 948 962 962 963 963 948 948 963 963 947 947 947 947 963 963 964 964 947 947 964 964 946 946 946 946 964 964 965 965 946 946 965 965 945 945 945 945 965 965 966 966 950 950 961 961 949 949 974 974 982 982 973 973 974 974 981 981 982 982 974 974 980 980 981 981 977 977 988 988 978 978 973 973 982 982 983 983 975 975 979 979 980 980 976 976 978 978 979 979 976 976 979 979 975 975 977 977 978 978 976 976 975 975 980 980 974 974 973 973 983 983 972 972 969 969 985 985 986 986 971 971 983 983 984 984 971 971 984 984 970 970 970 970 984 984 985 985 970 970 985 985 969 969 969 969 986 986 987 987 969 969 987 987 968 968 968 968 987 987 967 967 967 967 987 987 988 988 967 967 988 988 977 977 972 972 983 983 971 971 996 996 1004 1004 1005 1005 997 997 1004 1004 996 996 997 997 1003 1003 1004 1004 999 999 1000 1000 1001 1001 998 998 1002 1002 997 997 998 998 1001 1001 1002 1002 999 999 1001 1001 998 998 996 996 1005 1005 995 995 997 997 1002 1002 1003 1003 995 995 1005 1005 994 994 992 992 1007 1007 1008 1008 994 994 1006 1006 993 993 993 993 1006 1006 1007 1007 993 993 1007 1007 992 992 992 992 1008 1008 991 991 991 991 1008 1008 1009 1009 991 991 1009 1009 990 990 990 990 1009 1009 1010 1010 990 990 1010 1010 989 989 989 989 1000 1000 999 999 994 994 1005 1005 1006 1006 989 989 1010 1010 1000 1000 1013 1013 1012 1012 1011 1011 1014 1014 1015 1015 1016 1016 1054 1054 1037 1037 1053 1053 1223 1223 1232 1232 1233 1233 1223 1223 1231 1231 1232 1232 1223 1223 1222 1222 1231 1231 1222 1222 1230 1230 1231 1231 1222 1222 1249 1249 1230 1230 1222 1222 1221 1221 1249 1249 1108 1108 1211 1211 1083 1083 1108 1108 1083 1083 1082 1082 1211 1211 1210 1210 1084 1084 1211 1211 1084 1084 1083 1083 1210 1210 1209 1209 1084 1084 1209 1209 1085 1085 1084 1084 1209 1209 1208 1208 1085 1085 1208 1208 1086 1086 1085 1085 1208 1208 1207 1207 1086 1086 1207 1207 1087 1087 1086 1086 1207 1207 1206 1206 1087 1087 1206 1206 1205 1205 1088 1088 1206 1206 1088 1088 1087 1087 1205 1205 1204 1204 1089 1089 1205 1205 1089 1089 1088 1088 1204 1204 1090 1090 1089 1089 1204 1204 1203 1203 1090 1090 1221 1221 1220 1220 1286 1286 1203 1203 1092 1092 1091 1091 1224 1224 1223 1223 1233 1233 1224 1224 1233 1233 1234 1234 1224 1224 1234 1234 1235 1235 1224 1224 1235 1235 1236 1236 1232 1232 1231 1231 1253 1253 1254 1254 1253 1253 1252 1252 1253 1253 1231 1231 1252 1252 1254 1254 1252 1252 1079 1079 1231 1231 1230 1230 1252 1252 1252 1252 1248 1248 1079 1079 1252 1252 1230 1230 1248 1248 1248 1248 1230 1230 1249 1249 1212 1212 1247 1247 1251 1251 1212 1212 1229 1229 1247 1247 1229 1229 1246 1246 1247 1247 1229 1229 1245 1245 1246 1246 1203 1203 1202 1202 1092 1092 1229 1229 1244 1244 1245 1245 1228 1228 1243 1243 1244 1244 1228 1228 1242 1242 1243 1243 1228 1228 1227 1227 1242 1242 1227 1227 1241 1241 1242 1242 1227 1227 1240 1240 1241 1241 1227 1227 1226 1226 1240 1240 1226 1226 1239 1239 1240 1240 1226 1226 1225 1225 1238 1238 1226 1226 1238 1238 1239 1239 1225 1225 1237 1237 1238 1238 1225 1225 1236 1236 1237 1237 1225 1225 1224 1224 1236 1236 1229 1229 1228 1228 1244 1244 1233 1233 1232 1232 1253 1253 1202 1202 1093 1093 1092 1092 1201 1201 1094 1094 1093 1093 1137 1137 1138 1138 1180 1180 1137 1137 1180 1180 1179 1179 1135 1135 1165 1165 1134 1134 1134 1134 1165 1165 1174 1174 1138 1138 1181 1181 1180 1180 1138 1138 1139 1139 1181 1181 1134 1134 1173 1173 1123 1123 1134 1134 1174 1174 1173 1173 1139 1139 1182 1182 1181 1181 1123 1123 1173 1173 1172 1172 1139 1139 1183 1183 1182 1182 1123 1123 1172 1172 1171 1171 1123 1123 1171 1171 1133 1133 1133 1133 1171 1171 1170 1170 1139 1139 1184 1184 1183 1183 1139 1139 1140 1140 1184 1184 1179 1179 1178 1178 1189 1189 1165 1165 1191 1191 1166 1166 1166 1166 1191 1191 1192 1192 1178 1178 1188 1188 1189 1189 1166 1166 1192 1192 1167 1167 1170 1170 1169 1169 1133 1133 1184 1184 1140 1140 1175 1175 1178 1178 1177 1177 1188 1188 1169 1169 1132 1132 1133 1133 1135 1135 1191 1191 1165 1165 1137 1137 1179 1179 1189 1189 1137 1137 1189 1189 1190 1190 1135 1135 1190 1190 1191 1191 1201 1201 1121 1121 1094 1094 1121 1121 1201 1201 1123 1123 1201 1201 1134 1134 1123 1123 1201 1201 1202 1202 1134 1134 1202 1202 1135 1135 1134 1134 1202 1202 1203 1203 1135 1135 1203 1203 1136 1136 1135 1135 1203 1203 1204 1204 1137 1137 1203 1203 1137 1137 1136 1136 1204 1204 1205 1205 1138 1138 1204 1204 1138 1138 1137 1137 1205 1205 1139 1139 1138 1138 1202 1202 1201 1201 1093 1093 1205 1205 1206 1206 1139 1139 1207 1207 1140 1140 1139 1139 1207 1207 1208 1208 1140 1140 1208 1208 1141 1141 1140 1140 1208 1208 1209 1209 1141 1141 1209 1209 1142 1142 1141 1141 1209 1209 1210 1210 1142 1142 1210 1210 1143 1143 1142 1142 1210 1210 1211 1211 1143 1143 1211 1211 1122 1122 1143 1143 1211 1211 1108 1108 1122 1122 1136 1136 1190 1190 1135 1135 1136 1136 1137 1137 1190 1190 1206 1206 1207 1207 1139 1139 1255 1255 1233 1233 1253 1253 1254 1254 1255 1255 1253 1253 1255 1255 1234 1234 1233 1233 1305 1305 1285 1285 1284 1284 1304 1304 1283 1283 1303 1303 1304 1304 1284 1284 1283 1283 1303 1303 1302 1302 1301 1301 1303 1303 1283 1283 1302 1302 1283 1283 1282 1282 1302 1302 1301 1301 1302 1302 1300 1300 1302 1302 1282 1282 1300 1300 1282 1282 1281 1281 1300 1300 1301 1301 1300 1300 1299 1299 1300 1300 1281 1281 1280 1280 1300 1300 1298 1298 1299 1299 1300 1300 1280 1280 1298 1298 1280 1280 1279 1279 1298 1298 1299 1299 1298 1298 1295 1295 1298 1298 1297 1297 1295 1295 1298 1298 1279 1279 1297 1297 1295 1295 1297 1297 1296 1296 1279 1279 1278 1278 1297 1297 1297 1297 1294 1294 1296 1296 1297 1297 1278 1278 1294 1294 1296 1296 1294 1294 1295 1295 1295 1295 1294 1294 1293 1293 1294 1294 1277 1277 1293 1293 1294 1294 1278 1278 1277 1277 1305 1305 1284 1284 1304 1304 1286 1286 1285 1285 1305 1305 1306 1306 1286 1286 1305 1305 1248 1248 1249 1249 1286 1286 1220 1220 1285 1285 1286 1286 1220 1220 1284 1284 1285 1285 1220 1220 1219 1219 1284 1284 1219 1219 1283 1283 1284 1284 1219 1219 1218 1218 1282 1282 1219 1219 1282 1282 1283 1283 1218 1218 1281 1281 1282 1282 1218 1218 1217 1217 1281 1281 1217 1217 1280 1280 1281 1281 1217 1217 1279 1279 1280 1280 1217 1217 1216 1216 1279 1279 1216 1216 1278 1278 1279 1279 1293 1293 1291 1291 1292 1292 1216 1216 1215 1215 1278 1278 1215 1215 1276 1276 1277 1277 1215 1215 1275 1275 1276 1276 1215 1215 1214 1214 1275 1275 1214 1214 1274 1274 1275 1275 1214 1214 1213 1213 1274 1274 1213 1213 1273 1273 1274 1274 1213 1213 1272 1272 1273 1273 1213 1213 1212 1212 1271 1271 1213 1213 1271 1271 1272 1272 1212 1212 1251 1251 1271 1271 1306 1306 1079 1079 1248 1248 1248 1248 1286 1286 1306 1306 1215 1215 1277 1277 1278 1278 1293 1293 1276 1276 1291 1291 1293 1293 1277 1277 1276 1276 1276 1276 1275 1275 1291 1291 1265 1265 1243 1243 1263 1263 1243 1243 1242 1242 1263 1263 1265 1265 1263 1263 1264 1264 1264 1264 1263 1263 1261 1261 1261 1261 1263 1263 1262 1262 1263 1263 1241 1241 1262 1262 1263 1263 1242 1242 1241 1241 1262 1262 1241 1241 1240 1240 1262 1262 1260 1260 1261 1261 1262 1262 1240 1240 1260 1260 1261 1261 1260 1260 1080 1080 1240 1240 1239 1239 1260 1260 1266 1266 1265 1265 1264 1264 1260 1260 1259 1259 1080 1080 1260 1260 1239 1239 1238 1238 1259 1259 1238 1238 1237 1237 1259 1259 1258 1258 1256 1256 1259 1259 1236 1236 1258 1258 1259 1259 1237 1237 1236 1236 1256 1256 1258 1258 1257 1257 1236 1236 1235 1235 1258 1258 1257 1257 1258 1258 1235 1235 1257 1257 1255 1255 1256 1256 1257 1257 1235 1235 1255 1255 1235 1235 1234 1234 1255 1255 1256 1256 1255 1255 1254 1254 1260 1260 1238 1238 1259 1259 1167 1167 1192 1192 1193 1193 1244 1244 1243 1243 1265 1265 1267 1267 1266 1266 1264 1264 1292 1292 1291 1291 1081 1081 1291 1291 1275 1275 1274 1274 1081 1081 1291 1291 1290 1290 1291 1291 1274 1274 1290 1290 1081 1081 1290 1290 1289 1289 1290 1290 1274 1274 1273 1273 1290 1290 1273 1273 1289 1289 1289 1289 1273 1273 1272 1272 1289 1289 1288 1288 1081 1081 1289 1289 1272 1272 1288 1288 1288 1288 1272 1272 1271 1271 1081 1081 1288 1288 1287 1287 1266 1266 1244 1244 1265 1265 1288 1288 1250 1250 1287 1287 1287 1287 1250 1250 1270 1270 1250 1250 1271 1271 1251 1251 1269 1269 1270 1270 1250 1250 1269 1269 1250 1250 1251 1251 1251 1251 1247 1247 1269 1269 1270 1270 1268 1268 1267 1267 1270 1270 1269 1269 1268 1268 1269 1269 1247 1247 1268 1268 1247 1247 1245 1245 1268 1268 1267 1267 1268 1268 1266 1266 1268 1268 1244 1244 1266 1266 1268 1268 1245 1245 1244 1244 1288 1288 1271 1271 1250 1250 1169 1169 1194 1194 1132 1132 1203 1203 1091 1091 1090 1090 1175 1175 1187 1187 1176 1176 1019 1019 1085 1085 1020 1020 1018 1018 1085 1085 1019 1019 1084 1084 1085 1085 1018 1018 1017 1017 1084 1084 1018 1018 1083 1083 1084 1084 1017 1017 1082 1082 1083 1083 1017 1017 1037 1037 1082 1082 1017 1017 1085 1085 1086 1086 1020 1020 1107 1107 1082 1082 1037 1037 1106 1106 1107 1107 1036 1036 1035 1035 1106 1106 1036 1036 1105 1105 1106 1106 1035 1035 1034 1034 1105 1105 1035 1035 1104 1104 1105 1105 1034 1034 1103 1103 1104 1104 1034 1034 1033 1033 1103 1103 1034 1034 1036 1036 1107 1107 1037 1037 1102 1102 1103 1103 1033 1033 1020 1020 1086 1086 1021 1021 1021 1021 1087 1087 1022 1022 1024 1024 1261 1261 1023 1023 1024 1024 1264 1264 1261 1261 1025 1025 1267 1267 1264 1264 1024 1024 1025 1025 1264 1264 1026 1026 1094 1094 1027 1027 1093 1093 1094 1094 1026 1026 1025 1025 1093 1093 1026 1026 1086 1086 1087 1087 1021 1021 1092 1092 1093 1093 1025 1025 1024 1024 1091 1091 1025 1025 1090 1090 1091 1091 1024 1024 1023 1023 1090 1090 1024 1024 1089 1089 1090 1090 1023 1023 1088 1088 1089 1089 1023 1023 1022 1022 1088 1088 1023 1023 1087 1087 1088 1088 1022 1022 1091 1091 1092 1092 1025 1025 1025 1025 1074 1074 1267 1267 1032 1032 1102 1102 1033 1033 1100 1100 1101 1101 1032 1032 1113 1113 1104 1104 1103 1103 1114 1114 1113 1113 1103 1103 1115 1115 1103 1103 1102 1102 1115 1115 1114 1114 1103 1103 1115 1115 1102 1102 1101 1101 1116 1116 1115 1115 1101 1101 1116 1116 1101 1101 1100 1100 1113 1113 1112 1112 1105 1105 1117 1117 1100 1100 1099 1099 1118 1118 1117 1117 1099 1099 1118 1118 1099 1099 1098 1098 1119 1119 1098 1098 1097 1097 1119 1119 1118 1118 1098 1098 1120 1120 1097 1097 1096 1096 1120 1120 1119 1119 1097 1097 1175 1175 1140 1140 1187 1187 1117 1117 1116 1116 1100 1100 1101 1101 1102 1102 1032 1032 1113 1113 1105 1105 1104 1104 1112 1112 1111 1111 1106 1106 1031 1031 1100 1100 1032 1032 1099 1099 1100 1100 1031 1031 1030 1030 1099 1099 1031 1031 1098 1098 1099 1099 1030 1030 1097 1097 1098 1098 1030 1030 1029 1029 1097 1097 1030 1030 1096 1096 1097 1097 1029 1029 1112 1112 1106 1106 1105 1105 1028 1028 1096 1096 1029 1029 1027 1027 1095 1095 1028 1028 1094 1094 1095 1095 1027 1027 1109 1109 1108 1108 1082 1082 1109 1109 1082 1082 1107 1107 1110 1110 1109 1109 1107 1107 1111 1111 1110 1110 1107 1107 1111 1111 1107 1107 1106 1106 1095 1095 1096 1096 1028 1028 1121 1121 1096 1096 1095 1095 1023 1023 1261 1261 1048 1048 1023 1023 1048 1048 1038 1038 1301 1301 1068 1068 1034 1034 1306 1306 1304 1304 1055 1055 1299 1299 1068 1068 1301 1301 1299 1299 1067 1067 1068 1068 1306 1306 1055 1055 1056 1056 1079 1079 1056 1056 1057 1057 1079 1079 1306 1306 1056 1056 1304 1304 1036 1036 1055 1055 1299 1299 1066 1066 1067 1067 1018 1018 1049 1049 1017 1017 1295 1295 1066 1066 1299 1299 1295 1295 1065 1065 1066 1066 1254 1254 1057 1057 1058 1058 1254 1254 1079 1079 1057 1057 1295 1295 1064 1064 1065 1065 1295 1295 1031 1031 1064 1064 1018 1018 1058 1058 1049 1049 1254 1254 1058 1058 1018 1018 1304 1304 1035 1035 1036 1036 1301 1301 1034 1034 1035 1035 1061 1061 1033 1033 1060 1060 1061 1061 1032 1032 1033 1033 1052 1052 1053 1053 1037 1037 1059 1059 1060 1060 1033 1033 1054 1054 1036 1036 1037 1037 1059 1059 1033 1033 1034 1034 1062 1062 1032 1032 1061 1061 1304 1304 1301 1301 1035 1035 1055 1055 1036 1036 1054 1054 1051 1051 1052 1052 1037 1037 1068 1068 1059 1059 1034 1034 1050 1050 1051 1051 1017 1017 1063 1063 1032 1032 1062 1062 1017 1017 1049 1049 1050 1050 1031 1031 1032 1032 1063 1063 1031 1031 1063 1063 1064 1064 1051 1051 1037 1037 1017 1017 1025 1025 1026 1026 1074 1074 1292 1292 1031 1031 1295 1295 1256 1256 1254 1254 1018 1018 1048 1048 1261 1261 1047 1047 1074 1074 1075 1075 1267 1267 1021 1021 1042 1042 1043 1043 1028 1028 1069 1069 1070 1070 1021 1021 1041 1041 1042 1042 1027 1027 1028 1028 1070 1070 1027 1027 1070 1070 1071 1071 1047 1047 1261 1261 1080 1080 1022 1022 1041 1041 1021 1021 1027 1027 1071 1071 1072 1072 1022 1022 1039 1039 1040 1040 1026 1026 1072 1072 1073 1073 1026 1026 1027 1027 1072 1072 1023 1023 1039 1039 1022 1022 1023 1023 1038 1038 1039 1039 1026 1026 1073 1073 1074 1074 1022 1022 1040 1040 1041 1041 1292 1292 1030 1030 1031 1031 1075 1075 1076 1076 1267 1267 1076 1076 1270 1270 1267 1267 1256 1256 1018 1018 1019 1019 1081 1081 1030 1030 1292 1292 1020 1020 1256 1256 1019 1019 1029 1029 1030 1030 1081 1081 1045 1045 1080 1080 1256 1256 1078 1078 1081 1081 1077 1077 1044 1044 1045 1045 1256 1256 1047 1047 1080 1080 1046 1046 1044 1044 1256 1256 1020 1020 1076 1076 1077 1077 1081 1081 1046 1046 1080 1080 1045 1045 1069 1069 1029 1029 1078 1078 1076 1076 1081 1081 1270 1270 1043 1043 1044 1044 1020 1020 1043 1043 1020 1020 1021 1021 1069 1069 1028 1028 1029 1029 1078 1078 1029 1029 1081 1081 1121 1121 1120 1120 1096 1096 1221 1221 1286 1286 1249 1249 1121 1121 1123 1123 1133 1133 1185 1185 1146 1146 1200 1200 1197 1197 1157 1157 1156 1156 1143 1143 1149 1149 1148 1148 1197 1197 1158 1158 1157 1157 1200 1200 1146 1146 1145 1145 1120 1120 1133 1133 1132 1132 1200 1200 1145 1145 1199 1199 1197 1197 1198 1198 1158 1158 1198 1198 1159 1159 1158 1158 1199 1199 1145 1145 1144 1144 1130 1130 1164 1164 1129 1129 1198 1198 1127 1127 1159 1159 1161 1161 1128 1128 1129 1129 1121 1121 1095 1095 1094 1094 1199 1199 1144 1144 1125 1125 1142 1142 1143 1143 1148 1148 1199 1199 1126 1126 1198 1198 1185 1185 1147 1147 1146 1146 1196 1196 1156 1156 1155 1155 1169 1169 1168 1168 1194 1194 1176 1176 1187 1187 1188 1188 1168 1168 1193 1193 1194 1194 1140 1140 1141 1141 1187 1187 1132 1132 1194 1194 1131 1131 1141 1141 1186 1186 1187 1187 1194 1194 1195 1195 1131 1131 1141 1141 1142 1142 1186 1186 1195 1195 1130 1130 1131 1131 1186 1186 1142 1142 1185 1185 1195 1195 1196 1196 1130 1130 1185 1185 1142 1142 1148 1148 1196 1196 1164 1164 1130 1130 1196 1196 1155 1155 1164 1164 1185 1185 1148 1148 1147 1147 1196 1196 1197 1197 1156 1156 1177 1177 1176 1176 1188 1188 1199 1199 1125 1125 1126 1126 1164 1164 1163 1163 1129 1129 1115 1115 1116 1116 1129 1129 1115 1115 1129 1129 1128 1128 1114 1114 1115 1115 1128 1128 1113 1113 1128 1128 1127 1127 1113 1113 1114 1114 1128 1128 1112 1112 1127 1127 1126 1126 1112 1112 1113 1113 1127 1127 1111 1111 1112 1112 1126 1126 1111 1111 1126 1126 1125 1125 1110 1110 1111 1111 1125 1125 1110 1110 1125 1125 1124 1124 1109 1109 1110 1110 1124 1124 1109 1109 1124 1124 1122 1122 1108 1108 1109 1109 1122 1122 1153 1153 1122 1122 1124 1124 1116 1116 1130 1130 1129 1129 1198 1198 1126 1126 1127 1127 1116 1116 1117 1117 1130 1130 1118 1118 1131 1131 1130 1130 1149 1149 1143 1143 1150 1150 1150 1150 1143 1143 1122 1122 1150 1150 1122 1122 1151 1151 1163 1163 1162 1162 1129 1129 1144 1144 1154 1154 1125 1125 1151 1151 1122 1122 1152 1152 1154 1154 1124 1124 1125 1125 1159 1159 1127 1127 1128 1128 1159 1159 1128 1128 1160 1160 1162 1162 1161 1161 1129 1129 1154 1154 1153 1153 1124 1124 1152 1152 1122 1122 1153 1153 1119 1119 1120 1120 1132 1132 1119 1119 1132 1132 1131 1131 1118 1118 1119 1119 1131 1131 1117 1117 1118 1118 1130 1130 1167 1167 1193 1193 1168 1168 1160 1160 1128 1128 1161 1161 1120 1120 1121 1121 1133 1133 1326 1326 1311 1311 1310 1310 1323 1323 1308 1308 1307 1307 1324 1324 1308 1308 1323 1323 1324 1324 1309 1309 1308 1308 1325 1325 1309 1309 1324 1324 1325 1325 1310 1310 1309 1309 1326 1326 1310 1310 1325 1325 1327 1327 1311 1311 1326 1326 1327 1327 1312 1312 1311 1311 1318 1318 1312 1312 1327 1327 1318 1318 1313 1313 1312 1312 1319 1319 1313 1313 1318 1318 1320 1320 1315 1315 1314 1314 1319 1319 1314 1314 1313 1313 1321 1321 1315 1315 1320 1320 1321 1321 1316 1316 1315 1315 1321 1321 1317 1317 1316 1316 1322 1322 1317 1317 1321 1321 1322 1322 1307 1307 1317 1317 1323 1323 1307 1307 1322 1322 1320 1320 1314 1314 1319 1319 1348 1348 1333 1333 1347 1347 1347 1347 1332 1332 1346 1346 1343 1343 1329 1329 1328 1328 1344 1344 1329 1329 1343 1343 1344 1344 1330 1330 1329 1329 1345 1345 1330 1330 1344 1344 1345 1345 1331 1331 1330 1330 1347 1347 1333 1333 1332 1332 1338 1338 1334 1334 1333 1333 1338 1338 1333 1333 1348 1348 1339 1339 1334 1334 1338 1338 1346 1346 1331 1331 1345 1345 1343 1343 1328 1328 1342 1342 1342 1342 1328 1328 1337 1337 1342 1342 1337 1337 1341 1341 1346 1346 1332 1332 1331 1331 1341 1341 1336 1336 1340 1340 1340 1340 1336 1336 1335 1335 1340 1340 1335 1335 1339 1339 1339 1339 1335 1335 1334 1334 1341 1341 1337 1337 1336 1336 1363 1363 1349 1349 1358 1358 1363 1363 1358 1358 1362 1362 1362 1362 1358 1358 1357 1357 1362 1362 1357 1357 1361 1361 1361 1361 1357 1357 1356 1356 1361 1361 1356 1356 1360 1360 1360 1360 1356 1356 1355 1355 1360 1360 1355 1355 1359 1359 1368 1368 1354 1354 1353 1353 1359 1359 1354 1354 1368 1368 1368 1368 1353 1353 1367 1367 1367 1367 1353 1353 1352 1352 1366 1366 1352 1352 1351 1351 1366 1366 1351 1351 1365 1365 1365 1365 1351 1351 1350 1350 1364 1364 1350 1350 1349 1349 1364 1364 1349 1349 1363 1363 1359 1359 1355 1355 1354 1354 1367 1367 1352 1352 1366 1366 1365 1365 1350 1350 1364 1364 1380 1380 1376 1376 1375 1375 1384 1384 1369 1369 1383 1383 1384 1384 1370 1370 1369 1369 1385 1385 1370 1370 1384 1384 1385 1385 1371 1371 1370 1370 1386 1386 1371 1371 1385 1385 1386 1386 1372 1372 1371 1371 1387 1387 1372 1372 1386 1386 1387 1387 1373 1373 1372 1372 1388 1388 1373 1373 1387 1387 1379 1379 1374 1374 1388 1388 1388 1388 1374 1374 1373 1373 1379 1379 1375 1375 1374 1374 1380 1380 1375 1375 1379 1379 1381 1381 1376 1376 1380 1380 1381 1381 1377 1377 1376 1376 1382 1382 1377 1377 1381 1381 1382 1382 1378 1378 1377 1377 1383 1383 1378 1378 1382 1382 1383 1383 1369 1369 1378 1378 1392 1392 1419 1419 1420 1420 1416 1416 1417 1417 1390 1390 1389 1389 1416 1416 1390 1390 1390 1390 1418 1418 1391 1391 1391 1391 1418 1418 1419 1419 1391 1391 1419 1419 1392 1392 1390 1390 1417 1417 1418 1418 1389 1389 1405 1405 1416 1416 1420 1420 1421 1421 1392 1392 1393 1393 1421 1421 1422 1422 1404 1404 1415 1415 1405 1405 1403 1403 1414 1414 1415 1415 1403 1403 1415 1415 1404 1404 1403 1403 1413 1413 1414 1414 1402 1402 1413 1413 1403 1403 1402 1402 1412 1412 1413 1413 1401 1401 1412 1412 1402 1402 1401 1401 1411 1411 1412 1412 1410 1410 1411 1411 1401 1401 1400 1400 1410 1410 1401 1401 1409 1409 1410 1410 1400 1400 1392 1392 1421 1421 1393 1393 1399 1399 1409 1409 1400 1400 1398 1398 1408 1408 1399 1399 1398 1398 1407 1407 1408 1408 1397 1397 1407 1407 1398 1398 1397 1397 1406 1406 1407 1407 1396 1396 1406 1406 1397 1397 1395 1395 1424 1424 1406 1406 1395 1395 1406 1406 1396 1396 1395 1395 1423 1423 1424 1424 1394 1394 1423 1423 1395 1395 1394 1394 1422 1422 1423 1423 1393 1393 1422 1422 1394 1394 1408 1408 1409 1409 1399 1399 1404 1404 1405 1405 1389 1389 1427 1427 1463 1463 1428 1428 1442 1442 1447 1447 1443 1443 1444 1444 1446 1446 1426 1426 1426 1426 1463 1463 1427 1427 1425 1425 1454 1454 1453 1453 1425 1425 1453 1453 1436 1436 1436 1436 1453 1453 1437 1437 1437 1437 1453 1453 1452 1452 1437 1437 1452 1452 1438 1438 1438 1438 1452 1452 1451 1451 1438 1438 1451 1451 1439 1439 1439 1439 1451 1451 1450 1450 1439 1439 1450 1450 1440 1440 1440 1440 1450 1450 1441 1441 1441 1441 1450 1450 1449 1449 1441 1441 1449 1449 1442 1442 1442 1442 1449 1449 1448 1448 1442 1442 1448 1448 1447 1447 1435 1435 1455 1455 1454 1454 1426 1426 1446 1446 1445 1445 1435 1435 1454 1454 1425 1425 1434 1434 1456 1456 1455 1455 1443 1443 1447 1447 1444 1444 1444 1444 1447 1447 1446 1446 1428 1428 1463 1463 1462 1462 1428 1428 1462 1462 1461 1461 1428 1428 1461 1461 1429 1429 1429 1429 1461 1461 1430 1430 1430 1430 1461 1461 1460 1460 1430 1430 1460 1460 1459 1459 1430 1430 1459 1459 1431 1431 1431 1431 1459 1459 1458 1458 1431 1431 1458 1458 1432 1432 1432 1432 1458 1458 1457 1457 1432 1432 1457 1457 1433 1433 1433 1433 1457 1457 1456 1456 1433 1433 1456 1456 1434 1434 1434 1434 1455 1455 1435 1435 1426 1426 1445 1445 1463 1463 1468 1468 1469 1469 1486 1486 1464 1464 1483 1483 1496 1496 1466 1466 1467 1467 1485 1485 1466 1466 1485 1485 1484 1484 1466 1466 1484 1484 1465 1465 1467 1467 1468 1468 1485 1485 1468 1468 1486 1486 1485 1485 1465 1465 1484 1484 1464 1464 1464 1464 1484 1484 1483 1483 1469 1469 1487 1487 1486 1486 1464 1464 1496 1496 1482 1482 1469 1469 1470 1470 1487 1487 1482 1482 1496 1496 1495 1495 1470 1470 1471 1471 1487 1487 1471 1471 1488 1488 1487 1487 1481 1481 1495 1495 1494 1494 1494 1494 1480 1480 1481 1481 1482 1482 1495 1495 1481 1481 1494 1494 1479 1479 1480 1480 1492 1492 1491 1491 1476 1476 1491 1491 1475 1475 1476 1476 1492 1492 1476 1476 1477 1477 1490 1490 1475 1475 1491 1491 1490 1490 1474 1474 1475 1475 1488 1488 1471 1471 1472 1472 1489 1489 1473 1473 1474 1474 1492 1492 1477 1477 1478 1478 1493 1493 1492 1492 1478 1478 1493 1493 1478 1478 1479 1479 1489 1489 1472 1472 1473 1473 1494 1494 1493 1493 1479 1479 1488 1488 1472 1472 1489 1489 1489 1489 1474 1474 1490 1490 1506 1506 1512 1512 1505 1505 1508 1508 1515 1515 1507 1507 1506 1506 1514 1514 1513 1513 1507 1507 1514 1514 1506 1506 1507 1507 1515 1515 1514 1514 1508 1508 1516 1516 1515 1515 1508 1508 1517 1517 1516 1516 1504 1504 1512 1512 1511 1511 1510 1510 1517 1517 1509 1509 1510 1510 1518 1518 1517 1517 1510 1510 1519 1519 1518 1518 1497 1497 1519 1519 1510 1510 1504 1504 1511 1511 1503 1503 1506 1506 1513 1513 1512 1512 1509 1509 1517 1517 1508 1508 1505 1505 1512 1512 1504 1504 1502 1502 1527 1527 1526 1526 1498 1498 1520 1520 1497 1497 1503 1503 1527 1527 1502 1502 1497 1497 1520 1520 1519 1519 1502 1502 1526 1526 1525 1525 1502 1502 1525 1525 1501 1501 1501 1501 1524 1524 1523 1523 1501 1501 1525 1525 1524 1524 1500 1500 1523 1523 1522 1522 1500 1500 1522 1522 1499 1499 1499 1499 1522 1522 1521 1521 1499 1499 1521 1521 1498 1498 1498 1498 1521 1521 1520 1520 1501 1501 1523 1523 1500 1500 1503 1503 1511 1511 1527 1527 1530 1530 1540 1540 1539 1539 1531 1531 1541 1541 1540 1540 1531 1531 1540 1540 1530 1530 1532 1532 1541 1541 1531 1531 1529 1529 1539 1539 1538 1538 1529 1529 1538 1538 1537 1537 1529 1529 1537 1537 1528 1528 1530 1530 1539 1539 1529 1529 1532 1532 1542 1542 1541 1541 1536 1536 1546 1546 1545 1545 1533 1533 1543 1543 1542 1542 1528 1528 1561 1561 1554 1554 1554 1554 1561 1561 1553 1553 1553 1553 1561 1561 1560 1560 1553 1553 1560 1560 1552 1552 1552 1552 1559 1559 1551 1551 1552 1552 1560 1560 1559 1559 1551 1551 1559 1559 1550 1550 1550 1550 1559 1559 1558 1558 1550 1550 1558 1558 1557 1557 1550 1550 1557 1557 1549 1549 1549 1549 1557 1557 1556 1556 1549 1549 1556 1556 1548 1548 1548 1548 1556 1556 1555 1555 1548 1548 1555 1555 1546 1546 1548 1548 1546 1546 1547 1547 1547 1547 1546 1546 1536 1536 1536 1536 1545 1545 1535 1535 1535 1535 1545 1545 1544 1544 1535 1535 1544 1544 1534 1534 1534 1534 1544 1544 1543 1543 1534 1534 1543 1543 1533 1533 1533 1533 1542 1542 1532 1532 1528 1528 1537 1537 1561 1561 1591 1591 1576 1576 1577 1577 1568 1568 1581 1581 1582 1582 1591 1591 1592 1592 1576 1576 1590 1590 1578 1578 1589 1589 1590 1590 1577 1577 1578 1578 1592 1592 1575 1575 1576 1576 1592 1592 1593 1593 1575 1575 1589 1589 1578 1578 1562 1562 1589 1589 1562 1562 1588 1588 1593 1593 1574 1574 1575 1575 1588 1588 1562 1562 1587 1587 1593 1593 1594 1594 1574 1574 1594 1594 1573 1573 1574 1574 1587 1587 1562 1562 1563 1563 1587 1587 1563 1563 1586 1586 1594 1594 1595 1595 1573 1573 1586 1586 1563 1563 1564 1564 1573 1573 1595 1595 1572 1572 1564 1564 1585 1585 1586 1586 1569 1569 1581 1581 1568 1568 1569 1569 1580 1580 1581 1581 1570 1570 1580 1580 1569 1569 1567 1567 1568 1568 1582 1582 1567 1567 1582 1582 1583 1583 1570 1570 1579 1579 1580 1580 1591 1591 1577 1577 1590 1590 1566 1566 1567 1567 1583 1583 1571 1571 1596 1596 1579 1579 1565 1565 1566 1566 1584 1584 1565 1565 1584 1584 1585 1585 1572 1572 1596 1596 1571 1571 1564 1564 1565 1565 1585 1585 1595 1595 1596 1596 1572 1572 1571 1571 1579 1579 1570 1570 1566 1566 1583 1583 1584 1584 1597 1597 1599 1599 1598 1598 1602 1602 1601 1601 1600 1600 1603 1603 1605 1605 1604 1604 1608 1608 1607 1607 1606 1606 1611 1611 1610 1610 1609 1609 1614 1614 1613 1613 1612 1612</p>
        </triangles>
      </mesh>
    </geometry>
    <geometry id="link6_printed_charcoal-geometry" name="link6_printed_charcoal">
      <mesh>
        <source id="link6_printed_charcoal-positions">
          <float_array count="6660" id="link6_printed_charcoal-positions-array">0.0127756 0.0181818 0.0052111 0.0159802 0.0181841 0.0008215 0.0186237 0.0181944 -0.0012097 0.023925 0.0182 -0.0025745 0.0287027 0.0182 -0.0016625 -0.0004571 0.0182 0.007991 -0.0019478 0.0182 0.0077755 -0.0040015 0.0182 0.0069621 -0.0054748 0.0182 0.005841 -0.0065309 0.0182 0.0046476 -0.0072933 0.0182 0.0033011 -0.0078123 0.0182 0.0017945 -0.0080014 0.0182 0.0002588 -0.0079136 0.0182 -0.0012534 -0.0074092 0.0182 -0.003069 -0.0064382 0.0182 -0.0047751 -0.0054328 0.0182 -0.0058773 -0.0042553 0.0182 -0.006793 -0.0025518 0.0182 -0.0075987 -0.0009412 0.0182 -0.0079524 0 0.0182 -0.008 0.056734 0.0181902 -0.008 0.0386894 0.018195 -0.0011611 0.0418232 0.0181894 -0.0020331 0.0444572 0.0181788 -0.0020942 0.0461521 0.0181853 -0.002016 0.0474603 0.0181749 -0.0015621 0.0485573 0.0181721 -0.0012217 0.0514781 0.0181891 0.0003071 -0.0064508 0.0182 -0.0011279 -0.0068851 0.0182 -0.0008182 -0.0071597 0.0182 -0.000361 -0.0071862 0.0182 0.000236 -0.0069056 0.0182 0.0008163 -0.0062982 0.0182 0.0011775 -0.0055924 0.0182 0.0011491 -0.0050263 0.0182 0.0007261 -0.0048213 0.0182 0.0002481 -0.0048098 0.0182 -0.0002217 -0.0050666 0.0182 -0.0007773 -0.0056991 0.0182 -0.0011869 0.001098 0.0182 -0.006542 0.0004693 0.0182 -0.0071329 -0.0002359 0.0182 -0.0071862 -0.0008163 0.0182 -0.0069056 -0.0011254 0.0182 -0.0064293 -0.0012109 0.0182 -0.0059523 -0.0010051 0.0182 -0.0053099 -0.0004934 0.0182 -0.0048944 0.0001432 0.0182 -0.0047908 0.0008548 0.0182 -0.0051233 0.0011973 0.0182 -0.0057951 0.0063734 0.0182 0.0011492 0.0069411 0.0182 0.0007834 0.0072168 0.0182 4.78e-05 0.0070821 0.0182 -0.0005354 0.006761 0.0182 -0.0009416 0.0060962 0.0182 -0.0012225 0.0053661 0.0182 -0.0010345 0.0049165 0.0182 -0.0005521 0.0047937 0.0182 0 0.0048945 0.0182 0.0004934 0.0052153 0.0182 0.0009188 0.0057625 0.0182 0.0011943 -0.0012068 0.0182 0.0062069 -0.0008789 0.0182 0.0068326 -0.0004186 0.0182 0.0071347 0.0001424 0.0182 0.0072035 0.0005882 0.0182 0.0070503 0.0009737 0.0182 0.0067261 0.0011901 0.0182 0.006203 0.0011664 0.0182 0.005671 0.0007941 0.0182 0.0050703 0.0002029 0.0182 0.0048099 -0.0003289 0.0182 0.0048336 -0.0007563 0.0182 0.0050625 -0.001089 0.0182 0.0054621 -0.0008208 0.0182 0.0029102 -0.0018654 0.0182 0.0023665 -0.0024491 0.0182 0.0017428 -0.0028366 0.0182 0.0010107 -0.003018 0.0182 -3.56e-05 -0.0028495 0.0182 -0.000957 -0.0024398 0.0182 -0.0017726 -0.0016742 0.0182 -0.0025054 -0.0009007 0.0182 -0.0028678 -8.46e-05 0.0182 -0.0030101 0.0007305 0.0182 -0.0029158 0.0016074 0.0182 -0.0025546 0.002305 0.0182 -0.0019294 0.0027863 0.0182 -0.001154 0.0030075 0.0182 -0.0001517 0.0029296 0.0182 0.0006729 0.0026291 0.0182 0.0014724 0.0019585 0.0182 0.0022933 0.0011509 0.0182 0.0027785 0.0003206 0.0182 0.0029942 0.0003541 -0.0178 -0.0029924 -0.0008224 -0.0178 0.002916 -0.001863 -0.0178 0.0023634 -0.0024849 -0.0178 0.0017008 -0.0028602 -0.0178 0.0009294 -0.0030158 -0.0178 0 -0.0027514 -0.0178 -0.0012684 -0.0019585 -0.0178 -0.0022933 -0.000857 -0.0178 -0.0029028 0.0015849 -0.0178 -0.0025862 0.0025756 -0.0178 -0.0015784 0.0029598 -0.0178 -0.0005545 0.0029886 -0.0178 0.0003537 0.0027486 -0.0178 0.0012301 0.0023049 -0.0178 0.0019295 0.0015111 -0.0178 0.0026225 0.0003872 -0.0178 0.0029863 0.0551702 -0.017775 0.0053445 0.0536121 -0.0177894 0.0023901 0.0489324 -0.017785 -0.0011748 0.0470869 -0.0177865 -0.0018227 0.0451947 -0.0177862 -0.0021561 0.043287 -0.0177862 -0.0021951 0.0418019 -0.0177922 -0.0020651 0.0393052 -0.0177883 -0.0013166 0.0361528 -0.017778 0.0007402 0.0339053 -0.0178014 0.0022452 0.029959 -0.0177895 -0.000655 0.027045 -0.0177927 -0.001926 0.0221772 -0.0177968 -0.0023239 0.0139432 -0.0177877 0.0030232 0.0124041 -0.017793 0.0058188 0.0120022 -0.0177901 0.0079996 -0.0010631 -0.0178 0.0079594 -0.0027701 -0.0178 0.007509 -0.0041208 -0.0178 0.0068755 -0.0059006 -0.0178 0.0054545 -0.0071775 -0.0178 0.0035686 -0.0078927 -0.0178 0.0014788 -0.007997 -0.0178 -0.0003698 -0.0077755 -0.0178 -0.0019479 -0.0070019 -0.0178 -0.0039212 -0.0058804 -0.0178 -0.0054357 -0.0044586 -0.0178 -0.0066726 -0.0025518 -0.0178 -0.0075987 -0.0009961 -0.0178 -0.0079434 0 -0.0178 -0.008 0.0564237 -0.0177887 0.0052548 -0.0057624 -0.0178 0.0011943 -0.0052268 -0.0178 0.0009273 -0.0048615 -0.0178 0.0004363 -0.0048114 -0.0178 -0.0002364 -0.0050584 -0.0178 -0.000761 -0.0055924 -0.0178 -0.0011491 -0.0062832 -0.0178 -0.0011797 -0.0067462 -0.0178 -0.0009466 -0.007081 -0.0178 -0.0005508 -0.0072044 -0.0178 -4.72e-05 -0.0071209 -0.0178 0.0004644 -0.006761 -0.0178 0.0009416 -0.0063272 -0.0178 0.0011601 -0.0010574 -0.0178 -0.0054078 -0.0007351 -0.0178 -0.0050458 -0.0002689 -0.0178 -0.0048155 0.0002482 -0.0178 -0.0048213 0.0006849 -0.0178 -0.0050017 0.0011136 -0.0178 -0.0055035 0.0012026 -0.0178 -0.0060946 0.0010574 -0.0178 -0.0065922 0.0006602 -0.0178 -0.0070148 4.78e-05 -0.0178 -0.0072167 -0.0005921 -0.0178 -0.0070574 -0.0009759 -0.0178 -0.0067091 -0.0012193 -0.0178 -0.0061116 0.0057168 -0.0178 -0.0011797 0.0052539 -0.0178 -0.0009466 0.004911 -0.0178 -0.0005379 0.0047928 -0.0178 1.43e-05 0.0049247 -0.0178 0.0005648 0.0053783 -0.0178 0.0010435 0.0061444 -0.0178 0.0012198 0.0068108 -0.0178 0.0008991 0.0071566 -0.0178 0.0003758 0.0071901 -0.0178 -0.0002028 0.006902 -0.0178 -0.0008337 0.0062822 -0.0178 -0.0011749 0.0011943 -0.0178 0.0057625 0.000807 -0.0178 0.0050791 0.000189 -0.0178 0.0048066 -0.0004214 -0.0178 0.0048576 -0.0010456 -0.0178 0.0053593 -0.0012096 -0.0178 0.0061104 -0.0009983 -0.0178 0.0066849 -0.0006185 -0.0178 0.0070368 -4.78e-05 -0.0178 0.0072167 0.0006646 -0.0178 0.0070222 0.0011236 -0.0178 0.0064654 0.0128444 -0.0175708 0.008 0.0134427 -0.0172393 0.008 0.0139864 -0.0167294 0.0079968 0.0143721 -0.0161742 0.0079995 0.0146699 -0.015378 0.0079997 0.0146825 0.0156455 0.0079986 0.0145465 0.016193 0.0079997 0.0140839 0.0170609 0.008 0.013319 0.01772 0.0080001 0.0127422 0.0180118 0.008 0.0119608 0.0181931 0.008 0.0551969 0.0155744 0.0079788 0.0553083 0.0094226 0.0080105 0.055275 -0.0090804 0.0080054 0.0565468 -0.0091088 0.0079925 0.0339981 0.0178541 0.0051382 0.0339835 0.0180188 0.0043461 0.0340056 0.018179 0.0031408 0.0316494 0.0155114 0.0043354 0.0312539 0.0156734 0.0038086 0.0301798 0.0153438 0.0027693 0.0290421 0.0156194 0.0019129 0.0277103 0.0156365 0.0012207 0.0262696 0.0153438 0.000763 0.0252659 0.0156503 0.0005581 0.0240744 0.015344 0.0004886 0.0226095 0.0153174 0.0005911 0.0211616 0.0153441 0.0009217 0.0197979 0.0153176 0.0014675 0.0186178 0.0156367 0.0021352 0.0173223 0.0156446 0.0032022 0.016672 0.0156495 0.0039134 0.015993 0.0153297 0.0048664 0.0154661 0.0156448 0.0057681 0.0150016 0.0155259 0.0068997 0.0334415 0.017545 0.0051381 0.0328484 0.0167858 0.0053942 0.0324954 0.0162526 0.0053349 0.0145104 0.0166301 0.0073334 0.014105 0.0172086 0.007259 0.0151624 0.0161862 0.0060668 0.0138243 0.017573 0.006774 0.0149335 0.0167298 0.0059769 0.0133663 0.0178774 0.0066367 0.0145231 0.0173373 0.005736 0.015977 0.0157725 0.004802 0.0127228 0.018127 0.0065015 0.0158709 0.0162458 0.004717 0.0156679 0.0167613 0.0045809 0.0152497 0.0170994 0.0048158 0.0144017 0.0177306 0.0048415 0.0139159 0.0180124 0.0045877 0.0151225 0.0174928 0.0042581 0.0167561 0.0164203 0.0034599 0.0158182 0.0172308 0.003744 0.0163438 0.0167842 0.0036527 0.0152805 0.0177865 0.0033266 0.0179557 0.015775 0.0025931 0.0161259 0.0174853 0.0029571 0.0167011 0.0170953 0.0029223 0.0178678 0.0162533 0.0024866 0.0146783 0.0181061 0.0029001 0.0177078 0.0167838 0.0022891 0.0164738 0.0177302 0.0021229 0.0173945 0.0173576 0.0019477 0.0160997 0.0180121 0.0017221 0.0187528 0.01644 0.0017695 0.0198327 0.015775 0.0013962 0.0179328 0.0175582 0.0012487 0.0188657 0.0170946 0.0012164 0.0197414 0.0164395 0.0012092 0.0180134 0.0178344 0.000675 0.0174235 0.0180418 0.0005217 0.0212157 0.0157753 0.000854 0.0193934 0.0174886 0.0004896 0.0199293 0.0170953 0.0006835 0.0211758 0.016253 0.0007229 0.0181293 0.0181767 -0.0006188 0.0211015 0.016784 0.0004789 0.0199652 0.0178386 -0.0003021 0.0189156 0.01807 -0.0004616 0.0226702 0.0157721 0.0005335 0.0209648 0.0173694 2.44e-05 0.0222959 0.0164401 0.0003889 0.0221728 0.0170996 -4.8e-06 0.023396 0.0162532 0.0003206 0.021625 0.0177867 -0.0007206 0.0210549 0.0180731 -0.0012579 0.0241527 0.015778 0.0004404 0.0233803 0.0167835 6.71e-05 0.0225175 0.0174847 -0.0004584 0.0233471 0.017236 -0.0002833 0.0249103 0.0164398 0.0002743 0.0233063 0.0177303 -0.0008727 0.0226358 0.0181766 -0.0020381 0.0232803 0.018013 -0.0014223 0.0241593 0.0175455 -0.0006325 0.0249483 0.0170947 -0.00013 0.0263554 0.0157808 0.0007334 0.0260202 0.0162534 0.000522 0.0264515 0.0167835 0.0003543 0.0245827 0.017935 -0.0012346 0.0257877 0.0174929 -0.0004205 0.0256522 0.0181858 -0.0021522 0.027102 0.0162454 0.0008147 0.0258784 0.0178386 -0.0009029 0.0265579 0.0172309 2.31e-05 0.0255801 0.0180993 -0.0016306 0.0279159 0.0167837 0.0008503 0.0281131 0.0160726 0.001301 0.0272833 0.0175625 -0.0001327 0.0281019 0.0173693 0.0004136 0.0276041 0.0179318 -0.0006572 0.0291372 0.0160934 0.0018464 0.0292488 0.0166237 0.0016448 0.0288443 0.0181678 -0.0010496 0.0290638 0.0170953 0.0011837 0.0295373 0.0178409 0.0003882 0.0302751 0.015778 0.0027865 0.0296538 0.0175577 0.0009767 0.0300566 0.0170945 0.001825 0.0301136 0.0164401 0.0023907 0.0296182 0.0180723 -0.0001845 0.0308974 0.0162533 0.0031823 0.0310931 0.0167835 0.0030188 0.0309717 0.0175461 0.0019695 0.0313522 0.0180781 0.0009626 0.0313347 0.017236 0.0027628 0.0313348 0.0178904 0.0015692 0.0322788 0.0181913 0.0009141 0.0317899 0.0162111 0.0042558 0.0318456 0.0177927 0.0022982 0.0320126 0.0168342 0.0040528 0.0322875 0.017554 0.0033109 0.0324279 0.0173034 0.0039626 0.0329041 0.0180765 0.0025159 0.0329191 0.0178377 0.0034367 0.0329232 0.0170901 0.005124 0.0340002 0.017617 0.0054664 0.0340043 0.0170527 0.0057464 0.032622 0.0155601 0.0056332 0.03233 0.0155408 0.005389 0.0329721 0.0155304 0.0057504 0.0334394 0.0172742 0.0054673 0.033359 0.0166326 0.0057233 0.0328385 0.0162632 0.0056202 0.0350363 0.0155678 0.0057491 0.0329742 0.0093225 0.0057687 0.0350384 -0.009012 0.0057606 0.0348797 -0.0153108 0.0057572 0.0329669 -0.0152586 0.0057501 0.035364 0.0155837 0.0056401 0.0356717 0.015212 0.0054091 0.0350225 0.0095064 0.005754 0.0352788 0.0092439 0.0057039 0.0355516 0.009195 0.0055378 0.0356373 0.0158588 0.0053458 0.0354498 0.0163528 0.0053415 0.035241 0.016874 0.0051651 0.0347363 0.0173897 0.0051681 0.0341906 0.0177751 0.0051128 0.0351674 0.0162695 0.0056168 0.0347904 0.0170892 0.0054762 0.0345066 0.0167582 0.0057216 0.0529014 0.0153467 0.0065823 0.0522098 0.0155657 0.0051786 0.0513544 0.0154969 0.0039605 0.050317 0.0154653 0.0028848 0.0494492 0.0156781 0.0021899 0.0484584 0.0154819 0.0015934 0.0470947 0.015499 0.0010007 0.046032 0.015678 0.0006961 0.0449043 0.0154587 0.0005285 0.0434036 0.0154968 0.0005023 0.0419363 0.0154377 0.0007123 0.0405879 0.0154367 0.0011162 0.0396807 0.0157697 0.0014926 0.0386148 0.0154376 0.0021535 0.0378572 0.0156932 0.0027083 0.0369487 0.0155372 0.0035985 0.0362623 0.0154793 0.0044658 0.0550878 0.0181681 0.0054162 0.0362366 0.0160701 0.0043033 0.0361866 0.0166765 0.003935 0.0358329 0.0170794 0.0039595 0.035106 0.0174773 0.0043437 0.0369298 0.0159778 0.0035056 0.0349567 0.0178181 0.0036577 0.0370217 0.0165487 0.0031004 0.0375246 0.0163407 0.0027471 0.0359999 0.0175444 0.0029851 0.0366269 0.0171082 0.0029773 0.0350939 0.0180459 0.0026235 0.0353165 0.0181859 0.0014103 0.0387941 0.0160308 0.0019196 0.0362962 0.0178083 0.0021065 0.0379573 0.0165161 0.0022895 0.0375627 0.0171233 0.0020856 0.0373475 0.0175499 0.0016948 0.039084 0.0166431 0.0014391 0.0371094 0.0180158 0.00082 0.038924 0.0171721 0.0011023 0.0377926 0.0178104 0.0008851 0.0406119 0.0158782 0.0010346 0.0368839 0.0181424 0.0004311 0.0405339 0.0163427 0.0009092 0.0386316 0.0176858 0.000617 0.0404678 0.0167793 0.0006906 0.0394682 0.0175472 0.0003763 0.0403701 0.0171687 0.0004244 0.0419467 0.0159888 0.0006165 0.0390274 0.0181398 -0.0008421 0.0390996 0.0180144 -0.0003648 0.0416032 0.0166461 0.0004298 0.040104 0.0178119 -0.0003192 0.041313 0.0175535 -0.0003104 0.0417985 0.0171306 3.68e-05 0.0426705 0.0166197 0.0002328 0.0433962 0.0160713 0.0003858 0.0410741 0.0180658 -0.0012451 0.0419987 0.0179009 -0.0010167 0.0433623 0.0171354 -0.0001888 0.0441603 0.0166116 0.0001467 0.044921 0.0161464 0.0003962 0.0433346 0.0175474 -0.0006145 0.0449899 0.0170466 -8.23e-05 0.0443086 0.0176922 -0.0008106 0.0431491 0.0181709 -0.0020195 0.0451046 0.0180303 -0.0014832 0.0460626 0.0165825 0.0003923 0.0467681 0.0162325 0.000733 0.0458731 0.0176974 -0.0006626 0.0465252 0.0171824 6.44e-05 0.0478418 0.0160605 0.0011698 0.047339 0.0170399 0.0004394 0.0479449 0.0166156 0.0009677 0.047456 0.0175489 -6.1e-05 0.0476823 0.0179369 -0.0006306 0.048852 0.0159756 0.0017211 0.0488152 0.0171718 0.0009608 0.049295 0.0165666 0.0017189 0.0489886 0.017552 0.0006002 0.0492319 0.0179445 1.97e-05 0.0503659 0.0160155 0.0027947 0.0497712 0.0170173 0.0017007 0.0505515 0.0166443 0.002617 0.0503196 0.0178158 0.0009346 0.0503768 0.0175004 0.0015644 0.050799 0.0171718 0.0023405 0.0514777 0.0162004 0.0038678 0.0513428 0.0180567 0.0010357 0.0517024 0.0167962 0.0036836 0.0517889 0.0176942 0.0024875 0.0519561 0.0171937 0.0035191 0.0523313 0.0161109 0.0051375 0.0525013 0.0166355 0.0049935 0.0527963 0.0176922 0.0037079 0.0528566 0.0180132 0.0027284 0.0528032 0.0171337 0.0048342 0.0535185 0.0181851 0.0024768 0.0531922 0.0175524 0.0046372 0.0541863 0.0181219 0.0040348 0.053684 0.0178782 0.0044958 0.0540142 0.0155038 0.0076326 0.0547082 0.0156617 0.0078875 0.0549992 0.0163108 0.0077705 0.0550816 0.0166648 0.0076095 0.0550335 0.0172075 0.007217 0.0549697 0.0176071 0.0067601 0.0553622 0.0179258 0.006276 0.0541763 0.0161978 0.007534 0.0534592 0.015674 0.0072224 0.0543237 0.0167625 0.0073088 0.0535643 0.0164402 0.007002 0.0529941 0.0158914 0.0066023 0.0541102 0.0171642 0.0068472 0.0535544 0.0167354 0.0067548 0.0530856 0.0164124 0.0064009 0.0541973 0.0175776 0.0063639 0.0533305 0.0169589 0.0062016 0.05386 0.0175173 0.0061011 0.0546169 0.0179568 0.005902 0.0563221 0.017892 0.0063318 0.0563633 0.0175236 0.0069037 0.0563731 0.0165878 0.0076631 0.0563985 0.0154866 0.0079867 0.0591861 0.015438 0.0052693 0.0590339 0.0162041 0.005223 0.0586731 0.0169072 0.0051388 0.0577501 0.0177717 0.005199 0.0570854 0.018061 0.0053258 0.0564731 0.0181848 0.005279 0.0569102 0.0155329 0.0079095 0.0575556 0.0156402 0.007663 0.0580964 0.0154378 0.0073246 0.0585109 0.0154731 0.0069048 0.0588671 0.0154201 0.0063761 0.059089 0.0156246 0.0057533 0.0587972 0.0160162 0.0062811 0.0587772 0.0165174 0.0058411 0.0584515 0.0160511 0.006806 0.0583944 0.0172409 0.0053655 0.0584725 0.0166024 0.0063868 0.0580066 0.0160487 0.0072519 0.0581569 0.0171346 0.0062285 0.05807 0.0166359 0.00687 0.0579881 0.0175089 0.0057435 0.0575715 0.016956 0.0070419 0.0574937 0.0175889 0.0063109 0.057209 0.0164739 0.007538 0.0574332 0.0178294 0.0057878 0.0566596 0.01609 0.0078475 0.0569424 0.0174699 0.0068512 0.0566086 0.0170242 0.0073665 0.0566126 0.0180305 0.0059615 0.0572119 -0.0090414 0.0078421 0.0588873 -0.0149306 0.0063397 0.0585238 -0.0149633 0.0069036 0.0564876 -0.0149957 0.0079865 0.0572263 0.0096526 0.0078251 0.0565314 0.0095284 0.0079937 0.0564138 0.0087306 0.0082367 0.0565674 0.009171 0.0080504 0.0570739 0.0091393 0.0079204 0.0568474 0.0086094 0.0081042 0.0570026 -0.0082635 0.0079897 0.0566648 -0.0076919 0.0083136 0.0563032 0.0071203 0.0090552 0.0563662 0.0074041 0.008821 0.0566097 0.0078757 0.008389 0.0566258 -0.0081989 0.0082095 0.0565883 -0.0087677 0.0080504 0.0562273 -0.0081193 0.0083602 0.0552964 -0.0085899 0.0081193 0.0552774 -0.008039 0.0084347 0.0554311 -0.0076986 0.0088066 0.056314 -0.0068384 0.0089942 0.0560061 -0.0072424 0.0091527 0.0558152 -0.0076109 0.0088497 0.0564916 -0.0072296 0.0085731 0.0561851 -0.0075893 0.0086944 0.056218 -0.0066223 0.0094374 0.0554547 -0.007295 0.0098423 0.0552353 -0.0073585 0.0095006 0.0554992 -0.0074102 0.0092734 0.0543138 -0.0072973 0.009737 0.0543869 -0.0076356 0.0087396 0.0540164 -0.0078217 0.0083511 0.053627 -0.0083168 0.0076892 0.0528837 -0.0091506 0.00656 0.0538411 -0.0090359 0.0075431 0.054773 -0.0090863 0.0079346 0.0547802 -0.0085944 0.0080512 0.0547133 -0.0080468 0.0083556 0.0542811 -0.0090216 0.0077777 0.0541029 -0.0084959 0.007867 0.054131 -0.0081278 0.0081076 0.0544703 -0.0074041 0.0092426 0.053562 -0.0089432 0.0073596 0.0532075 -0.0089421 0.007024 0.0537856 -0.0070233 0.0097133 0.0535165 -0.0065373 0.0097255 0.0533852 -0.0068521 0.0084523 0.0532337 -0.0075503 0.0076925 0.0530732 -0.0083759 0.0070818 0.0541416 -0.0072863 0.0094573 0.0538297 -0.0071586 0.0092985 0.0539625 -0.0075059 0.0087425 0.0536907 -0.0073134 0.0087519 0.0535038 -0.0066755 0.0092635 0.0534609 -0.0071206 0.0084864 0.0535576 -0.007969 0.0079081 0.0534662 -0.0076979 0.0080138 0.0528988 0.0095106 0.0065929 0.0532382 0.0076822 0.0077531 0.0534479 0.0071778 0.0088221 0.0535106 0.0068908 0.0096837 0.0534567 0.0068323 0.0110322 0.0532704 0.0068736 0.0121219 0.0530888 0.0069972 0.0128645 0.0528267 0.006877 0.0135425 0.0525152 0.0068397 0.0142295 0.0521755 0.0070305 0.0149097 0.0517732 0.0069633 0.0155041 0.0513124 0.0069217 0.0160938 0.0508269 0.0070362 0.0166631 0.0502729 0.0069616 0.0171681 0.0496895 0.0069291 0.0176332 0.0490638 0.006889 0.0180559 0.048433 0.0070061 0.0184406 0.0477197 0.006829 0.0187518 0.0470151 0.0068427 0.019022 0.046344 0.0069716 0.0192372 0.0456128 0.0069662 0.0193917 0.0448707 0.0069667 0.0194896 0.0441325 0.0070501 0.0195453 0.0441249 -0.0065693 0.0195296 0.0448574 -0.0065166 0.0194836 0.0456266 -0.006613 0.0193984 0.0463623 -0.006638 0.0192461 0.0469761 -0.0063537 0.0190257 0.0477596 -0.0065332 0.018748 0.0484293 -0.0065274 0.0184276 0.0490444 -0.006431 0.0180617 0.0496813 -0.0064788 0.0176318 0.0502658 -0.006491 0.0171612 0.0508048 -0.0064847 0.0166499 0.0513132 -0.0065238 0.0160937 0.0517596 -0.0064818 0.0155043 0.052824 -0.0064457 0.0135413 0.0532667 -0.0064373 0.0121236 0.0363474 -0.0151628 0.0043317 0.0369866 -0.0151266 0.0035678 0.0379052 -0.0151064 0.0026799 0.0392455 -0.0151124 0.0017504 0.0405892 -0.0151126 0.0011103 0.0419462 -0.0151162 0.0007045 0.0430169 -0.0151065 0.0005402 0.0441623 -0.0150963 0.0004839 0.0456544 -0.0150963 0.0006274 0.0471012 -0.0151008 0.0010017 0.048122 -0.0151065 0.0014289 0.0491234 -0.0151008 0.0019789 0.0500154 -0.0151065 0.0026332 0.0508599 -0.0151007 0.0034024 0.0518082 -0.0150963 0.0045579 0.0523818 -0.0151053 0.0055061 0.0356823 -0.0091974 0.0053877 0.0355518 -0.0080803 0.005629 0.0353552 -0.0074387 0.0060422 0.0353728 0.0079169 0.0059932 0.0357471 0.009047 0.005285 0.0539441 0.0075326 0.0101596 0.0536708 0.0072814 0.0096725 0.0533424 0.0088238 0.0073893 0.0536553 0.0088101 0.0076492 0.0537841 0.0082588 0.0081928 0.0543306 0.0078842 0.0090051 0.0544197 0.0077099 0.0096006 0.0539918 0.0075788 0.0096497 0.0531831 0.0084622 0.00738 0.0533585 0.0076182 0.0081693 0.0535119 0.0081144 0.0080696 0.0539614 0.0078344 0.0088769 0.0536012 0.0077034 0.008608 0.0537394 0.0075545 0.0091193 0.0541561 0.0076813 0.009517 0.0552933 0.008911 0.008155 0.0550511 0.0084199 0.0084419 0.0555042 0.0080609 0.0088521 0.0552643 0.007838 0.0092524 0.055416 0.0077005 0.009821 0.0543512 0.0080885 0.0086647 0.0547678 0.0086384 0.008232 0.0542666 0.0084372 0.0082341 0.0547554 0.0089896 0.0080553 0.0547798 0.0094112 0.0079435 0.0541875 0.0089106 0.0078944 0.0540315 0.0094259 0.0076659 0.0533617 0.0094254 0.007172 0.0560447 0.0083504 0.0085029 0.0558489 0.0079746 0.0088821 0.0561707 0.0077604 0.0088504 0.0563949 0.0081699 0.0084857 0.0557966 0.0075584 0.0098113 0.0561029 0.0072693 0.0094668 0.0562426 0.0069446 0.0094258 0.0558841 0.0075869 0.0094012 0.055523 0.0077631 0.0093761 0.0325069 0.0074586 0.0057842 0.0322517 0.0070033 0.0065266 0.0320463 -0.0064466 0.0072919 0.0318507 -0.0065385 0.0085115 0.0317393 -0.0064547 0.0100159 0.0318421 -0.0065123 0.0114486 0.0320076 -0.0065937 0.0123982 0.032237 -0.0066282 0.0133252 0.0325365 -0.0066156 0.0142517 0.0330887 -0.006432 0.0155944 0.0338587 -0.006469 0.0168695 0.0344404 -0.0065069 0.0176513 0.0350711 -0.0065004 0.0183799 0.035758 -0.0065451 0.019048 0.0365055 -0.0064315 0.0196928 0.0373075 -0.0065507 0.0202463 0.0381302 -0.0066223 0.0207239 0.0390057 -0.0065068 0.0211797 0.0399208 -0.0065123 0.0215444 0.04133 -0.0064321 0.0219677 0.0427519 -0.0065451 0.0221754 0.0437366 -0.0065507 0.0222355 0.0447073 -0.0065894 0.0222112 0.0456717 -0.0065068 0.0221299 0.0466309 -0.0065068 0.0219586 0.0475612 -0.0065836 0.0217029 0.0484985 -0.006469 0.021393 0.0493839 -0.0065893 0.0209832 0.0502417 -0.0065769 0.0205219 0.0510525 -0.0065451 0.020003 0.0518254 -0.006545 0.0194107 0.052546 -0.0066156 0.0187439 0.0532181 -0.006545 0.0180514 0.0541074 -0.0064563 0.0169381 0.0548674 -0.0065068 0.0156417 0.0552638 -0.0066281 0.0147492 0.0556353 -0.0064691 0.0138285 0.0558871 -0.0065451 0.0129147 0.0560812 -0.0065451 0.0119604 0.0562045 -0.0065069 0.0109898 0.0562519 -0.0064172 0.0094082 0.056114 -0.0068467 0.0095204 0.0559401 -0.0070613 0.0095654 0.0557575 -0.0071836 0.0096341 0.0322978 -0.0068421 0.006695 0.0325171 -0.007166 0.0073182 0.0326732 -0.0072987 0.0111349 0.0559581 -0.006948 0.0114041 0.0556573 -0.0072031 0.0111874 0.0556212 -0.0070411 0.012792 0.0551258 -0.0072339 0.0134469 0.0554598 -0.0068951 0.01381 0.0552466 -0.0072965 0.0117838 0.0547929 -0.0070695 0.0150424 0.0545947 -0.0072346 0.0148148 0.0545135 -0.0068074 0.0160641 0.0539979 -0.0072977 0.0154892 0.0538342 -0.0071876 0.0164368 0.053732 -0.0068607 0.0171843 0.0532359 -0.007155 0.0173346 0.0530742 -0.0069535 0.0178869 0.0519954 -0.007018 0.0189156 0.0517415 -0.0072196 0.0187406 0.051977 -0.0072933 0.018218 0.0509424 -0.0070106 0.0197606 0.05035 -0.0072421 0.0197237 0.049743 -0.0070355 0.0204873 0.0486305 -0.0071705 0.0208332 0.0484674 -0.0068258 0.0212618 0.047509 -0.0072496 0.0210664 0.0485124 -0.0072989 0.0204658 0.0475177 -0.0070115 0.0214405 0.046121 -0.0068835 0.0218986 0.0462043 -0.0071218 0.0216389 0.0449909 -0.0072171 0.0216388 0.0441014 -0.0070182 0.021975 0.0434 -0.007285 0.021506 0.0428225 -0.0069894 0.021937 0.0413475 -0.0067576 0.0218706 0.0416616 -0.0072902 0.021227 0.0413888 -0.0070956 0.0215978 0.0395011 -0.006853 0.0212361 0.0400315 -0.007069 0.0212249 0.03939 -0.0071666 0.0208472 0.0380102 -0.0070968 0.0202624 0.0384332 -0.0072249 0.0202381 0.0394601 -0.0072982 0.0204931 0.0369123 -0.0068368 0.0198334 0.0368331 -0.0072546 0.0191158 0.0363474 -0.0070821 0.019107 0.035475 -0.0068824 0.0185669 0.0353307 -0.0072113 0.0178661 0.0342282 -0.0068734 0.017129 0.0349267 -0.0072976 0.016913 0.0344821 -0.0071312 0.0170243 0.033898 -0.0071967 0.0159811 0.0332145 -0.0067792 0.0156024 0.0329791 -0.0070328 0.0146266 0.0332017 -0.0072208 0.0144366 0.033258 -0.0072965 0.0137973 0.0323795 -0.0070433 0.0127669 0.0325384 -0.0072295 0.0121607 0.0320569 -0.0069567 0.0114132 0.0318581 -0.0067974 0.0099545 0.032231 -0.0071762 0.010224 0.0321514 -0.0070987 0.0091578 0.0325656 -0.0072775 0.0087827 0.0320576 -0.0069444 0.0085483 0.0337176 -0.0072908 0.0113628 0.0345401 -0.0072935 0.0142816 0.0357117 -0.0072927 0.0162397 0.0381652 -0.0072845 0.0184768 0.0420592 -0.0072811 0.0200612 0.0474673 -0.0072914 0.0197577 0.0497134 -0.0072933 0.0186725 0.0522168 -0.0072944 0.016343 0.0531644 -0.0072837 0.0146817 0.0540439 -0.0072858 0.0123511 0.0343467 -0.0071525 0.0076048 0.0345102 -0.0068262 0.0082172 0.0347689 -0.0064843 0.0076814 0.035975 -0.0065608 0.0151302 0.0364039 -0.0065172 0.0157357 0.0368753 -0.0065295 0.0163144 0.0373855 -0.0064781 0.0168384 0.0379419 -0.0065633 0.0173513 0.039163 -0.0065579 0.0182056 0.0397853 -0.006431 0.0185251 0.0404655 -0.006422 0.0188275 0.0411867 -0.0065306 0.0190986 0.04184 -0.0063602 0.019255 0.0426351 -0.0065314 0.0194258 0.0433859 -0.0065746 0.0195113 0.0541011 -0.0072453 0.0111011 0.05382 -0.0070698 0.0106685 0.0535475 -0.0066851 0.0106626 0.0537006 -0.0070821 0.0118323 0.0534542 -0.0064282 0.0110529 0.053443 -0.0067563 0.0117871 0.0534315 -0.0071779 0.0133731 0.0532006 -0.0069782 0.0132807 0.05309 -0.0065915 0.0128568 0.0527798 -0.0067738 0.0139354 0.0527101 -0.0071199 0.0147476 0.052523 -0.0064798 0.0142228 0.0523403 -0.0069301 0.0149893 0.051974 -0.0071988 0.0161287 0.052177 -0.0065601 0.0148808 0.0517783 -0.0070305 0.0159939 0.0516389 -0.0067949 0.0158713 0.0510069 -0.0072606 0.0174309 0.0507965 -0.0070898 0.0171742 0.0509077 -0.0068306 0.0167308 0.0500583 -0.0067796 0.0174805 0.049447 -0.0072313 0.0185645 0.0498653 -0.0070156 0.0178413 0.0489685 -0.0071334 0.0186184 0.0491411 -0.006829 0.0181511 0.0481697 -0.0068912 0.0187505 0.0475734 -0.0071751 0.0193469 0.0470592 -0.0068108 0.0191269 0.0455334 -0.0072926 0.0202604 0.0456921 -0.007191 0.0199127 0.0460415 -0.0070221 0.0195936 0.0448829 -0.0068873 0.0196423 0.0437319 -0.0072164 0.0200728 0.0437585 -0.0069359 0.0197264 0.0426194 -0.0069566 0.0196328 0.0414102 -0.0069992 0.0194214 0.0418759 -0.0067749 0.0193697 0.0403623 -0.0072762 0.0195889 0.04002 -0.007074 0.0190277 0.040108 -0.0067703 0.0187923 0.0391651 -0.0071855 0.0187889 0.0390514 -0.0069443 0.0183745 0.0380651 -0.0070187 0.0177955 0.0385309 -0.006601 0.0178078 0.0369948 -0.0072375 0.0173447 0.0372618 -0.006919 0.0169696 0.0363292 -0.0071033 0.0162638 0.0365074 -0.0068569 0.0161165 0.0356971 -0.0072125 0.0157215 0.0355674 -0.0069824 0.0149268 0.0349176 -0.0072137 0.0144027 0.0355951 -0.0065909 0.0144916 0.0347345 -0.0071353 0.0136139 0.0349456 -0.0069155 0.013522 0.0352736 -0.0065492 0.0138086 0.0350014 -0.0065541 0.013113 0.0342174 -0.007174 0.012146 0.0344563 -0.0069833 0.0120873 0.0347865 -0.0065587 0.0124055 0.0346189 -0.0065912 0.0116678 0.0339271 -0.007211 0.0105769 0.0342275 -0.0070086 0.0105563 0.0345264 -0.0065456 0.0109391 0.0338792 -0.0072501 0.009005 0.034362 -0.0068084 0.0097905 0.0344913 -0.0064762 0.0101947 0.0341434 -0.0071057 0.0090131 0.0345278 -0.0064979 0.0090593 0.0433808 0.0069664 0.0195092 0.0426305 0.0069216 0.0194233 0.041907 0.0069585 0.0192951 0.0411791 0.006912 0.0190933 0.0404811 0.0069323 0.0188474 0.0398101 0.0070004 0.0185625 0.0391542 0.0069299 0.0181952 0.0385271 0.0068888 0.0177836 0.0379393 0.0069169 0.0173397 0.0373842 0.006888 0.0168383 0.0368663 0.0069981 0.0163214 0.0364028 0.0069216 0.0157348 0.0359745 0.0069529 0.0151268 0.0355972 0.0069643 0.0144852 0.0352787 0.006885 0.013798 0.0349979 0.0069591 0.0131051 0.0347974 0.0068769 0.0124022 0.0346333 0.0069141 0.011676 0.0345175 0.0069906 0.0109289 0.03448 0.0069573 0.0101883 0.0345301 0.0068635 0.009077 0.0350202 0.0071258 0.0068551 0.035099 -0.0068398 0.0066403 0.0391031 0.0076986 0.0192665 0.0340426 0.0076856 0.0076148 0.0344625 0.0073893 0.0079127 0.0347564 0.0069201 0.0077172 0.053539 0.0071195 0.0110382 0.0536874 0.0073495 0.0110524 0.0541684 0.0076866 0.0117897 0.0537769 0.0075343 0.0118443 0.0534144 0.0072607 0.0121698 0.053307 0.0074973 0.0133247 0.0527696 0.0071547 0.013937 0.0535431 0.0076899 0.0139662 0.052584 0.0073747 0.0146568 0.0529839 0.0076201 0.014562 0.0524559 0.0075926 0.0154232 0.0519909 0.0074202 0.0156551 0.0514482 0.0073248 0.0162262 0.0514486 0.0075866 0.0167239 0.051912 0.0076917 0.016686 0.0506763 0.0073564 0.0171015 0.0502898 0.0075646 0.0177676 0.0494843 0.0072986 0.0179947 0.0497599 0.0076901 0.0186267 0.0486632 0.007591 0.0189107 0.0485572 0.0074198 0.0186726 0.0474493 0.007134 0.0189623 0.0475036 0.0073803 0.0191195 0.0475342 0.0076409 0.0194984 0.0464052 0.0073842 0.0194589 0.0460838 0.0076752 0.0200106 0.0452731 0.0073786 0.0196783 0.0445818 0.0076296 0.0200961 0.0437978 0.0074424 0.0198163 0.0429668 0.0075231 0.0198772 0.042323 0.0075885 0.0198939 0.0422543 0.0072889 0.0195356 0.0428131 0.0076941 0.0203418 0.0411481 0.0072918 0.019256 0.0407174 0.0075472 0.0194061 0.0401455 0.0072788 0.018886 0.0395841 0.0076704 0.0193145 0.0392419 0.0075757 0.0188089 0.039061 0.007324 0.0183583 0.038168 0.0072006 0.0176736 0.0380258 0.0074648 0.0178362 0.0378523 0.0076344 0.0180684 0.0372702 0.0072943 0.0169607 0.0364571 0.0076954 0.0171869 0.0367039 0.0076097 0.0169461 0.0364573 0.007334 0.0161367 0.0357111 0.0076126 0.0157413 0.0355692 0.0073742 0.014914 0.034973 0.0075835 0.0143612 0.0351369 0.0072707 0.0138621 0.0346372 0.0076855 0.0143432 0.034752 0.0074201 0.0132106 0.0345364 0.0072856 0.0120629 0.0342839 0.0075353 0.0121184 0.0338628 0.0076934 0.0121256 0.0339637 0.0076071 0.0109308 0.0342603 0.0073674 0.0105705 0.0344355 0.0071576 0.0090343 0.0336916 0.0076846 0.0095603 0.0341711 0.0074929 0.0090202 0.0325808 0.0076959 0.01071 0.033163 0.0076929 0.0136423 0.0366416 0.0076975 0.0187324 0.0421409 0.007689 0.0213065 0.0447455 0.0076932 0.0214166 0.0478732 0.0076898 0.0208151 0.0324071 0.0074988 0.0073221 0.032001 0.0068506 0.0075234 0.0557453 0.007558 0.010945 0.0559219 0.0073827 0.0114301 0.0553051 0.0076781 0.012323 0.0562028 0.0069451 0.0109437 0.0560835 0.0069835 0.0119054 0.0555433 0.0073855 0.0133066 0.055899 0.006945 0.0128659 0.0549181 0.0076443 0.0139704 0.0556334 0.0069451 0.0138027 0.0547545 0.0075066 0.0150022 0.0549095 0.0073293 0.0151139 0.0552943 0.0069451 0.0147156 0.0541327 0.00769 0.0153855 0.0548771 0.0069507 0.0156095 0.0540016 0.0075804 0.0161679 0.0542248 0.0073177 0.0163749 0.0530956 0.0076516 0.0171963 0.0543978 0.0069386 0.0164581 0.0533854 0.0074214 0.0174334 0.0538588 0.006945 0.0172528 0.053236 0.0070156 0.0180116 0.0514962 0.0075932 0.0190374 0.0520665 0.0073881 0.0188876 0.0525731 0.006977 0.0187276 0.0511642 0.0076952 0.0189024 0.0518536 0.0069507 0.0193861 0.0506223 0.0073647 0.0200379 0.0497884 0.0076362 0.0200901 0.0510837 0.0069123 0.0199867 0.0502655 0.0069893 0.0205052 0.0487451 0.0075598 0.0207884 0.0493135 0.0073342 0.0208066 0.0494115 0.0069122 0.0209831 0.0479869 0.0073227 0.0213762 0.0485214 0.0069507 0.0213725 0.0474787 0.0075322 0.0212961 0.0476027 0.0069386 0.0216979 0.0460271 0.0075927 0.0215533 0.046613 0.0073051 0.0217829 0.0466596 0.006874 0.0219562 0.0451123 0.0073598 0.0219733 0.0457198 0.0069836 0.0221112 0.0441022 0.0075078 0.0218681 0.043369 0.007638 0.0216178 0.0447475 0.0069451 0.0222163 0.0437669 0.0070282 0.0222218 0.0422946 0.0074518 0.0218203 0.0427914 0.006977 0.0221741 0.0418429 0.0069836 0.0220411 0.0401434 0.0076947 0.0207414 0.0405646 0.0076097 0.0211762 0.0409128 0.0073894 0.0215894 0.0408743 0.0069507 0.0218325 0.0396159 0.007387 0.0211756 0.0399423 0.0069386 0.021548 0.0384876 0.007638 0.0202619 0.0390566 0.0069836 0.0211894 0.0379551 0.0075293 0.0201708 0.0377757 0.0073336 0.0203119 0.0381826 0.0069836 0.0207609 0.0373384 0.0069451 0.0202674 0.0362895 0.0076053 0.0188238 0.0366182 0.0072847 0.0195671 0.0365227 0.0068627 0.0197026 0.0356063 0.0074595 0.0184836 0.0358027 0.0069836 0.0190799 0.0351069 0.0069835 0.0183996 0.0345393 0.0076933 0.0164025 0.0345716 0.0076097 0.016912 0.0344292 0.0074421 0.0171435 0.0342018 0.0072097 0.0171561 0.0341459 0.0068694 0.0172916 0.0337675 0.0075804 0.0157765 0.0333781 0.0074202 0.0155304 0.033365 0.0069451 0.0160575 0.0331284 0.0076093 0.0143358 0.0329335 0.0070222 0.0151951 0.0326122 0.007407 0.0137211 0.032547 0.0069836 0.0142973 0.0326306 0.0076054 0.0127567 0.03225 0.0070223 0.0133754 0.0322337 0.0073855 0.0123528 0.0319962 0.0069348 0.0124004 0.0322979 0.0075585 0.0113848 0.0319881 0.00726 0.0114213 0.0318356 0.006874 0.0114315 0.0323172 0.0076143 0.0093642 0.0319897 0.0073669 0.0104589 0.0317663 0.0069164 0.0104675 0.0320656 0.0074118 0.0090111 0.0317832 0.0070156 0.0095109 0.0318559 0.0069894 0.0085387 0.0330721 0.0081372 0.0063269 0.0328161 0.0080188 0.0061679 0.0326174 0.0078084 0.0059876 0.0333121 0.008021 0.0066484 0.033044 0.0078349 0.0069604 0.032816 0.0076941 0.0074456 0.0326586 0.0077143 0.0067787 0.0322898 0.0072531 0.0067397 0.0342338 0.0078136 0.0070411 0.0345096 0.0080244 0.0066217 0.0346045 0.0082941 0.0063219 0.0333599 0.0083038 0.0063005 0.0348932 0.0088174 0.0059386 0.035003 0.0080666 0.0063256 0.034228 0.0076748 0.0073948 0.0346326 0.0074257 0.0073439 0.0348046 0.0071857 0.007299 0.0346759 0.007789 0.006789 0.0349436 0.0075964 0.0067022 0.0351646 0.0085591 0.0059639 0.0326446 0.0092535 0.0056711 0.0323297 0.0091605 0.005409 0.0330972 0.0086578 0.0060234 0.0325033 -0.0069749 0.0057643 0.0324395 -0.0080827 0.0056156 0.0323176 -0.0091629 0.0053887 0.0179737 -0.015028 0.0026366 0.0198331 -0.0150194 0.001446 0.0212007 -0.0150267 0.0009058 0.022617 -0.0149788 0.000588 0.0237312 -0.0150217 0.0004959 0.0248562 -0.0150266 0.0005233 0.0277146 -0.0150262 0.0012397 0.0290193 -0.0150902 0.0019115 0.0301087 -0.0150928 0.0027034 0.0316529 -0.0150864 0.004343 0.0333538 -0.0079332 0.0062745 0.0332058 -0.0077768 0.0063666 0.0329413 -0.0076789 0.0062708 0.0326365 -0.007438 0.006031 0.0334386 -0.0076217 0.0066576 0.0330395 -0.0074242 0.0069931 0.0328441 -0.0072962 0.0074701 0.0327367 -0.0073397 0.0068714 0.0324124 -0.0070561 0.0069765 0.034707 -0.0079997 0.0062147 0.0344482 -0.0076125 0.0066508 0.0339748 -0.0072932 0.0075533 0.034896 -0.0084447 0.0059348 0.033055 -0.0084165 0.0059356 0.0329599 -0.0089935 0.0057607 0.0350153 -0.0077683 0.0062568 0.0348815 -0.0074317 0.0066028 0.034758 -0.0069246 0.0072609 0.0343455 -0.0074201 0.0069929 0.0353553 -0.0090135 0.005668 0.0351957 -0.0082551 0.0059051 0.0352397 -0.0149428 0.005708 0.0355272 -0.015051 0.0055334 0.0339951 -0.0174624 0.0050822 0.0339989 -0.017313 0.0053613 0.0340028 -0.0170477 0.0055938 0.0340257 -0.0165999 0.0057483 0.0342992 -0.0173024 0.0051353 0.0347519 -0.016984 0.0051552 0.0351063 -0.0164644 0.005376 0.0354779 -0.0159578 0.0053015 0.0357081 -0.0152137 0.0053205 0.0345607 -0.0168904 0.0054546 0.0347382 -0.0161175 0.005723 0.0352004 -0.0157957 0.0056182 0.0339808 -0.0176747 0.0040134 0.0339942 -0.0177793 0.0031065 0.0529369 -0.0154875 0.0064992 0.0531542 -0.0160169 0.006535 0.0535501 -0.0168162 0.0061828 0.0541285 -0.0173266 0.0059606 0.0546166 -0.0175946 0.0057368 0.0351135 -0.0172917 0.003791 0.0354682 -0.0169255 0.0040735 0.0352993 -0.0175987 0.0025893 0.0360757 -0.0173558 0.0024816 0.0360418 -0.016239 0.0041724 0.0364071 -0.017009 0.0027879 0.0362576 -0.0156812 0.0042663 0.0364203 -0.016583 0.0033321 0.0368277 -0.01762 0.0010363 0.0370415 -0.017357 0.001573 0.038446 -0.0176547 -0.0001661 0.0369829 -0.0158544 0.0033264 0.0374262 -0.0169255 0.0019655 0.0377964 -0.0174206 0.0008609 0.0377999 -0.01626 0.0023146 0.038121 -0.0170114 0.0013253 0.0388385 -0.0170998 0.0007726 0.0383858 -0.0164787 0.0016998 0.0379817 -0.0156228 0.0024924 0.0390993 -0.0165867 0.0011799 0.0396724 -0.0174812 -0.0002905 0.0410024 -0.0176943 -0.0013324 0.0391498 -0.0160633 0.0015012 0.0402561 -0.0170892 0.0001239 0.0392315 -0.0156162 0.0016451 0.040073 -0.0165846 0.0007125 0.0420998 -0.0175386 -0.0011325 0.0416647 -0.0173628 -0.000684 0.0405303 -0.016053 0.0008556 0.0410961 -0.016592 0.0003313 0.0405967 -0.0156099 0.0010039 0.0417663 -0.0170082 -0.0002323 0.0436325 -0.0176478 -0.0015424 0.0418401 -0.0165238 0.0001872 0.0419184 -0.0158513 0.000542 0.042875 -0.0171564 -0.0005675 0.0445218 -0.0173353 -0.0008951 0.0460277 -0.017687 -0.0015433 0.0433693 -0.01658 -6.62e-05 0.0445859 -0.017041 -0.0005046 0.0430142 -0.0158498 0.0003709 0.0465664 -0.0174958 -0.0008916 0.0441683 -0.0158509 0.0003164 0.0449594 -0.0165791 -3.94e-05 0.0466779 -0.0171734 -0.0003194 0.0465417 -0.0166628 0.0001803 0.0489935 -0.0176608 -0.0004693 0.045681 -0.0158544 0.0004609 0.04836 -0.0173607 -2.71e-05 0.0481739 -0.017013 0.0003872 0.0509536 -0.0177766 0.0001781 0.0471468 -0.0158481 0.0008417 0.0480258 -0.0165788 0.0007534 0.0499371 -0.017431 0.0006892 0.0496311 -0.0169484 0.0012483 0.048546 -0.0158468 0.0014496 0.0494163 -0.0165466 0.0015185 0.0513253 -0.017431 0.0017368 0.0527482 -0.0176912 0.0022096 0.0509549 -0.0170071 0.0021697 0.0498386 -0.0158575 0.0022697 0.0506953 -0.0165789 0.002458 0.0525925 -0.0174555 0.0029849 0.052142 -0.0170584 0.0033274 0.0539115 -0.0176317 0.0042031 0.0509764 -0.015844 0.0032857 0.0517963 -0.0165789 0.0036027 0.053194 -0.0171737 0.0046141 0.0519463 -0.0158509 0.0044632 0.0527019 -0.016578 0.004904 0.0525482 -0.0158813 0.0054381 0.0550975 -0.0176031 0.0060655 0.0553454 -0.0173172 0.0066495 0.0552461 -0.0168237 0.0072125 0.0550719 -0.016364 0.0075511 0.0551087 -0.0156477 0.0078749 0.0550856 -0.0151965 0.007973 0.0529639 -0.014978 0.0066906 0.0544658 -0.0172014 0.0065189 0.0547112 -0.0169446 0.0069856 0.0539342 -0.0168383 0.0066076 0.053563 -0.0163501 0.0067512 0.0541299 -0.0164315 0.0071527 0.0543986 -0.0160689 0.0075222 0.0537433 -0.0157548 0.0072978 0.0534167 -0.0151934 0.0071853 0.0543773 -0.0152025 0.0077916 0.0539593 -0.0150487 0.0075986 0.0565251 -0.0155066 0.0079117 0.0565734 -0.0161311 0.0076796 0.0564825 -0.0168047 0.0072369 0.057216 -0.0176221 0.0053719 0.0579185 -0.017266 0.0051366 0.0585481 -0.0166814 0.0051698 0.0590196 -0.0158531 0.0051185 0.0566084 -0.0176641 0.0058678 0.0566537 -0.017402 0.0064732 0.0574287 -0.0172852 0.0061691 0.0579756 -0.017122 0.0057597 0.0568974 -0.0170806 0.0068352 0.0578324 -0.0168421 0.0065127 0.0574973 -0.0165767 0.0070685 0.0571802 -0.0163195 0.0074051 0.0584394 -0.0165933 0.0059075 0.0587875 -0.0162346 0.0055486 0.0582771 -0.0163475 0.0065478 0.0574111 -0.0157873 0.007582 0.058195 -0.0157047 0.0070772 0.0585582 -0.0157131 0.0066498 0.0588476 -0.0158306 0.0060135 0.0570498 -0.0150777 0.0078713 0.0575663 -0.0151189 0.0076676 0.0580242 -0.0152087 0.0073665 0.0590303 -0.0152086 0.0059645 0.0591784 -0.0151347 0.0053083 0.0591549 -0.0154491 -0.008 0.0587023 -0.0164719 -0.008 0.0581531 -0.0170869 -0.008 0.057354 -0.0175863 -0.008 0.0564402 -0.0177985 -0.008 0.0579727 0.0176398 -0.008 0.0586851 0.0169007 -0.008 0.0591621 0.0158257 -0.008 0.0323909 -0.0155654 0.0053494 0.0327757 -0.0163096 0.0053749 0.0335722 -0.0172096 0.0051626 0.013223 -0.0175065 0.0070511 0.0134324 -0.0176564 0.005299 0.0141101 -0.0169259 0.0068323 0.0140617 -0.0173165 0.0056079 0.0147222 -0.0161839 0.0067383 0.0143322 -0.0176384 0.0037384 0.01475 -0.0157636 0.0072437 0.0149221 -0.0168511 0.0051116 0.0148859 -0.0173167 0.0040863 0.0149936 -0.0152504 0.0068934 0.0149567 -0.016568 0.0055704 0.0152445 -0.0169773 0.0043071 0.015359 -0.0176649 0.0022488 0.0152612 -0.015948 0.0057357 0.0155048 -0.016264 0.0049646 0.0157927 -0.0174131 0.0026424 0.0154609 -0.0152501 0.0057781 0.0168001 -0.0177095 0.0006691 0.0159544 -0.0166341 0.0038531 0.0159382 -0.0155905 0.0047729 0.0162455 -0.0169863 0.003002 0.0161807 -0.0161624 0.0040366 0.0160038 -0.0150144 0.0048435 0.0169055 -0.0175044 0.0013388 0.0167822 -0.0158455 0.0035295 0.0173167 -0.0170987 0.0018091 0.0170819 -0.0165049 0.0027364 0.0173482 -0.0177939 -0.000405 0.0178604 -0.017322 0.0010277 0.0168967 -0.0152088 0.0036484 0.0190668 -0.0174186 0.0001275 0.0193366 -0.0177072 -0.0008036 0.0178261 -0.0159922 0.0024503 0.0179432 -0.0164946 0.0020267 0.0176888 -0.0154548 0.0028076 0.0184456 -0.0168528 0.0013199 0.0203916 -0.0174914 -0.0005788 0.0194751 -0.0169691 0.0006021 0.0218191 -0.0177293 -0.0016499 0.0189204 -0.0164939 0.0013517 0.0185319 -0.0155185 0.0021177 0.0187422 -0.016014 0.0017839 0.0200956 -0.0172068 1.97e-05 0.019731 -0.016101 0.0011788 0.0188636 -0.0150819 0.0019945 0.0199524 -0.016563 0.0007833 0.0216055 -0.0175049 -0.0009379 0.0238456 -0.0177633 -0.0020758 0.0198052 -0.0155688 0.0013612 0.0206029 -0.0168447 0.0002789 0.0216892 -0.0172068 -0.0004647 0.0207583 -0.0162593 0.0006748 0.0217615 -0.0168587 -7.17e-05 0.021442 -0.0165677 0.000261 0.023305 -0.0174973 -0.00116 0.0208598 -0.0155874 0.0009282 0.0225438 -0.0169723 -0.0003359 0.0246168 -0.0176872 -0.0016899 0.0218977 -0.0159849 0.0004793 0.0234032 -0.0171049 -0.0005611 0.02263 -0.0161808 0.0002604 0.0219234 -0.0154807 0.0006447 0.023375 -0.016567 -5.71e-05 0.0250454 -0.0174987 -0.0011351 0.0250078 -0.0172107 -0.0006749 0.0233886 -0.0154978 0.0004342 0.0250142 -0.0168622 -0.0002713 0.0273937 -0.0177143 -0.001299 0.024145 -0.0160704 0.0002113 0.0245322 -0.016572 -5.82e-05 0.0263642 -0.0175732 -0.0010918 0.0266721 -0.0172598 -0.0004508 0.0275879 -0.0174968 -0.0005892 0.0248776 -0.0156404 0.0004197 0.0261706 -0.0169784 -0.0002009 0.0256877 -0.0163972 0.0001812 0.0273457 -0.0168568 0.0002415 0.0293427 -0.0176392 -0.0002069 0.0268581 -0.0165672 0.0003445 0.0263982 -0.0159343 0.0005734 0.0282069 -0.017203 0.0001494 0.0291009 -0.0173213 0.0004003 0.0263187 -0.0151844 0.00076 0.0270773 -0.0155738 0.0009017 0.0319491 -0.017766 0.0008929 0.0275292 -0.0162588 0.0007794 0.028404 -0.0168529 0.0006839 0.0308553 -0.01764 0.0007385 0.0285678 -0.0162187 0.0012666 0.0294381 -0.0168622 0.0012275 0.0304707 -0.0173168 0.001272 0.028118 -0.0155701 0.001332 0.0321687 -0.0176431 0.0018612 0.0296799 -0.0165761 0.001678 0.0291056 -0.0155743 0.0018629 0.0308124 -0.0169213 0.0021632 0.0317447 -0.0173168 0.0023799 0.0295005 -0.016047 0.0019252 0.0306188 -0.0165633 0.0024016 0.0329937 -0.0176432 0.0027816 0.0304524 -0.0161705 0.0025757 0.0303222 -0.0157166 0.002714 0.031615 -0.016849 0.0030626 0.032742 -0.0173184 0.0035507 0.0317351 -0.0163023 0.0037916 0.0322771 -0.0168 0.0039416 0.0308346 -0.0151784 0.0033658 0.0311406 -0.0158437 0.0034633 0.0317563 -0.0156927 0.0042902 0.033163 -0.0168965 0.0051857 0.0326364 -0.0154265 0.005621 0.0323285 -0.0148046 0.0054096 0.0334867 -0.0163543 0.0057208 0.0333894 -0.0168257 0.0054729 0.032645 -0.0090278 0.0056665 0.0328349 -0.0081889 0.0059527 -0.0009319 -0.0145 0.0028682 -0.0018654 -0.0145 0.0023665 -0.0027025 -0.0145 0.0013771 -0.003011 -0.0145 0.0001183 -0.0028592 -0.0145 -0.0009665 -0.0024144 -0.0145 -0.0017906 -0.0016507 -0.0145 -0.0025369 -0.0005546 -0.0145 -0.0029598 0.0005073 -0.0145 -0.0029752 0.0003541 -0.0178 -0.0029924 -0.0008224 -0.0178 0.002916 -0.001863 -0.0178 0.0023634 -0.0024849 -0.0178 0.0017008 -0.0028602 -0.0178 0.0009294 -0.0030158 -0.0178 0 -0.0027514 -0.0178 -0.0012684 -0.0019585 -0.0178 -0.0022933 -0.000857 -0.0178 -0.0029028 0.0013909 -0.0145 -0.0026647 0.0021325 -0.0145 -0.0021325 0.0027909 -0.0145 -0.0011559 0.0029988 -0.0145 -0.0002062 0.0029467 -0.0145 0.0006204 0.0025546 -0.0145 0.0016074 0.0018378 -0.0145 0.0023855 0.001123 -0.0145 0.0027883 0.0002013 -0.0145 0.0030115 0.0015849 -0.0178 -0.0025862 0.0025756 -0.0178 -0.0015784 0.0029598 -0.0178 -0.0005545 0.0029886 -0.0178 0.0003537 0.0027486 -0.0178 0.0012301 0.0023049 -0.0178 0.0019295 0.0015111 -0.0178 0.0026225 0.0003872 -0.0178 0.0029863 -0.0008208 0.0182 0.0029102 -0.0018654 0.0182 0.0023665 -0.0024491 0.0182 0.0017428 -0.0028366 0.0182 0.0010107 -0.003018 0.0182 -3.56e-05 -0.0028495 0.0182 -0.000957 -0.0024398 0.0182 -0.0017726 -0.0016742 0.0182 -0.0025054 -0.0009007 0.0182 -0.0028678 -8.46e-05 0.0182 -0.0030101 0.0007305 0.0182 -0.0029158 0.0016074 0.0182 -0.0025546 0.002305 0.0182 -0.0019294 0.0027863 0.0182 -0.001154 0.0030075 0.0182 -0.0001517 0.0029296 0.0182 0.0006729 0.0026291 0.0182 0.0014724 0.0019585 0.0182 0.0022933 0.0011509 0.0182 0.0027785 0.0003206 0.0182 0.0029942 2.96e-05 0.0149 0.0030058 -0.0009334 0.0149 0.0028729 -0.001863 0.0149 0.0023634 -0.0025756 0.0149 0.0015784 -0.0029787 0.0149 0.0004718 -0.0029429 0.0149 -0.0006699 -0.0025782 0.0149 -0.0015454 -0.001987 0.0149 -0.0022718 -0.0010736 0.0149 -0.0028134 -0.0001516 0.0149 -0.0030074 0.0009335 0.0149 -0.0028729 0.0018631 0.0149 -0.0023634 0.0024331 0.0149 -0.0017676 0.0028366 0.0149 -0.0010107 0.0030227 0.0149 0.0001557 0.0027657 0.0149 0.0011775 0.002344 0.0149 0.0018904 0.0016721 0.0149 0.0025022 0.0008497 0.0149 0.0028889 -0.0009319 -0.0145 0.0028682 -0.0018654 -0.0145 0.0023665 -0.0027025 -0.0145 0.0013771 -0.003011 -0.0145 0.0001183 -0.0028592 -0.0145 -0.0009665 -0.0024144 -0.0145 -0.0017906 -0.0016507 -0.0145 -0.0025369 -0.0005546 -0.0145 -0.0029598 0.0005073 -0.0145 -0.0029752 0.011 -0.0145 0.008 0.011 -0.0145 -0.008 -0.0005027 -0.0145 0.0079868 -0.0019478 -0.0145 0.0077755 -0.0040015 -0.0145 0.0069621 -0.005893 -0.0145 0.0054475 -0.007106 -0.0145 0.0037091 -0.0077072 -0.0145 0.0021738 -0.0079968 -0.0145 0.0005503 -0.0079434 -0.0145 -0.0009961 -0.0075291 -0.0145 -0.0027777 -0.0066583 -0.0145 -0.004449 -0.0056119 -0.0145 -0.0057235 -0.0038454 -0.0145 -0.0070494 -0.0014787 -0.0145 -0.0078927 0 -0.0145 -0.008 -0.0062217 -0.0145 -0.0011902 -0.0066981 -0.0145 -0.000985 -0.0070835 -0.0145 -0.0005521 -0.0072063 -0.0145 0 -0.0071005 -0.0145 0.0005074 -0.0067834 -0.0145 0.0009173 -0.0062982 -0.0145 0.0011775 -0.005671 -0.0145 0.0011664 -0.0050589 -0.0145 0.0007834 -0.0047727 -0.0145 -4.82e-05 -0.0051233 -0.0145 -0.0008548 -0.0057042 -0.0145 -0.0011705 0.0011664 -0.0145 -0.006329 0.0007604 -0.0145 -0.0069646 0.000109 -0.0145 -0.0072023 -0.0004654 -0.0145 -0.0071235 -0.0009173 -0.0145 -0.0067834 -0.0011774 -0.0145 -0.0062982 -0.0011664 -0.0145 -0.005671 -0.0008579 -0.0145 -0.0051421 -0.0002069 -0.0145 -0.0047931 0.0004043 -0.0145 -0.0048654 0.000811 -0.0145 -0.005101 0.0011692 -0.0145 -0.0056543 0.006329 -0.0145 0.0011664 0.0067834 -0.0145 0.0009174 0.0071006 -0.0145 0.0005074 0.0072064 -0.0145 -0 0.0071006 -0.0145 -0.0005074 0.0067834 -0.0145 -0.0009174 0.0063428 -0.0145 -0.0011611 0.0058583 -0.0145 -0.001197 0.0053661 -0.0145 -0.0010345 0.0049698 -0.0145 -0.0006313 0.0047833 -0.0145 -4.78e-05 0.0049234 -0.0145 0.0005485 0.0052166 -0.0145 0.0009173 0.0057018 -0.0145 0.0011775 -0.0012096 -0.0145 0.0058897 -0.001052 -0.0145 0.0066265 -0.0005074 -0.0145 0.0071006 0 -0.0145 0.0072063 0.0005074 -0.0145 0.0071006 0.0009598 -0.0145 0.0067379 0.0011863 -0.0145 0.006236 0.0011664 -0.0145 0.005671 0.0007834 -0.0145 0.005059 4.78e-05 -0.0145 0.0047833 -0.0006217 -0.0145 0.0049566 -0.0010218 -0.0145 0.0053571 0.0013909 -0.0145 -0.0026647 0.0021325 -0.0145 -0.0021325 0.0027909 -0.0145 -0.0011559 0.0029988 -0.0145 -0.0002062 0.0029467 -0.0145 0.0006204 0.0025546 -0.0145 0.0016074 0.0018378 -0.0145 0.0023855 0.001123 -0.0145 0.0027883 0.0002013 -0.0145 0.0030115 -0.0062217 -0.0145 -0.0011902 -0.0066981 -0.0145 -0.000985 -0.0070835 -0.0145 -0.0005521 -0.0072063 -0.0145 0 -0.0071005 -0.0145 0.0005074 -0.0067834 -0.0145 0.0009173 -0.0062982 -0.0145 0.0011775 -0.005671 -0.0145 0.0011664 -0.0050589 -0.0145 0.0007834 -0.0047727 -0.0145 -4.82e-05 -0.0051233 -0.0145 -0.0008548 -0.0057042 -0.0145 -0.0011705 -0.0057624 -0.0178 0.0011943 -0.0052268 -0.0178 0.0009273 -0.0048615 -0.0178 0.0004363 -0.0048114 -0.0178 -0.0002364 -0.0050584 -0.0178 -0.000761 -0.0055924 -0.0178 -0.0011491 -0.0062832 -0.0178 -0.0011797 -0.0067462 -0.0178 -0.0009466 -0.007081 -0.0178 -0.0005508 -0.0072044 -0.0178 -4.72e-05 -0.0071209 -0.0178 0.0004644 -0.006761 -0.0178 0.0009416 -0.0063272 -0.0178 0.0011601 -0.0064508 0.0182 -0.0011279 -0.0068851 0.0182 -0.0008182 -0.0071597 0.0182 -0.000361 -0.0071862 0.0182 0.000236 -0.0069056 0.0182 0.0008163 -0.0062982 0.0182 0.0011775 -0.0055924 0.0182 0.0011491 -0.0050263 0.0182 0.0007261 -0.0048213 0.0182 0.0002481 -0.0048098 0.0182 -0.0002217 -0.0050666 0.0182 -0.0007773 -0.0056991 0.0182 -0.0011869 -0.0062688 0.0149 -0.0011845 -0.0067462 0.0149 -0.0009466 -0.007089 0.0149 -0.000538 -0.0072095 0.0149 9.52e-05 -0.0069325 0.0149 0.0007964 -0.0062688 0.0149 0.0011845 -0.0056716 0.0149 0.0011641 -0.0051773 0.0149 0.00089 -0.0048855 0.0149 0.0004617 -0.004788 0.0149 -8.02e-05 -0.0049852 0.0149 -0.0006603 -0.0055171 0.0149 -0.0011252 2.96e-05 0.0149 0.0030058 -0.0009334 0.0149 0.0028729 -0.001863 0.0149 0.0023634 -0.0025756 0.0149 0.0015784 -0.0029787 0.0149 0.0004718 -0.0029429 0.0149 -0.0006699 -0.0025782 0.0149 -0.0015454 -0.001987 0.0149 -0.0022718 -0.0010736 0.0149 -0.0028134 -0.0001516 0.0149 -0.0030074 0.0009335 0.0149 -0.0028729 0.0018631 0.0149 -0.0023634 0.0024331 0.0149 -0.0017676 0.0028366 0.0149 -0.0010107 0.0030227 0.0149 0.0001557 0.0027657 0.0149 0.0011775 0.002344 0.0149 0.0018904 0.0016721 0.0149 0.0025022 0.0008497 0.0149 0.0028889 -0.0062688 0.0149 -0.0011845 -0.0067462 0.0149 -0.0009466 -0.007089 0.0149 -0.000538 -0.0072095 0.0149 9.52e-05 -0.0069325 0.0149 0.0007964 -0.0062688 0.0149 0.0011845 -0.0056716 0.0149 0.0011641 -0.0051773 0.0149 0.00089 -0.0048855 0.0149 0.0004617 -0.004788 0.0149 -8.02e-05 -0.0049852 0.0149 -0.0006603 -0.0055171 0.0149 -0.0011252 0.011 0.0149 -0.008 0.011 0.0149 0.008 -0.0005027 0.0149 -0.0079868 -0.0011184 0.0149 0.0079485 -0.0027701 0.0149 0.007509 -0.0041208 0.0149 0.0068755 -0.0053932 0.0149 0.0059164 -0.0066266 0.0149 0.0045354 -0.0076272 0.0149 0.0024783 -0.0079876 0.0149 0.0006286 -0.0079564 0.0149 -0.0008857 -0.0076474 0.0149 -0.002402 -0.0070119 0.0149 -0.003863 -0.0061462 0.0149 -0.0051455 -0.0047752 0.0149 -0.0064382 -0.0031402 0.0149 -0.0073751 -0.0016162 0.0149 -0.0078408 0.0011943 0.0149 -0.0062375 0.000899 0.0149 -0.0068108 0.0004624 0.0149 -0.0071163 -9.52e-05 0.0149 -0.0072095 -0.0006602 0.0149 -0.0070148 -0.0010302 0.0149 -0.0066313 -0.0012243 0.0149 -0.0059845 -0.0010218 0.0149 -0.0053571 -0.0005949 0.0149 -0.0049376 0 0.0149 -0.0047917 0.000595 0.0149 -0.0049376 0.0011088 0.0149 -0.0054889 0.0068108 0.0149 0.0008991 0.0071164 0.0149 0.0004624 0.0072072 0.0149 -1.42e-05 0.0070624 0.0149 -0.0005949 0.0066314 0.0149 -0.0010302 0.0060478 0.0149 -0.0012167 0.0054079 0.0149 -0.0010574 0.0049376 0.0149 -0.000595 0.0047917 0.0149 0 0.0049376 0.0149 0.000595 0.0054079 0.0149 0.0010574 0.0061444 0.0149 0.0012198 -0.0011934 0.0149 0.006189 -0.0009209 0.0149 0.006807 -0.0004043 0.0149 0.0071346 9.52e-05 0.0149 0.0072096 0.0007558 0.0149 0.0069588 0.0011776 0.0149 0.0063161 0.0011641 0.0149 0.0056717 0.00089 0.0149 0.0051774 0.0004617 0.0149 0.0048855 0 0.0149 0.0047917 -0.000595 0.0149 0.0049376 -0.0011252 0.0149 0.0055171 0.0011664 -0.0145 -0.006329 0.0007604 -0.0145 -0.0069646 0.000109 -0.0145 -0.0072023 -0.0004654 -0.0145 -0.0071235 -0.0009173 -0.0145 -0.0067834 -0.0011774 -0.0145 -0.0062982 -0.0011664 -0.0145 -0.005671 -0.0008579 -0.0145 -0.0051421 -0.0002069 -0.0145 -0.0047931 0.0004043 -0.0145 -0.0048654 0.000811 -0.0145 -0.005101 0.0011692 -0.0145 -0.0056543 -0.0010574 -0.0178 -0.0054078 -0.0007351 -0.0178 -0.0050458 -0.0002689 -0.0178 -0.0048155 0.0002482 -0.0178 -0.0048213 0.0006849 -0.0178 -0.0050017 0.0011136 -0.0178 -0.0055035 0.0012026 -0.0178 -0.0060946 0.0010574 -0.0178 -0.0065922 0.0006602 -0.0178 -0.0070148 4.78e-05 -0.0178 -0.0072167 -0.0005921 -0.0178 -0.0070574 -0.0009759 -0.0178 -0.0067091 -0.0012193 -0.0178 -0.0061116 0.001098 0.0182 -0.006542 0.0004693 0.0182 -0.0071329 -0.0002359 0.0182 -0.0071862 -0.0008163 0.0182 -0.0069056 -0.0011254 0.0182 -0.0064293 -0.0012109 0.0182 -0.0059523 -0.0010051 0.0182 -0.0053099 -0.0004934 0.0182 -0.0048944 0.0001432 0.0182 -0.0047908 0.0008548 0.0182 -0.0051233 0.0011973 0.0182 -0.0057951 0.0011943 0.0149 -0.0062375 0.000899 0.0149 -0.0068108 0.0004624 0.0149 -0.0071163 -9.52e-05 0.0149 -0.0072095 -0.0006602 0.0149 -0.0070148 -0.0010302 0.0149 -0.0066313 -0.0012243 0.0149 -0.0059845 -0.0010218 0.0149 -0.0053571 -0.0005949 0.0149 -0.0049376 0 0.0149 -0.0047917 0.000595 0.0149 -0.0049376 0.0011088 0.0149 -0.0054889 0.006329 -0.0145 0.0011664 0.0067834 -0.0145 0.0009174 0.0071006 -0.0145 0.0005074 0.0072064 -0.0145 -0 0.0071006 -0.0145 -0.0005074 0.0067834 -0.0145 -0.0009174 0.0063428 -0.0145 -0.0011611 0.0058583 -0.0145 -0.001197 0.0053661 -0.0145 -0.0010345 0.0049698 -0.0145 -0.0006313 0.0047833 -0.0145 -4.78e-05 0.0049234 -0.0145 0.0005485 0.0052166 -0.0145 0.0009173 0.0057018 -0.0145 0.0011775 0.0057168 -0.0178 -0.0011797 0.0052539 -0.0178 -0.0009466 0.004911 -0.0178 -0.0005379 0.0047928 -0.0178 1.43e-05 0.0049247 -0.0178 0.0005648 0.0053783 -0.0178 0.0010435 0.0061444 -0.0178 0.0012198 0.0068108 -0.0178 0.0008991 0.0071566 -0.0178 0.0003758 0.0071901 -0.0178 -0.0002028 0.006902 -0.0178 -0.0008337 0.0062822 -0.0178 -0.0011749 0.0063734 0.0182 0.0011492 0.0069411 0.0182 0.0007834 0.0072168 0.0182 4.78e-05 0.0070821 0.0182 -0.0005354 0.006761 0.0182 -0.0009416 0.0060962 0.0182 -0.0012225 0.0053661 0.0182 -0.0010345 0.0049165 0.0182 -0.0005521 0.0047937 0.0182 0 0.0048945 0.0182 0.0004934 0.0052153 0.0182 0.0009188 0.0057625 0.0182 0.0011943 0.0068108 0.0149 0.0008991 0.0071164 0.0149 0.0004624 0.0072072 0.0149 -1.42e-05 0.0070624 0.0149 -0.0005949 0.0066314 0.0149 -0.0010302 0.0060478 0.0149 -0.0012167 0.0054079 0.0149 -0.0010574 0.0049376 0.0149 -0.000595 0.0047917 0.0149 0 0.0049376 0.0149 0.000595 0.0054079 0.0149 0.0010574 0.0061444 0.0149 0.0012198 -0.0012096 -0.0145 0.0058897 -0.001052 -0.0145 0.0066265 -0.0005074 -0.0145 0.0071006 0 -0.0145 0.0072063 0.0005074 -0.0145 0.0071006 0.0009598 -0.0145 0.0067379 0.0011863 -0.0145 0.006236 0.0011664 -0.0145 0.005671 0.0007834 -0.0145 0.005059 4.78e-05 -0.0145 0.0047833 -0.0006217 -0.0145 0.0049566 -0.0010218 -0.0145 0.0053571 0.0011943 -0.0178 0.0057625 0.000807 -0.0178 0.0050791 0.000189 -0.0178 0.0048066 -0.0004214 -0.0178 0.0048576 -0.0010456 -0.0178 0.0053593 -0.0012096 -0.0178 0.0061104 -0.0009983 -0.0178 0.0066849 -0.0006185 -0.0178 0.0070368 -4.78e-05 -0.0178 0.0072167 0.0006646 -0.0178 0.0070222 0.0011236 -0.0178 0.0064654 -0.0012068 0.0182 0.0062069 -0.0008789 0.0182 0.0068326 -0.0004186 0.0182 0.0071347 0.0001424 0.0182 0.0072035 0.0005882 0.0182 0.0070503 0.0009737 0.0182 0.0067261 0.0011901 0.0182 0.006203 0.0011664 0.0182 0.005671 0.0007941 0.0182 0.0050703 0.0002029 0.0182 0.0048099 -0.0003289 0.0182 0.0048336 -0.0007563 0.0182 0.0050625 -0.001089 0.0182 0.0054621 -0.0011934 0.0149 0.006189 -0.0009209 0.0149 0.006807 -0.0004043 0.0149 0.0071346 9.52e-05 0.0149 0.0072096 0.0007558 0.0149 0.0069588 0.0011776 0.0149 0.0063161 0.0011641 0.0149 0.0056717 0.00089 0.0149 0.0051774 0.0004617 0.0149 0.0048855 0 0.0149 0.0047917 -0.000595 0.0149 0.0049376 -0.0011252 0.0149 0.0055171 0.011 0.0149 -0.008 0.011 0.0149 0.008 0.014 0.0119 0.008 0.014 0.0119 -0.008 0.014 0.0119 0.008 0.014 0.0119 -0.008 0.014 -0.0115 0.008 0.014 -0.0115 -0.008 0.011 -0.0145 0.008 0.011 -0.0145 -0.008 0.014 -0.0115 0.008 0.014 -0.0115 -0.008 -0.0004571 0.0182 0.007991 -0.0019478 0.0182 0.0077755 -0.0040015 0.0182 0.0069621 -0.0054748 0.0182 0.005841 -0.0065309 0.0182 0.0046476 -0.0072933 0.0182 0.0033011 -0.0078123 0.0182 0.0017945 -0.0080014 0.0182 0.0002588 -0.0079136 0.0182 -0.0012534 -0.0074092 0.0182 -0.003069 -0.0064382 0.0182 -0.0047751 -0.0054328 0.0182 -0.0058773 -0.0042553 0.0182 -0.006793 -0.0025518 0.0182 -0.0075987 -0.0009412 0.0182 -0.0079524 0 0.0182 -0.008 0.056734 0.0181902 -0.008 0.011 -0.0145 0.008 0.011 -0.0145 -0.008 -0.0005027 -0.0145 0.0079868 -0.0019478 -0.0145 0.0077755 -0.0040015 -0.0145 0.0069621 -0.005893 -0.0145 0.0054475 -0.007106 -0.0145 0.0037091 -0.0077072 -0.0145 0.0021738 -0.0079968 -0.0145 0.0005503 -0.0079434 -0.0145 -0.0009961 -0.0075291 -0.0145 -0.0027777 -0.0066583 -0.0145 -0.004449 -0.0056119 -0.0145 -0.0057235 -0.0038454 -0.0145 -0.0070494 -0.0014787 -0.0145 -0.0078927 0 -0.0145 -0.008 0.0120022 -0.0177901 0.0079996 -0.0010631 -0.0178 0.0079594 -0.0027701 -0.0178 0.007509 -0.0041208 -0.0178 0.0068755 -0.0059006 -0.0178 0.0054545 -0.0071775 -0.0178 0.0035686 -0.0078927 -0.0178 0.0014788 -0.007997 -0.0178 -0.0003698 -0.0077755 -0.0178 -0.0019479 -0.0070019 -0.0178 -0.0039212 -0.0058804 -0.0178 -0.0054357 -0.0044586 -0.0178 -0.0066726 -0.0025518 -0.0178 -0.0075987 -0.0009961 -0.0178 -0.0079434 0 -0.0178 -0.008 0.011 0.0149 -0.008 0.011 0.0149 0.008 -0.0005027 0.0149 -0.0079868 -0.0011184 0.0149 0.0079485 -0.0027701 0.0149 0.007509 -0.0041208 0.0149 0.0068755 -0.0053932 0.0149 0.0059164 -0.0066266 0.0149 0.0045354 -0.0076272 0.0149 0.0024783 -0.0079876 0.0149 0.0006286 -0.0079564 0.0149 -0.0008857 -0.0076474 0.0149 -0.002402 -0.0070119 0.0149 -0.003863 -0.0061462 0.0149 -0.0051455 -0.0047752 0.0149 -0.0064382 -0.0031402 0.0149 -0.0073751 -0.0016162 0.0149 -0.0078408 0.014 0.0119 0.008 0.014 0.0119 -0.008 0.014 -0.0115 0.008 0.014 -0.0115 -0.008 0.0128444 -0.0175708 0.008 0.0134427 -0.0172393 0.008 0.0139864 -0.0167294 0.0079968 0.0143721 -0.0161742 0.0079995 0.0146699 -0.015378 0.0079997 0.0146825 0.0156455 0.0079986 0.0145465 0.016193 0.0079997 0.0140839 0.0170609 0.008 0.013319 0.01772 0.0080001 0.0127422 0.0180118 0.008 0.0119608 0.0181931 0.008 0.0591549 -0.0154491 -0.008 0.0587023 -0.0164719 -0.008 0.0581531 -0.0170869 -0.008 0.057354 -0.0175863 -0.008 0.0564402 -0.0177985 -0.008 0.0579727 0.0176398 -0.008 0.0586851 0.0169007 -0.008 0.0591621 0.0158257 -0.008 0.0195673 0.0141699 -0.008 0.018602 0.0136747 -0.008 0.0180324 0.0126694 -0.008 0.0180418 -0.0123099 -0.008 0.0185352 -0.0131876 -0.008 0.019454 -0.0137557 -0.008 0.0537099 -0.0137582 -0.008 0.0544421 -0.0133756 -0.008 0.0549483 -0.0128074 -0.008 0.0551899 -0.0120659 -0.008 0.0551583 -0.0052902 -0.008 0.0547757 -0.004558 -0.008 0.0542074 -0.0040517 -0.008 0.0534263 -0.0038047 -0.0079946 0.053671 0.0032277 -0.0079984 0.0544421 0.0036244 -0.008 0.0549483 0.0041926 -0.008 0.0551899 0.0049341 -0.008 0.0551583 0.0127098 -0.008 0.0547757 0.013442 -0.008 0.0542074 0.0139483 -0.008 0.0534658 0.0141898 -0.008 0.0352508 -0.0037492 -0.0079957 0.0338042 -0.0020097 -0.0079999 0.0345775 -0.0034114 -0.0080626 0.0339665 -0.0026324 -0.0080019 0.0509639 -0.0035165 -0.0080356 0.0501144 -0.0031635 -0.0082201 0.0490646 -0.0028326 -0.0086736 0.0363918 -0.002824 -0.0087083 0.0354021 -0.00312 -0.0082584 0.0490145 0.0022268 -0.0087041 0.0499962 0.0025192 -0.0082591 0.0509663 0.0029192 -0.0080305 0.0479829 0.0022 -0.0095361 0.0471804 0.0022 -0.0106266 0.0467739 0.0022 -0.0116863 0.0465089 0.0022 -0.0128704 0.0469688 -0.0028 -0.0110433 0.0479151 -0.0028 -0.0095956 0.034626 0.0028301 -0.0080671 0.0353472 0.00317 -0.0079977 0.0354124 0.0025141 -0.008258 0.0362423 0.0022635 -0.0086332 0.0338339 0.0016723 -0.0079994 0.034188 0.0023981 -0.0080142 0.0376943 -0.0028 -0.0098197 0.0384534 -0.0028 -0.0111494 0.0388592 -0.0028 -0.0127568 0.0385525 0.0022 -0.0114212 0.0380644 0.0022 -0.0103741 0.0371109 0.0021901 -0.0092241 0.0393559 -0.0028 -0.0136401 0.039957 -0.0028 -0.014199 0.0409957 -0.0028 -0.0147014 0.0440054 -0.0028 -0.0147391 0.0447739 -0.0028 -0.0145633 0.0454908 -0.0028 -0.0141642 0.0461628 -0.0028 -0.0134948 0.0465785 -0.0028 -0.0126216 0.0458886 0.0022 -0.0138183 0.0451422 0.0022 -0.0143935 0.0441781 0.0022 -0.0147279 0.0409351 0.0022 -0.0146873 0.0399091 0.0022 -0.0141642 0.0393143 0.0022 -0.0135875 0.0388472 0.0022 -0.0127225 0.0195673 0.0141699 -0.008 0.018602 0.0136747 -0.008 0.0180324 0.0126694 -0.008 0.0180418 -0.0123099 -0.008 0.0185352 -0.0131876 -0.008 0.019454 -0.0137557 -0.008 0.0537099 -0.0137582 -0.008 0.0544421 -0.0133756 -0.008 0.0549483 -0.0128074 -0.008 0.0551899 -0.0120659 -0.008 0.0551583 -0.0052902 -0.008 0.0547757 -0.004558 -0.008 0.0542074 -0.0040517 -0.008 0.0534263 -0.0038047 -0.0079946 0.053671 0.0032277 -0.0079984 0.0544421 0.0036244 -0.008 0.0549483 0.0041926 -0.008 0.0551899 0.0049341 -0.008 0.0551583 0.0127098 -0.008 0.0547757 0.013442 -0.008 0.0542074 0.0139483 -0.008 0.0534658 0.0141898 -0.008 0.0535573 0.0124907 -0.0030322 0.0533476 0.0128808 -0.0031147 0.0533792 0.0134981 -0.003467 0.0534164 0.013945 -0.0040208 0.0534792 0.0141412 -0.0045478 0.0535381 0.0141787 -0.0048113 0.0197097 0.014083 -0.0043533 0.0198894 0.0139493 -0.0040214 0.0198552 0.0135982 -0.0035685 0.0197808 0.0131729 -0.0032521 0.0198646 0.0125001 -0.0030099 0.0534888 0.0048338 -0.0030336 0.0347879 0.0049146 -0.0030073 0.0320917 0.001843 -0.0030104 0.0321551 -0.0023685 -0.0030157 0.0326634 -0.0039378 -0.0030135 0.0535663 -0.0055112 -0.0030336 0.0534004 -0.0119735 -0.0030108 0.0198944 -0.0120812 -0.0030068 0.0187498 0.0122811 -0.0034315 0.018122 0.0123604 -0.0043033 0.0185141 -0.011961 -0.0036553 0.0190129 -0.0119519 -0.0032572 0.0195006 0.013746 -0.0038092 0.0193482 0.0131562 -0.0033463 0.0193234 0.0125336 -0.0031251 0.0189709 0.013378 -0.0037362 0.0197521 0.0141847 -0.0048006 0.0191237 0.0137839 -0.0041266 0.0192659 0.014053 -0.004718 0.0188882 0.0128042 -0.0034347 0.0189049 0.013859 -0.004683 0.0185937 0.0134178 -0.0042297 0.0186034 0.0130061 -0.0038067 0.0183997 0.0125236 -0.0038143 0.0186026 0.0136218 -0.0047361 0.0182852 0.0130005 -0.0043102 0.0183174 0.0132812 -0.0048433 0.0180976 0.0127867 -0.0046772 0.0180149 0.0124531 -0.0048267 0.0192366 -0.0136499 -0.0048541 0.0182922 -0.0128564 -0.0048171 0.0549194 -0.0128397 -0.0048976 0.0538873 -0.0136742 -0.0047186 0.0533878 -0.0137908 -0.0048645 0.0551874 -0.0056378 -0.0047579 0.035688 -0.0038041 -0.0048198 0.0352508 -0.0037492 -0.0079957 0.033931 -0.0025754 -0.0047144 0.0341845 -0.0030031 -0.0047505 0.0344704 -0.0033148 -0.0047473 0.0348217 -0.0035581 -0.0047433 0.0352489 -0.0037376 -0.0048041 0.0338042 -0.0020097 -0.0079999 0.0345775 -0.0034114 -0.0080626 0.0339665 -0.0026324 -0.0080019 0.034626 0.0028301 -0.0080671 0.0353472 0.00317 -0.0079977 0.0338339 0.0016723 -0.0079994 0.034188 0.0023981 -0.0080142 0.0353893 0.0031766 -0.0048904 0.0346031 0.0028214 -0.0049252 0.0339478 0.0019825 -0.0048294 0.0337951 0.0014382 -0.0047641 0.0549194 0.0041603 -0.0048976 0.0538873 0.0033258 -0.0047186 0.0541407 0.0139661 -0.0048405 0.0551872 0.012359 -0.0047499 0.055071 0.0123174 -0.004295 0.054601 0.0122553 -0.0035683 0.0541811 0.0123446 -0.0032528 0.0537497 0.0136472 -0.0037111 0.0537288 0.0131563 -0.0033137 0.0540519 0.0139195 -0.0043748 0.0540842 0.0135747 -0.0038286 0.054062 0.0129522 -0.0033356 0.0545541 0.0134096 -0.0041301 0.0545444 0.0130748 -0.0037832 0.0545138 0.0136978 -0.0047146 0.0544069 0.0127672 -0.0034952 0.0548996 0.0132596 -0.0047384 0.0548367 0.0124555 -0.0038548 0.0549439 0.0127878 -0.0041853 0.0551155 0.0127287 -0.0046649 0.0538809 0.0050524 -0.0031147 0.0542069 0.0048231 -0.0032913 0.0546148 0.004908 -0.0035965 0.0549905 0.0050546 -0.0040904 0.0551732 0.0048704 -0.004728 0.0533941 0.0037132 -0.0036597 0.0533441 0.0042068 -0.0032597 0.0548681 0.0046601 -0.0040135 0.0548803 0.0042395 -0.0044182 0.0545461 0.0042172 -0.0038675 0.0542261 0.0043102 -0.0035178 0.0536576 0.0041426 -0.0033428 0.0546592 0.0038507 -0.0046887 0.0539703 0.0037937 -0.0037822 0.0542211 0.0036373 -0.0042304 0.0543575 0.0035782 -0.0047019 0.0534939 0.0034306 -0.0040848 0.0533984 0.0032244 -0.0046538 0.0354108 0.0035631 -0.0038169 0.0337278 0.0015864 -0.0043909 0.0334705 0.0013666 -0.0038821 0.0328633 0.0015826 -0.0032928 0.0325254 0.0017696 -0.0031235 0.035433 0.0039442 -0.0034217 0.0345923 0.0043005 -0.0031076 0.0353121 0.0044849 -0.0031156 0.0339422 0.0021529 -0.0044158 0.0336774 0.0019175 -0.0040719 0.0333122 0.001666 -0.0036454 0.0341746 0.0023831 -0.0048039 0.0335983 0.0023397 -0.0037047 0.0342769 0.002614 -0.0044733 0.0339117 0.0026179 -0.0038507 0.0341655 0.0027038 -0.0040944 0.033248 0.0023844 -0.0033946 0.0329042 0.0022572 -0.003225 0.0346581 0.0029435 -0.0044338 0.0327006 0.0027365 -0.0030798 0.0342169 0.0032657 -0.0035644 0.0336238 0.002916 -0.0034161 0.0350465 0.0031626 -0.0043542 0.0346975 0.0031699 -0.0040195 0.0326228 0.0033799 -0.003009 0.033274 0.0033287 -0.0031242 0.0355016 0.0032389 -0.0045276 0.0339226 0.0037177 -0.0031897 0.0348826 0.0035521 -0.0036558 0.0355427 0.0033762 -0.0041547 0.034618 0.0037498 -0.0033966 0.0355731 -0.0039252 -0.0042688 0.035492 -0.0041164 -0.0038983 0.0353912 -0.0043604 -0.0035853 0.0354197 -0.0046645 -0.0033411 0.0351842 -0.0049924 -0.0031506 0.0348549 -0.00544 -0.0030147 0.0351847 -0.0038281 -0.0043104 0.0347523 -0.0036918 -0.0042201 0.0350172 -0.0041509 -0.0037026 0.0345345 -0.003873 -0.0037577 0.0341991 -0.0033273 -0.0040929 0.0345012 -0.0043729 -0.0033402 0.0338333 -0.0027669 -0.0041502 0.0339501 -0.0034992 -0.0036694 0.0338983 -0.0041149 -0.0032703 0.0337487 -0.0029515 -0.0038668 0.0339704 -0.0047711 -0.0030648 0.0337008 -0.0021976 -0.004307 0.0337977 -0.0020522 -0.0047392 0.0334774 -0.0031111 -0.003514 0.0333359 -0.003432 -0.003297 0.0331558 -0.0039215 -0.0030961 0.0334819 -0.0021489 -0.003883 0.0333503 -0.0025193 -0.0036276 0.0330418 -0.0023089 -0.0034046 0.0327929 -0.0030039 -0.00315 0.032651 -0.0022172 -0.0031813 0.0533476 -0.0051192 -0.0031147 0.0535769 -0.0047931 -0.0032913 0.053375 -0.0043809 -0.0035909 0.0535562 -0.004076 -0.0040071 0.053289 -0.003893 -0.004389 0.0535413 -0.0038266 -0.0047555 0.0549955 -0.0056888 -0.0040935 0.0546714 -0.0055204 -0.0036525 0.0541933 -0.0056559 -0.0032597 0.0537497 -0.0043528 -0.0037111 0.054083 -0.004014 -0.004689 0.0540842 -0.0044253 -0.0038286 0.054062 -0.0050478 -0.0033356 0.0542078 -0.0042177 -0.0042893 0.0545541 -0.0045904 -0.0041301 0.0545444 -0.0049252 -0.0037832 0.0545138 -0.0043022 -0.0047146 0.0544069 -0.0052328 -0.0034952 0.0548996 -0.0047404 -0.0047384 0.0549439 -0.0052122 -0.0041853 0.0551155 -0.0052713 -0.0046649 0.0539139 -0.0119358 -0.003128 0.0541985 -0.012181 -0.0032878 0.0546104 -0.012088 -0.003591 0.0549861 -0.0119543 -0.0040839 0.0551734 -0.0121269 -0.0047241 0.0548681 -0.0123399 -0.0040135 0.0548803 -0.0127605 -0.0044182 0.0545461 -0.0127828 -0.0038675 0.0535267 -0.0123222 -0.0030829 0.0542261 -0.0126899 -0.0035178 0.0535402 -0.0127028 -0.0032285 0.0546592 -0.0131493 -0.0046887 0.0539703 -0.0132063 -0.0037822 0.0534974 -0.0131279 -0.0035102 0.0542211 -0.0133627 -0.0042304 0.0543575 -0.0134218 -0.0047019 0.0535017 -0.013523 -0.0039997 0.0533465 -0.0137238 -0.0044368 0.0198328 -0.0127412 -0.0032302 0.0198202 -0.013215 -0.0035876 0.0197836 -0.013545 -0.0040208 0.0197003 -0.0137677 -0.0046494 0.0194503 -0.0132472 -0.0037111 0.0194712 -0.0127562 -0.0033137 0.019208 -0.0135327 -0.0043568 0.019467 -0.0121269 -0.0030858 0.0188088 -0.0131659 -0.0041057 0.0190439 -0.0128849 -0.003597 0.0189427 -0.0122577 -0.0033428 0.0187379 -0.0133476 -0.0047271 0.018597 -0.0125215 -0.0037465 0.0183451 -0.0124998 -0.0040884 0.018316 -0.0127614 -0.0044733 0.0180795 -0.0123148 -0.0046818 0.0181773 -0.0119373 -0.0041665 0.0180138 -0.0119634 -0.0047447 0.0337176 -0.0072908 0.0113628 0.0338792 -0.0072501 0.009005 0.0339748 -0.0072932 0.0075533 0.0497599 0.0076901 0.0186267 0.0475342 0.0076409 0.0194984 0.0460838 0.0076752 0.0200106</float_array>
          <technique_common>
            <accessor count="2220" source="#link6_printed_charcoal-positions-array" stride="3">
              <param type="float" name="X"/>
              <param type="float" name="Y"/>
              <param type="float" name="Z"/>
            </accessor>
          </technique_common>
        </source>
        <source id="link6_printed_charcoal-normals">
          <float_array count="6660" id="link6_printed_charcoal-normals-array">0.08468 0.995948 0.030292 0.06959 0.994254 0.081335 0.022223 0.999015 0.038409 -0.000184 0.999812 0.019374 -0.008851 0.999681 0.023653 0.000135 1 0.000153 0 1 0 0 1 0 0 1 0 0 1 0 0 1 0 0 1 0 0 1 0 0 1 0 0 1 0 0 1 0 0 1 0 0 1 0 0 1 0 0 1 0 6.9e-05 1 -2.4e-05 0.206539 0.978438 -0.000649 0.025334 0.998408 0.0504 0.011718 0.99657 0.081918 -0.00237 0.994097 0.108473 -0.022331 0.995963 0.086941 -0.029024 0.990839 0.131893 -0.050661 0.991862 0.116806 -0.051448 0.996201 0.070256 0 1 0 0 1 0 0 1 0 0 1 0 0 1 0 0 1 0 0 1 0 0 1 0 0 1 0 0 1 0 0 1 0 0 1 0 0.000329 1 -0.000263 0 1 0 0 1 0 0 1 0 0 1 0 0 1 0 0 1 0 0 1 0 0 1 0 0 1 0 0 1 0 0.000891 0.999999 0.001028 0.00159 0.999997 0.001646 0.001148 0.999999 0.000629 0.000468 1 -0.000265 0.000412 1 -0.000391 0 1 0 0 1 0 0 1 0 0 1 0 0 1 0 0 1 0 0.000242 1 0.00044 0 1 0 0 1 0 0 1 0 0 1 0 0 1 0 0.00057 1 0.00049 0.000458 1 0.000267 0 1 0 0 1 0 0 1 0 0 1 0 0 1 0 0 1 0 0 1 0 0 1 0 0 1 0 0 1 0 0 1 0 0 1 0 0 1 0 0 1 0 0 1 0 0 1 0 0 1 0 0 1 0 0 1 0 0 1 0 0 1 0 0 1 0 0 1 0 0 1 0 0 1 0 0 1 0 0 -1 0 0 -1 0 0 -1 0 0 -1 0 0 -1 0 0 -1 0 0 -1 0 0 -1 0 0 -1 0 0 -1 0 0 -1 0 0 -1 0 0 -1 0 0 -1 0 0 -1 0 0 -1 0 0 -1 0 -0.084694 -0.987689 0.131516 -0.066092 -0.996363 0.053781 -0.034258 -0.995924 0.083437 -0.024058 -0.996724 0.07722 -0.004187 -0.996563 0.082732 0.006694 -0.994624 0.103339 0.015962 -0.996437 0.082819 0.030624 -0.996301 0.080295 0.073623 -0.993535 0.086415 -0.005491 -0.999841 0.016948 -0.04847 -0.994795 0.089627 -0.012347 -0.997798 0.065168 0.0068 -0.99879 0.048696 0.077645 -0.995408 0.055976 0.069348 -0.9974 0.019617 0.111017 -0.993442 0.027339 0.000131 -1 0.000241 0 -1 0 0 -1 0 0 -1 0 0 -1 0 0 -1 0 0 -1 0 0 -1 0 0 -1 0 0 -1 0 0 -1 0 0 -1 0 0 -1 0 4.2e-05 -1 8e-06 0.085985 -0.992392 0.088115 0 -1 0 0 -1 0 0 -1 0 0 -1 0 0 -1 0 0 -1 0 0 -1 0 0 -1 0 0 -1 0 0 -1 0 0 -1 0 0 -1 0 0 -1 0 0 -1 0 0 -1 0 0 -1 0 0 -1 0 0 -1 0 0 -1 0 0 -1 0 0.000187 -1 -0.000106 0 -1 0 0 -1 0 0 -1 0 0 -1 0 0 -1 0 0 -1 0 0 -1 0 0 -1 0 0 -1 0 0 -1 0 0 -1 0 0.000436 -1 0.00067 0.000971 -0.999999 0.00073 0.001616 -0.999999 0.000517 0.000988 -0.999999 0.000201 0.000561 -1 -0.000473 0 -1 0 0.000539 -1 0.000241 0 -1 0 0 -1 0 0 -1 0 0 -1 0 0 -1 0 0 -1 0 0 -1 0 0 -1 0 0.000723 -0.999999 0.00112 0.000851 -1 0.000421 0.342078 -0.936835 0.072955 0.569251 -0.809443 0.144065 0.734946 -0.647353 0.20196 0.852459 -0.46197 0.24474 0.945979 -0.176449 0.272008 0.954547 0.15064 0.257192 0.937129 0.3129 0.154539 0.754917 0.628415 0.187601 0.535714 0.832658 0.140322 0.326806 0.940944 0.088439 0.092141 0.995362 0.027644 -0.078871 0.124676 0.989058 -0.055352 0.137136 0.989004 -0.061955 -0.113463 0.991609 0.115397 -0.087778 0.989433 -0.034098 0.91819 0.394669 -0.040375 0.973856 0.223548 0.003984 0.994394 0.105664 -0.809131 0.104808 0.578206 -0.743601 0.133966 0.655065 -0.646417 0.048253 0.761457 -0.528193 0.114393 0.841383 -0.388595 0.123363 0.913113 -0.246066 0.048172 0.968055 -0.133407 0.148963 0.979802 0.003042 0.050741 0.998707 0.147084 0.052669 0.987721 0.301467 0.056011 0.95183 0.438594 0.048015 0.897402 0.560752 0.143647 0.815428 0.684171 0.141062 0.715549 0.771588 0.139571 0.620623 0.840066 0.044557 0.540652 0.884538 0.124794 0.449466 0.94748 0.065113 0.313117 -0.488612 0.759365 0.429678 -0.596545 0.467103 0.652648 -0.723533 0.311058 0.616233 0.84983 0.464855 0.248393 0.716787 0.669819 0.193803 0.857614 0.33582 0.389516 0.569134 0.7995 0.192056 0.779711 0.516769 0.353553 0.424117 0.894859 0.139109 0.655352 0.697023 0.290986 0.823692 0.193676 0.532936 0.249816 0.965406 0.074726 0.785305 0.355686 0.506739 0.725619 0.510549 0.461321 0.667013 0.642154 0.377799 0.467218 0.847906 0.250525 0.3103 0.934568 0.17406 0.54713 0.75871 0.353565 0.684184 0.397524 0.611447 0.597045 0.658479 0.458195 0.654108 0.535925 0.533785 0.389073 0.871847 0.297498 0.592625 0.352029 0.72448 0.485447 0.758379 0.434975 0.554239 0.62126 0.553945 0.594273 0.346305 0.725888 0.311364 0.921568 0.231871 0.533477 0.534514 0.655513 0.364957 0.84853 0.383149 0.446131 0.705982 0.550051 0.24271 0.938451 0.245769 0.497375 0.406848 0.76622 0.422147 0.208056 0.882329 0.36282 0.788704 0.496293 0.400496 0.621663 0.673155 0.388167 0.418134 0.821274 0.258797 0.879882 0.398536 0.190307 0.942424 0.274992 0.286534 0.200586 0.936837 0.282442 0.761681 0.583154 0.298524 0.621936 0.723933 0.278345 0.349363 0.89469 0.074076 0.990827 0.113025 0.248269 0.53699 0.806228 0.178815 0.873001 0.453756 0.125033 0.953504 0.274219 0.132026 0.203479 0.970137 0.199468 0.725045 0.659183 0.162772 0.412711 0.8962 0.147322 0.621767 0.769222 0.053767 0.36047 0.93122 0.100011 0.864855 0.491958 0.076644 0.951166 0.299013 -0.01222 0.201077 0.979499 0.047062 0.528112 0.84787 0.088998 0.758874 0.645128 0.046681 0.665575 0.74487 -0.083206 0.407531 0.909393 0.034029 0.857743 0.512951 0.026303 0.986809 0.159737 0.015399 0.935325 0.353456 -0.005428 0.789158 0.614166 -0.073492 0.62635 0.77607 -0.248547 0.19967 0.947817 -0.184559 0.342033 0.921386 -0.204439 0.526154 0.825449 -0.019707 0.896265 0.443081 -0.108975 0.773229 0.624693 -0.024419 0.988741 0.147634 -0.297825 0.351946 0.887375 -0.087115 0.880445 0.466077 -0.182103 0.668997 0.720612 -0.032563 0.966543 0.25443 -0.334863 0.527662 0.780667 -0.419173 0.317868 0.850443 -0.188115 0.802213 0.566628 -0.272367 0.70689 0.65278 -0.129049 0.909372 0.395461 -0.511796 0.312406 0.800292 -0.465503 0.474394 0.747166 -0.069623 0.987561 0.140985 -0.370101 0.636045 0.677105 -0.2366 0.881195 0.409287 -0.642005 0.208339 0.737852 -0.337012 0.782516 0.523538 -0.467094 0.628021 0.622425 -0.569378 0.416857 0.708547 -0.154232 0.947995 0.27842 -0.664138 0.357146 0.656786 -0.603594 0.527079 0.598216 -0.402751 0.790588 0.461261 -0.169143 0.961657 0.215887 -0.530659 0.665691 0.524649 -0.301261 0.889949 0.342392 -0.053524 0.996729 0.060554 -0.760408 0.329518 0.55964 -0.348984 0.871195 0.345296 -0.674927 0.541254 0.501515 -0.473519 0.792496 0.384356 -0.610577 0.673072 0.417336 -0.230086 0.954258 0.190925 -0.388422 0.88004 0.273237 -0.626763 0.62979 0.458839 0.001795 0.683058 0.730362 0.002358 0.297902 0.954594 -0.498552 0.088501 0.86233 -0.750043 0.109992 0.652179 -0.173999 0.037162 0.984044 -0.426177 0.549153 0.718891 -0.250473 0.226284 0.941307 -0.461834 0.229902 0.856653 0.175727 0.041535 0.983562 -0.165002 0.157381 0.973656 0.149117 -0.13316 0.979813 0.106507 -0.036815 0.99363 -0.193503 -0.045486 0.980045 0.497578 0.094162 0.862293 0.742159 0.036478 0.66923 0.133937 0.086656 0.987194 0.425931 0.134269 0.894737 0.69197 0.071608 0.718366 0.740237 0.208565 0.639179 0.703169 0.357835 0.614416 0.681533 0.540853 0.492941 0.543017 0.704961 0.456248 0.431607 0.813657 0.389459 0.465429 0.241136 0.851604 0.479553 0.513586 0.711518 0.22565 0.228355 0.947067 -0.836215 0.054094 0.545727 -0.854818 0.114552 0.506126 -0.769139 0.106889 0.63008 -0.66429 0.086825 0.742415 -0.569992 0.157228 0.806467 -0.464744 0.087479 0.881113 -0.32863 0.103691 0.93875 -0.207707 0.157408 0.965443 -0.088916 0.08907 0.992049 0.063031 0.099779 0.993011 0.213885 0.081202 0.973478 0.346944 0.068998 0.935344 0.443908 0.176493 0.878519 0.564349 0.061868 0.823215 0.634715 0.156494 0.756734 0.743461 0.092906 0.662294 0.812459 0.091093 0.575858 -0.111687 0.981461 0.155758 0.769918 0.302771 0.561744 0.691978 0.476862 0.542005 0.628296 0.625529 0.462555 0.552575 0.754604 0.353885 0.722589 0.257869 0.64138 0.425658 0.859225 0.283809 0.62478 0.453944 0.635283 0.640763 0.301269 0.706158 0.481472 0.768603 0.42123 0.552845 0.636162 0.538201 0.245653 0.94888 0.198194 0.058406 0.996107 0.066022 0.524276 0.281629 0.803629 0.342747 0.86838 0.358387 0.549434 0.437829 0.711637 0.48773 0.643059 0.590419 0.40068 0.769848 0.49678 0.436704 0.475308 0.763788 0.208317 0.940149 0.269673 0.368233 0.665759 0.648976 0.259385 0.879529 0.398933 0.338383 0.226874 0.91325 0.155931 0.965547 0.208338 0.328084 0.379976 0.864858 0.290601 0.818385 0.495779 0.302704 0.529814 0.792255 0.276103 0.763458 0.583865 0.267641 0.653111 0.708388 0.205951 0.273767 0.939487 0.075467 0.98136 0.176742 0.149307 0.937784 0.313477 0.2292 0.47645 0.848801 0.170435 0.875835 0.451513 0.161754 0.781983 0.601945 0.156448 0.643141 0.749595 0.116626 0.471046 0.874365 0.058382 0.289646 0.955352 0.081183 0.954797 0.285957 0.075958 0.902977 0.422923 0.055541 0.651375 0.756721 -0.006373 0.472957 0.881063 -0.08892 0.334537 0.938178 0.046136 0.75374 0.655551 -0.078325 0.617525 0.782641 0.000323 0.817578 0.575818 0.011089 0.989308 0.145417 -0.028544 0.944485 0.327312 -0.182667 0.45318 0.872502 -0.267102 0.347898 0.898679 -0.114597 0.819275 0.561832 -0.187785 0.665885 0.722035 -0.382812 0.290427 0.876988 -0.26651 0.613771 0.74314 -0.356026 0.469809 0.80779 -0.200615 0.781271 0.591075 -0.122478 0.916949 0.379743 -0.476192 0.272328 0.836109 -0.358 0.653585 0.666831 -0.483137 0.447355 0.75263 -0.288277 0.792506 0.53743 -0.204692 0.907357 0.367157 -0.635769 0.277158 0.720404 -0.45349 0.612181 0.647751 -0.5838 0.482767 0.652774 -0.278393 0.863976 0.419575 -0.397989 0.762153 0.510616 -0.500048 0.657649 0.563427 -0.731095 0.328303 0.598095 -0.19475 0.952076 0.235848 -0.656726 0.52695 0.539477 -0.400632 0.829587 0.388947 -0.568106 0.680488 0.462808 -0.821071 0.305571 0.48215 -0.753786 0.479453 0.449368 -0.468685 0.819707 0.329264 -0.268192 0.937448 0.221954 -0.654082 0.654389 0.37941 -0.090796 0.993409 0.069964 -0.543938 0.77971 0.310136 -0.292471 0.940354 0.173767 -0.381307 0.896276 0.226482 -0.473302 0.100267 0.875175 -0.263965 0.144382 0.953665 -0.156081 0.355432 0.921578 -0.123863 0.504078 0.85473 -0.143698 0.660113 0.737293 -0.169274 0.799761 0.575959 -0.059815 0.908558 0.413454 -0.425294 0.333078 0.841537 -0.662499 0.150011 0.733888 -0.373822 0.519914 0.768079 -0.618225 0.403483 0.674537 -0.809251 0.229322 0.540855 -0.44668 0.650398 0.614377 -0.623681 0.540033 0.565143 -0.778487 0.407008 0.47781 -0.395776 0.790876 0.466773 -0.683661 0.59195 0.426852 -0.532292 0.761778 0.369269 -0.278243 0.912084 0.301137 0.070793 0.884091 0.461922 0.058147 0.773507 0.631115 0.065651 0.463001 0.883923 0.063629 0.09843 0.993108 0.992583 0.086485 0.085437 0.939025 0.332425 0.087895 0.834709 0.546585 0.067117 0.51786 0.852963 0.065388 0.297253 0.948853 0.106393 0.090184 0.991017 0.098756 0.251224 0.106443 0.962058 0.442733 0.150079 0.884004 0.630673 0.080781 0.771832 0.769918 0.095766 0.630916 0.886098 0.076901 0.457075 0.956356 0.14257 0.255063 0.864206 0.269884 0.424629 0.853422 0.444813 0.271685 0.749228 0.279466 0.600463 0.723985 0.677158 0.131538 0.754428 0.46949 0.458713 0.589749 0.295836 0.75145 0.65032 0.638184 0.412073 0.617822 0.477956 0.624382 0.593151 0.765948 0.247985 0.453588 0.580783 0.67598 0.42001 0.790151 0.446377 0.344872 0.419844 0.83952 0.396256 0.878963 0.26534 0.153465 0.298776 0.941903 0.252827 0.757455 0.601947 0.14084 0.602913 0.785277 0.150689 0.934151 0.323503 0.369934 -0.040389 0.92818 0.885122 -0.065165 0.460773 0.770875 -0.070648 0.633057 0.094447 -0.064534 0.993436 0.353054 0.022813 0.935325 0.110345 0.08628 0.990141 0.188439 0.352899 0.91649 0.138948 0.246071 0.959241 0.419938 0.076328 0.904337 0.515414 0.119178 0.848613 0.553328 -0.035687 0.832198 0.643284 -0.111858 0.757412 0.952357 0.083262 0.293399 0.855759 0.16906 0.488973 0.724674 0.101726 0.681541 0.385097 -0.251368 0.887983 0.134019 -0.262478 0.955586 0.137496 -0.495917 0.857416 -0.050697 -0.366146 0.929176 -0.051467 -0.625437 0.778576 0.006464 -0.788715 0.614725 0.89854 -0.189376 0.395932 0.602131 -0.621725 0.500896 0.230297 -0.69897 0.677055 0.78334 -0.145624 0.604294 0.495755 -0.44382 0.746492 0.955821 -0.235761 0.175563 0.194263 -0.977039 0.087501 -0.016021 -0.97959 0.200368 0.18216 -0.897806 0.400951 -0.231452 -0.968081 0.096174 -0.187531 -0.819293 0.541841 -0.288453 -0.721575 0.629384 -0.434837 -0.489021 0.756158 -0.872119 -0.023876 0.488711 -0.530091 -0.106581 0.841216 -0.229083 -0.108214 0.967373 -0.211144 -0.362007 0.907948 -0.17252 -0.623868 0.76225 -0.378949 -0.140562 0.91468 -0.394354 -0.386952 0.833519 -0.303077 -0.58896 0.749179 -0.105491 -0.94112 0.321194 -0.620569 -0.164678 0.766665 -0.737769 -0.155711 0.656849 -0.705093 -0.704909 0.07712 -0.972996 -0.229806 0.021641 -0.971781 -0.097421 0.214826 -0.925763 -0.124366 0.357066 -0.877313 -0.129619 0.462083 -0.3618 -0.89792 0.250682 -0.656359 -0.699675 0.28222 -0.382834 -0.788079 0.482048 -0.678615 -0.609474 0.409906 -0.95114 -0.261011 0.16494 -0.876007 -0.325836 0.355587 -0.579936 -0.49909 0.643882 -0.74928 -0.40543 0.523646 -0.860593 0.038778 0.507815 -0.960533 0.041128 0.275108 -0.953023 0.209702 0.218569 -0.983823 0.174497 0.040526 -0.985225 0.136573 -0.103337 -0.961778 0.174901 -0.210694 -0.915887 0.289204 -0.278411 -0.923447 0.134309 -0.359454 -0.886216 0.118965 -0.447737 -0.823428 0.2905 -0.487417 -0.788067 0.251251 -0.561981 -0.752734 0.204697 -0.625692 -0.695477 0.276707 -0.663133 -0.629979 0.233602 -0.740646 -0.594857 0.199747 -0.778618 -0.514955 0.171944 -0.839796 -0.446095 0.282476 -0.849239 -0.397406 0.113539 -0.910592 -0.307989 0.107914 -0.94525 -0.246887 0.249834 -0.936285 -0.172748 0.240802 -0.955077 -0.07721 0.226279 -0.970998 -0.029078 0.296386 -0.954625 -0.022492 -0.233555 -0.972083 -0.08922 -0.190702 -0.977585 -0.148675 -0.272501 -0.950599 -0.257184 -0.285363 -0.923268 -0.324015 -0.104601 -0.940252 -0.372292 -0.205007 -0.905191 -0.46612 -0.202512 -0.861233 -0.524837 -0.144244 -0.838892 -0.584254 -0.163789 -0.794871 -0.652121 -0.171801 -0.738392 -0.70463 -0.175745 -0.687467 -0.750712 -0.188223 -0.633249 -0.814462 -0.149026 -0.560753 -0.924144 -0.126727 -0.360413 -0.966313 -0.122037 -0.226595 0.799432 -0.110907 0.590431 0.732197 -0.11066 0.672044 0.631379 -0.099279 0.769093 0.499013 -0.097792 0.861059 0.358685 -0.096823 0.928424 0.220299 -0.109836 0.969229 0.100889 -0.111057 0.98868 -0.022629 -0.108954 0.993789 -0.172881 -0.109569 0.978829 -0.317891 -0.109787 0.94175 -0.42698 -0.110251 0.897515 -0.534629 -0.106817 0.838309 -0.633019 -0.111074 0.766126 -0.720538 -0.108989 0.684797 -0.811692 -0.108713 0.573879 -0.873902 -0.10966 0.473571 0.762162 -0.014349 0.647227 0.79721 -0.079298 0.598472 0.82873 -0.136437 0.542763 0.819308 0.131027 0.558181 0.834413 0.019724 0.550787 -0.635591 0.771975 -0.008911 -0.818894 0.565698 0.096941 -0.671439 0.328653 0.664197 -0.512601 0.424827 0.746165 -0.440634 0.638961 0.630532 -0.167161 0.900472 0.401507 -0.127598 0.977899 0.165628 -0.496411 0.859386 0.122605 -0.783575 0.264055 0.562392 -0.883897 0.292303 0.365082 -0.693265 0.453739 0.559914 -0.42327 0.791269 0.441288 -0.746927 0.502682 0.435213 -0.704042 0.649617 0.286919 -0.297266 0.903114 0.309868 -0.050315 0.397438 0.916249 -0.095079 0.638499 0.763727 0.035062 0.805363 0.591744 -0.001217 0.927932 0.372746 0.176517 0.977823 0.112716 -0.183403 0.795443 0.57761 -0.197095 0.506095 0.839656 -0.267537 0.636839 0.72309 -0.221662 0.347875 0.91096 -0.238317 0.138364 0.96128 -0.362538 0.388205 0.847268 -0.462509 0.149991 0.873835 -0.688158 0.147669 0.710375 0.155995 0.584514 0.796247 0.29728 0.704711 0.64421 0.611494 0.474334 0.63331 0.463074 0.36333 0.808427 0.554073 0.827318 0.092451 0.846872 0.475946 0.237241 0.977433 0.165761 0.13095 0.580591 0.719822 0.380487 0.248088 0.905979 0.343009 -0.978138 0.09893 0.182916 -0.959902 0.138576 -0.24369 -0.96751 -0.146951 -0.205741 -0.965585 -0.232945 -0.115681 -0.987026 -0.160539 0.002501 -0.969752 -0.217032 0.111704 -0.941717 -0.2769 0.191036 -0.913637 -0.306898 0.266612 -0.897215 -0.298175 0.325725 -0.881986 -0.142234 0.4493 -0.818884 -0.188778 0.542026 -0.755637 -0.217446 0.617843 -0.718669 -0.208526 0.66335 -0.64974 -0.235448 0.722774 -0.606673 -0.152681 0.780151 -0.527741 -0.212653 0.822355 -0.453917 -0.311908 0.834669 -0.404354 -0.193444 0.893911 -0.315072 -0.213738 0.924687 -0.21598 -0.139387 0.966397 -0.099497 -0.244805 0.964454 -0.023365 -0.252394 0.967342 0.058014 -0.282152 0.957614 0.12952 -0.201867 0.970811 0.214709 -0.203175 0.955311 0.275624 -0.271101 0.922245 0.36222 -0.163845 0.917579 0.427407 -0.274833 0.861272 0.492938 -0.271334 0.826674 0.558651 -0.248912 0.791171 0.616711 -0.252432 0.745618 0.670269 -0.286223 0.684702 0.73326 -0.230835 0.639566 0.810419 -0.181768 0.55694 0.874269 -0.17882 0.451306 0.876745 -0.302469 0.373938 0.934636 -0.176298 0.308829 0.941171 -0.253837 0.22308 0.954514 -0.24862 0.164595 0.973125 -0.218821 0.071725 0.992678 -0.053128 0.108476 0.858606 -0.479086 0.182405 0.70295 -0.676095 0.220811 0.490604 -0.854342 0.171486 -0.899037 -0.422224 -0.116017 -0.523092 -0.852086 -0.017981 -0.154509 -0.98792 0.01188 0.778366 -0.621058 0.091829 0.455656 -0.888903 0.047209 0.685618 -0.711127 0.15565 0.374192 -0.918902 0.1249 0.758919 -0.600424 0.252058 0.149236 -0.988387 0.028637 0.615456 -0.734149 0.286774 0.341198 -0.92852 0.146402 0.737614 -0.517901 0.433248 0.137538 -0.98743 0.077881 0.417025 -0.866019 0.275864 0.671306 -0.554101 0.49226 0.406913 -0.855069 0.321371 0.573655 -0.641179 0.509715 0.483889 -0.685523 0.543976 0.279848 -0.903891 0.32352 0.142298 -0.980745 0.133754 0.422498 -0.689077 0.588786 0.194619 -0.934662 0.297541 0.340061 -0.713065 0.613104 0.214289 -0.844184 0.491359 0.312982 -0.535536 0.784375 0.095424 -0.938082 0.33301 0.068039 -0.986964 0.145854 0.206096 -0.694413 0.689431 0.138205 -0.562478 0.81518 0.105375 -0.825957 0.553797 0.042142 -0.909818 0.412862 0.001273 -0.699415 0.714714 -0.017424 -0.958975 0.282956 -0.070789 -0.687247 0.722967 -0.197183 -0.467942 0.861481 -0.044403 -0.974947 0.217959 -0.141925 -0.787075 0.600309 -0.315733 -0.545682 0.776237 -0.199455 -0.745264 0.636238 -0.214738 -0.839916 0.498427 -0.332015 -0.756884 0.562932 -0.181663 -0.92806 0.32512 -0.065115 -0.984521 0.162724 -0.496067 -0.539871 0.680042 -0.190182 -0.948813 0.252161 -0.419488 -0.761762 0.493709 -0.576842 -0.587466 0.567571 -0.350028 -0.881788 0.316117 -0.67238 -0.555968 0.488676 -0.137118 -0.985325 0.101656 -0.455939 -0.820247 0.34542 -0.425679 -0.870617 0.246626 -0.760321 -0.505918 0.40738 -0.658153 -0.702481 0.27084 -0.372546 -0.915131 0.154093 -0.144012 -0.988431 0.047599 -0.672583 -0.72048 0.168939 -0.400163 -0.913638 0.071661 -0.759385 -0.644804 0.086963 -0.857769 -0.514035 -0.000827 -0.516224 -0.856369 0.012047 -0.610937 -0.790586 -0.041583 -0.268505 -0.962888 -0.027406 -0.778595 -0.619342 -0.101018 0.1352 -0.990691 -0.015906 0.130835 -0.989114 -0.067344 0.092391 -0.992915 -0.074726 0.12177 -0.974108 -0.190489 0.048861 -0.964247 -0.260462 -0.04789 -0.988534 -0.143201 -0.067388 -0.993045 -0.09654 -0.105588 -0.991052 -0.081651 -0.177126 -0.980289 -0.087515 -0.190559 -0.980392 -0.050188 0.517517 -0.823711 0.231683 0.82945 -0.535591 0.158605 0.953227 -0.154074 0.260036 0.810354 -0.23802 -0.535419 0.791096 -0.186246 -0.582649 0.729011 -0.207317 -0.652352 0.682991 -0.182431 -0.707278 0.626996 -0.248619 -0.738285 0.485801 -0.233847 -0.842207 0.448929 -0.113463 -0.886334 0.359807 -0.119879 -0.925293 0.297211 -0.225569 -0.927785 0.22457 -0.103936 -0.968899 0.150758 -0.219528 -0.963888 0.069089 -0.241423 -0.967957 -0.501662 -0.863499 -0.052008 -0.652006 -0.75664 -0.048816 -0.897798 -0.437587 -0.049755 -0.607536 -0.786507 -0.110939 -0.987649 -0.117089 -0.10411 -0.864268 -0.473867 -0.168796 -0.493255 -0.850883 -0.180824 -0.699044 -0.669557 -0.251057 -0.924661 -0.259921 -0.278285 -0.806131 -0.47175 -0.357218 -0.496832 -0.818584 -0.288234 -0.881184 -0.144538 -0.450138 -0.684174 -0.590797 -0.427627 -0.34308 -0.902359 -0.260854 -0.834804 -0.237663 -0.496608 -0.54509 -0.72553 -0.420098 -0.687463 -0.497562 -0.528987 -0.41895 -0.789368 -0.448752 -0.424807 -0.790561 -0.44108 -0.625568 -0.509226 -0.591061 -0.5491 -0.476253 -0.686785 -0.18771 -0.929146 -0.318517 -0.420407 -0.714947 -0.558667 -0.284068 -0.795697 -0.53495 -0.465463 -0.514233 -0.720353 -0.352389 -0.58028 -0.734232 -0.191163 -0.858048 -0.476666 -0.265054 -0.504093 -0.821971 -0.016464 -0.990397 -0.137272 -0.087862 -0.890108 -0.4472 -0.172058 -0.686282 -0.706692 -0.063931 -0.571613 -0.818029 0.021641 -0.783366 -0.621184 0.016364 -0.637192 -0.770531 0.102446 -0.661765 -0.742679 0.180546 -0.704949 -0.685893 0.185994 -0.411593 -0.892187 0.089288 -0.970157 -0.225438 0.26399 -0.772426 -0.577639 0.357143 -0.468134 -0.80827 0.248811 -0.844158 -0.474859 0.399636 -0.630479 -0.665422 0.42263 -0.719549 -0.55103 0.543614 -0.271704 -0.794141 0.438809 -0.767869 -0.466715 0.54569 -0.624237 -0.559062 0.508336 -0.755045 -0.414127 0.647077 -0.551324 -0.526624 0.342394 -0.909147 -0.237105 0.643714 -0.667284 -0.374652 0.354701 -0.917476 -0.180071 0.858933 -0.256929 -0.442969 0.502803 -0.844418 -0.18479 0.745949 -0.599204 -0.290715 0.89012 -0.217603 -0.400418 0.922881 -0.229223 -0.309431 0.485105 -0.866492 -0.11775 0.734164 -0.660109 -0.158933 0.935728 -0.243611 -0.255081 0.950722 -0.265414 -0.160262 0.464282 -0.885553 -0.015437 0.716075 -0.696987 -0.038018 0.966127 -0.238657 -0.098188 0.469755 -0.880994 0.056387 0.868751 -0.494995 0.015865 0.987787 -0.153468 -0.026898 0.602463 -0.79519 0.068638 0.980867 -0.167604 0.099041 0.079167 0.245474 -0.966165 0.129772 0.193623 -0.972455 0.221962 0.222509 -0.949327 0.291116 0.198694 -0.935827 0.356654 0.209768 -0.910382 0.431646 0.242468 -0.868844 0.501377 0.212714 -0.838674 0.557804 0.159984 -0.814407 0.627433 0.192067 -0.754611 0.684025 0.183208 -0.706077 0.717673 0.248286 -0.650615 0.786642 0.208238 -0.581233 0.812855 0.237104 -0.532023 0.862337 0.243182 -0.444114 0.902347 0.178888 -0.392134 0.914795 0.254167 -0.313924 0.950299 0.171115 -0.260098 0.969046 0.187716 -0.160354 0.960793 0.254149 -0.110841 0.971459 0.237185 0.003223 0.98305 0.155156 0.097669 0.911019 0.130608 0.391133 0.893133 -0.150425 0.423895 0.029613 0.998642 -0.04286 0.229816 0.957493 0.174331 0.711473 0.681084 0.173002 0.944827 0.205693 0.254938 -0.904927 0.414988 -0.094294 -0.774272 0.627844 -0.07947 -0.176883 0.983843 -0.027674 -0.524902 0.845038 -0.101928 -0.812875 0.54894 -0.194677 -0.595354 0.776438 -0.206634 -0.810681 0.453273 -0.370594 -0.151496 0.985588 -0.075266 -0.642331 0.685896 -0.341992 -0.428926 0.875805 -0.221334 -0.47908 0.826163 -0.296541 -0.595969 0.677226 -0.431492 -0.61118 0.609707 -0.504694 -0.350209 0.876863 -0.329339 -0.111382 0.989509 -0.092009 -0.528744 0.640189 -0.557304 -0.345596 0.847816 -0.402209 -0.462347 0.581893 -0.669056 -0.075319 0.990708 -0.113245 -0.224767 0.855752 -0.466013 -0.322608 0.714141 -0.621229 -0.319782 0.433154 -0.842684 -0.253453 0.699471 -0.668208 -0.198296 0.818716 -0.538871 -0.189965 0.68702 -0.701368 -0.054754 0.963248 -0.262973 -0.086288 0.67575 -0.732063 -0.036593 0.813178 -0.580864 0.015466 0.68631 -0.727145 0.044052 0.744639 -0.666012 0.093315 0.869094 -0.485766 0.147015 0.601829 -0.784977 0.008361 0.993613 -0.112529 0.234568 0.577117 -0.782249 0.178687 0.801358 -0.570873 0.327739 0.584649 -0.742141 0.108169 0.955766 -0.273517 0.254857 0.862521 -0.437156 0.416103 0.605872 -0.678069 0.522835 0.503848 -0.687591 0.391842 0.763243 -0.513731 0.336825 0.81758 -0.467025 0.555517 0.589169 -0.586754 0.081876 0.993399 -0.080342 0.314276 0.899931 -0.30225 0.596197 0.634935 -0.491331 0.428423 0.857293 -0.285485 0.659182 0.648231 -0.381151 0.42962 0.872081 -0.234311 0.758597 0.566673 -0.321579 0.157121 0.983854 -0.085699 0.678163 0.701131 -0.22025 0.804366 0.568994 -0.171 0.518583 0.84698 -0.117035 0.166147 0.98552 -0.033847 0.480941 0.875491 -0.047021 0.757524 0.651983 -0.032799 0.874488 0.477045 0.08774 0.183639 0.982992 0.001723 0.614587 0.78603 0.066622 -0.198682 0.979988 0.012236 -0.15933 0.98586 0.051899 -0.102161 0.98685 0.125264 -0.040364 0.972668 0.228664 0.015688 0.978137 0.207367 0.072565 0.974746 0.211197 -0.636016 0.769722 -0.054875 -0.970821 0.147871 -0.188786 0.505129 0.862296 0.035919 0.738192 0.667434 0.097997 0.294957 0.953535 0.061414 0.967081 0.244883 0.069191 0.949502 0.27109 0.157975 0.707162 0.67819 0.199952 0.943088 0.247934 0.221614 0.363574 0.922605 0.128896 0.917281 0.252184 0.308218 0.519874 0.818991 0.24287 0.725631 0.597948 0.340468 0.897389 0.249096 0.364204 0.196618 0.975464 0.099047 0.860528 0.240536 0.449037 0.43622 0.859356 0.266871 0.673731 0.609216 0.41826 0.255774 0.94303 0.212779 0.82733 0.229077 0.512883 0.559272 0.698703 0.446127 0.779287 0.248559 0.575266 0.718038 0.294357 0.630695 0.311548 0.872201 0.377099 0.505939 0.669575 0.543778 0.680112 0.260995 0.685076 0.100959 0.986627 0.127963 0.616249 0.25565 0.744903 0.418726 0.660103 0.623644 0.196454 0.918495 0.34318 0.567345 0.224001 0.792429 0.491523 0.264128 0.829844 0.216051 0.844849 0.489441 0.350594 0.623957 0.698399 0.431441 0.211444 0.877012 0.26479 0.608715 0.747899 0.363015 0.240331 0.900256 0.156756 0.829079 0.536707 0.284099 0.230751 0.930614 0.083005 0.880972 0.465831 0.176154 0.596137 0.78332 0.214303 0.183722 0.959333 0.069782 0.649818 0.75688 0.13486 0.260412 0.956033 0.004982 0.777164 0.629279 -0.024808 0.923321 0.383226 0.056608 0.230939 0.97132 -0.023784 0.317858 0.94784 -0.098795 0.733047 0.672965 -0.091363 0.274268 0.957303 -0.170432 0.276271 0.945847 -0.058618 0.98626 0.154451 -0.129939 0.894947 0.426832 -0.191269 0.667066 0.720027 -0.249976 0.249745 0.935489 -0.268851 0.679705 0.682437 -0.314691 0.24657 0.916609 -0.171092 0.925241 0.338611 -0.39716 0.273201 0.876142 -0.298129 0.820003 0.488583 -0.411677 0.609261 0.677734 -0.448249 0.27166 0.85163 -0.52967 0.231828 0.815908 -0.308455 0.881046 0.358628 -0.488485 0.591621 0.641379 -0.600516 0.172984 0.780678 -0.490657 0.727291 0.4799 -0.649729 0.273963 0.709081 -0.701695 0.280564 0.654911 -0.13923 0.986201 0.089568 -0.331504 0.908622 0.253989 -0.536377 0.735092 0.414656 -0.702638 0.499959 0.506301 -0.790599 0.168236 0.58877 -0.399427 0.886712 0.23281 -0.647847 0.682535 0.33829 -0.83887 0.250804 0.483109 -0.416015 0.892265 0.175486 -0.867784 0.298008 0.39767 -0.686693 0.690181 0.228262 -0.89967 0.270848 0.342396 -0.426318 0.898904 0.101115 -0.920936 0.287892 0.262669 -0.734445 0.662245 0.148396 -0.9527 0.233166 0.194926 -0.52419 0.849219 0.06366 -0.827998 0.552203 0.097427 -0.977009 0.180087 0.114118 -0.43169 0.901813 -0.019433 -0.756169 0.653792 0.027652 -0.975285 0.21803 0.035812 -0.727145 0.68308 -0.068273 -0.957481 0.285754 -0.039675 -0.954104 0.276512 -0.115006 -0.44353 0.689445 0.572666 -0.695871 0.513082 0.502505 -0.905503 0.286491 0.313028 -0.091968 0.850362 0.518099 -0.199406 0.930434 0.307456 -0.238594 0.968355 0.073228 -0.618896 0.772864 0.140175 -0.885763 0.447312 -0.123836 0.147621 0.907302 0.393716 0.204574 0.746618 0.633018 0.148034 0.618826 0.771453 -0.124255 0.663165 0.738087 0.150139 0.381156 0.912238 0.539004 0.460146 0.705508 0.444678 0.82939 0.338193 0.673743 0.632211 0.382597 0.828073 0.416029 0.375785 0.473538 0.66757 0.574554 0.704748 0.424394 0.568524 0.467432 0.320471 0.823896 -0.504435 0.129422 0.853695 -0.778062 0.04255 0.626745 -0.182164 0.415545 0.891145 -0.984548 -0.086935 0.152009 -0.805037 -0.072271 0.588806 -0.761397 -0.017952 0.648038 0.636899 -0.068077 0.767936 0.433548 -0.080163 0.897558 0.293321 -0.080062 0.952656 0.148137 -0.060734 0.9871 0.023409 -0.076292 0.996811 -0.096111 -0.082272 0.991965 -0.390583 -0.079116 0.917162 -0.523958 -0.091845 0.846778 -0.62845 -0.097564 0.771707 -0.801033 -0.090753 0.591701 -0.121661 -0.642386 0.756663 -0.314822 -0.711583 0.628122 -0.599193 -0.593276 0.537579 -0.884184 -0.336869 0.323631 -0.032123 -0.832996 0.552346 -0.181328 -0.935026 0.304708 -0.203107 -0.976709 0.069188 -0.513024 -0.839541 0.178821 -0.744467 -0.666296 -0.042643 0.16902 -0.57505 0.800469 0.182759 -0.760358 0.623262 0.139172 -0.976486 0.16464 0.150128 -0.352304 0.923766 -0.151064 -0.35851 0.921222 -0.145686 -0.140946 0.979239 0.522021 -0.436914 0.73253 0.585858 -0.513442 0.627015 0.75374 -0.52802 0.391241 0.26235 -0.846136 0.463926 0.482718 -0.085123 0.871629 0.497365 -0.26851 0.824943 0.342289 -0.037777 0.938835 0.633468 -0.077028 0.769926 -0.01537 -0.935837 0.352097 -0.009552 -0.786648 0.617328 0.0021 -0.533063 0.846073 0.028678 -0.225819 0.973747 0.448893 -0.798912 0.400293 0.566678 -0.698667 0.436738 0.593418 -0.493716 0.635688 0.721999 -0.342231 0.601328 0.776649 -0.143188 0.613445 0.43454 -0.551039 0.712412 0.263768 -0.220593 0.939023 0.490503 -0.223874 0.842192 -0.008739 -0.983739 0.179391 -0.017197 -0.995046 0.097914 -0.826999 -0.226414 0.514596 -0.753712 -0.404735 0.517792 -0.629758 -0.664378 0.4025 -0.437718 -0.835999 0.330921 -0.280616 -0.926531 0.25059 0.4732 -0.819472 0.323338 0.585268 -0.699919 0.40936 0.308346 -0.916822 0.253694 0.383186 -0.845714 0.371398 0.699848 -0.499714 0.510391 0.4834 -0.742171 0.464228 0.766499 -0.286747 0.574679 0.608645 -0.584562 0.536506 0.205868 -0.942521 0.263196 0.339482 -0.849602 0.403644 0.149326 -0.952322 0.266055 0.674868 -0.348279 0.650581 0.450664 -0.708188 0.543481 0.267036 -0.883477 0.384915 0.550232 -0.495464 0.672131 0.382548 -0.731869 0.563936 0.320278 -0.755943 0.570939 0.463451 -0.550618 0.694286 0.592869 -0.276691 0.756273 0.385343 -0.600928 0.700283 0.183981 -0.878784 0.440329 0.066811 -0.96727 0.244794 0.445314 -0.431618 0.784475 0.2214 -0.761755 0.608861 0.474806 -0.271979 0.837011 0.321015 -0.601228 0.731761 0.071666 -0.896643 0.436916 0.134506 -0.839634 0.526235 0.319859 -0.430326 0.844103 0.222538 -0.609607 0.760826 0.338929 -0.266842 0.902177 0.14224 -0.730306 0.668147 0.00894 -0.952501 0.304403 0.169949 -0.575341 0.800062 0.207348 -0.350958 0.913146 0.060075 -0.779812 0.623125 -0.037357 -0.839527 0.542033 -0.036301 -0.968281 0.247213 0.052049 -0.587238 0.807739 -0.044252 -0.742266 0.668642 0.101227 -0.352139 0.930457 -0.106608 -0.896344 0.430351 -0.020783 -0.354264 0.934914 -0.090686 -0.578323 0.810752 -0.155545 -0.789071 0.594283 -0.196623 -0.607256 0.769791 -0.133487 -0.952867 0.272445 -0.160477 -0.359411 0.919277 -0.197039 -0.856475 0.477102 -0.264454 -0.738414 0.620329 -0.092273 -0.987228 0.129873 -0.303183 -0.357105 0.883491 -0.323324 -0.58215 0.746032 -0.247592 -0.881697 0.401633 -0.372732 -0.728216 0.575128 -0.438792 -0.351422 0.827022 -0.443512 -0.569646 0.691954 -0.319597 -0.879699 0.352118 -0.203723 -0.959688 0.19364 -0.445278 -0.74261 0.500257 -0.564765 -0.353106 0.745893 -0.538681 -0.581904 0.609271 -0.370425 -0.882148 0.290862 -0.508897 -0.753468 0.416305 -0.306067 -0.934582 0.181325 -0.675235 -0.35307 0.64761 -0.626325 -0.585404 0.5148 -0.521331 -0.795013 0.31011 -0.764889 -0.353822 0.538288 -0.696033 -0.591487 0.407039 -0.824378 -0.361058 0.435934 -0.119533 -0.924598 0.361704 -0.071665 -0.834548 0.546255 -0.072057 -0.67827 0.731272 -0.133904 -0.515885 0.846128 -0.123016 -0.306925 0.94375 -0.126676 -0.111482 0.98566 -0.823134 -0.071939 0.563272 -0.310418 -0.807596 0.501428 -0.250432 -0.709805 0.658378 -0.494414 -0.681366 0.539718 -0.624027 -0.513905 0.588636 -0.432256 -0.551651 0.713327 -0.342309 -0.418671 0.841153 -0.570282 -0.318644 0.757129 -0.680949 -0.132095 0.720319 -0.351153 -0.144451 0.925108 -0.513384 -0.086269 0.853812 0.12031 -0.245733 0.961842 0.124979 -0.442848 0.887843 0.103738 -0.66455 0.740008 0.337104 -0.931945 0.133565 0.571866 -0.818115 0.060469 0.776629 -0.625994 0.070561 0.934283 -0.349898 0.068459 0.152687 -0.942767 0.296441 0.149336 -0.863174 0.482316 0.387097 -0.83683 0.387132 0.589044 -0.769358 0.247214 0.250382 -0.747418 0.615366 0.53341 -0.6809 0.501845 0.435318 -0.584103 0.685071 0.314614 -0.511475 0.799632 0.743263 -0.595226 0.305397 0.861967 -0.475202 0.176622 0.686432 -0.51069 0.517694 0.403245 -0.331166 0.853066 0.643382 -0.31709 0.696789 0.79155 -0.291902 0.536881 0.87933 -0.34325 0.330088 0.28109 -0.104178 0.95401 0.451717 -0.10414 0.886062 0.608509 -0.127506 0.783236 0.940264 -0.141771 0.309522 0.987011 -0.116221 0.110918 0.978441 -0.206515 -0.002337 0.840199 -0.542273 -0.002355 0.644437 -0.764655 -0.001912 0.382794 -0.923833 -0.001124 0.113215 -0.99357 0.000671 0.573727 0.819044 -0.002078 0.829534 0.558451 -0.00232 0.978364 0.206878 -0.002205 -0.748288 -0.244192 0.616795 -0.612181 -0.436942 0.659027 -0.474322 -0.749631 0.461597 0.430404 -0.893816 0.125876 0.283639 -0.950701 0.125366 0.668334 -0.71055 0.220109 0.491612 -0.844654 0.211842 0.835618 -0.46212 0.296963 0.271066 -0.946745 0.173775 0.917033 -0.31998 0.238041 0.639995 -0.690952 0.336143 0.447637 -0.842277 0.300316 0.935394 -0.145942 0.322085 0.750127 -0.563273 0.346458 0.547524 -0.752852 0.365282 0.237983 -0.944501 0.226456 0.830584 -0.381919 0.4053 0.750608 -0.485074 0.448654 0.367474 -0.869904 0.328985 0.887241 -0.137978 0.440188 0.170956 -0.964041 0.203469 0.634792 -0.59902 0.488071 0.805099 -0.273292 0.526429 0.50246 -0.739601 0.4478 0.702162 -0.460758 0.542836 0.834187 -0.071668 0.546806 0.281586 -0.899349 0.334486 0.702632 -0.343103 0.623369 0.409986 -0.763197 0.499442 0.570465 -0.572268 0.589134 0.033523 -0.997933 0.054835 0.332859 -0.794642 0.50769 0.741077 -0.127298 0.659242 0.226726 -0.873876 0.430041 0.122104 -0.935735 0.330894 0.581223 -0.397969 0.709789 0.486272 -0.57237 0.660252 0.657194 -0.231129 0.717409 0.388335 -0.693806 0.606489 0.135144 -0.892096 0.431162 0.293532 -0.734386 0.611977 0.048625 -0.974938 0.217098 0.420953 -0.563921 0.710487 0.548452 -0.244838 0.799534 0.488739 -0.409527 0.770339 0.216427 -0.804448 0.553194 0.393431 -0.427732 0.813792 0.531041 -0.083735 0.843199 0.316645 -0.589376 0.743217 0.095889 -0.902325 0.420256 -0.006022 -0.975946 0.217931 0.424629 -0.25476 0.868785 0.236536 -0.673979 0.69986 0.129 -0.806497 0.576993 0.287972 -0.486471 0.824875 0.167318 -0.688944 0.705238 0.220477 -0.572894 0.789419 0.027377 -0.891549 0.452096 0.319618 -0.268277 0.908775 0.100604 -0.707883 0.699128 -0.0294 -0.951991 0.304711 0.193551 -0.394702 0.898192 0.032848 -0.766838 0.641 0.120398 -0.467568 0.87572 0.20911 -0.236482 0.948867 0.05301 -0.609532 0.790987 -0.050394 -0.896768 0.439623 -0.056991 -0.807492 0.587119 0.061914 -0.241098 0.968524 -0.065352 -0.693834 0.717163 -0.071754 -0.970044 0.23209 -0.015407 -0.431713 0.90188 -0.05111 -0.587005 0.807968 -0.073174 -0.913237 0.400803 -0.137743 -0.824754 0.548459 -0.145056 -0.902622 0.405256 -0.089125 -0.281995 0.955267 -0.143049 -0.710786 0.688709 -0.140911 -0.535958 0.832402 -0.233252 -0.681708 0.693446 -0.143622 -0.94532 0.292817 -0.228344 -0.575717 0.785117 -0.222489 -0.373389 0.9006 -0.243877 -0.786872 0.566883 -0.254213 -0.838961 0.481166 -0.235347 -0.131148 0.963022 -0.310133 -0.277386 0.909326 -0.186579 -0.953796 0.235501 -0.320663 -0.489625 0.810828 -0.304382 -0.684747 0.662173 -0.196575 -0.943362 0.267257 -0.404584 -0.479658 0.778614 -0.388512 -0.694512 0.605568 -0.320916 -0.843254 0.431202 -0.412816 -0.263239 0.871945 -0.239013 -0.941651 0.236993 -0.470024 -0.572175 0.672081 -0.519886 -0.263353 0.812627 -0.458698 -0.713305 0.529898 -0.382881 -0.84192 0.380227 -0.516735 -0.425046 0.743183 -0.535743 -0.589922 0.604129 -0.261123 -0.942201 0.209935 -0.590148 -0.457747 0.664976 -0.623457 -0.295542 0.723848 -0.530044 -0.691453 0.490862 -0.450247 -0.834509 0.317603 -0.670767 -0.505992 0.542258 -0.603769 -0.674284 0.425211 -0.717448 -0.116632 0.686779 -0.692505 -0.329522 0.641757 -0.77207 -0.303455 0.55841 -0.576806 -0.665727 0.473395 -0.512725 -0.153082 0.844795 -0.729836 -0.035837 0.682682 -0.254419 -0.230504 0.939222 -0.440164 -0.536183 0.720252 -0.475189 -0.094494 0.874795 -0.495489 -0.300465 0.814992 0.308541 -0.003533 -0.951204 0.625604 -0.004087 -0.78013 0.890799 -0.011377 -0.454255 0.998794 -0.008835 -0.048302 0.951016 -0.008011 0.309038 0.798028 -0.010009 0.602538 0.541496 -0.010666 0.840636 0.186683 -0.009313 0.982376 -0.163824 -0.000532 0.986489 -0.122296 0.008562 0.992457 0.272475 0.004141 -0.962154 0.607242 0.00118 -0.794516 0.820694 0.006538 -0.571331 0.953683 0.007678 -0.300717 0.999828 0.007083 0.01715 0.908397 0.0123 0.417927 0.651764 0.014988 0.758274 0.283074 0.0114 0.95903 -0.456903 -0.005681 0.889498 -0.716799 -0.011231 0.697189 -0.920107 -0.011306 0.391504 -0.997144 -0.007857 0.075111 -0.976061 -0.008352 -0.217336 -0.846208 -0.009773 -0.532763 -0.621682 -0.010039 -0.783206 -0.36416 -0.00768 -0.931305 -0.057066 -0.005787 -0.998354 -0.524793 0.012564 0.851137 -0.843869 0.015156 0.536336 -0.981387 0.010145 0.191773 -0.993068 0.007581 -0.117294 -0.9149 0.008148 -0.403599 -0.758678 0.009194 -0.651401 -0.492985 0.009483 -0.869986 -0.127029 0.009837 -0.99185 0.274343 -0.006518 -0.96161 0.607442 0.000363 -0.794364 0.811067 -0.001939 -0.58495 0.945844 -0.009518 -0.324483 0.999933 -0.010236 0.005384 0.947622 -0.008035 0.319293 0.805639 -0.008532 0.592345 0.563366 -0.008682 0.826162 0.299218 -0.004237 0.954175 0.026043 0.001377 0.99966 -0.244952 -0.002472 0.969532 -0.532447 -0.007659 0.846429 -0.766486 -0.006808 0.642225 -0.926438 -0.005275 0.37641 -0.997917 -0.007535 0.06407 -0.973918 -0.008244 -0.22675 -0.867585 -0.008714 -0.497212 -0.653527 -0.009476 -0.756844 -0.387159 -0.008006 -0.921978 -0.090435 -0.008339 -0.995867 -0.001338 0.005935 -0.999981 0.31553 0.00307 -0.948911 0.619078 0.00118 -0.785328 0.853764 0.007036 -0.520612 0.987234 0.013187 -0.158731 0.976734 0.009853 0.214229 0.85885 0.007906 0.512167 0.653332 0.009248 0.757015 0.360783 0.007544 0.932619 0.041434 0.003745 0.999134 -0.304339 0.006677 0.95254 -0.610665 0.008263 0.791846 -0.809869 0.005247 0.586587 -0.947669 0.00717 0.319174 -0.998998 0.008776 -0.04389 -0.924658 0.009012 -0.380692 -0.77588 0.008407 -0.630824 -0.554736 0.008446 -0.831983 -0.28657 0.00733 -0.958031 0 1 0 0 1 0 0 1 0 0 1 0 0 1 0 0 1 0 0 1 0 0 1 0 0 1 0 0 1 0 0 1 0 0 1 0 0 1 0 0 1 0 0 1 0 0 1 0 0 1 0 0 1 0 0 1 0 0 1 0 0 1 0 0 1 0 0 1 0 -0 1 0 -0 1 1e-06 0 1 0 0 1 0 0 1 0 0 1 0 0 1 0 0 1 0 0 1 0 0 1 0 0 1 0 0 1 0 0 1 0 0 1 0 0 1 0 -0 1 1e-06 -0 1 1e-06 -0 1 1e-06 0 1 0 0 1 0 0 1 0 0 1 0 0 1 0 0 1 0 0 1 0 0 1 0 0 1 0 0 1 0 0 1 0 0 1 0 0 1 0 0 1 0 0 1 0 0 1 0 0 1 0 0 1 0 0 1 0 0 1 0 0 1 0 0 1 0 0 1 0 0 1 0 0 1 0 0 1 0 0 1 0 0 1 0 0 1 0 0 1 0 0 1 0 0 1 0 0 1 0 0 1 0 0 1 0 0 1 0 0 1 0 0 1 0 0 1 0 0 1 0 0 1 0 0 1 0 0 1 0 0.180284 0.000347 0.983614 0.585444 -0.003485 0.810705 0.890225 -0.002558 0.455514 0.999972 -0.002707 0.006911 0.907564 -0.001142 -0.419912 0.646935 -0.001211 -0.762544 0.236442 -0.004904 -0.971633 -0.283851 -0.00843 -0.958831 -0.780316 -0.015041 -0.625205 -0.998971 -0.015885 0.042487 -0.737058 -0.010001 0.675756 -0.259896 -0.002544 0.965633 -0.199601 0.004143 -0.979868 -0.639241 0.008793 -0.768956 -0.936739 0.012636 -0.3498 -0.982032 0.004357 0.188666 -0.773914 0.002785 0.633284 -0.327905 0.006733 0.944687 0.209612 0.003613 0.977778 0.619843 0.002137 0.784723 0.891007 0.000854 0.453989 0.999203 0.0017 0.039876 0.919519 0.002674 -0.393036 0.640343 0.001566 -0.768087 0.261726 0.002792 -0.965138 0.343547 -0.009398 0.939089 0.733874 -0.007585 0.679243 0.957488 -0.008087 0.288361 0.979165 -0.005944 -0.20298 0.735642 -0.001903 -0.677368 0.246668 -0.000632 -0.9691 -0.331441 -0.00678 -0.943452 -0.78652 -0.009325 -0.617494 -0.977002 -0.006947 -0.213117 -0.97917 -0.006866 0.202926 -0.756725 -0.009675 0.653661 -0.24509 -0.012164 0.969424 0.192163 0.010257 0.981309 0.619555 0.007579 0.784917 0.902881 0.008481 0.429806 0.99548 0.009301 -0.094516 0.757736 0.005216 -0.652541 0.242998 -0.000489 -0.970027 -0.263534 0.00195 -0.964648 -0.673356 0.007564 -0.739279 -0.925863 0.008122 -0.377772 -0.997169 0.007142 0.074854 -0.831375 0.008357 0.555649 -0.389246 0.011062 0.921068 0 -1 0 0 -1 0 0 -1 0 0 -1 0 0 -1 0 0 -1 0 0 -1 0 0 -1 0 0 -1 0 0 -1 0 0 -1 0 0 -1 0 0 -1 0 0 -1 0 0 -1 0 0 -1 0 0 -1 0 0 -1 0 0 -1 0 0 -1 0 0 -1 0 0 -1 0 0 -1 0 0 -1 0 0 -1 0 0 -1 0 0 -1 0 0 -1 0 0 -1 0 0 -1 0 0 -1 0 0 -1 0 0 -1 0 0 -1 0 0 -1 0 0 -1 0 0 -1 0 0 -1 0 0 -1 0 0 -1 0 0 -1 0 0 -1 0 0 -1 0 0 -1 0 0 -1 0 0 -1 0 0 -1 0 0 -1 0 0 -1 0 0 -1 0 0 -1 0 0 -1 0 0 -1 0 0 -1 0 0 -1 0 0 -1 0 0 -1 0 0 -1 0 0 -1 0 0 -1 0 0 -1 0 0 -1 0 0 -1 0 0 -1 0 0 -1 0 0 -1 0 0 -1 0 0 -1 0 0 -1 0 0 -1 0 0 -1 0 0 -1 0 0 -1 0 0 -1 0 0 -1 0 0 -1 0 0 -1 0 0 -1 0 0 -1 0 0 -1 0 0 -1 0 0 -1 0 0 -1 0 0 -1 0 -0.959618 -0.012222 0.281042 -0.621554 -0.00584 0.78335 -0.109439 -0.002299 0.993991 0.380815 -0.006062 0.924632 0.759497 -0.005594 0.650487 0.971297 -0.00855 0.237717 0.962789 -0.011113 -0.270025 0.69347 -0.009337 -0.720425 0.185978 -0.007211 -0.982528 -0.316181 -0.006849 -0.948674 -0.688567 -0.007778 -0.725131 -0.959556 -0.009897 -0.281342 0.887566 0.010317 -0.460566 0.603404 0.002549 -0.797432 0.224792 0.002375 -0.974404 -0.200463 0.005601 -0.979685 -0.586306 0.007169 -0.810058 -0.909599 0.008715 -0.415397 -0.997693 0.008481 0.06736 -0.868537 0.008888 0.495545 -0.533024 0.003311 0.846094 -0.041944 0.00232 0.999117 0.472592 0.006946 0.881254 0.818539 0.006596 0.574413 0.996597 0.010819 0.081721 -0.889721 -0.016207 0.456216 -0.400853 -0.012813 0.916053 0.186706 -0.009061 0.982374 0.661454 -0.00842 0.749938 0.930332 -0.006452 0.36666 0.997696 -0.00339 -0.067757 0.827118 -0.004344 -0.562012 0.408514 -0.007484 -0.912721 -0.133973 -0.011132 -0.990922 -0.694655 -0.016066 -0.719163 -0.985606 -0.015748 -0.168322 -0.98359 0.014396 0.179844 -0.750808 0.00877 0.660462 -0.378383 0.005456 0.925633 0.082382 0.00535 0.996586 0.536484 0.008281 0.84387 0.863152 0.009727 0.50485 0.999898 0.004258 -0.01364 0.852047 0.003173 -0.523455 0.486608 0.005198 -0.873605 0.001701 0.007372 -0.999971 -0.503537 0.013036 -0.863875 -0.908431 0.015789 -0.417736 -0.261564 -0.006424 -0.965165 -0.648451 -0.001166 -0.761256 -0.907405 -0.005224 -0.420225 -0.999973 -0.007322 0.000224 -0.908772 -0.008922 0.417197 -0.646639 -0.00391 0.762787 -0.2879 0.001081 0.95766 0.120357 -0.005212 0.992717 0.528887 -0.006401 0.848668 0.855645 -0.006594 0.517521 0.999312 -0.003962 0.036878 0.900197 -0.001802 -0.435479 0.642776 -0.005857 -0.766032 0.23642 -0.010866 -0.97159 0.226115 0.006405 0.97408 0.621692 0.006033 0.783238 0.898206 0.004928 0.439546 0.999887 0.002607 -0.0148 0.88073 0.003482 -0.473606 0.498443 0.012611 -0.866831 -0.1134 0.012468 -0.993471 -0.658087 0.008044 -0.752899 -0.948865 0.007557 -0.315592 -0.983136 0.010385 0.182583 -0.731186 0.008616 0.682124 -0.253189 0.00516 0.967403 -0.31993 -0.01095 -0.947378 -0.777009 -0.011073 -0.629392 -0.998161 -0.006476 -0.060278 -0.90248 -0.002401 0.430725 -0.606638 -0.007245 0.794945 -0.071995 -0.005806 0.997388 0.510832 -0.003498 0.859674 0.885435 -0.002225 0.464757 0.999962 -0.000601 0.008662 0.912508 -0.004012 -0.409038 0.641554 -0.008612 -0.76703 0.196623 -0.011885 -0.980407 -0.647179 0.010613 -0.762264 -0.921981 0.007597 -0.387161 -0.999531 0.00231 0.030546 -0.8732 0.003235 0.487351 -0.521689 0.006641 0.85311 -0.030104 0.002202 0.999544 0.487017 0.00093 0.873392 0.869349 0.003139 0.494189 0.999992 0.003867 0.000701 0.870076 0.007528 -0.49286 0.478505 0.013116 -0.877987 -0.117556 0.012935 -0.992982 0.997745 -0.008906 0.066518 0.860421 -0.009645 -0.509492 0.444276 -0.006138 -0.895869 -0.001869 -0.003125 -0.999993 -0.423263 -0.0049 -0.905993 -0.790286 -0.009744 -0.612661 -0.981378 -0.008165 -0.191914 -0.955721 -0.004577 0.294239 -0.634084 -0.005188 0.773247 -0.054313 -0.010203 0.998472 0.499077 -0.007815 0.866522 0.845887 -0.005735 0.533331 -0.97812 0.008514 0.20787 -0.669978 0.004096 0.742369 -0.167744 0.005889 0.985813 0.369836 0.01139 0.929027 0.850209 0.01299 0.526285 0.997469 0.010335 -0.070349 0.830097 0.003648 -0.557607 0.505208 0.002746 -0.862993 0.020069 0.008416 -0.999763 -0.541959 0.011455 -0.840327 -0.923277 0.012297 -0.383937 0.986704 -0.006638 -0.162389 0.739426 -0.004185 -0.673225 0.34519 -0.001695 -0.938531 -0.108486 0.002782 -0.994094 -0.486729 -0.000515 -0.873553 -0.807236 -0.00879 -0.590163 -0.98574 -0.002027 -0.168264 -0.956624 -0.001005 0.291324 -0.656651 -0.008469 0.754147 -0.18339 -0.008918 0.983 0.264325 -0.008246 0.964398 0.635054 -0.003212 0.772461 0.909383 -0.003032 0.415948 0.987796 0.004859 -0.155675 0.757359 0.003215 -0.65299 0.34901 0.001544 -0.937118 -0.105857 0.001839 -0.99438 -0.622714 0.009553 -0.782391 -0.962416 0.007937 -0.271463 -0.965449 0.000729 0.260593 -0.740907 0.005022 0.671589 -0.387745 0.007572 0.921735 0.018548 0.008401 0.999793 0.510153 0.010391 0.860021 0.913543 0.006003 0.406697 -0.707108 -0.707106 0 -0.707108 -0.707106 0 -0.707108 -0.707106 0 -0.707108 -0.707106 0 -1 0 0 -1 0 0 -1 0 0 -1 0 0 -0.707108 0.707106 0 -0.707108 0.707106 0 -0.707108 0.707106 0 -0.707108 0.707106 0 -0.064782 0.00128 0.997899 -0.257182 0.011484 0.966295 -0.494922 0.006406 0.868914 -0.681458 0.00077 0.731857 -0.812241 0.00374 0.58331 -0.910777 0.005376 0.412863 -0.974679 0.007291 0.22349 -0.999496 0.006088 0.031161 -0.986888 0.007709 -0.16122 -0.923097 0.01056 -0.384423 -0.808266 0.00893 -0.58875 -0.679185 0.006814 -0.733936 -0.524412 0.008369 -0.851424 -0.321731 0.009157 -0.946787 -0.130759 0.005679 -0.991398 -0.02335 -6.8e-05 -0.999727 0 -0 -1 -0.001251 -0.001058 0.999999 0 3e-06 -1 -0.065413 0.002799 0.997854 -0.258068 0.011411 0.966059 -0.50563 0.006503 0.862726 -0.730034 0.003138 0.683403 -0.881367 0.002105 0.472428 -0.961182 0.00661 0.275836 -0.997629 0.008896 0.068248 -0.991554 0.009212 -0.129366 -0.938001 0.009357 -0.346506 -0.832294 0.009042 -0.554261 -0.693998 0.008777 -0.719923 -0.474172 0.014021 -0.880321 -0.198532 0.008196 -0.98006 -0.036189 0 -0.999345 -0.00159 -0.000611 0.999999 -0.127508 -0.006849 0.991814 -0.343267 -0.005851 0.93922 -0.530754 -0.003062 0.847521 -0.732791 -8.4e-05 0.680454 -0.893809 -0.0077 0.448382 -0.981355 -0.010153 0.191933 -0.999023 -0.009616 -0.043133 -0.968165 -0.010876 -0.250075 -0.873448 -0.010447 -0.486806 -0.734655 -0.009035 -0.678381 -0.55416 -0.009789 -0.832352 -0.327685 -0.008839 -0.944746 -0.12954 -0.003729 -0.991567 -0.030475 0.00257 -0.999532 -8.5e-05 -0.000288 -1 -0.000475 -0.000778 1 -0.064741 -0.004581 -0.997892 -0.13123 -0.008919 0.991312 -0.344098 -0.005619 0.938917 -0.518569 -0.0037 0.855028 -0.676125 -0.000771 0.736786 -0.828018 -0.006805 0.56066 -0.948592 -0.012122 0.316268 -0.996496 -0.007711 0.08329 -0.99397 -0.006089 -0.109485 -0.954141 -0.007291 -0.299268 -0.875967 -0.007608 -0.48231 -0.762448 -0.008679 -0.646991 -0.596235 -0.010442 -0.802742 -0.396816 -0.008762 -0.917857 -0.210198 -0.006558 -0.977637 0.001643 7.9e-05 0.999999 0 0 -1 0.000534 1e-05 1 0 0 -1 -0.000213 -0.000133 1 0.001725 0.001549 0.999997 0.000662 -0.00057 1 -0.00083 -0.001975 0.999998 8.3e-05 -0.000158 1 0.000654 -0.000872 0.999999 0.000465 -0.001067 0.999999 0.000106 -0.000144 1 -4.3e-05 9e-06 1 -7.8e-05 5.8e-05 1 -0.000308 9.9e-05 1 0 0 -1 0 0 -1 0 0 -1 0 0 -1 0 0 -1 0 0 -1 0 0 -1 0 0 -1 0 -2e-06 -1 0 0 -1 0 0 -1 0 0 -1 0 0 -1 0 0 -1 0 0 -1 0 0 -1 0 0 -1 0 0 -1 0 0 -1 0 0 -1 -0.002388 -9.6e-05 -0.999997 0.002976 -0.004807 -0.999984 0.003345 0.002938 -0.99999 -0.000644 2e-05 -1 0 0 -1 0 0 -1 0 0 -1 0 0 -1 0 0 -1 0 0 -1 0.000366 -0.193116 -0.981176 -0.011495 0.000234 -0.999934 -0.129904 -0.116059 -0.984711 -0.087979 0.001628 -0.996121 0.044442 -0.101704 -0.993821 0.151668 -0.272166 -0.950222 0.305845 -0.505643 -0.806712 -0.319825 -0.526908 -0.787452 -0.163182 -0.324488 -0.931708 0.314805 0.525051 -0.790708 0.163444 0.289467 -0.94313 0.046531 0.086325 -0.99518 0.485027 0.729301 -0.482565 0.592699 0.736709 -0.325528 0.66211 0.723027 -0.197084 0.683639 0.671047 -0.28694 0.61255 -0.744335 -0.265985 0.491935 -0.734098 -0.468081 -0.134593 0.113126 -0.984422 0.001108 0.197241 -0.980354 -0.165147 0.300008 -0.939533 -0.290335 0.506787 -0.81171 -0.039907 -0.000642 -0.999203 -0.107686 0.000145 -0.994185 -0.513316 -0.739696 -0.435151 -0.627575 -0.736605 -0.252115 -0.683369 -0.678003 -0.270774 -0.645836 0.731144 -0.21983 -0.575002 0.735947 -0.357428 -0.442992 0.703947 -0.555173 -0.579893 -0.674562 -0.456825 -0.416275 -0.675775 -0.608312 -0.17087 -0.661327 -0.730377 0.075642 -0.681876 -0.727546 0.263056 -0.678502 -0.685884 0.441269 -0.6796 -0.586025 0.603509 -0.673067 -0.427501 0.686799 -0.685485 -0.241696 0.541304 0.674189 -0.502453 0.350978 0.675037 -0.648953 0.117281 0.67202 -0.731187 -0.180265 0.660019 -0.7293 -0.428772 0.675736 -0.599612 -0.588447 0.674853 -0.445313 -0.688521 0.677828 -0.257851 0.233327 -0.972376 0.006645 0.690685 -0.72306 0.011776 0.967824 -0.251433 0.009877 0.967849 0.251324 0.010191 0.720198 0.693683 0.010878 0.271991 0.962284 0.005571 -0.241441 0.970404 0.00472 -0.614194 0.789153 0.001668 -0.867552 0.497344 0.001658 -0.987915 0.154994 -2.8e-05 -0.970515 -0.24095 0.006609 -0.788065 -0.615565 0.005719 -0.494448 -0.8692 0.003628 -0.15011 -0.988667 -0.001926 -0.236768 0.971566 1.9e-05 -0.611768 0.791035 0.001765 -0.867521 0.497398 0.001748 -0.987914 0.155001 -0.000197 -0.970591 -0.240646 0.006584 -0.788065 -0.615565 0.005719 -0.497636 -0.867379 0.003581 -0.154583 -0.98798 0.000309 -0.18154 -0.135154 -0.974052 -0.082989 -0.35642 -0.930633 -0.086798 -0.642869 -0.761043 -0.114734 -0.865933 -0.486822 -0.133077 -0.957558 -0.255682 -0.174585 -0.980937 -0.085342 0.154597 -0.933966 -0.322191 0.067605 -0.865084 -0.497051 0.086161 -0.692162 -0.716581 0.106591 -0.472008 -0.875127 0.09492 -0.161759 -0.982255 -0.14073 0.189468 -0.971749 -0.02612 0.081768 -0.996309 -0.109869 0.01899 -0.993765 -0.139175 -0.022284 -0.990017 -0.076113 -0.056919 -0.995473 -0.185125 -0.135245 -0.973364 -0.100464 0.086115 -0.991207 0.080053 0.152678 -0.985028 0.6133 -0.061648 -0.78744 0.931327 -0.089373 -0.353048 0.741434 0.091346 -0.664779 0.4921 0.055034 -0.868797 0.255662 -0.761539 -0.595563 0.323726 -0.479885 -0.815422 0.335087 -0.159057 -0.928664 0.509239 -0.58899 -0.627508 0.117372 -0.987857 -0.101798 0.440215 -0.790798 -0.425263 0.36339 -0.920707 -0.142286 0.555681 -0.299344 -0.775637 0.542494 -0.824266 -0.162131 0.692633 -0.611187 -0.383028 0.697181 -0.406622 -0.590422 0.796372 -0.158333 -0.583714 0.700656 -0.700104 -0.137607 0.847705 -0.397168 -0.351645 0.842716 -0.530385 -0.092308 0.940478 -0.301667 -0.156519 0.990315 -0.102476 -0.09367 0.39447 0.915587 -0.078057 0.84068 0.532999 -0.095756 -0.867355 0.494176 -0.05903 -0.339248 0.928356 -0.151875 -0.101802 0.992004 -0.074593 -0.988173 -0.078577 -0.131678 -0.069347 -0.990694 -0.117117 -0.240909 -0.970491 -0.010535 -0.915468 -0.371844 -0.153786 -0.78846 -0.60625 -0.103882 -0.658715 -0.740674 -0.132274 -0.475409 -0.869151 -0.136248 -0.281103 -0.953531 -0.108439 -0.99223 -0.124258 -0.006286 -0.63186 -0.775004 -0.011071 -0.895943 -0.444024 -0.011388 -0.571878 0.820336 -0.001892 -0.22626 0.974066 -0.000962 -0.973051 0.230364 -0.010165 -0.807579 0.589727 -0.006191 -0.199366 0.975896 -0.088766 -0.578766 0.810984 -0.085641 -0.91817 0.38432 -0.096242 -0.987456 0.111186 -0.112109 -0.867176 0.494479 -0.059123 -0.341587 0.928527 -0.145451 -0.45614 -0.886327 -0.079756 -0.989626 -0.079829 -0.119444 -0.932555 -0.06696 -0.354763 -0.687429 -0.057339 -0.723985 -0.476246 -0.086278 -0.875069 -0.278435 -0.71952 -0.636211 -0.262866 -0.482993 -0.835236 -0.419053 -0.847998 -0.32449 -0.453091 -0.672872 -0.584766 -0.421625 -0.381405 -0.822655 -0.677217 -0.604738 -0.419129 -0.666112 -0.438789 -0.603124 -0.658639 -0.737501 -0.149291 -0.613704 -0.266888 -0.74306 -0.839573 -0.524067 -0.143073 -0.81051 -0.135985 -0.56972 -0.859282 -0.313361 -0.404276 -0.948451 -0.273994 -0.159274 -0.339937 0.082304 -0.93684 -0.493971 0.194172 -0.84752 -0.701686 0.142352 -0.698121 -0.894214 0.080839 -0.440279 -0.97485 0.169279 -0.144956 -0.101926 0.736491 -0.668724 -0.060605 0.484265 -0.87282 -0.831489 0.275691 -0.482308 -0.830357 0.470323 -0.298835 -0.6659 0.498535 -0.555014 -0.504036 0.439192 -0.743679 -0.247316 0.511089 -0.823179 -0.72054 0.673183 -0.166272 -0.385398 0.696738 -0.605 -0.50746 0.767575 -0.391552 -0.570727 0.810711 -0.130458 -0.155353 0.881749 -0.445402 -0.102808 0.979786 -0.171612 -0.129276 0.788655 -0.601092 -0.932629 0.16555 -0.320618 -0.848223 0.047876 -0.527471 -0.519245 0.060282 -0.852497 -0.327248 0.055441 -0.943311 -0.080449 0.597711 -0.797665 -0.1517 0.315628 -0.936678 -0.04162 0.345474 -0.937505 -0.84588 0.441956 -0.2986 -0.831197 0.292169 -0.473021 -0.715351 0.125572 -0.68739 -0.802126 0.587659 -0.10607 -0.664245 0.342423 -0.664473 -0.71531 0.648792 -0.259616 -0.657833 0.482638 -0.5782 -0.644142 0.609964 -0.461547 -0.547883 0.2479 -0.798981 -0.419313 0.144292 -0.896302 -0.531076 0.806559 -0.259657 -0.245149 0.115068 -0.962632 -0.425135 0.548238 -0.720205 -0.467382 0.379762 -0.798332 -0.338273 0.886454 -0.315863 -0.41788 0.757517 -0.501541 -0.069933 0.050234 -0.996286 -0.254075 0.248361 -0.934753 -0.112657 0.967429 -0.226693 -0.369265 0.501688 -0.782274 -0.260559 0.686591 -0.67875 -0.085967 0.896662 -0.434289 -0.243983 0.521993 -0.81731 -0.090406 -0.930289 -0.355513 -0.10718 -0.825552 -0.554055 -0.112253 -0.69801 -0.707235 -0.069093 -0.547383 -0.834025 -0.063308 -0.35679 -0.932037 -0.031068 -0.104312 -0.994059 -0.299988 -0.904756 -0.302364 -0.444007 -0.805586 -0.392287 -0.230266 -0.726055 -0.647936 -0.434584 -0.653639 -0.61959 -0.650667 -0.609747 -0.452594 -0.236874 -0.495804 -0.835505 -0.827053 -0.408638 -0.386004 -0.548814 -0.501769 -0.668604 -0.322126 -0.377649 -0.868111 -0.704372 -0.389804 -0.593223 -0.300835 -0.45372 -0.83883 -0.92414 -0.166281 -0.343971 -0.985289 -0.11476 -0.126629 -0.607617 -0.325778 -0.724341 -0.41805 -0.276265 -0.865397 -0.2317 -0.209244 -0.950017 -0.803186 -0.126791 -0.58208 -0.67927 -0.257609 -0.68719 -0.595161 -0.114695 -0.79538 -0.345062 -0.139159 -0.928206 -0.403245 -0.04417 -0.914025 -0.081697 -0.340555 -0.936668 -0.187983 -0.505442 -0.842135 -0.067521 -0.701918 -0.70905 -0.181099 -0.862048 -0.473367 -0.063723 -0.949285 -0.307892 -0.174194 -0.976328 -0.128217 -0.894619 -0.07339 -0.440761 -0.73334 -0.131647 -0.666995 -0.488547 -0.080224 -0.868842 -0.288291 -0.700265 -0.653083 -0.424171 -0.891906 -0.156789 -0.451465 -0.669592 -0.589768 -0.418425 -0.384087 -0.823042 -0.487451 -0.793565 -0.364205 -0.683371 -0.596154 -0.421431 -0.666275 -0.441174 -0.601202 -0.65922 -0.739073 -0.138562 -0.600537 -0.276158 -0.750394 -0.839573 -0.524068 -0.143073 -0.858662 -0.309815 -0.408306 -0.949295 -0.26809 -0.164214 -0.349145 0.074794 -0.934079 -0.494782 0.194883 -0.846883 -0.699467 0.140727 -0.700673 -0.892452 0.081406 -0.443736 -0.974773 0.16842 -0.146467 -0.830894 0.27626 -0.483007 -0.830306 0.470457 -0.298767 -0.665968 0.498286 -0.555155 -0.165349 0.264855 -0.950006 -0.494151 0.445568 -0.746515 -0.179595 0.453265 -0.873096 -0.720541 0.673182 -0.166273 -0.388958 0.688144 -0.61251 -0.146026 0.658853 -0.737963 -0.506304 0.768684 -0.390872 -0.570927 0.810507 -0.130847 -0.154829 0.85495 -0.495065 -0.098369 0.953013 -0.286512 0.087087 0.461201 -0.883012 0.082475 0.696927 -0.712384 0.115526 0.873152 -0.47356 0.135282 0.975259 -0.174841 0.289524 0.721361 -0.629138 0.275344 0.466603 -0.840516 0.389355 0.858137 -0.334669 0.267175 0.16805 -0.948882 0.59551 0.670986 -0.441754 0.478552 0.53521 -0.696087 0.521298 0.245598 -0.81727 0.630898 0.763373 -0.138665 0.692509 0.36629 -0.6215 0.823767 0.346119 -0.44901 0.822 0.493959 -0.28341 0.95097 0.263239 -0.162364 0.9048 0.090265 -0.41616 0.988398 0.077848 -0.130416 0.996188 -0.055511 0.067289 0.996188 -0.055511 0.067289 0.996188 -0.055511 0.067289 -0.274521 -0.618976 -0.735872 -0.274521 -0.618976 -0.735872 -0.274521 -0.618976 -0.735872</float_array>
          <technique_common>
            <accessor count="2220" source="#link6_printed_charcoal-normals-array" stride="3">
              <param type="float" name="X"/>
              <param type="float" name="Y"/>
              <param type="float" name="Z"/>
            </accessor>
          </technique_common>
        </source>
        <vertices id="link6_printed_charcoal-positions-vertices">
          <input semantic="POSITION" source="#link6_printed_charcoal-positions"/>
        </vertices>
        <triangles count="3678" material="link6_printed_charcoal-binding">
          <input offset="0" semantic="VERTEX" source="#link6_printed_charcoal-positions-vertices"/>
          <input offset="1" semantic="NORMAL" source="#link6_printed_charcoal-normals"/>
          <p>28 28 453 453 21 21 901 901 900 900 899 899 902 902 576 576 577 577 902 902 899 899 576 576 902 902 901 901 899 899 903 903 577 577 578 578 903 903 902 902 577 577 905 905 900 900 901 901 905 905 898 898 900 900 904 904 902 902 903 903 904 904 901 901 902 902 579 579 903 903 578 578 905 905 901 901 904 904 906 906 903 903 579 579 904 904 903 903 906 906 906 906 579 579 580 580 907 907 904 904 906 906 908 908 906 906 580 580 908 908 580 580 581 581 909 909 905 905 904 904 576 576 899 899 897 897 900 900 898 898 896 896 576 576 897 897 575 575 900 900 896 896 899 899 891 891 627 627 570 570 892 892 627 627 891 891 892 892 626 626 627 627 893 893 632 632 633 633 893 893 633 633 626 626 894 894 626 626 892 892 572 572 891 891 571 571 895 895 891 891 572 572 893 893 626 626 894 894 909 909 904 904 907 907 895 895 892 892 891 891 573 573 895 895 572 572 896 896 895 895 573 573 896 896 894 894 895 895 897 897 573 573 574 574 898 898 894 894 896 896 898 898 893 893 894 894 897 897 896 896 573 573 897 897 574 574 575 575 899 899 896 896 897 897 894 894 892 892 895 895 908 908 907 907 906 906 908 908 581 581 582 582 910 910 907 907 908 908 919 919 589 589 864 864 923 923 916 916 918 918 920 920 918 918 919 919 921 921 918 918 920 920 922 922 864 864 865 865 922 922 919 919 864 864 923 923 918 918 921 921 920 920 919 919 922 922 866 866 922 922 865 865 919 919 918 918 917 917 921 921 920 920 922 922 924 924 922 922 866 866 924 924 921 921 922 922 925 925 921 921 924 924 868 868 924 924 867 867 926 926 924 924 868 868 927 927 921 921 925 925 927 927 923 923 921 921 925 925 924 924 926 926 869 869 926 926 868 868 924 924 866 866 867 867 891 891 570 570 571 571 919 919 917 917 589 589 918 918 916 916 917 917 583 583 908 908 582 582 909 909 907 907 910 910 911 911 908 908 583 583 911 911 910 910 908 908 912 912 583 583 584 584 913 913 583 583 912 912 913 913 911 911 583 583 910 910 911 911 913 913 585 585 912 912 584 584 589 589 917 917 588 588 914 914 909 909 910 910 586 586 912 912 585 585 915 915 912 912 586 586 915 915 913 913 912 912 915 915 914 914 913 913 916 916 914 914 915 915 917 917 586 586 587 587 917 917 915 915 586 586 917 917 916 916 915 915 917 917 587 587 588 588 914 914 910 910 913 913 887 887 923 923 927 927 623 623 624 624 886 886 886 886 885 885 783 783 853 853 848 848 852 852 854 854 849 849 853 853 854 854 851 851 849 849 855 855 854 854 853 853 856 856 852 852 771 771 857 857 852 852 856 856 857 857 853 853 852 852 857 857 855 855 853 853 858 858 855 855 857 857 859 859 856 856 771 771 860 860 858 858 857 857 861 861 858 858 860 860 859 859 857 857 856 856 862 862 857 857 859 859 860 860 857 857 862 862 859 859 1098 1098 781 781 862 862 859 859 781 781 863 863 861 861 860 860 782 782 860 860 862 862 853 853 849 849 848 848 852 852 848 848 771 771 771 771 848 848 772 772 851 851 850 850 849 849 842 842 841 841 840 840 843 843 841 841 842 842 844 844 840 840 773 773 786 786 841 841 843 843 844 844 842 842 840 840 786 786 787 787 841 841 785 785 786 786 843 843 845 845 842 842 844 844 845 845 843 843 842 842 782 782 862 862 781 781 846 846 773 773 772 772 846 846 844 844 773 773 784 784 785 785 843 843 845 845 844 844 846 846 847 847 784 784 845 845 848 848 845 845 846 846 849 849 845 845 848 848 849 849 847 847 845 845 850 850 847 847 849 849 848 848 846 846 772 772 784 784 843 843 845 845 863 863 860 860 782 782 863 863 782 782 783 783 590 590 864 864 589 589 784 784 877 877 876 876 784 784 876 876 785 785 847 847 878 878 877 877 847 847 877 877 784 784 850 850 879 879 878 878 850 850 878 878 847 847 851 851 880 880 879 879 851 851 879 879 850 850 854 854 881 881 880 880 785 785 875 875 786 786 854 854 880 880 851 851 855 855 881 881 854 854 858 858 883 883 882 882 858 858 882 882 855 855 861 861 884 884 883 883 861 861 883 883 858 858 863 863 884 884 861 861 863 863 890 890 884 884 783 783 890 890 863 863 783 783 885 885 890 890 855 855 882 882 881 881 886 886 624 624 885 885 785 785 876 876 875 875 786 786 875 875 874 874 795 795 865 865 864 864 795 795 864 864 590 590 794 794 866 866 865 865 794 794 865 865 795 795 793 793 867 867 866 866 793 793 866 866 794 794 792 792 867 867 793 793 792 792 868 868 867 867 791 791 869 869 868 868 786 786 874 874 787 787 791 791 868 868 792 792 790 790 869 869 791 791 789 789 871 871 870 870 789 789 870 870 790 790 839 839 872 872 871 871 839 839 871 871 789 789 788 788 873 873 872 872 788 788 872 872 839 839 787 787 874 874 873 873 787 787 873 873 788 788 790 790 870 870 869 869 928 928 925 925 926 926 929 929 869 869 870 870 927 927 925 925 928 928 982 982 979 979 981 981 984 984 982 982 981 981 985 985 981 981 980 980 985 985 984 984 981 981 986 986 983 983 956 956 987 987 984 984 985 985 986 986 980 980 983 983 985 985 980 980 986 986 988 988 987 987 985 985 989 989 985 985 986 986 990 990 985 985 989 989 990 990 988 988 985 985 991 991 988 988 990 990 956 956 989 989 986 986 992 992 990 990 989 989 993 993 991 991 990 990 993 993 990 990 992 992 994 994 989 989 956 956 994 994 992 992 989 989 981 981 979 979 977 977 981 981 977 977 980 980 980 980 977 977 975 975 980 980 975 975 983 983 966 966 961 961 971 971 967 967 965 965 964 964 968 968 964 964 966 966 969 969 964 964 968 968 970 970 964 964 969 969 970 970 967 967 964 964 968 968 966 966 971 971 972 972 970 970 969 969 973 973 968 968 971 971 995 995 993 993 992 992 973 973 969 969 968 968 974 974 972 972 969 969 976 976 972 972 974 974 975 975 973 973 971 971 977 977 973 973 975 975 977 977 974 974 973 973 975 975 971 971 983 983 978 978 976 976 974 974 978 978 974 974 977 977 979 979 978 978 977 977 974 974 969 969 973 973 996 996 994 994 956 956 997 997 994 994 996 996 997 997 992 992 994 994 1012 1012 1011 1011 1010 1010 1013 1013 1011 1011 1012 1012 1014 1014 1009 1009 1008 1008 1012 1012 1009 1009 1014 1014 1014 1014 1008 1008 953 953 1015 1015 1013 1013 1012 1012 1016 1016 1012 1012 1014 1014 1017 1017 1012 1012 1016 1016 1018 1018 1015 1015 1012 1012 1012 1012 1010 1010 1009 1009 1018 1018 1012 1012 1017 1017 1020 1020 1014 1014 953 953 1020 1020 1016 1016 1014 1014 1021 1021 1016 1016 1020 1020 1021 1021 1017 1017 1016 1016 1021 1021 1019 1019 1017 1017 1022 1022 1019 1019 1021 1021 1023 1023 1021 1021 1020 1020 1024 1024 1021 1021 1023 1023 1024 1024 1022 1022 1021 1021 1019 1019 1018 1018 1017 1017 966 966 964 964 961 961 1011 1011 1007 1007 1010 1010 1010 1010 1005 1005 1009 1009 997 997 995 995 992 992 996 996 956 956 955 955 998 998 995 995 997 997 999 999 997 997 996 996 1000 1000 997 997 999 999 1000 1000 998 998 997 997 1001 1001 996 996 955 955 999 999 996 996 1001 1001 1003 1003 1000 1000 999 999 1010 1010 1007 1007 1005 1005 1002 1002 1001 1001 955 955 954 954 1002 1002 955 955 1004 1004 1003 1003 999 999 1005 1005 1001 1001 1002 1002 1005 1005 1004 1004 1001 1001 1006 1006 1004 1004 1005 1005 1005 1005 1002 1002 954 954 1007 1007 1006 1006 1005 1005 1009 1009 954 954 1008 1008 1009 1009 1005 1005 954 954 1004 1004 999 999 1001 1001 965 965 963 963 964 964 964 964 963 963 960 960 964 964 960 960 961 961 934 934 935 935 937 937 938 938 937 937 936 936 877 877 938 938 876 876 941 941 934 934 937 937 939 939 937 937 938 938 940 940 877 877 878 878 940 940 938 938 877 877 941 941 937 937 939 939 939 939 938 938 940 940 938 938 936 936 876 876 879 879 940 940 878 878 942 942 939 939 940 940 941 941 939 939 942 942 943 943 879 879 880 880 943 943 942 942 879 879 944 944 942 942 943 943 944 944 941 941 942 942 881 881 943 943 880 880 945 945 941 941 944 944 882 882 943 943 881 881 942 942 940 940 879 879 946 946 945 945 944 944 876 876 936 936 875 875 936 936 874 874 875 875 929 929 926 926 869 869 929 929 928 928 926 926 930 930 870 870 871 871 930 930 929 929 870 870 931 931 929 929 930 930 931 931 928 928 929 929 932 932 928 928 931 931 872 872 930 930 871 871 932 932 927 927 928 928 937 937 935 935 936 936 933 933 930 930 872 872 934 934 927 927 932 932 933 933 931 931 930 930 934 934 887 887 927 927 935 935 931 931 933 933 935 935 932 932 931 931 874 874 933 933 873 873 935 935 934 934 932 932 936 936 933 933 874 874 936 936 935 935 933 933 933 933 872 872 873 873 787 787 788 788 841 841 947 947 943 943 882 882 946 946 944 944 947 947 949 949 888 888 951 951 951 951 945 945 949 949 954 954 955 955 923 923 1008 1008 954 954 923 923 952 952 945 945 951 951 952 952 941 941 945 945 1008 1008 923 923 887 887 953 953 1008 1008 887 887 1026 1026 934 934 941 941 951 951 888 888 1056 1056 1026 1026 941 941 952 952 953 953 934 934 1026 1026 959 959 658 658 645 645 960 960 658 658 959 959 960 960 659 659 658 658 962 962 659 659 960 960 962 962 660 660 659 659 961 961 959 959 645 645 960 960 959 959 961 961 963 963 962 962 960 960 953 953 887 887 934 934 947 947 944 944 943 943 955 955 916 916 923 923 916 916 956 956 909 909 947 947 882 882 883 883 949 949 945 945 946 946 948 948 883 883 884 884 948 948 947 947 883 883 950 950 947 947 948 948 950 950 946 946 947 947 948 948 884 884 890 890 949 949 946 946 950 950 948 948 890 890 889 889 955 955 956 956 916 916 950 950 948 948 889 889 949 949 950 950 888 888 893 893 645 645 632 632 893 893 961 961 645 645 898 898 961 961 893 893 898 898 971 971 961 961 905 905 971 971 898 898 983 983 971 971 905 905 909 909 983 983 905 905 956 956 983 983 909 909 950 950 889 889 888 888 841 841 788 788 838 838 773 773 840 840 774 774 841 841 838 838 840 840 724 724 723 723 694 694 724 724 722 722 723 723 725 725 722 722 724 724 725 725 726 726 722 722 724 724 694 694 693 693 727 727 724 724 693 693 727 727 693 693 692 692 727 727 725 725 724 724 728 728 725 725 727 727 728 728 726 726 725 725 691 691 727 727 692 692 729 729 727 727 691 691 729 729 728 728 727 727 733 733 726 726 728 728 690 690 729 729 691 691 730 730 728 728 729 729 731 731 690 690 689 689 733 733 728 728 730 730 731 731 729 729 690 690 694 694 723 723 695 695 726 726 719 719 720 720 726 726 720 720 722 722 723 723 722 722 721 721 713 713 715 715 711 711 714 714 712 712 700 700 713 713 712 712 714 714 698 698 714 714 699 699 719 719 715 715 713 713 716 716 714 714 698 698 716 716 713 713 714 714 717 717 713 713 716 716 718 718 698 698 697 697 730 730 729 729 731 731 719 719 713 713 717 717 718 718 697 697 696 696 720 720 716 716 718 718 720 720 717 717 716 716 721 721 718 718 696 696 719 719 717 717 720 720 721 721 720 720 718 718 722 722 720 720 721 721 695 695 721 721 696 696 723 723 721 721 695 695 718 718 716 716 698 698 688 688 731 731 689 689 732 732 733 733 730 730 734 734 731 731 688 688 681 681 741 741 682 682 744 744 741 741 681 681 744 744 743 743 741 741 745 745 743 743 744 744 746 746 743 743 745 745 746 746 742 742 743 743 749 749 742 742 746 746 744 744 681 681 680 680 746 746 745 745 744 744 742 742 739 739 743 743 679 679 744 744 680 680 747 747 744 744 679 679 748 748 746 746 747 747 748 748 749 749 746 746 750 750 679 679 678 678 750 750 747 747 679 679 751 751 748 748 747 747 750 750 678 678 677 677 751 751 749 749 748 748 752 752 747 747 750 750 747 747 746 746 744 744 714 714 700 700 699 699 743 743 739 739 740 740 741 741 740 740 683 683 734 734 730 730 731 731 732 732 730 730 734 734 735 735 688 688 687 687 735 735 734 734 688 688 736 736 734 734 735 735 736 736 732 732 734 734 735 735 687 687 686 686 737 737 732 732 736 736 685 685 735 735 686 686 743 743 740 740 741 741 739 739 733 733 732 732 738 738 735 735 685 685 738 738 736 736 735 735 737 737 736 736 738 738 738 738 685 685 684 684 739 739 737 737 738 738 740 740 738 738 684 684 740 740 684 684 683 683 739 739 738 738 740 740 741 741 683 683 682 682 739 739 732 732 737 737 713 713 711 711 712 712 712 712 711 711 710 710 712 712 710 710 701 701 691 691 988 988 991 991 691 691 692 692 988 988 690 690 991 991 993 993 690 690 691 691 991 991 689 689 993 993 995 995 689 689 690 690 993 993 688 688 995 995 998 998 688 688 689 689 995 995 687 687 998 998 1000 1000 692 692 693 693 987 987 687 687 688 688 998 998 686 686 687 687 1000 1000 685 685 686 686 1003 1003 685 685 1003 1003 1004 1004 684 684 685 685 1004 1004 684 684 1004 1004 1006 1006 683 683 684 684 1006 1006 683 683 1006 1006 1007 1007 682 682 683 683 1007 1007 682 682 1007 1007 1011 1011 686 686 1000 1000 1003 1003 682 682 1011 1011 1013 1013 692 692 987 987 988 988 693 693 984 984 987 987 703 703 660 660 962 962 702 702 703 703 962 962 702 702 962 962 963 963 701 701 702 702 963 963 701 701 963 963 965 965 700 700 965 965 967 967 700 700 701 701 965 965 699 699 967 967 970 970 699 699 700 700 967 967 693 693 694 694 984 984 698 698 970 970 972 972 697 697 972 972 976 976 697 697 698 698 972 972 696 696 976 976 978 978 696 696 697 697 976 976 696 696 978 978 979 979 695 695 979 979 982 982 695 695 696 696 979 979 694 694 982 982 984 984 694 694 695 695 982 982 698 698 699 699 970 970 751 751 747 747 752 752 681 681 1013 1013 1015 1015 680 680 1015 1015 1018 1018 667 667 1047 1047 1049 1049 667 667 1044 1044 1047 1047 667 667 668 668 1044 1044 667 667 1049 1049 1050 1050 666 666 1050 1050 958 958 666 666 667 667 1050 1050 665 665 666 666 958 958 665 665 958 958 664 664 1074 1074 665 665 664 664 668 668 669 669 1041 1041 1074 1074 664 664 663 663 702 702 704 704 535 535 710 710 704 704 702 702 710 710 705 705 704 704 711 711 705 705 710 710 711 711 706 706 705 705 711 711 536 536 706 706 701 701 710 710 702 702 715 715 536 536 711 711 712 712 701 701 700 700 702 702 535 535 703 703 681 681 682 682 1013 1013 668 668 1041 1041 1044 1044 670 670 671 671 1039 1039 680 680 681 681 1015 1015 679 679 1018 1018 1019 1019 679 679 680 680 1018 1018 678 678 1019 1019 1022 1022 678 678 679 679 1019 1019 677 677 1022 1022 1024 1024 677 677 678 678 1022 1022 676 676 1024 1024 1025 1025 676 676 677 677 1024 1024 669 669 670 670 1041 1041 675 675 1025 1025 1030 1030 674 674 675 675 1030 1030 673 673 1030 1030 1033 1033 673 673 674 674 1030 1030 672 672 1033 1033 1035 1035 672 672 673 673 1033 1033 672 672 1035 1035 1037 1037 671 671 1037 1037 1039 1039 671 671 672 672 1037 1037 670 670 1039 1039 1041 1041 675 675 676 676 1025 1025 1025 1025 1024 1024 1023 1023 676 676 750 750 677 677 753 753 752 752 750 750 817 817 814 814 813 813 599 599 600 600 815 815 599 599 815 815 816 816 818 818 814 814 817 817 818 818 816 816 814 814 598 598 599 599 816 816 819 819 818 818 817 817 820 820 818 818 819 819 820 820 816 816 818 818 820 820 598 598 816 816 597 597 598 598 820 820 821 821 820 820 819 819 776 776 817 817 777 777 822 822 817 817 776 776 596 596 820 820 821 821 822 822 819 819 817 817 596 596 597 597 820 820 822 822 821 821 819 819 595 595 596 596 821 821 817 817 813 813 777 777 816 816 815 815 814 814 1071 1071 334 334 335 335 815 815 601 601 812 812 806 806 803 803 802 802 805 805 803 803 806 806 807 807 603 603 805 805 808 808 805 805 806 806 809 809 779 779 778 778 810 810 805 805 808 808 809 809 806 806 779 779 810 810 807 807 805 805 811 811 808 808 806 806 823 823 821 821 822 822 811 811 806 806 809 809 812 812 810 810 808 808 602 602 810 810 812 812 813 813 809 809 778 778 601 601 602 602 812 812 814 814 811 811 809 809 814 814 809 809 813 813 777 777 813 813 778 778 815 815 812 812 811 811 815 815 811 811 814 814 812 812 808 808 811 811 824 824 822 822 776 776 823 823 595 595 821 821 825 825 822 822 824 824 793 793 794 794 832 832 792 792 832 832 831 831 792 792 793 793 832 832 834 834 831 831 833 833 835 835 831 831 834 834 835 835 792 792 831 831 834 834 833 833 836 836 791 791 792 792 835 835 774 774 836 836 833 833 833 833 831 831 775 775 790 790 791 791 835 835 837 837 835 835 834 834 789 789 835 835 837 837 838 838 836 836 774 774 789 789 790 790 835 835 838 838 837 837 836 836 839 839 837 837 838 838 839 839 789 789 837 837 840 840 838 838 774 774 788 788 839 839 838 838 837 837 834 834 836 836 603 603 804 804 805 805 832 832 794 794 830 830 831 831 830 830 775 775 594 594 595 595 823 823 826 826 822 822 825 825 826 826 823 823 822 822 593 593 823 823 826 826 593 593 594 594 823 823 592 592 593 593 826 826 827 827 826 826 825 825 827 827 592 592 826 826 828 828 825 825 824 824 832 832 830 830 831 831 591 591 592 592 827 827 829 829 827 827 825 825 828 828 824 824 775 775 590 590 827 827 829 829 590 590 591 591 827 827 795 795 590 590 829 829 830 830 828 828 775 775 830 830 829 829 828 828 830 830 795 795 829 829 794 794 795 795 830 830 829 829 825 825 828 828 806 806 802 802 779 779 805 805 804 804 803 803 804 804 604 604 801 801 763 763 761 761 760 760 764 764 761 761 763 763 762 762 761 761 764 764 763 763 670 670 669 669 765 765 669 669 668 668 709 709 762 762 764 764 765 765 763 763 669 669 764 764 763 763 765 765 766 766 668 668 667 667 763 763 760 760 670 670 766 766 765 765 668 668 767 767 764 764 765 765 709 709 764 764 767 767 768 768 767 767 766 766 666 666 766 766 667 667 666 666 665 665 707 707 769 769 709 709 767 767 770 770 666 666 707 707 770 770 766 766 666 666 770 770 707 707 1095 1095 767 767 765 765 766 766 770 770 768 768 766 766 670 670 760 760 671 671 762 762 756 756 761 761 753 753 676 676 675 675 756 756 749 749 751 751 754 754 752 752 753 753 754 754 751 751 752 752 674 674 753 753 675 675 755 755 753 753 674 674 756 756 751 751 754 754 755 755 754 754 753 753 757 757 754 754 755 755 760 760 759 759 671 671 755 755 674 674 673 673 759 759 673 673 672 672 759 759 755 755 673 673 756 756 754 754 758 758 758 758 757 757 755 755 758 758 755 755 759 759 760 760 758 758 759 759 761 761 758 758 760 760 671 671 759 759 672 672 761 761 756 756 758 758 758 758 754 754 757 757 753 753 750 750 676 676 770 770 1095 1095 708 708 769 769 708 708 1093 1093 756 756 772 772 773 773 756 756 773 773 774 774 756 756 774 774 749 749 796 796 539 539 780 780 797 797 539 539 796 796 797 797 554 554 539 539 798 798 554 554 797 797 798 798 555 555 554 554 799 799 797 797 796 796 756 756 762 762 772 772 800 800 555 555 798 798 801 801 798 798 797 797 799 799 796 796 780 780 800 800 798 798 801 801 802 802 799 799 780 780 604 604 800 800 801 801 803 803 799 799 802 802 803 803 801 801 799 799 804 804 801 801 803 803 802 802 780 780 779 779 801 801 797 797 799 799 768 768 770 770 708 708 749 749 774 774 833 833 749 749 833 833 775 775 769 769 768 768 708 708 769 769 767 767 768 768 769 769 1093 1093 709 709 715 715 539 539 536 536 780 780 539 539 715 715 779 779 780 780 715 715 779 779 715 715 719 719 778 778 779 779 719 719 726 726 778 778 719 719 762 762 709 709 772 772 777 777 778 778 726 726 776 776 777 777 733 733 824 824 776 776 733 733 709 709 1093 1093 1098 1098 771 771 709 709 1098 1098 739 739 824 824 733 733 742 742 775 775 824 824 742 742 824 824 739 739 749 749 775 775 742 742 709 709 771 771 772 772 733 733 777 777 726 726 1026 1026 1020 1020 953 953 1027 1027 1020 1020 1026 1026 1027 1027 1023 1023 1020 1020 1258 1258 1257 1257 1255 1255 1259 1259 197 197 196 196 1260 1260 1256 1256 127 127 1261 1261 197 197 1259 1259 1261 1261 198 198 197 197 1259 1259 196 196 1257 1257 1262 1262 1257 1257 1258 1258 1263 1263 1256 1256 1260 1260 1263 1263 1258 1258 1256 1256 1264 1264 198 198 1261 1261 1265 1265 1257 1257 1262 1262 1265 1265 1259 1259 1257 1257 1263 1263 1262 1262 1258 1258 1264 1264 1261 1261 1259 1259 1266 1266 1262 1262 1263 1263 1267 1267 1260 1260 127 127 1268 1268 1259 1259 1265 1265 1268 1268 1264 1264 1259 1259 1269 1269 1265 1265 1262 1262 1258 1258 1255 1255 1256 1256 127 127 1256 1256 128 128 1256 1256 1255 1255 129 129 1257 1257 196 196 195 195 1222 1222 1221 1221 1246 1246 1222 1222 1246 1246 1245 1245 1223 1223 1222 1222 1245 1245 1223 1223 1245 1245 1244 1244 1243 1243 1223 1223 1244 1244 1243 1243 1244 1244 1251 1251 1243 1243 1251 1251 480 480 21 21 485 485 484 484 21 21 484 484 483 483 1270 1270 1260 1260 1267 1267 1249 1249 21 21 483 483 1250 1250 495 495 482 482 1250 1250 1249 1249 495 495 1250 1250 482 482 481 481 1251 1251 1250 1250 481 481 1251 1251 481 481 480 480 1255 1255 194 194 129 129 1255 1255 195 195 194 194 1256 1256 129 129 128 128 1257 1257 195 195 1255 1255 1249 1249 483 483 495 495 1271 1271 1264 1264 1268 1268 1270 1270 1263 1263 1260 1260 1267 1267 127 127 1272 1272 1285 1285 1278 1278 1272 1272 1286 1286 1272 1272 1282 1282 1283 1283 1278 1278 1285 1285 1287 1287 1279 1279 1281 1281 1288 1288 1281 1281 1280 1280 1286 1286 1285 1285 1272 1272 1289 1289 1279 1279 1287 1287 1290 1290 1280 1280 1283 1283 1289 1289 1284 1284 1279 1279 1280 1280 1278 1278 1283 1283 1290 1290 1288 1288 1280 1280 1291 1291 1285 1285 1286 1286 1292 1292 1290 1290 1283 1283 1292 1292 1283 1283 1285 1285 1077 1077 1284 1284 1289 1289 1293 1293 1282 1282 126 126 1294 1294 1288 1288 1290 1290 1295 1295 1289 1289 1287 1287 1286 1286 1282 1282 1293 1293 1296 1296 1288 1288 1294 1294 1288 1288 1287 1287 1281 1281 1221 1221 1220 1220 1247 1247 1279 1279 1276 1276 1281 1281 1284 1284 1277 1277 1274 1274 1269 1269 1268 1268 1265 1265 1273 1273 1262 1262 1266 1266 1273 1273 1269 1269 1262 1262 1274 1274 1268 1268 1269 1269 1275 1275 1263 1263 1270 1270 1275 1275 1266 1266 1263 1263 1272 1272 127 127 1282 1282 1274 1274 1271 1271 1268 1268 1273 1273 1266 1266 1275 1275 1281 1281 1275 1275 1280 1280 1276 1276 1269 1269 1273 1273 1277 1277 1271 1271 1274 1274 1278 1278 1267 1267 1272 1272 1278 1278 1270 1270 1267 1267 1280 1280 1275 1275 1270 1270 1280 1280 1270 1270 1278 1278 1281 1281 1273 1273 1275 1275 1279 1279 1274 1274 1276 1276 1281 1281 1276 1276 1273 1273 1284 1284 1274 1274 1279 1279 1276 1276 1274 1274 1269 1269 1221 1221 1247 1247 1246 1246 1220 1220 144 144 1248 1248 1220 1220 1248 1248 1247 1247 1215 1215 1213 1213 1212 1212 1216 1216 1213 1213 1215 1215 1216 1216 1214 1214 1213 1213 1205 1205 1215 1215 1204 1204 1205 1205 207 207 545 545 1215 1215 1205 1205 545 545 1215 1215 545 545 548 548 1216 1216 548 548 544 544 1216 1216 1215 1215 548 548 1215 1215 1212 1212 1204 1204 1214 1214 544 544 552 552 1206 1206 552 552 553 553 1206 1206 1214 1214 552 552 1206 1206 553 553 543 543 1200 1200 144 144 1224 1224 1200 1200 114 114 144 144 1201 1201 1224 1224 1225 1225 1201 1201 1200 1200 1224 1224 1201 1201 1225 1225 1219 1219 1202 1202 1201 1201 1219 1219 1214 1214 1216 1216 544 544 1203 1203 1202 1202 1219 1219 1206 1206 1124 1124 1214 1214 1214 1214 1124 1124 1125 1125 1128 1128 114 114 1200 1200 1207 1207 1127 1127 1128 1128 1207 1207 1128 1128 1200 1200 1208 1208 1207 1207 1200 1200 1208 1208 1200 1200 1201 1201 1209 1209 1127 1127 1207 1207 1209 1209 1126 1126 1127 1127 1202 1202 1208 1208 1201 1201 1208 1208 1209 1209 1207 1207 1204 1204 1212 1212 1203 1203 1210 1210 1126 1126 1209 1209 1210 1210 1125 1125 1126 1126 1210 1210 1209 1209 1211 1211 1203 1203 1208 1208 1202 1202 1212 1212 1211 1211 1208 1208 1212 1212 1208 1208 1203 1203 1213 1213 1210 1210 1211 1211 1213 1213 1125 1125 1210 1210 1212 1212 1213 1213 1211 1211 1214 1214 1125 1125 1213 1213 1211 1211 1209 1209 1208 1208 1296 1296 1287 1287 1288 1288 1203 1203 1219 1219 1218 1218 1204 1204 1218 1218 1217 1217 1223 1223 1233 1233 1222 1222 1235 1235 1217 1217 1218 1218 1238 1238 1234 1234 1232 1232 1238 1238 1232 1232 1233 1233 1236 1236 1235 1235 1230 1230 1237 1237 1236 1236 1234 1234 1238 1238 1237 1237 1234 1234 1239 1239 1217 1217 1235 1235 1241 1241 1235 1235 1236 1236 1236 1236 1230 1230 1234 1234 1238 1238 1233 1233 1223 1223 1240 1240 1239 1239 1235 1235 1241 1241 1240 1240 1235 1235 1243 1243 1238 1238 1223 1223 1242 1242 1237 1237 1238 1238 1242 1242 1238 1238 1243 1243 511 511 1236 1236 1237 1237 510 510 1237 1237 1242 1242 511 511 1241 1241 1236 1236 511 511 1237 1237 510 510 1239 1239 512 512 1217 1217 1204 1204 1203 1203 1218 1218 1235 1235 1231 1231 1230 1230 1234 1234 1229 1229 1232 1232 1205 1205 1204 1204 1217 1217 1205 1205 1217 1217 512 512 1224 1224 144 144 1220 1220 1225 1225 1224 1224 1220 1220 1226 1226 1225 1225 1220 1220 1227 1227 1220 1220 1221 1221 1226 1226 1220 1220 1227 1227 1228 1228 1219 1219 1225 1225 1228 1228 1225 1225 1226 1226 1235 1235 1218 1218 1231 1231 1229 1229 1228 1228 1226 1226 1222 1222 1227 1227 1221 1221 1229 1229 1226 1226 1227 1227 1230 1230 1219 1219 1228 1228 1231 1231 1219 1219 1230 1230 1218 1218 1219 1219 1231 1231 1229 1229 1227 1227 1232 1232 1232 1232 1227 1227 1222 1222 1233 1233 1232 1232 1222 1222 1234 1234 1230 1230 1229 1229 1230 1230 1228 1228 1229 1229 620 620 1124 1124 1206 1206 1077 1077 1289 1289 1295 1295 1297 1297 1292 1292 1285 1285 1349 1349 1343 1343 1352 1352 1123 1123 1339 1339 123 123 1350 1350 1345 1345 1351 1351 1353 1353 1352 1352 1348 1348 1351 1351 1347 1347 1354 1354 1354 1354 1339 1339 1123 1123 1354 1354 1347 1347 1339 1339 1355 1355 1352 1352 1353 1353 1356 1356 1352 1352 1355 1355 1356 1356 1349 1349 1352 1352 1357 1357 1350 1350 1351 1351 1358 1358 1351 1351 1354 1354 1354 1354 1123 1123 1122 1122 1357 1357 1353 1353 1350 1350 1085 1085 1349 1349 1356 1356 1085 1085 1084 1084 1349 1349 1359 1359 1353 1353 1357 1357 1359 1359 1355 1355 1353 1353 1360 1360 1357 1357 1351 1351 1084 1084 1083 1083 1346 1346 1084 1084 1346 1346 1349 1349 1353 1353 1348 1348 1350 1350 1352 1352 1343 1343 1348 1348 1338 1338 1334 1334 1340 1340 1336 1336 1341 1341 1335 1335 1343 1343 1331 1331 1341 1341 1343 1343 1340 1340 1331 1331 1344 1344 1341 1341 1336 1336 1345 1345 1336 1336 1332 1332 1345 1345 1332 1332 1342 1342 1343 1343 1338 1338 1340 1340 1083 1083 1337 1337 1338 1338 1360 1360 1351 1351 1358 1358 1346 1346 1338 1338 1343 1343 1344 1344 1336 1336 1345 1345 1347 1347 1342 1342 1339 1339 1083 1083 1338 1338 1346 1346 1348 1348 1343 1343 1344 1344 1349 1349 1346 1346 1343 1343 1350 1350 1344 1344 1345 1345 1351 1351 1345 1345 1342 1342 1351 1351 1342 1342 1347 1347 1350 1350 1348 1348 1344 1344 1343 1343 1341 1341 1344 1344 1358 1358 1354 1354 1110 1110 1359 1359 1356 1356 1355 1355 1122 1122 1110 1110 1354 1354 1253 1253 1365 1365 1252 1252 1367 1367 1112 1112 1113 1113 1364 1364 1111 1111 1368 1368 1254 1254 1111 1111 1364 1364 1254 1254 1110 1110 1111 1111 344 344 1101 1101 1369 1369 1365 1365 344 344 1369 1369 1366 1366 1365 1365 1369 1369 1366 1366 1369 1369 1076 1076 1367 1367 1113 1113 344 344 1370 1370 1088 1088 1089 1089 1075 1075 1370 1370 1089 1089 1369 1369 1100 1100 1370 1370 1076 1076 1369 1369 1370 1370 1076 1076 1370 1370 1075 1075 1087 1087 1088 1088 1370 1370 1100 1100 1087 1087 1370 1370 1101 1101 1100 1100 1369 1369 341 341 336 336 334 334 1071 1071 341 341 334 334 1075 1075 1089 1089 1090 1090 123 123 1339 1339 124 124 1367 1367 344 344 1365 1365 1368 1368 1253 1253 1364 1364 1361 1361 1085 1085 1356 1356 1362 1362 1356 1356 1359 1359 1360 1360 1359 1359 1357 1357 1362 1362 1361 1361 1356 1356 1254 1254 1358 1358 1110 1110 1363 1363 1362 1362 1359 1359 1254 1254 1360 1360 1358 1358 1364 1364 1360 1360 1254 1254 1363 1363 1361 1361 1362 1362 1111 1111 1112 1112 1368 1368 1086 1086 1361 1361 1363 1363 1253 1253 1360 1360 1364 1364 1253 1253 1363 1363 1359 1359 1252 1252 1363 1363 1253 1253 1252 1252 1086 1086 1363 1363 1366 1366 1086 1086 1252 1252 1252 1252 1365 1365 1366 1366 1253 1253 1367 1367 1365 1365 1368 1368 1367 1367 1253 1253 1368 1368 1112 1112 1367 1367 1253 1253 1359 1359 1360 1360 1342 1342 124 124 1339 1339 1342 1342 1332 1332 124 124 1338 1338 1337 1337 1334 1334 1310 1310 1298 1298 1306 1306 1308 1308 1306 1306 1304 1304 1311 1311 1307 1307 1305 1305 1312 1312 1293 1293 1302 1302 1313 1313 1306 1306 1308 1308 1310 1310 1078 1078 1303 1303 1312 1312 1309 1309 1293 1293 1314 1314 1301 1301 1309 1309 1314 1314 1305 1305 1301 1301 1310 1310 1303 1303 1298 1298 1079 1079 1078 1078 1310 1310 1315 1315 1308 1308 1307 1307 1316 1316 1310 1310 1313 1313 1311 1311 1305 1305 1314 1314 1315 1315 1313 1313 1308 1308 1317 1317 1307 1307 1311 1311 1079 1079 1310 1310 1316 1316 125 125 1302 1302 126 126 1318 1318 1309 1309 1312 1312 1317 1317 1315 1315 1307 1307 1313 1313 1310 1310 1306 1306 1314 1314 1317 1317 1311 1311 1309 1309 1301 1301 1293 1293 1301 1301 1305 1305 1291 1291 1295 1295 1287 1287 1296 1296 1298 1298 1296 1296 1294 1294 1297 1297 1285 1285 1291 1291 1299 1299 1077 1077 1295 1295 1300 1300 1294 1294 1292 1292 1301 1301 1291 1291 1286 1286 1301 1301 1286 1286 1293 1293 1302 1302 1293 1293 126 126 1300 1300 1298 1298 1294 1294 1308 1308 1304 1304 1307 1307 1303 1303 1296 1296 1298 1298 1304 1304 1292 1292 1297 1297 1303 1303 1299 1299 1295 1295 1304 1304 1300 1300 1292 1292 1305 1305 1297 1297 1291 1291 1078 1078 1299 1299 1303 1303 1306 1306 1300 1300 1304 1304 1307 1307 1304 1304 1297 1297 1307 1307 1297 1297 1305 1305 1306 1306 1298 1298 1300 1300 1303 1303 1295 1295 1296 1296 1294 1294 1290 1290 1292 1292 1318 1318 1314 1314 1309 1309 1080 1080 1079 1079 1316 1316 1328 1328 1323 1323 1330 1330 1082 1082 1081 1081 1328 1328 1330 1330 1321 1321 1329 1329 1331 1331 1329 1329 1326 1326 124 124 1322 1322 125 125 1332 1332 1322 1322 124 124 1333 1333 1329 1329 1331 1331 1334 1334 1328 1328 1330 1330 1335 1335 1326 1326 1327 1327 1328 1328 1081 1081 1320 1320 1333 1333 1330 1330 1329 1329 1331 1331 1326 1326 1335 1335 1336 1336 1327 1327 1332 1332 1337 1337 1328 1328 1334 1334 1334 1334 1330 1330 1333 1333 1335 1335 1327 1327 1336 1336 1337 1337 1082 1082 1328 1328 1340 1340 1333 1333 1331 1331 1341 1341 1331 1331 1335 1335 1340 1340 1334 1334 1333 1333 1332 1332 1327 1327 1322 1322 1319 1319 1314 1314 1318 1318 1330 1330 1323 1323 1324 1324 1329 1329 1321 1321 1319 1319 1320 1320 1316 1316 1313 1313 1320 1320 1313 1313 1315 1315 1321 1321 1314 1314 1319 1319 1322 1322 1312 1312 1302 1302 1322 1322 1302 1302 125 125 1323 1323 1315 1315 1317 1317 1324 1324 1314 1314 1321 1321 1324 1324 1317 1317 1314 1314 1325 1325 1312 1312 1322 1322 1327 1327 1326 1326 1325 1325 1325 1325 1318 1318 1312 1312 1320 1320 1315 1315 1323 1323 1323 1323 1317 1317 1324 1324 1326 1326 1319 1319 1318 1318 1326 1326 1318 1318 1325 1325 1081 1081 1080 1080 1320 1320 1327 1327 1325 1325 1322 1322 1328 1328 1320 1320 1323 1323 1329 1329 1319 1319 1326 1326 1330 1330 1324 1324 1321 1321 1080 1080 1316 1316 1320 1320 521 521 522 522 659 659 620 620 1199 1199 1124 1124 620 620 619 619 1197 1197 1082 1082 217 217 218 218 1337 1337 217 217 1082 1082 1337 1337 216 216 217 217 1083 1083 216 216 1337 1337 1083 1083 215 215 216 216 1084 1084 215 215 1083 1083 1084 1084 214 214 215 215 1085 1085 214 214 1084 1084 1085 1085 213 213 214 214 1361 1361 213 213 1085 1085 1361 1361 212 212 213 213 1086 1086 212 212 1361 1361 1072 1072 335 335 212 212 1076 1076 1072 1072 212 212 1076 1076 212 212 1086 1086 1075 1075 1072 1072 1076 1076 1075 1075 663 663 1072 1072 1366 1366 1076 1076 1086 1086 1074 1074 663 663 1075 1075 1082 1082 219 219 1081 1081 1082 1082 218 218 219 219 1081 1081 219 219 1080 1080 1080 1080 219 219 220 220 1053 1053 1072 1072 663 663 1053 1053 1052 1052 1072 1072 198 198 228 228 199 199 1264 1264 228 228 198 198 1264 1264 227 227 228 228 1271 1271 227 227 1264 1264 1271 1271 226 226 227 227 1277 1277 226 226 1271 1271 1277 1277 225 225 226 226 1090 1090 1074 1074 1075 1075 1284 1284 225 225 1277 1277 1077 1077 224 224 1284 1284 1077 1077 223 223 224 224 1299 1299 223 223 1077 1077 1299 1299 222 222 223 223 1078 1078 222 222 1299 1299 1078 1078 221 221 222 222 1079 1079 221 221 1078 1078 1079 1079 220 220 221 221 1080 1080 220 220 1079 1079 1284 1284 224 224 225 225 1094 1094 1095 1095 1090 1090 1094 1094 1090 1090 1089 1089 665 665 1074 1074 707 707 1104 1104 782 782 781 781 1097 1097 1102 1102 1103 1103 1097 1097 1096 1096 1102 1102 1097 1097 1103 1103 1105 1105 1098 1098 1105 1105 781 781 783 783 1104 1104 886 886 783 783 782 782 1104 1104 622 622 1107 1107 1106 1106 622 622 1106 1106 621 621 1104 1104 781 781 1105 1105 622 622 1102 1102 1107 1107 342 342 1106 1106 1107 1107 1099 1099 342 342 1107 1107 1096 1096 1099 1099 1107 1107 1096 1096 1107 1107 1102 1102 342 342 343 343 1108 1108 1106 1106 342 342 1108 1108 1106 1106 1108 1108 1109 1109 621 621 1106 1106 1109 1109 621 621 1109 1109 1118 1118 622 622 623 623 1102 1102 1062 1062 1073 1073 1051 1051 1104 1104 1103 1103 886 886 886 886 1103 1103 623 623 1088 1088 1087 1087 1091 1091 1092 1092 1088 1088 1091 1091 1092 1092 1094 1094 1089 1089 1092 1092 1089 1089 1088 1088 707 707 1074 1074 1090 1090 1094 1094 1092 1092 1093 1093 1094 1094 1093 1093 708 708 707 707 1090 1090 1095 1095 708 708 1095 1095 1094 1094 1104 1104 1105 1105 1103 1103 1099 1099 1100 1100 1101 1101 1099 1099 1087 1087 1100 1100 1096 1096 1087 1087 1099 1099 1096 1096 1091 1091 1087 1087 1097 1097 1091 1091 1096 1096 1105 1105 1091 1091 1097 1097 1105 1105 1092 1092 1091 1091 1098 1098 1092 1092 1105 1105 1098 1098 1093 1093 1092 1092 1103 1103 1102 1102 623 623 1099 1099 1101 1101 342 342 1073 1073 341 341 1071 1071 1052 1052 1071 1071 1072 1072 1052 1052 1073 1073 1071 1071 1042 1042 1038 1038 951 951 1042 1042 1040 1040 1038 1038 1043 1043 1040 1040 1042 1042 1043 1043 1041 1041 1040 1040 1044 1044 1041 1041 1043 1043 1045 1045 1042 1042 951 951 1046 1046 1042 1042 1045 1045 1046 1046 1043 1043 1042 1042 1047 1047 1043 1043 1046 1046 1041 1041 1039 1039 1040 1040 1047 1047 1044 1044 1043 1043 1049 1049 1046 1046 1048 1048 1049 1049 1047 1047 1046 1046 1045 1045 951 951 1056 1056 1045 1045 1056 1056 957 957 1048 1048 1045 1045 957 957 1048 1048 957 957 1058 1058 1050 1050 1049 1049 1048 1048 1050 1050 1048 1048 1058 1058 1050 1050 1058 1058 958 958 1048 1048 1046 1046 1045 1045 1057 1057 1052 1052 1053 1053 1040 1040 1039 1039 1036 1036 1038 1038 952 952 951 951 1028 1028 1023 1023 1027 1027 1029 1029 1023 1023 1028 1028 1029 1029 1025 1025 1023 1023 1030 1030 1025 1025 1029 1029 1031 1031 1027 1027 1026 1026 1031 1031 1028 1028 1027 1027 1032 1032 1028 1028 1031 1031 1032 1032 1029 1029 1028 1028 1033 1033 1029 1029 1032 1032 1040 1040 1036 1036 1038 1038 1034 1034 1026 1026 952 952 1033 1033 1030 1030 1029 1029 1032 1032 1031 1031 1034 1034 1035 1035 1033 1033 1032 1032 1036 1036 1032 1032 1034 1034 1036 1036 1035 1035 1032 1032 1037 1037 1035 1035 1036 1036 1038 1038 1034 1034 952 952 1036 1036 1034 1034 1038 1038 1039 1039 1037 1037 1036 1036 1034 1034 1031 1031 1026 1026 1119 1119 1115 1115 1116 1116 1058 1058 1057 1057 1053 1053 664 664 1053 1053 663 663 1069 1069 1066 1066 1067 1067 885 885 1069 1069 1067 1067 1065 1065 1068 1068 1059 1059 1065 1065 1066 1066 1068 1068 1067 1067 890 890 885 885 1068 1068 1060 1060 1059 1059 1060 1060 1064 1064 1061 1061 1064 1064 1060 1060 1068 1068 1064 1064 1068 1068 1069 1069 1069 1069 1068 1068 1066 1066 624 624 1064 1064 1069 1069 624 624 1070 1070 1064 1064 349 349 1070 1070 624 624 349 349 348 348 1070 1070 1063 1063 1061 1061 1064 1064 1063 1063 1064 1064 1070 1070 1063 1063 1070 1070 348 348 624 624 625 625 349 349 347 347 1063 1063 348 348 1052 1052 1051 1051 1073 1073 624 624 1069 1069 885 885 1054 1054 1062 1062 1051 1051 1065 1065 1059 1059 888 888 1067 1067 1066 1066 889 889 664 664 1058 1058 1053 1053 1058 1058 957 957 1057 1057 1051 1051 1057 1057 1055 1055 1051 1051 1055 1055 1054 1054 1051 1051 1052 1052 1057 1057 1057 1057 957 957 1056 1056 1057 1057 1056 1056 1055 1055 1058 1058 664 664 958 958 341 341 1063 1063 347 347 1067 1067 889 889 890 890 1073 1073 1063 1063 341 341 1062 1062 1061 1061 1063 1063 1054 1054 1060 1060 1061 1061 1054 1054 1061 1061 1062 1062 1059 1059 1060 1060 1054 1054 1055 1055 1059 1059 1054 1054 1055 1055 888 888 1059 1059 1056 1056 888 888 1055 1055 1065 1065 888 888 889 889 1066 1066 1065 1065 889 889 1062 1062 1063 1063 1073 1073 620 620 1197 1197 1199 1199 1116 1116 1120 1120 1119 1119 1117 1117 1121 1121 1116 1116 1175 1175 1166 1166 116 116 1176 1176 1171 1171 1172 1172 1175 1175 1170 1170 1166 1166 1177 1177 1170 1170 1175 1175 1176 1176 612 612 1171 1171 1176 1176 1172 1172 1174 1174 613 613 612 612 1176 1176 1177 1177 1173 1173 1170 1170 1178 1178 1173 1173 1177 1177 1178 1178 1174 1174 1173 1173 1175 1175 116 116 1179 1179 1180 1180 1176 1176 1174 1174 1181 1181 1174 1174 1178 1178 1182 1182 1177 1177 1175 1175 1180 1180 613 613 1176 1176 1180 1180 1174 1174 1181 1181 614 614 613 613 1180 1180 1182 1182 1175 1175 1179 1179 1183 1183 1177 1177 1182 1182 1174 1174 1172 1172 1168 1168 1174 1174 1168 1168 1173 1173 116 116 1166 1166 117 117 612 612 611 611 1171 1171 1165 1165 1164 1164 1155 1155 610 610 609 609 1159 1159 610 610 1159 1159 1163 1163 1167 1167 1160 1160 1164 1164 1167 1167 1162 1162 1160 1160 1168 1168 1164 1164 1165 1165 1167 1167 1163 1163 1162 1162 1169 1169 1163 1163 1167 1167 1167 1167 1164 1164 1168 1168 1183 1183 1178 1178 1177 1177 1170 1170 1161 1161 1166 1166 1166 1166 118 118 117 117 1171 1171 1169 1169 1167 1167 611 611 1163 1163 1169 1169 611 611 610 610 1163 1163 1172 1172 1167 1167 1168 1168 1171 1171 611 611 1169 1169 1171 1171 1167 1167 1172 1172 1173 1173 1168 1168 1165 1165 1173 1173 1165 1165 1170 1170 1165 1165 1161 1161 1170 1170 1184 1184 1180 1180 1181 1181 1185 1185 1181 1181 1178 1178 1185 1185 1178 1178 1183 1183 1194 1194 617 617 1189 1189 1194 1194 1190 1190 1195 1195 1196 1196 1191 1191 1193 1193 618 618 617 617 1194 1194 1193 1193 114 114 1128 1128 1196 1196 1192 1192 1191 1191 1193 1193 1128 1128 1127 1127 1197 1197 1194 1194 1195 1195 1196 1196 1193 1193 1127 1127 114 114 1193 1193 115 115 1198 1198 1195 1195 1192 1192 1196 1196 1127 1127 1126 1126 1197 1197 1195 1195 1198 1198 619 619 618 618 1194 1194 619 619 1194 1194 1197 1197 1198 1198 1196 1196 1126 1126 1198 1198 1126 1126 1125 1125 1199 1199 1197 1197 1198 1198 1199 1199 1198 1198 1125 1125 1199 1199 1125 1125 1124 1124 1198 1198 1192 1192 1196 1196 1166 1166 119 119 118 118 1193 1193 1191 1191 1187 1187 1195 1195 1188 1188 1192 1192 1186 1186 1182 1182 1179 1179 1187 1187 1179 1179 115 115 1184 1184 1181 1181 1185 1185 615 615 1180 1180 1184 1184 615 615 614 614 1180 1180 1186 1186 1179 1179 1187 1187 1188 1188 1183 1183 1182 1182 1188 1188 1182 1182 1186 1186 1189 1189 1184 1184 1185 1185 1195 1195 1190 1190 1188 1188 616 616 615 615 1184 1184 1190 1190 1185 1185 1183 1183 1191 1191 1186 1186 1187 1187 1189 1189 1185 1185 1190 1190 616 616 1184 1184 1189 1189 1192 1192 1188 1188 1186 1186 1192 1192 1186 1186 1191 1191 1193 1193 1187 1187 115 115 1194 1194 1189 1189 1190 1190 617 617 616 616 1189 1189 1190 1190 1183 1183 1188 1188 1166 1166 1161 1161 119 119 1165 1165 1155 1155 1161 1161 1164 1164 1160 1160 1156 1156 1136 1136 1133 1133 1130 1130 1134 1134 1130 1130 1129 1129 1134 1134 1129 1129 1132 1132 1135 1135 1117 1117 1133 1133 1137 1137 1131 1131 122 122 1138 1138 1132 1132 1131 1131 1136 1136 1130 1130 1134 1134 605 605 1118 1118 1117 1117 605 605 1117 1117 1135 1135 1133 1133 1117 1117 1116 1116 1138 1138 1131 1131 1137 1137 1140 1140 1133 1133 1136 1136 1141 1141 1132 1132 1138 1138 1141 1141 1134 1134 1132 1132 1142 1142 1138 1138 1137 1137 1140 1140 1135 1135 1133 1133 1141 1141 1136 1136 1134 1134 1143 1143 1136 1136 1141 1141 1139 1139 1142 1142 1137 1137 606 606 1135 1135 1140 1140 1137 1137 122 122 1139 1139 606 606 605 605 1135 1135 1133 1133 1116 1116 1115 1115 1132 1132 1129 1129 1131 1131 1109 1109 1108 1108 1121 1121 1114 1114 1111 1111 1110 1110 1120 1120 343 343 1113 1113 1120 1120 1121 1121 1108 1108 1108 1108 343 343 1120 1120 1118 1118 1121 1121 1117 1117 1118 1118 1109 1109 1121 1121 1119 1119 1114 1114 1115 1115 1119 1119 1111 1111 1114 1114 1133 1133 1115 1115 1130 1130 1119 1119 1112 1112 1111 1111 1112 1112 1120 1120 1113 1113 1129 1129 1114 1114 1110 1110 1131 1131 1129 1129 1110 1110 1130 1130 1115 1115 1114 1114 1130 1130 1114 1114 1129 1129 122 122 1123 1123 123 123 1131 1131 1110 1110 1122 1122 122 122 1122 1122 1123 1123 1131 1131 1122 1122 122 122 1112 1112 1119 1119 1120 1120 1121 1121 1120 1120 1116 1116 1144 1144 1141 1141 1138 1138 1143 1143 1140 1140 1136 1136 1156 1156 1149 1149 1155 1155 1157 1157 1151 1151 1148 1148 1157 1157 1148 1148 1154 1154 1158 1158 1154 1154 1152 1152 1156 1156 1152 1152 1149 1149 1159 1159 1151 1151 1157 1157 1159 1159 1153 1153 1151 1151 1160 1160 1152 1152 1156 1156 1158 1158 1157 1157 1154 1154 120 120 1150 1150 121 121 1161 1161 1150 1150 120 120 609 609 608 608 1153 1153 609 609 1153 1153 1159 1159 1158 1158 1152 1152 1160 1160 1161 1161 1155 1155 1150 1150 1162 1162 1157 1157 1158 1158 1163 1163 1157 1157 1162 1162 1164 1164 1156 1156 1155 1155 1162 1162 1158 1158 1160 1160 1163 1163 1159 1159 1157 1157 1161 1161 120 120 119 119 121 121 1139 1139 122 122 1155 1155 1149 1149 1150 1150 1154 1154 1145 1145 1152 1152 1145 1145 1138 1138 1142 1142 1145 1145 1144 1144 1138 1138 1146 1146 1143 1143 1141 1141 1147 1147 1140 1140 1143 1143 607 607 606 606 1140 1140 1149 1149 1142 1142 1139 1139 1147 1147 607 607 1140 1140 1148 1148 1141 1141 1144 1144 1145 1145 1142 1142 1149 1149 1154 1154 1148 1148 1145 1145 1146 1146 1141 1141 1148 1148 1151 1151 1143 1143 1146 1146 1148 1148 1144 1144 1145 1145 1150 1150 1149 1149 1139 1139 1152 1152 1145 1145 1149 1149 1153 1153 1143 1143 1151 1151 1153 1153 1147 1147 1143 1143 1151 1151 1146 1146 1148 1148 608 608 607 607 1147 1147 608 608 1147 1147 1153 1153 1150 1150 1139 1139 121 121 521 521 659 659 660 660 600 600 601 601 815 815 662 662 661 661 655 655 291 291 285 285 283 283 292 292 218 218 217 217 288 288 3 3 2 2 290 290 287 287 284 284 289 289 281 281 280 280 286 286 282 282 218 218 291 291 283 283 286 286 290 290 284 284 285 285 289 289 280 280 287 287 288 288 2 2 281 281 286 286 283 283 279 279 287 287 280 280 284 284 218 218 282 282 219 219 289 289 288 288 281 281 286 286 279 279 282 282 285 285 278 278 283 283 284 284 280 280 276 276 281 281 273 273 280 280 279 279 275 275 282 282 2 2 271 271 281 281 284 284 276 276 278 278 283 283 278 278 277 277 281 281 271 271 274 274 283 283 277 277 279 279 278 278 276 276 272 272 282 282 275 275 220 220 282 282 220 220 219 219 281 281 274 274 273 273 284 284 278 278 285 285 291 291 290 290 285 285 293 293 218 218 292 292 293 293 286 286 218 218 307 307 303 303 215 215 305 305 304 304 300 300 306 306 299 299 304 304 305 305 300 300 302 302 215 215 303 303 216 216 303 303 302 302 298 298 302 302 300 300 294 294 304 304 299 299 296 296 303 303 298 298 216 216 304 304 296 296 300 300 302 302 294 294 298 298 301 301 295 295 299 299 297 297 3 3 288 288 296 296 291 291 300 300 216 216 298 298 292 292 301 301 297 297 288 288 301 301 288 288 289 289 299 299 295 295 290 290 301 301 289 289 295 295 300 300 291 291 294 294 299 299 290 290 296 296 298 298 294 294 293 293 216 216 292 292 217 217 298 298 293 293 292 292 294 294 291 291 286 286 296 296 290 290 291 291 295 295 287 287 290 290 295 295 289 289 287 287 294 294 286 286 293 293 280 280 273 273 276 276 279 279 277 277 275 275 278 278 272 272 277 277 274 274 265 265 273 273 263 263 256 256 260 260 1 1 255 255 259 259 260 260 256 256 254 254 261 261 223 223 222 222 257 257 252 252 258 258 1 1 0 0 255 255 260 260 254 254 251 251 260 260 251 251 223 223 258 258 252 252 253 253 259 259 255 255 250 250 259 259 250 250 257 257 258 258 253 253 256 256 257 257 250 250 252 252 256 256 253 253 247 247 252 252 248 248 253 253 255 255 0 0 245 245 256 256 247 247 254 254 253 253 248 248 249 249 223 223 251 251 224 224 252 252 250 250 246 246 255 255 245 245 250 250 254 254 247 247 224 224 254 254 224 224 251 251 253 253 249 249 247 247 252 252 246 246 248 248 250 250 245 245 244 244 248 248 242 242 249 249 250 250 244 244 246 246 247 247 225 225 224 224 264 264 260 260 223 223 297 297 4 4 3 3 264 264 223 223 261 261 263 263 258 258 256 256 277 277 272 272 270 270 276 276 273 273 268 268 277 277 270 270 267 267 277 277 267 267 275 275 276 276 268 268 269 269 271 271 1 1 274 274 274 274 1 1 266 266 276 276 269 269 272 272 275 275 267 267 220 220 274 274 266 266 265 265 273 273 265 265 268 268 220 220 267 267 221 221 272 272 269 269 264 264 268 268 263 263 269 269 272 272 264 264 270 270 265 265 262 262 268 268 271 271 2 2 1 1 270 270 264 264 267 267 269 269 263 263 264 264 268 268 262 262 263 263 267 267 264 264 261 261 1 1 259 259 266 266 267 267 261 261 222 222 267 267 222 222 221 221 266 266 259 259 265 265 263 263 260 260 264 264 262 262 258 258 263 263 265 265 259 259 257 257 265 265 257 257 262 262 262 262 257 257 258 258 306 306 301 301 299 299 308 308 302 302 303 303 308 308 303 303 307 307 350 350 345 345 346 346 340 340 345 345 355 355 356 356 333 333 357 357 356 356 332 332 333 333 356 356 352 352 353 353 356 356 355 355 351 351 356 356 351 351 352 352 356 356 357 357 355 355 346 346 349 349 625 625 346 346 345 345 349 349 345 345 348 348 349 349 345 345 340 340 347 347 345 345 347 347 348 348 1113 1113 343 343 344 344 343 343 342 342 344 344 344 344 342 342 1101 1101 347 347 340 340 341 341 341 341 340 340 336 336 340 340 333 333 336 336 335 335 334 334 231 231 231 231 334 334 339 339 336 336 339 339 334 334 336 336 338 338 339 339 229 229 337 337 209 209 338 338 336 336 333 333 209 209 337 337 332 332 231 231 339 339 230 230 339 339 338 338 230 230 230 230 337 337 331 331 357 357 340 340 355 355 230 230 338 338 337 337 357 357 333 333 340 340 351 351 345 345 350 350 387 387 210 210 386 386 384 384 378 378 385 385 386 386 210 210 354 354 381 381 379 379 384 384 385 385 377 377 382 382 383 383 373 373 372 372 386 386 354 354 381 381 385 385 378 378 377 377 384 384 379 379 378 378 210 210 209 209 354 354 383 383 382 382 380 380 383 383 380 380 373 373 382 382 377 377 380 380 377 377 376 376 380 380 381 381 354 354 379 379 379 379 352 352 378 378 379 379 354 354 353 353 380 380 376 376 374 374 380 380 374 374 373 373 379 379 353 353 352 352 378 378 352 352 351 351 378 378 351 351 377 377 377 377 350 350 376 376 377 377 351 351 350 350 376 376 350 350 374 374 374 374 350 350 346 346 354 354 209 209 332 332 354 354 356 356 353 353 354 354 332 332 356 356 351 351 355 355 345 345 246 246 243 243 248 248 337 337 229 229 331 331 337 337 333 333 332 332 319 319 314 314 321 321 322 322 311 311 313 313 322 322 313 313 319 319 321 321 314 314 318 318 320 320 316 316 311 311 317 317 312 312 213 213 318 318 314 314 315 315 319 319 313 313 314 314 318 318 315 315 317 317 213 213 312 312 214 214 317 317 315 315 312 312 314 314 308 308 315 315 313 313 310 310 314 314 316 316 309 309 306 306 316 316 306 306 311 311 313 313 311 311 305 305 315 315 308 308 307 307 309 309 4 4 297 297 315 315 307 307 312 312 314 314 310 310 308 308 313 313 305 305 310 310 312 312 307 307 215 215 310 310 305 305 302 302 312 312 215 215 214 214 311 311 304 304 305 305 311 311 306 306 304 304 297 297 301 301 309 309 310 310 302 302 308 308 309 309 301 301 306 306 323 323 309 309 316 316 337 337 338 338 333 333 324 324 317 317 213 213 309 309 323 323 4 4 210 210 229 229 209 209 211 211 329 329 210 210 210 210 330 330 229 229 229 229 330 330 327 327 229 229 327 327 328 328 229 229 328 328 331 331 210 210 329 329 330 330 211 211 323 323 329 329 331 331 328 328 326 326 331 331 326 326 230 230 330 330 329 329 325 325 329 329 323 323 320 320 230 230 326 326 231 231 330 330 325 325 327 327 231 231 326 326 324 324 329 329 320 320 322 322 329 329 322 322 325 325 231 231 212 212 335 335 231 231 324 324 212 212 328 328 327 327 321 321 328 328 318 318 326 326 328 328 321 321 318 318 327 327 325 325 319 319 323 323 316 316 320 320 327 327 319 319 321 321 324 324 213 213 212 212 325 325 322 322 319 319 326 326 318 318 324 324 324 324 318 318 317 317 320 320 311 311 322 322 211 211 210 210 387 387 0 0 240 240 245 245 249 249 241 241 247 247 5 5 69 69 68 68 5 5 68 68 67 67 5 5 67 67 66 66 12 12 31 31 13 13 12 12 32 32 31 31 13 13 31 31 30 30 35 35 79 79 36 36 36 36 79 79 80 80 76 76 77 77 78 78 76 76 75 75 77 77 13 13 29 29 14 14 13 13 30 30 29 29 75 75 74 74 77 77 5 5 204 204 69 69 36 36 81 81 37 37 69 69 204 204 70 70 29 29 40 40 14 14 37 37 81 81 38 38 74 74 96 96 77 77 74 74 73 73 96 96 70 70 204 204 63 63 70 70 63 63 71 71 40 40 15 15 14 14 71 71 63 63 94 94 73 73 72 72 96 96 38 38 81 81 82 82 38 38 82 82 39 39 40 40 83 83 15 15 36 36 80 80 81 81 12 12 33 33 32 32 6 6 5 5 66 66 6 6 66 66 65 65 165 165 166 166 143 143 165 165 143 143 126 126 125 125 1248 1248 120 120 125 125 120 120 124 124 124 124 120 120 121 121 124 124 121 121 122 122 123 123 124 124 122 122 120 120 1248 1248 119 119 119 119 1248 1248 118 118 118 118 1248 1248 117 117 117 117 1248 1248 116 116 114 114 115 115 144 144 116 116 1248 1248 1179 1179 144 144 115 115 1248 1248 115 115 1179 1179 1248 1248 20 20 3 3 21 21 8 8 78 78 9 9 8 8 7 7 78 78 9 9 78 78 79 79 7 7 76 76 78 78 9 9 79 79 35 35 9 9 35 35 10 10 10 10 35 35 34 34 7 7 64 64 76 76 7 7 6 6 64 64 10 10 34 34 11 11 11 11 34 34 33 33 6 6 65 65 64 64 11 11 33 33 12 12 72 72 95 95 96 96 71 71 94 94 72 72 40 40 39 39 83 83 72 72 94 94 95 95 44 44 19 19 18 18 53 53 0 0 1 1 44 44 43 43 19 19 53 53 1 1 54 54 43 43 20 20 19 19 43 43 42 42 20 20 57 57 41 41 51 51 54 54 2 2 55 55 54 54 1 1 2 2 57 57 56 56 41 41 41 41 56 56 2 2 55 55 2 2 56 56 42 42 41 41 20 20 41 41 2 2 20 20 20 20 2 2 3 3 3 3 4 4 23 23 3 3 23 23 21 21 4 4 22 22 23 23 4 4 323 323 22 22 323 323 387 387 22 22 211 211 387 387 323 323 23 23 421 421 21 21 421 421 24 24 21 21 24 24 25 25 21 21 25 25 26 26 21 21 26 26 27 27 21 21 27 27 28 28 21 21 375 375 485 485 453 453 485 485 21 21 453 453 52 52 0 0 53 53 165 165 126 126 1282 1282 45 45 44 44 18 18 204 204 0 0 52 52 39 39 82 82 83 83 15 15 83 83 16 16 16 16 83 83 84 84 84 84 17 17 16 16 94 94 63 63 93 93 84 84 47 47 17 17 93 93 63 63 62 62 84 84 85 85 47 47 93 93 61 61 92 92 93 93 62 62 61 61 85 85 48 48 47 47 85 85 86 86 48 48 92 92 61 61 91 91 17 17 47 47 46 46 91 91 61 61 60 60 86 86 49 49 48 48 86 86 87 87 49 49 91 91 60 60 59 59 91 91 59 59 90 90 17 17 46 46 18 18 87 87 50 50 49 49 87 87 88 88 50 50 90 90 59 59 58 58 90 90 58 58 89 89 88 88 51 51 50 50 88 88 89 89 51 51 89 89 57 57 51 51 89 89 58 58 57 57 204 204 52 52 63 63 46 46 45 45 18 18 181 181 165 165 1282 1282 182 182 165 165 181 181 180 180 181 181 1282 1282 232 232 201 201 200 200 1205 1205 512 512 207 207 512 512 208 208 207 207 206 206 479 479 205 205 206 206 514 514 479 479 662 662 643 643 644 644 126 126 1248 1248 125 125 143 143 1248 1248 126 126 133 133 99 99 132 132 133 133 100 100 99 99 132 132 99 99 187 187 133 133 134 134 145 145 133 133 145 145 100 100 132 132 187 187 188 188 132 132 188 188 131 131 134 134 157 157 145 145 134 134 135 135 157 157 131 131 188 188 189 189 131 131 189 189 130 130 135 135 156 156 157 157 135 135 155 155 156 156 130 130 189 189 190 190 135 135 136 136 155 155 130 130 190 190 191 191 136 136 154 154 155 155 130 130 192 192 129 129 130 130 191 191 192 192 136 136 153 153 154 154 136 136 137 137 153 153 232 232 200 200 199 199 137 137 152 152 153 153 233 233 201 201 232 232 235 235 201 201 233 233 248 248 243 243 242 242 244 244 238 238 246 246 245 245 240 240 237 237 247 247 239 239 225 225 247 247 241 241 239 239 246 246 238 238 243 243 245 245 237 237 244 244 244 244 237 237 235 235 243 243 238 238 236 236 225 225 239 239 226 226 244 244 235 235 238 238 240 240 0 0 204 204 243 243 236 236 242 242 242 242 236 236 234 234 242 242 234 234 241 241 241 241 234 234 239 239 240 240 204 204 203 203 235 235 233 233 238 238 239 239 234 234 227 227 240 240 203 203 237 237 239 239 227 227 226 226 238 238 232 232 236 236 238 238 233 233 232 232 237 237 203 203 202 202 237 237 202 202 235 235 227 227 234 234 228 228 235 235 202 202 201 201 236 236 232 232 199 199 236 236 199 199 234 234 234 234 199 199 228 228 249 249 242 242 241 241 145 145 146 146 100 100 146 146 101 101 100 100 109 109 174 174 175 175 105 105 160 160 97 97 97 97 160 160 161 161 109 109 108 108 174 174 108 108 173 173 174 174 97 97 161 161 162 162 140 140 141 141 170 170 97 97 162 162 106 106 108 108 107 107 173 173 107 107 172 172 173 173 106 106 162 162 163 163 107 107 171 171 172 172 107 107 106 106 171 171 106 106 163 163 171 171 129 129 177 177 128 128 170 170 141 141 169 169 177 177 178 178 128 128 169 169 141 141 142 142 178 178 127 127 128 128 169 169 142 142 168 168 178 178 179 179 127 127 168 168 142 142 167 167 163 163 164 164 171 171 167 167 142 142 143 143 179 179 180 180 127 127 171 171 164 164 182 182 180 180 1282 1282 127 127 164 164 165 165 182 182 167 167 143 143 166 166 140 140 170 170 158 158 187 187 99 99 98 98 110 110 109 109 175 175 110 110 175 175 176 176 137 137 151 151 152 152 187 187 98 98 186 186 146 146 147 147 101 101 192 192 193 193 129 129 147 147 102 102 101 101 137 137 138 138 151 151 193 193 183 183 129 129 186 186 113 113 185 185 186 186 98 98 113 113 147 147 148 148 102 102 183 183 177 177 129 129 151 151 138 138 150 150 183 183 111 111 177 177 183 183 112 112 111 111 185 185 113 113 184 184 148 148 103 103 102 102 148 148 149 149 103 103 150 150 138 138 103 103 183 183 184 184 112 112 184 184 113 113 112 112 150 150 103 103 149 149 138 138 104 104 103 103 138 138 139 139 104 104 139 139 140 140 104 104 111 111 176 176 177 177 111 111 110 110 176 176 104 104 140 140 158 158 104 104 158 158 105 105 105 105 158 158 159 159 105 105 159 159 160 160 390 390 382 382 383 383 1072 1072 1071 1071 335 335 390 390 385 385 382 382 639 639 638 638 569 569 627 627 633 633 639 639 627 627 569 569 570 570 627 627 639 639 569 569 632 632 645 645 644 644 631 631 632 632 644 644 646 646 631 631 644 644 646 646 644 644 643 643 642 642 646 646 643 643 647 647 642 642 641 641 648 648 646 646 642 642 649 649 647 647 641 641 648 648 642 642 647 647 637 637 638 638 639 639 648 648 630 630 646 646 650 650 649 649 641 641 651 651 648 648 647 647 651 651 647 647 649 649 629 629 630 630 648 648 652 652 649 649 650 650 652 652 651 651 649 649 629 629 648 648 651 651 652 652 629 629 651 651 653 653 629 629 652 652 653 653 628 628 629 629 567 567 628 628 653 653 650 650 205 205 458 458 650 650 206 206 205 205 650 650 641 641 206 206 636 636 637 637 630 630 636 636 638 638 637 637 633 633 640 640 639 639 596 596 583 583 597 597 584 584 583 583 596 596 595 595 584 584 596 596 585 585 584 584 595 595 594 594 585 585 595 595 586 586 585 585 594 594 593 593 586 586 594 594 587 587 586 586 593 593 592 592 587 587 593 593 588 588 587 587 592 592 591 591 588 588 592 592 589 589 588 588 591 591 590 590 589 589 591 591 627 627 626 626 633 633 634 634 628 628 567 567 634 634 567 567 568 568 636 636 629 629 628 628 635 635 634 634 568 568 637 637 646 646 630 630 637 637 631 631 646 646 637 637 632 632 631 631 640 640 632 632 637 637 630 630 629 629 636 636 636 636 628 628 634 634 636 636 634 634 635 635 569 569 638 638 635 635 640 640 637 637 639 639 638 638 636 636 635 635 569 569 635 635 568 568 650 650 458 458 457 457 652 652 650 650 457 457 652 652 457 457 465 465 653 653 652 652 465 465 534 534 533 533 531 531 529 529 528 528 526 526 526 526 528 528 527 527 526 526 527 527 525 525 525 525 527 527 207 207 525 525 207 207 208 208 509 509 525 525 208 208 509 509 524 524 525 525 526 526 525 525 524 524 524 524 509 509 519 519 660 660 703 703 521 521 521 521 703 703 530 530 521 521 530 530 522 522 522 522 533 533 523 523 522 522 530 530 533 533 523 523 533 533 520 520 523 523 519 519 518 518 523 523 520 520 519 519 518 518 509 509 517 517 518 518 519 519 509 509 517 517 509 509 513 513 517 517 513 513 516 516 518 518 517 517 515 515 515 515 517 517 516 516 513 513 514 514 516 516 480 480 491 491 1242 1242 480 480 1242 1242 1243 1243 491 491 490 490 1242 1242 490 490 510 510 1242 1242 520 520 524 524 519 519 583 583 582 582 597 597 533 533 530 530 531 531 532 532 538 538 529 529 653 653 465 465 358 358 567 567 653 653 358 358 206 206 516 516 514 514 641 641 516 516 206 206 641 641 515 515 516 516 642 642 654 654 515 515 642 642 515 515 641 641 643 643 654 654 642 642 657 657 523 523 518 518 655 655 654 654 643 643 654 654 657 657 518 518 654 654 518 518 515 515 523 523 657 657 656 656 523 523 656 656 522 522 657 657 655 655 656 656 657 657 654 654 655 655 661 661 658 658 659 659 661 661 656 656 655 655 659 659 522 522 656 656 659 659 656 656 661 661 662 662 644 644 645 645 662 662 645 645 658 658 662 662 658 658 661 661 662 662 655 655 643 643 534 534 532 532 526 526 534 534 524 524 520 520 534 534 520 520 533 533 534 534 526 526 524 524 532 532 529 529 526 526 532 532 534 534 531 531 490 490 489 489 511 511 597 597 582 582 598 598 598 598 581 581 599 599 610 610 367 367 368 368 610 610 368 368 609 609 609 609 368 368 369 369 609 609 369 369 608 608 608 608 369 369 370 370 608 608 371 371 607 607 608 608 370 370 371 371 607 607 371 371 372 372 607 607 372 372 606 606 606 606 372 372 373 373 606 606 373 373 605 605 605 605 373 373 374 374 605 605 625 625 621 621 611 611 367 367 610 610 605 605 374 374 625 625 621 621 625 625 622 622 374 374 346 346 625 625 622 622 625 625 624 624 622 622 624 624 623 623 557 557 558 558 566 566 563 563 554 554 555 555 563 563 560 560 554 554 566 566 558 558 565 565 565 565 558 558 553 553 565 565 553 553 542 542 566 566 565 565 561 561 564 564 563 563 556 556 562 562 566 566 561 561 605 605 621 621 1118 1118 612 612 366 366 367 367 612 612 367 367 611 611 613 613 366 366 612 612 572 572 571 571 800 800 800 800 571 571 555 555 571 571 570 570 555 555 555 555 570 570 569 569 555 555 569 569 563 563 563 563 569 569 556 556 556 556 569 569 568 568 556 556 568 568 557 557 557 557 568 568 558 558 558 558 568 568 567 567 558 558 567 567 543 543 1206 1206 543 543 620 620 543 543 359 359 620 620 543 543 567 567 359 359 620 620 359 359 619 619 567 567 358 358 359 359 619 619 360 360 618 618 619 619 359 359 360 360 618 618 360 360 361 361 618 618 361 361 617 617 617 617 361 361 616 616 616 616 361 361 362 362 616 616 362 362 363 363 616 616 363 363 615 615 615 615 363 363 614 614 614 614 363 363 364 364 614 614 364 364 613 613 613 613 364 364 365 365 613 613 365 365 366 366 560 560 562 562 561 561 560 560 561 561 559 559 560 560 559 559 554 554 554 554 559 559 539 539 546 546 545 545 207 207 546 546 207 207 527 527 704 704 531 531 530 530 704 704 530 530 535 535 538 538 532 532 531 531 538 538 531 531 706 706 538 538 706 706 536 536 538 538 536 536 537 537 705 705 706 706 531 531 531 531 704 704 705 705 535 535 530 530 703 703 604 604 572 572 800 800 573 573 572 572 604 604 804 804 573 573 604 604 574 574 573 573 804 804 603 603 574 574 804 804 575 575 574 574 603 603 807 807 575 575 603 603 576 576 575 575 807 807 810 810 576 576 807 807 577 577 576 576 810 810 602 602 577 577 810 810 578 578 577 577 602 602 601 601 578 578 602 602 579 579 578 578 601 601 600 600 579 579 601 601 580 580 579 579 600 600 599 599 580 580 600 600 581 581 580 580 599 599 547 547 546 546 527 527 582 582 581 581 598 598 547 547 527 527 528 528 549 549 548 548 546 546 539 539 559 559 551 551 558 558 543 543 553 553 556 556 557 557 564 564 564 564 557 557 566 566 565 565 542 542 541 541 565 565 541 541 561 561 562 562 564 564 566 566 561 561 541 541 540 540 563 563 564 564 562 562 563 563 562 562 560 560 561 561 540 540 551 551 561 561 551 551 559 559 553 553 552 552 542 542 539 539 537 537 536 536 539 539 551 551 537 537 542 542 549 549 550 550 542 542 552 552 549 549 550 550 541 541 542 542 552 552 544 544 549 549 541 541 547 547 540 540 540 540 529 529 551 551 541 541 550 550 547 547 551 551 538 538 537 537 544 544 548 548 549 549 551 551 529 529 538 538 550 550 549 549 547 547 549 549 546 546 547 547 540 540 547 547 528 528 540 540 528 528 529 529 548 548 545 545 546 546 490 490 511 511 510 510 633 633 632 632 640 640 488 488 1241 1241 511 511 422 422 25 25 24 24 431 431 425 425 430 430 430 430 425 425 426 426 429 429 428 428 424 424 363 363 427 427 364 364 429 429 424 424 427 427 428 428 426 426 423 423 428 428 423 423 424 424 427 427 424 424 364 364 425 425 422 422 420 420 24 24 421 421 422 422 426 426 425 425 419 419 426 426 419 419 423 423 424 424 423 423 365 365 425 425 420 420 419 419 423 423 419 419 417 417 424 424 365 365 364 364 421 421 414 414 422 422 423 423 417 417 365 365 422 422 414 414 420 420 420 420 415 415 419 419 420 420 418 418 415 415 419 419 416 416 417 417 365 365 417 417 366 366 421 421 413 413 414 414 421 421 23 23 413 413 420 420 414 414 418 418 419 419 415 415 416 416 414 414 409 409 418 418 432 432 427 427 363 363 416 416 412 412 417 417 430 430 426 426 428 428 433 433 428 428 429 429 443 443 439 439 437 437 444 444 436 436 440 440 443 443 437 437 361 361 443 443 361 361 360 360 442 442 441 441 438 438 441 441 440 440 435 435 442 442 438 438 439 439 439 439 438 438 434 434 441 441 435 435 433 433 27 27 431 431 436 436 27 27 26 26 431 431 441 441 433 433 438 438 440 440 436 436 435 435 439 439 434 434 437 437 437 437 434 434 362 362 438 438 433 433 434 434 437 437 362 362 361 361 436 436 431 431 430 430 489 489 488 488 511 511 436 436 430 430 435 435 434 434 432 432 362 362 434 434 433 433 429 429 435 435 430 430 428 428 435 435 428 428 433 433 26 26 25 25 422 422 26 26 422 422 431 431 362 362 432 432 363 363 434 434 429 429 427 427 434 434 427 427 432 432 431 431 422 422 425 425 444 444 27 27 436 436 23 23 22 22 405 405 418 418 409 409 415 415 368 368 397 397 369 369 403 403 395 395 401 401 401 401 395 395 393 393 402 402 400 400 395 395 401 401 393 393 399 399 396 396 392 392 400 400 399 399 393 393 370 370 400 400 392 392 391 391 400 400 391 391 395 395 399 399 370 370 397 397 387 387 386 386 398 398 396 396 394 394 389 389 398 398 386 386 394 394 397 397 370 370 369 369 396 396 389 389 392 392 393 393 388 388 370 370 395 395 390 390 393 393 395 395 391 391 390 390 394 394 386 386 389 389 389 389 384 384 392 392 393 393 390 390 388 388 370 370 388 388 371 371 392 392 384 384 391 391 384 384 385 385 391 391 390 390 372 372 388 388 389 389 386 386 381 381 391 391 385 385 390 390 390 390 383 383 372 372 389 389 381 381 384 384 404 404 397 397 368 368 415 415 411 411 416 416 398 398 394 394 405 405 406 406 394 394 396 396 23 23 405 405 413 413 417 417 412 412 367 367 415 415 409 409 410 410 417 417 367 367 366 366 416 416 411 411 412 412 415 415 410 410 411 411 414 414 413 413 408 408 414 414 408 408 409 409 411 411 404 404 412 412 413 413 405 405 406 406 413 413 406 406 408 408 410 410 407 407 411 411 409 409 403 403 410 410 412 412 404 404 367 367 408 408 402 402 409 409 411 411 407 407 404 404 367 367 404 404 368 368 410 410 401 401 407 407 410 410 403 403 401 401 406 406 400 400 408 408 409 409 402 402 403 403 407 407 401 401 399 399 408 408 400 400 402 402 407 407 399 399 404 404 22 22 387 387 398 398 22 22 398 398 405 405 404 404 399 399 397 397 406 406 405 405 394 394 406 406 396 396 400 400 402 402 395 395 403 403 445 445 439 439 443 443 388 388 372 372 371 371 446 446 441 441 442 442 497 497 489 489 494 494 496 496 494 494 492 492 496 496 492 492 493 493 495 495 493 493 482 482 494 494 489 489 490 490 494 494 490 490 492 492 493 493 481 481 482 482 492 492 491 491 493 493 493 493 491 491 481 481 492 492 490 490 491 491 491 491 480 480 481 481 479 479 505 505 205 205 505 505 459 459 205 205 505 505 478 478 459 459 478 478 460 460 459 459 478 478 507 507 461 461 478 478 461 461 460 460 507 507 477 477 461 461 477 477 462 462 461 461 497 497 488 488 489 489 477 477 476 476 463 463 498 498 496 496 493 493 499 499 494 494 496 496 507 507 501 501 506 506 507 507 503 503 501 501 506 506 501 501 502 502 484 484 504 504 483 483 504 504 502 502 500 500 505 505 487 487 503 503 505 505 486 486 487 487 504 504 500 500 483 483 503 503 497 497 501 501 503 503 487 487 497 497 502 502 498 498 500 500 501 501 499 499 498 498 453 453 444 444 451 451 501 501 497 497 499 499 483 483 500 500 495 495 500 500 498 498 495 495 487 487 488 488 497 497 499 499 496 496 498 498 499 499 497 497 494 494 498 498 493 493 495 495 505 505 479 479 486 486 477 477 463 463 462 462 508 508 375 375 463 463 466 466 459 459 460 460 466 466 464 464 459 459 465 465 457 457 464 464 464 464 457 457 458 458 464 464 458 458 459 459 458 458 205 205 459 459 375 375 453 453 455 455 455 455 456 456 375 375 456 456 475 475 375 375 456 456 474 474 475 475 455 455 453 453 451 451 456 456 454 454 474 474 456 456 450 450 454 454 455 455 451 451 456 456 456 456 451 451 450 450 454 454 452 452 474 474 452 452 473 473 474 474 451 451 446 446 450 450 452 452 449 449 473 473 466 466 460 460 461 461 476 476 508 508 463 463 467 467 465 465 464 464 468 468 358 358 465 465 508 508 485 485 375 375 475 475 474 474 472 472 375 375 475 475 463 463 472 472 462 462 475 475 473 473 470 470 474 474 475 475 462 462 463 463 474 474 470 470 469 469 474 474 469 469 472 472 473 473 471 471 470 470 449 449 471 471 473 473 472 472 469 469 462 462 471 471 467 467 470 470 28 28 27 27 444 444 462 462 469 469 461 461 471 471 468 468 467 467 470 470 467 467 469 469 469 469 467 467 466 466 469 469 466 466 461 461 467 467 468 468 465 465 467 467 464 464 466 466 508 508 502 502 504 504 501 501 498 498 502 502 478 478 505 505 503 503 452 452 450 450 447 447 449 449 448 448 471 471 452 452 447 447 445 445 452 452 445 445 449 449 448 448 468 468 471 471 451 451 444 444 446 446 450 450 446 446 447 447 448 448 359 359 468 468 453 453 28 28 444 444 449 449 445 445 443 443 359 359 358 358 468 468 444 444 440 440 446 446 446 446 442 442 447 447 448 448 443 443 359 359 359 359 443 443 360 360 447 447 442 442 445 445 446 446 440 440 441 441 445 445 442 442 439 439 449 449 443 443 448 448 508 508 504 504 484 484 454 454 450 450 452 452 487 487 509 509 1240 1240 488 488 487 487 1240 1240 488 488 1240 1240 1241 1241 487 487 513 513 509 509 487 487 486 486 513 513 513 513 486 486 514 514 486 486 479 479 514 514 509 509 208 208 1239 1239 1240 1240 509 509 1239 1239 477 477 506 506 476 476 477 477 507 507 506 506 476 476 506 506 508 508 485 485 508 508 484 484 508 508 506 506 502 502 478 478 503 503 507 507 208 208 512 512 1239 1239 1404 1404 1395 1395 1403 1403 1405 1405 1397 1397 1396 1396 1405 1405 1396 1396 1404 1404 1404 1404 1396 1396 1395 1395 1403 1403 1395 1395 1394 1394 1401 1401 1393 1393 1392 1392 1402 1402 1394 1394 1393 1393 1402 1402 1393 1393 1401 1401 1401 1401 1392 1392 1400 1400 1387 1387 1376 1376 1386 1386 1403 1403 1394 1394 1402 1402 1386 1386 1376 1376 1375 1375 1382 1382 1372 1372 1381 1381 1385 1385 1375 1375 1374 1374 1385 1385 1374 1374 1384 1384 1384 1384 1374 1374 1373 1373 1384 1384 1373 1373 1383 1383 1383 1383 1372 1372 1382 1382 1383 1383 1373 1373 1372 1372 1400 1400 1392 1392 1391 1391 1381 1381 1372 1372 1371 1371 1381 1381 1371 1371 1397 1397 1381 1381 1397 1397 1405 1405 1386 1386 1375 1375 1385 1385 1400 1400 1391 1391 1399 1399 1388 1388 1378 1378 1377 1377 1399 1399 1391 1391 1390 1390 1399 1399 1390 1390 1398 1398 1398 1398 1390 1390 1389 1389 1398 1398 1389 1389 1379 1379 1398 1398 1379 1379 1380 1380 1388 1388 1377 1377 1387 1387 1387 1387 1377 1377 1376 1376 1380 1380 1379 1379 1378 1378 1380 1380 1378 1378 1388 1388 1434 1434 1413 1413 1433 1433 1434 1434 1414 1414 1413 1413 1435 1435 1414 1414 1434 1434 1435 1435 1415 1415 1414 1414 1444 1444 1424 1424 1443 1443 1443 1443 1424 1424 1423 1423 1443 1443 1423 1423 1442 1442 1441 1441 1421 1421 1440 1440 1442 1442 1423 1423 1422 1422 1442 1442 1422 1422 1441 1441 1433 1433 1413 1413 1412 1412 1441 1441 1422 1422 1421 1421 1440 1440 1421 1421 1420 1420 1440 1440 1420 1420 1439 1439 1439 1439 1420 1420 1419 1419 1439 1439 1419 1419 1438 1438 1444 1444 1425 1425 1424 1424 1426 1426 1425 1425 1444 1444 1431 1431 1411 1411 1410 1410 1433 1433 1412 1412 1432 1432 1438 1438 1418 1418 1437 1437 1437 1437 1418 1418 1417 1417 1426 1426 1406 1406 1425 1425 1436 1436 1416 1416 1415 1415 1436 1436 1415 1415 1435 1435 1436 1436 1417 1417 1416 1416 1427 1427 1406 1406 1426 1426 1427 1427 1407 1407 1406 1406 1428 1428 1407 1407 1427 1427 1429 1429 1407 1407 1428 1428 1429 1429 1408 1408 1407 1407 1429 1429 1409 1409 1408 1408 1430 1430 1409 1409 1429 1429 1430 1430 1410 1410 1409 1409 1431 1431 1410 1410 1430 1430 1432 1432 1412 1412 1411 1411 1432 1432 1411 1411 1431 1431 1437 1437 1417 1417 1436 1436 1438 1438 1419 1419 1418 1418 1481 1481 1480 1480 1465 1465 1463 1463 1472 1472 1471 1471 1515 1515 1507 1507 1526 1526 1470 1470 1481 1481 1464 1464 1514 1514 1507 1507 1515 1515 1514 1514 1494 1494 1507 1507 1514 1514 1454 1454 1494 1494 1517 1517 1528 1528 1445 1445 1518 1518 1517 1517 1445 1445 1478 1478 1448 1448 1479 1479 1478 1478 1447 1447 1448 1448 1513 1513 1454 1454 1514 1514 1464 1464 1471 1471 1470 1470 1519 1519 1518 1518 1445 1445 1519 1519 1445 1445 1446 1446 1477 1477 1447 1447 1478 1478 1463 1463 1471 1471 1464 1464 1453 1453 1492 1492 1491 1491 1463 1463 1473 1473 1472 1472 1462 1462 1473 1473 1463 1463 1456 1456 1512 1512 1511 1511 1456 1456 1513 1513 1512 1512 1456 1456 1454 1454 1513 1513 1462 1462 1474 1474 1473 1473 1456 1456 1511 1511 1510 1510 1462 1462 1475 1475 1474 1474 1457 1457 1456 1456 1510 1510 1479 1479 1448 1448 1449 1449 1457 1457 1510 1510 1509 1509 1481 1481 1465 1465 1464 1464 1479 1479 1449 1449 1480 1480 1523 1523 1503 1503 1522 1522 1453 1453 1491 1491 1490 1490 1454 1454 1495 1495 1494 1494 1454 1454 1496 1496 1495 1495 1454 1454 1497 1497 1496 1496 1454 1454 1455 1455 1497 1497 1452 1452 1453 1453 1490 1490 1524 1524 1504 1504 1523 1523 1524 1524 1505 1505 1504 1504 1452 1452 1490 1490 1489 1489 1451 1451 1452 1452 1489 1489 1525 1525 1505 1505 1524 1524 1525 1525 1506 1506 1505 1505 1451 1451 1488 1488 1467 1467 1451 1451 1489 1489 1488 1488 1525 1525 1507 1507 1506 1506 1451 1451 1467 1467 1466 1466 1526 1526 1507 1507 1525 1525 1466 1466 1450 1450 1451 1451 1465 1465 1450 1450 1466 1466 1480 1480 1449 1449 1450 1450 1516 1516 1526 1526 1527 1527 1480 1480 1450 1450 1465 1465 1516 1516 1527 1527 1528 1528 1515 1515 1526 1526 1516 1516 1517 1517 1516 1516 1528 1528 1461 1461 1475 1475 1462 1462 1461 1461 1476 1476 1475 1475 1457 1457 1509 1509 1508 1508 1483 1483 1455 1455 1469 1469 1498 1498 1455 1455 1499 1499 1482 1482 1455 1455 1483 1483 1500 1500 1499 1499 1455 1455 1484 1484 1483 1483 1469 1469 1497 1497 1455 1455 1498 1498 1500 1500 1455 1455 1482 1482 1501 1501 1482 1482 1493 1493 1501 1501 1500 1500 1482 1482 1523 1523 1504 1504 1503 1503 1485 1485 1484 1484 1469 1469 1485 1485 1469 1469 1468 1468 1486 1486 1485 1485 1468 1468 1487 1487 1486 1486 1468 1468 1467 1467 1487 1487 1468 1468 1467 1467 1488 1488 1487 1487 1521 1521 1501 1501 1493 1493 1460 1460 1476 1476 1461 1461 1458 1458 1457 1457 1508 1508 1460 1460 1477 1477 1476 1476 1458 1458 1508 1508 1519 1519 1459 1459 1477 1477 1460 1460 1521 1521 1502 1502 1501 1501 1458 1458 1519 1519 1446 1446 1459 1459 1458 1458 1446 1446 1459 1459 1446 1446 1447 1447 1453 1453 1520 1520 1492 1492 1459 1459 1447 1447 1477 1477 1522 1522 1503 1503 1502 1502 1522 1522 1502 1502 1521 1521 1520 1520 1493 1493 1492 1492 1520 1520 1521 1521 1493 1493 1538 1538 1543 1543 1537 1537 1535 1535 1541 1541 1553 1553 1535 1535 1553 1553 1552 1552 1535 1535 1552 1552 1534 1534 1534 1534 1552 1552 1533 1533 1533 1533 1552 1552 1551 1551 1533 1533 1551 1551 1532 1532 1532 1532 1551 1551 1550 1550 1532 1532 1550 1550 1531 1531 1531 1531 1550 1550 1549 1549 1531 1531 1549 1549 1548 1548 1531 1531 1548 1548 1530 1530 1530 1530 1547 1547 1529 1529 1539 1539 1545 1545 1544 1544 1529 1529 1547 1547 1546 1546 1529 1529 1546 1546 1540 1540 1540 1540 1546 1546 1539 1539 1539 1539 1546 1546 1545 1545 1539 1539 1544 1544 1538 1538 1536 1536 1541 1541 1535 1535 1536 1536 1542 1542 1541 1541 1537 1537 1542 1542 1536 1536 1537 1537 1543 1543 1542 1542 1530 1530 1548 1548 1547 1547 1538 1538 1544 1544 1543 1543 1554 1554 1566 1566 1565 1565 1565 1565 1566 1566 1577 1577 1555 1555 1567 1567 1554 1554 1555 1555 1568 1568 1567 1567 1556 1556 1568 1568 1555 1555 1556 1556 1569 1569 1568 1568 1557 1557 1569 1569 1556 1556 1557 1557 1570 1570 1569 1569 1558 1558 1570 1570 1557 1557 1559 1559 1570 1570 1558 1558 1559 1559 1571 1571 1570 1570 1554 1554 1567 1567 1566 1566 1560 1560 1572 1572 1571 1571 1560 1560 1573 1573 1572 1572 1561 1561 1573 1573 1560 1560 1561 1561 1574 1574 1573 1573 1562 1562 1574 1574 1561 1561 1562 1562 1575 1575 1574 1574 1563 1563 1575 1575 1562 1562 1563 1563 1576 1576 1575 1575 1564 1564 1576 1576 1563 1563 1565 1565 1577 1577 1564 1564 1560 1560 1571 1571 1559 1559 1564 1564 1577 1577 1576 1576 1595 1595 1656 1656 1657 1657 1617 1617 1601 1601 1602 1602 1633 1633 1586 1586 1585 1585 1633 1633 1634 1634 1586 1586 1608 1608 1584 1584 1607 1607 1607 1607 1584 1584 1583 1583 1627 1627 1609 1609 1626 1626 1634 1634 1587 1587 1586 1586 1607 1607 1583 1583 1606 1606 1634 1634 1635 1635 1587 1587 1626 1626 1609 1609 1643 1643 1606 1606 1583 1583 1582 1582 1602 1602 1603 1603 1616 1616 1602 1602 1616 1616 1617 1617 1626 1626 1643 1643 1637 1637 1635 1635 1636 1636 1587 1587 1606 1606 1582 1582 1605 1605 1636 1636 1588 1588 1587 1587 1637 1637 1643 1643 1589 1589 1603 1603 1581 1581 1616 1616 1603 1603 1604 1604 1581 1581 1618 1618 1601 1601 1617 1617 1605 1605 1582 1582 1604 1604 1618 1618 1600 1600 1601 1601 1611 1611 1627 1627 1628 1628 1622 1622 1623 1623 1585 1585 1622 1622 1585 1585 1584 1584 1623 1623 1633 1633 1585 1585 1622 1622 1584 1584 1608 1608 1622 1622 1608 1608 1621 1621 1623 1623 1632 1632 1633 1633 1623 1623 1624 1624 1632 1632 1621 1621 1597 1597 1620 1620 1621 1621 1608 1608 1597 1597 1624 1624 1625 1625 1631 1631 1624 1624 1631 1631 1632 1632 1620 1620 1597 1597 1598 1598 1620 1620 1598 1598 1619 1619 1625 1625 1611 1611 1630 1630 1625 1625 1630 1630 1631 1631 1611 1611 1629 1629 1630 1630 1619 1619 1599 1599 1600 1600 1619 1619 1600 1600 1618 1618 1611 1611 1628 1628 1629 1629 1611 1611 1609 1609 1627 1627 1604 1604 1582 1582 1581 1581 1619 1619 1598 1598 1599 1599 1637 1637 1589 1589 1588 1588 1596 1596 1657 1657 1658 1658 1596 1596 1595 1595 1657 1657 1593 1593 1647 1647 1648 1648 1595 1595 1594 1594 1656 1656 1594 1594 1648 1648 1649 1649 1594 1594 1649 1649 1656 1656 1613 1613 1650 1650 1651 1651 1613 1613 1651 1651 1612 1612 1651 1651 1652 1652 1612 1612 1652 1652 1653 1653 1612 1612 1649 1649 1655 1655 1656 1656 1649 1649 1610 1610 1655 1655 1640 1640 1610 1610 1639 1639 1653 1653 1654 1654 1612 1612 1649 1649 1638 1638 1610 1610 1639 1639 1610 1610 1638 1638 1655 1655 1610 1610 1654 1654 1654 1654 1610 1610 1612 1612 1637 1637 1588 1588 1636 1636 1592 1592 1647 1647 1593 1593 1614 1614 1650 1650 1613 1613 1593 1593 1648 1648 1594 1594 1578 1578 1658 1658 1659 1659 1616 1616 1581 1581 1615 1615 1581 1581 1580 1580 1615 1615 1589 1589 1644 1644 1590 1590 1589 1589 1643 1643 1644 1644 1580 1580 1614 1614 1615 1615 1614 1614 1661 1661 1650 1650 1590 1590 1644 1644 1591 1591 1580 1580 1579 1579 1661 1661 1591 1591 1644 1644 1645 1645 1579 1579 1660 1660 1661 1661 1591 1591 1645 1645 1592 1592 1580 1580 1661 1661 1614 1614 1592 1592 1645 1645 1646 1646 1578 1578 1659 1659 1660 1660 1609 1609 1642 1642 1643 1643 1609 1609 1610 1610 1640 1640 1609 1609 1641 1641 1642 1642 1609 1609 1640 1640 1641 1641 1592 1592 1646 1646 1647 1647 1579 1579 1578 1578 1660 1660 1578 1578 1596 1596 1658 1658 1669 1669 1674 1674 1668 1668 1669 1669 1675 1675 1674 1674 1670 1670 1675 1675 1669 1669 1670 1670 1676 1676 1675 1675 1670 1670 1677 1677 1676 1676 1672 1672 1679 1679 1678 1678 1671 1671 1678 1678 1677 1677 1672 1672 1678 1678 1671 1671 1673 1673 1679 1679 1672 1672 1668 1668 1674 1674 1686 1686 1673 1673 1680 1680 1679 1679 1671 1671 1677 1677 1670 1670 1668 1668 1686 1686 1667 1667 1665 1665 1684 1684 1683 1683 1663 1663 1681 1681 1662 1662 1663 1663 1682 1682 1681 1681 1663 1663 1683 1683 1682 1682 1664 1664 1683 1683 1663 1663 1665 1665 1683 1683 1664 1664 1666 1666 1684 1684 1665 1665 1666 1666 1685 1685 1684 1684 1667 1667 1685 1685 1666 1666 1667 1667 1686 1686 1685 1685 1662 1662 1681 1681 1680 1680 1662 1662 1680 1680 1673 1673 1694 1694 1706 1706 1693 1693 1694 1694 1707 1707 1706 1706 1695 1695 1707 1707 1694 1694 1695 1695 1708 1708 1707 1707 1696 1696 1708 1708 1695 1695 1696 1696 1709 1709 1708 1708 1697 1697 1709 1709 1696 1696 1697 1697 1698 1698 1709 1709 1693 1693 1704 1704 1692 1692 1693 1693 1706 1706 1705 1705 1693 1693 1705 1705 1704 1704 1688 1688 1699 1699 1687 1687 1687 1687 1698 1698 1697 1697 1692 1692 1704 1704 1691 1691 1691 1691 1704 1704 1703 1703 1691 1691 1703 1703 1690 1690 1690 1690 1703 1703 1702 1702 1690 1690 1702 1702 1689 1689 1689 1689 1702 1702 1701 1701 1689 1689 1701 1701 1688 1688 1688 1688 1701 1701 1700 1700 1688 1688 1700 1700 1699 1699 1687 1687 1699 1699 1698 1698 1714 1714 1733 1733 1713 1713 1716 1716 1734 1734 1715 1715 1715 1715 1734 1734 1714 1714 1714 1714 1734 1734 1733 1733 1713 1713 1733 1733 1732 1732 1716 1716 1735 1735 1734 1734 1712 1712 1732 1732 1731 1731 1712 1712 1731 1731 1711 1711 1711 1711 1731 1731 1710 1710 1710 1710 1731 1731 1730 1730 1713 1713 1732 1732 1712 1712 1717 1717 1735 1735 1716 1716 1710 1710 1730 1730 1723 1723 1720 1720 1726 1726 1719 1719 1719 1719 1725 1725 1718 1718 1719 1719 1726 1726 1725 1725 1720 1720 1727 1727 1726 1726 1720 1720 1728 1728 1727 1727 1721 1721 1728 1728 1720 1720 1722 1722 1728 1728 1721 1721 1718 1718 1725 1725 1724 1724 1722 1722 1729 1729 1728 1728 1723 1723 1730 1730 1729 1729 1717 1717 1724 1724 1735 1735 1723 1723 1729 1729 1722 1722 1718 1718 1724 1724 1717 1717 1740 1740 1752 1752 1751 1751 1740 1740 1751 1751 1739 1739 1739 1739 1751 1751 1738 1738 1738 1738 1751 1751 1750 1750 1741 1741 1752 1752 1740 1740 1738 1738 1750 1750 1749 1749 1737 1737 1748 1748 1736 1736 1738 1738 1749 1749 1737 1737 1741 1741 1754 1754 1753 1753 1742 1742 1754 1754 1741 1741 1742 1742 1755 1755 1754 1754 1743 1743 1755 1755 1742 1742 1743 1743 1756 1756 1755 1755 1744 1744 1756 1756 1743 1743 1741 1741 1753 1753 1752 1752 1737 1737 1749 1749 1748 1748 1745 1745 1756 1756 1744 1744 1736 1736 1748 1748 1759 1759 1736 1736 1759 1759 1747 1747 1746 1746 1757 1757 1745 1745 1746 1746 1758 1758 1757 1757 1747 1747 1758 1758 1746 1746 1747 1747 1759 1759 1758 1758 1745 1745 1757 1757 1756 1756 1768 1768 1773 1773 1767 1767 1768 1768 1774 1774 1773 1773 1769 1769 1774 1774 1768 1768 1771 1771 1776 1776 1770 1770 1770 1770 1776 1776 1775 1775 1767 1767 1773 1773 1772 1772 1760 1760 1776 1776 1771 1771 1760 1760 1777 1777 1776 1776 1769 1769 1775 1775 1774 1774 1767 1767 1772 1772 1766 1766 1765 1765 1782 1782 1781 1781 1766 1766 1782 1782 1765 1765 1765 1765 1781 1781 1764 1764 1764 1764 1780 1780 1763 1763 1764 1764 1781 1781 1780 1780 1762 1762 1780 1780 1779 1779 1762 1762 1779 1779 1761 1761 1761 1761 1779 1779 1778 1778 1761 1761 1778 1778 1777 1777 1761 1761 1777 1777 1760 1760 1766 1766 1772 1772 1782 1782 1770 1770 1775 1775 1769 1769 1763 1763 1780 1780 1762 1762 1788 1788 1801 1801 1800 1800 1787 1787 1800 1800 1786 1786 1788 1788 1800 1800 1787 1787 1793 1793 1806 1806 1805 1805 1789 1789 1801 1801 1788 1788 1783 1783 1796 1796 1807 1807 1783 1783 1807 1807 1795 1795 1795 1795 1807 1807 1794 1794 1786 1786 1800 1800 1799 1799 1794 1794 1807 1807 1806 1806 1790 1790 1801 1801 1789 1789 1790 1790 1803 1803 1802 1802 1791 1791 1803 1803 1790 1790 1791 1791 1804 1804 1803 1803 1792 1792 1804 1804 1791 1791 1792 1792 1805 1805 1804 1804 1793 1793 1805 1805 1792 1792 1790 1790 1802 1802 1801 1801 1786 1786 1799 1799 1785 1785 1794 1794 1806 1806 1793 1793 1785 1785 1798 1798 1797 1797 1785 1785 1797 1797 1784 1784 1784 1784 1797 1797 1783 1783 1783 1783 1797 1797 1796 1796 1785 1785 1799 1799 1798 1798 1810 1810 1809 1809 1811 1811 1809 1809 1808 1808 1811 1811 1812 1812 1813 1813 1815 1815 1812 1812 1815 1815 1814 1814 1819 1819 1817 1817 1818 1818 1817 1817 1816 1816 1818 1818 1907 1907 1927 1927 1906 1906 1856 1856 1855 1855 1841 1841 1855 1855 1840 1840 1841 1841 1855 1855 1854 1854 1840 1840 1854 1854 1839 1839 1840 1840 1888 1888 1886 1886 1910 1910 1838 1838 1867 1867 1852 1852 1911 1911 1888 1888 1910 1910 1913 1913 1838 1838 1912 1912 1912 1912 1838 1838 1888 1888 1928 1928 1929 1929 1836 1836 1836 1836 1908 1908 1835 1835 1929 1929 1908 1908 1836 1836 1927 1927 1928 1928 1836 1836 1927 1927 1836 1836 1905 1905 1944 1944 1957 1957 1943 1943 1912 1912 1888 1888 1911 1911 1971 1971 1974 1974 1957 1957 1974 1974 1956 1956 1957 1957 1965 1965 1966 1966 1967 1967 1971 1971 1973 1973 1974 1974 1971 1971 1972 1972 1973 1973 1967 1967 1966 1966 1945 1945 1966 1966 1968 1968 1945 1945 1966 1966 1965 1965 1968 1968 1965 1965 1969 1969 1968 1968 1965 1965 1964 1964 1969 1969 1857 1857 1856 1856 1841 1841 1964 1964 1970 1970 1969 1969 1964 1964 1963 1963 1970 1970 1960 1960 1962 1962 1956 1956 1960 1960 1961 1961 1962 1962 1956 1956 1962 1962 1946 1946 1956 1956 1946 1946 1955 1955 1939 1939 1942 1942 1959 1959 1962 1962 1963 1963 1946 1946 1955 1955 1946 1946 1954 1954 1954 1954 1946 1946 1947 1947 1937 1937 1947 1947 1936 1936 1937 1937 1954 1954 1947 1947 1963 1963 1964 1964 1967 1967 1943 1943 1958 1958 1942 1942 1943 1943 1957 1957 1958 1958 1963 1963 1967 1967 1946 1946 1964 1964 1965 1965 1967 1967 1942 1942 1958 1958 1959 1959 1857 1857 1841 1841 1842 1842 1971 1971 1962 1962 1961 1961 1858 1858 1857 1857 1843 1843 1874 1874 1873 1873 1822 1822 1875 1875 1823 1823 1824 1824 1875 1875 1874 1874 1823 1823 1875 1875 1824 1824 1825 1825 1957 1957 1956 1956 1955 1955 1876 1876 1875 1875 1825 1825 1876 1876 1825 1825 1826 1826 1877 1877 1876 1876 1826 1826 1877 1877 1826 1826 1827 1827 1878 1878 1827 1827 1828 1828 1878 1878 1877 1877 1827 1827 1962 1962 1970 1970 1963 1963 1962 1962 1971 1971 1970 1970 1974 1974 1973 1973 1956 1956 1973 1973 1960 1960 1956 1956 1973 1973 1972 1972 1960 1960 1972 1972 1961 1961 1960 1960 1944 1944 1970 1970 1971 1971 1945 1945 1970 1970 1944 1944 1969 1969 1970 1970 1945 1945 1968 1968 1969 1969 1945 1945 1874 1874 1822 1822 1823 1823 1857 1857 1842 1842 1843 1843 1873 1873 1872 1872 1822 1822 1872 1872 1871 1871 1821 1821 1858 1858 1843 1843 1844 1844 1859 1859 1858 1858 1844 1844 1859 1859 1844 1844 1845 1845 1860 1860 1859 1859 1845 1845 1860 1860 1845 1845 1846 1846 1861 1861 1860 1860 1846 1846 1861 1861 1846 1846 1847 1847 1862 1862 1861 1861 1847 1847 1862 1862 1847 1847 1848 1848 1863 1863 1848 1848 1849 1849 1863 1863 1862 1862 1848 1848 1864 1864 1863 1863 1849 1849 1864 1864 1849 1849 1850 1850 1865 1865 1864 1864 1850 1850 1865 1865 1850 1850 1851 1851 1866 1866 1865 1865 1851 1851 1867 1867 1866 1866 1851 1851 1867 1867 1851 1851 1852 1852 1944 1944 1971 1971 1957 1957 1972 1972 1971 1971 1961 1961 1871 1871 1820 1820 1821 1821 1872 1872 1821 1821 1822 1822 1957 1957 1955 1955 1958 1958 1907 1907 1926 1926 1927 1927 1958 1958 1954 1954 1959 1959 1889 1889 1890 1890 1837 1837 1837 1837 1892 1892 1893 1893 1837 1837 1893 1893 1887 1887 1837 1837 1891 1891 1892 1892 1837 1837 1890 1890 1891 1891 1871 1871 1869 1869 1820 1820 1820 1820 1869 1869 1899 1899 1885 1885 1894 1894 1869 1869 1869 1869 1898 1898 1899 1899 1853 1853 1889 1889 1837 1837 1869 1869 1897 1897 1898 1898 1869 1869 1895 1895 1896 1896 1869 1869 1894 1894 1895 1895 1906 1906 1927 1927 1905 1905 1936 1936 1938 1938 1937 1937 1935 1935 1938 1938 1936 1936 1935 1935 1932 1932 1938 1938 1934 1934 1932 1932 1935 1935 1934 1934 1930 1930 1932 1932 1921 1921 1930 1930 1934 1934 1869 1869 1896 1896 1897 1897 1854 1854 1837 1837 1839 1839 1854 1854 1853 1853 1837 1837 1893 1893 1894 1894 1887 1887 1925 1925 1926 1926 1907 1907 1920 1920 1921 1921 1922 1922 1920 1920 1922 1922 1923 1923 1919 1919 1920 1920 1923 1923 1919 1919 1923 1923 1924 1924 1918 1918 1919 1919 1924 1924 1918 1918 1924 1924 1925 1925 1900 1900 1916 1916 1917 1917 1900 1900 1917 1917 1918 1918 1900 1900 1918 1918 1925 1925 1900 1900 1925 1925 1907 1907 1904 1904 1913 1913 1914 1914 1904 1904 1914 1914 1915 1915 1903 1903 1904 1904 1915 1915 1900 1900 1915 1915 1916 1916 1901 1901 1915 1915 1900 1900 1902 1902 1903 1903 1915 1915 1902 1902 1915 1915 1901 1901 1904 1904 1867 1867 1838 1838 1904 1904 1838 1838 1913 1913 1958 1958 1955 1955 1954 1954 1921 1921 1941 1941 1922 1922 1934 1934 1941 1941 1921 1921 1887 1887 1894 1894 1885 1885 1935 1935 1941 1941 1934 1934 1884 1884 1883 1883 1833 1833 1883 1883 1832 1832 1833 1833 1883 1883 1882 1882 1832 1832 1882 1882 1831 1831 1832 1832 1882 1882 1881 1881 1831 1831 1881 1881 1830 1830 1831 1831 1881 1881 1880 1880 1830 1830 1880 1880 1829 1829 1830 1830 1880 1880 1879 1879 1829 1829 1879 1879 1878 1878 1828 1828 1879 1879 1828 1828 1829 1829 1952 1952 1933 1933 1931 1931 1953 1953 1933 1933 1952 1952 1953 1953 1932 1932 1933 1933 1948 1948 1932 1932 1953 1953 1950 1950 1938 1938 1932 1932 1950 1950 1932 1932 1948 1948 1950 1950 1937 1937 1938 1938 1951 1951 1937 1937 1950 1950 1959 1959 1937 1937 1951 1951 1935 1935 1940 1940 1941 1941 1884 1884 1833 1833 1834 1834 1870 1870 1884 1884 1834 1834 1959 1959 1954 1954 1937 1937 1908 1908 1868 1868 1835 1835 1870 1870 1834 1834 1835 1835 1936 1936 1939 1939 1940 1940 1936 1936 1940 1940 1935 1935 1947 1947 1939 1939 1936 1936 1947 1947 1942 1942 1939 1939 1947 1947 1943 1943 1942 1942 1946 1946 1944 1944 1943 1943 1967 1967 1945 1945 1944 1944 1967 1967 1944 1944 1946 1946 1951 1951 1939 1939 1959 1959 1946 1946 1943 1943 1947 1947 1950 1950 1939 1939 1951 1951 1950 1950 1941 1941 1940 1940 1948 1948 1941 1941 1950 1950 1949 1949 1941 1941 1948 1948 1949 1949 1922 1922 1941 1941 1868 1868 1870 1870 1835 1835 1909 1909 1886 1886 1868 1868 1908 1908 1909 1909 1868 1868 1950 1950 1940 1940 1939 1939 1910 1910 1886 1886 1909 1909 2188 2188 2196 2196 2015 2015 2188 2188 2015 2015 2186 2186 2191 2191 2196 2196 2188 2188 2191 2191 2197 2197 2196 2196 2195 2195 2199 2199 2198 2198 2194 2194 2198 2198 2191 2191 2195 2195 2198 2198 2194 2194 2041 2041 2199 2199 2195 2195 2200 2200 2197 2197 2198 2198 2186 2186 2015 2015 2014 2014 2191 2191 2198 2198 2197 2197 2041 2041 2195 2195 2040 2040 2190 2190 2191 2191 2187 2187 2040 2040 2194 2194 2192 2192 2040 2040 2192 2192 2193 2193 2194 2194 2191 2191 2190 2190 2194 2194 2190 2190 2192 2192 2193 2193 2192 2192 2189 2189 2192 2192 2190 2190 2185 2185 2192 2192 2184 2184 2189 2189 2201 2201 2196 2196 2197 2197 2192 2192 2185 2185 2184 2184 2191 2191 2188 2188 2187 2187 2190 2190 2187 2187 2185 2185 2039 2039 2189 2189 2184 2184 2195 2195 2194 2194 2040 2040 2200 2200 2201 2201 2197 2197 2206 2206 2201 2201 2205 2205 2202 2202 2200 2200 2198 2198 2188 2188 2179 2179 2187 2187 2213 2213 2212 2212 2211 2211 2211 2211 2212 2212 2209 2209 2211 2211 2210 2210 2038 2038 2211 2211 2209 2209 2210 2210 2212 2212 2018 2018 2209 2209 2209 2209 2018 2018 2208 2208 2018 2018 2206 2206 2208 2208 2018 2018 2019 2019 2206 2206 2210 2210 2209 2209 2204 2204 2038 2038 2210 2210 2207 2207 2210 2210 2204 2204 2207 2207 2209 2209 2208 2208 2204 2204 2208 2208 2206 2206 2205 2205 2208 2208 2205 2205 2204 2204 2019 2019 2203 2203 2206 2206 2207 2207 2204 2204 2202 2202 2207 2207 2202 2202 2037 2037 2206 2206 2203 2203 2201 2201 2204 2204 2205 2205 2200 2200 2205 2205 2201 2201 2200 2200 2202 2202 2199 2199 2037 2037 2203 2203 2196 2196 2201 2201 2204 2204 2200 2200 2202 2202 2203 2203 2015 2015 2196 2196 2202 2202 2198 2198 2199 2199 2188 2188 2186 2186 2179 2179 2130 2130 2160 2160 2131 2131 2185 2185 2187 2187 2180 2180 2093 2093 1990 1990 2096 2096 2061 2061 1991 1991 2093 2093 2085 2085 1991 1991 2061 2061 2085 2085 1992 1992 1991 1991 1992 1992 2064 2064 1993 1993 1992 1992 2085 2085 2064 2064 2080 2080 1993 1993 2064 2064 2077 2077 1993 1993 2080 2080 2077 2077 1994 1994 1993 1993 2093 2093 1991 1991 1990 1990 2075 2075 1995 1995 1994 1994 2063 2063 1995 1995 2075 2075 2002 2002 1995 1995 2063 2063 2002 2002 1996 1996 1995 1995 2068 2068 1999 1999 2000 2000 2068 2068 2069 2069 1999 1999 2070 2070 2000 2000 2001 2001 2069 2069 1998 1998 1999 1999 2070 2070 2068 2068 2000 2000 2070 2070 2001 2001 2002 2002 2075 2075 1994 1994 2077 2077 2071 2071 2068 2068 2070 2070 2096 2096 1989 1989 2062 2062 2062 2062 1989 1989 2098 2098 1988 1988 2043 2043 2044 2044 1988 1988 2162 2162 2043 2043 2044 2044 2043 2043 2049 2049 2044 2044 2049 2049 2048 2048 2051 2051 2044 2044 2048 2048 2051 2051 2048 2048 2047 2047 2051 2051 2047 2047 2046 2046 2052 2052 2046 2046 2045 2045 2052 2052 2051 2051 2046 2046 2096 2096 1990 1990 1989 1989 2050 2050 2045 2045 2148 2148 2055 2055 2060 2060 2059 2059 2056 2056 2059 2059 2110 2110 2056 2056 2055 2055 2059 2059 2056 2056 2110 2110 2058 2058 2053 2053 2056 2056 2058 2058 2054 2054 2053 2053 2058 2058 2054 2054 2058 2058 2057 2057 2057 2057 2098 2098 1989 1989 2054 2054 2057 2057 1989 1989 2050 2050 2052 2052 2045 2045 1997 1997 1998 1998 2069 2069 2063 2063 2070 2070 2002 2002 2072 2072 2069 2069 2068 2068 2066 2066 2082 2082 2067 2067 2078 2078 2084 2084 2083 2083 2078 2078 2083 2083 2066 2066 2065 2065 2084 2084 2078 2078 2064 2064 2084 2084 2065 2065 2064 2064 2085 2085 2084 2084 2088 2088 2083 2083 2084 2084 2088 2088 2084 2084 2085 2085 2089 2089 2088 2088 2085 2085 2066 2066 2083 2083 2082 2082 2090 2090 2083 2083 2088 2088 2008 2008 2081 2081 2082 2082 2061 2061 2089 2089 2085 2085 2090 2090 2091 2091 2083 2083 2089 2089 2090 2090 2088 2088 2092 2092 2008 2008 2082 2082 2092 2092 2082 2082 2091 2091 2087 2087 2008 2008 2092 2092 2061 2061 2093 2093 2089 2089 2094 2094 2091 2091 2090 2090 2091 2091 2082 2082 2083 2083 2067 2067 2082 2082 2081 2081 2067 2067 2081 2081 1997 1997 1997 1997 2081 2081 2008 2008 2071 2071 2072 2072 2068 2068 2072 2072 1997 1997 2069 2069 2073 2073 2071 2071 2070 2070 2074 2074 2072 2072 2071 2071 2075 2075 2070 2070 2063 2063 2073 2073 2074 2074 2071 2071 2067 2067 1997 1997 2072 2072 2074 2074 2076 2076 2072 2072 2075 2075 2073 2073 2070 2070 2076 2076 2067 2067 2072 2072 2077 2077 2073 2073 2075 2075 2078 2078 2076 2076 2074 2074 2066 2066 2067 2067 2076 2076 2079 2079 2074 2074 2073 2073 2078 2078 2066 2066 2076 2076 2079 2079 2073 2073 2077 2077 2079 2079 2078 2078 2074 2074 2080 2080 2079 2079 2077 2077 2065 2065 2078 2078 2079 2079 2065 2065 2079 2079 2080 2080 2064 2064 2065 2065 2080 2080 2162 2162 1988 1988 1987 1987 2162 2162 1987 1987 2167 2167 2167 2167 1987 1987 2173 2173 2173 2173 1986 1986 2175 2175 2019 2019 2016 2016 2022 2022 2018 2018 2016 2016 2019 2019 2018 2018 2031 2031 2016 2016 2212 2212 2031 2031 2018 2018 2212 2212 2017 2017 2031 2031 2213 2213 2017 2017 2212 2212 2213 2213 2036 2036 2017 2017 2020 2020 2004 2004 2005 2005 2021 2021 2005 2005 2006 2006 2019 2019 2022 2022 2203 2203 2022 2022 2006 2006 2007 2007 2021 2021 2006 2006 2022 2022 2003 2003 2004 2004 2020 2020 2023 2023 2020 2020 2021 2021 2025 2025 2003 2003 2020 2020 2026 2026 2024 2024 2003 2003 2023 2023 2025 2025 2020 2020 2027 2027 2021 2021 2022 2022 2027 2027 2023 2023 2021 2021 2026 2026 2003 2003 2025 2025 2021 2021 2020 2020 2005 2005 2203 2203 2022 2022 2015 2015 2015 2015 2022 2022 2007 2007 2015 2015 2007 2007 2010 2010 1996 1996 2002 2002 2024 2024 1996 1996 2024 2024 1975 1975 2007 2007 1998 1998 1997 1997 2006 2006 1998 1998 2007 2007 2006 2006 1999 1999 1998 1998 2005 2005 1999 1999 2006 2006 2005 2005 2000 2000 1999 1999 2004 2004 2000 2000 2005 2005 2003 2003 2000 2000 2004 2004 2003 2003 2001 2001 2000 2000 2024 2024 2001 2001 2003 2003 2024 2024 2002 2002 2001 2001 2009 2009 1997 1997 2008 2008 2007 2007 2009 2009 2123 2123 2007 2007 2123 2123 2010 2010 2007 2007 1997 1997 2009 2009 2135 2135 2013 2013 2014 2014 2015 2015 2135 2135 2014 2014 2015 2015 2010 2010 2011 2011 2015 2015 2011 2011 2012 2012 2015 2015 2012 2012 2135 2135 2016 2016 2027 2027 2022 2022 2095 2095 2090 2090 2089 2089 2028 2028 2026 2026 2025 2025 2030 2030 2023 2023 2027 2027 2207 2207 1979 1979 2038 2038 2207 2207 1980 1980 1979 1979 2037 2037 1980 1980 2207 2207 2199 2199 1980 1980 2037 2037 1980 1980 2041 2041 1981 1981 1980 1980 2199 2199 2041 2041 2040 2040 1981 1981 2041 2041 2193 2193 1982 1982 1981 1981 2193 2193 1981 1981 2040 2040 2038 2038 1979 1979 1978 1978 2189 2189 1983 1983 1982 1982 2039 2039 1983 1983 2189 2189 2182 2182 1983 1983 2039 2039 2182 2182 1984 1984 1983 1983 1984 1984 2042 2042 1985 1985 1984 1984 2182 2182 2042 2042 2177 2177 1985 1985 2042 2042 2175 2175 1985 1985 2177 2177 2175 2175 1986 1986 1985 1985 2173 2173 1987 1987 1986 1986 2189 2189 1982 1982 2193 2193 2038 2038 1978 1978 2211 2211 2211 2211 1978 1978 2213 2213 1977 1977 2036 2036 2213 2213 2031 2031 2027 2027 2016 2016 2030 2030 2029 2029 2023 2023 2031 2031 2030 2030 2027 2027 2032 2032 2028 2028 2029 2029 2033 2033 2029 2029 2030 2030 2031 2031 2033 2033 2030 2030 2034 2034 2032 2032 2029 2029 2033 2033 2034 2034 2029 2029 2017 2017 2033 2033 2031 2031 2035 2035 2034 2034 2033 2033 2035 2035 2033 2033 2017 2017 2036 2036 2035 2035 2017 2017 2026 2026 1975 1975 2024 2024 2026 2026 1976 1976 1975 1975 2028 2028 1976 1976 2026 2026 2032 2032 1976 1976 2028 2028 2034 2034 1976 1976 2032 2032 2034 2034 1977 1977 1976 1976 2035 2035 1977 1977 2034 2034 2036 2036 1977 1977 2035 2035 1977 1977 2213 2213 1978 1978 2029 2029 2025 2025 2023 2023 2184 2184 2185 2185 2183 2183 2094 2094 2092 2092 2091 2091 2095 2095 2094 2094 2090 2090 2152 2152 2145 2145 2153 2153 2152 2152 2142 2142 2145 2145 2153 2153 2145 2145 2149 2149 2154 2154 2153 2153 2149 2149 2155 2155 2150 2150 2151 2151 2154 2154 2149 2149 2150 2150 2155 2155 2154 2154 2150 2150 2012 2012 2155 2155 2151 2151 2154 2154 2152 2152 2153 2153 2012 2012 2151 2151 2146 2146 2156 2156 2154 2154 2155 2155 2011 2011 2156 2156 2155 2155 2135 2135 2157 2157 2013 2013 2134 2134 2157 2157 2135 2135 2133 2133 2158 2158 2157 2157 2133 2133 2157 2157 2134 2134 2132 2132 2159 2159 2158 2158 2132 2132 2158 2158 2133 2133 2131 2131 2160 2160 2159 2159 2131 2131 2159 2159 2132 2132 2011 2011 2155 2155 2012 2012 2130 2130 2161 2161 2160 2160 2012 2012 2146 2146 2135 2135 2152 2152 2147 2147 2142 2142 2140 2140 2137 2137 2139 2139 2141 2141 2139 2139 2138 2138 2141 2141 2133 2133 2134 2134 2142 2142 2047 2047 2140 2140 2142 2142 2046 2046 2047 2047 2143 2143 2140 2140 2139 2139 2143 2143 2139 2139 2141 2141 2146 2146 2134 2134 2135 2135 2146 2146 2141 2141 2134 2134 2151 2151 2150 2150 2144 2144 2142 2142 2045 2045 2046 2046 2144 2144 2143 2143 2141 2141 2146 2146 2144 2144 2141 2141 2147 2147 2045 2045 2142 2142 2148 2148 2045 2045 2147 2147 2145 2145 2140 2140 2143 2143 2149 2149 2143 2143 2144 2144 2149 2149 2145 2145 2143 2143 2150 2150 2149 2149 2144 2144 2151 2151 2144 2144 2146 2146 2145 2145 2142 2142 2140 2140 2043 2043 2161 2161 2130 2130 2043 2043 2162 2162 2161 2161 2166 2166 2159 2159 2160 2160 2163 2163 2164 2164 2176 2176 2163 2163 2176 2176 2177 2177 2042 2042 2163 2163 2177 2177 2013 2013 2178 2178 2014 2014 2165 2165 2178 2178 2013 2013 2165 2165 2179 2179 2178 2178 2165 2165 2180 2180 2179 2179 2164 2164 2180 2180 2165 2165 2163 2163 2181 2181 2180 2180 2177 2177 2176 2176 2175 2175 2163 2163 2180 2180 2164 2164 2042 2042 2182 2182 2163 2163 2183 2183 2180 2180 2181 2181 2183 2183 2181 2181 2182 2182 2184 2184 2183 2183 2182 2182 2185 2185 2180 2180 2183 2183 2186 2186 2014 2014 2178 2178 2187 2187 2179 2179 2180 2180 2186 2186 2178 2178 2179 2179 2039 2039 2184 2184 2182 2182 2163 2163 2182 2182 2181 2181 2176 2176 2164 2164 2172 2172 2176 2176 2171 2171 2175 2175 2176 2176 2172 2172 2171 2171 2162 2162 2160 2160 2161 2161 2166 2166 2158 2158 2159 2159 2167 2167 2160 2160 2162 2162 2168 2168 2166 2166 2160 2160 2013 2013 2157 2157 2158 2158 2169 2169 2158 2158 2166 2166 2170 2170 2168 2168 2160 2160 2170 2170 2160 2160 2167 2167 2168 2168 2169 2169 2166 2166 2169 2169 2013 2013 2158 2158 2171 2171 2168 2168 2170 2170 2172 2172 2169 2169 2168 2168 2173 2173 2170 2170 2167 2167 2171 2171 2172 2172 2168 2168 2165 2165 2013 2013 2169 2169 2172 2172 2174 2174 2169 2169 2173 2173 2171 2171 2170 2170 2174 2174 2165 2165 2169 2169 2175 2175 2171 2171 2173 2173 2164 2164 2174 2174 2172 2172 2164 2164 2165 2165 2174 2174 2141 2141 2132 2132 2133 2133 2141 2141 2138 2138 2132 2132 2140 2140 2047 2047 2137 2137 2139 2139 2137 2137 2138 2138 2109 2109 2108 2108 2101 2101 2110 2110 2059 2059 2107 2107 2109 2109 2111 2111 2108 2108 2112 2112 2110 2110 2107 2107 2108 2108 2107 2107 2100 2100 2113 2113 2107 2107 2108 2108 2114 2114 2112 2112 2107 2107 2114 2114 2107 2107 2113 2113 2115 2115 2109 2109 2102 2102 2108 2108 2100 2100 2101 2101 2111 2111 2113 2113 2108 2108 2116 2116 2115 2115 2102 2102 2112 2112 2058 2058 2110 2110 2103 2103 2116 2116 2102 2102 2117 2117 2112 2112 2114 2114 2117 2117 2058 2058 2112 2112 2118 2118 2103 2103 2010 2010 2119 2119 2114 2114 2113 2113 2120 2120 2111 2111 2115 2115 2120 2120 2113 2113 2111 2111 2115 2115 2111 2111 2109 2109 2107 2107 2059 2059 2100 2100 2100 2100 2059 2059 2060 2060 2009 2009 2106 2106 2105 2105 2096 2096 2095 2095 2093 2093 2086 2086 2092 2092 2094 2094 2086 2086 2087 2087 2092 2092 2097 2097 2094 2094 2095 2095 2062 2062 2095 2095 2096 2096 2097 2097 2086 2086 2094 2094 2062 2062 2097 2097 2095 2095 2098 2098 2097 2097 2062 2062 2008 2008 2106 2106 2009 2009 2087 2087 2106 2106 2008 2008 2087 2087 2104 2104 2106 2106 2086 2086 2104 2104 2087 2087 2086 2086 2099 2099 2104 2104 2097 2097 2099 2099 2086 2086 2097 2097 2128 2128 2099 2099 2098 2098 2128 2128 2097 2097 2098 2098 2125 2125 2128 2128 2098 2098 2057 2057 2125 2125 2106 2106 2129 2129 2105 2105 2009 2009 2105 2105 2123 2123 2106 2106 2104 2104 2129 2129 2121 2121 2058 2058 2117 2117 2095 2095 2089 2089 2093 2093 2118 2118 2116 2116 2103 2103 2119 2119 2113 2113 2120 2120 2102 2102 2156 2156 2103 2103 2102 2102 2154 2154 2156 2156 2109 2109 2154 2154 2102 2102 2101 2101 2152 2152 2154 2154 2101 2101 2154 2154 2109 2109 2101 2101 2147 2147 2152 2152 2100 2100 2147 2147 2101 2101 2100 2100 2148 2148 2147 2147 2060 2060 2148 2148 2100 2100 2103 2103 2156 2156 2011 2011 2050 2050 2060 2060 2055 2055 2130 2130 2049 2049 2043 2043 2136 2136 2049 2049 2130 2130 2131 2131 2136 2136 2130 2130 2048 2048 2049 2049 2136 2136 2137 2137 2048 2048 2136 2136 2137 2137 2136 2136 2131 2131 2138 2138 2131 2131 2132 2132 2138 2138 2137 2137 2131 2131 2137 2137 2047 2047 2048 2048 2050 2050 2148 2148 2060 2060 2103 2103 2011 2011 2010 2010 2104 2104 2099 2099 2127 2127 2105 2105 2126 2126 2124 2124 2123 2123 2118 2118 2010 2010 2124 2124 2115 2115 2116 2116 2121 2121 2057 2057 2058 2058 2125 2125 2057 2057 2121 2121 2122 2122 2114 2114 2119 2119 2124 2124 2120 2120 2115 2115 2118 2118 2124 2124 2116 2116 2126 2126 2119 2119 2120 2120 2122 2122 2121 2121 2117 2117 2124 2124 2126 2126 2120 2120 2127 2127 2122 2122 2119 2119 2128 2128 2125 2125 2121 2121 2099 2099 2121 2121 2122 2122 2127 2127 2119 2119 2129 2129 2129 2129 2119 2119 2126 2126 2123 2123 2124 2124 2118 2118 2105 2105 2129 2129 2126 2126 2128 2128 2121 2121 2099 2099 2127 2127 2099 2099 2122 2122 2105 2105 2124 2124 2123 2123 2104 2104 2127 2127 2129 2129 2122 2122 2117 2117 2114 2114 2029 2029 2028 2028 2025 2025 2216 2216 2215 2215 2214 2214 2219 2219 2217 2217 2218 2218</p>
        </triangles>
      </mesh>
    </geometry>
    <geometry id="link6_steel_hardware-geometry" name="link6_steel_hardware">
      <mesh>
        <source id="link6_steel_hardware-positions">
          <float_array count="11199" id="link6_steel_hardware-positions-array">-0.005818 -0.0118 -0.0007833 -0.0054774 -0.0117999 -0.0006149 -0.0052622 -0.0118 -0.0003179 -0.0051876 -0.0117999 2.59e-05 -0.0053444 -0.0117999 0.0004763 -0.0056347 -0.0118 0.0007168 -0.006 -0.0117999 0.0008086 -0.0063653 -0.0118 0.0007168 -0.0066556 -0.0117999 0.0004763 -0.0067946 -0.0118 0.0001259 -0.0067646 -0.0117999 -0.0002756 -0.0064764 -0.0118 -0.0006556 -0.0061102 -0.0118 -0.0007978 -0.005818 -0.0118 -0.0007833 -0.0054774 -0.0117999 -0.0006149 -0.0052622 -0.0118 -0.0003179 -0.0051876 -0.0117999 2.59e-05 -0.0053444 -0.0117999 0.0004763 -0.0056347 -0.0118 0.0007168 -0.006 -0.0117999 0.0008086 -0.0063653 -0.0118 0.0007168 -0.0066556 -0.0117999 0.0004763 -0.0067946 -0.0118 0.0001259 -0.0067646 -0.0117999 -0.0002756 -0.0064764 -0.0118 -0.0006556 -0.0061102 -0.0118 -0.0007978 -0.0062275 -0.0120011 -0.0009799 -0.0065432 -0.012 -0.000844 -0.0068145 -0.0119993 -0.0005918 -0.0069797 -0.0120012 -0.0002286 -0.0069977 -0.0119994 0.0001046 -0.0068971 -0.0119993 0.0004571 -0.0067082 -0.0120003 0.0007081 -0.0065003 -0.0120007 0.000871 -0.0062507 -0.0119997 0.0009698 -0.0059284 -0.0119999 0.0010035 -0.0055224 -0.0119998 0.0008885 -0.0051855 -0.0119993 0.0005918 -0.0050226 -0.0120004 0.0002347 -0.0050009 -0.0119992 -7.52e-05 -0.0050683 -0.0120005 -0.0003796 -0.005225 -0.0120001 -0.000635 -0.0054481 -0.0120001 -0.0008386 -0.0057984 -0.0119996 -0.0009884 -0.0062275 -0.0120011 -0.0009799 -0.0065432 -0.012 -0.000844 -0.0068145 -0.0119993 -0.0005918 -0.0069797 -0.0120012 -0.0002286 -0.0069977 -0.0119994 0.0001046 -0.0068971 -0.0119993 0.0004571 -0.0067082 -0.0120003 0.0007081 -0.0065003 -0.0120007 0.000871 -0.0062507 -0.0119997 0.0009698 -0.0059284 -0.0119999 0.0010035 -0.0055224 -0.0119998 0.0008885 -0.0051855 -0.0119993 0.0005918 -0.0050226 -0.0120004 0.0002347 -0.0050009 -0.0119992 -7.52e-05 -0.0050683 -0.0120005 -0.0003796 -0.005225 -0.0120001 -0.000635 -0.0054481 -0.0120001 -0.0008386 -0.0057984 -0.0119996 -0.0009884 -0.0061848 -0.0178 0.0009918 -0.0056876 -0.0178 0.0009616 -0.005288 -0.0178 0.000712 -0.005066 -0.0178 0.000374 -0.0049966 -0.0178 2.82e-05 -0.0050345 -0.0178 -0.0002722 -0.0051854 -0.0178 -0.0005919 -0.0055178 -0.0178 -0.0008862 -0.0058931 -0.0178 -0.000998 -0.0065484 -0.0178 0.0008407 -0.0068319 -0.0178 0.0005707 -0.007008 -0.0178 9.2e-05 -0.0069171 -0.0178 -0.0004228 -0.0066731 -0.0178 -0.0007446 -0.0063124 -0.0178 -0.0009616 -0.0061848 -0.0178 0.0009918 -0.0056876 -0.0178 0.0009616 -0.005288 -0.0178 0.000712 -0.005066 -0.0178 0.000374 -0.0049966 -0.0178 2.82e-05 -0.0050345 -0.0178 -0.0002722 -0.0051854 -0.0178 -0.0005919 -0.0055178 -0.0178 -0.0008862 -0.0058931 -0.0178 -0.000998 -0.0065484 -0.0178 0.0008407 -0.0068319 -0.0178 0.0005707 -0.007008 -0.0178 9.2e-05 -0.0069171 -0.0178 -0.0004228 -0.0066731 -0.0178 -0.0007446 -0.0063124 -0.0178 -0.0009616 -0.00582 -0.0178 0.001528 -0.0063944 -0.0178002 0.0014932 -0.0069405 -0.0178011 0.0012211 -0.0071655 -0.0178002 0.0010044 -0.0073858 -0.017801 0.0006748 -0.0075299 -0.0178001 0.0002024 -0.0074898 -0.0178012 -0.0003964 -0.0073862 -0.0178003 -0.0006745 -0.0070863 -0.0178 -0.0010863 -0.00666 -0.0178001 -0.001394 -0.0061223 -0.0178001 -0.0015313 -0.0052914 -0.0178005 0.0013692 -0.0049137 -0.0178 0.0010864 -0.0046235 -0.0178007 0.0006977 -0.0044782 -0.0178006 0.0002267 -0.004479 -0.0178 -0.0002521 -0.004628 -0.0178003 -0.0006974 -0.0048036 -0.017801 -0.0009703 -0.0051283 -0.0178007 -0.0012719 -0.0056387 -0.0178001 -0.0014977 -0.0057928 -0.0189292 0.0012331 -0.0054839 -0.0189042 0.0012242 -0.0051267 -0.018906 0.0010001 -0.0048108 -0.0188924 0.0006772 -0.0046893 -0.0189006 0.0002986 -0.0047467 -0.018927 -1.25e-05 -0.0047671 -0.0189275 -0.0002072 -0.0047737 -0.0189036 -0.0005335 -0.0051257 -0.0189057 -0.0010042 -0.0055885 -0.0189073 -0.0012575 -0.0057927 -0.0189316 -0.001232 -0.0061269 -0.0178974 -0.0016214 -0.0061453 -0.0180158 -0.0016902 -0.0059459 -0.0181622 -0.0017435 -0.0060637 -0.0184596 -0.0017318 -0.0058821 -0.0185861 -0.0016817 -0.0060634 -0.0188242 -0.0014801 -0.0059937 -0.0188855 -0.0013773 -0.0060575 -0.0179118 0.0016384 -0.0059258 -0.0180687 0.0017142 -0.0060689 -0.0182296 0.0017499 -0.0061592 -0.0184167 0.0017365 -0.0059254 -0.018613 0.0016714 -0.0058967 -0.0187561 0.0015574 -0.0058731 -0.0188799 0.0013841 -0.0055939 -0.0188194 0.0014289 -0.0057968 -0.0184865 0.0017114 -0.005556 -0.0186719 0.0015693 -0.0053657 -0.0188047 0.0013671 -0.0057364 -0.0182648 0.0017358 -0.0055436 -0.0184701 0.0016681 -0.0051615 -0.0188399 0.0011952 -0.0053042 -0.0186284 0.0015065 -0.0050928 -0.0186719 0.0013552 -0.0051498 -0.01849 0.001502 -0.0053256 -0.018293 0.0016222 -0.0056573 -0.0180673 0.0016809 -0.0048819 -0.0187907 0.00104 -0.005607 -0.0179035 0.0015848 -0.0053995 -0.0181279 0.001626 -0.004861 -0.0186176 0.0012167 -0.0048363 -0.0188488 0.0008528 -0.0048581 -0.018429 0.0013125 -0.0050086 -0.0182597 0.0014463 -0.0053048 -0.0179696 0.0015212 -0.0050973 -0.0180781 0.0014653 -0.0047005 -0.0186307 0.0010295 -0.0046503 -0.0187573 0.000777 -0.0048173 -0.0182295 0.0012916 -0.0046414 -0.0184613 0.0010709 -0.0045965 -0.0188499 0.0003283 -0.0045222 -0.0185505 0.000842 -0.0049734 -0.0179035 0.0012717 -0.0045123 -0.0187536 0.0004785 -0.0044868 -0.0186686 0.0006162 -0.0046229 -0.0182815 0.0010856 -0.0048467 -0.0180369 0.0012538 -0.0044303 -0.0183179 0.0007857 -0.0046497 -0.0180773 0.0010647 -0.0043511 -0.0184621 0.000536 -0.0045886 -0.0188677 -0.0001017 -0.0044955 -0.0181192 0.0008649 -0.0043971 -0.0187094 0.000105 -0.0043569 -0.0185788 0.0003847 -0.0047294 -0.0178918 0.0010067 -0.0044265 -0.0181331 0.00073 -0.0044458 -0.0187555 -0.000183 -0.0043183 -0.0182036 0.0004839 -0.00451 -0.0179552 0.0007412 -0.004287 -0.018507 0.0001253 -0.0042589 -0.0183483 0.0001981 -0.0043408 -0.0186138 -0.0001816 -0.0043665 -0.0179778 0.0003853 -0.0045886 -0.0187984 -0.0005543 -0.0042892 -0.0181273 0.000271 -0.0044376 -0.0178958 0.0004447 -0.004249 -0.0183196 -0.0001275 -0.0042761 -0.0184386 -0.0002025 -0.0042604 -0.0181422 -8.7e-06 -0.0044066 -0.0186332 -0.00045 -0.0043119 -0.0180039 7.13e-05 -0.0048836 -0.0188438 -0.0009348 -0.0043326 -0.018451 -0.0004783 -0.0046389 -0.0187148 -0.0008426 -0.0044844 -0.018604 -0.0007121 -0.0043646 -0.0179064 -7.52e-05 -0.0043006 -0.0181971 -0.0004117 -0.0044179 -0.0184225 -0.000721 -0.004322 -0.0180505 -0.0003175 -0.0043637 -0.0182142 -0.0006219 -0.0047927 -0.018689 -0.001078 -0.0045777 -0.0185007 -0.0009666 -0.0045026 -0.0182818 -0.0009169 -0.0044077 -0.0180245 -0.0005895 -0.0044387 -0.0178918 -0.0004361 -0.0049925 -0.0187583 -0.0011873 -0.0053124 -0.0188502 -0.0012679 -0.0047428 -0.0185304 -0.0011548 -0.0044923 -0.0181024 -0.0008433 -0.0049913 -0.0185785 -0.0013552 -0.0047747 -0.0183338 -0.0012568 -0.0052084 -0.0187491 -0.0013546 -0.0045505 -0.0178944 -0.0007303 -0.0046808 -0.0181502 -0.001135 -0.0046429 -0.0179887 -0.0009942 -0.0055938 -0.0187943 -0.0014665 -0.005302 -0.0186267 -0.001509 -0.0050886 -0.0184345 -0.0014798 -0.0050713 -0.0182856 -0.00149 -0.0048413 -0.0179015 -0.0011444 -0.0048966 -0.0180611 -0.0013133 -0.00559 -0.0185922 -0.0016331 -0.0054544 -0.0184314 -0.0016524 -0.0058632 -0.0187389 -0.0015689 -0.0051606 -0.0181059 -0.0015111 -0.0051867 -0.0179066 -0.001421 -0.0054001 -0.0182603 -0.0016461 -0.0053787 -0.0180942 -0.0016093 -0.0057907 -0.0183874 -0.0017331 -0.0056542 -0.018227 -0.0017167 -0.0054955 -0.0179479 -0.0015808 -0.0057388 -0.0180082 -0.0016735 -0.005741 -0.0178611 -0.0015765 -0.0062051 -0.0189279 0.0012456 -0.0066997 -0.0188937 0.0011705 -0.0071055 -0.0188945 0.0007945 -0.0073079 -0.0188889 0.0004133 -0.0072431 -0.0189261 0.0002 -0.0073627 -0.0188913 -2.07e-05 -0.00724 -0.018901 -0.0005163 -0.0069443 -0.0189164 -0.0008854 -0.006493 -0.0188913 -0.001278 -0.0062049 -0.018927 -0.0012459 -0.0063184 -0.0187153 -0.0015691 -0.0062776 -0.0185764 -0.0016671 -0.0065001 -0.0187866 -0.0014426 -0.0067888 -0.0188158 -0.001266 -0.0062236 -0.0183242 -0.0017383 -0.0066363 -0.0185668 -0.0015687 -0.0069148 -0.018867 -0.0010774 -0.0068203 -0.0186737 -0.0014123 -0.0064744 -0.0183852 -0.001681 -0.0061929 -0.0181615 -0.0017293 -0.0067113 -0.0183964 -0.0015967 -0.0064721 -0.0181522 -0.001676 -0.0070958 -0.0187601 -0.0011023 -0.0069487 -0.0184728 -0.0014448 -0.0071419 -0.0188492 -0.00088 -0.0071926 -0.0186189 -0.0011665 -0.0068595 -0.0182846 -0.0015282 -0.0063955 -0.0179065 -0.0015868 -0.0067193 -0.0181042 -0.0015723 -0.0071603 -0.0184711 -0.0012783 -0.0070757 -0.0182668 -0.0013859 -0.0072937 -0.0187873 -0.0008116 -0.0066802 -0.0179268 -0.0014968 -0.0069942 -0.0180654 -0.0014009 -0.0073779 -0.0186261 -0.0009268 -0.0073238 -0.0183521 -0.0011464 -0.0073833 -0.0188153 -0.0005588 -0.0074104 -0.0184566 -0.0010067 -0.0075057 -0.0186538 -0.0006649 -0.0072842 -0.0181806 -0.0011817 -0.0070105 -0.0178972 -0.0012774 -0.0075019 -0.0188 -0.000206 -0.0075829 -0.0186776 -0.0003772 -0.0072298 -0.0179841 -0.0011434 -0.0075607 -0.0185028 -0.0007146 -0.0074496 -0.0181496 -0.0009632 -0.0075708 -0.0183378 -0.0007791 -0.0074916 -0.0188164 6.15e-05 -0.0076673 -0.0184619 -0.0004696 -0.007565 -0.018124 -0.0007435 -0.0072893 -0.0179069 -0.0010037 -0.0077017 -0.0185343 -0.0001754 -0.0074371 -0.0179367 -0.0008153 -0.0076683 -0.018228 -0.000536 -0.0076316 -0.0186677 7.1e-05 -0.0077095 -0.0185275 1.27e-05 -0.0075154 -0.0187669 0.000307 -0.0077403 -0.0182885 -0.0002173 -0.0076001 -0.0179872 -0.0005216 -0.0076961 -0.01812 -0.0003492 -0.0076273 -0.0186285 0.0003249 -0.0077544 -0.0183281 5.4e-05 -0.007497 -0.018725 0.000536 -0.0073231 -0.0188185 0.0006761 -0.0077305 -0.0181234 -8.13e-05 -0.0077037 -0.0184391 0.0003347 -0.0076262 -0.0179045 -0.0001536 -0.0075892 -0.0185562 0.000591 -0.0077181 -0.0182351 0.0003418 -0.0074111 -0.018693 0.0007863 -0.0076902 -0.0180154 0.0001634 -0.007649 -0.0183695 0.0005861 -0.0071959 -0.0187664 0.0009847 -0.0074883 -0.0185355 0.0008317 -0.0070044 -0.0188415 0.0010527 -0.0072696 -0.0186239 0.0010741 -0.0075425 -0.0183212 0.0008399 -0.0076333 -0.0180641 0.0005241 -0.0076369 -0.0181962 0.0006076 -0.0073576 -0.0184594 0.0010766 -0.0075654 -0.0179007 0.0004447 -0.0070467 -0.0186671 0.0012615 -0.0067551 -0.0187847 0.0013335 -0.0074806 -0.0180889 0.0008833 -0.007497 -0.0179707 0.000747 -0.0073782 -0.0182588 0.0010815 -0.0071503 -0.0184282 0.0013075 -0.0063658 -0.0188697 0.0013628 -0.0068406 -0.0186494 0.0014179 -0.0072293 -0.0181339 0.0012279 -0.0073686 -0.0179526 0.0009452 -0.0065512 -0.0187035 0.0015133 -0.007036 -0.0182803 0.0014176 -0.0068541 -0.0184687 0.0015016 -0.007216 -0.0179336 0.0011188 -0.0061752 -0.018837 0.001451 -0.0066133 -0.018532 0.0015919 -0.0069731 -0.0181808 0.0014484 -0.0067338 -0.018328 0.0015917 -0.0069828 -0.0179661 0.001351 -0.0062565 -0.0186651 0.0016193 -0.0064665 -0.0183793 0.0016868 -0.0067272 -0.0181466 0.0015777 -0.0067498 -0.0179894 0.0015072 -0.006398 -0.0181965 0.0017028 -0.0067203 -0.0178535 0.0014169 -0.006461 -0.0180238 0.0016347 -0.0064281 -0.0178779 0.0015505 -0.0062011 -0.0180588 0.0016995 -0.0062163 -0.0190577 -0.0005888 -0.0063362 -0.019074 -0.0003629 -0.0065754 -0.0190596 -0.0002175 -0.0072343 -0.0189292 -0.0002072 -0.0068705 -0.0190151 0.0002072 -0.0065739 -0.0190597 0.000219 -0.0063216 -0.0190743 0.0003757 -0.0062125 -0.0190545 0.0006134 -0.0066633 -0.0190123 -0.0006431 -0.006598 -0.0190114 0.0006955 -0.0057836 -0.0190577 0.0005888 -0.0056638 -0.019074 0.0003629 -0.0054245 -0.0190596 0.0002175 -0.0047687 -0.0189305 0.0002072 -0.0051294 -0.0190151 -0.0002072 -0.0054261 -0.0190597 -0.0002189 -0.0056784 -0.0190743 -0.0003756 -0.0057875 -0.0190545 -0.0006134 -0.0053367 -0.0190123 0.0006432 -0.005402 -0.0190114 -0.0006955 -0.0057927 -0.0189316 -0.001232 -0.0062049 -0.018927 -0.0012459 -0.0057931 -0.01845 -0.0012347 -0.0062035 -0.01845 -0.0012436 -0.0047671 -0.0189275 -0.0002072 -0.0057927 -0.0189316 -0.001232 -0.0057931 -0.01845 -0.0012347 -0.0051294 -0.0190151 -0.0002072 -0.0054261 -0.0190597 -0.0002189 -0.0056784 -0.0190743 -0.0003756 -0.0057875 -0.0190545 -0.0006134 -0.004765 -0.01845 -0.0002069 -0.0053935 -0.01845 -0.0002127 -0.0055882 -0.01845 -0.0003002 -0.0057328 -0.01845 -0.0004596 -0.005791 -0.01845 -0.0006463 -0.0057931 -0.01845 -0.0012347 -0.0062035 -0.01845 -0.0012436 -0.0062129 -0.01845 -0.0006046 -0.0063003 -0.01845 -0.0004115 -0.0064744 -0.01845 -0.0002576 -0.0066625 -0.01845 -0.0002081 -0.0072499 -0.01845 -0.0001988 -0.0072327 -0.01845 0.0002071 -0.0066288 -0.01845 0.0002104 -0.0064301 -0.01845 0.0002855 -0.0062578 -0.01845 0.0004739 -0.0062082 -0.01845 0.0006618 -0.0062035 -0.01845 0.0012436 -0.0057931 -0.01845 0.0012347 -0.0057824 -0.01845 0.0005719 -0.0056612 -0.01845 0.0003658 -0.0054457 -0.01845 0.00022 -0.0047571 -0.01845 0.000204 -0.004765 -0.01845 -0.0002069 -0.0053935 -0.01845 -0.0002127 -0.0055882 -0.01845 -0.0003002 -0.0057328 -0.01845 -0.0004596 -0.005791 -0.01845 -0.0006463 -0.0062049 -0.018927 -0.0012459 -0.0062163 -0.0190577 -0.0005888 -0.0063362 -0.019074 -0.0003629 -0.0065754 -0.0190596 -0.0002175 -0.0072343 -0.0189292 -0.0002072 -0.0062035 -0.01845 -0.0012436 -0.0062129 -0.01845 -0.0006046 -0.0063003 -0.01845 -0.0004115 -0.0064744 -0.01845 -0.0002576 -0.0066625 -0.01845 -0.0002081 -0.0072499 -0.01845 -0.0001988 -0.0072431 -0.0189261 0.0002 -0.0072343 -0.0189292 -0.0002072 -0.0072499 -0.01845 -0.0001988 -0.0072327 -0.01845 0.0002071 -0.0062051 -0.0189279 0.0012456 -0.0072431 -0.0189261 0.0002 -0.0068705 -0.0190151 0.0002072 -0.0065739 -0.0190597 0.000219 -0.0063216 -0.0190743 0.0003757 -0.0062125 -0.0190545 0.0006134 -0.0072327 -0.01845 0.0002071 -0.0066288 -0.01845 0.0002104 -0.0064301 -0.01845 0.0002855 -0.0062578 -0.01845 0.0004739 -0.0062082 -0.01845 0.0006618 -0.0062035 -0.01845 0.0012436 -0.0057928 -0.0189292 0.0012331 -0.0062051 -0.0189279 0.0012456 -0.0062035 -0.01845 0.0012436 -0.0057931 -0.01845 0.0012347 -0.0057928 -0.0189292 0.0012331 -0.0057836 -0.0190577 0.0005888 -0.0056638 -0.019074 0.0003629 -0.0054245 -0.0190596 0.0002175 -0.0047687 -0.0189305 0.0002072 -0.0057931 -0.01845 0.0012347 -0.0057824 -0.01845 0.0005719 -0.0056612 -0.01845 0.0003658 -0.0054457 -0.01845 0.00022 -0.0047571 -0.01845 0.000204 -0.0047467 -0.018927 -1.25e-05 -0.0047671 -0.0189275 -0.0002072 -0.0047687 -0.0189305 0.0002072 -0.0047571 -0.01845 0.000204 -0.004765 -0.01845 -0.0002069 0.0002371 -0.0117999 -0.0067821 0.0006556 -0.0117999 -0.0064763 0.0007946 -0.0118 -0.0061259 0.0007646 -0.0117999 -0.0057243 0.0004566 -0.0117999 -0.0053276 0 -0.0117999 -0.0051914 -0.0004793 -0.0117999 -0.0053403 -0.0007707 -0.0117999 -0.0057496 -0.0007945 -0.0118 -0.0061259 -0.000642 -0.0118 -0.0064985 -0.0002418 -0.0118 -0.0067731 0.0002371 -0.0117999 -0.0067821 0.0006556 -0.0117999 -0.0064763 0.0007946 -0.0118 -0.0061259 0.0007646 -0.0117999 -0.0057243 0.0004566 -0.0117999 -0.0053276 0 -0.0117999 -0.0051914 -0.0004793 -0.0117999 -0.0053403 -0.0007707 -0.0117999 -0.0057496 -0.0007945 -0.0118 -0.0061259 -0.000642 -0.0118 -0.0064985 -0.0002418 -0.0118 -0.0067731 -0.0001939 -0.0119984 -0.0069889 -0.0005432 -0.012 -0.006844 -0.0007774 -0.012 -0.0066348 -0.0009244 -0.0119992 -0.0063865 -0.0010024 -0.0120012 -0.0060854 -0.0009706 -0.012 -0.0057442 -0.0008547 -0.0119996 -0.0054762 -0.0007081 -0.0120003 -0.0052918 -0.0004571 -0.0119993 -0.0051029 -0.0001123 -0.0119985 -0.0050031 0.0001505 -0.0119997 -0.0050094 0.0004106 -0.0120006 -0.0050833 0.0006505 -0.0119987 -0.0052385 0.0008412 -0.0120006 -0.005451 0.0009525 -0.0120003 -0.0056904 0.0010021 -0.012 -0.0059433 0.0009697 -0.0120007 -0.0062621 0.0008526 -0.0119992 -0.0065264 0.0006685 -0.012 -0.0067487 0.0004078 -0.0119994 -0.0069165 0.0001583 -0.0120013 -0.0069898 -0.0001939 -0.0119984 -0.0069889 -0.0005432 -0.012 -0.006844 -0.0007774 -0.012 -0.0066348 -0.0009244 -0.0119992 -0.0063865 -0.0010024 -0.0120012 -0.0060854 -0.0009706 -0.012 -0.0057442 -0.0008547 -0.0119996 -0.0054762 -0.0007081 -0.0120003 -0.0052918 -0.0004571 -0.0119993 -0.0051029 -0.0001123 -0.0119985 -0.0050031 0.0001505 -0.0119997 -0.0050094 0.0004106 -0.0120006 -0.0050833 0.0006505 -0.0119987 -0.0052385 0.0008412 -0.0120006 -0.005451 0.0009525 -0.0120003 -0.0056904 0.0010021 -0.012 -0.0059433 0.0009697 -0.0120007 -0.0062621 0.0008526 -0.0119992 -0.0065264 0.0006685 -0.012 -0.0067487 0.0004078 -0.0119994 -0.0069165 0.0001583 -0.0120013 -0.0069898 9.2e-05 -0.0178 -0.004992 0.0005358 -0.0178 -0.0051485 0.0008696 -0.0178 -0.0054819 0.0010038 -0.0178 -0.0059329 0.0009655 -0.0178 -0.0062722 0.0008146 -0.0178 -0.0065918 0.0005253 -0.0178 -0.0068571 0.000234 -0.0178 -0.0069748 -5.06e-05 -0.0178 -0.0070025 -0.000374 -0.0178 -0.005066 -0.0007324 -0.0178 -0.0053062 -0.0009531 -0.0178 -0.0056778 -0.0010033 -0.0178 -0.0060283 -0.0009171 -0.0178 -0.0064228 -0.000673 -0.0178 -0.0067446 -0.0003847 -0.0178 -0.0069287 9.2e-05 -0.0178 -0.004992 0.0005358 -0.0178 -0.0051485 0.0008696 -0.0178 -0.0054819 0.0010038 -0.0178 -0.0059329 0.0009655 -0.0178 -0.0062722 0.0008146 -0.0178 -0.0065918 0.0005253 -0.0178 -0.0068571 0.000234 -0.0178 -0.0069748 -5.06e-05 -0.0178 -0.0070025 -0.000374 -0.0178 -0.005066 -0.0007324 -0.0178 -0.0053062 -0.0009531 -0.0178 -0.0056778 -0.0010033 -0.0178 -0.0060283 -0.0009171 -0.0178 -0.0064228 -0.000673 -0.0178 -0.0067446 -0.0003847 -0.0178 -0.0069287 -5.38e-05 -0.0178029 -0.0044536 -0.0004614 -0.0178001 -0.0045351 -0.0008166 -0.0178006 -0.0046923 -0.0012236 -0.0178001 -0.0050601 -0.0014611 -0.0178002 -0.0055076 -0.0015391 -0.0178009 -0.0059495 -0.0014898 -0.0178012 -0.0063964 -0.0013862 -0.0178003 -0.0066745 -0.001202 -0.0178014 -0.0069645 -0.0009917 -0.0178029 -0.0071864 -0.0005514 -0.0178 -0.0074352 -1.13e-05 -0.0178018 -0.0075446 0.0004251 -0.0178007 -0.0045198 0.000699 -0.0178003 -0.0046268 0.0011643 -0.0178 -0.0049897 0.0014249 -0.0178014 -0.0054097 0.0015163 -0.0178011 -0.0057239 0.0015259 -0.0178 -0.006192 0.0013555 -0.0178003 -0.0067405 0.00085 -0.0178006 -0.0072909 0.0003408 -0.0178002 -0.0075015 -5.38e-05 -0.0178029 -0.0044536 -0.0004614 -0.0178001 -0.0045351 -0.0008166 -0.0178006 -0.0046923 -0.0012236 -0.0178001 -0.0050601 -0.0014611 -0.0178002 -0.0055076 -0.0015391 -0.0178009 -0.0059495 -0.0014898 -0.0178012 -0.0063964 -0.0013862 -0.0178003 -0.0066745 -0.001202 -0.0178014 -0.0069645 -0.0009917 -0.0178029 -0.0071864 -0.0005514 -0.0178 -0.0074352 -1.13e-05 -0.0178018 -0.0075446 0.0004251 -0.0178007 -0.0045198 0.000699 -0.0178003 -0.0046268 0.0011643 -0.0178 -0.0049897 0.0014249 -0.0178014 -0.0054097 0.0015163 -0.0178011 -0.0057239 0.0015259 -0.0178 -0.006192 0.0013555 -0.0178003 -0.0067405 0.00085 -0.0178006 -0.0072909 0.0003408 -0.0178002 -0.0075015 0.0002049 -0.018927 -0.004754 0.0007179 -0.0188937 -0.0048396 0.0010126 -0.0189144 -0.0051727 0.0013327 -0.0188901 -0.0056755 0.0012534 -0.018927 -0.0060125 0.0012329 -0.0189275 -0.0062071 0.0010327 -0.0189103 -0.0068186 0.000699 -0.0188902 -0.0071798 0.0004157 -0.0188921 -0.0073018 0.0002072 -0.0189341 -0.0072274 3.83e-05 -0.0189267 -0.0072521 7.33e-05 -0.0180514 -0.0077128 6.89e-05 -0.0183076 -0.0077538 6.23e-05 -0.0185329 -0.0077055 -0.0001248 -0.0180361 -0.0042988 0.0001511 -0.0181097 -0.0042741 0.0001309 -0.0183226 -0.0042502 6.63e-05 -0.01858 -0.0043116 0.0001277 -0.0187785 -0.0044683 0.0001671 -0.0188841 -0.0046266 0.0004864 -0.0188268 -0.0046034 0.0003636 -0.0186447 -0.0043895 0.0006735 -0.0187165 -0.0045486 0.0003349 -0.0184866 -0.0043102 0.0007985 -0.0187863 -0.0047 0.000598 -0.0185522 -0.0044116 0.0004878 -0.018351 -0.0043174 0.0007275 -0.0183881 -0.0044126 0.0010539 -0.0188175 -0.0049507 0.0004681 -0.0181557 -0.0043251 0.0008766 -0.0185843 -0.0045609 0.0002434 -0.0178936 -0.0043946 0.0010674 -0.0186892 -0.0047816 0.0005123 -0.0179674 -0.0044076 0.0007256 -0.0182161 -0.004409 0.0009628 -0.018464 -0.0045619 0.0012319 -0.018857 -0.0052685 0.0012567 -0.0187129 -0.0050113 0.0007929 -0.0180415 -0.0044857 0.0012062 -0.0185413 -0.0047949 0.0009742 -0.0182806 -0.0045425 0.0012272 -0.0183913 -0.0047567 0.0011506 -0.0182175 -0.0046792 0.0014011 -0.018739 -0.0052718 0.0014163 -0.018518 -0.005035 0.0011125 -0.018055 -0.0046977 0.0009542 -0.0178871 -0.0046931 0.0014177 -0.0182486 -0.0049649 0.0015039 -0.0186985 -0.0054276 0.001507 -0.0187795 -0.0057023 0.0015159 -0.0184206 -0.0051429 0.0015596 -0.0185238 -0.0052946 0.0013436 -0.0180546 -0.004939 0.0016201 -0.0186183 -0.0055998 0.0011902 -0.0178958 -0.0048943 0.0014735 -0.0188283 -0.0060076 0.0013379 -0.0188942 -0.0062612 0.001617 -0.0182534 -0.005319 0.0016761 -0.0183938 -0.0055147 0.0015276 -0.0180563 -0.0052256 0.0016278 -0.018674 -0.005932 0.0013605 -0.0178918 -0.0051195 0.0017203 -0.0184619 -0.005797 0.0015452 -0.018751 -0.0062533 0.0017205 -0.0181923 -0.0056826 0.0015266 -0.0179366 -0.0053677 0.0016566 -0.0180799 -0.0055375 0.0017265 -0.0184743 -0.0061106 0.0016198 -0.0186437 -0.0063333 0.0013586 -0.0188311 -0.0065576 0.001196 -0.0188538 -0.0067987 0.0017493 -0.0182267 -0.0059272 0.0014192 -0.0187562 -0.0066497 0.0016333 -0.0179545 -0.005696 0.0017138 -0.0183917 -0.0063438 0.0016946 -0.018015 -0.0059469 0.0017332 -0.0182373 -0.0062703 0.001505 -0.018635 -0.0066883 0.0016129 -0.0185045 -0.0065856 0.0017064 -0.0180773 -0.0062006 0.0016262 -0.0178957 -0.0060735 0.001644 -0.0183335 -0.0066065 0.0013071 -0.0186805 -0.0069711 0.0015079 -0.0184866 -0.0068345 0.0010042 -0.0188179 -0.007097 0.0016402 -0.018107 -0.0065511 0.0015896 -0.017906 -0.0063775 0.0015209 -0.0183131 -0.0068698 0.001063 -0.0186976 -0.0072112 0.0013629 -0.0184259 -0.0070854 0.0015245 -0.0181397 -0.0068337 0.0008481 -0.0187712 -0.0072906 0.0015178 -0.0179686 -0.0067064 0.0011314 -0.0184913 -0.0073028 0.0013241 -0.0181706 -0.0071373 0.0009285 -0.0185828 -0.0074054 0.0005322 -0.0187668 -0.0074579 0.0013504 -0.0180773 -0.0070639 0.0011946 -0.018285 -0.007283 0.0013108 -0.0178887 -0.0069508 0.000698 -0.0186267 -0.007509 0.0009856 -0.0182838 -0.0074502 0.0008473 -0.0184361 -0.007514 0.0011587 -0.0179015 -0.0071444 0.0011034 -0.0180611 -0.0073134 0.0001211 -0.0188629 -0.0074159 0.0003766 -0.0185859 -0.0076432 0.0006054 -0.0184657 -0.0076206 9.94e-05 -0.0187266 -0.0075865 0.0008681 -0.0182313 -0.0075242 0.0009239 -0.0179829 -0.0074008 0.0005998 -0.0182602 -0.0076461 0.0003924 -0.0183865 -0.0077034 0.0007128 -0.0180885 -0.0075696 0.0003531 -0.0182219 -0.0077144 0.0006823 -0.0178918 -0.0074705 0.000464 -0.0180734 -0.007653 0.0004568 -0.0179145 -0.0075732 0.0001956 -0.0179597 -0.0076547 -0.0003553 -0.0189035 -0.0047185 -0.0006997 -0.0188937 -0.0048295 -0.0010752 -0.0189083 -0.0052308 -0.0012865 -0.0188874 -0.0055095 -0.0012431 -0.0189261 -0.0058 -0.0013859 -0.0188807 -0.0059673 -0.0013318 -0.0188933 -0.0062594 -0.0011887 -0.0189122 -0.0065405 -0.0009742 -0.0189093 -0.0068835 -0.0005925 -0.0189119 -0.0071669 -0.0002072 -0.0189292 -0.007233 -0.000267 -0.0188949 -0.0073255 -0.0002259 -0.0188094 -0.0074838 -0.000184 -0.0186654 -0.0076245 -0.0004747 -0.018821 -0.0074061 -0.0002052 -0.0184371 -0.0077282 -0.000444 -0.0186719 -0.0075692 -0.0007235 -0.018839 -0.0072685 -0.0004528 -0.0185181 -0.00765 -0.000672 -0.0186604 -0.0074958 -0.0001932 -0.0181883 -0.007735 -0.0009206 -0.0188678 -0.0070704 -0.0004878 -0.018351 -0.0076826 -0.000873 -0.0187191 -0.0073327 -0.0007352 -0.0183885 -0.0075863 -0.0002936 -0.0180027 -0.0076635 -0.0008919 -0.018536 -0.0074541 -0.0005309 -0.0181569 -0.0076602 -0.0003084 -0.0178972 -0.0076007 -0.0011536 -0.0187347 -0.0070844 -0.0011753 -0.0188551 -0.0068225 -0.0011121 -0.0185626 -0.007281 -0.0009744 -0.0183337 -0.0074589 -0.0006395 -0.0179874 -0.0075577 -0.0008307 -0.0180931 -0.0075121 -0.0011925 -0.0183362 -0.0072839 -0.0013794 -0.0187692 -0.0066993 -0.0013454 -0.0186282 -0.006978 -0.0010771 -0.0180854 -0.007347 -0.0013791 -0.0188424 -0.0064574 -0.0013753 -0.0184026 -0.0070733 -0.0008492 -0.0178898 -0.0073806 -0.0012849 -0.0182089 -0.0071847 -0.0015293 -0.0186293 -0.0066465 -0.0015036 -0.0184459 -0.0068643 -0.0015393 -0.0187358 -0.0063516 -0.0013017 -0.0180722 -0.0071218 -0.0014956 -0.018167 -0.0069013 -0.0015547 -0.0187603 -0.0061291 -0.00165 -0.0184649 -0.0065294 -0.0012713 -0.0179508 -0.0070694 -0.0015894 -0.0183205 -0.0067413 -0.0016544 -0.0185781 -0.006329 -0.0014371 -0.0179368 -0.0068152 -0.0016125 -0.0180939 -0.0066133 -0.0017074 -0.0182524 -0.0064083 -0.0015336 -0.0187687 -0.0058168 -0.0014272 -0.0188243 -0.0056019 -0.0016973 -0.0185559 -0.0060332 -0.0017444 -0.0183865 -0.0061319 -0.0016388 -0.0186299 -0.0057358 -0.0015883 -0.0179588 -0.0065033 -0.0016921 -0.0180936 -0.0063243 -0.001702 -0.0185109 -0.0057979 -0.0015452 -0.018679 -0.0054945 -0.0017375 -0.0181439 -0.0060588 -0.0017443 -0.0183152 -0.0058119 -0.0016257 -0.0179121 -0.0061968 -0.0014182 -0.0187164 -0.0052618 -0.0016827 -0.0183985 -0.0055352 -0.0011809 -0.0188261 -0.0051042 -0.001608 -0.0185035 -0.0053929 -0.0017072 -0.0181335 -0.0056732 -0.0016533 -0.0179437 -0.0058434 -0.0010203 -0.0188406 -0.0049602 -0.0014883 -0.0185355 -0.0051683 -0.00164 -0.0182006 -0.005399 -0.001319 -0.0185807 -0.0049475 -0.0015825 -0.0183503 -0.0052543 -0.001122 -0.0186699 -0.004809 -0.001426 -0.0183837 -0.0049889 -0.0015761 -0.0180396 -0.0053485 -0.0015604 -0.0179124 -0.0055031 -0.0015297 -0.0181903 -0.0051577 -0.0007551 -0.0187847 -0.0046665 -0.0013782 -0.0182588 -0.0049186 -0.0011941 -0.0184207 -0.0047325 -0.0014199 -0.0180499 -0.005046 -0.0008995 -0.0186459 -0.0046169 -0.0014043 -0.0179122 -0.0051603 -0.0009646 -0.0184585 -0.0045633 -0.0012744 -0.0181537 -0.0048149 -0.0004016 -0.0188032 -0.0045457 -0.0006564 -0.0186142 -0.0044626 -0.0001881 -0.0188533 -0.0045765 -0.0010374 -0.0182836 -0.0045844 -0.0012337 -0.0179158 -0.0049205 -0.0010934 -0.0179341 -0.0047589 -0.0010713 -0.0180994 -0.0046478 -0.0003957 -0.0186572 -0.0044069 -0.0007214 -0.0183701 -0.0044041 -0.0008017 -0.0181612 -0.0044521 -0.0001716 -0.0187226 -0.0044193 -0.0008706 -0.0179892 -0.0045598 -0.0004351 -0.0184892 -0.0043313 -0.0002003 -0.0185404 -0.004308 -0.0004892 -0.0182453 -0.0043159 -0.0006282 -0.0179023 -0.0044966 -0.0001911 -0.0183437 -0.0042591 -0.000514 -0.0180323 -0.0043766 -0.0002062 -0.0181778 -0.0042682 -0.0003258 -0.0178938 -0.0044103 -0.0002163 -0.0190577 -0.0065888 -0.0003362 -0.019074 -0.0063629 -0.0005754 -0.0190596 -0.0062175 -0.0012343 -0.0189292 -0.0062071 -0.0008705 -0.0190151 -0.0057928 -0.0005739 -0.0190597 -0.005781 -0.0003216 -0.0190743 -0.0056243 -0.0002125 -0.0190545 -0.0053866 -0.0002073 -0.0189316 -0.0047679 -0.0006633 -0.0190123 -0.0066432 -0.000598 -0.0190114 -0.0053045 0.0002164 -0.0190577 -0.0054112 0.0003362 -0.019074 -0.0056371 0.0005755 -0.0190596 -0.0057825 0.0012313 -0.0189305 -0.0057928 0.0007051 -0.0190457 -0.0062036 0.00046 -0.0190698 -0.0062658 0.0002748 -0.0190707 -0.0064458 0.0002101 -0.0190513 -0.0066367 0.0006633 -0.0190123 -0.0053568 0.000598 -0.0190114 -0.0066955 0.0002072 -0.0189341 -0.0072274 3.83e-05 -0.0189267 -0.0072521 -0.0002072 -0.0189292 -0.007233 -0.0002069 -0.01845 -0.0072347 0.0002036 -0.01845 -0.0072436 0.0012329 -0.0189275 -0.0062071 0.0002072 -0.0189341 -0.0072274 0.0002036 -0.01845 -0.0072436 0.0007051 -0.0190457 -0.0062036 0.00046 -0.0190698 -0.0062658 0.0002748 -0.0190707 -0.0064458 0.0002101 -0.0190513 -0.0066367 0.001235 -0.01845 -0.0062068 0.0005717 -0.01845 -0.0062176 0.0003397 -0.01845 -0.0063614 0.000215 -0.01845 -0.0065877 -0.0002069 -0.01845 -0.0072347 0.0002036 -0.01845 -0.0072436 -0.0002176 -0.01845 -0.0065719 -0.0003623 -0.01845 -0.0063387 -0.0005887 -0.01845 -0.0062146 -0.0012499 -0.01845 -0.0061988 -0.0012327 -0.01845 -0.0057929 -0.0006066 -0.01845 -0.0057873 -0.0003922 -0.01845 -0.005687 -0.0002205 -0.01845 -0.0054467 -0.0002035 -0.01845 -0.0047564 0.000207 -0.01845 -0.0047653 0.0002176 -0.01845 -0.005428 0.0003624 -0.01845 -0.0056612 0.0005888 -0.01845 -0.0057853 0.0012429 -0.01845 -0.005796 0.001235 -0.01845 -0.0062068 0.0005717 -0.01845 -0.0062176 0.0003397 -0.01845 -0.0063614 0.000215 -0.01845 -0.0065877 -0.0002072 -0.0189292 -0.007233 -0.0002163 -0.0190577 -0.0065888 -0.0003362 -0.019074 -0.0063629 -0.0005754 -0.0190596 -0.0062175 -0.0012343 -0.0189292 -0.0062071 -0.0002069 -0.01845 -0.0072347 -0.0002176 -0.01845 -0.0065719 -0.0003623 -0.01845 -0.0063387 -0.0005887 -0.01845 -0.0062146 -0.0012499 -0.01845 -0.0061988 -0.0012431 -0.0189261 -0.0058 -0.0012343 -0.0189292 -0.0062071 -0.0012499 -0.01845 -0.0061988 -0.0012327 -0.01845 -0.0057929 -0.0012431 -0.0189261 -0.0058 -0.0008705 -0.0190151 -0.0057928 -0.0005739 -0.0190597 -0.005781 -0.0003216 -0.0190743 -0.0056243 -0.0002125 -0.0190545 -0.0053866 -0.0002073 -0.0189316 -0.0047679 -0.0012327 -0.01845 -0.0057929 -0.0006066 -0.01845 -0.0057873 -0.0003922 -0.01845 -0.005687 -0.0002205 -0.01845 -0.0054467 -0.0002035 -0.01845 -0.0047564 0.0002049 -0.018927 -0.004754 -0.0002073 -0.0189316 -0.0047679 -0.0002035 -0.01845 -0.0047564 0.000207 -0.01845 -0.0047653 0.0002049 -0.018927 -0.004754 0.0002164 -0.0190577 -0.0054112 0.0003362 -0.019074 -0.0056371 0.0005755 -0.0190596 -0.0057825 0.0012313 -0.0189305 -0.0057928 0.000207 -0.01845 -0.0047653 0.0002176 -0.01845 -0.005428 0.0003624 -0.01845 -0.0056612 0.0005888 -0.01845 -0.0057853 0.0012429 -0.01845 -0.005796 0.0012534 -0.018927 -0.0060125 0.0012329 -0.0189275 -0.0062071 0.0012313 -0.0189305 -0.0057928 0.0012429 -0.01845 -0.005796 0.001235 -0.01845 -0.0062068 6.51e-05 -0.0117999 0.0051965 0.0003641 -0.0118 0.0052856 0.0006153 -0.0117999 0.0054745 0.0007905 -0.0118 0.0058371 0.0007646 -0.0117999 0.0062757 0.0004566 -0.0117999 0.0066724 0 -0.0117999 0.0068086 -0.0003644 -0.0118 0.0067151 -0.0006724 -0.0117999 0.0064566 -0.0008103 -0.0117999 0.006 -0.0006597 -0.0117999 0.0055206 -0.0003082 -0.0118 0.005256 6.51e-05 -0.0117999 0.0051965 0.0003641 -0.0118 0.0052856 0.0006153 -0.0117999 0.0054745 0.0007905 -0.0118 0.0058371 0.0007646 -0.0117999 0.0062757 0.0004566 -0.0117999 0.0066724 0 -0.0117999 0.0068086 -0.0003644 -0.0118 0.0067151 -0.0006724 -0.0117999 0.0064566 -0.0008103 -0.0117999 0.006 -0.0006597 -0.0117999 0.0055206 -0.0003082 -0.0118 0.005256 6.7e-06 -0.0120004 0.004998 -0.0002487 -0.0119994 0.0050276 -0.0005432 -0.012 0.005156 -0.0007774 -0.012 0.0053651 -0.0009575 -0.0119993 0.0056889 -0.0010021 -0.0120004 0.0060789 -0.0009186 -0.012 0.0064045 -0.0007641 -0.0119992 0.0066482 -0.0005667 -0.0120014 0.0068285 -0.0003351 -0.0120003 0.0069433 -7.97e-05 -0.0119991 0.0070021 0.0002691 -0.0120011 0.006967 0.0005432 -0.012 0.006844 0.000782 -0.0120006 0.0066304 0.0009365 -0.0119994 0.0063598 0.0010021 -0.012 0.0060566 0.0009697 -0.0120007 0.0057379 0.0008525 -0.0119992 0.0054736 0.0006686 -0.012 0.0052513 0.0003551 -0.0120015 0.0050568 6.7e-06 -0.0120004 0.004998 -0.0002487 -0.0119994 0.0050276 -0.0005432 -0.012 0.005156 -0.0007774 -0.012 0.0053651 -0.0009575 -0.0119993 0.0056889 -0.0010021 -0.0120004 0.0060789 -0.0009186 -0.012 0.0064045 -0.0007641 -0.0119992 0.0066482 -0.0005667 -0.0120014 0.0068285 -0.0003351 -0.0120003 0.0069433 -7.97e-05 -0.0119991 0.0070021 0.0002691 -0.0120011 0.006967 0.0005432 -0.012 0.006844 0.000782 -0.0120006 0.0066304 0.0009365 -0.0119994 0.0063598 0.0010021 -0.012 0.0060566 0.0009697 -0.0120007 0.0057379 0.0008525 -0.0119992 0.0054736 0.0006686 -0.012 0.0052513 0.0003551 -0.0120015 0.0050568 0.0001291 -0.0178 0.0069955 0.00042 -0.0178 0.006911 0.000712 -0.0178 0.006712 0.0009162 -0.0178 0.0064101 0.0010038 -0.0178 0.0060672 0.0009341 -0.0178 0.0056131 0.0006051 -0.0178 0.0051886 0.0001575 -0.0178 0.0050055 -0.000262 -0.0178 0.0069743 -0.0007068 -0.0178 0.0067246 -0.0009531 -0.0178 0.0063222 -0.0010033 -0.0178 0.0059717 -0.0009171 -0.0178 0.0055772 -0.0006731 -0.0178 0.0052554 -0.0003124 -0.0178 0.0050384 0.0001291 -0.0178 0.0069955 0.00042 -0.0178 0.006911 0.000712 -0.0178 0.006712 0.0009162 -0.0178 0.0064101 0.0010038 -0.0178 0.0060672 0.0009341 -0.0178 0.0056131 0.0006051 -0.0178 0.0051886 0.0001575 -0.0178 0.0050055 -0.000262 -0.0178 0.0069743 -0.0007068 -0.0178 0.0067246 -0.0009531 -0.0178 0.0063222 -0.0010033 -0.0178 0.0059717 -0.0009171 -0.0178 0.0055772 -0.0006731 -0.0178 0.0052554 -0.0003124 -0.0178 0.0050384 1.16e-05 -0.0178 0.007541 -0.0006283 -0.0177999 0.0074118 -0.0012892 -0.0178002 0.0068364 -0.0014611 -0.0178002 0.0064924 -0.0015391 -0.0178009 0.0060505 -0.0014898 -0.0178012 0.0056037 -0.0013862 -0.0178003 0.0053255 -0.001202 -0.0178014 0.0050355 -0.0009917 -0.0178029 0.0048136 -0.0006004 -0.0178001 0.0045864 -0.00018 -0.0178 0.004472 0.0006326 -0.0178005 0.0074095 0.0011644 -0.0178 0.0070103 0.0014249 -0.0178014 0.0065903 0.0015163 -0.0178011 0.0062761 0.0015259 -0.0178 0.0058079 0.001369 -0.0178 0.0052905 0.0010431 -0.0178007 0.0048661 0.0006404 -0.0178002 0.0045966 0.0002814 -0.0178011 0.0044852 -0.0010798 -0.0178025 0.0071054 1.16e-05 -0.0178 0.007541 -0.0006283 -0.0177999 0.0074118 -0.0012892 -0.0178002 0.0068364 -0.0014611 -0.0178002 0.0064924 -0.0015391 -0.0178009 0.0060505 -0.0014898 -0.0178012 0.0056037 -0.0013862 -0.0178003 0.0053255 -0.001202 -0.0178014 0.0050355 -0.0009917 -0.0178029 0.0048136 -0.0006004 -0.0178001 0.0045864 -0.00018 -0.0178 0.004472 0.0006326 -0.0178005 0.0074095 0.0011644 -0.0178 0.0070103 0.0014249 -0.0178014 0.0065903 0.0015163 -0.0178011 0.0062761 0.0015259 -0.0178 0.0058079 0.001369 -0.0178 0.0052905 0.0010431 -0.0178007 0.0048661 0.0006404 -0.0178002 0.0045966 0.0002814 -0.0178011 0.0044852 0.0002049 -0.018927 0.007246 0.000697 -0.0189079 0.0071294 0.0010656 -0.0188927 0.0068543 0.0013024 -0.0188989 0.0063601 0.0012534 -0.018927 0.0059875 0.0012329 -0.0189275 0.0057928 0.0012258 -0.0189029 0.0054599 0.0009251 -0.018909 0.0050568 0.0002072 -0.0189341 0.0047726 3.82e-05 -0.0189267 0.0047479 0.0001036 -0.017911 0.0043659 6.55e-05 -0.018075 0.0042838 8.09e-05 -0.0182407 0.0042503 7.5e-05 -0.0184747 0.0042721 -7.31e-05 -0.0186248 0.0043411 1.53e-05 -0.0179053 0.0076316 -2e-07 -0.0181141 0.007734 3.6e-06 -0.0183681 0.0077497 -5.07e-05 -0.0186122 0.0076694 -9e-05 -0.0187677 0.0075438 -0.000176 -0.0188598 0.0074186 0.000267 -0.0188949 0.0073256 0.0001953 -0.0187892 0.0075161 0.0005228 -0.0188384 0.0073631 0.0002725 -0.0185617 0.0076754 0.0004535 -0.0186867 0.0075565 0.0002082 -0.0184119 0.0077306 0.0007706 -0.0187197 0.0073994 0.0002047 -0.018178 0.0077326 0.0006607 -0.0185516 0.0075659 0.0004748 -0.0183595 0.007685 0.0008761 -0.0188313 0.0071781 0.0007274 -0.018388 0.0075874 0.0004807 -0.0181731 0.0076756 0.0003179 -0.017933 0.0076228 0.0009422 -0.0185569 0.0074116 0.0011313 -0.0187699 0.0070607 0.0007808 -0.0181789 0.0075616 0.0011338 -0.0185714 0.0072544 0.0010378 -0.0183705 0.0074101 0.0006109 -0.0179873 0.0075687 0.0013029 -0.0188324 0.0066785 0.0012567 -0.018713 0.0069887 0.0010237 -0.0182546 0.0074247 0.0008164 -0.0179936 0.0074728 0.0013878 -0.0185289 0.0070008 0.0014433 -0.0187158 0.006691 0.0012689 -0.0184194 0.0071894 0.0011125 -0.018055 0.0073023 0.0012857 -0.018257 0.0071921 0.0014304 -0.0188181 0.0064077 0.0009541 -0.0178871 0.007307 0.0015494 -0.0185354 0.0067136 0.001505 -0.0183381 0.006899 0.0013772 -0.0180577 0.0070213 0.0014879 -0.0181766 0.0069141 0.0014787 -0.0188257 0.0060446 0.0016236 -0.0185829 0.0064487 0.0011901 -0.0178958 0.0071057 0.0015927 -0.0187117 0.0061909 0.0013825 -0.0188774 0.0058196 0.001663 -0.0183951 0.0065333 0.0016462 -0.0182516 0.0066029 0.0013605 -0.0178918 0.0068805 0.0016813 -0.0185644 0.0062074 0.0015496 -0.0179841 0.006654 0.0016181 -0.0186882 0.0059 0.0017205 -0.0181923 0.0063174 0.0017326 -0.0183851 0.0062049 0.0014966 -0.0187659 0.0055951 0.0017335 -0.0184583 0.0059896 0.0016566 -0.0180799 0.0064625 0.001361 -0.0188087 0.0053579 0.0016595 -0.0185954 0.0057386 0.0017493 -0.0182267 0.0060728 0.0016242 -0.0179051 0.0061934 0.0015192 -0.0186523 0.0053663 0.0016903 -0.0184369 0.0055846 0.0016946 -0.018015 0.0060531 0.0017324 -0.0182326 0.0057318 0.0011802 -0.0188337 0.005132 0.0017064 -0.0180773 0.0057994 0.001644 -0.0183335 0.0053935 0.0015565 -0.0184837 0.0052595 0.0013795 -0.0186284 0.0050783 0.001621 -0.0179179 0.0057332 0.001223 -0.0187029 0.0049536 0.0010042 -0.0188179 0.004903 0.0016241 -0.0180822 0.0054211 0.0014104 -0.018412 0.0049718 0.0006163 -0.0188935 0.004782 0.0015317 -0.0182919 0.0051466 0.0009357 -0.0187523 0.0047426 0.0012572 -0.0185304 0.0048451 0.0015291 -0.0178902 0.0054684 0.0014987 -0.0180934 0.0051451 0.0010473 -0.0185634 0.0046682 0.0013241 -0.0181706 0.0048628 0.0011602 -0.0183299 0.0046826 0.0013641 -0.0178859 0.0051249 0.0006407 -0.0187433 0.0045611 0.0013504 -0.0180773 0.0049361 0.0008135 -0.0185824 0.0045257 0.0002539 -0.0188642 0.0046021 0.0009562 -0.0184286 0.0045482 0.0004375 -0.018757 0.0045049 0.0012144 -0.0179734 0.0048488 0.0010714 -0.0180984 0.0046459 0.0005112 -0.018611 0.0044089 0.0007672 -0.0183316 0.0044219 0.0008795 -0.0181941 0.004489 0.000605 -0.0184255 0.0043698 0.0001267 -0.0187508 0.0044399 0.0009619 -0.0179105 0.004677 0.0002676 -0.0186046 0.0043453 0.0007755 -0.0180039 0.0044984 0.0003358 -0.0184075 0.004291 0.000599 -0.0181221 0.0043752 0.0004195 -0.0182522 0.0042969 0.0006823 -0.0178918 0.0045295 0.000338 -0.0181016 0.0043049 0.0004747 -0.0179395 0.0044167 -0.0002082 -0.0189322 0.0072365 -0.0006852 -0.0189114 0.0071171 -0.0010703 -0.0188876 0.006866 -0.0012306 -0.018907 0.0065051 -0.0012431 -0.0189261 0.0062001 -0.0013936 -0.0188767 0.0060779 -0.0013108 -0.0189006 0.0057136 -0.0009742 -0.0189093 0.0051165 -0.0005108 -0.0189022 0.0047581 -0.0002072 -0.0189292 0.0047669 -9.32e-05 -0.0188758 0.0046062 -0.0002409 -0.0187668 0.004468 -0.0005305 -0.0187869 0.0045692 -0.0001966 -0.0184879 0.0042888 -0.0003957 -0.0186437 0.0043979 -0.0007448 -0.0188771 0.0048196 -0.0002061 -0.0182816 0.0042583 -0.0003997 -0.0184876 0.0043226 -0.0007822 -0.0188034 0.0047135 -0.0007881 -0.0187108 0.0046025 -0.0002014 -0.0180773 0.0042927 -0.0007555 -0.018575 0.0044894 -0.000479 -0.0183585 0.004316 -0.0008011 -0.0183881 0.0044468 -0.0010853 -0.0188051 0.0049572 -0.0004848 -0.0181439 0.0043301 -0.000307 -0.017893 0.0044032 -0.0006646 -0.0182597 0.0043777 -0.00113 -0.0187143 0.004869 -0.0011792 -0.0188859 0.0052835 -0.0010265 -0.0186093 0.0046844 -0.0009757 -0.0184419 0.0045647 -0.0005378 -0.018031 0.0043832 -0.0008487 -0.0181809 0.0044755 -0.0012067 -0.01854 0.0047947 -0.00135 -0.018767 0.0052357 -0.001127 -0.018216 0.004659 -0.0007876 -0.0179096 0.0045643 -0.0011925 -0.0183362 0.0047161 -0.0009065 -0.018049 0.0045503 -0.0013779 -0.0186261 0.0050732 -0.0013753 -0.0184026 0.0049267 -0.0014045 -0.0188254 0.005546 -0.0011501 -0.0180333 0.0047455 -0.0015293 -0.0186293 0.0053535 -0.0015464 -0.0184192 0.005196 -0.0013424 -0.018131 0.0048975 -0.0015393 -0.0187358 0.0056484 -0.0014956 -0.0181669 0.0050987 -0.0015547 -0.0187603 0.0058709 -0.00165 -0.0184649 0.0054706 -0.0012713 -0.0179508 0.0049305 -0.0016544 -0.0185781 0.005671 -0.0015989 -0.0182056 0.0052909 -0.0014371 -0.0179367 0.0051848 -0.0017074 -0.0182524 0.0055917 -0.0015276 -0.0187585 0.0063212 -0.0016973 -0.0185559 0.0059667 -0.0017444 -0.0183865 0.0058681 -0.0015995 -0.0179889 0.0054729 -0.0016756 -0.0185843 0.0062 -0.0013475 -0.0188505 0.006509 -0.0016921 -0.0180936 0.0056757 -0.0017375 -0.0181439 0.0059412 -0.0015836 -0.0186298 0.006498 -0.0017443 -0.0183152 0.0061881 -0.0016257 -0.0179121 0.0058032 -0.0013942 -0.0187512 0.0067079 -0.0016827 -0.0183984 0.0064648 -0.001608 -0.0185035 0.0066071 -0.0012062 -0.0187614 0.0069842 -0.0017072 -0.0181335 0.0063268 -0.0016533 -0.0179437 0.0061565 -0.0014923 -0.0185595 0.0068059 -0.0013561 -0.0186523 0.0069266 -0.0010352 -0.0188252 0.0070538 -0.00164 -0.0182006 0.006601 -0.0015825 -0.0183503 0.0067457 -0.0014569 -0.0183939 0.0069598 -0.0015761 -0.0180396 0.0066515 -0.001303 -0.0185004 0.0071216 -0.0011699 -0.0186131 0.0071899 -0.0015604 -0.0179124 0.0064969 -0.0008575 -0.0188116 0.007228 -0.0015297 -0.0181903 0.0068423 -0.0008872 -0.0187203 0.0073286 -0.0005841 -0.0188383 0.0073407 -0.0013255 -0.0182844 0.0071535 -0.0014318 -0.018062 0.0069429 -0.0014334 -0.0179133 0.0067864 -0.001026 -0.0184261 0.0074067 -0.000948 -0.0185589 0.0074045 -0.00128 -0.0181249 0.007173 -0.0010322 -0.0182503 0.0074185 -0.0012769 -0.0179001 0.0070083 -0.0004532 -0.0186991 0.0075491 -0.0006495 -0.018534 0.0075803 -0.0010931 -0.0179993 0.0072869 -0.0007306 -0.0184391 0.0075751 -0.001077 -0.0181251 0.0073573 -0.0010798 -0.0178025 0.0071054 -0.0007187 -0.0182115 0.0075969 -0.0008344 -0.0180935 0.0075099 -0.0002803 -0.018535 0.0076857 -0.0004795 -0.0183363 0.0076851 -0.0008879 -0.0178892 0.0073537 -0.000473 -0.0181782 0.0076774 -0.0006823 -0.0178918 0.0074705 -0.000514 -0.0180323 0.0076234 -0.0002361 -0.0182584 0.0077378 -0.0003565 -0.0178932 0.0075835 -0.0002056 -0.0180338 0.0076894 -0.0002163 -0.0190577 0.0054112 -0.0003362 -0.019074 0.0056371 -0.0005754 -0.0190596 0.0057825 -0.0012343 -0.0189292 0.0057928 -0.0008705 -0.0190151 0.0062072 -0.0005739 -0.0190597 0.006219 -0.0003664 -0.0190734 0.0063366 -0.000221 -0.0190619 0.0065577 -0.0006633 -0.0190123 0.0053569 -0.000598 -0.0190114 0.0066955 0.0002164 -0.0190577 0.0065888 0.0003362 -0.019074 0.006363 0.0005755 -0.0190596 0.0062175 0.0012313 -0.0189305 0.0062072 0.0007051 -0.0190458 0.0057964 0.00046 -0.0190698 0.0057342 0.0002897 -0.0190714 0.005574 0.0002125 -0.0190545 0.0053866 0.0006633 -0.0190123 0.0066432 0.000598 -0.0190114 0.0053045 0.0002072 -0.0189341 0.0047726 3.82e-05 -0.0189267 0.0047479 -0.0002072 -0.0189292 0.0047669 -0.0002069 -0.01845 0.0047653 0.0002036 -0.01845 0.0047564 0.0012329 -0.0189275 0.0057928 0.0002072 -0.0189341 0.0047726 0.0002036 -0.01845 0.0047564 0.0007051 -0.0190458 0.0057964 0.00046 -0.0190698 0.0057342 0.0002897 -0.0190714 0.005574 0.0002125 -0.0190545 0.0053866 0.001235 -0.01845 0.0057931 0.0005717 -0.01845 0.0057824 0.0003397 -0.01845 0.0056386 0.000215 -0.01845 0.0054123 -0.0002069 -0.01845 0.0047653 0.0002036 -0.01845 0.0047564 -0.0002176 -0.01845 0.0054281 -0.0003623 -0.01845 0.0056613 -0.0005887 -0.01845 0.0057854 -0.0012499 -0.01845 0.0058012 -0.0012327 -0.01845 0.0062071 -0.0005487 -0.01845 0.0062218 -0.0002973 -0.01845 0.0064104 -0.0002106 -0.01845 0.0066256 -0.0002035 -0.01845 0.0072436 0.000207 -0.01845 0.0072347 0.0002176 -0.01845 0.0065719 0.0003624 -0.01845 0.0063388 0.0005888 -0.01845 0.0062146 0.0012429 -0.01845 0.006204 0.001235 -0.01845 0.0057931 0.0005717 -0.01845 0.0057824 0.0003397 -0.01845 0.0056386 0.000215 -0.01845 0.0054123 -0.0002072 -0.0189292 0.0047669 -0.0002163 -0.0190577 0.0054112 -0.0003362 -0.019074 0.0056371 -0.0005754 -0.0190596 0.0057825 -0.0012343 -0.0189292 0.0057928 -0.0002069 -0.01845 0.0047653 -0.0002176 -0.01845 0.0054281 -0.0003623 -0.01845 0.0056613 -0.0005887 -0.01845 0.0057854 -0.0012499 -0.01845 0.0058012 -0.0012431 -0.0189261 0.0062001 -0.0012343 -0.0189292 0.0057928 -0.0012499 -0.01845 0.0058012 -0.0012327 -0.01845 0.0062071 -0.0002082 -0.0189322 0.0072365 -0.0012431 -0.0189261 0.0062001 -0.0008705 -0.0190151 0.0062072 -0.0005739 -0.0190597 0.006219 -0.0003664 -0.0190734 0.0063366 -0.000221 -0.0190619 0.0065577 -0.0012327 -0.01845 0.0062071 -0.0005487 -0.01845 0.0062218 -0.0002973 -0.01845 0.0064104 -0.0002106 -0.01845 0.0066256 -0.0002035 -0.01845 0.0072436 0.0002049 -0.018927 0.007246 -0.0002082 -0.0189322 0.0072365 -0.0002035 -0.01845 0.0072436 0.000207 -0.01845 0.0072347 0.0002049 -0.018927 0.007246 0.0002164 -0.0190577 0.0065888 0.0003362 -0.019074 0.006363 0.0005755 -0.0190596 0.0062175 0.0012313 -0.0189305 0.0062072 0.000207 -0.01845 0.0072347 0.0002176 -0.01845 0.0065719 0.0003624 -0.01845 0.0063388 0.0005888 -0.01845 0.0062146 0.0012429 -0.01845 0.006204 0.0012534 -0.018927 0.0059875 0.0012329 -0.0189275 0.0057928 0.0012313 -0.0189305 0.0062072 0.0012429 -0.01845 0.006204 0.001235 -0.01845 0.0057931 0.0059706 -0.0118 -0.0008037 0.0063082 -0.0118 -0.000744 0.006642 -0.0117999 -0.0004984 0.0068155 -0.0117998 0 0.0066556 -0.0117999 0.0004763 0.0063645 -0.0118 0.0007151 0.006 -0.0117999 0.0008086 0.0056008 -0.0118 0.0007015 0.0053666 -0.0118 0.0004937 0.0052017 -0.0117999 0.0001526 0.0052772 -0.0117999 -0.0003683 0.0056321 -0.0117999 -0.000722 0.0059706 -0.0118 -0.0008037 0.0063082 -0.0118 -0.000744 0.006642 -0.0117999 -0.0004984 0.0068155 -0.0117998 0 0.0066556 -0.0117999 0.0004763 0.0063645 -0.0118 0.0007151 0.006 -0.0117999 0.0008086 0.0056008 -0.0118 0.0007015 0.0053666 -0.0118 0.0004937 0.0052017 -0.0117999 0.0001526 0.0052772 -0.0117999 -0.0003683 0.0056321 -0.0117999 -0.000722 0.0061231 -0.012001 -0.0009961 0.0057688 -0.0120009 -0.0009791 0.0054568 -0.012 -0.000844 0.0052226 -0.012 -0.0006348 0.0050266 -0.0120035 -0.0002687 0.0050023 -0.0119994 0.0001046 0.0051029 -0.0119993 0.0004571 0.0052919 -0.0120003 0.0007082 0.0054997 -0.0120007 0.000871 0.0057493 -0.0119997 0.0009698 0.0060305 -0.0120006 0.0010033 0.006384 -0.0120015 0.0009308 0.0066504 -0.0119987 0.0007615 0.0068412 -0.0120006 0.000549 0.0069525 -0.0120003 0.0003095 0.0070021 -0.012 5.67e-05 0.0069697 -0.0120006 -0.0002621 0.0068526 -0.0119992 -0.0005264 0.0066686 -0.012 -0.0007487 0.0064077 -0.0119994 -0.0009166 0.0061231 -0.012001 -0.0009961 0.0057688 -0.0120009 -0.0009791 0.0054568 -0.012 -0.000844 0.0052226 -0.012 -0.0006348 0.0050266 -0.0120035 -0.0002687 0.0050023 -0.0119994 0.0001046 0.0051029 -0.0119993 0.0004571 0.0052919 -0.0120003 0.0007082 0.0054997 -0.0120007 0.000871 0.0057493 -0.0119997 0.0009698 0.0060305 -0.0120006 0.0010033 0.006384 -0.0120015 0.0009308 0.0066504 -0.0119987 0.0007615 0.0068412 -0.0120006 0.000549 0.0069525 -0.0120003 0.0003095 0.0070021 -0.012 5.67e-05 0.0069697 -0.0120006 -0.0002621 0.0068526 -0.0119992 -0.0005264 0.0066686 -0.012 -0.0007487 0.0064077 -0.0119994 -0.0009166 0.006052 -0.0178 0.0010076 0.00642 -0.0178 0.000911 0.0066731 -0.0178 0.0007447 0.0068972 -0.0178 0.0004572 0.0070038 -0.0178 6.72e-05 0.0069655 -0.0178 -0.0002722 0.0068146 -0.0178 -0.0005919 0.0064822 -0.0178 -0.0008862 0.0061069 -0.0178 -0.000998 0.0056631 -0.0178 0.0009455 0.0053461 -0.0178 0.0007657 0.0051043 -0.0178 0.0004564 0.0049879 -0.0178 1.26e-05 0.0051029 -0.0178 -0.0004572 0.0053269 -0.0178 -0.0007446 0.0056876 -0.0178 -0.0009616 0.006052 -0.0178 0.0010076 0.00642 -0.0178 0.000911 0.0066731 -0.0178 0.0007447 0.0068972 -0.0178 0.0004572 0.0070038 -0.0178 6.72e-05 0.0069655 -0.0178 -0.0002722 0.0068146 -0.0178 -0.0005919 0.0064822 -0.0178 -0.0008862 0.0061069 -0.0178 -0.000998 0.0056631 -0.0178 0.0009455 0.0053461 -0.0178 0.0007657 0.0051043 -0.0178 0.0004564 0.0049879 -0.0178 1.26e-05 0.0051029 -0.0178 -0.0004572 0.0053269 -0.0178 -0.0007446 0.0056876 -0.0178 -0.0009616 0.00618 -0.0178 0.001528 0.0056056 -0.0178002 0.0014932 0.0050765 -0.0178024 0.0012388 0.0047523 -0.0178004 0.000911 0.0045359 -0.0178008 0.0004833 0.0044591 -0.0178006 6.9e-06 0.004514 -0.0178013 -0.000407 0.0046203 -0.0178008 -0.0006881 0.0049699 -0.0178022 -0.0011515 0.00534 -0.0178001 -0.001394 0.0058777 -0.0178001 -0.0015313 0.0067086 -0.0178005 0.0013692 0.0070864 -0.0178 0.0010864 0.0073505 -0.0178 0.0007366 0.007523 -0.0178007 0.0002369 0.0075259 -0.0178 -0.000192 0.0073817 -0.0178002 -0.0006797 0.0071682 -0.0178 -0.0009978 0.0068717 -0.0178007 -0.0012719 0.0063613 -0.0178001 -0.0014977 0.00618 -0.0178 0.001528 0.0056056 -0.0178002 0.0014932 0.0050765 -0.0178024 0.0012388 0.0047523 -0.0178004 0.000911 0.0045359 -0.0178008 0.0004833 0.0044591 -0.0178006 6.9e-06 0.004514 -0.0178013 -0.000407 0.0046203 -0.0178008 -0.0006881 0.0049699 -0.0178022 -0.0011515 0.00534 -0.0178001 -0.001394 0.0058777 -0.0178001 -0.0015313 0.0067086 -0.0178005 0.0013692 0.0070864 -0.0178 0.0010864 0.0073505 -0.0178 0.0007366 0.007523 -0.0178007 0.0002369 0.0075259 -0.0178 -0.000192 0.0073817 -0.0178002 -0.0006797 0.0071682 -0.0178 -0.0009978 0.0068717 -0.0178007 -0.0012719 0.0063613 -0.0178001 -0.0014977 0.006205 -0.0189272 0.001246 0.0065195 -0.0188886 0.0012717 0.0068201 -0.0188943 0.0010841 0.0070815 -0.0188902 0.0008442 0.0073185 -0.018895 0.0003439 0.0072534 -0.018927 -1.25e-05 0.0072329 -0.0189275 -0.0002072 0.0072263 -0.0189036 -0.0005335 0.0068744 -0.0189057 -0.0010042 0.0064115 -0.0189073 -0.0012576 0.0062072 -0.0189341 -0.0012274 0.0060383 -0.0189267 -0.0012521 0.0057973 -0.017887 -0.0016091 0.0060083 -0.0180474 -0.0017096 0.0060656 -0.018228 -0.0017488 0.0058422 -0.0183398 -0.0017462 0.0060667 -0.0185109 -0.0017126 0.0059775 -0.0186826 -0.0016261 0.0059366 -0.0188242 -0.0014801 0.0060063 -0.0188855 -0.0013773 0.0060631 -0.0179808 0.0016785 0.0059311 -0.0182296 0.0017499 0.0059109 -0.0184815 0.0017269 0.0060011 -0.0186714 0.0016312 0.0061117 -0.0188077 0.0014987 0.0059212 -0.0188796 0.0013864 0.0062773 -0.0188743 0.0013694 0.0063946 -0.0187309 0.0015372 0.0062556 -0.0185037 0.0017018 0.0067163 -0.0187557 0.0013865 0.0065282 -0.0186198 0.0015798 0.0062748 -0.0182816 0.0017345 0.0068768 -0.0188058 0.0012205 0.006669 -0.0184738 0.001593 0.0062611 -0.0180738 0.0016996 0.0068046 -0.018611 0.0014614 0.0066066 -0.0183335 0.001644 0.0070609 -0.01875 0.0011558 0.0064791 -0.0181483 0.0016699 0.0069884 -0.018583 0.0013655 0.0063124 -0.0178918 0.0015907 0.0068503 -0.0182766 0.0015336 0.00702 -0.018376 0.001422 0.0067713 -0.0181459 0.0015587 0.0066393 -0.0180177 0.0015714 0.0072411 -0.0186714 0.00106 0.0072175 -0.0184731 0.0012286 0.0073177 -0.0187713 0.0008057 0.00662 -0.0178973 0.0015042 0.0073999 -0.0188225 0.0004949 0.0073841 -0.0185461 0.0009948 0.0071827 -0.0182295 0.0012916 0.0069702 -0.0180901 0.0014262 0.0069136 -0.0178955 0.0013423 0.0075067 -0.0186263 0.0006989 0.0073771 -0.0182815 0.0010856 0.0071533 -0.0180368 0.0012538 0.0075555 -0.018678 0.0004804 0.007545 -0.018466 0.0007785 0.0075661 -0.0183268 0.0007924 0.0073503 -0.0180773 0.0010646 0.0071512 -0.0178983 0.0011504 0.0075284 -0.018774 0.0002069 0.0075278 -0.0182305 0.0008555 0.0073825 -0.0188774 -0.0001804 0.007669 -0.0184594 0.0004655 0.0075211 -0.018794 -3.71e-05 0.0075026 -0.0180688 0.0008276 0.0073129 -0.0178898 0.0009506 0.0076834 -0.0185779 0.0001564 0.0076699 -0.01821 0.0005271 0.007622 -0.0180508 0.0005436 0.0074334 -0.0178799 0.0007392 0.0077401 -0.0183309 0.00021 0.0075171 -0.0187584 -0.0003499 0.0076426 -0.0186343 -0.0002057 0.007739 -0.0184371 -6.9e-05 0.0075408 -0.0178923 0.0005085 0.0077034 -0.0181279 0.0003183 0.0073883 -0.0188061 -0.0005834 0.0077377 -0.0181439 6.4e-05 0.0075934 -0.0186332 -0.00045 0.0076425 -0.0179497 0.0002426 0.0077041 -0.0184389 -0.0003344 0.0072048 -0.0188359 -0.0008334 0.0077363 -0.0182351 -0.0002261 0.0074911 -0.0186148 -0.0007504 0.0075943 -0.0184854 -0.0006598 0.0077064 -0.0180774 -0.0002006 0.0076341 -0.0179092 -9.56e-05 0.0076944 -0.0181776 -0.0004243 0.0072749 -0.0186892 -0.0010021 0.007644 -0.0183335 -0.0006066 0.0070278 -0.0188025 -0.0011104 0.0076148 -0.0180842 -0.0006049 0.0075805 -0.0179094 -0.0004279 0.0073953 -0.0184977 -0.0010086 0.0074974 -0.0182818 -0.0009169 0.0066784 -0.0188361 -0.0012999 0.0075077 -0.0181024 -0.0008433 0.0071148 -0.0185404 -0.0012893 0.0069543 -0.0186874 -0.0013111 0.0072253 -0.0183338 -0.0012568 0.0074306 -0.0179172 -0.0008026 0.0073193 -0.0181502 -0.001135 0.0067357 -0.018635 -0.0014872 0.0072924 -0.0179343 -0.0010347 0.0064062 -0.0187943 -0.0014665 0.0069114 -0.0184345 -0.0014798 0.0069287 -0.0182856 -0.00149 0.0071588 -0.0179015 -0.0011443 0.0071034 -0.0180611 -0.0013133 0.0063744 -0.0186356 -0.0016127 0.0066054 -0.0184657 -0.0016205 0.0061368 -0.0187389 -0.0015689 0.0068395 -0.0181059 -0.0015111 0.0068784 -0.0179655 -0.0014201 0.0065388 -0.0183143 -0.0016708 0.0062518 -0.0184376 -0.0017217 0.0066214 -0.0180942 -0.0016093 0.0063458 -0.018227 -0.0017167 0.0066874 -0.0178694 -0.0014468 0.0065044 -0.0179479 -0.0015808 0.0062612 -0.0180082 -0.0016735 0.0062591 -0.0178611 -0.0015764 0.0050466 -0.0188984 0.0009594 0.0047694 -0.018907 0.0005051 0.0047569 -0.0189261 0.0002 0.0046359 -0.0188907 -1.96e-05 0.0047576 -0.0189002 -0.0005163 0.0050557 -0.0189164 -0.0008853 0.005507 -0.0188913 -0.001278 0.0057928 -0.0189292 -0.001233 0.0056761 -0.0187269 -0.0015548 0.0057875 -0.0185281 -0.0016951 0.005474 -0.0187545 -0.0014725 0.0055395 -0.018559 -0.0016307 0.0052404 -0.0187531 -0.0013648 0.0051406 -0.0188625 -0.0011358 0.0052647 -0.0186322 -0.0014863 0.0055441 -0.0183695 -0.0016898 0.0057176 -0.0181077 -0.0017088 0.0049976 -0.0187539 -0.0011994 0.0052605 -0.0184901 -0.0015541 0.0053931 -0.0183076 -0.0016457 0.0048582 -0.0188492 -0.00088 0.0050117 -0.018583 -0.0013654 0.0053464 -0.0180795 -0.0015923 0.0052445 -0.0182493 -0.0015833 0.0050375 -0.0183428 -0.0014667 0.0047529 -0.018615 -0.0011087 0.0054063 -0.0179186 -0.0015314 0.0047343 -0.018751 -0.0009178 0.0048161 -0.0184786 -0.0012596 0.0046236 -0.018796 -0.0006387 0.0050294 -0.0181422 -0.0014394 0.0046221 -0.0186261 -0.0009268 0.0048225 -0.0182338 -0.0012966 0.0049904 -0.0180145 -0.0013626 0.0046247 -0.0184026 -0.0010733 0.0045808 -0.0188388 -0.0003279 0.0050799 -0.0178918 -0.001334 0.004471 -0.0185864 -0.000712 0.0044526 -0.0184222 -0.0008022 0.0046662 -0.0181791 -0.001127 0.0044351 -0.018723 -0.000297 0.0047702 -0.0179841 -0.0011434 0.0043786 -0.0185829 -0.0004562 0.0044737 -0.0182275 -0.0008571 0.0045867 -0.0180247 -0.0009471 0.0044996 -0.0188096 8.25e-05 0.0043193 -0.0183969 -0.0004666 0.004701 -0.0178666 -0.0009367 0.0043552 -0.0182323 -0.0006024 0.0043177 -0.0185641 -0.000202 0.0044387 -0.0180121 -0.0006624 0.0043584 -0.0186523 6.08e-05 0.0042593 -0.018434 -3e-06 0.0042749 -0.0182976 -0.0003226 0.0046241 -0.0188447 0.000458 0.00441 -0.0186888 0.0003049 0.0042962 -0.0180855 -0.0002608 0.0042438 -0.018269 -1.39e-05 0.004298 -0.0185109 0.0002021 0.0043967 -0.0179053 -0.0003259 0.0045289 -0.0187217 0.000608 0.0047109 -0.0188125 0.0007603 0.0043978 -0.0186072 0.000478 0.0042908 -0.0184076 0.0003435 0.0043141 -0.0179927 -5e-07 0.0042789 -0.0181805 0.0003111 0.0044861 -0.0185587 0.0007681 0.0043881 -0.0183877 0.0006757 0.0048042 -0.0187664 0.0009848 0.004658 -0.018594 0.0010162 0.0043526 -0.0182591 0.0006023 0.0043274 -0.018115 0.0004482 0.0043833 -0.0179159 0.0002727 0.0050545 -0.0187896 0.0011968 0.0053157 -0.0188878 0.0011923 0.004574 -0.0183838 0.0010111 0.0044137 -0.0180043 0.0005864 0.0048709 -0.0186651 0.001189 0.0044824 -0.0181546 0.000855 0.004669 -0.0182023 0.0011387 0.0048059 -0.0184207 0.0012675 0.0056342 -0.0188697 0.0013628 0.0051005 -0.0186459 0.0013831 0.0045548 -0.017939 0.0008035 0.0053524 -0.0187903 0.0013765 0.0046406 -0.0180913 0.001059 0.0050354 -0.0184584 0.0014368 0.0052948 -0.0186262 0.0015061 0.0049626 -0.0182836 0.0014156 0.0047876 -0.0179515 0.0011412 0.0055404 -0.0187011 0.0015433 0.0049795 -0.018144 0.0014103 0.005282 -0.018427 0.0015831 0.0058279 -0.018781 0.0015221 0.005681 -0.0186261 0.0016297 0.0055257 -0.0185045 0.001649 0.0052672 -0.0182036 0.0015895 0.0051293 -0.0179892 0.0014402 0.0055205 -0.0183363 0.0016851 0.0057713 -0.0184249 0.0017256 0.005602 -0.0181965 0.0017028 0.0052797 -0.0178535 0.0014169 0.0054412 -0.0179223 0.0015508 0.005539 -0.0180238 0.0016347 0.0057989 -0.0180588 0.0016995 0.0058597 -0.0178941 0.0016182 0.0057837 -0.0190577 -0.0005888 0.0056638 -0.019074 -0.0003629 0.0054246 -0.0190596 -0.0002175 0.0047657 -0.0189292 -0.0002072 0.0051295 -0.0190151 0.0002072 0.0054261 -0.0190597 0.000219 0.0056336 -0.0190734 0.0003366 0.0057789 -0.0190619 0.0005577 0.0057927 -0.018931 0.001232 0.0053367 -0.0190123 -0.0006432 0.005402 -0.0190114 0.0006955 0.0062164 -0.0190577 0.0005888 0.0063362 -0.019074 0.0003629 0.0065755 -0.0190596 0.0002175 0.0072313 -0.0189305 0.0002072 0.0068706 -0.0190151 -0.0002072 0.0065739 -0.0190597 -0.0002189 0.0063217 -0.0190743 -0.0003756 0.0062125 -0.0190545 -0.0006134 0.0066633 -0.0190123 0.0006432 0.006598 -0.0190114 -0.0006955 0.0062072 -0.0189341 -0.0012274 0.0060383 -0.0189267 -0.0012521 0.0057928 -0.0189292 -0.001233 0.006207 -0.01845 -0.0012347 0.0057965 -0.01845 -0.0012436 0.0072329 -0.0189275 -0.0002072 0.0062072 -0.0189341 -0.0012274 0.006207 -0.01845 -0.0012347 0.0068706 -0.0190151 -0.0002072 0.0065739 -0.0190597 -0.0002189 0.0063217 -0.0190743 -0.0003756 0.0062125 -0.0190545 -0.0006134 0.0072327 -0.01845 -0.0002071 0.0066065 -0.01845 -0.0002127 0.0063923 -0.01845 -0.000313 0.0062206 -0.01845 -0.0005533 0.006207 -0.01845 -0.0012347 0.0057965 -0.01845 -0.0012436 0.0057824 -0.01845 -0.0005719 0.0056377 -0.01845 -0.0003387 0.0054113 -0.01845 -0.0002146 0.0047501 -0.01845 -0.0001988 0.0047673 -0.01845 0.0002071 0.0053712 -0.01845 0.0002104 0.0055699 -0.01845 0.0002855 0.0057422 -0.01845 0.0004739 0.0057919 -0.01845 0.0006618 0.0057965 -0.01845 0.0012436 0.006207 -0.01845 0.0012347 0.0062176 -0.01845 0.0005719 0.0063624 -0.01845 0.0003388 0.0065888 -0.01845 0.0002146 0.00725 -0.01845 0.0001989 0.0072327 -0.01845 -0.0002071 0.0066065 -0.01845 -0.0002127 0.0063923 -0.01845 -0.000313 0.0062206 -0.01845 -0.0005533 0.0057928 -0.0189292 -0.001233 0.0057837 -0.0190577 -0.0005888 0.0056638 -0.019074 -0.0003629 0.0054246 -0.0190596 -0.0002175 0.0047657 -0.0189292 -0.0002072 0.0057965 -0.01845 -0.0012436 0.0057824 -0.01845 -0.0005719 0.0056377 -0.01845 -0.0003387 0.0054113 -0.01845 -0.0002146 0.0047501 -0.01845 -0.0001988 0.0047569 -0.0189261 0.0002 0.0047657 -0.0189292 -0.0002072 0.0047501 -0.01845 -0.0001988 0.0047673 -0.01845 0.0002071 0.0047569 -0.0189261 0.0002 0.0051295 -0.0190151 0.0002072 0.0054261 -0.0190597 0.000219 0.0056336 -0.0190734 0.0003366 0.0057789 -0.0190619 0.0005577 0.0057927 -0.018931 0.001232 0.0047673 -0.01845 0.0002071 0.0053712 -0.01845 0.0002104 0.0055699 -0.01845 0.0002855 0.0057422 -0.01845 0.0004739 0.0057919 -0.01845 0.0006618 0.0057965 -0.01845 0.0012436 0.006205 -0.0189272 0.001246 0.0057927 -0.018931 0.001232 0.0057965 -0.01845 0.0012436 0.006207 -0.01845 0.0012347 0.006205 -0.0189272 0.001246 0.0062164 -0.0190577 0.0005888 0.0063362 -0.019074 0.0003629 0.0065755 -0.0190596 0.0002175 0.0072313 -0.0189305 0.0002072 0.006207 -0.01845 0.0012347 0.0062176 -0.01845 0.0005719 0.0063624 -0.01845 0.0003388 0.0065888 -0.01845 0.0002146 0.00725 -0.01845 0.0001989 0.0072534 -0.018927 -1.25e-05 0.0072329 -0.0189275 -0.0002072 0.0072313 -0.0189305 0.0002072 0.00725 -0.01845 0.0001989 0.0072327 -0.01845 -0.0002071 0.0062343 0.0122 0.0007742 0.0065231 0.0122 0.0006123 0.0067646 0.0121999 0.0002757 0.0067946 0.0122 -0.0001259 0.0066556 0.0121999 -0.0004763 0.0063885 0.0122 -0.0007028 0.0060004 0.0121997 -0.0008127 0.0055237 0.0121999 -0.0006556 0.0052662 0.0122 -0.0003307 0.0051953 0.0121999 6.13e-05 0.0053787 0.0121999 0.0005306 0.0058246 0.0122 0.0007885 0.0062343 0.0122 0.0007742 0.0065231 0.0122 0.0006123 0.0067646 0.0121999 0.0002757 0.0067946 0.0122 -0.0001259 0.0066556 0.0121999 -0.0004763 0.0063885 0.0122 -0.0007028 0.0060004 0.0121997 -0.0008127 0.0055237 0.0121999 -0.0006556 0.0052662 0.0122 -0.0003307 0.0051953 0.0121999 6.13e-05 0.0053787 0.0121999 0.0005306 0.0058246 0.0122 0.0007885 0.0060704 0.0123994 0.0009991 0.0057688 0.0124009 0.0009791 0.0054568 0.0124 0.000844 0.0051855 0.0123993 0.0005918 0.0050475 0.0124003 0.0003096 0.0049972 0.0124011 4.29e-05 0.0050294 0.0124 -0.0002558 0.0052069 0.0124024 -0.0006235 0.005543 0.0123993 -0.0008971 0.0058876 0.0123985 -0.0009968 0.0061533 0.0124009 -0.0009901 0.0064105 0.0124006 -0.0009167 0.0066504 0.0123987 -0.0007615 0.0068412 0.0124006 -0.0005489 0.0069525 0.0124003 -0.0003095 0.0070021 0.0124 -5.66e-05 0.0069697 0.0124006 0.0002621 0.0068525 0.0123992 0.0005264 0.0066685 0.0124 0.0007487 0.0063766 0.0124009 0.0009329 0.0060704 0.0123994 0.0009991 0.0057688 0.0124009 0.0009791 0.0054568 0.0124 0.000844 0.0051855 0.0123993 0.0005918 0.0050475 0.0124003 0.0003096 0.0049972 0.0124011 4.29e-05 0.0050294 0.0124 -0.0002558 0.0052069 0.0124024 -0.0006235 0.005543 0.0123993 -0.0008971 0.0058876 0.0123985 -0.0009968 0.0061533 0.0124009 -0.0009901 0.0064105 0.0124006 -0.0009167 0.0066504 0.0123987 -0.0007615 0.0068412 0.0124006 -0.0005489 0.0069525 0.0124003 -0.0003095 0.0070021 0.0124 -5.66e-05 0.0069697 0.0124006 0.0002621 0.0068525 0.0123992 0.0005264 0.0066685 0.0124 0.0007487 0.0063766 0.0124009 0.0009329 0.0058152 0.0182 -0.0009918 0.0063124 0.0182 -0.0009616 0.0066731 0.0182 -0.0007446 0.0068972 0.0182 -0.0004571 0.0069911 0.0182 -0.000147 0.0069813 0.0182 0.0002485 0.0067813 0.0182 0.0006302 0.0064591 0.0182 0.0009009 0.0059603 0.0182 0.0010091 0.0053748 0.0182 -0.0007931 0.0051043 0.0182 -0.0004564 0.0049925 0.0182 -5.19e-05 0.0050829 0.0182 0.0004228 0.0053269 0.0182 0.0007447 0.0055801 0.0182 0.000911 0.0058152 0.0182 -0.0009918 0.0063124 0.0182 -0.0009616 0.0066731 0.0182 -0.0007446 0.0068972 0.0182 -0.0004571 0.0069911 0.0182 -0.000147 0.0069813 0.0182 0.0002485 0.0067813 0.0182 0.0006302 0.0064591 0.0182 0.0009009 0.0059603 0.0182 0.0010091 0.0053748 0.0182 -0.0007931 0.0051043 0.0182 -0.0004564 0.0049925 0.0182 -5.19e-05 0.0050829 0.0182 0.0004228 0.0053269 0.0182 0.0007447 0.0055801 0.0182 0.000911 0.0060116 0.0182 -0.001541 0.0053655 0.0182005 -0.0014093 0.0049643 0.0182 -0.0011368 0.0047236 0.0182011 -0.0008695 0.0045359 0.0182008 -0.0004832 0.0044623 0.0182 4.33e-05 0.004514 0.0182013 0.000407 0.0046355 0.018202 0.0007259 0.0050005 0.0182004 0.0011762 0.0053442 0.0182006 0.0013969 0.0058777 0.0182001 0.0015313 0.0065515 0.0182 -0.0014351 0.0069802 0.0182001 -0.0011952 0.0073664 0.0182011 -0.0007163 0.007523 0.0182007 -0.0002368 0.0075259 0.0182 0.000192 0.0073806 0.0182004 0.0006818 0.0070577 0.0182004 0.0011267 0.0067428 0.0182011 0.0013502 0.006278 0.0182009 0.0015193 0.0060116 0.0182 -0.001541 0.0053655 0.0182005 -0.0014093 0.0049643 0.0182 -0.0011368 0.0047236 0.0182011 -0.0008695 0.0045359 0.0182008 -0.0004832 0.0044623 0.0182 4.33e-05 0.004514 0.0182013 0.000407 0.0046355 0.018202 0.0007259 0.0050005 0.0182004 0.0011762 0.0053442 0.0182006 0.0013969 0.0058777 0.0182001 0.0015313 0.0065515 0.0182 -0.0014351 0.0069802 0.0182001 -0.0011952 0.0073664 0.0182011 -0.0007163 0.007523 0.0182007 -0.0002368 0.0075259 0.0182 0.000192 0.0073806 0.0182004 0.0006818 0.0070577 0.0182004 0.0011267 0.0067428 0.0182011 0.0013502 0.006278 0.0182009 0.0015193 0.0062049 0.019327 -0.0012459 0.0066065 0.0192982 -0.0012039 0.0069411 0.0192925 -0.0009859 0.0071988 0.0193078 -0.0005733 0.0072501 0.0193256 0.0001886 0.0072219 0.0193073 0.0005179 0.0069438 0.019294 0.000985 0.0064157 0.0192921 0.0013018 0.0062052 0.0193283 0.0012456 0.0059294 0.0182991 0.0016243 0.0059706 0.0184443 0.0017071 0.0060579 0.018714 0.0017536 0.0060668 0.0189109 0.0017127 0.0060127 0.0190646 0.0016366 0.0060715 0.01927 0.0014073 0.0060153 0.0183053 -0.0016315 0.0059175 0.0184511 -0.0017116 0.0060774 0.0186123 -0.0017484 0.0058562 0.0187579 -0.0017472 0.0060101 0.0190632 -0.0016375 0.0058656 0.0192095 -0.0014961 0.0060579 0.0192901 -0.0013626 0.0063065 0.0192068 -0.001474 0.0063839 0.0192742 -0.0013434 0.0062544 0.0191139 -0.001579 0.0061936 0.0188545 -0.0017233 0.0063198 0.0189427 -0.0016721 0.0067112 0.0191767 -0.001367 0.0066201 0.0190392 -0.0015351 0.006486 0.0188026 -0.0016758 0.0063176 0.0186295 -0.0017214 0.0069005 0.0192233 -0.0011744 0.0067945 0.0188462 -0.0015433 0.0063327 0.0184735 -0.0016849 0.006994 0.0189619 -0.0013755 0.0070674 0.0190892 -0.0012184 0.0067934 0.0187049 -0.0015668 0.0066459 0.0185797 -0.0016223 0.0063173 0.018313 -0.0016064 0.0071709 0.0192201 -0.0009182 0.0066062 0.0184488 -0.0015961 0.007305 0.0191269 -0.0009096 0.0065038 0.0182906 -0.0015414 0.0070783 0.0187443 -0.0013799 0.0069188 0.018478 -0.0014571 0.0072686 0.0188903 -0.0011683 0.0073999 0.0192225 -0.0004949 0.0068451 0.0182914 -0.0013862 0.0073947 0.0189982 -0.0009273 0.0072029 0.0186343 -0.0012719 0.0071209 0.0184516 -0.0012929 0.0074799 0.0188201 -0.0009202 0.0073599 0.0192936 -4.14e-05 0.0075067 0.0190263 -0.0006988 0.0073771 0.0186815 -0.0010856 0.0075555 0.019078 -0.0004804 0.0075451 0.018866 -0.0007784 0.0073503 0.0184772 -0.0010646 0.0071512 0.0182983 -0.0011504 0.0075284 0.019174 -0.0002069 0.0075278 0.0186305 -0.0008555 0.007669 0.0188594 -0.0004655 0.0074503 0.0192391 0.0001532 0.0076674 0.0186851 -0.0005489 0.0075434 0.018493 -0.0007734 0.0073129 0.0182898 -0.0009506 0.0076889 0.0189481 -0.0002058 0.0076078 0.0191046 1.1e-06 0.0076575 0.0184969 -0.000483 0.0075135 0.018353 -0.0006838 0.0077401 0.0187309 -0.00021 0.0075171 0.0191584 0.0003499 0.0076426 0.0190343 0.0002058 0.007739 0.0188371 6.91e-05 0.0073883 0.0192061 0.0005834 0.0077358 0.0185419 -0.000124 0.0072162 0.0192638 0.0007258 0.0075624 0.0182958 -0.0004446 0.0076067 0.0189932 0.0004956 0.0077041 0.0188389 0.0003344 0.007653 0.0183594 -0.0001964 0.0077363 0.0186351 0.0002261 0.007505 0.019035 0.0006883 0.0072937 0.01914 0.000904 0.0077064 0.0184773 0.0002007 0.0076341 0.0183092 9.56e-05 0.0076944 0.0185776 0.0004243 0.007644 0.0187335 0.0006066 0.0075565 0.0188837 0.0007404 0.0074329 0.0189236 0.0009356 0.0072073 0.019089 0.001078 0.0076148 0.0184842 0.000605 0.0075805 0.0183094 0.0004279 0.0070171 0.0191651 0.0011704 0.0067103 0.0192711 0.0012133 0.0075262 0.0186816 0.0008642 0.0072572 0.0189304 0.0011549 0.0073739 0.0187532 0.0010832 0.0075048 0.018472 0.0008274 0.0070549 0.0189723 0.0013212 0.0067813 0.0190981 0.0014134 0.0066633 0.0192001 0.001356 0.0074085 0.0185752 0.0010304 0.0072096 0.0187544 0.0012663 0.0073604 0.0182931 0.0008901 0.0067685 0.0189898 0.0014956 0.0072996 0.0184895 0.0011351 0.0069563 0.0188285 0.0014518 0.0070973 0.0185911 0.0013621 0.0063232 0.0191488 0.0015372 0.0071582 0.0183371 0.0011825 0.006733 0.0188125 0.0015806 0.0064116 0.0189712 0.001643 0.0068149 0.0186145 0.0015522 0.0069337 0.0183864 0.0013975 0.0064988 0.0187138 0.0016827 0.0066578 0.0184823 0.0015922 0.0063224 0.0187497 0.0017223 0.0066708 0.0182987 0.001481 0.006283 0.0185362 0.0017147 0.0064425 0.0183221 0.0015832 0.0062022 0.0183842 0.0016671 0.0053107 0.0193155 -0.0010995 0.0048945 0.0192945 -0.0007944 0.0047008 0.0192826 -0.0004919 0.0047569 0.0193261 -0.0002 0.0046359 0.0192907 1.97e-05 0.0047418 0.0193048 0.0004233 0.0049781 0.0193176 0.0007915 0.0054015 0.0193168 0.0011453 0.0056458 0.0192856 0.0013292 0.0057928 0.0193294 0.0012331 0.0058718 0.0192103 0.0014945 0.0056525 0.0191334 0.0015453 0.0058001 0.018959 0.0016827 0.00542 0.0191937 0.0014031 0.0057944 0.0187852 0.0017346 0.0052295 0.0192759 0.0011681 0.0054718 0.0190198 0.0015798 0.0055281 0.0188364 0.0016717 0.0057953 0.018578 0.0017325 0.0052084 0.0191645 0.0013357 0.0051954 0.019011 0.0014614 0.0055296 0.0186062 0.0016857 0.0052875 0.0188453 0.0015813 0.0049826 0.0192039 0.0011103 0.0049622 0.019077 0.0012545 0.0056821 0.018333 0.0016228 0.0050513 0.0188728 0.0014448 0.0048581 0.0192492 0.00088 0.0052625 0.018662 0.0015914 0.0053437 0.0184038 0.0015591 0.0047529 0.019015 0.0011087 0.0047344 0.019151 0.0009179 0.0048361 0.0189307 0.0012489 0.0050258 0.0186806 0.0014575 0.005081 0.0185448 0.0014762 0.0054423 0.0182932 0.0015227 0.0047162 0.0192497 0.0006573 0.0048075 0.0187362 0.0012839 0.0046221 0.0190261 0.0009268 0.0050718 0.0183793 0.0013964 0.00454 0.0191316 0.0006175 0.0046247 0.0188026 0.0010733 0.0048203 0.0185746 0.0012819 0.0045808 0.0192388 0.0003279 0.0048037 0.0184086 0.001199 0.0044526 0.0188222 0.0008022 0.0044545 0.0189354 0.0007221 0.0046365 0.0185902 0.001091 0.0044641 0.0191348 0.0003678 0.0048121 0.018281 0.001097 0.0043786 0.0189829 0.0004563 0.0044737 0.0186275 0.0008571 0.0045752 0.0184499 0.0009467 0.0044716 0.0191838 6.01e-05 0.004352 0.0190285 0.0001939 0.0043193 0.0187969 0.0004666 0.0043552 0.0186323 0.0006025 0.0045208 0.0192099 -0.0002723 0.0044387 0.0184121 0.0006624 0.0042843 0.0188989 0.0001233 0.0043584 0.0190523 -6.07e-05 0.0042749 0.0186976 0.0003226 0.0042962 0.0184855 0.0002608 0.0043847 0.0190226 -0.0004059 0.0042438 0.018669 1.39e-05 0.0042828 0.0188497 -0.0002651 0.0043967 0.0183053 0.000326 0.0042526 0.0187628 -6.19e-05 0.0045289 0.0191217 -0.000608 0.0047396 0.0191838 -0.0008716 0.0043141 0.0183927 5e-07 0.0042789 0.0185805 -0.0003111 0.0044861 0.0189587 -0.0007681 0.0043881 0.0187877 -0.0006756 0.0046501 0.0190137 -0.000983 0.0043525 0.0186591 -0.0006022 0.0043305 0.0185127 -0.000457 0.005118 0.0192624 -0.0011141 0.0043758 0.0183014 -0.0001524 0.0049609 0.0191815 -0.0011251 0.0048338 0.0190172 -0.0011945 0.0045897 0.0188086 -0.0010278 0.0044098 0.0183391 -0.0004499 0.0044693 0.0186125 -0.0008446 0.0044591 0.0184149 -0.000707 0.0051271 0.0191352 -0.0013189 0.004659 0.0186469 -0.0011294 0.0046023 0.0184865 -0.0010089 0.0055708 0.0192801 -0.0013219 0.0048204 0.0187852 -0.0012883 0.0054627 0.0191744 -0.0014482 0.0050686 0.0189122 -0.0014426 0.004619 0.0183018 -0.0008645 0.0053626 0.019045 -0.0015224 0.0048388 0.0185505 -0.0012954 0.0050257 0.018676 -0.0014582 0.0048215 0.0183584 -0.0011789 0.005282 0.018827 -0.0015831 0.0050452 0.0184772 -0.0014292 0.005681 0.0190262 -0.0016297 0.0055257 0.0189046 -0.001649 0.0053074 0.0186112 -0.0016086 0.0050522 0.0182956 -0.0013205 0.0055205 0.0187363 -0.0016851 0.0052724 0.0184449 -0.001543 0.0058472 0.018908 -0.0017118 0.0053294 0.0182987 -0.001481 0.005539 0.0184239 -0.0016347 0.0057325 0.0185542 -0.0017205 0.0056463 0.0182908 -0.0015822 0.0057837 0.0194577 0.0005888 0.0056638 0.019474 0.0003629 0.0054246 0.0194596 0.0002175 0.0047657 0.0193292 0.0002072 0.0051294 0.0194151 -0.0002072 0.0054261 0.0194597 -0.0002189 0.0056784 0.0194743 -0.0003756 0.0057875 0.0194545 -0.0006134 0.0057927 0.019331 -0.001232 0.0053367 0.0194123 0.0006432 0.005402 0.0194114 -0.0006955 0.0062164 0.0194577 -0.0005888 0.0063362 0.019474 -0.0003629 0.0065755 0.0194596 -0.0002175 0.0072313 0.0193305 -0.0002072 0.0068706 0.0194151 0.0002072 0.0065739 0.0194597 0.000219 0.0063664 0.0194734 0.0003366 0.0062211 0.0194619 0.0005577 0.0066633 0.0194123 -0.0006432 0.006598 0.0194114 0.0006955 0.0062052 0.0193283 0.0012456 0.0057928 0.0193294 0.0012331 0.006207 0.01885 0.0012347 0.0057965 0.01885 0.0012436 0.0072501 0.0193256 0.0001886 0.0062052 0.0193283 0.0012456 0.006207 0.01885 0.0012347 0.0068706 0.0194151 0.0002072 0.0065739 0.0194597 0.000219 0.0063664 0.0194734 0.0003366 0.0062211 0.0194619 0.0005577 0.0072327 0.01885 0.0002071 0.0066288 0.01885 0.0002104 0.0064302 0.01885 0.0002855 0.0062901 0.01885 0.0004275 0.0062122 0.01885 0.0006097 0.006207 0.01885 0.0012347 0.0057965 0.01885 0.0012436 0.0057824 0.01885 0.0005719 0.0056377 0.01885 0.0003387 0.0054113 0.01885 0.0002146 0.0047501 0.01885 0.0001989 0.0047673 0.01885 -0.0002071 0.0054284 0.01885 -0.0002176 0.0056603 0.01885 -0.0003614 0.0057851 0.01885 -0.0005877 0.0057965 0.01885 -0.0012436 0.006207 0.01885 -0.0012347 0.0062176 0.01885 -0.0005719 0.0063624 0.01885 -0.0003387 0.0065888 0.01885 -0.0002146 0.00725 0.01885 -0.0001988 0.0072327 0.01885 0.0002071 0.0066288 0.01885 0.0002104 0.0064302 0.01885 0.0002855 0.0062901 0.01885 0.0004275 0.0062122 0.01885 0.0006097 0.0057928 0.0193294 0.0012331 0.0057837 0.0194577 0.0005888 0.0056638 0.019474 0.0003629 0.0054246 0.0194596 0.0002175 0.0047657 0.0193292 0.0002072 0.0057965 0.01885 0.0012436 0.0057824 0.01885 0.0005719 0.0056377 0.01885 0.0003387 0.0054113 0.01885 0.0002146 0.0047501 0.01885 0.0001989 0.0047569 0.0193261 -0.0002 0.0047657 0.0193292 0.0002072 0.0047501 0.01885 0.0001989 0.0047673 0.01885 -0.0002071 0.0047569 0.0193261 -0.0002 0.0051294 0.0194151 -0.0002072 0.0054261 0.0194597 -0.0002189 0.0056784 0.0194743 -0.0003756 0.0057875 0.0194545 -0.0006134 0.0057927 0.019331 -0.001232 0.0047673 0.01885 -0.0002071 0.0054284 0.01885 -0.0002176 0.0056603 0.01885 -0.0003614 0.0057851 0.01885 -0.0005877 0.0057965 0.01885 -0.0012436 0.0062049 0.019327 -0.0012459 0.0057927 0.019331 -0.001232 0.0057965 0.01885 -0.0012436 0.006207 0.01885 -0.0012347 0.0062049 0.019327 -0.0012459 0.0062164 0.0194577 -0.0005888 0.0063362 0.019474 -0.0003629 0.0065755 0.0194596 -0.0002175 0.0072313 0.0193305 -0.0002072 0.006207 0.01885 -0.0012347 0.0062176 0.01885 -0.0005719 0.0063624 0.01885 -0.0003387 0.0065888 0.01885 -0.0002146 0.00725 0.01885 -0.0001988 0.0072501 0.0193256 0.0001886 0.0072313 0.0193305 -0.0002072 0.00725 0.01885 -0.0001988 0.0072327 0.01885 0.0002071 9.19e-05 0.0122 0.0067968 0.0004794 0.0121999 0.0066597 0.000744 0.0122 0.0063082 0.0008067 0.0121999 0.0059365 0.0006867 0.0122 0.0055793 0.0003892 0.0121999 0.0052886 -6.5e-05 0.0121999 0.0051965 -0.0004957 0.0121999 0.0053582 -0.0007707 0.0121999 0.0057496 -0.0007945 0.0122 0.0061259 -0.000642 0.0122 0.0064985 -0.0002419 0.0122 0.0067731 9.19e-05 0.0122 0.0067968 0.0004794 0.0121999 0.0066597 0.000744 0.0122 0.0063082 0.0008067 0.0121999 0.0059365 0.0006867 0.0122 0.0055793 0.0003892 0.0121999 0.0052886 -6.5e-05 0.0121999 0.0051965 -0.0004957 0.0121999 0.0053582 -0.0007707 0.0121999 0.0057496 -0.0007945 0.0122 0.0061259 -0.000642 0.0122 0.0064985 -0.0002419 0.0122 0.0067731 6.7e-06 0.0124004 0.007002 -0.0002691 0.0124011 0.006967 -0.0005432 0.0124 0.006844 -0.0007774 0.0124 0.0066349 -0.0009244 0.0123992 0.0063865 -0.0010024 0.0124012 0.0060854 -0.0009706 0.0124 0.0057442 -0.0008547 0.0123996 0.0054763 -0.0006514 0.0123999 0.0052344 -0.0002974 0.0124008 0.0050361 0.0001107 0.0124009 0.0050024 0.0004106 0.0124007 0.0050833 0.0006638 0.0123997 0.0052498 0.0008412 0.0124006 0.0054511 0.0009525 0.0124003 0.0056905 0.0010021 0.0124 0.0059434 0.0009846 0.0124 0.0061785 0.0009186 0.0124 0.0064045 0.0007641 0.0123992 0.0066482 0.0005519 0.0124001 0.0068386 0.0002829 0.0124013 0.0069631 6.7e-06 0.0124004 0.007002 -0.0002691 0.0124011 0.006967 -0.0005432 0.0124 0.006844 -0.0007774 0.0124 0.0066349 -0.0009244 0.0123992 0.0063865 -0.0010024 0.0124012 0.0060854 -0.0009706 0.0124 0.0057442 -0.0008547 0.0123996 0.0054763 -0.0006514 0.0123999 0.0052344 -0.0002974 0.0124008 0.0050361 0.0001107 0.0124009 0.0050024 0.0004106 0.0124007 0.0050833 0.0006638 0.0123997 0.0052498 0.0008412 0.0124006 0.0054511 0.0009525 0.0124003 0.0056905 0.0010021 0.0124 0.0059434 0.0009846 0.0124 0.0061785 0.0009186 0.0124 0.0064045 0.0007641 0.0123992 0.0066482 0.0005519 0.0124001 0.0068386 0.0002829 0.0124013 0.0069631 -2.82e-05 0.0182 0.0049967 0.0003488 0.0182 0.0050544 0.0007615 0.0182 0.0053331 0.0009668 0.0182 0.0057274 0.0009986 0.0182 0.0061582 0.0008146 0.0182 0.0065919 0.0004822 0.0182 0.0068862 6.72e-05 0.0182 0.0070038 -0.0004112 0.0182 0.0050787 -0.0007572 0.0182 0.0053376 -0.0009531 0.0182 0.0056779 -0.0010033 0.0182 0.0060283 -0.0009171 0.0182 0.0064228 -0.0006731 0.0182 0.0067447 -0.0003488 0.0182 0.0069456 -2.82e-05 0.0182 0.0049967 0.0003488 0.0182 0.0050544 0.0007615 0.0182 0.0053331 0.0009668 0.0182 0.0057274 0.0009986 0.0182 0.0061582 0.0008146 0.0182 0.0065919 0.0004822 0.0182 0.0068862 6.72e-05 0.0182 0.0070038 -0.0004112 0.0182 0.0050787 -0.0007572 0.0182 0.0053376 -0.0009531 0.0182 0.0056779 -0.0010033 0.0182 0.0060283 -0.0009171 0.0182 0.0064228 -0.0006731 0.0182 0.0067447 -0.0003488 0.0182 0.0069456 -0.0001357 0.0182007 0.0044569 -0.000604 0.0182001 0.0045838 -0.0010737 0.0182007 0.0048931 -0.0013611 0.0182013 0.0052704 -0.0014753 0.0182003 0.0055622 -0.0015391 0.0182009 0.0059495 -0.0014898 0.0182012 0.0063964 -0.0013862 0.0182003 0.0066746 -0.0010302 0.0182022 0.0071515 -0.0007086 0.0182005 0.0073692 -0.00018 0.0182 0.007528 0.0003531 0.0182039 0.0044939 0.000699 0.0182003 0.0046269 0.0011643 0.0182 0.0049897 0.0014249 0.0182014 0.0054097 0.0015259 0.0182 0.0061921 0.0013436 0.0182007 0.0067643 0.0010545 0.0182016 0.0071236 0.0006635 0.0182001 0.0073945 0.0002814 0.0182011 0.0075148 0.0015379 0.018203 0.0058217 -0.0001357 0.0182007 0.0044569 -0.000604 0.0182001 0.0045838 -0.0010737 0.0182007 0.0048931 -0.0013611 0.0182013 0.0052704 -0.0014753 0.0182003 0.0055622 -0.0015391 0.0182009 0.0059495 -0.0014898 0.0182012 0.0063964 -0.0013862 0.0182003 0.0066746 -0.0010302 0.0182022 0.0071515 -0.0007086 0.0182005 0.0073692 -0.00018 0.0182 0.007528 0.0003531 0.0182039 0.0044939 0.000699 0.0182003 0.0046269 0.0011643 0.0182 0.0049897 0.0014249 0.0182014 0.0054097 0.0015259 0.0182 0.0061921 0.0013436 0.0182007 0.0067643 0.0010545 0.0182016 0.0071236 0.0006635 0.0182001 0.0073945 0.0002814 0.0182011 0.0075148 0.0002049 0.019327 0.0047541 0.0004185 0.0193001 0.0047168 0.0008741 0.0193011 0.0049831 0.0010949 0.0193097 0.0052742 0.0013027 0.0192988 0.0056405 0.0012534 0.019327 0.0060125 0.0012329 0.0193275 0.0062072 0.0012258 0.0193029 0.0065401 0.0009251 0.019309 0.0069433 0.0004157 0.0192921 0.0073018 0.0002072 0.0193341 0.0072274 3.81e-05 0.0193267 0.0072522 -8.92e-05 0.0182771 0.0076116 0.0001241 0.0184898 0.0077197 6.89e-05 0.0187076 0.0077538 6.23e-05 0.0189329 0.0077056 -9.09e-05 0.0190123 0.0076677 9.63e-05 0.0192818 0.0073772 -0.0001325 0.0182959 0.0043799 -0.0001252 0.0184347 0.0042996 -0.000132 0.0185719 0.0042616 -6.87e-05 0.0187335 0.004249 7.97e-05 0.0190208 0.0043385 -0.0001245 0.0191135 0.0044067 0.0001521 0.0192182 0.004518 -3.35e-05 0.019284 0.0046252 0.0003483 0.0190903 0.0044165 0.0005306 0.0191869 0.0045692 0.0001967 0.0188879 0.0042888 0.0002062 0.0186816 0.0042583 0.0008204 0.0192229 0.0047632 0.0003997 0.0188876 0.0043226 0.0007473 0.0190873 0.0045624 0.0002014 0.0184773 0.0042927 0.0007556 0.018975 0.0044894 0.0004791 0.0187585 0.0043161 0.0009936 0.0190808 0.0047107 0.0008011 0.0187881 0.0044468 0.000471 0.0185534 0.0043246 0.0002545 0.0183419 0.004363 0.0011566 0.0192036 0.005031 0.0006647 0.0186598 0.0043777 0.0010147 0.0189089 0.0046154 0.0012266 0.0190705 0.0049223 0.0006109 0.0183873 0.0044313 0.0012973 0.019247 0.0053565 0.0008488 0.0185809 0.0044755 0.0010911 0.018768 0.0046346 0.0012607 0.0188702 0.0048163 0.0011389 0.0186302 0.0046668 0.0008164 0.0183936 0.0045272 0.0014051 0.0191377 0.0052772 0.0014515 0.0189114 0.0050822 0.0011125 0.018455 0.0046977 0.0009541 0.0182871 0.0046931 0.0014177 0.0186486 0.0049649 0.0014625 0.0192023 0.0056365 0.0015251 0.018999 0.0053079 0.0015725 0.0190677 0.0055565 0.0015403 0.0187119 0.00516 0.0013436 0.0184546 0.0049391 0.0011902 0.0182958 0.0048944 0.0016382 0.0188877 0.0054622 0.0014735 0.0192283 0.0060076 0.0013825 0.0192774 0.0061804 0.0015689 0.0191425 0.0058899 0.0016474 0.019029 0.0058098 0.0016455 0.0186816 0.005393 0.0015364 0.0184796 0.0052239 0.0013605 0.0182918 0.0051195 0.0017168 0.0188377 0.0057216 0.0015452 0.019151 0.0062534 0.0016612 0.0190092 0.0062095 0.0017205 0.0185923 0.0056826 0.0015135 0.0183531 0.0053162 0.0017335 0.0188583 0.0060104 0.0016566 0.0184799 0.0055376 0.00135 0.0192132 0.0066522 0.0017493 0.0186267 0.0059272 0.0016218 0.0183552 0.0056271 0.0015096 0.0190797 0.006613 0.0016903 0.0188369 0.0064154 0.0016946 0.018415 0.005947 0.0017324 0.0186326 0.0062682 0.0017064 0.0184773 0.0062006 0.0010626 0.0192272 0.0070272 0.0015379 0.018203 0.0058217 0.001644 0.0187335 0.0066065 0.0012263 0.0191501 0.0069717 0.0015084 0.0188906 0.0068373 0.0013795 0.0190284 0.0069217 0.001621 0.0183179 0.0062668 0.0016402 0.018507 0.0065511 0.0006899 0.0192749 0.0072157 0.0015317 0.0186919 0.0068534 0.0011152 0.0190776 0.0071883 0.0008482 0.0191712 0.0072906 0.001218 0.0189385 0.0071944 0.0015291 0.0182902 0.0065316 0.0013754 0.018705 0.0070902 0.0015058 0.0183929 0.0067582 0.0015078 0.0185024 0.0068433 0.0011247 0.018833 0.0073248 0.0009285 0.0189828 0.0074055 0.0005322 0.0191668 0.0074579 0.0013505 0.0184773 0.0070639 0.0011946 0.018685 0.007283 0.000698 0.0190267 0.007509 0.0011746 0.0184909 0.0072626 0.0012483 0.018304 0.0070512 0.0009857 0.0186838 0.0074502 0.0008474 0.0188361 0.0075141 0.0003766 0.0189859 0.0076433 0.0006053 0.0188657 0.0076206 0.0009621 0.0185277 0.0074421 0.0006818 0.0186715 0.0076179 0.0001322 0.0191643 0.0075502 0.0009618 0.0183105 0.0073231 0.0003925 0.0187865 0.0077034 0.0007756 0.0184039 0.0075016 0.0007196 0.0185406 0.0075796 0.0003532 0.0186219 0.0077145 0.0006823 0.0182918 0.0074705 0.0004864 0.0184016 0.0076206 0.0001428 0.0183724 0.0076676 -0.0004182 0.0192946 0.0047094 -0.0008133 0.0193152 0.004974 -0.0012306 0.019307 0.005495 -0.0012431 0.0193261 0.0058 -0.0013641 0.0192907 0.0060197 -0.0012424 0.0193002 0.0065163 -0.0010498 0.0192997 0.0068415 -0.0006215 0.0193007 0.0071907 -0.0002072 0.0193292 0.0072331 -0.0002779 0.0192815 0.0073566 -0.0002514 0.0191712 0.0075261 -0.0005305 0.0191869 0.0074308 -0.0003321 0.01896 0.0076642 -0.0002499 0.0187862 0.00773 -0.0006161 0.0190572 0.0075214 -0.0007714 0.0191946 0.0073079 -0.0002172 0.0186478 0.0077377 -0.0009206 0.0192678 0.0070704 -0.0005872 0.0189127 0.0076116 -0.0002013 0.0184773 0.0077074 -0.0009562 0.0190949 0.0073039 -0.0004761 0.0186555 0.0076877 -0.0008157 0.0189658 0.0074814 -0.0007856 0.0187781 0.0075633 -0.0011294 0.0191288 0.0071154 -0.0005455 0.0185486 0.0076544 -0.0010181 0.0188977 0.0073868 -0.0005378 0.0184309 0.0076168 -0.0011998 0.0191869 0.006943 -0.0008488 0.0185809 0.0075245 -0.0004276 0.018274 0.0075479 -0.0012409 0.0189436 0.0071654 -0.001135 0.0187075 0.0073388 -0.0013582 0.0191885 0.0066955 -0.0007063 0.0183646 0.007513 -0.0013779 0.0190261 0.0069268 -0.0011279 0.0185441 0.0073244 -0.0013325 0.0187745 0.007132 -0.0009596 0.0183424 0.0073538 -0.0014423 0.0188613 0.0069546 -0.001411 0.0192366 0.0063746 -0.0015482 0.0190199 0.0066206 -0.0015455 0.0189354 0.0067221 -0.0014063 0.0185517 0.0070287 -0.0015392 0.0191358 0.0063516 -0.0012298 0.0183841 0.0071435 -0.001535 0.018699 0.0068496 -0.0015547 0.0191603 0.0061292 -0.0016544 0.0189781 0.0063291 -0.0016637 0.0187608 0.0065525 -0.0014949 0.0192073 0.0058316 -0.0012893 0.0183069 0.0070038 -0.0015953 0.0184932 0.0066591 -0.0014371 0.0183368 0.0068153 -0.0017074 0.0186525 0.0064083 -0.0016973 0.0189559 0.0060333 -0.0017444 0.0187865 0.0061319 -0.0016756 0.0189843 0.0058001 -0.0013475 0.0192505 0.005491 -0.0015883 0.0183587 0.0065033 -0.0015046 0.0191514 0.0055736 -0.0016921 0.0184936 0.0063243 -0.0017375 0.0185439 0.0060588 -0.0015836 0.0190298 0.005502 -0.0017443 0.0187152 0.0058119 -0.0016257 0.0183121 0.0061968 -0.0014182 0.0191164 0.0052618 -0.0016827 0.0187985 0.0055352 -0.0011809 0.0192261 0.0051042 -0.001608 0.0189035 0.0053929 -0.0017213 0.0185407 0.00578 -0.0016739 0.0183798 0.0058741 -0.0016654 0.0186074 0.0054632 -0.0010352 0.0192252 0.0049462 -0.0014883 0.0189355 0.0051683 -0.0012349 0.0190567 0.0049151 -0.0015825 0.0187503 0.0052543 -0.0016107 0.0184145 0.0054637 -0.0015997 0.0183019 0.0056954 -0.0014588 0.0187757 0.0050384 -0.0013427 0.0188956 0.0049257 -0.0008948 0.0192085 0.0047917 -0.0014842 0.0185912 0.005075 -0.0015042 0.018482 0.0051656 -0.0010091 0.0190376 0.0046902 -0.0011281 0.0188443 0.0046784 -0.0006354 0.0192105 0.0046452 -0.0012893 0.0186815 0.0048081 -0.0014072 0.018328 0.005144 -0.0008034 0.0190552 0.0045655 -0.0012681 0.0183819 0.004896 -0.0002829 0.0192232 0.0045453 -0.0004987 0.0191011 0.0044683 -0.0008481 0.0188642 0.0044934 -0.0011237 0.0185625 0.0046662 -0.0008994 0.0187142 0.004494 -0.0006062 0.0188969 0.0043894 -0.0009644 0.0185453 0.0045533 -0.0003623 0.0190007 0.0043639 -0.0009633 0.0183141 0.0046727 -0.0005415 0.0186509 0.0043301 -0.0007759 0.0184995 0.0044553 -0.000337 0.0187569 0.0042811 -0.0001243 0.0189277 0.0042949 -0.0006823 0.0182918 0.0045295 -0.0004946 0.0183911 0.0043879 -0.0002115 0.0194527 0.0066256 -0.0002857 0.0194718 0.0064279 -0.000457 0.0194696 0.0062702 -0.0006348 0.0194515 0.0062103 -0.0012343 0.0193292 0.0062072 -0.000705 0.0194458 0.0057964 -0.00046 0.0194698 0.0057342 -0.0002896 0.0194714 0.0055741 -0.0002125 0.0194545 0.0053866 -0.0002073 0.0193316 0.004768 -0.0006633 0.0194123 0.0066432 -0.000598 0.0194114 0.0053045 0.0002164 0.0194577 0.0054112 0.0003362 0.019474 0.0056371 0.0005755 0.0194596 0.0057825 0.0012313 0.0193305 0.0057928 0.0008706 0.0194151 0.0062072 0.0005739 0.0194597 0.006219 0.0003216 0.0194743 0.0063757 0.0002125 0.0194545 0.0066134 0.0006633 0.0194123 0.0053568 0.000598 0.0194114 0.0066955 0.0002072 0.0193341 0.0072274 3.81e-05 0.0193267 0.0072522 -0.0002072 0.0193292 0.0072331 -0.0002069 0.01885 0.0072347 0.0002036 0.01885 0.0072436 0.0012329 0.0193275 0.0062072 0.0002072 0.0193341 0.0072274 0.0002036 0.01885 0.0072436 0.0008706 0.0194151 0.0062072 0.0005739 0.0194597 0.006219 0.0003216 0.0194743 0.0063757 0.0002125 0.0194545 0.0066134 0.001235 0.01885 0.0062069 0.0005717 0.01885 0.0062176 0.0003397 0.01885 0.0063614 0.000215 0.01885 0.0065877 -0.0002069 0.01885 0.0072347 0.0002036 0.01885 0.0072436 -0.0002176 0.01885 0.006572 -0.0003623 0.01885 0.0063388 -0.0005887 0.01885 0.0062146 -0.0012499 0.01885 0.0061989 -0.0012327 0.01885 0.0057929 -0.0005487 0.01885 0.0057782 -0.0002973 0.01885 0.0055896 -0.0002106 0.01885 0.0053745 -0.0002035 0.01885 0.0047564 0.000207 0.01885 0.0047653 0.0002176 0.01885 0.0054281 0.0003624 0.01885 0.0056613 0.0005888 0.01885 0.0057854 0.0012429 0.01885 0.005796 0.001235 0.01885 0.0062069 0.0005717 0.01885 0.0062176 0.0003397 0.01885 0.0063614 0.000215 0.01885 0.0065877 -0.0002072 0.0193292 0.0072331 -0.0002115 0.0194527 0.0066256 -0.0002857 0.0194718 0.0064279 -0.000457 0.0194696 0.0062702 -0.0006348 0.0194515 0.0062103 -0.0012343 0.0193292 0.0062072 -0.0002069 0.01885 0.0072347 -0.0002176 0.01885 0.006572 -0.0003623 0.01885 0.0063388 -0.0005887 0.01885 0.0062146 -0.0012499 0.01885 0.0061989 -0.0012431 0.0193261 0.0058 -0.0012343 0.0193292 0.0062072 -0.0012499 0.01885 0.0061989 -0.0012327 0.01885 0.0057929 -0.0012431 0.0193261 0.0058 -0.000705 0.0194458 0.0057964 -0.00046 0.0194698 0.0057342 -0.0002896 0.0194714 0.0055741 -0.0002125 0.0194545 0.0053866 -0.0002073 0.0193316 0.004768 -0.0012327 0.01885 0.0057929 -0.0005487 0.01885 0.0057782 -0.0002973 0.01885 0.0055896 -0.0002106 0.01885 0.0053745 -0.0002035 0.01885 0.0047564 0.0002049 0.019327 0.0047541 -0.0002073 0.0193316 0.004768 -0.0002035 0.01885 0.0047564 0.000207 0.01885 0.0047653 0.0002049 0.019327 0.0047541 0.0002164 0.0194577 0.0054112 0.0003362 0.019474 0.0056371 0.0005755 0.0194596 0.0057825 0.0012313 0.0193305 0.0057928 0.000207 0.01885 0.0047653 0.0002176 0.01885 0.0054281 0.0003624 0.01885 0.0056613 0.0005888 0.01885 0.0057854 0.0012429 0.01885 0.005796 0.0012534 0.019327 0.0060125 0.0012329 0.0193275 0.0062072 0.0012313 0.0193305 0.0057928 0.0012429 0.01885 0.005796 0.001235 0.01885 0.0062069 0 0.0121999 -0.0051913 0.0003653 0.0122 -0.0052832 0.0006556 0.0121999 -0.0055236 0.0008155 0.0121998 -0.006 0.000642 0.0121999 -0.0064984 0.0002419 0.0122 -0.0067731 -0.0001102 0.0122 -0.0067977 -0.0003884 0.0122 -0.0067028 -0.0006556 0.0121999 -0.0064763 -0.0007945 0.0122 -0.0061259 -0.0007646 0.0121999 -0.0057243 -0.0004566 0.0122 -0.0053275 0 0.0121999 -0.0051913 0.0003653 0.0122 -0.0052832 0.0006556 0.0121999 -0.0055236 0.0008155 0.0121998 -0.006 0.000642 0.0121999 -0.0064984 0.0002419 0.0122 -0.0067731 -0.0001102 0.0122 -0.0067977 -0.0003884 0.0122 -0.0067028 -0.0006556 0.0121999 -0.0064763 -0.0007945 0.0122 -0.0061259 -0.0007646 0.0121999 -0.0057243 -0.0004566 0.0122 -0.0053275 7.03e-05 0.0123994 -0.0050009 -0.0002312 0.0124009 -0.0050209 -0.0005432 0.0124 -0.005156 -0.0007774 0.0124 -0.0053651 -0.0009244 0.0123992 -0.0056135 -0.0010024 0.0124012 -0.0059146 -0.0009706 0.0124 -0.0062557 -0.0008547 0.0123996 -0.0065237 -0.0007081 0.0124003 -0.0067082 -0.0004571 0.0123993 -0.0068971 -8.37e-05 0.0124009 -0.0070017 0.0003547 0.0124035 -0.0069455 0.0007108 0.0123976 -0.0067107 0.000927 0.0124012 -0.006391 0.0010021 0.0124 -0.0060566 0.0009846 0.0124 -0.0058215 0.0009186 0.0124 -0.0055955 0.0007119 0.0123993 -0.0052881 0.000379 0.0124012 -0.0050681 7.03e-05 0.0123994 -0.0050009 -0.0002312 0.0124009 -0.0050209 -0.0005432 0.0124 -0.005156 -0.0007774 0.0124 -0.0053651 -0.0009244 0.0123992 -0.0056135 -0.0010024 0.0124012 -0.0059146 -0.0009706 0.0124 -0.0062557 -0.0008547 0.0123996 -0.0065237 -0.0007081 0.0124003 -0.0067082 -0.0004571 0.0123993 -0.0068971 -8.37e-05 0.0124009 -0.0070017 0.0003547 0.0124035 -0.0069455 0.0007108 0.0123976 -0.0067107 0.000927 0.0124012 -0.006391 0.0010021 0.0124 -0.0060566 0.0009846 0.0124 -0.0058215 0.0009186 0.0124 -0.0055955 0.0007119 0.0123993 -0.0052881 0.000379 0.0124012 -0.0050681 9.2e-05 0.0182 -0.007008 0.0005358 0.0182 -0.0068515 0.0008696 0.0182 -0.0065181 0.0010038 0.0182 -0.0060671 0.0009341 0.0182 -0.0056131 0.0006051 0.0182 -0.0051885 0.0001575 0.0182 -0.0050055 -0.0003003 0.0182 -0.0069559 -0.0005817 0.0182 -0.0068208 -0.0008048 0.0182 -0.0065969 -0.0009531 0.0182 -0.0063221 -0.0010033 0.0182 -0.0059717 -0.0009171 0.0182 -0.0055772 -0.0005943 0.0182 -0.005182 -0.0002067 0.0182 -0.0050177 9.2e-05 0.0182 -0.007008 0.0005358 0.0182 -0.0068515 0.0008696 0.0182 -0.0065181 0.0010038 0.0182 -0.0060671 0.0009341 0.0182 -0.0056131 0.0006051 0.0182 -0.0051885 0.0001575 0.0182 -0.0050055 -0.0003003 0.0182 -0.0069559 -0.0005817 0.0182 -0.0068208 -0.0008048 0.0182 -0.0065969 -0.0009531 0.0182 -0.0063221 -0.0010033 0.0182 -0.0059717 -0.0009171 0.0182 -0.0055772 -0.0005943 0.0182 -0.005182 -0.0002067 0.0182 -0.0050177 -1.93e-05 0.0182004 -0.0075396 -0.0004613 0.0182001 -0.0074649 -0.0008166 0.0182007 -0.0073077 -0.0012236 0.0182001 -0.0069399 -0.0014611 0.0182002 -0.0064924 -0.0015391 0.0182009 -0.0060505 -0.0014898 0.0182012 -0.0056036 -0.0013862 0.0182003 -0.0053254 -0.001202 0.0182014 -0.0050354 -0.0009917 0.0182029 -0.0048136 -0.0006005 0.0182001 -0.0045864 -6.29e-05 0.0182013 -0.004455 0.000494 0.0182002 -0.0074592 0.0009148 0.0182 -0.0072333 0.0012115 0.0182 -0.0069459 0.0014249 0.0182014 -0.0065903 0.0015163 0.0182011 -0.0062761 0.0015259 0.0182 -0.0058079 0.0014012 0.0182007 -0.0053598 0.0011304 0.0182 -0.0049551 0.0007387 0.0182 -0.004651 0.0003408 0.0182002 -0.0044984 -1.93e-05 0.0182004 -0.0075396 -0.0004613 0.0182001 -0.0074649 -0.0008166 0.0182007 -0.0073077 -0.0012236 0.0182001 -0.0069399 -0.0014611 0.0182002 -0.0064924 -0.0015391 0.0182009 -0.0060505 -0.0014898 0.0182012 -0.0056036 -0.0013862 0.0182003 -0.0053254 -0.001202 0.0182014 -0.0050354 -0.0009917 0.0182029 -0.0048136 -0.0006005 0.0182001 -0.0045864 -6.29e-05 0.0182013 -0.004455 0.000494 0.0182002 -0.0074592 0.0009148 0.0182 -0.0072333 0.0012115 0.0182 -0.0069459 0.0014249 0.0182014 -0.0065903 0.0015163 0.0182011 -0.0062761 0.0015259 0.0182 -0.0058079 0.0014012 0.0182007 -0.0053598 0.0011304 0.0182 -0.0049551 0.0007387 0.0182 -0.004651 0.0003408 0.0182002 -0.0044984 0.000205 0.0193272 -0.0072459 0.0003318 0.0192852 -0.0073357 0.0006923 0.0193108 -0.0071221 0.0010588 0.0193064 -0.0068003 0.0013327 0.0192901 -0.0063245 0.0012534 0.019327 -0.0059875 0.0012329 0.0193275 -0.0057928 0.0010327 0.0193103 -0.0051813 0.000699 0.0192902 -0.0048201 0.0004157 0.0192921 -0.0046981 0.0002072 0.0193341 -0.0047726 3.82e-05 0.0193267 -0.0047478 -0.000143 0.0183729 -0.0043311 6.54e-05 0.018475 -0.0042838 -0.0001466 0.0187317 -0.0042524 7.27e-05 0.0189239 -0.0042918 0.0001283 0.019049 -0.0043575 6.59e-05 0.0191836 -0.0044674 9.63e-05 0.0192818 -0.0046228 1.07e-05 0.0183215 -0.0076429 -0.000137 0.0184798 -0.0077171 -5.66e-05 0.0187165 -0.0077533 7.4e-05 0.0189009 -0.0077157 -5e-07 0.0190476 -0.00765 0.0001851 0.0191875 -0.007516 -0.000113 0.0192053 -0.0075046 6.43e-05 0.0192791 -0.0073876 0.0003929 0.0190641 -0.007589 0.0005872 0.0192383 -0.0073355 0.0003242 0.0189281 -0.0076773 0.000653 0.0191178 -0.0074592 0.0002057 0.0187594 -0.0077367 0.0001933 0.0185883 -0.007735 0.0006738 0.0189083 -0.0075803 0.0004878 0.018751 -0.0076826 0.000903 0.0192236 -0.0071758 0.0009855 0.01909 -0.0072884 0.0002872 0.0184943 -0.0077034 0.0007466 0.0187178 -0.0075848 0.0009487 0.0188728 -0.0074448 0.0006012 0.0185817 -0.0076374 0.0003285 0.0183065 -0.0075997 0.0011784 0.0191872 -0.0069705 0.0012248 0.019266 -0.0067097 0.0011338 0.0189714 -0.0072544 0.0006109 0.0183873 -0.0075687 0.0008308 0.0184931 -0.0075121 0.0009742 0.0186806 -0.0074575 0.0012994 0.0190307 -0.0070295 0.0011877 0.0187882 -0.0072794 0.0014202 0.0191609 -0.0066412 0.0011506 0.0186175 -0.0073208 0.0007682 0.0182893 -0.0074255 0.0013586 0.0188613 -0.0070709 0.0014802 0.0190265 -0.0067576 0.0011125 0.018455 -0.0073023 0.0009509 0.018292 -0.0073145 0.0014177 0.0186486 -0.0070351 0.0015159 0.0188206 -0.0068571 0.0015321 0.0191601 -0.0062738 0.0013436 0.0184546 -0.0070609 0.0016236 0.0189829 -0.0064487 0.0011902 0.0182958 -0.0071056 0.0016229 0.0188496 -0.0066053 0.0014735 0.0192283 -0.0059924 0.0013379 0.0192942 -0.0057388 0.0015924 0.0186815 -0.006734 0.0016463 0.0190528 -0.0060739 0.0015434 0.018493 -0.0067734 0.0013605 0.0182918 -0.0068805 0.001702 0.0186771 -0.0064288 0.0017168 0.0188377 -0.0062784 0.0015452 0.019151 -0.0057466 0.0015135 0.0183531 -0.0066838 0.0017335 0.0188583 -0.0059896 0.0016806 0.0184965 -0.0064002 0.001361 0.0192087 -0.0053579 0.0016595 0.0189954 -0.0057385 0.001196 0.0192538 -0.0052012 0.0017493 0.0186267 -0.0060728 0.0016218 0.0183552 -0.0063729 0.0015096 0.0190797 -0.0053869 0.0016903 0.0188369 -0.0055846 0.0016946 0.018415 -0.006053 0.0017324 0.0186326 -0.0057318 0.0017064 0.0184773 -0.0057994 0.0016262 0.0182957 -0.0059265 0.001644 0.0187335 -0.0053934 0.0015084 0.0188906 -0.0051627 0.0013795 0.0190284 -0.0050783 0.001223 0.0191029 -0.0049536 0.0010042 0.0192179 -0.004903 0.0016402 0.018507 -0.0054489 0.0015896 0.018306 -0.0056225 0.0015353 0.0186351 -0.0051503 0.0008481 0.0191712 -0.0047094 0.0012572 0.0189305 -0.0048451 0.0010315 0.0190533 -0.0047186 0.0013754 0.0187049 -0.0049099 0.0015485 0.0183808 -0.0053514 0.0011904 0.0187337 -0.0047117 0.0014639 0.0183926 -0.0051653 0.0006407 0.0191433 -0.0045611 0.0010111 0.0188828 -0.0046027 0.0013504 0.0184773 -0.0049361 0.0008136 0.0189824 -0.0045258 0.0011746 0.0184909 -0.0047374 0.0013094 0.0182799 -0.0050584 0.0004374 0.019157 -0.0045049 0.0009657 0.0186952 -0.0045347 0.0011527 0.0182923 -0.0048581 0.0004873 0.018995 -0.0043919 0.0007331 0.0188125 -0.0044195 0.0009021 0.0184674 -0.0045379 0.0009619 0.0183104 -0.004677 0.0006463 0.0185798 -0.0043752 0.0004801 0.0188108 -0.0043263 0.0002455 0.0188393 -0.0042791 0.0004601 0.0186346 -0.0043101 0.0006578 0.0183907 -0.0044508 0.0005744 0.0182651 -0.0045028 0.0001377 0.0186304 -0.0042528 0.0002931 0.0183854 -0.0043422 -0.0006954 0.0192932 -0.0071739 -0.0009524 0.0193045 -0.0069259 -0.0011308 0.0192901 -0.0067726 -0.0012865 0.0192874 -0.0064904 -0.0012431 0.0193261 -0.0062 -0.0013859 0.0192807 -0.0060326 -0.0013108 0.0193006 -0.0057136 -0.0011641 0.0192927 -0.0052862 -0.0008747 0.0193028 -0.0049958 -0.0006031 0.019296 -0.0047853 -0.0002072 0.0193292 -0.0047669 -0.0002731 0.0192708 -0.0046178 -0.0001962 0.0190285 -0.0043522 -0.0003559 0.0191698 -0.0044967 -0.000444 0.0190719 -0.0044307 -0.0002821 0.0188959 -0.004302 -0.000656 0.019184 -0.0046188 -0.0006985 0.0190559 -0.0045159 -0.0009029 0.0192236 -0.0048242 -0.0006669 0.0189065 -0.0044161 -0.000204 0.0185526 -0.0042734 -0.0004877 0.018751 -0.0043174 -0.0009611 0.0190727 -0.0046815 -0.0008919 0.018936 -0.0045459 -0.0004665 0.0184762 -0.004342 -0.0007201 0.0186719 -0.0044 -0.0011294 0.0191288 -0.0048846 -0.0003599 0.0182821 -0.0044256 -0.0011998 0.0191869 -0.005057 -0.0009744 0.0187337 -0.0045411 -0.0007895 0.0184825 -0.0044682 -0.0011639 0.0189308 -0.0047511 -0.0007877 0.0183096 -0.0045642 -0.0011925 0.0187363 -0.0047161 -0.0013794 0.0191692 -0.0053006 -0.0013454 0.0190282 -0.0050219 -0.0010771 0.0184854 -0.004653 -0.0013753 0.0188026 -0.0049267 -0.0014045 0.0192254 -0.005546 -0.0012849 0.0186089 -0.0048153 -0.0015293 0.0190293 -0.0053535 -0.0015464 0.0188192 -0.0051959 -0.0015393 0.0191358 -0.0056484 -0.0013017 0.0184722 -0.0048781 -0.0014566 0.0186297 -0.0050294 -0.0015547 0.0191603 -0.0058708 -0.00165 0.0188649 -0.0054705 -0.0012713 0.0183508 -0.0049305 -0.0016544 0.0189781 -0.0056709 -0.0015084 0.0185051 -0.0051594 -0.0015989 0.0186056 -0.0052909 -0.0014371 0.0183367 -0.0051847 -0.0017074 0.0186525 -0.0055917 -0.0015336 0.0191687 -0.0061831 -0.0014272 0.0192243 -0.0063981 -0.0016973 0.0189559 -0.0059667 -0.0017444 0.0187865 -0.0058681 -0.0015995 0.0183889 -0.0054729 -0.0016388 0.0190299 -0.0062642 -0.0016921 0.0184936 -0.0056757 -0.001702 0.0189109 -0.006202 -0.0015453 0.019079 -0.0065055 -0.0017375 0.0185439 -0.0059412 -0.0017443 0.0187152 -0.0061881 -0.0016257 0.0183121 -0.0058032 -0.0013942 0.0191512 -0.0067079 -0.0016827 0.0187985 -0.0064648 -0.001608 0.0189035 -0.006607 -0.0017072 0.0185335 -0.0063268 -0.0016739 0.0183798 -0.0061259 -0.0014923 0.0189595 -0.0068059 -0.0013106 0.0191225 -0.0069102 -0.0010352 0.0192252 -0.0070538 -0.00164 0.0186006 -0.006601 -0.0015825 0.0187503 -0.0067457 -0.0016037 0.018294 -0.0062403 -0.001113 0.0191237 -0.0071348 -0.001426 0.0187837 -0.007011 -0.0015761 0.0184396 -0.0066515 -0.001277 0.0189711 -0.0071103 -0.0015604 0.0183124 -0.0064968 -0.0015297 0.0185903 -0.0068422 -0.0007551 0.0191847 -0.0073335 -0.0010465 0.0189922 -0.0073116 -0.0013782 0.0186588 -0.0070815 -0.0011503 0.0188282 -0.0073074 -0.0014199 0.0184499 -0.006954 -0.0003411 0.0192976 -0.0073005 -0.0008406 0.0190494 -0.0074178 -0.0014043 0.0183122 -0.0068396 -0.0012744 0.0185537 -0.0071851 -0.0004016 0.0192032 -0.0074543 -0.0006207 0.0190497 -0.0075262 -0.0010725 0.0186747 -0.0073871 -0.0007926 0.0188388 -0.0075475 -0.0011824 0.0183336 -0.0071563 -0.0010713 0.0184994 -0.0073522 -0.0008003 0.0186625 -0.0075619 -0.000319 0.0190261 -0.0076297 -0.0004743 0.0189045 -0.007649 -0.0008536 0.0184723 -0.0074896 -0.000965 0.0183104 -0.0073216 -0.0004795 0.0187363 -0.0076851 -0.0005475 0.0185591 -0.007654 -0.0002288 0.0188249 -0.0077255 -0.0006282 0.0183023 -0.0075033 -0.000514 0.0184323 -0.0076234 -0.0002693 0.0186066 -0.0077255 -0.0003258 0.0182938 -0.0075897 -0.0002163 0.0194577 -0.0054112 -0.0003362 0.019474 -0.0056371 -0.0005754 0.0194596 -0.0057825 -0.0012343 0.0193292 -0.0057928 -0.0007051 0.0194457 -0.0062036 -0.00046 0.0194698 -0.0062658 -0.0002896 0.0194714 -0.0064259 -0.0002125 0.0194545 -0.0066134 -0.0002073 0.019331 -0.007232 -0.0006633 0.0194123 -0.0053568 -0.000598 0.0194114 -0.0066955 0.0002164 0.0194577 -0.0065887 0.0003363 0.019474 -0.0063629 0.0005755 0.0194596 -0.0062175 0.0012313 0.0193305 -0.0062072 0.0008706 0.0194151 -0.0057928 0.000574 0.0194597 -0.005781 0.0003216 0.0194743 -0.0056243 0.0002125 0.0194545 -0.0053866 0.0006633 0.0194123 -0.0066432 0.000598 0.0194114 -0.0053045 0.0002072 0.0193341 -0.0047726 3.82e-05 0.0193267 -0.0047478 -0.0002072 0.0193292 -0.0047669 -0.0002069 0.01885 -0.0047653 0.0002036 0.01885 -0.0047564 0.0012329 0.0193275 -0.0057928 0.0002072 0.0193341 -0.0047726 0.0002036 0.01885 -0.0047564 0.0008706 0.0194151 -0.0057928 0.000574 0.0194597 -0.005781 0.0003216 0.0194743 -0.0056243 0.0002125 0.0194545 -0.0053866 0.001235 0.01885 -0.0057931 0.0005717 0.01885 -0.0057824 0.0003397 0.01885 -0.0056386 0.000215 0.01885 -0.0054123 -0.0002069 0.01885 -0.0047653 0.0002036 0.01885 -0.0047564 -0.0002176 0.01885 -0.005428 -0.0003623 0.01885 -0.0056612 -0.0005887 0.01885 -0.0057853 -0.0012499 0.01885 -0.0058011 -0.0012327 0.01885 -0.0062071 -0.0005487 0.01885 -0.0062217 -0.0002973 0.01885 -0.0064104 -0.0002106 0.01885 -0.0066256 -0.0002035 0.01885 -0.0072436 0.000207 0.01885 -0.0072347 0.0002176 0.01885 -0.0065719 0.0003624 0.01885 -0.0063387 0.0005888 0.01885 -0.0062146 0.0012429 0.01885 -0.006204 0.001235 0.01885 -0.0057931 0.0005717 0.01885 -0.0057824 0.0003397 0.01885 -0.0056386 0.000215 0.01885 -0.0054123 -0.0002072 0.0193292 -0.0047669 -0.0002163 0.0194577 -0.0054112 -0.0003362 0.019474 -0.0056371 -0.0005754 0.0194596 -0.0057825 -0.0012343 0.0193292 -0.0057928 -0.0002069 0.01885 -0.0047653 -0.0002176 0.01885 -0.005428 -0.0003623 0.01885 -0.0056612 -0.0005887 0.01885 -0.0057853 -0.0012499 0.01885 -0.0058011 -0.0012431 0.0193261 -0.0062 -0.0012343 0.0193292 -0.0057928 -0.0012499 0.01885 -0.0058011 -0.0012327 0.01885 -0.0062071 -0.0012431 0.0193261 -0.0062 -0.0007051 0.0194457 -0.0062036 -0.00046 0.0194698 -0.0062658 -0.0002896 0.0194714 -0.0064259 -0.0002125 0.0194545 -0.0066134 -0.0002073 0.019331 -0.007232 -0.0012327 0.01885 -0.0062071 -0.0005487 0.01885 -0.0062217 -0.0002973 0.01885 -0.0064104 -0.0002106 0.01885 -0.0066256 -0.0002035 0.01885 -0.0072436 0.000205 0.0193272 -0.0072459 -0.0002073 0.019331 -0.007232 -0.0002035 0.01885 -0.0072436 0.000207 0.01885 -0.0072347 0.000205 0.0193272 -0.0072459 0.0002164 0.0194577 -0.0065887 0.0003363 0.019474 -0.0063629 0.0005755 0.0194596 -0.0062175 0.0012313 0.0193305 -0.0062072 0.000207 0.01885 -0.0072347 0.0002176 0.01885 -0.0065719 0.0003624 0.01885 -0.0063387 0.0005888 0.01885 -0.0062146 0.0012429 0.01885 -0.006204 0.0012534 0.019327 -0.0059875 0.0012329 0.0193275 -0.0057928 0.0012313 0.0193305 -0.0062072 0.0012429 0.01885 -0.006204 0.001235 0.01885 -0.0057931 -0.0059081 0.0122 0.0007968 -0.0056347 0.0122 0.0007168 -0.0053444 0.0121999 0.0004763 -0.0052054 0.0122 0.0001259 -0.0052354 0.0121999 -0.0002756 -0.0055237 0.0121999 -0.0006555 -0.0058898 0.0122 -0.0007978 -0.006182 0.0122 -0.0007833 -0.0064498 0.0122 -0.0006652 -0.0066597 0.0121999 -0.0004679 -0.0068111 0.0121998 0 -0.0066556 0.0122 0.0004764 -0.0062657 0.0121999 0.0007684 -0.0059081 0.0122 0.0007968 -0.0056347 0.0122 0.0007168 -0.0053444 0.0121999 0.0004763 -0.0052054 0.0122 0.0001259 -0.0052354 0.0121999 -0.0002756 -0.0055237 0.0121999 -0.0006555 -0.0058898 0.0122 -0.0007978 -0.006182 0.0122 -0.0007833 -0.0064498 0.0122 -0.0006652 -0.0066597 0.0121999 -0.0004679 -0.0068111 0.0121998 0 -0.0066556 0.0122 0.0004764 -0.0062657 0.0121999 0.0007684 -0.0059296 0.0123994 0.0009991 -0.0062312 0.0124009 0.0009791 -0.0065432 0.0124 0.000844 -0.0068145 0.0123993 0.0005918 -0.0069797 0.0124012 0.0002286 -0.0069872 0.0124015 -0.0002032 -0.0068051 0.0124001 -0.0006078 -0.0064571 0.0123993 -0.0008971 -0.0061124 0.0123985 -0.0009968 -0.0057725 0.0124011 -0.0009799 -0.0054568 0.0124 -0.000844 -0.0051855 0.0123993 -0.0005918 -0.0050475 0.0124003 -0.0003095 -0.0049979 0.0124 -5.66e-05 -0.0050154 0.0124 0.0001785 -0.0050814 0.0124 0.0004045 -0.0052881 0.0123993 0.0007119 -0.005621 0.0124012 0.0009319 -0.0059296 0.0123994 0.0009991 -0.0062312 0.0124009 0.0009791 -0.0065432 0.0124 0.000844 -0.0068145 0.0123993 0.0005918 -0.0069797 0.0124012 0.0002286 -0.0069872 0.0124015 -0.0002032 -0.0068051 0.0124001 -0.0006078 -0.0064571 0.0123993 -0.0008971 -0.0061124 0.0123985 -0.0009968 -0.0057725 0.0124011 -0.0009799 -0.0054568 0.0124 -0.000844 -0.0051855 0.0123993 -0.0005918 -0.0050475 0.0124003 -0.0003095 -0.0049979 0.0124 -5.66e-05 -0.0050154 0.0124 0.0001785 -0.0050814 0.0124 0.0004045 -0.0052881 0.0123993 0.0007119 -0.005621 0.0124012 0.0009319 -0.0061848 0.0182 -0.0009918 -0.0056876 0.0182 -0.0009616 -0.005288 0.0182 -0.000712 -0.0050335 0.0182 -0.0003008 -0.0050046 0.0182 0.0001292 -0.0051436 0.0182 0.0005396 -0.0055409 0.0182 0.0009009 -0.0060397 0.0182 0.0010091 -0.0065484 0.0182 -0.0008407 -0.0068319 0.0182 -0.0005707 -0.007008 0.0182 -9.19e-05 -0.0069171 0.0182 0.0004228 -0.0066731 0.0182 0.0007447 -0.00642 0.0182 0.000911 -0.0061848 0.0182 -0.0009918 -0.0056876 0.0182 -0.0009616 -0.005288 0.0182 -0.000712 -0.0050335 0.0182 -0.0003008 -0.0050046 0.0182 0.0001292 -0.0051436 0.0182 0.0005396 -0.0055409 0.0182 0.0009009 -0.0060397 0.0182 0.0010091 -0.0065484 0.0182 -0.0008407 -0.0068319 0.0182 -0.0005707 -0.007008 0.0182 -9.19e-05 -0.0069171 0.0182 0.0004228 -0.0066731 0.0182 0.0007447 -0.00642 0.0182 0.000911 -0.0059884 0.0182 -0.001541 -0.0064613 0.0182001 -0.0014649 -0.006881 0.0182019 -0.00127 -0.007228 0.0182016 -0.000937 -0.0074384 0.0182005 -0.0005615 -0.0075386 0.0182006 -7.07e-05 -0.0074898 0.0182012 0.0003964 -0.0073916 0.0182023 0.0006721 -0.00718 0.0182003 0.0009929 -0.0067086 0.0182005 0.0013692 -0.00618 0.0182 0.001528 -0.0053399 0.0182001 -0.001394 -0.0048357 0.0182008 -0.0010114 -0.0046235 0.0182007 -0.0006977 -0.0044594 0.0182004 -0.0001026 -0.0045245 0.0182001 0.0004442 -0.0047276 0.0182 0.0008637 -0.0051559 0.0182004 0.001294 -0.0056764 0.0182008 0.0015071 -0.0059884 0.0182 -0.001541 -0.0064613 0.0182001 -0.0014649 -0.006881 0.0182019 -0.00127 -0.007228 0.0182016 -0.000937 -0.0074384 0.0182005 -0.0005615 -0.0075386 0.0182006 -7.07e-05 -0.0074898 0.0182012 0.0003964 -0.0073916 0.0182023 0.0006721 -0.00718 0.0182003 0.0009929 -0.0067086 0.0182005 0.0013692 -0.00618 0.0182 0.001528 -0.0053399 0.0182001 -0.001394 -0.0048357 0.0182008 -0.0010114 -0.0046235 0.0182007 -0.0006977 -0.0044594 0.0182004 -0.0001026 -0.0045245 0.0182001 0.0004442 -0.0047276 0.0182 0.0008637 -0.0051559 0.0182004 0.001294 -0.0056764 0.0182008 0.0015071 -0.0057928 0.0193292 -0.001233 -0.0053889 0.019294 -0.0012145 -0.0051545 0.019307 -0.0010143 -0.0049093 0.0192988 -0.0007923 -0.0046893 0.0193006 -0.0002985 -0.0047467 0.019327 1.25e-05 -0.0047671 0.0193275 0.0002072 -0.0047781 0.0193073 0.0005179 -0.0050749 0.0193091 0.0009432 -0.0055843 0.0192921 0.0013018 -0.0057927 0.0193316 0.0012321 -0.0059876 0.018306 0.0016339 -0.0061449 0.0185372 0.0017337 -0.0059421 0.018714 0.0017536 -0.0059332 0.0189109 0.0017127 -0.0061496 0.0191162 0.0015949 -0.0059285 0.01927 0.0014073 -0.0059847 0.0183053 -0.0016316 -0.0059456 0.0184434 -0.0017041 -0.0059226 0.0186123 -0.0017484 -0.0061438 0.0187579 -0.0017472 -0.0059899 0.0190632 -0.0016375 -0.0061344 0.0192095 -0.0014961 -0.0059421 0.0192901 -0.0013626 -0.0058278 0.0191887 -0.0015174 -0.0056161 0.0192742 -0.0013434 -0.0054661 0.0191875 -0.0014309 -0.0056116 0.0190842 -0.0015753 -0.0058064 0.0188545 -0.0017233 -0.005671 0.0189598 -0.0016638 -0.0053275 0.0189303 -0.0015726 -0.0051796 0.0190737 -0.0014123 -0.0055287 0.0188361 -0.0016698 -0.0050767 0.0192157 -0.0011747 -0.0056451 0.0186469 -0.0017173 -0.0053931 0.0187076 -0.0016457 -0.0056707 0.0184505 -0.0016763 -0.0049954 0.0189002 -0.0013953 -0.0056877 0.0182918 -0.0015907 -0.0048038 0.0191866 -0.0009544 -0.005321 0.0185044 -0.0015915 -0.004861 0.0190176 -0.0012167 -0.0050818 0.0187266 -0.001496 -0.0054062 0.0183186 -0.0015314 -0.0047006 0.0190307 -0.0010295 -0.0046824 0.0192653 -0.0005148 -0.0048064 0.0188061 -0.0012687 -0.0050424 0.0184765 -0.00143 -0.0048173 0.0186295 -0.0012915 -0.0045918 0.0191435 -0.0007025 -0.0046415 0.0188613 -0.0010709 -0.0045222 0.0189505 -0.000842 -0.00501 0.0182799 -0.0012753 -0.0046229 0.0186815 -0.0010856 -0.0048467 0.0184369 -0.0012538 -0.0044821 0.0191738 -0.0002856 -0.0044533 0.0190744 -0.0005138 -0.0044303 0.0187179 -0.0007856 -0.0046549 0.0184857 -0.0010748 -0.0043511 0.0188621 -0.000536 -0.0047287 0.0183508 -0.0010694 -0.0045886 0.0192677 0.0001018 -0.0044955 0.0185192 -0.0008648 -0.0043569 0.0189788 -0.0003847 -0.0044265 0.0185332 -0.00073 -0.0044448 0.019159 4.72e-05 -0.0043112 0.0189724 -0.0001293 -0.0043182 0.0186036 -0.0004838 -0.00451 0.0183552 -0.0007412 -0.0042589 0.0187483 -0.0001981 -0.0044829 0.0191584 0.0003499 -0.0043408 0.0190138 0.0001816 -0.0043665 0.0183778 -0.0003853 -0.0046414 0.019231 0.0005577 -0.0042892 0.0185273 -0.000271 -0.0047694 0.0192415 0.0007835 -0.0044376 0.0182958 -0.0004447 -0.004249 0.0187196 0.0001276 -0.0042761 0.0188386 0.0002025 -0.0042604 0.0185422 8.7e-06 -0.0044066 0.0190332 0.0004501 -0.0045328 0.0190937 0.0006786 -0.004312 0.0184039 -7.13e-05 -0.0043326 0.018851 0.0004783 -0.0043821 0.0182909 -7.32e-05 -0.004424 0.0188703 0.0007118 -0.0043006 0.0185971 0.0004117 -0.0046442 0.0190805 0.0008944 -0.0049719 0.019224 0.0010649 -0.0043727 0.0183156 0.0001918 -0.004322 0.0184504 0.0003175 -0.0043879 0.0186417 0.0006926 -0.0048464 0.0190826 0.0011456 -0.0046205 0.0189222 0.0010137 -0.00531 0.0192749 0.0012158 -0.0045469 0.018761 0.0009752 -0.0044077 0.0184245 0.0005895 -0.0044387 0.0182918 0.0004362 -0.0051254 0.0191645 0.0012822 -0.0045148 0.0185565 0.0009104 -0.0048419 0.0189342 0.0012516 -0.0047584 0.0187568 0.001236 -0.0045528 0.0184388 0.0009032 -0.0045505 0.0182944 0.0007303 -0.0050715 0.0189829 0.0014054 -0.0054678 0.0191668 0.0014579 -0.0047639 0.0185493 0.0012262 -0.0053209 0.0190412 0.0015065 -0.0050327 0.0188107 0.0014479 -0.0049249 0.0186172 0.0013818 -0.0047137 0.0182914 0.0009857 -0.0047669 0.0183816 0.0011384 -0.0052813 0.0188486 0.0015775 -0.0055437 0.0190061 0.0016091 -0.0051536 0.0186736 0.0015355 -0.0058214 0.0191376 0.0015683 -0.0048838 0.0183174 0.0012036 -0.0050663 0.0183864 0.0013975 -0.0052386 0.0184958 0.0015508 -0.0055307 0.018828 0.001674 -0.0054002 0.0186602 0.0016461 -0.0058669 0.0190013 0.0016723 -0.0056776 0.0187497 0.0017223 -0.0054297 0.0183183 0.0015412 -0.0055887 0.0185016 0.0016784 -0.0057952 0.0185781 0.0017302 -0.0058071 0.0184105 0.0016823 -0.0060383 0.0193267 -0.0012521 -0.006448 0.0192899 -0.0012969 -0.0068542 0.0193157 -0.0009765 -0.0071337 0.0192894 -0.0007702 -0.0072745 0.0192985 -0.0004327 -0.0072431 0.0193261 -0.0002 -0.007405 0.0192736 -1.37e-05 -0.00724 0.019301 0.0005164 -0.0068887 0.0193074 0.0009876 -0.0064917 0.0192841 0.0012939 -0.0062049 0.019327 0.001246 -0.0062032 0.0192753 0.0013813 -0.0063766 0.019146 0.0015259 -0.0062053 0.0188371 0.0017282 -0.0067335 0.0192052 0.0013196 -0.0064585 0.0189598 0.0016329 -0.0066957 0.0190284 0.0015065 -0.0065532 0.0187507 0.0016634 -0.0064523 0.0185962 0.0016887 -0.0069072 0.019072 0.0013552 -0.0067364 0.0188238 0.0015771 -0.0070702 0.0191935 0.0010803 -0.0063179 0.018333 0.0016229 -0.0069487 0.0188728 0.0014448 -0.0071419 0.0192492 0.00088 -0.0071317 0.0189791 0.0012541 -0.0067307 0.0185788 0.001584 -0.006586 0.0183421 0.0015525 -0.0072471 0.019015 0.0011087 -0.0069742 0.0186806 0.0014574 -0.0068518 0.0184687 0.0014893 -0.0072936 0.0191873 0.0008116 -0.0071833 0.0187442 0.001291 -0.0073779 0.0190261 0.0009268 -0.0071008 0.0184887 0.0013299 -0.0073833 0.0192153 0.0005588 -0.0074104 0.0188566 0.0010067 -0.0069902 0.0182871 0.0012829 -0.007504 0.0190695 0.0006387 -0.0073466 0.0186707 0.0011258 -0.0074739 0.0192122 0.0002603 -0.0075531 0.0189108 0.0007248 -0.007612 0.0190625 0.0003082 -0.0072298 0.0183841 0.0011435 -0.0073622 0.0185087 0.0010624 -0.0075708 0.0187378 0.0007792 -0.007513 0.0185782 0.0008665 -0.0076673 0.018862 0.0004696 -0.0073667 0.018337 0.0009271 -0.0076118 0.0191007 -2.14e-05 -0.0075244 0.0184141 0.0007433 -0.0076291 0.0185118 0.0005843 -0.0076851 0.0186777 0.0004792 -0.0077257 0.0188093 0.0002473 -0.0074617 0.0192116 -0.0003321 -0.0077095 0.0189275 -1.27e-05 -0.0076961 0.01852 0.0003492 -0.007742 0.0186812 0.000204 -0.0076146 0.0190507 -0.0003181 -0.0077544 0.0187281 -5.4e-05 -0.0076021 0.0183553 0.0004424 -0.0073231 0.0192186 -0.0006761 -0.0077305 0.0185234 8.13e-05 -0.0075037 0.019105 -0.0005618 -0.0076982 0.0188561 -0.0003457 -0.0076257 0.0183121 0.0001968 -0.0075892 0.0189562 -0.000591 -0.0077181 0.0186351 -0.0003418 -0.0074111 0.019093 -0.0007862 -0.0076971 0.0184217 -0.0001178 -0.0076276 0.0187632 -0.000649 -0.0071959 0.0191664 -0.0009847 -0.0074883 0.0189355 -0.0008317 -0.006882 0.0192624 -0.0011141 -0.0073155 0.0189823 -0.0010567 -0.0075985 0.0183048 -0.0003416 -0.0076452 0.0184558 -0.0004677 -0.0076369 0.0185962 -0.0006075 -0.0069678 0.0191812 -0.0011918 -0.007426 0.0187837 -0.0010111 -0.0072084 0.0190057 -0.0011566 -0.0075229 0.0185835 -0.0008529 -0.0075488 0.0184083 -0.0006802 -0.0069583 0.0190755 -0.0013181 -0.0073516 0.0185929 -0.0011118 -0.0071796 0.0187852 -0.0012882 -0.0065373 0.0191744 -0.0014482 -0.0070415 0.0189131 -0.0013624 -0.0074309 0.0183815 -0.0008799 -0.0068429 0.018914 -0.0014946 -0.0066313 0.0190461 -0.0015241 -0.0072464 0.0183541 -0.0011031 -0.0071613 0.0185505 -0.0012954 -0.0069745 0.0186294 -0.0014586 -0.0065552 0.018858 -0.0016424 -0.006319 0.0190261 -0.0016297 -0.0067436 0.0186998 -0.001587 -0.0069803 0.0183832 -0.0013647 -0.006723 0.0184968 -0.0015684 -0.0064795 0.0187363 -0.0016851 -0.0061528 0.018908 -0.0017118 -0.0064843 0.0185197 -0.0016627 -0.0066823 0.0182918 -0.0014705 -0.0062675 0.0185542 -0.0017205 -0.0063934 0.0183141 -0.0015923 -0.0062056 0.0184339 -0.0016894 -0.0062163 0.0194577 0.0005888 -0.0063362 0.019474 0.0003629 -0.0065754 0.0194596 0.0002175 -0.0072343 0.0193292 0.0002072 -0.0068706 0.0194151 -0.0002072 -0.0065739 0.0194597 -0.0002189 -0.0063216 0.0194743 -0.0003756 -0.0062125 0.0194545 -0.0006134 -0.0062072 0.0193331 -0.0012267 -0.0066633 0.0194123 0.0006432 -0.006598 0.0194114 -0.0006955 -0.0057836 0.0194577 -0.0005888 -0.0056638 0.019474 -0.0003629 -0.0054245 0.0194596 -0.0002175 -0.0047687 0.0193305 -0.0002072 -0.0051294 0.0194151 0.0002072 -0.0054261 0.0194597 0.000219 -0.0056336 0.0194734 0.0003366 -0.0057789 0.0194619 0.0005577 -0.0053367 0.0194123 -0.0006432 -0.005402 0.0194114 0.0006955 -0.0057927 0.0193316 0.0012321 -0.0062049 0.019327 0.001246 -0.0057931 0.01885 0.0012347 -0.0062035 0.01885 0.0012436 -0.0047671 0.0193275 0.0002072 -0.0057927 0.0193316 0.0012321 -0.0057931 0.01885 0.0012347 -0.0051294 0.0194151 0.0002072 -0.0054261 0.0194597 0.000219 -0.0056336 0.0194734 0.0003366 -0.0057789 0.0194619 0.0005577 -0.004765 0.01885 0.0002069 -0.0054283 0.01885 0.0002176 -0.0056603 0.01885 0.0003614 -0.005785 0.01885 0.0005878 -0.0057931 0.01885 0.0012347 -0.0062035 0.01885 0.0012436 -0.0062176 0.01885 0.0005719 -0.0063388 0.01885 0.0003658 -0.0065542 0.01885 0.00022 -0.0072327 0.01885 0.0002071 -0.0072533 0.01885 1.18e-05 -0.0072327 0.01885 -0.0002071 -0.0066065 0.01885 -0.0002127 -0.0064118 0.01885 -0.0003001 -0.0062672 0.01885 -0.0004596 -0.006209 0.01885 -0.0006464 -0.0062035 0.01885 -0.0012436 -0.0057931 0.01885 -0.0012347 -0.0057871 0.01885 -0.0006046 -0.0056997 0.01885 -0.0004115 -0.0055256 0.01885 -0.0002576 -0.0053374 0.01885 -0.0002081 -0.0047571 0.01885 -0.000204 -0.004765 0.01885 0.0002069 -0.0054283 0.01885 0.0002176 -0.0056603 0.01885 0.0003614 -0.005785 0.01885 0.0005878 -0.0062049 0.019327 0.001246 -0.0062163 0.0194577 0.0005888 -0.0063362 0.019474 0.0003629 -0.0065754 0.0194596 0.0002175 -0.0072343 0.0193292 0.0002072 -0.0062035 0.01885 0.0012436 -0.0062176 0.01885 0.0005719 -0.0063388 0.01885 0.0003658 -0.0065542 0.01885 0.00022 -0.0072327 0.01885 0.0002071 -0.0072431 0.0193261 -0.0002 -0.0072343 0.0193292 0.0002072 -0.0072327 0.01885 0.0002071 -0.0072533 0.01885 1.18e-05 -0.0072327 0.01885 -0.0002071 -0.0072431 0.0193261 -0.0002 -0.0068706 0.0194151 -0.0002072 -0.0065739 0.0194597 -0.0002189 -0.0063216 0.0194743 -0.0003756 -0.0062125 0.0194545 -0.0006134 -0.0062072 0.0193331 -0.0012267 -0.0072327 0.01885 -0.0002071 -0.0066065 0.01885 -0.0002127 -0.0064118 0.01885 -0.0003001 -0.0062672 0.01885 -0.0004596 -0.006209 0.01885 -0.0006464 -0.0062035 0.01885 -0.0012436 -0.0057928 0.0193292 -0.001233 -0.0060383 0.0193267 -0.0012521 -0.0062072 0.0193331 -0.0012267 -0.0062035 0.01885 -0.0012436 -0.0057931 0.01885 -0.0012347 -0.0057928 0.0193292 -0.001233 -0.0057836 0.0194577 -0.0005888 -0.0056638 0.019474 -0.0003629 -0.0054245 0.0194596 -0.0002175 -0.0047687 0.0193305 -0.0002072 -0.0057931 0.01885 -0.0012347 -0.0057871 0.01885 -0.0006046 -0.0056997 0.01885 -0.0004115 -0.0055256 0.01885 -0.0002576 -0.0053374 0.01885 -0.0002081 -0.0047571 0.01885 -0.000204 -0.0047467 0.019327 1.25e-05 -0.0047671 0.0193275 0.0002072 -0.0047687 0.0193305 -0.0002072 -0.0047571 0.01885 -0.000204 -0.004765 0.01885 0.0002069</float_array>
          <technique_common>
            <accessor count="3733" source="#link6_steel_hardware-positions-array" stride="3">
              <param type="float" name="X"/>
              <param type="float" name="Y"/>
              <param type="float" name="Z"/>
            </accessor>
          </technique_common>
        </source>
        <source id="link6_steel_hardware-normals">
          <float_array count="11199" id="link6_steel_hardware-normals-array">-1.4e-05 1 -0.000362 -5.1e-05 1 0.000132 6.7e-05 1 -0.000202 -3.4e-05 1 -7.9e-05 -0.000109 1 6e-05 7.6e-05 1 -5.3e-05 4e-05 1 -0.000102 -0.000212 1 1.6e-05 9.1e-05 1 -2.1e-05 -3.6e-05 1 -1.9e-05 0.000628 1 0.000251 4.8e-05 1 -2e-06 0.000133 1 0.000396 0.172357 0.721697 -0.670408 0.444699 0.723913 -0.527441 0.63469 0.721723 -0.276196 0.692423 0.720908 0.029015 0.563859 0.718474 0.407255 0.308505 0.713791 0.62875 0.01088 0.718364 0.695582 -0.319924 0.72281 0.612531 -0.555639 0.720831 0.414329 -0.687381 0.719426 0.099666 -0.653663 0.719594 -0.234327 -0.407341 0.72275 -0.558306 -0.102545 0.712681 -0.693952 -0.161997 0.707213 -0.688191 -0.379357 0.698504 -0.606779 -0.564968 0.714619 -0.41247 -0.692835 0.706273 -0.145461 -0.700288 0.711078 0.06296 -0.637259 0.705966 0.309051 -0.482521 0.713935 0.507415 -0.36135 0.713231 0.600607 -0.172515 0.709219 0.683555 0.074875 0.70958 0.700636 0.329447 0.714797 0.616871 0.572758 0.701903 0.423416 0.676192 0.713186 0.18474 0.71138 0.699339 -0.069739 0.652543 0.71134 -0.261119 0.549989 0.708769 -0.441768 0.374452 0.707101 -0.599828 0.140282 0.706773 -0.693393 -0.211294 0.002383 -0.97742 -0.546385 0.002693 -0.83753 -0.810975 0.003281 -0.585072 -0.971408 0.0028 -0.237398 -0.993666 0.001523 0.112363 -0.895682 0.001839 0.44469 -0.71369 0.001828 0.700459 -0.496932 0.000151 0.867789 -0.239188 0.00097 0.970973 0.085146 0.003313 0.996363 0.478792 0.003992 0.877919 0.803156 0.003433 0.595759 0.969282 0.002504 0.245941 0.997251 0.001794 -0.074077 0.927213 0.001743 -0.374531 0.770183 0.000508 -0.637823 0.542166 0.000933 -0.840271 0.19088 0.002327 -0.981611 -0.166741 -0.003113 0.985996 0.304679 -0.004478 0.952445 0.699248 -0.003793 0.714869 0.925162 -0.002927 0.379561 0.99935 -0.002017 0.036004 0.96026 -0.002032 -0.279098 0.799796 -0.002183 -0.600268 0.486083 -0.002388 -0.873909 0.100932 -0.002424 -0.99489 -0.545608 -0.002028 0.838038 -0.835597 -0.003091 0.549334 -0.996018 -0.004211 0.089055 -0.91624 -0.004086 -0.400608 -0.6681 -0.003258 -0.744064 -0.308621 -0.002465 -0.951182 -0.000153 1 0.000194 0.000453 1 0.000337 0.000484 1 0.000329 0.001134 0.999999 0.000498 0.000669 1 0.000416 0.00019 1 -0.000221 0.000719 0.999999 -0.000941 0.000774 1 -0.000555 1.4e-05 1 -0.000115 -0.001253 0.999999 0.000951 -0.001195 0.999999 0.000719 -0.001163 0.999999 -6.9e-05 -0.001359 0.999999 5.7e-05 -0.000195 1 -6.4e-05 -8e-05 1 -0.000146 0.04974 0.894613 0.444065 -0.109523 0.893419 0.435669 -0.276475 0.891191 0.359638 -0.335049 0.899291 0.281101 -0.408987 0.890341 0.200056 -0.463486 0.884384 0.055195 -0.445084 0.887849 -0.116722 -0.412257 0.889707 -0.196128 -0.307376 0.902029 -0.303092 -0.196334 0.892108 -0.406935 -0.032361 0.907468 -0.418872 0.210774 0.887889 0.408934 0.303299 0.904308 0.300394 0.405988 0.890036 0.20739 0.451492 0.890083 0.062505 0.437028 0.896437 -0.073527 0.383464 0.902662 -0.195338 0.354992 0.892063 -0.27965 0.258481 0.893899 -0.366241 0.117311 0.898436 -0.423144 0.065908 -0.953975 0.292555 0.142302 -0.931867 0.333729 0.244699 -0.929779 0.275017 0.370515 -0.908352 0.193946 0.360224 -0.928495 0.0902 0.34784 -0.93755 -0.002622 0.311001 -0.948059 -0.066795 0.349386 -0.923358 -0.159181 0.247818 -0.924609 -0.289282 0.11885 -0.928362 -0.352162 0.061565 -0.949895 -0.306446 -0.045057 0.594844 -0.802578 -0.077592 0.405569 -0.910765 0.031761 0.171655 -0.984645 -0.033933 -0.235619 -0.971253 0.058356 -0.455567 -0.888287 -0.034149 -0.796398 -0.603808 0.011437 -0.900871 -0.433936 -0.028712 0.584902 0.810595 0.055687 0.340504 0.938592 -0.033521 0.079027 0.996309 -0.093465 -0.203899 0.97452 0.035996 -0.482861 0.874957 0.049244 -0.711888 0.700564 0.041055 -0.887701 0.458586 0.159693 -0.801342 0.576497 0.117381 -0.288188 0.950352 0.217207 -0.574791 0.788946 0.267704 -0.772375 0.575997 0.148905 0.029203 0.98842 0.255717 -0.273829 0.92716 0.326581 -0.822436 0.465773 0.348334 -0.518796 0.780714 0.458757 -0.583058 0.670511 0.475243 -0.290346 0.830568 0.385751 -0.014149 0.922494 0.18689 0.33633 0.923013 0.477862 -0.750838 0.455949 0.199905 0.58679 0.784676 0.325805 0.25083 0.911557 0.588555 -0.49687 0.637749 0.429304 -0.845456 0.317652 0.6401 -0.218263 0.736636 0.559835 0.036819 0.827786 0.359678 0.487681 0.795487 0.497172 0.314423 0.808677 0.670088 -0.523561 0.52618 0.616844 -0.704848 0.350276 0.676023 0.092566 0.731043 0.758909 -0.254379 0.599457 0.54367 -0.830442 0.12161 0.799601 -0.39191 0.455022 0.504784 0.584884 0.634905 0.670523 -0.711498 0.210166 0.766136 -0.55788 0.31907 0.785203 0.008028 0.619187 0.63757 0.383905 0.667923 0.890864 -0.061518 0.450086 0.736943 0.327782 0.591163 0.920618 -0.246376 0.302921 0.491371 -0.870383 -0.031417 0.831178 0.255557 0.493795 0.76434 -0.642277 0.057143 0.872475 -0.448289 0.194484 0.631211 0.595568 0.496861 0.892664 0.243677 0.379174 0.699431 -0.709038 -0.089786 0.952863 0.12305 0.277327 0.775487 0.502165 0.382687 0.939412 -0.33683 0.063638 0.989489 -0.078369 0.121533 0.874369 -0.475716 -0.095778 0.866649 0.456785 0.200665 0.601438 -0.764418 -0.232243 0.961678 0.230566 0.14837 0.753355 0.618103 0.22451 0.996451 -0.03903 -0.074581 0.962876 -0.239853 -0.123856 0.976116 0.216961 -0.011197 0.81653 -0.527931 -0.233596 0.895801 0.441768 0.048804 0.423177 -0.837161 -0.346529 0.935737 -0.233214 -0.264591 0.649341 -0.642468 -0.406929 0.797038 -0.479292 -0.367437 0.818864 0.572942 -0.034633 0.966007 0.119761 -0.229102 0.893154 -0.195967 -0.404812 0.915651 0.366898 -0.16422 0.929888 0.09908 -0.354248 0.597928 -0.601673 -0.529596 0.779896 -0.316482 -0.540002 0.847592 -2.6e-05 -0.530648 0.859946 0.397765 -0.319807 0.769661 0.599317 -0.220093 0.449355 -0.714924 -0.535691 0.248603 -0.855102 -0.454969 0.686424 -0.359073 -0.632367 0.835875 0.29196 -0.464836 0.546007 -0.431994 -0.717815 0.690839 -0.067036 -0.719894 0.368573 -0.68841 -0.624696 0.728407 0.574713 -0.372999 0.740323 0.204745 -0.640314 0.715524 0.462929 -0.523185 0.171555 -0.759947 -0.626936 0.358669 -0.501374 -0.787389 0.501739 -0.229827 -0.833929 0.532252 0.01651 -0.846425 0.575552 0.578437 -0.578057 0.603805 0.330585 -0.72535 0.212172 -0.464892 -0.859569 0.314813 -0.210207 -0.925584 0.059308 -0.681529 -0.729383 0.468427 0.274205 -0.839874 0.39808 0.57356 -0.715934 0.35346 0.036031 -0.934756 0.344201 0.294539 -0.8915 0.115625 -0.146341 -0.982454 0.201724 0.096843 -0.974643 0.269381 0.522148 -0.809194 0.136484 0.411972 -0.900917 0.098232 0.648022 -0.755261 -0.060694 -0.944499 0.322859 -0.208132 -0.914611 0.346651 -0.32975 -0.914156 0.235763 -0.411385 -0.90142 0.134927 -0.303868 -0.950528 0.064508 -0.408146 -0.912855 -0.010624 -0.352606 -0.92404 -0.147716 -0.236803 -0.945943 -0.221621 -0.150052 -0.910987 -0.384172 -0.067464 -0.945409 -0.318826 -0.150912 -0.647487 -0.746985 -0.146665 -0.421076 -0.895089 -0.22146 -0.740751 -0.634227 -0.324668 -0.791259 -0.51817 -0.128595 -0.062641 -0.989717 -0.328341 -0.441607 -0.83497 -0.306522 -0.876744 -0.370627 -0.415416 -0.5765 -0.703618 -0.265858 -0.144365 -0.953141 -0.11842 0.18453 -0.975667 -0.396248 -0.142368 -0.907038 -0.271218 0.209673 -0.939403 -0.496852 -0.708366 -0.501354 -0.533703 -0.289243 -0.794669 -0.413372 -0.853795 -0.316475 -0.619068 -0.4997 -0.60585 -0.490294 0.023347 -0.871244 -0.205818 0.578171 -0.78953 -0.393889 0.269884 -0.878643 -0.641895 -0.269763 -0.717774 -0.617382 0.028939 -0.786131 -0.563538 -0.746835 -0.353076 -0.353313 0.529935 -0.770934 -0.541665 0.332485 -0.772045 -0.71566 -0.512036 -0.475026 -0.753682 -0.095391 -0.65028 -0.569674 -0.790604 -0.224537 -0.794229 -0.248302 -0.554569 -0.762741 -0.551866 -0.33715 -0.720788 0.173319 -0.671138 -0.487713 0.601929 -0.632311 -0.640397 -0.762623 -0.091093 -0.791027 -0.582928 -0.185662 -0.655544 0.440319 -0.613499 -0.853807 -0.330662 -0.402089 -0.812827 0.206025 -0.544854 -0.890451 -0.069153 -0.449795 -0.611789 -0.790287 0.034077 -0.929588 -0.259951 -0.261326 -0.873135 0.254027 -0.41606 -0.650246 0.580133 -0.490537 -0.919733 -0.379125 -0.101762 -0.744114 0.518123 -0.421714 -0.948799 0.084855 -0.304269 -0.812952 -0.581683 0.027452 -0.935469 -0.352644 0.023217 -0.663987 -0.734934 0.137816 -0.991454 -0.014257 -0.129675 -0.844207 0.4595 -0.275997 -0.944485 0.270102 -0.187065 -0.84699 -0.504819 0.166627 -0.998382 -0.042016 0.038309 -0.7023 -0.666453 0.250231 -0.532057 -0.802439 0.270199 -0.965614 0.257351 -0.03688 -0.954973 -0.232857 0.183858 -0.806505 0.586527 -0.074405 -0.856418 -0.403834 0.321661 -0.978767 0.092502 0.182917 -0.691391 -0.608452 0.389569 -0.912162 0.400394 0.087439 -0.934171 -0.131568 0.331683 -0.534502 -0.725414 0.433683 -0.812373 -0.368674 0.451807 -0.377238 -0.831357 0.408089 -0.659251 -0.50228 0.559557 -0.876307 -0.048067 0.479349 -0.896115 0.343308 0.281277 -0.92465 0.141649 0.353493 -0.757241 -0.24967 0.603531 -0.775453 0.591845 0.219983 -0.527221 -0.563321 0.636166 -0.323356 -0.754572 0.571019 -0.822638 0.275596 0.497306 -0.787008 0.486993 0.378757 -0.781751 0.050718 0.621525 -0.649971 -0.211965 0.7298 -0.137716 -0.865137 0.482257 -0.437963 -0.524179 0.730359 -0.690219 0.221204 0.688961 -0.701442 0.51208 0.495734 -0.25493 -0.631553 0.732224 -0.59498 -0.004489 0.803728 -0.485555 -0.27462 0.829952 -0.623697 0.523996 0.580026 -0.068791 -0.818007 0.571081 -0.326335 -0.366367 0.871367 -0.537177 0.195653 0.820464 -0.415008 -0.057878 0.907975 -0.52012 0.476768 0.708637 -0.136841 -0.556678 0.81938 -0.257366 -0.15781 0.953341 -0.40405 0.207312 0.890935 -0.39797 0.44676 0.801265 -0.225337 0.134401 0.964966 -0.323872 0.694262 0.642734 -0.250808 0.403321 0.880016 -0.215181 0.583717 0.782925 -0.115643 0.351288 0.929098 -0.080491 -0.983805 -0.160156 -0.098836 -0.989793 -0.102673 -0.155739 -0.984757 -0.07745 -0.309629 -0.948442 -0.067736 -0.195811 -0.975059 0.104493 -0.13686 -0.986226 0.092884 -0.101988 -0.989097 0.106233 -0.076201 -0.98434 0.158962 -0.144314 -0.97915 -0.142962 -0.134336 -0.978422 0.156982 0.080465 -0.983788 0.16027 0.098833 -0.989793 0.102671 0.155174 -0.984837 0.077569 0.277618 -0.958728 0.061395 0.190829 -0.976587 -0.099303 0.136856 -0.986227 -0.092884 0.101987 -0.989098 -0.106228 0.076416 -0.98447 -0.158051 0.145897 -0.979208 0.140947 0.133096 -0.978954 -0.154708 -0.033579 0.005449 0.999421 -0.028229 0.000826 0.999601 -0.027075 -0.000171 0.999633 -0.021669 -0.004842 0.999753 0.000241 -0.000656 1 -0.999981 -0.003024 0.005463 -0.999993 -0.000692 0.003546 -0.019145 -0.001833 0.999815 -0.303002 -0.01447 0.95288 -0.749006 -0.020133 0.662258 -0.973267 -0.012202 0.229354 -0.005774 0.003222 0.999978 -0.211561 0.006856 0.977341 -0.584124 0.012663 0.811566 -0.870533 0.013169 0.491935 -0.988955 0.003456 0.148176 0 -1 0 0 -1 0 0 -1 0 0 -1 0 0 -1 0 0 -1 0 0 -1 0 0 -1 0 0 -1 0 0 -1 0 0 -1 0 0 -1 0 0 -1 0 0 -1 0 0 -1 0 0 -1 0 0 -1 0 0 -1 0 0 -1 0 0 -1 0 0 -1 0 0 -1 0 0 -1 0 0.999871 -0.004032 0.015521 0.963864 -0.00827 0.266267 0.729518 -0.017033 0.68375 0.291529 -0.018134 0.95639 0.01442 -0.015216 0.99978 0.999887 -0.002946 0.014713 0.97656 0.000554 0.215243 0.807304 0.010076 0.59005 0.471659 0.014085 0.881669 0.124423 0.001675 0.992228 0.015826 -0.016893 0.999732 0.999939 0.008347 -0.007183 0.999255 0.032193 0.021296 0.999902 0.002853 -0.013741 0.998877 -0.021158 -0.042387 0.999946 -0.00479 -0.009231 0.02263 0.014398 -0.99964 0.023827 9.4e-05 -0.999716 0.30201 -0.01717 -0.95315 0.749037 -0.02225 -0.662154 0.973173 -0.014459 -0.229619 0.011806 0.007461 -0.999902 0.177401 0.008483 -0.984102 0.557809 0.016722 -0.829801 0.880292 0.01606 -0.47416 0.991864 0.003806 -0.127242 0.999963 -0.003244 -0.007965 -0.030265 0.00337 -0.999536 -0.026388 2.6e-05 -0.999652 -0.021668 -0.004045 -0.999757 -0.025565 -0.000684 -0.999673 -0.999882 0.000472 -0.015365 -0.96444 -0.005372 -0.264248 -0.727301 -0.008377 -0.686267 -0.292718 -0.006224 -0.956179 -0.020135 -0.001738 -0.999796 -0.99987 -0.000536 -0.016096 -0.963177 0.001257 -0.268865 -0.729204 0.006148 -0.684268 -0.301729 0.000161 -0.953394 -0.023255 -0.006136 -0.999711 -0.999968 0.002307 0.007635 -0.994532 0.004277 0.104345 -0.994787 0.023303 -0.099275 -0.999786 -0.015781 -0.013398 -0.998944 -0.021969 0.040353 -4.1e-05 1 0.000204 -1.8e-05 1 0.00014 4.1e-05 1 -0.000125 8e-06 1 -0.000129 -1.3e-05 1 -6.4e-05 2.5e-05 1 -0.0001 -2.2e-05 1 -9.3e-05 -0.000222 1 -6.6e-05 -0.000231 1 -6.7e-05 -6.5e-05 1 -5.4e-05 -0.000198 1 -0.000281 0.200629 0.725391 -0.658449 0.549492 0.727557 -0.410755 0.680052 0.725203 -0.107749 0.642087 0.727942 0.24047 0.383834 0.730402 0.564963 -0.003598 0.733483 0.679698 -0.400518 0.729377 0.554612 -0.652998 0.725442 0.217549 -0.68089 0.724633 -0.106281 -0.538238 0.726263 -0.427601 -0.205436 0.729784 -0.652083 -0.118161 0.713712 -0.6904 -0.37758 0.718728 -0.583834 -0.554705 0.691219 -0.463161 -0.651545 0.710195 -0.266669 -0.703601 0.709006 -0.047505 -0.695376 0.69934 0.165457 -0.582023 0.725179 0.36792 -0.51181 0.703545 0.493026 -0.290575 0.716298 0.634416 -0.107751 0.71521 0.690553 0.127568 0.718647 0.683574 0.263558 0.718877 0.643237 0.476298 0.701845 0.529673 0.569095 0.723296 0.391118 0.692489 0.686699 0.221141 0.701862 0.711445 0.035149 0.678418 0.709655 -0.190101 0.614758 0.699428 -0.364518 0.445327 0.723713 -0.527185 0.313942 0.700491 -0.6409 0.080741 0.700083 -0.709482 -0.196634 0.002584 -0.980473 -0.532229 0.002518 -0.846597 -0.772535 0.002034 -0.634969 -0.923557 0.001242 -0.383459 -0.996752 0.000675 -0.08053 -0.968771 0.001396 0.247954 -0.857849 0.001655 0.513899 -0.69741 0.001146 0.716671 -0.447124 0.00127 0.894471 -0.128979 0.002313 0.991645 0.150199 0.00145 0.988655 0.412341 0.001117 0.911029 0.64997 0.001104 0.759959 0.834157 0.001148 0.551526 0.951138 0.0013 0.308764 0.998941 0.000378 0.046003 0.966405 -0.000638 -0.257024 0.850805 0.000368 -0.525481 0.6637 0.00217 -0.747996 0.415724 0.001726 -0.909489 0.141444 0.001694 -0.989945 0.090636 -0.003483 0.995878 0.532937 -0.003195 0.846149 0.858833 -0.003182 0.512246 0.99617 -0.001951 0.087411 0.961888 -0.00021 -0.273443 0.805676 -0.001386 -0.592355 0.533391 -0.002365 -0.845866 0.237952 -0.001591 -0.971276 -0.059506 -0.002127 -0.998226 -0.365554 -0.00312 0.930785 -0.726015 -0.002874 0.687673 -0.943242 -0.002227 0.332098 -0.999345 -0.001627 -0.036155 -0.908257 -0.002356 -0.418405 -0.677906 -0.002603 -0.735144 -0.382877 -0.002641 -0.923796 -5.2e-05 0.999997 0.002629 4.4e-05 1 0.000433 0.001608 0.999999 -0.000115 0.001176 0.999999 0.000932 0.000225 1 -0.000225 0.000487 1 -0.000596 0.000682 1 -0.000611 7e-05 1 -0.000279 2e-06 0.999999 -0.001592 -0.000555 1 0.000383 -0.000216 1 0.000651 -0.000792 1 -0.000204 -0.001881 0.999998 -0.000262 -0.001351 0.999999 2.8e-05 -0.001576 0.999991 -0.003871 -0.002171 0.999997 -0.000823 0.001609 0.999981 0.005895 0.000998 0.999997 0.002097 -0.000697 1 0.00058 -4.3e-05 1 0.000524 -0.000604 1 -0.00072 -0.00148 0.999999 -0.00089 -0.002014 0.999998 0.000575 -0.001378 0.999999 -0.000181 -0.000488 0.999986 -0.005314 -0.002317 0.999991 -0.003535 -0.001833 0.999998 -0.000153 -0.001082 0.999993 -0.00349 -0.001929 0.999994 0.002876 -0.000225 0.999999 0.001061 0.001016 0.999999 -0.000407 0.002219 0.999998 3.8e-05 0.001359 0.999998 0.001774 0.000527 1 0.000654 0.000285 1 -0.000582 0.000799 0.999999 -0.000702 -0.001188 0.999998 -0.001601 -0.022308 0.607512 0.793997 -0.221679 0.67826 0.700587 -0.412922 0.641718 0.646292 -0.591319 0.665475 0.455504 -0.710335 0.661244 0.241206 -0.751066 0.659628 0.028112 -0.741334 0.64151 -0.1972 -0.701862 0.628117 -0.335946 -0.60643 0.633327 -0.48077 -0.520578 0.590173 -0.617004 -0.270612 0.658486 -0.702257 -0.008723 0.612114 -0.790721 0.217461 0.647788 0.730124 0.357293 0.619592 0.69889 0.552178 0.681536 0.480217 0.707295 0.646073 0.286922 0.761382 0.633347 0.138452 0.711857 0.695142 -0.100187 0.660633 0.661366 -0.355189 0.430954 0.646668 -0.629364 0.160916 0.658038 -0.735589 0.07614 -0.951526 0.297995 0.21402 -0.912762 0.347937 0.272755 -0.936449 0.220607 0.416559 -0.900904 0.121861 0.370534 -0.9288 0.005855 0.246288 -0.962355 -0.114958 0.270648 -0.938054 -0.216342 0.213219 -0.907019 -0.363116 0.134521 -0.905578 -0.402285 0.057634 -0.936728 -0.345281 0.00788 -0.931298 -0.364173 0.03007 0.354223 -0.934678 0.042518 -0.027927 -0.998705 0.039123 -0.36845 -0.928824 -0.068172 0.399072 0.914382 0.086127 0.271642 0.958537 0.063742 -0.053599 0.996526 0.030082 -0.431353 0.901682 0.056652 -0.729218 0.681932 0.054332 -0.891977 0.448805 0.181623 -0.812217 0.554362 0.185713 -0.555586 0.810454 0.32121 -0.636668 0.701055 0.181854 -0.291216 0.939214 0.357709 -0.750296 0.555968 0.325571 -0.394114 0.859464 0.273424 -0.089549 0.957716 0.415249 -0.160077 0.895513 0.418056 -0.806112 0.418823 0.255261 0.201909 0.945555 0.460707 -0.457795 0.760377 0.110642 0.586413 0.80242 0.517909 -0.606033 0.603733 0.272827 0.480461 0.8335 0.411985 0.115508 0.90384 0.545157 -0.254239 0.798853 0.447345 -0.856948 0.255976 0.610759 -0.636944 0.4704 0.435545 0.379658 0.816186 0.654353 -0.391079 0.647208 0.553816 0.033633 0.831959 0.699473 -0.14412 0.699976 0.6516 0.106672 0.751025 0.656723 -0.672991 0.34029 0.765478 -0.356484 0.535689 0.601322 0.355678 0.715475 0.460032 0.621859 0.633768 0.806793 0.051396 0.588595 0.730495 -0.623086 0.279535 0.656275 -0.742339 0.135042 0.858403 -0.171303 0.483528 0.852708 -0.358482 0.379974 0.734665 0.349391 0.581544 0.848196 -0.487758 0.206534 0.593787 0.573232 0.564642 0.577842 -0.816149 0.000135 0.410894 -0.906922 -0.093053 0.919479 0.048806 0.390098 0.948657 -0.160172 0.272753 0.835452 0.335667 0.435141 0.817013 -0.575854 0.029709 0.674481 0.600197 0.429928 0.961171 -0.253688 0.108598 0.690503 -0.714706 -0.111362 0.975282 0.136568 0.173708 0.786424 0.532155 0.313606 0.910938 0.319434 0.261061 0.959265 -0.277761 -0.051563 0.836937 -0.517765 -0.177359 0.511475 -0.836318 -0.197396 0.446591 -0.84463 -0.295222 0.996323 0.078651 0.033969 0.649715 -0.699926 -0.296606 0.849384 0.503998 0.15663 0.964391 -0.17345 -0.199664 0.916583 0.397941 0.038974 0.985922 0.080573 -0.146515 0.777304 -0.519566 -0.354753 0.88891 -0.330921 -0.316748 0.93842 0.326884 -0.111868 0.802712 0.595617 -0.029898 0.934856 -0.053609 -0.350956 0.646578 -0.584848 -0.489785 0.830404 -0.306637 -0.465191 0.407149 -0.807619 -0.426593 0.916445 0.26519 -0.299672 0.789377 0.580197 -0.200638 0.866029 -0.031493 -0.499 0.534498 -0.605481 -0.589665 0.763895 -0.214879 -0.608516 0.853276 0.222121 -0.471787 0.370698 -0.723886 -0.581869 0.790613 0.489055 -0.368451 0.628842 -0.308938 -0.713523 0.750149 0.152037 -0.643554 0.489388 -0.453457 -0.7449 0.229022 -0.72247 -0.65237 0.743346 0.351879 -0.568874 0.676602 0.008401 -0.736301 0.627079 0.618204 -0.473915 0.365342 -0.51044 -0.778445 0.58015 0.000287 -0.81451 0.468942 -0.217752 -0.855966 0.561199 0.620881 -0.547322 0.604177 0.333799 -0.723566 0.046225 -0.861816 -0.505111 0.19075 -0.461751 -0.866257 0.350379 -0.255223 -0.901164 0.054271 -0.659685 -0.74958 0.48919 0.092041 -0.867307 0.488699 0.454122 -0.744948 0.350873 0.036733 -0.935702 0.211726 -0.15553 -0.964874 0.391985 0.314179 -0.864661 0.190495 0.115708 -0.974845 0.328713 0.604978 -0.725223 0.25585 0.323497 -0.910983 0.237152 0.559247 -0.794356 0.1038 0.515094 -0.850825 -0.115861 -0.924689 0.362667 -0.207846 -0.913426 0.349933 -0.284441 -0.937024 0.202678 -0.398637 -0.901602 0.167934 -0.3117 -0.947834 0.066729 -0.456989 -0.889419 0.009781 -0.424965 -0.901947 -0.076784 -0.307158 -0.940851 -0.143012 -0.252399 -0.940629 -0.226963 -0.147026 -0.94049 -0.30637 -0.054507 -0.957307 -0.283888 -0.082312 -0.912671 -0.400321 -0.088917 -0.782216 -0.616629 -0.093048 -0.559154 -0.823826 -0.200606 -0.803061 -0.561115 -0.115364 -0.223308 -0.967897 -0.219565 -0.583555 -0.781828 -0.278981 -0.82152 -0.497267 -0.25355 -0.357281 -0.898923 -0.339487 -0.555739 -0.758883 -0.113319 0.143811 -0.983096 -0.323952 -0.863676 -0.386159 -0.273855 -0.086102 -0.957909 -0.422131 -0.653683 -0.628096 -0.413678 -0.144243 -0.898924 -0.149073 0.402358 -0.903264 -0.483466 -0.377825 -0.789626 -0.301484 0.191803 -0.93398 -0.146086 0.615606 -0.774395 -0.53025 -0.677943 -0.509145 -0.43393 -0.848684 -0.302389 -0.600298 -0.408004 -0.687878 -0.556811 -0.055048 -0.828813 -0.333256 0.466645 -0.819257 -0.467286 0.270931 -0.84157 -0.672666 -0.078104 -0.735812 -0.614795 -0.722374 -0.316549 -0.699044 -0.506635 -0.504637 -0.592405 0.317509 -0.740435 -0.524375 -0.833307 -0.175016 -0.776457 -0.170447 -0.606681 -0.424545 0.600906 -0.677254 -0.733435 0.107054 -0.671277 -0.789343 -0.512351 -0.338281 -0.839644 -0.238748 -0.487849 -0.720522 -0.671485 -0.173079 -0.719521 0.324939 -0.613762 -0.839533 0.181014 -0.512269 -0.70593 -0.706304 -0.052895 -0.9198 -0.259771 -0.294087 -0.648875 0.521553 -0.554025 -0.906513 -0.039233 -0.420351 -0.883893 -0.436797 -0.167159 -0.742772 0.517982 -0.424247 -0.893189 0.281712 -0.350502 -0.971687 0.04405 -0.232128 -0.684429 -0.725326 0.073888 -0.578525 -0.799538 0.161393 -0.909933 -0.414569 -0.01247 -0.987593 -0.138432 -0.074146 -0.843564 -0.518045 0.141523 -0.821588 0.506245 -0.262124 -0.936441 0.307325 -0.169201 -0.942957 -0.314249 0.109906 -0.768784 -0.587368 0.252923 -0.973992 0.224374 -0.03156 -0.994086 -0.042292 0.100023 -0.823274 0.560042 -0.092594 -0.671425 -0.651545 0.353097 -0.954487 -0.159004 0.252333 -0.49495 -0.787692 0.366833 -0.878631 -0.340853 0.334405 -0.95384 0.234114 0.188094 -0.854273 0.513045 0.083682 -0.380477 -0.830206 0.407425 -0.8101 -0.376907 0.449086 -0.935106 0.12346 0.332167 -0.695864 -0.457597 0.553514 -0.898531 -0.095991 0.428284 -0.560305 -0.5723 0.598775 -0.808842 -0.149711 0.568648 -0.855522 0.378027 0.353804 -0.798527 0.551256 0.241808 -0.865514 0.142474 0.480194 -0.323455 -0.747304 0.580443 -0.781835 0.052322 0.621286 -0.672808 -0.200321 0.712181 -0.773235 0.350416 0.528504 -0.470028 -0.529323 0.706322 -0.707357 0.579834 0.404276 -0.536007 -0.271476 0.799373 -0.710519 0.204441 0.673325 -0.184397 -0.774614 0.604955 -0.345363 -0.49188 0.799236 -0.057547 -0.856057 0.513668 -0.593108 0.012595 0.805024 -0.626531 0.544001 0.558142 -0.557699 0.544949 0.626101 -0.599343 0.277883 0.750712 -0.20237 -0.564997 0.799891 -0.411574 -0.132107 0.901751 -0.447639 0.193492 0.873029 -0.071943 -0.655127 0.752085 -0.457587 0.456544 0.763009 -0.244262 -0.284184 0.927133 -0.096013 -0.377175 0.921152 -0.270312 0.071253 0.960132 -0.31996 0.580472 0.748784 -0.092435 -0.088744 0.991756 -0.273164 0.37133 0.887409 -0.128899 0.177867 0.975576 -0.155476 0.590181 0.792158 -0.080469 -0.983788 -0.16027 -0.098839 -0.989793 -0.10267 -0.155741 -0.984758 -0.077442 -0.281306 -0.958171 -0.052684 -0.194045 -0.975819 0.100616 -0.136862 -0.986226 0.092878 -0.101984 -0.989098 0.106231 -0.076403 -0.98447 0.158056 -0.057346 -0.944505 0.323454 -0.14373 -0.979611 -0.140374 -0.131914 -0.978824 0.15653 0.080489 -0.983807 0.160144 0.098835 -0.989793 0.102667 0.155168 -0.984838 0.077571 0.288595 -0.955175 0.065986 0.176869 -0.979014 -0.101238 0.11355 -0.988702 -0.097855 0.09345 -0.989095 -0.113831 0.076595 -0.983889 -0.16154 0.145156 -0.979351 0.140721 0.13298 -0.978735 -0.156187 -0.143633 0.03202 0.989113 -0.025447 0.007598 0.999647 0.077547 0.003365 0.996983 0.038629 -0.016731 0.999114 -0.014401 -0.012976 0.999812 0.00695 -0.000655 0.999976 -0.999925 -0.000149 0.012248 -0.999826 -0.006898 0.017354 -0.121103 -0.009074 0.992598 -0.496247 -0.020572 0.867938 -0.843178 -0.015681 0.537406 -0.985141 -0.006093 0.171642 -0.00553 0.010447 0.99993 -0.278876 0.017674 0.960164 -0.725245 0.021176 0.688165 -0.96842 0.00995 0.249126 0 -1 0 0 -1 0 0 -1 0 0 -1 0 0 -1 0 0 -1 0 0 -1 0 0 -1 0 0 -1 0 0 -1 0 0 -1 0 0 -1 0 0 -1 0 0 -1 0 0 -1 0 0 -1 0 0 -1 0 0 -1 0 0 -1 0 0 -1 0 0.999882 0.000485 0.015357 0.964434 -0.005343 0.26427 0.726976 -0.007883 0.686618 0.29601 -0.006049 0.955166 0.019682 -0.010941 0.999746 0.99987 -0.000536 0.016096 0.96066 0.004937 0.277683 0.68552 0.008361 0.728006 0.25376 -0.00162 0.967266 0.023879 -0.016598 0.999577 0.99994 0.008343 -0.00715 0.999256 0.032163 0.021296 0.999902 0.002855 -0.013701 0.998881 -0.021129 -0.042314 0.022585 0.014368 -0.999642 0.024738 0.001982 -0.999692 0.303417 -0.013476 -0.952762 0.748101 -0.01874 -0.66332 0.974787 -0.009193 -0.222946 0.99983 0.001636 -0.018352 0.013971 0.008848 -0.999863 0.218782 0.00733 -0.975746 0.634359 0.017172 -0.772848 0.951621 0.012045 -0.307038 0.999672 -0.007174 -0.0246 0.008641 0.002495 -0.99996 0.033361 0.023669 -0.999163 0.003281 -0.002096 -0.999992 -0.021697 -0.023483 -0.999489 -0.999854 0.002797 -0.016854 -0.96405 -0.005375 -0.265666 -0.726979 -0.007881 -0.686615 -0.295908 -0.006052 -0.955197 -0.015594 -0.005411 -0.999864 -0.999863 0.003869 -0.016096 -0.960394 0.005816 -0.278586 -0.68551 0.008364 -0.728015 -0.252254 0.000532 -0.967661 -0.016262 -0.006305 -0.999848 -0.999968 0.002321 0.007661 -0.994523 0.004311 0.104428 -0.994786 0.023303 -0.099289 -0.999786 -0.015782 -0.013397 -0.998943 -0.02196 0.040373 -2.3e-05 1 0.000904 -7e-06 1 -0.000157 -1e-06 1 -3.8e-05 3.5e-05 1 -0.000107 6e-06 1 -9.9e-05 -5e-06 1 -5.3e-05 -0.000118 1 -1.1e-05 -0.000247 1 0.000102 0.000275 1 -4.2e-05 -0.000139 1 -4.8e-05 -1.3e-05 1 -6.9e-05 1.9e-05 1 -5.6e-05 0.049534 0.718884 -0.693363 0.318989 0.718912 -0.617585 0.53308 0.721027 -0.442658 0.673443 0.726146 -0.138515 0.642867 0.728294 0.237295 0.384567 0.730181 0.564752 0.006794 0.726795 0.686821 -0.312195 0.727317 0.611183 -0.572103 0.72529 0.382951 -0.68573 0.727854 0.001596 -0.559728 0.723794 -0.403518 -0.265616 0.728278 -0.631712 0.008161 0.702315 -0.71182 -0.1689 0.712796 -0.680731 -0.385612 0.713648 -0.584816 -0.558511 0.688305 -0.462927 -0.663099 0.718256 -0.21073 -0.70798 0.70315 0.065908 -0.649386 0.714905 0.259246 -0.533768 0.700695 0.473411 -0.40262 0.714806 0.571795 -0.227147 0.71404 0.662232 -0.060232 0.70769 0.703951 0.185409 0.718327 0.670544 0.38894 0.691001 0.609298 0.540497 0.72175 0.432365 0.673322 0.690905 0.263224 0.699605 0.71356 0.037229 0.683332 0.70456 -0.191446 0.606704 0.710195 -0.357118 0.464227 0.699012 -0.543944 0.250476 0.704398 -0.664142 0.024449 0.001145 -0.9997 -0.259275 0.001041 -0.965803 -0.539787 0.002304 -0.841799 -0.780682 0.002615 -0.624923 -0.952177 0.002729 -0.305535 -0.997648 0.002219 0.068516 -0.91735 0.000433 0.398082 -0.767249 0.000872 0.641349 -0.563962 0.00102 0.8258 -0.337281 0.00078 0.941404 -0.06316 0.00233 0.998001 0.258173 0.002105 0.966096 0.544465 0.002073 0.838781 0.778002 0.0018 0.628259 0.933876 0.000939 0.357596 0.998436 0.000396 0.055913 0.966771 0.001539 -0.255639 0.84944 0.000697 -0.527685 0.658893 0.000934 -0.752236 0.353409 0.003089 -0.935464 0.114321 -0.002496 0.993441 0.426132 -0.002185 0.904658 0.708444 -0.002223 0.705763 0.91222 -0.001645 0.409697 0.998776 -0.001968 0.049423 0.918879 -0.003203 -0.394526 0.605375 -0.004109 -0.795929 0.157962 -0.003867 -0.987438 -0.278811 -0.003407 0.96034 -0.693977 -0.003054 0.71999 -0.940782 -0.002336 0.339005 -0.999339 -0.002484 -0.036263 -0.908163 -0.002733 -0.418607 -0.668232 -0.002982 -0.743947 -0.300995 -0.003064 -0.953621 0.000307 1 0.000342 0.000382 1 0.000801 4e-06 1 0.000388 0.001963 0.999998 -6e-06 0.001174 0.999999 0.000902 3.3e-05 1 1.3e-05 0.00043 1 -0.00057 0.000296 1 -0.000922 6.2e-05 1 -1e-05 -0.001391 0.999998 0.001457 -0.000813 1 -0.000143 -0.001881 0.999998 -0.000262 -0.001351 0.999999 2.8e-05 -0.00153 0.999991 -0.003915 -0.001727 0.999998 -0.000483 0.000367 1 0.000116 -0.001826 0.999998 0.000169 0.000213 0.999996 0.002977 -0.000573 1 -0.000628 -0.00148 0.999999 -0.00089 -0.002014 0.999998 0.000575 -0.001378 0.999999 -0.000179 -0.000486 0.999986 -0.005311 -0.002166 0.999992 -0.003284 -0.003105 0.999994 0.001823 0.000802 1 -0.000558 0.000272 1 0.000566 0.000915 1 -0.000159 0.002488 0.999997 -6e-06 0.001359 0.999998 0.001774 0.000488 0.999999 0.000874 8.9e-05 1 -0.000486 0.000737 0.999999 -0.001154 -8.1e-05 0.999999 -0.001129 0.000281 0.999998 -0.002138 -0.002423 0.999988 0.004161 0.006184 0.68454 0.728949 -0.290717 0.671919 0.681182 -0.629523 0.667468 0.397729 -0.713398 0.659576 0.236692 -0.751063 0.659631 0.028119 -0.749614 0.62965 -0.204009 -0.706451 0.624304 -0.333423 -0.606455 0.633305 -0.480768 -0.511532 0.595739 -0.619217 -0.280537 0.655716 -0.700953 -0.070648 0.6757 -0.733784 0.310257 0.645813 0.697614 0.549274 0.68446 0.479387 0.726164 0.624593 0.287349 0.747423 0.644626 0.160673 0.733984 0.674377 -0.080512 0.665786 0.668743 -0.330925 0.522319 0.650442 -0.55146 0.309567 0.66391 -0.680729 0.142699 0.645756 -0.750091 0.051211 -0.950878 0.305301 0.187953 -0.930941 0.313086 0.325988 -0.910042 0.256038 0.372864 -0.921409 0.10944 0.366429 -0.930414 0.007685 0.289708 -0.954969 -0.064062 0.343462 -0.926884 -0.151393 0.255518 -0.931848 -0.257625 0.064928 -0.947652 -0.312635 0.012296 -0.934983 -0.35448 0.048131 0.571226 -0.81938 0.028336 0.326027 -0.944936 0.043082 0.057421 -0.99742 0.038316 -0.262835 -0.96408 -0.039337 -0.520514 -0.852947 0.007442 0.558538 0.829446 0.00509 0.261358 0.965229 -0.004773 -0.12723 0.991862 -0.017923 -0.485597 0.873999 -0.046739 -0.709727 0.702925 -0.071543 -0.857278 0.509859 0.08186 -0.907544 0.411902 0.08111 -0.745546 0.6615 0.201374 -0.826481 0.525716 0.14446 -0.426979 0.892648 0.224088 -0.603992 0.764838 0.114163 -0.17345 0.978203 0.372086 -0.649935 0.662674 0.128929 0.170151 0.976947 0.352397 -0.398209 0.846904 0.271834 -0.11528 0.955415 0.348342 -0.813764 0.465238 0.416156 -0.140146 0.898428 0.268581 0.184036 0.945513 0.162574 0.543315 0.823637 0.504713 -0.411235 0.759046 0.497341 -0.720475 0.483288 0.443249 0.15944 0.882105 0.597875 -0.444348 0.667159 0.587039 -0.145961 0.796292 0.31741 0.452493 0.833367 0.497389 -0.824605 0.269501 0.619877 -0.633642 0.462872 0.575948 0.088194 0.812715 0.444735 0.442718 0.778596 0.756659 -0.365922 0.54182 0.696866 -0.633829 0.335615 0.716837 -0.197779 0.668602 0.61074 0.343387 0.7135 0.733262 0.060787 0.677223 0.601398 -0.780882 0.168946 0.455912 0.636393 0.622213 0.842043 -0.366462 0.395814 0.855919 -0.091159 0.509012 0.74718 0.350297 0.564813 0.844198 0.177591 0.505757 0.577073 -0.816568 0.014248 0.857679 -0.456014 0.237569 0.596047 0.569481 0.566056 0.761179 -0.64073 0.100352 0.469088 -0.880802 -0.06438 0.940725 -0.168981 0.294077 0.929929 0.076436 0.359707 0.675897 0.601719 0.425555 0.90763 -0.403836 0.114561 0.823575 0.450111 0.345143 0.793988 -0.606109 -0.047056 0.97297 0.151495 0.174294 0.980629 -0.14611 0.130456 0.671423 -0.720718 -0.172503 0.968028 -0.250138 -0.018809 0.907064 0.336514 0.252968 0.567904 -0.775594 -0.275571 0.875149 -0.461319 -0.145941 0.995312 0.092873 0.026979 0.81886 0.564593 0.103452 0.77765 -0.540603 -0.320951 0.945722 -0.228009 -0.231563 0.91532 0.401713 0.028552 0.985883 0.070146 -0.152036 0.458683 -0.823933 -0.332784 0.941593 0.318201 -0.110228 0.936254 -0.042839 -0.348702 0.860633 -0.299132 -0.412106 0.718536 -0.51722 -0.464961 0.822321 0.551731 -0.139216 0.591039 -0.626473 -0.508138 0.397335 -0.809351 -0.432522 0.89577 0.305379 -0.323017 0.794514 -0.180666 -0.579748 0.194778 -0.903317 -0.382203 0.875383 0.003634 -0.483416 0.421604 -0.694972 -0.582463 0.679387 -0.364364 -0.636924 0.748869 0.608087 -0.263488 0.832897 0.301456 -0.464119 0.568052 -0.421549 -0.706834 0.745209 0.153511 -0.648921 0.66054 -0.062674 -0.748171 0.669866 0.599203 -0.438446 0.298718 -0.696683 -0.652228 0.745438 0.342898 -0.571615 0.428562 -0.442276 -0.787862 0.092448 -0.863201 -0.496325 0.535509 -0.199029 -0.820742 0.187941 -0.716877 -0.671391 0.631671 0.485762 -0.604174 0.596726 0.282718 -0.750992 0.262833 -0.473113 -0.840882 0.433235 -0.074741 -0.898177 0.505968 0.143452 -0.850539 0.335114 -0.217978 -0.916615 0.053984 -0.700841 -0.711272 0.480931 0.572461 -0.664073 0.153042 -0.485807 -0.860563 0.420463 0.416118 -0.806261 0.189713 -0.188062 -0.963661 0.339501 0.248877 -0.907083 0.242057 0.043028 -0.969308 0.337701 0.589492 -0.733797 0.178518 0.299806 -0.937149 0.238649 0.527175 -0.815557 -0.074183 -0.942203 0.326728 -0.188001 -0.935518 0.299102 -0.337079 -0.905001 0.259519 -0.327952 -0.933662 0.143951 -0.312149 -0.948272 0.057816 -0.473733 -0.88035 0.023672 -0.389935 -0.916401 -0.09033 -0.262221 -0.93271 -0.247573 -0.141536 -0.921194 -0.36245 -0.063642 -0.952452 -0.297968 -0.033698 -0.87925 -0.475168 -0.107438 -0.730668 -0.674227 -0.217338 -0.754373 -0.619423 -0.108131 -0.293731 -0.949752 -0.213233 -0.5383 -0.815331 -0.244678 -0.896436 -0.369506 -0.112732 0.009435 -0.993581 -0.226386 -0.304497 -0.925219 -0.336121 -0.778348 -0.53028 -0.383016 -0.629303 -0.676223 -0.103386 0.323077 -0.940709 -0.388208 -0.426798 -0.816785 -0.27561 -0.102026 -0.95584 -0.45416 -0.150786 -0.878068 -0.439256 -0.793895 -0.420457 -0.26668 0.198565 -0.943109 -0.158765 0.589339 -0.792132 -0.37887 0.059636 -0.923526 -0.546467 -0.63469 -0.54639 -0.366185 -0.904828 -0.217244 -0.53115 -0.488318 -0.692406 -0.553199 -0.217829 -0.804065 -0.303787 0.407455 -0.861216 -0.482711 0.151261 -0.862618 -0.658763 -0.376868 -0.651155 -0.602612 -0.721309 -0.341427 -0.628249 0.112874 -0.76978 -0.39342 0.575879 -0.716648 -0.684605 -0.084625 -0.723986 -0.502633 0.367579 -0.782461 -0.71651 -0.498094 -0.48838 -0.782363 -0.165013 -0.600565 -0.555899 -0.810493 -0.184599 -0.607266 0.407785 -0.681865 -0.786289 -0.519648 -0.334239 -0.86768 -0.19787 -0.456047 -0.757099 0.221292 -0.61468 -0.723245 -0.668038 -0.175047 -0.840692 0.185663 -0.508691 -0.702387 -0.70999 -0.050664 -0.921662 -0.245999 -0.30004 -0.658961 0.513015 -0.550078 -0.883893 -0.436795 -0.16716 -0.913332 0.12627 -0.387144 -0.746731 0.513883 -0.422277 -0.968997 0.052026 -0.241533 -0.687551 -0.713394 0.135436 -0.911832 -0.410358 -0.012992 -0.987592 -0.138435 -0.074145 -0.848041 0.444537 -0.288467 -0.893189 -0.438155 0.10116 -0.512947 -0.836093 0.194511 -0.936106 0.303871 -0.177108 -0.973992 0.224374 -0.03156 -0.816725 -0.517298 0.255663 -0.993179 -0.054586 0.103035 -0.822897 0.560316 -0.094272 -0.631302 -0.704448 0.324362 -0.955298 -0.158593 0.249508 -0.886046 -0.320498 0.334969 -0.545936 -0.713617 0.438981 -0.953839 0.234116 0.188097 -0.854273 0.513046 0.083678 -0.801825 -0.411607 0.433193 -0.693679 -0.541973 0.474422 -0.394296 -0.812942 0.428551 -0.935104 0.123484 0.332162 -0.898967 -0.09795 0.426923 -0.827234 -0.155718 0.539848 -0.857547 0.374257 0.352908 -0.716542 -0.313823 0.622963 -0.601725 -0.4947 0.627056 -0.79981 0.550647 0.238938 -0.344076 -0.809049 0.476499 -0.864072 0.1398 0.483565 -0.421915 -0.634196 0.647907 -0.216602 -0.82708 0.518673 -0.752582 -0.007566 0.658455 -0.780972 0.338699 0.524753 -0.722827 0.569011 0.392108 -0.581451 -0.201707 0.788181 -0.501349 -0.419195 0.756918 -0.714061 0.264361 0.648251 -0.581951 0.042302 0.812123 -0.640977 0.569299 0.514827 -0.220109 -0.625717 0.748352 -0.344836 -0.394809 0.851595 -0.577876 0.457651 0.675733 -0.430196 -0.192757 0.881916 -0.602472 0.244293 0.759834 -0.537105 0.627401 0.563814 -0.412342 0.098833 0.905652 -0.462514 0.314827 0.828833 -0.153639 -0.358929 0.920633 -0.270256 -0.094854 0.958105 -0.44085 0.602917 0.664938 -0.258133 0.173099 0.950476 -0.349903 0.555303 0.754458 -0.282896 0.391083 0.875799 -0.135695 0.03562 0.99011 -0.164071 0.626424 0.762019 -0.119952 0.382979 0.915936 -0.08047 -0.983787 -0.160272 -0.098835 -0.989793 -0.102673 -0.15574 -0.984757 -0.077446 -0.277965 -0.958704 -0.060182 -0.189508 -0.976954 0.098227 -0.13772 -0.986112 0.092825 -0.106999 -0.989049 0.101653 -0.077829 -0.985876 0.148291 -0.147066 -0.978884 -0.141976 -0.132711 -0.979096 0.154141 0.080485 -0.983806 0.160148 0.098836 -0.989793 0.102666 0.155174 -0.984837 0.077566 0.298917 -0.952852 0.052177 0.171172 -0.980333 -0.098217 0.113922 -0.988671 -0.097727 0.095107 -0.98922 -0.111347 0.076494 -0.984525 -0.15767 0.147142 -0.979056 0.140706 0.13257 -0.979157 -0.15387 -0.143461 0.032022 0.989138 -0.025394 0.007592 0.999649 0.07746 0.003334 0.99699 0.038596 -0.016725 0.999115 -0.014383 -0.012948 0.999813 0.007042 -0.000686 0.999975 -0.999905 -0.001952 0.013613 -0.999826 -0.006898 0.017354 -0.121073 -0.009075 0.992602 -0.490207 -0.018699 0.871405 -0.822187 -0.012083 0.56909 -0.977658 -0.004954 0.210142 -0.005464 0.010437 0.999931 -0.278894 0.01768 0.960159 -0.726469 0.01969 0.686917 -0.968087 0.006926 0.25052 0 -1 0 0 -1 0 0 -1 0 0 -1 0 0 -1 0 0 -1 0 0 -1 0 0 -1 0 0 -1 0 0 -1 0 0 -1 0 0 -1 0 0 -1 0 0 -1 0 0 -1 0 0 -1 0 0 -1 0 0 -1 0 0 -1 0 0 -1 0 0.999882 0.000484 0.015356 0.964438 -0.005349 0.264254 0.72698 -0.00789 0.686614 0.295993 -0.006055 0.955171 0.01966 -0.010942 0.999747 0.99987 -0.000536 0.016096 0.960657 0.004939 0.277695 0.685506 0.008358 0.728019 0.253753 -0.001627 0.967268 0.023857 -0.016598 0.999578 0.99994 0.008341 -0.007152 0.999256 0.032163 0.021294 0.999902 0.002856 -0.013698 0.998881 -0.02113 -0.042311 0.999831 -0.012328 -0.013608 0.022537 0.014338 -0.999643 0.029058 0.009595 -0.999532 0.28358 -0.007335 -0.95892 0.681247 -0.014692 -0.731906 0.950102 -0.016407 -0.311509 0.021827 0.013883 -0.999665 0.3223 0.014823 -0.946521 0.793469 0.020243 -0.608274 0.982808 0.005041 -0.184561 0.99989 -0.009534 -0.011403 0.00278 -0.002524 -0.999993 0.022673 0.014515 -0.999638 -0.001524 -0.00621 -0.99998 -0.021659 -0.023452 -0.99949 -0.999854 0.002814 -0.016842 -0.964051 -0.005382 -0.265663 -0.726988 -0.007885 -0.686605 -0.295904 -0.006039 -0.955199 -0.015563 -0.005401 -0.999864 -0.999863 0.003901 -0.016073 -0.960391 0.005821 -0.278596 -0.68551 0.008367 -0.728015 -0.252253 0.000544 -0.967661 -0.016239 -0.006306 -0.999848 -0.999968 0.002319 0.007653 -0.994526 0.004308 0.104404 -0.994786 0.023303 -0.099282 -0.999786 -0.015781 -0.013398 -0.998943 -0.021959 0.04037 7e-05 1 0.000152 -3e-05 1 -0.000203 -4.4e-05 1 -0.000168 -8.1e-05 1 4.6e-05 -0.000104 1 0.000154 5.8e-05 1 -1.2e-05 0.000129 1 -0.000153 -0.00029 1 0.000113 -9.6e-05 1 7e-05 0.000466 1 1.2e-05 7e-06 1 -6e-06 6.7e-05 1 6.4e-05 -0.021029 0.719946 -0.693711 0.270031 0.723733 -0.635054 0.54656 0.728736 -0.412572 0.682546 0.730839 -0.002404 0.559644 0.728972 0.394206 0.308907 0.72663 0.613665 0.00329 0.722334 0.691537 -0.334388 0.723241 0.60424 -0.545239 0.723846 0.422802 -0.680723 0.723997 0.111556 -0.611094 0.728269 -0.310144 -0.329206 0.724653 -0.605394 0.085005 0.705286 -0.703808 -0.159315 0.701127 -0.695011 -0.396409 0.705675 -0.587267 -0.533296 0.718472 -0.446535 -0.673493 0.719328 -0.170221 -0.712804 0.699258 0.054294 -0.630067 0.707799 0.319431 -0.501549 0.704479 0.502153 -0.355999 0.701147 0.617784 -0.175068 0.71451 0.677367 0.037337 0.698729 0.714411 0.256242 0.710979 0.654865 0.452106 0.709409 0.540683 0.603793 0.697758 0.385445 0.652853 0.726032 0.21601 0.724327 0.688054 0.043948 0.661525 0.724993 -0.191756 0.615911 0.701157 -0.35921 0.456608 0.709334 -0.536987 0.293464 0.705125 -0.645506 0.112929 -0.000551 -0.993603 -0.22582 0.001589 -0.974168 -0.538908 0.00236 -0.842361 -0.785248 0.002865 -0.619175 -0.961602 0.003475 -0.274425 -0.994071 0.00075 0.108732 -0.89551 -0.001696 0.445038 -0.714873 0.000247 0.699254 -0.497239 0.001738 0.867612 -0.244858 0.00089 0.969559 0.041144 0.000881 0.999153 0.375659 0.000508 0.926758 0.64606 0.000302 0.763287 0.834343 0.001469 0.551243 0.951121 0.001287 0.308817 0.998941 0.000378 0.04601 0.966408 -0.000638 -0.257012 0.850822 0.000366 -0.525455 0.663747 0.002234 -0.747954 0.40879 0.000467 -0.912628 0.049181 -0.001698 0.998788 0.407518 -0.000586 0.913197 0.677409 -0.00076 0.735607 0.893973 -0.00228 0.448116 0.997064 -0.001472 0.076563 0.96189 -0.000209 -0.273435 0.800641 -0.001705 -0.599142 0.484888 -0.001986 -0.874574 0.101736 -0.001115 -0.994811 -0.330468 -0.002231 0.943814 -0.65369 -0.001482 0.756761 -0.896042 -0.000265 0.443969 -0.999949 -0.002618 0.009795 -0.899628 -0.003713 -0.436641 -0.663361 -0.002807 -0.748294 -0.30859 -0.002427 -0.951192 0.000147 1 0.000254 0.00036 1 0.000847 -2.1e-05 1 0.000421 0.000495 1 -0.000206 0.000733 1 0.000476 0.000146 1 -0.000117 0.000139 1 -0.000449 0.000774 1 -0.000555 1.4e-05 1 -0.000115 -0.000125 1 0.000324 -0.001354 0.999997 0.001991 -0.001072 0.999999 0.000266 -0.001559 0.999999 -0.000326 -0.001734 0.999998 -0.00049 -0.001921 0.999997 -0.001423 -8e-05 1 -0.000146 0.000323 1 -9.4e-05 -0.001636 0.999998 0.000752 -0.002512 0.99999 0.003683 -0.000451 0.999998 0.002042 -0.0013 0.999999 0.000206 -0.001148 0.999999 -0.000711 -0.001871 0.999998 -0.000357 -0.00178 0.999998 -0.00079 -0.003683 0.999991 -0.002165 -0.002089 0.999998 -0.000203 -4.2e-05 1 -0.000129 0.000136 1 0.000531 -0.00034 1 0.000383 0.000312 1 -0.000559 0.000873 1 0.000384 0.000379 1 0.000478 0.000224 1 -9e-06 -0.000608 1 -0.000506 0.000393 1 -0.00079 0.000512 1 -0.000213 0.077127 0.671292 0.73717 -0.177343 0.660216 0.729839 -0.474997 0.620067 0.624415 -0.631089 0.626813 0.456981 -0.734016 0.631691 0.249373 -0.769373 0.638787 0.004097 -0.728448 0.647799 -0.222979 -0.705289 0.61791 -0.347497 -0.524848 0.626789 -0.575908 -0.320674 0.655524 -0.683708 -0.044112 0.697309 -0.715412 0.339953 0.672276 0.65763 0.502465 0.696901 0.511721 0.624459 0.703716 0.338873 0.745059 0.657465 0.112372 0.72352 0.683365 -0.097624 0.67633 0.661487 -0.324056 0.561977 0.682227 -0.467705 0.439304 0.643532 -0.6268 0.188763 0.678131 -0.710287 0.060405 -0.949823 0.306899 0.166633 -0.901095 0.400327 0.243062 -0.915695 0.320036 0.343752 -0.901415 0.263221 0.393523 -0.913342 0.104623 0.361034 -0.932543 0.004283 0.295348 -0.953291 -0.063292 0.341943 -0.927052 -0.153784 0.24505 -0.928252 -0.27982 0.119481 -0.927983 -0.352948 0.056832 -0.915038 -0.399344 0.019473 -0.944388 -0.328256 -0.113172 0.598379 -0.79318 0.010707 0.37687 -0.926204 0.043301 0.086168 -0.995339 -0.088622 -0.06932 -0.99365 0.033726 -0.338264 -0.940447 -0.014165 -0.583631 -0.811896 -0.037873 -0.804716 -0.592451 0.012598 -0.901161 -0.433302 0.03071 0.454864 0.890031 -0.02735 0.087557 0.995784 -0.03279 -0.286669 0.957468 0.008543 -0.573442 0.819202 0.050619 -0.775073 0.62984 -0.023087 -0.891927 0.451589 0.103917 -0.874187 0.474339 0.176293 -0.673373 0.717976 0.141561 -0.33092 0.93298 0.322441 -0.70904 0.627131 0.27421 -0.489911 0.827524 0.149 0.000608 0.988837 0.361099 -0.782149 0.507789 0.378203 -0.279164 0.882627 0.143063 0.32175 0.935954 0.430488 -0.482343 0.762906 0.332983 -0.062221 0.940878 0.484355 -0.697562 0.528022 0.274343 0.210601 0.938287 0.516626 -0.455933 0.724723 0.174014 0.599681 0.78109 0.491855 -0.001333 0.870676 0.572258 -0.12519 0.810461 0.427537 0.217251 0.877504 0.344533 0.409049 0.844971 0.620442 -0.579067 0.528898 0.678823 -0.276218 0.68037 0.587012 -0.724744 0.360783 0.29711 0.600624 0.742278 0.562817 -0.79819 0.214777 0.75725 -0.376417 0.533744 0.674506 0.082997 0.733589 0.53607 0.297357 0.790068 0.453978 0.589227 0.668368 0.774867 -0.519169 0.360618 0.786846 -0.004345 0.617134 0.62773 0.374103 0.682643 0.779764 -0.578892 0.238437 0.857219 -0.27653 0.434403 0.891706 -0.064596 0.447982 0.744987 0.317792 0.586517 0.575617 0.579715 0.576711 0.678322 -0.729711 0.086035 0.862392 0.113538 0.493345 0.459489 -0.886003 -0.062203 0.931016 -0.255899 0.260242 0.658199 -0.752816 -0.006567 0.825163 0.342661 0.449099 0.64824 0.59854 0.470674 0.893169 -0.441722 0.084442 0.94823 0.092904 0.303693 0.878345 0.365946 0.30756 0.722361 0.58886 0.362544 0.990532 -0.068649 0.118885 0.678475 -0.717117 -0.159422 0.848679 -0.52004 -0.096446 0.976859 -0.210837 -0.035986 0.748464 0.613923 0.250801 0.955593 0.240695 0.170022 0.59184 -0.766323 -0.249951 0.975643 0.21738 0.029426 0.82247 -0.515569 -0.240275 0.856277 0.503193 0.116559 0.954678 -0.225271 -0.194532 0.464357 -0.826831 -0.317368 0.991218 0.059683 -0.118004 0.763758 -0.513648 -0.390945 0.882594 -0.291003 -0.369249 0.936019 0.334133 -0.110561 0.827531 0.560349 -0.034652 0.956665 0.167346 -0.238302 0.629813 -0.598293 -0.49536 0.935365 -0.04853 -0.350338 0.432277 -0.771069 -0.467535 0.889114 0.30585 -0.340487 0.791682 0.571027 -0.217181 0.769122 -0.303318 -0.562538 0.854132 -0.004591 -0.520036 0.266605 -0.818885 -0.508281 0.83921 0.278614 -0.467013 0.609093 -0.379581 -0.696365 0.466936 -0.597434 -0.651953 0.694066 -0.065185 -0.716954 0.724667 0.556428 -0.406504 0.743591 0.206196 -0.636047 0.375542 -0.528816 -0.761132 0.673171 0.521187 -0.5246 0.174627 -0.76355 -0.621689 0.506825 -0.241482 -0.827535 0.529236 0.01843 -0.848275 0.558209 0.58709 -0.586283 0.606882 0.325623 -0.725027 0.197047 -0.516129 -0.833537 0.344038 -0.275586 -0.897602 0.076797 -0.687166 -0.72243 0.459815 0.260281 -0.849013 0.459625 0.495626 -0.736953 0.320658 -0.026863 -0.946814 0.139697 -0.225119 -0.964264 0.351921 0.279865 -0.893212 0.188317 0.110367 -0.975887 0.319145 0.649593 -0.690055 0.267416 0.513753 -0.815197 0.131009 0.4068 -0.904074 0.094059 0.646146 -0.757396 -0.291477 -0.914062 0.282012 -0.334784 -0.930955 0.145749 -0.33391 -0.940406 0.06435 -0.418315 -0.908295 -0.003645 -0.353308 -0.92312 -0.151735 -0.239691 -0.944006 -0.226717 -0.15782 -0.902928 -0.399767 -0.067515 -0.950152 -0.304389 -0.152531 -0.669729 -0.726772 -0.119362 -0.369984 -0.921338 -0.228404 -0.711099 -0.664958 -0.250514 -0.416148 -0.874107 -0.344464 -0.717078 -0.605924 -0.289713 -0.871533 -0.395596 -0.38041 -0.517185 -0.766686 -0.250529 -0.112172 -0.961589 -0.170659 0.268249 -0.948113 -0.467231 -0.692458 -0.549725 -0.410984 -0.288021 -0.864949 -0.338672 -0.018526 -0.940722 -0.415534 -0.85042 -0.322671 -0.518616 -0.447556 -0.728513 -0.354892 0.316371 -0.879751 -0.434742 0.05465 -0.898895 -0.548761 -0.095002 -0.830563 -0.648892 -0.497739 -0.575495 -0.28836 0.554778 -0.78043 -0.580348 -0.698525 -0.41864 -0.658599 -0.268289 -0.703042 -0.600342 -0.750448 -0.276437 -0.540278 0.218918 -0.812511 -0.725036 -0.500544 -0.473052 -0.672525 0.089539 -0.734638 -0.549895 0.413976 -0.725424 -0.780187 -0.171071 -0.6017 -0.536753 -0.83513 -0.120223 -0.450864 0.596778 -0.66376 -0.804135 -0.46844 -0.365965 -0.869035 -0.194869 -0.454758 -0.751547 0.157868 -0.640511 -0.738796 -0.659168 -0.140277 -0.639433 0.455961 -0.619051 -0.857395 -0.448914 -0.251695 -0.865624 0.101012 -0.490399 -0.770151 0.395056 -0.500797 -0.619075 -0.784342 0.039418 -0.946374 -0.181096 -0.267546 -0.609582 0.660743 -0.437982 -0.935118 0.097439 -0.340676 -0.908398 -0.403619 -0.109112 -0.83628 0.420954 -0.351332 -0.834184 -0.551064 0.021569 -0.972565 -0.232607 -0.00351 -0.983977 -0.018407 -0.17734 -0.529414 -0.835085 0.14951 -0.77487 -0.614818 0.146883 -0.943458 0.295417 -0.150384 -0.998234 0.059368 -0.001858 -0.92834 -0.354315 0.112451 -0.805698 0.56825 -0.167158 -0.695137 -0.655142 0.295928 -0.53106 -0.783016 0.323824 -0.851206 -0.457264 0.257601 -0.963484 -0.175939 0.201853 -0.900801 0.434171 0.007295 -0.973654 0.16624 0.156083 -0.809368 -0.413121 0.417437 -0.907188 -0.161041 0.388685 -0.535942 -0.72935 0.425223 -0.711273 -0.462809 0.529054 -0.936206 0.062312 0.345885 -0.92455 0.284945 0.253008 -0.819754 0.556162 0.1367 -0.398649 -0.761194 0.511531 -0.207878 -0.908194 0.363276 -0.812462 -0.13979 0.566007 -0.843486 0.432313 0.318804 -0.571949 -0.545643 0.612493 -0.857096 0.192159 0.477976 -0.74157 0.121693 0.659747 -0.672543 -0.207212 0.710457 -0.135112 -0.868257 0.477361 -0.463352 -0.536253 0.705505 -0.74118 0.530369 0.411535 -0.281025 -0.75425 0.593407 -0.74891 0.328776 0.575361 -0.534909 -0.264582 0.802414 -0.367295 -0.504303 0.78152 -0.590465 -0.009208 0.80701 -0.620779 0.500016 0.603836 -0.22318 -0.631011 0.742978 -0.578623 0.24205 0.77885 -0.413213 -0.20401 0.887488 -0.082554 -0.737708 0.670054 -0.155386 -0.507664 0.847427 -0.265926 -0.335132 0.903864 -0.416427 0.138449 0.898566 -0.46406 0.449236 0.763436 -0.277707 -0.076903 0.957583 -0.143041 -0.186387 0.972008 -0.21933 0.138447 0.965778 -0.334069 0.690081 0.642017 -0.297416 0.528152 0.795361 -0.251118 0.387312 0.88709 -0.107433 0.344974 0.932444 -0.069744 0.615456 0.78508 -0.080465 -0.983788 -0.160271 -0.098838 -0.989793 -0.102672 -0.155742 -0.984757 -0.077442 -0.309469 -0.948505 -0.06758 -0.189503 -0.976955 0.098218 -0.137719 -0.986112 0.092825 -0.107004 -0.989049 0.101651 -0.077293 -0.985702 0.149723 -0.06761 -0.952595 0.296636 -0.144356 -0.979137 -0.143012 -0.130914 -0.978927 0.156726 0.080518 -0.983837 0.15994 0.09884 -0.989793 0.102668 0.155176 -0.984837 0.077567 0.287913 -0.955983 0.056598 0.190829 -0.976588 -0.0993 0.136858 -0.986226 -0.092884 0.10199 -0.989097 -0.106231 0.07669 -0.984641 -0.156848 0.147738 -0.978647 0.142914 0.133544 -0.978947 -0.154366 -0.14434 0.014821 0.989417 -0.036261 0.006019 0.999324 0.077354 0.021322 0.996776 -0.048542 -0.019409 0.998633 0.008333 -0.013743 0.999871 0.000128 -0.000187 1 -0.999859 0.005486 0.015863 -0.999801 -0.000192 0.01994 -0.019056 -0.001671 0.999817 -0.303425 -0.013478 0.95276 -0.748105 -0.018743 0.663315 -0.974803 -0.009205 0.222878 -0.005608 0.003488 0.999978 -0.218793 0.007325 0.975744 -0.634361 0.017169 0.772847 -0.951862 0.01344 0.306232 0 -1 0 0 -1 0 0 -1 0 0 -1 0 0 -1 0 0 -1 0 0 -1 0 0 -1 0 0 -1 0 0 -1 0 0 -1 0 0 -1 0 0 -1 0 0 -1 0 0 -1 0 0 -1 0 0 -1 0 0 -1 0 0 -1 0 0 -1 0 0 -1 0 0.999833 -0.003133 0.017977 0.964427 -0.005343 0.264296 0.726945 -0.007887 0.68665 0.295974 -0.006056 0.955177 0.01966 -0.010941 0.999747 0.999755 -0.007219 0.020938 0.960388 0.003556 0.278643 0.685477 0.008357 0.728047 0.253731 -0.001627 0.967274 0.023856 -0.016598 0.999578 0.999939 0.00836 -0.007167 0.999255 0.032194 0.021295 0.999902 0.00287 -0.01372 0.998879 -0.021128 -0.042349 0.022584 0.014369 -0.999642 0.023814 8.6e-05 -0.999716 0.285533 -0.012398 -0.958289 0.683437 -0.017662 -0.729796 0.949363 -0.017764 -0.313679 0.99984 -0.012901 -0.012425 0.011788 0.00745 -0.999903 0.177389 0.008482 -0.984104 0.560514 0.014817 -0.828012 0.877098 0.01584 -0.480051 0.992489 0.002601 -0.122307 0.99994 -0.007583 -0.00794 0.008736 0.002577 -0.999959 0.033544 0.023819 -0.999153 0.003378 -0.00201 -0.999992 -0.021661 -0.023444 -0.99949 -0.999856 0.002687 -0.016777 -0.96408 -0.005403 -0.265556 -0.726985 -0.007885 -0.686608 -0.295909 -0.006032 -0.955197 -0.019678 -0.010873 -0.999747 -0.999864 0.00368 -0.016073 -0.960397 0.005774 -0.278575 -0.685478 0.008381 -0.728046 -0.253758 -0.001595 -0.967267 -0.023879 -0.016494 -0.999579 -0.999889 0.006938 0.013221 -0.994539 -0.000392 0.104365 -0.994398 0.036817 -0.099081 -0.999956 -0.008687 0.003534 -0.99814 -0.019569 0.057734 3.5e-05 -1 -1.2e-05 2.3e-05 -1 0.0002 -3.9e-05 -1 -5.2e-05 1.8e-05 -1 -8e-06 -2.7e-05 -1 -1.8e-05 0.000154 -1 8.9e-05 0.000213 -1 0.000246 -0.000369 -1 -4.4e-05 -0.000105 -1 -2.1e-05 0.000156 -1 -5.5e-05 -5e-06 -1 4.1e-05 1e-06 -1 0.000106 0.202732 -0.717323 0.666594 0.451937 -0.712296 0.537018 0.652522 -0.721331 0.232156 0.679965 -0.72593 -0.10331 0.563626 -0.720431 -0.404111 0.32295 -0.72499 -0.608352 -0.006972 -0.726256 -0.687389 -0.399344 -0.723725 -0.562803 -0.629798 -0.723308 -0.283163 -0.679332 -0.731448 0.059098 -0.52 -0.728726 0.445599 -0.158174 -0.731344 0.663412 0.045033 -0.710783 0.701968 -0.170334 -0.702766 0.690729 -0.366482 -0.721841 0.587057 -0.587351 -0.696021 0.413004 -0.651653 -0.72487 0.22341 -0.713268 -0.700515 0.022968 -0.680618 -0.709939 -0.180961 -0.557884 -0.705422 -0.437202 -0.304412 -0.717112 -0.626963 -0.107546 -0.70769 -0.698289 0.12991 -0.709585 -0.692541 0.273444 -0.715484 -0.642892 0.457462 -0.706338 -0.540198 0.603769 -0.697786 -0.385432 0.666529 -0.710671 -0.225134 0.702344 -0.711488 -0.022308 0.695301 -0.698773 0.168145 0.591731 -0.710872 0.380152 0.460164 -0.710469 0.532431 0.282779 -0.709803 0.645148 0.075022 -0.000303 0.997182 -0.235299 -0.002478 0.97192 -0.547064 -0.002385 0.837087 -0.803028 -0.002803 0.595934 -0.949481 -0.000344 0.313824 -0.999156 -7.8e-05 0.041072 -0.961525 -0.00288 -0.274702 -0.78484 -0.003799 -0.619686 -0.462948 -0.003378 -0.886379 -0.127066 -0.000729 -0.991894 0.149462 -0.00072 -0.988767 0.414617 -0.001188 -0.909995 0.649116 -0.000324 -0.76069 0.83433 -0.001471 -0.551264 0.951074 -0.001563 -0.308959 0.998924 -0.001376 -0.046367 0.966457 -0.00133 0.256826 0.850399 -0.001337 0.526136 0.660641 -0.002329 0.750698 0.376592 -0.000276 0.926379 -0.180203 0.003777 -0.983622 0.296938 0.002663 -0.954893 0.66323 0.002061 -0.748413 0.887908 0.001906 -0.460017 0.990927 0.001998 -0.134386 0.968 0.002365 0.250941 0.779362 0.002834 0.626567 0.440354 0.002728 0.89782 -0.019092 0.002786 0.999814 -0.612332 0.004244 -0.790589 -0.890233 0.003655 -0.45549 -0.999176 0.002725 -0.040486 -0.913852 0.002857 0.406037 -0.682534 0.002689 0.730849 -0.405355 0.002574 0.914156 -0.000339 -1 -0.000371 4.3e-05 -1 -5.4e-05 0.000112 -1 -0.000122 0.001386 -0.999999 -0.000405 0.001264 -0.999999 -0.000166 0.000514 -1 3e-05 0.000534 -1 0.000467 0.000425 -0.999999 0.001531 0.000245 -1 0.000882 2e-06 -1 -0.000437 -0.001372 -0.999999 -0.000369 -0.001016 -0.999999 0.000205 -0.002646 -0.999995 0.001696 -0.001723 -0.999998 0.000512 -0.000286 -0.999999 0.000986 -0.000282 -1 -0.000159 -0.000149 -1 -0.000606 -0.000949 -1 -0.000119 -0.002679 -0.999996 -0.000209 -0.000959 -0.999999 -0.001223 0.000273 -0.999999 0.001367 -0.00141 -0.999996 0.00251 -0.002682 -0.999995 0.001524 -0.001455 -0.999999 -6.3e-05 -0.000411 -1 0.00083 0.000528 -1 0.000201 6.3e-05 -1 8e-06 0.000776 -1 8e-06 0.001983 -0.999998 -0.000592 0.00096 -0.999999 -0.000946 1e-05 -1 -0.000593 0.000413 -1 0.000531 0.000241 -0.999999 0.001264 0.000317 -0.999997 0.002237 0.001248 -0.999998 0.001249 0.003326 -0.683282 -0.730147 -0.30105 -0.667589 -0.68095 -0.513934 -0.65833 -0.549975 -0.625861 -0.643542 -0.440626 -0.727273 -0.638471 -0.251849 -0.757817 -0.652114 0.021466 -0.729625 -0.644306 0.229165 -0.7038 -0.598358 0.382926 -0.488518 -0.63215 0.601445 -0.338458 -0.631646 0.697474 -0.070827 -0.686538 0.723636 0.25957 -0.688311 -0.677386 0.481222 -0.652141 -0.58578 0.670494 -0.654266 -0.34982 0.749946 -0.652344 -0.109674 0.723333 -0.683544 0.097762 0.691353 -0.645408 0.324776 0.516795 -0.641562 0.566852 0.382542 -0.642372 0.664093 0.130025 -0.638302 0.758726 0.066822 0.950143 -0.30457 0.177078 0.920721 -0.34773 0.277471 0.916267 -0.288903 0.33691 0.926976 -0.164944 0.361953 0.929258 0.07396 0.33957 0.930358 0.138296 0.295722 0.906664 0.300847 0.136719 0.904769 0.403362 0.058177 0.949944 0.306956 -0.022612 -0.59075 0.806538 -0.015186 -0.346426 0.937954 0.030665 0.023317 0.999258 0.045849 0.333367 0.941682 0.01193 0.578477 0.815611 0.027055 0.871361 0.489897 0.013724 -0.561594 -0.827299 -0.040912 -0.363362 -0.930749 0.050716 -0.107799 -0.992878 -0.084564 0.089313 -0.992407 0.006703 0.565394 -0.824794 -0.061222 0.779328 -0.623618 0.013118 0.902617 -0.430245 0.133037 0.778399 -0.613511 0.137783 0.88542 -0.4439 0.122072 0.630673 -0.766387 0.095322 0.240187 -0.966035 0.181498 0.406201 -0.895578 0.319024 0.728562 -0.606153 0.315393 0.523593 -0.79144 0.282866 0.171898 -0.94363 0.184366 -0.073066 -0.980138 0.361232 0.802854 -0.474275 0.440957 0.264843 -0.857563 0.178731 -0.331445 -0.926391 0.525685 0.415322 -0.742403 0.530516 0.60677 -0.591932 0.461105 0.009548 -0.887294 0.356402 -0.153176 -0.921691 0.151267 -0.588601 -0.794146 0.462126 0.808699 -0.36393 0.330521 -0.384707 -0.861833 0.620681 0.653468 -0.433283 0.241056 -0.598849 -0.763722 0.609354 0.076077 -0.78924 0.509687 -0.301065 -0.805965 0.697555 0.310874 -0.645581 0.559933 0.803215 -0.203273 0.408797 -0.596541 -0.690669 0.729549 0.46159 -0.504672 0.686638 -0.075109 -0.72311 0.610992 -0.354579 -0.707787 0.832248 0.193063 -0.519702 0.424582 0.905176 -0.019661 0.773392 0.527437 -0.351675 0.780615 -0.012525 -0.624886 0.778013 0.580812 -0.239486 0.871899 0.249531 -0.421338 0.74623 -0.320701 -0.583345 0.582676 -0.581492 -0.567764 0.677439 0.729397 -0.095169 0.871715 -0.071738 -0.484733 0.926899 0.270853 -0.259801 0.548399 0.833814 0.063352 0.948725 -0.009273 -0.315967 0.85062 -0.301445 -0.430787 0.642072 -0.609464 -0.465077 0.907916 0.404638 -0.109346 0.788511 0.615018 -0.001538 0.922074 -0.289742 -0.256572 0.781227 -0.513128 -0.355505 0.991094 0.057178 -0.120261 0.687669 0.706618 0.166741 0.85274 0.512158 0.102608 0.975048 0.219777 0.03129 0.591515 0.770501 0.237566 0.974343 -0.21603 -0.063147 0.417207 0.867545 0.270747 0.773187 -0.592919 -0.225008 0.848563 0.458487 0.264065 0.955731 0.220316 0.195039 0.864446 -0.492471 -0.10102 0.991537 -0.061393 0.114389 0.76213 0.54421 0.350704 0.599451 0.681977 0.419006 0.937453 -0.331472 0.106342 0.827479 -0.560335 0.036111 0.956665 -0.167358 0.238292 0.936504 0.071512 0.343288 0.86719 0.280921 0.411175 0.781661 0.356258 0.511944 0.597866 0.596159 0.535864 0.883737 -0.318262 0.343102 0.790174 -0.570817 0.223143 0.452144 0.722037 0.523667 0.23911 0.889595 0.389163 0.87418 -0.001657 0.485599 0.687392 0.363888 0.628553 0.780278 0.099261 0.617506 0.827928 -0.341496 0.444878 0.564925 0.432331 0.702816 0.379064 0.624144 0.683195 0.268026 0.770802 0.577949 0.794626 -0.164571 0.584368 0.687779 0.094489 0.719745 0.673072 -0.594201 0.44034 0.396245 0.440538 0.805553 0.714749 -0.293221 0.634945 0.543346 0.197201 0.816019 0.617692 -0.154506 0.771093 0.15095 0.696169 0.701828 0.5939 -0.512295 0.620352 0.404308 0.193956 0.893821 0.227009 0.422827 0.877316 0.472078 -0.112798 0.874311 0.496806 -0.457397 0.737545 0.293803 0.035674 0.9552 0.353158 -0.311456 0.882199 0.1753 0.10688 0.978696 0.331477 -0.58694 0.738664 0.164265 -0.227972 0.959711 0.230442 -0.540122 0.809422 0.106908 -0.473619 0.874217 -0.173601 0.942403 -0.285899 -0.327817 0.914038 -0.238894 -0.418494 0.892719 -0.167083 -0.316762 0.945924 -0.069925 -0.424743 0.905304 0.004103 -0.33659 0.934117 0.118885 -0.260254 0.943975 0.202927 -0.138658 0.950984 0.276412 -0.117382 0.89261 0.435281 -0.053808 0.951685 0.302324 -0.051615 0.782595 0.620388 -0.159924 0.672973 0.722172 -0.113566 0.417103 0.901736 -0.245226 0.759174 0.602925 -0.119792 0.141732 0.98263 -0.259395 0.887227 0.381502 -0.280586 0.499856 0.819399 -0.262549 0.216862 0.940233 -0.120584 -0.175968 0.976982 -0.354908 0.710295 0.607883 -0.414131 0.495524 0.763513 -0.264994 -0.136869 0.954487 -0.400219 0.237565 0.885092 -0.430874 0.777427 0.458208 -0.514379 0.581986 0.629846 -0.174143 -0.531045 0.829256 -0.530642 0.278234 0.800628 -0.413953 0.850113 0.325499 -0.414644 -0.047764 0.908729 -0.357132 -0.411339 0.838604 -0.653232 0.495724 0.572316 -0.578534 0.699124 0.420148 -0.632486 0.35005 0.690961 -0.559752 0.006108 0.828637 -0.515749 -0.231078 0.824988 -0.254179 -0.6252 0.737914 -0.472137 0.847561 0.242336 -0.678116 0.07948 0.730645 -0.726768 0.493329 0.477948 -0.489608 -0.481613 0.726865 -0.688417 0.66288 0.294401 -0.779581 0.177038 0.600759 -0.658748 -0.181729 0.730086 -0.536255 0.835022 0.123165 -0.637116 -0.410614 0.652287 -0.867659 0.191793 0.458675 -0.834903 0.397038 0.38118 -0.771571 -0.140036 0.620538 -0.719012 0.673605 0.171107 -0.585282 -0.628275 0.512558 -0.865108 0.437957 0.244505 -0.868251 -0.096471 0.486656 -0.771951 -0.387285 0.504086 -0.664617 0.746748 0.025544 -0.845756 0.523773 0.101774 -0.946313 0.181139 0.267733 -0.935118 -0.097453 0.340673 -0.619196 0.777394 -0.110701 -0.834706 -0.423 0.352614 -0.950576 0.302963 0.067966 -0.836991 0.545492 -0.043416 -0.984073 0.010362 0.177465 -0.943464 -0.295396 0.150391 -0.840828 0.497106 -0.214228 -0.998544 -0.052864 0.010736 -0.959003 0.237899 -0.154006 -0.806737 -0.566174 0.169182 -0.992048 0.108229 -0.064247 -0.689099 0.663424 -0.291565 -0.552547 0.741216 -0.381171 -0.90399 -0.427549 -0.00211 -0.973177 -0.164135 -0.161203 -0.81432 0.410077 -0.410755 -0.909936 0.172062 -0.377373 -0.700573 0.495262 -0.513724 -0.940027 -0.054502 -0.336717 -0.921599 -0.29182 -0.255924 -0.305238 0.867686 -0.392366 -0.807205 -0.58286 -0.093244 -0.466178 0.743073 -0.480126 -0.611335 0.487556 -0.623345 -0.796427 0.183758 -0.57614 -0.819977 -0.525054 -0.227939 -0.870739 -0.108352 -0.47966 -0.827894 -0.415895 -0.376329 -0.404297 0.670117 -0.622485 -0.761004 -0.065067 -0.645475 -0.769971 -0.312705 -0.556202 -0.14444 0.892078 -0.428175 -0.667322 0.15341 -0.728798 -0.234725 0.735931 -0.635067 -0.511671 0.341153 -0.788547 -0.70194 -0.567012 -0.43102 -0.335073 0.521024 -0.785022 -0.653901 -0.205986 -0.728 -0.551791 -0.011023 -0.833909 -0.619097 -0.495587 -0.609189 -0.408227 0.212386 -0.88783 -0.521989 -0.323353 -0.789285 -0.163258 0.534089 -0.829515 -0.261061 0.325382 -0.908831 -0.391401 -0.112589 -0.913307 -0.465358 -0.590519 -0.65934 -0.265095 0.059569 -0.962381 -0.401267 -0.372455 -0.836816 -0.084285 0.339993 -0.936643 -0.343348 -0.560974 -0.753273 -0.254728 -0.383123 -0.88788 -0.164591 -0.190628 -0.967766 -0.158839 -0.629993 -0.760183 -0.080493 0.983815 0.160088 -0.09884 0.989793 0.10267 -0.155744 0.984757 0.077444 -0.298174 0.952521 0.061609 -0.195756 0.97508 -0.104396 -0.136859 0.986227 -0.09288 -0.101993 0.989097 -0.106229 -0.076317 0.984406 -0.158495 -0.062702 0.946905 -0.315339 -0.144098 0.979575 0.140246 -0.133297 0.979113 -0.153524 0.080486 0.983806 -0.160149 0.098836 0.989793 -0.102668 0.155174 0.984837 -0.077568 0.30993 0.947892 -0.073778 0.190089 0.976838 0.098258 0.137723 0.986111 0.092826 0.107003 0.989049 0.101652 0.077222 0.985683 0.149887 0.145023 0.979031 -0.14306 0.132193 0.978332 0.159345 0.006869 -0.001727 -0.999975 0.030271 -0.021728 -0.999306 -0.021661 0.022652 -0.999509 0.001861 0.002553 -0.999995 -0.057513 -0.036752 -0.997668 -0.999889 0.00436 -0.014268 -0.999959 -0.003422 -0.008415 -0.032613 -0.00574 -0.999452 -0.28552 0.012401 -0.958292 -0.683791 0.018386 -0.729446 -0.949094 0.014222 -0.31467 -0.025099 -0.015979 -0.999557 -0.177384 -0.008477 -0.984105 -0.546077 -0.012452 -0.837642 -0.82936 -0.012374 -0.558578 -0.980178 -0.006204 -0.198022 0 1 0 0 1 0 0 1 0 0 1 0 0 1 0 0 1 0 0 1 0 0 1 0 0 1 0 0 1 0 0 1 0 0 1 0 0 1 0 0 1 0 0 1 0 0 1 0 0 1 0 0 1 0 0 1 0 0 1 0 0 1 0 0.999834 0.003147 -0.017966 0.964437 0.005342 -0.264257 0.726964 0.007898 -0.68663 0.295986 0.00605 -0.955173 0.019674 0.01093 -0.999747 0.999755 0.007247 -0.020938 0.960393 -0.003545 -0.278626 0.685475 -0.008357 -0.728048 0.253713 0.001609 -0.967278 0.023879 0.016597 -0.999577 0.999939 -0.00836 0.007167 0.999255 -0.032194 -0.021296 0.999902 -0.00287 0.01372 0.998879 0.021127 0.042349 0.022632 -0.014399 0.99964 0.027047 -0.006151 0.999615 0.309054 0.003233 0.951039 0.746631 0.005519 0.665216 0.973056 0.005861 0.230496 0.999906 0.002205 0.013533 0.018395 -0.011683 0.999763 0.285579 -0.001125 0.958354 0.720826 -0.005056 0.693097 0.967608 -0.003345 0.252435 0.999822 0.007355 0.017377 0.008732 -0.002573 0.999959 0.033536 -0.023819 0.999154 0.00338 0.00201 0.999992 -0.021661 0.023453 0.99949 -0.999854 -0.002786 0.01684 -0.964055 0.005405 0.265648 -0.726959 0.007884 0.686635 -0.295878 0.006047 0.955207 -0.019663 0.010885 0.999747 -0.999863 -0.00387 0.016073 -0.960388 -0.005808 0.278607 -0.685487 -0.008366 0.728037 -0.253765 0.001619 0.967264 -0.023857 0.016495 0.999579 -0.999959 -0.005471 0.007215 -0.998177 -0.037872 0.046986 -0.999992 0.002771 -0.002901 -0.998494 0.034894 -0.042332 0.000105 -0.999999 0.001541 -3.5e-05 -1 -0.000172 1.6e-05 -1 1.1e-05 -3.3e-05 -1 -1.2e-05 4.3e-05 -1 4.6e-05 5.3e-05 -1 0.000122 -4.4e-05 -1 1.9e-05 3.5e-05 -1 6.5e-05 -0.000121 -1 4.8e-05 -0.000231 -1 6.7e-05 -4.7e-05 -1 3.1e-05 -9.3e-05 -1 0.000277 0.086519 -0.725388 0.682881 0.406717 -0.722406 0.559206 0.630759 -0.728171 0.268161 0.688007 -0.723688 -0.054058 0.582602 -0.727346 -0.362687 0.323594 -0.726954 -0.60566 -0.050608 -0.728798 -0.682856 -0.419035 -0.727692 -0.543023 -0.654086 -0.724742 -0.216611 -0.680889 -0.724634 0.106283 -0.538238 -0.726272 0.427585 -0.215484 -0.724155 0.655108 0.000656 -0.706052 0.70816 -0.18871 -0.694655 0.694149 -0.379542 -0.720833 0.579955 -0.554687 -0.691247 0.463141 -0.651537 -0.710202 0.26667 -0.703601 -0.709004 0.047519 -0.695383 -0.699331 -0.165466 -0.584667 -0.720316 -0.373242 -0.463594 -0.698454 -0.5452 -0.210091 -0.714609 -0.667229 0.081072 -0.716013 -0.693363 0.277579 -0.701164 -0.656748 0.468672 -0.713195 -0.521248 0.59132 -0.705276 -0.391058 0.668346 -0.710368 -0.220661 0.715409 -0.697592 -0.039428 0.690258 -0.712856 0.12402 0.645302 -0.705062 0.294064 0.542231 -0.713918 0.443065 0.389548 -0.688101 0.612184 0.201648 -0.712807 0.671747 0.006071 -0.000382 0.999981 -0.269606 -0.000608 0.962971 -0.544362 -0.002118 0.838848 -0.77254 -0.002034 0.634963 -0.923561 -0.001243 0.383448 -0.996751 -0.000676 0.080547 -0.968767 -0.001396 -0.247971 -0.850778 -0.002066 -0.525521 -0.637843 -0.002737 -0.770161 -0.292271 -0.002999 -0.956331 0.090807 -0.002431 -0.995866 0.411727 0.00035 -0.911307 0.654195 -0.000159 -0.756326 0.837645 -0.001273 -0.546213 0.950824 -0.000368 -0.309731 0.998197 -0.001562 -0.059997 0.983934 -0.001747 0.178521 0.911227 -0.001617 0.411902 0.76266 -0.000368 0.646799 0.551309 -0.000472 0.834301 0.282614 -0.001978 0.959232 -0.02947 0.002777 -0.999562 0.364662 0.002211 -0.931137 0.746039 0.002318 -0.665898 0.961837 0.003032 -0.273608 0.986655 0.003571 0.162784 0.811356 0.00283 0.584545 0.480258 0.002577 0.877124 0.068024 0.002534 0.99768 -0.413823 0.003131 -0.910352 -0.748376 0.002943 -0.663268 -0.945398 0.001967 -0.325912 -0.999345 0.001627 0.036155 -0.908259 0.002357 0.418402 -0.673081 0.002793 0.739564 -0.339716 0.002227 0.940525 0.001868 -0.999993 -0.003292 -0.000892 -0.99999 -0.004312 0.001004 -0.999999 -6e-05 0.003918 -0.999992 -7.1e-05 0.001984 -0.999998 -0.001017 0.001266 -0.999998 0.001584 0.001324 -0.999999 0.000564 0.000326 -1 0.000825 -0.000351 -1 -0.000653 -0.001519 -0.999998 -0.000879 -0.001363 -0.999999 -0.000775 -0.001881 -0.999998 0.000262 -0.001351 -0.999999 -2.7e-05 -0.001567 -0.999997 0.001652 -0.000473 -1 0.000379 0.003449 -0.999993 -0.001648 -3.5e-05 -1 -0.000194 -0.001522 -0.999999 -0.00024 -0.001179 -0.999998 -0.001677 -0.000383 -1 -0.000879 -0.001488 -0.999999 0.00087 -0.002014 -0.999998 -0.000575 -0.001398 -0.999999 0.00014 -0.003332 -0.999991 0.002473 -0.002571 -0.999997 0.00046 0.000627 -1 0.000559 -0.000622 -0.999985 -0.005469 -0.003384 -0.999989 -0.003353 0.000772 -0.999999 0.000878 0.003206 -0.999994 0.001469 0.000311 -0.999993 -0.00368 0.000528 -0.999998 0.001676 0.001752 -0.999998 0.001309 0.000893 -0.999999 0.000591 6.3e-05 -0.999998 0.002219 0.00345 -0.999992 -0.001808 -0.07653 -0.636613 -0.767376 -0.27644 -0.667284 -0.691602 -0.538676 -0.642263 -0.545277 -0.695177 -0.622156 -0.360071 -0.740933 -0.627523 -0.239235 -0.763382 -0.64557 -0.02206 -0.741324 -0.641521 0.197204 -0.689132 -0.642224 0.335627 -0.521354 -0.636818 0.568025 -0.344546 -0.647423 0.679803 -0.099524 -0.69793 0.709217 0.185891 -0.622665 -0.760088 0.347194 -0.635767 -0.689389 0.552166 -0.681558 -0.480199 0.713449 -0.638922 -0.287696 0.739436 -0.667879 0.084682 0.674831 -0.630913 0.382821 0.513834 -0.655205 0.553788 0.315518 -0.651627 0.689805 0.150444 -0.624524 0.766379 0.054862 0.947698 -0.314419 0.131529 0.917319 -0.375799 0.25317 0.921835 -0.29347 0.304274 0.928203 -0.214143 0.381373 0.918331 -0.105935 0.366418 0.930419 -0.007695 0.295413 0.953221 0.06404 0.34463 0.925289 0.158336 0.252202 0.933949 0.253245 0.132245 0.905318 0.403622 0.057238 0.936756 0.345271 0.003832 0.937666 0.347517 -0.040873 -0.604613 0.79547 0.060681 -0.278872 0.958409 0.034226 0.030398 0.998952 0.04543 0.365668 0.929636 -0.048423 0.491517 0.869521 0.028765 0.890053 0.454949 -0.067057 -0.569761 -0.81907 -0.077146 -0.378944 -0.922199 -0.089952 -0.173312 -0.980751 -0.029716 0.075099 -0.996733 0.045035 0.519503 -0.853281 -0.055613 0.646758 -0.760665 0.059286 0.792892 -0.606471 -0.010396 0.898506 -0.438837 0.175736 0.597337 -0.782499 0.228799 0.756159 -0.613086 0.106853 0.29472 -0.949591 0.113723 -0.011694 -0.993444 0.324088 0.808728 -0.490843 0.227537 0.316825 -0.920787 0.358984 0.614147 -0.702819 0.105794 -0.307131 -0.945768 0.389414 0.418026 -0.820738 0.276144 0.104441 -0.955425 0.502177 0.591467 -0.63086 0.457222 0.153688 -0.875973 0.261916 -0.21625 -0.940551 0.130524 -0.527419 -0.83952 0.47123 0.789089 -0.394056 0.378534 -0.06754 -0.92312 0.557238 0.338354 -0.758289 0.620866 0.565416 -0.542984 0.321209 -0.453156 -0.831549 0.477353 0.84489 -0.241444 0.489121 -0.162792 -0.856889 0.613872 0.112515 -0.781346 0.704261 0.266147 -0.658165 0.65309 -0.084993 -0.752495 0.436646 -0.446282 -0.781135 0.65953 0.665113 -0.350207 0.792057 0.342225 -0.505497 0.607335 -0.355841 -0.710297 0.463486 -0.625564 -0.627575 0.800263 -0.04834 -0.597698 0.61509 0.774161 -0.149462 0.804446 0.462167 -0.373188 0.793585 0.568154 -0.217771 0.881018 0.042179 -0.471198 0.733743 -0.348817 -0.58305 0.593792 -0.573239 -0.564631 0.908529 0.293679 -0.297201 0.568523 0.822657 -0.004136 0.46089 0.884718 0.069678 0.72995 0.681824 -0.047845 0.858694 0.502477 -0.100804 0.938336 -0.012542 -0.345497 0.848554 -0.302985 -0.43377 0.676566 -0.597672 -0.430171 0.961388 0.223011 -0.161243 0.697278 0.705576 0.126352 0.870747 0.47912 0.110653 0.973936 -0.142317 -0.176619 0.78386 -0.515368 -0.34635 0.969334 0.245535 0.010228 0.913069 -0.310433 -0.264455 0.550991 0.78762 0.275797 0.995787 -0.08576 -0.032446 0.839453 -0.510473 -0.186378 0.764821 0.569891 0.300455 0.942654 0.237103 0.234917 0.9053 -0.423652 -0.030849 0.986568 -0.067495 0.148756 0.941417 -0.319135 0.109028 0.416345 0.816104 0.400789 0.792312 -0.604571 -0.082069 0.933949 0.06075 0.352204 0.571561 0.695617 0.435242 0.834174 0.302998 0.46081 0.709944 0.516672 0.478571 0.822812 -0.55107 0.138934 0.913832 -0.271501 0.301991 0.222378 0.893646 0.389802 0.873907 -0.003405 0.486082 0.546985 0.591617 0.592281 0.379797 0.722939 0.577159 0.67973 0.359855 0.639117 0.745791 -0.61734 0.250375 0.783716 0.035548 0.620101 0.790158 -0.465268 0.398968 0.839724 -0.254875 0.479481 0.627588 0.222054 0.746207 0.495016 0.45001 0.743269 0.228557 0.72138 0.653737 0.748687 -0.309891 0.586034 0.686634 -0.015937 0.726828 0.365359 0.510409 0.778457 0.648023 -0.304759 0.697989 0.626278 -0.575504 0.525901 0.560897 -0.002964 0.82788 0.476572 0.2213 0.850827 0.187942 0.461682 0.866907 0.342409 0.26698 0.900821 0.542487 -0.25184 0.801427 0.382665 -0.028839 0.923437 0.06307 0.710449 0.700917 0.489896 -0.564449 0.664379 0.213657 0.15245 0.96494 0.423359 -0.424535 0.800336 0.396496 -0.222137 0.890756 0.206817 -0.122469 0.970684 0.317625 -0.59471 0.738535 0.253322 -0.431134 0.865998 0.081033 -0.498401 0.863151 -0.137922 0.914996 -0.379158 -0.219875 0.934028 -0.281509 -0.328655 0.933689 -0.142165 -0.328604 0.942279 -0.064259 -0.427338 0.904068 0.006586 -0.355708 0.921642 0.155073 -0.3114 0.918887 0.242231 -0.174544 0.92316 0.342506 -0.059129 0.954056 0.293737 -0.089487 0.890341 0.446414 -0.109822 0.72114 0.68403 -0.224451 0.760028 0.609901 -0.182112 0.420615 0.888773 -0.140113 0.164061 0.976449 -0.306682 0.566481 0.764882 -0.32278 0.76443 0.558086 -0.112704 -0.08636 0.989869 -0.317841 0.871921 0.372467 -0.315588 0.313999 0.895438 -0.111071 -0.330051 0.937406 -0.473476 0.607437 0.637841 -0.268905 -0.013741 0.963069 -0.439213 0.423126 0.7925 -0.445189 0.12425 0.886774 -0.531882 0.660009 0.530555 -0.31831 -0.195768 0.927553 -0.567915 0.310117 0.76243 -0.280773 -0.408929 0.868299 -0.521091 0.757077 0.39408 -0.48533 -0.171237 0.857399 -0.198236 -0.636555 0.745319 -0.665323 0.386277 0.638855 -0.648774 0.044043 0.759706 -0.584015 0.752854 0.303542 -0.378915 -0.48129 0.790433 -0.707774 0.521612 0.47642 -0.632902 -0.228122 0.739862 -0.7522 0.111374 0.649454 -0.495732 -0.506208 0.705693 -0.807171 0.258911 0.53051 -0.532827 0.834457 0.140627 -0.804549 0.506965 0.309333 -0.849736 0.338256 0.404391 -0.788663 -0.209993 0.577853 -0.723727 0.667404 0.175471 -0.649058 -0.449055 0.614063 -0.879013 0.012902 0.476623 -0.708226 0.704229 0.049771 -0.889154 0.421881 0.177261 -0.939334 0.121491 0.320766 -0.625428 0.776757 -0.074086 -0.642888 -0.590019 0.488439 -0.884346 -0.277628 0.375306 -0.746366 -0.512238 0.424913 -0.972238 -0.057918 0.226713 -0.911833 0.410356 0.012989 -0.987347 0.139249 0.075863 -0.889037 0.445698 -0.104719 -0.508489 0.840553 -0.186839 -0.824359 -0.502182 0.261237 -0.689144 0.700548 -0.185239 -0.936019 -0.306791 0.172475 -0.974952 -0.218986 0.038903 -0.82394 0.507002 -0.253123 -0.992761 0.058521 -0.104885 -0.822613 -0.56101 0.092606 -0.67841 0.641944 -0.357308 -0.953475 0.170556 -0.248589 -0.462524 0.815679 -0.347477 -0.879949 0.332238 -0.33957 -0.964162 -0.227455 -0.136585 -0.882527 -0.466383 -0.060269 -0.94426 -0.123185 -0.305285 -0.417041 0.804131 -0.423616 -0.805306 0.383794 -0.451868 -0.620087 0.558423 -0.55105 -0.90125 0.081515 -0.425562 -0.85742 -0.424288 -0.291224 -0.796837 -0.583905 -0.155257 -0.827015 0.132702 -0.546294 -0.738185 0.313894 -0.597121 -0.367779 0.780325 -0.505797 -0.833546 -0.147716 -0.532336 -0.834483 -0.320408 -0.448305 -0.523659 0.527327 -0.66911 -0.629813 0.232695 -0.741073 -0.26539 0.796732 -0.542942 -0.738408 -0.02688 -0.673819 -0.713594 -0.546 -0.438939 -0.405881 0.553319 -0.727392 -0.673692 -0.449508 -0.586585 -0.11116 0.802474 -0.586241 -0.248599 0.623249 -0.741457 -0.467882 0.27457 -0.840058 -0.636791 -0.195142 -0.745933 -0.506676 0.038182 -0.861291 -0.339832 0.304293 -0.889899 -0.541997 -0.23401 -0.807143 -0.188012 0.456692 -0.869531 -0.482065 -0.565066 -0.669563 -0.308119 -0.06545 -0.949094 -0.427162 -0.287235 -0.857338 -0.19206 0.107383 -0.97549 -0.070268 0.358604 -0.930841 -0.349232 -0.58363 -0.733085 -0.246328 -0.445279 -0.860842 -0.081544 0.982672 0.166451 -0.091956 0.989418 0.112235 -0.114856 0.989425 0.08858 -0.166151 0.983001 0.078127 -0.309868 0.948308 0.068509 -0.170092 0.980608 -0.097344 -0.113924 0.988671 -0.09773 -0.095114 0.98922 -0.111346 -0.076229 0.984355 -0.158856 -0.062604 0.950304 -0.304965 -0.14621 0.978699 0.144122 -0.132453 0.979229 -0.153513 0.080488 0.983806 -0.160148 0.098838 0.989793 -0.102671 0.155175 0.984837 -0.077572 0.298877 0.952854 -0.052359 0.19098 0.976546 0.099416 0.136861 0.986226 0.092885 0.101983 0.989098 0.106231 0.076686 0.984641 0.15685 0.144335 0.979318 -0.141789 0.132532 0.97869 0.156847 -0.143328 -0.031994 -0.989158 -0.025324 -0.007579 -0.999651 0.077478 -0.003334 -0.996988 0.038598 0.016729 -0.999115 -0.014365 0.012952 -0.999813 0.000282 0.000657 -1 -0.999905 0.001953 -0.013613 -0.999826 0.006898 -0.017354 -0.021429 -0.002339 -0.999768 -0.309034 0.00324 -0.951045 -0.746626 0.005511 -0.665221 -0.973093 0.00583 -0.230339 -0.010188 -0.006095 -0.99993 -0.28567 -0.001079 -0.958327 -0.720829 -0.005073 -0.693094 -0.96759 -0.003435 -0.252505 0 1 0 0 1 0 0 1 0 0 1 0 0 1 0 0 1 0 0 1 0 0 1 0 0 1 0 0 1 0 0 1 0 0 1 0 0 1 0 0 1 0 0 1 0 0 1 0 0 1 0 0 1 0 0 1 0 0 1 0 0.99991 -0.004082 -0.01275 0.98205 0.006812 -0.188499 0.82639 0.014926 -0.562901 0.513593 0.014306 -0.857915 0.17175 0.006017 -0.985122 0.015791 0.005728 -0.999859 0.99987 0.000536 -0.016096 0.961638 -0.012797 -0.274023 0.686354 -0.021254 -0.726957 0.249659 -0.00709 -0.968308 0.023834 0.016568 -0.999579 0.99994 -0.008341 0.007151 0.999256 -0.032164 -0.021294 0.999902 -0.002857 0.013697 0.998881 0.021129 0.042309 0.00982 -0.01465 0.999844 0.123263 0.004829 0.992362 0.494156 0.014478 0.869253 0.82242 0.004085 0.568866 0.976157 -5.8e-05 0.217068 0.999939 0.005292 0.00968 0.015973 -0.020099 0.99967 0.324955 -0.019884 0.94552 0.797377 -0.012702 0.603347 0.981266 0.000176 0.19266 0.999907 0.007492 0.011427 0.008657 -0.002509 0.999959 0.033361 -0.023669 0.999163 0.0033 0.002079 0.999992 -0.021661 0.023453 0.99949 -0.999854 -0.002797 0.016854 -0.964046 0.005376 0.265681 -0.726977 0.007884 0.686617 -0.295907 0.006057 0.955198 -0.015571 0.005412 0.999864 -0.999863 -0.003869 0.016096 -0.960388 -0.005819 0.278607 -0.685499 -0.008361 0.728025 -0.252259 -0.000526 0.96766 -0.016239 0.006305 0.999848 -0.999968 -0.002331 -0.00761 -0.994528 -0.004308 -0.104381 -0.994778 -0.023334 0.099362 -0.999786 0.015773 0.013417 -0.998944 0.021956 -0.040368 5.8e-05 -1 -0.000762 1.4e-05 -1 5.5e-05 2.1e-05 -1 0.000229 -8.3e-05 -1 4.5e-05 -0.000139 -1 -5.4e-05 -0.000108 -1 -4.2e-05 -6.4e-05 -1 -2e-05 5e-06 -1 -1.7e-05 0.000111 -1 3e-06 -6e-05 -1 1.1e-05 0.000545 -1 -0.000245 2.3e-05 -1 -6.5e-05 -0.002604 -0.726475 0.687188 0.314171 -0.719799 0.61902 0.564282 -0.726103 0.392887 0.682367 -0.731005 -0.002584 0.540537 -0.728692 -0.420509 0.218961 -0.713226 -0.665856 -0.09308 -0.712237 -0.69574 -0.356812 -0.712091 -0.604658 -0.561711 -0.717348 -0.412181 -0.681297 -0.723961 -0.108236 -0.643151 -0.726822 0.241012 -0.384161 -0.72963 0.56574 0.065062 -0.700909 0.710277 -0.170629 -0.719254 0.673468 -0.384394 -0.691267 0.611875 -0.53692 -0.723048 0.434648 -0.664425 -0.691107 0.284447 -0.703664 -0.708545 0.053116 -0.680538 -0.709127 -0.18441 -0.61779 -0.7008 -0.356671 -0.470925 -0.717553 -0.513173 -0.32095 -0.714402 -0.621788 -0.049051 -0.698851 -0.713584 0.256871 -0.703612 -0.662531 0.479577 -0.709416 -0.516463 0.641842 -0.721239 -0.260486 0.720699 -0.69029 -0.063977 0.68772 -0.711183 0.145811 0.635888 -0.722312 0.271867 0.494379 -0.70289 0.511405 0.263446 -0.708938 0.654219 0.072634 -0.000306 0.997359 -0.234714 0.001188 0.972064 -0.537895 -0.000949 0.843011 -0.772609 -0.002145 0.634878 -0.92356 -0.001242 0.383452 -0.996751 -0.000675 0.080539 -0.968772 -0.001395 -0.247949 -0.857758 -0.001397 -0.514051 -0.697988 -0.001712 -0.716108 -0.44324 -0.002399 -0.8964 -0.074247 -0.003629 -0.997233 0.348704 -0.004161 -0.937224 0.70311 -0.003733 -0.711072 0.918279 -0.0023 -0.395928 0.997328 -0.000427 -0.073056 0.984069 -0.00084 0.177783 0.905391 -0.001132 0.424578 0.705238 -0.002221 0.708967 0.388036 -0.003141 0.921639 0.102642 0.00379 -0.994711 0.533023 0.004438 -0.846089 0.85906 0.003627 -0.511863 0.997651 0.00315 -0.068425 0.918878 0.003556 0.394525 0.605207 0.004211 0.796057 0.174853 0.002018 0.984592 -0.285861 0.002653 -0.958268 -0.579184 0.002097 -0.815194 -0.802609 0.001643 -0.596504 -0.94965 0.001441 -0.313311 -0.999345 0.001628 0.036145 -0.900749 0.003156 0.434328 -0.599018 0.002776 0.800731 -0.215121 0.000382 0.976587 5.7e-05 -1 -0.000466 -1.1e-05 -1 -0.000159 0.001537 -0.999999 0.000154 0.001163 -0.999999 -0.00092 0.000565 -1 0.000256 -5.4e-05 -1 7.6e-05 -0.000511 -0.999999 0.001157 -3.8e-05 -1 -0.000127 -0.000387 -1 -0.000529 -0.0002 -1 -0.000147 -0.000802 -1 0.000209 -0.001881 -0.999998 0.000262 -0.001337 -0.999999 -1.4e-05 -0.001976 -0.999997 0.001681 0.000458 -0.999999 0.001381 0.000199 -1 -0.000788 -0.000452 -1 -0.000457 -0.000978 -0.999999 -0.000864 -0.000165 -1 -0.000519 -0.000604 -1 0.00072 -0.00148 -0.999999 0.00089 -0.002014 -0.999998 -0.000575 -0.001465 -0.999999 0.000137 -0.001004 -0.999984 0.005557 -0.003589 -0.999985 0.004075 -0.002052 -0.999998 0.000719 -0.00034 -0.999999 0.001692 -0.000188 -1 -0.000424 -9.4e-05 -1 -7.9e-05 0.001203 -0.999999 0.000913 0.00225 -0.999997 0.000185 0.001359 -0.999998 -0.001774 0.000689 -1 -0.000248 0.001301 -0.999999 0.000514 0.000565 -1 -0.000182 -0.000218 -1 7.2e-05 -0.001277 -0.999999 0.000674 -0.008203 -0.671199 -0.741232 -0.217057 -0.681809 -0.698586 -0.399534 -0.658383 -0.63789 -0.599544 -0.650926 -0.465664 -0.703011 -0.66598 -0.24949 -0.759469 -0.650263 -0.019128 -0.749623 -0.629634 0.204025 -0.706426 -0.624339 0.333411 -0.606449 -0.633294 0.480788 -0.518783 -0.582436 0.625806 -0.279805 -0.669451 0.688145 -0.013564 -0.623692 0.781553 0.243406 -0.655551 -0.714847 0.430365 -0.70065 -0.569101 0.573772 -0.683877 -0.450664 0.71736 -0.633125 -0.29077 0.763201 -0.633231 -0.128614 0.71626 -0.691185 0.096101 0.695045 -0.644581 0.318477 0.524454 -0.693809 0.493535 0.371736 -0.661059 0.651777 0.149301 -0.640972 0.752904 0.059738 0.952675 -0.298065 0.117038 0.892692 -0.435204 0.187594 0.934421 -0.302764 0.298295 0.925222 -0.234485 0.420119 0.900162 -0.114927 0.370525 0.928804 -0.005863 0.256833 0.961856 0.094184 0.271111 0.93737 0.218714 0.212036 0.906518 0.365057 0.136885 0.90183 0.409836 0.05724 0.936771 0.345229 0.002177 0.937005 0.349308 -0.06743 -0.475438 0.877162 0.037379 -0.328669 0.943705 -0.084554 0.063942 0.994365 0.027872 0.339245 0.940285 0.077335 0.545981 0.834221 0.026492 0.746965 0.664335 0.036178 0.894574 0.445454 0.011968 -0.539893 -0.841649 -0.07313 -0.31756 -0.945414 -0.027378 0.030965 -0.999145 0.035172 0.31945 -0.94695 -0.007147 0.538753 -0.842433 0.091776 0.74511 -0.660597 -0.059131 0.772834 -0.631847 0.015532 0.894122 -0.447553 0.200727 0.576053 -0.792383 0.220781 0.827805 -0.515747 0.177357 0.360345 -0.915803 0.321102 0.634565 -0.703009 0.123964 0.105888 -0.986621 0.101829 -0.137801 -0.985212 0.374962 0.344913 -0.860487 0.268922 0.088361 -0.9591 0.359825 0.813177 -0.457459 0.47624 0.599565 -0.643208 0.167493 -0.294756 -0.940779 0.433908 0.040078 -0.900066 0.515979 0.296422 -0.803679 0.331804 -0.166505 -0.928538 0.154886 -0.584979 -0.796122 0.501852 0.75795 -0.416722 0.42788 0.870335 -0.243796 0.613644 0.421216 -0.667845 0.316744 -0.454327 -0.832623 0.469465 -0.292125 -0.833226 0.551972 -0.018924 -0.833648 0.672464 0.525015 -0.521681 0.678371 0.15219 -0.718784 0.641577 0.71421 -0.27979 0.65809 -0.106883 -0.745315 0.378044 -0.608618 -0.697615 0.758859 0.259788 -0.597197 0.764739 0.503832 -0.401657 0.603783 -0.358967 -0.71175 0.477561 -0.579168 -0.660682 0.802926 -0.0591 -0.593141 0.847789 0.21244 -0.485926 0.690437 0.710843 -0.134163 0.734295 -0.350879 -0.581115 0.854472 0.462623 -0.236343 0.584046 -0.59233 -0.555009 0.908264 0.244246 -0.339706 0.579545 0.81494 -0.000649 0.416369 0.904123 0.09591 0.912963 -0.02346 -0.407368 0.834189 0.550048 -0.039701 0.855504 -0.291181 -0.428166 0.683306 -0.588179 -0.432595 0.967588 -0.018903 -0.251827 0.962333 0.22757 -0.148749 0.698093 0.705775 0.120614 0.787506 -0.509655 -0.346534 0.970606 0.240353 0.012463 0.932581 -0.280002 -0.227797 0.558311 0.786566 0.263823 0.875399 0.46229 0.141296 0.444971 0.84593 0.293944 0.995103 -0.089752 -0.041411 0.833091 -0.518306 -0.193179 0.765504 0.567777 0.302709 0.943711 0.230878 0.236863 0.914753 -0.401803 -0.042206 0.986568 -0.067495 0.148756 0.938447 -0.3268 0.111893 0.803007 -0.595314 0.027945 0.934707 0.066749 0.349094 0.837681 0.294553 0.459923 0.709502 0.52506 0.470021 0.589067 0.63375 0.50136 0.404859 0.802704 0.437899 0.916749 -0.261183 0.30225 0.796378 -0.57246 0.195122 0.872127 -0.084576 0.481915 0.373522 0.724977 0.578696 0.691421 0.353688 0.629954 0.525588 0.551699 0.6476 0.783281 0.03185 0.620852 0.812579 -0.46628 0.349713 0.679129 0.059572 0.731597 0.783264 -0.438432 0.440767 0.297585 0.691035 0.658722 0.562393 0.293816 0.772908 0.743312 -0.315632 0.5898 0.427861 0.451727 0.782865 0.65 -0.289399 0.702672 0.64053 -0.619739 0.453482 0.180687 0.718427 0.671725 0.549473 -0.003474 0.835504 0.574603 -0.576286 0.581142 0.255753 0.461586 0.849428 0.410469 0.184777 0.892957 0.495427 -0.332642 0.802435 0.479439 -0.578594 0.659824 0.362443 -0.157894 0.918534 0.278294 0.180846 0.943317 0.138878 0.224837 0.964449 0.247976 -0.094901 0.964107 0.360241 -0.454484 0.81466 0.27822 -0.640743 0.715571 0.086248 -0.082327 0.992866 0.154178 -0.449971 0.879634 -0.206207 0.912231 -0.353998 -0.254283 0.933622 -0.252368 -0.365801 0.901534 -0.23114 -0.385226 0.907415 -0.167929 -0.305634 0.949725 -0.067895 -0.45732 0.889267 -0.007881 -0.389971 0.916255 0.091653 -0.352625 0.910775 0.214811 -0.255849 0.926377 0.276344 -0.174528 0.916787 0.359223 -0.060155 0.952353 0.299006 -0.091275 0.874908 0.47561 -0.091833 0.531389 0.842135 -0.150305 0.731866 0.664666 -0.23059 0.561377 0.794786 -0.161844 0.310441 0.936714 -0.281606 0.751955 0.596038 -0.35239 0.562987 0.747574 -0.360395 0.806258 0.469109 -0.36446 0.319457 0.874709 -0.137524 -0.183751 0.973305 -0.267564 0.075405 0.960585 -0.478064 0.58204 0.657787 -0.491567 0.360838 0.792564 -0.260262 -0.309349 0.91464 -0.411815 -0.020309 0.911041 -0.535831 0.653105 0.535107 -0.188459 -0.626574 0.756233 -0.506376 0.767517 0.393067 -0.555843 0.059804 0.829133 -0.438264 -0.303741 0.84597 -0.633463 0.366874 0.68127 -0.3987 -0.572729 0.716254 -0.670642 0.071216 0.738354 -0.611231 0.726737 0.313448 -0.704487 0.500002 0.503682 -0.58911 -0.319448 0.742228 -0.775809 0.181314 0.604356 -0.550061 0.815678 0.179173 -0.729811 -0.108615 0.674966 -0.787796 0.514468 0.338674 -0.868722 0.201247 0.452572 -0.724084 0.667679 0.172937 -0.720499 -0.32432 0.612942 -0.828125 -0.084601 0.554122 -0.703886 0.708293 0.053536 -0.921667 0.24597 0.300047 -0.64889 -0.521525 0.554034 -0.883892 0.436798 0.167157 -0.833372 -0.294293 0.46785 -0.915329 -0.114929 0.38596 -0.738229 -0.526322 0.421903 -0.968997 -0.052029 0.241533 -0.684432 0.725325 -0.073874 -0.579655 0.799651 -0.156715 -0.909933 0.414567 0.012473 -0.987592 0.138434 0.074147 -0.848766 -0.445721 0.284482 -0.843576 0.518027 -0.14152 -0.936107 -0.30387 0.177107 -0.942961 0.314235 -0.109912 -0.768553 0.587983 -0.252194 -0.975051 -0.219147 0.035343 -0.994085 0.042298 -0.100031 -0.822235 -0.561285 0.094279 -0.615256 0.718539 -0.324286 -0.95449 0.159001 -0.252325 -0.882206 0.334759 -0.331133 -0.953066 -0.235734 -0.189989 -0.88635 -0.459242 -0.058995 -0.801208 0.408722 -0.437049 -0.617827 0.665073 -0.419484 -0.405344 0.813705 -0.416629 -0.935099 -0.123501 -0.332169 -0.897422 0.099229 -0.429868 -0.788844 -0.600798 -0.129484 -0.523131 0.652566 -0.548171 -0.807706 0.15719 -0.568245 -0.855513 -0.378037 -0.353815 -0.688306 0.416342 -0.594049 -0.800116 -0.545722 -0.249001 -0.865514 -0.142521 -0.48018 -0.326412 0.751788 -0.572948 -0.54605 0.459159 -0.700716 -0.779702 -0.047823 -0.624322 -0.64988 0.199499 -0.733387 -0.771899 -0.354201 -0.527933 -0.109422 0.915312 -0.387596 -0.442176 0.528827 -0.724446 -0.705105 -0.579525 -0.408629 -0.712716 -0.195701 -0.6736 -0.172335 0.770069 -0.614243 -0.310562 0.542558 -0.780501 -0.606146 -0.020797 -0.795082 -0.446863 0.239418 -0.86197 -0.598816 -0.538722 -0.59262 -0.591958 -0.288652 -0.752507 -0.459147 -0.048255 -0.887049 -0.155611 0.520752 -0.839406 -0.270003 0.326959 -0.905647 -0.468538 -0.330826 -0.819162 -0.490437 -0.569526 -0.65963 -0.276516 0.073126 -0.958223 -0.310971 -0.185123 -0.932216 -0.127911 0.217675 -0.967604 -0.325077 -0.577307 -0.749027 -0.271414 -0.39574 -0.87734 -0.162705 -0.119155 -0.979453 -0.150983 -0.594 -0.79017 -0.080468 0.983788 0.160267 -0.098835 0.989793 0.102668 -0.15574 0.984758 0.077444 -0.274936 0.959479 0.061722 -0.175628 0.979086 -0.102692 -0.113924 0.988672 -0.097724 -0.095113 0.98922 -0.111347 -0.076117 0.984292 -0.159296 -0.058699 0.950874 -0.303962 -0.146779 0.979002 0.14146 -0.134493 0.978796 -0.154497 0.080512 0.983839 -0.159934 0.098836 0.989793 -0.102667 0.155173 0.984837 -0.077568 0.288554 0.955187 -0.065984 0.198078 0.974677 0.103779 0.136859 0.986227 0.092879 0.101986 0.989098 0.106229 0.076681 0.984641 0.156851 0.146243 0.979394 -0.139285 0.131408 0.978955 0.156138 -0.143402 -0.031993 -0.989147 -0.025346 -0.007578 -0.99965 0.077511 -0.003334 -0.996986 0.038638 0.016732 -0.999113 -0.014336 0.012965 -0.999813 0.000241 0.000656 -1 -0.999905 0.001953 -0.013613 -0.999826 0.006898 -0.017354 -0.021457 -0.002349 -0.999767 -0.309027 0.003224 -0.951048 -0.746622 0.005512 -0.665226 -0.973093 0.005831 -0.230339 -0.010231 -0.006097 -0.999929 -0.285664 -0.001076 -0.958329 -0.72081 -0.005056 -0.693114 -0.967592 -0.003431 -0.252494 0 1 0 0 1 0 0 1 0 0 1 0 0 1 0 0 1 0 0 1 0 0 1 0 0 1 0 0 1 0 0 1 0 0 1 0 0 1 0 0 1 0 0 1 0 0 1 0 0 1 0 0 1 0 0 1 0 0 1 0 0.999882 -0.000484 -0.015357 0.964437 0.005342 -0.264257 0.726987 0.007873 -0.686606 0.296009 0.006029 -0.955166 0.019674 0.01093 -0.999747 0.99987 0.000536 -0.016096 0.960658 -0.004945 -0.277691 0.68551 -0.008381 -0.728015 0.253756 0.001602 -0.967267 0.023879 0.016598 -0.999577 0.99994 -0.008344 0.007149 0.999256 -0.032163 -0.021298 0.999902 -0.002855 0.013702 0.998881 0.021126 0.042314 0.009917 -0.01471 0.999843 0.123251 0.004817 0.992364 0.494161 0.01448 0.86925 0.822446 0.004097 0.568828 0.976144 -5.7e-05 0.217126 0.999939 0.005296 0.00968 0.016031 -0.020124 0.999669 0.324939 -0.019889 0.945526 0.797383 -0.012712 0.60334 0.981271 0.000173 0.192633 0.999907 0.007499 0.011428 0.008736 -0.002577 0.999959 0.033544 -0.023819 0.999153 0.003378 0.00201 0.999992 -0.021661 0.023444 0.99949 -0.999855 -0.002698 0.016791 -0.964068 0.005374 0.265601 -0.726973 0.00789 0.686621 -0.29592 0.006057 0.955194 -0.015606 0.005427 0.999863 -0.999864 -0.00368 0.016096 -0.960403 -0.005771 0.278553 -0.685515 -0.008352 0.728011 -0.252258 -0.000526 0.96766 -0.016285 0.006335 0.999847 -0.999969 -0.002319 -0.007585 -0.994534 -0.004277 -0.104321 -0.994777 -0.02333 0.099368 -0.999786 0.015775 0.013415 -0.998944 0.021965 -0.040352 0.000234 -0.999999 0.001484 5e-06 -1 0.000163 -2.7e-05 -1 -4.7e-05 2.8e-05 -1 0.000122 -2.9e-05 -1 8.3e-05 -0.000102 -1 -5.4e-05 -0.000143 -1 -7.9e-05 -0.000103 -1 -7.9e-05 0.000182 -1 2.4e-05 0.000334 -1 3.6e-05 0.00094 -1 3.3e-05 0.000123 -1 -4.4e-05 9.3e-05 -1 -0.000239 0.070187 -0.715813 0.694756 0.325588 -0.717437 0.615854 0.562536 -0.720262 0.405925 0.677324 -0.72804 0.105782 0.645256 -0.726228 -0.237144 0.407345 -0.722757 -0.558294 0.107625 -0.719015 -0.686611 -0.159951 -0.718099 -0.677311 -0.427649 -0.692035 -0.581553 -0.577443 -0.713244 -0.397295 -0.687995 -0.725714 0.001332 -0.554798 -0.730251 0.398663 -0.232267 -0.721395 0.652412 0.043236 -0.710409 0.70246 -0.149017 -0.703384 0.695014 -0.389917 -0.715997 0.579062 -0.578446 -0.701892 0.41563 -0.678726 -0.714871 0.168197 -0.684649 -0.711991 -0.155965 -0.559117 -0.707793 -0.431762 -0.33573 -0.706464 -0.623052 -0.078536 -0.700843 -0.708979 0.171027 -0.708947 -0.684211 0.379376 -0.698508 -0.606762 0.55879 -0.717915 -0.415153 0.691315 -0.686364 -0.225805 0.698634 -0.714269 -0.041591 0.701534 -0.70068 0.12999 0.645469 -0.707604 0.287518 0.494377 -0.702891 0.511406 0.271157 -0.702623 0.657871 0.075695 -0.00029 0.997131 -0.235291 -0.00248 0.971922 -0.547069 -0.002387 0.837084 -0.81098 -0.00328 0.585065 -0.97537 -0.003812 0.220541 -0.979329 -0.002673 -0.202255 -0.796023 -0.002058 -0.605262 -0.468237 -0.002547 -0.883599 -0.114714 -0.000574 -0.993398 0.22453 -0.000667 -0.974467 0.546285 -0.002877 -0.837594 0.803422 -0.002199 -0.595406 0.947817 -0.001809 -0.318809 0.998231 -0.001548 -0.059442 0.983872 -0.00031 0.178875 0.906176 -0.001682 0.422898 0.704211 -0.003426 0.709982 0.386939 -0.000381 0.922105 -0.165591 0.002543 -0.986191 0.304106 0.00305 -0.952633 0.708525 0.003962 -0.705675 0.9522 0.003644 -0.305453 0.991573 0.002965 0.129516 0.837038 0.003908 0.547131 0.457257 0.003721 0.889327 -0.019058 0.002748 0.999815 -0.546236 0.002116 -0.837629 -0.835517 0.002291 -0.549459 -0.996004 0.00396 -0.089219 -0.916235 0.004086 0.40062 -0.682559 0.002687 0.730826 -0.405378 0.002572 0.914146 -3.9e-05 -1 -9.8e-05 8.8e-05 -1 -0.000132 0.000947 -0.999999 -0.000463 0.000958 -0.999999 -0.000483 0.000501 -1 -0.000144 0.000116 -1 0.000219 0.000188 -1 0.000931 0.000229 -1 0.000657 -0.002236 -0.999996 -0.001421 -0.001395 -0.999997 -0.001992 -0.001296 -0.999999 0.000312 -0.002393 -0.999997 0.000521 -0.000385 -1 0.000593 -0.000358 -1 0.000848 1.3e-05 -1 -0.000104 -0.001683 -0.999999 -0.000338 -0.003271 -0.999993 -0.001708 -0.001281 -0.999995 -0.002987 -0.000938 -0.999999 -0.001367 -0.001085 -0.999999 0.000786 -0.001927 -0.999995 0.002485 -0.004246 -0.99999 0.001169 -0.002361 -0.999997 -0.000424 -0.000456 -1 0.000508 0.000218 -1 4.5e-05 0.000555 -1 -0.000191 0.001262 -0.999999 -0.000639 0.001048 -0.999999 -0.000772 0.000784 -1 -0.000471 0.00033 -1 -0.000229 -6.7e-05 -1 0.00019 -8.3e-05 -1 0.00078 0.000527 -0.999999 0.000953 -0.000225 -0.680263 -0.732968 -0.214028 -0.687239 -0.694186 -0.454312 -0.627248 -0.632582 -0.619261 -0.629675 -0.469067 -0.726884 -0.619734 -0.295921 -0.770698 -0.636406 -0.03182 -0.742792 -0.638741 0.200675 -0.71936 -0.604504 0.342194 -0.582272 -0.640484 0.50074 -0.350078 -0.644271 0.679971 -0.095876 -0.677448 0.729295 0.331125 -0.661251 -0.673129 0.578341 -0.647962 -0.495648 0.681621 -0.640547 -0.353684 0.743968 -0.665504 -0.060133 0.70239 -0.679885 0.210723 0.597025 -0.688894 0.411079 0.416037 -0.638447 0.647533 0.15739 -0.632557 0.758354 0.069869 0.95327 -0.293928 0.185558 0.91344 -0.362209 0.233334 0.931878 -0.277774 0.327037 0.917315 -0.227114 0.388482 0.916837 -0.09215 0.347822 0.937557 0.00262 0.31091 0.94827 0.064185 0.331307 0.933133 0.139638 0.248375 0.934458 0.255143 0.131399 0.904407 0.405933 0.059668 0.952544 0.298497 0.00866 -0.578492 0.815642 -0.087466 -0.222925 0.970904 0.026462 0.038824 0.998896 0.025868 0.326162 0.94496 -0.070871 0.634126 0.769975 0.026351 0.867508 0.496725 0.004083 -0.567257 -0.823531 0.035534 -0.367275 -0.929433 0.046528 -0.107018 -0.993168 -0.084562 0.089316 -0.992407 0.006577 0.559472 -0.828823 -0.068248 0.780826 -0.62101 0.014418 0.905047 -0.425068 0.075652 0.753292 -0.653321 0.122962 0.885999 -0.447086 0.243466 0.745344 -0.620635 0.199801 0.597054 -0.776921 0.096033 0.241124 -0.965731 0.173426 0.418575 -0.89147 0.368761 0.365484 -0.854656 0.40819 0.586611 -0.699477 0.262185 0.218272 -0.940009 0.386272 0.784237 -0.485558 0.201368 -0.064744 -0.977374 0.355172 0.025087 -0.934464 0.181995 -0.356465 -0.916412 0.551685 0.321632 -0.769543 0.152013 -0.629818 -0.761722 0.51386 0.751643 -0.413498 0.381532 -0.274482 -0.882662 0.587825 0.507756 -0.629797 0.517703 0.048498 -0.854185 0.302571 -0.54959 -0.778718 0.669343 0.521445 -0.52922 0.462591 0.865999 -0.189884 0.674109 0.185622 -0.714928 0.517574 -0.321644 -0.792882 0.669047 -0.090394 -0.737703 0.64652 0.688138 -0.32936 0.760507 0.257554 -0.596067 0.801782 0.391862 -0.451208 0.462692 -0.639151 -0.61433 0.788238 -0.009134 -0.615302 0.62611 -0.377019 -0.682527 0.672096 0.731068 -0.117587 0.770235 0.579104 -0.267163 0.890862 0.061544 -0.450086 0.748282 -0.296667 -0.593349 0.919805 0.249685 -0.30268 0.660989 -0.522413 -0.538682 0.489526 0.871211 0.036821 0.830068 -0.257253 -0.494781 0.881222 0.433368 -0.188784 0.892646 -0.24366 -0.379228 0.710582 0.703507 0.01226 0.902232 0.426111 -0.066386 0.952866 -0.12304 -0.277322 0.772108 -0.504924 -0.385878 0.988955 0.093622 -0.114908 0.678009 0.718782 0.153806 0.865653 0.49158 0.094837 0.866723 -0.454766 -0.20489 0.542338 0.813191 0.211162 0.961675 -0.230603 -0.148333 0.46889 0.826922 0.310388 0.742775 -0.633114 -0.217834 0.99647 0.046976 0.069579 0.963848 0.23902 0.117756 0.975602 -0.219197 0.012366 0.825797 0.512114 0.236217 0.723759 0.599888 0.341037 0.903219 -0.42778 -0.034636 0.936291 0.232934 0.26287 0.805303 -0.591467 -0.040672 0.870318 0.283699 0.402569 0.964832 -0.119825 0.233968 0.67281 0.593409 0.441806 0.41696 0.805199 0.421661 0.815701 -0.571228 0.091273 0.918284 -0.359999 0.164786 0.917484 -0.070507 0.391473 0.573993 0.598499 0.558866 0.752899 0.358861 0.55169 0.222973 0.892227 0.3927 0.824158 0.093319 0.55862 0.862661 -0.388387 0.323992 0.78567 -0.580182 0.214737 0.392964 0.712096 0.581806 0.835083 -0.178232 0.520451 0.629379 0.364787 0.686158 0.711451 0.103995 0.694998 0.779686 -0.39073 0.489306 0.715649 -0.600609 0.356533 0.492762 0.451555 0.74383 0.22612 0.728442 0.646716 0.699577 -0.21341 0.681945 0.357267 0.525001 0.772486 0.551821 0.186502 0.812841 0.603188 -0.119064 0.788662 0.625743 -0.607329 0.489487 0.663032 -0.437603 0.607365 0.4006 0.244772 0.882953 0.231426 0.47746 0.847628 0.483726 -0.022169 0.874939 0.093837 0.696427 0.711466 0.550871 -0.575067 0.604846 0.498786 -0.446982 0.742576 0.421254 -0.296048 0.857264 0.264033 0.22462 0.937994 0.339707 -0.043977 0.939502 0.077009 0.461487 0.883798 0.18061 0.098466 0.978614 0.287179 -0.565397 0.773211 0.235735 -0.279246 0.930833 0.112309 -0.167869 0.979391 0.104391 -0.431446 0.896078 -0.027652 0.938216 -0.344943 -0.147184 0.90585 -0.397206 -0.21065 0.946978 -0.24261 -0.341643 0.909465 -0.236967 -0.363121 0.922363 -0.131869 -0.311301 0.948477 -0.059022 -0.487481 0.873125 -0.003873 -0.349256 0.924908 0.150218 -0.245869 0.92591 0.286772 -0.157899 0.900252 0.405728 -0.06226 0.95173 0.300555 -0.06678 0.872083 0.48478 -0.182019 0.693156 0.697427 -0.118254 0.224072 0.967372 -0.307201 0.777075 0.549346 -0.241193 0.412631 0.878385 -0.355579 0.518239 0.777812 -0.309038 0.100368 0.945739 -0.243301 -0.16047 0.956585 -0.457508 0.579188 0.674705 -0.419193 0.201547 0.885243 -0.458589 0.750884 0.475258 -0.176125 -0.528112 0.830709 -0.52705 0.282553 0.801487 -0.404724 0.861823 0.305713 -0.604772 0.435561 0.666736 -0.408365 -0.163893 0.897985 -0.295696 -0.520308 0.801151 -0.647707 0.502206 0.572944 -0.553906 -0.020401 0.832329 -0.469195 -0.348409 0.81146 -0.564312 0.746611 0.352313 -0.675182 0.086379 0.732576 -0.710261 0.521152 0.473212 -0.610323 -0.288196 0.737867 -0.570376 0.790171 0.22428 -0.788407 0.243011 0.56512 -0.474125 -0.621766 0.623388 -0.757087 0.574096 0.311822 -0.764432 -0.022147 0.644324 -0.596346 0.795241 0.109382 -0.852616 0.340079 0.396727 -0.817676 0.553255 0.159107 -0.647794 -0.467927 0.601172 -0.759723 -0.27707 0.588263 -0.895144 0.067785 0.440594 -0.852531 -0.16493 0.495972 -0.924136 0.27466 0.265584 -0.704567 -0.528146 0.473969 -0.775701 0.630983 -0.012193 -0.810987 -0.428666 0.398178 -0.909571 -0.253057 0.329609 -0.959315 -0.013975 0.281991 -0.966504 0.215038 0.140104 -0.604016 0.785925 -0.132233 -0.931849 0.362798 -0.005815 -0.946122 -0.264153 0.187286 -0.992621 -0.027031 0.118205 -0.823964 0.544341 -0.157405 -0.998117 0.043912 -0.04283 -0.829294 -0.506711 0.235616 -0.535103 0.800205 -0.270808 -0.965985 -0.255449 0.04023 -0.725806 0.63207 -0.271466 -0.948758 0.251673 -0.191098 -0.821041 -0.563407 0.092005 -0.858007 0.402808 -0.3187 -0.978777 -0.085075 -0.186435 -0.690183 0.610908 -0.387865 -0.917929 -0.391751 -0.062751 -0.920416 0.118352 -0.372595 -0.52946 0.725815 -0.439163 -0.81592 0.362838 -0.450137 -0.298701 0.868292 -0.396039 -0.702004 0.436448 -0.562764 -0.7926 -0.585964 -0.168613 -0.904166 -0.345452 -0.251289 -0.927367 -0.147384 -0.343901 -0.425844 0.738759 -0.52239 -0.808366 0.142834 -0.571089 -0.624176 0.480555 -0.616012 -0.86165 -0.148942 -0.485156 -0.825573 -0.432892 -0.361985 -0.46722 0.586486 -0.661619 -0.762603 -0.149654 -0.629317 -0.672933 0.141552 -0.726033 -0.23843 0.73599 -0.633617 -0.572305 0.318332 -0.755733 -0.751538 -0.469408 -0.463515 -0.468291 0.323367 -0.822276 -0.327196 0.535578 -0.778523 -0.640318 -0.500464 -0.582691 -0.65474 -0.211606 -0.725629 -0.552668 -0.076523 -0.829881 -0.307328 0.271183 -0.912146 -0.169238 0.523386 -0.83512 -0.425936 0.022908 -0.904463 -0.520533 -0.457793 -0.720743 -0.397428 -0.297493 -0.868072 -0.261991 0.054853 -0.96351 -0.086663 0.340407 -0.936276 -0.280548 -0.256129 -0.925035 -0.339045 -0.59273 -0.730561 -0.149548 -0.183968 -0.971489 -0.194435 -0.562494 -0.803614 -0.102238 -0.401037 -0.910339 -0.08048 0.983806 0.160155 -0.098838 0.989793 0.102671 -0.155744 0.984757 0.07744 -0.31944 0.945274 0.066447 -0.193806 0.975469 -0.104396 -0.136855 0.986227 -0.092884 -0.101987 0.989098 -0.106228 -0.076497 0.98452 -0.157696 -0.058805 0.935108 -0.349449 -0.145688 0.978951 0.142935 -0.133006 0.978966 -0.154712 0.080469 0.983787 -0.160275 0.098838 0.989792 -0.102677 0.155182 0.984836 -0.077571 0.277559 0.958745 -0.061395 0.189897 0.976891 0.098099 0.137719 0.986112 0.092826 0.107001 0.989049 0.101653 0.077433 0.98575 0.149335 0.145781 0.979221 -0.140977 0.130347 0.978856 0.157641 -0.033579 -0.005419 -0.999421 -0.028229 -0.000795 -0.999601 -0.027075 0.000202 -0.999633 -0.021669 0.004873 -0.999753 0.000241 0.000656 -1 -0.999871 0.004634 -0.015372 -0.999923 0.000644 -0.012391 -0.021474 -0.00234 -0.999767 -0.289255 0.00318 -0.957247 -0.681784 0.006799 -0.731522 -0.948826 0.008182 -0.315695 -0.010231 -0.006097 -0.999929 -0.281201 -0.007197 -0.959622 -0.724351 -0.00963 -0.689364 -0.968322 -0.004407 -0.249664 0 1 0 0 1 0 0 1 0 0 1 0 0 1 0 0 1 0 0 1 0 0 1 0 0 1 0 0 1 0 0 1 0 0 1 0 0 1 0 0 1 0 0 1 0 0 1 0 0 1 0 0 1 0 0 1 0 0 1 0 0 1 0 0 1 0 0 1 0 0.999809 0.000884 -0.019502 0.964047 0.005389 -0.265679 0.727298 0.008373 -0.686271 0.292833 0.006228 -0.956143 0.017804 -0.001533 -0.99984 0.999775 0.002977 -0.020983 0.962666 -0.000744 -0.270691 0.729224 -0.00613 -0.684247 0.300936 -0.001378 -0.953643 0.019017 0.000188 -0.999819 0.999804 -0.016998 0.01011 0.998859 -0.022451 -0.042148 0.994465 0.003353 -0.105016 0.999943 0.000776 -0.010634 0.995387 0.020316 0.093766 0.022632 -0.014398 0.99964 0.024746 -0.001989 0.999692 0.302998 0.014474 0.952881 0.749007 0.020136 0.662256 0.973257 0.012193 0.229395 0.999945 0.00632 0.00842 0.013988 -0.008859 0.999863 0.21143 -0.006911 0.977369 0.584107 -0.012661 0.811578 0.870541 -0.013175 0.49192 0.988768 -0.002006 0.149447 0.999931 0.007265 0.009206 -0.077542 -0.003365 0.996983 0.026927 -0.008135 0.999604 0.147789 -0.03345 0.988453 0.015321 0.012659 0.999802 -0.03863 0.016729 0.999114 -0.999933 0.002852 0.011231 -0.964231 0.008334 0.264932 -0.729513 0.017046 0.683755 -0.291458 0.018136 0.956412 -0.010068 0.010024 0.999899 -0.999955 0.000558 0.009483 -0.977 -0.001024 0.213238 -0.807289 -0.010058 0.590071 -0.471666 -0.014077 0.881665 -0.122499 -0.004004 0.992461 -0.007112 0.006526 0.999953 -0.999968 -0.002318 -0.007618 -0.994531 -0.004277 -0.104353 -0.99478 -0.023334 0.099335 -0.999786 0.015772 0.013417 -0.998944 0.02197 -0.040353</float_array>
          <technique_common>
            <accessor count="3733" source="#link6_steel_hardware-normals-array" stride="3">
              <param type="float" name="X"/>
              <param type="float" name="Y"/>
              <param type="float" name="Z"/>
            </accessor>
          </technique_common>
        </source>
        <vertices id="link6_steel_hardware-positions-vertices">
          <input semantic="POSITION" source="#link6_steel_hardware-positions"/>
        </vertices>
        <triangles count="5424" material="link6_steel_hardware-binding">
          <input offset="0" semantic="VERTEX" source="#link6_steel_hardware-positions-vertices"/>
          <input offset="1" semantic="NORMAL" source="#link6_steel_hardware-normals"/>
          <p>11 11 0 0 12 12 11 11 9 9 8 8 11 11 8 8 7 7 11 11 2 2 1 1 11 11 3 3 2 2 11 11 10 10 9 9 11 11 6 6 5 5 11 11 5 5 4 4 11 11 1 1 0 0 11 11 4 4 3 3 11 11 7 7 6 6 39 39 15 15 16 16 42 42 43 43 13 13 14 14 41 41 42 42 41 41 14 14 15 15 40 40 41 41 15 15 39 39 40 40 15 15 36 36 18 18 19 19 38 38 16 16 17 17 37 37 38 38 17 17 36 36 37 37 17 17 36 36 17 17 18 18 13 13 43 43 25 25 19 19 35 35 36 36 38 38 39 39 16 16 26 26 25 25 43 43 42 42 13 13 14 14 26 26 24 24 25 25 26 26 27 27 24 24 19 19 34 34 35 35 34 34 19 19 20 20 33 33 34 34 20 20 33 33 20 20 21 21 31 31 32 32 21 21 31 31 21 21 22 22 32 32 33 33 21 21 30 30 22 22 23 23 29 29 30 30 23 23 28 28 29 29 23 23 28 28 23 23 24 24 27 27 28 28 24 24 30 30 31 31 22 22 47 47 74 74 73 73 45 45 44 44 76 76 45 45 76 76 75 75 46 46 45 45 75 75 46 46 75 75 74 74 47 47 46 46 74 74 48 48 47 47 73 73 53 53 52 52 62 62 49 49 73 73 72 72 50 50 72 72 71 71 51 51 50 50 71 71 51 51 71 71 62 62 52 52 51 51 62 62 44 44 70 70 76 76 49 49 48 48 73 73 44 44 61 61 70 70 50 50 49 49 72 72 61 61 60 60 69 69 61 61 69 69 70 70 53 53 62 62 63 63 54 54 63 63 64 64 55 55 54 54 64 64 55 55 64 64 65 65 56 56 55 55 65 65 56 56 65 65 66 66 54 54 53 53 63 63 57 57 66 66 67 67 57 57 56 56 66 66 60 60 59 59 68 68 59 59 58 58 68 68 60 60 68 68 69 69 58 58 57 57 67 67 58 58 67 67 68 68 285 285 100 100 275 275 238 238 282 282 240 240 287 287 280 280 284 284 289 289 286 286 276 276 99 99 285 285 287 287 289 289 276 276 282 282 285 285 99 99 100 100 288 288 281 281 283 283 286 286 277 277 276 276 288 288 284 284 281 281 286 286 283 283 277 277 287 287 285 285 280 280 238 238 240 240 239 239 285 285 275 275 278 278 282 282 276 276 240 240 283 283 281 281 279 279 285 285 278 278 280 280 277 277 283 283 273 273 280 280 278 278 274 274 283 283 279 279 273 273 292 292 283 283 286 286 281 281 272 272 279 279 281 281 280 280 270 270 276 276 277 277 271 271 278 278 275 275 268 268 281 281 270 270 272 272 280 280 274 274 270 270 275 275 100 100 101 101 276 276 241 241 240 240 284 284 280 280 281 281 293 293 287 287 284 284 294 294 293 293 288 288 290 290 286 286 289 289 279 279 272 272 273 273 303 303 305 305 296 296 306 306 300 300 302 302 305 305 301 301 299 299 305 305 299 299 296 296 302 302 300 300 295 295 304 304 297 297 298 298 303 303 296 296 300 300 301 301 294 294 299 299 301 301 98 98 293 293 302 302 295 295 297 297 296 296 299 299 292 292 300 300 296 296 290 290 301 301 293 293 294 294 293 293 284 284 288 288 297 297 295 295 291 291 299 299 294 294 292 292 300 300 290 290 295 295 298 298 297 297 238 238 98 98 99 99 293 293 295 295 290 290 289 289 297 297 291 291 238 238 296 296 292 292 286 286 99 99 287 287 293 293 292 292 294 294 288 288 296 296 286 286 290 290 295 295 289 289 291 291 291 291 282 282 238 238 291 291 289 289 282 282 292 292 288 288 283 283 298 298 238 238 237 237 278 278 268 268 274 274 262 262 124 124 256 256 273 273 272 272 269 269 263 263 256 256 255 255 307 307 298 298 237 237 260 260 252 252 257 257 255 255 256 256 253 253 258 258 255 255 250 250 257 257 252 252 248 248 259 259 251 251 242 242 258 258 250 250 252 252 256 256 124 124 254 254 257 257 248 248 251 251 256 256 254 254 249 249 255 255 253 253 250 250 256 256 249 249 253 253 124 124 125 125 254 254 262 262 102 102 123 123 253 253 246 246 250 250 248 248 243 243 251 251 253 253 249 249 246 246 252 252 247 247 248 248 254 254 125 125 249 249 252 252 245 245 247 247 251 251 243 243 242 242 250 250 246 246 245 245 249 249 126 126 246 246 249 249 125 125 126 126 248 248 247 247 243 243 126 126 127 127 246 246 247 247 245 245 128 128 247 247 128 128 243 243 246 246 127 127 245 245 250 250 245 245 252 252 277 277 273 273 271 271 262 262 123 123 124 124 259 259 257 257 251 251 240 240 241 241 347 347 276 276 271 271 241 241 274 274 268 268 265 265 273 273 269 269 266 266 275 275 267 267 268 268 275 275 101 101 267 267 274 274 265 265 270 270 272 272 260 260 269 269 273 273 266 266 271 271 271 271 266 266 241 241 272 272 264 264 260 260 272 272 270 270 264 264 268 268 267 267 263 263 270 270 265 265 264 264 258 258 261 261 255 255 101 101 262 262 267 267 265 265 258 258 264 264 269 269 260 260 266 266 241 241 266 266 259 259 268 268 263 263 261 261 266 266 260 260 257 257 267 267 262 262 263 263 266 266 257 257 259 259 263 263 262 262 256 256 265 265 261 261 258 258 262 262 101 101 102 102 264 264 258 258 260 260 241 241 259 259 242 242 263 263 255 255 261 261 260 260 258 258 252 252 265 265 268 268 261 261 301 301 97 97 98 98 324 324 318 318 320 320 306 306 303 303 300 300 352 352 244 244 344 344 238 238 239 239 348 348 240 240 347 347 239 239 130 130 92 92 93 93 130 130 343 343 131 131 93 93 342 342 130 130 130 130 342 342 341 341 130 130 341 341 343 343 343 343 339 339 132 132 343 343 132 132 131 131 93 93 340 340 342 342 343 343 341 341 339 339 342 342 338 338 341 341 342 342 340 340 338 338 132 132 339 339 133 133 339 339 336 336 133 133 340 340 93 93 94 94 341 341 338 338 337 337 340 340 334 334 338 338 341 341 337 337 339 339 133 133 335 335 134 134 340 340 94 94 334 334 339 339 333 333 336 336 339 339 337 337 333 333 133 133 336 336 335 335 335 335 135 135 134 134 337 337 338 338 332 332 336 336 331 331 335 335 338 338 334 334 332 332 352 352 243 243 244 244 352 352 242 242 243 243 352 352 344 344 345 345 352 352 345 345 346 346 122 122 363 363 361 361 363 363 122 122 121 121 363 363 121 121 120 120 363 363 360 360 361 361 363 363 120 120 119 119 363 363 359 359 360 360 363 363 358 358 359 359 363 363 119 119 358 358 362 362 356 356 357 357 362 362 357 357 116 116 362 362 116 116 115 115 362 362 355 355 356 356 362 362 115 115 114 114 362 362 354 354 355 355 336 336 333 333 331 331 362 362 114 114 113 113 362 362 112 112 354 354 119 119 118 118 358 358 116 116 357 357 117 117 235 235 353 353 351 351 353 353 235 235 236 236 353 353 350 350 351 351 353 353 236 236 237 237 353 353 349 349 350 350 353 353 348 348 349 349 353 353 237 237 348 348 348 348 237 237 238 238 352 352 346 346 347 347 352 352 347 347 241 241 352 352 241 241 242 242 362 362 113 113 112 112 94 94 95 95 329 329 94 94 329 329 334 334 337 337 332 332 333 333 96 96 315 315 319 319 316 316 321 321 310 310 318 318 319 319 312 312 323 323 316 316 317 317 321 321 314 314 310 310 319 319 315 315 312 312 320 320 311 311 314 314 317 317 316 316 309 309 318 318 313 313 311 311 318 318 312 312 313 313 317 317 309 309 236 236 316 316 310 310 307 307 315 315 97 97 305 305 314 314 311 311 308 308 318 318 311 311 320 320 316 316 307 307 309 309 314 314 308 308 310 310 313 313 306 306 311 311 310 310 308 308 304 304 313 313 312 312 303 303 311 311 306 306 308 308 97 97 301 301 305 305 309 309 237 237 236 236 313 313 303 303 306 306 309 309 307 307 237 237 312 312 305 305 303 303 308 308 306 306 302 302 310 310 304 304 307 307 308 308 302 302 304 304 307 307 304 304 298 298 315 315 305 305 312 312 304 304 302 302 297 297 96 96 97 97 315 315 321 321 320 320 314 314 335 335 331 331 326 326 335 335 330 330 135 135 333 333 332 332 327 327 334 334 324 324 332 332 333 333 328 328 331 331 335 335 326 326 330 330 330 330 136 136 135 135 330 330 326 326 322 322 334 334 329 329 324 324 333 333 327 327 328 328 329 329 95 95 325 325 330 330 322 322 136 136 332 332 324 324 327 327 331 331 328 328 323 323 322 322 236 236 235 235 136 136 322 322 235 235 95 95 96 96 325 325 328 328 327 327 321 321 326 326 317 317 322 322 329 329 325 325 324 324 327 327 324 324 321 321 328 328 316 316 323 323 328 328 321 321 316 316 325 325 96 96 319 319 322 322 317 317 236 236 324 324 325 325 318 318 325 325 319 319 318 318 326 326 323 323 317 317 324 324 320 320 321 321 245 245 127 127 225 225 331 331 323 323 326 326 243 243 128 128 129 129 234 234 233 233 123 123 243 243 129 129 244 244 168 168 157 157 160 160 167 167 154 154 161 161 164 164 103 103 156 156 160 160 157 157 155 155 165 165 159 159 115 115 164 164 156 156 157 157 163 163 158 158 159 159 162 162 115 115 116 116 159 159 158 158 149 149 103 103 150 150 156 156 161 161 154 154 152 152 161 161 152 152 158 158 159 159 153 153 115 115 160 160 155 155 154 154 159 159 149 149 153 153 150 150 103 103 92 92 157 157 147 147 155 155 156 156 151 151 157 157 156 156 150 150 151 151 155 155 146 146 154 154 158 158 152 152 149 149 157 157 151 151 147 147 154 154 146 146 152 152 155 155 147 147 146 146 152 152 146 146 145 145 150 150 148 148 151 151 150 150 92 92 130 130 153 153 114 114 115 115 152 152 145 145 149 149 162 162 165 165 115 115 163 163 161 161 158 158 166 166 163 163 159 159 245 245 225 225 128 128 181 181 171 171 175 175 119 119 172 172 118 118 176 176 105 105 104 104 180 180 170 170 173 173 180 180 176 176 170 170 179 179 169 169 171 171 172 172 117 117 118 118 176 176 104 104 164 164 178 178 174 174 172 172 177 177 173 173 169 169 174 174 175 175 165 165 174 174 162 162 172 172 171 171 169 169 163 163 176 176 164 164 170 170 153 153 149 149 114 114 175 175 166 166 165 165 175 175 171 171 166 166 172 172 162 162 116 116 174 174 165 165 162 162 170 170 164 164 168 168 172 172 116 116 117 117 173 173 167 167 169 169 171 171 163 163 166 166 169 169 167 167 161 161 164 164 104 104 103 103 170 170 160 160 167 167 170 170 168 168 160 160 169 169 161 161 163 163 168 168 164 164 157 157 166 166 159 159 165 165 173 173 170 170 167 167 151 151 141 141 147 147 151 151 148 148 141 141 149 149 145 145 143 143 101 101 91 91 102 102 98 98 88 88 89 89 98 98 97 97 88 88 102 102 91 91 85 85 102 102 85 85 111 111 97 97 96 96 88 88 111 111 85 85 84 84 96 96 87 87 88 88 111 111 84 84 110 110 96 96 95 95 87 87 110 110 83 83 109 109 110 110 84 84 83 83 87 87 94 94 86 86 87 87 95 95 94 94 99 99 98 98 89 89 83 83 108 108 109 109 83 83 82 82 108 108 86 86 93 93 77 77 82 82 107 107 108 108 82 82 81 81 107 107 77 77 93 93 92 92 77 77 92 92 78 78 81 81 106 106 107 107 81 81 80 80 106 106 78 78 92 92 103 103 80 80 105 105 106 106 80 80 79 79 105 105 78 78 103 103 79 79 79 79 103 103 104 104 79 79 104 104 105 105 86 86 94 94 93 93 181 181 175 175 174 174 101 101 90 90 91 91 100 100 99 99 90 90 150 150 130 130 148 148 146 146 144 144 145 145 148 148 130 130 131 131 149 149 143 143 114 114 147 147 142 142 146 146 147 147 141 141 142 142 148 148 131 131 141 141 145 145 144 144 140 140 146 146 142 142 144 144 145 145 140 140 143 143 144 144 142 142 139 139 142 142 141 141 138 138 131 131 132 132 141 141 144 144 139 139 140 140 99 99 89 89 90 90 143 143 140 140 113 113 141 141 132 132 133 133 143 143 113 113 114 114 142 142 134 134 139 139 142 142 138 138 134 134 141 141 133 133 138 138 138 138 133 133 134 134 139 139 134 134 135 135 140 140 137 137 113 113 139 139 135 135 137 137 137 137 136 136 113 113 137 137 135 135 136 136 113 113 136 136 112 112 136 136 235 235 112 112 100 100 90 90 101 101 140 140 139 139 137 137 179 179 177 177 169 169 167 167 160 160 154 154 182 182 171 171 181 181 128 128 217 217 129 129 224 224 219 219 218 218 221 221 216 216 222 222 223 223 218 218 217 217 109 109 216 216 221 221 220 220 222 222 212 212 129 129 121 121 122 122 129 129 122 122 244 244 129 129 217 217 121 121 222 222 215 215 212 212 218 218 219 219 211 211 222 222 216 216 215 215 217 217 218 218 213 213 109 109 108 108 214 214 109 109 214 214 216 216 220 220 212 212 219 219 217 217 213 213 208 208 219 219 212 212 211 211 218 218 211 211 213 213 217 217 208 208 121 121 216 216 210 210 215 215 216 216 214 214 210 210 211 211 212 212 209 209 215 215 204 204 212 212 108 108 107 107 206 206 108 108 206 206 214 214 215 215 210 210 204 204 214 214 205 205 210 210 212 212 204 204 203 203 128 128 225 225 217 217 223 223 224 224 218 218 105 105 176 176 180 180 223 223 217 217 225 225 234 234 123 123 102 102 234 234 102 102 111 111 233 233 124 124 123 123 233 233 125 125 124 124 234 234 232 232 233 233 234 234 111 111 232 232 125 125 233 233 231 231 111 111 227 227 232 232 232 232 229 229 233 233 125 125 231 231 230 230 227 227 111 111 110 110 230 230 126 126 125 125 233 233 229 229 231 231 231 231 229 229 228 228 213 213 211 211 207 207 230 230 127 127 126 126 229 229 227 227 226 226 230 230 231 231 224 224 231 231 228 228 224 224 230 230 223 223 127 127 230 230 224 224 223 223 127 127 223 223 225 225 110 110 221 221 227 227 229 229 226 226 228 228 226 226 227 227 222 222 227 227 221 221 222 222 228 228 226 226 220 220 110 110 109 109 221 221 228 228 220 220 224 224 224 224 220 220 219 219 232 232 227 227 229 229 214 214 206 206 205 205 226 226 222 222 220 220 213 213 207 207 208 208 197 197 184 184 192 192 196 196 191 191 185 185 106 106 187 187 184 184 193 193 119 119 120 120 193 193 185 185 119 119 187 187 106 106 105 105 194 194 183 183 191 191 194 194 189 189 183 183 192 192 184 184 186 186 192 192 186 186 190 190 191 191 178 178 185 185 190 190 182 182 188 188 191 191 183 183 178 178 187 187 105 105 180 180 190 190 186 186 182 182 186 186 184 184 179 179 189 189 181 181 183 183 189 189 188 188 181 181 188 188 182 182 181 181 187 187 180 180 184 184 186 186 179 179 182 182 185 185 178 178 172 172 183 183 181 181 174 174 185 185 172 172 119 119 184 184 177 177 179 179 184 184 180 180 177 177 182 182 179 179 171 171 211 211 209 209 202 202 180 180 173 173 177 177 195 195 185 185 193 193 196 196 185 185 195 195 183 183 174 174 178 178 196 196 194 194 191 191 212 212 203 203 209 209 211 211 202 202 207 207 208 208 120 120 121 121 210 210 205 205 201 201 206 206 107 107 197 197 210 210 201 201 204 204 209 209 203 203 202 202 208 208 207 207 193 193 201 201 205 205 198 198 205 205 206 206 200 200 204 204 199 199 203 203 202 202 203 203 195 195 208 208 193 193 120 120 207 207 202 202 193 193 206 206 197 197 200 200 205 205 200 200 198 198 203 203 199 199 196 196 197 197 106 106 184 184 198 198 188 188 194 194 198 198 190 190 188 188 197 197 192 192 190 190 204 204 201 201 199 199 200 200 190 190 198 198 201 201 198 198 194 194 199 199 194 194 196 196 200 200 197 197 190 190 202 202 195 195 193 193 203 203 196 196 195 195 201 201 194 194 199 199 197 197 107 107 106 106 194 194 188 188 189 189 366 366 365 365 364 364 367 367 365 365 366 366 377 377 378 378 373 373 375 375 371 371 368 368 378 378 374 374 373 373 378 378 379 379 374 374 376 376 371 371 375 375 376 376 372 372 371 371 376 376 377 377 372 372 377 377 373 373 372 372 379 379 369 369 374 374 370 370 369 369 379 379 401 401 382 382 402 402 402 402 381 381 380 380 402 402 382 382 381 381 388 388 386 386 385 385 388 388 385 385 384 384 393 393 392 392 394 394 397 397 396 396 399 399 392 392 391 391 394 394 397 397 399 399 398 398 396 396 395 395 400 400 396 396 400 400 399 399 395 395 383 383 400 400 395 395 389 389 383 383 400 400 383 383 401 401 389 389 384 384 383 383 401 401 383 383 382 382 395 395 390 390 389 389 389 389 388 388 384 384 394 394 391 391 390 390 388 388 387 387 386 386 394 394 390 390 395 395 409 409 410 410 404 404 412 412 407 407 406 406 410 410 411 411 405 405 411 411 406 406 405 405 411 411 412 412 406 406 409 409 403 403 408 408 409 409 404 404 403 403 410 410 405 405 404 404 413 413 407 407 412 412 416 416 414 414 415 415 417 417 414 414 416 416 429 429 418 418 428 428 428 428 418 418 423 423 425 425 421 421 420 420 424 424 420 420 419 419 425 425 420 420 424 424 427 427 428 428 423 423 427 427 423 423 422 422 426 426 427 427 422 422 426 426 422 422 421 421 425 425 426 426 421 421 433 433 430 430 431 431 433 433 431 431 432 432 443 443 438 438 442 442 440 440 436 436 435 435 440 440 441 441 436 436 441 441 442 442 436 436 442 442 437 437 436 436 440 440 434 434 439 439 440 440 435 435 434 434 442 442 438 438 437 437 448 448 444 444 447 447 448 448 445 445 444 444 447 447 444 444 446 446 458 458 452 452 451 451 458 458 453 453 452 452 458 458 450 450 449 449 458 458 454 454 453 453 458 458 455 455 454 454 458 458 451 451 450 450 458 458 457 457 456 456 458 458 456 456 455 455 458 458 449 449 459 459 489 489 460 460 461 461 488 488 489 489 461 461 487 487 488 488 461 461 486 486 487 487 462 462 486 486 462 462 463 463 485 485 486 486 463 463 482 482 464 464 465 465 484 484 463 463 464 464 483 483 484 484 464 464 482 482 483 483 464 464 489 489 490 490 460 460 465 465 480 480 481 481 465 465 481 481 482 482 484 484 485 485 463 463 490 490 491 491 460 460 487 487 461 461 462 462 470 470 460 460 471 471 491 491 471 471 460 460 479 479 480 480 465 465 479 479 465 465 466 466 478 478 479 479 466 466 477 477 478 478 466 466 476 476 477 477 467 467 475 475 476 476 467 467 477 477 466 466 467 467 474 474 475 475 468 468 474 474 468 468 469 469 473 473 474 474 469 469 472 472 473 473 469 469 472 472 469 469 470 470 471 471 472 472 470 470 475 475 467 467 468 468 496 496 526 526 525 525 493 493 492 492 528 528 493 493 528 528 527 527 494 494 493 493 527 527 494 494 527 527 526 526 495 495 494 494 526 526 496 496 495 495 526 526 497 497 525 525 524 524 501 501 522 522 513 513 498 498 497 497 524 524 498 498 524 524 523 523 499 499 498 498 523 523 500 500 499 499 523 523 500 500 523 523 522 522 501 501 500 500 522 522 492 492 521 521 528 528 497 497 496 496 525 525 492 492 512 512 521 521 506 506 505 505 515 515 512 512 511 511 520 520 512 512 520 520 521 521 503 503 502 502 513 513 503 503 513 513 514 514 504 504 503 503 514 514 504 504 514 514 515 515 505 505 504 504 515 515 506 506 515 515 516 516 507 507 506 506 516 516 502 502 501 501 513 513 508 508 507 507 516 516 508 508 517 517 518 518 509 509 508 508 518 518 510 510 509 509 518 518 510 510 518 518 519 519 511 511 510 510 519 519 511 511 519 519 520 520 508 508 516 516 517 517 565 565 536 536 535 535 565 565 535 535 564 564 550 550 540 540 541 541 550 550 549 549 540 540 565 565 537 537 536 536 556 556 537 537 565 565 551 551 550 550 541 541 551 551 541 541 542 542 554 554 543 543 544 544 555 555 544 544 537 537 552 552 551 551 542 542 554 554 544 544 555 555 552 552 542 542 543 543 553 553 552 552 543 543 553 553 543 543 554 554 549 549 548 548 540 540 555 555 537 537 556 556 548 548 539 539 540 540 529 529 546 546 545 545 539 539 548 548 547 547 564 564 535 535 534 534 530 530 559 559 531 531 530 530 558 558 559 559 529 529 558 558 530 530 532 532 560 560 561 561 532 532 531 531 560 560 529 529 557 557 558 558 529 529 545 545 557 557 531 531 559 559 560 560 533 533 532 532 562 562 538 538 546 546 529 529 533 533 562 562 563 563 538 538 547 547 546 546 534 534 533 533 563 563 539 539 547 547 538 538 532 532 561 561 562 562 534 534 563 563 564 564 572 572 573 573 767 767 760 760 759 759 753 753 766 766 764 764 754 754 767 767 759 759 760 760 768 768 760 760 761 761 769 769 764 764 766 766 770 770 766 766 762 762 770 770 762 762 763 763 767 767 760 760 768 768 771 771 761 761 765 765 761 761 755 755 765 765 573 573 759 759 767 767 766 766 754 754 762 762 764 764 758 758 754 754 765 765 758 758 764 764 759 759 574 574 756 756 709 709 763 763 711 711 763 763 762 762 711 711 765 765 755 755 758 758 761 761 760 760 757 757 772 772 764 764 769 769 762 762 754 754 711 711 761 761 757 757 755 755 754 754 758 758 751 751 760 760 753 753 757 757 759 759 752 752 753 753 759 759 756 756 752 752 573 573 574 574 759 759 772 772 765 765 764 764 773 773 768 768 771 771 773 773 767 767 768 768 709 709 711 711 710 710 785 785 783 783 776 776 782 782 775 775 784 784 783 783 781 781 774 774 784 784 777 777 781 781 780 780 708 708 707 707 784 784 775 775 777 777 783 783 774 774 776 776 782 782 778 778 775 775 571 571 773 773 779 779 780 780 776 776 708 708 781 781 777 777 774 774 778 778 772 772 775 775 771 771 768 768 761 761 774 774 777 777 770 770 779 779 771 771 778 778 779 779 773 773 771 771 778 778 771 771 772 772 777 777 775 775 766 766 776 776 774 774 709 709 775 775 772 772 769 769 777 777 766 766 770 770 773 773 572 572 767 767 772 772 771 771 765 765 776 776 709 709 708 708 775 775 769 769 766 766 774 774 763 763 709 709 774 774 770 770 763 763 773 773 571 571 572 572 574 574 575 575 756 756 731 731 734 734 598 598 757 757 750 750 755 755 743 743 735 735 742 742 745 745 736 736 713 713 742 742 735 735 736 736 743 743 737 737 735 735 741 741 738 738 737 737 738 738 740 740 730 730 737 737 738 738 732 732 734 734 731 731 739 739 734 734 576 576 577 577 740 740 739 739 733 733 736 736 714 714 713 713 740 740 733 733 730 730 739 739 731 731 733 733 736 736 735 735 727 727 738 738 730 730 732 732 737 737 729 729 735 735 733 733 728 728 730 730 737 737 732 732 729 729 736 736 727 727 714 714 733 733 731 731 726 726 735 735 729 729 723 723 735 735 723 723 727 727 787 787 778 778 782 782 734 734 577 577 598 598 732 732 725 725 729 729 733 733 726 726 728 728 732 732 730 730 725 725 744 744 740 740 738 738 576 576 734 734 739 739 746 746 741 741 737 737 746 746 737 737 743 743 757 757 753 753 750 750 758 758 749 749 751 751 751 751 745 745 754 754 756 756 575 575 744 744 711 711 754 754 712 712 755 755 750 750 749 749 756 756 744 744 752 752 753 753 746 746 750 750 753 753 752 752 748 748 754 754 745 745 712 712 575 575 747 747 744 744 712 712 821 821 711 711 753 753 748 748 746 746 758 758 755 755 749 749 751 751 749 749 742 742 752 752 744 744 748 748 751 751 742 742 745 745 748 748 741 741 746 746 747 747 575 575 576 576 750 750 746 746 743 743 747 747 740 740 744 744 749 749 743 743 742 742 748 748 744 744 741 741 747 747 739 739 740 740 747 747 576 576 739 739 712 712 745 745 713 713 744 744 738 738 741 741 745 745 742 742 736 736 749 749 750 750 743 743 788 788 779 779 778 778 809 809 804 804 807 807 786 786 784 784 781 781 827 827 818 818 819 819 827 827 715 715 716 716 827 827 716 716 818 818 706 706 707 707 826 826 709 709 710 710 822 822 711 711 821 821 710 710 712 712 713 713 821 821 566 566 817 817 601 601 817 817 566 566 567 567 817 817 815 815 601 601 817 817 567 567 813 813 816 816 602 602 601 601 817 817 813 813 815 815 816 816 814 814 602 602 601 601 812 812 816 816 601 601 815 815 812 812 814 814 603 603 602 602 813 813 567 567 568 568 816 816 812 812 814 814 814 814 811 811 604 604 814 814 604 604 603 603 568 568 809 809 813 813 815 815 807 807 812 812 815 815 813 813 809 809 814 814 812 812 810 810 815 815 809 809 807 807 814 814 810 810 811 811 827 827 714 714 715 715 827 827 819 819 820 820 827 827 713 713 714 714 827 827 821 821 713 713 596 596 838 838 836 836 838 838 596 596 595 595 838 838 595 595 594 594 838 838 835 835 836 836 838 838 594 594 593 593 838 838 834 834 835 835 838 838 833 833 834 834 838 838 593 593 833 833 833 833 593 593 643 643 837 837 831 831 832 832 837 837 832 832 590 590 837 837 590 590 589 589 837 837 830 830 831 831 568 568 803 803 809 809 837 837 829 829 830 830 837 837 588 588 587 587 837 837 587 587 829 829 643 643 592 592 833 833 590 590 832 832 591 591 826 826 828 828 825 825 828 828 826 826 707 707 828 828 824 824 825 825 828 828 707 707 708 708 828 828 823 823 824 824 828 828 822 822 823 823 828 828 708 708 822 822 822 822 708 708 709 709 827 827 820 820 821 821 837 837 589 589 588 588 785 785 776 776 780 780 812 812 807 807 806 806 811 811 808 808 604 604 798 798 706 706 800 800 798 798 790 790 707 707 799 799 794 794 790 790 797 797 791 791 792 792 570 570 788 788 795 795 798 798 707 707 706 706 797 797 793 793 791 791 796 796 785 785 794 794 796 796 792 792 785 785 793 793 795 795 787 787 792 792 791 791 786 786 793 793 789 789 791 791 793 793 787 787 789 789 792 792 786 786 783 783 795 795 788 788 787 787 794 794 785 785 790 790 792 792 783 783 785 785 791 791 789 789 786 786 790 790 785 785 780 780 789 789 784 784 786 786 570 570 779 779 788 788 789 789 787 787 782 782 790 790 780 780 707 707 786 786 781 781 783 783 788 788 778 778 787 787 789 789 782 782 784 784 779 779 570 570 571 571 569 569 570 570 795 795 801 801 797 797 792 792 801 801 792 792 796 796 802 802 793 793 797 797 812 812 806 806 810 810 808 808 605 605 604 604 811 811 810 810 805 805 803 803 568 568 569 569 731 731 598 598 726 726 803 803 569 569 802 802 810 810 799 799 805 805 810 810 806 806 799 799 808 808 800 800 605 605 809 809 803 803 804 804 805 805 798 798 808 808 806 806 807 807 801 801 807 807 804 804 801 801 811 811 805 805 808 808 800 800 606 606 605 605 806 806 801 801 796 796 804 804 803 803 797 797 802 802 569 569 795 795 800 800 706 706 606 606 806 806 796 796 799 799 805 805 799 799 798 798 802 802 795 795 793 793 606 606 826 826 587 587 606 606 706 706 826 826 804 804 797 797 801 801 799 799 796 796 794 794 803 803 802 802 797 797 798 798 799 799 790 790 808 808 798 798 800 800 730 730 728 728 724 724 577 577 586 586 705 705 730 730 724 724 725 725 580 580 641 641 648 648 647 647 636 636 642 642 648 648 639 639 646 646 647 647 640 640 636 636 648 648 641 641 639 639 643 643 591 591 592 592 646 646 634 634 644 644 645 645 644 644 638 638 646 646 639 639 634 634 645 645 638 638 640 640 644 644 637 637 638 638 644 644 634 634 637 637 641 641 580 580 633 633 643 643 642 642 590 590 642 642 636 636 590 590 639 639 641 641 632 632 641 641 633 633 632 632 643 643 590 590 591 591 640 640 638 638 635 635 640 640 635 635 636 636 637 637 634 634 631 631 633 633 580 580 579 579 639 639 629 629 634 634 639 639 632 632 629 629 635 635 638 638 630 630 638 638 637 637 631 631 636 636 635 635 630 630 649 649 645 645 640 640 649 649 640 640 647 647 652 652 648 648 646 646 650 650 647 647 642 642 661 661 663 663 654 654 664 664 655 655 659 659 661 661 654 654 655 655 662 662 660 660 651 651 663 663 658 658 654 654 582 582 652 652 660 660 582 582 581 581 652 652 662 662 651 651 658 658 660 660 653 653 651 651 655 655 650 650 659 659 660 660 652 652 653 653 658 658 649 649 654 654 657 657 643 643 593 593 634 634 628 628 631 631 659 659 650 650 656 656 652 652 646 646 653 653 658 658 651 651 649 649 656 656 650 650 643 643 655 655 654 654 647 647 653 653 644 644 651 651 651 651 645 645 649 649 655 655 647 647 650 650 581 581 648 648 652 652 654 654 649 649 647 647 653 653 646 646 644 644 651 651 644 644 645 645 648 648 581 581 580 580 728 728 726 726 721 721 656 656 643 643 657 657 665 665 661 661 655 655 638 638 631 631 630 630 633 633 625 625 632 632 620 620 602 602 616 616 614 614 612 612 617 617 619 619 611 611 615 615 619 619 617 617 609 609 618 618 566 566 601 601 615 615 588 588 589 589 615 615 611 611 588 588 619 619 609 609 611 611 618 618 601 601 602 602 616 616 603 603 613 613 616 616 602 602 603 603 617 617 612 612 609 609 614 614 613 613 612 612 613 613 610 610 612 612 613 613 603 603 610 610 612 612 608 608 609 609 611 611 607 607 588 588 612 612 610 610 608 608 611 611 609 609 607 607 610 610 603 603 604 604 610 610 604 604 608 608 609 609 608 608 607 607 607 607 606 606 588 588 608 608 605 605 607 607 608 608 604 604 605 605 607 607 605 605 606 606 606 606 587 587 588 588 623 623 615 615 589 589 621 621 613 613 614 614 622 622 614 614 617 617 621 621 616 616 613 613 634 634 629 629 628 628 590 590 630 630 623 623 631 631 628 628 626 626 633 633 579 579 625 625 631 631 624 624 630 630 579 579 620 620 625 625 632 632 625 625 629 629 629 629 627 627 628 628 631 631 626 626 624 624 579 579 578 578 620 620 629 629 625 625 627 627 630 630 624 624 623 623 628 628 627 627 622 622 636 636 630 630 590 590 590 590 623 623 589 589 625 625 621 621 627 627 628 628 622 622 626 626 578 578 618 618 620 620 624 624 615 615 623 623 624 624 619 619 615 615 627 627 614 614 622 622 627 627 621 621 614 614 626 626 617 617 619 619 626 626 622 622 617 617 625 625 616 616 621 621 625 625 620 620 616 616 618 618 578 578 566 566 620 620 618 618 602 602 626 626 619 619 624 624 666 666 662 662 658 658 650 650 642 642 643 643 667 667 660 660 662 662 598 598 703 703 701 701 704 704 702 702 700 700 599 599 701 701 699 699 704 704 700 700 703 703 701 701 703 703 698 698 599 599 699 699 600 600 600 600 699 699 693 693 702 702 585 585 697 697 703 703 700 700 698 698 702 702 697 697 700 700 701 701 698 698 699 699 600 600 693 693 695 695 699 699 694 694 693 693 585 585 690 690 697 697 700 700 696 696 698 698 700 700 697 697 696 696 699 699 698 698 694 694 697 697 690 690 691 691 697 697 691 691 696 696 698 698 696 696 694 694 694 694 696 696 689 689 695 695 693 693 683 683 690 690 585 585 584 584 690 690 584 584 686 686 696 696 691 691 688 688 694 694 687 687 693 693 694 694 689 689 687 687 598 598 701 701 599 599 666 666 658 658 663 663 586 586 585 585 702 702 705 705 703 703 598 598 729 729 725 725 723 723 725 725 724 724 722 722 727 727 715 715 714 714 726 726 598 598 599 599 728 728 721 721 724 724 725 725 720 720 723 723 727 727 723 723 715 715 726 726 599 599 721 721 725 725 722 722 720 720 724 724 719 719 722 722 724 724 721 721 719 719 721 721 599 599 600 600 722 722 718 718 720 720 695 695 683 683 692 692 722 722 719 719 718 718 723 723 720 720 717 717 721 721 600 600 719 719 719 719 600 600 695 695 717 717 716 716 715 715 720 720 718 718 717 717 719 719 695 695 718 718 718 718 695 695 692 692 718 718 692 692 717 717 717 717 692 692 597 597 717 717 597 597 716 716 705 705 598 598 577 577 586 586 704 704 705 705 705 705 704 704 703 703 723 723 717 717 715 715 696 696 688 688 689 689 586 586 702 702 704 704 690 690 684 684 691 691 676 676 674 674 670 670 679 679 673 673 672 672 677 677 672 672 668 668 678 678 671 671 594 594 677 677 668 668 674 674 676 676 670 670 669 669 675 675 669 669 671 671 671 671 669 669 657 657 673 673 666 666 672 672 674 674 668 668 670 670 670 670 668 668 665 665 673 673 667 667 666 666 594 594 671 671 593 593 672 672 663 663 668 668 670 670 664 664 669 669 672 672 666 666 663 663 668 668 663 663 661 661 667 667 583 583 582 582 671 671 657 657 593 593 670 670 665 665 664 664 669 669 659 659 657 657 667 667 662 662 666 666 669 669 664 664 659 659 668 668 661 661 665 665 692 692 683 683 595 595 664 664 665 665 655 655 659 659 656 656 657 657 673 673 583 583 667 667 680 680 669 669 675 675 667 667 582 582 660 660 680 680 676 676 669 669 693 693 687 687 683 683 688 688 691 691 685 685 689 689 682 682 687 687 688 688 680 680 689 689 692 692 595 595 597 597 691 691 681 681 685 685 691 691 684 684 681 681 690 690 686 686 684 684 688 688 685 685 680 680 689 689 680 680 682 682 595 595 596 596 597 597 686 686 679 679 684 684 686 686 584 584 679 679 595 595 683 683 594 594 687 687 678 678 683 683 687 687 682 682 678 678 684 684 679 679 677 677 675 675 671 671 678 678 673 673 584 584 583 583 681 681 674 674 676 676 681 681 677 677 674 674 685 685 681 681 676 676 683 683 678 678 594 594 684 684 677 677 681 681 584 584 673 673 679 679 678 678 682 682 675 675 685 685 676 676 680 680 682 682 680 680 675 675 677 677 679 679 672 672 843 843 840 840 839 839 842 842 841 841 840 840 842 842 840 840 843 843 853 853 849 849 848 848 851 851 847 847 844 844 853 853 854 854 849 849 854 854 850 850 849 849 852 852 847 847 851 851 852 852 848 848 847 847 852 852 853 853 848 848 854 854 845 845 850 850 846 846 845 845 854 854 863 863 862 862 859 859 857 857 855 855 856 856 874 874 857 857 856 856 862 862 861 861 860 860 866 866 865 865 867 867 870 870 869 869 872 872 865 865 864 864 867 867 868 868 873 873 872 872 869 869 868 868 872 872 868 868 858 858 873 873 868 868 863 863 858 858 873 873 858 858 857 857 862 862 860 860 859 859 863 863 859 859 858 858 873 873 857 857 874 874 870 870 872 872 871 871 868 868 864 864 863 863 867 867 864 864 868 868 881 881 877 877 876 876 883 883 879 879 878 878 882 882 883 883 878 878 882 882 878 878 877 877 881 881 875 875 880 880 881 881 876 876 875 875 881 881 882 882 877 877 884 884 879 879 883 883 887 887 885 885 886 886 888 888 885 885 887 887 899 899 894 894 898 898 898 898 894 894 893 893 896 896 890 890 895 895 895 895 890 890 889 889 896 896 891 891 890 890 898 898 893 893 892 892 897 897 898 898 892 892 897 897 892 892 891 891 896 896 897 897 891 891 902 902 900 900 901 901 903 903 900 900 902 902 912 912 908 908 907 907 910 910 911 911 906 906 911 911 912 912 907 907 911 911 907 907 906 906 910 910 904 904 909 909 910 910 905 905 904 904 910 910 906 906 905 905 913 913 908 908 912 912 917 917 914 914 916 916 918 918 914 914 917 917 918 918 915 915 914 914 930 930 920 920 919 919 929 929 923 923 922 922 929 929 924 924 923 923 929 929 921 921 920 920 929 929 925 925 924 924 929 929 926 926 925 925 929 929 922 922 921 921 929 929 927 927 926 926 929 929 928 928 927 927 929 929 920 920 930 930 961 961 962 962 932 932 960 960 961 961 933 933 960 960 933 933 934 934 959 959 960 960 934 934 958 958 959 959 934 934 958 958 934 934 935 935 954 954 936 936 937 937 956 956 957 957 935 935 956 956 935 935 936 936 955 955 956 956 936 936 962 962 931 931 932 932 954 954 955 955 936 936 937 937 953 953 954 954 957 957 958 958 935 935 931 931 962 962 943 943 961 961 932 932 933 933 944 944 931 931 943 943 944 944 942 942 931 931 952 952 953 953 937 937 952 952 937 937 938 938 938 938 951 951 952 952 951 951 938 938 939 939 949 949 950 950 939 939 949 949 939 939 940 940 950 950 951 951 939 939 947 947 948 948 940 940 947 947 940 940 941 941 946 946 947 947 941 941 945 945 946 946 941 941 945 945 941 941 942 942 944 944 945 945 942 942 948 948 949 949 940 940 968 968 967 967 994 994 965 965 997 997 996 996 966 966 965 965 996 996 966 966 996 996 995 995 967 967 966 966 995 995 967 967 995 995 994 994 968 968 994 994 993 993 973 973 991 991 983 983 969 969 993 993 992 992 970 970 969 969 992 992 971 971 970 970 992 992 971 971 992 992 991 991 972 972 971 971 991 991 973 973 972 972 991 991 965 965 964 964 997 997 969 969 968 968 993 993 964 964 963 963 997 997 976 976 985 985 986 986 963 963 982 982 990 990 963 963 990 990 997 997 974 974 973 973 983 983 974 974 983 983 984 984 975 975 974 974 984 984 975 975 984 984 985 985 977 977 976 976 986 986 977 977 986 986 987 987 976 976 975 975 985 985 979 979 987 987 988 988 979 979 978 978 987 987 980 980 979 979 988 988 980 980 988 988 989 989 981 981 980 980 989 989 982 982 981 981 989 989 982 982 989 989 990 990 978 978 977 977 987 987 1016 1016 1015 1015 1008 1008 1023 1023 1012 1012 1005 1005 1031 1031 1005 1005 1004 1004 1032 1032 1005 1005 1031 1031 1017 1017 1008 1008 1009 1009 1017 1017 1016 1016 1008 1008 1023 1023 1005 1005 1032 1032 1018 1018 1017 1017 1009 1009 1020 1020 1011 1011 1021 1021 1022 1022 1012 1012 1023 1023 1019 1019 1018 1018 1010 1010 1021 1021 1011 1011 1012 1012 1021 1021 1012 1012 1022 1022 1019 1019 1010 1010 1011 1011 1020 1020 1019 1019 1011 1011 1015 1015 1007 1007 1008 1008 1018 1018 1009 1009 1010 1010 1031 1031 1004 1004 1030 1030 1006 1006 1013 1013 998 998 1004 1004 1029 1029 1030 1030 1015 1015 1033 1033 1007 1007 1000 1000 1024 1024 1025 1025 999 999 1024 1024 1000 1000 1001 1001 1025 1025 1026 1026 1002 1002 1026 1026 1027 1027 1002 1002 1001 1001 1026 1026 998 998 1024 1024 999 999 998 998 1013 1013 1024 1024 1001 1001 1000 1000 1025 1025 1006 1006 1014 1014 1013 1013 1003 1003 1002 1002 1028 1028 1003 1003 1028 1028 1029 1029 1007 1007 1014 1014 1006 1006 1033 1033 1014 1014 1007 1007 1002 1002 1027 1027 1028 1028 1004 1004 1003 1003 1029 1029 1238 1238 1235 1235 1231 1231 1235 1235 1224 1224 1229 1229 1234 1234 1228 1228 1233 1233 1237 1237 1181 1181 1179 1179 1040 1040 1041 1041 1230 1230 1236 1236 1225 1225 1232 1232 1235 1235 1229 1229 1231 1231 1235 1235 1230 1230 1224 1224 1236 1236 1233 1233 1225 1225 1232 1232 1181 1181 1237 1237 1230 1230 1041 1041 1227 1227 1231 1231 1226 1226 1234 1234 1234 1234 1226 1226 1228 1228 1179 1179 1181 1181 1180 1180 1232 1232 1225 1225 1181 1181 1231 1231 1229 1229 1221 1221 1231 1231 1221 1221 1226 1226 1225 1225 1228 1228 1223 1223 1230 1230 1222 1222 1224 1224 1230 1230 1227 1227 1222 1222 1040 1040 1230 1230 1235 1235 1041 1041 1042 1042 1227 1227 1229 1229 1224 1224 1221 1221 1228 1228 1226 1226 1220 1220 1227 1227 1219 1219 1222 1222 1228 1228 1220 1220 1223 1223 1223 1223 1218 1218 1225 1225 1233 1233 1228 1228 1225 1225 1239 1239 1231 1231 1234 1234 1178 1178 1237 1237 1179 1179 1240 1240 1236 1236 1232 1232 1227 1227 1042 1042 1219 1219 1253 1253 1244 1244 1245 1245 1252 1252 1247 1247 1244 1244 1251 1251 1246 1246 1178 1178 1246 1246 1250 1250 1243 1243 1250 1250 1249 1249 1243 1243 1038 1038 1242 1242 1248 1248 1247 1247 1241 1241 1244 1244 1249 1249 1245 1245 1240 1240 1242 1242 1038 1038 1039 1039 1248 1248 1239 1239 1247 1247 1249 1249 1240 1240 1243 1243 1248 1248 1242 1242 1239 1239 1039 1039 1040 1040 1235 1235 1247 1247 1239 1239 1241 1241 1246 1246 1243 1243 1237 1237 1246 1246 1237 1237 1178 1178 1244 1244 1241 1241 1236 1236 1242 1242 1238 1238 1239 1239 1240 1240 1232 1232 1243 1243 1242 1242 1039 1039 1235 1235 1241 1241 1239 1239 1234 1234 1244 1244 1236 1236 1240 1240 1243 1243 1232 1232 1237 1237 1242 1242 1235 1235 1238 1238 1239 1239 1238 1238 1231 1231 1241 1241 1234 1234 1233 1233 1241 1241 1233 1233 1236 1236 1245 1245 1244 1244 1240 1240 1181 1181 1225 1225 1182 1182 1201 1201 1192 1192 1198 1198 1224 1224 1217 1217 1221 1221 1210 1210 1206 1206 1204 1204 1209 1209 1208 1208 1203 1203 1210 1210 1207 1207 1206 1206 1211 1211 1200 1200 1205 1205 1208 1208 1201 1201 1203 1203 1209 1209 1203 1203 1199 1199 1207 1207 1197 1197 1206 1206 1208 1208 1202 1202 1196 1196 1206 1206 1195 1195 1204 1204 1207 1207 1199 1199 1197 1197 1208 1208 1196 1196 1201 1201 1203 1203 1201 1201 1198 1198 1206 1206 1197 1197 1195 1195 1044 1044 1064 1064 1202 1202 1205 1205 1200 1200 1183 1183 1204 1204 1195 1195 1194 1194 1204 1204 1194 1194 1200 1200 1203 1203 1198 1198 1199 1199 1200 1200 1191 1191 1183 1183 1201 1201 1196 1196 1192 1192 1202 1202 1064 1064 1196 1196 1253 1253 1245 1245 1249 1249 1200 1200 1194 1194 1191 1191 1199 1199 1193 1193 1197 1197 1199 1199 1198 1198 1193 1193 1196 1196 1064 1064 1065 1065 1197 1197 1193 1193 1190 1190 1212 1212 1199 1199 1207 1207 1211 1211 1204 1204 1200 1200 1214 1214 1207 1207 1210 1210 1215 1215 1208 1208 1209 1209 1225 1225 1218 1218 1182 1182 1222 1222 1219 1219 1212 1212 1042 1042 1213 1213 1219 1219 1182 1182 1291 1291 1181 1181 1224 1224 1222 1222 1217 1217 1223 1223 1220 1220 1211 1211 1219 1219 1213 1213 1215 1215 1222 1222 1212 1212 1214 1214 1220 1220 1221 1221 1216 1216 1223 1223 1211 1211 1218 1218 1222 1222 1214 1214 1217 1217 1213 1213 1042 1042 1043 1043 1221 1221 1217 1217 1216 1216 1226 1226 1221 1221 1220 1220 1220 1220 1216 1216 1211 1211 1218 1218 1205 1205 1182 1182 1217 1217 1210 1210 1216 1216 1218 1218 1211 1211 1205 1205 1215 1215 1209 1209 1212 1212 1217 1217 1214 1214 1210 1210 1043 1043 1202 1202 1213 1213 1213 1213 1208 1208 1215 1215 1214 1214 1212 1212 1207 1207 1216 1216 1210 1210 1204 1204 1216 1216 1204 1204 1211 1211 1213 1213 1202 1202 1208 1208 1212 1212 1209 1209 1199 1199 1202 1202 1043 1043 1044 1044 1219 1219 1215 1215 1212 1212 1252 1252 1244 1244 1253 1253 1278 1278 1273 1273 1275 1275 1256 1256 1249 1249 1250 1250 1296 1296 1288 1288 1289 1289 1296 1296 1184 1184 1185 1185 1296 1296 1185 1185 1288 1288 1179 1179 1180 1180 1292 1292 1181 1181 1291 1291 1180 1180 1034 1034 1286 1286 1069 1069 1069 1069 1286 1286 1287 1287 1286 1286 1034 1034 1035 1035 1287 1287 1070 1070 1069 1069 1286 1286 1284 1284 1287 1287 1070 1070 1287 1287 1285 1285 1035 1035 1283 1283 1286 1286 1287 1287 1282 1282 1285 1285 1287 1287 1284 1284 1282 1282 1286 1286 1283 1283 1284 1284 1285 1285 1071 1071 1070 1070 1071 1071 1285 1285 1279 1279 1285 1285 1282 1282 1280 1280 1283 1283 1035 1035 1281 1281 1284 1284 1277 1277 1282 1282 1279 1279 1072 1072 1071 1071 1284 1284 1283 1283 1278 1278 1285 1285 1280 1280 1279 1279 1284 1284 1278 1278 1277 1277 1283 1283 1281 1281 1278 1278 1282 1282 1277 1277 1280 1280 1281 1281 1035 1035 1276 1276 1296 1296 1183 1183 1184 1184 1296 1296 1289 1289 1290 1290 1296 1296 1205 1205 1183 1183 1296 1296 1182 1182 1205 1205 1062 1062 1307 1307 1305 1305 1307 1307 1062 1062 1144 1144 1307 1307 1144 1144 1061 1061 1307 1307 1304 1304 1305 1305 1307 1307 1303 1303 1304 1304 1307 1307 1061 1061 1060 1060 1307 1307 1302 1302 1303 1303 1307 1307 1060 1060 1302 1302 1306 1306 1300 1300 1301 1301 1306 1306 1301 1301 1057 1057 1306 1306 1057 1057 1056 1056 1306 1306 1299 1299 1300 1300 1306 1306 1056 1056 1055 1055 1280 1280 1272 1272 1279 1279 1306 1306 1298 1298 1299 1299 1306 1306 1054 1054 1298 1298 1060 1060 1059 1059 1302 1302 1057 1057 1301 1301 1058 1058 1176 1176 1297 1297 1295 1295 1297 1297 1176 1176 1177 1177 1297 1297 1177 1177 1178 1178 1297 1297 1294 1294 1295 1295 1297 1297 1178 1178 1179 1179 1297 1297 1293 1293 1294 1294 1297 1297 1292 1292 1293 1293 1297 1297 1179 1179 1292 1292 1296 1296 1290 1290 1291 1291 1296 1296 1291 1291 1182 1182 1306 1306 1055 1055 1054 1054 1281 1281 1273 1273 1278 1278 1072 1072 1279 1279 1271 1271 1281 1281 1276 1276 1273 1273 1266 1266 1263 1263 1256 1256 1264 1264 1265 1265 1255 1255 1262 1262 1261 1261 1259 1259 1267 1267 1257 1257 1261 1261 1264 1264 1260 1260 1263 1263 1266 1266 1256 1256 1257 1257 1264 1264 1255 1255 1260 1260 1265 1265 1258 1258 1255 1255 1262 1262 1177 1177 1176 1176 1263 1263 1254 1254 1256 1256 1263 1263 1260 1260 1254 1254 1262 1262 1259 1259 1177 1177 1259 1259 1261 1261 1251 1251 1267 1267 1266 1266 1257 1257 1261 1261 1257 1257 1246 1246 1037 1037 1248 1248 1258 1258 1260 1260 1255 1255 1252 1252 1256 1256 1250 1250 1257 1257 1254 1254 1249 1249 1256 1256 1261 1261 1246 1246 1251 1251 1258 1258 1247 1247 1255 1255 1260 1260 1252 1252 1253 1253 1248 1248 1037 1037 1038 1038 1259 1259 1178 1178 1177 1177 1259 1259 1251 1251 1178 1178 1254 1254 1253 1253 1249 1249 1258 1258 1248 1248 1247 1247 1257 1257 1250 1250 1246 1246 1260 1260 1253 1253 1254 1254 1255 1255 1247 1247 1252 1252 1037 1037 1258 1258 1265 1265 1269 1269 1263 1263 1266 1266 1280 1280 1277 1277 1274 1274 1072 1072 1271 1271 1073 1073 1280 1280 1274 1274 1272 1272 1278 1278 1269 1269 1277 1277 1279 1279 1272 1272 1271 1271 1198 1198 1192 1192 1193 1193 1278 1278 1275 1275 1269 1269 1277 1277 1266 1266 1274 1274 1277 1277 1269 1269 1266 1266 1073 1073 1271 1271 1074 1074 1276 1276 1270 1270 1273 1273 1270 1270 1276 1276 1036 1036 1275 1275 1273 1273 1268 1268 1268 1268 1264 1264 1263 1263 1273 1273 1270 1270 1268 1268 1275 1275 1268 1268 1269 1269 1274 1274 1267 1267 1272 1272 1274 1274 1266 1266 1267 1267 1074 1074 1271 1271 1262 1262 1271 1271 1272 1272 1261 1261 1270 1270 1036 1036 1265 1265 1268 1268 1270 1270 1264 1264 1269 1269 1268 1268 1263 1263 1272 1272 1267 1267 1261 1261 1036 1036 1037 1037 1265 1265 1074 1074 1262 1262 1176 1176 1271 1271 1261 1261 1262 1262 1270 1270 1265 1265 1264 1264 1074 1074 1176 1176 1054 1054 1191 1191 1184 1184 1183 1183 1065 1065 1174 1174 1066 1066 1196 1196 1066 1066 1192 1192 1119 1119 1108 1108 1109 1109 1118 1118 1111 1111 1113 1113 1117 1117 1112 1112 1108 1108 1114 1114 1058 1058 1059 1059 1116 1116 1109 1109 1107 1107 1116 1116 1107 1107 1115 1115 1115 1115 1106 1106 1111 1111 1112 1112 1046 1046 1105 1105 1115 1115 1107 1107 1106 1106 1114 1114 1110 1110 1057 1057 1113 1113 1104 1104 1110 1110 1108 1108 1112 1112 1102 1102 1113 1113 1111 1111 1100 1100 1112 1112 1105 1105 1102 1102 1114 1114 1057 1057 1058 1058 1111 1111 1106 1106 1100 1100 1107 1107 1099 1099 1106 1106 1113 1113 1100 1100 1104 1104 1109 1109 1108 1108 1103 1103 1110 1110 1104 1104 1057 1057 1109 1109 1103 1103 1107 1107 1105 1105 1046 1046 1045 1045 1108 1108 1102 1102 1103 1103 1104 1104 1100 1100 1095 1095 1107 1107 1101 1101 1099 1099 1107 1107 1103 1103 1101 1101 1106 1106 1099 1099 1100 1100 1046 1046 1112 1112 1117 1117 1060 1060 1114 1114 1059 1059 1118 1118 1115 1115 1111 1111 1197 1197 1190 1190 1195 1195 1133 1133 1128 1128 1124 1124 1048 1048 1119 1119 1129 1129 1048 1048 1047 1047 1119 1119 1132 1132 1121 1121 1128 1128 1131 1131 1124 1124 1127 1127 1129 1129 1125 1125 1121 1121 1130 1130 1127 1127 1123 1123 1129 1129 1119 1119 1125 1125 1128 1128 1122 1122 1124 1124 1123 1123 1127 1127 1120 1120 1128 1128 1121 1121 1122 1122 1127 1127 1124 1124 1120 1120 1126 1126 1123 1123 1114 1114 1103 1103 1102 1102 1097 1097 1126 1126 1114 1114 1060 1060 1121 1121 1115 1115 1122 1122 1047 1047 1117 1117 1119 1119 1124 1124 1118 1118 1120 1120 1125 1125 1119 1119 1116 1116 1124 1124 1122 1122 1118 1118 1123 1123 1120 1120 1110 1110 1117 1117 1047 1047 1046 1046 1123 1123 1110 1110 1114 1114 1122 1122 1115 1115 1118 1118 1120 1120 1113 1113 1110 1110 1119 1119 1117 1117 1108 1108 1121 1121 1116 1116 1115 1115 1120 1120 1118 1118 1113 1113 1125 1125 1116 1116 1121 1121 1105 1105 1098 1098 1102 1102 1105 1105 1045 1045 1098 1098 1103 1103 1097 1097 1093 1093 1088 1088 1069 1069 1070 1070 1089 1089 1083 1083 1081 1081 1088 1088 1070 1070 1082 1082 1056 1056 1085 1085 1055 1055 1087 1087 1082 1082 1084 1084 1086 1086 1084 1084 1083 1083 1084 1084 1082 1082 1080 1080 1084 1084 1078 1078 1083 1083 1081 1081 1077 1077 1085 1085 1082 1082 1071 1071 1080 1080 1083 1083 1079 1079 1081 1081 1084 1084 1080 1080 1078 1078 1083 1083 1078 1078 1079 1079 1090 1090 1081 1081 1085 1085 1085 1085 1077 1077 1055 1055 1081 1081 1079 1079 1077 1077 1079 1079 1078 1078 1076 1076 1080 1080 1071 1071 1072 1072 1079 1079 1076 1076 1077 1077 1077 1077 1075 1075 1055 1055 1080 1080 1072 1072 1078 1078 1078 1078 1072 1072 1076 1076 1076 1076 1072 1072 1073 1073 1075 1075 1054 1054 1055 1055 1077 1077 1076 1076 1075 1075 1076 1076 1073 1073 1074 1074 1076 1076 1074 1074 1075 1075 1075 1075 1074 1074 1054 1054 1082 1082 1070 1070 1071 1071 1132 1132 1129 1129 1121 1121 1088 1088 1082 1082 1087 1087 1091 1091 1087 1087 1084 1084 1099 1099 1096 1096 1100 1100 1104 1104 1095 1095 1057 1057 1103 1103 1093 1093 1101 1101 1045 1045 1094 1094 1098 1098 1102 1102 1091 1091 1097 1097 1102 1102 1098 1098 1091 1091 1099 1099 1101 1101 1092 1092 1101 1101 1093 1093 1092 1092 1100 1100 1096 1096 1090 1090 1100 1100 1090 1090 1095 1095 1099 1099 1092 1092 1096 1096 1098 1098 1094 1094 1091 1091 1096 1096 1092 1092 1090 1090 1090 1090 1085 1085 1056 1056 1045 1045 1088 1088 1094 1094 1092 1092 1093 1093 1089 1089 1088 1088 1045 1045 1034 1034 1097 1097 1086 1086 1093 1093 1097 1097 1091 1091 1086 1086 1090 1090 1056 1056 1095 1095 1094 1094 1087 1087 1091 1091 1094 1094 1088 1088 1087 1087 1093 1093 1086 1086 1089 1089 1092 1092 1089 1089 1081 1081 1092 1092 1081 1081 1090 1090 1088 1088 1034 1034 1069 1069 1089 1089 1086 1086 1083 1083 1091 1091 1084 1084 1086 1086 1057 1057 1095 1095 1056 1056 1131 1131 1133 1133 1124 1124 1119 1119 1109 1109 1116 1116 1131 1131 1127 1127 1130 1130 1174 1174 1171 1171 1172 1172 1067 1067 1170 1170 1168 1168 1173 1173 1167 1167 1169 1169 1052 1052 1051 1051 1167 1167 1172 1172 1165 1165 1170 1170 1172 1172 1171 1171 1163 1163 1171 1171 1169 1169 1164 1164 1067 1067 1168 1168 1068 1068 1171 1171 1164 1164 1163 1163 1172 1172 1163 1163 1165 1165 1170 1170 1165 1165 1168 1168 1169 1169 1167 1167 1161 1161 1168 1168 1166 1166 1068 1068 1168 1168 1165 1165 1162 1162 1169 1169 1161 1161 1164 1164 1168 1168 1162 1162 1166 1166 1051 1051 1160 1160 1167 1167 1166 1166 1162 1162 1159 1159 1157 1157 1186 1186 1166 1166 1167 1167 1160 1160 1161 1161 1163 1163 1164 1164 1158 1158 1051 1051 1153 1153 1160 1160 1164 1164 1161 1161 1152 1152 1165 1165 1163 1163 1156 1156 1166 1166 1159 1159 1157 1157 1153 1153 1051 1051 1050 1050 1165 1165 1156 1156 1162 1162 1173 1173 1052 1052 1167 1167 1134 1134 1126 1126 1060 1060 1066 1066 1172 1172 1170 1170 1066 1066 1170 1170 1067 1067 1196 1196 1065 1065 1066 1066 1195 1195 1188 1188 1194 1194 1192 1192 1189 1189 1193 1193 1195 1195 1190 1190 1188 1188 1194 1194 1188 1188 1191 1191 1192 1192 1066 1066 1067 1067 1193 1193 1189 1189 1190 1190 1192 1192 1067 1067 1189 1189 1190 1190 1187 1187 1188 1188 1189 1189 1068 1068 1190 1190 1188 1188 1184 1184 1191 1191 1189 1189 1067 1067 1068 1068 1190 1190 1068 1068 1187 1187 1161 1161 1160 1160 1151 1151 1188 1188 1187 1187 1184 1184 1187 1187 1068 1068 1166 1166 1184 1184 1186 1186 1185 1185 1187 1187 1166 1166 1186 1186 1186 1186 1063 1063 1185 1185 1064 1064 1044 1044 1053 1053 1064 1064 1174 1174 1065 1065 1053 1053 1175 1175 1064 1064 1064 1064 1175 1175 1174 1174 1053 1053 1052 1052 1175 1175 1052 1052 1173 1173 1175 1175 1066 1066 1174 1174 1172 1172 1174 1174 1175 1175 1171 1171 1175 1175 1173 1173 1169 1169 1187 1187 1186 1186 1184 1184 1164 1164 1152 1152 1158 1158 1175 1175 1169 1169 1171 1171 1163 1163 1158 1158 1156 1156 1147 1147 1138 1138 1140 1140 1147 1147 1143 1143 1138 1138 1146 1146 1141 1141 1144 1144 1145 1145 1137 1137 1143 1143 1144 1144 1141 1141 1061 1061 1141 1141 1140 1140 1134 1134 1139 1139 1135 1135 1142 1142 1145 1145 1136 1136 1137 1137 1049 1049 1129 1129 1139 1139 1143 1143 1137 1137 1138 1138 1142 1142 1133 1133 1136 1136 1138 1138 1137 1137 1130 1130 1142 1142 1135 1135 1133 1133 1139 1139 1129 1129 1132 1132 1136 1136 1133 1133 1131 1131 1129 1129 1049 1049 1048 1048 1141 1141 1134 1134 1061 1061 1140 1140 1138 1138 1126 1126 1137 1137 1136 1136 1131 1131 1140 1140 1126 1126 1134 1134 1139 1139 1132 1132 1135 1135 1138 1138 1130 1130 1126 1126 1137 1137 1131 1131 1130 1130 1134 1134 1060 1060 1061 1061 1162 1162 1154 1154 1159 1159 1135 1135 1132 1132 1128 1128 1126 1126 1130 1130 1123 1123 1145 1145 1142 1142 1136 1136 1148 1148 1139 1139 1142 1142 1135 1135 1128 1128 1133 1133 1149 1149 1142 1142 1145 1145 1186 1186 1157 1157 1063 1063 1162 1162 1156 1156 1154 1154 1161 1161 1151 1151 1152 1152 1160 1160 1155 1155 1151 1151 1160 1160 1153 1153 1155 1155 1157 1157 1062 1062 1063 1063 1157 1157 1144 1144 1062 1062 1158 1158 1150 1150 1156 1156 1159 1159 1154 1154 1157 1157 1153 1153 1149 1149 1155 1155 1157 1157 1154 1154 1144 1144 1158 1158 1152 1152 1150 1150 1154 1154 1156 1156 1146 1146 1152 1152 1151 1151 1143 1143 1153 1153 1050 1050 1148 1148 1156 1156 1150 1150 1146 1146 1153 1153 1148 1148 1142 1142 1148 1148 1049 1049 1139 1139 1148 1148 1050 1050 1049 1049 1150 1150 1140 1140 1146 1146 1150 1150 1147 1147 1140 1140 1150 1150 1152 1152 1147 1147 1151 1151 1149 1149 1145 1145 1153 1153 1142 1142 1149 1149 1151 1151 1145 1145 1143 1143 1154 1154 1146 1146 1144 1144 1155 1155 1149 1149 1151 1151 1152 1152 1143 1143 1147 1147 1146 1146 1140 1140 1141 1141 1312 1312 1309 1309 1308 1308 1311 1311 1310 1310 1309 1309 1311 1311 1309 1309 1312 1312 1322 1322 1318 1318 1317 1317 1320 1320 1316 1316 1313 1313 1322 1322 1323 1323 1318 1318 1323 1323 1319 1319 1318 1318 1321 1321 1316 1316 1320 1320 1321 1321 1317 1317 1316 1316 1321 1321 1322 1322 1317 1317 1323 1323 1314 1314 1319 1319 1315 1315 1314 1314 1323 1323 1342 1342 1326 1326 1343 1343 1326 1326 1324 1324 1325 1325 1343 1343 1326 1326 1325 1325 1331 1331 1330 1330 1329 1329 1335 1335 1334 1334 1336 1336 1339 1339 1338 1338 1341 1341 1334 1334 1333 1333 1336 1336 1337 1337 1342 1342 1341 1341 1336 1336 1333 1333 1332 1332 1337 1337 1327 1327 1342 1342 1337 1337 1332 1332 1327 1327 1332 1332 1331 1331 1327 1327 1331 1331 1329 1329 1328 1328 1342 1342 1327 1327 1326 1326 1331 1331 1328 1328 1327 1327 1339 1339 1341 1341 1340 1340 1336 1336 1332 1332 1337 1337 1338 1338 1337 1337 1341 1341 1350 1350 1346 1346 1345 1345 1352 1352 1348 1348 1347 1347 1351 1351 1352 1352 1347 1347 1351 1351 1347 1347 1346 1346 1350 1350 1344 1344 1349 1349 1350 1350 1345 1345 1344 1344 1350 1350 1351 1351 1346 1346 1353 1353 1348 1348 1352 1352 1356 1356 1354 1354 1355 1355 1357 1357 1354 1354 1356 1356 1368 1368 1358 1358 1367 1367 1367 1367 1358 1358 1363 1363 1365 1365 1360 1360 1364 1364 1364 1364 1360 1360 1359 1359 1365 1365 1361 1361 1360 1360 1366 1366 1367 1367 1363 1363 1366 1366 1363 1363 1362 1362 1365 1365 1366 1366 1362 1362 1365 1365 1362 1362 1361 1361 1371 1371 1369 1369 1370 1370 1372 1372 1369 1369 1371 1371 1381 1381 1377 1377 1376 1376 1379 1379 1380 1380 1375 1375 1380 1380 1381 1381 1376 1376 1380 1380 1376 1376 1375 1375 1379 1379 1373 1373 1378 1378 1379 1379 1374 1374 1373 1373 1379 1379 1375 1375 1374 1374 1382 1382 1377 1377 1381 1381 1386 1386 1383 1383 1385 1385 1387 1387 1383 1383 1386 1386 1387 1387 1384 1384 1383 1383 1399 1399 1389 1389 1388 1388 1398 1398 1392 1392 1391 1391 1398 1398 1390 1390 1389 1389 1398 1398 1393 1393 1392 1392 1398 1398 1394 1394 1393 1393 1398 1398 1395 1395 1394 1394 1398 1398 1391 1391 1390 1390 1398 1398 1396 1396 1395 1395 1398 1398 1397 1397 1396 1396 1398 1398 1389 1389 1399 1399 1430 1430 1431 1431 1401 1401 1429 1429 1430 1430 1402 1402 1428 1428 1402 1402 1403 1403 1428 1428 1429 1429 1402 1402 1427 1427 1428 1428 1403 1403 1426 1426 1427 1427 1403 1403 1405 1405 1423 1423 1424 1424 1425 1425 1426 1426 1404 1404 1424 1424 1425 1425 1404 1404 1424 1424 1404 1404 1405 1405 1431 1431 1412 1412 1401 1401 1423 1423 1405 1405 1406 1406 1406 1406 1422 1422 1423 1423 1426 1426 1403 1403 1404 1404 1412 1412 1400 1400 1401 1401 1430 1430 1401 1401 1402 1402 1400 1400 1412 1412 1413 1413 1400 1400 1413 1413 1411 1411 1406 1406 1421 1421 1422 1422 1421 1421 1406 1406 1407 1407 1420 1420 1421 1421 1407 1407 1419 1419 1420 1420 1407 1407 1418 1418 1419 1419 1408 1408 1418 1418 1408 1408 1409 1409 1419 1419 1407 1407 1408 1408 1416 1416 1409 1409 1410 1410 1416 1416 1417 1417 1409 1409 1410 1410 1415 1415 1416 1416 1415 1415 1410 1410 1411 1411 1414 1414 1415 1415 1411 1411 1413 1413 1414 1414 1411 1411 1417 1417 1418 1418 1409 1409 1437 1437 1436 1436 1464 1464 1434 1434 1433 1433 1467 1467 1434 1434 1467 1467 1466 1466 1435 1435 1434 1434 1466 1466 1435 1435 1466 1466 1465 1465 1436 1436 1435 1435 1465 1465 1436 1436 1465 1465 1464 1464 1438 1438 1464 1464 1463 1463 1442 1442 1441 1441 1452 1452 1438 1438 1463 1463 1462 1462 1439 1439 1438 1438 1462 1462 1440 1440 1439 1439 1462 1462 1440 1440 1462 1462 1461 1461 1441 1441 1440 1440 1461 1461 1441 1441 1461 1461 1452 1452 1433 1433 1460 1460 1467 1467 1438 1438 1437 1437 1464 1464 1433 1433 1432 1432 1460 1460 1445 1445 1444 1444 1454 1454 1432 1432 1451 1451 1459 1459 1432 1432 1459 1459 1460 1460 1443 1443 1442 1442 1452 1452 1443 1443 1452 1452 1453 1453 1443 1443 1453 1453 1454 1454 1444 1444 1443 1443 1454 1454 1446 1446 1445 1445 1455 1455 1446 1446 1455 1455 1456 1456 1445 1445 1454 1454 1455 1455 1448 1448 1456 1456 1457 1457 1448 1448 1447 1447 1456 1456 1448 1448 1457 1457 1458 1458 1449 1449 1448 1448 1458 1458 1450 1450 1449 1449 1458 1458 1450 1450 1458 1458 1459 1459 1451 1451 1450 1450 1459 1459 1447 1447 1446 1446 1456 1456 1479 1479 1487 1487 1478 1478 1494 1494 1476 1476 1503 1503 1503 1503 1475 1475 1502 1502 1488 1488 1487 1487 1479 1479 1503 1503 1476 1476 1475 1475 1488 1488 1479 1479 1480 1480 1489 1489 1488 1488 1480 1480 1494 1494 1483 1483 1476 1476 1492 1492 1482 1482 1493 1493 1493 1493 1483 1483 1494 1494 1490 1490 1480 1480 1481 1481 1491 1491 1490 1490 1481 1481 1493 1493 1482 1482 1483 1483 1491 1491 1481 1481 1482 1482 1492 1492 1491 1491 1482 1482 1502 1502 1474 1474 1501 1501 1490 1490 1489 1489 1480 1480 1502 1502 1475 1475 1474 1474 1468 1468 1485 1485 1484 1484 1474 1474 1500 1500 1501 1501 1478 1478 1487 1487 1486 1486 1471 1471 1470 1470 1496 1496 1471 1471 1496 1496 1497 1497 1469 1469 1495 1495 1470 1470 1471 1471 1497 1497 1498 1498 1472 1472 1471 1471 1498 1498 1468 1468 1495 1495 1469 1469 1468 1468 1484 1484 1495 1495 1470 1470 1495 1495 1496 1496 1473 1473 1472 1472 1499 1499 1477 1477 1485 1485 1468 1468 1473 1473 1499 1499 1500 1500 1474 1474 1473 1473 1500 1500 1478 1478 1486 1486 1485 1485 1472 1472 1498 1498 1499 1499 1478 1478 1485 1485 1477 1477 1704 1704 1700 1700 1694 1694 1699 1699 1692 1692 1697 1697 1650 1650 1694 1694 1652 1652 1702 1702 1695 1695 1698 1698 1703 1703 1694 1694 1650 1650 1702 1702 1697 1697 1695 1695 1511 1511 1696 1696 1699 1699 1701 1701 1698 1698 1700 1700 1701 1701 1702 1702 1698 1698 1705 1705 1697 1697 1702 1702 1698 1698 1695 1695 1691 1691 1699 1699 1696 1696 1693 1693 1700 1700 1698 1698 1689 1689 1698 1698 1691 1691 1689 1689 1696 1696 1511 1511 1512 1512 1697 1697 1687 1687 1695 1695 1699 1699 1693 1693 1692 1692 1693 1693 1696 1696 1690 1690 1650 1650 1652 1652 1651 1651 1697 1697 1692 1692 1687 1687 1706 1706 1702 1702 1701 1701 1696 1696 1512 1512 1690 1690 1695 1695 1687 1687 1686 1686 1695 1695 1686 1686 1691 1691 1693 1693 1688 1688 1692 1692 1694 1694 1689 1689 1684 1684 1693 1693 1690 1690 1688 1688 1700 1700 1689 1689 1694 1694 1704 1704 1694 1694 1703 1703 1710 1710 1703 1703 1650 1650 1707 1707 1701 1701 1700 1700 1694 1694 1684 1684 1652 1652 1718 1718 1715 1715 1709 1709 1509 1509 1708 1708 1713 1713 1717 1717 1710 1710 1649 1649 1719 1719 1712 1712 1716 1716 1719 1719 1714 1714 1712 1712 1718 1718 1709 1709 1710 1710 1715 1715 1716 1716 1711 1711 1714 1714 1713 1713 1706 1706 1716 1716 1712 1712 1711 1711 1714 1714 1706 1706 1712 1712 1715 1715 1711 1711 1709 1709 1708 1708 1509 1509 1510 1510 1705 1705 1699 1699 1697 1697 1713 1713 1708 1708 1705 1705 1649 1649 1710 1710 1650 1650 1713 1713 1705 1705 1706 1706 1710 1710 1709 1709 1703 1703 1712 1712 1707 1707 1711 1711 1712 1712 1701 1701 1707 1707 1711 1711 1707 1707 1704 1704 1711 1711 1704 1704 1709 1709 1705 1705 1702 1702 1706 1706 1510 1510 1511 1511 1708 1708 1709 1709 1704 1704 1703 1703 1708 1708 1699 1699 1705 1705 1708 1708 1511 1511 1699 1699 1704 1704 1707 1707 1700 1700 1712 1712 1706 1706 1701 1701 1690 1690 1512 1512 1682 1682 1667 1667 1664 1664 1660 1660 1692 1692 1688 1688 1683 1683 1674 1674 1666 1666 1676 1676 1677 1677 1670 1670 1674 1674 1536 1536 1513 1513 1514 1514 1675 1675 1536 1536 1665 1665 1674 1674 1670 1670 1666 1666 1653 1653 1669 1669 1654 1654 1676 1676 1666 1666 1669 1669 1675 1675 1665 1665 1671 1671 1672 1672 1671 1671 1668 1668 1669 1669 1666 1666 1662 1662 1673 1673 1672 1672 1667 1667 1673 1673 1667 1667 1670 1670 1672 1672 1668 1668 1667 1667 1671 1671 1665 1665 1668 1668 1670 1670 1663 1663 1666 1666 1669 1669 1662 1662 1654 1654 1668 1668 1665 1665 1664 1664 1670 1670 1667 1667 1663 1663 1665 1665 1536 1536 1537 1537 1666 1666 1663 1663 1661 1661 1668 1668 1664 1664 1667 1667 1665 1665 1539 1539 1664 1664 1717 1717 1718 1718 1710 1710 1667 1667 1660 1660 1663 1663 1666 1666 1661 1661 1662 1662 1661 1661 1663 1663 1659 1659 1663 1663 1660 1660 1659 1659 1677 1677 1673 1673 1670 1670 1679 1679 1672 1672 1673 1673 1653 1653 1678 1678 1669 1669 1675 1675 1513 1513 1536 1536 1691 1691 1686 1686 1689 1689 1689 1689 1678 1678 1684 1684 1512 1512 1685 1685 1682 1682 1685 1685 1512 1512 1513 1513 1684 1684 1653 1653 1652 1652 1690 1690 1682 1682 1688 1688 1689 1689 1686 1686 1678 1678 1686 1686 1687 1687 1680 1680 1688 1688 1682 1682 1681 1681 1652 1652 1653 1653 1758 1758 1688 1688 1681 1681 1683 1683 1687 1687 1683 1683 1680 1680 1683 1683 1681 1681 1677 1677 1692 1692 1683 1683 1687 1687 1684 1684 1678 1678 1653 1653 1686 1686 1676 1676 1678 1678 1686 1686 1680 1680 1676 1676 1685 1685 1675 1675 1682 1682 1685 1685 1513 1513 1675 1675 1683 1683 1674 1674 1680 1680 1681 1681 1679 1679 1673 1673 1683 1683 1677 1677 1674 1674 1682 1682 1675 1675 1671 1671 1682 1682 1671 1671 1679 1679 1681 1681 1673 1673 1677 1677 1679 1679 1671 1671 1672 1672 1676 1676 1669 1669 1678 1678 1680 1680 1674 1674 1676 1676 1682 1682 1679 1679 1681 1681 1721 1721 1713 1713 1714 1714 1742 1742 1548 1548 1547 1547 1509 1509 1713 1713 1721 1721 1764 1764 1654 1654 1655 1655 1764 1764 1655 1655 1656 1656 1764 1764 1656 1656 1755 1755 1650 1650 1651 1651 1759 1759 1652 1652 1758 1758 1651 1651 1754 1754 1504 1504 1505 1505 1754 1754 1753 1753 1544 1544 1505 1505 1751 1751 1754 1754 1754 1754 1751 1751 1752 1752 1754 1754 1752 1752 1753 1753 1753 1753 1749 1749 1545 1545 1753 1753 1545 1545 1544 1544 1505 1505 1750 1750 1751 1751 1753 1753 1752 1752 1749 1749 1545 1545 1748 1748 1546 1546 1545 1545 1749 1749 1748 1748 1749 1749 1747 1747 1748 1748 1750 1750 1505 1505 1506 1506 1752 1752 1751 1751 1745 1745 1750 1750 1746 1746 1751 1751 1752 1752 1745 1745 1749 1749 1748 1748 1743 1743 1546 1546 1751 1751 1746 1746 1745 1745 1748 1748 1747 1747 1744 1744 1750 1750 1506 1506 1746 1746 1749 1749 1745 1745 1747 1747 1546 1546 1743 1743 1547 1547 1764 1764 1755 1755 1756 1756 1764 1764 1756 1756 1757 1757 1764 1764 1653 1653 1654 1654 1764 1764 1758 1758 1653 1653 1534 1534 1775 1775 1773 1773 1775 1775 1534 1534 1533 1533 1775 1775 1533 1533 1532 1532 1775 1775 1772 1772 1773 1773 1775 1775 1532 1532 1531 1531 1775 1775 1771 1771 1772 1772 1775 1775 1770 1770 1771 1771 1775 1775 1531 1531 1770 1770 1774 1774 1768 1768 1769 1769 1774 1774 1769 1769 1528 1528 1774 1774 1528 1528 1527 1527 1774 1774 1767 1767 1768 1768 1774 1774 1527 1527 1526 1526 1748 1748 1744 1744 1743 1743 1774 1774 1766 1766 1767 1767 1774 1774 1525 1525 1524 1524 1774 1774 1524 1524 1766 1766 1531 1531 1530 1530 1770 1770 1528 1528 1769 1769 1529 1529 1763 1763 1765 1765 1762 1762 1765 1765 1763 1763 1723 1723 1765 1765 1723 1723 1649 1649 1765 1765 1761 1761 1762 1762 1765 1765 1649 1649 1650 1650 1765 1765 1760 1760 1761 1761 1765 1765 1759 1759 1760 1760 1765 1765 1650 1650 1759 1759 1764 1764 1757 1757 1758 1758 1774 1774 1526 1526 1525 1525 1720 1720 1714 1714 1719 1719 1745 1745 1746 1746 1740 1740 1547 1547 1743 1743 1742 1742 1735 1735 1726 1726 1731 1731 1735 1735 1729 1729 1726 1726 1729 1729 1728 1728 1724 1724 1733 1733 1731 1731 1722 1722 1732 1732 1508 1508 1725 1725 1730 1730 1723 1723 1763 1763 1734 1734 1727 1727 1728 1728 1729 1729 1724 1724 1718 1718 1733 1733 1722 1722 1723 1723 1732 1732 1725 1725 1727 1727 1731 1731 1726 1726 1722 1722 1729 1729 1718 1718 1726 1726 1728 1728 1727 1727 1724 1724 1508 1508 1721 1721 1725 1725 1727 1727 1716 1716 1724 1724 1727 1727 1725 1725 1719 1719 1723 1723 1722 1722 1649 1649 1724 1724 1715 1715 1718 1718 1725 1725 1721 1721 1720 1720 1727 1727 1719 1719 1716 1716 1721 1721 1508 1508 1509 1509 1719 1719 1725 1725 1720 1720 1724 1724 1716 1716 1715 1715 1726 1726 1717 1717 1722 1722 1726 1726 1718 1718 1717 1717 1720 1720 1721 1721 1714 1714 1722 1722 1717 1717 1649 1649 1507 1507 1508 1508 1732 1732 1736 1736 1731 1731 1733 1733 1734 1734 1732 1732 1727 1727 1730 1730 1733 1733 1723 1723 1506 1506 1738 1738 1746 1746 1747 1747 1741 1741 1744 1744 1506 1506 1507 1507 1738 1738 1743 1743 1744 1744 1739 1739 1665 1665 1537 1537 1538 1538 1746 1746 1738 1738 1740 1740 1743 1743 1739 1739 1742 1742 1745 1745 1740 1740 1737 1737 1744 1744 1741 1741 1736 1736 1745 1745 1737 1737 1741 1741 1744 1744 1736 1736 1739 1739 1742 1742 1549 1549 1548 1548 1742 1742 1739 1739 1730 1730 1747 1747 1745 1745 1741 1741 1741 1741 1737 1737 1735 1735 1740 1740 1738 1738 1728 1728 1741 1741 1735 1735 1736 1736 1549 1549 1763 1763 1524 1524 1549 1549 1730 1730 1763 1763 1740 1740 1728 1728 1737 1737 1736 1736 1735 1735 1731 1731 1738 1738 1734 1734 1728 1728 1739 1739 1736 1736 1733 1733 1507 1507 1732 1732 1738 1738 1739 1739 1733 1733 1730 1730 1737 1737 1729 1729 1735 1735 1737 1737 1728 1728 1729 1729 1738 1738 1732 1732 1734 1734 1742 1742 1730 1730 1549 1549 1664 1664 1539 1539 1658 1658 1523 1523 1645 1645 1646 1646 1664 1664 1658 1658 1660 1660 1589 1589 1583 1583 1582 1582 1592 1592 1585 1585 1584 1584 1593 1593 1581 1581 1586 1586 1590 1590 1586 1586 1528 1528 1591 1591 1584 1584 1587 1587 1590 1590 1528 1528 1588 1588 1589 1589 1582 1582 1578 1578 1586 1586 1581 1581 1573 1573 1587 1587 1584 1584 1579 1579 1589 1589 1578 1578 1581 1581 1584 1584 1585 1585 1580 1580 1588 1588 1528 1528 1529 1529 1587 1587 1579 1579 1583 1583 1585 1585 1516 1516 1577 1577 1586 1586 1573 1573 1528 1528 1583 1583 1579 1579 1574 1574 1585 1585 1577 1577 1580 1580 1577 1577 1516 1516 1515 1515 1584 1584 1575 1575 1579 1579 1584 1584 1580 1580 1575 1575 1583 1583 1574 1574 1582 1582 1580 1580 1577 1577 1576 1576 1578 1578 1582 1582 1574 1574 1579 1579 1570 1570 1574 1574 1581 1581 1571 1571 1573 1573 1581 1581 1578 1578 1571 1571 1579 1579 1575 1575 1570 1570 1592 1592 1516 1516 1585 1585 1588 1588 1529 1529 1530 1530 1665 1665 1538 1538 1539 1539 1594 1594 1587 1587 1583 1583 1601 1601 1518 1518 1517 1517 1601 1601 1517 1517 1596 1596 1607 1607 1600 1600 1599 1599 1606 1606 1601 1601 1595 1595 1605 1605 1599 1599 1598 1598 1604 1604 1602 1602 1597 1597 1595 1595 1594 1594 1602 1602 1600 1600 1597 1597 1593 1593 1602 1602 1594 1594 1597 1597 1603 1603 1598 1598 1588 1588 1599 1599 1600 1600 1593 1593 1603 1603 1588 1588 1531 1531 1598 1598 1599 1599 1590 1590 1578 1578 1574 1574 1571 1571 1601 1601 1596 1596 1595 1595 1599 1599 1593 1593 1590 1590 1595 1595 1596 1596 1591 1591 1596 1596 1517 1517 1592 1592 1598 1598 1590 1590 1588 1588 1597 1597 1589 1589 1593 1593 1596 1596 1592 1592 1591 1591 1595 1595 1591 1591 1594 1594 1590 1590 1593 1593 1586 1586 1531 1531 1588 1588 1530 1530 1592 1592 1517 1517 1516 1516 1594 1594 1591 1591 1587 1587 1592 1592 1584 1584 1591 1591 1594 1594 1583 1583 1589 1589 1597 1597 1594 1594 1589 1589 1604 1604 1597 1597 1600 1600 1580 1580 1576 1576 1575 1575 1577 1577 1572 1572 1576 1576 1562 1562 1555 1555 1560 1560 1527 1527 1556 1556 1526 1526 1561 1561 1559 1559 1553 1553 1562 1562 1558 1558 1555 1555 1561 1561 1553 1553 1556 1556 1559 1559 1557 1557 1554 1554 1560 1560 1555 1555 1552 1552 1560 1560 1552 1552 1557 1557 1559 1559 1554 1554 1553 1553 1558 1558 1544 1544 1545 1545 1553 1553 1554 1554 1551 1551 1558 1558 1545 1545 1555 1555 1557 1557 1552 1552 1554 1554 1556 1556 1553 1553 1525 1525 1556 1556 1525 1525 1526 1526 1555 1555 1545 1545 1546 1546 1555 1555 1546 1546 1552 1552 1554 1554 1552 1552 1551 1551 1553 1553 1551 1551 1525 1525 1552 1552 1547 1547 1551 1551 1551 1551 1550 1550 1525 1525 1552 1552 1546 1546 1547 1547 1551 1551 1547 1547 1548 1548 1551 1551 1548 1548 1550 1550 1550 1550 1524 1524 1525 1525 1550 1550 1548 1548 1549 1549 1550 1550 1549 1549 1524 1524 1563 1563 1559 1559 1561 1561 1564 1564 1544 1544 1558 1558 1561 1561 1556 1556 1527 1527 1563 1563 1557 1557 1559 1559 1575 1575 1566 1566 1570 1570 1574 1574 1569 1569 1571 1571 1575 1575 1576 1576 1566 1566 1576 1576 1572 1572 1568 1568 1576 1576 1567 1567 1565 1565 1576 1576 1568 1568 1567 1567 1576 1576 1565 1565 1566 1566 1573 1573 1571 1571 1527 1527 1574 1574 1570 1570 1569 1569 1572 1572 1504 1504 1564 1564 1572 1572 1515 1515 1504 1504 1573 1573 1527 1527 1528 1528 1569 1569 1561 1561 1571 1571 1577 1577 1515 1515 1572 1572 1570 1570 1563 1563 1569 1569 1572 1572 1564 1564 1568 1568 1571 1571 1561 1561 1527 1527 1568 1568 1564 1564 1558 1558 1569 1569 1563 1563 1561 1561 1565 1565 1567 1567 1560 1560 1567 1567 1568 1568 1562 1562 1568 1568 1558 1558 1562 1562 1566 1566 1565 1565 1557 1557 1564 1564 1504 1504 1544 1544 1567 1567 1562 1562 1560 1560 1566 1566 1557 1557 1563 1563 1565 1565 1560 1560 1557 1557 1504 1504 1754 1754 1544 1544 1570 1570 1566 1566 1563 1563 1606 1606 1595 1595 1602 1602 1593 1593 1589 1589 1581 1581 1604 1604 1606 1606 1602 1602 1646 1646 1640 1640 1643 1643 1643 1643 1640 1640 1639 1639 1642 1642 1644 1644 1641 1641 1645 1645 1522 1522 1640 1640 1540 1540 1636 1636 1541 1541 1540 1540 1642 1642 1636 1636 1641 1641 1637 1637 1642 1642 1541 1541 1636 1636 1638 1638 1522 1522 1634 1634 1640 1640 1643 1643 1639 1639 1641 1641 1639 1639 1640 1640 1635 1635 1640 1640 1634 1634 1635 1635 1641 1641 1639 1639 1633 1633 1522 1522 1521 1521 1634 1634 1642 1642 1637 1637 1636 1636 1641 1641 1633 1633 1637 1637 1637 1637 1633 1633 1632 1632 1636 1636 1631 1631 1638 1638 1634 1634 1521 1521 1630 1630 1639 1639 1635 1635 1633 1633 1542 1542 1638 1638 1631 1631 1637 1637 1629 1629 1636 1636 1542 1542 1631 1631 1543 1543 1637 1637 1632 1632 1629 1629 1634 1634 1630 1630 1635 1635 1636 1636 1629 1629 1631 1631 1633 1633 1635 1635 1626 1626 1642 1642 1540 1540 1539 1539 1543 1543 1533 1533 1535 1535 1644 1644 1643 1643 1641 1641 1647 1647 1643 1643 1644 1644 1662 1662 1655 1655 1654 1654 1660 1660 1657 1657 1659 1659 1661 1661 1659 1659 1662 1662 1662 1662 1659 1659 1655 1655 1660 1660 1658 1658 1657 1657 1539 1539 1540 1540 1658 1658 1658 1658 1541 1541 1657 1657 1659 1659 1657 1657 1655 1655 1658 1658 1540 1540 1541 1541 1657 1657 1542 1542 1655 1655 1657 1657 1541 1541 1542 1542 1655 1655 1542 1542 1543 1543 1541 1541 1638 1638 1542 1542 1655 1655 1543 1543 1656 1656 1543 1543 1535 1535 1656 1656 1648 1648 1536 1536 1514 1514 1648 1648 1514 1514 1523 1523 1648 1648 1647 1647 1536 1536 1647 1647 1537 1537 1536 1536 1648 1648 1646 1646 1647 1647 1648 1648 1523 1523 1646 1646 1537 1537 1647 1647 1644 1644 1537 1537 1644 1644 1538 1538 1646 1646 1643 1643 1647 1647 1538 1538 1644 1644 1642 1642 1645 1645 1523 1523 1522 1522 1642 1642 1539 1539 1538 1538 1603 1603 1605 1605 1598 1598 1630 1630 1521 1521 1520 1520 1646 1646 1645 1645 1640 1640 1635 1635 1628 1628 1626 1626 1619 1619 1612 1612 1614 1614 1621 1621 1616 1616 1611 1611 1620 1620 1610 1610 1615 1615 1620 1620 1611 1611 1610 1610 1619 1619 1613 1613 1612 1612 1618 1618 1614 1614 1616 1616 1613 1613 1519 1519 1518 1518 1614 1614 1612 1612 1609 1609 1613 1613 1518 1518 1606 1606 1616 1616 1614 1614 1607 1607 1617 1617 1608 1608 1532 1532 1612 1612 1613 1613 1604 1604 1616 1616 1607 1607 1611 1611 1615 1615 1603 1603 1608 1608 1615 1615 1610 1610 1603 1603 1614 1614 1609 1609 1607 1607 1610 1610 1611 1611 1605 1605 1613 1613 1606 1606 1604 1604 1612 1612 1604 1604 1609 1609 1609 1609 1600 1600 1607 1607 1518 1518 1601 1601 1606 1606 1608 1608 1531 1531 1532 1532 1611 1611 1607 1607 1605 1605 1608 1608 1603 1603 1531 1531 1610 1610 1605 1605 1603 1603 1543 1543 1631 1631 1533 1533 1607 1607 1599 1599 1605 1605 1617 1617 1615 1615 1608 1608 1622 1622 1617 1617 1532 1532 1609 1609 1604 1604 1600 1600 1618 1618 1619 1619 1614 1614 1635 1635 1630 1630 1628 1628 1631 1631 1629 1629 1622 1622 1630 1630 1520 1520 1627 1627 1633 1633 1626 1626 1632 1632 1533 1533 1534 1534 1535 1535 1632 1632 1624 1624 1629 1629 1629 1629 1624 1624 1625 1625 1632 1632 1626 1626 1624 1624 1631 1631 1622 1622 1533 1533 1630 1630 1627 1627 1623 1623 1630 1630 1623 1623 1628 1628 1629 1629 1625 1625 1622 1622 1627 1627 1520 1520 1619 1619 1627 1627 1619 1619 1618 1618 1628 1628 1623 1623 1621 1621 1628 1628 1621 1621 1626 1626 1626 1626 1620 1620 1624 1624 1621 1621 1618 1618 1616 1616 1623 1623 1618 1618 1621 1621 1619 1619 1519 1519 1613 1613 1624 1624 1620 1620 1615 1615 1622 1622 1532 1532 1533 1533 1627 1627 1618 1618 1623 1623 1625 1625 1615 1615 1617 1617 1621 1621 1611 1611 1620 1620 1625 1625 1624 1624 1615 1615 1626 1626 1621 1621 1620 1620 1625 1625 1617 1617 1622 1622 1619 1619 1520 1520 1519 1519 1779 1779 1777 1777 1776 1776 1780 1780 1777 1777 1779 1779 1780 1780 1778 1778 1777 1777 1788 1788 1784 1784 1781 1781 1791 1791 1787 1787 1786 1786 1789 1789 1784 1784 1788 1788 1789 1789 1785 1785 1784 1784 1790 1790 1791 1791 1786 1786 1789 1789 1790 1790 1785 1785 1790 1790 1786 1786 1785 1785 1791 1791 1782 1782 1787 1787 1783 1783 1782 1782 1791 1791 1800 1800 1799 1799 1796 1796 1812 1812 1793 1793 1792 1792 1812 1812 1794 1794 1793 1793 1799 1799 1798 1798 1797 1797 1804 1804 1803 1803 1805 1805 1808 1808 1807 1807 1810 1810 1803 1803 1802 1802 1805 1805 1808 1808 1810 1810 1809 1809 1805 1805 1801 1801 1806 1806 1807 1807 1811 1811 1810 1810 1806 1806 1795 1795 1811 1811 1806 1806 1800 1800 1795 1795 1811 1811 1795 1795 1812 1812 1806 1806 1801 1801 1800 1800 1812 1812 1795 1795 1794 1794 1800 1800 1796 1796 1795 1795 1805 1805 1802 1802 1801 1801 1799 1799 1797 1797 1796 1796 1807 1807 1806 1806 1811 1811 1819 1819 1815 1815 1814 1814 1821 1821 1817 1817 1816 1816 1820 1820 1821 1821 1816 1816 1820 1820 1816 1816 1815 1815 1819 1819 1813 1813 1818 1818 1819 1819 1814 1814 1813 1813 1819 1819 1820 1820 1815 1815 1822 1822 1817 1817 1821 1821 1825 1825 1823 1823 1824 1824 1826 1826 1823 1823 1825 1825 1838 1838 1832 1832 1837 1837 1837 1837 1832 1832 1831 1831 1835 1835 1830 1830 1829 1829 1833 1833 1828 1828 1827 1827 1834 1834 1829 1829 1828 1828 1836 1836 1837 1837 1831 1831 1836 1836 1831 1831 1830 1830 1835 1835 1836 1836 1830 1830 1834 1834 1835 1835 1829 1829 1834 1834 1828 1828 1833 1833 1842 1842 1839 1839 1841 1841 1841 1841 1839 1839 1840 1840 1849 1849 1845 1845 1844 1844 1851 1851 1847 1847 1846 1846 1850 1850 1851 1851 1846 1846 1850 1850 1846 1846 1845 1845 1849 1849 1843 1843 1848 1848 1849 1849 1844 1844 1843 1843 1849 1849 1850 1850 1845 1845 1852 1852 1847 1847 1851 1851 1856 1856 1853 1853 1855 1855 1857 1857 1854 1854 1853 1853 1857 1857 1853 1853 1856 1856 1868 1868 1861 1861 1860 1860 1868 1868 1862 1862 1861 1861 1868 1868 1859 1859 1858 1858 1868 1868 1863 1863 1862 1862 1868 1868 1864 1864 1863 1863 1868 1868 1865 1865 1864 1864 1868 1868 1860 1860 1859 1859 1868 1868 1866 1866 1865 1865 1868 1868 1867 1867 1866 1866 1868 1868 1858 1858 1869 1869 1899 1899 1900 1900 1871 1871 1898 1898 1899 1899 1872 1872 1897 1897 1898 1898 1872 1872 1897 1897 1872 1872 1873 1873 1896 1896 1897 1897 1873 1873 1896 1896 1873 1873 1874 1874 1893 1893 1875 1875 1876 1876 1894 1894 1895 1895 1874 1874 1894 1894 1874 1874 1875 1875 1893 1893 1894 1894 1875 1875 1900 1900 1901 1901 1870 1870 1892 1892 1876 1876 1891 1891 1892 1892 1893 1893 1876 1876 1895 1895 1896 1896 1874 1874 1900 1900 1870 1870 1871 1871 1899 1899 1871 1871 1872 1872 1870 1870 1901 1901 1882 1882 1870 1870 1882 1882 1881 1881 1890 1890 1891 1891 1876 1876 1890 1890 1876 1876 1877 1877 1889 1889 1890 1890 1877 1877 1889 1889 1877 1877 1878 1878 1888 1888 1878 1878 1879 1879 1887 1887 1888 1888 1879 1879 1878 1878 1888 1888 1889 1889 1886 1886 1879 1879 1880 1880 1885 1885 1886 1886 1880 1880 1884 1884 1885 1885 1880 1880 1884 1884 1880 1880 1881 1881 1883 1883 1884 1884 1881 1881 1881 1881 1882 1882 1883 1883 1879 1879 1886 1886 1887 1887 1906 1906 1905 1905 1934 1934 1903 1903 1930 1930 1936 1936 1904 1904 1903 1903 1936 1936 1904 1904 1936 1936 1935 1935 1905 1905 1904 1904 1935 1935 1905 1905 1935 1935 1934 1934 1907 1907 1934 1934 1933 1933 1911 1911 1910 1910 1922 1922 1908 1908 1907 1907 1933 1933 1908 1908 1933 1933 1932 1932 1909 1909 1908 1908 1932 1932 1909 1909 1932 1932 1931 1931 1910 1910 1909 1909 1931 1931 1910 1910 1931 1931 1922 1922 1903 1903 1902 1902 1930 1930 1907 1907 1906 1906 1934 1934 1902 1902 1921 1921 1930 1930 1914 1914 1913 1913 1924 1924 1921 1921 1920 1920 1929 1929 1921 1921 1929 1929 1930 1930 1912 1912 1922 1922 1923 1923 1913 1913 1912 1912 1923 1923 1913 1913 1923 1923 1924 1924 1915 1915 1924 1924 1925 1925 1915 1915 1914 1914 1924 1924 1916 1916 1915 1915 1925 1925 1912 1912 1911 1911 1922 1922 1917 1917 1916 1916 1926 1926 1917 1917 1926 1926 1927 1927 1918 1918 1917 1917 1927 1927 1919 1919 1918 1918 1927 1927 1919 1919 1927 1927 1928 1928 1920 1920 1919 1919 1928 1928 1920 1920 1928 1928 1929 1929 1916 1916 1925 1925 1926 1926 1956 1956 1955 1955 1947 1947 1971 1971 1944 1944 1970 1970 1956 1956 1947 1947 1948 1948 1971 1971 1945 1945 1944 1944 1957 1957 1956 1956 1948 1948 1962 1962 1945 1945 1971 1971 1958 1958 1948 1948 1949 1949 1959 1959 1958 1958 1949 1949 1961 1961 1945 1945 1962 1962 1961 1961 1951 1951 1945 1945 1960 1960 1950 1950 1951 1951 1960 1960 1951 1951 1961 1961 1959 1959 1949 1949 1950 1950 1960 1960 1959 1959 1950 1950 1970 1970 1944 1944 1969 1969 1958 1958 1957 1957 1948 1948 1955 1955 1954 1954 1947 1947 1937 1937 1952 1952 1938 1938 1969 1969 1944 1944 1943 1943 1947 1947 1954 1954 1946 1946 1940 1940 1939 1939 1964 1964 1940 1940 1964 1964 1965 1965 1938 1938 1963 1963 1964 1964 1940 1940 1965 1965 1966 1966 1941 1941 1940 1940 1966 1966 1938 1938 1952 1952 1963 1963 1942 1942 1941 1941 1966 1966 1938 1938 1964 1964 1939 1939 1937 1937 1953 1953 1952 1952 1942 1942 1967 1967 1968 1968 1946 1946 1953 1953 1937 1937 1943 1943 1942 1942 1968 1968 1943 1943 1968 1968 1969 1969 1942 1942 1966 1966 1967 1967 1946 1946 1954 1954 1953 1953 2175 2175 2170 2170 2169 2169 2171 2171 2167 2167 2118 2118 2170 2170 2159 2159 2169 2169 2173 2173 2164 2164 2168 2168 2163 2163 1979 1979 1980 1980 1979 1979 2163 2163 2166 2166 2172 2172 2165 2165 2170 2170 2173 2173 2169 2169 2164 2164 2116 2116 2171 2171 2118 2118 2175 2175 2169 2169 2173 2173 2172 2172 2166 2166 2165 2165 2174 2174 2168 2168 2167 2167 2163 2163 2158 2158 2166 2166 2167 2167 2162 2162 2157 2157 2170 2170 2165 2165 2159 2159 2167 2167 2168 2168 2162 2162 2168 2168 2164 2164 2162 2162 2169 2169 2159 2159 2160 2160 2169 2169 2160 2160 2164 2164 2166 2166 2161 2161 2165 2165 2172 2172 1979 1979 2166 2166 2166 2166 2158 2158 2161 2161 2167 2167 2157 2157 2118 2118 2164 2164 2160 2160 2154 2154 2165 2165 2155 2155 2159 2159 2165 2165 2161 2161 2155 2155 2164 2164 2154 2154 2162 2162 2116 2116 2118 2118 2117 2117 2174 2174 2167 2167 2171 2171 2180 2180 1979 1979 2172 2172 2176 2176 2170 2170 2175 2175 2161 2161 2158 2158 2156 2156 2192 2192 2180 2180 2184 2184 2189 2189 2179 2179 2187 2187 2189 2189 2185 2185 2179 2179 2188 2188 2182 2182 2183 2183 2186 2186 2187 2187 2177 2177 2185 2185 2184 2184 2178 2178 2187 2187 2179 2179 2177 2177 2185 2185 2178 2178 2179 2179 2186 2186 2177 2177 2182 2182 2180 2180 1977 1977 1978 1978 2183 2183 2116 2116 2115 2115 2184 2184 2180 2180 2176 2176 2173 2173 2168 2168 2174 2174 2179 2179 2178 2178 2181 2181 2183 2183 2182 2182 2116 2116 2182 2182 2171 2171 2116 2116 2177 2177 2171 2171 2182 2182 2176 2176 2175 2175 2178 2178 2181 2181 2173 2173 2179 2179 1978 1978 1979 1979 2180 2180 2180 2180 2172 2172 2176 2176 2177 2177 2179 2179 2174 2174 2181 2181 2178 2178 2173 2173 2179 2179 2173 2173 2174 2174 2176 2176 2172 2172 2170 2170 2178 2178 2175 2175 2173 2173 2177 2177 2174 2174 2171 2171 2184 2184 2176 2176 2178 2178 2162 2162 2154 2154 2157 2157 2137 2137 2133 2133 2129 2129 2163 2163 2153 2153 2158 2158 2139 2139 1981 1981 1982 1982 2148 2148 2143 2143 2142 2142 2145 2145 2138 2138 2137 2137 2147 2147 2142 2142 2140 2140 2150 2150 2141 2141 2120 2120 2146 2146 2140 2140 2138 2138 2143 2143 2135 2135 2142 2142 2145 2145 2137 2137 2141 2141 2143 2143 2139 2139 2135 2135 2140 2140 2142 2142 2136 2136 2139 2139 1982 1982 2001 2001 2140 2140 2134 2134 2138 2138 2141 2141 2137 2137 2129 2129 2146 2146 2138 2138 2144 2144 2140 2140 2136 2136 2134 2134 2137 2137 2138 2138 2133 2133 2142 2142 2135 2135 2131 2131 2142 2142 2131 2131 2136 2136 2141 2141 2129 2129 2120 2120 2139 2139 2001 2001 2002 2002 2138 2138 2134 2134 2133 2133 2188 2188 2186 2186 2182 2182 2139 2139 2002 2002 2132 2132 2134 2134 2136 2136 2130 2130 2135 2135 2132 2132 2128 2128 2136 2136 2131 2131 2130 2130 2135 2135 2128 2128 2131 2131 2134 2134 2130 2130 2133 2133 2139 2139 2132 2132 2135 2135 2163 2163 1980 1980 2153 2153 2149 2149 2139 2139 2143 2143 2150 2150 2120 2120 2119 2119 2157 2157 2119 2119 2118 2118 1980 1980 1981 1981 2153 2153 2161 2161 2156 2156 2151 2151 2160 2160 2159 2159 2152 2152 2118 2118 2119 2119 2227 2227 2161 2161 2151 2151 2155 2155 2160 2160 2152 2152 2154 2154 2159 2159 2155 2155 2152 2152 2154 2154 2150 2150 2157 2157 2158 2158 2153 2153 2148 2148 2158 2158 2148 2148 2156 2156 2154 2154 2152 2152 2145 2145 2153 2153 1981 1981 2143 2143 2144 2144 2138 2138 2145 2145 2157 2157 2150 2150 2119 2119 1981 1981 2149 2149 2143 2143 2156 2156 2148 2148 2147 2147 2156 2156 2147 2147 2151 2151 2155 2155 2146 2146 2144 2144 2155 2155 2151 2151 2146 2146 2154 2154 2145 2145 2150 2150 2153 2153 2143 2143 2148 2148 2145 2145 2141 2141 2150 2150 2151 2151 2147 2147 2140 2140 2152 2152 2144 2144 2145 2145 2149 2149 1981 1981 2139 2139 2148 2148 2142 2142 2147 2147 2151 2151 2140 2140 2146 2146 2155 2155 2144 2144 2152 2152 2192 2192 1977 1977 2180 2180 2214 2214 2211 2211 2207 2207 2191 2191 2183 2183 2115 2115 2233 2233 2121 2121 2123 2123 2233 2233 2123 2123 2224 2224 2116 2116 2117 2117 2228 2228 2118 2118 2227 2227 2117 2117 2121 2121 2122 2122 2123 2123 1972 1972 2223 2223 2007 2007 2007 2007 2223 2223 2008 2008 2223 2223 1972 1972 1973 1973 2223 2223 2221 2221 2008 2008 2222 2222 2009 2009 2008 2008 1973 1973 2220 2220 2223 2223 2222 2222 2010 2010 2009 2009 2008 2008 2221 2221 2222 2222 2223 2223 2220 2220 2221 2221 2221 2221 2220 2220 2218 2218 2010 2010 2222 2222 2217 2217 2222 2222 2221 2221 2215 2215 2221 2221 2218 2218 2215 2215 1973 1973 2216 2216 2220 2220 2222 2222 2215 2215 2217 2217 2010 2010 2217 2217 2219 2219 1973 1973 1974 1974 2216 2216 2219 2219 2217 2217 2214 2214 2220 2220 2216 2216 2218 2218 2218 2218 2216 2216 2212 2212 2219 2219 2213 2213 2011 2011 2219 2219 2214 2214 2213 2213 2233 2233 2224 2224 2225 2225 2233 2233 2120 2120 2121 2121 2233 2233 2225 2225 2226 2226 2233 2233 2119 2119 2120 2120 2000 2000 2244 2244 2242 2242 2244 2244 2000 2000 1999 1999 2244 2244 1999 1999 1998 1998 2244 2244 2241 2241 2242 2242 2244 2244 1998 1998 1997 1997 2244 2244 2240 2240 2241 2241 2244 2244 2239 2239 2240 2240 2244 2244 1997 1997 2239 2239 2243 2243 2237 2237 2238 2238 2243 2243 2238 2238 1995 1995 2243 2243 2236 2236 2237 2237 2243 2243 1995 1995 1994 1994 2243 2243 2235 2235 2236 2236 2218 2218 2212 2212 2215 2215 2243 2243 1994 1994 1993 1993 2243 2243 1992 1992 2235 2235 1997 1997 1996 1996 2239 2239 2044 2044 2238 2238 1996 1996 2232 2232 2234 2234 2231 2231 2234 2234 2232 2232 2114 2114 2234 2234 2230 2230 2231 2231 2234 2234 2114 2114 2115 2115 2234 2234 2229 2229 2230 2230 2234 2234 2228 2228 2229 2229 2234 2234 2115 2115 2228 2228 2228 2228 2115 2115 2116 2116 2233 2233 2226 2226 2227 2227 2233 2233 2227 2227 2119 2119 2243 2243 1993 1993 1992 1992 2217 2217 2215 2215 2211 2211 2011 2011 2213 2213 2012 2012 2215 2215 2212 2212 2209 2209 2205 2205 2194 2194 2199 2199 2201 2201 2197 2197 2200 2200 1976 1976 2196 2196 2198 2198 2204 2204 2191 2191 2202 2202 2204 2204 2199 2199 2191 2191 2203 2203 2195 2195 2194 2194 2201 2201 2198 2198 2197 2197 2194 2194 2195 2195 2188 2188 2199 2199 2194 2194 2193 2193 2200 2200 2197 2197 2195 2195 2202 2202 2191 2191 2114 2114 2198 2198 2196 2196 2190 2190 2197 2197 2187 2187 2195 2195 2202 2202 2114 2114 2232 2232 1976 1976 2192 2192 2196 2196 2199 2199 2193 2193 2191 2191 2198 2198 2190 2190 2189 2189 2195 2195 2186 2186 2188 2188 2197 2197 2189 2189 2187 2187 2192 2192 1976 1976 1977 1977 2195 2195 2187 2187 2186 2186 2193 2193 2194 2194 2183 2183 2196 2196 2192 2192 2190 2190 2190 2190 2192 2192 2185 2185 2194 2194 2188 2188 2183 2183 2193 2193 2183 2183 2191 2191 2191 2191 2115 2115 2114 2114 2190 2190 2185 2185 2189 2189 2197 2197 2198 2198 2189 2189 2192 2192 2184 2184 2185 2185 2206 2206 1976 1976 2198 2198 2206 2206 2198 2198 2201 2201 2217 2217 2211 2211 2214 2214 2216 2216 2210 2210 2212 2212 2216 2216 1974 1974 2210 2210 2213 2213 2214 2214 2207 2207 2213 2213 2204 2204 2012 2012 1974 1974 1975 1975 2210 2210 2133 2133 2130 2130 2127 2127 2212 2212 2210 2210 2208 2208 2215 2215 2209 2209 2211 2211 2213 2213 2207 2207 2204 2204 2211 2211 2209 2209 2205 2205 2212 2212 2208 2208 2209 2209 2211 2211 2205 2205 2207 2207 2203 2203 2200 2200 2195 2195 2012 2012 2204 2204 2202 2202 2210 2210 1975 1975 2206 2206 2013 2013 2232 2232 1992 1992 2013 2013 2202 2202 2232 2232 2209 2209 2208 2208 2203 2203 2210 2210 2201 2201 2208 2208 2210 2210 2206 2206 2201 2201 2209 2209 2203 2203 2205 2205 2208 2208 2200 2200 2203 2203 2207 2207 2205 2205 2199 2199 2208 2208 2201 2201 2200 2200 2207 2207 2199 2199 2204 2204 1975 1975 1976 1976 2206 2206 2205 2205 2203 2203 2194 2194 2013 2013 2012 2012 2202 2202 2129 2129 2121 2121 2120 2120 1991 1991 1990 1990 2110 2110 2133 2133 2127 2127 2129 2129 2057 2057 2050 2050 2049 2049 2058 2058 2047 2047 2051 2051 2054 2054 2051 2051 2044 2044 2056 2056 2049 2049 2052 2052 2055 2055 2052 2052 2043 2043 2055 2055 2043 2043 2048 2048 2053 2053 2048 2048 2045 2045 2051 2051 2047 2047 2038 2038 2052 2052 2049 2049 2046 2046 2053 2053 2045 2045 2047 2047 2049 2049 2050 2050 2042 2042 2052 2052 2046 2046 2043 2043 2050 2050 1984 1984 2039 2039 2051 2051 2038 2038 2044 2044 2050 2050 2039 2039 2042 2042 2044 2044 2038 2038 1995 1995 2049 2049 2041 2041 2046 2046 2049 2049 2042 2042 2041 2041 2045 2045 2048 2048 2040 2040 2046 2046 2037 2037 2043 2043 1984 1984 1983 1983 2039 2039 2048 2048 2043 2043 2040 2040 2047 2047 2033 2033 2038 2038 2047 2047 2045 2045 2033 2033 2039 2039 2036 2036 2042 2042 2046 2046 2041 2041 2037 2037 2045 2045 2040 2040 2033 2033 2053 2053 2055 2055 2048 2048 2057 2057 1984 1984 2050 2050 2059 2059 2051 2051 2054 2054 2132 2132 2002 2002 2003 2003 2067 2067 2062 2062 2065 2065 2069 2069 1986 1986 1985 1985 2071 2071 2065 2065 2064 2064 2070 2070 2064 2064 2063 2063 2069 2069 1985 1985 2061 2061 2066 2066 1997 1997 2068 2068 2065 2065 2062 2062 2058 2058 2069 2069 2061 2061 2060 2060 2067 2067 2060 2060 2055 2055 2067 2067 2055 2055 2062 2062 2066 2066 2063 2063 2054 2054 2064 2064 2065 2065 2059 2059 2066 2066 2054 2054 1997 1997 2044 2044 1995 1995 2238 2238 2060 2060 2061 2061 2056 2056 2062 2062 2055 2055 2053 2053 2065 2065 2058 2058 2059 2059 2063 2063 2059 2059 2054 2054 2061 2061 1985 1985 2057 2057 2062 2062 2053 2053 2058 2058 2061 2061 2057 2057 2056 2056 1997 1997 2054 2054 2044 2044 2060 2060 2056 2056 2055 2055 1997 1997 2044 2044 1996 1996 2057 2057 1985 1985 1984 1984 2057 2057 2049 2049 2056 2056 2059 2059 2058 2058 2051 2051 2056 2056 2052 2052 2055 2055 2063 2063 2064 2064 2059 2059 2042 2042 2036 2036 2041 2041 2043 2043 2037 2037 2040 2040 2041 2041 2035 2035 2037 2037 2028 2028 2021 2021 2024 2024 2027 2027 2019 2019 2023 2023 2026 2026 2020 2020 2019 2019 2025 2025 2008 2008 2009 2009 2025 2025 2009 2009 2022 2022 2024 2024 2021 2021 2020 2020 2021 2021 2022 2022 2017 2017 2023 2023 2019 2019 1993 1993 2023 2023 1993 1993 1994 1994 2021 2021 2018 2018 2020 2020 2021 2021 2017 2017 2018 2018 2022 2022 2009 2009 2017 2017 2020 2020 2018 2018 2016 2016 2029 2029 2022 2022 2021 2021 2019 2019 2020 2020 2014 2014 2020 2020 2016 2016 2014 2014 2019 2019 2014 2014 2015 2015 2018 2018 2017 2017 2011 2011 2019 2019 2015 2015 1993 1993 2017 2017 2010 2010 2219 2219 2018 2018 2011 2011 2016 2016 2017 2017 2219 2219 2011 2011 2015 2015 1992 1992 1993 1993 2015 2015 2014 2014 2013 2013 2016 2016 2011 2011 2012 2012 2016 2016 2012 2012 2014 2014 2015 2015 2013 2013 1992 1992 2014 2014 2012 2012 2013 2013 2009 2009 2010 2010 2017 2017 2072 2072 2069 2069 2060 2060 2027 2027 2026 2026 2019 2019 2030 2030 2007 2007 2025 2025 2039 2039 1983 1983 2034 2034 2041 2041 2036 2036 2035 2035 2033 2033 2031 2031 2038 2038 2040 2040 2037 2037 2033 2033 2039 2039 2032 2032 2036 2036 2039 2039 2034 2034 2032 2032 2036 2036 2028 2028 2035 2035 2037 2037 2035 2035 2026 2026 2037 2037 2027 2027 2033 2033 2038 2038 2031 2031 1995 1995 2036 2036 2029 2029 2028 2028 2037 2037 2026 2026 2027 2027 2036 2036 2032 2032 2029 2029 2025 2025 2007 2007 2008 2008 2035 2035 2028 2028 2024 2024 2034 2034 1972 1972 2030 2030 2035 2035 2024 2024 2026 2026 2033 2033 2027 2027 2031 2031 2034 2034 2030 2030 2032 2032 2032 2032 2030 2030 2025 2025 2031 2031 1994 1994 1995 1995 2032 2032 2025 2025 2029 2029 2030 2030 1972 1972 2007 2007 2031 2031 2027 2027 2023 2023 2028 2028 2029 2029 2021 2021 2029 2029 2025 2025 2022 2022 2026 2026 2024 2024 2020 2020 2031 2031 2023 2023 1994 1994 2034 2034 1983 1983 1972 1972 2072 2072 2060 2060 2067 2067 2058 2058 2053 2053 2047 2047 2071 2071 2064 2064 2070 2070 2110 2110 1990 1990 2106 2106 2109 2109 2107 2107 2104 2104 2110 2110 2106 2106 2108 2108 1990 1990 1989 1989 2106 2106 2107 2107 2108 2108 2105 2105 2004 2004 2104 2104 2005 2005 2108 2108 2106 2106 2105 2105 2005 2005 2104 2104 2101 2101 1989 1989 2102 2102 2106 2106 2107 2107 2105 2105 2103 2103 2107 2107 2103 2103 2104 2104 2105 2105 2106 2106 2100 2100 2101 2101 2124 2124 2005 2005 2101 2101 2006 2006 2124 2124 2102 2102 1989 1989 2096 2096 2104 2104 2103 2103 2097 2097 2106 2106 2102 2102 2100 2100 2103 2103 2105 2105 2099 2099 2104 2104 2097 2097 2092 2092 2101 2101 1999 1999 2006 2006 2100 2100 2102 2102 2098 2098 2105 2105 2100 2100 2099 2099 2104 2104 2092 2092 2101 2101 2103 2103 2099 2099 2097 2097 2006 2006 1999 1999 2000 2000 2096 2096 1989 1989 1988 1988 2101 2101 2092 2092 2093 2093 2004 2004 2109 2109 2104 2104 2066 2066 2070 2070 2063 2063 2003 2003 2109 2109 2004 2004 2111 2111 2108 2108 2107 2107 2131 2131 2128 2128 2126 2126 2130 2130 2125 2125 2127 2127 2132 2132 2003 2003 2128 2128 2131 2131 2126 2126 2130 2130 2130 2130 2126 2126 2125 2125 2128 2128 2003 2003 2004 2004 2129 2129 2122 2122 2121 2121 2127 2127 2122 2122 2129 2129 2128 2128 2004 2004 2126 2126 2126 2126 2005 2005 2125 2125 2127 2127 2125 2125 2122 2122 2126 2126 2004 2004 2005 2005 2125 2125 2005 2005 2124 2124 2102 2102 2096 2096 2098 2098 2125 2125 2124 2124 2122 2122 2122 2122 2006 2006 2123 2123 2006 2006 2000 2000 2123 2123 1991 1991 2001 2001 1982 1982 1991 1991 2113 2113 2001 2001 2113 2113 2002 2002 2001 2001 1991 1991 2112 2112 2113 2113 2113 2113 2111 2111 2002 2002 2113 2113 2112 2112 2111 2111 1991 1991 2110 2110 2112 2112 2111 2111 2003 2003 2002 2002 2111 2111 2109 2109 2003 2003 2112 2112 2108 2108 2111 2111 2112 2112 2110 2110 2108 2108 2124 2124 2006 2006 2122 2122 2100 2100 2095 2095 2099 2099 2111 2111 2107 2107 2109 2109 2099 2099 2091 2091 2097 2097 2085 2085 2082 2082 2075 2075 2084 2084 2076 2076 2078 2078 2087 2087 2079 2079 2080 2080 2085 2085 2075 2075 1998 1998 2084 2084 2077 2077 2076 2076 2083 2083 2078 2078 2079 2079 2081 2081 2080 2080 2074 2074 2081 2081 2074 2074 2075 2075 2077 2077 1987 1987 1986 1986 2078 2078 2076 2076 2073 2073 2075 2075 2068 2068 1998 1998 2077 2077 1986 1986 2072 2072 2080 2080 2079 2079 2070 2070 2079 2079 2078 2078 2071 2071 2080 2080 2070 2070 2074 2074 2076 2076 2077 2077 2067 2067 2079 2079 2071 2071 2070 2070 2075 2075 2074 2074 2066 2066 2078 2078 2073 2073 2071 2071 2077 2077 2072 2072 2067 2067 2076 2076 2067 2067 2073 2073 2075 2075 2066 2066 2068 2068 2073 2073 2065 2065 2071 2071 1986 1986 2069 2069 2072 2072 1998 1998 2068 2068 1997 1997 2100 2100 2098 2098 2095 2095 2073 2073 2067 2067 2065 2065 2082 2082 2081 2081 2075 2075 2087 2087 2080 2080 2081 2081 2074 2074 2070 2070 2066 2066 2086 2086 2085 2085 1998 1998 2101 2101 2093 2093 1999 1999 2096 2096 2090 2090 2098 2098 2098 2098 2094 2094 2095 2095 1999 1999 2093 2093 2086 2086 2099 2099 2095 2095 2091 2091 2095 2095 2094 2094 2089 2089 2098 2098 2090 2090 2094 2094 2097 2097 2091 2091 2092 2092 1988 1988 2084 2084 2096 2096 2091 2091 2095 2095 2088 2088 2096 2096 2084 2084 2083 2083 2095 2095 2089 2089 2088 2088 2096 2096 2083 2083 2090 2090 2092 2092 2091 2091 2085 2085 2094 2094 2087 2087 2089 2089 2092 2092 2085 2085 2093 2093 2084 2084 1988 1988 1987 1987 2088 2088 2081 2081 2082 2082 2087 2087 2083 2083 2079 2079 2089 2089 2087 2087 2081 2081 2090 2090 2083 2083 2087 2087 2091 2091 2088 2088 2082 2082 1999 1999 2086 2086 1998 1998 2084 2084 1987 1987 2077 2077 2091 2091 2082 2082 2085 2085 2093 2093 2085 2085 2086 2086 2094 2094 2090 2090 2087 2087 2088 2088 2089 2089 2081 2081 2083 2083 2084 2084 2078 2078 2248 2248 2245 2245 2247 2247 2248 2248 2246 2246 2245 2245 2258 2258 2259 2259 2254 2254 2256 2256 2252 2252 2249 2249 2259 2259 2255 2255 2254 2254 2259 2259 2260 2260 2255 2255 2257 2257 2252 2252 2256 2256 2257 2257 2253 2253 2252 2252 2257 2257 2258 2258 2253 2253 2258 2258 2254 2254 2253 2253 2260 2260 2250 2250 2255 2255 2251 2251 2250 2250 2260 2260 2268 2268 2265 2265 2264 2264 2281 2281 2262 2262 2261 2261 2281 2281 2263 2263 2262 2262 2268 2268 2266 2266 2265 2265 2280 2280 2263 2263 2281 2281 2272 2272 2271 2271 2273 2273 2276 2276 2275 2275 2278 2278 2271 2271 2270 2270 2273 2273 2273 2273 2269 2269 2274 2274 2275 2275 2279 2279 2278 2278 2274 2274 2264 2264 2279 2279 2274 2274 2269 2269 2264 2264 2279 2279 2264 2264 2280 2280 2275 2275 2274 2274 2279 2279 2280 2280 2264 2264 2263 2263 2269 2269 2268 2268 2264 2264 2268 2268 2267 2267 2266 2266 2276 2276 2278 2278 2277 2277 2273 2273 2270 2270 2269 2269 2288 2288 2284 2284 2283 2283 2288 2288 2289 2289 2284 2284 2289 2289 2290 2290 2285 2285 2289 2289 2285 2285 2284 2284 2288 2288 2282 2282 2287 2287 2288 2288 2283 2283 2282 2282 2290 2290 2286 2286 2285 2285 2291 2291 2286 2286 2290 2290 2294 2294 2292 2292 2293 2293 2295 2295 2292 2292 2294 2294 2306 2306 2301 2301 2305 2305 2303 2303 2297 2297 2302 2302 2302 2302 2297 2297 2296 2296 2303 2303 2298 2298 2297 2297 2305 2305 2300 2300 2299 2299 2304 2304 2305 2305 2299 2299 2303 2303 2304 2304 2299 2299 2303 2303 2299 2299 2298 2298 2305 2305 2301 2301 2300 2300 2309 2309 2307 2307 2308 2308 2310 2310 2307 2307 2309 2309 2317 2317 2313 2313 2312 2312 2317 2317 2318 2318 2313 2313 2318 2318 2319 2319 2314 2314 2318 2318 2314 2314 2313 2313 2317 2317 2311 2311 2316 2316 2317 2317 2312 2312 2311 2311 2319 2319 2315 2315 2314 2314 2320 2320 2315 2315 2319 2319 2323 2323 2321 2321 2322 2322 2324 2324 2321 2321 2323 2323 2336 2336 2326 2326 2325 2325 2335 2335 2326 2326 2336 2336 2335 2335 2334 2334 2333 2333 2335 2335 2327 2327 2326 2326 2335 2335 2332 2332 2331 2331 2335 2335 2333 2333 2332 2332 2335 2335 2330 2330 2329 2329 2335 2335 2329 2329 2328 2328 2335 2335 2328 2328 2327 2327 2335 2335 2331 2331 2330 2330 2364 2364 2365 2365 2340 2340 2368 2368 2369 2369 2338 2338 2367 2367 2368 2368 2338 2338 2366 2366 2367 2367 2339 2339 2365 2365 2366 2366 2339 2339 2365 2365 2339 2339 2340 2340 2363 2363 2364 2364 2340 2340 2342 2342 2360 2360 2361 2361 2362 2362 2363 2363 2341 2341 2361 2361 2362 2362 2341 2341 2361 2361 2341 2341 2342 2342 2369 2369 2337 2337 2338 2338 2359 2359 2360 2360 2342 2342 2359 2359 2342 2342 2343 2343 2363 2363 2340 2340 2341 2341 2337 2337 2369 2369 2349 2349 2367 2367 2338 2338 2339 2339 2348 2348 2337 2337 2349 2349 2348 2348 2349 2349 2350 2350 2343 2343 2358 2358 2359 2359 2358 2358 2343 2343 2344 2344 2357 2357 2358 2358 2344 2344 2356 2356 2344 2344 2345 2345 2355 2355 2356 2356 2345 2345 2354 2354 2355 2355 2345 2345 2356 2356 2357 2357 2344 2344 2353 2353 2354 2354 2346 2346 2353 2353 2346 2346 2347 2347 2352 2352 2353 2353 2347 2347 2351 2351 2352 2352 2347 2347 2351 2351 2347 2347 2348 2348 2350 2350 2351 2351 2348 2348 2354 2354 2345 2345 2346 2346 2375 2375 2403 2403 2402 2402 2372 2372 2371 2371 2405 2405 2372 2372 2405 2405 2404 2404 2373 2373 2372 2372 2404 2404 2373 2373 2404 2404 2403 2403 2374 2374 2373 2373 2403 2403 2375 2375 2374 2374 2403 2403 2376 2376 2402 2402 2401 2401 2380 2380 2379 2379 2391 2391 2377 2377 2376 2376 2401 2401 2377 2377 2401 2401 2400 2400 2378 2378 2377 2377 2400 2400 2378 2378 2400 2400 2399 2399 2379 2379 2378 2378 2399 2399 2379 2379 2399 2399 2391 2391 2371 2371 2370 2370 2398 2398 2376 2376 2375 2375 2402 2402 2371 2371 2398 2398 2405 2405 2383 2383 2393 2393 2394 2394 2390 2390 2397 2397 2398 2398 2370 2370 2390 2390 2398 2398 2380 2380 2391 2391 2392 2392 2381 2381 2380 2380 2392 2392 2381 2381 2392 2392 2393 2393 2382 2382 2381 2381 2393 2393 2384 2384 2383 2383 2394 2394 2385 2385 2384 2384 2394 2394 2383 2383 2382 2382 2393 2393 2386 2386 2385 2385 2395 2395 2387 2387 2386 2386 2395 2395 2387 2387 2395 2395 2396 2396 2388 2388 2387 2387 2396 2396 2389 2389 2388 2388 2396 2396 2389 2389 2396 2396 2397 2397 2390 2390 2389 2389 2397 2397 2385 2385 2394 2394 2395 2395 2424 2424 2415 2415 2416 2416 2431 2431 2413 2413 2440 2440 2425 2425 2424 2424 2416 2416 2439 2439 2413 2413 2412 2412 2440 2440 2413 2413 2439 2439 2426 2426 2416 2416 2417 2417 2426 2426 2425 2425 2416 2416 2427 2427 2426 2426 2417 2417 2429 2429 2419 2419 2430 2430 2427 2427 2417 2417 2418 2418 2430 2430 2420 2420 2431 2431 2428 2428 2427 2427 2418 2418 2430 2430 2419 2419 2420 2420 2428 2428 2418 2418 2419 2419 2429 2429 2428 2428 2419 2419 2439 2439 2412 2412 2438 2438 2431 2431 2420 2420 2413 2413 2424 2424 2423 2423 2415 2415 2406 2406 2421 2421 2432 2432 2411 2411 2437 2437 2438 2438 2438 2438 2412 2412 2411 2411 2408 2408 2433 2433 2434 2434 2407 2407 2433 2433 2408 2408 2409 2409 2408 2408 2435 2435 2409 2409 2435 2435 2441 2441 2407 2407 2432 2432 2433 2433 2410 2410 2409 2409 2441 2441 2406 2406 2432 2432 2407 2407 2408 2408 2434 2434 2435 2435 2410 2410 2441 2441 2436 2436 2414 2414 2421 2421 2406 2406 2414 2414 2422 2422 2421 2421 2410 2410 2436 2436 2437 2437 2411 2411 2410 2410 2437 2437 2414 2414 2423 2423 2422 2422 2415 2415 2423 2423 2414 2414 2642 2642 2635 2635 2634 2634 2641 2641 2639 2639 2636 2636 2640 2640 2630 2630 2639 2639 2643 2643 2636 2636 2635 2635 2589 2589 2637 2637 2591 2591 2449 2449 2638 2638 2640 2640 2645 2645 2637 2637 2589 2589 2644 2644 2642 2642 2634 2634 2644 2644 2634 2634 2637 2637 2641 2641 2636 2636 2643 2643 2638 2638 2449 2449 2450 2450 2643 2643 2635 2635 2642 2642 2634 2634 2635 2635 2631 2631 2636 2636 2629 2629 2628 2628 2640 2640 2638 2638 2630 2630 2589 2589 2591 2591 2590 2590 2639 2639 2630 2630 2633 2633 2635 2635 2636 2636 2628 2628 2638 2638 2450 2450 2632 2632 2637 2637 2634 2634 2591 2591 2646 2646 2640 2640 2639 2639 2638 2638 2632 2632 2630 2630 2636 2636 2633 2633 2629 2629 2635 2635 2628 2628 2631 2631 2631 2631 2627 2627 2634 2634 2632 2632 2450 2450 2625 2625 2591 2591 2634 2634 2627 2627 2639 2639 2633 2633 2636 2636 2647 2647 2637 2637 2645 2645 2651 2651 2643 2643 2642 2642 2449 2449 2640 2640 2646 2646 2632 2632 2623 2623 2630 2630 2659 2659 2657 2657 2651 2651 2661 2661 2656 2656 2653 2653 2659 2659 2651 2651 2654 2654 2653 2653 2656 2656 2650 2650 2652 2652 2447 2447 2448 2448 2658 2658 2649 2649 2657 2657 2658 2658 2652 2652 2649 2649 2657 2657 2649 2649 2651 2651 2656 2656 2654 2654 2650 2650 2655 2655 2653 2653 2645 2645 2654 2654 2651 2651 2644 2644 2655 2655 2589 2589 2588 2588 2648 2648 2639 2639 2641 2641 2652 2652 2648 2648 2649 2649 2652 2652 2448 2448 2646 2646 2651 2651 2649 2649 2643 2643 2655 2655 2645 2645 2589 2589 2654 2654 2644 2644 2650 2650 2653 2653 2647 2647 2645 2645 2652 2652 2646 2646 2648 2648 2649 2649 2648 2648 2641 2641 2651 2651 2642 2642 2644 2644 2650 2650 2644 2644 2647 2647 2448 2448 2449 2449 2646 2646 2649 2649 2641 2641 2643 2643 2646 2646 2639 2639 2648 2648 2647 2647 2644 2644 2637 2637 2650 2650 2647 2647 2653 2653 2633 2633 2626 2626 2629 2629 2607 2607 2601 2601 2602 2602 2632 2632 2625 2625 2623 2623 2618 2618 2607 2607 2611 2611 2617 2617 2452 2452 2474 2474 2616 2616 2614 2614 2612 2612 2617 2617 2474 2474 2614 2614 2616 2616 2612 2612 2610 2610 2615 2615 2611 2611 2604 2604 2614 2614 2474 2474 2606 2606 2613 2613 2609 2609 2607 2607 2615 2615 2604 2604 2593 2593 2613 2613 2610 2610 2609 2609 2614 2614 2606 2606 2612 2612 2612 2612 2608 2608 2610 2610 2612 2612 2606 2606 2608 2608 2610 2610 2605 2605 2609 2609 2611 2611 2607 2607 2602 2602 2611 2611 2602 2602 2604 2604 2610 2610 2608 2608 2605 2605 2609 2609 2601 2601 2607 2607 2608 2608 2606 2606 2603 2603 2474 2474 2586 2586 2606 2606 2606 2606 2586 2586 2475 2475 2608 2608 2600 2600 2605 2605 2447 2447 2652 2652 2658 2658 2609 2609 2605 2605 2601 2601 2605 2605 2600 2600 2599 2599 2608 2608 2603 2603 2600 2600 2602 2602 2594 2594 2604 2604 2619 2619 2610 2610 2613 2613 2620 2620 2615 2615 2593 2593 2618 2618 2613 2613 2607 2607 2621 2621 2614 2614 2616 2616 2633 2633 2624 2624 2626 2626 2625 2625 2450 2450 2451 2451 2627 2627 2592 2592 2591 2591 2631 2631 2628 2628 2620 2620 2630 2630 2623 2623 2619 2619 2629 2629 2626 2626 2622 2622 2631 2631 2620 2620 2627 2627 2591 2591 2592 2592 2697 2697 2630 2630 2619 2619 2624 2624 2629 2629 2622 2622 2628 2628 2627 2627 2620 2620 2592 2592 2626 2626 2624 2624 2618 2618 2628 2628 2622 2622 2620 2620 2633 2633 2630 2630 2624 2624 2625 2625 2451 2451 2621 2621 2623 2623 2625 2625 2616 2616 2622 2622 2615 2615 2620 2620 2451 2451 2617 2617 2621 2621 2625 2625 2621 2621 2616 2616 2624 2624 2619 2619 2618 2618 2622 2622 2618 2618 2611 2611 2623 2623 2616 2616 2619 2619 2618 2618 2619 2619 2613 2613 2622 2622 2611 2611 2615 2615 2621 2621 2617 2617 2614 2614 2619 2619 2616 2616 2610 2610 2617 2617 2451 2451 2452 2452 2592 2592 2620 2620 2593 2593 2626 2626 2618 2618 2622 2622 2660 2660 2655 2655 2588 2588 2485 2485 2679 2679 2678 2678 2663 2663 2654 2654 2656 2656 2703 2703 2693 2693 2694 2694 2703 2703 2594 2594 2595 2595 2703 2703 2595 2595 2693 2693 2587 2587 2588 2588 2702 2702 2589 2589 2590 2590 2698 2698 2591 2591 2697 2697 2590 2590 2442 2442 2692 2692 2480 2480 2480 2480 2692 2692 2481 2481 2442 2442 2443 2443 2692 2692 2443 2443 2691 2691 2692 2692 2482 2482 2689 2689 2483 2483 2481 2481 2687 2687 2482 2482 2481 2481 2692 2692 2687 2687 2482 2482 2687 2687 2689 2689 2691 2691 2443 2443 2686 2686 2483 2483 2689 2689 2690 2690 2692 2692 2688 2688 2687 2687 2692 2692 2691 2691 2688 2688 2686 2686 2443 2443 2444 2444 2691 2691 2686 2686 2688 2688 2689 2689 2685 2685 2690 2690 2689 2689 2687 2687 2683 2683 2690 2690 2685 2685 2485 2485 2690 2690 2485 2485 2484 2484 2688 2688 2682 2682 2687 2687 2689 2689 2683 2683 2685 2685 2688 2688 2686 2686 2684 2684 2703 2703 2593 2593 2594 2594 2703 2703 2694 2694 2695 2695 2703 2703 2592 2592 2593 2593 2703 2703 2695 2695 2696 2696 2472 2472 2714 2714 2712 2712 2714 2714 2472 2472 2471 2471 2714 2714 2471 2471 2470 2470 2714 2714 2711 2711 2712 2712 2714 2714 2470 2470 2469 2469 2714 2714 2710 2710 2711 2711 2714 2714 2709 2709 2710 2710 2714 2714 2469 2469 2709 2709 2713 2713 2707 2707 2708 2708 2713 2713 2708 2708 2466 2466 2713 2713 2466 2466 2465 2465 2713 2713 2706 2706 2707 2707 2713 2713 2465 2465 2464 2464 2444 2444 2677 2677 2686 2686 2713 2713 2705 2705 2706 2706 2713 2713 2463 2463 2462 2462 2713 2713 2462 2462 2705 2705 2469 2469 2468 2468 2709 2709 2466 2466 2708 2708 2467 2467 2702 2702 2704 2704 2701 2701 2704 2704 2702 2702 2588 2588 2704 2704 2700 2700 2701 2701 2704 2704 2699 2699 2700 2700 2704 2704 2588 2588 2589 2589 2704 2704 2589 2589 2698 2698 2704 2704 2698 2698 2699 2699 2703 2703 2696 2696 2697 2697 2703 2703 2697 2697 2592 2592 2713 2713 2464 2464 2463 2463 2662 2662 2653 2653 2655 2655 2688 2688 2684 2684 2682 2682 2485 2485 2678 2678 2486 2486 2674 2674 2669 2669 2666 2666 2445 2445 2446 2446 2664 2664 2672 2672 2662 2662 2671 2671 2674 2674 2666 2666 2667 2667 2673 2673 2668 2668 2587 2587 2672 2672 2667 2667 2662 2662 2446 2446 2665 2665 2664 2664 2587 2587 2668 2668 2588 2588 2671 2671 2662 2662 2668 2668 2669 2669 2663 2663 2666 2666 2670 2670 2659 2659 2669 2669 2670 2670 2664 2664 2659 2659 2667 2667 2666 2666 2661 2661 2668 2668 2662 2662 2660 2660 2669 2669 2659 2659 2663 2663 2665 2665 2446 2446 2447 2447 2668 2668 2660 2660 2588 2588 2666 2666 2663 2663 2661 2661 2662 2662 2655 2655 2660 2660 2665 2665 2658 2658 2664 2664 2665 2665 2447 2447 2658 2658 2667 2667 2661 2661 2662 2662 2659 2659 2654 2654 2663 2663 2662 2662 2661 2661 2653 2653 2664 2664 2658 2658 2657 2657 2663 2663 2656 2656 2661 2661 2664 2664 2657 2657 2659 2659 2675 2675 2664 2664 2670 2670 2676 2676 2671 2671 2668 2668 2674 2674 2667 2667 2672 2672 2675 2675 2445 2445 2664 2664 2687 2687 2682 2682 2683 2683 2485 2485 2685 2685 2679 2679 2684 2684 2686 2686 2681 2681 2683 2683 2682 2682 2680 2680 2601 2601 2598 2598 2602 2602 2678 2678 2487 2487 2486 2486 2686 2686 2677 2677 2681 2681 2684 2684 2681 2681 2682 2682 2444 2444 2445 2445 2675 2675 2444 2444 2675 2675 2677 2677 2487 2487 2678 2678 2587 2587 2683 2683 2680 2680 2676 2676 2487 2487 2702 2702 2462 2462 2685 2685 2683 2683 2679 2679 2487 2487 2587 2587 2702 2702 2683 2683 2676 2676 2679 2679 2680 2680 2682 2682 2672 2672 2681 2681 2677 2677 2674 2674 2679 2679 2673 2673 2678 2678 2681 2681 2674 2674 2672 2672 2680 2680 2671 2671 2676 2676 2680 2680 2672 2672 2671 2671 2679 2679 2676 2676 2673 2673 2678 2678 2673 2673 2587 2587 2677 2677 2669 2669 2674 2674 2677 2677 2675 2675 2670 2670 2677 2677 2670 2670 2669 2669 2673 2673 2676 2676 2668 2668 2681 2681 2672 2672 2682 2682 2604 2604 2594 2594 2593 2593 2475 2475 2585 2585 2583 2583 2606 2606 2475 2475 2476 2476 2529 2529 2521 2521 2524 2524 2528 2528 2520 2520 2527 2527 2523 2523 2455 2455 2516 2516 2527 2527 2518 2518 2525 2525 2524 2524 2521 2521 2514 2514 2527 2527 2520 2520 2518 2518 2526 2526 2525 2525 2466 2466 2524 2524 2519 2519 2520 2520 2525 2525 2518 2518 2466 2466 2522 2522 2523 2523 2515 2515 2523 2523 2516 2516 2515 2515 2526 2526 2466 2466 2467 2467 2524 2524 2514 2514 2519 2519 2521 2521 2517 2517 2514 2514 2520 2520 2519 2519 2513 2513 2516 2516 2455 2455 2454 2454 2522 2522 2511 2511 2517 2517 2522 2522 2515 2515 2511 2511 2520 2520 2513 2513 2518 2518 2518 2518 2507 2507 2466 2466 2517 2517 2510 2510 2514 2514 2519 2519 2514 2514 2513 2513 2518 2518 2513 2513 2507 2507 2516 2516 2512 2512 2515 2515 2517 2517 2511 2511 2510 2510 2516 2516 2454 2454 2512 2512 2514 2514 2505 2505 2513 2513 2530 2530 2522 2522 2517 2517 2530 2530 2517 2517 2521 2521 2526 2526 2467 2467 2468 2468 2606 2606 2476 2476 2603 2603 2542 2542 2534 2534 2533 2533 2540 2540 2532 2532 2537 2537 2456 2456 2536 2536 2541 2541 2542 2542 2533 2533 2539 2539 2541 2541 2536 2536 2538 2538 2540 2540 2535 2535 2532 2532 2539 2539 2533 2533 2526 2526 2539 2539 2526 2526 2469 2469 2538 2538 2529 2529 2535 2535 2538 2538 2536 2536 2530 2530 2534 2534 2527 2527 2533 2533 2456 2456 2531 2531 2536 2536 2537 2537 2528 2528 2534 2534 2511 2511 2509 2509 2510 2510 2531 2531 2456 2456 2455 2455 2537 2537 2532 2532 2528 2528 2533 2533 2525 2525 2526 2526 2533 2533 2527 2527 2525 2525 2536 2536 2531 2531 2530 2530 2535 2535 2529 2529 2532 2532 2534 2534 2528 2528 2527 2527 2532 2532 2529 2529 2524 2524 2469 2469 2526 2526 2468 2468 2455 2455 2523 2523 2531 2531 2530 2530 2521 2521 2529 2529 2531 2531 2522 2522 2530 2530 2532 2532 2524 2524 2520 2520 2532 2532 2520 2520 2528 2528 2538 2538 2530 2530 2529 2529 2541 2541 2538 2538 2535 2535 2454 2454 2506 2506 2512 2512 2515 2515 2508 2508 2511 2511 2501 2501 2481 2481 2495 2495 2500 2500 2491 2491 2497 2497 2499 2499 2493 2493 2496 2496 2499 2499 2497 2497 2493 2493 2498 2498 2494 2494 2492 2492 2496 2496 2493 2493 2488 2488 2495 2495 2481 2481 2482 2482 2497 2497 2491 2491 2493 2493 2496 2496 2488 2488 2494 2494 2495 2495 2482 2482 2491 2491 2494 2494 2489 2489 2492 2492 2491 2491 2482 2482 2483 2483 2491 2491 2490 2490 2493 2493 2494 2494 2488 2488 2489 2489 2492 2492 2463 2463 2464 2464 2493 2493 2490 2490 2488 2488 2492 2492 2489 2489 2463 2463 2491 2491 2483 2483 2490 2490 2490 2490 2483 2483 2690 2690 2490 2490 2484 2484 2488 2488 2489 2489 2488 2488 2486 2486 2490 2490 2690 2690 2484 2484 2489 2489 2486 2486 2463 2463 2484 2484 2485 2485 2488 2488 2488 2488 2485 2485 2486 2486 2463 2463 2486 2486 2487 2487 2463 2463 2487 2487 2462 2462 2500 2500 2495 2495 2491 2491 2502 2502 2492 2492 2464 2464 2501 2501 2480 2480 2481 2481 2503 2503 2497 2497 2499 2499 2515 2515 2512 2512 2508 2508 2513 2513 2505 2505 2502 2502 2454 2454 2453 2453 2506 2506 2510 2510 2509 2509 2504 2504 2513 2513 2502 2502 2507 2507 2511 2511 2508 2508 2499 2499 2512 2512 2506 2506 2508 2508 2511 2511 2499 2499 2509 2509 2466 2466 2507 2507 2465 2465 2510 2510 2498 2498 2505 2505 2510 2510 2504 2504 2498 2498 2506 2506 2453 2453 2501 2501 2508 2508 2506 2506 2503 2503 2514 2514 2510 2510 2505 2505 2509 2509 2499 2499 2504 2504 2506 2506 2501 2501 2500 2500 2508 2508 2503 2503 2499 2499 2507 2507 2464 2464 2465 2465 2507 2507 2502 2502 2464 2464 2504 2504 2496 2496 2498 2498 2505 2505 2498 2498 2502 2502 2453 2453 2442 2442 2501 2501 2504 2504 2499 2499 2496 2496 2502 2502 2498 2498 2492 2492 2501 2501 2495 2495 2500 2500 2503 2503 2500 2500 2497 2497 2498 2498 2496 2496 2494 2494 2442 2442 2480 2480 2501 2501 2506 2506 2500 2500 2503 2503 2543 2543 2537 2537 2534 2534 2531 2531 2523 2523 2522 2522 2548 2548 2456 2456 2541 2541 2584 2584 2579 2579 2581 2581 2585 2585 2582 2582 2577 2577 2583 2583 2577 2577 2580 2580 2477 2477 2574 2574 2578 2578 2579 2579 2460 2460 2459 2459 2580 2580 2575 2575 2574 2574 2578 2578 2478 2478 2477 2477 2582 2582 2581 2581 2576 2576 2581 2581 2579 2579 2576 2576 2580 2580 2577 2577 2575 2575 2582 2582 2576 2576 2577 2577 2459 2459 2571 2571 2579 2579 2579 2579 2570 2570 2576 2576 2575 2575 2577 2577 2573 2573 2578 2578 2574 2574 2566 2566 2577 2577 2576 2576 2572 2572 2459 2459 2458 2458 2571 2571 2579 2579 2571 2571 2570 2570 2575 2575 2569 2569 2574 2574 2575 2575 2573 2573 2569 2569 2577 2577 2572 2572 2573 2573 2576 2576 2570 2570 2572 2572 2578 2578 2566 2566 2471 2471 2571 2571 2567 2567 2570 2570 2574 2574 2569 2569 2566 2566 2572 2572 2570 2570 2568 2568 2578 2578 2471 2471 2479 2479 2477 2477 2580 2580 2574 2574 2573 2573 2565 2565 2569 2569 2544 2544 2535 2535 2540 2540 2583 2583 2585 2585 2577 2577 2605 2605 2599 2599 2601 2601 2603 2603 2476 2476 2600 2600 2601 2601 2599 2599 2597 2597 2602 2602 2598 2598 2594 2594 2599 2599 2600 2600 2478 2478 2601 2601 2597 2597 2598 2598 2600 2600 2476 2476 2477 2477 2598 2598 2596 2596 2594 2594 2600 2600 2477 2477 2478 2478 2598 2598 2597 2597 2596 2596 2599 2599 2478 2478 2597 2597 2478 2478 2578 2578 2597 2597 2596 2596 2595 2595 2594 2594 2597 2597 2578 2578 2479 2479 2597 2597 2479 2479 2596 2596 2596 2596 2479 2479 2473 2473 2596 2596 2473 2473 2595 2595 2474 2474 2452 2452 2461 2461 2474 2474 2461 2461 2586 2586 2461 2461 2585 2585 2586 2586 2461 2461 2460 2460 2585 2585 2586 2586 2585 2585 2475 2475 2460 2460 2584 2584 2585 2585 2475 2475 2583 2583 2476 2476 2585 2585 2584 2584 2581 2581 2476 2476 2583 2583 2580 2580 2584 2584 2460 2460 2579 2579 2585 2585 2581 2581 2582 2582 2572 2572 2564 2564 2573 2573 2476 2476 2580 2580 2477 2477 2572 2572 2568 2568 2564 2564 2558 2558 2547 2547 2555 2555 2555 2555 2547 2547 2470 2470 2557 2557 2550 2550 2547 2547 2557 2557 2552 2552 2550 2550 2553 2553 2546 2546 2554 2554 2556 2556 2549 2549 2551 2551 2457 2457 2548 2548 2553 2553 2554 2554 2545 2545 2549 2549 2552 2552 2551 2551 2542 2542 2554 2554 2546 2546 2545 2545 2553 2553 2548 2548 2544 2544 2549 2549 2545 2545 2543 2543 2550 2550 2552 2552 2539 2539 2551 2551 2549 2549 2543 2543 2553 2553 2544 2544 2546 2546 2552 2552 2542 2542 2539 2539 2551 2551 2543 2543 2542 2542 2550 2550 2539 2539 2547 2547 2548 2548 2541 2541 2544 2544 2547 2547 2469 2469 2470 2470 2547 2547 2539 2539 2469 2469 2546 2546 2540 2540 2545 2545 2546 2546 2544 2544 2540 2540 2543 2543 2534 2534 2542 2542 2479 2479 2471 2471 2473 2473 2544 2544 2541 2541 2535 2535 2545 2545 2540 2540 2537 2537 2559 2559 2551 2551 2552 2552 2559 2559 2552 2552 2557 2557 2543 2543 2545 2545 2537 2537 2560 2560 2553 2553 2554 2554 2573 2573 2564 2564 2565 2565 2571 2571 2458 2458 2562 2562 2471 2471 2472 2472 2473 2473 2570 2570 2567 2567 2561 2561 2571 2571 2562 2562 2567 2567 2570 2570 2561 2561 2568 2568 2471 2471 2566 2566 2555 2555 2569 2569 2565 2565 2558 2558 2569 2569 2558 2558 2566 2566 2565 2565 2564 2564 2559 2559 2567 2567 2562 2562 2563 2563 2458 2458 2560 2560 2562 2562 2568 2568 2561 2561 2564 2564 2558 2558 2565 2565 2557 2557 2567 2567 2563 2563 2561 2561 2565 2565 2559 2559 2557 2557 2564 2564 2561 2561 2559 2559 2561 2561 2556 2556 2551 2551 2563 2563 2554 2554 2556 2556 2471 2471 2555 2555 2470 2470 2559 2559 2561 2561 2551 2551 2566 2566 2558 2558 2555 2555 2562 2562 2560 2560 2554 2554 2557 2557 2547 2547 2558 2558 2563 2563 2562 2562 2554 2554 2560 2560 2458 2458 2457 2457 2561 2561 2563 2563 2556 2556 2560 2560 2457 2457 2553 2553 2556 2556 2554 2554 2549 2549 2719 2719 2716 2716 2715 2715 2718 2718 2717 2717 2716 2716 2718 2718 2716 2716 2719 2719 2729 2729 2730 2730 2725 2725 2727 2727 2723 2723 2720 2720 2730 2730 2726 2726 2725 2725 2728 2728 2723 2723 2727 2727 2728 2728 2724 2724 2723 2723 2728 2728 2725 2725 2724 2724 2728 2728 2729 2729 2725 2725 2730 2730 2721 2721 2726 2726 2722 2722 2721 2721 2730 2730 2749 2749 2733 2733 2750 2750 2733 2733 2731 2731 2732 2732 2750 2750 2733 2733 2732 2732 2738 2738 2737 2737 2736 2736 2742 2742 2741 2741 2743 2743 2746 2746 2745 2745 2748 2748 2741 2741 2740 2740 2743 2743 2743 2743 2739 2739 2744 2744 2743 2743 2740 2740 2739 2739 2744 2744 2734 2734 2749 2749 2744 2744 2739 2739 2734 2734 2739 2739 2738 2738 2734 2734 2749 2749 2734 2734 2733 2733 2744 2744 2749 2749 2748 2748 2738 2738 2735 2735 2734 2734 2746 2746 2748 2748 2747 2747 2738 2738 2736 2736 2735 2735 2745 2745 2744 2744 2748 2748 2758 2758 2759 2759 2753 2753 2758 2758 2753 2753 2752 2752 2761 2761 2756 2756 2760 2760 2759 2759 2760 2760 2754 2754 2760 2760 2755 2755 2754 2754 2758 2758 2751 2751 2757 2757 2758 2758 2752 2752 2751 2751 2759 2759 2754 2754 2753 2753 2760 2760 2756 2756 2755 2755 2764 2764 2762 2762 2763 2763 2765 2765 2762 2762 2764 2764 2776 2776 2771 2771 2775 2775 2775 2775 2771 2771 2770 2770 2773 2773 2767 2767 2772 2772 2772 2772 2767 2767 2766 2766 2774 2774 2770 2770 2769 2769 2774 2774 2775 2775 2770 2770 2774 2774 2769 2769 2768 2768 2773 2773 2774 2774 2768 2768 2773 2773 2768 2768 2767 2767 2779 2779 2777 2777 2778 2778 2780 2780 2777 2777 2779 2779 2789 2789 2785 2785 2784 2784 2787 2787 2788 2788 2783 2783 2788 2788 2789 2789 2784 2784 2788 2788 2784 2784 2783 2783 2787 2787 2781 2781 2786 2786 2787 2787 2782 2782 2781 2781 2787 2787 2783 2783 2782 2782 2790 2790 2785 2785 2789 2789 2794 2794 2791 2791 2793 2793 2795 2795 2791 2791 2794 2794 2795 2795 2792 2792 2791 2791 2807 2807 2797 2797 2796 2796 2807 2807 2800 2800 2799 2799 2807 2807 2798 2798 2797 2797 2807 2807 2801 2801 2800 2800 2807 2807 2802 2802 2801 2801 2807 2807 2799 2799 2798 2798 2807 2807 2803 2803 2802 2802 2807 2807 2806 2806 2805 2805 2807 2807 2804 2804 2803 2803 2807 2807 2805 2805 2804 2804 2838 2838 2808 2808 2809 2809 2837 2837 2809 2809 2810 2810 2836 2836 2837 2837 2810 2810 2836 2836 2810 2810 2811 2811 2835 2835 2836 2836 2811 2811 2834 2834 2835 2835 2811 2811 2831 2831 2832 2832 2813 2813 2833 2833 2811 2811 2812 2812 2832 2832 2833 2833 2812 2812 2832 2832 2812 2812 2813 2813 2808 2808 2838 2838 2820 2820 2813 2813 2814 2814 2830 2830 2813 2813 2830 2830 2831 2831 2833 2833 2834 2834 2811 2811 2808 2808 2820 2820 2821 2821 2837 2837 2838 2838 2809 2809 2821 2821 2819 2819 2808 2808 2821 2821 2822 2822 2819 2819 2829 2829 2830 2830 2814 2814 2829 2829 2814 2814 2815 2815 2829 2829 2815 2815 2816 2816 2828 2828 2829 2829 2816 2816 2826 2826 2816 2816 2817 2817 2826 2826 2827 2827 2816 2816 2827 2827 2828 2828 2816 2816 2825 2825 2817 2817 2818 2818 2824 2824 2825 2825 2818 2818 2823 2823 2824 2824 2818 2818 2823 2823 2818 2818 2819 2819 2822 2822 2823 2823 2819 2819 2825 2825 2826 2826 2817 2817 2845 2845 2869 2869 2868 2868 2842 2842 2841 2841 2871 2871 2842 2842 2871 2871 2870 2870 2843 2843 2842 2842 2870 2870 2844 2844 2843 2843 2870 2870 2844 2844 2870 2870 2869 2869 2845 2845 2844 2844 2869 2869 2849 2849 2865 2865 2858 2858 2846 2846 2868 2868 2867 2867 2847 2847 2846 2846 2867 2867 2847 2847 2867 2867 2866 2866 2848 2848 2847 2847 2866 2866 2848 2848 2866 2866 2865 2865 2849 2849 2848 2848 2865 2865 2841 2841 2840 2840 2871 2871 2846 2846 2845 2845 2868 2868 2840 2840 2872 2872 2871 2871 2852 2852 2860 2860 2861 2861 2840 2840 2839 2839 2864 2864 2840 2840 2864 2864 2872 2872 2850 2850 2849 2849 2858 2858 2850 2850 2858 2858 2859 2859 2851 2851 2850 2850 2859 2859 2851 2851 2859 2859 2860 2860 2853 2853 2852 2852 2861 2861 2854 2854 2861 2861 2862 2862 2852 2852 2851 2851 2860 2860 2855 2855 2854 2854 2862 2862 2856 2856 2862 2862 2863 2863 2856 2856 2855 2855 2862 2862 2857 2857 2856 2856 2863 2863 2857 2857 2863 2863 2864 2864 2839 2839 2857 2857 2864 2864 2854 2854 2853 2853 2861 2861 2892 2892 2891 2891 2883 2883 2899 2899 2887 2887 2879 2879 2909 2909 2879 2879 2878 2878 2909 2909 2878 2878 2908 2908 2893 2893 2883 2883 2884 2884 2893 2893 2892 2892 2883 2883 2899 2899 2879 2879 2909 2909 2894 2894 2893 2893 2884 2884 2896 2896 2886 2886 2897 2897 2898 2898 2887 2887 2899 2899 2895 2895 2894 2894 2885 2885 2898 2898 2886 2886 2887 2887 2897 2897 2886 2886 2898 2898 2895 2895 2885 2885 2886 2886 2896 2896 2895 2895 2886 2886 2891 2891 2882 2882 2883 2883 2894 2894 2884 2884 2885 2885 2908 2908 2878 2878 2907 2907 2880 2880 2889 2889 2873 2873 2881 2881 2891 2891 2890 2890 2891 2891 2881 2881 2882 2882 2874 2874 2901 2901 2902 2902 2874 2874 2902 2902 2875 2875 2875 2875 2902 2902 2903 2903 2873 2873 2900 2900 2874 2874 2876 2876 2903 2903 2904 2904 2876 2876 2875 2875 2903 2903 2873 2873 2888 2888 2900 2900 2874 2874 2900 2900 2901 2901 2873 2873 2889 2889 2888 2888 2877 2877 2876 2876 2905 2905 2877 2877 2905 2905 2906 2906 2881 2881 2890 2890 2889 2889 2881 2881 2889 2889 2880 2880 2877 2877 2906 2906 2907 2907 2876 2876 2904 2904 2905 2905 2878 2878 2877 2877 2907 2907 3112 3112 3106 3106 3104 3104 3112 3112 3105 3105 3107 3107 3113 3113 3110 3110 3100 3100 3114 3114 3112 3112 3107 3107 3115 3115 3110 3110 3113 3113 3116 3116 3113 3113 3108 3108 3116 3116 3108 3108 3109 3109 3117 3117 3107 3107 3111 3111 2916 2916 2917 2917 3112 3112 3107 3107 3101 3101 3111 3111 3118 3118 3110 3110 3115 3115 2917 2917 3106 3106 3112 3112 3113 3113 3100 3100 3108 3108 3110 3110 3103 3103 3100 3100 3111 3111 3103 3103 3110 3110 3112 3112 3104 3104 3105 3105 3106 3106 2918 2918 3102 3102 3058 3058 3109 3109 3060 3060 3109 3109 3108 3108 3060 3060 3111 3111 3101 3101 3103 3103 3118 3118 3111 3111 3110 3110 3108 3108 3100 3100 3060 3060 3107 3107 3105 3105 3096 3096 3107 3107 3096 3096 3101 3101 3100 3100 3103 3103 3097 3097 3106 3106 3098 3098 3104 3104 3106 3106 3102 3102 3098 3098 2917 2917 2918 2918 3106 3106 3117 3117 3114 3114 3107 3107 3121 3121 3118 3118 3115 3115 3120 3120 3116 3116 3109 3109 3058 3058 3060 3060 3059 3059 3130 3130 2915 2915 3124 3124 3134 3134 3125 3125 3126 3126 3133 3133 3123 3123 3128 3128 3128 3128 3121 3121 3129 3129 3129 3129 3122 3122 3125 3125 3129 3129 3121 3121 3122 3122 3128 3128 3123 3123 3121 3121 3127 3127 3057 3057 3056 3056 3127 3127 3126 3126 3057 3057 3126 3126 3125 3125 3120 3120 2915 2915 3119 3119 3124 3124 3123 3123 3118 3118 3121 3121 3119 3119 3112 3112 3114 3114 3125 3125 3122 3122 3116 3116 3124 3124 3117 3117 3123 3123 3125 3125 3116 3116 3120 3120 3124 3124 3119 3119 3117 3117 3123 3123 3117 3117 3118 3118 3122 3122 3121 3121 3113 3113 3126 3126 3120 3120 3058 3058 3126 3126 3058 3058 3057 3057 3122 3122 3113 3113 3116 3116 3119 3119 3114 3114 3117 3117 3119 3119 2916 2916 3112 3112 3118 3118 3117 3117 3111 3111 3121 3121 3115 3115 3113 3113 3120 3120 3109 3109 3058 3058 3119 3119 2915 2915 2916 2916 3104 3104 3099 3099 3105 3105 3081 3081 3077 3077 3073 3073 3105 3105 3099 3099 3096 3096 3090 3090 3081 3081 3083 3083 3087 3087 3082 3082 3079 3079 3090 3090 3086 3086 3081 3081 3082 3082 2920 2920 2921 2921 3089 3089 3083 3083 3062 3062 3088 3088 3084 3084 3086 3086 3087 3087 3079 3079 3085 3085 3084 3084 3085 3085 3080 3080 3086 3086 3084 3084 3078 3078 3086 3086 3077 3077 3081 3081 3086 3086 3078 3078 3077 3077 3085 3085 3079 3079 3080 3080 3083 3083 3081 3081 3073 3073 3090 3090 3083 3083 3089 3089 3084 3084 3080 3080 3074 3074 3079 3079 3082 3082 2944 2944 3082 3082 2921 2921 2944 2944 3080 3080 3079 3079 3076 3076 3083 3083 3073 3073 3062 3062 3062 3062 3073 3073 3063 3063 3079 3079 2944 2944 3075 3075 3134 3134 3126 3126 3131 3131 3080 3080 3076 3076 3074 3074 3078 3078 3072 3072 3077 3077 3079 3079 2946 2946 3076 3076 3079 3079 3075 3075 2946 2946 3078 3078 3074 3074 3072 3072 3077 3077 3072 3072 3071 3071 3084 3084 3074 3074 3078 3078 2918 2918 2919 2919 3102 3102 3091 3091 3085 3085 3084 3084 3092 3092 3088 3088 3086 3086 3103 3103 3101 3101 3095 3095 3104 3104 3098 3098 3099 3099 3103 3103 3095 3095 3097 3097 3097 3097 3093 3093 3100 3100 3102 3102 2919 2919 3091 3091 3060 3060 3100 3100 3061 3061 3101 3101 3096 3096 3095 3095 3102 3102 3091 3091 3098 3098 3099 3099 3092 3092 3096 3096 3099 3099 3098 3098 3094 3094 3100 3100 3093 3093 3061 3061 2919 2919 3087 3087 3091 3091 3061 3061 3167 3167 3060 3060 2920 2920 3082 3082 3087 3087 3099 3099 3094 3094 3092 3092 3095 3095 3096 3096 3090 3090 3098 3098 3091 3091 3094 3094 3097 3097 3089 3089 3093 3093 3094 3094 3088 3088 3092 3092 3087 3087 2919 2919 2920 2920 3096 3096 3092 3092 3090 3090 3087 3087 3085 3085 3091 3091 3095 3095 3090 3090 3089 3089 3094 3094 3091 3091 3088 3088 3093 3093 3062 3062 3061 3061 3091 3091 3084 3084 3088 3088 3093 3093 3089 3089 3062 3062 3092 3092 3086 3086 3090 3090 3097 3097 3095 3095 3089 3089 3135 3135 3130 3130 3124 3124 3156 3156 2913 2913 3150 3150 3131 3131 3126 3126 3127 3127 3173 3173 3165 3165 3166 3166 3173 3173 3062 3062 3063 3063 3173 3173 3063 3063 3064 3064 3173 3173 3164 3164 3165 3165 3173 3173 3064 3064 3065 3065 3173 3173 3065 3065 3164 3164 3058 3058 3059 3059 3168 3168 3060 3060 3167 3167 3059 3059 2910 2910 3163 3163 2951 2951 2951 2951 3163 3163 2952 2952 3163 3163 2910 2910 2911 2911 3163 3163 3161 3161 2952 2952 3163 3163 2911 2911 3160 3160 3163 3163 3160 3160 3161 3161 2952 2952 3162 3162 2953 2953 2952 2952 3158 3158 3162 3162 2952 2952 3161 3161 3158 3158 3160 3160 2911 2911 2912 2912 2953 2953 3162 3162 3159 3159 3162 3162 3157 3157 3159 3159 3162 3162 3158 3158 3157 3157 2953 2953 3159 3159 2954 2954 2912 2912 3156 3156 3160 3160 3161 3161 3160 3160 3155 3155 3159 3159 3153 3153 2955 2955 3159 3159 2955 2955 2954 2954 3161 3161 3155 3155 3158 3158 3173 3173 3061 3061 3062 3062 3173 3173 3167 3167 3061 3061 3173 3173 3166 3166 3167 3167 3168 3168 3057 3057 3058 3058 2942 2942 3184 3184 3182 3182 3184 3184 2942 2942 2941 2941 3184 3184 2941 2941 2940 2940 3184 3184 3181 3181 3182 3182 3184 3184 2940 2940 2939 2939 3184 3184 3180 3180 3181 3181 3184 3184 3179 3179 3180 3180 3184 3184 2939 2939 3179 3179 3179 3179 2939 2939 2997 2997 3183 3183 3177 3177 3178 3178 3183 3183 3178 3178 2936 2936 3183 3183 2936 2936 2935 2935 3183 3183 3176 3176 3177 3177 3159 3159 3157 3157 3154 3154 3183 3183 2935 2935 2934 2934 3183 3183 2934 2934 2932 2932 3183 3183 2932 2932 3175 3175 2997 2997 2938 2938 3179 3179 2936 2936 3178 3178 2937 2937 2934 2934 2933 2933 2932 2932 3172 3172 3174 3174 3171 3171 3174 3174 3172 3172 3055 3055 3174 3174 3170 3170 3171 3171 3174 3174 3055 3055 3056 3056 3174 3174 3169 3169 3170 3170 3174 3174 3056 3056 3057 3057 3174 3174 3057 3057 3168 3168 3174 3174 3168 3168 3169 3169 3183 3183 3175 3175 3176 3176 3160 3160 3156 3156 3155 3155 3158 3158 3152 3152 3157 3157 3158 3158 3155 3155 3152 3152 3147 3147 3143 3143 3137 3137 3145 3145 3139 3139 3140 3140 2914 2914 3135 3135 3144 3144 3146 3146 3055 3055 3142 3142 3145 3145 3141 3141 3139 3139 3141 3141 3144 3144 3133 3133 3140 3140 3139 3139 3132 3132 3142 3142 3055 3055 3172 3172 3141 3141 3136 3136 3139 3139 3141 3141 3133 3133 3136 3136 3140 3140 3132 3132 3134 3134 3144 3144 3135 3135 3133 3133 3143 3143 3138 3138 3131 3131 3146 3146 3137 3137 3055 3055 3138 3138 3140 3140 3134 3134 3139 3139 3136 3136 3132 3132 3138 3138 3134 3134 3131 3131 3137 3137 3131 3131 3127 3127 3136 3136 3129 3129 3132 3132 2914 2914 3130 3130 3135 3135 3136 3136 3133 3133 3128 3128 3137 3137 3127 3127 3055 3055 3132 3132 3125 3125 3134 3134 3135 3135 3123 3123 3133 3133 3136 3136 3128 3128 3129 3129 3130 3130 2914 2914 2915 2915 3055 3055 3127 3127 3056 3056 3132 3132 3129 3129 3125 3125 3143 3143 3131 3131 3137 3137 3135 3135 3124 3124 3123 3123 3149 3149 3140 3140 3138 3138 2913 2913 2914 2914 3144 3144 3159 3159 3154 3154 3153 3153 3155 3155 3156 3156 3151 3151 3157 3157 3152 3152 3149 3149 2955 2955 3153 3153 2957 2957 3156 3156 2912 2912 2913 2913 3157 3157 3149 3149 3154 3154 2944 2944 2945 2945 3075 3075 3153 3153 3154 3154 3147 3147 3156 3156 3150 3150 3151 3151 3153 3153 3146 3146 2957 2957 3155 3155 3148 3148 3152 3152 3155 3155 3151 3151 3148 3148 3154 3154 3149 3149 3147 3147 3149 3149 3138 3138 3143 3143 3153 3153 3147 3147 3146 3146 3152 3152 3148 3148 3149 3149 3150 3150 2913 2913 3144 3144 2958 2958 2957 2957 3142 3142 3147 3147 3149 3149 3143 3143 3150 3150 3144 3144 3141 3141 2958 2958 3172 3172 2932 2932 2958 2958 3142 3142 3172 3172 2957 2957 3146 3146 3142 3142 3151 3151 3145 3145 3148 3148 3149 3149 3148 3148 3140 3140 3146 3146 3147 3147 3137 3137 3150 3150 3141 3141 3145 3145 3148 3148 3145 3145 3140 3140 3151 3151 3150 3150 3145 3145 3077 3077 3071 3071 3073 3073 3054 3054 2944 2944 2921 2921 3076 3076 2946 2946 3070 3070 3000 3000 2989 2989 2998 2998 3000 3000 2992 2992 2989 2989 2998 2998 2990 2990 2995 2995 2999 2999 2993 2993 2991 2991 2998 2998 2989 2989 2990 2990 2994 2994 2924 2924 2923 2923 2994 2994 2923 2923 2988 2988 2993 2993 2995 2995 2986 2986 2997 2997 2996 2996 2936 2936 2996 2996 2991 2991 2936 2936 2992 2992 2994 2994 2987 2987 2991 2991 2993 2993 2982 2982 2994 2994 2988 2988 2987 2987 2997 2997 2936 2936 2937 2937 2995 2995 2990 2990 2986 2986 2993 2993 2986 2986 2982 2982 2990 2990 2989 2989 2985 2985 2988 2988 2923 2923 2984 2984 2992 2992 2983 2983 2989 2989 2992 2992 2987 2987 2983 2983 2991 2991 2982 2982 2936 2936 2984 2984 2923 2923 2922 2922 2990 2990 2985 2985 2986 2986 2988 2988 2978 2978 2987 2987 2989 2989 2983 2983 2981 2981 2986 2986 2985 2985 2980 2980 2936 2936 2982 2982 2975 2975 2997 2997 2937 2937 2938 2938 3001 3001 2994 2994 2992 2992 3002 3002 2998 2998 2995 2995 3076 3076 3070 3070 3074 3074 3015 3015 3007 3007 3011 3011 3014 3014 3006 3006 3009 3009 3013 3013 3009 3009 3004 3004 3011 3011 3003 3003 3006 3006 2925 2925 3005 3005 3012 3012 3010 3010 2997 2997 2939 2939 3011 3011 3007 3007 3002 3002 3013 3013 3004 3004 3008 3008 3008 3008 2997 2997 3010 3010 3012 3012 3005 3005 3007 3007 3011 3011 3002 3002 3003 3003 3009 3009 2999 2999 3004 3004 3009 3009 3006 3006 2999 2999 2989 2989 2981 2981 2985 2985 3008 3008 3004 3004 2997 2997 2925 2925 3001 3001 3005 3005 3001 3001 2925 2925 2924 2924 3007 3007 3000 3000 3002 3002 3006 3006 3003 3003 2999 2999 3004 3004 2996 2996 2997 2997 3004 3004 2999 2999 2996 2996 3005 3005 3001 3001 3000 3000 3002 3002 3000 3000 2998 2998 3003 3003 3002 3002 2995 2995 2924 2924 2994 2994 3001 3001 2999 2999 2991 2991 2996 2996 3001 3001 2992 2992 3000 3000 3003 3003 2993 2993 2999 2999 3007 3007 3005 3005 3000 3000 2988 2988 2984 2984 2978 2978 2984 2984 2922 2922 2977 2977 2987 2987 2978 2978 2983 2983 2970 2970 2966 2966 2965 2965 2935 2935 2967 2967 2934 2934 2969 2969 2964 2964 2966 2966 2969 2969 2951 2951 2952 2952 2966 2966 2964 2964 2963 2963 2969 2969 2952 2952 2964 2964 2968 2968 2962 2962 2967 2967 2966 2966 2961 2961 2965 2965 2965 2965 2959 2959 2962 2962 2967 2967 2960 2960 2934 2934 2964 2964 2952 2952 2953 2953 2967 2967 2962 2962 2960 2960 2966 2966 2963 2963 2961 2961 2971 2971 2962 2962 2968 2968 2965 2965 2961 2961 2959 2959 2963 2963 2954 2954 2961 2961 2963 2963 2953 2953 2954 2954 2962 2962 2959 2959 2956 2956 2961 2961 2954 2954 2955 2955 2962 2962 2956 2956 2960 2960 2961 2961 2955 2955 2959 2959 2960 2960 2933 2933 2934 2934 2960 2960 2956 2956 2933 2933 2959 2959 2955 2955 2956 2956 2933 2933 2956 2956 2958 2958 2955 2955 2957 2957 2956 2956 2956 2956 2957 2957 2958 2958 2933 2933 2958 2958 2932 2932 2964 2964 2953 2953 2963 2963 2926 2926 2925 2925 3012 3012 2971 2971 2965 2965 2962 2962 2973 2973 2951 2951 2969 2969 2986 2986 2974 2974 2982 2982 2986 2986 2980 2980 2974 2974 2983 2983 2979 2979 2981 2981 2983 2983 2978 2978 2979 2979 2985 2985 2981 2981 2976 2976 2985 2985 2976 2976 2980 2980 2984 2984 2977 2977 2978 2978 2981 2981 2979 2979 2971 2971 2936 2936 2975 2975 2935 2935 2982 2982 2974 2974 2975 2975 2981 2981 2971 2971 2976 2976 2980 2980 2976 2976 2968 2968 2922 2922 2973 2973 2977 2977 2972 2972 2969 2969 2966 2966 2979 2979 2978 2978 2970 2970 2978 2978 2977 2977 2972 2972 2979 2979 2970 2970 2971 2971 2978 2978 2972 2972 2970 2970 2976 2976 2971 2971 2968 2968 2977 2977 2973 2973 2969 2969 2973 2973 2922 2922 2910 2910 2977 2977 2969 2969 2972 2972 2971 2971 2970 2970 2965 2965 2973 2973 2910 2910 2951 2951 2974 2974 2967 2967 2975 2975 2974 2974 2968 2968 2967 2967 2972 2972 2966 2966 2970 2970 2975 2975 2967 2967 2935 2935 2980 2980 2968 2968 2974 2974 3016 3016 3011 3011 3006 3006 3003 3003 2995 2995 2993 2993 3014 3014 3016 3016 3006 3006 3053 3053 3050 3050 3049 3049 3052 3052 2930 2930 3046 3046 3049 3049 2947 2947 2946 2946 3049 3049 3050 3050 3048 3048 3052 3052 3046 3046 3045 3045 3052 3052 3045 3045 3051 3051 2947 2947 3049 3049 2948 2948 3047 3047 3051 3051 3045 3045 3049 3049 3048 3048 3043 3043 3046 3046 2930 2930 2929 2929 3046 3046 2929 2929 3042 3042 3050 3050 3047 3047 3048 3048 3049 3049 3043 3043 2948 2948 3048 3048 3047 3047 3044 3044 3045 3045 3041 3041 3047 3047 3048 3048 3044 3044 3043 3043 3046 3046 3038 3038 3045 3045 2948 2948 3043 3043 3040 3040 2948 2948 3040 3040 2949 2949 3047 3047 3041 3041 3044 3044 3042 3042 2929 2929 3039 3039 3046 3046 3042 3042 3038 3038 3045 3045 3038 3038 3041 3041 3044 3044 3037 3037 3043 3043 2949 2949 3040 3040 2941 2941 3044 3044 3041 3041 3035 3035 3042 3042 3036 3036 3038 3038 3054 3054 3047 3047 3050 3050 3015 3015 3012 3012 3007 3007 3054 3054 3051 3051 3047 3047 3054 3054 3050 3050 3053 3053 3074 3074 3069 3069 3072 3072 3073 3073 3064 3064 3063 3063 3075 3075 2945 2945 3053 3053 3075 3075 3053 3053 2946 2946 3074 3074 3070 3070 3069 3069 3073 3073 3071 3071 3064 3064 3072 3072 3069 3069 3071 3071 3071 3071 3069 3069 3068 3068 3070 3070 3067 3067 3069 3069 3071 3071 3068 3068 3066 3066 3071 3071 3066 3066 3064 3064 2946 2946 2947 2947 3070 3070 3069 3069 3067 3067 3068 3068 3043 3043 3034 3034 3040 3040 3070 3070 2947 2947 3067 3067 3067 3067 2949 2949 3068 3068 3068 3068 2949 2949 3066 3066 3067 3067 2948 2948 2949 2949 3066 3066 3065 3065 3064 3064 3066 3066 2949 2949 2950 2950 3066 3066 2950 2950 2943 2943 3066 3066 2943 2943 3065 3065 2921 2921 2931 2931 3054 3054 2931 2931 3052 3052 3054 3054 3054 3054 2945 2945 2944 2944 2945 2945 3054 3054 3053 3053 2931 2931 2930 2930 3052 3052 3054 3054 3052 3052 3051 3051 3067 3067 2947 2947 2948 2948 3041 3041 3038 3038 3032 3032 3053 3053 3049 3049 2946 2946 3044 3044 3035 3035 3037 3037 3031 3031 3025 3025 3024 3024 3026 3026 3024 3024 3019 3019 3028 3028 3021 3021 3022 3022 3028 3028 3020 3020 3021 3021 3027 3027 3023 3023 2940 2940 3023 3023 3022 3022 3010 3010 3025 3025 3017 3017 3024 3024 3026 3026 3019 3019 3020 3020 3025 3025 3018 3018 3017 3017 2940 2940 3023 3023 2939 2939 3024 3024 3016 3016 3019 3019 3021 3021 3020 3020 3013 3013 3024 3024 3017 3017 3016 3016 3019 3019 3016 3016 3014 3014 3018 3018 2927 2927 2926 2926 3023 3023 3010 3010 2939 2939 3022 3022 3021 3021 3008 3008 3020 3020 3019 3019 3014 3014 3022 3022 3008 3008 3010 3010 3018 3018 3015 3015 3017 3017 3021 3021 3013 3013 3008 3008 3020 3020 3014 3014 3013 3013 3018 3018 2926 2926 3012 3012 3018 3018 3012 3012 3015 3015 2949 2949 2941 2941 2950 2950 3017 3017 3015 3015 3011 3011 3014 3014 3009 3009 3013 3013 3029 3029 3022 3022 3023 3023 3030 3030 3026 3026 3020 3020 3017 3017 3011 3011 3016 3016 3028 3028 3030 3030 3020 3020 2950 2950 2941 2941 2943 2943 3043 3043 3037 3037 3034 3034 3042 3042 3039 3039 3036 3036 3041 3041 3032 3032 3035 3035 2941 2941 2942 2942 2943 2943 3039 3039 2929 2929 2928 2928 3038 3038 3036 3036 3030 3030 3040 3040 3034 3034 2941 2941 3039 3039 3033 3033 3036 3036 3039 3039 2928 2928 3033 3033 3038 3038 3030 3030 3032 3032 3037 3037 3035 3035 3029 3029 2941 2941 3034 3034 2940 2940 3034 3034 3037 3037 3027 3027 3036 3036 3033 3033 3026 3026 3037 3037 3029 3029 3027 3027 3033 3033 2928 2928 3031 3031 3026 3026 3031 3031 3024 3024 3029 3029 3023 3023 3027 3027 3025 3025 2928 2928 2927 2927 3029 3029 3028 3028 3022 3022 2928 2928 3025 3025 3031 3031 3035 3035 3032 3032 3028 3028 3032 3032 3030 3030 3028 3028 3025 3025 2927 2927 3018 3018 3034 3034 3027 3027 2940 2940 3035 3035 3028 3028 3029 3029 3036 3036 3026 3026 3030 3030 3033 3033 3031 3031 3026 3026 3189 3189 3186 3186 3185 3185 3188 3188 3187 3187 3186 3186 3188 3188 3186 3186 3189 3189 3197 3197 3193 3193 3190 3190 3200 3200 3196 3196 3195 3195 3198 3198 3193 3193 3197 3197 3198 3198 3194 3194 3193 3193 3199 3199 3200 3200 3195 3195 3198 3198 3195 3195 3194 3194 3198 3198 3199 3199 3195 3195 3200 3200 3191 3191 3196 3196 3192 3192 3191 3191 3200 3200 3219 3219 3203 3203 3220 3220 3203 3203 3201 3201 3202 3202 3220 3220 3203 3203 3202 3202 3208 3208 3207 3207 3206 3206 3212 3212 3211 3211 3213 3213 3216 3216 3215 3215 3218 3218 3211 3211 3210 3210 3213 3213 3214 3214 3219 3219 3218 3218 3213 3213 3210 3210 3209 3209 3214 3214 3204 3204 3219 3219 3214 3214 3209 3209 3204 3204 3209 3209 3208 3208 3204 3204 3208 3208 3206 3206 3205 3205 3219 3219 3204 3204 3203 3203 3208 3208 3205 3205 3204 3204 3216 3216 3218 3218 3217 3217 3213 3213 3209 3209 3214 3214 3215 3215 3214 3214 3218 3218 3227 3227 3223 3223 3222 3222 3229 3229 3225 3225 3224 3224 3228 3228 3229 3229 3224 3224 3228 3228 3224 3224 3223 3223 3227 3227 3221 3221 3226 3226 3227 3227 3222 3222 3221 3221 3227 3227 3228 3228 3223 3223 3230 3230 3225 3225 3229 3229 3233 3233 3231 3231 3232 3232 3234 3234 3231 3231 3233 3233 3245 3245 3240 3240 3244 3244 3244 3244 3240 3240 3239 3239 3243 3243 3239 3239 3238 3238 3241 3241 3236 3236 3235 3235 3242 3242 3236 3236 3241 3241 3243 3243 3244 3244 3239 3239 3243 3243 3238 3238 3237 3237 3242 3242 3243 3243 3237 3237 3242 3242 3237 3237 3236 3236 3248 3248 3246 3246 3247 3247 3249 3249 3246 3246 3248 3248 3258 3258 3254 3254 3253 3253 3256 3256 3257 3257 3252 3252 3257 3257 3258 3258 3253 3253 3257 3257 3253 3253 3252 3252 3256 3256 3250 3250 3255 3255 3256 3256 3251 3251 3250 3250 3256 3256 3252 3252 3251 3251 3259 3259 3254 3254 3258 3258 3263 3263 3260 3260 3262 3262 3264 3264 3260 3260 3263 3263 3264 3264 3261 3261 3260 3260 3277 3277 3266 3266 3265 3265 3276 3276 3266 3266 3277 3277 3276 3276 3275 3275 3274 3274 3276 3276 3273 3273 3272 3272 3276 3276 3268 3268 3267 3267 3276 3276 3274 3274 3273 3273 3276 3276 3271 3271 3270 3270 3276 3276 3267 3267 3266 3266 3276 3276 3270 3270 3269 3269 3276 3276 3269 3269 3268 3268 3276 3276 3272 3272 3271 3271 3304 3304 3305 3305 3281 3281 3307 3307 3279 3279 3280 3280 3306 3306 3307 3307 3280 3280 3306 3306 3280 3280 3281 3281 3305 3305 3306 3306 3281 3281 3304 3304 3281 3281 3282 3282 3300 3300 3301 3301 3283 3283 3302 3302 3303 3303 3282 3282 3302 3302 3282 3282 3283 3283 3301 3301 3302 3302 3283 3283 3300 3300 3283 3283 3284 3284 3308 3308 3278 3278 3279 3279 3300 3300 3284 3284 3299 3299 3303 3303 3304 3304 3282 3282 3278 3278 3308 3308 3291 3291 3307 3307 3308 3308 3279 3279 3290 3290 3278 3278 3291 3291 3290 3290 3291 3291 3292 3292 3285 3285 3299 3299 3284 3284 3298 3298 3299 3299 3285 3285 3298 3298 3285 3285 3286 3286 3287 3287 3298 3298 3286 3286 3296 3296 3287 3287 3288 3288 3296 3296 3297 3297 3287 3287 3287 3287 3297 3297 3298 3298 3295 3295 3288 3288 3289 3289 3294 3294 3295 3295 3289 3289 3293 3293 3294 3294 3289 3289 3293 3293 3289 3289 3290 3290 3292 3292 3293 3293 3290 3290 3288 3288 3295 3295 3296 3296 3313 3313 3312 3312 3338 3338 3310 3310 3334 3334 3340 3340 3311 3311 3310 3310 3340 3340 3311 3311 3340 3340 3339 3339 3312 3312 3311 3311 3339 3339 3312 3312 3339 3339 3338 3338 3313 3313 3338 3338 3337 3337 3317 3317 3316 3316 3327 3327 3314 3314 3337 3337 3336 3336 3315 3315 3314 3314 3336 3336 3315 3315 3336 3336 3335 3335 3316 3316 3315 3315 3335 3335 3316 3316 3335 3335 3327 3327 3310 3310 3309 3309 3334 3334 3314 3314 3313 3313 3337 3337 3309 3309 3326 3326 3334 3334 3319 3319 3318 3318 3328 3328 3326 3326 3325 3325 3333 3333 3326 3326 3333 3333 3334 3334 3318 3318 3317 3317 3327 3327 3318 3318 3327 3327 3328 3328 3319 3319 3328 3328 3329 3329 3320 3320 3329 3329 3330 3330 3321 3321 3320 3320 3330 3330 3320 3320 3319 3319 3329 3329 3322 3322 3330 3330 3331 3331 3323 3323 3322 3322 3331 3331 3324 3324 3331 3331 3332 3332 3324 3324 3323 3323 3331 3331 3325 3325 3324 3324 3332 3332 3325 3325 3332 3332 3333 3333 3322 3322 3321 3321 3330 3330 3361 3361 3360 3360 3351 3351 3359 3359 3350 3350 3351 3351 3373 3373 3347 3347 3372 3372 3360 3360 3359 3359 3351 3351 3373 3373 3348 3348 3347 3347 3365 3365 3348 3348 3373 3373 3361 3361 3351 3351 3352 3352 3363 3363 3353 3353 3364 3364 3364 3364 3354 3354 3348 3348 3362 3362 3361 3361 3352 3352 3363 3363 3362 3362 3352 3352 3364 3364 3353 3353 3354 3354 3363 3363 3352 3352 3353 3353 3359 3359 3358 3358 3350 3350 3364 3364 3348 3348 3365 3365 3372 3372 3347 3347 3346 3346 3345 3345 3369 3369 3370 3370 3350 3350 3358 3358 3357 3357 3350 3350 3357 3357 3349 3349 3343 3343 3367 3367 3368 3368 3342 3342 3366 3366 3343 3343 3344 3344 3343 3343 3368 3368 3344 3344 3368 3368 3369 3369 3342 3342 3355 3355 3366 3366 3345 3345 3344 3344 3369 3369 3343 3343 3366 3366 3367 3367 3341 3341 3356 3356 3355 3355 3346 3346 3345 3345 3370 3370 3349 3349 3357 3357 3356 3356 3349 3349 3356 3356 3341 3341 3346 3346 3370 3370 3371 3371 3341 3341 3355 3355 3342 3342 3346 3346 3371 3371 3372 3372 3524 3524 3574 3574 3526 3526 3575 3575 3573 3573 3562 3562 3381 3381 3382 3382 3568 3568 3381 3381 3568 3568 3570 3570 3574 3574 3569 3569 3526 3526 3573 3573 3572 3572 3567 3567 3576 3576 3571 3571 3572 3572 3577 3577 3572 3572 3573 3573 3578 3578 3569 3569 3574 3574 3570 3570 3566 3566 3571 3571 3579 3579 3573 3573 3575 3575 3575 3575 3562 3562 3569 3569 3572 3572 3571 3571 3565 3565 3524 3524 3526 3526 3525 3525 3572 3572 3565 3565 3567 3567 3571 3571 3566 3566 3565 3565 3569 3569 3560 3560 3526 3526 3570 3570 3568 3568 3564 3564 3568 3568 3382 3382 3563 3563 3577 3577 3576 3576 3572 3572 3570 3570 3564 3564 3566 3566 3569 3569 3562 3562 3560 3560 3382 3382 3557 3557 3563 3563 3567 3567 3565 3565 3561 3561 3568 3568 3563 3563 3564 3564 3562 3562 3567 3567 3558 3558 3566 3566 3564 3564 3559 3559 3573 3573 3567 3567 3562 3562 3580 3580 3570 3570 3571 3571 3584 3584 3575 3575 3578 3578 3578 3578 3575 3575 3569 3569 3567 3567 3561 3561 3558 3558 3592 3592 3586 3586 3588 3588 3591 3591 3588 3588 3581 3581 3590 3590 3587 3587 3584 3584 3588 3588 3586 3586 3583 3583 3585 3585 3379 3379 3380 3380 3591 3591 3581 3581 3523 3523 3587 3587 3589 3589 3579 3579 3590 3590 3584 3584 3586 3586 3589 3589 3585 3585 3582 3582 3589 3589 3582 3582 3579 3579 3588 3588 3583 3583 3581 3581 3587 3587 3579 3579 3584 3584 3579 3579 3577 3577 3573 3573 3586 3586 3584 3584 3578 3578 3585 3585 3380 3380 3580 3580 3586 3586 3578 3578 3583 3583 3579 3579 3582 3582 3577 3577 3584 3584 3579 3579 3575 3575 3583 3583 3574 3574 3581 3581 3585 3585 3580 3580 3576 3576 3581 3581 3524 3524 3523 3523 3582 3582 3576 3576 3577 3577 3583 3583 3578 3578 3574 3574 3380 3380 3381 3381 3580 3580 3581 3581 3574 3574 3524 3524 3580 3580 3571 3571 3576 3576 3580 3580 3381 3381 3570 3570 3585 3585 3576 3576 3582 3582 3563 3563 3557 3557 3554 3554 3542 3542 3404 3404 3405 3405 3563 3563 3554 3554 3564 3564 3551 3551 3548 3548 3541 3541 3551 3551 3541 3541 3544 3544 3549 3549 3546 3546 3540 3540 3549 3549 3540 3540 3543 3543 3527 3527 3544 3544 3528 3528 3545 3545 3543 3543 3539 3539 3546 3546 3547 3547 3538 3538 3548 3548 3545 3545 3541 3541 3546 3546 3537 3537 3540 3540 3547 3547 3542 3542 3538 3538 3542 3542 3384 3384 3404 3404 3546 3546 3538 3538 3537 3537 3545 3545 3539 3539 3541 3541 3544 3544 3541 3541 3528 3528 3543 3543 3540 3540 3536 3536 3542 3542 3405 3405 3538 3538 3541 3541 3539 3539 3534 3534 3543 3543 3536 3536 3539 3539 3593 3593 3523 3523 3522 3522 3541 3541 3534 3534 3528 3528 3540 3540 3537 3537 3535 3535 3539 3539 3536 3536 3534 3534 3538 3538 3405 3405 3533 3533 3540 3540 3535 3535 3536 3536 3538 3538 3533 3533 3537 3537 3537 3537 3533 3533 3535 3535 3536 3536 3535 3535 3532 3532 3552 3552 3543 3543 3545 3545 3550 3550 3547 3547 3546 3546 3550 3550 3546 3546 3549 3549 3527 3527 3551 3551 3544 3544 3565 3565 3556 3556 3561 3561 3560 3560 3562 3562 3555 3555 3565 3565 3559 3559 3556 3556 3557 3557 3382 3382 3383 3383 3560 3560 3527 3527 3526 3526 3564 3564 3554 3554 3559 3559 3562 3562 3558 3558 3555 3555 3561 3561 3553 3553 3558 3558 3561 3561 3556 3556 3553 3553 3526 3526 3527 3527 3629 3629 3560 3560 3555 3555 3527 3527 3557 3557 3550 3550 3554 3554 3559 3559 3554 3554 3552 3552 3566 3566 3559 3559 3565 3565 3559 3559 3552 3552 3556 3556 3557 3557 3383 3383 3547 3547 3556 3556 3548 3548 3553 3553 3558 3558 3551 3551 3555 3555 3557 3557 3547 3547 3550 3550 3554 3554 3549 3549 3552 3552 3555 3555 3551 3551 3527 3527 3556 3556 3545 3545 3548 3548 3556 3556 3552 3552 3545 3545 3554 3554 3550 3550 3549 3549 3552 3552 3549 3549 3543 3543 3553 3553 3548 3548 3551 3551 3547 3547 3384 3384 3542 3542 3547 3547 3383 3383 3384 3384 3558 3558 3553 3553 3551 3551 3379 3379 3585 3585 3589 3589 3615 3615 3610 3610 3606 3606 3592 3592 3590 3590 3586 3586 3635 3635 3626 3626 3627 3627 3635 3635 3528 3528 3529 3529 3635 3635 3529 3529 3530 3530 3635 3635 3530 3530 3626 3626 3524 3524 3525 3525 3630 3630 3526 3526 3629 3629 3525 3525 3374 3374 3624 3624 3410 3410 3410 3410 3624 3624 3625 3625 3624 3624 3374 3374 3375 3375 3625 3625 3411 3411 3410 3410 3625 3625 3623 3623 3411 3411 3623 3623 3412 3412 3411 3411 3625 3625 3624 3624 3621 3621 3375 3375 3622 3622 3624 3624 3623 3623 3413 3413 3412 3412 3625 3625 3621 3621 3623 3623 3622 3622 3375 3375 3376 3376 3624 3624 3622 3622 3618 3618 3624 3624 3618 3618 3621 3621 3413 3413 3623 3623 3619 3619 3623 3623 3621 3621 3619 3619 3413 3413 3619 3619 3620 3620 3622 3622 3376 3376 3617 3617 3620 3620 3619 3619 3614 3614 3622 3622 3617 3617 3618 3618 3621 3621 3616 3616 3619 3619 3621 3621 3618 3618 3616 3616 3635 3635 3627 3627 3628 3628 3635 3635 3527 3527 3528 3528 3635 3635 3629 3629 3527 3527 3635 3635 3628 3628 3629 3629 3403 3403 3646 3646 3644 3644 3646 3646 3403 3403 3402 3402 3646 3646 3402 3402 3401 3401 3646 3646 3643 3643 3644 3644 3646 3646 3401 3401 3400 3400 3646 3646 3642 3642 3643 3643 3646 3646 3641 3641 3642 3642 3646 3646 3400 3400 3641 3641 3645 3645 3639 3639 3640 3640 3645 3645 3640 3640 3397 3397 3645 3645 3397 3397 3396 3396 3645 3645 3638 3638 3639 3639 3645 3645 3396 3396 3395 3395 3620 3620 3615 3615 3414 3414 3645 3645 3637 3637 3638 3638 3645 3645 3394 3394 3393 3393 3645 3645 3393 3393 3637 3637 3400 3400 3399 3399 3641 3641 3397 3397 3640 3640 3398 3398 3634 3634 3636 3636 3633 3633 3636 3636 3634 3634 3521 3521 3636 3636 3521 3521 3522 3522 3636 3636 3632 3632 3633 3633 3636 3636 3522 3522 3523 3523 3636 3636 3631 3631 3632 3632 3636 3636 3630 3630 3631 3631 3636 3636 3523 3523 3630 3630 3630 3630 3523 3523 3524 3524 3645 3645 3395 3395 3394 3394 3620 3620 3614 3614 3615 3615 3618 3618 3617 3617 3613 3613 3619 3619 3616 3616 3614 3614 3608 3608 3602 3602 3601 3601 3605 3605 3599 3599 3594 3594 3378 3378 3595 3595 3602 3602 3607 3607 3600 3600 3603 3603 3606 3606 3593 3593 3521 3521 3606 3606 3598 3598 3593 3593 3605 3605 3594 3594 3600 3600 3602 3602 3595 3595 3596 3596 3604 3604 3601 3601 3599 3599 3603 3603 3600 3600 3598 3598 3601 3601 3590 3590 3599 3599 3378 3378 3379 3379 3595 3595 3601 3601 3602 3602 3597 3597 3607 3607 3605 3605 3600 3600 3593 3593 3522 3522 3521 3521 3599 3599 3592 3592 3594 3594 3600 3600 3591 3591 3598 3598 3601 3601 3597 3597 3590 3590 3599 3599 3590 3590 3592 3592 3600 3600 3594 3594 3591 3591 3596 3596 3595 3595 3589 3589 3594 3594 3592 3592 3588 3588 3597 3597 3596 3596 3587 3587 3598 3598 3591 3591 3593 3593 3379 3379 3589 3589 3595 3595 3597 3597 3587 3587 3590 3590 3593 3593 3591 3591 3523 3523 3596 3596 3589 3589 3587 3587 3602 3602 3596 3596 3597 3597 3594 3594 3588 3588 3591 3591 3608 3608 3378 3378 3602 3602 3604 3604 3608 3608 3601 3601 3414 3414 3615 3615 3415 3415 3376 3376 3377 3377 3611 3611 3376 3376 3611 3611 3617 3617 3618 3618 3613 3613 3616 3616 3615 3615 3614 3614 3610 3610 3615 3615 3606 3606 3415 3415 3617 3617 3612 3612 3613 3613 3614 3614 3616 3616 3609 3609 3536 3536 3532 3532 3534 3534 3617 3617 3611 3611 3612 3612 3616 3616 3613 3613 3609 3609 3614 3614 3609 3609 3610 3610 3415 3415 3606 3606 3521 3521 3606 3606 3603 3603 3598 3598 3416 3416 3415 3415 3521 3521 3613 3613 3612 3612 3605 3605 3611 3611 3604 3604 3612 3612 3609 3609 3613 3613 3607 3607 3611 3611 3608 3608 3604 3604 3613 3613 3605 3605 3607 3607 3611 3611 3377 3377 3608 3608 3521 3521 3634 3634 3520 3520 3612 3612 3604 3604 3605 3605 3609 3609 3603 3603 3610 3610 3377 3377 3378 3378 3608 3608 3610 3610 3603 3603 3606 3606 3609 3609 3607 3607 3603 3603 3605 3605 3604 3604 3599 3599 3416 3416 3521 3521 3520 3520 3405 3405 3406 3406 3533 3533 3392 3392 3391 3391 3516 3516 3535 3535 3533 3533 3408 3408 3454 3454 3398 3398 3399 3399 3458 3458 3448 3448 3454 3454 3386 3386 3445 3445 3453 3453 3457 3457 3455 3455 3450 3450 3448 3448 3456 3456 3449 3449 3452 3452 3450 3450 3444 3444 3455 3455 3451 3451 3446 3446 3456 3456 3452 3452 3449 3449 3454 3454 3448 3448 3397 3397 3451 3451 3453 3453 3447 3447 3453 3453 3445 3445 3447 3447 3454 3454 3397 3397 3398 3398 3455 3455 3446 3446 3450 3450 3452 3452 3444 3444 3449 3449 3450 3450 3446 3446 3443 3443 3445 3445 3386 3386 3385 3385 3451 3451 3441 3441 3446 3446 3451 3451 3447 3447 3441 3441 3450 3450 3443 3443 3444 3444 3449 3449 3442 3442 3448 3448 3447 3447 3445 3445 3440 3440 3449 3449 3444 3444 3442 3442 3448 3448 3438 3438 3397 3397 3448 3448 3442 3442 3438 3438 3446 3446 3441 3441 3439 3439 3444 3444 3443 3443 3437 3437 3447 3447 3440 3440 3441 3441 3534 3534 3529 3529 3528 3528 3459 3459 3456 3456 3448 3448 3460 3460 3450 3450 3452 3452 3461 3461 3453 3453 3455 3455 3474 3474 3463 3463 3466 3466 3472 3472 3462 3462 3470 3470 3473 3473 3464 3464 3463 3463 3469 3469 3387 3387 3461 3461 3472 3472 3467 3467 3462 3462 3467 3467 3465 3465 3460 3460 3471 3471 3459 3459 3464 3464 3471 3471 3470 3470 3459 3459 3466 3466 3400 3400 3468 3468 3470 3470 3462 3462 3459 3459 3469 3469 3461 3461 3465 3465 3467 3467 3460 3460 3462 3462 3466 3466 3463 3463 3454 3454 3446 3446 3439 3439 3443 3443 3466 3466 3454 3454 3400 3400 3465 3465 3461 3461 3457 3457 3463 3463 3464 3464 3458 3458 3462 3462 3460 3460 3452 3452 3464 3464 3459 3459 3458 3458 3461 3461 3455 3455 3457 3457 3463 3463 3458 3458 3454 3454 3462 3462 3452 3452 3459 3459 3387 3387 3453 3453 3461 3461 3387 3387 3386 3386 3453 3453 3460 3460 3457 3457 3450 3450 3459 3459 3452 3452 3456 3456 3458 3458 3459 3459 3448 3448 3400 3400 3454 3454 3399 3399 3465 3465 3457 3457 3460 3460 3445 3445 3436 3436 3440 3440 3445 3445 3385 3385 3436 3436 3444 3444 3437 3437 3442 3442 3429 3429 3411 3411 3412 3412 3429 3429 3412 3412 3427 3427 3428 3428 3427 3427 3425 3425 3424 3424 3419 3419 3426 3426 3425 3425 3422 3422 3423 3423 3427 3427 3421 3421 3425 3425 3423 3423 3420 3420 3424 3424 3426 3426 3394 3394 3395 3395 3426 3426 3419 3419 3394 3394 3425 3425 3421 3421 3422 3422 3427 3427 3412 3412 3421 3421 3424 3424 3420 3420 3419 3419 3423 3423 3422 3422 3420 3420 3396 3396 3426 3426 3395 3395 3412 3412 3413 3413 3421 3421 3419 3419 3418 3418 3394 3394 3421 3421 3413 3413 3620 3620 3422 3422 3414 3414 3420 3420 3420 3420 3417 3417 3419 3419 3420 3420 3414 3414 3417 3417 3421 3421 3620 3620 3414 3414 3419 3419 3417 3417 3418 3418 3418 3418 3393 3393 3394 3394 3418 3418 3417 3417 3416 3416 3417 3417 3414 3414 3415 3415 3418 3418 3416 3416 3393 3393 3417 3417 3415 3415 3416 3416 3416 3416 3520 3520 3393 3393 3422 3422 3421 3421 3414 3414 3475 3475 3467 3467 3472 3472 3428 3428 3425 3425 3423 3423 3430 3430 3423 3423 3424 3424 3441 3441 3440 3440 3435 3435 3440 3440 3436 3436 3433 3433 3442 3442 3437 3437 3432 3432 3443 3443 3439 3439 3434 3434 3443 3443 3434 3434 3437 3437 3442 3442 3432 3432 3438 3438 3441 3441 3435 3435 3439 3439 3438 3438 3432 3432 3396 3396 3439 3439 3430 3430 3434 3434 3439 3439 3435 3435 3430 3430 3397 3397 3438 3438 3396 3396 3436 3436 3385 3385 3431 3431 3440 3440 3433 3433 3435 3435 3429 3429 3410 3410 3411 3411 3437 3437 3434 3434 3432 3432 3436 3436 3431 3431 3429 3429 3433 3433 3428 3428 3435 3435 3434 3434 3430 3430 3424 3424 3436 3436 3429 3429 3433 3433 3432 3432 3434 3434 3426 3426 3431 3431 3374 3374 3410 3410 3432 3432 3426 3426 3396 3396 3433 3433 3429 3429 3427 3427 3435 3435 3423 3423 3430 3430 3435 3435 3428 3428 3423 3423 3434 3434 3424 3424 3426 3426 3433 3433 3427 3427 3428 3428 3431 3431 3410 3410 3429 3429 3431 3431 3385 3385 3374 3374 3474 3474 3473 3473 3463 3463 3455 3455 3453 3453 3451 3451 3476 3476 3471 3471 3464 3464 3511 3511 3507 3507 3513 3513 3512 3512 3513 3513 3505 3505 3514 3514 3506 3506 3508 3508 3513 3513 3507 3507 3505 3505 3511 3511 3510 3510 3502 3502 3512 3512 3505 3505 3506 3506 3508 3508 3409 3409 3408 3408 3508 3508 3506 3506 3498 3498 3509 3509 3391 3391 3390 3390 3509 3509 3390 3390 3503 3503 3511 3511 3502 3502 3507 3507 3506 3506 3505 3505 3500 3500 3510 3510 3499 3499 3502 3502 3510 3510 3509 3509 3499 3499 3509 3509 3503 3503 3504 3504 3509 3509 3504 3504 3499 3499 3507 3507 3501 3501 3505 3505 3508 3508 3498 3498 3402 3402 3508 3508 3402 3402 3409 3409 3507 3507 3502 3502 3501 3501 3506 3506 3500 3500 3498 3498 3505 3505 3501 3501 3497 3497 3409 3409 3402 3402 3403 3403 3409 3409 3403 3403 3530 3530 3505 3505 3497 3497 3500 3500 3502 3502 3494 3494 3501 3501 3503 3503 3390 3390 3496 3496 3391 3391 3509 3509 3510 3510 3514 3514 3512 3512 3506 3506 3515 3515 3512 3512 3514 3514 3515 3515 3513 3513 3512 3512 3535 3535 3408 3408 3532 3532 3534 3534 3532 3532 3529 3529 3533 3533 3406 3406 3407 3407 3533 3533 3407 3407 3514 3514 3533 3533 3514 3514 3408 3408 3532 3532 3531 3531 3529 3529 3408 3408 3514 3514 3508 3508 3529 3529 3531 3531 3530 3530 3532 3532 3408 3408 3531 3531 3408 3408 3409 3409 3531 3531 3531 3531 3409 3409 3530 3530 3404 3404 3384 3384 3392 3392 3404 3404 3392 3392 3519 3519 3502 3502 3499 3499 3494 3494 3392 3392 3516 3516 3519 3519 3519 3519 3516 3516 3517 3517 3519 3519 3518 3518 3405 3405 3519 3519 3517 3517 3518 3518 3518 3518 3406 3406 3405 3405 3518 3518 3515 3515 3406 3406 3518 3518 3517 3517 3515 3515 3516 3516 3511 3511 3517 3517 3406 3406 3515 3515 3407 3407 3517 3517 3513 3513 3515 3515 3407 3407 3515 3515 3514 3514 3516 3516 3391 3391 3510 3510 3517 3517 3511 3511 3513 3513 3475 3475 3465 3465 3467 3467 3519 3519 3405 3405 3404 3404 3504 3504 3503 3503 3495 3495 3516 3516 3510 3510 3511 3511 3504 3504 3495 3495 3499 3499 3488 3488 3478 3478 3486 3486 3481 3481 3485 3485 3468 3468 3388 3388 3477 3477 3482 3482 3484 3484 3476 3476 3478 3478 3486 3486 3474 3474 3480 3480 3486 3486 3478 3478 3474 3474 3485 3485 3480 3480 3468 3468 3483 3483 3482 3482 3472 3472 3482 3482 3477 3477 3475 3475 3484 3484 3479 3479 3476 3476 3483 3483 3472 3472 3479 3479 3482 3482 3475 3475 3472 3472 3481 3481 3468 3468 3401 3401 3479 3479 3472 3472 3470 3470 3480 3480 3474 3474 3468 3468 3479 3479 3470 3470 3476 3476 3477 3477 3388 3388 3465 3465 3478 3478 3476 3476 3473 3473 3478 3478 3473 3473 3474 3474 3468 3468 3474 3474 3466 3466 3476 3476 3470 3470 3471 3471 3477 3477 3465 3465 3475 3475 3388 3388 3469 3469 3465 3465 3401 3401 3468 3468 3400 3400 3469 3469 3388 3388 3387 3387 3476 3476 3464 3464 3473 3473 3503 3503 3496 3496 3495 3495 3489 3489 3483 3483 3479 3479 3487 3487 3481 3481 3401 3401 3490 3490 3482 3482 3483 3483 3485 3485 3486 3486 3480 3480 3497 3497 3485 3485 3491 3491 3496 3496 3489 3489 3495 3495 3498 3498 3491 3491 3487 3487 3389 3389 3490 3490 3496 3496 3499 3499 3488 3488 3494 3494 3499 3499 3492 3492 3488 3488 3482 3482 3389 3389 3388 3388 3497 3497 3493 3493 3485 3485 3500 3500 3491 3491 3498 3498 3500 3500 3497 3497 3491 3491 3501 3501 3493 3493 3497 3497 3501 3501 3494 3494 3493 3493 3499 3499 3495 3495 3492 3492 3402 3402 3498 3498 3487 3487 3496 3496 3390 3390 3389 3389 3496 3496 3490 3490 3489 3489 3494 3494 3486 3486 3493 3493 3494 3494 3488 3488 3486 3486 3488 3488 3484 3484 3478 3478 3489 3489 3490 3490 3483 3483 3484 3484 3489 3489 3479 3479 3491 3491 3481 3481 3487 3487 3495 3495 3489 3489 3492 3492 3492 3492 3484 3484 3488 3488 3490 3490 3389 3389 3482 3482 3492 3492 3489 3489 3484 3484 3493 3493 3486 3486 3485 3485 3491 3491 3485 3485 3481 3481 3402 3402 3487 3487 3401 3401 3649 3649 3648 3648 3647 3647 3650 3650 3648 3648 3649 3649 3660 3660 3657 3657 3656 3656 3659 3659 3655 3655 3654 3654 3660 3660 3661 3661 3657 3657 3659 3659 3654 3654 3658 3658 3658 3658 3654 3654 3651 3651 3653 3653 3652 3652 3661 3661 3659 3659 3656 3656 3655 3655 3659 3659 3660 3660 3656 3656 3661 3661 3652 3652 3657 3657 3666 3666 3668 3668 3667 3667 3684 3684 3663 3663 3662 3662 3684 3684 3664 3664 3663 3663 3670 3670 3668 3668 3666 3666 3675 3675 3674 3674 3676 3676 3680 3680 3679 3679 3682 3682 3674 3674 3673 3673 3676 3676 3680 3680 3682 3682 3681 3681 3679 3679 3678 3678 3682 3682 3670 3670 3669 3669 3668 3668 3676 3676 3672 3672 3677 3677 3677 3677 3671 3671 3665 3665 3671 3671 3666 3666 3665 3665 3683 3683 3665 3665 3664 3664 3683 3683 3664 3664 3684 3684 3677 3677 3665 3665 3683 3683 3671 3671 3670 3670 3666 3666 3676 3676 3673 3673 3672 3672 3678 3678 3677 3677 3683 3683 3677 3677 3672 3672 3671 3671 3678 3678 3683 3683 3682 3682 3691 3691 3692 3692 3687 3687 3691 3691 3687 3687 3686 3686 3693 3693 3689 3689 3688 3688 3693 3693 3688 3688 3687 3687 3691 3691 3685 3685 3690 3690 3691 3691 3686 3686 3685 3685 3692 3692 3693 3693 3687 3687 3694 3694 3689 3689 3693 3693 3698 3698 3696 3696 3697 3697 3698 3698 3695 3695 3696 3696 3699 3699 3695 3695 3698 3698 3711 3711 3705 3705 3710 3710 3710 3710 3705 3705 3704 3704 3708 3708 3703 3703 3702 3702 3706 3706 3701 3701 3700 3700 3707 3707 3701 3701 3706 3706 3709 3709 3710 3710 3704 3704 3709 3709 3704 3704 3703 3703 3708 3708 3709 3709 3703 3703 3707 3707 3708 3708 3702 3702 3707 3707 3702 3702 3701 3701 3716 3716 3713 3713 3715 3715 3716 3716 3712 3712 3713 3713 3715 3715 3713 3713 3714 3714 3724 3724 3725 3725 3719 3719 3724 3724 3719 3719 3718 3718 3723 3723 3724 3724 3718 3718 3725 3725 3726 3726 3720 3720 3727 3727 3721 3721 3726 3726 3723 3723 3717 3717 3722 3722 3723 3723 3718 3718 3717 3717 3725 3725 3720 3720 3719 3719 3726 3726 3721 3721 3720 3720 3731 3731 3728 3728 3730 3730 3732 3732 3728 3728 3731 3731 3732 3732 3729 3729 3728 3728</p>
        </triangles>
      </mesh>
    </geometry>
  </library_geometries>
  <library_materials>
    <material id="link6_black_fasteners-material" name="black_fasteners">
      <instance_effect url="#link6_black_fasteners-effect"/>
    </material>
    <material id="link6_motor_housing-material" name="motor_housing">
      <instance_effect url="#link6_motor_housing-effect"/>
    </material>
    <material id="link6_printed_charcoal-material" name="printed_charcoal">
      <instance_effect url="#link6_printed_charcoal-effect"/>
    </material>
    <material id="link6_steel_hardware-material" name="steel_hardware">
      <instance_effect url="#link6_steel_hardware-effect"/>
    </material>
  </library_materials>
  <library_visual_scenes>
    <visual_scene id="Scene">
      <node id="link6" name="link6">
        <instance_geometry url="#link6_black_fasteners-geometry">
          <bind_material>
            <technique_common>
              <instance_material symbol="link6_black_fasteners-binding" target="#link6_black_fasteners-material"/>
            </technique_common>
          </bind_material>
        </instance_geometry>
        <instance_geometry url="#link6_motor_housing-geometry">
          <bind_material>
            <technique_common>
              <instance_material symbol="link6_motor_housing-binding" target="#link6_motor_housing-material"/>
            </technique_common>
          </bind_material>
        </instance_geometry>
        <instance_geometry url="#link6_printed_charcoal-geometry">
          <bind_material>
            <technique_common>
              <instance_material symbol="link6_printed_charcoal-binding" target="#link6_printed_charcoal-material"/>
            </technique_common>
          </bind_material>
        </instance_geometry>
        <instance_geometry url="#link6_steel_hardware-geometry">
          <bind_material>
            <technique_common>
              <instance_material symbol="link6_steel_hardware-binding" target="#link6_steel_hardware-material"/>
            </technique_common>
          </bind_material>
        </instance_geometry>
      </node>
    </visual_scene>
  </library_visual_scenes>
  <scene>
    <instance_visual_scene url="#Scene"/>
  </scene>
</COLLADA>
