# OMX visual mesh; coordinates in metres
mtllib materials.mtl
usemtl motor_housing
v -0.0077656 0.0115985 0.0008333
v -0.0074297 0.0116000 0.0023934
v -0.0066662 0.0115999 0.0041073
v -0.0050574 0.0115999 0.0059778
v -0.0029473 0.0115999 0.0072544
v -0.0005449 0.0116000 0.0078112
v 0.0019135 0.0116000 0.0075927
v 0.0041834 0.0115999 0.0066186
v 0.0060922 0.0115999 0.0049267
v 0.0073492 0.0116000 0.0027016
v 0.0078160 0.0115984 0.0002050
v 0.0078112 0.0115986 -0.0002115
v 0.0073492 0.0116000 -0.0027017
v 0.0063125 0.0116000 -0.0046085
v 0.0047663 0.0115999 -0.0062186
v 0.0025075 0.0116000 -0.0074177
v 0.0000736 0.0116000 -0.0078299
v -0.0023659 0.0116000 -0.0074643
v -0.0045700 0.0115999 -0.0063582
v -0.0063213 0.0115999 -0.0046206
v -0.0074456 0.0116000 -0.0024227
v -0.0077560 0.0116000 -0.0008268
v -0.0077924 0.0115995 -0.0005298
v -0.0077830 0.0115999 0.0005303
v -0.0054777 0.0116000 -0.0006274
v -0.0052259 0.0116000 -0.0002285
v -0.0052205 0.0116000 0.0002423
v -0.0055159 0.0116000 0.0006492
v -0.0058647 0.0116000 0.0007934
v -0.0062406 0.0116000 0.0007732
v -0.0066761 0.0116000 0.0004643
v -0.0068080 0.0116000 -0.0000535
v -0.0066869 0.0116000 -0.0004208
v -0.0064145 0.0116000 -0.0006956
v -0.0059681 0.0116000 -0.0008111
v 0.0007833 0.0116000 -0.0058121
v 0.0005764 0.0116000 -0.0054236
v 0.0001971 0.0116000 -0.0052196
v -0.0001477 0.0116000 -0.0052065
v -0.0005002 0.0116000 -0.0053655
v -0.0007752 0.0116000 -0.0057481
v -0.0007553 0.0116000 -0.0063128
v -0.0003966 0.0116000 -0.0067083
v 0.0000219 0.0116000 -0.0068068
v 0.0004995 0.0116000 -0.0066505
v 0.0007850 0.0116000 -0.0061988
v 0.0057594 0.0116000 0.0007732
v 0.0054376 0.0116000 0.0005758
v 0.0052330 0.0116000 0.0002598
v 0.0052166 0.0116000 -0.0002209
v 0.0054975 0.0116000 -0.0006375
v 0.0059897 0.0116000 -0.0008162
v 0.0064678 0.0116000 -0.0006610
v 0.0067776 0.0116000 -0.0002526
v 0.0067670 0.0116000 0.0002598
v 0.0065026 0.0116000 0.0006375
v 0.0061353 0.0116000 0.0007934
v -0.0005961 0.0116000 0.0054489
v -0.0001068 0.0116000 0.0051868
v 0.0003570 0.0116000 0.0052787
v 0.0006492 0.0116000 0.0055159
v 0.0008163 0.0116000 0.0059897
v 0.0006610 0.0116000 0.0064678
v 0.0003468 0.0116000 0.0067288
v -0.0001175 0.0116000 0.0068078
v -0.0006451 0.0116000 0.0065086
v -0.0008129 0.0116000 0.0059257
v -0.0039291 0.0115972 0.0017545
v -0.0030151 0.0115953 -0.0029911
v 0.0011578 0.0115975 -0.0041362
v 0.0042424 0.0115954 0.0000235
v 0.0027678 0.0089001 0.0005506
v 0.0022395 0.0089001 0.0017216
v 0.0013084 0.0089001 0.0024946
v 0.0002542 0.0089001 0.0028054
v -0.0009453 0.0089001 0.0026619
v -0.0019682 0.0089001 0.0020153
v -0.0026841 0.0089002 0.0009092
v -0.0027733 0.0089001 -0.0005517
v 0.0033151 0.0089022 0.0001540
v -0.0023193 0.0089000 -0.0015873
v -0.0016286 0.0089001 -0.0022984
v -0.0007327 0.0089000 -0.0027133
v 0.0002542 0.0089001 -0.0028054
v 0.0010991 0.0089000 -0.0025813
v 0.0019426 0.0089001 -0.0020507
v 0.0027060 0.0089002 -0.0008422
v -0.0034573 0.0089438 -0.0000491
v -0.0036337 0.0091124 -0.0003103
v -0.0037135 0.0092604 -0.0000945
v 0.0036761 0.0092164 -0.0004434
v 0.0035656 0.0092092 -0.0009916
v 0.0034809 0.0092758 -0.0013009
v 0.0032907 0.0092465 -0.0017072
v 0.0030776 0.0092476 -0.0020727
v 0.0027133 0.0092908 -0.0025429
v 0.0023859 0.0092269 -0.0028323
v 0.0020605 0.0092734 -0.0030916
v 0.0012661 0.0092707 -0.0034927
v 0.0006747 0.0092664 -0.0036541
v 0.0001181 0.0092796 -0.0037160
v -0.0004564 0.0092527 -0.0036833
v -0.0008788 0.0092291 -0.0035979
v -0.0011626 0.0093156 -0.0035334
v -0.0013670 0.0091970 -0.0034318
v -0.0018399 0.0092551 -0.0032246
v -0.0022886 0.0092630 -0.0029252
v -0.0026306 0.0093148 -0.0026302
v -0.0030130 0.0092993 -0.0021882
v -0.0033726 0.0092944 -0.0015685
v -0.0035074 0.0092491 -0.0012157
v -0.0036584 0.0093110 -0.0006854
v 0.0033994 0.0089337 0.0004263
v 0.0036166 0.0090672 0.0000679
v 0.0037186 0.0092946 0.0001084
v -0.0035671 0.0091082 -0.0007272
v -0.0033220 0.0089039 -0.0002097
v -0.0033626 0.0090026 -0.0011295
v -0.0029951 0.0089031 -0.0014657
v -0.0031957 0.0091456 -0.0017870
v -0.0030278 0.0089838 -0.0017912
v -0.0028692 0.0090832 -0.0022074
v -0.0025830 0.0091243 -0.0025848
v -0.0025028 0.0089858 -0.0024739
v -0.0022709 0.0089161 -0.0024897
v -0.0019827 0.0090119 -0.0029506
v -0.0015074 0.0089023 -0.0029608
v -0.0015341 0.0090460 -0.0032434
v -0.0014002 0.0089552 -0.0031701
v -0.0008150 0.0090255 -0.0034745
v -0.0005124 0.0089339 -0.0033853
v -0.0001633 0.0091275 -0.0036478
v -0.0000205 0.0089952 -0.0035297
v 0.0002644 0.0089030 -0.0033150
v 0.0003783 0.0090755 -0.0035922
v 0.0007347 0.0089532 -0.0033825
v 0.0009481 0.0090570 -0.0034741
v 0.0013627 0.0089033 -0.0030455
v 0.0016185 0.0092120 -0.0033325
v 0.0015885 0.0089975 -0.0031580
v 0.0020448 0.0090564 -0.0029683
v 0.0020847 0.0089076 -0.0026283
v 0.0026579 0.0091112 -0.0024897
v 0.0026722 0.0089583 -0.0022258
v 0.0030370 0.0090328 -0.0018933
v 0.0029957 0.0089071 -0.0015234
v 0.0033350 0.0090798 -0.0014012
v 0.0034458 0.0090085 -0.0008505
v 0.0033246 0.0089083 -0.0004856
v -0.0036820 0.0092564 0.0004751
v -0.0035660 0.0092790 0.0010513
v -0.0033585 0.0092832 0.0015958
v -0.0031487 0.0092870 0.0019727
v -0.0029415 0.0093040 0.0022782
v -0.0025227 0.0092735 0.0027275
v -0.0021693 0.0092947 0.0030191
v -0.0017912 0.0092723 0.0032552
v -0.0013508 0.0092091 0.0034440
v -0.0010026 0.0092936 0.0035810
v -0.0006184 0.0092099 0.0036508
v -0.0001181 0.0092615 0.0037130
v 0.0004641 0.0092822 0.0036891
v 0.0008090 0.0092021 0.0036058
v 0.0011605 0.0092454 0.0035205
v 0.0014973 0.0092610 0.0033996
v 0.0020572 0.0092104 0.0030777
v 0.0025608 0.0093078 0.0027005
v 0.0029390 0.0092790 0.0022773
v 0.0032514 0.0092956 0.0018070
v 0.0034807 0.0092492 0.0012881
v 0.0036390 0.0092492 0.0007291
v 0.0035425 0.0090292 0.0004397
v 0.0034331 0.0090564 0.0010811
v 0.0032027 0.0089603 0.0013568
v 0.0031266 0.0091274 0.0018952
v 0.0028845 0.0089033 0.0016801
v 0.0028727 0.0090048 0.0020717
v 0.0025566 0.0091038 0.0025935
v 0.0023359 0.0089255 0.0024778
v 0.0019387 0.0089693 0.0029153
v 0.0014390 0.0090993 0.0033395
v 0.0009141 0.0089808 0.0033979
v 0.0010380 0.0089019 0.0031622
v 0.0000394 0.0090748 0.0036164
v -0.0001721 0.0089692 0.0034971
v -0.0007039 0.0089066 0.0032770
v -0.0009676 0.0090176 0.0034199
v -0.0014862 0.0089798 0.0031785
v -0.0013498 0.0089031 0.0030241
v -0.0018794 0.0090902 0.0031067
v -0.0021757 0.0089043 0.0025554
v -0.0023189 0.0090702 0.0027751
v -0.0028246 0.0091024 0.0022919
v -0.0025745 0.0089480 0.0023063
v -0.0031446 0.0090769 0.0017896
v -0.0029657 0.0089269 0.0016711
v -0.0034051 0.0091060 0.0012743
v -0.0032554 0.0089541 0.0011960
v -0.0032070 0.0089021 0.0007842
v -0.0034743 0.0090229 0.0008118
v -0.0036174 0.0091070 0.0003957
v 0.0037934 0.0112039 0.0004928
v 0.0037294 0.0112508 0.0008853
v 0.0036010 0.0111978 0.0012892
v 0.0034069 0.0111953 0.0017300
v 0.0031844 0.0112072 0.0021245
v 0.0028221 0.0112523 0.0025988
v 0.0023847 0.0112418 0.0030025
v 0.0021523 0.0111634 0.0031569
v 0.0016408 0.0111907 0.0034540
v 0.0011861 0.0111772 0.0036303
v 0.0007541 0.0112799 0.0037684
v 0.0001671 0.0112440 0.0038311
v -0.0004315 0.0112130 0.0038046
v -0.0010494 0.0112292 0.0036830
v -0.0015854 0.0112402 0.0034908
v -0.0018984 0.0112591 0.0033293
v -0.0023564 0.0112416 0.0030248
v -0.0026937 0.0111739 0.0027069
v -0.0029957 0.0112523 0.0023966
v -0.0033274 0.0112272 0.0018996
v -0.0035820 0.0112873 0.0013961
v -0.0036751 0.0112102 0.0010733
v -0.0038064 0.0112618 0.0004958
v -0.0037243 0.0104037 0.0006234
v 0.0040620 0.0115366 0.0002854
v 0.0039084 0.0113991 0.0002788
v 0.0038371 0.0112501 -0.0000860
v -0.0039170 0.0114041 -0.0001457
v -0.0038288 0.0112290 -0.0000044
v 0.0038868 0.0114543 0.0007700
v 0.0038813 0.0115396 0.0012537
v 0.0036722 0.0114003 0.0013548
v 0.0039207 0.0115983 0.0017919
v 0.0034285 0.0114137 0.0019006
v 0.0036833 0.0115702 0.0018938
v 0.0030924 0.0114244 0.0024291
v 0.0032178 0.0115450 0.0025189
v 0.0027013 0.0114564 0.0028923
v 0.0028314 0.0115902 0.0031112
v 0.0022137 0.0114854 0.0033217
v 0.0019026 0.0113284 0.0033716
v 0.0015460 0.0115954 0.0039736
v 0.0015651 0.0115145 0.0037208
v 0.0013627 0.0113763 0.0036522
v 0.0009363 0.0115277 0.0039445
v 0.0003294 0.0114368 0.0039322
v -0.0002705 0.0115930 0.0042189
v -0.0002946 0.0115109 0.0040256
v -0.0004376 0.0113972 0.0038877
v -0.0012016 0.0114223 0.0037461
v -0.0013696 0.0115872 0.0039553
v -0.0019705 0.0115483 0.0035999
v -0.0019039 0.0114459 0.0034662
v -0.0025337 0.0114151 0.0029997
v -0.0025581 0.0115957 0.0033919
v -0.0028619 0.0115256 0.0028681
v -0.0030925 0.0114483 0.0024672
v -0.0031843 0.0115735 0.0026601
v -0.0034350 0.0114548 0.0019593
v -0.0036631 0.0115788 0.0020056
v -0.0038106 0.0115134 0.0013145
v -0.0038217 0.0113923 0.0008113
v -0.0039677 0.0114874 0.0004869
v -0.0041319 0.0115792 0.0005342
v -0.0038064 0.0112283 -0.0004409
v -0.0036547 0.0112376 -0.0011731
v -0.0033982 0.0112422 -0.0017624
v -0.0031117 0.0112497 -0.0022508
v -0.0026151 0.0112698 -0.0028125
v -0.0021581 0.0112334 -0.0031642
v -0.0016402 0.0112270 -0.0034599
v -0.0010594 0.0112112 -0.0036792
v -0.0001692 0.0112457 -0.0038313
v 0.0004310 0.0112427 -0.0038101
v 0.0008672 0.0112508 -0.0037336
v 0.0012723 0.0111881 -0.0036056
v 0.0018451 0.0112269 -0.0033579
v 0.0023507 0.0112535 -0.0030278
v 0.0027443 0.0112733 -0.0026786
v 0.0029931 0.0112427 -0.0023966
v 0.0031520 0.0111645 -0.0021591
v 0.0035336 0.0112895 -0.0015091
v 0.0036603 0.0112532 -0.0011319
v 0.0037556 0.0112417 -0.0007717
v -0.0040604 0.0115369 -0.0003084
v -0.0038433 0.0114052 -0.0007442
v -0.0042804 0.0115979 -0.0000471
v -0.0038368 0.0115198 -0.0012791
v -0.0036587 0.0113757 -0.0013444
v -0.0039677 0.0115957 -0.0015014
v -0.0034609 0.0114548 -0.0019304
v -0.0036145 0.0115691 -0.0020074
v -0.0030967 0.0114195 -0.0024170
v -0.0031985 0.0115458 -0.0025367
v -0.0027356 0.0115058 -0.0029402
v -0.0021976 0.0114381 -0.0032776
v -0.0020567 0.0115457 -0.0035411
v -0.0016179 0.0114493 -0.0036062
v -0.0018086 0.0115958 -0.0038461
v -0.0009619 0.0114202 -0.0038162
v -0.0007003 0.0112556 -0.0037676
v -0.0008157 0.0115424 -0.0039956
v -0.0005318 0.0115978 -0.0042352
v -0.0001668 0.0114258 -0.0039302
v 0.0000330 0.0115308 -0.0040610
v 0.0004426 0.0114091 -0.0038961
v 0.0008422 0.0115409 -0.0039878
v 0.0012035 0.0115050 -0.0038280
v 0.0015273 0.0114210 -0.0036222
v 0.0021735 0.0115715 -0.0035307
v 0.0021333 0.0113472 -0.0032426
v 0.0023298 0.0114807 -0.0032472
v 0.0028996 0.0115883 -0.0030126
v 0.0030924 0.0115307 -0.0026257
v 0.0034152 0.0114862 -0.0020732
v 0.0033561 0.0112499 -0.0018484
v 0.0036390 0.0115939 -0.0021430
v 0.0038077 0.0114995 -0.0012735
v 0.0040394 0.0115926 -0.0012140
v 0.0039498 0.0114745 -0.0004957
v 0.0037243 0.0104038 -0.0006234
v 0.0078112 0.0115986 -0.0002115
v 0.0073492 0.0116000 -0.0027017
v 0.0063125 0.0116000 -0.0046085
v 0.0047663 0.0115999 -0.0062186
v 0.0025075 0.0116000 -0.0074177
v 0.0000736 0.0116000 -0.0078299
v -0.0023659 0.0116000 -0.0074643
v -0.0045700 0.0115999 -0.0063582
v -0.0063213 0.0115999 -0.0046206
v -0.0074456 0.0116000 -0.0024227
v -0.0077560 0.0116000 -0.0008268
v -0.0079735 0.0118068 -0.0008512
v 0.0000086 0.0118028 -0.0080190
v -0.0015292 0.0117974 -0.0078561
v -0.0027225 0.0118016 -0.0075306
v -0.0038476 0.0117974 -0.0070180
v -0.0048528 0.0117993 -0.0063671
v -0.0057753 0.0117993 -0.0055439
v -0.0065598 0.0117993 -0.0045890
v -0.0071881 0.0117993 -0.0035245
v -0.0076450 0.0117993 -0.0023758
v 0.0079975 0.0118000 -0.0002000
v 0.0079195 0.0117995 -0.0011705
v 0.0075619 0.0117957 -0.0026473
v 0.0069286 0.0117993 -0.0040108
v 0.0062266 0.0117994 -0.0050321
v 0.0051793 0.0118028 -0.0061173
v 0.0039001 0.0117997 -0.0069912
v 0.0027748 0.0117996 -0.0075092
v 0.0015835 0.0117996 -0.0078473
v -0.0079735 0.0118068 -0.0008512
v 0.0000086 0.0118028 -0.0080190
v -0.0015292 0.0117974 -0.0078561
v -0.0027225 0.0118016 -0.0075306
v -0.0038476 0.0117974 -0.0070180
v -0.0048528 0.0117993 -0.0063671
v -0.0057753 0.0117993 -0.0055439
v -0.0065598 0.0117993 -0.0045890
v -0.0071881 0.0117993 -0.0035245
v -0.0076450 0.0117993 -0.0023758
v 0.0079975 0.0118000 -0.0002000
v 0.0079195 0.0117995 -0.0011705
v 0.0075619 0.0117957 -0.0026473
v 0.0069286 0.0117993 -0.0040108
v 0.0062266 0.0117994 -0.0050321
v 0.0051793 0.0118028 -0.0061173
v 0.0039001 0.0117997 -0.0069912
v 0.0027748 0.0117996 -0.0075092
v 0.0015835 0.0117996 -0.0078473
v -0.0079551 0.0143000 -0.0008466
v -0.0078211 0.0143002 -0.0017077
v -0.0074654 0.0143003 -0.0028905
v -0.0069317 0.0143004 -0.0040049
v -0.0062328 0.0143005 -0.0050240
v -0.0053854 0.0143005 -0.0059233
v -0.0044097 0.0143006 -0.0066815
v -0.0030622 0.0143011 -0.0074073
v -0.0015314 0.0142984 -0.0078598
v 0.0000119 0.0143044 -0.0080118
v 0.0015104 0.0143007 -0.0078619
v 0.0027052 0.0143007 -0.0075348
v 0.0038357 0.0143007 -0.0070270
v 0.0050928 0.0142971 -0.0061894
v 0.0061803 0.0143002 -0.0050883
v 0.0068913 0.0143003 -0.0040740
v 0.0075708 0.0142971 -0.0026436
v 0.0079302 0.0143007 -0.0010966
v 0.0079975 0.0143000 -0.0002000
v 0.0078112 0.0115986 -0.0002115
v 0.0079975 0.0118000 -0.0002000
v 0.0079975 0.0143000 -0.0002000
v 0.0078160 0.0145016 -0.0002050
v 0.0078160 0.0115984 0.0002050
v 0.0078112 0.0115986 -0.0002115
v 0.0078160 0.0145016 -0.0002050
v 0.0078055 0.0145012 0.0002042
v 0.0078160 0.0115984 0.0002050
v 0.0078055 0.0145012 0.0002042
v 0.0080092 0.0143006 0.0002021
v 0.0079975 0.0118000 0.0002000
v 0.0078055 0.0145012 0.0002042
v 0.0080092 0.0143006 0.0002021
v 0.0079975 0.0118000 0.0002000
v -0.0079665 0.0117995 0.0008497
v -0.0079551 0.0143000 0.0008466
v -0.0076661 0.0117997 0.0023059
v -0.0072200 0.0117996 0.0034581
v -0.0066019 0.0117996 0.0045280
v -0.0058266 0.0117995 0.0054898
v -0.0049120 0.0117994 0.0063214
v -0.0038808 0.0117994 0.0070020
v -0.0027224 0.0118015 0.0075306
v -0.0014934 0.0117994 0.0078650
v -0.0003007 0.0117975 0.0079979
v 0.0008972 0.0117993 0.0079552
v 0.0024527 0.0118029 0.0076348
v 0.0041486 0.0117958 0.0068542
v 0.0053341 0.0118017 0.0059696
v 0.0063670 0.0117995 0.0048689
v 0.0071857 0.0117997 0.0035290
v 0.0076441 0.0117996 0.0023782
v 0.0079195 0.0117995 0.0011705
v 0.0078269 0.0143002 0.0016812
v 0.0074743 0.0143003 0.0028675
v 0.0067762 0.0142970 0.0042882
v 0.0056057 0.0143043 0.0057242
v 0.0041369 0.0142971 0.0068696
v 0.0024442 0.0143044 0.0076299
v 0.0009650 0.0143006 0.0079472
v -0.0006179 0.0142972 0.0079951
v -0.0021373 0.0143025 0.0077129
v -0.0032642 0.0143007 0.0073099
v -0.0043501 0.0143007 0.0067206
v -0.0053321 0.0143007 0.0059715
v -0.0061874 0.0143007 0.0050800
v -0.0068954 0.0143007 0.0040673
v -0.0074390 0.0143006 0.0029583
v -0.0078055 0.0143006 0.0017789
v 0.0074525 0.0145000 0.0024006
v 0.0063431 0.0145001 0.0045902
v 0.0046110 0.0145001 0.0063281
v 0.0024267 0.0145000 0.0074444
v 0.0000048 0.0145000 0.0078299
v -0.0024164 0.0145000 0.0074477
v -0.0046008 0.0145001 0.0063355
v -0.0063347 0.0145001 0.0046016
v -0.0074469 0.0145000 0.0024173
v -0.0077565 0.0144999 0.0008288
v -0.0077656 0.0115985 0.0008333
v -0.0079665 0.0117995 0.0008497
v -0.0079551 0.0143000 0.0008466
v -0.0077565 0.0144999 0.0008288
v -0.0077656 0.0115985 0.0008333
v -0.0074297 0.0116000 0.0023934
v -0.0066662 0.0115999 0.0041073
v -0.0050574 0.0115999 0.0059778
v -0.0029473 0.0115999 0.0072544
v -0.0005449 0.0116000 0.0078112
v 0.0019135 0.0116000 0.0075927
v 0.0041834 0.0115999 0.0066186
v 0.0060922 0.0115999 0.0049267
v 0.0073492 0.0116000 0.0027016
v 0.0078160 0.0115984 0.0002050
v 0.0079975 0.0118000 0.0002000
v -0.0079665 0.0117995 0.0008497
v -0.0076661 0.0117997 0.0023059
v -0.0072200 0.0117996 0.0034581
v -0.0066019 0.0117996 0.0045280
v -0.0058266 0.0117995 0.0054898
v -0.0049120 0.0117994 0.0063214
v -0.0038808 0.0117994 0.0070020
v -0.0027224 0.0118015 0.0075306
v -0.0014934 0.0117994 0.0078650
v -0.0003007 0.0117975 0.0079979
v 0.0008972 0.0117993 0.0079552
v 0.0024527 0.0118029 0.0076348
v 0.0041486 0.0117958 0.0068542
v 0.0053341 0.0118017 0.0059696
v 0.0063670 0.0117995 0.0048689
v 0.0071857 0.0117997 0.0035290
v 0.0076441 0.0117996 0.0023782
v 0.0079195 0.0117995 0.0011705
v -0.0077656 0.0115985 0.0008333
v -0.0077830 0.0115999 0.0005303
v -0.0077565 0.0144999 0.0008288
v -0.0077850 0.0145004 0.0005303
v 0.0078160 0.0145016 -0.0002050
v 0.0078055 0.0145012 0.0002042
v 0.0074525 0.0145000 0.0024006
v 0.0063431 0.0145001 0.0045902
v 0.0046110 0.0145001 0.0063281
v 0.0024267 0.0145000 0.0074444
v 0.0000048 0.0145000 0.0078299
v -0.0024164 0.0145000 0.0074477
v -0.0046008 0.0145001 0.0063355
v -0.0063347 0.0145001 0.0046016
v -0.0074469 0.0145000 0.0024173
v -0.0077565 0.0144999 0.0008288
v -0.0077850 0.0145004 0.0005303
v -0.0077565 0.0144999 -0.0008282
v -0.0074447 0.0145000 -0.0024255
v -0.0063209 0.0145001 -0.0046213
v -0.0045694 0.0145001 -0.0063586
v -0.0023654 0.0145000 -0.0074644
v 0.0000740 0.0145000 -0.0078299
v 0.0025079 0.0145000 -0.0074176
v 0.0047666 0.0145001 -0.0062184
v 0.0063126 0.0145000 -0.0046083
v 0.0073492 0.0145000 -0.0027016
v -0.0077867 0.0145006 -0.0005294
v 0.0030115 0.0145000 -0.0002012
v 0.0026085 0.0144998 -0.0015542
v 0.0017008 0.0145000 -0.0024850
v 0.0007393 0.0145000 -0.0029262
v -0.0004369 0.0145000 -0.0029864
v 0.0009373 0.0144999 0.0028846
v 0.0020454 0.0145000 0.0022128
v 0.0028022 0.0144999 0.0011607
v -0.0030179 0.0145000 -0.0000356
v -0.0028602 0.0145000 0.0009294
v -0.0024398 0.0145000 0.0017726
v -0.0014803 0.0144999 0.0026433
v -0.0003206 0.0145000 0.0029941
v -0.0017541 0.0144998 -0.0024785
v -0.0027329 0.0144999 -0.0013005
v -0.0060956 0.0145000 -0.0008083
v -0.0066012 0.0145000 -0.0005559
v -0.0068023 0.0145000 -0.0000949
v -0.0067473 0.0145000 0.0003095
v -0.0064354 0.0145000 0.0006905
v -0.0058503 0.0145000 0.0008064
v -0.0053908 0.0145000 0.0005335
v -0.0051992 0.0145000 0.0001269
v -0.0052855 0.0145000 -0.0004001
v -0.0056531 0.0145000 -0.0007288
v 0.0006092 0.0145000 -0.0065335
v 0.0003360 0.0145000 -0.0067288
v 0.0000101 0.0145000 -0.0068097
v -0.0003568 0.0145000 -0.0067214
v -0.0006905 0.0145000 -0.0064354
v -0.0008064 0.0145000 -0.0058503
v -0.0005335 0.0145000 -0.0053908
v -0.0002180 0.0145000 -0.0052266
v 0.0001265 0.0145000 -0.0052011
v 0.0004465 0.0145000 -0.0053319
v 0.0006897 0.0145000 -0.0055774
v 0.0008150 0.0145000 -0.0060641
v 0.0061497 0.0145000 0.0008064
v 0.0066543 0.0145000 0.0004881
v 0.0068031 0.0145000 0.0000632
v 0.0067473 0.0145000 -0.0003095
v 0.0064354 0.0145000 -0.0006905
v 0.0059465 0.0145000 -0.0008080
v 0.0055877 0.0145000 -0.0006912
v 0.0053345 0.0145000 -0.0004566
v 0.0051977 0.0145000 -0.0000951
v 0.0052527 0.0145000 0.0003095
v 0.0055647 0.0145000 0.0006905
v -0.0008048 0.0145000 0.0059905
v -0.0007101 0.0145000 0.0063978
v -0.0003939 0.0145000 0.0067036
v -0.0000100 0.0145000 0.0068097
v 0.0004714 0.0145000 0.0066665
v 0.0007538 0.0145000 0.0062886
v 0.0008008 0.0145000 0.0058732
v 0.0006455 0.0145000 0.0055193
v 0.0003310 0.0145000 0.0052576
v -0.0001583 0.0145000 0.0052038
v -0.0005154 0.0145000 0.0053818
v -0.0007288 0.0145000 0.0056532
v -0.0077850 0.0145004 0.0005303
v -0.0077867 0.0145006 -0.0005294
v -0.0079848 0.0143000 -0.0005477
v -0.0079903 0.0143001 0.0005451
v -0.0077830 0.0115999 0.0005303
v -0.0077850 0.0145004 0.0005303
v -0.0079903 0.0143001 0.0005451
v -0.0079887 0.0117984 0.0005469
v -0.0079848 0.0143000 -0.0005477
v -0.0079903 0.0143001 0.0005451
v -0.0079887 0.0117984 0.0005469
v -0.0079859 0.0118010 -0.0005472
v -0.0077924 0.0115995 -0.0005298
v -0.0077830 0.0115999 0.0005303
v -0.0079887 0.0117984 0.0005469
v -0.0079859 0.0118010 -0.0005472
v -0.0077924 0.0115995 -0.0005298
v -0.0077867 0.0145006 -0.0005294
v -0.0079848 0.0143000 -0.0005477
v -0.0079859 0.0118010 -0.0005472
v -0.0077560 0.0116000 -0.0008268
v -0.0077924 0.0115995 -0.0005298
v -0.0077565 0.0144999 -0.0008282
v -0.0077867 0.0145006 -0.0005294
v -0.0077560 0.0116000 -0.0008268
v -0.0079735 0.0118068 -0.0008512
v -0.0079551 0.0143000 -0.0008466
v -0.0077565 0.0144999 -0.0008282
v -0.0079551 0.0143000 -0.0008466
v -0.0078211 0.0143002 -0.0017077
v -0.0074654 0.0143003 -0.0028905
v -0.0069317 0.0143004 -0.0040049
v -0.0062328 0.0143005 -0.0050240
v -0.0053854 0.0143005 -0.0059233
v -0.0044097 0.0143006 -0.0066815
v -0.0030622 0.0143011 -0.0074073
v -0.0015314 0.0142984 -0.0078598
v 0.0000119 0.0143044 -0.0080118
v 0.0015104 0.0143007 -0.0078619
v 0.0027052 0.0143007 -0.0075348
v 0.0038357 0.0143007 -0.0070270
v 0.0050928 0.0142971 -0.0061894
v 0.0061803 0.0143002 -0.0050883
v 0.0068913 0.0143003 -0.0040740
v 0.0075708 0.0142971 -0.0026436
v 0.0079302 0.0143007 -0.0010966
v 0.0079975 0.0143000 -0.0002000
v 0.0078160 0.0145016 -0.0002050
v -0.0077565 0.0144999 -0.0008282
v -0.0074447 0.0145000 -0.0024255
v -0.0063209 0.0145001 -0.0046213
v -0.0045694 0.0145001 -0.0063586
v -0.0023654 0.0145000 -0.0074644
v 0.0000740 0.0145000 -0.0078299
v 0.0025079 0.0145000 -0.0074176
v 0.0047666 0.0145001 -0.0062184
v 0.0063126 0.0145000 -0.0046083
v 0.0073492 0.0145000 -0.0027016
v 0.0030115 0.0145000 -0.0002012
v 0.0026085 0.0144998 -0.0015542
v 0.0017008 0.0145000 -0.0024850
v 0.0007393 0.0145000 -0.0029262
v -0.0004369 0.0145000 -0.0029864
v 0.0009373 0.0144999 0.0028846
v 0.0020454 0.0145000 0.0022128
v 0.0028022 0.0144999 0.0011607
v -0.0030179 0.0145000 -0.0000356
v -0.0028602 0.0145000 0.0009294
v -0.0024398 0.0145000 0.0017726
v -0.0014803 0.0144999 0.0026433
v -0.0003206 0.0145000 0.0029941
v -0.0017541 0.0144998 -0.0024785
v -0.0027329 0.0144999 -0.0013005
v -0.0001415 0.0142999 -0.0028069
v -0.0007792 0.0143000 -0.0026915
v -0.0014005 0.0142999 -0.0024367
v -0.0019163 0.0143000 -0.0020442
v -0.0023541 0.0142999 -0.0015353
v -0.0027678 0.0142997 -0.0005505
v -0.0027437 0.0143021 0.0006487
v -0.0022771 0.0142952 0.0016544
v -0.0014814 0.0142995 0.0023961
v -0.0006640 0.0142997 0.0027259
v -0.0000092 0.0142997 0.0028056
v 0.0007529 0.0142996 0.0027079
v 0.0015528 0.0142996 0.0023428
v 0.0021273 0.0142997 0.0018292
v 0.0025983 0.0142995 0.0010883
v 0.0027989 0.0143012 0.0002126
v 0.0027311 0.0142998 -0.0006899
v 0.0023775 0.0143000 -0.0014894
v 0.0019642 0.0143000 -0.0020032
v 0.0013459 0.0142999 -0.0024673
v 0.0006282 0.0143000 -0.0027343
v -0.0001415 0.0142999 -0.0028069
v -0.0007792 0.0143000 -0.0026915
v -0.0014005 0.0142999 -0.0024367
v -0.0019163 0.0143000 -0.0020442
v -0.0023541 0.0142999 -0.0015353
v -0.0027678 0.0142997 -0.0005505
v -0.0027437 0.0143021 0.0006487
v -0.0022771 0.0142952 0.0016544
v -0.0014814 0.0142995 0.0023961
v -0.0006640 0.0142997 0.0027259
v -0.0000092 0.0142997 0.0028056
v 0.0007529 0.0142996 0.0027079
v 0.0015528 0.0142996 0.0023428
v 0.0021273 0.0142997 0.0018292
v 0.0025983 0.0142995 0.0010883
v 0.0027989 0.0143012 0.0002126
v 0.0027311 0.0142998 -0.0006899
v 0.0023775 0.0143000 -0.0014894
v 0.0019642 0.0143000 -0.0020032
v 0.0013459 0.0142999 -0.0024673
v 0.0006282 0.0143000 -0.0027343
v -0.0000789 0.0129000 0.0028094
v 0.0004662 0.0129000 -0.0027665
v 0.0012050 0.0129000 -0.0025391
v 0.0019307 0.0129000 -0.0020424
v 0.0024064 0.0129000 -0.0014423
v 0.0027133 0.0129000 -0.0007328
v 0.0028067 0.0129000 0.0001103
v 0.0026766 0.0129000 0.0008406
v 0.0023541 0.0129000 0.0015353
v 0.0016826 0.0129000 0.0022593
v 0.0007930 0.0129000 0.0026963
v -0.0011838 0.0129000 0.0025680
v -0.0022395 0.0129000 0.0017217
v -0.0027369 0.0129000 0.0006571
v -0.0027734 0.0129000 -0.0005516
v -0.0021969 0.0129000 -0.0017758
v -0.0013459 0.0129000 -0.0024673
v -0.0004078 0.0129000 -0.0027873
v -0.0000789 0.0129000 0.0028094
v 0.0004662 0.0129000 -0.0027665
v 0.0012050 0.0129000 -0.0025391
v 0.0019307 0.0129000 -0.0020424
v 0.0024064 0.0129000 -0.0014423
v 0.0027133 0.0129000 -0.0007328
v 0.0028067 0.0129000 0.0001103
v 0.0026766 0.0129000 0.0008406
v 0.0023541 0.0129000 0.0015353
v 0.0016826 0.0129000 0.0022593
v 0.0007930 0.0129000 0.0026963
v -0.0011838 0.0129000 0.0025680
v -0.0022395 0.0129000 0.0017217
v -0.0027369 0.0129000 0.0006571
v -0.0027734 0.0129000 -0.0005516
v -0.0021969 0.0129000 -0.0017758
v -0.0013459 0.0129000 -0.0024673
v -0.0004078 0.0129000 -0.0027873
v 0.0019934 0.0129000 0.0007113
v 0.0020944 0.0129000 0.0005838
v 0.0010815 0.0129000 0.0007257
v 0.0000460 0.0129000 0.0013091
v 0.0006987 0.0129000 0.0011196
v -0.0002560 0.0129000 -0.0012850
v -0.0007254 0.0129000 -0.0010857
v -0.0011304 0.0129000 -0.0006735
v -0.0013111 0.0129000 -0.0000355
v -0.0012023 0.0129000 0.0005147
v -0.0009482 0.0129000 0.0008964
v -0.0005345 0.0129000 0.0011977
v 0.0010738 0.0129000 -0.0007636
v 0.0004271 0.0129000 -0.0012486
v 0.0020956 0.0129000 -0.0005797
v 0.0019960 0.0129000 -0.0007104
v 0.0019934 0.0129000 0.0007113
v 0.0020944 0.0129000 0.0005838
v 0.0020956 0.0129000 -0.0005797
v 0.0020968 0.0115493 0.0005718
v 0.0020047 0.0115489 0.0007066
v 0.0020930 0.0115489 -0.0005909
v 0.0020968 0.0115493 0.0005718
v 0.0021315 0.0115002 0.0006359
v 0.0019867 0.0115001 -0.0007643
v 0.0010700 0.0115072 -0.0007439
v 0.0021356 0.0115002 -0.0006286
v 0.0019859 0.0115001 0.0007645
v 0.0019893 0.0115516 -0.0007114
v 0.0020047 0.0115489 0.0007066
v 0.0020930 0.0115489 -0.0005909
v 0.0021315 0.0115002 0.0006359
v -0.0025009 0.0115000 0.0003270
v -0.0021756 0.0115000 0.0012505
v -0.0017537 0.0115000 0.0017886
v -0.0012017 0.0115000 0.0022030
v -0.0003641 0.0115000 0.0024887
v 0.0004162 0.0115000 0.0024701
v 0.0010760 0.0115000 0.0022670
v 0.0017238 0.0115000 0.0018236
v 0.0022544 0.0115000 0.0011154
v 0.0024778 0.0115000 0.0003675
v 0.0024886 0.0115000 -0.0003227
v 0.0023047 0.0115000 -0.0009813
v 0.0018932 0.0115000 -0.0016559
v 0.0012018 0.0115000 -0.0022029
v 0.0004621 0.0115000 -0.0024665
v -0.0004228 0.0115000 -0.0024794
v -0.0012505 0.0115000 -0.0021756
v -0.0019996 0.0115000 -0.0015372
v -0.0024226 0.0115000 -0.0006542
v 0.0019867 0.0115001 -0.0007643
v 0.0010700 0.0115072 -0.0007439
v 0.0021356 0.0115002 -0.0006286
v 0.0019859 0.0115001 0.0007645
v 0.0010720 0.0115230 0.0007366
v 0.0007332 0.0115000 0.0010977
v 0.0001638 0.0115000 0.0012944
v -0.0003406 0.0115000 0.0012666
v -0.0009712 0.0115000 0.0008978
v -0.0012851 0.0115000 0.0002556
v -0.0012564 0.0115000 -0.0003911
v -0.0009356 0.0115000 -0.0009138
v -0.0004690 0.0115000 -0.0012248
v 0.0000484 0.0115000 -0.0013047
v 0.0006466 0.0115000 -0.0011509
v -0.0025009 0.0115000 0.0003270
v -0.0021756 0.0115000 0.0012505
v -0.0017537 0.0115000 0.0017886
v -0.0012017 0.0115000 0.0022030
v -0.0003641 0.0115000 0.0024887
v 0.0004162 0.0115000 0.0024701
v 0.0010760 0.0115000 0.0022670
v 0.0017238 0.0115000 0.0018236
v 0.0022544 0.0115000 0.0011154
v 0.0024778 0.0115000 0.0003675
v 0.0024886 0.0115000 -0.0003227
v 0.0023047 0.0115000 -0.0009813
v 0.0018932 0.0115000 -0.0016559
v 0.0012018 0.0115000 -0.0022029
v 0.0004621 0.0115000 -0.0024665
v -0.0004228 0.0115000 -0.0024794
v -0.0012505 0.0115000 -0.0021756
v -0.0019996 0.0115000 -0.0015372
v -0.0024226 0.0115000 -0.0006542
v 0.0024718 0.0092013 0.0004065
v 0.0022274 0.0092002 0.0011682
v 0.0016828 0.0092001 0.0018615
v 0.0009350 0.0092002 0.0023349
v 0.0000706 0.0092001 0.0025084
v -0.0009018 0.0092003 0.0023554
v -0.0017238 0.0092001 0.0018236
v -0.0022029 0.0092001 0.0012017
v -0.0025071 0.0091979 0.0002749
v -0.0023627 0.0092006 -0.0008827
v -0.0018363 0.0092003 -0.0017103
v -0.0012180 0.0092003 -0.0021941
v -0.0005768 0.0092002 -0.0024377
v 0.0003067 0.0092006 -0.0025035
v 0.0012344 0.0092003 -0.0021849
v 0.0017771 0.0092002 -0.0017655
v 0.0022456 0.0092004 -0.0011329
v 0.0024932 0.0092003 -0.0002856
v 0.0024718 0.0092013 0.0004065
v 0.0022274 0.0092002 0.0011682
v 0.0016828 0.0092001 0.0018615
v 0.0009350 0.0092002 0.0023349
v 0.0000706 0.0092001 0.0025084
v -0.0009018 0.0092003 0.0023554
v -0.0017238 0.0092001 0.0018236
v -0.0022029 0.0092001 0.0012017
v -0.0025071 0.0091979 0.0002749
v 0.0027678 0.0089001 0.0005506
v 0.0022395 0.0089001 0.0017216
v 0.0013084 0.0089001 0.0024946
v 0.0002542 0.0089001 0.0028054
v -0.0009453 0.0089001 0.0026619
v -0.0019682 0.0089001 0.0020153
v -0.0026841 0.0089002 0.0009092
v -0.0027733 0.0089001 -0.0005517
v -0.0023193 0.0089000 -0.0015873
v -0.0016286 0.0089001 -0.0022984
v -0.0007327 0.0089000 -0.0027133
v 0.0002542 0.0089001 -0.0028054
v 0.0010991 0.0089000 -0.0025813
v 0.0019426 0.0089001 -0.0020507
v 0.0027060 0.0089002 -0.0008422
v -0.0023627 0.0092006 -0.0008827
v -0.0018363 0.0092003 -0.0017103
v -0.0012180 0.0092003 -0.0021941
v -0.0005768 0.0092002 -0.0024377
v 0.0003067 0.0092006 -0.0025035
v 0.0012344 0.0092003 -0.0021849
v 0.0017771 0.0092002 -0.0017655
v 0.0022456 0.0092004 -0.0011329
v 0.0024932 0.0092003 -0.0002856
v 0.0010815 0.0129000 0.0007257
v 0.0000460 0.0129000 0.0013091
v 0.0006987 0.0129000 0.0011196
v -0.0002560 0.0129000 -0.0012850
v -0.0007254 0.0129000 -0.0010857
v -0.0011304 0.0129000 -0.0006735
v -0.0013111 0.0129000 -0.0000355
v -0.0012023 0.0129000 0.0005147
v -0.0009482 0.0129000 0.0008964
v -0.0005345 0.0129000 0.0011977
v 0.0010738 0.0129000 -0.0007636
v 0.0004271 0.0129000 -0.0012486
v 0.0010700 0.0115072 -0.0007439
v 0.0010720 0.0115230 0.0007366
v 0.0007332 0.0115000 0.0010977
v 0.0001638 0.0115000 0.0012944
v -0.0003406 0.0115000 0.0012666
v -0.0009712 0.0115000 0.0008978
v -0.0012851 0.0115000 0.0002556
v -0.0012564 0.0115000 -0.0003911
v -0.0009356 0.0115000 -0.0009138
v -0.0004690 0.0115000 -0.0012248
v 0.0000484 0.0115000 -0.0013047
v 0.0006466 0.0115000 -0.0011509
v 0.0019934 0.0129000 0.0007113
v 0.0010815 0.0129000 0.0007257
v 0.0010720 0.0115230 0.0007366
v 0.0020047 0.0115489 0.0007066
v 0.0010738 0.0129000 -0.0007636
v 0.0019960 0.0129000 -0.0007104
v 0.0010700 0.0115072 -0.0007439
v 0.0019893 0.0115516 -0.0007114
v 0.0020956 0.0129000 -0.0005797
v 0.0019960 0.0129000 -0.0007104
v 0.0019893 0.0115516 -0.0007114
v 0.0020930 0.0115489 -0.0005909
v -0.0054777 0.0116000 -0.0006274
v -0.0052259 0.0116000 -0.0002285
v -0.0052205 0.0116000 0.0002423
v -0.0055159 0.0116000 0.0006492
v -0.0058647 0.0116000 0.0007934
v -0.0062406 0.0116000 0.0007732
v -0.0066761 0.0116000 0.0004643
v -0.0068080 0.0116000 -0.0000535
v -0.0066869 0.0116000 -0.0004208
v -0.0064145 0.0116000 -0.0006956
v -0.0059681 0.0116000 -0.0008111
v -0.0060956 0.0145000 -0.0008083
v -0.0066012 0.0145000 -0.0005559
v -0.0068023 0.0145000 -0.0000949
v -0.0067473 0.0145000 0.0003095
v -0.0064354 0.0145000 0.0006905
v -0.0058503 0.0145000 0.0008064
v -0.0053908 0.0145000 0.0005335
v -0.0051992 0.0145000 0.0001269
v -0.0052855 0.0145000 -0.0004001
v -0.0056531 0.0145000 -0.0007288
v 0.0007833 0.0116000 -0.0058121
v 0.0005764 0.0116000 -0.0054236
v 0.0001971 0.0116000 -0.0052196
v -0.0001477 0.0116000 -0.0052065
v -0.0005002 0.0116000 -0.0053655
v -0.0007752 0.0116000 -0.0057481
v -0.0007553 0.0116000 -0.0063128
v -0.0003966 0.0116000 -0.0067083
v 0.0000219 0.0116000 -0.0068068
v 0.0004995 0.0116000 -0.0066505
v 0.0007850 0.0116000 -0.0061988
v 0.0006092 0.0145000 -0.0065335
v 0.0003360 0.0145000 -0.0067288
v 0.0000101 0.0145000 -0.0068097
v -0.0003568 0.0145000 -0.0067214
v -0.0006905 0.0145000 -0.0064354
v -0.0008064 0.0145000 -0.0058503
v -0.0005335 0.0145000 -0.0053908
v -0.0002180 0.0145000 -0.0052266
v 0.0001265 0.0145000 -0.0052011
v 0.0004465 0.0145000 -0.0053319
v 0.0006897 0.0145000 -0.0055774
v 0.0008150 0.0145000 -0.0060641
v 0.0057594 0.0116000 0.0007732
v 0.0054376 0.0116000 0.0005758
v 0.0052330 0.0116000 0.0002598
v 0.0052166 0.0116000 -0.0002209
v 0.0054975 0.0116000 -0.0006375
v 0.0059897 0.0116000 -0.0008162
v 0.0064678 0.0116000 -0.0006610
v 0.0067776 0.0116000 -0.0002526
v 0.0067670 0.0116000 0.0002598
v 0.0065026 0.0116000 0.0006375
v 0.0061353 0.0116000 0.0007934
v 0.0061497 0.0145000 0.0008064
v 0.0066543 0.0145000 0.0004881
v 0.0068031 0.0145000 0.0000632
v 0.0067473 0.0145000 -0.0003095
v 0.0064354 0.0145000 -0.0006905
v 0.0059465 0.0145000 -0.0008080
v 0.0055877 0.0145000 -0.0006912
v 0.0053345 0.0145000 -0.0004566
v 0.0051977 0.0145000 -0.0000951
v 0.0052527 0.0145000 0.0003095
v 0.0055647 0.0145000 0.0006905
v -0.0005961 0.0116000 0.0054489
v -0.0001068 0.0116000 0.0051868
v 0.0003570 0.0116000 0.0052787
v 0.0006492 0.0116000 0.0055159
v 0.0008163 0.0116000 0.0059897
v 0.0006610 0.0116000 0.0064678
v 0.0003468 0.0116000 0.0067288
v -0.0001175 0.0116000 0.0068078
v -0.0006451 0.0116000 0.0065086
v -0.0008129 0.0116000 0.0059257
v -0.0008048 0.0145000 0.0059905
v -0.0007101 0.0145000 0.0063978
v -0.0003939 0.0145000 0.0067036
v -0.0000100 0.0145000 0.0068097
v 0.0004714 0.0145000 0.0066665
v 0.0007538 0.0145000 0.0062886
v 0.0008008 0.0145000 0.0058732
v 0.0006455 0.0145000 0.0055193
v 0.0003310 0.0145000 0.0052576
v -0.0001583 0.0145000 0.0052038
v -0.0005154 0.0145000 0.0053818
v -0.0007288 0.0145000 0.0056532
v -0.0033585 0.0092832 0.0015958
v -0.0031487 0.0092870 0.0019727
v -0.0029415 0.0093040 0.0022782
v -0.0010494 0.0112292 0.0036830
v -0.0015854 0.0112402 0.0034908
v -0.0018984 0.0112591 0.0033293
v -0.0039291 0.0115972 0.0017545
v -0.0025581 0.0115957 0.0033919
v -0.0031843 0.0115735 0.0026601
v 0.0011578 0.0115975 -0.0041362
v 0.0021735 0.0115715 -0.0035307
v 0.0028996 0.0115883 -0.0030126
v 0.0019859 0.0115001 0.0007645
v 0.0010720 0.0115230 0.0007366
v 0.0020047 0.0115489 0.0007066
vn 0.000511 -0.999998 -0.001790
vn 0.000283 -1.000000 0.000201
vn -0.000809 -1.000000 0.000192
vn -0.000761 -0.999999 0.000893
vn -0.000441 -0.999999 0.001561
vn 0.000007 -1.000000 -0.000032
vn -0.000014 -1.000000 -0.000018
vn 0.000435 -0.999998 0.001853
vn 0.001682 -0.999998 0.000584
vn 0.000109 -1.000000 0.000068
vn -0.001393 -0.999999 -0.000184
vn -0.001295 -0.999999 -0.000207
vn 0.000969 -1.000000 -0.000058
vn 0.002215 -0.999997 -0.001079
vn 0.000799 -0.999997 -0.002146
vn -0.000021 -1.000000 -0.000495
vn -0.000001 -1.000000 0.000033
vn 0.000095 -1.000000 -0.000767
vn -0.000691 -0.999999 -0.001033
vn -0.001034 -0.999999 -0.000705
vn -0.000841 -1.000000 0.000055
vn 0.000272 -1.000000 -0.000713
vn 0.000505 -1.000000 -0.000708
vn 0.000058 -0.999998 -0.002231
vn -0.001619 -0.999996 0.002284
vn -0.002413 -0.999997 0.001012
vn -0.001857 -0.999998 -0.000286
vn -0.000883 -0.999999 -0.001293
vn -0.000648 -1.000000 -0.000512
vn 0.000420 -1.000000 -0.000058
vn 0.000578 -0.999999 -0.001100
vn 0.000310 -1.000000 0.000147
vn 0.000217 -1.000000 -0.000076
vn 0.000002 -1.000000 0.000013
vn -0.001066 -0.999999 0.001357
vn -0.001052 -0.999999 -0.000902
vn -0.001490 -0.999998 -0.001235
vn -0.000344 -0.999998 -0.001980
vn 0.000336 -0.999998 -0.002097
vn 0.002017 -0.999996 -0.001860
vn 0.001281 -0.999998 -0.001201
vn 0.000023 -1.000000 0.000007
vn 0.000012 -1.000000 0.000028
vn -0.000001 -1.000000 0.000033
vn -0.000013 -1.000000 0.000025
vn -0.000023 -1.000000 0.000005
vn 0.000437 -1.000000 -0.000489
vn 0.001988 -0.999998 -0.000306
vn 0.005175 -0.999984 -0.002340
vn 0.004514 -0.999989 0.001368
vn 0.002565 -0.999994 0.002182
vn 0.001036 -0.999999 0.001232
vn -0.000600 -1.000000 0.000030
vn -0.001404 -0.999999 0.000628
vn -0.001527 -0.999999 -0.000721
vn -0.000722 -1.000000 -0.000030
vn -0.000002 -1.000000 -0.000022
vn 0.024061 -0.999638 0.012021
vn 0.001003 -0.999975 0.007016
vn -0.000314 -0.999990 0.004448
vn -0.002592 -0.999996 0.001467
vn -0.000739 -0.999999 0.000987
vn -0.000020 -1.000000 -0.000013
vn -0.000008 -1.000000 -0.000031
vn 0.000003 -1.000000 -0.000034
vn 0.000017 -1.000000 -0.000019
vn 0.003203 -0.999987 0.003884
vn -0.097563 -0.993860 0.052198
vn -0.119795 -0.986396 -0.112569
vn 0.032153 -0.990840 -0.131156
vn 0.173782 -0.984741 0.009180
vn 0.004898 -0.999987 0.001605
vn 0.005285 -0.999973 0.005167
vn 0.003549 -0.999985 0.004220
vn -0.001376 -0.999963 0.008550
vn -0.001008 -0.999963 0.008485
vn -0.006333 -0.999967 0.005131
vn -0.004695 -0.999986 0.002314
vn -0.006837 -0.999976 -0.000947
vn 0.185377 -0.982663 0.002852
vn -0.005312 -0.999976 -0.004438
vn -0.003998 -0.999983 -0.004147
vn -0.001001 -0.999983 -0.005724
vn 0.000628 -0.999983 -0.005839
vn 0.004347 -0.999972 -0.006148
vn 0.009833 -0.999903 -0.009905
vn 0.012577 -0.999910 -0.004593
vn -0.492752 -0.870170 0.000136
vn -0.808290 -0.583004 -0.082306
vn -0.965525 -0.259964 -0.013405
vn 0.928016 -0.353386 -0.117921
vn 0.906533 -0.349733 -0.236401
vn 0.906013 -0.239979 -0.348640
vn 0.846463 -0.296154 -0.442486
vn 0.787053 -0.299242 -0.539446
vn 0.717718 -0.216506 -0.661820
vn 0.611199 -0.323373 -0.722402
vn 0.532436 -0.243644 -0.810647
vn 0.318245 -0.264631 -0.910324
vn 0.179383 -0.278082 -0.943659
vn 0.032289 -0.251525 -0.967312
vn -0.124507 -0.292701 -0.948063
vn -0.213823 -0.326004 -0.920870
vn -0.317316 -0.145244 -0.937131
vn -0.350574 -0.370673 -0.860058
vn -0.473952 -0.299508 -0.828049
vn -0.581476 -0.297141 -0.757359
vn -0.698521 -0.185372 -0.691163
vn -0.788034 -0.236418 -0.568426
vn -0.880503 -0.226808 -0.416261
vn -0.896103 -0.314396 -0.313297
vn -0.962656 -0.205112 -0.176700
vn 0.392268 -0.917831 0.060928
vn 0.751001 -0.660260 0.007360
vn 0.973325 -0.227222 0.031761
vn -0.787434 -0.596345 -0.155948
vn -0.195310 -0.980207 -0.032374
vn -0.591950 -0.781312 -0.197857
vn -0.211187 -0.972396 -0.099224
vn -0.760108 -0.496528 -0.419162
vn -0.484344 -0.823353 -0.295804
vn -0.622708 -0.618662 -0.479054
vn -0.599154 -0.525794 -0.603784
vn -0.406060 -0.827057 -0.388706
vn -0.181904 -0.961763 -0.204752
vn -0.370269 -0.751715 -0.545733
vn -0.105073 -0.977555 -0.182607
vn -0.322189 -0.679144 -0.659513
vn -0.177087 -0.881923 -0.436866
vn -0.158375 -0.727668 -0.667395
vn -0.055637 -0.926192 -0.372925
vn -0.045337 -0.544653 -0.837435
vn -0.002393 -0.806887 -0.590701
vn 0.015838 -0.974252 -0.224905
vn 0.084078 -0.635704 -0.767341
vn 0.095532 -0.884764 -0.456143
vn 0.207731 -0.657245 -0.724484
vn 0.094728 -0.970930 -0.219822
vn 0.408786 -0.353643 -0.841327
vn 0.274323 -0.786435 -0.553415
vn 0.417986 -0.684880 -0.596847
vn 0.183592 -0.957020 -0.224515
vn 0.587099 -0.590009 -0.554261
vn 0.377741 -0.868260 -0.321615
vn 0.596916 -0.713823 -0.366262
vn 0.267877 -0.955176 -0.126016
vn 0.691895 -0.659288 -0.294314
vn 0.616525 -0.772978 -0.149674
vn 0.294541 -0.954956 -0.036109
vn -0.955867 -0.261252 0.134406
vn -0.927080 -0.269682 0.260373
vn -0.869647 -0.257971 0.420910
vn -0.761498 -0.427670 0.487052
vn -0.772956 -0.220864 0.594775
vn -0.662753 -0.257260 0.703261
vn -0.571047 -0.234769 0.786631
vn -0.459058 -0.242480 0.854675
vn -0.344049 -0.368356 0.863680
vn -0.266345 -0.209259 0.940888
vn -0.149645 -0.380705 0.912508
vn -0.032498 -0.268934 0.962610
vn 0.119599 -0.259289 0.958366
vn 0.198265 -0.376212 0.905072
vn 0.288608 -0.279440 0.915761
vn 0.404913 -0.243957 0.881210
vn 0.517551 -0.361326 0.775619
vn 0.665071 -0.206890 0.717549
vn 0.760685 -0.270625 0.590018
vn 0.858917 -0.210678 0.466773
vn 0.892693 -0.298487 0.337647
vn 0.933919 -0.305506 0.185637
vn 0.702665 -0.704259 0.101393
vn 0.702748 -0.678902 0.212692
vn 0.472686 -0.857923 0.201338
vn 0.717210 -0.551087 0.426513
vn 0.209822 -0.969494 0.126709
vn 0.500036 -0.780685 0.374826
vn 0.564573 -0.596111 0.570884
vn 0.248488 -0.932223 0.263086
vn 0.299077 -0.837481 0.457360
vn 0.313156 -0.630748 0.709993
vn 0.139466 -0.807435 0.573235
vn 0.077671 -0.974269 0.211581
vn 0.030524 -0.630177 0.775851
vn -0.033213 -0.851372 0.523510
vn -0.055405 -0.964293 0.258978
vn -0.181356 -0.744884 0.642073
vn -0.241725 -0.815726 0.525509
vn -0.080248 -0.980653 0.178550
vn -0.413005 -0.627120 0.660414
vn -0.179644 -0.956973 0.227884
vn -0.477728 -0.654277 0.586257
vn -0.628402 -0.589800 0.507195
vn -0.362589 -0.877502 0.313879
vn -0.664950 -0.640186 0.384712
vn -0.308217 -0.933895 0.181226
vn -0.763201 -0.577106 0.290643
vn -0.452910 -0.874742 0.172332
vn -0.198554 -0.979275 0.039963
vn -0.666975 -0.730557 0.146389
vn -0.792196 -0.604506 0.083654
vn 0.963952 -0.216784 0.154278
vn 0.842380 -0.498100 0.205651
vn 0.920090 -0.234058 0.314089
vn 0.872040 -0.230604 0.431703
vn 0.809638 -0.240466 0.535409
vn 0.707074 -0.285685 0.646862
vn 0.596906 -0.298717 0.744629
vn 0.552580 -0.123431 0.824270
vn 0.426884 -0.195194 0.882989
vn 0.293570 -0.190531 0.936757
vn 0.179579 -0.372424 0.910523
vn 0.027150 -0.271792 0.961973
vn -0.113658 -0.235712 0.965154
vn -0.260800 -0.262096 0.929133
vn -0.353023 -0.469031 0.809559
vn -0.479705 -0.307023 0.821961
vn -0.573988 -0.253958 0.778487
vn -0.702865 -0.181899 0.687673
vn -0.742063 -0.299534 0.599685
vn -0.836470 -0.265750 0.479265
vn -0.866206 -0.355194 0.351461
vn -0.946157 -0.171595 0.274487
vn -0.934315 -0.335742 0.119718
vn -0.987084 -0.061269 0.148022
vn 0.523138 -0.850484 0.054801
vn 0.791375 -0.609401 0.048535
vn 0.959133 -0.282369 -0.018212
vn -0.797626 -0.603016 -0.012867
vn -0.967369 -0.252645 0.019179
vn 0.747866 -0.648739 0.140833
vn 0.480056 -0.867687 0.129094
vn 0.752018 -0.590602 0.292673
vn 0.081217 -0.995851 0.041050
vn 0.677150 -0.631397 0.377896
vn 0.318625 -0.934737 0.157303
vn 0.596585 -0.643710 0.479295
vn 0.434360 -0.831123 0.347227
vn 0.478698 -0.722354 0.499052
vn 0.153718 -0.973680 0.168280
vn 0.368635 -0.739274 0.563544
vn 0.430255 -0.481805 0.763378
vn 0.052605 -0.987363 0.149490
vn 0.205131 -0.845939 0.492249
vn 0.286018 -0.553183 0.782421
vn 0.126185 -0.782276 0.610017
vn 0.077152 -0.667300 0.740782
vn -0.020213 -0.980038 0.197780
vn -0.056789 -0.852007 0.520441
vn -0.110204 -0.570060 0.814178
vn -0.214677 -0.673409 0.707414
vn -0.087092 -0.964184 0.250527
vn -0.257199 -0.833644 0.488760
vn -0.354430 -0.697520 0.622772
vn -0.514849 -0.581076 0.630303
vn -0.077660 -0.991407 0.105267
vn -0.375044 -0.850663 0.368394
vn -0.558572 -0.700971 0.443438
vn -0.394991 -0.853467 0.339964
vn -0.613846 -0.707828 0.349531
vn -0.297953 -0.938158 0.176305
vn -0.542518 -0.823814 0.164329
vn -0.815880 -0.550166 0.177927
vn -0.652720 -0.753708 0.076681
vn -0.452034 -0.888855 0.074847
vn -0.961341 -0.247953 -0.119760
vn -0.926850 -0.232839 -0.294508
vn -0.852178 -0.294989 -0.432174
vn -0.792846 -0.249859 -0.555847
vn -0.640954 -0.344632 -0.685862
vn -0.542606 -0.280247 -0.791859
vn -0.415300 -0.273573 -0.867574
vn -0.288168 -0.243670 -0.926058
vn -0.046447 -0.280572 -0.958708
vn 0.097381 -0.269532 -0.958055
vn 0.216338 -0.313158 -0.924732
vn 0.315212 -0.207435 -0.926074
vn 0.475733 -0.230528 -0.848843
vn 0.585290 -0.325033 -0.742825
vn 0.665449 -0.358797 -0.654555
vn 0.656097 -0.455608 -0.601629
vn 0.820449 -0.035886 -0.570593
vn 0.732196 -0.599507 -0.323235
vn 0.896800 -0.339202 -0.284064
vn 0.938755 -0.276103 -0.206171
vn -0.484772 -0.873285 -0.048683
vn -0.791265 -0.589335 -0.163044
vn -0.116850 -0.993133 0.005793
vn -0.516941 -0.841392 -0.157581
vn -0.760725 -0.573735 -0.303523
vn -0.148084 -0.987010 -0.062304
vn -0.612131 -0.709095 -0.349971
vn -0.539630 -0.776872 -0.324453
vn -0.599316 -0.643544 -0.476100
vn -0.415102 -0.853904 -0.313908
vn -0.403071 -0.798124 -0.447808
vn -0.440239 -0.641496 -0.628229
vn -0.264065 -0.874662 -0.406493
vn -0.270378 -0.725670 -0.632691
vn -0.088415 -0.979568 -0.180633
vn -0.204155 -0.605498 -0.769216
vn -0.151590 -0.283185 -0.947009
vn -0.093770 -0.881732 -0.462338
vn -0.016822 -0.991167 -0.131546
vn -0.056756 -0.612921 -0.788103
vn 0.009791 -0.853043 -0.521749
vn 0.081478 -0.604710 -0.792267
vn 0.084406 -0.906253 -0.414225
vn 0.190975 -0.818591 -0.541698
vn 0.313367 -0.588231 -0.745510
vn 0.267927 -0.857730 -0.438765
vn 0.435597 -0.539489 -0.720560
vn 0.391077 -0.737857 -0.550115
vn 0.142944 -0.979478 -0.142091
vn 0.464068 -0.800272 -0.379745
vn 0.549628 -0.764932 -0.335840
vn 0.841761 -0.316752 -0.437157
vn 0.174964 -0.979506 -0.099778
vn 0.587486 -0.781397 -0.210427
vn 0.196965 -0.978532 -0.060659
vn 0.668272 -0.738825 -0.086889
vn 0.984847 -0.064523 -0.160975
vn 0.703690 -0.707172 -0.068769
vn 0.672741 -0.693446 -0.257979
vn 0.588315 -0.689429 -0.422579
vn 0.447481 -0.650523 -0.613662
vn 0.226561 -0.677634 -0.699630
vn 0.014134 -0.696780 -0.717145
vn -0.214943 -0.671258 -0.709374
vn -0.421584 -0.678492 -0.601593
vn -0.585613 -0.681685 -0.438592
vn -0.697389 -0.678361 -0.231247
vn -0.675418 -0.725642 -0.131358
vn -0.680045 -0.720908 -0.133535
vn -0.008849 -0.683526 -0.729872
vn -0.099181 -0.780400 -0.617365
vn -0.270548 -0.697096 -0.663974
vn -0.282914 -0.784864 -0.551315
vn -0.462630 -0.681325 -0.567247
vn -0.436658 -0.787628 -0.434709
vn -0.616818 -0.672922 -0.408304
vn -0.547767 -0.789360 -0.277241
vn -0.715901 -0.668558 -0.201283
vn 0.734604 -0.675949 -0.058738
vn 0.593943 -0.797568 -0.105436
vn 0.690427 -0.688674 -0.221447
vn 0.559622 -0.768572 -0.310032
vn 0.503051 -0.737716 -0.450239
vn 0.477223 -0.719346 -0.504777
vn 0.290285 -0.791031 -0.538520
vn 0.276075 -0.680548 -0.678703
vn 0.107968 -0.783554 -0.611871
vn -0.980073 -0.008298 -0.198465
vn 0.001160 -0.000373 -0.999999
vn -0.184814 -0.001629 -0.982772
vn -0.336855 -0.004117 -0.941547
vn -0.480906 -0.006125 -0.876751
vn -0.606433 -0.006432 -0.795109
vn -0.721411 -0.006483 -0.692477
vn -0.819410 -0.006464 -0.573172
vn -0.897874 -0.006449 -0.440205
vn -0.956347 -0.007799 -0.292129
vn 0.996874 -0.001488 -0.078989
vn 0.987423 -0.001494 -0.158094
vn 0.943959 -0.002860 -0.330050
vn 0.868577 -0.001378 -0.495552
vn 0.774625 -0.001542 -0.632419
vn 0.645822 -0.002101 -0.763485
vn 0.492407 -0.002133 -0.870363
vn 0.346718 -0.001600 -0.937968
vn 0.191632 -0.001783 -0.981465
vn -0.988091 0.007574 -0.153687
vn -0.975326 0.004500 -0.220723
vn -0.932496 0.006615 -0.361120
vn -0.865826 0.006601 -0.500302
vn -0.778518 0.006583 -0.627588
vn -0.672661 0.006561 -0.739922
vn -0.546383 0.007687 -0.837500
vn -0.380222 0.006945 -0.924869
vn -0.189823 0.003569 -0.981812
vn 0.000906 0.002864 -0.999995
vn 0.182420 0.001452 -0.983220
vn 0.337830 0.001455 -0.941206
vn 0.483542 0.001583 -0.875320
vn 0.635634 0.002126 -0.771988
vn 0.768214 0.002149 -0.640190
vn 0.863977 0.001794 -0.503528
vn 0.944141 0.000694 -0.329541
vn 0.988659 0.001006 -0.150176
vn 0.997194 0.000000 -0.074862
vn -0.059415 -0.002141 0.998231
vn -0.058524 -0.002081 0.998284
vn -0.027578 0.000000 0.999620
vn -0.030562 -0.000201 0.999533
vn 0.999927 0.003641 -0.011482
vn 0.999962 0.003164 -0.008151
vn 0.999665 -0.001705 0.025845
vn 0.999747 -0.001220 0.022462
vn -0.026595 0.000832 -0.999646
vn -0.010685 -0.000306 -0.999943
vn -0.011189 -0.000270 -0.999937
vn -0.028399 0.000961 -0.999596
vn 0.688286 0.720082 0.088004
vn 0.920305 0.376029 0.107890
vn 0.996773 -0.004735 0.080134
vn -0.981355 -0.008177 0.192027
vn -0.914317 0.377596 0.146440
vn -0.958996 -0.007721 0.283315
vn -0.901847 -0.006625 0.432004
vn -0.824634 -0.006610 0.565628
vn -0.727773 -0.006596 0.685787
vn -0.613547 -0.006579 0.789631
vn -0.484489 -0.006645 0.874772
vn -0.339736 -0.006380 0.940499
vn -0.188232 -0.006374 0.982104
vn -0.031790 -0.002926 0.999490
vn 0.116592 0.001134 0.993179
vn 0.311746 -0.000755 0.950165
vn 0.511275 -0.002896 0.859412
vn 0.663533 -0.003870 0.748137
vn 0.793992 -0.007610 0.607881
vn 0.895569 -0.008635 0.444838
vn 0.954855 -0.006465 0.297003
vn 0.988673 -0.003720 0.150038
vn 0.891228 0.418387 0.175113
vn 0.849264 0.393421 0.352096
vn 0.781926 0.404832 0.474029
vn 0.631110 0.434446 0.642617
vn 0.455395 0.413141 0.788626
vn 0.287094 0.359942 0.887704
vn 0.118132 0.423746 0.898045
vn -0.085996 0.412590 0.906849
vn -0.224530 0.381745 0.896581
vn -0.380847 0.425990 0.820663
vn -0.486423 0.387084 0.783300
vn -0.613603 0.424072 0.666074
vn -0.699277 0.392977 0.597144
vn -0.788522 0.422096 0.447289
vn -0.845217 0.398889 0.355664
vn -0.895906 0.397213 0.198931
vn 0.713167 0.664014 0.224674
vn 0.607294 0.642845 0.466845
vn 0.472338 0.622317 0.624194
vn 0.231623 0.695205 0.680471
vn 0.012539 0.645863 0.763350
vn -0.234952 0.670785 0.703453
vn -0.443696 0.666119 0.599516
vn -0.607511 0.664802 0.434706
vn -0.716385 0.658158 0.231559
vn -0.689279 0.715390 0.114506
vn -0.082425 -0.001272 -0.996596
vn -0.082600 -0.001258 -0.996582
vn -0.088027 -0.000832 -0.996118
vn -0.087491 -0.000874 -0.996165
vn -0.691255 -0.708221 0.143488
vn -0.667891 -0.710401 0.221927
vn -0.640761 -0.662735 0.387567
vn -0.486364 -0.670118 0.560707
vn -0.288626 -0.670369 0.683593
vn -0.060444 -0.675822 0.734583
vn 0.169375 -0.653781 0.737484
vn 0.394715 -0.691111 0.605446
vn 0.561967 -0.676844 0.475473
vn 0.695751 -0.668108 0.263746
vn 0.710880 -0.699858 0.069628
vn 0.742657 -0.667034 0.059384
vn -0.694158 -0.705415 0.143300
vn -0.674905 -0.714372 0.184867
vn -0.601397 -0.750740 0.273333
vn -0.561613 -0.710896 0.423342
vn -0.468809 -0.780758 0.413080
vn -0.414775 -0.699643 0.581775
vn -0.316447 -0.783149 0.535293
vn -0.216328 -0.696412 0.684261
vn -0.134494 -0.782697 0.607698
vn -0.002282 -0.685373 0.728189
vn 0.059515 -0.786226 0.615066
vn 0.238229 -0.751705 0.614969
vn 0.346583 -0.695399 0.629524
vn 0.407577 -0.789548 0.458797
vn 0.590412 -0.693316 0.413191
vn 0.551106 -0.778348 0.300761
vn 0.677755 -0.713559 0.177434
vn 0.595631 -0.796212 0.106160
vn -0.998209 -0.000436 0.059828
vn -0.998355 -0.000697 0.057337
vn -0.995459 0.003270 0.095140
vn -0.995696 0.003006 0.092633
vn -0.001389 0.999999 0.000432
vn -0.001270 0.999999 0.000443
vn -0.000200 1.000000 0.000065
vn -0.000018 1.000000 -0.000020
vn -0.000019 1.000000 -0.000019
vn -0.000016 1.000000 -0.000015
vn 0.000001 1.000000 -0.000031
vn 0.000015 1.000000 -0.000013
vn 0.000019 1.000000 -0.000020
vn 0.000015 1.000000 -0.000016
vn -0.000014 1.000000 -0.000032
vn 0.000236 1.000000 0.000621
vn 0.000638 0.999999 0.000986
vn 0.000176 0.999999 -0.001073
vn -0.000014 1.000000 0.000028
vn 0.000035 1.000000 0.000021
vn 0.000026 1.000000 0.000041
vn 0.000016 1.000000 0.000015
vn 0.000000 1.000000 0.000032
vn -0.000016 1.000000 0.000011
vn -0.000007 1.000000 0.000034
vn -0.000029 1.000000 0.000024
vn -0.000237 1.000000 -0.000092
vn 0.000510 0.999999 -0.001007
vn -0.000033 1.000000 -0.000020
vn 0.000000 1.000000 0.000011
vn 0.000027 1.000000 0.000054
vn -0.000020 1.000000 0.000020
vn -0.000055 1.000000 0.000023
vn -0.000001 1.000000 -0.000016
vn -0.000027 1.000000 -0.000027
vn -0.000018 1.000000 -0.000013
vn 0.000023 1.000000 -0.000036
vn 0.000005 1.000000 0.000013
vn 0.000034 1.000000 0.000007
vn 0.000013 1.000000 -0.000012
vn -0.000003 1.000000 -0.000017
vn 0.000008 1.000000 0.000019
vn 0.000047 1.000000 -0.000018
vn -0.000002 1.000000 0.000028
vn 0.000170 1.000000 -0.000063
vn 0.000490 1.000000 0.000136
vn 0.000185 1.000000 0.000127
vn -0.000041 1.000000 -0.000016
vn 0.000013 1.000000 -0.000010
vn 0.000007 1.000000 0.000012
vn 0.000014 1.000000 -0.000005
vn 0.000026 1.000000 -0.000023
vn 0.000023 1.000000 0.000004
vn -0.000016 1.000000 0.000022
vn -0.000021 1.000000 0.000036
vn 0.000000 1.000000 0.000034
vn 0.000032 1.000000 0.000043
vn 0.000020 1.000000 0.000019
vn -0.000001 1.000000 0.000034
vn -0.000055 1.000000 0.000033
vn -0.000007 1.000000 0.000021
vn 0.000003 1.000000 0.000021
vn 0.000015 1.000000 0.000019
vn -0.000013 1.000000 0.000011
vn -0.000028 1.000000 -0.000003
vn -0.000002 1.000000 -0.000024
vn -0.000679 1.000000 0.000030
vn -0.001229 0.999999 -0.000109
vn -0.001538 0.999998 0.000992
vn -0.000635 1.000000 0.000032
vn 0.000006 1.000000 0.000028
vn -0.000042 1.000000 -0.000013
vn -0.000038 1.000000 -0.000045
vn -0.000022 1.000000 -0.000003
vn -0.000037 1.000000 0.000030
vn -0.000035 1.000000 0.000002
vn 0.000030 1.000000 0.000004
vn 0.000018 1.000000 -0.000017
vn 0.000034 1.000000 -0.000041
vn -0.000000 1.000000 -0.000032
vn -0.000013 1.000000 -0.000025
vn -0.000022 1.000000 -0.000007
vn -0.000020 1.000000 0.000002
vn 0.000003 1.000000 -0.000036
vn 0.000025 1.000000 -0.000052
vn 0.000012 1.000000 -0.000027
vn -0.000036 1.000000 -0.000024
vn 0.000001 1.000000 -0.000028
vn -0.698247 0.715856 0.001247
vn -0.709266 0.704935 -0.002880
vn -0.711336 0.702842 -0.003663
vn -0.700479 0.713673 0.000416
vn 0.080840 0.000062 0.996727
vn 0.072026 0.000730 0.997402
vn 0.071097 0.000801 0.997469
vn 0.080523 0.000086 0.996753
vn -0.999987 0.000452 -0.005100
vn -0.999990 0.000162 -0.004437
vn -0.999996 -0.000651 -0.002576
vn -0.999995 -0.000362 -0.003237
vn -0.716880 -0.697194 -0.001946
vn -0.694056 -0.719892 0.006409
vn -0.698671 -0.715428 0.004743
vn -0.721094 -0.692829 -0.003521
vn 0.089736 -0.000207 -0.995966
vn 0.092093 -0.000037 -0.995750
vn 0.092014 -0.000043 -0.995758
vn 0.089488 -0.000225 -0.995988
vn -0.992769 0.001822 -0.120026
vn -0.992602 0.001965 -0.121401
vn -0.994946 -0.000212 -0.100412
vn -0.994806 -0.000069 -0.101789
vn -0.111126 0.000462 0.993806
vn -0.110488 0.000410 0.993877
vn -0.090880 -0.001187 0.995861
vn -0.092974 -0.001016 0.995668
vn -0.700278 0.705534 -0.108776
vn -0.660195 0.739041 -0.134015
vn -0.635002 0.719670 -0.280800
vn -0.555044 0.778257 -0.293670
vn -0.529807 0.708026 -0.466909
vn -0.434315 0.781477 -0.447956
vn -0.362980 0.701715 -0.613059
vn -0.271216 0.771466 -0.575571
vn -0.101083 0.777043 -0.621278
vn -0.010150 0.682801 -0.730534
vn 0.105980 0.787104 -0.607647
vn 0.266997 0.670873 -0.691840
vn 0.287559 0.793309 -0.536629
vn 0.481110 0.697660 -0.530852
vn 0.495187 0.743818 -0.448916
vn 0.563508 0.764058 -0.314123
vn 0.689562 0.689971 -0.220101
vn 0.601436 0.791797 -0.106451
vn 0.742787 0.667246 -0.055235
vn 0.709377 0.701613 -0.067258
vn -0.688095 0.716885 -0.112249
vn -0.716316 0.659079 -0.229144
vn -0.605830 0.667639 -0.432700
vn -0.439334 0.670808 -0.597497
vn -0.222731 0.640577 -0.734883
vn 0.012343 0.697072 -0.716895
vn 0.226389 0.683291 -0.694162
vn 0.441175 0.664284 -0.603399
vn 0.590546 0.685499 -0.425847
vn 0.673520 0.692022 -0.259761
vn -0.695570 0.717080 0.044481
vn -0.594271 0.725501 0.347116
vn -0.409516 0.704578 0.579539
vn -0.171728 0.711022 0.681878
vn 0.111179 0.702937 0.702509
vn -0.219225 0.723536 -0.654551
vn -0.481776 0.705084 -0.520335
vn -0.648413 0.713224 -0.266218
vn 0.663399 0.748265 0.000914
vn 0.656072 0.714890 -0.241872
vn 0.569497 0.700602 -0.429919
vn 0.339379 0.717648 -0.608114
vn 0.075362 0.699251 -0.710893
vn 0.405064 0.719866 0.563664
vn 0.613748 0.734745 0.288900
vn -0.001291 0.676077 0.736830
vn 0.253427 0.642207 0.723426
vn 0.314028 0.691575 0.650469
vn 0.550724 0.660923 0.509787
vn 0.618653 0.633940 0.464100
vn 0.761286 0.628312 0.160213
vn 0.706975 0.690079 -0.154850
vn 0.566646 0.704329 -0.427590
vn 0.411692 0.707184 -0.574805
vn 0.200654 0.662415 -0.721765
vn -0.033561 0.665787 -0.745387
vn -0.158486 0.731353 -0.663329
vn -0.409403 0.639931 -0.650290
vn -0.589799 0.663561 -0.460244
vn -0.626503 0.733096 -0.264698
vn -0.755683 0.648489 -0.091680
vn -0.762851 0.610628 0.212583
vn -0.553954 0.754470 0.352010
vn -0.543237 0.640283 0.543075
vn -0.332779 0.678890 0.654497
vn -0.140204 0.725028 0.674297
vn 0.039539 -0.009856 0.999169
vn 0.284973 -0.005891 0.958517
vn 0.505868 0.008371 0.862570
vn 0.672336 0.007160 0.740211
vn 0.854842 -0.005266 0.518862
vn 0.982243 -0.004080 0.187569
vn 0.973909 0.001524 -0.226933
vn 0.813514 -0.006140 -0.581513
vn 0.543084 -0.009574 -0.839624
vn 0.242014 -0.008904 -0.970232
vn -0.007129 -0.002359 -0.999972
vn -0.271841 -0.000147 -0.962342
vn -0.543144 -0.006979 -0.839611
vn -0.760640 -0.011385 -0.649074
vn -0.923624 -0.012160 -0.383106
vn -0.997199 -0.009651 -0.074168
vn -0.969649 -0.003926 0.244471
vn -0.853022 -0.001426 0.521873
vn -0.697227 -0.003400 0.716843
vn -0.481260 -0.006179 0.876556
vn -0.223348 -0.008420 0.974702
vn 0.035286 0.012500 -0.999299
vn -0.162021 0.010486 0.986732
vn -0.433318 0.009121 0.901195
vn -0.683828 0.005606 0.729621
vn -0.859005 0.001203 0.511966
vn -0.965767 0.004339 0.259373
vn -0.999445 0.004546 -0.032996
vn -0.955331 0.010316 -0.295359
vn -0.830359 0.014772 -0.557033
vn -0.594684 0.011983 -0.803870
vn -0.286689 0.005628 -0.958007
vn 0.428493 0.021398 -0.903291
vn 0.791642 0.009055 -0.610918
vn 0.972618 0.003267 -0.232385
vn 0.980343 0.008047 0.197137
vn 0.783700 0.014591 0.620968
vn 0.487536 0.010768 0.873037
vn 0.151311 0.014096 0.988386
vn 0.000000 1.000000 0.000000
vn 0.000000 1.000000 0.000000
vn 0.000000 1.000000 0.000000
vn -0.000000 1.000000 0.000000
vn 0.000000 1.000000 0.000000
vn 0.000000 1.000000 0.000000
vn 0.000000 1.000000 0.000000
vn 0.000000 1.000000 0.000000
vn 0.000000 1.000000 0.000000
vn 0.000000 1.000000 0.000000
vn 0.000000 1.000000 0.000000
vn 0.000000 1.000000 0.000000
vn 0.000000 1.000000 0.000000
vn 0.000000 1.000000 0.000000
vn 0.000000 1.000000 0.000000
vn 0.000000 1.000000 0.000000
vn 0.000000 1.000000 0.000000
vn 0.000000 1.000000 0.000000
vn -0.000000 1.000000 -0.000000
vn 0.000000 1.000000 0.000000
vn -0.000001 1.000000 -0.000003
vn 0.000000 1.000000 0.000000
vn -0.000000 1.000000 -0.000000
vn 0.000000 1.000000 0.000000
vn 0.000000 1.000000 0.000000
vn 0.000000 1.000000 0.000000
vn 0.000000 1.000000 0.000000
vn 0.000000 1.000000 0.000000
vn 0.000000 1.000000 0.000000
vn 0.000000 1.000000 0.000000
vn -0.000000 1.000000 0.000001
vn 0.000000 1.000000 0.000000
vn 0.000000 1.000000 0.000000
vn -0.000000 1.000000 0.000000
vn -0.783767 -0.004381 -0.621040
vn -0.944506 -0.002925 -0.328480
vn -1.000000 -0.000120 0.000933
vn -0.956059 0.001979 -0.293167
vn -0.822624 0.002970 -0.568578
vn -0.999993 0.001848 0.003242
vn -0.730728 -0.672359 -0.118193
vn -0.625524 -0.721388 -0.297185
vn -0.218570 -0.694218 0.685776
vn 0.010060 -0.716972 0.697029
vn -0.635008 -0.718851 0.282876
vn -0.558949 -0.535762 -0.632878
vn -0.329332 -0.690705 0.643792
vn -0.552625 -0.603062 -0.575259
vn -0.664348 -0.724284 0.184541
vn -0.000517 -1.000000 -0.000263
vn 0.000000 -1.000000 0.000000
vn 0.000000 -1.000000 0.000000
vn 0.000000 -1.000000 0.000000
vn 0.000000 -1.000000 0.000000
vn 0.000000 -1.000000 0.000000
vn 0.000000 -1.000000 0.000000
vn 0.000000 -1.000000 0.000000
vn -0.000003 -1.000000 -0.000071
vn -0.000304 -1.000000 -0.000244
vn -0.000682 -1.000000 -0.000061
vn -0.000724 -1.000000 0.000036
vn -0.000391 -1.000000 0.000304
vn -0.001539 -0.999996 0.002328
vn 0.000000 -1.000000 0.000000
vn 0.000000 -1.000000 0.000000
vn 0.000000 -1.000000 0.000000
vn 0.000000 -1.000000 0.000000
vn 0.000000 -1.000000 0.000000
vn 0.000000 -1.000000 0.000000
vn -0.002981 -0.999995 0.000668
vn 0.000638 -0.999964 0.008446
vn -0.000551 -1.000000 0.000350
vn -0.001647 -0.999977 -0.006612
vn -0.022395 -0.996165 -0.084581
vn -0.003433 -0.999909 -0.013066
vn 0.000000 -1.000000 0.000000
vn 0.000000 -1.000000 0.000000
vn 0.000000 -1.000000 0.000000
vn 0.000000 -1.000000 0.000000
vn 0.000000 -1.000000 0.000000
vn 0.000000 -1.000000 0.000000
vn 0.000000 -1.000000 0.000000
vn 0.000000 -1.000000 0.000000
vn 0.001582 -0.999991 0.003905
vn 0.991588 -0.003269 -0.129396
vn 0.875938 -0.001341 -0.482423
vn 0.700809 -0.001734 -0.713347
vn 0.472003 -0.009245 -0.881549
vn 0.149615 -0.011873 -0.988673
vn -0.161475 -0.008722 -0.986838
vn -0.436419 -0.005396 -0.899727
vn -0.691718 -0.003030 -0.722161
vn -0.893400 -0.002681 -0.449253
vn -0.988328 -0.001897 -0.152329
vn -0.991401 0.001939 0.130842
vn -0.919562 -0.002269 0.392938
vn -0.746826 -0.005568 0.664996
vn -0.481748 0.001913 0.876308
vn -0.184564 -0.003327 0.982815
vn 0.171351 -0.006253 0.985190
vn 0.502201 -0.005646 0.864733
vn 0.791105 -0.010655 0.611588
vn 0.966822 -0.008816 0.255300
vn -0.985561 0.002490 -0.169304
vn -0.883067 0.003074 -0.469236
vn -0.671196 0.004750 -0.741264
vn -0.373526 0.008604 -0.927580
vn -0.023379 0.014017 -0.999628
vn 0.358607 0.013565 -0.933390
vn 0.680064 0.007476 -0.733114
vn 0.883813 0.002957 -0.467832
vn 0.995069 0.006911 -0.098942
vn 0.941474 0.011850 0.336878
vn 0.736911 0.008705 0.675933
vn 0.488695 -0.001806 0.872453
vn 0.223164 0.002719 0.974777
vn -0.130784 0.005401 0.991396
vn -0.477111 -0.001602 0.878842
vn -0.710034 0.002272 0.704164
vn -0.896903 0.005449 0.442193
vn -0.992004 0.001973 0.126193
vn -0.684067 -0.722029 -0.103572
vn -0.658318 -0.678639 -0.325677
vn -0.475555 -0.689555 -0.546225
vn -0.249400 -0.700572 -0.668579
vn 0.005538 -0.708248 -0.705942
vn 0.264335 -0.709108 -0.653676
vn 0.467182 -0.713854 -0.521684
vn 0.627887 -0.685575 -0.368435
vn 0.746628 -0.662486 -0.060495
vn -0.702189 -0.698330 -0.138803
vn -0.559444 -0.707881 -0.431192
vn -0.339072 -0.702405 -0.625826
vn -0.063336 -0.705315 -0.706059
vn 0.234431 -0.705004 -0.669337
vn 0.495100 -0.701354 -0.512814
vn 0.662105 -0.715279 -0.223591
vn 0.683953 -0.719997 0.117532
vn 0.585322 -0.708572 0.394112
vn 0.411711 -0.705999 0.576246
vn 0.177433 -0.704928 0.686728
vn -0.046117 -0.704001 0.708701
vn -0.269623 -0.709001 0.651629
vn -0.495288 -0.703934 0.509084
vn -0.673596 -0.709254 0.207911
vn 0.668595 -0.696109 0.261561
vn 0.521311 -0.703440 0.483121
vn 0.333744 -0.703257 0.627730
vn 0.138449 -0.707805 0.692708
vn -0.084064 -0.707816 0.701377
vn -0.347809 -0.702235 0.621204
vn -0.500931 -0.725168 0.472440
vn -0.646143 -0.671334 0.363057
vn -0.738784 -0.671190 0.060846
vn -0.719749 -0.005432 -0.694213
vn -0.049030 -0.014186 -0.998697
vn -0.516595 -0.007795 -0.856194
vn 0.174895 -0.018178 0.984419
vn 0.562463 -0.015789 0.826671
vn 0.862874 -0.019295 0.505050
vn 0.999108 -0.019364 0.037521
vn 0.923331 -0.011158 -0.383843
vn 0.720929 -0.012533 -0.692895
vn 0.401939 -0.009927 -0.915612
vn -0.624164 -0.025554 0.780876
vn -0.337277 -0.024720 0.941081
vn -0.693057 0.012093 0.720781
vn -0.729320 -0.000383 -0.684172
vn -0.542653 0.002420 -0.839954
vn -0.141196 0.007833 -0.989951
vn 0.284008 0.016198 -0.958685
vn 0.732580 0.020045 -0.680385
vn 0.978824 0.022250 -0.203489
vn 0.956057 0.019956 0.292501
vn 0.717977 0.018364 0.695824
vn 0.362218 0.014926 0.931974
vn -0.046481 0.016568 0.998782
vn -0.491322 0.010874 0.870910
vn -0.021999 -0.003670 -0.999751
vn -0.015766 -0.007843 -0.999845
vn -0.025975 -0.001008 -0.999662
vn -0.032215 0.003171 -0.999476
vn -0.057519 0.014286 0.998242
vn -0.049237 0.008768 0.998749
vn -0.043805 0.005150 0.999027
vn -0.035224 -0.000564 0.999379
vn -0.795656 -0.003545 0.605739
vn -0.792936 -0.003035 0.609297
vn -0.757792 0.003310 0.652488
vn -0.760830 0.002779 0.648945
vn -0.630501 0.011970 0.776096
vn -0.959544 0.010152 0.281375
vn -0.953160 0.009043 -0.302331
vn -0.617571 0.007873 -0.786475
vn -0.167822 0.005252 -0.985803
vn 0.325621 0.008723 -0.945460
vn 0.825231 0.012269 -0.564662
vn 0.999293 0.006250 0.037063
vn 0.854195 0.006619 0.519911
vn 0.497713 0.009708 0.867287
vn -0.052182 0.010266 0.998585
vn 0.140376 -0.010929 0.990038
vn 0.726393 -0.011025 0.687191
vn 0.990669 -0.005918 0.136165
vn 0.918222 -0.008608 -0.395973
vn 0.514271 -0.013860 -0.857516
vn -0.170186 -0.012851 -0.985328
vn -0.740509 -0.010502 -0.671964
vn -0.990298 -0.010022 -0.138595
vn -0.877194 -0.011727 0.479993
vn -0.436657 -0.010599 0.899565
vn -0.969547 0.009143 -0.244734
vn -0.707805 0.007738 -0.706366
vn -0.262229 0.005831 -0.964988
vn 0.192250 0.004284 -0.981337
vn 0.633050 0.003833 -0.774101
vn 0.956340 0.007665 -0.292156
vn 0.926387 0.010872 0.376417
vn 0.505110 0.006328 0.863032
vn -0.043183 0.000821 0.999067
vn -0.611771 0.005251 0.791018
vn -0.961091 0.009763 0.276058
vn -0.776819 -0.009141 0.629658
vn -0.411869 0.001369 0.911242
vn -0.007180 0.006406 0.999954
vn 0.453139 -0.002179 0.891437
vn 0.862033 -0.008944 0.506772
vn 0.985241 -0.010358 -0.170862
vn 0.685589 -0.005143 -0.727971
vn 0.274207 -0.003567 -0.961664
vn -0.157028 -0.003917 -0.987586
vn -0.553925 -0.005965 -0.832545
vn -0.869313 -0.009682 -0.494167
vn -0.996662 -0.009752 0.081056
vn 0.295406 0.006294 -0.955351
vn 0.700122 0.006571 -0.713993
vn 0.953624 0.005479 -0.300949
vn 0.961476 0.009475 0.274727
vn 0.614225 0.009009 0.789079
vn 0.016969 0.005932 0.999838
vn -0.581662 0.001779 0.813428
vn -0.949699 0.004082 0.313138
vn -0.950742 0.011524 -0.309770
vn -0.627509 0.008420 -0.778564
vn -0.172355 0.005267 -0.985021
vn -0.182315 -0.014533 -0.983133
vn -0.783246 -0.012495 -0.621587
vn -0.995640 -0.008156 -0.092922
vn -0.912664 -0.001504 0.408708
vn -0.534241 -0.000745 0.845332
vn 0.042007 -0.002219 0.999115
vn 0.503809 -0.002502 0.863812
vn 0.829195 -0.007482 0.558909
vn 0.993749 -0.006298 0.111460
vn 0.917411 -0.006371 -0.397889
vn 0.515883 -0.011577 -0.856581
vn 0.728535 0.009672 0.684941
vn 0.146985 0.005733 0.989122
vn -0.426402 0.002742 0.904530
vn -0.815870 0.003791 0.578223
vn -0.999865 0.009370 0.013500
vn -0.827581 0.010352 -0.561251
vn -0.416431 0.008263 -0.909130
vn 0.169981 0.010922 -0.985387
vn 0.786170 0.013006 -0.617874
vn 0.997285 0.011247 0.072769
vn 0.999975 -0.002648 -0.006562
vn 0.872387 -0.004189 -0.488798
vn 0.495460 -0.009088 -0.868583
vn -0.010000 -0.008316 -0.999915
vn -0.571340 -0.009366 -0.820660
vn -0.929828 -0.009719 -0.367865
vn -0.988313 -0.005249 0.152347
vn -0.799040 -0.001701 0.601275
vn -0.392702 -0.004181 0.919656
vn 0.178874 -0.002591 0.983869
vn 0.628950 -0.002095 0.777443
vn 0.903021 -0.006603 0.429545
vn -0.345726 0.920255 0.183315
vn -0.345726 0.920255 0.183315
vn -0.345726 0.920255 0.183315
vn 0.067718 -0.967362 -0.244183
vn 0.067718 -0.967362 -0.244183
vn 0.067718 -0.967362 -0.244183
vn -0.697989 0.413272 0.584822
vn -0.697989 0.413272 0.584822
vn -0.697989 0.413272 0.584822
vn 0.244888 0.895248 -0.372238
vn 0.244888 0.895248 -0.372238
vn 0.244888 0.895248 -0.372238
vn 0.000477 -0.764683 -0.644406
vn 0.000477 -0.764683 -0.644406
vn 0.000477 -0.764683 -0.644406
f 64//64 63//63 7//7
f 185//185 183//183 182//182
f 186//186 183//183 185//185
f 160//160 184//184 161//161
f 185//185 184//184 160//160
f 187//187 185//185 160//160
f 158//158 160//160 159//159
f 186//186 185//185 187//187
f 187//187 160//160 158//158
f 188//188 187//187 158//158
f 188//188 186//186 187//187
f 190//190 158//158 157//157
f 190//190 188//188 158//158
f 189//189 186//186 188//188
f 156//156 190//190 157//157
f 191//191 189//189 188//188
f 192//192 156//156 155//155
f 192//192 190//190 156//156
f 192//192 188//188 190//190
f 191//191 188//188 192//192
f 193//193 155//155 154//154
f 194//194 191//191 192//192
f 193//193 192//192 155//155
f 193//193 194//194 192//192
f 153//153 193//193 154//154
f 195//195 193//193 153//153
f 184//184 162//162 161//161
f 185//185 182//182 184//184
f 184//184 182//182 163//163
f 184//184 163//163 162//162
f 174//174 113//113 173//173
f 176//176 80//80 113//113
f 176//176 113//113 174//174
f 175//175 170//170 169//169
f 175//175 173//173 170//170
f 175//175 174//174 173//173
f 177//177 174//174 175//175
f 175//175 169//169 168//168
f 176//176 174//174 177//177
f 178//178 175//175 168//168
f 178//178 177//177 175//175
f 178//178 168//168 167//167
f 195//195 194//194 193//193
f 179//179 176//176 177//177
f 166//166 178//178 167//167
f 180//180 179//179 178//178
f 180//180 178//178 166//166
f 183//183 176//176 179//179
f 181//181 166//166 165//165
f 181//181 180//180 166//166
f 183//183 179//179 180//180
f 182//182 180//180 181//181
f 181//181 165//165 164//164
f 183//183 180//180 182//182
f 163//163 181//181 164//164
f 182//182 181//181 163//163
f 179//179 177//177 178//178
f 173//173 171//171 170//170
f 195//195 153//153 152//152
f 196//196 191//191 194//194
f 156//156 219//219 155//155
f 156//156 218//218 219//219
f 156//156 217//217 218//218
f 217//217 157//157 158//158
f 217//217 156//156 157//157
f 215//215 217//217 158//158
f 215//215 158//158 159//159
f 160//160 215//215 159//159
f 160//160 214//214 215//215
f 161//161 214//214 160//160
f 161//161 213//213 214//214
f 162//162 212//212 213//213
f 162//162 213//213 161//161
f 211//211 163//163 164//164
f 211//211 164//164 165//165
f 211//211 162//162 163//163
f 211//211 212//212 162//162
f 210//210 165//165 166//166
f 210//210 211//211 165//165
f 209//209 166//166 167//167
f 209//209 210//210 166//166
f 167//167 208//208 209//209
f 167//167 207//207 208//208
f 168//168 207//207 167//167
f 168//168 206//206 207//207
f 219//219 220//220 154//154
f 219//219 154//154 155//155
f 154//154 220//220 221//221
f 154//154 221//221 152//152
f 197//197 195//195 152//152
f 198//198 195//195 197//197
f 198//198 196//196 195//195
f 197//197 152//152 151//151
f 199//199 196//196 198//198
f 199//199 191//191 196//196
f 200//200 197//197 151//151
f 200//200 198//198 197//197
f 150//150 200//200 151//151
f 201//201 200//200 150//150
f 201//201 150//150 90//90
f 201//201 90//90 89//89
f 196//196 194//194 195//195
f 88//88 198//198 200//200
f 201//201 89//89 88//88
f 88//88 200//200 201//201
f 199//199 88//88 117//117
f 225//225 90//90 150//150
f 225//225 150//150 151//151
f 225//225 230//230 90//90
f 225//225 223//223 224//224
f 225//225 224//224 230//230
f 151//151 223//223 225//225
f 151//151 222//222 223//223
f 152//152 222//222 151//151
f 152//152 221//221 222//222
f 88//88 199//199 198//198
f 113//113 172//172 173//173
f 173//173 172//172 171//171
f 172//172 114//114 171//171
f 111//111 116//116 112//112
f 118//118 88//88 116//116
f 118//118 116//116 111//111
f 117//117 88//88 118//118
f 119//119 117//117 118//118
f 120//120 111//111 110//110
f 120//120 118//118 111//111
f 121//121 118//118 120//120
f 120//120 110//110 109//109
f 121//121 119//119 118//118
f 122//122 120//120 109//109
f 122//122 121//121 120//120
f 123//123 122//122 109//109
f 123//123 109//109 108//108
f 124//124 121//121 122//122
f 124//124 119//119 121//121
f 124//124 122//122 123//123
f 125//125 119//119 124//124
f 107//107 123//123 108//108
f 126//126 123//123 107//107
f 126//126 124//124 123//123
f 127//127 119//119 125//125
f 106//106 126//126 107//107
f 125//125 124//124 126//126
f 128//128 126//126 106//106
f 88//88 89//89 116//116
f 116//116 89//89 112//112
f 89//89 90//90 112//112
f 119//119 82//82 81//81
f 72//72 176//176 73//73
f 75//75 74//74 183//183
f 72//72 80//80 176//176
f 75//75 183//183 186//186
f 87//87 149//149 80//80
f 87//87 80//80 72//72
f 76//76 75//75 186//186
f 189//189 76//76 186//186
f 87//87 146//146 149//149
f 77//77 76//76 189//189
f 86//86 146//146 87//87
f 191//191 77//77 189//189
f 127//127 125//125 126//126
f 142//142 146//146 86//86
f 85//85 142//142 86//86
f 138//138 142//142 85//85
f 199//199 78//78 191//191
f 138//138 85//85 84//84
f 134//134 138//138 84//84
f 117//117 79//79 78//78
f 117//117 78//78 199//199
f 134//134 84//84 83//83
f 119//119 79//79 117//117
f 127//127 134//134 83//83
f 127//127 83//83 82//82
f 119//119 81//81 79//79
f 191//191 78//78 77//77
f 129//129 126//126 128//128
f 105//105 128//128 106//106
f 129//129 127//127 126//126
f 142//142 138//138 140//140
f 143//143 97//97 96//96
f 143//143 141//141 97//97
f 144//144 141//141 143//143
f 144//144 142//142 141//141
f 95//95 143//143 96//96
f 145//145 143//143 95//95
f 145//145 144//144 143//143
f 146//146 142//142 144//144
f 145//145 95//95 94//94
f 147//147 94//94 93//93
f 146//146 144//144 145//145
f 142//142 140//140 141//141
f 147//147 145//145 94//94
f 92//92 147//147 93//93
f 148//148 147//147 92//92
f 148//148 146//146 147//147
f 91//91 148//148 92//92
f 149//149 146//146 148//148
f 91//91 115//115 114//114
f 114//114 148//148 91//91
f 149//149 148//148 114//114
f 149//149 114//114 113//113
f 149//149 113//113 80//80
f 171//171 114//114 115//115
f 113//113 114//114 172//172
f 146//146 145//145 147//147
f 205//205 168//168 169//169
f 97//97 141//141 98//98
f 141//141 139//139 98//98
f 130//130 128//128 105//105
f 103//103 105//105 104//104
f 130//130 129//129 128//128
f 130//130 105//105 103//103
f 131//131 129//129 130//130
f 130//130 103//103 102//102
f 131//131 127//127 129//129
f 132//132 130//130 102//102
f 133//133 130//130 132//132
f 134//134 127//127 131//131
f 132//132 102//102 101//101
f 133//133 131//131 130//130
f 140//140 139//139 141//141
f 135//135 132//132 101//101
f 100//100 135//135 101//101
f 134//134 131//131 133//133
f 136//136 133//133 135//135
f 137//137 135//135 100//100
f 136//136 134//134 133//133
f 137//137 136//136 135//135
f 99//99 137//137 100//100
f 139//139 137//137 99//99
f 140//140 137//137 139//139
f 138//138 134//134 136//136
f 140//140 136//136 137//137
f 138//138 136//136 140//140
f 135//135 133//133 132//132
f 205//205 169//169 170//170
f 205//205 206//206 168//168
f 204//204 205//205 170//170
f 308//308 309//309 307//307
f 310//310 277//277 276//276
f 310//310 276//276 309//309
f 70//70 308//308 306//306
f 278//278 277//277 310//310
f 70//70 309//309 308//308
f 311//311 310//310 309//309
f 312//312 278//278 310//310
f 313//313 312//312 310//310
f 70//70 311//311 309//309
f 313//313 310//310 311//311
f 312//312 279//279 278//278
f 313//313 279//279 312//312
f 314//314 313//313 311//311
f 280//280 279//279 313//313
f 315//315 280//280 313//313
f 314//314 315//315 313//313
f 316//316 281//281 280//280
f 316//316 280//280 315//315
f 317//317 282//282 281//281
f 316//316 317//317 281//281
f 318//318 315//315 314//314
f 318//318 316//316 315//315
f 283//283 317//317 316//316
f 319//319 283//283 316//316
f 309//309 276//276 275//275
f 309//309 275//275 307//307
f 308//308 307//307 306//306
f 70//70 306//306 304//304
f 296//296 270//270 294//294
f 296//296 294//294 295//295
f 69//69 296//296 295//295
f 297//297 271//271 270//270
f 297//297 270//270 296//296
f 298//298 297//297 296//296
f 298//298 296//296 69//69
f 299//299 272//272 271//271
f 299//299 271//271 297//297
f 300//300 298//298 69//69
f 298//298 299//299 297//297
f 301//301 273//273 272//272
f 320//320 316//316 318//318
f 301//301 272//272 299//299
f 300//300 299//299 298//298
f 303//303 301//301 299//299
f 303//303 299//299 300//300
f 304//304 303//303 300//300
f 305//305 274//274 302//302
f 305//305 302//302 301//301
f 306//306 305//305 301//301
f 306//306 301//301 303//303
f 304//304 306//306 303//303
f 307//307 275//275 274//274
f 307//307 274//274 305//305
f 306//306 307//307 305//305
f 302//302 273//273 301//301
f 320//320 319//319 316//316
f 319//319 284//284 283//283
f 321//321 285//285 284//284
f 100//100 275//275 276//276
f 100//100 276//276 277//277
f 101//101 275//275 100//100
f 101//101 274//274 275//275
f 302//302 102//102 103//103
f 302//302 101//101 102//102
f 302//302 274//274 101//101
f 104//104 302//302 103//103
f 104//104 273//273 302//302
f 104//104 272//272 273//273
f 272//272 105//105 106//106
f 272//272 104//104 105//105
f 277//277 99//99 100//100
f 271//271 106//106 107//107
f 108//108 271//271 107//107
f 108//108 270//270 271//271
f 108//108 269//269 270//270
f 109//109 269//269 108//108
f 268//268 109//109 110//110
f 268//268 269//269 109//109
f 111//111 268//268 110//110
f 111//111 267//267 268//268
f 112//112 90//90 230//230
f 112//112 230//230 266//266
f 112//112 266//266 267//267
f 112//112 267//267 111//111
f 271//271 272//272 106//106
f 270//270 269//269 294//294
f 277//277 139//139 99//99
f 139//139 278//278 279//279
f 321//321 284//284 319//319
f 320//320 321//321 319//319
f 228//228 285//285 321//321
f 321//321 227//227 228//228
f 321//321 226//226 227//227
f 71//71 321//321 320//320
f 71//71 226//226 321//321
f 322//322 115//115 91//91
f 322//322 91//91 92//92
f 322//322 228//228 115//115
f 322//322 285//285 228//228
f 284//284 92//92 93//93
f 139//139 277//277 278//278
f 284//284 322//322 92//92
f 317//317 284//284 93//93
f 317//317 93//93 94//94
f 317//317 94//94 95//95
f 317//317 283//283 284//284
f 282//282 95//95 96//96
f 282//282 317//317 95//95
f 280//280 96//96 97//97
f 280//280 282//282 96//96
f 280//280 281//281 282//282
f 279//279 97//97 98//98
f 279//279 280//280 97//97
f 139//139 279//279 98//98
f 284//284 285//285 322//322
f 74//74 73//73 176//176
f 69//69 293//293 291//291
f 295//295 292//292 293//293
f 240//240 239//239 238//238
f 241//241 208//208 239//239
f 242//242 209//209 208//208
f 241//241 239//239 240//240
f 242//242 208//208 241//241
f 242//242 210//210 209//209
f 243//243 241//241 240//240
f 244//244 242//242 241//241
f 245//245 210//210 242//242
f 244//244 241//241 243//243
f 245//245 242//242 244//244
f 245//245 211//211 210//210
f 212//212 211//211 245//245
f 246//246 244//244 243//243
f 246//246 212//212 245//245
f 246//246 245//245 244//244
f 247//247 212//212 246//246
f 247//247 213//213 212//212
f 248//248 247//247 246//246
f 248//248 246//246 243//243
f 249//249 247//247 248//248
f 250//250 214//214 213//213
f 250//250 213//213 247//247
f 250//250 247//247 249//249
f 215//215 214//214 250//250
f 239//239 208//208 207//207
f 239//239 237//237 238//238
f 240//240 238//238 234//234
f 239//239 207//207 237//237
f 204//204 170//170 171//171
f 202//202 171//171 115//115
f 202//202 204//204 171//171
f 202//202 115//115 228//228
f 202//202 203//203 204//204
f 202//202 228//228 227//227
f 231//231 227//227 226//226
f 203//203 202//202 227//227
f 231//231 203//203 227//227
f 232//232 231//231 226//226
f 233//233 204//204 203//203
f 233//233 203//203 231//231
f 251//251 215//215 250//250
f 234//234 232//232 226//226
f 232//232 233//233 231//231
f 235//235 205//205 204//204
f 235//235 204//204 233//233
f 236//236 232//232 234//234
f 235//235 233//233 232//232
f 235//235 206//206 205//205
f 236//236 235//235 232//232
f 237//237 206//206 235//235
f 238//238 237//237 235//235
f 238//238 235//235 236//236
f 207//207 206//206 237//237
f 234//234 238//238 236//236
f 234//234 226//226 71//71
f 251//251 250//250 249//249
f 252//252 251//251 249//249
f 252//252 249//249 248//248
f 224//224 229//229 230//230
f 265//265 264//264 262//262
f 265//265 262//262 68//68
f 264//264 229//229 224//224
f 264//264 224//224 263//263
f 264//264 286//286 229//229
f 265//265 286//286 264//264
f 265//265 288//288 286//286
f 68//68 288//288 265//265
f 229//229 266//266 230//230
f 287//287 266//266 229//229
f 286//286 287//287 229//229
f 264//264 263//263 262//262
f 267//267 266//266 287//287
f 289//289 286//286 288//288
f 290//290 267//267 287//287
f 289//289 290//290 287//287
f 291//291 289//289 288//288
f 268//268 267//267 290//290
f 292//292 268//268 290//290
f 292//292 290//290 289//289
f 293//293 292//292 289//289
f 293//293 289//289 291//291
f 294//294 269//269 268//268
f 294//294 268//268 292//292
f 295//295 294//294 292//292
f 289//289 287//287 286//286
f 69//69 295//295 293//293
f 224//224 223//223 263//263
f 263//263 222//222 262//262
f 251//251 216//216 215//215
f 253//253 251//251 252//252
f 254//254 216//216 251//251
f 254//254 251//251 253//253
f 217//217 216//216 254//254
f 255//255 218//218 217//217
f 255//255 217//217 254//254
f 256//256 253//253 252//252
f 255//255 254//254 253//253
f 255//255 219//219 218//218
f 257//257 255//255 253//253
f 256//256 257//257 253//253
f 68//68 262//262 261//261
f 220//220 219//219 255//255
f 259//259 257//257 256//256
f 258//258 255//255 257//257
f 259//259 258//258 257//257
f 260//260 221//221 220//220
f 260//260 220//220 258//258
f 68//68 261//261 259//259
f 260//260 258//258 259//259
f 261//261 260//260 259//259
f 222//222 221//221 260//260
f 262//262 222//222 260//260
f 261//261 262//262 260//260
f 263//263 223//223 222//222
f 258//258 220//220 255//255
f 74//74 176//176 183//183
f 119//119 127//127 82//82
f 36//36 70//70 37//37
f 1//1 31//31 30//30
f 41//41 40//40 304//304
f 41//41 304//304 300//300
f 16//16 46//46 45//45
f 25//25 291//291 288//288
f 25//25 288//288 26//26
f 40//40 39//39 304//304
f 26//26 288//288 27//27
f 30//30 29//29 2//2
f 39//39 38//38 304//304
f 46//46 16//16 36//36
f 29//29 3//3 2//2
f 36//36 16//16 70//70
f 38//38 70//70 304//304
f 27//27 288//288 68//68
f 29//29 68//68 3//3
f 29//29 28//28 68//68
f 38//38 37//37 70//70
f 27//27 68//68 28//28
f 1//1 30//30 2//2
f 16//16 15//15 70//70
f 35//35 291//291 25//25
f 24//24 31//31 1//1
f 19//19 69//69 20//20
f 19//19 300//300 69//69
f 19//19 18//18 300//300
f 20//20 291//291 21//21
f 20//20 69//69 291//291
f 18//18 41//41 300//300
f 21//21 291//291 35//35
f 18//18 42//42 41//41
f 21//21 35//35 34//34
f 18//18 17//17 43//43
f 18//18 43//43 42//42
f 21//21 34//34 22//22
f 22//22 34//34 33//33
f 22//22 33//33 23//23
f 23//23 33//33 32//32
f 17//17 44//44 43//43
f 23//23 32//32 24//24
f 24//24 32//32 31//31
f 17//17 45//45 44//44
f 17//17 16//16 45//45
f 3//3 256//256 4//4
f 15//15 314//314 70//70
f 15//15 14//14 314//314
f 234//234 47//47 10//10
f 243//243 62//62 61//61
f 243//243 8//8 62//62
f 13//13 12//12 53//53
f 234//234 10//10 9//9
f 243//243 240//240 8//8
f 234//234 9//9 240//240
f 240//240 9//9 8//8
f 53//53 12//12 54//54
f 52//52 13//13 53//53
f 66//66 65//65 6//6
f 47//47 57//57 10//10
f 54//54 12//12 55//55
f 65//65 64//64 6//6
f 55//55 12//12 11//11
f 62//62 7//7 63//63
f 57//57 56//56 10//10
f 64//64 7//7 6//6
f 55//55 11//11 56//56
f 56//56 11//11 10//10
f 62//62 8//8 7//7
f 3//3 68//68 256//256
f 5//5 66//66 6//6
f 67//67 66//66 5//5
f 314//314 14//14 318//318
f 318//318 14//14 13//13
f 256//256 252//252 5//5
f 256//256 5//5 4//4
f 318//318 51//51 320//320
f 318//318 13//13 52//52
f 318//318 52//52 51//51
f 234//234 48//48 47//47
f 252//252 248//248 67//67
f 252//252 67//67 5//5
f 320//320 51//51 50//50
f 248//248 59//59 58//58
f 320//320 50//50 71//71
f 71//71 50//50 49//49
f 248//248 60//60 59//59
f 248//248 243//243 60//60
f 71//71 48//48 234//234
f 71//71 49//49 48//48
f 243//243 61//61 60//60
f 248//248 58//58 67//67
f 339//339 338//338 330//330
f 342//342 341//341 331//331
f 340//340 339//339 330//330
f 331//331 340//340 330//330
f 332//332 342//342 331//331
f 338//338 337//337 329//329
f 334//334 343//343 332//332
f 333//333 334//334 332//332
f 336//336 335//335 328//328
f 337//337 336//336 329//329
f 336//336 328//328 329//329
f 343//343 342//342 332//332
f 335//335 352//352 328//328
f 341//341 340//340 331//331
f 352//352 351//351 327//327
f 345//345 344//344 323//323
f 352//352 327//327 328//328
f 324//324 345//345 323//323
f 346//346 345//345 324//324
f 347//347 346//346 324//324
f 325//325 347//347 324//324
f 330//330 338//338 329//329
f 326//326 348//348 325//325
f 351//351 350//350 327//327
f 349//349 348//348 326//326
f 348//348 347//347 325//325
f 350//350 326//326 327//327
f 350//350 349//349 326//326
f 379//379 380//380 356//356
f 379//379 356//356 357//357
f 378//378 357//357 358//358
f 378//378 379//379 357//357
f 377//377 358//358 359//359
f 377//377 378//378 358//358
f 375//375 376//376 360//360
f 376//376 359//359 360//360
f 380//380 355//355 356//356
f 375//375 360//360 361//361
f 374//374 375//375 361//361
f 374//374 361//361 362//362
f 373//373 374//374 362//362
f 372//372 373//373 353//353
f 376//376 377//377 359//359
f 380//380 381//381 354//354
f 373//373 362//362 353//353
f 381//381 382//382 354//354
f 388//388 364//364 365//365
f 389//389 390//390 363//363
f 388//388 389//389 364//364
f 388//388 365//365 366//366
f 387//387 388//388 366//366
f 387//387 366//366 367//367
f 386//386 387//387 367//367
f 389//389 363//363 364//364
f 386//386 367//367 368//368
f 385//385 368//368 369//369
f 384//384 385//385 369//369
f 384//384 369//369 370//370
f 383//383 384//384 370//370
f 383//383 370//370 371//371
f 382//382 383//383 371//371
f 382//382 371//371 354//354
f 385//385 386//386 368//368
f 380//380 354//354 355//355
f 394//394 391//391 392//392
f 394//394 392//392 393//393
f 398//398 396//396 397//397
f 398//398 395//395 396//396
f 401//401 402//402 399//399
f 400//400 401//401 399//399
f 429//429 443//443 444//444
f 429//429 428//428 443//443
f 428//428 442//442 443//443
f 428//428 427//427 442//442
f 404//404 425//425 424//424
f 426//426 425//425 441//441
f 427//427 441//441 442//442
f 430//430 429//429 444//444
f 425//425 404//404 403//403
f 425//425 403//403 441//441
f 404//404 424//424 405//405
f 427//427 426//426 441//441
f 431//431 444//444 445//445
f 438//438 437//437 448//448
f 432//432 431//431 445//445
f 446//446 432//432 445//445
f 433//433 432//432 446//446
f 434//434 433//433 446//446
f 447//447 434//434 446//446
f 435//435 434//434 447//447
f 436//436 435//435 447//447
f 448//448 436//436 447//447
f 437//437 436//436 448//448
f 449//449 438//438 448//448
f 439//439 438//438 449//449
f 440//440 439//439 449//449
f 425//425 423//423 424//424
f 450//450 440//440 449//449
f 425//425 426//426 423//423
f 436//436 411//411 412//412
f 426//426 427//427 422//422
f 407//407 440//440 450//450
f 440//440 406//406 408//408
f 440//440 407//407 406//406
f 439//439 408//408 409//409
f 439//439 440//440 408//408
f 438//438 439//439 409//409
f 437//437 410//410 411//411
f 437//437 438//438 410//410
f 436//436 437//437 411//411
f 435//435 412//412 413//413
f 435//435 436//436 412//412
f 434//434 413//413 414//414
f 434//434 435//435 413//413
f 426//426 422//422 423//423
f 433//433 434//434 414//414
f 432//432 433//433 415//415
f 432//432 415//415 416//416
f 432//432 416//416 417//417
f 431//431 432//432 417//417
f 431//431 417//417 418//418
f 430//430 431//431 418//418
f 429//429 418//418 419//419
f 429//429 430//430 418//418
f 429//429 419//419 420//420
f 428//428 429//429 420//420
f 428//428 420//420 421//421
f 427//427 428//428 421//421
f 427//427 421//421 422//422
f 433//433 414//414 415//415
f 438//438 409//409 410//410
f 431//431 430//430 444//444
f 454//454 452//452 453//453
f 454//454 451//451 452//452
f 469//469 468//468 456//456
f 484//484 483//483 464//464
f 483//483 482//482 464//464
f 482//482 463//463 464//464
f 482//482 481//481 463//463
f 481//481 480//480 463//463
f 463//463 480//480 462//462
f 480//480 479//479 462//462
f 479//479 478//478 462//462
f 462//462 478//478 461//461
f 478//478 477//477 461//461
f 461//461 477//477 460//460
f 477//477 476//476 460//460
f 460//460 475//475 459//459
f 484//484 464//464 465//465
f 475//475 474//474 459//459
f 474//474 473//473 459//459
f 473//473 472//472 458//458
f 473//473 458//458 459//459
f 472//472 471//471 458//458
f 471//471 470//470 457//457
f 471//471 457//457 458//458
f 470//470 469//469 457//457
f 469//469 456//456 457//457
f 468//468 467//467 455//455
f 468//468 455//455 456//456
f 476//476 475//475 460//460
f 466//466 484//484 465//465
f 488//488 486//486 485//485
f 488//488 485//485 487//487
f 513//513 559//559 558//558
f 511//511 556//556 555//555
f 520//520 560//560 559//559
f 496//496 561//561 572//572
f 518//518 569//569 568//568
f 518//518 568//568 493//493
f 518//518 493//493 519//519
f 520//520 492//492 560//560
f 520//520 519//519 492//492
f 519//519 493//493 492//492
f 511//511 555//555 554//554
f 561//561 496//496 562//562
f 511//511 554//554 489//489
f 562//562 495//495 563//563
f 562//562 496//496 495//495
f 554//554 553//553 489//489
f 567//567 494//494 493//493
f 563//563 495//495 564//564
f 553//553 490//490 489//489
f 560//560 492//492 491//491
f 560//560 491//491 550//550
f 553//553 552//552 490//490
f 567//567 566//566 494//494
f 564//564 495//495 565//565
f 552//552 551//551 490//490
f 566//566 565//565 494//494
f 550//550 491//491 551//551
f 565//565 495//495 494//494
f 551//551 491//491 490//490
f 568//568 567//567 493//493
f 513//513 520//520 559//559
f 503//503 528//528 537//537
f 525//525 570//570 518//518
f 544//544 517//517 545//545
f 544//544 526//526 517//517
f 508//508 538//538 549//549
f 537//537 536//536 527//527
f 543//543 526//526 544//544
f 507//507 538//538 508//508
f 507//507 539//539 538//538
f 500//500 499//499 532//532
f 500//500 532//532 531//531
f 501//501 500//500 531//531
f 507//507 540//540 539//539
f 501//501 531//531 530//530
f 536//536 521//521 527//527
f 512//512 501//501 530//530
f 512//512 530//530 529//529
f 502//502 512//512 529//529
f 507//507 542//542 541//541
f 503//503 502//502 529//529
f 506//506 542//542 507//507
f 503//503 529//529 528//528
f 506//506 543//543 542//542
f 518//518 570//570 569//569
f 504//504 503//503 537//537
f 505//505 543//543 506//506
f 504//504 537//537 527//527
f 505//505 526//526 543//543
f 507//507 541//541 540//540
f 504//504 527//527 526//526
f 499//499 533//533 532//532
f 545//545 517//517 546//546
f 497//497 496//496 572//572
f 513//513 558//558 557//557
f 510//510 556//556 511//511
f 525//525 571//571 570//570
f 514//514 513//513 557//557
f 524//524 571//571 525//525
f 514//514 557//557 556//556
f 524//524 572//572 571//571
f 514//514 556//556 510//510
f 524//524 497//497 572//572
f 523//523 497//497 524//524
f 509//509 514//514 510//510
f 536//536 535//535 521//521
f 515//515 514//514 509//509
f 548//548 516//516 515//515
f 547//547 516//516 548//548
f 534//534 523//523 522//522
f 533//533 523//523 534//534
f 548//548 515//515 509//509
f 533//533 498//498 523//523
f 535//535 522//522 521//521
f 535//535 534//534 522//522
f 546//546 516//516 547//547
f 548//548 509//509 508//508
f 549//549 548//548 508//508
f 533//533 499//499 498//498
f 546//546 517//517 516//516
f 498//498 497//497 523//523
f 505//505 504//504 526//526
f 576//576 573//573 574//574
f 575//575 576//576 574//574
f 578//578 579//579 580//580
f 578//578 580//580 577//577
f 582//582 584//584 583//583
f 582//582 581//581 584//584
f 587//587 588//588 585//585
f 587//587 585//585 586//586
f 591//591 589//589 592//592
f 590//590 589//589 591//591
f 596//596 593//593 594//594
f 595//595 593//593 596//596
f 600//600 598//598 597//597
f 600//600 599//599 598//598
f 615//615 614//614 628//628
f 613//613 612//612 627//627
f 628//628 613//613 627//627
f 614//614 613//613 628//628
f 615//615 628//628 629//629
f 619//619 618//618 620//620
f 616//616 629//629 630//630
f 617//617 616//616 630//630
f 618//618 617//617 630//630
f 618//618 630//630 620//620
f 616//616 615//615 629//629
f 627//627 611//611 626//626
f 612//612 611//611 627//627
f 610//610 609//609 626//626
f 611//611 610//610 626//626
f 602//602 621//621 622//622
f 602//602 601//601 621//621
f 603//603 602//602 622//622
f 604//604 622//622 623//623
f 605//605 604//604 623//623
f 604//604 603//603 622//622
f 606//606 605//605 623//623
f 607//607 606//606 624//624
f 608//608 607//607 624//624
f 625//625 608//608 624//624
f 609//609 608//608 625//625
f 626//626 609//609 625//625
f 606//606 623//623 624//624
f 631//631 661//661 638//638
f 637//637 658//658 636//636
f 637//637 659//659 658//658
f 638//638 659//659 637//637
f 638//638 660//660 659//659
f 638//638 661//661 660//660
f 631//631 662//662 661//661
f 634//634 666//666 665//665
f 632//632 663//663 662//662
f 632//632 664//664 663//663
f 633//633 664//664 632//632
f 634//634 665//665 633//633
f 634//634 646//646 666//666
f 635//635 646//646 634//634
f 632//632 662//662 631//631
f 636//636 657//657 656//656
f 633//633 665//665 664//664
f 643//643 656//656 655//655
f 636//636 656//656 643//643
f 635//635 647//647 646//646
f 644//644 647//647 635//635
f 644//644 648//648 647//647
f 644//644 649//649 648//648
f 644//644 650//650 649//649
f 645//645 650//650 644//644
f 645//645 651//651 650//650
f 636//636 658//658 657//657
f 639//639 652//652 651//651
f 640//640 652//652 639//639
f 640//640 653//653 652//652
f 641//641 653//653 640//640
f 642//642 653//653 641//641
f 642//642 654//654 653//653
f 642//642 655//655 654//654
f 639//639 651//651 645//645
f 643//643 655//655 642//642
f 668//668 704//704 705//705
f 669//669 704//704 668//668
f 669//669 703//703 704//704
f 670//670 703//703 669//669
f 671//671 703//703 670//670
f 671//671 702//702 703//703
f 672//672 702//702 671//671
f 673//673 700//700 701//701
f 673//673 702//702 672//672
f 668//668 705//705 667//667
f 674//674 700//700 673//673
f 675//675 700//700 674//674
f 675//675 699//699 700//700
f 676//676 699//699 675//675
f 676//676 688//688 699//699
f 677//677 688//688 676//676
f 673//673 701//701 702//702
f 667//667 705//705 689//689
f 686//686 691//691 685//685
f 687//687 689//689 690//690
f 678//678 698//698 688//688
f 678//678 688//688 677//677
f 679//679 698//698 678//678
f 679//679 697//697 698//698
f 680//680 697//697 679//679
f 680//680 696//696 697//697
f 681//681 696//696 680//680
f 681//681 695//695 696//696
f 682//682 695//695 681//681
f 682//682 694//694 695//695
f 683//683 693//693 694//694
f 683//683 692//692 693//693
f 684//684 692//692 683//683
f 684//684 691//691 692//692
f 685//685 691//691 684//684
f 686//686 690//690 691//691
f 687//687 690//690 686//686
f 667//667 689//689 687//687
f 683//683 694//694 682//682
f 737//737 708//708 707//707
f 706//706 735//735 717//717
f 716//716 727//727 706//706
f 716//716 728//728 727//727
f 713//713 712//712 725//725
f 713//713 725//725 724//724
f 715//715 728//728 716//716
f 714//714 713//713 724//724
f 737//737 709//709 708//708
f 714//714 724//724 728//728
f 715//715 714//714 728//728
f 739//739 710//710 709//709
f 717//717 734//734 718//718
f 717//717 735//735 734//734
f 736//736 709//709 737//737
f 733//733 719//719 718//718
f 733//733 732//732 719//719
f 724//724 726//726 728//728
f 712//712 738//738 725//725
f 711//711 710//710 739//739
f 730//730 721//721 731//731
f 730//730 722//722 721//721
f 731//731 721//721 720//720
f 729//729 722//722 730//730
f 729//729 723//723 722//722
f 739//739 709//709 736//736
f 737//737 707//707 723//723
f 732//732 731//731 720//720
f 732//732 720//720 719//719
f 712//712 711//711 738//738
f 706//706 727//727 735//735
f 711//711 739//739 738//738
f 737//737 723//723 729//729
f 734//734 733//733 718//718
f 742//742 745//745 743//743
f 742//742 743//743 741//741
f 744//744 740//740 741//741
f 744//744 741//741 743//743
f 750//750 747//747 746//746
f 754//754 750//750 746//746
f 749//749 748//748 752//752
f 747//747 753//753 746//746
f 753//753 747//747 751//751
f 752//752 748//748 750//750
f 750//750 754//754 752//752
f 778//778 755//755 764//764
f 782//782 760//760 759//759
f 768//768 767//767 775//775
f 782//782 781//781 760//760
f 775//775 767//767 777//777
f 781//781 761//761 760//760
f 777//777 767//767 766//766
f 781//781 780//780 761//761
f 779//779 778//778 780//780
f 780//780 762//762 761//761
f 780//780 763//763 762//762
f 755//755 765//765 764//764
f 780//780 778//778 763//763
f 766//766 765//765 755//755
f 778//778 764//764 763//763
f 783//783 782//782 759//759
f 777//777 766//766 755//755
f 783//783 759//759 758//758
f 773//773 786//786 785//785
f 789//789 768//768 776//776
f 776//776 768//768 775//775
f 773//773 772//772 786//786
f 772//772 787//787 786//786
f 773//773 785//785 774//774
f 774//774 785//785 756//756
f 771//771 788//788 787//787
f 756//756 785//785 784//784
f 772//772 771//771 787//787
f 770//770 789//789 788//788
f 756//756 784//784 757//757
f 770//770 769//769 789//789
f 757//757 784//784 783//783
f 757//757 783//783 758//758
f 769//769 768//768 789//789
f 771//771 770//770 788//788
f 823//823 802//802 803//803
f 826//826 800//800 825//825
f 825//825 800//800 801//801
f 825//825 801//801 802//802
f 825//825 802//802 824//824
f 824//824 802//802 823//823
f 823//823 803//803 822//822
f 818//818 808//808 817//817
f 822//822 804//804 805//805
f 821//821 805//805 820//820
f 820//820 805//805 806//806
f 820//820 806//806 819//819
f 819//819 806//806 807//807
f 819//819 807//807 818//818
f 817//817 808//808 790//790
f 822//822 803//803 804//804
f 822//822 805//805 821//821
f 818//818 807//807 808//808
f 809//809 799//799 826//826
f 817//817 790//790 816//816
f 816//816 790//790 791//791
f 816//816 791//791 815//815
f 815//815 791//791 792//792
f 815//815 793//793 814//814
f 815//815 792//792 793//793
f 814//814 793//793 794//794
f 814//814 794//794 813//813
f 826//826 799//799 800//800
f 811//811 797//797 810//810
f 812//812 796//796 811//811
f 810//810 797//797 798//798
f 812//812 795//795 796//796
f 813//813 795//795 812//812
f 810//810 798//798 809//809
f 809//809 798//798 799//799
f 813//813 794//794 795//795
f 811//811 796//796 797//797
f 836//836 827//827 859//859
f 836//836 828//828 827//827
f 842//842 835//835 834//834
f 843//843 851//851 835//835
f 838//838 830//830 829//829
f 839//839 830//830 838//838
f 840//840 832//832 831//831
f 840//840 831//831 839//839
f 841//841 833//833 832//832
f 841//841 832//832 840//840
f 841//841 834//834 833//833
f 842//842 834//834 841//841
f 838//838 829//829 837//837
f 837//837 829//829 828//828
f 839//839 831//831 830//830
f 836//836 859//859 850//850
f 844//844 851//851 843//843
f 844//844 852//852 851//851
f 845//845 852//852 844//844
f 845//845 853//853 852//852
f 843//843 835//835 842//842
f 846//846 853//853 845//845
f 846//846 854//854 853//853
f 846//846 855//855 854//854
f 837//837 828//828 836//836
f 848//848 856//856 855//855
f 848//848 855//855 847//847
f 850//850 859//859 858//858
f 850//850 858//858 849//849
f 849//849 858//858 857//857
f 849//849 857//857 856//856
f 849//849 856//856 848//848
f 847//847 855//855 846//846
f 860//860 874//874 862//862
f 860//860 873//873 874//874
f 862//862 875//875 861//861
f 862//862 874//874 875//875
f 861//861 875//875 876//876
f 861//861 876//876 869//869
f 869//869 876//876 877//877
f 869//869 877//877 868//868
f 867//867 877//877 878//878
f 870//870 883//883 872//872
f 871//871 883//883 870//870
f 871//871 882//882 883//883
f 868//868 877//877 867//867
f 863//863 881//881 882//882
f 863//863 882//882 871//871
f 864//864 880//880 881//881
f 865//865 880//880 864//864
f 865//865 879//879 880//880
f 866//866 878//878 879//879
f 867//867 878//878 866//866
f 864//864 881//881 863//863
f 866//866 879//879 865//865
f 884//884 887//887 886//886
f 884//884 886//886 885//885
f 889//889 890//890 891//891
f 888//888 890//890 889//889
f 895//895 892//892 893//893
f 895//895 893//893 894//894
f 903//903 909//909 910//910
f 906//906 907//907 905//905
f 905//905 907//907 908//908
f 905//905 908//908 904//904
f 904//904 909//909 903//903
f 904//904 908//908 909//909
f 903//903 910//910 902//902
f 902//902 910//910 911//911
f 902//902 911//911 901//901
f 901//901 912//912 900//900
f 901//901 911//911 912//912
f 899//899 912//912 913//913
f 899//899 913//913 898//898
f 898//898 913//913 914//914
f 898//898 914//914 897//897
f 897//897 914//914 915//915
f 897//897 915//915 896//896
f 896//896 915//915 916//916
f 896//896 916//916 906//906
f 906//906 916//916 907//907
f 900//900 912//912 899//899
f 925//925 930//930 924//924
f 924//924 932//932 923//923
f 924//924 931//931 932//932
f 926//926 929//929 930//930
f 924//924 930//930 931//931
f 926//926 928//928 929//929
f 927//927 928//928 926//926
f 927//927 939//939 928//928
f 923//923 933//933 922//922
f 926//926 930//930 925//925
f 922//922 933//933 934//934
f 923//923 932//932 933//933
f 921//921 935//935 920//920
f 922//922 934//934 921//921
f 917//917 938//938 939//939
f 918//918 938//938 917//917
f 918//918 937//937 938//938
f 919//919 937//937 918//918
f 917//917 939//939 927//927
f 920//920 936//936 919//919
f 920//920 935//935 936//936
f 921//921 934//934 935//935
f 919//919 936//936 937//937
f 945//945 955//955 956//956
f 949//949 951//951 952//952
f 949//949 952//952 948//948
f 948//948 952//952 953//953
f 948//948 953//953 947//947
f 947//947 953//953 954//954
f 947//947 954//954 955//955
f 947//947 955//955 946//946
f 950//950 951//951 949//949
f 946//946 955//955 945//945
f 945//945 956//956 957//957
f 943//943 958//958 959//959
f 944//944 957//957 958//958
f 944//944 958//958 943//943
f 943//943 959//959 942//942
f 942//942 959//959 960//960
f 942//942 960//960 941//941
f 941//941 960//960 961//961
f 941//941 961//961 940//940
f 940//940 961//961 951//951
f 940//940 951//951 950//950
f 945//945 957//957 944//944
f 968//968 976//976 967//967
f 967//967 977//977 966//966
f 967//967 976//976 977//977
f 968//968 975//975 976//976
f 966//966 977//977 978//978
f 969//969 974//974 975//975
f 970//970 974//974 969//969
f 970//970 973//973 974//974
f 969//969 975//975 968//968
f 966//966 978//978 965//965
f 971//971 973//973 970//970
f 965//965 979//979 980//980
f 965//965 980//980 964//964
f 964//964 980//980 963//963
f 963//963 980//980 981//981
f 963//963 981//981 982//982
f 963//963 982//982 962//962
f 962//962 982//982 983//983
f 962//962 983//983 971//971
f 971//971 983//983 972//972
f 965//965 978//978 979//979
f 971//971 972//972 973//973
f 986//986 984//984 985//985
f 987//987 988//988 989//989
f 990//990 992//992 991//991
f 995//995 994//994 993//993
f 998//998 996//996 997//997
v -0.0006135 -0.0116000 0.0077951
v -0.0024881 -0.0116000 0.0074087
v -0.0044219 -0.0115999 0.0064609
v -0.0064025 -0.0115998 0.0045371
v -0.0075585 -0.0116000 0.0020412
v -0.0078120 -0.0116000 -0.0000000
v -0.0075585 -0.0116000 -0.0020411
v -0.0064025 -0.0115998 -0.0045371
v -0.0041789 -0.0115999 -0.0066419
v -0.0018991 -0.0116000 -0.0075811
v -0.0000769 -0.0116000 -0.0078150
v 0.0023367 -0.0115999 -0.0074913
v 0.0047782 -0.0115999 -0.0062021
v 0.0060961 -0.0116000 -0.0048747
v 0.0070732 -0.0115999 -0.0033568
v 0.0077643 -0.0116000 -0.0010067
v 0.0076515 -0.0115999 0.0017416
v 0.0064026 -0.0115998 0.0045371
v 0.0044220 -0.0115999 0.0064610
v 0.0019219 -0.0115999 0.0076082
v -0.0063338 -0.0116000 -0.0007492
v -0.0067855 -0.0116000 -0.0002552
v -0.0067442 -0.0116000 0.0003192
v -0.0064259 -0.0116000 0.0006950
v -0.0060000 -0.0116000 0.0008055
v -0.0055646 -0.0116000 0.0006905
v -0.0052677 -0.0116000 0.0003376
v -0.0051917 -0.0116000 -0.0000957
v -0.0053908 -0.0116000 -0.0005335
v -0.0057796 -0.0116000 -0.0007813
v 0.0007581 -0.0116000 -0.0063028
v 0.0003798 -0.0116000 -0.0067226
v -0.0000850 -0.0116000 -0.0068026
v -0.0005490 -0.0116000 -0.0066093
v -0.0007924 -0.0116000 -0.0061575
v -0.0007669 -0.0116000 -0.0057402
v -0.0004791 -0.0116000 -0.0053406
v 0.0000642 -0.0116000 -0.0051850
v 0.0005335 -0.0116000 -0.0053908
v 0.0007813 -0.0116000 -0.0057797
v 0.0063057 -0.0116000 0.0007657
v 0.0067339 -0.0116000 0.0003495
v 0.0068008 -0.0116000 -0.0001268
v 0.0065764 -0.0116000 -0.0005764
v 0.0060956 -0.0116000 -0.0008083
v 0.0056328 -0.0116000 -0.0007207
v 0.0053483 -0.0116000 -0.0004735
v 0.0051756 -0.0116000 0.0000106
v 0.0053908 -0.0116000 0.0005335
v 0.0057501 -0.0116000 0.0007693
v -0.0007491 -0.0116000 0.0063338
v -0.0003495 -0.0116000 0.0067338
v 0.0000851 -0.0116000 0.0068026
v 0.0005490 -0.0116000 0.0066093
v 0.0008209 -0.0116000 0.0060322
v 0.0006492 -0.0116000 0.0055159
v 0.0003376 -0.0116000 0.0052678
v -0.0000536 -0.0116000 0.0051920
v -0.0005490 -0.0116000 0.0053907
v -0.0007896 -0.0116000 0.0058330
v -0.0029815 -0.0115980 -0.0018826
v -0.0034605 -0.0115941 0.0002850
v -0.0004639 -0.0115950 0.0034667
v 0.0034094 -0.0115941 -0.0008232
v 0.0009775 -0.0117946 -0.0079654
v -0.0079983 -0.0117978 0.0003468
v -0.0079175 -0.0118035 -0.0012760
v -0.0073750 -0.0117999 -0.0031402
v -0.0066254 -0.0118000 -0.0044938
v -0.0053847 -0.0117997 -0.0059570
v -0.0035686 -0.0117999 -0.0071775
v -0.0014787 -0.0117998 -0.0078927
v -0.0000574 -0.0118033 0.0080156
v -0.0015801 -0.0117995 0.0078484
v -0.0030919 -0.0117992 0.0073958
v -0.0049412 -0.0117946 0.0063236
v -0.0062887 -0.0118000 0.0049577
v -0.0072879 -0.0117998 0.0033597
v -0.0078407 -0.0118000 0.0016163
v 0.0080023 -0.0118019 -0.0002998
v 0.0079043 -0.0117999 0.0013318
v 0.0072545 -0.0117998 0.0034428
v 0.0058356 -0.0117998 0.0055161
v 0.0041208 -0.0117999 0.0068754
v 0.0020935 -0.0117998 0.0077523
v 0.0030433 -0.0117992 -0.0074159
v 0.0049480 -0.0117990 -0.0063249
v 0.0066603 -0.0117990 -0.0044863
v 0.0077207 -0.0117990 -0.0022086
v -0.0002258 -0.0143002 -0.0080268
v 0.0006860 -0.0142967 0.0079864
v 0.0025223 -0.0143040 0.0076087
v 0.0039601 -0.0143000 0.0069576
v 0.0054978 -0.0142954 0.0058530
v 0.0070210 -0.0143010 0.0038976
v 0.0078054 -0.0143040 0.0018250
v 0.0080123 -0.0143001 -0.0000000
v 0.0077523 -0.0143002 -0.0020935
v 0.0067260 -0.0143002 -0.0043866
v 0.0050413 -0.0143002 -0.0062504
v 0.0031402 -0.0143001 -0.0073750
v 0.0016163 -0.0143000 -0.0078407
v -0.0000769 -0.0145000 -0.0078150
v 0.0006136 -0.0145000 0.0077951
v 0.0030007 -0.0145001 0.0072441
v 0.0053181 -0.0145001 0.0057531
v 0.0067036 -0.0145000 0.0040177
v 0.0076515 -0.0145001 0.0017417
v 0.0077643 -0.0145000 -0.0010067
v 0.0070732 -0.0145001 -0.0033568
v 0.0060961 -0.0145000 -0.0048747
v 0.0047782 -0.0145001 -0.0062021
v 0.0023367 -0.0145001 -0.0074912
v -0.0078150 -0.0145000 0.0000769
v -0.0075307 -0.0145000 0.0021239
v -0.0068365 -0.0145000 0.0037665
v -0.0057531 -0.0145001 0.0053180
v -0.0040177 -0.0145000 0.0067036
v -0.0018304 -0.0145001 0.0076244
v -0.0018991 -0.0145000 -0.0075811
v -0.0041789 -0.0145001 -0.0066419
v -0.0064025 -0.0145002 -0.0045371
v -0.0075585 -0.0145000 -0.0020411
v 0.0008064 -0.0145000 -0.0060635
v 0.0006877 -0.0145000 -0.0055531
v 0.0002597 -0.0145000 -0.0052330
v -0.0002526 -0.0145000 -0.0052225
v -0.0007014 -0.0145000 -0.0055824
v -0.0008057 -0.0145000 -0.0060317
v -0.0006767 -0.0145000 -0.0064523
v -0.0002519 -0.0145000 -0.0067752
v 0.0001787 -0.0145000 -0.0067848
v 0.0006033 -0.0145000 -0.0065576
v 0.0057495 -0.0145000 0.0007711
v 0.0053406 -0.0145000 0.0004791
v 0.0051940 -0.0145000 0.0000416
v 0.0052859 -0.0145000 -0.0003882
v 0.0056320 -0.0145000 -0.0007224
v 0.0061275 -0.0145000 -0.0008051
v 0.0065232 -0.0145000 -0.0006125
v 0.0067519 -0.0145000 -0.0003006
v 0.0067989 -0.0145000 0.0001265
v 0.0066399 -0.0145000 0.0004919
v 0.0062621 -0.0145000 0.0007731
v -0.0008059 -0.0145000 0.0061056
v -0.0006970 -0.0145000 0.0055728
v -0.0001921 -0.0145000 0.0051998
v 0.0003383 -0.0145000 0.0052663
v 0.0007014 -0.0145000 0.0055824
v 0.0008057 -0.0145000 0.0060317
v 0.0006767 -0.0145000 0.0064522
v 0.0003006 -0.0145000 0.0067519
v -0.0001903 -0.0145000 0.0067926
v -0.0006092 -0.0145000 0.0065335
v -0.0054690 -0.0145000 -0.0006216
v -0.0051949 -0.0145000 -0.0001275
v -0.0052663 -0.0145000 0.0003383
v -0.0055490 -0.0145000 0.0006749
v -0.0059273 -0.0145000 0.0008016
v -0.0064015 -0.0145000 0.0007168
v -0.0067519 -0.0145000 0.0003006
v -0.0067926 -0.0145000 -0.0001903
v -0.0064805 -0.0145000 -0.0006614
v -0.0059681 -0.0145000 -0.0008111
v -0.0036823 -0.0145000 -0.0009944
v -0.0030393 -0.0144999 -0.0023365
v -0.0019006 -0.0145000 -0.0033070
v -0.0007858 -0.0145000 -0.0037324
v 0.0004061 -0.0145000 -0.0037926
v -0.0007472 -0.0144999 0.0037564
v -0.0019573 -0.0145000 0.0032659
v -0.0028027 -0.0145000 0.0025909
v -0.0034617 -0.0145000 0.0015960
v -0.0038074 -0.0145000 0.0003449
v 0.0038459 -0.0144998 -0.0000478
v 0.0034662 -0.0145000 0.0015980
v 0.0027992 -0.0145000 0.0025876
v 0.0017757 -0.0144999 0.0033856
v 0.0005959 -0.0145000 0.0037625
v 0.0015583 -0.0145000 -0.0034815
v 0.0025578 -0.0145000 -0.0028295
v 0.0033856 -0.0144999 -0.0017757
v -0.0079949 -0.0143001 0.0006292
v -0.0076104 -0.0143038 0.0025059
v -0.0069798 -0.0142981 0.0039255
v -0.0060437 -0.0143001 0.0052655
v -0.0049125 -0.0143000 0.0063212
v -0.0035686 -0.0143001 0.0071775
v -0.0014787 -0.0143002 0.0078927
v -0.0024019 -0.0143001 -0.0076474
v -0.0041207 -0.0143001 -0.0068754
v -0.0054250 -0.0142981 -0.0058903
v -0.0066534 -0.0143054 -0.0044872
v -0.0076204 -0.0142965 -0.0024989
v -0.0079455 -0.0143022 -0.0009636
v 0.0006099 -0.0103500 -0.0032048
v 0.0015694 -0.0103500 -0.0028600
v 0.0023758 -0.0103500 -0.0022357
v 0.0029499 -0.0103500 -0.0013930
v 0.0032359 -0.0103500 -0.0004142
v 0.0032057 -0.0103500 0.0006051
v 0.0028622 -0.0103500 0.0015652
v 0.0022392 -0.0103500 0.0023724
v 0.0012854 -0.0103500 0.0030064
v 0.0000381 -0.0103500 0.0032667
v -0.0013451 -0.0103500 0.0029903
v -0.0023757 -0.0103500 0.0022357
v -0.0029499 -0.0103500 0.0013930
v -0.0032358 -0.0103500 0.0004142
v -0.0032056 -0.0103500 -0.0006051
v -0.0028622 -0.0103500 -0.0015653
v -0.0022392 -0.0103500 -0.0023724
v -0.0013972 -0.0103500 -0.0029478
v -0.0003828 -0.0103500 -0.0032424
v 0.0001145 -0.0113908 0.0032590
v -0.0005063 -0.0113588 -0.0032210
v -0.0012431 -0.0113964 -0.0030206
v -0.0018140 -0.0114053 -0.0027137
v -0.0022090 -0.0113815 -0.0023966
v -0.0025656 -0.0114104 -0.0020201
v -0.0028384 -0.0113909 -0.0016057
v -0.0030619 -0.0114267 -0.0011469
v -0.0031922 -0.0113735 -0.0006514
v -0.0032580 -0.0113902 -0.0001402
v -0.0032380 -0.0113774 0.0003666
v -0.0031431 -0.0113904 0.0008691
v -0.0029689 -0.0113936 0.0013504
v -0.0027248 -0.0113594 0.0017825
v -0.0024174 -0.0114017 0.0021922
v -0.0020381 -0.0113816 0.0025435
v -0.0015422 -0.0114230 0.0028850
v -0.0010320 -0.0113944 0.0030984
v -0.0004168 -0.0113675 0.0032304
v -0.0006724 -0.0115968 -0.0034746
v -0.0006416 -0.0114634 -0.0032402
v -0.0006703 -0.0115730 -0.0033658
v -0.0014284 -0.0115549 -0.0030678
v -0.0020857 -0.0115307 -0.0026407
v -0.0020814 -0.0115888 -0.0027671
v -0.0026632 -0.0115566 -0.0021098
v -0.0030556 -0.0115596 -0.0014708
v -0.0033714 -0.0115873 -0.0007519
v -0.0033261 -0.0115352 -0.0004842
v -0.0033298 -0.0115095 0.0002377
v -0.0031688 -0.0115401 0.0011589
v -0.0032982 -0.0115908 0.0010850
v -0.0027797 -0.0114963 0.0018110
v -0.0026841 -0.0115937 0.0022391
v -0.0023293 -0.0115343 0.0024356
v -0.0018918 -0.0115644 0.0028435
v -0.0015158 -0.0115980 0.0031739
v -0.0012084 -0.0115604 0.0031714
v -0.0006856 -0.0115073 0.0032571
v -0.0001974 -0.0115407 0.0033611
v 0.0006901 -0.0114142 0.0031934
v 0.0012381 -0.0113672 0.0030171
v 0.0019129 -0.0113720 0.0026425
v 0.0023848 -0.0113701 0.0022191
v 0.0027814 -0.0114114 0.0017191
v 0.0030508 -0.0113683 0.0011412
v 0.0032003 -0.0114231 0.0006656
v 0.0032617 -0.0113688 0.0000173
v 0.0031991 -0.0113799 -0.0006219
v 0.0030751 -0.0114140 -0.0011011
v 0.0028125 -0.0113944 -0.0016584
v 0.0021696 -0.0114142 -0.0024457
v 0.0016176 -0.0113506 -0.0028247
v 0.0011612 -0.0114199 -0.0030545
v 0.0006681 -0.0113845 -0.0031906
v 0.0001456 -0.0113490 -0.0032519
v 0.0003918 -0.0114937 0.0032960
v 0.0005038 -0.0115939 0.0034326
v 0.0009395 -0.0115687 0.0032783
v 0.0013785 -0.0114730 0.0030035
v 0.0015776 -0.0115870 0.0030679
v 0.0020585 -0.0114851 0.0026055
v 0.0023499 -0.0115913 0.0025588
v 0.0027873 -0.0115223 0.0018704
v 0.0030458 -0.0115937 0.0017016
v 0.0031402 -0.0115337 0.0011745
v 0.0034376 -0.0115883 0.0004009
v 0.0033150 -0.0114967 0.0001535
v 0.0033018 -0.0114993 -0.0003642
v 0.0032433 -0.0115388 -0.0008951
v 0.0029783 -0.0115942 -0.0018227
v 0.0028905 -0.0115332 -0.0017180
v 0.0025754 -0.0114153 -0.0020122
v 0.0024838 -0.0115344 -0.0022631
v 0.0021335 -0.0115957 -0.0027801
v 0.0019334 -0.0115403 -0.0027684
v 0.0017552 -0.0114688 -0.0028014
v 0.0008456 -0.0115920 -0.0033753
v 0.0006875 -0.0115221 -0.0032755
v 0.0001460 -0.0115088 -0.0033239
v 0.0007581 -0.0116000 -0.0063028
v 0.0003798 -0.0116000 -0.0067226
v -0.0000850 -0.0116000 -0.0068026
v -0.0005490 -0.0116000 -0.0066093
v -0.0007924 -0.0116000 -0.0061575
v -0.0007669 -0.0116000 -0.0057402
v -0.0004791 -0.0116000 -0.0053406
v 0.0000642 -0.0116000 -0.0051850
v 0.0005335 -0.0116000 -0.0053908
v 0.0007813 -0.0116000 -0.0057797
v 0.0008064 -0.0145000 -0.0060635
v 0.0006877 -0.0145000 -0.0055531
v 0.0002597 -0.0145000 -0.0052330
v -0.0002526 -0.0145000 -0.0052225
v -0.0007014 -0.0145000 -0.0055824
v -0.0008057 -0.0145000 -0.0060317
v -0.0006767 -0.0145000 -0.0064523
v -0.0002519 -0.0145000 -0.0067752
v 0.0001787 -0.0145000 -0.0067848
v 0.0006033 -0.0145000 -0.0065576
v 0.0063057 -0.0116000 0.0007657
v 0.0067339 -0.0116000 0.0003495
v 0.0068008 -0.0116000 -0.0001268
v 0.0065764 -0.0116000 -0.0005764
v 0.0060956 -0.0116000 -0.0008083
v 0.0061275 -0.0145000 -0.0008051
v 0.0065232 -0.0145000 -0.0006125
v 0.0067519 -0.0145000 -0.0003006
v 0.0067989 -0.0145000 0.0001265
v 0.0066399 -0.0145000 0.0004919
v 0.0062621 -0.0145000 0.0007731
v 0.0063057 -0.0116000 0.0007657
v 0.0060956 -0.0116000 -0.0008083
v 0.0056328 -0.0116000 -0.0007207
v 0.0053483 -0.0116000 -0.0004735
v 0.0051756 -0.0116000 0.0000106
v 0.0053908 -0.0116000 0.0005335
v 0.0057501 -0.0116000 0.0007693
v 0.0057495 -0.0145000 0.0007711
v 0.0053406 -0.0145000 0.0004791
v 0.0051940 -0.0145000 0.0000416
v 0.0052859 -0.0145000 -0.0003882
v 0.0056320 -0.0145000 -0.0007224
v 0.0061275 -0.0145000 -0.0008051
v 0.0062621 -0.0145000 0.0007731
v -0.0007491 -0.0116000 0.0063338
v -0.0003495 -0.0116000 0.0067338
v 0.0000851 -0.0116000 0.0068026
v 0.0005490 -0.0116000 0.0066093
v 0.0008209 -0.0116000 0.0060322
v 0.0006492 -0.0116000 0.0055159
v 0.0003376 -0.0116000 0.0052678
v -0.0000536 -0.0116000 0.0051920
v -0.0005490 -0.0116000 0.0053907
v -0.0007896 -0.0116000 0.0058330
v -0.0008059 -0.0145000 0.0061056
v -0.0006970 -0.0145000 0.0055728
v -0.0001921 -0.0145000 0.0051998
v 0.0003383 -0.0145000 0.0052663
v 0.0007014 -0.0145000 0.0055824
v 0.0008057 -0.0145000 0.0060317
v 0.0006767 -0.0145000 0.0064522
v 0.0003006 -0.0145000 0.0067519
v -0.0001903 -0.0145000 0.0067926
v -0.0006092 -0.0145000 0.0065335
v -0.0063338 -0.0116000 -0.0007492
v -0.0067855 -0.0116000 -0.0002552
v -0.0064259 -0.0116000 0.0006950
v -0.0060000 -0.0116000 0.0008055
v -0.0055646 -0.0116000 0.0006905
v -0.0052677 -0.0116000 0.0003376
v -0.0051917 -0.0116000 -0.0000957
v -0.0053908 -0.0116000 -0.0005335
v -0.0057796 -0.0116000 -0.0007813
v -0.0054690 -0.0145000 -0.0006216
v -0.0051949 -0.0145000 -0.0001275
v -0.0052663 -0.0145000 0.0003383
v -0.0055490 -0.0145000 0.0006749
v -0.0059273 -0.0145000 0.0008016
v -0.0064015 -0.0145000 0.0007168
v -0.0067926 -0.0145000 -0.0001903
v -0.0064805 -0.0145000 -0.0006614
v -0.0059681 -0.0145000 -0.0008111
v -0.0067442 -0.0116000 0.0003192
v -0.0064259 -0.0116000 0.0006950
v -0.0064015 -0.0145000 0.0007168
v -0.0067519 -0.0145000 0.0003006
v -0.0067855 -0.0116000 -0.0002552
v -0.0067442 -0.0116000 0.0003192
v -0.0067519 -0.0145000 0.0003006
v -0.0067926 -0.0145000 -0.0001903
v -0.0036823 -0.0145000 -0.0009944
v -0.0030393 -0.0144999 -0.0023365
v -0.0019006 -0.0145000 -0.0033070
v -0.0007858 -0.0145000 -0.0037324
v 0.0004061 -0.0145000 -0.0037926
v -0.0007472 -0.0144999 0.0037564
v -0.0019573 -0.0145000 0.0032659
v -0.0028027 -0.0145000 0.0025909
v -0.0034617 -0.0145000 0.0015960
v -0.0038074 -0.0145000 0.0003449
v 0.0038459 -0.0144998 -0.0000478
v 0.0034662 -0.0145000 0.0015980
v 0.0027992 -0.0145000 0.0025876
v 0.0017757 -0.0144999 0.0033856
v 0.0005959 -0.0145000 0.0037625
v 0.0015583 -0.0145000 -0.0034815
v 0.0025578 -0.0145000 -0.0028295
v 0.0033856 -0.0144999 -0.0017757
v 0.0000355 -0.0142999 -0.0036069
v 0.0010195 -0.0142999 -0.0034667
v 0.0021633 -0.0142998 -0.0029047
v 0.0030267 -0.0142999 -0.0019740
v 0.0034886 -0.0142999 -0.0009420
v 0.0036069 -0.0143000 0.0000355
v 0.0034990 -0.0142999 0.0008765
v 0.0031508 -0.0142999 0.0017646
v 0.0025519 -0.0142999 0.0025518
v 0.0018544 -0.0143000 0.0030939
v 0.0011007 -0.0142983 0.0034334
v 0.0001554 -0.0142995 0.0036103
v -0.0011320 -0.0143027 0.0034436
v -0.0022479 -0.0142976 0.0028264
v -0.0028299 -0.0143019 0.0022310
v -0.0032795 -0.0142952 0.0015119
v -0.0035922 -0.0143022 0.0004135
v -0.0035115 -0.0142998 -0.0008870
v -0.0029819 -0.0142999 -0.0020409
v -0.0020940 -0.0142998 -0.0029550
v -0.0009420 -0.0142999 -0.0034886
v 0.0000355 -0.0142999 -0.0036069
v 0.0010195 -0.0142999 -0.0034667
v 0.0021633 -0.0142998 -0.0029047
v 0.0030267 -0.0142999 -0.0019740
v 0.0034886 -0.0142999 -0.0009420
v 0.0036069 -0.0143000 0.0000355
v 0.0034990 -0.0142999 0.0008765
v 0.0031508 -0.0142999 0.0017646
v 0.0025519 -0.0142999 0.0025518
v 0.0018544 -0.0143000 0.0030939
v 0.0011007 -0.0142983 0.0034334
v 0.0001554 -0.0142995 0.0036103
v -0.0011320 -0.0143027 0.0034436
v -0.0022479 -0.0142976 0.0028264
v -0.0028299 -0.0143019 0.0022310
v -0.0032795 -0.0142952 0.0015119
v -0.0035922 -0.0143022 0.0004135
v -0.0035115 -0.0142998 -0.0008870
v -0.0029819 -0.0142999 -0.0020409
v -0.0020940 -0.0142998 -0.0029550
v -0.0009420 -0.0142999 -0.0034886
v -0.0000354 -0.0120000 -0.0036069
v -0.0010195 -0.0120000 -0.0034667
v -0.0021633 -0.0120000 -0.0029048
v -0.0029389 -0.0120000 -0.0020914
v -0.0034039 -0.0120000 -0.0012128
v -0.0036216 -0.0120000 0.0000428
v -0.0033760 -0.0120000 0.0012884
v -0.0027519 -0.0120000 0.0023503
v -0.0018007 -0.0120000 0.0031329
v -0.0004708 -0.0120000 0.0036013
v 0.0009815 -0.0120000 0.0034803
v 0.0019149 -0.0120000 0.0030569
v 0.0026519 -0.0120000 0.0024513
v 0.0032646 -0.0120000 0.0015493
v 0.0036138 -0.0120000 0.0002845
v 0.0034668 -0.0120000 -0.0010195
v 0.0029048 -0.0120000 -0.0021633
v 0.0019740 -0.0120000 -0.0030267
v 0.0009420 -0.0120000 -0.0034886
v -0.0000354 -0.0120000 -0.0036069
v -0.0010195 -0.0120000 -0.0034667
v -0.0021633 -0.0120000 -0.0029048
v -0.0029389 -0.0120000 -0.0020914
v -0.0034039 -0.0120000 -0.0012128
v -0.0036216 -0.0120000 0.0000428
v -0.0033760 -0.0120000 0.0012884
v -0.0027519 -0.0120000 0.0023503
v -0.0018007 -0.0120000 0.0031329
v -0.0004708 -0.0120000 0.0036013
v 0.0009815 -0.0120000 0.0034803
v 0.0019149 -0.0120000 0.0030569
v 0.0026519 -0.0120000 0.0024513
v 0.0032646 -0.0120000 0.0015493
v 0.0036138 -0.0120000 0.0002845
v 0.0034668 -0.0120000 -0.0010195
v 0.0029048 -0.0120000 -0.0021633
v 0.0019740 -0.0120000 -0.0030267
v 0.0009420 -0.0120000 -0.0034886
v -0.0027102 -0.0119999 0.0001812
v -0.0024764 -0.0119997 -0.0011796
v -0.0015705 -0.0119999 -0.0022163
v -0.0002881 -0.0119997 -0.0027278
v -0.0010142 -0.0119998 0.0025376
v -0.0020445 -0.0119999 0.0017883
v -0.0025006 -0.0120000 0.0010358
v 0.0026366 -0.0119997 0.0007436
v 0.0019224 -0.0119999 0.0019224
v 0.0011072 -0.0120000 0.0024737
v 0.0002130 -0.0120000 0.0027058
v 0.0011705 -0.0119999 -0.0024596
v 0.0020105 -0.0120000 -0.0018174
v 0.0026093 -0.0119998 -0.0008121
v -0.0027102 -0.0119999 0.0001812
v -0.0024764 -0.0119997 -0.0011796
v -0.0015705 -0.0119999 -0.0022163
v -0.0002881 -0.0119997 -0.0027278
v -0.0010142 -0.0119998 0.0025376
v -0.0020445 -0.0119999 0.0017883
v -0.0025006 -0.0120000 0.0010358
v 0.0026366 -0.0119997 0.0007436
v 0.0019224 -0.0119999 0.0019224
v 0.0011072 -0.0120000 0.0024737
v 0.0002130 -0.0120000 0.0027058
v 0.0011705 -0.0119999 -0.0024596
v 0.0020105 -0.0120000 -0.0018174
v 0.0026093 -0.0119998 -0.0008121
v 0.0001720 -0.0118000 -0.0024990
v 0.0008423 -0.0117999 -0.0023638
v 0.0014523 -0.0118000 -0.0020409
v 0.0019670 -0.0118015 -0.0015609
v 0.0023175 -0.0117998 -0.0009510
v 0.0024940 -0.0117982 -0.0002779
v 0.0024189 -0.0117997 0.0007141
v 0.0019533 -0.0117999 0.0015754
v 0.0014523 -0.0118000 0.0020409
v 0.0008498 -0.0118014 0.0023612
v 0.0001965 -0.0117977 0.0024961
v 0.0001988 -0.0103500 0.0025257
v 0.0015127 -0.0103500 0.0020286
v 0.0022030 -0.0103500 0.0012017
v 0.0025082 -0.0103500 0.0002660
v 0.0023828 -0.0103500 -0.0008054
v 0.0019695 -0.0103500 -0.0015526
v 0.0013394 -0.0103500 -0.0021289
v 0.0004228 -0.0103500 -0.0024794
v -0.0024226 -0.0117999 -0.0006542
v -0.0021019 -0.0117999 -0.0013708
v -0.0014267 -0.0117997 -0.0020798
v -0.0005169 -0.0117999 -0.0024556
v -0.0004803 -0.0117997 0.0024631
v -0.0012180 -0.0117997 0.0021941
v -0.0017655 -0.0117997 0.0017771
v -0.0021948 -0.0118015 0.0012200
v -0.0025022 -0.0117997 0.0002962
v -0.0004621 -0.0103500 -0.0024665
v -0.0013756 -0.0103500 -0.0021140
v -0.0020708 -0.0103500 -0.0014173
v -0.0024942 -0.0103500 -0.0004269
v -0.0024011 -0.0103500 0.0007489
v -0.0018728 -0.0103500 0.0016894
v -0.0009898 -0.0103500 0.0023122
v 0.0001988 -0.0103500 0.0025257
v 0.0015127 -0.0103500 0.0020286
v 0.0022030 -0.0103500 0.0012017
v 0.0025082 -0.0103500 0.0002660
v 0.0023828 -0.0103500 -0.0008054
v 0.0019695 -0.0103500 -0.0015526
v 0.0013394 -0.0103500 -0.0021289
v 0.0004228 -0.0103500 -0.0024794
v -0.0004621 -0.0103500 -0.0024665
v -0.0013756 -0.0103500 -0.0021140
v -0.0020708 -0.0103500 -0.0014173
v -0.0024942 -0.0103500 -0.0004269
v -0.0024011 -0.0103500 0.0007489
v -0.0018728 -0.0103500 0.0016894
v -0.0009898 -0.0103500 0.0023122
v 0.0006099 -0.0103500 -0.0032048
v 0.0015694 -0.0103500 -0.0028600
v 0.0023758 -0.0103500 -0.0022357
v 0.0029499 -0.0103500 -0.0013930
v 0.0032359 -0.0103500 -0.0004142
v 0.0032057 -0.0103500 0.0006051
v 0.0028622 -0.0103500 0.0015652
v 0.0022392 -0.0103500 0.0023724
v 0.0012854 -0.0103500 0.0030064
v 0.0000381 -0.0103500 0.0032667
v -0.0013451 -0.0103500 0.0029903
v -0.0023757 -0.0103500 0.0022357
v -0.0029499 -0.0103500 0.0013930
v -0.0032358 -0.0103500 0.0004142
v -0.0032056 -0.0103500 -0.0006051
v -0.0028622 -0.0103500 -0.0015653
v -0.0022392 -0.0103500 -0.0023724
v -0.0013972 -0.0103500 -0.0029478
v -0.0003828 -0.0103500 -0.0032424
vn -0.039706 0.898898 0.436356
vn -0.130092 0.901784 0.412144
vn -0.240475 0.889820 0.387803
vn -0.402733 0.874822 0.269245
vn -0.443059 0.886903 0.130776
vn -0.422296 0.906413 -0.008994
vn -0.459543 0.878428 -0.131089
vn -0.372435 0.885019 -0.279346
vn -0.285655 0.854637 -0.433587
vn -0.129506 0.899958 -0.416297
vn -0.012207 0.871075 -0.490999
vn 0.139451 0.860518 -0.489962
vn 0.242589 0.912218 -0.330165
vn 0.334906 0.893133 -0.300254
vn 0.472613 0.853414 -0.219820
vn 0.470399 0.880130 -0.064003
vn 0.474744 0.870500 0.129798
vn 0.454740 0.833768 0.313118
vn 0.278451 0.884210 0.375016
vn 0.095497 0.898354 0.428766
vn 0.000008 1.000000 0.000024
vn 0.000013 1.000000 0.000010
vn 0.000014 1.000000 -0.000011
vn 0.000012 1.000000 -0.000020
vn -0.000008 1.000000 -0.000043
vn -0.002030 0.999998 -0.000573
vn -0.003310 0.999993 -0.001972
vn -0.003567 0.999993 0.000781
vn -0.002590 0.999997 0.000243
vn -0.000342 1.000000 0.000238
vn -0.000047 1.000000 0.000015
vn -0.000027 1.000000 0.000025
vn 0.000002 1.000000 0.000013
vn 0.000006 1.000000 0.000009
vn 0.000030 1.000000 -0.000004
vn 0.000553 0.999999 -0.000963
vn 0.001501 0.999998 -0.001568
vn -0.001119 0.999995 -0.002831
vn -0.003830 0.999987 -0.003383
vn -0.000914 0.999999 -0.001369
vn -0.000013 1.000000 -0.000069
vn -0.000050 1.000000 -0.000025
vn -0.000035 1.000000 0.000000
vn -0.000020 1.000000 0.000026
vn -0.000006 1.000000 0.000022
vn 0.001583 0.999998 0.000935
vn 0.002634 0.999994 0.002163
vn 0.004801 0.999987 -0.001584
vn 0.003472 0.999993 -0.001228
vn 0.001189 0.999999 -0.000745
vn 0.000008 1.000000 -0.000006
vn 0.000008 1.000000 -0.000013
vn -0.000019 1.000000 -0.000034
vn -0.000034 1.000000 -0.000040
vn -0.000025 1.000000 -0.000013
vn -0.001650 0.999994 0.002963
vn -0.001719 0.999994 0.003158
vn 0.000093 0.999996 0.002951
vn 0.000444 0.999999 0.001372
vn 0.000254 1.000000 0.000392
vn -0.108349 0.991948 -0.065577
vn -0.252389 0.967290 0.025495
vn -0.022165 0.978470 0.205196
vn 0.179309 0.982388 -0.052555
vn 0.110099 0.437955 -0.892230
vn -0.917700 0.394493 0.046932
vn -0.901906 0.409740 -0.136667
vn -0.823734 0.441136 -0.356176
vn -0.783012 0.333864 -0.524812
vn -0.599503 0.457565 -0.656681
vn -0.389757 0.415226 -0.821996
vn -0.158035 0.405679 -0.900250
vn 0.016654 0.411894 0.911080
vn -0.183304 0.410485 0.893253
vn -0.367212 0.408524 0.835621
vn -0.573526 0.420197 0.703209
vn -0.713035 0.374287 0.592867
vn -0.811247 0.448193 0.375502
vn -0.903532 0.391137 0.175045
vn 0.907498 0.419559 -0.020441
vn 0.912229 0.386555 0.135693
vn 0.804999 0.456645 0.378751
vn 0.648970 0.441095 0.619898
vn 0.449612 0.404910 0.796177
vn 0.258208 0.363059 0.895275
vn 0.368348 0.414017 -0.832412
vn 0.576982 0.371567 -0.727345
vn 0.758890 0.405732 -0.509380
vn 0.863788 0.433217 -0.257280
vn -0.032036 -0.391922 -0.919440
vn 0.079916 -0.370328 0.925457
vn 0.267768 -0.408278 0.872702
vn 0.459548 -0.430713 0.776725
vn 0.647477 -0.366624 0.668102
vn 0.804512 -0.401783 0.437413
vn 0.911116 -0.345171 0.225221
vn 0.899867 -0.436133 0.005307
vn 0.868325 -0.431148 -0.245202
vn 0.765703 -0.405728 -0.499082
vn 0.592871 -0.374925 -0.712696
vn 0.380857 -0.421074 -0.823192
vn 0.158193 -0.431022 -0.888366
vn 0.018466 -0.915109 -0.402783
vn 0.025856 -0.909150 0.415665
vn 0.187875 -0.883792 0.428502
vn 0.285633 -0.906418 0.311160
vn 0.344392 -0.908014 0.238545
vn 0.433325 -0.896006 0.096968
vn 0.485830 -0.871994 -0.059965
vn 0.473214 -0.854654 -0.213623
vn 0.346927 -0.886891 -0.305067
vn 0.240572 -0.907611 -0.344045
vn 0.142424 -0.873241 -0.466010
vn -0.429392 -0.903100 -0.005770
vn -0.427103 -0.898307 0.103091
vn -0.352755 -0.915702 0.192495
vn -0.314649 -0.898998 0.304628
vn -0.229926 -0.899905 0.370547
vn -0.131654 -0.886098 0.444406
vn -0.090550 -0.895040 -0.436698
vn -0.249368 -0.891715 -0.377704
vn -0.352422 -0.897407 -0.265441
vn -0.430348 -0.896297 -0.107012
vn -0.000068 -1.000000 -0.000007
vn -0.000023 -1.000000 0.000016
vn 0.000007 -1.000000 0.000016
vn -0.000005 -1.000000 0.000015
vn 0.000020 -1.000000 0.000013
vn 0.000035 -1.000000 -0.000009
vn 0.000008 -1.000000 0.000005
vn 0.000003 -1.000000 0.000011
vn -0.000005 -1.000000 0.000014
vn -0.000036 -1.000000 0.000023
vn -0.000020 -1.000000 -0.000007
vn -0.000057 -1.000000 -0.000005
vn -0.000131 -1.000000 0.000011
vn -0.000071 -1.000000 0.000003
vn -0.000019 -1.000000 0.000000
vn -0.000006 -1.000000 0.000022
vn -0.000019 -1.000000 0.000028
vn -0.000028 -1.000000 0.000009
vn -0.000053 -1.000000 -0.000016
vn -0.000045 -1.000000 -0.000032
vn -0.000010 -1.000000 -0.000074
vn 0.000080 -1.000000 0.000009
vn 0.000010 -1.000000 -0.000025
vn -0.000027 -1.000000 -0.000032
vn 0.000004 -1.000000 -0.000007
vn -0.000008 -1.000000 -0.000017
vn -0.000042 -1.000000 0.000003
vn -0.000029 -1.000000 -0.000012
vn -0.000006 -1.000000 -0.000013
vn 0.000017 -1.000000 -0.000030
vn 0.000031 -1.000000 -0.000027
vn 0.000015 -1.000000 -0.000043
vn 0.000025 -1.000000 0.000005
vn 0.000036 -1.000000 0.000020
vn 0.000014 -1.000000 0.000001
vn 0.000004 -1.000000 -0.000005
vn 0.000008 -1.000000 -0.000016
vn 0.000014 -1.000000 -0.000008
vn 0.000014 -1.000000 0.000006
vn 0.000012 -1.000000 0.000019
vn 0.000026 -1.000000 0.000014
vn 0.000005 -1.000000 -0.000053
vn 0.000021 -1.000000 0.000029
vn -0.000008 -1.000000 0.000048
vn -0.000001 -1.000000 0.000014
vn 0.000001 -1.000000 0.000015
vn 0.000023 -1.000000 -0.000044
vn 0.000023 -1.000000 -0.000030
vn 0.000006 -1.000000 -0.000030
vn 0.000017 -1.000000 -0.000000
vn 0.000028 -1.000000 -0.000003
vn -0.000098 -1.000000 -0.000000
vn -0.000028 -1.000000 -0.000029
vn -0.000021 -1.000000 -0.000017
vn -0.000012 -1.000000 -0.000019
vn 0.000005 -1.000000 -0.000017
vn -0.000010 -1.000000 0.000024
vn -0.000002 -1.000000 0.000029
vn -0.000032 -1.000000 0.000026
vn -0.909207 -0.407885 0.083497
vn -0.872202 -0.389080 0.296446
vn -0.801618 -0.380381 0.461215
vn -0.712073 -0.370342 0.596489
vn -0.558273 -0.419478 0.715799
vn -0.388701 -0.414961 0.822629
vn -0.149221 -0.396542 0.905808
vn -0.287118 -0.409258 -0.866067
vn -0.466075 -0.349973 -0.812584
vn -0.609509 -0.452868 -0.650700
vn -0.782316 -0.370010 -0.501073
vn -0.860152 -0.401696 -0.314291
vn -0.903137 -0.416379 -0.104750
vn 0.186564 0.024462 -0.982138
vn 0.482778 0.025725 -0.875365
vn 0.728520 0.029274 -0.684399
vn 0.903714 0.027157 -0.427274
vn 0.991542 0.024523 -0.127447
vn 0.982184 0.026220 0.186082
vn 0.876572 0.023865 0.480679
vn 0.684737 0.024243 0.728387
vn 0.390426 0.029193 0.920172
vn 0.003275 0.036853 0.999315
vn -0.404024 0.033364 0.914140
vn -0.721739 0.029293 0.691546
vn -0.903501 0.024874 0.427864
vn -0.991597 0.025632 0.126799
vn -0.982612 0.027750 -0.183585
vn -0.876445 0.030508 -0.480535
vn -0.685801 0.028160 -0.727245
vn -0.423522 0.024658 -0.905550
vn -0.122926 0.016635 -0.992276
vn 0.045622 0.267289 0.962536
vn -0.145598 0.173778 -0.973962
vn -0.336323 0.303522 -0.891494
vn -0.517292 0.315085 -0.795695
vn -0.676945 0.238424 -0.696347
vn -0.731412 0.362647 -0.577515
vn -0.823827 0.283080 -0.491096
vn -0.865268 0.382923 -0.323545
vn -0.947889 0.233834 -0.216397
vn -0.962539 0.268869 -0.035047
vn -0.962136 0.241221 0.126909
vn -0.933588 0.270739 0.234765
vn -0.865236 0.276323 0.418344
vn -0.816492 0.206682 0.539096
vn -0.727297 0.289976 0.622056
vn -0.578124 0.236537 0.780911
vn -0.445269 0.366572 0.816921
vn -0.270510 0.318209 0.908608
vn -0.144337 0.271165 0.951649
vn -0.026733 0.993841 -0.107545
vn -0.172309 0.611662 -0.772126
vn -0.094362 0.908575 -0.406924
vn -0.351353 0.598657 -0.719834
vn -0.425896 0.739063 -0.521917
vn -0.137177 0.970905 -0.196283
vn -0.468569 0.784168 -0.406847
vn -0.565639 0.787385 -0.245107
vn -0.277883 0.959227 -0.051620
vn -0.714344 0.695146 -0.080529
vn -0.708594 0.704181 0.044992
vn -0.611846 0.751473 0.246845
vn -0.198862 0.978411 0.056262
vn -0.674165 0.615007 0.408984
vn -0.157990 0.978047 0.135876
vn -0.468758 0.717793 0.514820
vn -0.432799 0.702747 0.564652
vn -0.056348 0.991638 0.116098
vn -0.201254 0.809701 0.551254
vn -0.172058 0.699714 0.693395
vn -0.012359 0.750816 0.660396
vn 0.184628 0.355806 0.916141
vn 0.360166 0.147068 0.921223
vn 0.550090 0.211221 0.807952
vn 0.718693 0.174440 0.673090
vn 0.815244 0.321886 0.481422
vn 0.904872 0.253068 0.342290
vn 0.900074 0.384504 0.204995
vn 0.977492 0.210929 0.004347
vn 0.949047 0.263942 -0.172174
vn 0.883449 0.350611 -0.310790
vn 0.824055 0.306027 -0.476741
vn 0.626289 0.314374 -0.713394
vn 0.481516 0.157611 -0.862149
vn 0.352662 0.373988 -0.857766
vn 0.194001 0.273462 -0.942116
vn 0.040697 0.207088 -0.977475
vn 0.077556 0.703921 0.706031
vn 0.041567 0.964118 0.262200
vn 0.265050 0.517470 0.813618
vn 0.333380 0.625339 0.705555
vn 0.143792 0.953098 0.266324
vn 0.467597 0.650812 0.598161
vn 0.178972 0.968418 0.173597
vn 0.558330 0.728935 0.396132
vn 0.181375 0.979167 0.091296
vn 0.720771 0.645784 0.251897
vn 0.301135 0.953240 0.025513
vn 0.755996 0.653736 0.033149
vn 0.739936 0.669822 -0.061912
vn 0.583379 0.789998 -0.188608
vn 0.174759 0.976945 -0.122630
vn 0.508418 0.789257 -0.344360
vn 0.750518 0.315411 -0.580722
vn 0.505285 0.731849 -0.457257
vn 0.111769 0.983347 -0.143305
vn 0.316621 0.799398 -0.510602
vn 0.436106 0.545888 -0.715414
vn 0.050203 0.964579 -0.258975
vn 0.112393 0.738805 -0.664481
vn 0.037047 0.617058 -0.786045
vn -0.925961 -0.015018 0.377321
vn -0.480101 -0.013463 0.877110
vn 0.110590 -0.010901 0.993806
vn 0.671102 -0.012168 0.741265
vn 0.976978 -0.009547 0.213124
vn 0.942532 -0.009735 -0.333973
vn 0.576207 -0.014255 -0.817179
vn -0.068906 -0.013840 -0.997527
vn -0.649831 -0.012321 -0.759979
vn -0.966078 -0.012854 -0.257929
vn -0.996705 0.013883 0.079917
vn -0.837053 0.012663 -0.546976
vn -0.325985 0.013225 -0.945283
vn 0.321199 0.014891 -0.946895
vn 0.847615 0.012551 -0.530463
vn 0.999347 0.008558 0.035102
vn 0.821554 0.011555 0.570013
vn 0.327315 0.011348 0.944847
vn -0.230597 0.010269 0.972995
vn -0.741485 0.013515 0.670833
vn -0.687321 -0.010644 -0.726276
vn -0.891864 -0.011711 -0.452152
vn -0.986902 -0.011053 0.160945
vn -0.700498 -0.007327 0.713617
vn -0.434456 -0.003769 0.900685
vn -0.437186 -0.003242 0.899365
vn -0.638148 0.002114 0.769911
vn -0.931563 0.007958 0.363494
vn -0.988653 0.009308 -0.149929
vn -0.782688 0.007426 -0.622370
vn -0.597040 0.006924 -0.802182
vn -0.005295 -0.000845 -0.999986
vn 0.183653 -0.000236 0.982991
vn 0.436074 -0.000643 0.899911
vn 0.824109 -0.005208 0.566408
vn 0.999666 -0.008718 -0.024329
vn 0.769426 -0.004572 -0.638720
vn 0.283221 -0.000652 -0.959054
vn 0.304599 0.001192 -0.952480
vn 0.804354 0.003327 -0.594141
vn 0.998291 0.005692 -0.058169
vn 0.873964 0.006555 0.485947
vn 0.448945 0.004279 0.893549
vn 0.164648 0.002902 0.986348
vn 0.003953 -0.002618 -0.999989
vn 0.907902 -0.013118 -0.418976
vn 0.453248 -0.012184 -0.891301
vn -0.118295 -0.011082 -0.992917
vn -0.689760 -0.013952 -0.723904
vn -0.998279 -0.012347 -0.057320
vn -0.818129 -0.004997 0.575013
vn -0.418674 -0.000552 0.908136
vn 0.090191 -0.007465 0.995897
vn 0.664615 -0.013381 0.747066
vn 0.978307 -0.012883 0.206757
vn 0.993404 0.013321 -0.113889
vn 0.844029 0.016029 0.536059
vn 0.249444 0.013401 0.968296
vn -0.409122 0.006652 0.912455
vn -0.857075 0.004590 0.515172
vn -0.999385 0.005244 -0.034683
vn -0.828311 0.008626 -0.560202
vn -0.367670 0.012182 -0.929877
vn 0.233326 0.010890 -0.972338
vn 0.748409 0.012147 -0.663127
vn 0.428634 -0.014772 0.903358
vn 0.750497 -0.013623 0.660734
vn 0.251287 -0.005160 -0.967899
vn -0.002139 -0.004695 -0.999987
vn -0.536503 -0.002574 -0.843895
vn -0.906224 -0.000554 -0.422797
vn -0.992119 -0.001942 0.125280
vn -0.756589 -0.006750 0.653856
vn -0.252880 -0.011630 0.967428
vn -0.655612 0.010574 0.755024
vn -0.984655 0.005457 0.174429
vn -0.910502 0.000921 -0.413503
vn -0.563778 0.001390 -0.825925
vn -0.073688 0.004263 -0.997272
vn 0.183287 0.004717 -0.983048
vn 0.833670 0.010330 0.552167
vn 0.594413 0.011172 0.804082
vn -0.039681 0.013064 0.999127
vn 0.763318 0.001641 -0.646021
vn 0.763102 0.001581 -0.646276
vn 0.764739 0.002040 -0.644337
vn 0.764937 0.002096 -0.644102
vn 0.997336 -0.002411 -0.072904
vn 0.997422 -0.002185 -0.071732
vn 0.996689 -0.004010 -0.081210
vn 0.996577 -0.004270 -0.082557
vn 0.687202 -0.696793 0.205506
vn 0.528220 -0.738421 0.419187
vn 0.324727 -0.724432 0.608071
vn 0.131692 -0.710969 0.690782
vn -0.078977 -0.723693 0.685588
vn 0.110667 -0.751808 -0.650029
vn 0.336203 -0.735709 -0.587963
vn 0.512106 -0.721401 -0.466183
vn 0.649905 -0.699917 -0.296209
vn 0.690156 -0.721853 -0.051116
vn -0.678073 -0.734868 0.013681
vn -0.642426 -0.713257 -0.280275
vn -0.522333 -0.708869 -0.473998
vn -0.321137 -0.720692 -0.614389
vn -0.115760 -0.712394 -0.692166
vn -0.282602 -0.742764 0.606991
vn -0.480618 -0.725819 0.492131
vn -0.615297 -0.727055 0.304633
vn 0.014460 -0.682071 0.731143
vn -0.204737 -0.666414 0.716920
vn -0.428885 -0.667875 0.608277
vn -0.596667 -0.677329 0.430364
vn -0.796785 -0.564666 0.215141
vn -0.644884 -0.764091 -0.017027
vn -0.780775 -0.596321 -0.186526
vn -0.620983 -0.685858 -0.379446
vn -0.487635 -0.697287 -0.525361
vn -0.398925 -0.702542 -0.589316
vn -0.225632 -0.663169 -0.713651
vn -0.012191 -0.655365 -0.755214
vn 0.262384 -0.659135 -0.704766
vn 0.454601 -0.675537 -0.580506
vn 0.599586 -0.681181 -0.420106
vn 0.653348 -0.696739 -0.296127
vn 0.690312 -0.716722 -0.098890
vn 0.698900 -0.694267 0.171851
vn 0.615266 -0.703173 0.356363
vn 0.468934 -0.644930 0.603462
vn 0.213870 -0.694951 0.686515
vn -0.010341 0.003132 0.999942
vn -0.292942 0.005711 0.956113
vn -0.596042 0.008828 0.802905
vn -0.836306 0.008110 0.548204
vn -0.964842 -0.001928 0.262822
vn -0.999985 0.002434 0.004922
vn -0.968328 0.008251 -0.249545
vn -0.871042 0.007064 -0.491158
vn -0.709585 0.004514 -0.704605
vn -0.514198 0.000142 -0.857671
vn -0.303473 0.003668 -0.952833
vn -0.034547 0.011972 -0.999331
vn 0.314202 0.016160 -0.949219
vn 0.608694 0.011171 -0.793326
vn 0.788572 0.005156 -0.614920
vn 0.911795 0.003870 -0.410628
vn 0.993803 0.012447 -0.110459
vn 0.969485 0.012562 0.244830
vn 0.823300 0.008001 0.567550
vn 0.578000 0.004080 0.816027
vn 0.272881 0.003553 0.962041
vn 0.010342 -0.003122 0.999942
vn 0.294404 -0.003607 0.955674
vn 0.593629 -0.001506 0.804738
vn 0.809950 -0.002284 0.586494
vn 0.944540 -0.009592 0.328256
vn 0.999846 -0.012879 -0.011914
vn 0.934313 -0.011268 -0.356275
vn 0.761865 -0.012199 -0.647620
vn 0.493754 -0.017515 -0.869425
vn 0.126134 -0.018517 -0.991840
vn -0.258308 -0.010837 -0.966002
vn -0.527940 -0.003905 -0.849273
vn -0.737555 -0.006464 -0.675256
vn -0.906594 -0.012317 -0.421824
vn -0.997200 -0.009948 -0.074121
vn -0.960205 -0.006193 0.279227
vn -0.802906 -0.008779 0.596041
vn -0.548199 -0.008069 0.836309
vn -0.266806 -0.003313 0.963745
vn -0.000004 -1.000000 0.000380
vn 0.000147 -1.000000 0.000217
vn 0.000037 -1.000000 0.000049
vn 0.000159 -1.000000 0.000211
vn 0.000357 -1.000000 0.000112
vn 0.000138 -1.000000 -0.000058
vn 0.000024 -1.000000 -0.000022
vn 0.000087 -1.000000 -0.000026
vn 0.000115 -1.000000 -0.000187
vn -0.000024 -1.000000 -0.000136
vn -0.000015 -1.000000 -0.000039
vn -0.000018 -1.000000 -0.000051
vn -0.000059 -1.000000 -0.000053
vn -0.000176 -1.000000 -0.000146
vn -0.000275 -1.000000 0.000002
vn -0.000221 -1.000000 0.000064
vn -0.000051 -1.000000 0.000091
vn -0.000070 -1.000000 0.000063
vn -0.000107 -1.000000 0.000194
vn 0.000064 -1.000000 -0.000100
vn 0.000223 -1.000000 0.000146
vn 0.000097 -1.000000 0.000136
vn 0.000062 -1.000000 0.000271
vn 0.000046 -1.000000 -0.000154
vn 0.000105 -1.000000 0.000019
vn 0.000025 -1.000000 -0.000026
vn -0.000240 -1.000000 -0.000098
vn -0.000054 -1.000000 -0.000098
vn -0.000010 -1.000000 -0.000043
vn -0.000042 -1.000000 -0.000071
vn -0.000119 -1.000000 0.000099
vn -0.000028 -1.000000 0.000078
vn -0.000178 -1.000000 0.000082
vn 0.715017 -0.698808 -0.020460
vn 0.608014 -0.737465 0.294048
vn 0.424147 -0.697909 0.577081
vn 0.070774 -0.730483 0.679254
vn 0.253826 -0.727341 -0.637611
vn 0.526695 -0.709930 -0.467539
vn 0.643837 -0.723286 -0.249661
vn -0.675852 -0.713130 -0.186196
vn -0.502560 -0.708187 -0.495888
vn -0.296387 -0.704491 -0.644862
vn -0.052592 -0.700731 -0.711485
vn -0.295989 -0.711970 0.636781
vn -0.529182 -0.698410 0.481860
vn -0.665423 -0.718288 0.203160
vn -0.101347 -0.325007 0.940266
vn -0.279262 -0.356168 0.891716
vn -0.549331 -0.369687 0.749378
vn -0.735302 -0.384463 0.558140
vn -0.837923 -0.395259 0.376371
vn -0.946055 -0.316736 0.068250
vn -0.871302 -0.413102 -0.264913
vn -0.750601 -0.360798 -0.553555
vn -0.533213 -0.367748 -0.761870
vn -0.302423 -0.389279 -0.870059
vn -0.071684 -0.393072 -0.916709
vn -0.088086 -0.028838 -0.995695
vn -0.584253 -0.026503 -0.811139
vn -0.874215 -0.022139 -0.485035
vn -0.994987 -0.020543 -0.097871
vn -0.949065 -0.012598 0.314829
vn -0.785674 -0.002207 0.618636
vn -0.531552 -0.010998 0.846954
vn -0.170717 -0.016094 0.985189
vn 0.909817 -0.351638 0.220417
vn 0.753236 -0.351351 0.556046
vn 0.518677 -0.384628 0.763568
vn 0.243306 -0.380604 0.892156
vn 0.167646 -0.351963 -0.920878
vn 0.476525 -0.368656 -0.798133
vn 0.633173 -0.383321 -0.672426
vn 0.811003 -0.381981 -0.443131
vn 0.912604 -0.391865 -0.116602
vn 0.192800 -0.008512 0.981201
vn 0.544924 -0.004584 0.838473
vn 0.828532 -0.004895 0.559920
vn 0.985091 -0.013938 0.171466
vn 0.955435 -0.025574 -0.294093
vn 0.740096 -0.019068 -0.672231
vn 0.389792 -0.023061 -0.920614
vn 0.000001 1.000000 -0.000003
vn 0.000000 1.000000 0.000000
vn 0.000000 1.000000 0.000000
vn 0.000000 1.000000 0.000000
vn 0.000000 1.000000 0.000000
vn 0.000000 1.000000 0.000000
vn 0.000000 1.000000 0.000000
vn 0.000001 1.000000 0.000001
vn -0.000000 1.000000 0.000002
vn 0.000000 1.000000 0.000000
vn 0.000000 1.000000 0.000000
vn 0.000000 1.000000 0.000000
vn 0.000000 1.000000 0.000000
vn 0.000000 1.000000 0.000000
vn -0.000001 1.000000 -0.000001
vn 0.000001 1.000000 0.000000
vn 0.000000 1.000000 0.000000
vn 0.000000 1.000000 0.000000
vn 0.000000 1.000000 0.000000
vn 0.000000 1.000000 0.000000
vn 0.000000 1.000000 0.000000
vn 0.000000 1.000000 0.000000
vn 0.000000 1.000000 0.000000
vn 0.000000 1.000000 -0.000001
vn 0.000001 1.000000 -0.000003
vn -0.000001 1.000000 -0.000000
vn 0.000000 1.000000 0.000000
vn 0.000000 1.000000 0.000000
vn 0.000000 1.000000 0.000000
vn 0.000000 1.000000 0.000000
vn 0.000000 1.000000 0.000000
vn 0.000000 1.000000 0.000000
vn -0.000000 1.000000 0.000001
vn -0.000000 1.000000 0.000002
f 1029//1029 1010//1010 1030//1030
f 1207//1207 1222//1222 1223//1223
f 1208//1208 1221//1221 1222//1222
f 1208//1208 1220//1220 1221//1221
f 1208//1208 1209//1209 1220//1220
f 1209//1209 1219//1219 1220//1220
f 1209//1209 1218//1218 1219//1219
f 1209//1209 1210//1210 1218//1218
f 1210//1210 1217//1217 1218//1218
f 1210//1210 1216//1216 1217//1217
f 1210//1210 1211//1211 1216//1216
f 1211//1211 1215//1215 1216//1216
f 1211//1211 1212//1212 1215//1215
f 1207//1207 1208//1208 1222//1222
f 1212//1212 1214//1214 1215//1215
f 1194//1194 1267//1267 1268//1268
f 1088//1088 1070//1070 1063//1063
f 1088//1088 1188//1188 1070//1070
f 1188//1188 1069//1069 1070//1070
f 1188//1188 1189//1189 1069//1069
f 1189//1189 1068//1068 1069//1069
f 1189//1189 1190//1190 1068//1068
f 1190//1190 1191//1191 1068//1068
f 1191//1191 1067//1067 1068//1068
f 1191//1191 1066//1066 1067//1067
f 1191//1191 1192//1192 1066//1066
f 1192//1192 1065//1065 1066//1066
f 1212//1212 1268//1268 1214//1214
f 1207//1207 1223//1223 1224//1224
f 1206//1206 1224//1224 1225//1225
f 1206//1206 1207//1207 1224//1224
f 1059//1059 1238//1238 1237//1237
f 1238//1238 1218//1218 1236//1236
f 1218//1218 1217//1217 1236//1236
f 1238//1238 1236//1236 1237//1237
f 1236//1236 1217//1217 1216//1216
f 1237//1237 1235//1235 1232//1232
f 1237//1237 1236//1236 1235//1235
f 1236//1236 1216//1216 1235//1235
f 1216//1216 1215//1215 1235//1235
f 1235//1235 1234//1234 1232//1232
f 1235//1235 1233//1233 1234//1234
f 1235//1235 1215//1215 1233//1233
f 1215//1215 1214//1214 1233//1233
f 1232//1232 1234//1234 1292//1292
f 1234//1234 1233//1233 1292//1292
f 1233//1233 1214//1214 1292//1292
f 1214//1214 1268//1268 1292//1292
f 1203//1203 1231//1231 1213//1213
f 1203//1203 1204//1204 1231//1231
f 1204//1204 1230//1230 1231//1231
f 1204//1204 1229//1229 1230//1230
f 1204//1204 1228//1228 1229//1229
f 1204//1204 1205//1205 1228//1228
f 1205//1205 1227//1227 1228//1228
f 1205//1205 1226//1226 1227//1227
f 1205//1205 1206//1206 1226//1226
f 1206//1206 1225//1225 1226//1226
f 1192//1192 1193//1193 1065//1065
f 1239//1239 1219//1219 1218//1218
f 1193//1193 1181//1181 1065//1065
f 1181//1181 1182//1182 1077//1077
f 1191//1191 1190//1190 1120//1120
f 1190//1190 1119//1119 1120//1120
f 1190//1190 1189//1189 1119//1119
f 1189//1189 1188//1188 1119//1119
f 1188//1188 1118//1118 1119//1119
f 1188//1188 1088//1088 1118//1118
f 1088//1088 1101//1101 1118//1118
f 1115//1115 1169//1169 1116//1116
f 1115//1115 1170//1170 1169//1169
f 1115//1115 1114//1114 1170//1170
f 1114//1114 1171//1171 1170//1170
f 1116//1116 1169//1169 1144//1144
f 1192//1192 1191//1191 1120//1120
f 1116//1116 1144//1144 1117//1117
f 1114//1114 1157//1157 1156//1156
f 1114//1114 1113//1113 1157//1157
f 1117//1117 1144//1144 1143//1143
f 1113//1113 1158//1158 1157//1157
f 1117//1117 1143//1143 1152//1152
f 1113//1113 1159//1159 1158//1158
f 1113//1113 1112//1112 1159//1159
f 1117//1117 1152//1152 1151//1151
f 1117//1117 1151//1151 1102//1102
f 1102//1102 1151//1151 1150//1150
f 1112//1112 1160//1160 1159//1159
f 1112//1112 1161//1161 1160//1160
f 1114//1114 1156//1156 1171//1171
f 1192//1192 1120//1120 1121//1121
f 1193//1193 1192//1192 1121//1121
f 1193//1193 1121//1121 1112//1112
f 1181//1181 1077//1077 1064//1064
f 1182//1182 1076//1076 1077//1077
f 1182//1182 1183//1183 1076//1076
f 1183//1183 1184//1184 1075//1075
f 1183//1183 1075//1075 1076//1076
f 1184//1184 1185//1185 1074//1074
f 1184//1184 1074//1074 1075//1075
f 1185//1185 1186//1186 1074//1074
f 1186//1186 1073//1073 1074//1074
f 1186//1186 1187//1187 1073//1073
f 1187//1187 1072//1072 1073//1073
f 1187//1187 1071//1071 1072//1072
f 1187//1187 1089//1089 1071//1071
f 1089//1089 1187//1187 1102//1102
f 1102//1102 1187//1187 1117//1117
f 1187//1187 1186//1186 1117//1117
f 1186//1186 1116//1116 1117//1117
f 1186//1186 1185//1185 1116//1116
f 1185//1185 1115//1115 1116//1116
f 1185//1185 1184//1184 1115//1115
f 1184//1184 1183//1183 1115//1115
f 1115//1115 1183//1183 1114//1114
f 1183//1183 1182//1182 1114//1114
f 1114//1114 1182//1182 1113//1113
f 1182//1182 1181//1181 1113//1113
f 1181//1181 1112//1112 1113//1113
f 1181//1181 1193//1193 1112//1112
f 1181//1181 1064//1064 1065//1065
f 1112//1112 1121//1121 1161//1161
f 1239//1239 1218//1218 1238//1238
f 1220//1220 1219//1219 1239//1239
f 1290//1290 1288//1288 1287//1287
f 1290//1290 1289//1289 1288//1288
f 1290//1290 1266//1266 1289//1289
f 1266//1266 1265//1265 1289//1289
f 1265//1265 1264//1264 1289//1289
f 1289//1289 1264//1264 1288//1288
f 1287//1287 1288//1288 1286//1286
f 1288//1288 1264//1264 1286//1286
f 1287//1287 1286//1286 1283//1283
f 1264//1264 1285//1285 1286//1286
f 1283//1283 1286//1286 1284//1284
f 1286//1286 1285//1285 1284//1284
f 1291//1291 1267//1267 1266//1266
f 1285//1285 1263//1263 1284//1284
f 1284//1284 1263//1263 1262//1262
f 1062//1062 1283//1283 1282//1282
f 1283//1283 1262//1262 1282//1282
f 1262//1262 1261//1261 1282//1282
f 1282//1282 1281//1281 1062//1062
f 1282//1282 1261//1261 1281//1281
f 1281//1281 1261//1261 1260//1260
f 1062//1062 1280//1280 1279//1279
f 1062//1062 1281//1281 1280//1280
f 1281//1281 1260//1260 1280//1280
f 1280//1280 1259//1259 1279//1279
f 1280//1280 1260//1260 1259//1259
f 1284//1284 1262//1262 1283//1283
f 1291//1291 1266//1266 1290//1290
f 1292//1292 1268//1268 1267//1267
f 1292//1292 1267//1267 1291//1291
f 1194//1194 1266//1266 1267//1267
f 1194//1194 1195//1195 1266//1266
f 1195//1195 1265//1265 1266//1266
f 1195//1195 1264//1264 1265//1265
f 1195//1195 1196//1196 1264//1264
f 1196//1196 1285//1285 1264//1264
f 1196//1196 1263//1263 1285//1285
f 1196//1196 1197//1197 1263//1263
f 1197//1197 1262//1262 1263//1263
f 1197//1197 1198//1198 1262//1262
f 1198//1198 1261//1261 1262//1262
f 1198//1198 1260//1260 1261//1261
f 1198//1198 1199//1199 1260//1260
f 1199//1199 1259//1259 1260//1260
f 1199//1199 1258//1258 1259//1259
f 1199//1199 1200//1200 1258//1258
f 1200//1200 1257//1257 1258//1258
f 1200//1200 1201//1201 1257//1257
f 1201//1201 1256//1256 1257//1257
f 1201//1201 1255//1255 1256//1256
f 1201//1201 1202//1202 1255//1255
f 1202//1202 1254//1254 1255//1255
f 1202//1202 1253//1253 1254//1254
f 1202//1202 1203//1203 1253//1253
f 1203//1203 1213//1213 1253//1253
f 1232//1232 1292//1292 1290//1290
f 1292//1292 1291//1291 1290//1290
f 1279//1279 1278//1278 1277//1277
f 1239//1239 1238//1238 1059//1059
f 1279//1279 1259//1259 1278//1278
f 1278//1278 1276//1276 1277//1277
f 1249//1249 1248//1248 1246//1246
f 1229//1229 1247//1247 1248//1248
f 1229//1229 1228//1228 1247//1247
f 1248//1248 1247//1247 1246//1246
f 1247//1247 1228//1228 1227//1227
f 1247//1247 1245//1245 1246//1246
f 1247//1247 1227//1227 1245//1245
f 1227//1227 1226//1226 1245//1245
f 1246//1246 1243//1243 1244//1244
f 1246//1246 1245//1245 1243//1243
f 1245//1245 1225//1225 1243//1243
f 1245//1245 1226//1226 1225//1225
f 1250//1250 1229//1229 1248//1248
f 1225//1225 1224//1224 1243//1243
f 1243//1243 1242//1242 1060//1060
f 1243//1243 1224//1224 1242//1242
f 1224//1224 1223//1223 1242//1242
f 1060//1060 1242//1242 1241//1241
f 1223//1223 1222//1222 1242//1242
f 1060//1060 1241//1241 1240//1240
f 1242//1242 1222//1222 1241//1241
f 1222//1222 1221//1221 1241//1241
f 1240//1240 1241//1241 1220//1220
f 1241//1241 1221//1221 1220//1220
f 1240//1240 1239//1239 1059//1059
f 1240//1240 1220//1220 1239//1239
f 1244//1244 1243//1243 1060//1060
f 1250//1250 1248//1248 1249//1249
f 1250//1250 1230//1230 1229//1229
f 1251//1251 1230//1230 1250//1250
f 1278//1278 1257//1257 1276//1276
f 1278//1278 1258//1258 1257//1257
f 1277//1277 1276//1276 1275//1275
f 1257//1257 1256//1256 1276//1276
f 1276//1276 1274//1274 1275//1275
f 1276//1276 1256//1256 1274//1274
f 1256//1256 1255//1255 1274//1274
f 1275//1275 1274//1274 1273//1273
f 1274//1274 1272//1272 1273//1273
f 1274//1274 1255//1255 1272//1272
f 1255//1255 1254//1254 1272//1272
f 1273//1273 1271//1271 1270//1270
f 1273//1273 1253//1253 1271//1271
f 1273//1273 1272//1272 1253//1253
f 1272//1272 1254//1254 1253//1253
f 1271//1271 1269//1269 1270//1270
f 1271//1271 1253//1253 1269//1269
f 1269//1269 1253//1253 1213//1213
f 1270//1270 1252//1252 1061//1061
f 1270//1270 1269//1269 1252//1252
f 1269//1269 1213//1213 1252//1252
f 1213//1213 1231//1231 1252//1252
f 1252//1252 1231//1231 1251//1251
f 1252//1252 1251//1251 1061//1061
f 1061//1061 1250//1250 1249//1249
f 1251//1251 1231//1231 1230//1230
f 1061//1061 1251//1251 1250//1250
f 1259//1259 1258//1258 1278//1278
f 1102//1102 1150//1150 1149//1149
f 1212//1212 1194//1194 1268//1268
f 1144//1144 1169//1169 1168//1168
f 999//999 1018//1018 1051//1051
f 1004//1004 1021//1021 1020//1020
f 1018//1018 1052//1052 1051//1051
f 1004//1004 1020//1020 1005//1005
f 1005//1005 1020//1020 1019//1019
f 1058//1058 1057//1057 1249//1249
f 1024//1024 1246//1246 1244//1244
f 1024//1024 1244//1244 1060//1060
f 1024//1024 1060//1060 1025//1025
f 1018//1018 1053//1053 1052//1052
f 1057//1057 1061//1061 1249//1249
f 1057//1057 1056//1056 1061//1061
f 1025//1025 1060//1060 1026//1026
f 1056//1056 1270//1270 1061//1061
f 1019//1019 1028//1028 1005//1005
f 999//999 1051//1051 1050//1050
f 1056//1056 1055//1055 1270//1270
f 1003//1003 1022//1022 1021//1021
f 999//999 1050//1050 1049//1049
f 1074//1074 1073//1073 1001//1001
f 1073//1073 1000//1000 1001//1001
f 1073//1073 1072//1072 1000//1000
f 1072//1072 999//999 1000//1000
f 1072//1072 1071//1071 999//999
f 1002//1002 1001//1001 1246//1246
f 1001//1001 1249//1249 1246//1246
f 1002//1002 1246//1246 1024//1024
f 1002//1002 1024//1024 1003//1003
f 1001//1001 1000//1000 1058//1058
f 1001//1001 1058//1058 1249//1249
f 1003//1003 1024//1024 1023//1023
f 1003//1003 1023//1023 1022//1022
f 1000//1000 1049//1049 1058//1058
f 1000//1000 999//999 1049//1049
f 1003//1003 1021//1021 1004//1004
f 1074//1074 1001//1001 1002//1002
f 1028//1028 1006//1006 1005//1005
f 1053//1053 1017//1017 1054//1054
f 1279//1279 1046//1046 1062//1062
f 1279//1279 1047//1047 1046//1046
f 1232//1232 1290//1290 1036//1036
f 1232//1232 1036//1036 1035//1035
f 1016//1016 1015//1015 1048//1048
f 1062//1062 1046//1046 1045//1045
f 1290//1290 1037//1037 1036//1036
f 1015//1015 1039//1039 1048//1048
f 1007//1007 1034//1034 1033//1033
f 1007//1007 1033//1033 1008//1008
f 1062//1062 1045//1045 1044//1044
f 1062//1062 1044//1044 1283//1283
f 1290//1290 1287//1287 1038//1038
f 1290//1290 1038//1038 1037//1037
f 1287//1287 1011//1011 1010//1010
f 1232//1232 1035//1035 1034//1034
f 1053//1053 1018//1018 1017//1017
f 1277//1277 1048//1048 1047//1047
f 1232//1232 1034//1034 1007//1007
f 1026//1026 1060//1060 1027//1027
f 1028//1028 1059//1059 1006//1006
f 1054//1054 1017//1017 1273//1273
f 1054//1054 1273//1273 1270//1270
f 1028//1028 1027//1027 1059//1059
f 1027//1027 1060//1060 1240//1240
f 1055//1055 1054//1054 1270//1270
f 1027//1027 1240//1240 1059//1059
f 1017//1017 1275//1275 1273//1273
f 1017//1017 1016//1016 1275//1275
f 1275//1275 1016//1016 1277//1277
f 1006//1006 1059//1059 1007//1007
f 1059//1059 1237//1237 1007//1007
f 1237//1237 1232//1232 1007//1007
f 1277//1277 1016//1016 1048//1048
f 1277//1277 1047//1047 1279//1279
f 1287//1287 1010//1010 1038//1038
f 1075//1075 1074//1074 1002//1002
f 1076//1076 1002//1002 1003//1003
f 1093//1093 1080//1080 1081//1081
f 1093//1093 1094//1094 1080//1080
f 1094//1094 1079//1079 1080//1080
f 1094//1094 1095//1095 1079//1079
f 1095//1095 1078//1078 1079//1079
f 1095//1095 1096//1096 1078//1078
f 1096//1096 1087//1087 1078//1078
f 1096//1096 1097//1097 1087//1087
f 1097//1097 1086//1086 1087//1087
f 1097//1097 1098//1098 1086//1086
f 1098//1098 1085//1085 1086//1086
f 1098//1098 1099//1099 1085//1085
f 1099//1099 1084//1084 1085//1085
f 1102//1102 1149//1149 1103//1103
f 1099//1099 1100//1100 1084//1084
f 1092//1092 1093//1093 1081//1081
f 1100//1100 1063//1063 1084//1084
f 1092//1092 1081//1081 1082//1082
f 1090//1090 1091//1091 1082//1082
f 1096//1096 1095//1095 1107//1107
f 1095//1095 1106//1106 1107//1107
f 1095//1095 1094//1094 1106//1106
f 1094//1094 1093//1093 1106//1106
f 1093//1093 1105//1105 1106//1106
f 1093//1093 1104//1104 1105//1105
f 1093//1093 1092//1092 1104//1104
f 1092//1092 1091//1091 1104//1104
f 1104//1104 1091//1091 1103//1103
f 1091//1091 1090//1090 1103//1103
f 1090//1090 1089//1089 1102//1102
f 1090//1090 1102//1102 1103//1103
f 1089//1089 1083//1083 1071//1071
f 1089//1089 1090//1090 1083//1083
f 1090//1090 1082//1082 1083//1083
f 1091//1091 1092//1092 1082//1082
f 1076//1076 1075//1075 1002//1002
f 1100//1100 1088//1088 1063//1063
f 1071//1071 1083//1083 1018//1018
f 1063//1063 1070//1070 1009//1009
f 1009//1009 1070//1070 1008//1008
f 1070//1070 1069//1069 1008//1008
f 1008//1008 1069//1069 1007//1007
f 1069//1069 1068//1068 1007//1007
f 1007//1007 1068//1068 1006//1006
f 1068//1068 1067//1067 1006//1006
f 1067//1067 1066//1066 1006//1006
f 1006//1006 1066//1066 1005//1005
f 1066//1066 1065//1065 1005//1005
f 1005//1005 1065//1065 1004//1004
f 1065//1065 1064//1064 1004//1004
f 1064//1064 1003//1003 1004//1004
f 1064//1064 1077//1077 1003//1003
f 1077//1077 1076//1076 1003//1003
f 1010//1010 1063//1063 1009//1009
f 999//999 1071//1071 1018//1018
f 1084//1084 1063//1063 1010//1010
f 1085//1085 1084//1084 1011//1011
f 1083//1083 1082//1082 1018//1018
f 1018//1018 1082//1082 1017//1017
f 1082//1082 1081//1081 1017//1017
f 1017//1017 1081//1081 1016//1016
f 1081//1081 1080//1080 1016//1016
f 1016//1016 1080//1080 1015//1015
f 1080//1080 1079//1079 1015//1015
f 1079//1079 1078//1078 1015//1015
f 1015//1015 1078//1078 1014//1014
f 1078//1078 1087//1087 1014//1014
f 1014//1014 1087//1087 1013//1013
f 1087//1087 1086//1086 1013//1013
f 1013//1013 1086//1086 1012//1012
f 1086//1086 1085//1085 1012//1012
f 1012//1012 1085//1085 1011//1011
f 1011//1011 1084//1084 1010//1010
f 1096//1096 1107//1107 1108//1108
f 1283//1283 1044//1044 1013//1013
f 1283//1283 1012//1012 1287//1287
f 1128//1128 1118//1118 1129//1129
f 1142//1142 1141//1141 1106//1106
f 1127//1127 1118//1118 1128//1128
f 1179//1179 1110//1110 1109//1109
f 1180//1180 1179//1179 1109//1109
f 1180//1180 1109//1109 1108//1108
f 1129//1129 1118//1118 1101//1101
f 1178//1178 1110//1110 1179//1179
f 1178//1178 1123//1123 1111//1111
f 1178//1178 1111//1111 1110//1110
f 1180//1180 1136//1136 1135//1135
f 1173//1173 1180//1180 1135//1135
f 1167//1167 1123//1123 1178//1178
f 1167//1167 1124//1124 1123//1123
f 1180//1180 1108//1108 1136//1136
f 1141//1141 1140//1140 1106//1106
f 1136//1136 1108//1108 1137//1137
f 1140//1140 1107//1107 1106//1106
f 1098//1098 1109//1109 1110//1110
f 1099//1099 1098//1098 1110//1110
f 1099//1099 1110//1110 1111//1111
f 1100//1100 1099//1099 1111//1111
f 1088//1088 1100//1100 1111//1111
f 1088//1088 1111//1111 1101//1101
f 1139//1139 1138//1138 1107//1107
f 1131//1131 1101//1101 1111//1111
f 1137//1137 1107//1107 1138//1138
f 1130//1130 1101//1101 1131//1131
f 1122//1122 1131//1131 1111//1111
f 1137//1137 1108//1108 1107//1107
f 1140//1140 1139//1139 1107//1107
f 1129//1129 1101//1101 1130//1130
f 1123//1123 1122//1122 1111//1111
f 1119//1119 1118//1118 1127//1127
f 1119//1119 1127//1127 1126//1126
f 1106//1106 1132//1132 1142//1142
f 1173//1173 1135//1135 1134//1134
f 1153//1153 1164//1164 1163//1163
f 1154//1154 1163//1163 1172//1172
f 1162//1162 1164//1164 1153//1153
f 1162//1162 1120//1120 1164//1164
f 1147//1147 1176//1176 1103//1103
f 1162//1162 1121//1121 1120//1120
f 1148//1148 1147//1147 1103//1103
f 1145//1145 1177//1177 1146//1146
f 1145//1145 1168//1168 1177//1177
f 1155//1155 1154//1154 1172//1172
f 1121//1121 1162//1162 1161//1161
f 1103//1103 1149//1149 1148//1148
f 1156//1156 1155//1155 1172//1172
f 1144//1144 1168//1168 1145//1145
f 1156//1156 1172//1172 1171//1171
f 1154//1154 1153//1153 1163//1163
f 1098//1098 1097//1097 1109//1109
f 1146//1146 1177//1177 1147//1147
f 1103//1103 1176//1176 1104//1104
f 1167//1167 1125//1125 1124//1124
f 1173//1173 1134//1134 1133//1133
f 1166//1166 1125//1125 1167//1167
f 1105//1105 1132//1132 1106//1106
f 1166//1166 1126//1126 1125//1125
f 1174//1174 1173//1173 1133//1133
f 1165//1165 1126//1126 1166//1166
f 1174//1174 1133//1133 1132//1132
f 1174//1174 1132//1132 1105//1105
f 1165//1165 1119//1119 1126//1126
f 1175//1175 1174//1174 1105//1105
f 1175//1175 1105//1105 1104//1104
f 1164//1164 1119//1119 1165//1165
f 1164//1164 1120//1120 1119//1119
f 1104//1104 1176//1176 1175//1175
f 1147//1147 1177//1177 1176//1176
f 1283//1283 1013//1013 1012//1012
f 1097//1097 1096//1096 1108//1108
f 1044//1044 1043//1043 1013//1013
f 1287//1287 1012//1012 1011//1011
f 1033//1033 1032//1032 1008//1008
f 1097//1097 1108//1108 1109//1109
f 1039//1039 1015//1015 1040//1040
f 1032//1032 1009//1009 1008//1008
f 1032//1032 1031//1031 1009//1009
f 1040//1040 1015//1015 1014//1014
f 1030//1030 1010//1010 1009//1009
f 1040//1040 1014//1014 1041//1041
f 1038//1038 1010//1010 1029//1029
f 1031//1031 1030//1030 1009//1009
f 1043//1043 1014//1014 1013//1013
f 1043//1043 1042//1042 1014//1014
f 1041//1041 1014//1014 1042//1042
f 1310//1310 1295//1295 1296//1296
f 1310//1310 1296//1296 1309//1309
f 1309//1309 1296//1296 1297//1297
f 1312//1312 1294//1294 1311//1311
f 1307//1307 1299//1299 1306//1306
f 1306//1306 1299//1299 1300//1300
f 1306//1306 1300//1300 1305//1305
f 1305//1305 1300//1300 1301//1301
f 1308//1308 1298//1298 1307//1307
f 1305//1305 1301//1301 1304//1304
f 1304//1304 1301//1301 1302//1302
f 1304//1304 1302//1302 1303//1303
f 1303//1303 1302//1302 1293//1293
f 1303//1303 1293//1293 1312//1312
f 1312//1312 1293//1293 1294//1294
f 1308//1308 1297//1297 1298//1298
f 1311//1311 1294//1294 1295//1295
f 1311//1311 1295//1295 1310//1310
f 1309//1309 1297//1297 1308//1308
f 1307//1307 1298//1298 1299//1299
f 1323//1323 1313//1313 1322//1322
f 1322//1322 1313//1313 1314//1314
f 1322//1322 1314//1314 1321//1321
f 1321//1321 1314//1314 1315//1315
f 1321//1321 1315//1315 1320//1320
f 1320//1320 1315//1315 1316//1316
f 1320//1320 1316//1316 1319//1319
f 1319//1319 1316//1316 1318//1318
f 1318//1318 1316//1316 1317//1317
f 1335//1335 1325//1325 1326//1326
f 1331//1331 1324//1324 1337//1337
f 1331//1331 1330//1330 1324//1324
f 1331//1331 1329//1329 1330//1330
f 1332//1332 1329//1329 1331//1331
f 1332//1332 1328//1328 1329//1329
f 1333//1333 1328//1328 1332//1332
f 1334//1334 1328//1328 1333//1333
f 1334//1334 1327//1327 1328//1328
f 1335//1335 1327//1327 1334//1334
f 1335//1335 1326//1326 1327//1327
f 1336//1336 1325//1325 1335//1335
f 1357//1357 1339//1339 1356//1356
f 1354//1354 1342//1342 1353//1353
f 1354//1354 1341//1341 1342//1342
f 1356//1356 1339//1339 1340//1340
f 1355//1355 1341//1341 1354//1354
f 1353//1353 1342//1342 1352//1352
f 1352//1352 1342//1342 1343//1343
f 1352//1352 1343//1343 1351//1351
f 1351//1351 1343//1343 1344//1344
f 1351//1351 1345//1345 1350//1350
f 1351//1351 1344//1344 1345//1345
f 1350//1350 1345//1345 1346//1346
f 1350//1350 1346//1346 1349//1349
f 1349//1349 1346//1346 1347//1347
f 1349//1349 1347//1347 1348//1348
f 1348//1348 1347//1347 1338//1338
f 1348//1348 1338//1338 1357//1357
f 1356//1356 1340//1340 1355//1355
f 1355//1355 1340//1340 1341//1341
f 1357//1357 1338//1338 1339//1339
f 1368//1368 1364//1364 1365//1365
f 1371//1371 1362//1362 1370//1370
f 1371//1371 1361//1361 1362//1362
f 1370//1370 1362//1362 1369//1369
f 1369//1369 1362//1362 1363//1363
f 1369//1369 1364//1364 1368//1368
f 1369//1369 1363//1363 1364//1364
f 1367//1367 1365//1365 1366//1366
f 1367//1367 1366//1366 1375//1375
f 1375//1375 1366//1366 1358//1358
f 1368//1368 1365//1365 1367//1367
f 1374//1374 1358//1358 1359//1359
f 1375//1375 1358//1358 1374//1374
f 1372//1372 1360//1360 1361//1361
f 1372//1372 1361//1361 1371//1371
f 1374//1374 1359//1359 1373//1373
f 1379//1379 1376//1376 1378//1378
f 1378//1378 1376//1376 1377//1377
f 1382//1382 1380//1380 1381//1381
f 1383//1383 1380//1380 1382//1382
f 1390//1390 1414//1414 1389//1389
f 1390//1390 1415//1415 1414//1414
f 1391//1391 1415//1415 1390//1390
f 1391//1391 1416//1416 1415//1415
f 1417//1417 1416//1416 1391//1391
f 1392//1392 1417//1417 1391//1391
f 1393//1393 1417//1417 1392//1392
f 1393//1393 1418//1418 1417//1417
f 1393//1393 1419//1419 1418//1418
f 1387//1387 1422//1422 1386//1386
f 1385//1385 1420//1420 1419//1419
f 1385//1385 1419//1419 1384//1384
f 1385//1385 1421//1421 1420//1420
f 1386//1386 1421//1421 1385//1385
f 1386//1386 1422//1422 1421//1421
f 1387//1387 1402//1402 1422//1422
f 1388//1388 1402//1402 1387//1387
f 1389//1389 1414//1414 1413//1413
f 1384//1384 1419//1419 1393//1393
f 1389//1389 1413//1413 1398//1398
f 1398//1398 1413//1413 1412//1412
f 1398//1398 1412//1412 1397//1397
f 1399//1399 1403//1403 1388//1388
f 1399//1399 1404//1404 1403//1403
f 1400//1400 1404//1404 1399//1399
f 1400//1400 1405//1405 1404//1404
f 1401//1401 1405//1405 1400//1400
f 1401//1401 1406//1406 1405//1405
f 1394//1394 1406//1406 1401//1401
f 1394//1394 1407//1407 1406//1406
f 1388//1388 1403//1403 1402//1402
f 1395//1395 1408//1408 1394//1394
f 1395//1395 1409//1409 1408//1408
f 1396//1396 1409//1409 1395//1395
f 1410//1410 1409//1409 1396//1396
f 1397//1397 1410//1410 1396//1396
f 1397//1397 1411//1411 1410//1410
f 1397//1397 1412//1412 1411//1411
f 1394//1394 1408//1408 1407//1407
f 1428//1428 1458//1458 1427//1427
f 1427//1427 1458//1458 1459//1459
f 1427//1427 1459//1459 1426//1426
f 1425//1425 1460//1460 1461//1461
f 1426//1426 1460//1460 1425//1425
f 1429//1429 1458//1458 1428//1428
f 1425//1425 1461//1461 1424//1424
f 1426//1426 1459//1459 1460//1460
f 1429//1429 1457//1457 1458//1458
f 1431//1431 1455//1455 1456//1456
f 1430//1430 1456//1456 1457//1457
f 1431//1431 1456//1456 1430//1430
f 1432//1432 1455//1455 1431//1431
f 1432//1432 1454//1454 1455//1455
f 1433//1433 1454//1454 1432//1432
f 1434//1434 1454//1454 1433//1433
f 1424//1424 1461//1461 1462//1462
f 1434//1434 1453//1453 1454//1454
f 1430//1430 1457//1457 1429//1429
f 1424//1424 1462//1462 1423//1423
f 1438//1438 1450//1450 1451//1451
f 1423//1423 1444//1444 1443//1443
f 1435//1435 1453//1453 1434//1434
f 1435//1435 1452//1452 1453//1453
f 1423//1423 1462//1462 1444//1444
f 1436//1436 1451//1451 1452//1452
f 1437//1437 1451//1451 1436//1436
f 1438//1438 1451//1451 1437//1437
f 1439//1439 1450//1450 1438//1438
f 1439//1439 1449//1449 1450//1450
f 1436//1436 1452//1452 1435//1435
f 1440//1440 1448//1448 1449//1449
f 1441//1441 1447//1447 1448//1448
f 1441//1441 1448//1448 1440//1440
f 1441//1441 1446//1446 1447//1447
f 1442//1442 1446//1446 1441//1441
f 1442//1442 1445//1445 1446//1446
f 1443//1443 1445//1445 1442//1442
f 1443//1443 1444//1444 1445//1445
f 1440//1440 1449//1449 1439//1439
f 1495//1495 1494//1494 1479//1479
f 1466//1466 1484//1484 1483//1483
f 1466//1466 1465//1465 1484//1484
f 1490//1490 1489//1489 1476//1476
f 1490//1490 1476//1476 1475//1475
f 1484//1484 1464//1464 1485//1485
f 1495//1495 1478//1478 1477//1477
f 1489//1489 1477//1477 1476//1476
f 1485//1485 1464//1464 1463//1463
f 1489//1489 1495//1495 1477//1477
f 1485//1485 1463//1463 1481//1481
f 1474//1474 1491//1491 1490//1490
f 1485//1485 1481//1481 1493//1493
f 1484//1484 1465//1465 1464//1464
f 1467//1467 1466//1466 1483//1483
f 1474//1474 1490//1490 1475//1475
f 1473//1473 1492//1492 1491//1491
f 1493//1493 1481//1481 1480//1480
f 1494//1494 1480//1480 1479//1479
f 1493//1493 1480//1480 1494//1494
f 1470//1470 1487//1487 1486//1486
f 1470//1470 1486//1486 1471//1471
f 1470//1470 1469//1469 1488//1488
f 1473//1473 1491//1491 1474//1474
f 1470//1470 1488//1488 1487//1487
f 1469//1469 1482//1482 1488//1488
f 1469//1469 1468//1468 1482//1482
f 1472//1472 1486//1486 1492//1492
f 1472//1472 1492//1492 1473//1473
f 1468//1468 1483//1483 1482//1482
f 1468//1468 1467//1467 1483//1483
f 1471//1471 1486//1486 1472//1472
f 1495//1495 1479//1479 1478//1478
f 1535//1535 1543//1543 1534//1534
f 1499//1499 1511//1511 1510//1510
f 1534//1534 1543//1543 1544//1544
f 1499//1499 1510//1510 1532//1532
f 1499//1499 1532//1532 1531//1531
f 1499//1499 1531//1531 1498//1498
f 1498//1498 1531//1531 1497//1497
f 1497//1497 1531//1531 1530//1530
f 1497//1497 1530//1530 1529//1529
f 1497//1497 1529//1529 1496//1496
f 1496//1496 1529//1529 1537//1537
f 1496//1496 1537//1537 1502//1502
f 1502//1502 1537//1537 1536//1536
f 1502//1502 1536//1536 1501//1501
f 1501//1501 1536//1536 1535//1535
f 1501//1501 1534//1534 1500//1500
f 1501//1501 1535//1535 1534//1534
f 1500//1500 1534//1534 1533//1533
f 1500//1500 1533//1533 1506//1506
f 1536//1536 1543//1543 1535//1535
f 1536//1536 1542//1542 1543//1543
f 1537//1537 1542//1542 1536//1536
f 1537//1537 1541//1541 1542//1542
f 1529//1529 1541//1541 1537//1537
f 1530//1530 1540//1540 1541//1541
f 1534//1534 1544//1544 1533//1533
f 1530//1530 1541//1541 1529//1529
f 1531//1531 1539//1539 1540//1540
f 1532//1532 1539//1539 1531//1531
f 1532//1532 1538//1538 1539//1539
f 1510//1510 1528//1528 1538//1538
f 1510//1510 1538//1538 1532//1532
f 1506//1506 1533//1533 1520//1520
f 1531//1531 1540//1540 1530//1530
f 1533//1533 1544//1544 1521//1521
f 1507//1507 1512//1512 1511//1511
f 1520//1520 1521//1521 1519//1519
f 1519//1519 1522//1522 1518//1518
f 1518//1518 1522//1522 1517//1517
f 1517//1517 1522//1522 1523//1523
f 1517//1517 1523//1523 1516//1516
f 1516//1516 1523//1523 1524//1524
f 1516//1516 1524//1524 1515//1515
f 1515//1515 1524//1524 1525//1525
f 1515//1515 1525//1525 1514//1514
f 1514//1514 1525//1525 1513//1513
f 1513//1513 1525//1525 1526//1526
f 1513//1513 1526//1526 1527//1527
f 1513//1513 1527//1527 1512//1512
f 1512//1512 1527//1527 1511//1511
f 1511//1511 1527//1527 1528//1528
f 1511//1511 1528//1528 1510//1510
f 1506//1506 1520//1520 1519//1519
f 1519//1519 1521//1521 1522//1522
f 1507//1507 1511//1511 1499//1499
f 1508//1508 1513//1513 1512//1512
f 1508//1508 1512//1512 1507//1507
f 1509//1509 1514//1514 1513//1513
f 1509//1509 1513//1513 1508//1508
f 1509//1509 1515//1515 1514//1514
f 1503//1503 1515//1515 1509//1509
f 1503//1503 1517//1517 1516//1516
f 1504//1504 1517//1517 1503//1503
f 1504//1504 1518//1518 1517//1517
f 1505//1505 1518//1518 1504//1504
f 1505//1505 1519//1519 1518//1518
f 1506//1506 1519//1519 1505//1505
f 1503//1503 1516//1516 1515//1515
f 1533//1533 1521//1521 1520//1520
f 1546//1546 1567//1567 1566//1566
f 1547//1547 1546//1546 1566//1566
f 1547//1547 1566//1566 1565//1565
f 1576//1576 1555//1555 1554//1554
f 1576//1576 1575//1575 1555//1555
f 1576//1576 1554//1554 1577//1577
f 1575//1575 1556//1556 1555//1555
f 1575//1575 1574//1574 1556//1556
f 1577//1577 1554//1554 1553//1553
f 1577//1577 1553//1553 1578//1578
f 1578//1578 1553//1553 1552//1552
f 1574//1574 1573//1573 1556//1556
f 1578//1578 1552//1552 1560//1560
f 1573//1573 1557//1557 1556//1556
f 1573//1573 1572//1572 1557//1557
f 1560//1560 1551//1551 1561//1561
f 1560//1560 1552//1552 1551//1551
f 1572//1572 1571//1571 1558//1558
f 1561//1561 1551//1551 1562//1562
f 1562//1562 1551//1551 1550//1550
f 1558//1558 1571//1571 1570//1570
f 1558//1558 1570//1570 1559//1559
f 1562//1562 1550//1550 1563//1563
f 1550//1550 1549//1549 1563//1563
f 1549//1549 1564//1564 1563//1563
f 1559//1559 1569//1569 1545//1545
f 1559//1559 1570//1570 1569//1569
f 1549//1549 1548//1548 1564//1564
f 1548//1548 1565//1565 1564//1564
f 1545//1545 1569//1569 1568//1568
f 1548//1548 1547//1547 1565//1565
f 1545//1545 1568//1568 1546//1546
f 1546//1546 1568//1568 1567//1567
f 1557//1557 1572//1572 1558//1558
v 0.0367000 -0.0088136 -0.0090500
v 0.0367000 -0.0095500 -0.0083136
v 0.0367000 0.0088136 -0.0090500
v 0.0367000 0.0095500 -0.0083136
v 0.0367000 0.0095500 0.0233136
v 0.0367000 0.0088136 0.0240500
v 0.0367000 -0.0088136 0.0240500
v 0.0367000 -0.0095500 0.0233136
v 0.0367000 -0.0071971 -0.0075315
v 0.0367000 -0.0072375 -0.0072423
v 0.0367000 -0.0073518 -0.0070290
v 0.0367000 -0.0074959 -0.0068750
v 0.0367000 -0.0077422 -0.0067375
v 0.0367000 -0.0080226 -0.0066973
v 0.0367000 -0.0082403 -0.0067353
v 0.0367000 -0.0084120 -0.0068124
v 0.0367000 -0.0085835 -0.0069484
v 0.0367000 -0.0087146 -0.0071359
v 0.0367000 -0.0087943 -0.0073742
v 0.0367000 -0.0087921 -0.0076254
v 0.0367000 -0.0087375 -0.0078140
v 0.0367000 -0.0086302 -0.0079968
v 0.0367000 -0.0084464 -0.0081681
v 0.0367000 -0.0082179 -0.0082724
v 0.0367000 -0.0079463 -0.0083030
v 0.0367000 -0.0076931 -0.0082409
v 0.0367000 -0.0074777 -0.0081115
v 0.0367000 -0.0073207 -0.0079255
v 0.0367000 -0.0072401 -0.0077552
v 0.0367000 0.0088029 -0.0075315
v 0.0367000 0.0087724 -0.0072821
v 0.0367000 0.0086875 -0.0070879
v 0.0367000 0.0085516 -0.0069164
v 0.0367000 0.0083364 -0.0067702
v 0.0367000 0.0080943 -0.0067030
v 0.0367000 0.0078214 -0.0067152
v 0.0367000 0.0075880 -0.0068124
v 0.0367000 0.0074164 -0.0069484
v 0.0367000 0.0072854 -0.0071359
v 0.0367000 0.0072209 -0.0073129
v 0.0367000 0.0071980 -0.0075000
v 0.0367000 0.0072276 -0.0077179
v 0.0367000 0.0073124 -0.0079120
v 0.0367000 0.0074484 -0.0080836
v 0.0367000 0.0076087 -0.0081987
v 0.0367000 0.0077821 -0.0082724
v 0.0367000 0.0080537 -0.0083030
v 0.0367000 0.0083069 -0.0082409
v 0.0367000 0.0085223 -0.0081115
v 0.0367000 0.0086793 -0.0079255
v 0.0367000 0.0087599 -0.0077552
v 0.0367000 -0.0040971 0.0228685
v 0.0367000 -0.0041159 0.0230616
v 0.0367000 -0.0041625 0.0232141
v 0.0367000 -0.0042698 0.0233968
v 0.0367000 -0.0044714 0.0235812
v 0.0367000 -0.0047051 0.0236775
v 0.0367000 -0.0049225 0.0237027
v 0.0367000 -0.0051401 0.0236648
v 0.0367000 -0.0053120 0.0235876
v 0.0367000 -0.0054835 0.0234516
v 0.0367000 -0.0056145 0.0232641
v 0.0367000 -0.0056791 0.0230870
v 0.0367000 -0.0057020 0.0229000
v 0.0367000 -0.0056625 0.0226423
v 0.0367000 -0.0055115 0.0223777
v 0.0367000 -0.0052739 0.0221873
v 0.0367000 -0.0050616 0.0221159
v 0.0367000 -0.0048463 0.0220969
v 0.0367000 -0.0045931 0.0221591
v 0.0367000 -0.0043777 0.0222885
v 0.0367000 -0.0042207 0.0224745
v 0.0367000 -0.0041401 0.0226448
v 0.0367000 0.0091997 0.0193630
v 0.0367000 0.0091921 0.0195255
v 0.0367000 0.0091375 0.0197140
v 0.0367000 0.0090482 0.0198710
v 0.0367000 0.0089041 0.0200251
v 0.0367000 0.0087401 0.0201247
v 0.0367000 0.0085353 0.0201934
v 0.0367000 0.0082745 0.0201921
v 0.0367000 0.0080348 0.0201165
v 0.0367000 0.0078164 0.0199516
v 0.0367000 0.0076854 0.0197641
v 0.0367000 0.0076209 0.0195870
v 0.0367000 0.0075980 0.0194000
v 0.0367000 0.0076375 0.0191423
v 0.0367000 0.0077698 0.0189031
v 0.0367000 0.0079225 0.0187561
v 0.0367000 0.0080646 0.0186729
v 0.0367000 0.0082741 0.0186057
v 0.0367000 0.0085176 0.0186071
v 0.0367000 0.0087069 0.0186591
v 0.0367000 0.0089223 0.0187885
v 0.0367000 0.0090793 0.0189744
v 0.0367000 0.0091704 0.0191734
v 0.0367000 -0.0075980 -0.0045000
v 0.0367000 -0.0076375 -0.0042423
v 0.0367000 -0.0077885 -0.0039777
v 0.0367000 -0.0079744 -0.0038207
v 0.0367000 -0.0081734 -0.0037296
v 0.0367000 -0.0084000 -0.0036980
v 0.0367000 -0.0086179 -0.0037276
v 0.0367000 -0.0088121 -0.0038125
v 0.0367000 -0.0089436 -0.0039120
v 0.0367000 -0.0090673 -0.0040542
v 0.0367000 -0.0091803 -0.0043029
v 0.0367000 -0.0091980 -0.0045944
v 0.0367000 -0.0091375 -0.0048140
v 0.0367000 -0.0090482 -0.0049710
v 0.0367000 -0.0089041 -0.0051251
v 0.0367000 -0.0087352 -0.0052273
v 0.0367000 -0.0085259 -0.0052943
v 0.0367000 -0.0082213 -0.0052848
v 0.0367000 -0.0079878 -0.0051875
v 0.0367000 -0.0078099 -0.0050454
v 0.0367000 -0.0076822 -0.0048569
v 0.0367000 -0.0076209 -0.0046871
v 0.0367000 0.0091921 -0.0043745
v 0.0367000 0.0091375 -0.0041860
v 0.0367000 0.0090115 -0.0039777
v 0.0367000 0.0088002 -0.0038038
v 0.0367000 0.0085949 -0.0037225
v 0.0367000 0.0084000 -0.0036980
v 0.0367000 0.0081821 -0.0037276
v 0.0367000 0.0079880 -0.0038124
v 0.0367000 0.0078564 -0.0039120
v 0.0367000 0.0077327 -0.0040541
v 0.0367000 0.0076197 -0.0043029
v 0.0367000 0.0076020 -0.0045944
v 0.0367000 0.0076625 -0.0048140
v 0.0367000 0.0077518 -0.0049710
v 0.0367000 0.0078959 -0.0051251
v 0.0367000 0.0081138 -0.0052503
v 0.0367000 0.0083685 -0.0053029
v 0.0367000 0.0086178 -0.0052724
v 0.0367000 0.0088120 -0.0051876
v 0.0367000 0.0089901 -0.0050454
v 0.0367000 0.0091178 -0.0048569
v 0.0367000 0.0091943 -0.0046258
v 0.0367000 0.0087980 0.0225944
v 0.0367000 0.0087375 0.0228140
v 0.0367000 0.0086302 0.0229968
v 0.0367000 0.0084286 0.0231813
v 0.0367000 0.0081353 0.0232934
v 0.0367000 0.0078745 0.0232921
v 0.0367000 0.0076860 0.0232375
v 0.0367000 0.0074958 0.0231250
v 0.0367000 0.0073327 0.0229458
v 0.0367000 0.0072197 0.0226971
v 0.0367000 0.0072020 0.0224055
v 0.0367000 0.0072625 0.0221860
v 0.0367000 0.0073518 0.0220291
v 0.0367000 0.0074958 0.0218750
v 0.0367000 0.0076647 0.0217728
v 0.0367000 0.0078521 0.0217107
v 0.0367000 0.0080943 0.0217030
v 0.0367000 0.0083569 0.0217786
v 0.0367000 0.0085901 0.0219546
v 0.0367000 0.0087178 0.0221431
v 0.0367000 0.0087871 0.0223434
v 0.0367000 -0.0072020 0.0225945
v 0.0367000 -0.0072625 0.0228140
v 0.0367000 -0.0073698 0.0229968
v 0.0367000 -0.0075714 0.0231813
v 0.0367000 -0.0078647 0.0232934
v 0.0367000 -0.0081255 0.0232921
v 0.0367000 -0.0083140 0.0232375
v 0.0367000 -0.0085041 0.0231250
v 0.0367000 -0.0086673 0.0229459
v 0.0367000 -0.0087803 0.0226971
v 0.0367000 -0.0087980 0.0224056
v 0.0367000 -0.0087375 0.0221860
v 0.0367000 -0.0086482 0.0220291
v 0.0367000 -0.0085042 0.0218750
v 0.0367000 -0.0082864 0.0217498
v 0.0367000 -0.0080942 0.0217048
v 0.0367000 -0.0079056 0.0217030
v 0.0367000 -0.0077281 0.0217470
v 0.0367000 -0.0075879 0.0218125
v 0.0367000 -0.0074099 0.0219546
v 0.0367000 -0.0072822 0.0221431
v 0.0367000 -0.0072129 0.0223435
v 0.0367000 0.0025004 -0.0000809
v 0.0367000 0.0024730 0.0003917
v 0.0367000 0.0023776 0.0007725
v 0.0367000 0.0022647 0.0010631
v 0.0367000 0.0020257 0.0014716
v 0.0367000 0.0017678 0.0017678
v 0.0367000 0.0015351 0.0019754
v 0.0367000 0.0012220 0.0021823
v 0.0367000 0.0008662 0.0023478
v 0.0367000 0.0004878 0.0024531
v 0.0367000 0.0000983 0.0025006
v 0.0367000 -0.0002939 0.0024838
v 0.0367000 -0.0006623 0.0024125
v 0.0367000 -0.0010317 0.0022791
v 0.0367000 -0.0013904 0.0020807
v 0.0367000 -0.0016978 0.0018366
v 0.0367000 -0.0019653 0.0015492
v 0.0367000 -0.0021822 0.0012222
v 0.0367000 -0.0023097 0.0009567
v 0.0367000 -0.0024125 0.0006623
v 0.0367000 -0.0024864 0.0002768
v 0.0367000 -0.0024991 -0.0001156
v 0.0367000 -0.0024531 -0.0004880
v 0.0367000 -0.0023478 -0.0008662
v 0.0367000 -0.0021742 -0.0012376
v 0.0367000 -0.0019642 -0.0015484
v 0.0367000 -0.0016987 -0.0018376
v 0.0367000 -0.0013755 -0.0020897
v 0.0367000 -0.0010472 -0.0022713
v 0.0367000 -0.0007725 -0.0023776
v 0.0367000 -0.0004878 -0.0024531
v 0.0367000 -0.0001961 -0.0024923
v 0.0367000 0.0001157 -0.0024991
v 0.0367000 0.0005050 -0.0024503
v 0.0367000 0.0008822 -0.0023410
v 0.0367000 0.0013083 -0.0021348
v 0.0367000 0.0016854 -0.0018488
v 0.0367000 0.0019010 -0.0016236
v 0.0367000 0.0020797 -0.0013895
v 0.0367000 0.0022275 -0.0011350
v 0.0367000 0.0023465 -0.0008657
v 0.0367000 0.0024544 -0.0004882
v 0.0367000 -0.0095500 -0.0083136
v 0.0367000 -0.0095500 0.0233136
v 0.0361500 -0.0095500 -0.0083136
v 0.0361500 -0.0095500 0.0233136
v 0.0367000 -0.0088136 -0.0090500
v 0.0367000 -0.0095500 -0.0083136
v 0.0361500 -0.0095500 -0.0083136
v 0.0361500 -0.0088136 -0.0090500
v 0.0367000 -0.0088136 -0.0090500
v 0.0367000 0.0088136 -0.0090500
v 0.0361500 -0.0088136 -0.0090500
v 0.0361500 0.0088136 -0.0090500
v 0.0367000 0.0088136 -0.0090500
v 0.0367000 0.0095500 -0.0083136
v 0.0361500 0.0088136 -0.0090500
v 0.0361500 0.0095500 -0.0083136
v 0.0367000 0.0095500 -0.0083136
v 0.0367000 0.0095500 0.0233136
v 0.0361500 0.0095500 -0.0083136
v 0.0361500 0.0095500 0.0233136
v 0.0367000 0.0095500 0.0233136
v 0.0367000 0.0088136 0.0240500
v 0.0361500 0.0095500 0.0233136
v 0.0361500 0.0088136 0.0240500
v 0.0367000 0.0088136 0.0240500
v 0.0367000 -0.0088136 0.0240500
v 0.0361500 0.0088136 0.0240500
v 0.0361500 -0.0088136 0.0240500
v 0.0367000 -0.0088136 0.0240500
v 0.0367000 -0.0095500 0.0233136
v 0.0361500 -0.0095500 0.0233136
v 0.0361500 -0.0088136 0.0240500
v 0.0361500 -0.0095500 -0.0083136
v 0.0361500 -0.0095500 0.0233136
v 0.0361500 -0.0088136 -0.0090500
v 0.0361500 0.0088136 -0.0090500
v 0.0361500 0.0095500 -0.0083136
v 0.0361500 0.0095500 0.0233136
v 0.0361500 0.0088136 0.0240500
v 0.0361500 -0.0088136 0.0240500
v 0.0361500 -0.0100000 0.0235000
v 0.0361500 -0.0090000 0.0245000
v 0.0361500 -0.0100000 -0.0085000
v 0.0361500 -0.0090000 -0.0095000
v 0.0361500 0.0090000 -0.0095000
v 0.0361500 0.0100000 -0.0085000
v 0.0361500 0.0100000 0.0235000
v 0.0361500 0.0090000 0.0245000
v 0.0361500 -0.0090000 0.0245000
v 0.0361500 0.0090000 0.0245000
v 0.0222500 -0.0090000 0.0245000
v 0.0222500 0.0090000 0.0245000
v 0.0222500 -0.0090000 0.0245000
v 0.0222500 0.0090000 0.0245000
v 0.0222500 0.0095500 0.0142500
v 0.0222500 0.0095500 0.0233136
v 0.0222500 0.0088136 0.0240500
v 0.0222500 -0.0088136 0.0240500
v 0.0222500 -0.0095500 0.0233136
v 0.0222500 -0.0095500 0.0142500
v 0.0222500 -0.0100000 0.0142500
v 0.0222500 -0.0100000 0.0235000
v 0.0222500 0.0100000 0.0235000
v 0.0222500 0.0100000 0.0142500
v 0.0222500 0.0095500 0.0142500
v 0.0222500 0.0100000 0.0142500
v 0.0265000 0.0063000 0.0142500
v 0.0217000 0.0063000 0.0142500
v 0.0265000 0.0100000 0.0142500
v 0.0217000 0.0095500 0.0142500
v 0.0265000 0.0063000 0.0142500
v 0.0217000 0.0063000 0.0142500
v 0.0217000 0.0060000 0.0139500
v 0.0265000 0.0060000 0.0139500
v 0.0217000 0.0060000 0.0139500
v 0.0265000 0.0060000 0.0139500
v 0.0265000 0.0060000 0.0040500
v 0.0217000 0.0060000 0.0040500
v 0.0217000 0.0063000 0.0142500
v 0.0217000 0.0095500 0.0142500
v 0.0217000 0.0060000 0.0139500
v 0.0217000 0.0060000 0.0040500
v 0.0217000 0.0095500 0.0037500
v 0.0217000 0.0063000 0.0037500
v 0.0217000 0.0095500 0.0233136
v 0.0217000 0.0088136 0.0240500
v 0.0217000 -0.0088136 0.0240500
v 0.0217000 -0.0095500 0.0233136
v 0.0217000 -0.0095500 0.0142500
v 0.0217000 -0.0063000 0.0142500
v 0.0217000 -0.0060000 0.0139500
v 0.0217000 -0.0060000 0.0040500
v 0.0217000 -0.0063000 0.0037500
v 0.0217000 -0.0095500 0.0037500
v 0.0217000 -0.0095500 -0.0083136
v 0.0217000 -0.0088136 -0.0090500
v 0.0217000 0.0088136 -0.0090500
v 0.0217000 0.0095500 -0.0083136
v 0.0217000 -0.0072012 -0.0074371
v 0.0217000 -0.0072119 -0.0076568
v 0.0217000 -0.0072894 -0.0078709
v 0.0217000 -0.0074107 -0.0080448
v 0.0217000 -0.0075551 -0.0081658
v 0.0217000 -0.0077221 -0.0082529
v 0.0217000 -0.0079370 -0.0082995
v 0.0217000 -0.0081972 -0.0082803
v 0.0217000 -0.0084458 -0.0081673
v 0.0217000 -0.0085840 -0.0080475
v 0.0217000 -0.0086793 -0.0079255
v 0.0217000 -0.0087627 -0.0077478
v 0.0217000 -0.0088019 -0.0075315
v 0.0217000 -0.0087862 -0.0073493
v 0.0217000 -0.0087214 -0.0071431
v 0.0217000 -0.0085723 -0.0069388
v 0.0217000 -0.0084449 -0.0068342
v 0.0217000 -0.0082779 -0.0067471
v 0.0217000 -0.0080708 -0.0067015
v 0.0217000 -0.0079113 -0.0067044
v 0.0217000 -0.0077008 -0.0067528
v 0.0217000 -0.0074854 -0.0068854
v 0.0217000 -0.0073373 -0.0070464
v 0.0217000 -0.0072373 -0.0072522
v 0.0217000 0.0087988 -0.0074371
v 0.0217000 0.0087881 -0.0076568
v 0.0217000 0.0087002 -0.0078921
v 0.0217000 0.0085723 -0.0080612
v 0.0217000 0.0084448 -0.0081659
v 0.0217000 0.0082779 -0.0082529
v 0.0217000 0.0080630 -0.0082995
v 0.0217000 0.0078746 -0.0082914
v 0.0217000 0.0076719 -0.0082329
v 0.0217000 0.0074376 -0.0080758
v 0.0217000 0.0072854 -0.0078641
v 0.0217000 0.0072129 -0.0076566
v 0.0217000 0.0072016 -0.0074145
v 0.0217000 0.0072565 -0.0072006
v 0.0217000 0.0073818 -0.0069846
v 0.0217000 0.0075551 -0.0068342
v 0.0217000 0.0077221 -0.0067471
v 0.0217000 0.0079292 -0.0067015
v 0.0217000 0.0080887 -0.0067044
v 0.0217000 0.0082992 -0.0067528
v 0.0217000 0.0085385 -0.0069043
v 0.0217000 0.0086793 -0.0070745
v 0.0217000 0.0087627 -0.0072521
v 0.0217000 -0.0040981 0.0228685
v 0.0217000 -0.0041293 0.0226826
v 0.0217000 -0.0041998 0.0225079
v 0.0217000 -0.0043276 0.0223389
v 0.0217000 -0.0044998 0.0222038
v 0.0217000 -0.0047129 0.0221202
v 0.0217000 -0.0049315 0.0220981
v 0.0217000 -0.0051694 0.0221436
v 0.0217000 -0.0053647 0.0222469
v 0.0217000 -0.0055455 0.0224193
v 0.0217000 -0.0056627 0.0226522
v 0.0217000 -0.0057019 0.0228685
v 0.0217000 -0.0056683 0.0231396
v 0.0217000 -0.0055181 0.0234155
v 0.0217000 -0.0053449 0.0235658
v 0.0217000 -0.0051994 0.0236436
v 0.0217000 -0.0049943 0.0236970
v 0.0217000 -0.0047746 0.0236921
v 0.0217000 -0.0045934 0.0236402
v 0.0217000 -0.0044099 0.0235361
v 0.0217000 -0.0042512 0.0233713
v 0.0217000 -0.0041317 0.0231397
v 0.0217000 0.0092019 0.0194315
v 0.0217000 0.0091684 0.0191604
v 0.0217000 0.0090489 0.0189287
v 0.0217000 0.0088901 0.0187639
v 0.0217000 0.0086776 0.0186470
v 0.0217000 0.0084095 0.0185952
v 0.0217000 0.0081826 0.0186293
v 0.0217000 0.0080362 0.0186861
v 0.0217000 0.0078615 0.0188043
v 0.0217000 0.0077207 0.0189744
v 0.0217000 0.0076373 0.0191522
v 0.0217000 0.0076012 0.0193371
v 0.0217000 0.0076119 0.0195568
v 0.0217000 0.0076998 0.0197921
v 0.0217000 0.0078276 0.0199611
v 0.0217000 0.0079551 0.0200659
v 0.0217000 0.0081005 0.0201435
v 0.0217000 0.0083057 0.0201970
v 0.0217000 0.0085254 0.0201921
v 0.0217000 0.0087066 0.0201402
v 0.0217000 0.0088900 0.0200362
v 0.0217000 0.0090627 0.0198535
v 0.0217000 0.0091627 0.0196478
v 0.0217000 -0.0076119 -0.0046568
v 0.0217000 -0.0076894 -0.0048709
v 0.0217000 -0.0078107 -0.0050447
v 0.0217000 -0.0079551 -0.0051659
v 0.0217000 -0.0081223 -0.0052529
v 0.0217000 -0.0083905 -0.0053048
v 0.0217000 -0.0086172 -0.0052708
v 0.0217000 -0.0087922 -0.0052002
v 0.0217000 -0.0089393 -0.0050917
v 0.0217000 -0.0090488 -0.0049714
v 0.0217000 -0.0091435 -0.0047994
v 0.0217000 -0.0092017 -0.0045631
v 0.0217000 -0.0091862 -0.0043493
v 0.0217000 -0.0091214 -0.0041431
v 0.0217000 -0.0089723 -0.0039388
v 0.0217000 -0.0088449 -0.0038342
v 0.0217000 -0.0086397 -0.0037317
v 0.0217000 -0.0083685 -0.0036981
v 0.0217000 -0.0081599 -0.0037352
v 0.0217000 -0.0079879 -0.0038125
v 0.0217000 -0.0078165 -0.0039483
v 0.0217000 -0.0076854 -0.0041359
v 0.0217000 -0.0076057 -0.0043742
v 0.0217000 0.0092017 -0.0045631
v 0.0217000 0.0091435 -0.0047994
v 0.0217000 0.0090488 -0.0049714
v 0.0217000 0.0088901 -0.0051361
v 0.0217000 0.0086397 -0.0052683
v 0.0217000 0.0083685 -0.0053019
v 0.0217000 0.0081828 -0.0052708
v 0.0217000 0.0080078 -0.0052002
v 0.0217000 0.0078607 -0.0050917
v 0.0217000 0.0077512 -0.0049714
v 0.0217000 0.0076565 -0.0047994
v 0.0217000 0.0075983 -0.0045631
v 0.0217000 0.0076317 -0.0042603
v 0.0217000 0.0077819 -0.0039845
v 0.0217000 0.0079551 -0.0038342
v 0.0217000 0.0081006 -0.0037564
v 0.0217000 0.0083057 -0.0037030
v 0.0217000 0.0085254 -0.0037079
v 0.0217000 0.0087651 -0.0037835
v 0.0217000 0.0089836 -0.0039484
v 0.0217000 0.0091146 -0.0041360
v 0.0217000 0.0091812 -0.0043206
v 0.0217000 0.0088019 0.0225315
v 0.0217000 0.0087798 0.0223128
v 0.0217000 0.0087106 0.0221291
v 0.0217000 0.0085893 0.0219552
v 0.0217000 0.0084449 0.0218342
v 0.0217000 0.0082778 0.0217471
v 0.0217000 0.0080998 0.0217057
v 0.0217000 0.0079450 0.0217003
v 0.0217000 0.0077008 0.0217528
v 0.0217000 0.0074376 0.0219242
v 0.0217000 0.0072854 0.0221359
v 0.0217000 0.0072057 0.0223742
v 0.0217000 0.0072119 0.0226568
v 0.0217000 0.0072998 0.0228921
v 0.0217000 0.0074277 0.0230612
v 0.0217000 0.0075551 0.0231658
v 0.0217000 0.0077006 0.0232436
v 0.0217000 0.0079057 0.0232969
v 0.0217000 0.0081255 0.0232921
v 0.0217000 0.0083651 0.0232166
v 0.0217000 0.0085612 0.0230723
v 0.0217000 0.0086658 0.0229449
v 0.0217000 0.0087564 0.0227696
v 0.0217000 -0.0071981 0.0225315
v 0.0217000 -0.0072202 0.0223128
v 0.0217000 -0.0072894 0.0221291
v 0.0217000 -0.0074107 0.0219552
v 0.0217000 -0.0075551 0.0218342
v 0.0217000 -0.0077222 0.0217471
v 0.0217000 -0.0079369 0.0217005
v 0.0217000 -0.0081653 0.0217142
v 0.0217000 -0.0083921 0.0217998
v 0.0217000 -0.0085394 0.0219084
v 0.0217000 -0.0086627 0.0220465
v 0.0217000 -0.0087627 0.0222521
v 0.0217000 -0.0087988 0.0224371
v 0.0217000 -0.0087881 0.0226568
v 0.0217000 -0.0087002 0.0228921
v 0.0217000 -0.0085724 0.0230612
v 0.0217000 -0.0084449 0.0231658
v 0.0217000 -0.0082994 0.0232436
v 0.0217000 -0.0080943 0.0232969
v 0.0217000 -0.0078745 0.0232921
v 0.0217000 -0.0076349 0.0232166
v 0.0217000 -0.0074388 0.0230723
v 0.0217000 -0.0073342 0.0229449
v 0.0217000 -0.0072436 0.0227695
v 0.0217000 0.0010853 -0.0002033
v 0.0217000 0.0009869 -0.0004907
v 0.0217000 0.0008691 -0.0006755
v 0.0217000 0.0007240 -0.0008310
v 0.0217000 0.0005446 -0.0009566
v 0.0217000 0.0003510 -0.0010448
v 0.0217000 0.0001370 -0.0010922
v 0.0217000 -0.0000756 -0.0010996
v 0.0217000 -0.0002915 -0.0010615
v 0.0217000 -0.0005006 -0.0009825
v 0.0217000 -0.0007240 -0.0008310
v 0.0217000 -0.0008980 -0.0006390
v 0.0217000 -0.0010178 -0.0004216
v 0.0217000 -0.0010781 -0.0002222
v 0.0217000 -0.0011021 -0.0000109
v 0.0217000 -0.0010659 0.0002879
v 0.0217000 -0.0009248 0.0006032
v 0.0217000 -0.0007528 0.0008032
v 0.0217000 -0.0005501 0.0009573
v 0.0217000 -0.0002574 0.0010723
v 0.0217000 -0.0000354 0.0011002
v 0.0217000 0.0002153 0.0010823
v 0.0217000 0.0004609 0.0010000
v 0.0217000 0.0006831 0.0008666
v 0.0217000 0.0008647 0.0006817
v 0.0217000 0.0009816 0.0005001
v 0.0217000 0.0010573 0.0003062
v 0.0217000 0.0010979 0.0000973
v 0.0217000 0.0095500 0.0037500
v 0.0217000 0.0063000 0.0037500
v 0.0265000 0.0063000 0.0037500
v 0.0222500 0.0095500 0.0037500
v 0.0222500 0.0100000 0.0037500
v 0.0265000 0.0100000 0.0037500
v 0.0265000 0.0060000 0.0040500
v 0.0217000 0.0060000 0.0040500
v 0.0217000 0.0063000 0.0037500
v 0.0265000 0.0063000 0.0037500
v 0.0265000 0.0063000 0.0142500
v 0.0265000 0.0100000 0.0142500
v 0.0265000 0.0060000 0.0139500
v 0.0265000 0.0060000 0.0040500
v 0.0265000 0.0063000 0.0037500
v 0.0265000 0.0100000 0.0037500
v 0.0361500 0.0100000 -0.0085000
v 0.0361500 0.0100000 0.0235000
v 0.0222500 0.0100000 0.0235000
v 0.0222500 0.0100000 0.0142500
v 0.0265000 0.0100000 0.0142500
v 0.0222500 0.0100000 0.0037500
v 0.0265000 0.0100000 0.0037500
v 0.0222500 0.0100000 -0.0085000
v 0.0222500 0.0095500 0.0037500
v 0.0222500 0.0100000 0.0037500
v 0.0222500 0.0100000 -0.0085000
v 0.0222500 0.0090000 -0.0095000
v 0.0222500 -0.0090000 -0.0095000
v 0.0222500 -0.0100000 -0.0085000
v 0.0222500 -0.0100000 0.0037500
v 0.0222500 -0.0095500 0.0037500
v 0.0222500 -0.0095500 -0.0083136
v 0.0222500 -0.0088136 -0.0090500
v 0.0222500 0.0088136 -0.0090500
v 0.0222500 0.0095500 -0.0083136
v 0.0217000 0.0095500 0.0037500
v 0.0217000 0.0095500 -0.0083136
v 0.0222500 0.0095500 0.0037500
v 0.0222500 0.0095500 -0.0083136
v 0.0217000 0.0088136 -0.0090500
v 0.0217000 0.0095500 -0.0083136
v 0.0222500 0.0088136 -0.0090500
v 0.0222500 0.0095500 -0.0083136
v 0.0217000 -0.0088136 -0.0090500
v 0.0217000 0.0088136 -0.0090500
v 0.0222500 -0.0088136 -0.0090500
v 0.0222500 0.0088136 -0.0090500
v 0.0217000 -0.0095500 -0.0083136
v 0.0217000 -0.0088136 -0.0090500
v 0.0222500 -0.0095500 -0.0083136
v 0.0222500 -0.0088136 -0.0090500
v 0.0217000 -0.0095500 0.0037500
v 0.0217000 -0.0095500 -0.0083136
v 0.0222500 -0.0095500 0.0037500
v 0.0222500 -0.0095500 -0.0083136
v 0.0217000 -0.0063000 0.0037500
v 0.0217000 -0.0095500 0.0037500
v 0.0222500 -0.0100000 0.0037500
v 0.0222500 -0.0095500 0.0037500
v 0.0265000 -0.0063000 0.0037500
v 0.0265000 -0.0100000 0.0037500
v 0.0217000 -0.0060000 0.0040500
v 0.0217000 -0.0063000 0.0037500
v 0.0265000 -0.0063000 0.0037500
v 0.0265000 -0.0060000 0.0040500
v 0.0265000 -0.0063000 0.0037500
v 0.0265000 -0.0100000 0.0037500
v 0.0265000 -0.0060000 0.0040500
v 0.0265000 -0.0060000 0.0139500
v 0.0265000 -0.0100000 0.0142500
v 0.0265000 -0.0063000 0.0142500
v 0.0217000 -0.0063000 0.0142500
v 0.0217000 -0.0060000 0.0139500
v 0.0265000 -0.0060000 0.0139500
v 0.0265000 -0.0063000 0.0142500
v 0.0217000 -0.0060000 0.0139500
v 0.0217000 -0.0060000 0.0040500
v 0.0265000 -0.0060000 0.0040500
v 0.0265000 -0.0060000 0.0139500
v 0.0222500 -0.0095500 0.0142500
v 0.0222500 -0.0100000 0.0142500
v 0.0217000 -0.0095500 0.0142500
v 0.0217000 -0.0063000 0.0142500
v 0.0265000 -0.0100000 0.0142500
v 0.0265000 -0.0063000 0.0142500
v 0.0222500 -0.0095500 0.0233136
v 0.0222500 -0.0095500 0.0142500
v 0.0217000 -0.0095500 0.0233136
v 0.0217000 -0.0095500 0.0142500
v 0.0222500 -0.0088136 0.0240500
v 0.0222500 -0.0095500 0.0233136
v 0.0217000 -0.0088136 0.0240500
v 0.0217000 -0.0095500 0.0233136
v 0.0222500 0.0088136 0.0240500
v 0.0222500 -0.0088136 0.0240500
v 0.0217000 0.0088136 0.0240500
v 0.0217000 -0.0088136 0.0240500
v 0.0222500 0.0095500 0.0233136
v 0.0222500 0.0088136 0.0240500
v 0.0217000 0.0095500 0.0233136
v 0.0217000 0.0088136 0.0240500
v 0.0222500 0.0095500 0.0142500
v 0.0222500 0.0095500 0.0233136
v 0.0217000 0.0095500 0.0142500
v 0.0217000 0.0095500 0.0233136
v 0.0361500 -0.0100000 0.0235000
v 0.0361500 -0.0100000 -0.0085000
v 0.0222500 -0.0100000 0.0142500
v 0.0222500 -0.0100000 0.0235000
v 0.0222500 -0.0100000 -0.0085000
v 0.0222500 -0.0100000 0.0037500
v 0.0265000 -0.0100000 0.0037500
v 0.0265000 -0.0100000 0.0142500
v 0.0361500 -0.0100000 0.0235000
v 0.0361500 -0.0090000 0.0245000
v 0.0222500 -0.0090000 0.0245000
v 0.0222500 -0.0100000 0.0235000
v 0.0361500 -0.0100000 -0.0085000
v 0.0361500 -0.0090000 -0.0095000
v 0.0222500 -0.0090000 -0.0095000
v 0.0222500 -0.0100000 -0.0085000
v 0.0361500 -0.0090000 -0.0095000
v 0.0361500 0.0090000 -0.0095000
v 0.0222500 0.0090000 -0.0095000
v 0.0222500 -0.0090000 -0.0095000
v 0.0361500 0.0090000 -0.0095000
v 0.0361500 0.0100000 -0.0085000
v 0.0222500 0.0100000 -0.0085000
v 0.0222500 0.0090000 -0.0095000
v 0.0361500 0.0100000 0.0235000
v 0.0361500 0.0090000 0.0245000
v 0.0222500 0.0090000 0.0245000
v 0.0222500 0.0100000 0.0235000
v 0.0367000 -0.0071971 -0.0075315
v 0.0367000 -0.0072375 -0.0072423
v 0.0367000 -0.0073518 -0.0070290
v 0.0367000 -0.0074959 -0.0068750
v 0.0367000 -0.0077422 -0.0067375
v 0.0367000 -0.0080226 -0.0066973
v 0.0367000 -0.0082403 -0.0067353
v 0.0367000 -0.0084120 -0.0068124
v 0.0367000 -0.0085835 -0.0069484
v 0.0367000 -0.0087146 -0.0071359
v 0.0367000 -0.0087943 -0.0073742
v 0.0367000 -0.0087921 -0.0076254
v 0.0367000 -0.0087375 -0.0078140
v 0.0367000 -0.0086302 -0.0079968
v 0.0367000 -0.0084464 -0.0081681
v 0.0367000 -0.0082179 -0.0082724
v 0.0367000 -0.0079463 -0.0083030
v 0.0367000 -0.0076931 -0.0082409
v 0.0367000 -0.0074777 -0.0081115
v 0.0367000 -0.0073207 -0.0079255
v 0.0367000 -0.0072401 -0.0077552
v 0.0217000 -0.0072012 -0.0074371
v 0.0217000 -0.0072119 -0.0076568
v 0.0217000 -0.0072894 -0.0078709
v 0.0217000 -0.0074107 -0.0080448
v 0.0217000 -0.0075551 -0.0081658
v 0.0217000 -0.0077221 -0.0082529
v 0.0217000 -0.0079370 -0.0082995
v 0.0217000 -0.0081972 -0.0082803
v 0.0217000 -0.0084458 -0.0081673
v 0.0217000 -0.0085840 -0.0080475
v 0.0217000 -0.0086793 -0.0079255
v 0.0217000 -0.0087627 -0.0077478
v 0.0217000 -0.0088019 -0.0075315
v 0.0217000 -0.0087862 -0.0073493
v 0.0217000 -0.0087214 -0.0071431
v 0.0217000 -0.0085723 -0.0069388
v 0.0217000 -0.0084449 -0.0068342
v 0.0217000 -0.0082779 -0.0067471
v 0.0217000 -0.0080708 -0.0067015
v 0.0217000 -0.0079113 -0.0067044
v 0.0217000 -0.0077008 -0.0067528
v 0.0217000 -0.0074854 -0.0068854
v 0.0217000 -0.0073373 -0.0070464
v 0.0217000 -0.0072373 -0.0072522
v 0.0367000 0.0088029 -0.0075315
v 0.0367000 0.0087724 -0.0072821
v 0.0367000 0.0086875 -0.0070879
v 0.0367000 0.0085516 -0.0069164
v 0.0367000 0.0083364 -0.0067702
v 0.0367000 0.0080943 -0.0067030
v 0.0367000 0.0078214 -0.0067152
v 0.0367000 0.0075880 -0.0068124
v 0.0367000 0.0074164 -0.0069484
v 0.0367000 0.0072854 -0.0071359
v 0.0367000 0.0072209 -0.0073129
v 0.0367000 0.0071980 -0.0075000
v 0.0367000 0.0072276 -0.0077179
v 0.0367000 0.0073124 -0.0079120
v 0.0367000 0.0074484 -0.0080836
v 0.0367000 0.0076087 -0.0081987
v 0.0367000 0.0077821 -0.0082724
v 0.0367000 0.0080537 -0.0083030
v 0.0367000 0.0083069 -0.0082409
v 0.0367000 0.0085223 -0.0081115
v 0.0367000 0.0086793 -0.0079255
v 0.0367000 0.0087599 -0.0077552
v 0.0217000 0.0087988 -0.0074371
v 0.0217000 0.0087881 -0.0076568
v 0.0217000 0.0087002 -0.0078921
v 0.0217000 0.0085723 -0.0080612
v 0.0217000 0.0084448 -0.0081659
v 0.0217000 0.0082779 -0.0082529
v 0.0217000 0.0080630 -0.0082995
v 0.0217000 0.0078746 -0.0082914
v 0.0217000 0.0076719 -0.0082329
v 0.0217000 0.0074376 -0.0080758
v 0.0217000 0.0072854 -0.0078641
v 0.0217000 0.0072129 -0.0076566
v 0.0217000 0.0072016 -0.0074145
v 0.0217000 0.0072565 -0.0072006
v 0.0217000 0.0073818 -0.0069846
v 0.0217000 0.0075551 -0.0068342
v 0.0217000 0.0077221 -0.0067471
v 0.0217000 0.0079292 -0.0067015
v 0.0217000 0.0080887 -0.0067044
v 0.0217000 0.0082992 -0.0067528
v 0.0217000 0.0085385 -0.0069043
v 0.0217000 0.0086793 -0.0070745
v 0.0217000 0.0087627 -0.0072521
v 0.0367000 -0.0040971 0.0228685
v 0.0367000 -0.0041159 0.0230616
v 0.0367000 -0.0041625 0.0232141
v 0.0367000 -0.0042698 0.0233968
v 0.0367000 -0.0044714 0.0235812
v 0.0367000 -0.0047051 0.0236775
v 0.0367000 -0.0049225 0.0237027
v 0.0367000 -0.0051401 0.0236648
v 0.0367000 -0.0053120 0.0235876
v 0.0367000 -0.0054835 0.0234516
v 0.0367000 -0.0056145 0.0232641
v 0.0367000 -0.0056791 0.0230870
v 0.0367000 -0.0057020 0.0229000
v 0.0367000 -0.0056625 0.0226423
v 0.0367000 -0.0055115 0.0223777
v 0.0367000 -0.0052739 0.0221873
v 0.0367000 -0.0050616 0.0221159
v 0.0367000 -0.0048463 0.0220969
v 0.0367000 -0.0045931 0.0221591
v 0.0367000 -0.0043777 0.0222885
v 0.0367000 -0.0042207 0.0224745
v 0.0367000 -0.0041401 0.0226448
v 0.0217000 -0.0040981 0.0228685
v 0.0217000 -0.0041293 0.0226826
v 0.0217000 -0.0041998 0.0225079
v 0.0217000 -0.0043276 0.0223389
v 0.0217000 -0.0044998 0.0222038
v 0.0217000 -0.0047129 0.0221202
v 0.0217000 -0.0049315 0.0220981
v 0.0217000 -0.0051694 0.0221436
v 0.0217000 -0.0053647 0.0222469
v 0.0217000 -0.0055455 0.0224193
v 0.0217000 -0.0056627 0.0226522
v 0.0217000 -0.0057019 0.0228685
v 0.0217000 -0.0056683 0.0231396
v 0.0217000 -0.0055181 0.0234155
v 0.0217000 -0.0053449 0.0235658
v 0.0217000 -0.0051994 0.0236436
v 0.0217000 -0.0049943 0.0236970
v 0.0217000 -0.0047746 0.0236921
v 0.0217000 -0.0045934 0.0236402
v 0.0217000 -0.0044099 0.0235361
v 0.0217000 -0.0042512 0.0233713
v 0.0217000 -0.0041317 0.0231397
v 0.0367000 0.0091997 0.0193630
v 0.0367000 0.0091921 0.0195255
v 0.0367000 0.0091375 0.0197140
v 0.0367000 0.0090482 0.0198710
v 0.0367000 0.0089041 0.0200251
v 0.0367000 0.0087401 0.0201247
v 0.0367000 0.0085353 0.0201934
v 0.0367000 0.0082745 0.0201921
v 0.0367000 0.0080348 0.0201165
v 0.0367000 0.0078164 0.0199516
v 0.0367000 0.0076854 0.0197641
v 0.0367000 0.0076209 0.0195870
v 0.0367000 0.0075980 0.0194000
v 0.0367000 0.0076375 0.0191423
v 0.0367000 0.0077698 0.0189031
v 0.0367000 0.0079225 0.0187561
v 0.0367000 0.0080646 0.0186729
v 0.0367000 0.0082741 0.0186057
v 0.0367000 0.0085176 0.0186071
v 0.0367000 0.0087069 0.0186591
v 0.0367000 0.0089223 0.0187885
v 0.0367000 0.0090793 0.0189744
v 0.0367000 0.0091704 0.0191734
v 0.0217000 0.0092019 0.0194315
v 0.0217000 0.0091684 0.0191604
v 0.0217000 0.0090489 0.0189287
v 0.0217000 0.0088901 0.0187639
v 0.0217000 0.0086776 0.0186470
v 0.0217000 0.0084095 0.0185952
v 0.0217000 0.0081826 0.0186293
v 0.0217000 0.0080362 0.0186861
v 0.0217000 0.0078615 0.0188043
v 0.0217000 0.0077207 0.0189744
v 0.0217000 0.0076373 0.0191522
v 0.0217000 0.0076012 0.0193371
v 0.0217000 0.0076119 0.0195568
v 0.0217000 0.0076998 0.0197921
v 0.0217000 0.0078276 0.0199611
v 0.0217000 0.0079551 0.0200659
v 0.0217000 0.0081005 0.0201435
v 0.0217000 0.0083057 0.0201970
v 0.0217000 0.0085254 0.0201921
v 0.0217000 0.0087066 0.0201402
v 0.0217000 0.0088900 0.0200362
v 0.0217000 0.0090627 0.0198535
v 0.0217000 0.0091627 0.0196478
v 0.0367000 -0.0075980 -0.0045000
v 0.0367000 -0.0076375 -0.0042423
v 0.0367000 -0.0077885 -0.0039777
v 0.0367000 -0.0079744 -0.0038207
v 0.0367000 -0.0081734 -0.0037296
v 0.0367000 -0.0084000 -0.0036980
v 0.0367000 -0.0086179 -0.0037276
v 0.0367000 -0.0088121 -0.0038125
v 0.0367000 -0.0089436 -0.0039120
v 0.0367000 -0.0090673 -0.0040542
v 0.0367000 -0.0091803 -0.0043029
v 0.0367000 -0.0091980 -0.0045944
v 0.0367000 -0.0091375 -0.0048140
v 0.0367000 -0.0090482 -0.0049710
v 0.0367000 -0.0089041 -0.0051251
v 0.0367000 -0.0087352 -0.0052273
v 0.0367000 -0.0085259 -0.0052943
v 0.0367000 -0.0082213 -0.0052848
v 0.0367000 -0.0079878 -0.0051875
v 0.0367000 -0.0078099 -0.0050454
v 0.0367000 -0.0076822 -0.0048569
v 0.0367000 -0.0076209 -0.0046871
v 0.0217000 -0.0076119 -0.0046568
v 0.0217000 -0.0076894 -0.0048709
v 0.0217000 -0.0078107 -0.0050447
v 0.0217000 -0.0079551 -0.0051659
v 0.0217000 -0.0081223 -0.0052529
v 0.0217000 -0.0083905 -0.0053048
v 0.0217000 -0.0086172 -0.0052708
v 0.0217000 -0.0087922 -0.0052002
v 0.0217000 -0.0089393 -0.0050917
v 0.0217000 -0.0090488 -0.0049714
v 0.0217000 -0.0091435 -0.0047994
v 0.0217000 -0.0092017 -0.0045631
v 0.0217000 -0.0091862 -0.0043493
v 0.0217000 -0.0091214 -0.0041431
v 0.0217000 -0.0089723 -0.0039388
v 0.0217000 -0.0088449 -0.0038342
v 0.0217000 -0.0086397 -0.0037317
v 0.0217000 -0.0083685 -0.0036981
v 0.0217000 -0.0081599 -0.0037352
v 0.0217000 -0.0079879 -0.0038125
v 0.0217000 -0.0078165 -0.0039483
v 0.0217000 -0.0076854 -0.0041359
v 0.0217000 -0.0076057 -0.0043742
v 0.0367000 0.0091921 -0.0043745
v 0.0367000 0.0091375 -0.0041860
v 0.0367000 0.0090115 -0.0039777
v 0.0367000 0.0088002 -0.0038038
v 0.0367000 0.0085949 -0.0037225
v 0.0367000 0.0084000 -0.0036980
v 0.0367000 0.0081821 -0.0037276
v 0.0367000 0.0079880 -0.0038124
v 0.0367000 0.0078564 -0.0039120
v 0.0367000 0.0077327 -0.0040541
v 0.0367000 0.0076197 -0.0043029
v 0.0367000 0.0076020 -0.0045944
v 0.0367000 0.0076625 -0.0048140
v 0.0367000 0.0077518 -0.0049710
v 0.0367000 0.0078959 -0.0051251
v 0.0367000 0.0081138 -0.0052503
v 0.0367000 0.0083685 -0.0053029
v 0.0367000 0.0086178 -0.0052724
v 0.0367000 0.0088120 -0.0051876
v 0.0367000 0.0089901 -0.0050454
v 0.0367000 0.0091178 -0.0048569
v 0.0367000 0.0091943 -0.0046258
v 0.0217000 0.0092017 -0.0045631
v 0.0217000 0.0091435 -0.0047994
v 0.0217000 0.0090488 -0.0049714
v 0.0217000 0.0088901 -0.0051361
v 0.0217000 0.0086397 -0.0052683
v 0.0217000 0.0083685 -0.0053019
v 0.0217000 0.0081828 -0.0052708
v 0.0217000 0.0080078 -0.0052002
v 0.0217000 0.0078607 -0.0050917
v 0.0217000 0.0077512 -0.0049714
v 0.0217000 0.0076565 -0.0047994
v 0.0217000 0.0075983 -0.0045631
v 0.0217000 0.0076317 -0.0042603
v 0.0217000 0.0077819 -0.0039845
v 0.0217000 0.0079551 -0.0038342
v 0.0217000 0.0081006 -0.0037564
v 0.0217000 0.0083057 -0.0037030
v 0.0217000 0.0085254 -0.0037079
v 0.0217000 0.0087651 -0.0037835
v 0.0217000 0.0089836 -0.0039484
v 0.0217000 0.0091146 -0.0041360
v 0.0217000 0.0091812 -0.0043206
v 0.0367000 0.0087980 0.0225944
v 0.0367000 0.0087375 0.0228140
v 0.0367000 0.0086302 0.0229968
v 0.0367000 0.0084286 0.0231813
v 0.0367000 0.0081353 0.0232934
v 0.0367000 0.0078745 0.0232921
v 0.0367000 0.0076860 0.0232375
v 0.0367000 0.0074958 0.0231250
v 0.0367000 0.0073327 0.0229458
v 0.0367000 0.0072197 0.0226971
v 0.0367000 0.0072020 0.0224055
v 0.0367000 0.0072625 0.0221860
v 0.0367000 0.0073518 0.0220291
v 0.0367000 0.0074958 0.0218750
v 0.0367000 0.0076647 0.0217728
v 0.0367000 0.0078521 0.0217107
v 0.0367000 0.0080943 0.0217030
v 0.0367000 0.0083569 0.0217786
v 0.0367000 0.0085901 0.0219546
v 0.0367000 0.0087178 0.0221431
v 0.0367000 0.0087871 0.0223434
v 0.0217000 0.0088019 0.0225315
v 0.0217000 0.0087798 0.0223128
v 0.0217000 0.0087106 0.0221291
v 0.0217000 0.0085893 0.0219552
v 0.0217000 0.0084449 0.0218342
v 0.0217000 0.0082778 0.0217471
v 0.0217000 0.0080998 0.0217057
v 0.0217000 0.0079450 0.0217003
v 0.0217000 0.0077008 0.0217528
v 0.0217000 0.0074376 0.0219242
v 0.0217000 0.0072854 0.0221359
v 0.0217000 0.0072057 0.0223742
v 0.0217000 0.0072119 0.0226568
v 0.0217000 0.0072998 0.0228921
v 0.0217000 0.0074277 0.0230612
v 0.0217000 0.0075551 0.0231658
v 0.0217000 0.0077006 0.0232436
v 0.0217000 0.0079057 0.0232969
v 0.0217000 0.0081255 0.0232921
v 0.0217000 0.0083651 0.0232166
v 0.0217000 0.0085612 0.0230723
v 0.0217000 0.0086658 0.0229449
v 0.0217000 0.0087564 0.0227696
v 0.0367000 -0.0072020 0.0225945
v 0.0367000 -0.0072625 0.0228140
v 0.0367000 -0.0073698 0.0229968
v 0.0367000 -0.0075714 0.0231813
v 0.0367000 -0.0078647 0.0232934
v 0.0367000 -0.0081255 0.0232921
v 0.0367000 -0.0083140 0.0232375
v 0.0367000 -0.0085041 0.0231250
v 0.0367000 -0.0086673 0.0229459
v 0.0367000 -0.0087803 0.0226971
v 0.0367000 -0.0087980 0.0224056
v 0.0367000 -0.0087375 0.0221860
v 0.0367000 -0.0086482 0.0220291
v 0.0367000 -0.0085042 0.0218750
v 0.0367000 -0.0082864 0.0217498
v 0.0367000 -0.0080942 0.0217048
v 0.0367000 -0.0079056 0.0217030
v 0.0367000 -0.0077281 0.0217470
v 0.0367000 -0.0075879 0.0218125
v 0.0367000 -0.0074099 0.0219546
v 0.0367000 -0.0072822 0.0221431
v 0.0367000 -0.0072129 0.0223435
v 0.0217000 -0.0071981 0.0225315
v 0.0217000 -0.0072202 0.0223128
v 0.0217000 -0.0072894 0.0221291
v 0.0217000 -0.0074107 0.0219552
v 0.0217000 -0.0075551 0.0218342
v 0.0217000 -0.0077222 0.0217471
v 0.0217000 -0.0079369 0.0217005
v 0.0217000 -0.0081653 0.0217142
v 0.0217000 -0.0083921 0.0217998
v 0.0217000 -0.0085394 0.0219084
v 0.0217000 -0.0086627 0.0220465
v 0.0217000 -0.0087627 0.0222521
v 0.0217000 -0.0087988 0.0224371
v 0.0217000 -0.0087881 0.0226568
v 0.0217000 -0.0087002 0.0228921
v 0.0217000 -0.0085724 0.0230612
v 0.0217000 -0.0084449 0.0231658
v 0.0217000 -0.0082994 0.0232436
v 0.0217000 -0.0080943 0.0232969
v 0.0217000 -0.0078745 0.0232921
v 0.0217000 -0.0076349 0.0232166
v 0.0217000 -0.0074388 0.0230723
v 0.0217000 -0.0073342 0.0229449
v 0.0217000 -0.0072436 0.0227695
v 0.0217000 0.0010853 -0.0002033
v 0.0217000 0.0009869 -0.0004907
v 0.0217000 0.0008691 -0.0006755
v 0.0217000 0.0007240 -0.0008310
v 0.0217000 0.0005446 -0.0009566
v 0.0217000 0.0003510 -0.0010448
v 0.0217000 0.0001370 -0.0010922
v 0.0217000 -0.0000756 -0.0010996
v 0.0217000 -0.0002915 -0.0010615
v 0.0217000 -0.0005006 -0.0009825
v 0.0217000 -0.0007240 -0.0008310
v 0.0217000 -0.0008980 -0.0006390
v 0.0217000 -0.0010178 -0.0004216
v 0.0217000 -0.0010781 -0.0002222
v 0.0217000 -0.0011021 -0.0000109
v 0.0217000 -0.0010659 0.0002879
v 0.0217000 -0.0009248 0.0006032
v 0.0217000 -0.0007528 0.0008032
v 0.0217000 -0.0005501 0.0009573
v 0.0217000 -0.0002574 0.0010723
v 0.0217000 -0.0000354 0.0011002
v 0.0217000 0.0002153 0.0010823
v 0.0217000 0.0004609 0.0010000
v 0.0217000 0.0006831 0.0008666
v 0.0217000 0.0008647 0.0006817
v 0.0217000 0.0009816 0.0005001
v 0.0217000 0.0010573 0.0003062
v 0.0217000 0.0010979 0.0000973
v 0.0224000 0.0011027 -0.0000000
v 0.0224000 -0.0010996 -0.0000757
v 0.0224000 -0.0010366 -0.0003824
v 0.0224000 -0.0008853 -0.0006566
v 0.0224000 -0.0007076 -0.0008450
v 0.0224000 -0.0005002 -0.0009816
v 0.0224000 -0.0003063 -0.0010573
v 0.0224000 -0.0000557 -0.0011027
v 0.0224000 0.0002147 -0.0010799
v 0.0224000 0.0004215 -0.0010179
v 0.0224000 0.0006050 -0.0009196
v 0.0224000 0.0007716 -0.0007870
v 0.0224000 0.0009110 -0.0006179
v 0.0224000 0.0010141 -0.0004317
v 0.0224000 0.0010781 -0.0002222
v 0.0224000 0.0010713 0.0002572
v 0.0224000 0.0010029 0.0004539
v 0.0224000 0.0008980 0.0006390
v 0.0224000 0.0006840 0.0008677
v 0.0224000 0.0003820 0.0010353
v 0.0224000 0.0000434 0.0011040
v 0.0224000 -0.0002572 0.0010713
v 0.0224000 -0.0005287 0.0009693
v 0.0224000 -0.0007415 0.0008135
v 0.0224000 -0.0009111 0.0006236
v 0.0224000 -0.0010448 0.0003509
v 0.0224000 -0.0010922 0.0001370
v 0.0224000 0.0011027 -0.0000000
v 0.0224000 -0.0010996 -0.0000757
v 0.0224000 -0.0010366 -0.0003824
v 0.0224000 -0.0008853 -0.0006566
v 0.0224000 -0.0007076 -0.0008450
v 0.0224000 -0.0005002 -0.0009816
v 0.0224000 -0.0003063 -0.0010573
v 0.0224000 -0.0000557 -0.0011027
v 0.0224000 0.0002147 -0.0010799
v 0.0224000 0.0004215 -0.0010179
v 0.0224000 0.0006050 -0.0009196
v 0.0224000 0.0007716 -0.0007870
v 0.0224000 0.0009110 -0.0006179
v 0.0224000 0.0010141 -0.0004317
v 0.0224000 0.0010781 -0.0002222
v 0.0224000 0.0010713 0.0002572
v 0.0224000 0.0010029 0.0004539
v 0.0224000 0.0008980 0.0006390
v 0.0224000 0.0006840 0.0008677
v 0.0224000 0.0003820 0.0010353
v 0.0224000 0.0000434 0.0011040
v 0.0224000 -0.0002572 0.0010713
v 0.0224000 -0.0005287 0.0009693
v 0.0224000 -0.0007415 0.0008135
v 0.0224000 -0.0009111 0.0006236
v 0.0224000 -0.0010448 0.0003509
v 0.0224000 -0.0010922 0.0001370
v 0.0367000 0.0025004 -0.0000809
v 0.0367000 0.0024730 0.0003917
v 0.0367000 0.0023776 0.0007725
v 0.0367000 0.0022647 0.0010631
v 0.0367000 0.0020257 0.0014716
v 0.0367000 0.0017678 0.0017678
v 0.0367000 0.0015351 0.0019754
v 0.0367000 0.0012220 0.0021823
v 0.0367000 0.0008662 0.0023478
v 0.0367000 0.0004878 0.0024531
v 0.0367000 0.0000983 0.0025006
v 0.0367000 -0.0002939 0.0024838
v 0.0367000 -0.0006623 0.0024125
v 0.0367000 -0.0010317 0.0022791
v 0.0367000 -0.0013904 0.0020807
v 0.0367000 -0.0016978 0.0018366
v 0.0367000 -0.0019653 0.0015492
v 0.0367000 -0.0021822 0.0012222
v 0.0367000 -0.0023097 0.0009567
v 0.0367000 -0.0024125 0.0006623
v 0.0367000 -0.0024864 0.0002768
v 0.0367000 -0.0024991 -0.0001156
v 0.0367000 -0.0024531 -0.0004880
v 0.0367000 -0.0023478 -0.0008662
v 0.0367000 -0.0021742 -0.0012376
v 0.0367000 -0.0019642 -0.0015484
v 0.0367000 -0.0016987 -0.0018376
v 0.0367000 -0.0013755 -0.0020897
v 0.0367000 -0.0010472 -0.0022713
v 0.0367000 -0.0007725 -0.0023776
v 0.0367000 -0.0004878 -0.0024531
v 0.0367000 -0.0001961 -0.0024923
v 0.0367000 0.0001157 -0.0024991
v 0.0367000 0.0005050 -0.0024503
v 0.0367000 0.0008822 -0.0023410
v 0.0367000 0.0013083 -0.0021348
v 0.0367000 0.0016854 -0.0018488
v 0.0367000 0.0019010 -0.0016236
v 0.0367000 0.0020797 -0.0013895
v 0.0367000 0.0022275 -0.0011350
v 0.0367000 0.0023465 -0.0008657
v 0.0367000 0.0024544 -0.0004882
v 0.0402000 0.0024991 -0.0001156
v 0.0402000 0.0024531 -0.0004880
v 0.0402000 0.0023776 -0.0007725
v 0.0402000 0.0022714 -0.0010471
v 0.0402000 0.0021316 -0.0013063
v 0.0402000 0.0019642 -0.0015484
v 0.0402000 0.0017678 -0.0017678
v 0.0402000 0.0015484 -0.0019643
v 0.0402000 0.0013062 -0.0021316
v 0.0402000 0.0010317 -0.0022791
v 0.0402000 0.0006622 -0.0024125
v 0.0402000 0.0002940 -0.0024838
v 0.0402000 -0.0000000 -0.0025000
v 0.0402000 -0.0002940 -0.0024838
v 0.0402000 -0.0005836 -0.0024309
v 0.0402000 -0.0008822 -0.0023410
v 0.0402000 -0.0012375 -0.0021743
v 0.0402000 -0.0016261 -0.0019040
v 0.0402000 -0.0019010 -0.0016236
v 0.0402000 -0.0020898 -0.0013754
v 0.0402000 -0.0023132 -0.0009582
v 0.0402000 -0.0024544 -0.0004882
v 0.0402000 -0.0025004 -0.0000808
v 0.0402000 -0.0024730 0.0003917
v 0.0402000 -0.0023776 0.0007725
v 0.0402000 -0.0022647 0.0010631
v 0.0402000 -0.0020257 0.0014716
v 0.0402000 -0.0016987 0.0018376
v 0.0402000 -0.0013896 0.0020796
v 0.0402000 -0.0010633 0.0022646
v 0.0402000 -0.0006958 0.0024031
v 0.0402000 -0.0002941 0.0024852
v 0.0402000 0.0000982 0.0024992
v 0.0402000 0.0004881 0.0024544
v 0.0402000 0.0008657 0.0023465
v 0.0402000 0.0011350 0.0022275
v 0.0402000 0.0013896 0.0020796
v 0.0402000 0.0016236 0.0019010
v 0.0402000 0.0018488 0.0016855
v 0.0402000 0.0020897 0.0013754
v 0.0402000 0.0023132 0.0009582
v 0.0402000 0.0024309 0.0005836
v 0.0402000 0.0024864 0.0002768
v 0.0402000 0.0024991 -0.0001156
v 0.0402000 0.0024531 -0.0004880
v 0.0402000 0.0023776 -0.0007725
v 0.0402000 0.0022714 -0.0010471
v 0.0402000 0.0021316 -0.0013063
v 0.0402000 0.0019642 -0.0015484
v 0.0402000 0.0017678 -0.0017678
v 0.0402000 0.0015484 -0.0019643
v 0.0402000 0.0013062 -0.0021316
v 0.0402000 0.0010317 -0.0022791
v 0.0402000 0.0006622 -0.0024125
v 0.0402000 0.0002940 -0.0024838
v 0.0402000 -0.0000000 -0.0025000
v 0.0402000 -0.0002940 -0.0024838
v 0.0402000 -0.0005836 -0.0024309
v 0.0402000 -0.0008822 -0.0023410
v 0.0402000 -0.0012375 -0.0021743
v 0.0402000 -0.0016261 -0.0019040
v 0.0402000 -0.0019010 -0.0016236
v 0.0402000 -0.0020898 -0.0013754
v 0.0402000 -0.0023132 -0.0009582
v 0.0402000 -0.0024544 -0.0004882
v 0.0402000 -0.0025004 -0.0000808
v 0.0402000 -0.0024730 0.0003917
v 0.0402000 -0.0023776 0.0007725
v 0.0402000 -0.0022647 0.0010631
v 0.0402000 -0.0020257 0.0014716
v 0.0402000 -0.0016987 0.0018376
v 0.0402000 -0.0013896 0.0020796
v 0.0402000 -0.0010633 0.0022646
v 0.0402000 -0.0006958 0.0024031
v 0.0402000 -0.0002941 0.0024852
v 0.0402000 0.0000982 0.0024992
v 0.0402000 0.0004881 0.0024544
v 0.0402000 0.0008657 0.0023465
v 0.0402000 0.0011350 0.0022275
v 0.0402000 0.0013896 0.0020796
v 0.0402000 0.0016236 0.0019010
v 0.0402000 0.0018488 0.0016855
v 0.0402000 0.0020897 0.0013754
v 0.0402000 0.0023132 0.0009582
v 0.0402000 0.0024309 0.0005836
v 0.0402000 0.0024864 0.0002768
vn 1.000000 0.000000 0.000000
vn 1.000000 0.000000 0.000000
vn 1.000000 0.000000 0.000000
vn 1.000000 0.000000 0.000000
vn 1.000000 0.000000 0.000000
vn 1.000000 0.000000 0.000000
vn 1.000000 0.000000 0.000000
vn 1.000000 0.000000 0.000000
vn 1.000000 0.000000 0.000000
vn 1.000000 0.000000 0.000000
vn 1.000000 0.000000 0.000000
vn 1.000000 0.000000 0.000000
vn 1.000000 0.000000 0.000000
vn 1.000000 0.000000 0.000000
vn 1.000000 0.000000 0.000000
vn 1.000000 0.000000 0.000000
vn 1.000000 0.000000 0.000000
vn 1.000000 0.000000 0.000000
vn 1.000000 0.000000 0.000000
vn 1.000000 0.000000 0.000000
vn 1.000000 0.000000 0.000000
vn 1.000000 0.000000 0.000000
vn 1.000000 0.000000 0.000000
vn 1.000000 0.000000 0.000000
vn 1.000000 0.000000 0.000000
vn 1.000000 0.000000 0.000000
vn 1.000000 0.000000 0.000000
vn 1.000000 0.000000 0.000000
vn 1.000000 0.000000 0.000000
vn 1.000000 0.000000 0.000000
vn 1.000000 0.000000 0.000000
vn 1.000000 0.000000 0.000000
vn 1.000000 0.000000 0.000000
vn 1.000000 0.000000 0.000000
vn 1.000000 0.000000 0.000000
vn 1.000000 0.000000 0.000000
vn 1.000000 0.000000 0.000000
vn 1.000000 0.000000 0.000000
vn 1.000000 0.000000 0.000000
vn 1.000000 0.000000 0.000000
vn 1.000000 0.000000 0.000000
vn 1.000000 0.000000 0.000000
vn 1.000000 0.000000 0.000000
vn 1.000000 0.000000 0.000000
vn 1.000000 0.000000 0.000000
vn 1.000000 0.000000 0.000000
vn 1.000000 0.000000 0.000000
vn 1.000000 0.000000 0.000000
vn 1.000000 0.000000 0.000000
vn 1.000000 0.000000 0.000000
vn 1.000000 0.000000 0.000000
vn 1.000000 0.000000 0.000000
vn 1.000000 0.000000 0.000000
vn 1.000000 0.000000 0.000000
vn 1.000000 0.000000 0.000000
vn 1.000000 0.000000 0.000000
vn 1.000000 0.000000 0.000000
vn 1.000000 0.000000 0.000000
vn 1.000000 0.000000 0.000000
vn 1.000000 0.000000 0.000000
vn 1.000000 0.000000 0.000000
vn 1.000000 0.000000 0.000000
vn 1.000000 0.000000 0.000000
vn 1.000000 0.000000 0.000000
vn 1.000000 0.000000 0.000000
vn 1.000000 0.000000 0.000000
vn 1.000000 0.000000 0.000000
vn 1.000000 0.000000 0.000000
vn 1.000000 0.000000 0.000000
vn 1.000000 0.000000 0.000000
vn 1.000000 0.000000 0.000000
vn 1.000000 0.000000 0.000000
vn 1.000000 0.000000 0.000000
vn 1.000000 0.000000 0.000000
vn 1.000000 0.000000 0.000000
vn 1.000000 0.000000 0.000000
vn 1.000000 0.000000 0.000000
vn 1.000000 0.000000 0.000000
vn 1.000000 0.000000 0.000000
vn 1.000000 0.000000 0.000000
vn 1.000000 0.000000 0.000000
vn 1.000000 0.000000 0.000000
vn 1.000000 0.000000 0.000000
vn 1.000000 0.000000 0.000000
vn 1.000000 0.000000 0.000000
vn 1.000000 0.000000 0.000000
vn 1.000000 0.000000 0.000000
vn 1.000000 0.000000 0.000000
vn 1.000000 0.000000 0.000000
vn 1.000000 0.000000 0.000000
vn 1.000000 0.000000 0.000000
vn 1.000000 0.000000 0.000000
vn 1.000000 0.000000 0.000000
vn 1.000000 0.000000 0.000000
vn 1.000000 0.000000 0.000000
vn 1.000000 0.000000 0.000000
vn 1.000000 0.000000 0.000000
vn 1.000000 0.000000 0.000000
vn 1.000000 0.000000 0.000000
vn 1.000000 0.000000 0.000000
vn 1.000000 0.000000 0.000000
vn 1.000000 0.000000 0.000000
vn 1.000000 0.000000 0.000000
vn 1.000000 0.000000 0.000000
vn 1.000000 0.000000 0.000000
vn 1.000000 0.000000 0.000000
vn 1.000000 0.000000 0.000000
vn 1.000000 0.000000 0.000000
vn 1.000000 0.000000 0.000000
vn 1.000000 0.000000 0.000000
vn 1.000000 0.000000 0.000000
vn 1.000000 0.000000 0.000000
vn 1.000000 0.000000 0.000000
vn 1.000000 0.000000 0.000000
vn 1.000000 0.000000 0.000000
vn 1.000000 0.000000 0.000000
vn 1.000000 0.000000 0.000000
vn 1.000000 0.000000 0.000000
vn 1.000000 0.000000 0.000000
vn 1.000000 0.000000 0.000000
vn 1.000000 0.000000 0.000000
vn 1.000000 0.000000 0.000000
vn 1.000000 0.000000 0.000000
vn 1.000000 0.000000 0.000000
vn 1.000000 0.000000 0.000000
vn 1.000000 0.000000 0.000000
vn 1.000000 0.000000 0.000000
vn 1.000000 0.000000 0.000000
vn 1.000000 0.000000 0.000000
vn 1.000000 0.000000 0.000000
vn 1.000000 0.000000 0.000000
vn 1.000000 0.000000 0.000000
vn 1.000000 0.000000 0.000000
vn 1.000000 0.000000 0.000000
vn 1.000000 0.000000 0.000000
vn 1.000000 0.000000 0.000000
vn 1.000000 0.000000 0.000000
vn 1.000000 0.000000 0.000000
vn 1.000000 0.000000 0.000000
vn 1.000000 0.000000 0.000000
vn 1.000000 0.000000 0.000000
vn 1.000000 0.000000 0.000000
vn 1.000000 0.000000 0.000000
vn 1.000000 0.000000 0.000000
vn 1.000000 0.000000 0.000000
vn 1.000000 0.000000 0.000000
vn 1.000000 0.000000 0.000000
vn 1.000000 0.000000 0.000000
vn 1.000000 0.000000 0.000000
vn 1.000000 0.000000 0.000000
vn 1.000000 0.000000 0.000000
vn 1.000000 0.000000 0.000000
vn 1.000000 0.000000 0.000000
vn 1.000000 0.000000 0.000000
vn 1.000000 0.000000 0.000000
vn 1.000000 0.000000 0.000000
vn 1.000000 0.000000 0.000000
vn 1.000000 0.000000 0.000000
vn 1.000000 0.000000 0.000000
vn 1.000000 0.000000 0.000000
vn 1.000000 0.000000 0.000000
vn 1.000000 0.000000 0.000000
vn 1.000000 0.000000 0.000000
vn 1.000000 0.000000 0.000000
vn 1.000000 0.000000 0.000000
vn 1.000000 0.000000 0.000000
vn 1.000000 0.000000 0.000000
vn 1.000000 0.000000 0.000000
vn 1.000000 0.000000 0.000000
vn 1.000000 0.000000 0.000000
vn 1.000000 0.000000 0.000000
vn 1.000000 0.000000 0.000000
vn 1.000000 0.000000 0.000000
vn 1.000000 0.000000 0.000000
vn 1.000000 0.000000 0.000000
vn 1.000000 0.000000 0.000000
vn 1.000000 0.000000 0.000000
vn 1.000000 0.000000 0.000000
vn 1.000000 0.000000 0.000000
vn 1.000000 0.000000 0.000000
vn 1.000000 0.000000 0.000000
vn 1.000000 0.000000 0.000000
vn 1.000000 0.000000 0.000000
vn 1.000000 0.000000 0.000000
vn 1.000000 0.000000 0.000000
vn 1.000000 0.000000 0.000000
vn 1.000000 0.000000 0.000000
vn 1.000000 0.000000 0.000000
vn 1.000000 0.000000 0.000000
vn 1.000000 0.000000 0.000000
vn 1.000000 0.000000 0.000000
vn 1.000000 0.000000 0.000000
vn 1.000000 0.000000 0.000000
vn 1.000000 0.000000 0.000000
vn 1.000000 0.000000 0.000000
vn 1.000000 0.000000 0.000000
vn 1.000000 0.000000 0.000000
vn 1.000000 0.000000 0.000000
vn 1.000000 0.000000 0.000000
vn 1.000000 0.000000 0.000000
vn 1.000000 0.000000 0.000000
vn 1.000000 0.000000 0.000000
vn 1.000000 0.000000 0.000000
vn 1.000000 0.000000 0.000000
vn 1.000000 0.000000 0.000000
vn 1.000000 0.000000 0.000000
vn 1.000000 0.000000 0.000000
vn 1.000000 0.000000 0.000000
vn 1.000000 0.000000 0.000000
vn 1.000000 0.000000 0.000000
vn 1.000000 0.000000 0.000000
vn 1.000000 0.000000 0.000000
vn 1.000000 0.000000 0.000000
vn 1.000000 0.000000 0.000000
vn 1.000000 0.000000 0.000000
vn 1.000000 0.000000 0.000000
vn 1.000000 0.000000 0.000000
vn 1.000000 0.000000 0.000000
vn 1.000000 0.000000 0.000000
vn 1.000000 0.000000 0.000000
vn 1.000000 0.000000 0.000000
vn 1.000000 0.000000 0.000000
vn 1.000000 0.000000 0.000000
vn 1.000000 0.000000 0.000000
vn 1.000000 0.000000 0.000000
vn 0.000000 -1.000000 0.000000
vn 0.000000 -1.000000 0.000000
vn 0.000000 -1.000000 0.000000
vn 0.000000 -1.000000 0.000000
vn 0.000000 -0.707109 -0.707104
vn 0.000000 -0.707109 -0.707104
vn 0.000000 -0.707109 -0.707104
vn 0.000000 -0.707109 -0.707104
vn 0.000000 0.000000 -1.000000
vn 0.000000 0.000000 -1.000000
vn 0.000000 0.000000 -1.000000
vn 0.000000 0.000000 -1.000000
vn 0.000000 0.707109 -0.707105
vn 0.000000 0.707109 -0.707105
vn 0.000000 0.707109 -0.707105
vn 0.000000 0.707109 -0.707105
vn 0.000000 1.000000 -0.000000
vn 0.000000 1.000000 -0.000000
vn 0.000000 1.000000 -0.000000
vn 0.000000 1.000000 -0.000000
vn 0.000000 0.707109 0.707105
vn 0.000000 0.707109 0.707105
vn 0.000000 0.707109 0.707105
vn 0.000000 0.707109 0.707105
vn 0.000000 0.000000 1.000000
vn 0.000000 0.000000 1.000000
vn 0.000000 0.000000 1.000000
vn 0.000000 0.000000 1.000000
vn 0.000000 -0.707109 0.707105
vn 0.000000 -0.707109 0.707105
vn 0.000000 -0.707109 0.707105
vn 0.000000 -0.707109 0.707105
vn 1.000000 0.000000 0.000000
vn 1.000000 0.000000 0.000000
vn 1.000000 0.000000 0.000000
vn 1.000000 0.000000 0.000000
vn 1.000000 0.000000 0.000000
vn 1.000000 0.000000 0.000000
vn 1.000000 0.000000 0.000000
vn 1.000000 0.000000 0.000000
vn 1.000000 0.000000 0.000000
vn 1.000000 0.000000 0.000000
vn 1.000000 0.000000 0.000000
vn 1.000000 0.000000 0.000000
vn 1.000000 0.000000 0.000000
vn 1.000000 0.000000 0.000000
vn 1.000000 0.000000 0.000000
vn 1.000000 0.000000 0.000000
vn 0.000000 0.000000 1.000000
vn 0.000000 0.000000 1.000000
vn 0.000000 0.000000 1.000000
vn 0.000000 0.000000 1.000000
vn -1.000000 0.000000 0.000000
vn -1.000000 0.000000 0.000000
vn -1.000000 0.000000 0.000000
vn -1.000000 0.000000 0.000000
vn -1.000000 0.000000 0.000000
vn -1.000000 0.000000 0.000000
vn -1.000000 0.000000 0.000000
vn -1.000000 0.000000 0.000000
vn -1.000000 0.000000 0.000000
vn -1.000000 0.000000 0.000000
vn -1.000000 0.000000 0.000000
vn -1.000000 0.000000 0.000000
vn 0.000000 0.000000 -1.000000
vn 0.000000 0.000000 -1.000000
vn 0.000000 0.000000 -1.000000
vn 0.000000 0.000000 -1.000000
vn 0.000000 0.000000 -1.000000
vn 0.000000 0.000000 -1.000000
vn 0.000000 0.707095 -0.707118
vn 0.000000 0.707094 -0.707119
vn 0.000000 0.707094 -0.707119
vn 0.000000 0.707095 -0.707118
vn 0.000000 1.000000 0.000000
vn 0.000000 1.000000 -0.000000
vn 0.000000 1.000000 -0.000000
vn 0.000000 1.000000 -0.000000
vn -1.000000 0.000000 0.000000
vn -1.000000 0.000000 0.000000
vn -1.000000 0.000000 0.000000
vn -1.000000 0.000000 0.000000
vn -1.000000 0.000000 0.000000
vn -1.000000 0.000000 0.000000
vn -1.000000 0.000000 0.000000
vn -1.000000 0.000000 0.000000
vn -1.000000 0.000000 0.000000
vn -1.000000 0.000000 0.000000
vn -1.000000 0.000000 0.000000
vn -1.000000 0.000000 0.000000
vn -1.000000 0.000000 0.000000
vn -1.000000 0.000000 0.000000
vn -1.000000 0.000000 0.000000
vn -1.000000 0.000000 0.000000
vn -1.000000 0.000000 0.000000
vn -1.000000 0.000000 0.000000
vn -1.000000 0.000000 0.000000
vn -1.000000 0.000000 0.000000
vn -1.000000 0.000000 0.000000
vn -1.000000 0.000000 0.000000
vn -1.000000 0.000000 0.000000
vn -1.000000 0.000000 0.000000
vn -1.000000 0.000000 0.000000
vn -1.000000 0.000000 0.000000
vn -1.000000 0.000000 0.000000
vn -1.000000 0.000000 0.000000
vn -1.000000 0.000000 0.000000
vn -1.000000 0.000000 0.000000
vn -1.000000 0.000000 0.000000
vn -1.000000 0.000000 0.000000
vn -1.000000 0.000000 0.000000
vn -1.000000 0.000000 0.000000
vn -1.000000 0.000000 0.000000
vn -1.000000 0.000000 0.000000
vn -1.000000 0.000000 0.000000
vn -1.000000 0.000000 0.000000
vn -1.000000 0.000000 0.000000
vn -1.000000 0.000000 0.000000
vn -1.000000 0.000000 0.000000
vn -1.000000 0.000000 0.000000
vn -1.000000 0.000000 0.000000
vn -1.000000 0.000000 0.000000
vn -1.000000 0.000000 0.000000
vn -1.000000 0.000000 0.000000
vn -1.000000 0.000000 0.000000
vn -1.000000 0.000000 0.000000
vn -1.000000 0.000000 0.000000
vn -1.000000 0.000000 0.000000
vn -1.000000 0.000000 0.000000
vn -1.000000 0.000000 0.000000
vn -1.000000 0.000000 0.000000
vn -1.000000 0.000000 0.000000
vn -1.000000 0.000000 0.000000
vn -1.000000 0.000000 0.000000
vn -1.000000 0.000000 0.000000
vn -1.000000 0.000000 0.000000
vn -1.000000 0.000000 0.000000
vn -1.000000 0.000000 0.000000
vn -1.000000 0.000000 0.000000
vn -1.000000 0.000000 0.000000
vn -1.000000 0.000000 0.000000
vn -1.000000 0.000000 0.000000
vn -1.000000 0.000000 0.000000
vn -1.000000 0.000000 0.000000
vn -1.000000 0.000000 0.000000
vn -1.000000 0.000000 0.000000
vn -1.000000 0.000000 0.000000
vn -1.000000 0.000000 0.000000
vn -1.000000 0.000000 0.000000
vn -1.000000 0.000000 0.000000
vn -1.000000 0.000000 0.000000
vn -1.000000 0.000000 0.000000
vn -1.000000 0.000000 0.000000
vn -1.000000 0.000000 0.000000
vn -1.000000 0.000000 0.000000
vn -1.000000 0.000000 0.000000
vn -1.000000 0.000000 0.000000
vn -1.000000 0.000000 0.000000
vn -1.000000 0.000000 0.000000
vn -1.000000 0.000000 0.000000
vn -1.000000 0.000000 0.000000
vn -1.000000 0.000000 0.000000
vn -1.000000 0.000000 0.000000
vn -1.000000 0.000000 0.000000
vn -1.000000 0.000000 0.000000
vn -1.000000 0.000000 0.000000
vn -1.000000 0.000000 0.000000
vn -1.000000 0.000000 0.000000
vn -1.000000 0.000000 0.000000
vn -1.000000 0.000000 0.000000
vn -1.000000 0.000000 0.000000
vn -1.000000 0.000000 0.000000
vn -1.000000 0.000000 0.000000
vn -1.000000 0.000000 0.000000
vn -1.000000 0.000000 0.000000
vn -1.000000 0.000000 0.000000
vn -1.000000 0.000000 0.000000
vn -1.000000 0.000000 0.000000
vn -1.000000 0.000000 0.000000
vn -1.000000 0.000000 0.000000
vn -1.000000 0.000000 0.000000
vn -1.000000 0.000000 0.000000
vn -1.000000 0.000000 0.000000
vn -1.000000 0.000000 0.000000
vn -1.000000 0.000000 0.000000
vn -1.000000 0.000000 0.000000
vn -1.000000 0.000000 0.000000
vn -1.000000 0.000000 0.000000
vn -1.000000 0.000000 0.000000
vn -1.000000 0.000000 0.000000
vn -1.000000 0.000000 0.000000
vn -1.000000 0.000000 0.000000
vn -1.000000 0.000000 0.000000
vn -1.000000 0.000000 0.000000
vn -1.000000 0.000000 0.000000
vn -1.000000 0.000000 0.000000
vn -1.000000 0.000000 0.000000
vn -1.000000 0.000000 0.000000
vn -1.000000 0.000000 0.000000
vn -1.000000 0.000000 0.000000
vn -1.000000 0.000000 0.000000
vn -1.000000 0.000000 0.000000
vn -1.000000 0.000000 0.000000
vn -1.000000 0.000000 0.000000
vn -1.000000 0.000000 0.000000
vn -1.000000 0.000000 0.000000
vn -1.000000 0.000000 0.000000
vn -1.000000 0.000000 0.000000
vn -1.000000 0.000000 0.000000
vn -1.000000 0.000000 0.000000
vn -1.000000 0.000000 0.000000
vn -1.000000 0.000000 0.000000
vn -1.000000 0.000000 0.000000
vn -1.000000 0.000000 0.000000
vn -1.000000 0.000000 0.000000
vn -1.000000 0.000000 0.000000
vn -1.000000 0.000000 0.000000
vn -1.000000 0.000000 0.000000
vn -1.000000 0.000000 0.000000
vn -1.000000 0.000000 0.000000
vn -1.000000 0.000000 0.000000
vn -1.000000 0.000000 0.000000
vn -1.000000 0.000000 0.000000
vn -1.000000 0.000000 0.000000
vn -1.000000 0.000000 0.000000
vn -1.000000 0.000000 0.000000
vn -1.000000 0.000000 0.000000
vn -1.000000 0.000000 0.000000
vn -1.000000 0.000000 0.000000
vn -1.000000 0.000000 0.000000
vn -1.000000 0.000000 0.000000
vn -1.000000 0.000000 0.000000
vn -1.000000 0.000000 0.000000
vn -1.000000 0.000000 0.000000
vn -1.000000 0.000000 0.000000
vn -1.000000 0.000000 0.000000
vn -1.000000 0.000000 0.000000
vn -1.000000 0.000000 0.000000
vn -1.000000 0.000000 0.000000
vn -1.000000 0.000000 0.000000
vn -1.000000 0.000000 0.000000
vn -1.000000 0.000000 0.000000
vn -1.000000 0.000000 0.000000
vn -1.000000 0.000000 0.000000
vn -1.000000 0.000000 0.000000
vn -1.000000 0.000000 0.000000
vn -1.000000 0.000000 0.000000
vn -1.000000 0.000000 0.000000
vn -1.000000 0.000000 0.000000
vn -1.000000 0.000000 0.000000
vn -1.000000 0.000000 0.000000
vn -1.000000 0.000000 0.000000
vn -1.000000 0.000000 0.000000
vn -1.000000 0.000000 0.000000
vn -1.000000 0.000000 0.000000
vn -1.000000 0.000000 0.000000
vn -1.000000 0.000000 0.000000
vn -1.000000 0.000000 0.000000
vn -1.000000 0.000000 0.000000
vn -1.000000 0.000000 0.000000
vn -1.000000 0.000000 0.000000
vn -1.000000 0.000000 0.000000
vn -1.000000 0.000000 0.000000
vn -1.000000 0.000000 0.000000
vn -1.000000 0.000000 0.000000
vn -1.000000 0.000000 0.000000
vn -1.000000 0.000000 0.000000
vn -1.000000 0.000000 0.000000
vn -1.000000 0.000000 0.000000
vn -1.000000 0.000000 0.000000
vn -1.000000 0.000000 0.000000
vn -1.000000 0.000000 0.000000
vn -1.000000 0.000000 0.000000
vn -1.000000 0.000000 0.000000
vn -1.000000 0.000000 0.000000
vn -1.000000 0.000000 0.000000
vn -1.000000 0.000000 0.000000
vn -1.000000 0.000000 0.000000
vn -1.000000 0.000000 0.000000
vn -1.000000 0.000000 0.000000
vn -1.000000 0.000000 0.000000
vn -1.000000 0.000000 0.000000
vn -1.000000 0.000000 0.000000
vn -1.000000 0.000000 0.000000
vn -1.000000 0.000000 0.000000
vn -1.000000 0.000000 0.000000
vn -1.000000 0.000000 0.000000
vn -1.000000 0.000000 0.000000
vn -1.000000 0.000000 0.000000
vn -1.000000 0.000000 0.000000
vn -1.000000 0.000000 0.000000
vn -1.000000 0.000000 0.000000
vn -1.000000 0.000000 0.000000
vn -1.000000 0.000000 0.000000
vn -1.000000 0.000000 0.000000
vn -1.000000 0.000000 0.000000
vn -1.000000 0.000000 0.000000
vn -1.000000 0.000000 0.000000
vn -1.000000 0.000000 0.000000
vn -1.000000 0.000000 0.000000
vn -1.000000 0.000000 0.000000
vn -1.000000 0.000000 0.000000
vn -1.000000 0.000000 0.000000
vn -1.000000 0.000000 0.000000
vn -1.000000 0.000000 0.000000
vn -1.000000 0.000000 0.000000
vn -1.000000 0.000000 0.000000
vn -1.000000 0.000000 0.000000
vn -1.000000 0.000000 0.000000
vn -1.000000 0.000000 0.000000
vn 0.000000 0.000000 1.000000
vn 0.000000 0.000000 1.000000
vn 0.000000 0.000000 1.000000
vn 0.000000 0.000000 1.000000
vn 0.000000 0.000000 1.000000
vn 0.000000 0.000000 1.000000
vn 0.000000 0.707131 0.707083
vn 0.000000 0.707131 0.707083
vn 0.000000 0.707131 0.707083
vn 0.000000 0.707131 0.707083
vn -1.000000 0.000000 0.000000
vn -1.000000 0.000000 0.000000
vn -1.000000 0.000000 0.000000
vn -1.000000 0.000000 0.000000
vn -1.000000 0.000000 0.000000
vn -1.000000 0.000000 0.000000
vn 0.000000 1.000000 -0.000000
vn 0.000000 1.000000 -0.000000
vn 0.000000 1.000000 0.000000
vn 0.000000 1.000000 0.000000
vn 0.000000 1.000000 -0.000000
vn 0.000000 1.000000 -0.000000
vn 0.000000 1.000000 -0.000000
vn 0.000000 1.000000 -0.000000
vn -1.000000 0.000000 0.000000
vn -1.000000 0.000000 0.000000
vn -1.000000 0.000000 0.000000
vn -1.000000 0.000000 0.000000
vn -1.000000 0.000000 0.000000
vn -1.000000 0.000000 0.000000
vn -1.000000 0.000000 0.000000
vn -1.000000 0.000000 0.000000
vn -1.000000 0.000000 0.000000
vn -1.000000 0.000000 0.000000
vn -1.000000 0.000000 0.000000
vn -1.000000 0.000000 0.000000
vn 0.000000 1.000000 -0.000000
vn 0.000000 1.000000 -0.000000
vn 0.000000 1.000000 -0.000000
vn 0.000000 1.000000 -0.000000
vn 0.000000 0.707109 -0.707104
vn 0.000000 0.707109 -0.707104
vn 0.000000 0.707109 -0.707104
vn 0.000000 0.707109 -0.707104
vn 0.000000 0.000000 -1.000000
vn 0.000000 0.000000 -1.000000
vn 0.000000 0.000000 -1.000000
vn 0.000000 0.000000 -1.000000
vn 0.000000 -0.707109 -0.707105
vn 0.000000 -0.707109 -0.707105
vn 0.000000 -0.707109 -0.707105
vn 0.000000 -0.707109 -0.707105
vn 0.000000 -1.000000 0.000000
vn 0.000000 -1.000000 0.000000
vn 0.000000 -1.000000 0.000000
vn 0.000000 -1.000000 0.000000
vn 0.000000 0.000000 1.000000
vn 0.000000 0.000000 1.000000
vn 0.000000 0.000000 1.000000
vn 0.000000 0.000000 1.000000
vn 0.000000 0.000000 1.000000
vn 0.000000 0.000000 1.000000
vn -0.000000 -0.707129 0.707084
vn -0.000000 -0.707129 0.707084
vn -0.000000 -0.707129 0.707084
vn -0.000000 -0.707129 0.707084
vn -1.000000 0.000000 0.000000
vn -1.000000 0.000000 0.000000
vn -1.000000 0.000000 0.000000
vn -1.000000 0.000000 0.000000
vn -1.000000 0.000000 0.000000
vn -1.000000 0.000000 0.000000
vn -0.000000 -0.707096 -0.707118
vn 0.000000 -0.707096 -0.707118
vn -0.000000 -0.707095 -0.707118
vn -0.000000 -0.707095 -0.707118
vn 0.000000 -1.000000 0.000000
vn -0.000000 -1.000000 0.000000
vn -0.000000 -1.000000 0.000000
vn -0.000000 -1.000000 0.000000
vn 0.000000 0.000000 -1.000000
vn 0.000000 0.000000 -1.000000
vn 0.000000 0.000000 -1.000000
vn 0.000000 0.000000 -1.000000
vn 0.000000 0.000000 -1.000000
vn 0.000000 0.000000 -1.000000
vn 0.000000 -1.000000 0.000000
vn 0.000000 -1.000000 0.000000
vn 0.000000 -1.000000 0.000000
vn 0.000000 -1.000000 0.000000
vn 0.000000 -0.707109 0.707104
vn 0.000000 -0.707109 0.707104
vn 0.000000 -0.707109 0.707104
vn 0.000000 -0.707109 0.707104
vn 0.000000 0.000000 1.000000
vn 0.000000 0.000000 1.000000
vn 0.000000 0.000000 1.000000
vn 0.000000 0.000000 1.000000
vn 0.000000 0.707109 0.707105
vn 0.000000 0.707109 0.707105
vn 0.000000 0.707109 0.707105
vn 0.000000 0.707109 0.707105
vn 0.000000 1.000000 0.000000
vn 0.000000 1.000000 0.000000
vn 0.000000 1.000000 0.000000
vn 0.000000 1.000000 0.000000
vn -0.000000 -1.000000 0.000000
vn -0.000000 -1.000000 0.000000
vn -0.000000 -1.000000 0.000000
vn -0.000000 -1.000000 0.000000
vn -0.000000 -1.000000 0.000000
vn 0.000000 -1.000000 0.000000
vn -0.000000 -1.000000 0.000000
vn -0.000000 -1.000000 0.000000
vn -0.000000 -0.707112 0.707101
vn -0.000000 -0.707112 0.707101
vn -0.000000 -0.707113 0.707101
vn -0.000000 -0.707113 0.707101
vn -0.000000 -0.707113 -0.707101
vn -0.000000 -0.707113 -0.707101
vn -0.000000 -0.707113 -0.707101
vn -0.000000 -0.707113 -0.707101
vn 0.000000 0.000000 -1.000000
vn 0.000000 0.000000 -1.000000
vn 0.000000 0.000000 -1.000000
vn 0.000000 0.000000 -1.000000
vn 0.000000 0.707113 -0.707101
vn 0.000000 0.707113 -0.707101
vn 0.000000 0.707113 -0.707101
vn 0.000000 0.707113 -0.707101
vn 0.000000 0.707112 0.707101
vn 0.000000 0.707112 0.707101
vn 0.000000 0.707113 0.707101
vn 0.000000 0.707113 0.707101
vn -0.000605 -0.999672 0.025620
vn -0.000450 -0.950622 -0.310350
vn -0.000107 -0.812694 -0.582690
vn -0.000183 -0.616319 -0.787497
vn -0.000527 -0.319989 -0.947421
vn -0.000433 0.015251 -0.999884
vn -0.000290 0.293106 -0.956080
vn -0.000266 0.519406 -0.854528
vn -0.000161 0.728140 -0.685428
vn -0.000191 0.893174 -0.449710
vn -0.000440 0.987671 -0.156545
vn -0.000493 0.989455 0.144842
vn -0.000401 0.918617 0.395150
vn -0.000396 0.780280 0.625430
vn -0.000142 0.555435 0.831560
vn -0.000143 0.267060 0.963680
vn -0.000342 -0.064053 0.997946
vn -0.000381 -0.380909 0.924612
vn -0.000496 -0.648290 0.761393
vn -0.000435 -0.841154 0.540796
vn -0.000468 -0.950447 0.310886
vn 0.000343 -0.997399 -0.072075
vn 0.000523 -0.980480 0.196616
vn 0.000418 -0.887776 0.460276
vn 0.000456 -0.737735 0.675090
vn 0.000363 -0.555511 0.831509
vn 0.000144 -0.340044 0.940409
vn 0.000194 -0.070026 0.997545
vn 0.000174 0.247569 0.968870
vn 0.000069 0.539884 0.841739
vn 0.000206 0.724839 0.688918
vn 0.000349 0.852038 0.523480
vn 0.000414 0.952613 0.304185
vn 0.000432 0.998909 0.046703
vn 0.000205 0.980983 -0.194094
vn 0.000120 0.892718 -0.450616
vn 0.000105 0.726923 -0.686719
vn 0.000126 0.551339 -0.834281
vn 0.000252 0.341481 -0.939889
vn 0.000285 0.099339 -0.995054
vn 0.000353 -0.121669 -0.992571
vn 0.000300 -0.379368 -0.925246
vn 0.000094 -0.636262 -0.771473
vn 0.000115 -0.826347 -0.563161
vn 0.000193 -0.948442 -0.316951
vn -0.000550 -0.999418 0.034098
vn -0.000351 -0.964576 -0.263807
vn -0.000168 -0.857134 -0.515093
vn -0.000152 -0.680607 -0.732649
vn -0.000318 -0.420326 -0.907373
vn -0.000524 -0.112858 -0.993611
vn -0.000589 0.217884 -0.975974
vn -0.000404 0.507736 -0.861513
vn -0.000368 0.728085 -0.685487
vn -0.000423 0.887182 -0.461420
vn -0.000398 0.972362 -0.233479
vn -0.000439 0.999978 0.006649
vn -0.000396 0.962853 0.270025
vn -0.000304 0.857175 0.515024
vn -0.000120 0.690064 0.723748
vn -0.000223 0.490239 0.871588
vn -0.000510 0.254327 0.967118
vn -0.000441 -0.064117 0.997942
vn -0.000382 -0.380910 0.924612
vn -0.000418 -0.648333 0.761357
vn -0.000346 -0.841150 0.540801
vn -0.000456 -0.950457 0.310855
vn 0.000415 -0.997401 -0.072051
vn 0.000559 -0.979469 0.201596
vn 0.000383 -0.876365 0.481648
vn 0.000353 -0.721136 0.692794
vn 0.000330 -0.551164 0.834397
vn 0.000144 -0.340040 0.940411
vn 0.000184 -0.085161 0.996367
vn 0.000375 0.161120 0.986935
vn 0.000473 0.422045 0.906575
vn 0.000430 0.695521 0.718506
vn 0.000414 0.887104 0.461570
vn 0.000463 0.981705 0.190406
vn 0.000469 0.994785 -0.101988
vn 0.000464 0.925460 -0.378845
vn 0.000402 0.770604 -0.637315
vn 0.000291 0.562699 -0.826662
vn 0.000462 0.341617 -0.939839
vn 0.000372 0.099124 -0.995075
vn 0.000133 -0.121656 -0.992572
vn 0.000257 -0.385085 -0.922881
vn 0.000251 -0.660890 -0.750482
vn 0.000137 -0.844535 -0.535500
vn 0.000183 -0.950568 -0.310515
vn 0.000152 -0.998932 0.046206
vn 0.000012 -0.980736 -0.195339
vn -0.000362 -0.915625 -0.402033
vn -0.000378 -0.777441 -0.628956
vn -0.000546 -0.536117 -0.844144
vn -0.000487 -0.250279 -0.968174
vn -0.000439 0.028681 -0.999589
vn -0.000387 0.292923 -0.956136
vn -0.000278 0.519372 -0.854548
vn -0.000368 0.728084 -0.685488
vn -0.000514 0.887154 -0.461474
vn -0.000121 0.972434 -0.233177
vn -0.000014 0.999888 0.014997
vn -0.000455 0.944349 0.328944
vn -0.000645 0.760453 0.649392
vn -0.000618 0.479338 0.877630
vn -0.000482 0.204605 0.978845
vn -0.000521 -0.076238 0.997090
vn -0.000633 -0.380912 0.924611
vn -0.000518 -0.648334 0.761356
vn -0.000347 -0.841134 0.540826
vn -0.000270 -0.950488 0.310762
vn 0.000069 -0.999768 0.021521
vn 0.000170 -0.962476 0.271365
vn 0.000252 -0.870058 0.492950
vn 0.000407 -0.713419 0.700738
vn 0.000542 -0.496495 0.868040
vn 0.000574 -0.235183 0.971951
vn 0.000555 0.044113 0.999026
vn 0.000572 0.331273 0.943535
vn 0.000558 0.584472 0.811414
vn 0.000361 0.803488 0.595321
vn 0.000194 0.948402 0.317069
vn 0.000182 0.999606 0.028078
vn 0.000546 0.952118 -0.305730
vn 0.000567 0.779183 -0.626797
vn 0.000277 0.566902 -0.823785
vn 0.000309 0.364137 -0.931345
vn 0.000430 0.116117 -0.993235
vn 0.000414 -0.149885 -0.988703
vn 0.000465 -0.387043 -0.922062
vn 0.000439 -0.613286 -0.789861
vn 0.000367 -0.812979 -0.582293
vn 0.000260 -0.955475 -0.295072
vn -0.000177 -0.998573 0.053407
vn -0.000372 -0.986533 -0.163563
vn -0.000324 -0.921212 -0.389061
vn -0.000088 -0.805233 -0.592958
vn -0.000027 -0.630758 -0.775979
vn -0.000207 -0.421260 -0.906940
vn -0.000292 -0.158616 -0.987340
vn -0.000358 0.154583 -0.987980
vn -0.000457 0.458296 -0.888800
vn -0.000397 0.720133 -0.693835
vn -0.000079 0.887226 -0.461335
vn -0.000113 0.972336 -0.233588
vn -0.000387 0.999885 0.015155
vn -0.000495 0.946500 0.322703
vn -0.000536 0.793109 0.609080
vn -0.000350 0.603728 0.797190
vn -0.000280 0.408010 0.912977
vn -0.000559 0.151752 0.988418
vn -0.000502 -0.136533 0.990635
vn -0.000278 -0.393472 0.919337
vn -0.000360 -0.648250 0.761428
vn -0.000328 -0.844511 0.535538
vn -0.000120 -0.957867 0.287211
vn 0.000447 -0.999607 -0.028020
vn 0.000412 -0.955448 0.295158
vn 0.000406 -0.813027 0.582226
vn 0.000324 -0.607864 0.794041
vn 0.000415 -0.340055 0.940405
vn 0.000621 -0.020962 0.999780
vn 0.000393 0.256963 0.966421
vn 0.000260 0.464028 0.885821
vn 0.000445 0.672133 0.740430
vn 0.000386 0.844564 0.535455
vn 0.000190 0.950602 0.310411
vn 0.000262 0.997402 0.072031
vn 0.000331 0.979461 -0.201633
vn 0.000227 0.876402 -0.481580
vn 0.000097 0.721095 -0.692836
vn 0.000226 0.555730 -0.831363
vn 0.000341 0.364081 -0.931367
vn 0.000154 0.116088 -0.993239
vn 0.000184 -0.149854 -0.988708
vn 0.000232 -0.387142 -0.922020
vn 0.000189 -0.616904 -0.787038
vn 0.000297 -0.822449 -0.568838
vn 0.000447 -0.950498 -0.310731
vn -0.000557 -0.999887 -0.015044
vn -0.000757 -0.944315 -0.329041
vn -0.000518 -0.768537 -0.639805
vn -0.000209 -0.535563 -0.844495
vn -0.000205 -0.280202 -0.959941
vn -0.000106 -0.001656 -0.999999
vn -0.000133 0.269935 -0.962879
vn -0.000249 0.505456 -0.862853
vn -0.000219 0.682601 -0.730791
vn -0.000551 0.841128 -0.540836
vn -0.000607 0.970533 -0.240969
vn -0.000254 0.994570 0.104066
vn -0.000089 0.923741 0.383017
vn -0.000049 0.805296 0.592872
vn -0.000235 0.630030 0.776570
vn -0.000392 0.414153 0.910207
vn -0.000675 0.139081 0.990281
vn -0.000783 -0.211560 0.977365
vn -0.000407 -0.509355 0.860556
vn -0.000182 -0.734395 0.678723
vn -0.000005 -0.891197 0.453616
vn -0.000116 -0.972673 0.232181
vn 0.000414 -0.982972 0.183755
vn 0.000099 -0.887795 0.460240
vn 0.000069 -0.737734 0.675091
vn 0.000169 -0.555582 0.831462
vn 0.000551 -0.329477 0.944164
vn 0.000739 -0.020948 0.999780
vn 0.000450 0.263216 0.964737
vn 0.000326 0.487692 0.873016
vn 0.000082 0.669858 0.742489
vn -0.000060 0.813158 0.582043
vn 0.000186 0.931397 0.364005
vn 0.000043 0.996439 0.084319
vn 0.000193 0.982324 -0.187190
vn 0.000566 0.892679 -0.450693
vn 0.000373 0.726894 -0.686749
vn 0.000242 0.544163 -0.838979
vn 0.000290 0.289032 -0.957319
vn 0.000237 -0.026476 -0.999649
vn 0.000092 -0.294760 -0.955571
vn 0.000049 -0.519395 -0.854534
vn 0.000268 -0.728093 -0.685478
vn 0.000591 -0.893149 -0.449761
vn 0.000739 -0.988698 -0.149922
vn -0.000418 -0.989449 -0.144884
vn -0.000362 -0.915977 -0.401231
vn -0.000373 -0.756285 -0.654242
vn -0.000363 -0.508053 -0.861326
vn -0.000393 -0.248424 -0.968651
vn -0.000450 0.005071 -0.999987
vn -0.000465 0.270021 -0.962854
vn -0.000290 0.505412 -0.862878
vn -0.000369 0.682533 -0.730854
vn -0.000508 0.841225 -0.540685
vn -0.000412 0.970492 -0.241134
vn -0.000254 0.994571 0.104059
vn -0.000089 0.923738 0.383025
vn -0.000049 0.805305 0.592861
vn -0.000337 0.621291 0.783580
vn -0.000518 0.354743 0.934964
vn -0.000159 0.040822 0.999166
vn -0.000123 -0.263531 0.964651
vn -0.000448 -0.516399 0.856348
vn -0.000520 -0.734352 0.678768
vn -0.000452 -0.897143 0.441740
vn -0.000481 -0.987919 0.154968
vn 0.000470 -0.996919 0.078431
vn 0.000429 -0.931395 0.364009
vn 0.000473 -0.804989 0.593290
vn 0.000607 -0.601088 0.799182
vn 0.000338 -0.299608 0.954062
vn 0.000070 0.021415 0.999771
vn 0.000260 0.271213 0.962519
vn 0.000425 0.487785 0.872964
vn 0.000082 0.669858 0.742490
vn -0.000059 0.813151 0.582053
vn 0.000186 0.931398 0.364004
vn 0.000371 0.997832 0.065811
vn 0.000575 0.954083 -0.299541
vn 0.000530 0.779216 -0.626755
vn 0.000321 0.566870 -0.823807
vn 0.000367 0.364159 -0.931337
vn 0.000482 0.116026 -0.993246
vn 0.000471 -0.162968 -0.986631
vn 0.000397 -0.458292 -0.888802
vn 0.000368 -0.720064 -0.693908
vn 0.000356 -0.887890 -0.460056
vn 0.000362 -0.976885 -0.213765
vn -0.000436 -0.993658 -0.112445
vn -0.000362 -0.921163 -0.389177
vn -0.000454 -0.777432 -0.628967
vn -0.000654 -0.525278 -0.850931
vn -0.000502 -0.179004 -0.983848
vn -0.000216 0.142969 -0.989727
vn -0.000224 0.396720 -0.917940
vn -0.000415 0.631291 -0.775546
vn -0.000508 0.835040 -0.550190
vn -0.000437 0.970500 -0.241099
vn -0.000338 0.994579 0.103983
vn -0.000319 0.923752 0.382992
vn -0.000455 0.805388 0.592748
vn -0.000240 0.629911 0.776667
vn -0.000200 0.418904 0.908030
vn -0.000501 0.174813 0.984601
vn -0.000530 -0.123928 0.992291
vn -0.000573 -0.446906 0.894581
vn -0.000355 -0.725073 0.688671
vn -0.000170 -0.894153 0.447761
vn -0.000326 -0.982308 0.187273
vn 0.000404 -0.999033 -0.043973
vn 0.000197 -0.973541 0.228512
vn 0.000092 -0.884764 0.466039
vn 0.000069 -0.737705 0.675123
vn 0.000318 -0.555727 0.831365
vn 0.000330 -0.346985 0.937871
vn 0.000127 -0.131272 0.991346
vn 0.000392 0.088342 0.996090
vn 0.000631 0.384412 0.923161
vn 0.000604 0.690659 0.723180
vn 0.000481 0.890161 0.455646
vn 0.000343 0.988699 0.149914
vn 0.000374 0.982068 -0.188529
vn 0.000432 0.876387 -0.481607
vn 0.000405 0.721083 -0.692849
vn 0.000252 0.555540 -0.831490
vn 0.000156 0.364206 -0.931318
vn 0.000155 0.115989 -0.993251
vn 0.000193 -0.162900 -0.986643
vn 0.000444 -0.452529 -0.891750
vn 0.000484 -0.688084 -0.725631
vn 0.000300 -0.835316 -0.549770
vn 0.000385 -0.945098 -0.326788
vn -0.000436 -0.993655 -0.112474
vn -0.000362 -0.921150 -0.389208
vn -0.000454 -0.777418 -0.628984
vn -0.000654 -0.525279 -0.850930
vn -0.000502 -0.179006 -0.983848
vn -0.000216 0.142969 -0.989727
vn -0.000224 0.396696 -0.917950
vn -0.000416 0.631237 -0.775590
vn -0.000509 0.835010 -0.550234
vn -0.000438 0.970497 -0.241114
vn -0.000403 0.994586 0.103917
vn -0.000355 0.923735 0.383031
vn -0.000088 0.805267 0.592912
vn -0.000268 0.621459 0.783446
vn -0.000546 0.367128 0.930170
vn -0.000328 0.119259 0.992863
vn -0.000138 -0.116652 0.993173
vn -0.000127 -0.333263 0.942834
vn -0.000198 -0.527101 0.849803
vn -0.000182 -0.734328 0.678794
vn -0.000170 -0.894155 0.447757
vn -0.000327 -0.982312 0.187250
vn 0.000404 -0.999033 -0.043964
vn 0.000197 -0.973542 0.228510
vn 0.000092 -0.884763 0.466042
vn 0.000069 -0.737700 0.675128
vn 0.000170 -0.555653 0.831414
vn 0.000274 -0.340136 0.940376
vn 0.000311 -0.076892 0.997039
vn 0.000488 0.208768 0.977965
vn 0.000514 0.477948 0.878388
vn 0.000066 0.673437 0.739245
vn 0.000076 0.830350 0.557242
vn 0.000384 0.948428 0.316991
vn 0.000099 0.997419 0.071794
vn 0.000151 0.979514 -0.201378
vn 0.000432 0.876420 -0.481547
vn 0.000405 0.721149 -0.692780
vn 0.000252 0.555541 -0.831489
vn 0.000156 0.364174 -0.931331
vn 0.000155 0.115989 -0.993250
vn 0.000193 -0.162900 -0.986643
vn 0.000444 -0.452527 -0.891750
vn 0.000483 -0.688079 -0.725636
vn 0.000300 -0.835321 -0.549762
vn 0.000386 -0.945105 -0.326767
vn 0.008143 -0.982565 0.185743
vn 0.006530 -0.900579 0.434642
vn 0.005274 -0.790605 0.612304
vn 0.005261 -0.655701 0.755002
vn 0.005312 -0.496204 0.868190
vn 0.005420 -0.317130 0.948367
vn 0.004513 -0.125473 0.992087
vn 0.002451 0.071901 0.997409
vn 0.000495 0.263887 0.964553
vn 0.001834 0.460032 0.887901
vn 0.002649 0.655905 0.754839
vn -0.000207 0.815175 0.579214
vn 0.002714 0.919980 0.391957
vn 0.005322 0.979544 0.201157
vn 0.007529 0.999969 -0.002326
vn 0.008337 0.963401 -0.267935
vn 0.005013 0.843468 -0.537157
vn 0.002484 0.685097 -0.728447
vn 0.002692 0.490975 -0.871169
vn -0.001790 0.243186 -0.969978
vn 0.001651 0.033902 -0.999424
vn 0.007984 -0.196528 -0.980466
vn 0.004702 -0.421628 -0.906757
vn 0.002047 -0.619097 -0.785312
vn 0.003194 -0.780085 -0.625665
vn 0.004446 -0.890941 -0.454097
vn 0.004382 -0.960334 -0.278816
vn 0.007335 -0.997011 -0.076907
vn -0.005835 -0.999972 -0.004696
vn -0.007848 0.996579 0.082269
vn -0.006137 0.937311 0.348440
vn -0.002832 0.807808 0.589438
vn -0.001802 0.642621 0.766182
vn -0.001461 0.459312 0.888274
vn -0.001447 0.272501 0.962154
vn -0.003765 0.049435 0.998770
vn -0.006579 -0.186891 0.982359
vn -0.005632 -0.382343 0.924003
vn -0.005132 -0.549445 0.835514
vn -0.005278 -0.701219 0.712927
vn -0.005274 -0.826637 0.562711
vn -0.002708 -0.921272 0.388910
vn -0.004500 -0.979030 0.203666
vn -0.005729 -0.973660 -0.227933
vn -0.004380 -0.911332 -0.411650
vn -0.005273 -0.805987 -0.591910
vn -0.006411 -0.615971 -0.787743
vn -0.011428 -0.348270 -0.937325
vn -0.007696 -0.040784 -0.999138
vn -0.001468 0.231723 -0.972781
vn -0.001987 0.474612 -0.880193
vn -0.002486 0.672413 -0.740172
vn -0.002640 0.829104 -0.559088
vn -0.005111 0.943152 -0.332323
vn -0.005769 0.992143 -0.124979
vn -1.000000 0.000000 0.000000
vn -1.000000 0.000000 0.000000
vn -1.000000 0.000000 0.000000
vn -1.000000 0.000000 0.000000
vn -1.000000 0.000000 0.000000
vn -1.000000 0.000000 0.000000
vn -1.000000 0.000000 0.000000
vn -1.000000 0.000000 0.000000
vn -1.000000 0.000000 0.000000
vn -1.000000 0.000000 0.000000
vn -1.000000 0.000000 0.000000
vn -1.000000 0.000000 0.000000
vn -1.000000 0.000000 0.000000
vn -1.000000 0.000000 0.000000
vn -1.000000 0.000000 0.000000
vn -1.000000 0.000000 0.000000
vn -1.000000 0.000000 0.000000
vn -1.000000 0.000000 0.000000
vn -1.000000 0.000000 0.000000
vn -1.000000 0.000000 0.000000
vn -1.000000 0.000000 0.000000
vn -1.000000 0.000000 0.000000
vn -1.000000 0.000000 0.000000
vn -1.000000 0.000000 0.000000
vn -1.000000 0.000000 0.000000
vn -1.000000 0.000000 0.000000
vn -1.000000 0.000000 0.000000
vn -0.001236 0.999616 -0.027672
vn -0.001683 0.988502 0.151198
vn -0.001743 0.952938 0.303159
vn -0.001836 0.900402 0.435055
vn -0.001813 0.812209 0.583364
vn -0.001432 0.711123 0.703066
vn -0.001369 0.610407 0.792087
vn -0.001494 0.487656 0.873035
vn -0.000736 0.345852 0.938289
vn -0.000382 0.195089 0.980786
vn -0.000328 0.039262 0.999229
vn -0.000381 -0.116699 0.993167
vn -0.000505 -0.265562 0.964094
vn -0.000671 -0.413149 0.910663
vn -0.000490 -0.554923 0.831902
vn -0.000379 -0.678831 0.734295
vn -0.001144 -0.784976 0.619526
vn -0.001655 -0.869538 0.493863
vn -0.001208 -0.924285 0.381702
vn -0.001564 -0.965584 0.260088
vn -0.001441 -0.993921 0.110084
vn -0.000503 -0.998970 -0.045373
vn -0.000378 -0.980616 -0.195941
vn -0.001169 -0.938064 -0.346459
vn -0.001916 -0.869939 -0.493155
vn -0.001553 -0.784629 -0.619963
vn -0.001609 -0.678365 -0.734723
vn -0.001918 -0.551264 -0.834329
vn -0.001668 -0.423387 -0.905947
vn -0.001160 -0.308840 -0.951113
vn -0.001038 -0.195200 -0.980763
vn -0.001100 -0.077435 -0.996997
vn -0.001417 0.051130 -0.998691
vn -0.001940 0.201846 -0.979415
vn -0.002255 0.357985 -0.933724
vn -0.002453 0.522521 -0.852623
vn -0.001709 0.665793 -0.746135
vn -0.001099 0.759775 -0.650186
vn -0.001037 0.831550 -0.555449
vn -0.001052 0.890945 -0.454110
vn -0.001208 0.940320 -0.340289
vn -0.000901 0.980994 -0.194035
vn 0.000503 0.998970 -0.045373
vn 0.000378 0.981809 -0.189868
vn 0.000784 0.951152 -0.308723
vn 0.001037 0.908094 -0.418766
vn 0.001052 0.852716 -0.522374
vn 0.001037 0.785241 -0.619189
vn 0.001161 0.707258 -0.706954
vn 0.001161 0.618954 -0.785427
vn 0.001097 0.521750 -0.853098
vn 0.001441 0.407863 -0.913042
vn 0.001947 0.265636 -0.964071
vn 0.001668 0.122661 -0.992447
vn 0.001159 -0.000214 -0.999999
vn 0.001037 -0.117394 -0.993085
vn 0.001101 -0.234433 -0.972132
vn 0.001416 -0.357263 -0.934003
vn 0.002205 -0.499568 -0.866272
vn 0.001946 -0.645599 -0.763674
vn 0.001359 -0.756525 -0.653964
vn 0.001894 -0.841168 -0.540771
vn 0.002121 -0.924326 -0.381597
vn 0.001196 -0.979705 -0.200442
vn 0.001236 -0.999616 -0.027668
vn 0.001813 -0.988519 0.151085
vn 0.001431 -0.952800 0.303595
vn 0.001709 -0.900652 0.434538
vn 0.002101 -0.808355 0.588692
vn 0.001031 -0.683414 0.730030
vn 0.000379 -0.556310 0.830975
vn 0.000503 -0.424239 0.905550
vn 0.000669 -0.277315 0.960779
vn 0.000488 -0.118350 0.992972
vn 0.000380 0.039253 0.999229
vn 0.000326 0.195083 0.980787
vn 0.000379 0.340333 0.940305
vn 0.000786 0.453740 0.891134
vn 0.001327 0.555519 0.831503
vn 0.001207 0.650243 0.759725
vn 0.001562 0.742225 0.670149
vn 0.002005 0.838614 0.544723
vn 0.001683 0.921832 0.387586
vn 0.001745 0.970914 0.239423
vn 0.001271 0.994475 0.104962
vn 1.000000 0.000000 0.000000
vn 1.000000 0.000000 0.000000
vn 1.000000 0.000000 0.000000
vn 1.000000 0.000000 0.000000
vn 1.000000 0.000000 0.000000
vn 1.000000 0.000000 0.000000
vn 1.000000 0.000000 0.000000
vn 1.000000 0.000000 0.000000
vn 1.000000 0.000000 0.000000
vn 1.000000 0.000000 0.000000
vn 1.000000 0.000000 0.000000
vn 1.000000 0.000000 0.000000
vn 1.000000 0.000000 0.000000
vn 1.000000 0.000000 0.000000
vn 1.000000 0.000000 0.000000
vn 1.000000 0.000000 0.000000
vn 1.000000 0.000000 0.000000
vn 1.000000 0.000000 0.000000
vn 1.000000 0.000000 0.000000
vn 1.000000 0.000000 0.000000
vn 1.000000 0.000000 0.000000
vn 1.000000 0.000000 0.000000
vn 1.000000 0.000000 0.000000
vn 1.000000 0.000000 0.000000
vn 1.000000 0.000000 0.000000
vn 1.000000 0.000000 0.000000
vn 1.000000 0.000000 0.000000
vn 1.000000 0.000000 0.000000
vn 1.000000 0.000000 0.000000
vn 1.000000 0.000000 0.000000
vn 1.000000 0.000000 0.000000
vn 1.000000 0.000000 0.000000
vn 1.000000 0.000000 0.000000
vn 1.000000 0.000000 0.000000
vn 1.000000 0.000000 0.000000
vn 1.000000 0.000000 0.000000
vn 1.000000 0.000000 0.000000
vn 1.000000 0.000000 0.000000
vn 1.000000 0.000000 0.000000
vn 1.000000 0.000000 0.000000
vn 1.000000 0.000000 0.000000
vn 1.000000 0.000000 0.000000
vn 1.000000 0.000000 0.000000
f 1721//1721 1583//1583 1584//1584
f 1778//1778 1777//1777 1754//1754
f 1624//1624 1581//1581 1625//1625
f 1797//1797 1617//1617 1708//1708
f 1797//1797 1708//1708 1798//1798
f 1623//1623 1581//1581 1624//1624
f 1797//1797 1618//1618 1617//1617
f 1796//1796 1618//1618 1797//1797
f 1796//1796 1619//1619 1618//1618
f 1795//1795 1619//1619 1796//1796
f 1795//1795 1620//1620 1619//1619
f 1794//1794 1620//1620 1795//1795
f 1677//1677 1785//1785 1784//1784
f 1581//1581 1582//1582 1627//1627
f 1678//1678 1677//1677 1784//1784
f 1678//1678 1784//1784 1783//1783
f 1676//1676 1786//1786 1677//1677
f 1679//1679 1678//1678 1783//1783
f 1679//1679 1783//1783 1782//1782
f 1676//1676 1787//1787 1786//1786
f 1679//1679 1782//1782 1781//1781
f 1676//1676 1788//1788 1787//1787
f 1675//1675 1788//1788 1676//1676
f 1680//1680 1679//1679 1781//1781
f 1680//1680 1781//1781 1780//1780
f 1675//1675 1789//1789 1788//1788
f 1696//1696 1789//1789 1675//1675
f 1677//1677 1786//1786 1785//1785
f 1681//1681 1780//1780 1779//1779
f 1581//1581 1627//1627 1626//1626
f 1777//1777 1755//1755 1754//1754
f 1775//1775 1647//1647 1756//1756
f 1582//1582 1697//1697 1718//1718
f 1582//1582 1716//1716 1609//1609
f 1582//1582 1717//1717 1716//1716
f 1582//1582 1718//1718 1717//1717
f 1582//1582 1609//1609 1608//1608
f 1614//1614 1613//1613 1712//1712
f 1801//1801 1706//1706 1802//1802
f 1614//1614 1712//1712 1711//1711
f 1629//1629 1582//1582 1608//1608
f 1615//1615 1614//1614 1711//1711
f 1628//1628 1582//1582 1629//1629
f 1581//1581 1626//1626 1625//1625
f 1776//1776 1775//1775 1756//1756
f 1800//1800 1706//1706 1801//1801
f 1615//1615 1711//1711 1710//1710
f 1616//1616 1615//1615 1710//1710
f 1627//1627 1582//1582 1628//1628
f 1616//1616 1710//1710 1709//1709
f 1777//1777 1756//1756 1755//1755
f 1777//1777 1776//1776 1756//1756
f 1799//1799 1707//1707 1800//1800
f 1617//1617 1709//1709 1708//1708
f 1617//1617 1616//1616 1709//1709
f 1798//1798 1708//1708 1707//1707
f 1798//1798 1707//1707 1799//1799
f 1800//1800 1707//1707 1706//1706
f 1681//1681 1680//1680 1780//1780
f 1681//1681 1778//1778 1754//1754
f 1681//1681 1779//1779 1778//1778
f 1595//1595 1594//1594 1690//1690
f 1595//1595 1690//1690 1689//1689
f 1596//1596 1595//1595 1689//1689
f 1605//1605 1623//1623 1622//1622
f 1596//1596 1689//1689 1688//1688
f 1597//1597 1596//1596 1688//1688
f 1579//1579 1581//1581 1623//1623
f 1579//1579 1601//1601 1600//1600
f 1579//1579 1602//1602 1601//1601
f 1579//1579 1603//1603 1602//1602
f 1579//1579 1604//1604 1603//1603
f 1579//1579 1605//1605 1604//1604
f 1605//1605 1621//1621 1606//1606
f 1579//1579 1623//1623 1605//1605
f 1580//1580 1598//1598 1597//1597
f 1580//1580 1599//1599 1598//1598
f 1580//1580 1600//1600 1599//1599
f 1580//1580 1686//1686 1685//1685
f 1580//1580 1687//1687 1686//1686
f 1580//1580 1688//1688 1687//1687
f 1580//1580 1597//1597 1688//1688
f 1582//1582 1583//1583 1652//1652
f 1582//1582 1652//1652 1674//1674
f 1582//1582 1674//1674 1697//1697
f 1697//1697 1674//1674 1698//1698
f 1586//1586 1580//1580 1685//1685
f 1580//1580 1579//1579 1600//1600
f 1605//1605 1622//1622 1621//1621
f 1594//1594 1691//1691 1690//1690
f 1594//1594 1593//1593 1691//1691
f 1682//1682 1754//1754 1753//1753
f 1682//1682 1681//1681 1754//1754
f 1683//1683 1682//1682 1753//1753
f 1683//1683 1753//1753 1752//1752
f 1684//1684 1683//1683 1752//1752
f 1684//1684 1752//1752 1586//1586
f 1685//1685 1684//1684 1586//1586
f 1589//1589 1695//1695 1590//1590
f 1590//1590 1695//1695 1694//1694
f 1589//1589 1696//1696 1695//1695
f 1588//1588 1696//1696 1589//1589
f 1588//1588 1789//1789 1696//1696
f 1591//1591 1590//1590 1694//1694
f 1591//1591 1694//1694 1693//1693
f 1588//1588 1790//1790 1789//1789
f 1591//1591 1693//1693 1692//1692
f 1588//1588 1791//1791 1790//1790
f 1592//1592 1591//1591 1692//1692
f 1587//1587 1791//1791 1588//1588
f 1587//1587 1792//1792 1791//1791
f 1587//1587 1793//1793 1792//1792
f 1607//1607 1794//1794 1793//1793
f 1607//1607 1793//1793 1587//1587
f 1593//1593 1592//1592 1692//1692
f 1593//1593 1692//1692 1691//1691
f 1606//1606 1621//1621 1620//1620
f 1606//1606 1620//1620 1607//1607
f 1775//1775 1774//1774 1647//1647
f 1613//1613 1713//1713 1712//1712
f 1607//1607 1620//1620 1794//1794
f 1609//1609 1716//1716 1610//1610
f 1633//1633 1727//1727 1726//1726
f 1634//1634 1633//1633 1726//1726
f 1634//1634 1726//1726 1584//1584
f 1632//1632 1727//1727 1633//1633
f 1632//1632 1728//1728 1727//1727
f 1635//1635 1634//1634 1584//1584
f 1631//1631 1728//1728 1632//1632
f 1636//1636 1635//1635 1584//1584
f 1630//1630 1728//1728 1631//1631
f 1630//1630 1729//1729 1728//1728
f 1651//1651 1729//1729 1630//1630
f 1651//1651 1730//1730 1729//1729
f 1664//1664 1663//1663 1730//1730
f 1651//1651 1664//1664 1730//1730
f 1650//1650 1665//1665 1664//1664
f 1649//1649 1665//1665 1650//1650
f 1649//1649 1666//1666 1665//1665
f 1743//1743 1742//1742 1640//1640
f 1743//1743 1640//1640 1639//1639
f 1742//1742 1641//1641 1640//1640
f 1741//1741 1641//1641 1742//1742
f 1743//1743 1639//1639 1638//1638
f 1741//1741 1642//1642 1641//1641
f 1740//1740 1642//1642 1741//1741
f 1740//1740 1643//1643 1642//1642
f 1585//1585 1743//1743 1638//1638
f 1650//1650 1664//1664 1651//1651
f 1663//1663 1731//1731 1730//1730
f 1663//1663 1662//1662 1731//1731
f 1662//1662 1732//1732 1731//1731
f 1613//1613 1612//1612 1713//1713
f 1722//1722 1721//1721 1584//1584
f 1720//1720 1583//1583 1721//1721
f 1723//1723 1722//1722 1584//1584
f 1719//1719 1583//1583 1720//1720
f 1739//1739 1583//1583 1719//1719
f 1724//1724 1723//1723 1584//1584
f 1725//1725 1724//1724 1584//1584
f 1738//1738 1583//1583 1739//1739
f 1726//1726 1725//1725 1584//1584
f 1655//1655 1738//1738 1656//1656
f 1656//1656 1738//1738 1737//1737
f 1655//1655 1583//1583 1738//1738
f 1657//1657 1656//1656 1737//1737
f 1654//1654 1583//1583 1655//1655
f 1657//1657 1737//1737 1736//1736
f 1658//1658 1657//1657 1736//1736
f 1653//1653 1583//1583 1654//1654
f 1652//1652 1583//1583 1653//1653
f 1658//1658 1736//1736 1735//1735
f 1659//1659 1658//1658 1735//1735
f 1660//1660 1659//1659 1735//1735
f 1660//1660 1735//1735 1734//1734
f 1660//1660 1734//1734 1733//1733
f 1661//1661 1660//1660 1733//1733
f 1661//1661 1733//1733 1732//1732
f 1662//1662 1661//1661 1732//1732
f 1585//1585 1744//1744 1743//1743
f 1585//1585 1636//1636 1584//1584
f 1648//1648 1666//1666 1649//1649
f 1585//1585 1638//1638 1637//1637
f 1766//1766 1701//1701 1671//1671
f 1765//1765 1701//1701 1766//1766
f 1769//1769 1669//1669 1668//1668
f 1770//1770 1769//1769 1668//1668
f 1765//1765 1702//1702 1701//1701
f 1770//1770 1668//1668 1667//1667
f 1764//1764 1702//1702 1765//1765
f 1585//1585 1637//1637 1636//1636
f 1763//1763 1703//1703 1702//1702
f 1763//1763 1702//1702 1764//1764
f 1771//1771 1667//1667 1666//1666
f 1772//1772 1771//1771 1666//1666
f 1772//1772 1666//1666 1648//1648
f 1762//1762 1704//1704 1703//1703
f 1762//1762 1703//1703 1763//1763
f 1773//1773 1772//1772 1648//1648
f 1803//1803 1704//1704 1762//1762
f 1773//1773 1648//1648 1647//1647
f 1774//1774 1773//1773 1647//1647
f 1803//1803 1705//1705 1704//1704
f 1611//1611 1715//1715 1714//1714
f 1610//1610 1716//1716 1715//1715
f 1610//1610 1715//1715 1611//1611
f 1802//1802 1706//1706 1705//1705
f 1802//1802 1705//1705 1803//1803
f 1612//1612 1611//1611 1714//1714
f 1612//1612 1714//1714 1713//1713
f 1766//1766 1671//1671 1670//1670
f 1769//1769 1768//1768 1669//1669
f 1771//1771 1770//1770 1667//1667
f 1768//1768 1767//1767 1669//1669
f 1761//1761 1643//1643 1740//1740
f 1745//1745 1744//1744 1585//1585
f 1761//1761 1644//1644 1643//1643
f 1766//1766 1670//1670 1767//1767
f 1760//1760 1644//1644 1761//1761
f 1747//1747 1746//1746 1585//1585
f 1759//1759 1645//1645 1644//1644
f 1759//1759 1644//1644 1760//1760
f 1758//1758 1645//1645 1759//1759
f 1758//1758 1646//1646 1645//1645
f 1757//1757 1647//1647 1646//1646
f 1757//1757 1646//1646 1758//1758
f 1756//1756 1647//1647 1757//1757
f 1746//1746 1745//1745 1585//1585
f 1586//1586 1748//1748 1747//1747
f 1701//1701 1700//1700 1671//1671
f 1698//1698 1673//1673 1699//1699
f 1698//1698 1674//1674 1673//1673
f 1699//1699 1673//1673 1672//1672
f 1700//1700 1699//1699 1672//1672
f 1700//1700 1672//1672 1671//1671
f 1767//1767 1670//1670 1669//1669
f 1751//1751 1750//1750 1586//1586
f 1750//1750 1749//1749 1586//1586
f 1586//1586 1749//1749 1748//1748
f 1752//1752 1751//1751 1586//1586
f 1586//1586 1747//1747 1585//1585
f 1805//1805 1806//1806 1804//1804
f 1805//1805 1807//1807 1806//1806
f 1809//1809 1810//1810 1811//1811
f 1809//1809 1811//1811 1808//1808
f 1812//1812 1814//1814 1813//1813
f 1814//1814 1815//1815 1813//1813
f 1816//1816 1819//1819 1817//1817
f 1816//1816 1818//1818 1819//1819
f 1822//1822 1823//1823 1821//1821
f 1820//1820 1822//1822 1821//1821
f 1824//1824 1827//1827 1825//1825
f 1824//1824 1826//1826 1827//1827
f 1830//1830 1831//1831 1829//1829
f 1828//1828 1830//1830 1829//1829
f 1832//1832 1835//1835 1833//1833
f 1835//1835 1834//1834 1833//1833
f 1847//1847 1836//1836 1846//1846
f 1847//1847 1838//1838 1836//1836
f 1847//1847 1839//1839 1838//1838
f 1848//1848 1849//1849 1840//1840
f 1846//1846 1836//1836 1837//1837
f 1847//1847 1848//1848 1839//1839
f 1848//1848 1840//1840 1839//1839
f 1846//1846 1837//1837 1844//1844
f 1849//1849 1850//1850 1841//1841
f 1844//1844 1843//1843 1845//1845
f 1844//1844 1837//1837 1843//1843
f 1843//1843 1842//1842 1851//1851
f 1843//1843 1851//1851 1845//1845
f 1841//1841 1850//1850 1842//1842
f 1842//1842 1850//1850 1851//1851
f 1840//1840 1849//1849 1841//1841
f 1852//1852 1853//1853 1855//1855
f 1852//1852 1855//1855 1854//1854
f 1867//1867 1859//1859 1866//1866
f 1867//1867 1858//1858 1859//1859
f 1866//1866 1860//1860 1857//1857
f 1866//1866 1859//1859 1860//1860
f 1860//1860 1861//1861 1856//1856
f 1861//1861 1865//1865 1856//1856
f 1863//1863 1864//1864 1862//1862
f 1864//1864 1865//1865 1862//1862
f 1862//1862 1865//1865 1861//1861
f 1860//1860 1856//1856 1857//1857
f 1873//1873 1868//1868 1871//1871
f 1869//1869 1872//1872 1868//1868
f 1868//1868 1870//1870 1871//1871
f 1868//1868 1872//1872 1870//1870
f 1876//1876 1875//1875 1874//1874
f 1876//1876 1874//1874 1877//1877
f 1881//1881 1879//1879 1880//1880
f 1881//1881 1878//1878 1879//1879
f 2092//2092 2091//2091 1938//1938
f 2089//2089 2029//2029 2028//2028
f 2091//2091 2090//2090 1939//1939
f 2091//2091 1939//1939 1938//1938
f 1934//1934 1933//1933 1900//1900
f 2090//2090 2028//2028 1939//1939
f 1900//1900 1929//1929 1901//1901
f 1933//1933 1932//1932 1900//1900
f 1900//1900 1932//1932 1931//1931
f 1900//1900 1931//1931 1930//1930
f 1900//1900 1930//1930 1929//1929
f 2090//2090 2089//2089 2028//2028
f 2092//2092 1938//1938 1937//1937
f 2014//2014 2100//2100 2099//2099
f 1895//1895 1884//1884 1885//1885
f 1895//1895 2103//2103 2102//2102
f 1895//1895 2104//2104 2103//2103
f 1895//1895 1885//1885 2106//2106
f 1895//1895 2105//2105 2104//2104
f 1895//1895 2106//2106 2105//2105
f 1895//1895 1894//1894 1884//1884
f 1895//1895 2102//2102 2101//2101
f 1896//1896 1895//1895 2101//2101
f 1896//1896 2101//2101 2100//2100
f 2014//2014 2099//2099 2098//2098
f 2089//2089 2088//2088 2029//2029
f 2013//2013 1896//1896 2100//2100
f 2093//2093 2092//2092 1937//1937
f 1939//1939 2028//2028 1940//1940
f 2086//2086 1887//1887 2031//2031
f 2088//2088 2087//2087 2029//2029
f 2111//2111 1885//1885 1887//1887
f 1944//1944 2022//2022 1945//1945
f 2107//2107 1885//1885 2108//2108
f 2112//2112 2111//2111 1887//1887
f 1944//1944 2023//2023 2022//2022
f 1943//1943 2023//2023 1944//1944
f 2113//2113 2112//2112 1887//1887
f 1901//1901 1948//1948 2019//2019
f 1901//1901 2018//2018 2017//2017
f 1901//1901 2019//2019 2018//2018
f 1901//1901 2017//2017 1886//1886
f 1901//1901 1926//1926 1948//1948
f 1927//1927 1926//1926 1901//1901
f 1940//1940 2028//2028 2027//2027
f 1943//1943 2024//2024 2023//2023
f 1942//1942 2024//2024 1943//1943
f 2086//2086 2113//2113 1887//1887
f 2013//2013 2100//2100 2014//2014
f 2086//2086 2031//2031 2030//2030
f 1928//1928 1927//1927 1901//1901
f 1942//1942 2025//2025 2024//2024
f 1941//1941 2026//2026 2025//2025
f 1941//1941 2025//2025 1942//1942
f 2087//2087 2086//2086 2030//2030
f 1929//1929 1928//1928 1901//1901
f 1940//1940 2026//2026 1941//1941
f 1940//1940 2027//2027 2026//2026
f 2087//2087 2030//2030 2029//2029
f 2106//2106 1885//1885 2107//2107
f 2015//2015 2014//2014 2098//2098
f 2005//2005 1897//1897 2006//2006
f 2012//2012 1896//1896 2013//2013
f 1905//1905 1936//1936 1935//1935
f 1905//1905 1904//1904 1936//1936
f 1918//1918 2001//2001 2000//2000
f 1917//1917 2001//2001 1918//1918
f 1916//1916 2002//2002 2001//2001
f 1916//1916 2001//2001 1917//1917
f 1906//1906 1905//1905 1935//1935
f 1906//1906 1935//1935 1934//1934
f 1916//1916 2003//2003 2002//2002
f 1899//1899 1934//1934 1900//1900
f 1899//1899 1906//1906 1934//1934
f 1899//1899 1907//1907 1906//1906
f 1899//1899 1908//1908 1907//1907
f 1899//1899 1909//1909 1908//1908
f 1899//1899 1910//1910 1909//1909
f 1899//1899 1911//1911 1910//1910
f 1898//1898 2003//2003 1916//1916
f 1898//1898 1912//1912 1911//1911
f 1898//1898 1913//1913 1912//1912
f 1898//1898 1914//1914 1913//1913
f 1898//1898 1915//1915 1914//1914
f 1898//1898 1916//1916 1915//1915
f 1898//1898 1911//1911 1899//1899
f 1898//1898 2004//2004 2003//2003
f 1898//1898 2005//2005 2004//2004
f 1898//1898 1897//1897 2005//2005
f 2108//2108 1885//1885 2109//2109
f 1918//1918 2000//2000 1919//1919
f 1919//1919 2000//2000 1999//1999
f 1904//1904 1903//1903 1937//1937
f 1904//1904 1937//1937 1936//1936
f 2016//2016 2015//2015 2097//2097
f 2016//2016 2097//2097 2096//2096
f 2011//2011 1896//1896 2012//2012
f 2011//2011 1897//1897 1896//1896
f 2016//2016 2096//2096 2095//2095
f 1994//1994 2016//2016 2095//2095
f 2010//2010 1897//1897 2011//2011
f 2009//2009 1897//1897 2010//2010
f 2008//2008 1897//1897 2009//2009
f 2007//2007 1897//1897 2008//2008
f 2006//2006 1897//1897 2007//2007
f 1924//1924 1923//1923 1995//1995
f 1923//1923 1996//1996 1995//1995
f 2015//2015 2098//2098 2097//2097
f 1924//1924 1995//1995 1994//1994
f 1925//1925 1994//1994 2095//2095
f 1925//1925 1924//1924 1994//1994
f 1922//1922 1997//1997 1996//1996
f 1925//1925 2095//2095 2094//2094
f 1922//1922 1998//1998 1997//1997
f 1902//1902 1925//1925 2094//2094
f 1921//1921 1998//1998 1922//1922
f 1902//1902 2094//2094 2093//2093
f 1920//1920 1998//1998 1921//1921
f 1903//1903 2093//2093 1937//1937
f 1903//1903 1902//1902 2093//2093
f 1920//1920 1999//1999 1998//1998
f 1919//1919 1999//1999 1920//1920
f 1922//1922 1996//1996 1923//1923
f 2111//2111 2110//2110 1885//1885
f 2061//2061 2060//2060 1888//1888
f 1945//1945 2022//2022 2021//2021
f 1883//1883 1972//1972 1971//1971
f 1883//1883 1973//1973 1972//1972
f 1883//1883 1974//1974 1973//1973
f 1948//1948 1947//1947 2019//2019
f 1883//1883 1976//1976 1975//1975
f 1882//1882 1976//1976 1883//1883
f 1882//1882 1977//1977 1976//1976
f 1882//1882 1978//1978 1977//1977
f 1882//1882 1979//1979 1978//1978
f 1882//1882 1980//1980 1979//1979
f 1882//1882 1981//1981 1980//1980
f 1884//1884 1981//1981 1882//1882
f 1884//1884 1982//1982 1981//1981
f 1969//1969 1968//1968 2053//2053
f 1968//1968 2054//2054 2053//2053
f 1969//1969 2053//2053 2052//2052
f 1968//1968 1889//1889 2054//2054
f 1967//1967 1889//1889 1968//1968
f 1970//1970 1969//1969 2052//2052
f 1970//1970 2052//2052 2051//2051
f 1966//1966 1889//1889 1967//1967
f 1949//1949 1970//1970 2051//2051
f 1949//1949 2051//2051 2050//2050
f 1950//1950 1949//1949 2050//2050
f 1951//1951 1950//1950 2050//2050
f 1951//1951 2050//2050 2049//2049
f 1951//1951 2049//2049 1983//1983
f 1883//1883 1971//1971 1888//1888
f 1951//1951 1983//1983 1982//1982
f 1983//1983 2048//2048 1984//1984
f 1984//1984 2048//2048 1985//1985
f 2059//2059 1889//1889 1888//1888
f 2060//2060 2059//2059 1888//1888
f 2058//2058 1889//1889 2059//2059
f 2057//2057 1889//1889 2058//2058
f 2039//2039 2061//2061 1888//1888
f 2056//2056 1889//1889 2057//2057
f 2040//2040 2039//2039 1888//1888
f 2055//2055 1889//1889 2056//2056
f 2041//2041 2040//2040 1888//1888
f 2054//2054 1889//1889 2055//2055
f 1992//1992 1991//1991 2041//2041
f 1991//1991 2042//2042 2041//2041
f 1992//1992 2041//2041 1888//1888
f 1990//1990 2042//2042 1991//1991
f 1993//1993 1992//1992 1888//1888
f 1990//1990 2043//2043 2042//2042
f 1989//1989 2044//2044 2043//2043
f 1989//1989 2043//2043 1990//1990
f 1971//1971 1993//1993 1888//1888
f 1988//1988 2044//2044 1989//1989
f 1988//1988 2045//2045 2044//2044
f 1988//1988 2046//2046 2045//2045
f 1987//1987 2046//2046 1988//1988
f 1987//1987 2047//2047 2046//2046
f 1986//1986 2047//2047 1987//1987
f 1985//1985 2047//2047 1986//1986
f 1985//1985 2048//2048 2047//2047
f 1983//1983 2049//2049 2048//2048
f 1951//1951 1982//1982 1884//1884
f 1883//1883 1975//1975 1974//1974
f 2083//2083 1962//1962 1961//1961
f 1894//1894 1953//1953 1952//1952
f 1893//1893 1956//1956 1955//1955
f 1893//1893 2067//2067 1956//1956
f 1893//1893 1953//1953 1894//1894
f 1893//1893 2068//2068 2067//2067
f 1893//1893 1954//1954 1953//1953
f 1893//1893 1955//1955 1954//1954
f 2035//2035 1886//1886 2036//2036
f 2037//2037 2036//2036 1886//1886
f 2038//2038 2037//2037 1886//1886
f 2034//2034 1886//1886 2035//2035
f 2017//2017 2038//2038 1886//1886
f 1892//1892 2071//2071 2070//2070
f 1892//1892 2072//2072 2071//2071
f 1892//1892 1891//1891 2072//2072
f 1892//1892 2068//2068 1893//1893
f 1892//1892 2069//2069 2068//2068
f 1892//1892 2070//2070 2069//2069
f 2033//2033 1886//1886 2034//2034
f 2033//2033 1887//1887 1886//1886
f 2032//2032 1887//1887 2033//2033
f 2031//2031 1887//1887 2032//2032
f 1946//1946 2021//2021 2020//2020
f 1952//1952 1951//1951 1884//1884
f 1945//1945 2021//2021 1946//1946
f 1947//1947 2020//2020 2019//2019
f 2110//2110 2109//2109 1885//1885
f 1894//1894 1952//1952 1884//1884
f 2072//2072 1891//1891 2073//2073
f 1947//1947 1946//1946 2020//2020
f 2074//2074 1891//1891 2075//2075
f 2073//2073 1891//1891 2074//2074
f 2082//2082 1962//1962 2083//2083
f 2084//2084 2083//2083 1961//1961
f 2085//2085 2084//2084 1961//1961
f 2085//2085 1961//1961 1960//1960
f 2082//2082 1963//1963 1962//1962
f 2062//2062 2085//2085 1960//1960
f 2062//2062 1960//1960 1959//1959
f 1890//1890 1964//1964 1963//1963
f 1890//1890 2081//2081 2080//2080
f 1890//1890 1965//1965 1964//1964
f 1890//1890 1963//1963 2082//2082
f 1890//1890 2082//2082 2081//2081
f 1890//1890 1966//1966 1965//1965
f 1890//1890 1889//1889 1966//1966
f 2063//2063 2062//2062 1959//1959
f 1891//1891 1890//1890 2077//2077
f 2063//2063 1959//1959 1958//1958
f 1891//1891 2076//2076 2075//2075
f 2067//2067 2066//2066 1956//1956
f 2066//2066 2065//2065 1956//1956
f 2065//2065 1957//1957 1956//1956
f 1891//1891 2077//2077 2076//2076
f 2065//2065 2064//2064 1957//1957
f 2079//2079 1890//1890 2080//2080
f 2077//2077 1890//1890 2078//2078
f 2078//2078 1890//1890 2079//2079
f 2064//2064 1958//1958 1957//1957
f 2064//2064 2063//2063 1958//1958
f 2115//2115 2117//2117 2114//2114
f 2115//2115 2116//2116 2117//2117
f 2117//2117 2119//2119 2118//2118
f 2117//2117 2116//2116 2119//2119
f 2122//2122 2121//2121 2120//2120
f 2122//2122 2120//2120 2123//2123
f 2125//2125 2126//2126 2124//2124
f 2129//2129 2128//2128 2127//2127
f 2129//2129 2127//2127 2126//2126
f 2129//2129 2126//2126 2125//2125
f 2131//2131 2134//2134 2132//2132
f 2131//2131 2130//2130 2136//2136
f 2131//2131 2136//2136 2134//2134
f 2136//2136 2130//2130 2137//2137
f 2136//2136 2137//2137 2135//2135
f 2132//2132 2134//2134 2133//2133
f 2146//2146 2143//2143 2144//2144
f 2141//2141 2149//2149 2140//2140
f 2141//2141 2147//2147 2148//2148
f 2140//2140 2149//2149 2139//2139
f 2141//2141 2142//2142 2147//2147
f 2142//2142 2143//2143 2146//2146
f 2142//2142 2146//2146 2147//2147
f 2146//2146 2144//2144 2145//2145
f 2149//2149 2138//2138 2139//2139
f 2141//2141 2148//2148 2149//2149
f 2150//2150 2153//2153 2151//2151
f 2150//2150 2152//2152 2153//2153
f 2155//2155 2156//2156 2154//2154
f 2155//2155 2157//2157 2156//2156
f 2159//2159 2161//2161 2158//2158
f 2161//2161 2160//2160 2158//2158
f 2163//2163 2165//2165 2164//2164
f 2163//2163 2164//2164 2162//2162
f 2167//2167 2168//2168 2166//2166
f 2167//2167 2169//2169 2168//2168
f 2173//2173 2174//2174 2170//2170
f 2173//2173 2175//2175 2174//2174
f 2172//2172 2175//2175 2173//2173
f 2171//2171 2173//2173 2170//2170
f 2178//2178 2179//2179 2176//2176
f 2178//2178 2176//2176 2177//2177
f 2180//2180 2181//2181 2182//2182
f 2182//2182 2184//2184 2183//2183
f 2183//2183 2184//2184 2185//2185
f 2182//2182 2181//2181 2184//2184
f 2188//2188 2189//2189 2186//2186
f 2188//2188 2186//2186 2187//2187
f 2191//2191 2193//2193 2190//2190
f 2191//2191 2192//2192 2193//2193
f 2197//2197 2199//2199 2194//2194
f 2197//2197 2194//2194 2196//2196
f 2194//2194 2199//2199 2198//2198
f 2194//2194 2198//2198 2195//2195
f 2203//2203 2200//2200 2202//2202
f 2203//2203 2201//2201 2200//2200
f 2207//2207 2204//2204 2206//2206
f 2207//2207 2205//2205 2204//2204
f 2209//2209 2208//2208 2210//2210
f 2211//2211 2209//2209 2210//2210
f 2213//2213 2212//2212 2214//2214
f 2215//2215 2213//2213 2214//2214
f 2219//2219 2216//2216 2218//2218
f 2219//2219 2217//2217 2216//2216
f 2221//2221 2220//2220 2226//2226
f 2221//2221 2226//2226 2224//2224
f 2224//2224 2226//2226 2225//2225
f 2227//2227 2223//2223 2222//2222
f 2220//2220 2223//2223 2227//2227
f 2226//2226 2220//2220 2227//2227
f 2230//2230 2231//2231 2228//2228
f 2230//2230 2228//2228 2229//2229
f 2235//2235 2234//2234 2233//2233
f 2235//2235 2233//2233 2232//2232
f 2237//2237 2236//2236 2239//2239
f 2237//2237 2239//2239 2238//2238
f 2243//2243 2241//2241 2240//2240
f 2243//2243 2242//2242 2241//2241
f 2247//2247 2246//2246 2245//2245
f 2247//2247 2245//2245 2244//2244
f 2249//2249 2292//2292 2269//2269
f 2249//2249 2269//2269 2248//2248
f 2249//2249 2291//2291 2292//2292
f 2250//2250 2291//2291 2249//2249
f 2251//2251 2291//2291 2250//2250
f 2251//2251 2290//2290 2291//2291
f 2251//2251 2289//2289 2290//2290
f 2252//2252 2289//2289 2251//2251
f 2252//2252 2288//2288 2289//2289
f 2253//2253 2288//2288 2252//2252
f 2254//2254 2286//2286 2287//2287
f 2254//2254 2287//2287 2253//2253
f 2255//2255 2285//2285 2286//2286
f 2255//2255 2286//2286 2254//2254
f 2256//2256 2285//2285 2255//2255
f 2256//2256 2284//2284 2285//2285
f 2256//2256 2283//2283 2284//2284
f 2257//2257 2283//2283 2256//2256
f 2258//2258 2282//2282 2283//2283
f 2258//2258 2281//2281 2282//2282
f 2253//2253 2287//2287 2288//2288
f 2248//2248 2269//2269 2270//2270
f 2258//2258 2283//2283 2257//2257
f 2268//2268 2270//2270 2271//2271
f 2259//2259 2280//2280 2281//2281
f 2260//2260 2280//2280 2259//2259
f 2260//2260 2279//2279 2280//2280
f 2261//2261 2279//2279 2260//2260
f 2261//2261 2278//2278 2279//2279
f 2262//2262 2278//2278 2261//2261
f 2262//2262 2277//2277 2278//2278
f 2262//2262 2276//2276 2277//2277
f 2263//2263 2276//2276 2262//2262
f 2259//2259 2281//2281 2258//2258
f 2264//2264 2276//2276 2263//2263
f 2264//2264 2275//2275 2276//2276
f 2268//2268 2271//2271 2267//2267
f 2267//2267 2271//2271 2272//2272
f 2267//2267 2272//2272 2266//2266
f 2248//2248 2270//2270 2268//2268
f 2266//2266 2273//2273 2265//2265
f 2265//2265 2273//2273 2274//2274
f 2265//2265 2274//2274 2264//2264
f 2264//2264 2274//2274 2275//2275
f 2266//2266 2272//2272 2273//2273
f 2294//2294 2315//2315 2293//2293
f 2295//2295 2337//2337 2294//2294
f 2295//2295 2336//2336 2337//2337
f 2296//2296 2336//2336 2295//2295
f 2296//2296 2335//2335 2336//2336
f 2297//2297 2335//2335 2296//2296
f 2297//2297 2334//2334 2335//2335
f 2298//2298 2334//2334 2297//2297
f 2298//2298 2333//2333 2334//2334
f 2298//2298 2332//2332 2333//2333
f 2299//2299 2331//2331 2332//2332
f 2300//2300 2330//2330 2331//2331
f 2300//2300 2331//2331 2299//2299
f 2301//2301 2329//2329 2330//2330
f 2302//2302 2329//2329 2301//2301
f 2302//2302 2328//2328 2329//2329
f 2303//2303 2328//2328 2302//2302
f 2303//2303 2327//2327 2328//2328
f 2294//2294 2337//2337 2315//2315
f 2304//2304 2327//2327 2303//2303
f 2299//2299 2332//2332 2298//2298
f 2301//2301 2330//2330 2300//2300
f 2293//2293 2315//2315 2316//2316
f 2314//2314 2316//2316 2317//2317
f 2293//2293 2316//2316 2314//2314
f 2304//2304 2326//2326 2327//2327
f 2305//2305 2326//2326 2304//2304
f 2305//2305 2325//2325 2326//2326
f 2306//2306 2325//2325 2305//2305
f 2306//2306 2324//2324 2325//2325
f 2308//2308 2324//2324 2307//2307
f 2308//2308 2323//2323 2324//2324
f 2309//2309 2323//2323 2308//2308
f 2309//2309 2322//2322 2323//2323
f 2307//2307 2324//2324 2306//2306
f 2310//2310 2322//2322 2309//2309
f 2310//2310 2321//2321 2322//2322
f 2313//2313 2317//2317 2318//2318
f 2313//2313 2318//2318 2312//2312
f 2312//2312 2318//2318 2319//2319
f 2314//2314 2317//2317 2313//2313
f 2311//2311 2319//2319 2320//2320
f 2311//2311 2320//2320 2310//2310
f 2310//2310 2320//2320 2321//2321
f 2312//2312 2319//2319 2311//2311
f 2344//2344 2376//2376 2377//2377
f 2340//2340 2380//2380 2381//2381
f 2341//2341 2380//2380 2340//2340
f 2341//2341 2379//2379 2380//2380
f 2342//2342 2379//2379 2341//2341
f 2342//2342 2378//2378 2379//2379
f 2343//2343 2378//2378 2342//2342
f 2343//2343 2377//2377 2378//2378
f 2344//2344 2377//2377 2343//2343
f 2345//2345 2375//2375 2376//2376
f 2340//2340 2381//2381 2339//2339
f 2346//2346 2374//2374 2375//2375
f 2346//2346 2375//2375 2345//2345
f 2347//2347 2374//2374 2346//2346
f 2347//2347 2373//2373 2374//2374
f 2348//2348 2373//2373 2347//2347
f 2348//2348 2372//2372 2373//2373
f 2349//2349 2372//2372 2348//2348
f 2350//2350 2371//2371 2372//2372
f 2350//2350 2372//2372 2349//2349
f 2345//2345 2376//2376 2344//2344
f 2339//2339 2381//2381 2338//2338
f 2338//2338 2361//2361 2359//2359
f 2338//2338 2360//2360 2361//2361
f 2351//2351 2370//2370 2371//2371
f 2351//2351 2371//2371 2350//2350
f 2351//2351 2369//2369 2370//2370
f 2352//2352 2369//2369 2351//2351
f 2352//2352 2368//2368 2369//2369
f 2353//2353 2367//2367 2368//2368
f 2354//2354 2367//2367 2353//2353
f 2354//2354 2366//2366 2367//2367
f 2355//2355 2366//2366 2354//2354
f 2353//2353 2368//2368 2352//2352
f 2356//2356 2365//2365 2355//2355
f 2355//2355 2365//2365 2366//2366
f 2359//2359 2361//2361 2362//2362
f 2359//2359 2362//2362 2358//2358
f 2358//2358 2362//2362 2363//2363
f 2338//2338 2381//2381 2360//2360
f 2357//2357 2363//2363 2364//2364
f 2357//2357 2364//2364 2356//2356
f 2356//2356 2364//2364 2365//2365
f 2358//2358 2363//2363 2357//2357
f 2388//2388 2422//2422 2423//2423
f 2384//2384 2426//2426 2427//2427
f 2385//2385 2426//2426 2384//2384
f 2386//2386 2426//2426 2385//2385
f 2386//2386 2425//2425 2426//2426
f 2387//2387 2425//2425 2386//2386
f 2387//2387 2424//2424 2425//2425
f 2388//2388 2424//2424 2387//2387
f 2388//2388 2423//2423 2424//2424
f 2389//2389 2422//2422 2388//2388
f 2394//2394 2417//2417 2393//2393
f 2390//2390 2421//2421 2389//2389
f 2390//2390 2420//2420 2421//2421
f 2391//2391 2420//2420 2390//2390
f 2391//2391 2419//2419 2420//2420
f 2391//2391 2418//2418 2419//2419
f 2392//2392 2418//2418 2391//2391
f 2392//2392 2417//2417 2418//2418
f 2393//2393 2417//2417 2392//2392
f 2384//2384 2427//2427 2383//2383
f 2389//2389 2421//2421 2422//2422
f 2383//2383 2427//2427 2405//2405
f 2394//2394 2416//2416 2417//2417
f 2382//2382 2406//2406 2404//2404
f 2395//2395 2415//2415 2416//2416
f 2395//2395 2416//2416 2394//2394
f 2395//2395 2414//2414 2415//2415
f 2396//2396 2414//2414 2395//2395
f 2396//2396 2413//2413 2414//2414
f 2397//2397 2413//2413 2396//2396
f 2397//2397 2412//2412 2413//2413
f 2398//2398 2412//2412 2397//2397
f 2398//2398 2411//2411 2412//2412
f 2399//2399 2411//2411 2398//2398
f 2383//2383 2405//2405 2382//2382
f 2400//2400 2410//2410 2399//2399
f 2400//2400 2409//2409 2410//2410
f 2401//2401 2409//2409 2400//2400
f 2401//2401 2408//2408 2409//2409
f 2402//2402 2408//2408 2401//2401
f 2402//2402 2407//2407 2408//2408
f 2403//2403 2407//2407 2402//2402
f 2403//2403 2406//2406 2407//2407
f 2404//2404 2406//2406 2403//2403
f 2382//2382 2405//2405 2406//2406
f 2399//2399 2410//2410 2411//2411
f 2432//2432 2467//2467 2468//2468
f 2432//2432 2468//2468 2469//2469
f 2432//2432 2469//2469 2431//2431
f 2429//2429 2471//2471 2472//2472
f 2431//2431 2470//2470 2430//2430
f 2430//2430 2470//2470 2471//2471
f 2430//2430 2471//2471 2429//2429
f 2433//2433 2467//2467 2432//2432
f 2431//2431 2469//2469 2470//2470
f 2433//2433 2466//2466 2467//2467
f 2436//2436 2464//2464 2465//2465
f 2435//2435 2465//2465 2466//2466
f 2435//2435 2466//2466 2434//2434
f 2436//2436 2465//2465 2435//2435
f 2437//2437 2464//2464 2436//2436
f 2437//2437 2463//2463 2464//2464
f 2438//2438 2463//2463 2437//2437
f 2438//2438 2462//2462 2463//2463
f 2438//2438 2461//2461 2462//2462
f 2429//2429 2472//2472 2428//2428
f 2434//2434 2466//2466 2433//2433
f 2439//2439 2461//2461 2438//2438
f 2428//2428 2450//2450 2449//2449
f 2449//2449 2450//2450 2448//2448
f 2428//2428 2472//2472 2450//2450
f 2439//2439 2460//2460 2461//2461
f 2440//2440 2460//2460 2439//2439
f 2440//2440 2459//2459 2460//2460
f 2441//2441 2459//2459 2440//2440
f 2442//2442 2459//2459 2441//2441
f 2442//2442 2457//2457 2458//2458
f 2443//2443 2457//2457 2442//2442
f 2443//2443 2456//2456 2457//2457
f 2444//2444 2456//2456 2443//2443
f 2442//2442 2458//2458 2459//2459
f 2445//2445 2455//2455 2444//2444
f 2444//2444 2455//2455 2456//2456
f 2448//2448 2451//2451 2447//2447
f 2447//2447 2451//2451 2452//2452
f 2447//2447 2452//2452 2453//2453
f 2448//2448 2450//2450 2451//2451
f 2446//2446 2454//2454 2445//2445
f 2446//2446 2453//2453 2454//2454
f 2445//2445 2454//2454 2455//2455
f 2447//2447 2453//2453 2446//2446
f 2478//2478 2512//2512 2477//2477
f 2474//2474 2516//2516 2473//2473
f 2475//2475 2515//2515 2474//2474
f 2475//2475 2514//2514 2515//2515
f 2476//2476 2514//2514 2475//2475
f 2476//2476 2513//2513 2514//2514
f 2477//2477 2513//2513 2476//2476
f 2477//2477 2512//2512 2513//2513
f 2478//2478 2511//2511 2512//2512
f 2474//2474 2515//2515 2516//2516
f 2479//2479 2510//2510 2511//2511
f 2480//2480 2509//2509 2510//2510
f 2480//2480 2510//2510 2479//2479
f 2481//2481 2509//2509 2480//2480
f 2481//2481 2508//2508 2509//2509
f 2482//2482 2508//2508 2481//2481
f 2482//2482 2507//2507 2508//2508
f 2483//2483 2507//2507 2482//2482
f 2483//2483 2506//2506 2507//2507
f 2479//2479 2511//2511 2478//2478
f 2473//2473 2516//2516 2495//2495
f 2484//2484 2506//2506 2483//2483
f 2494//2494 2495//2495 2496//2496
f 2484//2484 2505//2505 2506//2506
f 2485//2485 2505//2505 2484//2484
f 2485//2485 2504//2504 2505//2505
f 2486//2486 2504//2504 2485//2485
f 2487//2487 2504//2504 2486//2486
f 2487//2487 2503//2503 2504//2504
f 2487//2487 2502//2502 2503//2503
f 2488//2488 2502//2502 2487//2487
f 2488//2488 2501//2501 2502//2502
f 2489//2489 2501//2501 2488//2488
f 2473//2473 2495//2495 2494//2494
f 2489//2489 2499//2499 2500//2500
f 2490//2490 2499//2499 2489//2489
f 2491//2491 2498//2498 2499//2499
f 2491//2491 2499//2499 2490//2490
f 2492//2492 2498//2498 2491//2491
f 2492//2492 2497//2497 2498//2498
f 2493//2493 2497//2497 2492//2492
f 2493//2493 2496//2496 2497//2497
f 2494//2494 2496//2496 2493//2493
f 2489//2489 2500//2500 2501//2501
f 2521//2521 2555//2555 2556//2556
f 2521//2521 2556//2556 2557//2557
f 2521//2521 2557//2557 2520//2520
f 2519//2519 2559//2559 2518//2518
f 2520//2520 2558//2558 2519//2519
f 2519//2519 2558//2558 2559//2559
f 2522//2522 2555//2555 2521//2521
f 2520//2520 2557//2557 2558//2558
f 2522//2522 2554//2554 2555//2555
f 2525//2525 2552//2552 2524//2524
f 2523//2523 2553//2553 2554//2554
f 2524//2524 2553//2553 2523//2523
f 2524//2524 2552//2552 2553//2553
f 2525//2525 2551//2551 2552//2552
f 2526//2526 2551//2551 2525//2525
f 2526//2526 2550//2550 2551//2551
f 2527//2527 2549//2549 2550//2550
f 2527//2527 2550//2550 2526//2526
f 2518//2518 2559//2559 2560//2560
f 2523//2523 2554//2554 2522//2522
f 2518//2518 2560//2560 2517//2517
f 2517//2517 2560//2560 2538//2538
f 2530//2530 2546//2546 2547//2547
f 2517//2517 2538//2538 2537//2537
f 2528//2528 2548//2548 2549//2549
f 2528//2528 2549//2549 2527//2527
f 2529//2529 2548//2548 2528//2528
f 2529//2529 2547//2547 2548//2548
f 2530//2530 2547//2547 2529//2529
f 2531//2531 2546//2546 2530//2530
f 2532//2532 2546//2546 2531//2531
f 2532//2532 2545//2545 2546//2546
f 2533//2533 2544//2544 2545//2545
f 2533//2533 2545//2545 2532//2532
f 2534//2534 2543//2543 2533//2533
f 2534//2534 2542//2542 2543//2543
f 2535//2535 2542//2542 2534//2534
f 2535//2535 2541//2541 2542//2542
f 2535//2535 2540//2540 2541//2541
f 2536//2536 2540//2540 2535//2535
f 2536//2536 2539//2539 2540//2540
f 2537//2537 2539//2539 2536//2536
f 2537//2537 2538//2538 2539//2539
f 2533//2533 2543//2543 2544//2544
f 2564//2564 2603//2603 2604//2604
f 2565//2565 2602//2602 2603//2603
f 2565//2565 2603//2603 2564//2564
f 2564//2564 2604//2604 2563//2563
f 2561//2561 2606//2606 2583//2583
f 2563//2563 2605//2605 2562//2562
f 2562//2562 2605//2605 2606//2606
f 2562//2562 2606//2606 2561//2561
f 2565//2565 2601//2601 2602//2602
f 2563//2563 2604//2604 2605//2605
f 2566//2566 2601//2601 2565//2565
f 2571//2571 2596//2596 2570//2570
f 2567//2567 2600//2600 2566//2566
f 2567//2567 2599//2599 2600//2600
f 2568//2568 2599//2599 2567//2567
f 2568//2568 2598//2598 2599//2599
f 2569//2569 2598//2598 2568//2568
f 2569//2569 2597//2597 2598//2598
f 2570//2570 2597//2597 2569//2569
f 2570//2570 2596//2596 2597//2597
f 2571//2571 2595//2595 2596//2596
f 2566//2566 2600//2600 2601//2601
f 2561//2561 2583//2583 2582//2582
f 2573//2573 2593//2593 2572//2572
f 2582//2582 2584//2584 2581//2581
f 2582//2582 2583//2583 2584//2584
f 2571//2571 2594//2594 2595//2595
f 2572//2572 2594//2594 2571//2571
f 2572//2572 2593//2593 2594//2594
f 2574//2574 2593//2593 2573//2573
f 2574//2574 2591//2591 2592//2592
f 2575//2575 2591//2591 2574//2574
f 2575//2575 2590//2590 2591//2591
f 2576//2576 2590//2590 2575//2575
f 2576//2576 2589//2589 2590//2590
f 2574//2574 2592//2592 2593//2593
f 2577//2577 2588//2588 2589//2589
f 2578//2578 2588//2588 2577//2577
f 2579//2579 2587//2587 2588//2588
f 2579//2579 2588//2588 2578//2578
f 2580//2580 2587//2587 2579//2579
f 2580//2580 2586//2586 2587//2587
f 2580//2580 2585//2585 2586//2586
f 2581//2581 2585//2585 2580//2580
f 2577//2577 2589//2589 2576//2576
f 2581//2581 2584//2584 2585//2585
f 2626//2626 2657//2657 2625//2625
f 2625//2625 2657//2657 2658//2658
f 2625//2625 2658//2658 2624//2624
f 2624//2624 2658//2658 2659//2659
f 2624//2624 2659//2659 2623//2623
f 2622//2622 2661//2661 2621//2621
f 2623//2623 2660//2660 2622//2622
f 2622//2622 2660//2660 2661//2661
f 2621//2621 2661//2661 2636//2636
f 2626//2626 2656//2656 2657//2657
f 2623//2623 2659//2659 2660//2660
f 2626//2626 2655//2655 2656//2656
f 2633//2633 2651//2651 2632//2632
f 2628//2628 2655//2655 2627//2627
f 2628//2628 2654//2654 2655//2655
f 2629//2629 2654//2654 2628//2628
f 2629//2629 2653//2653 2654//2654
f 2634//2634 2635//2635 2650//2650
f 2631//2631 2653//2653 2630//2630
f 2631//2631 2652//2652 2653//2653
f 2632//2632 2652//2652 2631//2631
f 2632//2632 2651//2651 2652//2652
f 2633//2633 2650//2650 2651//2651
f 2634//2634 2650//2650 2633//2633
f 2621//2621 2636//2636 2620//2620
f 2627//2627 2655//2655 2626//2626
f 2620//2620 2636//2636 2637//2637
f 2630//2630 2653//2653 2629//2629
f 2619//2619 2637//2637 2618//2618
f 2620//2620 2637//2637 2619//2619
f 2607//2607 2635//2635 2634//2634
f 2607//2607 2649//2649 2635//2635
f 2607//2607 2648//2648 2649//2649
f 2608//2608 2648//2648 2607//2607
f 2608//2608 2647//2647 2648//2648
f 2609//2609 2647//2647 2608//2608
f 2610//2610 2646//2646 2609//2609
f 2610//2610 2645//2645 2646//2646
f 2611//2611 2645//2645 2610//2610
f 2611//2611 2644//2644 2645//2645
f 2612//2612 2644//2644 2611//2611
f 2609//2609 2646//2646 2647//2647
f 2613//2613 2643//2643 2612//2612
f 2612//2612 2643//2643 2644//2644
f 2618//2618 2638//2638 2617//2617
f 2617//2617 2638//2638 2639//2639
f 2617//2617 2639//2639 2616//2616
f 2616//2616 2639//2639 2640//2640
f 2616//2616 2641//2641 2615//2615
f 2618//2618 2637//2637 2638//2638
f 2615//2615 2642//2642 2614//2614
f 2615//2615 2641//2641 2642//2642
f 2614//2614 2642//2642 2613//2613
f 2613//2613 2642//2642 2643//2643
f 2616//2616 2640//2640 2641//2641
f 2673//2673 2688//2688 2687//2687
f 2673//2673 2664//2664 2663//2663
f 2673//2673 2676//2676 2675//2675
f 2673//2673 2663//2663 2688//2688
f 2673//2673 2685//2685 2684//2684
f 2673//2673 2672//2672 2671//2671
f 2673//2673 2687//2687 2686//2686
f 2673//2673 2671//2671 2670//2670
f 2673//2673 2683//2683 2676//2676
f 2673//2673 2684//2684 2683//2683
f 2673//2673 2670//2670 2664//2664
f 2673//2673 2675//2675 2674//2674
f 2673//2673 2686//2686 2685//2685
f 2676//2676 2681//2681 2679//2679
f 2676//2676 2677//2677 2662//2662
f 2679//2679 2681//2681 2680//2680
f 2667//2667 2666//2666 2665//2665
f 2669//2669 2668//2668 2667//2667
f 2670//2670 2667//2667 2665//2665
f 2677//2677 2679//2679 2678//2678
f 2670//2670 2669//2669 2667//2667
f 2670//2670 2665//2665 2664//2664
f 2676//2676 2682//2682 2681//2681
f 2676//2676 2683//2683 2682//2682
f 2676//2676 2679//2679 2677//2677
f 2767//2767 2768//2768 2695//2695
f 2764//2764 2765//2765 2697//2697
f 2765//2765 2766//2766 2697//2697
f 2766//2766 2696//2696 2697//2697
f 2766//2766 2767//2767 2696//2696
f 2767//2767 2695//2695 2696//2696
f 2764//2764 2697//2697 2698//2698
f 2768//2768 2694//2694 2695//2695
f 2771//2771 2691//2691 2692//2692
f 2769//2769 2693//2693 2694//2694
f 2769//2769 2770//2770 2693//2693
f 2770//2770 2692//2692 2693//2693
f 2770//2770 2771//2771 2692//2692
f 2764//2764 2698//2698 2699//2699
f 2753//2753 2709//2709 2710//2710
f 2771//2771 2772//2772 2691//2691
f 2772//2772 2773//2773 2690//2690
f 2772//2772 2690//2690 2691//2691
f 2768//2768 2769//2769 2694//2694
f 2763//2763 2764//2764 2699//2699
f 2760//2760 2761//2761 2702//2702
f 2762//2762 2763//2763 2699//2699
f 2773//2773 2689//2689 2690//2690
f 2753//2753 2754//2754 2709//2709
f 2754//2754 2708//2708 2709//2709
f 2754//2754 2755//2755 2708//2708
f 2755//2755 2707//2707 2708//2708
f 2755//2755 2756//2756 2707//2707
f 2756//2756 2706//2706 2707//2707
f 2756//2756 2757//2757 2706//2706
f 2762//2762 2699//2699 2700//2700
f 2757//2757 2705//2705 2706//2706
f 2758//2758 2704//2704 2705//2705
f 2758//2758 2759//2759 2703//2703
f 2758//2758 2703//2703 2704//2704
f 2759//2759 2760//2760 2703//2703
f 2760//2760 2702//2702 2703//2703
f 2761//2761 2701//2701 2702//2702
f 2761//2761 2762//2762 2701//2701
f 2762//2762 2700//2700 2701//2701
f 2757//2757 2758//2758 2705//2705
f 2773//2773 2731//2731 2689//2689
f 2734//2734 2735//2735 2728//2728
f 2731//2731 2732//2732 2730//2730
f 2744//2744 2719//2719 2720//2720
f 2745//2745 2718//2718 2719//2719
f 2745//2745 2746//2746 2718//2718
f 2746//2746 2717//2717 2718//2718
f 2746//2746 2747//2747 2717//2717
f 2747//2747 2716//2716 2717//2717
f 2747//2747 2748//2748 2716//2716
f 2748//2748 2749//2749 2715//2715
f 2744//2744 2745//2745 2719//2719
f 2749//2749 2714//2714 2715//2715
f 2750//2750 2713//2713 2714//2714
f 2750//2750 2751//2751 2713//2713
f 2751//2751 2712//2712 2713//2713
f 2751//2751 2752//2752 2712//2712
f 2752//2752 2711//2711 2712//2712
f 2752//2752 2753//2753 2710//2710
f 2752//2752 2710//2710 2711//2711
f 2731//2731 2730//2730 2689//2689
f 2749//2749 2750//2750 2714//2714
f 2743//2743 2744//2744 2720//2720
f 2748//2748 2715//2715 2716//2716
f 2742//2742 2743//2743 2721//2721
f 2743//2743 2720//2720 2721//2721
f 2733//2733 2729//2729 2730//2730
f 2733//2733 2734//2734 2729//2729
f 2734//2734 2728//2728 2729//2729
f 2735//2735 2727//2727 2728//2728
f 2735//2735 2736//2736 2727//2727
f 2736//2736 2726//2726 2727//2727
f 2736//2736 2737//2737 2726//2726
f 2737//2737 2725//2725 2726//2726
f 2732//2732 2733//2733 2730//2730
f 2738//2738 2739//2739 2724//2724
f 2737//2737 2738//2738 2725//2725
f 2741//2741 2742//2742 2722//2722
f 2741//2741 2722//2722 2723//2723
f 2740//2740 2741//2741 2723//2723
f 2742//2742 2721//2721 2722//2722
f 2739//2739 2740//2740 2724//2724
f 2738//2738 2724//2724 2725//2725
f 2740//2740 2723//2723 2724//2724
f 2795//2795 2801//2801 2799//2799
f 2784//2784 2783//2783 2781//2781
f 2785//2785 2784//2784 2781//2781
f 2797//2797 2799//2799 2798//2798
f 2796//2796 2799//2799 2797//2797
f 2783//2783 2782//2782 2781//2781
f 2795//2795 2799//2799 2796//2796
f 2788//2788 2786//2786 2785//2785
f 2791//2791 2790//2790 2788//2788
f 2790//2790 2789//2789 2788//2788
f 2793//2793 2795//2795 2794//2794
f 2791//2791 2788//2788 2785//2785
f 2791//2791 2781//2781 2780//2780
f 2791//2791 2780//2780 2801//2801
f 2791//2791 2785//2785 2781//2781
f 2792//2792 2795//2795 2793//2793
f 2799//2799 2801//2801 2800//2800
f 2788//2788 2787//2787 2786//2786
f 2801//2801 2779//2779 2776//2776
f 2791//2791 2801//2801 2795//2795
f 2801//2801 2805//2805 2802//2802
f 2816//2816 2815//2815 2814//2814
f 2805//2805 2807//2807 2806//2806
f 2805//2805 2808//2808 2807//2807
f 2805//2805 2809//2809 2808//2808
f 2805//2805 2810//2810 2809//2809
f 2776//2776 2814//2814 2813//2813
f 2776//2776 2775//2775 2774//2774
f 2776//2776 2774//2774 2816//2816
f 2801//2801 2780//2780 2779//2779
f 2776//2776 2811//2811 2810//2810
f 2776//2776 2813//2813 2812//2812
f 2776//2776 2816//2816 2814//2814
f 2803//2803 2805//2805 2804//2804
f 2802//2802 2805//2805 2803//2803
f 2779//2779 2777//2777 2776//2776
f 2779//2779 2778//2778 2777//2777
f 2801//2801 2776//2776 2810//2810
f 2801//2801 2810//2810 2805//2805
f 2776//2776 2812//2812 2811//2811
f 2791//2791 2795//2795 2792//2792
v 0.0402000 0.0050098 -0.0004539
v 0.0402000 0.0042820 -0.0026978
v 0.0402000 0.0026262 -0.0042857
v 0.0402000 0.0009797 -0.0049257
v 0.0402000 -0.0008455 -0.0049588
v 0.0402000 -0.0028534 -0.0041598
v 0.0402000 -0.0046400 -0.0020686
v 0.0402000 -0.0049931 0.0007908
v 0.0402000 -0.0040731 0.0029593
v 0.0402000 -0.0026263 0.0042856
v 0.0402000 -0.0009797 0.0049257
v 0.0402000 0.0008455 0.0049588
v 0.0402000 0.0028535 0.0041598
v 0.0402000 0.0046400 0.0020686
v 0.0401984 0.0004390 -0.0045487
v 0.0401987 0.0029627 -0.0034689
v 0.0401998 0.0041862 -0.0017123
v 0.0401995 0.0045336 0.0005249
v 0.0401994 -0.0040246 -0.0021699
v 0.0401993 -0.0021096 -0.0040216
v 0.0401987 0.0003581 0.0045470
v 0.0401998 -0.0017494 0.0041709
v 0.0401995 -0.0032305 0.0031844
v 0.0401986 -0.0045073 0.0008900
v 0.0401997 0.0038900 0.0022939
v 0.0401994 0.0026925 0.0036506
v 0.0402000 0.0050098 -0.0004539
v 0.0402000 0.0042820 -0.0026978
v 0.0402000 0.0026262 -0.0042857
v 0.0402000 0.0009797 -0.0049257
v 0.0402000 0.0046400 0.0020686
v 0.0399000 0.0050191 -0.0003354
v 0.0399000 0.0048149 0.0014160
v 0.0399000 0.0024790 -0.0044267
v 0.0399000 0.0044057 -0.0024673
v 0.0402000 -0.0049931 0.0007908
v 0.0402000 -0.0040731 0.0029593
v 0.0402000 -0.0026263 0.0042856
v 0.0402000 -0.0009797 0.0049257
v 0.0402000 0.0008455 0.0049588
v 0.0399000 -0.0007927 0.0050047
v 0.0399000 -0.0029544 0.0040664
v 0.0399000 -0.0042927 0.0026306
v 0.0402000 -0.0028534 -0.0041598
v 0.0402000 -0.0046400 -0.0020686
v 0.0399000 -0.0050784 0.0001355
v 0.0399000 -0.0045341 -0.0021518
v 0.0399000 -0.0035148 -0.0035987
v 0.0399000 0.0050191 -0.0003354
v 0.0399000 0.0048149 0.0014160
v 0.0399000 0.0038073 0.0033345
v 0.0399000 0.0017443 0.0047281
v 0.0399000 -0.0007927 0.0050047
v 0.0399000 -0.0029544 0.0040664
v 0.0399000 -0.0042927 0.0026306
v 0.0399000 -0.0050784 0.0001355
v 0.0399000 -0.0045341 -0.0021518
v 0.0399000 -0.0035148 -0.0035987
v 0.0399000 -0.0018700 -0.0046698
v 0.0399000 0.0000594 -0.0050300
v 0.0399000 0.0024790 -0.0044267
v 0.0399000 0.0044057 -0.0024673
v 0.0399000 -0.0069681 0.0010206
v 0.0399000 -0.0060098 0.0036828
v 0.0399000 -0.0041362 0.0056929
v 0.0399000 -0.0017248 0.0068280
v 0.0399000 0.0007482 0.0069864
v 0.0399000 0.0031229 0.0063122
v 0.0399000 0.0053007 0.0046367
v 0.0399000 0.0065646 0.0025052
v 0.0399000 0.0070481 0.0000058
v 0.0399000 0.0065709 -0.0024879
v 0.0399000 0.0054891 -0.0043862
v 0.0399000 0.0038769 -0.0058601
v 0.0399000 0.0018900 -0.0067675
v 0.0399545 0.0002492 -0.0069996
v 0.0398997 -0.0021609 -0.0067479
v 0.0399000 -0.0047406 -0.0051862
v 0.0399000 -0.0061043 -0.0034794
v 0.0399000 -0.0068778 -0.0014359
v 0.0399000 -0.0047406 -0.0051862
v 0.0399000 -0.0061043 -0.0034794
v 0.0399000 -0.0068778 -0.0014359
v 0.0402000 -0.0066324 -0.0023178
v 0.0402000 -0.0056134 -0.0042253
v 0.0399000 0.0065709 -0.0024879
v 0.0399000 0.0054891 -0.0043862
v 0.0399000 0.0038769 -0.0058601
v 0.0399000 0.0018900 -0.0067675
v 0.0402000 0.0031310 -0.0062899
v 0.0402000 0.0048961 -0.0050391
v 0.0402000 0.0061968 -0.0033110
v 0.0402000 0.0069527 -0.0010788
v 0.0399545 0.0002492 -0.0069996
v 0.0401999 0.0002841 -0.0070702
v 0.0399539 0.0002500 -0.0092077
v 0.0362000 0.0002500 -0.0094000
v 0.0401912 0.0002500 -0.0093853
v 0.0399539 0.0002500 -0.0092077
v 0.0362000 0.0002500 -0.0094000
v 0.0399556 -0.0002500 -0.0092333
v 0.0362000 -0.0002500 -0.0094333
v 0.0399545 0.0002492 -0.0069996
v 0.0401500 -0.0002513 -0.0070029
v 0.0399539 0.0002500 -0.0092077
v 0.0399556 -0.0002500 -0.0092333
v 0.0401500 -0.0002513 -0.0070029
v 0.0399556 -0.0002500 -0.0092333
v 0.0362000 -0.0002500 -0.0094333
v 0.0401912 -0.0002500 -0.0093853
v 0.0362000 0.0002500 -0.0094000
v 0.0362000 -0.0002500 -0.0094333
v 0.0362000 -0.0090000 -0.0095000
v 0.0362000 -0.0100000 -0.0085000
v 0.0362000 -0.0100000 0.0235000
v 0.0362000 -0.0090000 0.0245000
v 0.0362000 0.0090000 0.0245000
v 0.0362000 0.0100000 0.0235000
v 0.0362000 0.0100000 -0.0085000
v 0.0362000 0.0090000 -0.0095000
v 0.0362000 0.0089754 -0.0090018
v 0.0362000 0.0095810 -0.0081629
v 0.0362000 0.0095546 0.0233050
v 0.0362000 0.0088146 0.0240523
v 0.0362000 -0.0086629 0.0240810
v 0.0362000 -0.0095018 0.0234754
v 0.0362000 -0.0095496 -0.0083135
v 0.0362000 -0.0088230 -0.0090471
v 0.0362000 0.0002500 -0.0094000
v 0.0401912 0.0002500 -0.0093853
v 0.0362000 0.0090000 -0.0095000
v 0.0401826 0.0089676 -0.0094218
v 0.0401999 0.0002841 -0.0070702
v 0.0401500 -0.0002513 -0.0070029
v 0.0402000 -0.0070516 0.0003732
v 0.0402000 -0.0066324 -0.0023178
v 0.0402000 -0.0056134 -0.0042253
v 0.0402000 -0.0031708 -0.0063632
v 0.0402000 0.0031310 -0.0062899
v 0.0402000 0.0048961 -0.0050391
v 0.0402000 0.0061968 -0.0033110
v 0.0402000 0.0069527 -0.0010788
v 0.0401912 0.0002500 -0.0093853
v 0.0401912 -0.0002500 -0.0093853
v 0.0401826 0.0089676 -0.0094218
v 0.0401999 0.0079411 0.0211623
v 0.0401818 0.0098909 0.0211091
v 0.0401767 0.0099243 0.0234686
v 0.0401850 0.0089223 0.0244207
v 0.0401842 -0.0031895 0.0243895
v 0.0401989 -0.0040796 0.0212375
v 0.0401997 -0.0031648 0.0223015
v 0.0401999 -0.0066623 0.0224411
v 0.0401982 -0.0058201 0.0212571
v 0.0401818 -0.0066091 0.0243909
v 0.0401798 -0.0089245 0.0244230
v 0.0401849 -0.0099208 0.0234672
v 0.0401831 -0.0098901 -0.0027901
v 0.0401998 -0.0078015 -0.0062353
v 0.0401978 -0.0066216 -0.0051301
v 0.0401994 -0.0068686 -0.0034767
v 0.0401998 -0.0078714 -0.0027503
v 0.0401818 -0.0098909 -0.0062091
v 0.0401798 -0.0099229 -0.0084245
v 0.0401826 -0.0089676 -0.0094218
v 0.0402000 0.0068199 0.0018339
v 0.0402000 0.0054087 0.0045102
v 0.0402000 0.0032710 0.0062367
v 0.0402000 0.0000881 0.0070849
v 0.0402000 -0.0031229 0.0063122
v 0.0402000 -0.0051061 0.0048267
v 0.0402000 -0.0063478 0.0030125
v 0.0401798 0.0099229 -0.0084245
v 0.0401818 0.0098909 -0.0062091
v 0.0401998 0.0078714 -0.0027503
v 0.0401986 0.0067620 -0.0036102
v 0.0401995 0.0066720 -0.0051375
v 0.0401995 0.0076614 -0.0062001
v 0.0401692 0.0099275 -0.0027985
v 0.0401739 0.0098957 0.0176957
v 0.0401981 0.0067417 0.0203007
v 0.0401994 0.0067587 0.0185370
v 0.0401996 0.0078241 0.0176600
v 0.0402000 0.0065375 0.0126037
v 0.0402000 -0.0065462 0.0126125
v 0.0402000 -0.0065375 0.0181963
v 0.0402000 0.0065463 0.0181875
v 0.0402000 0.0087301 -0.0067700
v 0.0402000 0.0077400 -0.0064757
v 0.0402000 0.0070216 -0.0071821
v 0.0402000 0.0071675 -0.0081390
v 0.0402000 0.0080000 -0.0085219
v 0.0402000 0.0087274 -0.0082274
v 0.0402000 0.0090203 -0.0075129
v 0.0402000 -0.0070992 -0.0070105
v 0.0402000 -0.0078764 -0.0064554
v 0.0402000 -0.0089533 -0.0070143
v 0.0402000 -0.0088221 -0.0081311
v 0.0402000 -0.0077918 -0.0085467
v 0.0402000 -0.0070216 -0.0078179
v 0.0402000 0.0088570 0.0231226
v 0.0402000 0.0079467 0.0235238
v 0.0402000 0.0071293 0.0230818
v 0.0402000 0.0070256 0.0221970
v 0.0402000 0.0074876 0.0216120
v 0.0402000 0.0083594 0.0215258
v 0.0402000 0.0089603 0.0221457
v 0.0402000 -0.0070365 0.0228554
v 0.0402000 -0.0075715 0.0234295
v 0.0402000 -0.0084614 0.0234351
v 0.0402000 -0.0090511 0.0225413
v 0.0402000 -0.0086337 0.0216962
v 0.0402000 -0.0078518 0.0214802
v 0.0402000 -0.0071024 0.0219820
v 0.0399000 0.0007482 0.0069864
v 0.0399000 0.0031229 0.0063122
v 0.0399000 0.0053007 0.0046367
v 0.0399000 0.0065646 0.0025052
v 0.0402000 0.0068199 0.0018339
v 0.0402000 0.0054087 0.0045102
v 0.0402000 0.0032710 0.0062367
v 0.0402000 0.0000881 0.0070849
v 0.0399000 -0.0069681 0.0010206
v 0.0399000 -0.0060098 0.0036828
v 0.0402000 -0.0070516 0.0003732
v 0.0402000 -0.0063478 0.0030125
v 0.0362000 -0.0002500 -0.0094333
v 0.0401912 -0.0002500 -0.0093853
v 0.0362000 -0.0090000 -0.0095000
v 0.0401826 -0.0089676 -0.0094218
v 0.0362000 -0.0090000 -0.0095000
v 0.0362000 -0.0100000 -0.0085000
v 0.0401798 -0.0099229 -0.0084245
v 0.0401826 -0.0089676 -0.0094218
v 0.0362000 -0.0100000 -0.0085000
v 0.0362000 -0.0100000 0.0235000
v 0.0401849 -0.0099208 0.0234672
v 0.0401831 -0.0098901 -0.0027901
v 0.0401818 -0.0098909 -0.0062091
v 0.0401798 -0.0099229 -0.0084245
v 0.0387000 -0.0100000 -0.0061000
v 0.0387000 -0.0100000 -0.0029000
v 0.0362000 -0.0100000 0.0235000
v 0.0362000 -0.0090000 0.0245000
v 0.0401798 -0.0089245 0.0244230
v 0.0401849 -0.0099208 0.0234672
v 0.0362000 -0.0090000 0.0245000
v 0.0362000 0.0090000 0.0245000
v 0.0401850 0.0089223 0.0244207
v 0.0401842 -0.0031895 0.0243895
v 0.0401818 -0.0066091 0.0243909
v 0.0401798 -0.0089245 0.0244230
v 0.0387000 -0.0065000 0.0245000
v 0.0387000 -0.0033000 0.0245000
v 0.0362000 0.0090000 0.0245000
v 0.0362000 0.0100000 0.0235000
v 0.0401767 0.0099243 0.0234686
v 0.0401850 0.0089223 0.0244207
v 0.0362000 0.0100000 0.0235000
v 0.0362000 0.0100000 -0.0085000
v 0.0401818 0.0098909 0.0211091
v 0.0401767 0.0099243 0.0234686
v 0.0401798 0.0099229 -0.0084245
v 0.0401818 0.0098909 -0.0062091
v 0.0401692 0.0099275 -0.0027985
v 0.0401739 0.0098957 0.0176957
v 0.0387000 0.0100000 0.0210000
v 0.0387000 0.0100000 0.0178000
v 0.0387000 0.0100000 -0.0029000
v 0.0387000 0.0100000 -0.0061000
v 0.0401999 0.0079411 0.0211623
v 0.0401818 0.0098909 0.0211091
v 0.0401981 0.0067417 0.0203007
v 0.0399988 0.0078397 0.0209399
v 0.0399991 0.0069552 0.0201595
v 0.0400015 0.0067977 0.0191524
v 0.0401818 0.0098909 0.0211091
v 0.0387000 0.0100000 0.0210000
v 0.0399988 0.0078397 0.0209399
v 0.0387000 0.0079301 0.0209555
v 0.0387000 0.0100000 0.0210000
v 0.0387000 0.0100000 0.0178000
v 0.0387000 0.0068784 0.0201015
v 0.0387000 0.0079301 0.0209555
v 0.0387000 0.0078056 0.0178719
v 0.0387000 0.0069361 0.0186773
v 0.0387000 0.0088805 0.0201842
v 0.0387000 0.0080985 0.0202887
v 0.0387000 0.0074991 0.0196416
v 0.0387000 0.0076032 0.0189538
v 0.0387000 0.0082509 0.0184584
v 0.0387000 0.0090484 0.0187516
v 0.0387000 0.0093394 0.0194989
v 0.0401739 0.0098957 0.0176957
v 0.0401994 0.0067587 0.0185370
v 0.0401996 0.0078241 0.0176600
v 0.0387000 0.0100000 0.0178000
v 0.0387000 0.0068784 0.0201015
v 0.0387000 0.0078056 0.0178719
v 0.0387000 0.0069361 0.0186773
v 0.0399991 0.0069552 0.0201595
v 0.0400015 0.0067977 0.0191524
v 0.0399996 0.0071364 0.0183955
v 0.0399968 0.0078948 0.0178492
v 0.0399988 0.0078397 0.0209399
v 0.0387000 0.0068784 0.0201015
v 0.0387000 0.0079301 0.0209555
v 0.0399991 0.0069552 0.0201595
v 0.0401998 0.0078714 -0.0027503
v 0.0401986 0.0067620 -0.0036102
v 0.0401692 0.0099275 -0.0027985
v 0.0399999 0.0080851 -0.0029181
v 0.0399991 0.0072606 -0.0033312
v 0.0401818 0.0098909 -0.0062091
v 0.0401995 0.0076614 -0.0062001
v 0.0401692 0.0099275 -0.0027985
v 0.0387000 0.0100000 -0.0029000
v 0.0387000 0.0100000 -0.0061000
v 0.0399999 0.0080851 -0.0029181
v 0.0387000 0.0068619 -0.0038629
v 0.0387000 0.0078679 -0.0029573
v 0.0387000 0.0078057 -0.0060281
v 0.0387000 0.0069361 -0.0052227
v 0.0399947 0.0070748 -0.0054798
v 0.0399997 0.0080244 -0.0060740
v 0.0399991 0.0072606 -0.0033312
v 0.0400015 0.0067843 -0.0043025
v 0.0387000 0.0100000 -0.0029000
v 0.0387000 0.0100000 -0.0061000
v 0.0387000 0.0068619 -0.0038629
v 0.0387000 0.0078679 -0.0029573
v 0.0387000 0.0078057 -0.0060281
v 0.0387000 0.0069361 -0.0052227
v 0.0387000 0.0091676 -0.0039423
v 0.0387000 0.0083755 -0.0035776
v 0.0387000 0.0076750 -0.0039132
v 0.0387000 0.0074991 -0.0047416
v 0.0387000 0.0081660 -0.0054219
v 0.0387000 0.0091986 -0.0050336
v 0.0362000 0.0100000 -0.0085000
v 0.0362000 0.0090000 -0.0095000
v 0.0401826 0.0089676 -0.0094218
v 0.0401798 0.0099229 -0.0084245
v 0.0387000 0.0091676 -0.0039423
v 0.0387000 0.0091986 -0.0050336
v 0.0367000 0.0090521 -0.0051361
v 0.0367000 0.0088271 -0.0036342
v 0.0367000 0.0093324 -0.0045246
v 0.0387000 0.0081660 -0.0054219
v 0.0387000 0.0091986 -0.0050336
v 0.0367000 0.0090521 -0.0051361
v 0.0367000 0.0084486 -0.0054315
v 0.0387000 0.0091676 -0.0039423
v 0.0387000 0.0083755 -0.0035776
v 0.0387000 0.0076750 -0.0039132
v 0.0387000 0.0074991 -0.0047416
v 0.0387000 0.0081660 -0.0054219
v 0.0367000 0.0074943 -0.0043566
v 0.0367000 0.0084486 -0.0054315
v 0.0367000 0.0076661 -0.0050786
v 0.0367000 0.0078453 -0.0037567
v 0.0367000 0.0088271 -0.0036342
v 0.0367000 0.0074943 -0.0043566
v 0.0367000 0.0090521 -0.0051361
v 0.0367000 0.0084486 -0.0054315
v 0.0367000 0.0076661 -0.0050786
v 0.0367000 0.0078453 -0.0037567
v 0.0367000 0.0088271 -0.0036342
v 0.0367000 0.0093324 -0.0045246
v 0.0367000 -0.0095838 -0.0081548
v 0.0367000 -0.0089754 -0.0090017
v 0.0367000 0.0089678 -0.0090002
v 0.0367000 0.0095821 -0.0081670
v 0.0367000 0.0095471 0.0233230
v 0.0367000 0.0088135 0.0240496
v 0.0367000 -0.0088049 0.0240546
v 0.0367000 -0.0095471 0.0233230
v 0.0367000 -0.0078718 -0.0052688
v 0.0367000 -0.0088937 -0.0053296
v 0.0367000 -0.0093254 -0.0042519
v 0.0367000 -0.0086169 -0.0035965
v 0.0367000 -0.0078237 -0.0037689
v 0.0367000 -0.0074676 -0.0045246
v 0.0367000 -0.0042086 0.0222263
v 0.0367000 -0.0052479 0.0220284
v 0.0367000 -0.0057848 0.0226382
v 0.0367000 -0.0057107 0.0233405
v 0.0367000 -0.0049500 0.0238567
v 0.0367000 -0.0040474 0.0233065
v 0.0367000 0.0090521 0.0187639
v 0.0367000 0.0084486 0.0184685
v 0.0367000 0.0076661 0.0188214
v 0.0367000 0.0074943 0.0195435
v 0.0367000 0.0078452 0.0201433
v 0.0367000 0.0088271 0.0202658
v 0.0367000 0.0093324 0.0193754
v 0.0367000 -0.0025616 0.0017116
v 0.0367000 -0.0009373 0.0028847
v 0.0367000 0.0010276 0.0028989
v 0.0367000 0.0026405 0.0015227
v 0.0367000 0.0030300 -0.0002006
v 0.0367000 0.0022850 -0.0020587
v 0.0367000 0.0000397 -0.0030914
v 0.0367000 -0.0020407 -0.0022641
v 0.0367000 -0.0030171 -0.0005172
v 0.0367000 0.0089635 -0.0078554
v 0.0367000 0.0083821 -0.0084571
v 0.0367000 0.0075589 -0.0084255
v 0.0367000 0.0069587 -0.0076649
v 0.0367000 0.0074362 -0.0066062
v 0.0367000 0.0083396 -0.0065424
v 0.0367000 0.0089122 -0.0070204
v 0.0367000 -0.0072481 -0.0082132
v 0.0367000 -0.0079206 -0.0085079
v 0.0367000 -0.0087140 -0.0082724
v 0.0367000 -0.0090157 -0.0074201
v 0.0367000 -0.0085638 -0.0066062
v 0.0367000 -0.0075701 -0.0065674
v 0.0367000 -0.0069830 -0.0072697
v 0.0367000 0.0089635 0.0221446
v 0.0367000 0.0084853 0.0216073
v 0.0367000 0.0076650 0.0215126
v 0.0367000 0.0069587 0.0223351
v 0.0367000 0.0073858 0.0233454
v 0.0367000 0.0084384 0.0234510
v 0.0367000 0.0089587 0.0228247
v 0.0367000 -0.0070559 0.0221089
v 0.0367000 -0.0077157 0.0214922
v 0.0367000 -0.0085295 0.0216359
v 0.0367000 -0.0089784 0.0221821
v 0.0367000 -0.0088124 0.0231758
v 0.0367000 -0.0079329 0.0235182
v 0.0367000 -0.0071062 0.0230638
v 0.0362000 -0.0095496 -0.0083135
v 0.0362000 -0.0088230 -0.0090471
v 0.0367000 -0.0095838 -0.0081548
v 0.0367000 -0.0089754 -0.0090017
v 0.0362000 0.0089754 -0.0090018
v 0.0362000 -0.0088230 -0.0090471
v 0.0367000 -0.0089754 -0.0090017
v 0.0367000 0.0089678 -0.0090002
v 0.0362000 0.0089754 -0.0090018
v 0.0362000 0.0095810 -0.0081629
v 0.0367000 0.0089678 -0.0090002
v 0.0367000 0.0095821 -0.0081670
v 0.0362000 0.0095810 -0.0081629
v 0.0362000 0.0095546 0.0233050
v 0.0367000 0.0095821 -0.0081670
v 0.0367000 0.0095471 0.0233230
v 0.0362000 0.0095546 0.0233050
v 0.0362000 0.0088146 0.0240523
v 0.0367000 0.0095471 0.0233230
v 0.0367000 0.0088135 0.0240496
v 0.0362000 0.0088146 0.0240523
v 0.0362000 -0.0086629 0.0240810
v 0.0367000 0.0088135 0.0240496
v 0.0367000 -0.0088049 0.0240546
v 0.0362000 -0.0086629 0.0240810
v 0.0362000 -0.0095018 0.0234754
v 0.0367000 -0.0088049 0.0240546
v 0.0367000 -0.0095471 0.0233230
v 0.0362000 -0.0095018 0.0234754
v 0.0362000 -0.0095496 -0.0083135
v 0.0367000 -0.0095838 -0.0081548
v 0.0367000 -0.0095471 0.0233230
v 0.0367000 -0.0078718 -0.0052688
v 0.0367000 -0.0078237 -0.0037689
v 0.0367000 -0.0074676 -0.0045246
v 0.0387000 -0.0076014 -0.0050336
v 0.0387000 -0.0076324 -0.0039423
v 0.0367000 -0.0078718 -0.0052688
v 0.0367000 -0.0088937 -0.0053296
v 0.0387000 -0.0086340 -0.0054219
v 0.0387000 -0.0076014 -0.0050336
v 0.0367000 -0.0088937 -0.0053296
v 0.0367000 -0.0093254 -0.0042519
v 0.0387000 -0.0093009 -0.0047416
v 0.0387000 -0.0086340 -0.0054219
v 0.0387000 -0.0091250 -0.0039132
v 0.0387000 -0.0100000 -0.0061000
v 0.0387000 -0.0100000 -0.0029000
v 0.0387000 -0.0093009 -0.0047416
v 0.0387000 -0.0086340 -0.0054219
v 0.0387000 -0.0076014 -0.0050336
v 0.0387000 -0.0076808 -0.0059934
v 0.0387000 -0.0080538 -0.0029241
v 0.0387000 -0.0072310 -0.0033603
v 0.0387000 -0.0067361 -0.0046969
v 0.0387000 -0.0076324 -0.0039423
v 0.0387000 -0.0084245 -0.0035776
v 0.0387000 -0.0091250 -0.0039132
v 0.0401831 -0.0098901 -0.0027901
v 0.0387000 -0.0100000 -0.0029000
v 0.0387000 -0.0080538 -0.0029241
v 0.0387000 -0.0072310 -0.0033603
v 0.0387000 -0.0067361 -0.0046969
v 0.0399989 -0.0068453 -0.0039949
v 0.0399974 -0.0077154 -0.0029921
v 0.0399991 -0.0069000 -0.0051437
v 0.0387000 -0.0076808 -0.0059934
v 0.0387000 -0.0067361 -0.0046969
v 0.0399982 -0.0077776 -0.0060248
v 0.0399991 -0.0069000 -0.0051437
v 0.0401818 -0.0098909 -0.0062091
v 0.0387000 -0.0100000 -0.0061000
v 0.0387000 -0.0076808 -0.0059934
v 0.0399982 -0.0077776 -0.0060248
v 0.0401998 -0.0078015 -0.0062353
v 0.0401978 -0.0066216 -0.0051301
v 0.0401818 -0.0098909 -0.0062091
v 0.0399982 -0.0077776 -0.0060248
v 0.0399989 -0.0068453 -0.0039949
v 0.0399991 -0.0069000 -0.0051437
v 0.0401994 -0.0068686 -0.0034767
v 0.0401998 -0.0078714 -0.0027503
v 0.0399989 -0.0068453 -0.0039949
v 0.0399974 -0.0077154 -0.0029921
v 0.0367000 -0.0093254 -0.0042519
v 0.0367000 -0.0086169 -0.0035965
v 0.0387000 -0.0084245 -0.0035776
v 0.0387000 -0.0091250 -0.0039132
v 0.0367000 -0.0086169 -0.0035965
v 0.0367000 -0.0078237 -0.0037689
v 0.0387000 -0.0076324 -0.0039423
v 0.0387000 -0.0084245 -0.0035776
v 0.0367000 -0.0042086 0.0222263
v 0.0367000 -0.0040474 0.0233065
v 0.0387000 -0.0039943 0.0226319
v 0.0387000 -0.0041682 0.0234619
v 0.0367000 -0.0042086 0.0222263
v 0.0367000 -0.0052479 0.0220284
v 0.0387000 -0.0047634 0.0219588
v 0.0387000 -0.0039943 0.0226319
v 0.0367000 -0.0052479 0.0220284
v 0.0367000 -0.0057848 0.0226382
v 0.0387000 -0.0057658 0.0224729
v 0.0387000 -0.0047634 0.0219588
v 0.0387000 -0.0065000 0.0245000
v 0.0387000 -0.0033000 0.0245000
v 0.0387000 -0.0057658 0.0224729
v 0.0387000 -0.0047634 0.0219588
v 0.0387000 -0.0039943 0.0226319
v 0.0387000 -0.0034490 0.0220561
v 0.0387000 -0.0045415 0.0213207
v 0.0387000 -0.0054619 0.0213768
v 0.0387000 -0.0063934 0.0221808
v 0.0387000 -0.0041682 0.0234619
v 0.0387000 -0.0048514 0.0238315
v 0.0387000 -0.0056250 0.0234868
v 0.0401842 -0.0031895 0.0243895
v 0.0387000 -0.0033000 0.0245000
v 0.0387000 -0.0034490 0.0220561
v 0.0387000 -0.0045415 0.0213207
v 0.0387000 -0.0054619 0.0213768
v 0.0387000 -0.0063934 0.0221808
v 0.0399964 -0.0063890 0.0221532
v 0.0399994 -0.0039800 0.0215600
v 0.0399992 -0.0033470 0.0224016
v 0.0399977 -0.0051583 0.0212692
v 0.0401818 -0.0066091 0.0243909
v 0.0387000 -0.0065000 0.0245000
v 0.0387000 -0.0063934 0.0221808
v 0.0399964 -0.0063890 0.0221532
v 0.0401842 -0.0031895 0.0243895
v 0.0401989 -0.0040796 0.0212375
v 0.0401997 -0.0031648 0.0223015
v 0.0399994 -0.0039800 0.0215600
v 0.0399992 -0.0033470 0.0224016
v 0.0399977 -0.0051583 0.0212692
v 0.0367000 -0.0057848 0.0226382
v 0.0367000 -0.0057107 0.0233405
v 0.0387000 -0.0057658 0.0224729
v 0.0387000 -0.0056250 0.0234868
v 0.0367000 -0.0057107 0.0233405
v 0.0367000 -0.0049500 0.0238567
v 0.0387000 -0.0048514 0.0238315
v 0.0387000 -0.0056250 0.0234868
v 0.0367000 -0.0049500 0.0238567
v 0.0367000 -0.0040474 0.0233065
v 0.0387000 -0.0041682 0.0234619
v 0.0387000 -0.0048514 0.0238315
v 0.0387000 0.0090484 0.0187516
v 0.0387000 0.0093394 0.0194989
v 0.0367000 0.0090521 0.0187639
v 0.0367000 0.0093324 0.0193754
v 0.0387000 0.0082509 0.0184584
v 0.0387000 0.0090484 0.0187516
v 0.0367000 0.0090521 0.0187639
v 0.0367000 0.0084486 0.0184685
v 0.0387000 0.0076032 0.0189538
v 0.0387000 0.0082509 0.0184584
v 0.0367000 0.0084486 0.0184685
v 0.0367000 0.0076661 0.0188214
v 0.0387000 0.0074991 0.0196416
v 0.0387000 0.0076032 0.0189538
v 0.0367000 0.0076661 0.0188214
v 0.0367000 0.0074943 0.0195435
v 0.0387000 0.0080985 0.0202887
v 0.0387000 0.0074991 0.0196416
v 0.0367000 0.0074943 0.0195435
v 0.0367000 0.0078452 0.0201433
v 0.0387000 0.0088805 0.0201842
v 0.0387000 0.0080985 0.0202887
v 0.0367000 0.0078452 0.0201433
v 0.0367000 0.0088271 0.0202658
v 0.0387000 0.0088805 0.0201842
v 0.0387000 0.0093394 0.0194989
v 0.0367000 0.0088271 0.0202658
v 0.0367000 0.0093324 0.0193754
v 0.0367000 0.0010276 0.0028989
v 0.0367000 0.0026405 0.0015227
v 0.0367000 0.0030300 -0.0002006
v 0.0367000 0.0022850 -0.0020587
v 0.0372000 0.0026780 0.0014558
v 0.0372000 0.0015110 0.0026225
v 0.0372000 0.0024959 -0.0017120
v 0.0372000 0.0030241 -0.0002759
v 0.0367000 -0.0025616 0.0017116
v 0.0367000 -0.0009373 0.0028847
v 0.0372000 -0.0002014 0.0030545
v 0.0372000 -0.0018447 0.0023995
v 0.0372000 -0.0027330 0.0013006
v 0.0367000 -0.0025616 0.0017116
v 0.0367000 -0.0030171 -0.0005172
v 0.0372000 -0.0027330 0.0013006
v 0.0372000 -0.0030293 -0.0004404
v 0.0372000 0.0026780 0.0014558
v 0.0372000 0.0015110 0.0026225
v 0.0372000 -0.0002014 0.0030545
v 0.0372000 -0.0018447 0.0023995
v 0.0372000 -0.0027330 0.0013006
v 0.0372000 -0.0030293 -0.0004404
v 0.0372000 -0.0038630 0.0007684
v 0.0372000 -0.0028098 0.0028098
v 0.0372000 -0.0009610 0.0038042
v 0.0372000 0.0007684 0.0038630
v 0.0372000 0.0026009 0.0029697
v 0.0372000 0.0036425 0.0014586
v 0.0372000 0.0039234 -0.0000463
v 0.0372000 0.0034948 -0.0018358
v 0.0372000 0.0018925 -0.0034814
v 0.0372000 0.0000000 -0.0039206
v 0.0372000 -0.0017943 -0.0035215
v 0.0372000 -0.0036252 -0.0016712
v 0.0372000 -0.0018492 -0.0024777
v 0.0372000 -0.0001517 -0.0030075
v 0.0372000 0.0012412 -0.0027840
v 0.0372000 0.0024959 -0.0017120
v 0.0372000 0.0030241 -0.0002759
v 0.0372000 -0.0038630 0.0007684
v 0.0372000 -0.0028098 0.0028098
v 0.0372000 -0.0009610 0.0038042
v 0.0372000 0.0007684 0.0038630
v 0.0372000 0.0026009 0.0029697
v 0.0372000 0.0036425 0.0014586
v 0.0372000 0.0039234 -0.0000463
v 0.0372000 0.0034948 -0.0018358
v 0.0372000 0.0018925 -0.0034814
v 0.0372000 0.0000000 -0.0039206
v 0.0372000 -0.0017943 -0.0035215
v 0.0372000 -0.0036252 -0.0016712
v 0.0395960 0.0018222 -0.0035017
v 0.0396041 0.0032975 -0.0021464
v 0.0396054 0.0038487 -0.0007156
v 0.0396075 0.0038005 0.0011200
v 0.0396044 -0.0038965 -0.0006023
v 0.0395983 -0.0031768 -0.0023081
v 0.0395945 -0.0020485 -0.0033428
v 0.0395900 -0.0003647 -0.0039353
v 0.0396115 0.0025353 0.0030256
v 0.0395932 0.0006270 0.0038927
v 0.0396051 -0.0010504 0.0037714
v 0.0396015 -0.0027085 0.0028992
v 0.0395983 -0.0037496 0.0011553
v 0.0401984 0.0004390 -0.0045487
v 0.0401987 0.0029627 -0.0034689
v 0.0401998 0.0041862 -0.0017123
v 0.0401995 0.0045336 0.0005249
v 0.0401994 -0.0040246 -0.0021699
v 0.0401993 -0.0021096 -0.0040216
v 0.0401987 0.0003581 0.0045470
v 0.0401998 -0.0017494 0.0041709
v 0.0401995 -0.0032305 0.0031844
v 0.0401986 -0.0045073 0.0008900
v 0.0401997 0.0038900 0.0022939
v 0.0401994 0.0026925 0.0036506
v 0.0395960 0.0018222 -0.0035017
v 0.0396041 0.0032975 -0.0021464
v 0.0396054 0.0038487 -0.0007156
v 0.0396075 0.0038005 0.0011200
v 0.0396044 -0.0038965 -0.0006023
v 0.0395983 -0.0031768 -0.0023081
v 0.0395945 -0.0020485 -0.0033428
v 0.0395900 -0.0003647 -0.0039353
v 0.0396115 0.0025353 0.0030256
v 0.0395932 0.0006270 0.0038927
v 0.0396051 -0.0010504 0.0037714
v 0.0396015 -0.0027085 0.0028992
v 0.0395983 -0.0037496 0.0011553
v 0.0367000 -0.0020407 -0.0022641
v 0.0367000 -0.0030171 -0.0005172
v 0.0372000 -0.0030293 -0.0004404
v 0.0372000 -0.0018492 -0.0024777
v 0.0367000 0.0000397 -0.0030914
v 0.0367000 -0.0020407 -0.0022641
v 0.0372000 -0.0018492 -0.0024777
v 0.0372000 -0.0001517 -0.0030075
v 0.0372000 0.0012412 -0.0027840
v 0.0402000 0.0087301 -0.0067700
v 0.0402000 0.0077400 -0.0064757
v 0.0402000 0.0070216 -0.0071821
v 0.0402000 0.0071675 -0.0081390
v 0.0402000 0.0080000 -0.0085219
v 0.0402000 0.0087274 -0.0082274
v 0.0402000 0.0090203 -0.0075129
v 0.0367000 0.0089635 -0.0078554
v 0.0367000 0.0083821 -0.0084571
v 0.0367000 0.0075589 -0.0084255
v 0.0367000 0.0069587 -0.0076649
v 0.0367000 0.0074362 -0.0066062
v 0.0367000 0.0083396 -0.0065424
v 0.0367000 0.0089122 -0.0070204
v 0.0402000 -0.0070992 -0.0070105
v 0.0402000 -0.0078764 -0.0064554
v 0.0402000 -0.0077918 -0.0085467
v 0.0402000 -0.0070216 -0.0078179
v 0.0367000 -0.0072481 -0.0082132
v 0.0367000 -0.0079206 -0.0085079
v 0.0367000 -0.0075701 -0.0065674
v 0.0367000 -0.0069830 -0.0072697
v 0.0402000 -0.0088221 -0.0081311
v 0.0402000 -0.0077918 -0.0085467
v 0.0367000 -0.0079206 -0.0085079
v 0.0367000 -0.0087140 -0.0082724
v 0.0402000 -0.0089533 -0.0070143
v 0.0402000 -0.0088221 -0.0081311
v 0.0367000 -0.0087140 -0.0082724
v 0.0367000 -0.0090157 -0.0074201
v 0.0402000 -0.0078764 -0.0064554
v 0.0402000 -0.0089533 -0.0070143
v 0.0367000 -0.0090157 -0.0074201
v 0.0367000 -0.0085638 -0.0066062
v 0.0367000 -0.0075701 -0.0065674
v 0.0402000 0.0083594 0.0215258
v 0.0402000 0.0089603 0.0221457
v 0.0367000 0.0089635 0.0221446
v 0.0367000 0.0084853 0.0216073
v 0.0402000 0.0074876 0.0216120
v 0.0402000 0.0083594 0.0215258
v 0.0367000 0.0084853 0.0216073
v 0.0367000 0.0076650 0.0215126
v 0.0402000 0.0070256 0.0221970
v 0.0402000 0.0074876 0.0216120
v 0.0367000 0.0076650 0.0215126
v 0.0367000 0.0069587 0.0223351
v 0.0402000 0.0071293 0.0230818
v 0.0402000 0.0070256 0.0221970
v 0.0367000 0.0069587 0.0223351
v 0.0367000 0.0073858 0.0233454
v 0.0402000 0.0088570 0.0231226
v 0.0402000 0.0079467 0.0235238
v 0.0402000 0.0071293 0.0230818
v 0.0367000 0.0073858 0.0233454
v 0.0367000 0.0084384 0.0234510
v 0.0367000 0.0089587 0.0228247
v 0.0402000 0.0088570 0.0231226
v 0.0402000 0.0089603 0.0221457
v 0.0367000 0.0089635 0.0221446
v 0.0367000 0.0089587 0.0228247
v 0.0402000 -0.0070365 0.0228554
v 0.0402000 -0.0071024 0.0219820
v 0.0367000 -0.0070559 0.0221089
v 0.0367000 -0.0071062 0.0230638
v 0.0402000 -0.0078518 0.0214802
v 0.0402000 -0.0071024 0.0219820
v 0.0367000 -0.0070559 0.0221089
v 0.0367000 -0.0077157 0.0214922
v 0.0402000 -0.0086337 0.0216962
v 0.0402000 -0.0078518 0.0214802
v 0.0367000 -0.0077157 0.0214922
v 0.0367000 -0.0085295 0.0216359
v 0.0402000 -0.0090511 0.0225413
v 0.0402000 -0.0086337 0.0216962
v 0.0367000 -0.0085295 0.0216359
v 0.0367000 -0.0089784 0.0221821
v 0.0402000 -0.0084614 0.0234351
v 0.0402000 -0.0090511 0.0225413
v 0.0367000 -0.0089784 0.0221821
v 0.0367000 -0.0088124 0.0231758
v 0.0402000 -0.0070365 0.0228554
v 0.0402000 -0.0075715 0.0234295
v 0.0402000 -0.0084614 0.0234351
v 0.0367000 -0.0088124 0.0231758
v 0.0367000 -0.0079329 0.0235182
v 0.0367000 -0.0071062 0.0230638
v 0.0402000 0.0065375 0.0126037
v 0.0402000 0.0065463 0.0181875
v 0.0400000 0.0065463 0.0126125
v 0.0400000 0.0065375 0.0181963
v 0.0402000 0.0065375 0.0126037
v 0.0402000 -0.0065462 0.0126125
v 0.0400000 0.0065463 0.0126125
v 0.0400000 -0.0065375 0.0126037
v 0.0402000 -0.0065462 0.0126125
v 0.0402000 -0.0065375 0.0181963
v 0.0400000 -0.0065375 0.0126037
v 0.0400000 -0.0065462 0.0181875
v 0.0402000 -0.0065375 0.0181963
v 0.0402000 0.0065463 0.0181875
v 0.0400000 0.0065375 0.0181963
v 0.0400000 -0.0065462 0.0181875
v 0.0400000 0.0065463 0.0126125
v 0.0400000 0.0065375 0.0181963
v 0.0400000 -0.0065375 0.0126037
v 0.0400000 -0.0065462 0.0181875
v 0.0402000 0.0046400 0.0020686
v 0.0399000 0.0048149 0.0014160
v 0.0399000 0.0038073 0.0033345
v 0.0402000 0.0028535 0.0041598
v 0.0402000 0.0046400 0.0020686
v 0.0399000 0.0038073 0.0033345
v 0.0402000 0.0028535 0.0041598
v 0.0399000 0.0038073 0.0033345
v 0.0399000 0.0017443 0.0047281
v 0.0402000 0.0008455 0.0049588
v 0.0402000 0.0028535 0.0041598
v 0.0399000 0.0017443 0.0047281
v 0.0402000 0.0008455 0.0049588
v 0.0399000 0.0017443 0.0047281
v 0.0399000 -0.0007927 0.0050047
v 0.0402000 -0.0049931 0.0007908
v 0.0399000 -0.0042927 0.0026306
v 0.0399000 -0.0050784 0.0001355
v 0.0402000 -0.0046400 -0.0020686
v 0.0402000 -0.0049931 0.0007908
v 0.0399000 -0.0050784 0.0001355
v 0.0402000 -0.0028534 -0.0041598
v 0.0399000 -0.0035148 -0.0035987
v 0.0399000 -0.0018700 -0.0046698
v 0.0402000 -0.0008455 -0.0049588
v 0.0402000 -0.0028534 -0.0041598
v 0.0399000 -0.0018700 -0.0046698
v 0.0402000 -0.0008455 -0.0049588
v 0.0399000 -0.0018700 -0.0046698
v 0.0399000 0.0000594 -0.0050300
v 0.0402000 0.0009797 -0.0049257
v 0.0402000 -0.0008455 -0.0049588
v 0.0399000 0.0000594 -0.0050300
v 0.0402000 0.0009797 -0.0049257
v 0.0399000 0.0000594 -0.0050300
v 0.0399000 0.0024790 -0.0044267
v 0.0399000 -0.0069681 0.0010206
v 0.0399000 -0.0068778 -0.0014359
v 0.0402000 -0.0070516 0.0003732
v 0.0399000 -0.0068778 -0.0014359
v 0.0402000 -0.0070516 0.0003732
v 0.0402000 -0.0066324 -0.0023178
v 0.0399000 -0.0047406 -0.0051862
v 0.0402000 -0.0056134 -0.0042253
v 0.0402000 -0.0031708 -0.0063632
v 0.0398997 -0.0021609 -0.0067479
v 0.0399000 -0.0047406 -0.0051862
v 0.0402000 -0.0031708 -0.0063632
v 0.0399545 0.0002492 -0.0069996
v 0.0398997 -0.0021609 -0.0067479
v 0.0401500 -0.0002513 -0.0070029
v 0.0398997 -0.0021609 -0.0067479
v 0.0401500 -0.0002513 -0.0070029
v 0.0402000 -0.0031708 -0.0063632
v 0.0399000 0.0018900 -0.0067675
v 0.0399545 0.0002492 -0.0069996
v 0.0401999 0.0002841 -0.0070702
v 0.0399000 0.0018900 -0.0067675
v 0.0401999 0.0002841 -0.0070702
v 0.0402000 0.0031310 -0.0062899
v 0.0399000 0.0070481 0.0000058
v 0.0399000 0.0065709 -0.0024879
v 0.0402000 0.0069527 -0.0010788
v 0.0399000 0.0070481 0.0000058
v 0.0402000 0.0069527 -0.0010788
v 0.0402000 0.0068199 0.0018339
v 0.0399000 0.0065646 0.0025052
v 0.0399000 0.0070481 0.0000058
v 0.0402000 0.0068199 0.0018339
v 0.0399000 -0.0017248 0.0068280
v 0.0399000 0.0007482 0.0069864
v 0.0402000 0.0000881 0.0070849
v 0.0399000 -0.0017248 0.0068280
v 0.0402000 0.0000881 0.0070849
v 0.0402000 -0.0031229 0.0063122
v 0.0399000 -0.0041362 0.0056929
v 0.0399000 -0.0017248 0.0068280
v 0.0402000 -0.0031229 0.0063122
v 0.0399000 -0.0041362 0.0056929
v 0.0402000 -0.0031229 0.0063122
v 0.0402000 -0.0051061 0.0048267
v 0.0399000 -0.0060098 0.0036828
v 0.0399000 -0.0041362 0.0056929
v 0.0402000 -0.0051061 0.0048267
v 0.0399000 -0.0060098 0.0036828
v 0.0402000 -0.0051061 0.0048267
v 0.0402000 -0.0063478 0.0030125
v 0.0401981 0.0067417 0.0203007
v 0.0401994 0.0067587 0.0185370
v 0.0400015 0.0067977 0.0191524
v 0.0401986 0.0067620 -0.0036102
v 0.0399991 0.0072606 -0.0033312
v 0.0400015 0.0067843 -0.0043025
v 0.0401986 0.0067620 -0.0036102
v 0.0401995 0.0066720 -0.0051375
v 0.0400015 0.0067843 -0.0043025
v 0.0401995 0.0066720 -0.0051375
v 0.0399947 0.0070748 -0.0054798
v 0.0400015 0.0067843 -0.0043025
v 0.0401995 0.0066720 -0.0051375
v 0.0401995 0.0076614 -0.0062001
v 0.0399947 0.0070748 -0.0054798
v 0.0401978 -0.0066216 -0.0051301
v 0.0401994 -0.0068686 -0.0034767
v 0.0399989 -0.0068453 -0.0039949
v 0.0401831 -0.0098901 -0.0027901
v 0.0401998 -0.0078714 -0.0027503
v 0.0399974 -0.0077154 -0.0029921
v 0.0401999 -0.0066623 0.0224411
v 0.0401818 -0.0066091 0.0243909
v 0.0399964 -0.0063890 0.0221532
v 0.0401999 -0.0066623 0.0224411
v 0.0401982 -0.0058201 0.0212571
v 0.0399964 -0.0063890 0.0221532
v 0.0401982 -0.0058201 0.0212571
v 0.0399964 -0.0063890 0.0221532
v 0.0399977 -0.0051583 0.0212692
v 0.0401989 -0.0040796 0.0212375
v 0.0401982 -0.0058201 0.0212571
v 0.0399977 -0.0051583 0.0212692
v 0.0367000 0.0010276 0.0028989
v 0.0372000 0.0015110 0.0026225
v 0.0372000 -0.0002014 0.0030545
v 0.0367000 -0.0009373 0.0028847
v 0.0367000 0.0010276 0.0028989
v 0.0372000 -0.0002014 0.0030545
v 0.0367000 0.0022850 -0.0020587
v 0.0367000 0.0000397 -0.0030914
v 0.0372000 0.0012412 -0.0027840
v 0.0367000 0.0022850 -0.0020587
v 0.0372000 0.0012412 -0.0027840
v 0.0372000 0.0024959 -0.0017120
vn 1.000000 -0.000762 0.000172
vn 0.999999 -0.001118 0.000378
vn 0.999997 -0.001191 0.002121
vn 0.999995 -0.000819 0.002975
vn 0.999998 0.000602 0.001905
vn 0.999999 0.000773 0.000959
vn 0.999999 0.001227 0.000580
vn 0.999996 0.002940 -0.000277
vn 0.999999 0.001036 -0.000915
vn 1.000000 0.000292 -0.000639
vn 0.999999 0.000565 -0.001221
vn 0.999997 -0.000647 -0.002492
vn 0.999999 -0.000834 -0.001046
vn 1.000000 -0.000652 -0.000334
vn 0.999995 -0.000223 0.003293
vn 0.999996 -0.001998 0.002175
vn 1.000000 -0.000704 0.000193
vn 0.999999 -0.001329 -0.000168
vn 0.999999 0.001123 0.000800
vn 0.999999 0.000674 0.001381
vn 0.999996 -0.000122 -0.002655
vn 1.000000 0.000297 -0.000649
vn 0.999999 0.000800 -0.000903
vn 0.999996 0.002747 -0.000621
vn 1.000000 -0.000515 -0.000260
vn 0.999999 -0.000862 -0.000891
vn -0.004755 0.992862 -0.119173
vn -0.124358 0.790364 -0.599883
vn 0.082627 0.596504 -0.798345
vn 0.252022 0.350610 -0.901974
vn 0.249199 0.960931 0.120463
vn 0.034022 0.999261 -0.017884
vn 0.311062 0.943994 0.110072
vn 0.161294 0.478766 -0.862999
vn 0.034253 0.904596 -0.424892
vn 0.238910 -0.893918 0.379252
vn -0.089757 -0.773368 0.627572
vn -0.129622 -0.456048 0.880465
vn 0.093371 -0.256424 0.962044
vn 0.244281 -0.017564 0.969545
vn 0.159049 -0.138181 0.977553
vn 0.083453 -0.624225 0.776775
vn 0.143206 -0.878298 0.456163
vn 0.418798 -0.690431 -0.589841
vn -0.185834 -0.907840 -0.375888
vn -0.268767 -0.937043 -0.222970
vn -0.185728 -0.876099 -0.444923
vn 0.390827 -0.703301 -0.593820
vn 1.000000 0.000000 0.000000
vn 1.000000 0.000000 0.000000
vn 1.000000 0.000000 0.000000
vn 1.000000 0.000000 0.000000
vn 1.000000 0.000000 0.000000
vn 1.000000 0.000000 0.000000
vn 1.000000 -0.000002 -0.000001
vn 1.000000 -0.000001 0.000005
vn 1.000000 0.000003 -0.000001
vn 1.000000 0.000000 0.000000
vn 1.000000 -0.000002 -0.000096
vn 0.999911 0.000133 0.013348
vn 1.000000 0.000001 -0.000006
vn 1.000000 0.000000 0.000000
vn 1.000000 -0.000004 0.000004
vn 1.000000 -0.000001 -0.000002
vn 1.000000 0.000000 0.000000
vn 1.000000 0.000000 0.000000
vn 1.000000 0.000000 0.000000
vn 1.000000 0.000000 0.000000
vn 1.000000 0.000000 0.000000
vn 1.000000 0.000000 0.000000
vn 1.000000 0.000000 0.000000
vn 1.000000 0.000000 0.000000
vn 1.000000 0.000000 -0.000003
vn 1.000000 0.000002 -0.000009
vn 0.999912 0.009123 0.009602
vn 0.999585 0.005754 0.028233
vn 0.999958 -0.005654 0.007183
vn 1.000000 0.000006 -0.000032
vn 1.000000 0.000002 -0.000002
vn 1.000000 0.000003 0.000003
vn 0.263934 0.753567 0.602059
vn -0.169463 0.864695 0.472848
vn 0.265808 0.901594 0.341283
vn 0.223433 0.907761 0.355031
vn 0.206323 0.777213 0.594450
vn -0.229574 -0.914830 0.332237
vn -0.168614 -0.781366 0.600863
vn -0.166783 -0.560767 0.811002
vn 0.260851 -0.401063 0.878126
vn 0.201966 -0.426718 0.881545
vn 0.171251 -0.672537 0.719977
vn 0.170334 -0.861237 0.478809
vn -0.288507 -0.906879 0.307140
vn 0.140681 -0.990055 -0.000416
vn 0.132948 -0.991123 0.000491
vn 0.008431 -0.999943 0.006594
vn -0.000000 -1.000000 -0.000004
vn 0.006487 -0.999941 0.008662
vn 0.051097 0.051329 -0.997374
vn 0.052901 0.065183 -0.996470
vn 0.051264 0.052606 -0.997299
vn 0.053066 0.066454 -0.996377
vn 0.946298 0.315608 -0.070086
vn 0.928266 0.363057 -0.080697
vn 0.999994 0.003413 -0.000296
vn 0.998152 0.059398 -0.012807
vn 0.000347 1.000000 0.000533
vn 0.000156 1.000000 0.000238
vn 0.000000 1.000000 -0.000004
vn 0.000217 1.000000 0.000333
vn -1.000000 0.000000 -0.000029
vn -1.000000 0.000012 0.000262
vn -1.000000 0.000000 0.000000
vn -1.000000 0.000000 0.000000
vn -1.000000 0.000000 0.000000
vn -1.000000 0.000000 0.000000
vn -1.000000 0.000000 0.000000
vn -1.000000 0.000000 0.000000
vn -1.000000 0.000000 0.000000
vn -1.000000 -0.000001 -0.000000
vn -1.000000 -0.000001 -0.000000
vn -1.000000 0.000000 0.000000
vn -1.000000 0.000000 0.000000
vn -1.000000 0.000000 0.000000
vn -1.000000 0.000000 0.000000
vn -1.000000 0.000000 0.000000
vn -1.000000 0.000000 0.000000
vn -1.000000 0.000000 -0.000000
vn 0.008008 -0.006156 -0.999949
vn 0.003677 -0.004177 -0.999985
vn 0.019549 -0.011428 -0.999744
vn 0.015235 -0.009457 -0.999839
vn 0.999992 0.001021 -0.003800
vn 0.999631 0.020919 0.017305
vn 0.999970 -0.007514 0.001985
vn 1.000000 -0.000249 -0.000238
vn 0.999999 -0.001044 -0.001083
vn 0.999992 0.003668 0.001672
vn 0.999999 -0.000334 -0.001685
vn 1.000000 0.000142 0.000005
vn 0.999998 0.001769 -0.000310
vn 0.999960 0.008862 0.001420
vn 0.999992 0.000212 -0.004045
vn 0.999925 0.010512 0.006219
vn 0.999882 0.006899 -0.013734
vn 0.999996 0.001461 -0.002536
vn 0.999876 0.015181 -0.004079
vn 0.999782 0.019983 0.006016
vn 0.999898 0.007317 0.012302
vn 0.999970 -0.000552 0.007723
vn 1.000000 -0.000158 0.000184
vn 0.999996 -0.000339 0.002634
vn 0.999996 0.002504 0.001533
vn 1.000000 0.000337 0.000235
vn 0.999886 0.004530 0.014420
vn 0.999829 -0.005391 0.017711
vn 0.999912 -0.011818 0.006053
vn 0.999974 -0.007026 0.001339
vn 0.999996 -0.000947 0.002842
vn 1.000000 -0.000527 -0.000028
vn 1.000000 -0.000596 -0.000584
vn 0.999991 -0.004104 0.000882
vn 0.999876 -0.014819 0.005318
vn 0.999835 -0.017126 -0.006087
vn 0.999871 -0.007779 -0.014036
vn 0.999965 0.008396 -0.000055
vn 1.000000 0.000000 0.000000
vn 1.000000 0.000000 0.000000
vn 1.000000 0.000000 0.000000
vn 1.000000 0.000000 0.000000
vn 1.000000 0.000000 0.000000
vn 0.999992 -0.004112 0.000118
vn 0.999827 0.017380 -0.006647
vn 0.999870 0.014941 0.006049
vn 0.999959 0.007965 0.004218
vn 0.999998 0.001828 -0.000102
vn 1.000000 0.000495 0.000150
vn 0.999995 0.000953 0.002878
vn 0.999928 0.011673 0.002690
vn 0.999939 0.010854 -0.001911
vn 1.000000 -0.000016 -0.000174
vn 0.999999 0.001363 0.000920
vn 0.999980 0.006146 -0.001383
vn 0.999988 0.004915 -0.000114
vn 0.999995 -0.003130 -0.000109
vn 1.000000 0.000083 0.000181
vn 1.000000 0.000559 0.000686
vn 0.999894 0.009724 0.010851
vn 0.999998 -0.000426 0.001879
vn 1.000000 0.000034 0.000185
vn 0.999960 -0.000407 -0.008987
vn 0.999455 -0.010976 -0.031118
vn 0.999874 0.011902 -0.010489
vn 0.999840 0.017851 -0.000936
vn 1.000000 0.000163 0.000648
vn 0.999999 -0.000109 0.001120
vn 0.999888 -0.014190 0.004847
vn 0.999880 -0.013147 -0.008170
vn 0.999905 -0.001535 -0.013717
vn 0.999999 0.000676 -0.000899
vn 0.999851 0.015684 0.007249
vn 0.999381 -0.014226 0.032161
vn 0.999965 -0.000875 0.008357
vn 1.000000 -0.000248 -0.000530
vn 0.999999 -0.000785 -0.000778
vn 0.999941 0.007280 -0.008110
vn 0.999854 0.016952 -0.002167
vn 0.999942 0.008056 0.007188
vn 0.999874 0.003736 0.015435
vn 0.999862 -0.005111 0.015837
vn 0.999553 -0.028141 -0.010138
vn 0.999905 -0.013349 -0.003479
vn 1.000000 0.000381 -0.000098
vn 0.999999 0.000737 -0.000813
vn -0.274106 -0.262649 -0.925139
vn -0.047383 -0.384946 -0.921722
vn -0.027461 -0.716877 -0.696659
vn -0.262261 -0.852492 -0.452190
vn -0.279164 -0.849396 -0.447876
vn 0.011888 -0.793439 -0.608533
vn 0.020028 -0.498628 -0.866585
vn -0.239714 -0.261734 -0.934897
vn -0.246538 0.935227 -0.254104
vn 0.290197 0.900413 -0.324103
vn -0.275797 0.928757 -0.247683
vn 0.261725 0.909604 -0.322677
vn 0.014092 0.005110 -0.999888
vn 0.012032 0.004169 -0.999919
vn 0.019581 0.007617 -0.999779
vn 0.017529 0.006680 -0.999824
vn 0.019645 -0.706977 -0.706964
vn 0.021230 -0.710178 -0.703702
vn 0.027100 -0.721898 -0.691469
vn 0.025484 -0.718694 -0.694859
vn 0.009495 -0.999906 -0.009891
vn 0.018695 -0.999824 0.001770
vn 0.021827 -0.999760 0.001775
vn 0.073958 -0.997261 -0.001168
vn 0.074455 -0.997121 0.014342
vn 0.039332 -0.999193 -0.008087
vn 0.020783 -0.999779 -0.003213
vn 0.023631 -0.999721 -0.000302
vn 0.019879 -0.706973 0.706961
vn 0.021414 -0.703813 0.710063
vn 0.027101 -0.691953 0.721434
vn 0.025536 -0.695240 0.718324
vn 0.009746 -0.009746 0.999905
vn 0.017388 0.003534 0.999843
vn 0.024122 0.003553 0.999703
vn 0.074451 -0.002578 0.997221
vn 0.074421 0.013733 0.997132
vn 0.038655 -0.008163 0.999219
vn 0.020907 -0.002863 0.999777
vn 0.023479 -0.000484 0.999724
vn 0.020912 0.703130 0.710754
vn 0.019036 0.706984 0.706973
vn 0.025941 0.692679 0.720779
vn 0.027842 0.688683 0.724528
vn 0.009547 0.999909 0.009546
vn 0.009496 0.999906 -0.009891
vn 0.074427 0.997129 -0.013936
vn 0.038153 0.999241 0.007826
vn 0.039336 0.999193 -0.008087
vn 0.074464 0.997120 0.014346
vn 0.050230 0.998738 0.000067
vn 0.070729 0.997494 0.001533
vn 0.020859 0.999779 0.002601
vn 0.022544 0.999746 0.000472
vn 0.015948 0.999873 -0.000000
vn 0.020785 0.999779 -0.003213
vn 0.697986 0.151249 -0.699956
vn 0.744324 -0.011327 -0.667723
vn 0.773001 0.535756 -0.339758
vn 0.632146 0.341155 -0.695705
vn 0.787779 0.546081 -0.284954
vn 0.759508 0.642964 -0.098719
vn 0.078715 0.074997 -0.994072
vn 0.046592 0.055776 -0.997356
vn 0.024908 0.042780 -0.998774
vn -0.010572 0.021476 -0.999713
vn 1.000000 0.000000 0.000000
vn 1.000000 0.000000 0.000000
vn 1.000000 0.000000 0.000000
vn 1.000000 0.000000 0.000000
vn 1.000000 0.000000 0.000000
vn 1.000000 0.000000 0.000000
vn 1.000000 0.000000 0.000000
vn 1.000000 0.000000 0.000000
vn 1.000000 0.000000 0.000000
vn 1.000000 0.000000 0.000000
vn 1.000000 0.000000 0.000000
vn 1.000000 0.000000 0.000000
vn 1.000000 0.000000 0.000000
vn 0.126848 0.064716 0.989809
vn 0.774076 0.529079 0.347680
vn 0.705440 0.240186 0.666833
vn 0.053313 0.056133 0.996999
vn 0.031532 0.998631 -0.041730
vn 0.020265 0.371180 0.928340
vn 0.050919 0.902391 0.427899
vn -0.051390 0.986667 -0.154425
vn 0.132421 0.979123 0.154216
vn 0.313809 0.682214 0.660385
vn 0.393547 0.296878 0.870048
vn 0.014972 0.645648 -0.763488
vn 0.015685 0.645086 -0.763949
vn 0.034494 0.630020 -0.775812
vn -0.005610 0.661571 -0.749862
vn 0.713709 0.221116 -0.664626
vn 0.390823 0.563660 -0.727698
vn 0.637545 -0.008590 -0.770365
vn 0.699520 0.098533 -0.707788
vn 0.447007 0.534966 -0.716935
vn 0.113918 0.060660 0.991636
vn 0.782236 0.229029 0.579355
vn 0.071662 0.058051 -0.995738
vn 0.053674 0.045858 -0.997505
vn 0.059295 0.052131 0.996878
vn 0.003570 0.221618 -0.975127
vn 0.045525 0.924862 -0.377568
vn 0.036988 0.352183 -0.935200
vn 0.022131 0.372030 0.927957
vn 0.042564 0.905795 0.421574
vn 0.078591 0.789729 0.608401
vn 0.355451 0.187268 0.915743
vn -0.020720 0.699767 -0.714071
vn -0.033210 0.995304 -0.090929
vn 1.000000 0.000000 0.000000
vn 1.000000 0.000000 0.000000
vn 1.000000 0.000000 0.000000
vn 1.000000 0.000000 0.000000
vn 1.000000 0.000000 0.000000
vn 1.000000 0.000000 0.000000
vn 1.000000 0.000000 0.000000
vn 1.000000 0.000000 0.000000
vn 1.000000 0.000000 0.000000
vn 1.000000 0.000000 0.000000
vn 1.000000 0.000000 0.000000
vn 1.000000 0.000000 0.000000
vn 0.021230 0.710178 -0.703702
vn 0.019644 0.706976 -0.706964
vn 0.025485 0.718696 -0.694857
vn 0.027101 0.721901 -0.691465
vn -0.034016 -0.986168 -0.162220
vn -0.051035 -0.996797 0.061576
vn 0.045166 -0.908120 0.416267
vn 0.071880 -0.867437 -0.492328
vn 0.039593 -0.998603 -0.035003
vn -0.054157 -0.351424 0.934649
vn -0.045702 -0.370326 0.927777
vn -0.013842 -0.439550 0.898111
vn -0.026405 -0.412629 0.910516
vn -0.068552 -0.417186 -0.906232
vn -0.038110 0.018938 -0.999094
vn -0.033095 0.783973 -0.619912
vn -0.044174 0.960674 0.274144
vn -0.031104 0.647318 0.761585
vn 0.029307 0.988244 -0.150047
vn 0.053620 0.410468 0.910297
vn 0.035053 0.772458 0.634097
vn 0.038393 0.555324 -0.830747
vn 0.026793 -0.006548 -0.999620
vn -1.000000 0.000000 0.000000
vn -1.000000 0.000000 0.000000
vn -1.000000 0.000000 0.000000
vn -1.000000 0.000000 0.000000
vn -1.000000 0.000000 0.000000
vn -1.000000 0.000000 0.000000
vn -1.000000 0.000000 0.000000
vn -1.000000 0.000000 0.000000
vn -1.000000 0.000000 0.000000
vn -1.000000 0.000000 0.000000
vn -1.000000 0.000000 0.000000
vn -1.000000 0.000000 0.000000
vn -1.000000 0.000000 0.000000
vn -1.000000 0.000000 0.000000
vn -1.000000 0.000000 0.000000
vn -1.000000 0.000000 0.000000
vn -1.000000 0.000000 0.000000
vn -1.000000 0.000000 0.000000
vn -1.000000 0.000000 0.000000
vn -1.000000 0.000000 0.000000
vn -1.000000 0.000000 0.000000
vn -1.000000 0.000000 0.000000
vn -1.000000 0.000000 0.000000
vn -1.000000 0.000000 0.000000
vn -1.000000 0.000000 0.000000
vn -1.000000 0.000000 0.000000
vn -1.000000 0.000000 0.000000
vn -1.000000 0.000000 0.000000
vn -1.000000 0.000000 0.000000
vn -1.000000 0.000000 0.000000
vn -1.000000 0.000000 0.000000
vn -1.000000 0.000000 0.000000
vn -1.000000 0.000000 0.000000
vn -1.000000 0.000000 0.000000
vn -1.000000 0.000000 0.000000
vn -1.000000 0.000000 0.000000
vn -1.000000 0.000000 0.000000
vn -1.000000 0.000000 0.000000
vn -1.000000 0.000000 0.000000
vn -1.000000 0.000000 0.000000
vn -1.000000 0.000000 0.000000
vn -1.000000 0.000000 0.000000
vn -1.000000 0.000000 0.000000
vn -1.000000 0.000000 0.000000
vn -1.000000 0.000000 0.000000
vn -1.000000 0.000000 0.000000
vn -1.000000 0.000000 0.000000
vn -1.000000 0.000000 0.000000
vn -1.000000 0.000000 0.000000
vn -1.000000 0.000000 0.000000
vn -1.000000 0.000000 0.000000
vn -1.000000 0.000000 0.000000
vn -1.000000 0.000000 0.000000
vn -1.000000 0.000000 0.000000
vn -1.000000 0.000000 0.000000
vn -1.000000 0.000000 0.000000
vn -1.000000 0.000000 0.000000
vn -1.000000 0.000000 0.000000
vn -1.000000 0.000000 0.000000
vn -1.000000 0.000000 0.000000
vn -1.000000 0.000000 0.000000
vn -1.000000 0.000000 0.000000
vn -1.000000 0.000000 0.000000
vn -1.000000 0.000000 0.000000
vn -1.000000 0.000000 0.000000
vn -1.000000 0.000000 0.000000
vn -1.000000 0.000000 0.000000
vn -1.000000 0.000000 0.000000
vn -1.000000 0.000000 0.000000
vn -1.000000 0.000000 0.000000
vn -1.000000 0.000000 0.000000
vn -0.051617 0.784959 0.617394
vn 0.150870 0.702403 0.695607
vn -0.128493 0.805415 0.578616
vn 0.073588 0.738831 0.669860
vn -0.004771 -0.000132 0.999989
vn -0.091147 -0.002538 0.995834
vn -0.089236 -0.002485 0.996007
vn -0.003190 -0.000088 0.999995
vn -0.008160 -0.806573 0.591079
vn 0.006416 -0.810737 0.585375
vn -0.014000 -0.804845 0.593320
vn 0.000572 -0.809093 0.587681
vn 0.002076 -0.999997 -0.000839
vn -0.014766 -0.999890 -0.001106
vn 0.001903 -0.999998 -0.000841
vn -0.014935 -0.999888 -0.001109
vn 0.014794 -0.710491 -0.703551
vn 0.000409 -0.705655 -0.708556
vn 0.009136 -0.708610 -0.705541
vn -0.005389 -0.703655 -0.710521
vn -0.006261 -0.000311 -0.999980
vn -0.053204 -0.001643 -0.998582
vn -0.005395 -0.000287 -0.999985
vn -0.052157 -0.001613 -0.998638
vn 0.122590 0.580943 -0.804659
vn -0.076425 0.669241 -0.739104
vn 0.046428 0.618656 -0.784289
vn -0.151524 0.693900 -0.703948
vn 0.089773 0.995962 -0.001164
vn 0.068721 0.997635 -0.001501
vn 0.068902 0.997622 -0.001499
vn 0.090037 0.995938 -0.001160
vn 0.062552 -0.877001 0.476400
vn 0.049517 -0.903501 -0.425716
vn 0.037494 -0.999003 0.024214
vn -0.042420 -0.994587 0.094850
vn -0.044920 -0.990996 -0.126133
vn 0.018318 -0.150404 0.988455
vn 0.053671 -0.059308 0.996796
vn -0.028993 -0.269362 0.962602
vn -0.062374 -0.351256 0.934199
vn 0.042190 0.882779 0.467890
vn 0.047376 0.969141 0.241911
vn -0.040285 0.958936 0.280747
vn -0.060311 0.712780 0.698790
vn -0.062688 0.976268 -0.207296
vn 1.000000 0.000000 0.000000
vn 1.000000 0.000000 0.000000
vn 1.000000 0.000000 0.000000
vn 1.000000 0.000000 0.000000
vn 1.000000 0.000000 0.000000
vn 1.000000 0.000000 0.000000
vn 1.000000 0.000000 0.000000
vn 1.000000 0.000000 0.000000
vn 1.000000 0.000000 0.000000
vn 1.000000 0.000000 0.000000
vn 1.000000 0.000000 0.000000
vn 1.000000 0.000000 0.000000
vn 0.079888 -0.085413 -0.993138
vn 0.035587 -0.060432 -0.997538
vn 0.003326 -0.209397 -0.977825
vn 0.037267 -0.746550 -0.664285
vn 0.014645 -0.983551 -0.180034
vn -0.037340 -0.942780 -0.331319
vn -0.016199 -0.411670 -0.911189
vn -0.109010 -0.992915 0.047286
vn 0.034638 -0.761684 0.647022
vn 0.100094 -0.804136 0.585958
vn -0.035718 -0.708026 0.705282
vn 0.040008 -0.765439 0.642263
vn 0.079028 -0.079776 0.993675
vn 0.058555 -0.067895 0.995973
vn 0.020765 -0.045914 0.998730
vn 0.041507 -0.057987 0.997454
vn 0.692003 -0.219805 0.687618
vn 0.780463 -0.578671 0.236678
vn 0.722367 0.002477 0.691506
vn 0.659362 -0.358424 0.660889
vn 0.813028 -0.581560 0.027798
vn 0.761331 -0.559389 0.327809
vn 0.819718 -0.419033 -0.390479
vn 0.458363 -0.521298 -0.719828
vn 0.848306 -0.400569 -0.346296
vn 0.527431 -0.513280 -0.677023
vn 0.056212 0.678050 -0.732863
vn 0.036170 0.627270 -0.777961
vn -0.033049 0.431739 -0.901393
vn -0.009127 0.502811 -0.864348
vn 0.029637 -0.212325 -0.976750
vn 0.012515 -0.265290 -0.964088
vn -0.038710 -0.417860 -0.907686
vn -0.022558 -0.370707 -0.928476
vn 0.075809 -0.986208 0.147126
vn 0.047010 -0.997036 0.060898
vn -0.007765 -0.994825 -0.101310
vn -0.043124 -0.977854 -0.204799
vn 0.035309 -0.327897 0.944053
vn 0.079268 -0.186422 0.979267
vn -0.036787 -0.538488 0.841830
vn -0.081773 -0.656369 0.749995
vn 0.008935 0.670900 0.741494
vn 0.047431 0.749694 0.660083
vn -0.049688 0.533031 0.844635
vn -0.079315 0.454955 0.886975
vn 1.000000 0.000000 0.000000
vn 1.000000 0.000000 0.000000
vn 1.000000 0.000000 0.000000
vn 1.000000 0.000000 0.000000
vn 1.000000 0.000000 0.000000
vn 1.000000 0.000000 0.000000
vn 1.000000 0.000000 0.000000
vn 1.000000 0.000000 0.000000
vn 1.000000 0.000000 0.000000
vn 1.000000 0.000000 0.000000
vn 1.000000 0.000000 0.000000
vn 1.000000 0.000000 0.000000
vn 0.079361 -0.994286 0.071396
vn 0.072978 -0.995049 0.067461
vn 0.035689 -0.869691 0.492304
vn 0.037235 -0.256584 0.965804
vn 0.011708 0.396958 0.917762
vn 0.013919 0.653360 0.756919
vn -0.029076 0.617571 0.785978
vn -0.035430 -0.546704 0.836576
vn 0.001145 -0.955834 0.293905
vn -0.045187 0.188651 0.981004
vn 0.079782 0.992647 0.091035
vn 0.052250 0.995740 0.075974
vn -0.002429 0.998942 0.045922
vn 0.027215 0.997690 0.062237
vn 0.671599 -0.740905 -0.003796
vn 0.773718 -0.283785 0.566416
vn 0.703977 -0.667360 0.242995
vn 0.673562 -0.489731 0.553604
vn 0.712481 -0.670910 0.205551
vn 0.822795 -0.137261 0.551515
vn -0.018105 0.994326 -0.104821
vn -0.022326 0.993175 -0.114479
vn -0.029238 0.991047 -0.130276
vn -0.032382 0.989978 -0.137458
vn 0.036435 0.561133 -0.826923
vn 0.019358 0.524001 -0.851498
vn -0.031597 0.406720 -0.913006
vn -0.013384 0.449751 -0.893053
vn 0.029538 -0.509706 -0.859841
vn 0.034907 -0.520165 -0.853352
vn 0.019197 -0.489336 -0.871884
vn 0.012363 -0.475710 -0.879516
vn -0.015023 -0.927300 0.374018
vn -0.019165 -0.931694 0.362739
vn 0.000877 -0.909050 0.416685
vn -0.003902 -0.914766 0.403965
vn -0.029337 -0.344900 0.938181
vn -0.022348 -0.364742 0.930841
vn 0.004717 -0.439579 0.898191
vn -0.003743 -0.416525 0.909116
vn -0.033464 0.607204 0.793841
vn -0.013779 0.560931 0.827748
vn 0.045217 0.410641 0.910675
vn 0.026382 0.460521 0.887257
vn 0.013195 0.985619 0.168468
vn 0.021169 0.988518 0.149616
vn -0.006125 0.976859 0.213796
vn -0.013690 0.972761 0.231408
vn -0.043460 0.732912 -0.678934
vn -0.029732 0.763398 -0.645243
vn 0.022707 0.862905 -0.504855
vn 0.006026 0.834147 -0.551509
vn -0.036866 -0.132324 -0.990521
vn -0.010723 -0.060792 -0.998093
vn 0.056362 0.123600 -0.990730
vn 0.034553 0.063523 -0.997382
vn -0.000469 -0.830973 -0.556313
vn 0.009643 -0.842934 -0.537931
vn 0.024948 -0.860112 -0.509495
vn 0.033474 -0.869199 -0.493328
vn 0.202683 -0.635597 -0.744940
vn 0.022264 -0.858239 -0.512767
vn 0.006015 -0.998028 0.062486
vn 0.123921 -0.928469 0.350128
vn -0.002917 -0.889434 -0.457054
vn 0.171824 -0.647135 -0.742760
vn 0.154635 -0.927254 0.341010
vn 0.015527 -0.993060 0.116576
vn -0.137666 0.734081 -0.664961
vn -0.136254 0.407716 -0.902886
vn -0.223704 0.360866 -0.905391
vn 0.119324 0.584581 -0.802513
vn -0.242733 0.754452 -0.609822
vn 0.159659 0.971702 -0.174082
vn 0.054489 0.978290 -0.199949
vn 0.196077 0.966687 -0.164531
vn 0.073336 0.977958 -0.195498
vn 1.000000 0.000000 0.000000
vn 1.000000 0.000000 0.000000
vn 1.000000 0.000000 0.000000
vn 1.000000 0.000000 0.000000
vn 1.000000 0.000000 0.000000
vn 1.000000 0.000000 0.000000
vn 1.000000 0.000000 0.000000
vn 1.000000 0.000000 0.000000
vn 1.000000 0.000000 0.000000
vn 1.000000 0.000000 0.000000
vn 1.000000 0.000000 0.000000
vn 1.000000 0.000000 0.000000
vn 1.000000 0.000000 0.000000
vn 1.000000 0.000000 0.000000
vn 1.000000 0.000000 0.000000
vn 1.000000 0.000000 0.000000
vn 1.000000 0.000000 0.000000
vn 1.000000 0.000000 0.000000
vn 1.000000 0.000000 0.000000
vn 1.000000 0.000000 0.000000
vn 1.000000 0.000000 0.000000
vn 1.000000 0.000000 0.000000
vn 1.000000 0.000000 0.000000
vn 0.031272 0.979848 -0.197284
vn 0.011874 0.710498 -0.703599
vn 0.007214 0.260641 -0.965409
vn 0.006571 -0.211050 -0.977453
vn -0.005042 -0.659755 -0.751464
vn 0.003449 -0.915346 -0.402653
vn 0.019639 -0.999483 0.025450
vn 0.021373 -0.875787 0.482224
vn -0.000876 -0.478208 0.878246
vn 0.002214 -0.025968 0.999660
vn 0.024383 0.478726 0.877626
vn 0.032291 0.903385 0.427613
vn -0.005599 -0.448235 0.893898
vn -0.009486 -0.822569 0.568586
vn -0.018898 -0.984701 0.173224
vn -0.014161 -0.951321 -0.307875
vn -0.016032 0.989168 0.145909
vn -0.006535 0.801229 0.598322
vn -0.007259 0.528629 0.848822
vn -0.007824 0.063526 0.997950
vn -0.006717 -0.648865 -0.760874
vn -0.007000 -0.174712 -0.984595
vn -0.002680 0.279900 -0.960025
vn -0.003912 0.682069 -0.731277
vn -0.011804 0.949736 -0.312830
vn 0.714253 -0.082501 0.695008
vn 0.716899 -0.452705 0.530202
vn 0.697451 -0.666080 0.264383
vn 0.717146 -0.694346 -0.059884
vn 0.705643 0.626466 0.331072
vn 0.692834 0.336762 0.637631
vn 0.704249 -0.054766 -0.707837
vn 0.711998 0.272058 -0.647335
vn 0.696268 0.538025 -0.475122
vn 0.716551 0.683771 -0.137882
vn 0.731898 -0.578947 -0.359370
vn 0.704955 -0.399948 -0.585731
vn 0.665278 -0.321520 0.673818
vn 0.697254 -0.596217 0.397948
vn 0.693427 -0.709965 0.122917
vn 0.713384 -0.666080 -0.217765
vn 0.622255 0.773085 0.123035
vn 0.690154 0.557888 0.460922
vn 0.702898 0.396447 0.590562
vn 0.671857 0.095700 0.734472
vn 0.723456 -0.447700 -0.525525
vn 0.704413 -0.152695 -0.693171
vn 0.707068 0.178080 -0.684355
vn 0.702266 0.498876 -0.507884
vn 0.705166 0.654301 -0.273189
vn -0.125093 0.866058 0.484040
vn -0.064624 0.864469 0.498515
vn -0.055830 0.863960 0.500455
vn -0.111055 0.865988 0.487578
vn -0.120763 0.052185 0.991309
vn 0.247341 0.358020 0.900358
vn 0.212608 0.352406 0.911377
vn -0.117106 0.126153 0.985074
vn -0.220836 -0.154509 0.962994
vn -0.025611 -0.678618 -0.734045
vn -0.031277 0.240223 -0.970214
vn -0.031537 0.947873 -0.317085
vn -0.030223 0.796348 0.604083
vn -0.023901 0.021994 0.999472
vn -0.020791 -0.705815 0.708092
vn -0.020229 -0.999760 0.008358
vn 0.022317 -0.938299 0.345105
vn 0.022437 -0.372009 0.927958
vn 0.027422 0.449095 0.893063
vn 0.036823 0.991739 0.122870
vn 0.033534 0.569320 -0.821432
vn 0.022433 -0.310241 -0.950393
vn 0.020227 -0.892115 -0.451355
vn -0.023456 -0.865753 -0.499921
vn -0.024828 -0.581033 -0.813501
vn -0.029656 -0.654286 0.755665
vn -0.028865 -0.937307 0.347307
vn 0.024186 -0.752818 0.657785
vn 0.024901 -0.401196 0.915654
vn 0.014455 -0.740136 -0.672302
vn 0.025645 -0.976828 -0.212483
vn -0.025890 0.373950 0.927088
vn -0.022003 0.360778 0.932392
vn 0.000131 0.284581 0.958652
vn -0.004885 0.302022 0.953288
vn -0.031240 0.992687 0.116602
vn -0.023941 0.988196 0.151310
vn 0.015633 0.942556 0.333682
vn 0.006804 0.955831 0.293837
vn -0.037869 0.394206 -0.918241
vn -0.038483 0.537090 -0.842647
vn 0.040646 0.873527 -0.485076
vn 0.031840 0.522106 -0.852286
vn 0.035359 0.038993 -0.998614
vn -0.002256 -0.721948 0.691943
vn -0.000881 -0.718088 0.695952
vn -0.009746 -0.742564 0.669704
vn -0.011358 -0.746909 0.664829
vn -0.023272 0.098425 0.994872
vn -0.017191 0.067721 0.997556
vn 0.019026 -0.114736 0.993214
vn 0.012611 -0.082467 0.996514
vn 0.009431 0.784763 0.619724
vn 0.011400 0.779952 0.625736
vn 0.019936 0.758504 0.651363
vn 0.018511 0.762152 0.647134
vn -0.012188 0.985696 -0.168091
vn -0.023582 0.992930 -0.116335
vn 0.028683 0.936867 -0.348508
vn 0.038154 0.920389 -0.389138
vn -0.028241 -0.460046 -0.887446
vn -0.030748 0.042361 -0.998629
vn -0.031361 0.475474 -0.879171
vn 0.024553 0.160739 -0.986692
vn 0.030218 -0.379704 -0.924615
vn 0.032021 -0.768800 -0.638688
vn -0.004353 -0.995674 -0.092816
vn -0.000866 -0.994454 -0.105165
vn -0.023671 -0.999429 -0.024096
vn -0.028456 -0.999571 -0.006989
vn -0.006016 -0.998520 0.054052
vn -0.010521 -0.997117 0.075141
vn 0.012566 -0.999375 -0.033046
vn 0.016740 -0.998473 -0.052640
vn -0.018783 -0.556281 0.830782
vn -0.013069 -0.577377 0.816373
vn 0.017423 -0.682745 0.730449
vn 0.011713 -0.663939 0.747695
vn -0.008668 0.266311 0.963848
vn -0.005941 0.253050 0.967435
vn 0.010139 0.173968 0.984699
vn 0.007457 0.187268 0.982281
vn -0.026816 0.896291 0.442654
vn -0.022026 0.883436 0.468034
vn 0.012064 0.772510 0.634888
vn 0.005861 0.795205 0.606313
vn -0.042889 0.833925 -0.550208
vn -0.029558 0.870893 -0.490583
vn 0.037363 0.985648 -0.164629
vn 0.023251 0.971222 -0.237040
vn -0.026015 -0.731384 -0.681470
vn -0.022521 -0.401393 -0.915629
vn -0.015739 0.052745 -0.998484
vn 0.032627 0.362515 -0.931406
vn 0.028071 -0.067179 -0.997346
vn 0.020337 -0.518815 -0.854645
vn -0.043551 -0.999050 0.001562
vn 0.041613 -0.999133 -0.001493
vn -0.041618 -0.999132 0.001493
vn 0.043546 -0.999050 -0.001562
vn 0.042767 -0.000654 0.999085
vn -0.043592 0.000667 0.999049
vn 0.043592 -0.000667 0.999049
vn -0.042767 0.000654 0.999085
vn 0.041614 0.999133 0.001493
vn -0.043544 0.999050 -0.001562
vn 0.043546 0.999050 0.001562
vn -0.041611 0.999133 -0.001493
vn 0.042694 0.000653 -0.999088
vn -0.043592 -0.000667 -0.999049
vn -0.042768 -0.000654 -0.999085
vn 0.043518 0.000666 -0.999052
vn 1.000000 0.000000 0.000000
vn 1.000000 0.000000 0.000000
vn 1.000000 0.000000 0.000000
vn 1.000000 0.000000 0.000000
vn -0.443786 0.793361 0.416693
vn -0.443786 0.793361 0.416693
vn -0.443786 0.793361 0.416693
vn 0.533288 0.643182 0.549473
vn 0.533288 0.643182 0.549473
vn 0.533288 0.643182 0.549473
vn -0.447167 0.500683 0.741186
vn -0.447167 0.500683 0.741186
vn -0.447167 0.500683 0.741186
vn 0.365850 0.344084 0.864731
vn 0.365850 0.344084 0.864731
vn 0.365850 0.344084 0.864731
vn -0.402538 0.099220 0.910010
vn -0.402538 0.099220 0.910010
vn -0.402538 0.099220 0.910010
vn -0.359098 -0.890206 0.280324
vn -0.359098 -0.890206 0.280324
vn -0.359098 -0.890206 0.280324
vn 0.481896 -0.869623 -0.107387
vn 0.481896 -0.869623 -0.107387
vn 0.481896 -0.869623 -0.107387
vn -0.342279 -0.512756 -0.787354
vn -0.342279 -0.512756 -0.787354
vn -0.342279 -0.512756 -0.787354
vn 0.345095 -0.346998 -0.872068
vn 0.345095 -0.346998 -0.872068
vn 0.345095 -0.346998 -0.872068
vn -0.304884 -0.174756 -0.936219
vn -0.304884 -0.174756 -0.936219
vn -0.304884 -0.174756 -0.936219
vn 0.280264 0.017387 -0.959765
vn 0.280264 0.017387 -0.959765
vn 0.280264 0.017387 -0.959765
vn -0.375269 0.224228 -0.899386
vn -0.375269 0.224228 -0.899386
vn -0.375269 0.224228 -0.899386
vn 0.336665 0.940989 0.034585
vn 0.336665 0.940989 0.034585
vn 0.336665 0.940989 0.034585
vn -0.335105 0.930952 0.145028
vn -0.335105 0.930952 0.145028
vn -0.335105 0.930952 0.145028
vn -0.442903 0.590504 0.674642
vn -0.442903 0.590504 0.674642
vn -0.442903 0.590504 0.674642
vn 0.542789 0.434985 0.718449
vn 0.542789 0.434985 0.718449
vn 0.542789 0.434985 0.718449
vn 0.258585 0.094515 0.961354
vn 0.258585 0.094515 0.961354
vn 0.258585 0.094515 0.961354
vn -0.491996 0.178279 0.852148
vn -0.491996 0.178279 0.852148
vn -0.491996 0.178279 0.852148
vn 0.290743 -0.124484 0.948669
vn 0.290743 -0.124484 0.948669
vn 0.290743 -0.124484 0.948669
vn -0.404354 -0.241767 0.882070
vn -0.404354 -0.241767 0.882070
vn -0.404354 -0.241767 0.882070
vn 0.344755 -0.921970 0.176397
vn 0.344755 -0.921970 0.176397
vn 0.344755 -0.921970 0.176397
vn -0.434305 -0.899831 -0.041034
vn -0.434305 -0.899831 -0.041034
vn -0.434305 -0.899831 -0.041034
vn 0.379875 -0.908200 -0.175692
vn 0.379875 -0.908200 -0.175692
vn 0.379875 -0.908200 -0.175692
vn 0.424119 0.057883 -0.903755
vn 0.424119 0.057883 -0.903755
vn 0.424119 0.057883 -0.903755
vn -0.502528 0.202277 -0.840565
vn -0.502528 0.202277 -0.840565
vn -0.502528 0.202277 -0.840565
vn 0.394371 0.391362 -0.831449
vn 0.394371 0.391362 -0.831449
vn 0.394371 0.391362 -0.831449
vn -0.349339 0.561742 -0.749939
vn -0.349339 0.561742 -0.749939
vn -0.349339 0.561742 -0.749939
vn 0.368363 0.680076 -0.633882
vn 0.368363 0.680076 -0.633882
vn 0.368363 0.680076 -0.633882
vn -0.315301 0.783134 -0.535991
vn -0.315301 0.783134 -0.535991
vn -0.315301 0.783134 -0.535991
vn 0.221773 0.975052 0.009551
vn 0.221773 0.975052 0.009551
vn 0.221773 0.975052 0.009551
vn 0.853297 0.469028 -0.227810
vn 0.853297 0.469028 -0.227810
vn 0.853297 0.469028 -0.227810
vn 0.304084 0.951003 -0.055909
vn 0.304084 0.951003 -0.055909
vn 0.304084 0.951003 -0.055909
vn 0.836661 0.532881 0.126638
vn 0.836661 0.532881 0.126638
vn 0.836661 0.532881 0.126638
vn 0.287914 0.700887 0.652581
vn 0.287914 0.700887 0.652581
vn 0.287914 0.700887 0.652581
vn 0.258562 -0.955352 -0.142996
vn 0.258562 -0.955352 -0.142996
vn 0.258562 -0.955352 -0.142996
vn 0.768919 0.006289 -0.639315
vn 0.768919 0.006289 -0.639315
vn 0.768919 0.006289 -0.639315
vn 0.806404 0.591302 -0.008666
vn 0.806404 0.591302 -0.008666
vn 0.806404 0.591302 -0.008666
vn 0.265131 0.785905 0.558622
vn 0.265131 0.785905 0.558622
vn 0.265131 0.785905 0.558622
vn 0.891708 0.263401 0.368072
vn 0.891708 0.263401 0.368072
vn 0.891708 0.263401 0.368072
vn 0.097139 0.011124 0.995209
vn 0.097139 0.011124 0.995209
vn 0.097139 0.011124 0.995209
vn -0.286926 -0.234322 -0.928852
vn -0.286926 -0.234322 -0.928852
vn -0.286926 -0.234322 -0.928852
vn 0.312433 0.006858 -0.949915
vn 0.312433 0.006858 -0.949915
vn 0.312433 0.006858 -0.949915
vn 0.406922 -0.381694 0.829894
vn 0.406922 -0.381694 0.829894
vn 0.406922 -0.381694 0.829894
vn -0.245456 -0.629687 0.737052
vn -0.245456 -0.629687 0.737052
vn -0.245456 -0.629687 0.737052
f 2842//2842 2830//2830 2829//2829
f 2822//2822 2835//2835 2823//2823
f 2822//2822 2836//2836 2835//2835
f 2822//2822 2821//2821 2836//2836
f 2823//2823 2835//2835 2840//2840
f 2821//2821 2831//2831 2836//2836
f 2823//2823 2840//2840 2824//2824
f 2821//2821 2820//2820 2831//2831
f 2820//2820 2819//2819 2831//2831
f 2819//2819 2832//2832 2831//2831
f 2824//2824 2840//2840 2825//2825
f 2825//2825 2840//2840 2839//2839
f 2825//2825 2839//2839 2826//2826
f 2819//2819 2818//2818 2832//2832
f 2832//2832 2818//2818 2833//2833
f 2838//2838 2827//2827 2826//2826
f 2833//2833 2818//2818 2817//2817
f 2833//2833 2817//2817 2834//2834
f 2838//2838 2837//2837 2827//2827
f 2837//2837 2828//2828 2827//2827
f 2834//2834 2817//2817 2830//2830
f 2834//2834 2830//2830 2841//2841
f 2837//2837 2829//2829 2828//2828
f 2837//2837 2842//2842 2829//2829
f 2841//2841 2830//2830 2842//2842
f 2839//2839 2838//2838 2826//2826
f 2844//2844 2845//2845 2850//2850
f 2843//2843 2851//2851 2848//2848
f 2843//2843 2844//2844 2851//2851
f 2845//2845 2846//2846 2850//2850
f 2844//2844 2850//2850 2851//2851
f 2847//2847 2848//2848 2849//2849
f 2847//2847 2843//2843 2848//2848
f 2853//2853 2854//2854 2858//2858
f 2855//2855 2856//2856 2857//2857
f 2854//2854 2855//2855 2857//2857
f 2854//2854 2857//2857 2858//2858
f 2852//2852 2853//2853 2859//2859
f 2853//2853 2858//2858 2859//2859
f 2861//2861 2863//2863 2864//2864
f 2861//2861 2862//2862 2863//2863
f 2860//2860 2861//2861 2864//2864
f 2892//2892 2891//2891 2876//2876
f 2891//2891 2890//2890 2877//2877
f 2879//2879 2872//2872 2871//2871
f 2879//2879 2871//2871 2880//2880
f 2891//2891 2877//2877 2876//2876
f 2893//2893 2892//2892 2876//2876
f 2894//2894 2893//2893 2875//2875
f 2893//2893 2876//2876 2875//2875
f 2896//2896 2873//2873 2872//2872
f 2895//2895 2873//2873 2896//2896
f 2880//2880 2871//2871 2870//2870
f 2894//2894 2875//2875 2874//2874
f 2895//2895 2874//2874 2873//2873
f 2894//2894 2874//2874 2895//2895
f 2896//2896 2872//2872 2879//2879
f 2880//2880 2870//2870 2881//2881
f 2870//2870 2869//2869 2882//2882
f 2877//2877 2889//2889 2878//2878
f 2867//2867 2885//2885 2884//2884
f 2867//2867 2886//2886 2885//2885
f 2868//2868 2867//2867 2884//2884
f 2890//2890 2889//2889 2877//2877
f 2868//2868 2884//2884 2883//2883
f 2866//2866 2887//2887 2886//2886
f 2866//2866 2886//2886 2867//2867
f 2869//2869 2868//2868 2883//2883
f 2869//2869 2883//2883 2882//2882
f 2865//2865 2888//2888 2887//2887
f 2878//2878 2888//2888 2865//2865
f 2878//2878 2889//2889 2888//2888
f 2870//2870 2882//2882 2881//2881
f 2865//2865 2887//2887 2866//2866
f 2900//2900 2898//2898 2899//2899
f 2901//2901 2898//2898 2900//2900
f 2901//2901 2897//2897 2898//2898
f 2908//2908 2902//2902 2903//2903
f 2909//2909 2902//2902 2908//2908
f 2908//2908 2903//2903 2907//2907
f 2906//2906 2904//2904 2905//2905
f 2907//2907 2904//2904 2906//2906
f 2907//2907 2903//2903 2904//2904
f 2914//2914 2912//2912 2913//2913
f 2911//2911 2910//2910 2912//2912
f 2911//2911 2912//2912 2914//2914
f 2917//2917 2916//2916 2915//2915
f 2917//2917 2918//2918 2916//2916
f 2922//2922 2919//2919 2920//2920
f 2921//2921 2919//2919 2922//2922
f 2926//2926 2924//2924 2923//2923
f 2926//2926 2925//2925 2924//2924
f 2944//2944 2927//2927 2928//2928
f 2944//2944 2937//2937 2927//2927
f 2935//2935 2939//2939 2934//2934
f 2935//2935 2938//2938 2939//2939
f 2935//2935 2937//2937 2938//2938
f 2936//2936 2927//2927 2937//2937
f 2928//2928 2929//2929 2944//2944
f 2929//2929 2943//2943 2944//2944
f 2935//2935 2936//2936 2937//2937
f 2930//2930 2931//2931 2943//2943
f 2943//2943 2931//2931 2942//2942
f 2934//2934 2940//2940 2933//2933
f 2934//2934 2939//2939 2940//2940
f 2933//2933 2940//2940 2932//2932
f 2929//2929 2930//2930 2943//2943
f 2940//2940 2941//2941 2932//2932
f 2941//2941 2942//2942 2932//2932
f 2942//2942 2931//2931 2932//2932
f 2948//2948 2946//2946 2945//2945
f 2948//2948 2945//2945 2947//2947
f 2959//2959 2961//2961 3007//3007
f 2988//2988 2987//2987 3001//3001
f 2955//2955 3007//3007 3006//3006
f 2955//2955 3006//3006 2956//2956
f 2959//2959 2955//2955 2949//2949
f 3007//3007 2961//2961 3008//3008
f 2956//2956 3006//3006 2993//2993
f 2961//2961 2989//2989 3009//3009
f 2961//2961 3009//3009 3008//3008
f 3009//3009 2989//2989 3010//3010
f 3006//3006 3005//3005 2994//2994
f 2987//2987 2986//2986 3001//3001
f 3004//3004 2990//2990 2994//2994
f 2956//2956 2993//2993 2957//2957
f 2989//2989 2990//2990 3010//3010
f 2957//2957 2993//2993 2992//2992
f 3010//3010 2990//2990 3004//3004
f 3005//3005 3004//3004 2994//2994
f 2960//2960 2950//2950 2954//2954
f 3006//3006 2994//2994 2993//2993
f 2978//2978 2977//2977 2952//2952
f 3015//3015 2960//2960 3016//3016
f 2978//2978 2952//2952 2951//2951
f 2957//2957 2992//2992 2958//2958
f 2980//2980 3014//3014 3013//3013
f 2980//2980 2981//2981 3014//3014
f 2980//2980 3013//3013 2979//2979
f 2981//2981 3015//3015 3014//3014
f 2981//2981 2960//2960 3015//3015
f 2979//2979 3013//3013 2975//2975
f 3016//3016 2960//2960 2954//2954
f 3013//3013 3012//3012 2975//2975
f 3016//3016 2954//2954 3011//3011
f 3011//3011 2954//2954 2976//2976
f 3012//3012 3011//3011 2975//2975
f 3011//3011 2976//2976 2975//2975
f 2974//2974 2978//2978 2951//2951
f 2974//2974 2988//2988 3001//3001
f 2974//2974 2951//2951 2988//2988
f 2974//2974 3001//3001 2973//2973
f 2976//2976 2954//2954 2953//2953
f 2976//2976 2953//2953 2977//2977
f 2977//2977 2953//2953 2952//2952
f 2992//2992 2991//2991 2958//2958
f 2959//2959 3007//3007 2955//2955
f 2991//2991 2995//2995 2958//2958
f 2967//2967 3003//3003 2968//2968
f 2968//2968 2997//2997 3020//3020
f 3000//3000 2999//2999 3003//3003
f 3000//3000 2996//2996 2999//2999
f 2968//2968 3019//3019 2966//2966
f 2968//2968 3020//3020 3019//3019
f 2966//2966 3019//3019 2965//2965
f 3003//3003 2998//2998 2997//2997
f 3003//3003 2999//2999 2998//2998
f 2997//2997 3021//3021 3020//3020
f 2997//2997 2962//2962 3021//3021
f 2962//2962 3022//3022 3021//3021
f 2962//2962 2963//2963 3022//3022
f 3022//3022 2963//2963 3023//3023
f 3019//3019 3018//3018 2965//2965
f 2963//2963 2964//2964 3023//3023
f 3023//3023 2964//2964 3017//3017
f 3018//3018 3017//3017 2965//2965
f 3017//3017 2964//2964 2965//2965
f 3024//3024 2969//2969 2971//2971
f 3024//3024 2971//2971 3025//3025
f 2968//2968 3003//3003 2997//2997
f 2986//2986 2985//2985 3001//3001
f 3001//3001 3002//3002 3028//3028
f 3001//3001 3028//3028 2973//2973
f 3001//3001 2985//2985 3000//3000
f 2958//2958 2995//2995 2982//2982
f 2995//2995 2996//2996 2982//2982
f 2985//2985 2984//2984 3000//3000
f 3030//3030 2969//2969 3024//3024
f 2982//2982 3000//3000 2983//2983
f 2984//2984 2983//2983 3000//3000
f 3002//3002 3029//3029 3028//3028
f 2982//2982 2996//2996 3000//3000
f 3002//3002 3003//3003 2967//2967
f 3002//3002 2970//2970 3029//3029
f 2972//2972 3025//3025 2971//2971
f 3030//3030 2970//2970 2969//2969
f 3029//3029 2970//2970 3030//3030
f 2972//2972 3026//3026 3025//3025
f 2973//2973 3026//3026 2972//2972
f 3028//3028 3027//3027 2973//2973
f 3002//3002 2967//2967 2970//2970
f 2973//2973 3027//3027 3026//3026
f 3036//3036 3034//3034 3035//3035
f 3036//3036 3033//3033 3034//3034
f 3037//3037 3033//3033 3036//3036
f 3037//3037 3032//3032 3033//3033
f 3038//3038 3032//3032 3037//3037
f 3038//3038 3031//3031 3032//3032
f 3041//3041 3039//3039 3042//3042
f 3042//3042 3039//3039 3040//3040
f 3044//3044 3046//3046 3043//3043
f 3043//3043 3046//3046 3045//3045
f 3048//3048 3047//3047 3050//3050
f 3048//3048 3050//3050 3049//3049
f 3058//3058 3053//3053 3052//3052
f 3054//3054 3053//3053 3058//3058
f 3051//3051 3058//3058 3052//3052
f 3057//3057 3058//3058 3051//3051
f 3056//3056 3055//3055 3057//3057
f 3056//3056 3057//3057 3051//3051
f 3060//3060 3059//3059 3062//3062
f 3060//3060 3062//3062 3061//3061
f 3068//3068 3069//3069 3063//3063
f 3068//3068 3067//3067 3069//3069
f 3063//3063 3070//3070 3064//3064
f 3070//3070 3065//3065 3064//3064
f 3066//3066 3065//3065 3070//3070
f 3063//3063 3069//3069 3070//3070
f 3071//3071 3074//3074 3073//3073
f 3072//3072 3071//3071 3073//3073
f 3075//3075 3083//3083 3084//3084
f 3078//3078 3083//3083 3075//3075
f 3078//3078 3077//3077 3083//3083
f 3082//3082 3081//3081 3084//3084
f 3075//3075 3084//3084 3076//3076
f 3084//3084 3081//3081 3085//3085
f 3085//3085 3086//3086 3076//3076
f 3080//3080 3079//3079 3086//3086
f 3086//3086 3079//3079 3076//3076
f 3084//3084 3085//3085 3076//3076
f 3089//3089 3090//3090 3087//3087
f 3088//3088 3087//3087 3090//3090
f 3089//3089 3091//3091 3090//3090
f 3089//3089 3092//3092 3091//3091
f 3095//3095 3096//3096 3094//3094
f 3095//3095 3094//3094 3093//3093
f 3102//3102 3101//3101 3106//3106
f 3101//3101 3107//3107 3106//3106
f 3102//3102 3106//3106 3105//3105
f 3102//3102 3105//3105 3099//3099
f 3101//3101 3098//3098 3108//3108
f 3105//3105 3104//3104 3099//3099
f 3098//3098 3097//3097 3109//3109
f 3098//3098 3109//3109 3108//3108
f 3104//3104 3100//3100 3099//3099
f 3104//3104 3103//3103 3100//3100
f 3103//3103 3097//3097 3100//3100
f 3109//3109 3097//3097 3103//3103
f 3101//3101 3108//3108 3107//3107
f 3112//3112 3120//3120 3111//3111
f 3120//3120 3112//3112 3110//3110
f 3111//3111 3120//3120 3119//3119
f 3111//3111 3119//3119 3118//3118
f 3120//3120 3115//3115 3119//3119
f 3110//3110 3113//3113 3120//3120
f 3119//3119 3116//3116 3118//3118
f 3118//3118 3116//3116 3114//3114
f 3118//3118 3114//3114 3117//3117
f 3113//3113 3115//3115 3120//3120
f 3119//3119 3115//3115 3116//3116
f 3124//3124 3122//3122 3121//3121
f 3121//3121 3122//3122 3123//3123
f 3125//3125 3129//3129 3128//3128
f 3126//3126 3129//3129 3125//3125
f 3127//3127 3125//3125 3128//3128
f 3135//3135 3133//3133 3132//3132
f 3131//3131 3141//3141 3140//3140
f 3141//3141 3131//3131 3130//3130
f 3141//3141 3138//3138 3140//3140
f 3140//3140 3138//3138 3139//3139
f 3140//3140 3139//3139 3143//3143
f 3143//3143 3139//3139 3136//3136
f 3143//3143 3136//3136 3142//3142
f 3142//3142 3136//3136 3137//3137
f 3142//3142 3137//3137 3135//3135
f 3130//3130 3134//3134 3141//3141
f 3135//3135 3137//3137 3133//3133
f 3134//3134 3138//3138 3141//3141
f 3149//3149 3154//3154 3153//3153
f 3149//3149 3153//3153 3146//3146
f 3149//3149 3148//3148 3154//3154
f 3151//3151 3150//3150 3147//3147
f 3155//3155 3144//3144 3150//3150
f 3152//3152 3151//3151 3147//3147
f 3150//3150 3144//3144 3147//3147
f 3145//3145 3144//3144 3155//3155
f 3146//3146 3153//3153 3152//3152
f 3148//3148 3155//3155 3154//3154
f 3148//3148 3145//3145 3155//3155
f 3146//3146 3152//3152 3147//3147
f 3156//3156 3159//3159 3158//3158
f 3157//3157 3156//3156 3158//3158
f 3164//3164 3161//3161 3160//3160
f 3162//3162 3161//3161 3164//3164
f 3164//3164 3160//3160 3163//3163
f 3168//3168 3166//3166 3167//3167
f 3168//3168 3165//3165 3166//3166
f 3178//3178 3169//3169 3170//3170
f 3177//3177 3170//3170 3171//3171
f 3178//3178 3170//3170 3177//3177
f 3174//3174 3171//3171 3172//3172
f 3174//3174 3172//3172 3176//3176
f 3176//3176 3172//3172 3173//3173
f 3176//3176 3173//3173 3175//3175
f 3177//3177 3171//3171 3174//3174
f 3196//3196 3246//3246 3245//3245
f 3196//3196 3245//3245 3197//3197
f 3197//3197 3245//3245 3213//3213
f 3197//3197 3213//3213 3221//3221
f 3197//3197 3221//3221 3198//3198
f 3199//3199 3198//3198 3220//3220
f 3198//3198 3221//3221 3220//3220
f 3219//3219 3218//3218 3225//3225
f 3188//3188 3224//3224 3223//3223
f 3218//3218 3226//3226 3225//3225
f 3213//3213 3245//3245 3244//3244
f 3226//3226 3179//3179 3182//3182
f 3223//3223 3222//3222 3188//3188
f 3213//3213 3244//3244 3214//3214
f 3222//3222 3189//3189 3188//3188
f 3218//3218 3183//3183 3179//3179
f 3226//3226 3182//3182 3181//3181
f 3226//3226 3181//3181 3227//3227
f 3218//3218 3179//3179 3226//3226
f 3196//3196 3193//3193 3246//3246
f 3235//3235 3199//3199 3220//3220
f 3234//3234 3194//3194 3199//3199
f 3222//3222 3228//3228 3189//3189
f 3193//3193 3196//3196 3186//3186
f 3189//3189 3185//3185 3212//3212
f 3189//3189 3212//3212 3190//3190
f 3187//3187 3186//3186 3231//3231
f 3186//3186 3232//3232 3231//3231
f 3186//3186 3195//3195 3232//3232
f 3186//3186 3196//3196 3195//3195
f 3187//3187 3229//3229 3224//3224
f 3187//3187 3231//3231 3230//3230
f 3187//3187 3230//3230 3229//3229
f 3187//3187 3224//3224 3188//3188
f 3232//3232 3195//3195 3233//3233
f 3229//3229 3225//3225 3224//3224
f 3229//3229 3219//3219 3225//3225
f 3229//3229 3235//3235 3219//3219
f 3233//3233 3195//3195 3194//3194
f 3233//3233 3194//3194 3234//3234
f 3235//3235 3220//3220 3219//3219
f 3235//3235 3234//3234 3199//3199
f 3214//3214 3244//3244 3201//3201
f 3200//3200 3209//3209 3208//3208
f 3189//3189 3180//3180 3185//3185
f 3249//3249 3203//3203 3202//3202
f 3249//3249 3204//3204 3203//3203
f 3200//3200 3239//3239 3209//3209
f 3200//3200 3205//3205 3239//3239
f 3205//3205 3240//3240 3239//3239
f 3204//3204 3191//3191 3205//3205
f 3205//3205 3191//3191 3240//3240
f 3209//3209 3238//3238 3210//3210
f 3248//3248 3204//3204 3249//3249
f 3209//3209 3239//3239 3238//3238
f 3211//3211 3238//3238 3237//3237
f 3212//3212 3211//3211 3190//3190
f 3211//3211 3237//3237 3236//3236
f 3211//3211 3236//3236 3190//3190
f 3240//3240 3191//3191 3241//3241
f 3242//3242 3241//3241 3190//3190
f 3241//3241 3191//3191 3190//3190
f 3218//3218 3217//3217 3183//3183
f 3210//3210 3238//3238 3211//3211
f 3192//3192 3191//3191 3204//3204
f 3236//3236 3242//3242 3190//3190
f 3243//3243 3249//3249 3202//3202
f 3227//3227 3181//3181 3228//3228
f 3228//3228 3181//3181 3180//3180
f 3214//3214 3201//3201 3200//3200
f 3214//3214 3200//3200 3215//3215
f 3215//3215 3200//3200 3208//3208
f 3217//3217 3216//3216 3184//3184
f 3215//3215 3208//3208 3207//3207
f 3216//3216 3207//3207 3184//3184
f 3215//3215 3207//3207 3216//3216
f 3217//3217 3184//3184 3183//3183
f 3184//3184 3206//3206 3212//3212
f 3185//3185 3184//3184 3212//3212
f 3243//3243 3202//3202 3201//3201
f 3244//3244 3243//3243 3201//3201
f 3189//3189 3228//3228 3180//3180
f 3247//3247 3192//3192 3248//3248
f 3193//3193 3247//3247 3246//3246
f 3184//3184 3207//3207 3206//3206
f 3193//3193 3192//3192 3247//3247
f 3192//3192 3204//3204 3248//3248
f 3250//3250 3252//3252 3253//3253
f 3251//3251 3250//3250 3253//3253
f 3254//3254 3256//3256 3257//3257
f 3254//3254 3255//3255 3256//3256
f 3258//3258 3260//3260 3261//3261
f 3258//3258 3261//3261 3259//3259
f 3263//3263 3262//3262 3264//3264
f 3263//3263 3264//3264 3265//3265
f 3267//3267 3266//3266 3268//3268
f 3267//3267 3268//3268 3269//3269
f 3273//3273 3270//3270 3272//3272
f 3271//3271 3270//3270 3273//3273
f 3274//3274 3276//3276 3275//3275
f 3275//3275 3276//3276 3277//3277
f 3280//3280 3278//3278 3281//3281
f 3279//3279 3278//3278 3280//3280
f 3282//3282 3285//3285 3284//3284
f 3284//3284 3285//3285 3286//3286
f 3284//3284 3286//3286 3283//3283
f 3288//3288 3289//3289 3287//3287
f 3287//3287 3289//3289 3290//3290
f 3292//3292 3293//3293 3291//3291
f 3292//3292 3295//3295 3293//3293
f 3291//3291 3293//3293 3294//3294
f 3296//3296 3298//3298 3297//3297
f 3296//3296 3299//3299 3298//3298
f 3296//3296 3301//3301 3299//3299
f 3301//3301 3300//3300 3299//3299
f 3306//3306 3305//3305 3302//3302
f 3297//3297 3307//3307 3302//3302
f 3300//3300 3301//3301 3304//3304
f 3307//3307 3306//3306 3302//3302
f 3300//3300 3304//3304 3305//3305
f 3305//3305 3304//3304 3303//3303
f 3305//3305 3303//3303 3302//3302
f 3298//3298 3307//3307 3297//3297
f 3314//3314 3310//3310 3311//3311
f 3314//3314 3311//3311 3313//3313
f 3309//3309 3310//3310 3314//3314
f 3313//3313 3312//3312 3315//3315
f 3308//3308 3309//3309 3314//3314
f 3313//3313 3311//3311 3312//3312
f 3319//3319 3316//3316 3318//3318
f 3319//3319 3317//3317 3316//3316
f 3323//3323 3321//3321 3320//3320
f 3323//3323 3322//3322 3321//3321
f 3326//3326 3324//3324 3327//3327
f 3325//3325 3327//3327 3324//3324
f 3325//3325 3329//3329 3327//3327
f 3325//3325 3328//3328 3329//3329
f 3330//3330 3333//3333 3332//3332
f 3331//3331 3333//3333 3330//3330
f 3335//3335 3337//3337 3334//3334
f 3335//3335 3336//3336 3337//3337
f 3339//3339 3341//3341 3338//3338
f 3339//3339 3340//3340 3341//3341
f 3342//3342 3344//3344 3343//3343
f 3343//3343 3344//3344 3345//3345
f 3346//3346 3348//3348 3349//3349
f 3347//3347 3348//3348 3346//3346
f 3350//3350 3352//3352 3353//3353
f 3351//3351 3352//3352 3350//3350
f 3362//3362 3361//3361 3356//3356
f 3361//3361 3357//3357 3356//3356
f 3361//3361 3360//3360 3357//3357
f 3362//3362 3356//3356 3365//3365
f 3362//3362 3365//3365 3354//3354
f 3360//3360 3359//3359 3357//3357
f 3354//3354 3365//3365 3364//3364
f 3354//3354 3364//3364 3355//3355
f 3358//3358 3359//3359 3363//3363
f 3364//3364 3363//3363 3355//3355
f 3363//3363 3359//3359 3355//3355
f 3359//3359 3358//3358 3357//3357
f 3374//3374 3368//3368 3373//3373
f 3373//3373 3368//3368 3369//3369
f 3373//3373 3369//3369 3375//3375
f 3366//3366 3367//3367 3374//3374
f 3375//3375 3370//3370 3372//3372
f 3367//3367 3368//3368 3374//3374
f 3375//3375 3369//3369 3370//3370
f 3372//3372 3370//3370 3371//3371
f 3379//3379 3378//3378 3377//3377
f 3379//3379 3377//3377 3376//3376
f 3381//3381 3383//3383 3385//3385
f 3382//3382 3383//3383 3381//3381
f 3382//3382 3384//3384 3383//3383
f 3384//3384 3382//3382 3380//3380
f 3387//3387 3388//3388 3386//3386
f 3387//3387 3389//3389 3388//3388
f 3391//3391 3393//3393 3390//3390
f 3391//3391 3392//3392 3393//3393
f 3394//3394 3396//3396 3397//3397
f 3395//3395 3396//3396 3394//3394
f 3400//3400 3398//3398 3401//3401
f 3401//3401 3398//3398 3399//3399
f 3405//3405 3402//3402 3403//3403
f 3405//3405 3403//3403 3404//3404
f 3409//3409 3407//3407 3408//3408
f 3409//3409 3406//3406 3407//3407
f 3412//3412 3410//3410 3411//3411
f 3413//3413 3410//3410 3412//3412
f 3417//3417 3415//3415 3416//3416
f 3417//3417 3414//3414 3415//3415
f 3421//3421 3419//3419 3420//3420
f 3421//3421 3418//3418 3419//3419
f 3424//3424 3423//3423 3422//3422
f 3425//3425 3423//3423 3424//3424
f 3433//3433 3429//3429 3432//3432
f 3433//3433 3428//3428 3429//3429
f 3431//3431 3426//3426 3427//3427
f 3430//3430 3428//3428 3433//3433
f 3431//3431 3427//3427 3430//3430
f 3430//3430 3427//3427 3428//3428
f 3437//3437 3435//3435 3436//3436
f 3437//3437 3434//3434 3435//3435
f 3438//3438 3434//3434 3437//3437
f 3442//3442 3439//3439 3441//3441
f 3442//3442 3440//3440 3439//3439
f 3449//3449 3447//3447 3450//3450
f 3458//3458 3457//3457 3463//3463
f 3458//3458 3463//3463 3462//3462
f 3460//3460 3448//3448 3449//3449
f 3460//3460 3461//3461 3448//3448
f 3459//3459 3458//3458 3462//3462
f 3450//3450 3447//3447 3446//3446
f 3460//3460 3459//3459 3461//3461
f 3459//3459 3462//3462 3461//3461
f 3463//3463 3457//3457 3464//3464
f 3449//3449 3448//3448 3447//3447
f 3446//3446 3445//3445 3450//3450
f 3464//3464 3456//3456 3465//3465
f 3445//3445 3451//3451 3450//3450
f 3465//3465 3456//3456 3455//3455
f 3445//3445 3452//3452 3451//3451
f 3465//3465 3455//3455 3454//3454
f 3465//3465 3454//3454 3443//3443
f 3445//3445 3444//3444 3452//3452
f 3444//3444 3453//3453 3452//3452
f 3443//3443 3454//3454 3453//3453
f 3457//3457 3456//3456 3464//3464
f 3444//3444 3443//3443 3453//3453
f 3486//3486 3470//3470 3481//3481
f 3486//3486 3469//3469 3470//3470
f 3487//3487 3469//3469 3486//3486
f 3487//3487 3468//3468 3469//3469
f 3482//3482 3466//3466 3490//3490
f 3489//3489 3467//3467 3468//3468
f 3490//3490 3467//3467 3489//3489
f 3490//3490 3466//3466 3467//3467
f 3481//3481 3470//3470 3471//3471
f 3488//3488 3468//3468 3487//3487
f 3481//3481 3471//3471 3472//3472
f 3489//3489 3468//3468 3488//3488
f 3481//3481 3472//3472 3480//3480
f 3480//3480 3472//3472 3473//3473
f 3480//3480 3473//3473 3479//3479
f 3479//3479 3473//3473 3474//3474
f 3479//3479 3474//3474 3478//3478
f 3485//3485 3474//3474 3475//3475
f 3485//3485 3475//3475 3476//3476
f 3478//3478 3474//3474 3485//3485
f 3484//3484 3476//3476 3483//3483
f 3483//3483 3476//3476 3477//3477
f 3483//3483 3477//3477 3482//3482
f 3482//3482 3477//3477 3466//3466
f 3485//3485 3476//3476 3484//3484
f 3499//3499 3514//3514 3498//3498
f 3494//3494 3506//3506 3505//3505
f 3515//3515 3500//3500 3507//3507
f 3500//3500 3515//3515 3514//3514
f 3500//3500 3514//3514 3499//3499
f 3498//3498 3514//3514 3513//3513
f 3507//3507 3500//3500 3495//3495
f 3497//3497 3513//3513 3512//3512
f 3508//3508 3507//3507 3495//3495
f 3508//3508 3495//3495 3496//3496
f 3496//3496 3509//3509 3508//3508
f 3513//3513 3497//3497 3498//3498
f 3491//3491 3510//3510 3496//3496
f 3491//3491 3503//3503 3510//3510
f 3492//3492 3503//3503 3491//3491
f 3492//3492 3504//3504 3503//3503
f 3510//3510 3509//3509 3496//3496
f 3493//3493 3505//3505 3504//3504
f 3505//3505 3493//3493 3494//3494
f 3501//3501 3506//3506 3494//3494
f 3501//3501 3511//3511 3506//3506
f 3512//3512 3502//3502 3497//3497
f 3511//3511 3501//3501 3502//3502
f 3502//3502 3512//3512 3511//3511
f 3504//3504 3492//3492 3493//3493
f 3519//3519 3517//3517 3518//3518
f 3519//3519 3516//3516 3517//3517
f 3523//3523 3520//3520 3522//3522
f 3522//3522 3520//3520 3521//3521
f 3524//3524 3520//3520 3523//3523
f 3532//3532 3531//3531 3538//3538
f 3538//3538 3531//3531 3525//3525
f 3538//3538 3525//3525 3537//3537
f 3536//3536 3526//3526 3527//3527
f 3537//3537 3526//3526 3536//3536
f 3536//3536 3527//3527 3535//3535
f 3537//3537 3525//3525 3526//3526
f 3535//3535 3528//3528 3534//3534
f 3534//3534 3528//3528 3529//3529
f 3534//3534 3529//3529 3533//3533
f 3533//3533 3529//3529 3530//3530
f 3533//3533 3530//3530 3532//3532
f 3532//3532 3530//3530 3531//3531
f 3535//3535 3527//3527 3528//3528
f 3544//3544 3541//3541 3543//3543
f 3543//3543 3541//3541 3542//3542
f 3543//3543 3542//3542 3546//3546
f 3546//3546 3542//3542 3539//3539
f 3546//3546 3539//3539 3545//3545
f 3545//3545 3539//3539 3540//3540
f 3550//3550 3548//3548 3549//3549
f 3550//3550 3547//3547 3548//3548
f 3554//3554 3552//3552 3553//3553
f 3554//3554 3551//3551 3552//3552
f 3558//3558 3556//3556 3557//3557
f 3558//3558 3555//3555 3556//3556
f 3559//3559 3555//3555 3558//3558
f 3562//3562 3560//3560 3561//3561
f 3563//3563 3560//3560 3562//3562
f 3567//3567 3565//3565 3566//3566
f 3567//3567 3564//3564 3565//3565
f 3571//3571 3569//3569 3570//3570
f 3571//3571 3568//3568 3569//3569
f 3574//3574 3572//3572 3573//3573
f 3575//3575 3572//3572 3574//3574
f 3581//3581 3576//3576 3580//3580
f 3580//3580 3576//3576 3577//3577
f 3579//3579 3577//3577 3578//3578
f 3580//3580 3577//3577 3579//3579
f 3584//3584 3583//3583 3582//3582
f 3584//3584 3582//3582 3585//3585
f 3588//3588 3587//3587 3586//3586
f 3588//3588 3586//3586 3589//3589
f 3593//3593 3591//3591 3592//3592
f 3593//3593 3590//3590 3591//3591
f 3597//3597 3594//3594 3595//3595
f 3597//3597 3595//3595 3596//3596
f 3601//3601 3599//3599 3600//3600
f 3601//3601 3598//3598 3599//3599
f 3605//3605 3602//3602 3603//3603
f 3605//3605 3603//3603 3604//3604
f 3611//3611 3606//3606 3607//3607
f 3611//3611 3607//3607 3610//3610
f 3610//3610 3608//3608 3609//3609
f 3610//3610 3607//3607 3608//3608
f 3613//3613 3614//3614 3612//3612
f 3613//3613 3615//3615 3614//3614
f 3616//3616 3619//3619 3617//3617
f 3616//3616 3618//3618 3619//3619
f 3620//3620 3623//3623 3621//3621
f 3620//3620 3622//3622 3623//3623
f 3624//3624 3626//3626 3625//3625
f 3624//3624 3627//3627 3626//3626
f 3630//3630 3629//3629 3631//3631
f 3630//3630 3628//3628 3629//3629
f 3632//3632 3633//3633 3634//3634
f 3635//3635 3636//3636 3637//3637
f 3638//3638 3639//3639 3640//3640
f 3641//3641 3642//3642 3643//3643
f 3644//3644 3645//3645 3646//3646
f 3647//3647 3648//3648 3649//3649
f 3650//3650 3651//3651 3652//3652
f 3653//3653 3654//3654 3655//3655
f 3656//3656 3657//3657 3658//3658
f 3659//3659 3660//3660 3661//3661
f 3662//3662 3663//3663 3664//3664
f 3665//3665 3666//3666 3667//3667
f 3670//3670 3669//3669 3668//3668
f 3673//3673 3671//3671 3672//3672
f 3676//3676 3674//3674 3675//3675
f 3679//3679 3677//3677 3678//3678
f 3682//3682 3680//3680 3681//3681
f 3684//3684 3683//3683 3685//3685
f 3688//3688 3686//3686 3687//3687
f 3691//3691 3689//3689 3690//3690
f 3694//3694 3692//3692 3693//3693
f 3697//3697 3695//3695 3696//3696
f 3700//3700 3698//3698 3699//3699
f 3703//3703 3701//3701 3702//3702
f 3706//3706 3704//3704 3705//3705
f 3709//3709 3707//3707 3708//3708
f 3712//3712 3710//3710 3711//3711
f 3715//3715 3713//3713 3714//3714
f 3718//3718 3716//3716 3717//3717
f 3720//3720 3721//3721 3719//3719
f 3722//3722 3724//3724 3723//3723
f 3726//3726 3727//3727 3725//3725
f 3728//3728 3729//3729 3730//3730
f 3732//3732 3733//3733 3731//3731
f 3735//3735 3736//3736 3734//3734
f 3739//3739 3738//3738 3737//3737
f 3741//3741 3740//3740 3742//3742
f 3744//3744 3745//3745 3743//3743
f 3746//3746 3748//3748 3747//3747
f 3749//3749 3751//3751 3750//3750
f 3754//3754 3752//3752 3753//3753
f 3757//3757 3755//3755 3756//3756
f 3760//3760 3758//3758 3759//3759
f 3763//3763 3761//3761 3762//3762
v 0.0171971 0.0057880 0.0039566
v 0.0172000 0.0058000 0.0140328
v 0.0172000 0.0062172 0.0144500
v 0.0172000 0.0098000 0.0144500
v 0.0172000 0.0098000 0.0234172
v 0.0172000 0.0089172 0.0243000
v 0.0172000 -0.0089172 0.0243000
v 0.0172000 -0.0098000 0.0234172
v 0.0172000 -0.0098000 0.0144500
v 0.0172000 -0.0062172 0.0144500
v 0.0172000 -0.0058000 0.0140328
v 0.0171978 -0.0057922 0.0039480
v 0.0172000 -0.0070134 0.0223152
v 0.0172000 -0.0071188 0.0220193
v 0.0172000 -0.0073461 0.0217343
v 0.0172000 -0.0076528 0.0215589
v 0.0172000 -0.0079213 0.0215006
v 0.0172000 -0.0082347 0.0215225
v 0.0172000 -0.0085151 0.0216406
v 0.0172000 -0.0087295 0.0218105
v 0.0172000 -0.0088932 0.0220449
v 0.0172000 -0.0089929 0.0223427
v 0.0172000 -0.0089911 0.0226470
v 0.0172000 -0.0089122 0.0229205
v 0.0172000 -0.0087554 0.0231582
v 0.0172000 -0.0084925 0.0233794
v 0.0172000 -0.0080519 0.0235075
v 0.0172000 -0.0076524 0.0234424
v 0.0172000 -0.0073789 0.0232878
v 0.0172000 -0.0071414 0.0230261
v 0.0172000 -0.0070071 0.0226573
v 0.0172000 0.0089996 0.0224312
v 0.0172000 0.0089455 0.0221631
v 0.0172000 0.0087888 0.0218782
v 0.0172000 0.0084925 0.0216206
v 0.0172000 0.0081180 0.0215025
v 0.0172000 0.0077653 0.0215225
v 0.0172000 0.0074849 0.0216406
v 0.0172000 0.0072706 0.0218105
v 0.0172000 0.0071068 0.0220449
v 0.0172000 0.0070071 0.0223427
v 0.0172000 0.0070089 0.0226470
v 0.0172000 0.0070878 0.0229205
v 0.0172000 0.0073243 0.0232491
v 0.0172000 0.0076529 0.0234412
v 0.0172000 0.0079881 0.0235060
v 0.0172000 0.0083476 0.0234424
v 0.0172000 0.0086211 0.0232878
v 0.0172000 0.0088283 0.0230669
v 0.0172000 0.0089754 0.0227464
v 0.0172000 -0.0051767 0.0047192
v 0.0172000 -0.0045461 0.0053228
v 0.0172000 -0.0039321 0.0057972
v 0.0172000 -0.0031779 0.0062370
v 0.0172000 -0.0024703 0.0065549
v 0.0172000 -0.0014143 0.0068607
v 0.0172000 -0.0005492 0.0069784
v 0.0172000 0.0002749 0.0069978
v 0.0172000 0.0013670 0.0068723
v 0.0172000 0.0024241 0.0065703
v 0.0172000 0.0031779 0.0062370
v 0.0172000 0.0038907 0.0058230
v 0.0172000 0.0045461 0.0053228
v 0.0172000 0.0051767 0.0047192
v 0.0172000 0.0089172 -0.0093000
v 0.0172000 0.0027000 -0.0093000
v 0.0172000 0.0098000 -0.0084172
v 0.0172000 0.0098000 0.0035500
v 0.0172000 0.0062172 0.0035500
v 0.0171971 0.0057880 0.0039566
v 0.0171978 -0.0057922 0.0039480
v 0.0172000 -0.0062172 0.0035500
v 0.0172000 -0.0098000 0.0035500
v 0.0172000 -0.0098000 -0.0084172
v 0.0172000 -0.0089172 -0.0093000
v 0.0172000 -0.0027000 -0.0093000
v 0.0172000 -0.0027000 -0.0073000
v 0.0172000 0.0027000 -0.0073000
v 0.0172000 -0.0069975 -0.0074494
v 0.0172000 -0.0070309 -0.0077617
v 0.0172000 -0.0071406 -0.0080151
v 0.0172000 -0.0073461 -0.0082657
v 0.0172000 -0.0076894 -0.0084561
v 0.0172000 -0.0080283 -0.0085034
v 0.0172000 -0.0084112 -0.0084213
v 0.0172000 -0.0087015 -0.0082154
v 0.0172000 -0.0088764 -0.0079908
v 0.0172000 -0.0089839 -0.0076957
v 0.0172000 -0.0089955 -0.0073544
v 0.0172000 -0.0088640 -0.0069845
v 0.0172000 -0.0086219 -0.0067112
v 0.0172000 -0.0083833 -0.0065747
v 0.0172000 -0.0080518 -0.0064925
v 0.0172000 -0.0076524 -0.0065576
v 0.0172000 -0.0073471 -0.0067356
v 0.0172000 -0.0070890 -0.0070665
v 0.0172000 0.0090025 -0.0074494
v 0.0172000 0.0089691 -0.0077617
v 0.0172000 0.0088594 -0.0080151
v 0.0172000 0.0086895 -0.0082295
v 0.0172000 0.0084636 -0.0083883
v 0.0172000 0.0082067 -0.0084822
v 0.0172000 0.0078425 -0.0084945
v 0.0172000 0.0075098 -0.0083752
v 0.0172000 0.0072985 -0.0082154
v 0.0172000 0.0071236 -0.0079908
v 0.0172000 0.0070071 -0.0076573
v 0.0172000 0.0070134 -0.0073151
v 0.0172000 0.0071360 -0.0069845
v 0.0172000 0.0073781 -0.0067112
v 0.0172000 0.0076528 -0.0065589
v 0.0172000 0.0079881 -0.0064940
v 0.0172000 0.0083477 -0.0065576
v 0.0172000 0.0086529 -0.0067356
v 0.0172000 0.0089110 -0.0070665
v 0.0172000 0.0069978 -0.0002749
v 0.0172000 0.0068796 -0.0013189
v 0.0172000 0.0065887 -0.0023787
v 0.0172000 0.0061354 -0.0033802
v 0.0172000 0.0055310 -0.0042984
v 0.0172000 0.0049497 -0.0049498
v 0.0172000 0.0043747 -0.0054709
v 0.0172000 0.0036575 -0.0059685
v 0.0172000 0.0029319 -0.0063600
v 0.0172000 0.0019018 -0.0067439
v 0.0172000 0.0008232 -0.0069547
v 0.0172000 -0.0000000 -0.0070000
v 0.0172000 -0.0008232 -0.0069547
v 0.0172000 -0.0016341 -0.0068066
v 0.0172000 -0.0023790 -0.0065886
v 0.0172000 -0.0034239 -0.0061134
v 0.0172000 -0.0043357 -0.0054997
v 0.0172000 -0.0049497 -0.0049498
v 0.0172000 -0.0054997 -0.0043357
v 0.0172000 -0.0061135 -0.0034238
v 0.0172000 -0.0065704 -0.0024240
v 0.0172000 -0.0068066 -0.0016341
v 0.0172000 -0.0069547 -0.0008231
v 0.0172000 -0.0070000 -0.0000000
v 0.0172000 -0.0069619 0.0007750
v 0.0172000 -0.0068066 0.0016341
v 0.0172000 -0.0065886 0.0023788
v 0.0172000 -0.0062370 0.0031779
v 0.0172000 0.0061135 0.0034238
v 0.0172000 0.0065704 0.0024239
v 0.0172000 0.0068607 0.0014143
v 0.0172000 0.0069784 0.0005492
v 0.0172000 0.0089172 -0.0093000
v 0.0172000 0.0027000 -0.0093000
v 0.0172000 0.0098000 -0.0084172
v 0.0172000 0.0098000 0.0035500
v 0.0173000 0.0026000 -0.0094000
v 0.0174000 0.0027000 -0.0095000
v 0.0174000 0.0090000 -0.0095000
v 0.0174000 0.0100000 0.0037500
v 0.0174000 0.0100000 -0.0085000
v 0.0174000 0.0027000 -0.0095000
v 0.0174000 0.0090000 -0.0095000
v 0.0222000 0.0090000 -0.0095000
v 0.0222000 -0.0090000 -0.0095000
v 0.0174000 -0.0090000 -0.0095000
v 0.0174000 -0.0027000 -0.0095000
v 0.0194000 -0.0027000 -0.0095000
v 0.0194000 0.0027000 -0.0095000
v 0.0173000 0.0026000 -0.0094000
v 0.0174000 0.0027000 -0.0095000
v 0.0194000 0.0027000 -0.0095000
v 0.0192000 0.0025000 -0.0093000
v 0.0174000 0.0025000 -0.0093000
v 0.0172000 0.0027000 -0.0093000
v 0.0172000 0.0027000 -0.0073000
v 0.0173000 0.0026000 -0.0094000
v 0.0174000 0.0025000 -0.0093000
v 0.0174000 0.0025000 -0.0075000
v 0.0192000 0.0025000 -0.0093000
v 0.0174000 0.0025000 -0.0093000
v 0.0174000 0.0025000 -0.0075000
v 0.0217000 0.0025000 -0.0075000
v 0.0217000 0.0025000 -0.0085000
v 0.0192000 0.0025000 -0.0085000
v 0.0174000 0.0025000 -0.0075000
v 0.0217000 0.0025000 -0.0075000
v 0.0174000 -0.0025000 -0.0075000
v 0.0217000 -0.0025000 -0.0075000
v 0.0174000 -0.0025000 -0.0075000
v 0.0217000 -0.0025000 -0.0075000
v 0.0192000 -0.0025000 -0.0093000
v 0.0192000 -0.0025000 -0.0085000
v 0.0217000 -0.0025000 -0.0085000
v 0.0174000 -0.0025000 -0.0093000
v 0.0192000 0.0025000 -0.0093000
v 0.0192000 0.0025000 -0.0085000
v 0.0192000 -0.0025000 -0.0093000
v 0.0192000 -0.0025000 -0.0085000
v 0.0217000 0.0025000 -0.0085000
v 0.0192000 0.0025000 -0.0085000
v 0.0192000 -0.0025000 -0.0085000
v 0.0217000 -0.0025000 -0.0085000
v 0.0217000 0.0025000 -0.0075000
v 0.0217000 0.0025000 -0.0085000
v 0.0217000 -0.0025000 -0.0075000
v 0.0217000 -0.0025000 -0.0085000
v 0.0217000 0.0096000 0.0233343
v 0.0217000 0.0096000 0.0149500
v 0.0217000 0.0088343 0.0241000
v 0.0217000 -0.0088343 0.0241000
v 0.0217000 -0.0096000 0.0233343
v 0.0217000 -0.0096000 0.0149500
v 0.0217000 -0.0053000 0.0149500
v 0.0217000 -0.0053000 0.0030500
v 0.0217000 -0.0096000 0.0030500
v 0.0217000 -0.0096000 -0.0083343
v 0.0217000 -0.0088343 -0.0091000
v 0.0217000 0.0088343 -0.0091000
v 0.0217000 0.0096000 -0.0083343
v 0.0217000 0.0096000 0.0031214
v 0.0217000 0.0053000 0.0031214
v 0.0217000 0.0053000 0.0136314
v 0.0217000 0.0061942 0.0149488
v 0.0217000 0.0056537 0.0140676
v 0.0217000 0.0024990 -0.0001719
v 0.0217000 0.0024597 0.0004892
v 0.0217000 0.0022726 0.0010477
v 0.0217000 0.0020705 0.0014042
v 0.0217000 0.0016827 0.0018616
v 0.0217000 0.0011152 0.0022430
v 0.0217000 0.0004892 0.0024597
v 0.0217000 -0.0001720 0.0024990
v 0.0217000 -0.0007744 0.0023835
v 0.0217000 -0.0014173 0.0020708
v 0.0217000 -0.0019879 0.0015315
v 0.0217000 -0.0022792 0.0010315
v 0.0217000 -0.0024665 0.0004621
v 0.0217000 -0.0024991 -0.0001156
v 0.0217000 -0.0024347 -0.0005845
v 0.0217000 -0.0022330 -0.0011378
v 0.0217000 -0.0018416 -0.0017024
v 0.0217000 -0.0013904 -0.0020807
v 0.0217000 -0.0010317 -0.0022791
v 0.0217000 -0.0004621 -0.0024665
v 0.0217000 0.0001965 -0.0024961
v 0.0217000 0.0006792 -0.0024085
v 0.0217000 0.0010633 -0.0022646
v 0.0217000 0.0014717 -0.0020257
v 0.0217000 0.0019057 -0.0016276
v 0.0217000 0.0021912 -0.0012073
v 0.0217000 0.0023898 -0.0007506
v 0.0217000 -0.0069966 -0.0074718
v 0.0217000 -0.0070660 -0.0071260
v 0.0217000 -0.0072554 -0.0068269
v 0.0217000 -0.0075327 -0.0066090
v 0.0217000 -0.0078819 -0.0065025
v 0.0217000 -0.0081957 -0.0065161
v 0.0217000 -0.0085261 -0.0066415
v 0.0217000 -0.0088381 -0.0069401
v 0.0217000 -0.0089918 -0.0073309
v 0.0217000 -0.0089743 -0.0077620
v 0.0217000 -0.0087952 -0.0081126
v 0.0217000 -0.0085892 -0.0083110
v 0.0217000 -0.0082620 -0.0084743
v 0.0217000 -0.0078821 -0.0084962
v 0.0217000 -0.0076164 -0.0084262
v 0.0217000 -0.0073471 -0.0082644
v 0.0217000 -0.0071509 -0.0080319
v 0.0217000 -0.0070370 -0.0077832
v 0.0217000 0.0090034 -0.0074718
v 0.0217000 0.0089340 -0.0071260
v 0.0217000 0.0087446 -0.0068269
v 0.0217000 0.0084335 -0.0065890
v 0.0217000 0.0080119 -0.0064940
v 0.0217000 0.0076524 -0.0065576
v 0.0217000 0.0074032 -0.0066952
v 0.0217000 0.0071620 -0.0069400
v 0.0217000 0.0070178 -0.0072932
v 0.0217000 0.0070019 -0.0076069
v 0.0217000 0.0070706 -0.0078743
v 0.0217000 0.0072049 -0.0081126
v 0.0217000 0.0074108 -0.0083110
v 0.0217000 0.0076528 -0.0084412
v 0.0217000 0.0080273 -0.0085085
v 0.0217000 0.0083836 -0.0084262
v 0.0217000 0.0086529 -0.0082644
v 0.0217000 0.0088491 -0.0080319
v 0.0217000 0.0089630 -0.0077832
v 0.0217000 -0.0070019 0.0226069
v 0.0217000 -0.0070706 0.0228743
v 0.0217000 -0.0072049 0.0231126
v 0.0217000 -0.0074963 0.0233742
v 0.0217000 -0.0078819 0.0234975
v 0.0217000 -0.0081957 0.0234839
v 0.0217000 -0.0085262 0.0233585
v 0.0217000 -0.0087682 0.0231432
v 0.0217000 -0.0089110 0.0229199
v 0.0217000 -0.0090020 0.0225908
v 0.0217000 -0.0089748 0.0222660
v 0.0217000 -0.0088380 0.0219400
v 0.0217000 -0.0085669 0.0216716
v 0.0217000 -0.0082351 0.0215209
v 0.0217000 -0.0078821 0.0215038
v 0.0217000 -0.0076164 0.0215738
v 0.0217000 -0.0074032 0.0216952
v 0.0217000 -0.0071620 0.0219400
v 0.0217000 -0.0070178 0.0222932
v 0.0217000 0.0090034 0.0225282
v 0.0217000 0.0089340 0.0228740
v 0.0217000 0.0087446 0.0231731
v 0.0217000 0.0084673 0.0233910
v 0.0217000 0.0081181 0.0234975
v 0.0217000 0.0078043 0.0234839
v 0.0217000 0.0075193 0.0233812
v 0.0217000 0.0072985 0.0232154
v 0.0217000 0.0071090 0.0229673
v 0.0217000 0.0070120 0.0226665
v 0.0217000 0.0070019 0.0223931
v 0.0217000 0.0070706 0.0221257
v 0.0217000 0.0072048 0.0218874
v 0.0217000 0.0074331 0.0216717
v 0.0217000 0.0077650 0.0215209
v 0.0217000 0.0081179 0.0215038
v 0.0217000 0.0083836 0.0215738
v 0.0217000 0.0085969 0.0216953
v 0.0217000 0.0088381 0.0219400
v 0.0217000 0.0089719 0.0222565
v 0.0217000 0.0089878 -0.0041072
v 0.0217000 0.0087609 -0.0038953
v 0.0217000 0.0085101 -0.0038050
v 0.0217000 0.0082706 -0.0038094
v 0.0217000 0.0080317 -0.0038991
v 0.0217000 0.0078434 -0.0040711
v 0.0217000 0.0077118 -0.0043348
v 0.0217000 0.0077094 -0.0046294
v 0.0217000 0.0077748 -0.0048186
v 0.0217000 0.0079024 -0.0049975
v 0.0217000 0.0081475 -0.0051595
v 0.0217000 0.0083931 -0.0052013
v 0.0217000 0.0085908 -0.0051767
v 0.0217000 0.0088136 -0.0050693
v 0.0217000 0.0090273 -0.0048295
v 0.0217000 0.0091070 -0.0044532
v 0.0217000 -0.0077748 -0.0041814
v 0.0217000 -0.0079270 -0.0039756
v 0.0217000 -0.0081570 -0.0038412
v 0.0217000 -0.0084000 -0.0037951
v 0.0217000 -0.0086505 -0.0038435
v 0.0217000 -0.0089072 -0.0040052
v 0.0217000 -0.0090882 -0.0043348
v 0.0217000 -0.0090906 -0.0046294
v 0.0217000 -0.0090252 -0.0048186
v 0.0217000 -0.0088976 -0.0049976
v 0.0217000 -0.0086525 -0.0051595
v 0.0217000 -0.0084069 -0.0052013
v 0.0217000 -0.0082092 -0.0051767
v 0.0217000 -0.0079864 -0.0050693
v 0.0217000 -0.0077727 -0.0048295
v 0.0217000 -0.0076930 -0.0044532
v 0.0217000 -0.0041985 0.0229552
v 0.0217000 -0.0042494 0.0231620
v 0.0217000 -0.0043479 0.0233353
v 0.0217000 -0.0045099 0.0234839
v 0.0217000 -0.0047538 0.0235909
v 0.0217000 -0.0050645 0.0235854
v 0.0217000 -0.0053136 0.0234693
v 0.0217000 -0.0055168 0.0232455
v 0.0217000 -0.0056015 0.0229552
v 0.0217000 -0.0055836 0.0227430
v 0.0217000 -0.0055048 0.0225392
v 0.0217000 -0.0053143 0.0223297
v 0.0217000 -0.0050563 0.0222133
v 0.0217000 -0.0048381 0.0222014
v 0.0217000 -0.0045965 0.0222623
v 0.0217000 -0.0043459 0.0224632
v 0.0217000 -0.0042233 0.0227092
v 0.0217000 0.0090674 0.0196168
v 0.0217000 0.0089648 0.0198206
v 0.0217000 0.0087609 0.0200047
v 0.0217000 0.0084468 0.0201070
v 0.0217000 0.0081495 0.0200565
v 0.0217000 0.0079653 0.0199515
v 0.0217000 0.0078039 0.0197750
v 0.0217000 0.0077177 0.0195638
v 0.0217000 0.0076985 0.0193448
v 0.0217000 0.0077797 0.0190625
v 0.0217000 0.0079857 0.0188297
v 0.0217000 0.0082437 0.0187133
v 0.0217000 0.0085462 0.0187091
v 0.0217000 0.0087724 0.0188056
v 0.0217000 0.0089351 0.0189430
v 0.0217000 0.0090565 0.0191495
v 0.0217000 0.0091042 0.0193917
v 0.0217000 0.0096000 0.0149500
v 0.0217000 0.0061942 0.0149488
v 0.0248000 0.0091443 0.0149500
v 0.0248000 0.0061900 0.0149492
v 0.0222000 0.0091443 0.0149500
v 0.0222000 0.0096000 0.0149500
v 0.0217000 0.0053000 0.0136314
v 0.0217000 0.0061942 0.0149488
v 0.0217000 0.0056537 0.0140676
v 0.0248000 0.0061900 0.0149492
v 0.0248000 0.0053000 0.0136314
v 0.0248000 0.0056947 0.0141247
v 0.0248000 0.0091443 0.0149500
v 0.0248000 0.0061900 0.0149492
v 0.0248000 0.0053000 0.0136314
v 0.0248000 0.0056947 0.0141247
v 0.0248000 0.0092000 0.0037500
v 0.0248000 0.0063000 0.0037500
v 0.0248000 0.0060000 0.0040500
v 0.0248000 0.0060000 0.0139500
v 0.0248000 0.0063000 0.0142500
v 0.0248000 0.0094443 0.0142500
v 0.0248000 0.0094443 0.0146500
v 0.0248000 0.0053000 0.0031214
v 0.0248000 0.0095000 0.0031214
v 0.0248000 0.0095000 0.0034500
v 0.0248000 0.0092000 0.0037500
v 0.0248000 0.0095000 0.0034500
v 0.0222000 0.0095000 0.0034500
v 0.0222000 0.0092000 0.0037500
v 0.0248000 0.0095000 0.0031214
v 0.0248000 0.0095000 0.0034500
v 0.0222000 0.0095000 0.0034500
v 0.0222000 0.0095000 0.0031214
v 0.0222000 0.0090000 -0.0095000
v 0.0222000 -0.0090000 -0.0095000
v 0.0222000 0.0095000 0.0034500
v 0.0222000 0.0092000 0.0037500
v 0.0222000 0.0095000 0.0031214
v 0.0222000 -0.0100000 0.0037500
v 0.0222000 -0.0095000 0.0037500
v 0.0222000 -0.0100000 -0.0085000
v 0.0222000 0.0100000 -0.0085000
v 0.0222000 0.0100000 0.0037500
v 0.0222000 0.0096000 0.0031214
v 0.0222000 0.0096000 -0.0083343
v 0.0222000 0.0088343 -0.0091000
v 0.0222000 -0.0088343 -0.0091000
v 0.0222000 -0.0096000 -0.0083343
v 0.0222000 -0.0096000 0.0030500
v 0.0222000 -0.0092000 0.0030500
v 0.0222000 -0.0095000 0.0033500
v 0.0222000 -0.0095000 0.0037500
v 0.0222000 -0.0095000 0.0033500
v 0.0248000 -0.0095000 0.0037500
v 0.0248000 -0.0095000 0.0033500
v 0.0222000 -0.0092000 0.0030500
v 0.0222000 -0.0095000 0.0033500
v 0.0248000 -0.0095000 0.0033500
v 0.0248000 -0.0092000 0.0030500
v 0.0248000 -0.0095000 0.0037500
v 0.0248000 -0.0095000 0.0033500
v 0.0248000 -0.0092000 0.0030500
v 0.0248000 -0.0095000 0.0146500
v 0.0248000 -0.0095000 0.0142500
v 0.0248000 -0.0063000 0.0142500
v 0.0248000 -0.0060000 0.0139500
v 0.0248000 -0.0060000 0.0040500
v 0.0248000 -0.0063000 0.0037500
v 0.0248000 -0.0053000 0.0030500
v 0.0248000 -0.0053000 0.0149500
v 0.0248000 -0.0092000 0.0149500
v 0.0248000 -0.0095000 0.0146500
v 0.0248000 -0.0092000 0.0149500
v 0.0222000 -0.0092000 0.0149500
v 0.0222000 -0.0095000 0.0146500
v 0.0217000 -0.0096000 0.0149500
v 0.0217000 -0.0053000 0.0149500
v 0.0248000 -0.0053000 0.0149500
v 0.0248000 -0.0092000 0.0149500
v 0.0222000 -0.0092000 0.0149500
v 0.0222000 -0.0096000 0.0149500
v 0.0222000 0.0091443 0.0149500
v 0.0222000 0.0096000 0.0149500
v 0.0222000 -0.0092000 0.0149500
v 0.0222000 -0.0095000 0.0146500
v 0.0222000 -0.0096000 0.0149500
v 0.0222000 0.0100000 0.0142500
v 0.0222000 0.0094443 0.0142500
v 0.0222000 0.0100000 0.0235000
v 0.0222000 0.0090000 0.0245000
v 0.0222000 -0.0090000 0.0245000
v 0.0222000 -0.0100000 0.0235000
v 0.0222000 -0.0100000 0.0142500
v 0.0222000 -0.0095000 0.0142500
v 0.0222000 -0.0096000 0.0233343
v 0.0222000 -0.0088343 0.0241000
v 0.0222000 0.0088343 0.0241000
v 0.0222000 0.0096000 0.0233343
v 0.0222000 0.0094443 0.0146500
v 0.0248000 0.0094443 0.0142500
v 0.0248000 0.0094443 0.0146500
v 0.0222000 0.0094443 0.0142500
v 0.0222000 0.0094443 0.0146500
v 0.0248000 0.0091443 0.0149500
v 0.0222000 0.0091443 0.0149500
v 0.0248000 0.0094443 0.0146500
v 0.0222000 0.0094443 0.0146500
v 0.0248000 0.0063000 0.0142500
v 0.0248000 0.0094443 0.0142500
v 0.0222000 0.0100000 0.0142500
v 0.0222000 0.0094443 0.0142500
v 0.0174000 0.0100000 0.0142500
v 0.0174000 0.0063000 0.0142500
v 0.0195000 0.0063000 0.0142500
v 0.0197000 0.0065000 0.0142500
v 0.0203000 0.0065000 0.0142500
v 0.0203000 0.0063000 0.0142500
v 0.0172000 0.0098000 0.0035500
v 0.0172000 0.0062172 0.0035500
v 0.0171971 0.0057880 0.0039566
v 0.0172000 0.0058000 0.0140328
v 0.0172000 0.0062172 0.0144500
v 0.0172000 0.0098000 0.0144500
v 0.0174000 0.0100000 0.0142500
v 0.0174000 0.0063000 0.0142500
v 0.0174000 0.0060000 0.0139500
v 0.0174000 0.0060000 0.0040500
v 0.0174000 0.0063000 0.0037500
v 0.0174000 0.0100000 0.0037500
v 0.0172000 0.0098000 0.0144500
v 0.0172000 0.0098000 0.0234172
v 0.0172000 0.0089172 0.0243000
v 0.0172000 -0.0089172 0.0243000
v 0.0172000 -0.0098000 0.0234172
v 0.0172000 -0.0098000 0.0144500
v 0.0174000 0.0100000 0.0142500
v 0.0174000 0.0100000 0.0235000
v 0.0174000 0.0090000 0.0245000
v 0.0174000 -0.0090000 0.0245000
v 0.0174000 -0.0100000 0.0235000
v 0.0174000 -0.0100000 0.0142500
v 0.0222000 0.0100000 0.0142500
v 0.0222000 0.0100000 0.0235000
v 0.0174000 0.0100000 0.0142500
v 0.0174000 0.0100000 0.0235000
v 0.0222000 0.0100000 0.0235000
v 0.0222000 0.0090000 0.0245000
v 0.0174000 0.0100000 0.0235000
v 0.0174000 0.0090000 0.0245000
v 0.0222000 0.0090000 0.0245000
v 0.0222000 -0.0090000 0.0245000
v 0.0174000 0.0090000 0.0245000
v 0.0174000 -0.0090000 0.0245000
v 0.0222000 -0.0090000 0.0245000
v 0.0222000 -0.0100000 0.0235000
v 0.0174000 -0.0090000 0.0245000
v 0.0174000 -0.0100000 0.0235000
v 0.0222000 -0.0100000 0.0235000
v 0.0222000 -0.0100000 0.0142500
v 0.0174000 -0.0100000 0.0235000
v 0.0174000 -0.0100000 0.0142500
v 0.0248000 -0.0095000 0.0142500
v 0.0248000 -0.0063000 0.0142500
v 0.0222000 -0.0100000 0.0142500
v 0.0222000 -0.0095000 0.0142500
v 0.0174000 -0.0100000 0.0142500
v 0.0174000 -0.0063000 0.0142500
v 0.0203000 -0.0063000 0.0142500
v 0.0203000 -0.0065000 0.0142500
v 0.0197000 -0.0065000 0.0142500
v 0.0195000 -0.0063000 0.0142500
v 0.0172000 -0.0098000 0.0144500
v 0.0172000 -0.0062172 0.0144500
v 0.0172000 -0.0058000 0.0140328
v 0.0171978 -0.0057922 0.0039480
v 0.0172000 -0.0062172 0.0035500
v 0.0172000 -0.0098000 0.0035500
v 0.0174000 -0.0100000 0.0142500
v 0.0174000 -0.0063000 0.0142500
v 0.0174000 -0.0060000 0.0139500
v 0.0174000 -0.0060000 0.0040500
v 0.0174000 -0.0063000 0.0037500
v 0.0174000 -0.0100000 0.0037500
v 0.0174000 -0.0063000 0.0142500
v 0.0195000 -0.0063000 0.0142500
v 0.0174000 -0.0060000 0.0139500
v 0.0192000 -0.0060000 0.0139500
v 0.0197000 -0.0065000 0.0142500
v 0.0195000 -0.0063000 0.0142500
v 0.0192000 -0.0060000 0.0139500
v 0.0192000 -0.0060000 0.0127500
v 0.0197000 -0.0065000 0.0127500
v 0.0203000 -0.0065000 0.0142500
v 0.0197000 -0.0065000 0.0142500
v 0.0197000 -0.0065000 0.0127500
v 0.0203000 -0.0065000 0.0127500
v 0.0203000 -0.0063000 0.0142500
v 0.0203000 -0.0065000 0.0142500
v 0.0203000 -0.0065000 0.0127500
v 0.0203000 -0.0060000 0.0139500
v 0.0203000 -0.0060000 0.0127500
v 0.0248000 -0.0063000 0.0142500
v 0.0248000 -0.0060000 0.0139500
v 0.0203000 -0.0063000 0.0142500
v 0.0203000 -0.0060000 0.0139500
v 0.0248000 -0.0060000 0.0139500
v 0.0248000 -0.0060000 0.0040500
v 0.0174000 -0.0060000 0.0139500
v 0.0192000 -0.0060000 0.0139500
v 0.0192000 -0.0060000 0.0127500
v 0.0203000 -0.0060000 0.0139500
v 0.0203000 -0.0060000 0.0127500
v 0.0174000 -0.0060000 0.0040500
v 0.0203000 -0.0060000 0.0040500
v 0.0203000 -0.0060000 0.0052500
v 0.0192000 -0.0060000 0.0052500
v 0.0192000 -0.0060000 0.0040500
v 0.0174000 -0.0060000 0.0040500
v 0.0192000 -0.0060000 0.0040500
v 0.0174000 -0.0063000 0.0037500
v 0.0195000 -0.0063000 0.0037500
v 0.0192000 -0.0060000 0.0052500
v 0.0192000 -0.0060000 0.0040500
v 0.0195000 -0.0063000 0.0037500
v 0.0197000 -0.0065000 0.0037500
v 0.0197000 -0.0065000 0.0052500
v 0.0203000 -0.0060000 0.0052500
v 0.0192000 -0.0060000 0.0052500
v 0.0197000 -0.0065000 0.0052500
v 0.0203000 -0.0065000 0.0052500
v 0.0197000 -0.0065000 0.0037500
v 0.0197000 -0.0065000 0.0052500
v 0.0203000 -0.0065000 0.0052500
v 0.0203000 -0.0065000 0.0037500
v 0.0203000 -0.0060000 0.0040500
v 0.0203000 -0.0060000 0.0052500
v 0.0203000 -0.0065000 0.0052500
v 0.0203000 -0.0065000 0.0037500
v 0.0203000 -0.0063000 0.0037500
v 0.0248000 -0.0060000 0.0040500
v 0.0248000 -0.0063000 0.0037500
v 0.0203000 -0.0060000 0.0040500
v 0.0203000 -0.0063000 0.0037500
v 0.0222000 -0.0100000 0.0037500
v 0.0222000 -0.0095000 0.0037500
v 0.0248000 -0.0095000 0.0037500
v 0.0248000 -0.0063000 0.0037500
v 0.0174000 -0.0063000 0.0037500
v 0.0195000 -0.0063000 0.0037500
v 0.0197000 -0.0065000 0.0037500
v 0.0203000 -0.0065000 0.0037500
v 0.0203000 -0.0063000 0.0037500
v 0.0174000 -0.0100000 0.0037500
v 0.0172000 -0.0098000 0.0035500
v 0.0172000 -0.0098000 -0.0084172
v 0.0172000 -0.0089172 -0.0093000
v 0.0172000 -0.0027000 -0.0093000
v 0.0174000 -0.0090000 -0.0095000
v 0.0174000 -0.0027000 -0.0095000
v 0.0174000 -0.0100000 0.0037500
v 0.0174000 -0.0100000 -0.0085000
v 0.0173000 -0.0026000 -0.0094000
v 0.0222000 -0.0100000 0.0037500
v 0.0222000 -0.0100000 -0.0085000
v 0.0174000 -0.0100000 0.0037500
v 0.0174000 -0.0100000 -0.0085000
v 0.0222000 -0.0090000 -0.0095000
v 0.0174000 -0.0090000 -0.0095000
v 0.0222000 -0.0100000 -0.0085000
v 0.0174000 -0.0100000 -0.0085000
v 0.0174000 -0.0027000 -0.0095000
v 0.0194000 -0.0027000 -0.0095000
v 0.0192000 -0.0025000 -0.0093000
v 0.0174000 -0.0025000 -0.0093000
v 0.0173000 -0.0026000 -0.0094000
v 0.0172000 -0.0027000 -0.0093000
v 0.0172000 -0.0027000 -0.0073000
v 0.0174000 -0.0025000 -0.0075000
v 0.0174000 -0.0025000 -0.0093000
v 0.0173000 -0.0026000 -0.0094000
v 0.0172000 -0.0027000 -0.0073000
v 0.0172000 0.0027000 -0.0073000
v 0.0174000 0.0025000 -0.0075000
v 0.0174000 -0.0025000 -0.0075000
v 0.0194000 -0.0027000 -0.0095000
v 0.0194000 0.0027000 -0.0095000
v 0.0192000 0.0025000 -0.0093000
v 0.0192000 -0.0025000 -0.0093000
v 0.0192000 -0.0060000 0.0127500
v 0.0197000 -0.0065000 0.0127500
v 0.0203000 -0.0065000 0.0127500
v 0.0203000 -0.0060000 0.0127500
v 0.0248000 -0.0095000 0.0146500
v 0.0248000 -0.0095000 0.0142500
v 0.0222000 -0.0095000 0.0146500
v 0.0222000 -0.0095000 0.0142500
v 0.0248000 0.0060000 0.0040500
v 0.0248000 0.0060000 0.0139500
v 0.0174000 0.0060000 0.0139500
v 0.0174000 0.0060000 0.0040500
v 0.0192000 0.0060000 0.0040500
v 0.0192000 0.0060000 0.0052500
v 0.0203000 0.0060000 0.0052500
v 0.0203000 0.0060000 0.0040500
v 0.0203000 0.0060000 0.0139500
v 0.0203000 0.0060000 0.0127500
v 0.0192000 0.0060000 0.0127500
v 0.0192000 0.0060000 0.0139500
v 0.0174000 0.0060000 0.0040500
v 0.0192000 0.0060000 0.0040500
v 0.0195000 0.0063000 0.0037500
v 0.0174000 0.0063000 0.0037500
v 0.0222000 0.0100000 -0.0085000
v 0.0222000 0.0100000 0.0037500
v 0.0174000 0.0100000 0.0037500
v 0.0174000 0.0100000 -0.0085000
v 0.0174000 0.0090000 -0.0095000
v 0.0222000 0.0090000 -0.0095000
v 0.0222000 0.0100000 -0.0085000
v 0.0174000 0.0100000 -0.0085000
v 0.0248000 0.0092000 0.0037500
v 0.0248000 0.0063000 0.0037500
v 0.0222000 0.0092000 0.0037500
v 0.0222000 0.0100000 0.0037500
v 0.0195000 0.0063000 0.0037500
v 0.0174000 0.0063000 0.0037500
v 0.0174000 0.0100000 0.0037500
v 0.0203000 0.0063000 0.0037500
v 0.0203000 0.0065000 0.0037500
v 0.0197000 0.0065000 0.0037500
v 0.0248000 0.0063000 0.0037500
v 0.0248000 0.0060000 0.0040500
v 0.0203000 0.0060000 0.0040500
v 0.0203000 0.0063000 0.0037500
v 0.0203000 0.0060000 0.0052500
v 0.0203000 0.0060000 0.0040500
v 0.0203000 0.0063000 0.0037500
v 0.0203000 0.0065000 0.0037500
v 0.0203000 0.0065000 0.0052500
v 0.0192000 0.0060000 0.0052500
v 0.0203000 0.0060000 0.0052500
v 0.0203000 0.0065000 0.0052500
v 0.0197000 0.0065000 0.0052500
v 0.0192000 0.0060000 0.0040500
v 0.0192000 0.0060000 0.0052500
v 0.0195000 0.0063000 0.0037500
v 0.0197000 0.0065000 0.0037500
v 0.0197000 0.0065000 0.0052500
v 0.0203000 0.0065000 0.0037500
v 0.0197000 0.0065000 0.0037500
v 0.0203000 0.0065000 0.0052500
v 0.0197000 0.0065000 0.0052500
v 0.0248000 0.0060000 0.0139500
v 0.0248000 0.0063000 0.0142500
v 0.0203000 0.0063000 0.0142500
v 0.0203000 0.0060000 0.0139500
v 0.0203000 0.0065000 0.0142500
v 0.0203000 0.0063000 0.0142500
v 0.0203000 0.0060000 0.0139500
v 0.0203000 0.0060000 0.0127500
v 0.0203000 0.0065000 0.0127500
v 0.0197000 0.0065000 0.0142500
v 0.0203000 0.0065000 0.0142500
v 0.0203000 0.0065000 0.0127500
v 0.0197000 0.0065000 0.0127500
v 0.0195000 0.0063000 0.0142500
v 0.0197000 0.0065000 0.0142500
v 0.0192000 0.0060000 0.0127500
v 0.0192000 0.0060000 0.0139500
v 0.0197000 0.0065000 0.0127500
v 0.0174000 0.0063000 0.0142500
v 0.0195000 0.0063000 0.0142500
v 0.0174000 0.0060000 0.0139500
v 0.0192000 0.0060000 0.0139500
v 0.0203000 0.0060000 0.0127500
v 0.0192000 0.0060000 0.0127500
v 0.0203000 0.0065000 0.0127500
v 0.0197000 0.0065000 0.0127500
v 0.0217000 0.0096000 0.0233343
v 0.0217000 0.0096000 0.0149500
v 0.0222000 0.0096000 0.0149500
v 0.0222000 0.0096000 0.0233343
v 0.0217000 0.0096000 0.0233343
v 0.0217000 0.0088343 0.0241000
v 0.0222000 0.0088343 0.0241000
v 0.0222000 0.0096000 0.0233343
v 0.0217000 0.0088343 0.0241000
v 0.0217000 -0.0088343 0.0241000
v 0.0222000 -0.0088343 0.0241000
v 0.0222000 0.0088343 0.0241000
v 0.0217000 -0.0088343 0.0241000
v 0.0217000 -0.0096000 0.0233343
v 0.0222000 -0.0096000 0.0233343
v 0.0222000 -0.0088343 0.0241000
v 0.0217000 -0.0096000 0.0233343
v 0.0217000 -0.0096000 0.0149500
v 0.0222000 -0.0096000 0.0149500
v 0.0222000 -0.0096000 0.0233343
v 0.0217000 -0.0053000 0.0149500
v 0.0217000 -0.0053000 0.0030500
v 0.0248000 -0.0053000 0.0030500
v 0.0248000 -0.0053000 0.0149500
v 0.0217000 -0.0053000 0.0030500
v 0.0217000 -0.0096000 0.0030500
v 0.0222000 -0.0096000 0.0030500
v 0.0222000 -0.0092000 0.0030500
v 0.0248000 -0.0092000 0.0030500
v 0.0248000 -0.0053000 0.0030500
v 0.0217000 -0.0096000 0.0030500
v 0.0217000 -0.0096000 -0.0083343
v 0.0222000 -0.0096000 -0.0083343
v 0.0222000 -0.0096000 0.0030500
v 0.0217000 -0.0096000 -0.0083343
v 0.0217000 -0.0088343 -0.0091000
v 0.0222000 -0.0088343 -0.0091000
v 0.0222000 -0.0096000 -0.0083343
v 0.0217000 -0.0088343 -0.0091000
v 0.0217000 0.0088343 -0.0091000
v 0.0222000 0.0088343 -0.0091000
v 0.0222000 -0.0088343 -0.0091000
v 0.0217000 0.0088343 -0.0091000
v 0.0217000 0.0096000 -0.0083343
v 0.0222000 0.0096000 -0.0083343
v 0.0222000 0.0088343 -0.0091000
v 0.0217000 0.0096000 -0.0083343
v 0.0217000 0.0096000 0.0031214
v 0.0222000 0.0096000 0.0031214
v 0.0222000 0.0096000 -0.0083343
v 0.0217000 0.0096000 0.0031214
v 0.0217000 0.0053000 0.0031214
v 0.0248000 0.0053000 0.0031214
v 0.0248000 0.0095000 0.0031214
v 0.0222000 0.0095000 0.0031214
v 0.0222000 0.0096000 0.0031214
v 0.0217000 0.0053000 0.0031214
v 0.0217000 0.0053000 0.0136314
v 0.0248000 0.0053000 0.0136314
v 0.0248000 0.0053000 0.0031214
v 0.0217000 0.0024990 -0.0001719
v 0.0217000 0.0024597 0.0004892
v 0.0217000 0.0022726 0.0010477
v 0.0217000 0.0020705 0.0014042
v 0.0217000 0.0016827 0.0018616
v 0.0217000 0.0011152 0.0022430
v 0.0217000 0.0004892 0.0024597
v 0.0217000 -0.0001720 0.0024990
v 0.0217000 -0.0007744 0.0023835
v 0.0217000 -0.0014173 0.0020708
v 0.0217000 -0.0019879 0.0015315
v 0.0217000 -0.0022792 0.0010315
v 0.0217000 -0.0024665 0.0004621
v 0.0217000 -0.0024991 -0.0001156
v 0.0217000 -0.0024347 -0.0005845
v 0.0217000 -0.0022330 -0.0011378
v 0.0217000 -0.0018416 -0.0017024
v 0.0217000 -0.0013904 -0.0020807
v 0.0217000 -0.0010317 -0.0022791
v 0.0217000 -0.0004621 -0.0024665
v 0.0217000 0.0001965 -0.0024961
v 0.0217000 0.0006792 -0.0024085
v 0.0217000 0.0010633 -0.0022646
v 0.0217000 0.0014717 -0.0020257
v 0.0217000 0.0019057 -0.0016276
v 0.0217000 0.0021912 -0.0012073
v 0.0217000 0.0023898 -0.0007506
v 0.0232000 0.0025048 -0.0000246
v 0.0232000 0.0024075 -0.0007080
v 0.0232000 0.0021742 -0.0012376
v 0.0232000 0.0019039 -0.0016261
v 0.0232000 0.0014731 -0.0020275
v 0.0232000 0.0009583 -0.0023132
v 0.0232000 0.0004881 -0.0024544
v 0.0232000 -0.0000247 -0.0025048
v 0.0232000 -0.0005050 -0.0024503
v 0.0232000 -0.0009814 -0.0023047
v 0.0232000 -0.0015754 -0.0019533
v 0.0232000 -0.0019754 -0.0015351
v 0.0232000 -0.0022309 -0.0011367
v 0.0232000 -0.0024369 -0.0005850
v 0.0232000 -0.0025005 -0.0000809
v 0.0232000 -0.0024556 0.0005169
v 0.0232000 -0.0021881 0.0012254
v 0.0232000 -0.0018376 0.0016987
v 0.0232000 -0.0014524 0.0020409
v 0.0232000 -0.0008680 0.0023528
v 0.0232000 -0.0002211 0.0024952
v 0.0232000 0.0003674 0.0024778
v 0.0232000 0.0008662 0.0023478
v 0.0232000 0.0012374 0.0021743
v 0.0232000 0.0017238 0.0018237
v 0.0232000 0.0020897 0.0013754
v 0.0232000 0.0023236 0.0009358
v 0.0232000 0.0024570 0.0004711
v 0.0232000 0.0025048 -0.0000246
v 0.0232000 0.0024075 -0.0007080
v 0.0232000 0.0021742 -0.0012376
v 0.0232000 0.0019039 -0.0016261
v 0.0232000 0.0014731 -0.0020275
v 0.0232000 0.0009583 -0.0023132
v 0.0232000 0.0004881 -0.0024544
v 0.0232000 -0.0000247 -0.0025048
v 0.0232000 -0.0005050 -0.0024503
v 0.0232000 -0.0009814 -0.0023047
v 0.0232000 -0.0015754 -0.0019533
v 0.0232000 -0.0019754 -0.0015351
v 0.0232000 -0.0022309 -0.0011367
v 0.0232000 -0.0024369 -0.0005850
v 0.0232000 -0.0025005 -0.0000809
v 0.0232000 -0.0024556 0.0005169
v 0.0232000 -0.0021881 0.0012254
v 0.0232000 -0.0018376 0.0016987
v 0.0232000 -0.0014524 0.0020409
v 0.0232000 -0.0008680 0.0023528
v 0.0232000 -0.0002211 0.0024952
v 0.0232000 0.0003674 0.0024778
v 0.0232000 0.0008662 0.0023478
v 0.0232000 0.0012374 0.0021743
v 0.0232000 0.0017238 0.0018237
v 0.0232000 0.0020897 0.0013754
v 0.0232000 0.0023236 0.0009358
v 0.0232000 0.0024570 0.0004711
v 0.0172000 -0.0069975 -0.0074494
v 0.0172000 -0.0070309 -0.0077617
v 0.0172000 -0.0071406 -0.0080151
v 0.0172000 -0.0073461 -0.0082657
v 0.0172000 -0.0076894 -0.0084561
v 0.0172000 -0.0080283 -0.0085034
v 0.0172000 -0.0084112 -0.0084213
v 0.0172000 -0.0087015 -0.0082154
v 0.0172000 -0.0088764 -0.0079908
v 0.0172000 -0.0089839 -0.0076957
v 0.0172000 -0.0089955 -0.0073544
v 0.0172000 -0.0088640 -0.0069845
v 0.0172000 -0.0086219 -0.0067112
v 0.0172000 -0.0083833 -0.0065747
v 0.0172000 -0.0080518 -0.0064925
v 0.0172000 -0.0076524 -0.0065576
v 0.0172000 -0.0073471 -0.0067356
v 0.0172000 -0.0070890 -0.0070665
v 0.0217000 -0.0069966 -0.0074718
v 0.0217000 -0.0070660 -0.0071260
v 0.0217000 -0.0072554 -0.0068269
v 0.0217000 -0.0075327 -0.0066090
v 0.0217000 -0.0078819 -0.0065025
v 0.0217000 -0.0081957 -0.0065161
v 0.0217000 -0.0085261 -0.0066415
v 0.0217000 -0.0088381 -0.0069401
v 0.0217000 -0.0089918 -0.0073309
v 0.0217000 -0.0089743 -0.0077620
v 0.0217000 -0.0087952 -0.0081126
v 0.0217000 -0.0085892 -0.0083110
v 0.0217000 -0.0082620 -0.0084743
v 0.0217000 -0.0078821 -0.0084962
v 0.0217000 -0.0076164 -0.0084262
v 0.0217000 -0.0073471 -0.0082644
v 0.0217000 -0.0071509 -0.0080319
v 0.0217000 -0.0070370 -0.0077832
v 0.0172000 0.0090025 -0.0074494
v 0.0172000 0.0089691 -0.0077617
v 0.0172000 0.0088594 -0.0080151
v 0.0172000 0.0086895 -0.0082295
v 0.0172000 0.0084636 -0.0083883
v 0.0172000 0.0082067 -0.0084822
v 0.0172000 0.0078425 -0.0084945
v 0.0172000 0.0075098 -0.0083752
v 0.0172000 0.0072985 -0.0082154
v 0.0172000 0.0071236 -0.0079908
v 0.0172000 0.0070071 -0.0076573
v 0.0172000 0.0070134 -0.0073151
v 0.0172000 0.0071360 -0.0069845
v 0.0172000 0.0073781 -0.0067112
v 0.0172000 0.0076528 -0.0065589
v 0.0172000 0.0079881 -0.0064940
v 0.0172000 0.0083477 -0.0065576
v 0.0172000 0.0086529 -0.0067356
v 0.0172000 0.0089110 -0.0070665
v 0.0217000 0.0090034 -0.0074718
v 0.0217000 0.0089340 -0.0071260
v 0.0217000 0.0087446 -0.0068269
v 0.0217000 0.0084335 -0.0065890
v 0.0217000 0.0080119 -0.0064940
v 0.0217000 0.0076524 -0.0065576
v 0.0217000 0.0074032 -0.0066952
v 0.0217000 0.0071620 -0.0069400
v 0.0217000 0.0070178 -0.0072932
v 0.0217000 0.0070019 -0.0076069
v 0.0217000 0.0070706 -0.0078743
v 0.0217000 0.0072049 -0.0081126
v 0.0217000 0.0074108 -0.0083110
v 0.0217000 0.0076528 -0.0084412
v 0.0217000 0.0080273 -0.0085085
v 0.0217000 0.0083836 -0.0084262
v 0.0217000 0.0086529 -0.0082644
v 0.0217000 0.0088491 -0.0080319
v 0.0217000 0.0089630 -0.0077832
v 0.0172000 -0.0070134 0.0223152
v 0.0172000 -0.0071188 0.0220193
v 0.0172000 -0.0073461 0.0217343
v 0.0172000 -0.0076528 0.0215589
v 0.0172000 -0.0079213 0.0215006
v 0.0172000 -0.0082347 0.0215225
v 0.0172000 -0.0085151 0.0216406
v 0.0172000 -0.0087295 0.0218105
v 0.0172000 -0.0088932 0.0220449
v 0.0172000 -0.0089929 0.0223427
v 0.0172000 -0.0089911 0.0226470
v 0.0172000 -0.0089122 0.0229205
v 0.0172000 -0.0087554 0.0231582
v 0.0172000 -0.0084925 0.0233794
v 0.0172000 -0.0080519 0.0235075
v 0.0172000 -0.0076524 0.0234424
v 0.0172000 -0.0073789 0.0232878
v 0.0172000 -0.0071414 0.0230261
v 0.0172000 -0.0070071 0.0226573
v 0.0217000 -0.0070019 0.0226069
v 0.0217000 -0.0070706 0.0228743
v 0.0217000 -0.0072049 0.0231126
v 0.0217000 -0.0074963 0.0233742
v 0.0217000 -0.0078819 0.0234975
v 0.0217000 -0.0081957 0.0234839
v 0.0217000 -0.0085262 0.0233585
v 0.0217000 -0.0087682 0.0231432
v 0.0217000 -0.0089110 0.0229199
v 0.0217000 -0.0090020 0.0225908
v 0.0217000 -0.0089748 0.0222660
v 0.0217000 -0.0088380 0.0219400
v 0.0217000 -0.0085669 0.0216716
v 0.0217000 -0.0082351 0.0215209
v 0.0217000 -0.0078821 0.0215038
v 0.0217000 -0.0076164 0.0215738
v 0.0217000 -0.0074032 0.0216952
v 0.0217000 -0.0071620 0.0219400
v 0.0217000 -0.0070178 0.0222932
v 0.0172000 0.0089996 0.0224312
v 0.0172000 0.0089455 0.0221631
v 0.0172000 0.0087888 0.0218782
v 0.0172000 0.0084925 0.0216206
v 0.0172000 0.0081180 0.0215025
v 0.0172000 0.0077653 0.0215225
v 0.0172000 0.0074849 0.0216406
v 0.0172000 0.0072706 0.0218105
v 0.0172000 0.0071068 0.0220449
v 0.0172000 0.0070071 0.0223427
v 0.0172000 0.0070089 0.0226470
v 0.0172000 0.0070878 0.0229205
v 0.0172000 0.0073243 0.0232491
v 0.0172000 0.0076529 0.0234412
v 0.0172000 0.0079881 0.0235060
v 0.0172000 0.0083476 0.0234424
v 0.0172000 0.0086211 0.0232878
v 0.0172000 0.0088283 0.0230669
v 0.0172000 0.0089754 0.0227464
v 0.0217000 0.0090034 0.0225282
v 0.0217000 0.0089340 0.0228740
v 0.0217000 0.0087446 0.0231731
v 0.0217000 0.0084673 0.0233910
v 0.0217000 0.0081181 0.0234975
v 0.0217000 0.0078043 0.0234839
v 0.0217000 0.0075193 0.0233812
v 0.0217000 0.0072985 0.0232154
v 0.0217000 0.0071090 0.0229673
v 0.0217000 0.0070120 0.0226665
v 0.0217000 0.0070019 0.0223931
v 0.0217000 0.0070706 0.0221257
v 0.0217000 0.0072048 0.0218874
v 0.0217000 0.0074331 0.0216717
v 0.0217000 0.0077650 0.0215209
v 0.0217000 0.0081179 0.0215038
v 0.0217000 0.0083836 0.0215738
v 0.0217000 0.0085969 0.0216953
v 0.0217000 0.0088381 0.0219400
v 0.0217000 0.0089719 0.0222565
v 0.0217000 0.0089878 -0.0041072
v 0.0217000 0.0087609 -0.0038953
v 0.0217000 0.0085101 -0.0038050
v 0.0217000 0.0082706 -0.0038094
v 0.0217000 0.0080317 -0.0038991
v 0.0217000 0.0078434 -0.0040711
v 0.0217000 0.0077118 -0.0043348
v 0.0217000 0.0077094 -0.0046294
v 0.0217000 0.0077748 -0.0048186
v 0.0217000 0.0079024 -0.0049975
v 0.0217000 0.0081475 -0.0051595
v 0.0217000 0.0083931 -0.0052013
v 0.0217000 0.0085908 -0.0051767
v 0.0217000 0.0088136 -0.0050693
v 0.0217000 0.0090273 -0.0048295
v 0.0217000 0.0091070 -0.0044532
v 0.0179000 0.0077018 -0.0044174
v 0.0179000 0.0090413 -0.0047870
v 0.0179000 0.0089336 -0.0049558
v 0.0179000 0.0087677 -0.0051000
v 0.0179000 0.0085448 -0.0051876
v 0.0179000 0.0083449 -0.0051996
v 0.0179000 0.0081307 -0.0051501
v 0.0179000 0.0079497 -0.0050377
v 0.0179000 0.0078154 -0.0048907
v 0.0179000 0.0077157 -0.0046642
v 0.0179000 0.0077547 -0.0042253
v 0.0179000 0.0078649 -0.0040430
v 0.0179000 0.0080498 -0.0038909
v 0.0179000 0.0082552 -0.0038124
v 0.0179000 0.0085103 -0.0038038
v 0.0179000 0.0087502 -0.0038908
v 0.0179000 0.0089351 -0.0040430
v 0.0179000 0.0090453 -0.0042253
v 0.0179000 0.0091085 -0.0044912
v 0.0179000 0.0077018 -0.0044174
v 0.0179000 0.0090413 -0.0047870
v 0.0179000 0.0089336 -0.0049558
v 0.0179000 0.0087677 -0.0051000
v 0.0179000 0.0085448 -0.0051876
v 0.0179000 0.0083449 -0.0051996
v 0.0179000 0.0081307 -0.0051501
v 0.0179000 0.0079497 -0.0050377
v 0.0179000 0.0078154 -0.0048907
v 0.0179000 0.0077157 -0.0046642
v 0.0179000 0.0077547 -0.0042253
v 0.0179000 0.0078649 -0.0040430
v 0.0179000 0.0080498 -0.0038909
v 0.0179000 0.0082552 -0.0038124
v 0.0179000 0.0085103 -0.0038038
v 0.0179000 0.0087502 -0.0038908
v 0.0179000 0.0089351 -0.0040430
v 0.0179000 0.0090453 -0.0042253
v 0.0179000 0.0091085 -0.0044912
v 0.0217000 -0.0077748 -0.0041814
v 0.0217000 -0.0079270 -0.0039756
v 0.0217000 -0.0081570 -0.0038412
v 0.0217000 -0.0084000 -0.0037951
v 0.0217000 -0.0086505 -0.0038435
v 0.0217000 -0.0089072 -0.0040052
v 0.0217000 -0.0090882 -0.0043348
v 0.0217000 -0.0090906 -0.0046294
v 0.0217000 -0.0090252 -0.0048186
v 0.0217000 -0.0088976 -0.0049976
v 0.0217000 -0.0086525 -0.0051595
v 0.0217000 -0.0084069 -0.0052013
v 0.0217000 -0.0082092 -0.0051767
v 0.0217000 -0.0079864 -0.0050693
v 0.0217000 -0.0077727 -0.0048295
v 0.0217000 -0.0076930 -0.0044532
v 0.0179000 -0.0090982 -0.0044173
v 0.0179000 -0.0077131 -0.0043260
v 0.0179000 -0.0077235 -0.0047106
v 0.0179000 -0.0078962 -0.0049921
v 0.0179000 -0.0081727 -0.0051711
v 0.0179000 -0.0084551 -0.0051996
v 0.0179000 -0.0086693 -0.0051501
v 0.0179000 -0.0088504 -0.0050377
v 0.0179000 -0.0089846 -0.0048906
v 0.0179000 -0.0090843 -0.0046642
v 0.0179000 -0.0089995 -0.0041223
v 0.0179000 -0.0087448 -0.0038845
v 0.0179000 -0.0084088 -0.0037915
v 0.0179000 -0.0080800 -0.0038720
v 0.0179000 -0.0078649 -0.0040430
v 0.0179000 -0.0090982 -0.0044173
v 0.0179000 -0.0077131 -0.0043260
v 0.0179000 -0.0077235 -0.0047106
v 0.0179000 -0.0078962 -0.0049921
v 0.0179000 -0.0081727 -0.0051711
v 0.0179000 -0.0084551 -0.0051996
v 0.0179000 -0.0086693 -0.0051501
v 0.0179000 -0.0088504 -0.0050377
v 0.0179000 -0.0089846 -0.0048906
v 0.0179000 -0.0090843 -0.0046642
v 0.0179000 -0.0089995 -0.0041223
v 0.0179000 -0.0087448 -0.0038845
v 0.0179000 -0.0084088 -0.0037915
v 0.0179000 -0.0080800 -0.0038720
v 0.0179000 -0.0078649 -0.0040430
v 0.0217000 -0.0041985 0.0229552
v 0.0217000 -0.0042494 0.0231620
v 0.0217000 -0.0043479 0.0233353
v 0.0217000 -0.0045099 0.0234839
v 0.0217000 -0.0047538 0.0235909
v 0.0217000 -0.0050645 0.0235854
v 0.0217000 -0.0053136 0.0234693
v 0.0217000 -0.0055168 0.0232455
v 0.0217000 -0.0056015 0.0229552
v 0.0217000 -0.0055836 0.0227430
v 0.0217000 -0.0055048 0.0225392
v 0.0217000 -0.0053143 0.0223297
v 0.0217000 -0.0050563 0.0222133
v 0.0217000 -0.0048381 0.0222014
v 0.0217000 -0.0045965 0.0222623
v 0.0217000 -0.0043459 0.0224632
v 0.0217000 -0.0042233 0.0227092
v 0.0179000 -0.0042587 0.0226129
v 0.0179000 -0.0043664 0.0224443
v 0.0179000 -0.0045323 0.0223000
v 0.0179000 -0.0047897 0.0222038
v 0.0179000 -0.0050724 0.0222172
v 0.0179000 -0.0052968 0.0223201
v 0.0179000 -0.0055035 0.0225302
v 0.0179000 -0.0055968 0.0228097
v 0.0179000 -0.0055931 0.0230097
v 0.0179000 -0.0055156 0.0232448
v 0.0179000 -0.0052777 0.0234995
v 0.0179000 -0.0049553 0.0236027
v 0.0179000 -0.0046207 0.0235512
v 0.0179000 -0.0043649 0.0233570
v 0.0179000 -0.0042547 0.0231748
v 0.0179000 -0.0041915 0.0229088
v 0.0179000 -0.0042587 0.0226129
v 0.0179000 -0.0043664 0.0224443
v 0.0179000 -0.0045323 0.0223000
v 0.0179000 -0.0047897 0.0222038
v 0.0179000 -0.0050724 0.0222172
v 0.0179000 -0.0052968 0.0223201
v 0.0179000 -0.0055035 0.0225302
v 0.0179000 -0.0055968 0.0228097
v 0.0179000 -0.0055931 0.0230097
v 0.0179000 -0.0055156 0.0232448
v 0.0179000 -0.0052777 0.0234995
v 0.0179000 -0.0049553 0.0236027
v 0.0179000 -0.0046207 0.0235512
v 0.0179000 -0.0043649 0.0233570
v 0.0179000 -0.0042547 0.0231748
v 0.0179000 -0.0041915 0.0229088
v 0.0217000 0.0090674 0.0196168
v 0.0217000 0.0089648 0.0198206
v 0.0217000 0.0087609 0.0200047
v 0.0217000 0.0084468 0.0201070
v 0.0217000 0.0081495 0.0200565
v 0.0217000 0.0079653 0.0199515
v 0.0217000 0.0078039 0.0197750
v 0.0217000 0.0077177 0.0195638
v 0.0217000 0.0076985 0.0193448
v 0.0217000 0.0077797 0.0190625
v 0.0217000 0.0079857 0.0188297
v 0.0217000 0.0082437 0.0187133
v 0.0217000 0.0085462 0.0187091
v 0.0217000 0.0087724 0.0188056
v 0.0217000 0.0089351 0.0189430
v 0.0217000 0.0090565 0.0191495
v 0.0217000 0.0091042 0.0193917
v 0.0179000 0.0091017 0.0194000
v 0.0179000 0.0090619 0.0191558
v 0.0179000 0.0089038 0.0189080
v 0.0179000 0.0086273 0.0187289
v 0.0179000 0.0082621 0.0187066
v 0.0179000 0.0080032 0.0188202
v 0.0179000 0.0077966 0.0190302
v 0.0179000 0.0077032 0.0193097
v 0.0179000 0.0077235 0.0196106
v 0.0179000 0.0078787 0.0198711
v 0.0179000 0.0081040 0.0200420
v 0.0179000 0.0084644 0.0201056
v 0.0179000 0.0087502 0.0200091
v 0.0179000 0.0089351 0.0198570
v 0.0179000 0.0090672 0.0196255
v 0.0179000 0.0091017 0.0194000
v 0.0179000 0.0090619 0.0191558
v 0.0179000 0.0089038 0.0189080
v 0.0179000 0.0086273 0.0187289
v 0.0179000 0.0082621 0.0187066
v 0.0179000 0.0080032 0.0188202
v 0.0179000 0.0077966 0.0190302
v 0.0179000 0.0077032 0.0193097
v 0.0179000 0.0077235 0.0196106
v 0.0179000 0.0078787 0.0198711
v 0.0179000 0.0081040 0.0200420
v 0.0179000 0.0084644 0.0201056
v 0.0179000 0.0087502 0.0200091
v 0.0179000 0.0089351 0.0198570
v 0.0179000 0.0090672 0.0196255
v 0.0171971 0.0057880 0.0039566
v 0.0171978 -0.0057922 0.0039480
v 0.0172000 0.0069978 -0.0002749
v 0.0172000 0.0068796 -0.0013189
v 0.0172000 0.0065887 -0.0023787
v 0.0172000 0.0061354 -0.0033802
v 0.0172000 0.0055310 -0.0042984
v 0.0172000 0.0049497 -0.0049498
v 0.0172000 0.0043747 -0.0054709
v 0.0172000 0.0036575 -0.0059685
v 0.0172000 0.0029319 -0.0063600
v 0.0172000 0.0019018 -0.0067439
v 0.0172000 0.0008232 -0.0069547
v 0.0172000 -0.0000000 -0.0070000
v 0.0172000 -0.0008232 -0.0069547
v 0.0172000 -0.0016341 -0.0068066
v 0.0172000 -0.0023790 -0.0065886
v 0.0172000 -0.0034239 -0.0061134
v 0.0172000 -0.0043357 -0.0054997
v 0.0172000 -0.0049497 -0.0049498
v 0.0172000 -0.0054997 -0.0043357
v 0.0172000 -0.0061135 -0.0034238
v 0.0172000 -0.0065704 -0.0024240
v 0.0172000 -0.0068066 -0.0016341
v 0.0172000 -0.0069547 -0.0008231
v 0.0172000 -0.0070000 -0.0000000
v 0.0172000 -0.0069619 0.0007750
v 0.0172000 -0.0068066 0.0016341
v 0.0172000 -0.0065886 0.0023788
v 0.0172000 -0.0062370 0.0031779
v 0.0172000 -0.0051767 0.0047192
v 0.0172000 -0.0045461 0.0053228
v 0.0172000 -0.0039321 0.0057972
v 0.0172000 -0.0031779 0.0062370
v 0.0172000 -0.0024703 0.0065549
v 0.0172000 -0.0014143 0.0068607
v 0.0172000 -0.0005492 0.0069784
v 0.0172000 0.0002749 0.0069978
v 0.0172000 0.0013670 0.0068723
v 0.0172000 0.0024241 0.0065703
v 0.0172000 0.0031779 0.0062370
v 0.0172000 0.0038907 0.0058230
v 0.0172000 0.0045461 0.0053228
v 0.0172000 0.0051767 0.0047192
v 0.0172000 0.0061135 0.0034238
v 0.0172000 0.0065704 0.0024239
v 0.0172000 0.0068607 0.0014143
v 0.0172000 0.0069784 0.0005492
v 0.0175000 0.0070000 -0.0000000
v 0.0175000 -0.0070013 -0.0002264
v 0.0175000 -0.0069138 -0.0010950
v 0.0175000 -0.0067403 -0.0019009
v 0.0175000 -0.0064672 -0.0026788
v 0.0175000 -0.0061103 -0.0034220
v 0.0175000 -0.0055026 -0.0043380
v 0.0175000 -0.0047537 -0.0051427
v 0.0175000 -0.0041145 -0.0056631
v 0.0175000 -0.0034220 -0.0061102
v 0.0175000 -0.0024702 -0.0065549
v 0.0175000 -0.0014143 -0.0068607
v 0.0175000 -0.0003235 -0.0069974
v 0.0175000 0.0005492 -0.0069784
v 0.0175000 0.0013663 -0.0068687
v 0.0175000 0.0023791 -0.0065885
v 0.0175000 0.0031779 -0.0062370
v 0.0175000 0.0038908 -0.0058229
v 0.0175000 0.0047191 -0.0051768
v 0.0175000 0.0054708 -0.0043748
v 0.0175000 0.0060879 -0.0034650
v 0.0175000 0.0065550 -0.0024700
v 0.0175000 0.0068066 -0.0016341
v 0.0175000 0.0069505 -0.0008716
v 0.0175000 0.0069547 0.0008231
v 0.0175000 0.0067550 0.0018545
v 0.0175000 0.0064672 0.0026788
v 0.0175000 0.0061103 0.0034220
v 0.0175000 0.0056631 0.0041145
v 0.0175000 0.0051107 0.0047906
v 0.0175000 0.0043358 0.0054996
v 0.0175000 0.0036575 0.0059685
v 0.0175000 0.0029319 0.0063600
v 0.0175000 0.0021631 0.0066574
v 0.0175000 0.0013662 0.0068687
v 0.0175000 0.0002751 0.0070015
v 0.0175000 -0.0008232 0.0069547
v 0.0175000 -0.0016341 0.0068066
v 0.0175000 -0.0023790 0.0065886
v 0.0175000 -0.0031779 0.0062370
v 0.0175000 -0.0038513 0.0058512
v 0.0175000 -0.0045461 0.0053228
v 0.0175000 -0.0051107 0.0047906
v 0.0175000 -0.0057973 0.0039320
v 0.0175000 -0.0062370 0.0031779
v 0.0175000 -0.0065550 0.0024700
v 0.0175000 -0.0068066 0.0016341
v 0.0175000 -0.0069505 0.0008716
v 0.0175000 0.0070000 -0.0000000
v 0.0175000 -0.0070013 -0.0002264
v 0.0175000 -0.0069138 -0.0010950
v 0.0175000 -0.0067403 -0.0019009
v 0.0175000 -0.0064672 -0.0026788
v 0.0175000 -0.0061103 -0.0034220
v 0.0175000 -0.0055026 -0.0043380
v 0.0175000 -0.0047537 -0.0051427
v 0.0175000 -0.0041145 -0.0056631
v 0.0175000 -0.0034220 -0.0061102
v 0.0175000 -0.0024702 -0.0065549
v 0.0175000 -0.0014143 -0.0068607
v 0.0175000 -0.0003235 -0.0069974
v 0.0175000 0.0005492 -0.0069784
v 0.0175000 0.0013663 -0.0068687
v 0.0175000 0.0023791 -0.0065885
v 0.0175000 0.0031779 -0.0062370
v 0.0175000 0.0038908 -0.0058229
v 0.0175000 0.0047191 -0.0051768
v 0.0175000 0.0054708 -0.0043748
v 0.0175000 0.0060879 -0.0034650
v 0.0175000 0.0065550 -0.0024700
v 0.0175000 0.0068066 -0.0016341
v 0.0175000 0.0069505 -0.0008716
v 0.0175000 0.0069547 0.0008231
v 0.0175000 0.0067550 0.0018545
v 0.0175000 0.0064672 0.0026788
v 0.0175000 0.0061103 0.0034220
v 0.0175000 0.0056631 0.0041145
v 0.0175000 0.0051107 0.0047906
v 0.0175000 0.0043358 0.0054996
v 0.0175000 0.0036575 0.0059685
v 0.0175000 0.0029319 0.0063600
v 0.0175000 0.0021631 0.0066574
v 0.0175000 0.0013662 0.0068687
v 0.0175000 0.0002751 0.0070015
v 0.0175000 -0.0008232 0.0069547
v 0.0175000 -0.0016341 0.0068066
v 0.0175000 -0.0023790 0.0065886
v 0.0175000 -0.0031779 0.0062370
v 0.0175000 -0.0038513 0.0058512
v 0.0175000 -0.0045461 0.0053228
v 0.0175000 -0.0051107 0.0047906
v 0.0175000 -0.0057973 0.0039320
v 0.0175000 -0.0062370 0.0031779
v 0.0175000 -0.0065550 0.0024700
v 0.0175000 -0.0068066 0.0016341
v 0.0175000 -0.0069505 0.0008716
v 0.0175000 0.0050011 -0.0001965
v 0.0175000 0.0049005 -0.0010102
v 0.0175000 0.0046821 -0.0017643
v 0.0175000 0.0043485 -0.0024750
v 0.0175000 0.0039077 -0.0031249
v 0.0175000 0.0033708 -0.0036977
v 0.0175000 0.0027790 -0.0041593
v 0.0175000 0.0020953 -0.0045452
v 0.0175000 0.0011692 -0.0048693
v 0.0175000 0.0002312 -0.0049982
v 0.0175000 -0.0005882 -0.0049703
v 0.0175000 -0.0013916 -0.0048061
v 0.0175000 -0.0022734 -0.0044619
v 0.0175000 -0.0032160 -0.0038413
v 0.0175000 -0.0039305 -0.0030985
v 0.0175000 -0.0044860 -0.0022304
v 0.0175000 -0.0048145 -0.0013578
v 0.0175000 -0.0049384 -0.0007822
v 0.0175000 -0.0050009 -0.0001617
v 0.0175000 -0.0049846 0.0003923
v 0.0175000 -0.0049005 0.0010102
v 0.0175000 -0.0046821 0.0017643
v 0.0175000 -0.0043485 0.0024750
v 0.0175000 -0.0039077 0.0031249
v 0.0175000 -0.0032160 0.0038413
v 0.0175000 -0.0026125 0.0042632
v 0.0175000 -0.0020631 0.0045584
v 0.0175000 -0.0013248 0.0048249
v 0.0175000 -0.0005880 0.0049676
v 0.0175000 0.0001966 0.0050011
v 0.0175000 0.0009758 0.0049062
v 0.0175000 0.0015451 0.0047553
v 0.0175000 0.0020942 0.0045428
v 0.0175000 0.0026125 0.0042632
v 0.0175000 0.0032910 0.0037773
v 0.0175000 0.0039508 0.0030703
v 0.0175000 0.0043645 0.0024442
v 0.0175000 0.0046194 0.0019134
v 0.0175000 0.0048250 0.0013247
v 0.0175000 0.0049676 0.0005880
v 0.0175000 0.0050011 -0.0001965
v 0.0175000 0.0049005 -0.0010102
v 0.0175000 0.0046821 -0.0017643
v 0.0175000 0.0043485 -0.0024750
v 0.0175000 0.0039077 -0.0031249
v 0.0175000 0.0033708 -0.0036977
v 0.0175000 0.0027790 -0.0041593
v 0.0175000 0.0020953 -0.0045452
v 0.0175000 0.0011692 -0.0048693
v 0.0175000 0.0002312 -0.0049982
v 0.0175000 -0.0005882 -0.0049703
v 0.0175000 -0.0013916 -0.0048061
v 0.0175000 -0.0022734 -0.0044619
v 0.0175000 -0.0032160 -0.0038413
v 0.0175000 -0.0039305 -0.0030985
v 0.0175000 -0.0044860 -0.0022304
v 0.0175000 -0.0048145 -0.0013578
v 0.0175000 -0.0049384 -0.0007822
v 0.0175000 -0.0050009 -0.0001617
v 0.0175000 -0.0049846 0.0003923
v 0.0175000 -0.0049005 0.0010102
v 0.0175000 -0.0046821 0.0017643
v 0.0175000 -0.0043485 0.0024750
v 0.0175000 -0.0039077 0.0031249
v 0.0175000 -0.0032160 0.0038413
v 0.0175000 -0.0026125 0.0042632
v 0.0175000 -0.0020631 0.0045584
v 0.0175000 -0.0013248 0.0048249
v 0.0175000 -0.0005880 0.0049676
v 0.0175000 0.0001966 0.0050011
v 0.0175000 0.0009758 0.0049062
v 0.0175000 0.0015451 0.0047553
v 0.0175000 0.0020942 0.0045428
v 0.0175000 0.0026125 0.0042632
v 0.0175000 0.0032910 0.0037773
v 0.0175000 0.0039508 0.0030703
v 0.0175000 0.0043645 0.0024442
v 0.0175000 0.0046194 0.0019134
v 0.0175000 0.0048250 0.0013247
v 0.0175000 0.0049676 0.0005880
v 0.0172000 -0.0050009 0.0001617
v 0.0172000 0.0049984 -0.0001964
v 0.0172000 0.0049846 0.0003923
v 0.0172000 0.0049005 0.0010102
v 0.0172000 0.0046931 0.0017313
v 0.0172000 0.0044550 0.0022700
v 0.0172000 0.0041592 0.0027792
v 0.0172000 0.0038020 0.0032472
v 0.0172000 0.0033708 0.0036977
v 0.0172000 0.0025756 0.0042971
v 0.0172000 0.0017314 0.0046931
v 0.0172000 0.0009764 0.0049088
v 0.0172000 0.0001965 0.0049984
v 0.0172000 -0.0005882 0.0049703
v 0.0172000 -0.0013916 0.0048061
v 0.0172000 -0.0021262 0.0045293
v 0.0172000 -0.0026125 0.0042632
v 0.0172000 -0.0032910 0.0037773
v 0.0172000 -0.0039508 0.0030703
v 0.0172000 -0.0043824 0.0024144
v 0.0172000 -0.0047062 0.0016991
v 0.0172000 -0.0049140 0.0009420
v 0.0172000 -0.0049676 -0.0005880
v 0.0172000 -0.0047797 -0.0015012
v 0.0172000 -0.0043668 -0.0024454
v 0.0172000 -0.0039284 -0.0030969
v 0.0172000 -0.0032910 -0.0037773
v 0.0172000 -0.0026125 -0.0042632
v 0.0172000 -0.0020632 -0.0045583
v 0.0172000 -0.0013248 -0.0048249
v 0.0172000 -0.0003440 -0.0049980
v 0.0172000 0.0005878 -0.0049676
v 0.0172000 0.0013586 -0.0048170
v 0.0172000 0.0023183 -0.0044412
v 0.0172000 0.0032910 -0.0037773
v 0.0172000 0.0039507 -0.0030703
v 0.0172000 0.0043824 -0.0024144
v 0.0172000 0.0047062 -0.0016991
v 0.0172000 0.0049140 -0.0009420
v 0.0172000 -0.0050009 0.0001617
v 0.0172000 0.0049984 -0.0001964
v 0.0172000 0.0049846 0.0003923
v 0.0172000 0.0049005 0.0010102
v 0.0172000 0.0046931 0.0017313
v 0.0172000 0.0044550 0.0022700
v 0.0172000 0.0041592 0.0027792
v 0.0172000 0.0038020 0.0032472
v 0.0172000 0.0033708 0.0036977
v 0.0172000 0.0025756 0.0042971
v 0.0172000 0.0017314 0.0046931
v 0.0172000 0.0009764 0.0049088
v 0.0172000 0.0001965 0.0049984
v 0.0172000 -0.0005882 0.0049703
v 0.0172000 -0.0013916 0.0048061
v 0.0172000 -0.0021262 0.0045293
v 0.0172000 -0.0026125 0.0042632
v 0.0172000 -0.0032910 0.0037773
v 0.0172000 -0.0039508 0.0030703
v 0.0172000 -0.0043824 0.0024144
v 0.0172000 -0.0047062 0.0016991
v 0.0172000 -0.0049140 0.0009420
v 0.0172000 -0.0049676 -0.0005880
v 0.0172000 -0.0047797 -0.0015012
v 0.0172000 -0.0043668 -0.0024454
v 0.0172000 -0.0039284 -0.0030969
v 0.0172000 -0.0032910 -0.0037773
v 0.0172000 -0.0026125 -0.0042632
v 0.0172000 -0.0020632 -0.0045583
v 0.0172000 -0.0013248 -0.0048249
v 0.0172000 -0.0003440 -0.0049980
v 0.0172000 0.0005878 -0.0049676
v 0.0172000 0.0013586 -0.0048170
v 0.0172000 0.0023183 -0.0044412
v 0.0172000 0.0032910 -0.0037773
v 0.0172000 0.0039507 -0.0030703
v 0.0172000 0.0043824 -0.0024144
v 0.0172000 0.0047062 -0.0016991
v 0.0172000 0.0049140 -0.0009420
v 0.0172000 -0.0035024 0.0006562
v 0.0172000 -0.0032364 0.0014649
v 0.0172000 -0.0028227 0.0021748
v 0.0172000 -0.0020125 0.0029406
v 0.0172000 -0.0010054 0.0034185
v 0.0172000 -0.0001396 0.0035508
v 0.0172000 0.0004420 0.0035249
v 0.0172000 0.0011324 0.0033719
v 0.0172000 0.0018883 0.0030144
v 0.0172001 0.0026434 0.0023895
v 0.0172000 0.0032524 0.0014557
v 0.0172000 0.0035185 0.0005219
v 0.0172000 0.0035365 -0.0004186
v 0.0172000 0.0032995 -0.0013288
v 0.0172000 0.0029546 -0.0019743
v 0.0172000 0.0024903 -0.0025398
v 0.0172000 0.0018287 -0.0030509
v 0.0172000 0.0012066 -0.0033413
v 0.0172000 0.0004186 -0.0035365
v 0.0172000 -0.0003930 -0.0035307
v 0.0172000 -0.0011960 -0.0033566
v 0.0172000 -0.0020623 -0.0028981
v 0.0172001 -0.0027736 -0.0022371
v 0.0172000 -0.0032727 -0.0013934
v 0.0172000 -0.0035337 -0.0004582
v 0.0172000 -0.0035024 0.0006562
v 0.0172000 -0.0032364 0.0014649
v 0.0172000 -0.0028227 0.0021748
v 0.0172000 -0.0020125 0.0029406
v 0.0172000 -0.0010054 0.0034185
v 0.0172000 -0.0001396 0.0035508
v 0.0172000 0.0004420 0.0035249
v 0.0172000 0.0011324 0.0033719
v 0.0172000 0.0018883 0.0030144
v 0.0172001 0.0026434 0.0023895
v 0.0172000 0.0032524 0.0014557
v 0.0172000 0.0035185 0.0005219
v 0.0172000 0.0035365 -0.0004186
v 0.0172000 0.0032995 -0.0013288
v 0.0172000 0.0029546 -0.0019743
v 0.0172000 0.0024903 -0.0025398
v 0.0172000 0.0018287 -0.0030509
v 0.0172000 0.0012066 -0.0033413
v 0.0172000 0.0004186 -0.0035365
v 0.0172000 -0.0003930 -0.0035307
v 0.0172000 -0.0011960 -0.0033566
v 0.0172000 -0.0020623 -0.0028981
v 0.0172001 -0.0027736 -0.0022371
v 0.0172000 -0.0032727 -0.0013934
v 0.0172000 -0.0035337 -0.0004582
v 0.0174000 -0.0033488 0.0001549
v 0.0174000 -0.0032833 0.0006768
v 0.0174000 -0.0031370 0.0011821
v 0.0174000 -0.0029135 0.0016582
v 0.0174001 -0.0025308 0.0022050
v 0.0174000 -0.0020570 0.0026471
v 0.0174000 -0.0016178 0.0029362
v 0.0174000 -0.0011384 0.0031531
v 0.0174000 -0.0006312 0.0032924
v 0.0173992 -0.0001144 0.0033504
v 0.0174002 0.0004018 0.0033283
v 0.0174004 0.0010478 0.0031890
v 0.0174004 0.0017634 0.0028562
v 0.0174002 0.0022814 0.0024565
v 0.0174002 0.0026376 0.0020693
v 0.0174002 0.0029288 0.0016313
v 0.0174002 0.0031479 0.0011531
v 0.0174002 0.0032896 0.0006464
v 0.0174009 0.0033486 0.0001412
v 0.0174009 0.0033308 -0.0003805
v 0.0173992 0.0032312 -0.0008934
v 0.0174009 0.0030502 -0.0013911
v 0.0174003 0.0027221 -0.0019641
v 0.0173986 0.0021982 -0.0025367
v 0.0174000 0.0016584 -0.0029134
v 0.0174000 0.0010687 -0.0031819
v 0.0174009 0.0004076 -0.0033276
v 0.0173985 -0.0002726 -0.0033472
v 0.0174000 -0.0009322 -0.0032201
v 0.0174000 -0.0014244 -0.0030347
v 0.0174000 -0.0018818 -0.0027743
v 0.0174000 -0.0022927 -0.0024457
v 0.0174000 -0.0026471 -0.0020570
v 0.0174000 -0.0029362 -0.0016176
v 0.0174000 -0.0031531 -0.0011384
v 0.0174001 -0.0033203 -0.0004924
v 0.0174000 -0.0033488 0.0001549
v 0.0174000 -0.0032833 0.0006768
v 0.0174000 -0.0031370 0.0011821
v 0.0174000 -0.0029135 0.0016582
v 0.0174001 -0.0025308 0.0022050
v 0.0174000 -0.0020570 0.0026471
v 0.0174000 -0.0016178 0.0029362
v 0.0174000 -0.0011384 0.0031531
v 0.0174000 -0.0006312 0.0032924
v 0.0173992 -0.0001144 0.0033504
v 0.0174002 0.0004018 0.0033283
v 0.0174004 0.0010478 0.0031890
v 0.0174004 0.0017634 0.0028562
v 0.0174002 0.0022814 0.0024565
v 0.0174002 0.0026376 0.0020693
v 0.0174002 0.0029288 0.0016313
v 0.0174002 0.0031479 0.0011531
v 0.0174002 0.0032896 0.0006464
v 0.0174009 0.0033486 0.0001412
v 0.0174009 0.0033308 -0.0003805
v 0.0173992 0.0032312 -0.0008934
v 0.0174009 0.0030502 -0.0013911
v 0.0174003 0.0027221 -0.0019641
v 0.0173986 0.0021982 -0.0025367
v 0.0174000 0.0016584 -0.0029134
v 0.0174000 0.0010687 -0.0031819
v 0.0174009 0.0004076 -0.0033276
v 0.0173985 -0.0002726 -0.0033472
v 0.0174000 -0.0009322 -0.0032201
v 0.0174000 -0.0014244 -0.0030347
v 0.0174000 -0.0018818 -0.0027743
v 0.0174000 -0.0022927 -0.0024457
v 0.0174000 -0.0026471 -0.0020570
v 0.0174000 -0.0029362 -0.0016176
v 0.0174000 -0.0031531 -0.0011384
v 0.0174001 -0.0033203 -0.0004924
v 0.0184000 0.0033507 0.0001316
v 0.0184000 -0.0033506 0.0001084
v 0.0184000 -0.0033263 -0.0004171
v 0.0184000 -0.0031820 -0.0010686
v 0.0184000 -0.0029135 -0.0016583
v 0.0184000 -0.0026182 -0.0020936
v 0.0184000 -0.0022586 -0.0024773
v 0.0184000 -0.0018431 -0.0028002
v 0.0184000 -0.0013822 -0.0030542
v 0.0184000 -0.0008874 -0.0032328
v 0.0184000 -0.0002633 -0.0033448
v 0.0184000 0.0004925 -0.0033203
v 0.0184000 0.0010352 -0.0031861
v 0.0184000 0.0015232 -0.0029895
v 0.0184000 0.0020571 -0.0026470
v 0.0184000 0.0024458 -0.0022927
v 0.0184000 0.0027743 -0.0018818
v 0.0184000 0.0030346 -0.0014246
v 0.0184000 0.0032201 -0.0009323
v 0.0184000 0.0033263 -0.0004171
v 0.0184000 0.0032833 0.0006768
v 0.0184000 0.0031370 0.0011821
v 0.0184000 0.0029135 0.0016582
v 0.0184000 0.0026183 0.0020935
v 0.0184000 0.0022585 0.0024774
v 0.0184000 0.0017257 0.0028790
v 0.0184000 0.0010057 0.0032024
v 0.0184000 0.0003710 0.0033318
v 0.0184000 -0.0001548 0.0033488
v 0.0184000 -0.0006768 0.0032833
v 0.0184000 -0.0011820 0.0031371
v 0.0184000 -0.0016584 0.0029134
v 0.0184000 -0.0020936 0.0026182
v 0.0184000 -0.0025737 0.0021547
v 0.0184000 -0.0029363 0.0016176
v 0.0184000 -0.0031531 0.0011384
v 0.0184000 -0.0032924 0.0006312
v 0.0184000 0.0033507 0.0001316
v 0.0184000 -0.0033506 0.0001084
v 0.0184000 -0.0033263 -0.0004171
v 0.0184000 -0.0031820 -0.0010686
v 0.0184000 -0.0029135 -0.0016583
v 0.0184000 -0.0026182 -0.0020936
v 0.0184000 -0.0022586 -0.0024773
v 0.0184000 -0.0018431 -0.0028002
v 0.0184000 -0.0013822 -0.0030542
v 0.0184000 -0.0008874 -0.0032328
v 0.0184000 -0.0002633 -0.0033448
v 0.0184000 0.0004925 -0.0033203
v 0.0184000 0.0010352 -0.0031861
v 0.0184000 0.0015232 -0.0029895
v 0.0184000 0.0020571 -0.0026470
v 0.0184000 0.0024458 -0.0022927
v 0.0184000 0.0027743 -0.0018818
v 0.0184000 0.0030346 -0.0014246
v 0.0184000 0.0032201 -0.0009323
v 0.0184000 0.0033263 -0.0004171
v 0.0184000 0.0032833 0.0006768
v 0.0184000 0.0031370 0.0011821
v 0.0184000 0.0029135 0.0016582
v 0.0184000 0.0026183 0.0020935
v 0.0184000 0.0022585 0.0024774
v 0.0184000 0.0017257 0.0028790
v 0.0184000 0.0010057 0.0032024
v 0.0184000 0.0003710 0.0033318
v 0.0184000 -0.0001548 0.0033488
v 0.0184000 -0.0006768 0.0032833
v 0.0184000 -0.0011820 0.0031371
v 0.0184000 -0.0016584 0.0029134
v 0.0184000 -0.0020936 0.0026182
v 0.0184000 -0.0025737 0.0021547
v 0.0184000 -0.0029363 0.0016176
v 0.0184000 -0.0031531 0.0011384
v 0.0184000 -0.0032924 0.0006312
v 0.0184000 -0.0002202 -0.0027982
v 0.0184000 -0.0008930 -0.0026596
v 0.0184000 -0.0014894 -0.0023775
v 0.0184000 -0.0019162 -0.0020444
v 0.0184000 -0.0022858 -0.0016266
v 0.0184000 -0.0026024 -0.0010481
v 0.0184000 -0.0027945 -0.0002992
v 0.0184000 0.0027945 -0.0002992
v 0.0184000 0.0026024 -0.0010481
v 0.0184000 0.0023405 -0.0015405
v 0.0184000 0.0020031 -0.0019643
v 0.0184000 0.0014005 -0.0024367
v 0.0184000 0.0005790 -0.0027502
v 0.0184000 0.0003301 0.0027893
v 0.0184000 0.0009701 0.0026295
v 0.0184000 0.0014893 0.0023776
v 0.0184000 0.0019016 0.0020570
v 0.0184000 0.0023193 0.0015874
v 0.0184000 0.0026295 0.0009701
v 0.0184000 0.0027698 0.0004387
v 0.0184000 -0.0027665 0.0004661
v 0.0184000 -0.0026220 0.0009880
v 0.0184000 -0.0023193 0.0015874
v 0.0184000 -0.0018010 0.0021511
v 0.0184000 -0.0013521 0.0024542
v 0.0184000 -0.0008407 0.0026766
v 0.0184000 -0.0003099 0.0027848
v 0.0184000 -0.0002202 -0.0027982
v 0.0184000 -0.0008930 -0.0026596
v 0.0184000 -0.0014894 -0.0023775
v 0.0184000 -0.0019162 -0.0020444
v 0.0184000 -0.0022858 -0.0016266
v 0.0184000 -0.0026024 -0.0010481
v 0.0184000 -0.0027945 -0.0002992
v 0.0184000 0.0027945 -0.0002992
v 0.0184000 0.0026024 -0.0010481
v 0.0184000 0.0023405 -0.0015405
v 0.0184000 0.0020031 -0.0019643
v 0.0184000 0.0014005 -0.0024367
v 0.0184000 0.0005790 -0.0027502
v 0.0184000 0.0003301 0.0027893
v 0.0184000 0.0009701 0.0026295
v 0.0184000 0.0014893 0.0023776
v 0.0184000 0.0019016 0.0020570
v 0.0184000 0.0023193 0.0015874
v 0.0184000 0.0026295 0.0009701
v 0.0184000 0.0027698 0.0004387
v 0.0184000 -0.0027665 0.0004661
v 0.0184000 -0.0026220 0.0009880
v 0.0184000 -0.0023193 0.0015874
v 0.0184000 -0.0018010 0.0021511
v 0.0184000 -0.0013521 0.0024542
v 0.0184000 -0.0008407 0.0026766
v 0.0184000 -0.0003099 0.0027848
v 0.0186000 -0.0025990 -0.0001202
v 0.0186000 -0.0025859 0.0002878
v 0.0186000 -0.0025090 0.0006888
v 0.0186000 -0.0023703 0.0010729
v 0.0186000 -0.0021733 0.0014305
v 0.0186000 -0.0019228 0.0017528
v 0.0186000 -0.0015520 0.0020924
v 0.0186001 -0.0010207 0.0023968
v 0.0186000 -0.0005252 0.0025483
v 0.0186000 -0.0000256 0.0026050
v 0.0186007 0.0004972 0.0025539
v 0.0186003 0.0009892 0.0024101
v 0.0186003 0.0015244 0.0021127
v 0.0186002 0.0019066 0.0017706
v 0.0186003 0.0022168 0.0013685
v 0.0186003 0.0024751 0.0008132
v 0.0185994 0.0025851 0.0003012
v 0.0186007 0.0025989 -0.0001096
v 0.0186002 0.0025531 -0.0005017
v 0.0186002 0.0024432 -0.0008949
v 0.0186002 0.0022731 -0.0012661
v 0.0185994 0.0020516 -0.0016003
v 0.0186000 0.0017666 -0.0019112
v 0.0186013 0.0013518 -0.0022257
v 0.0186002 0.0009063 -0.0024390
v 0.0186003 0.0004160 -0.0025718
v 0.0185990 -0.0001858 -0.0025985
v 0.0186000 -0.0006888 -0.0025090
v 0.0186000 -0.0010730 -0.0023703
v 0.0186000 -0.0014305 -0.0021733
v 0.0186000 -0.0017528 -0.0019228
v 0.0186000 -0.0020924 -0.0015519
v 0.0186000 -0.0023552 -0.0011057
v 0.0186000 -0.0025270 -0.0006330
v 0.0186000 -0.0025990 -0.0001202
v 0.0186000 -0.0025859 0.0002878
v 0.0186000 -0.0025090 0.0006888
v 0.0186000 -0.0023703 0.0010729
v 0.0186000 -0.0021733 0.0014305
v 0.0186000 -0.0019228 0.0017528
v 0.0186000 -0.0015520 0.0020924
v 0.0186001 -0.0010207 0.0023968
v 0.0186000 -0.0005252 0.0025483
v 0.0186000 -0.0000256 0.0026050
v 0.0186007 0.0004972 0.0025539
v 0.0186003 0.0009892 0.0024101
v 0.0186003 0.0015244 0.0021127
v 0.0186002 0.0019066 0.0017706
v 0.0186003 0.0022168 0.0013685
v 0.0186003 0.0024751 0.0008132
v 0.0185994 0.0025851 0.0003012
v 0.0186007 0.0025989 -0.0001096
v 0.0186002 0.0025531 -0.0005017
v 0.0186002 0.0024432 -0.0008949
v 0.0186002 0.0022731 -0.0012661
v 0.0185994 0.0020516 -0.0016003
v 0.0186000 0.0017666 -0.0019112
v 0.0186013 0.0013518 -0.0022257
v 0.0186002 0.0009063 -0.0024390
v 0.0186003 0.0004160 -0.0025718
v 0.0185990 -0.0001858 -0.0025985
v 0.0186000 -0.0006888 -0.0025090
v 0.0186000 -0.0010730 -0.0023703
v 0.0186000 -0.0014305 -0.0021733
v 0.0186000 -0.0017528 -0.0019228
v 0.0186000 -0.0020924 -0.0015519
v 0.0186000 -0.0023552 -0.0011057
v 0.0186000 -0.0025270 -0.0006330
v 0.0190000 0.0025990 0.0001788
v 0.0190000 -0.0026065 0.0001315
v 0.0190000 -0.0025390 -0.0005832
v 0.0190000 -0.0023327 -0.0011598
v 0.0190000 -0.0020544 -0.0015965
v 0.0190000 -0.0017112 -0.0019643
v 0.0190000 -0.0012054 -0.0023095
v 0.0190000 -0.0007237 -0.0024992
v 0.0190000 -0.0002299 -0.0025950
v 0.0190000 0.0003060 -0.0025845
v 0.0190000 0.0009028 -0.0024469
v 0.0190000 0.0014460 -0.0021639
v 0.0190000 0.0018413 -0.0018413
v 0.0190000 0.0022627 -0.0013005
v 0.0190000 0.0025538 -0.0005376
v 0.0190000 0.0024584 0.0008760
v 0.0190000 0.0021225 0.0015105
v 0.0190000 0.0017113 0.0019642
v 0.0190000 0.0011833 0.0023223
v 0.0190000 0.0006078 0.0025321
v 0.0190000 0.0001202 0.0025991
v 0.0190000 -0.0003822 0.0025769
v 0.0190000 -0.0009733 0.0024165
v 0.0190000 -0.0015105 0.0021225
v 0.0190000 -0.0020314 0.0016384
v 0.0190000 -0.0024383 0.0009305
v 0.0190000 0.0025990 0.0001788
v 0.0190000 -0.0026065 0.0001315
v 0.0190000 -0.0025390 -0.0005832
v 0.0190000 -0.0023327 -0.0011598
v 0.0190000 -0.0020544 -0.0015965
v 0.0190000 -0.0017112 -0.0019643
v 0.0190000 -0.0012054 -0.0023095
v 0.0190000 -0.0007237 -0.0024992
v 0.0190000 -0.0002299 -0.0025950
v 0.0190000 0.0003060 -0.0025845
v 0.0190000 0.0009028 -0.0024469
v 0.0190000 0.0014460 -0.0021639
v 0.0190000 0.0018413 -0.0018413
v 0.0190000 0.0022627 -0.0013005
v 0.0190000 0.0025538 -0.0005376
v 0.0190000 0.0024584 0.0008760
v 0.0190000 0.0021225 0.0015105
v 0.0190000 0.0017113 0.0019642
v 0.0190000 0.0011833 0.0023223
v 0.0190000 0.0006078 0.0025321
v 0.0190000 0.0001202 0.0025991
v 0.0190000 -0.0003822 0.0025769
v 0.0190000 -0.0009733 0.0024165
v 0.0190000 -0.0015105 0.0021225
v 0.0190000 -0.0020314 0.0016384
v 0.0190000 -0.0024383 0.0009305
v 0.0190001 -0.0001243 -0.0012987
v 0.0190001 -0.0005501 -0.0011849
v 0.0190001 -0.0009898 -0.0008530
v 0.0190001 -0.0011679 -0.0005726
v 0.0190001 -0.0012803 -0.0002413
v 0.0190000 -0.0013005 0.0000768
v 0.0190001 0.0013063 -0.0000479
v 0.0190001 0.0012270 -0.0004385
v 0.0190001 0.0010063 -0.0008304
v 0.0190001 0.0007005 -0.0011007
v 0.0190001 0.0003107 -0.0012691
v 0.0190001 0.0003261 0.0012633
v 0.0190001 0.0006083 0.0011497
v 0.0190001 0.0008465 0.0009912
v 0.0190001 0.0011111 0.0006877
v 0.0190001 0.0012431 0.0003829
v 0.0190001 -0.0012094 0.0004947
v 0.0190001 -0.0009911 0.0008465
v 0.0190001 -0.0006565 0.0011311
v 0.0190001 -0.0001082 0.0013022
v 0.0190001 -0.0001243 -0.0012987
v 0.0190001 -0.0005501 -0.0011849
v 0.0190001 -0.0009898 -0.0008530
v 0.0190001 -0.0011679 -0.0005726
v 0.0190001 -0.0012803 -0.0002413
v 0.0190000 -0.0013005 0.0000768
v 0.0190001 0.0013063 -0.0000479
v 0.0190001 0.0012270 -0.0004385
v 0.0190001 0.0010063 -0.0008304
v 0.0190001 0.0007005 -0.0011007
v 0.0190001 0.0003107 -0.0012691
v 0.0190001 0.0003261 0.0012633
v 0.0190001 0.0006083 0.0011497
v 0.0190001 0.0008465 0.0009912
v 0.0190001 0.0011111 0.0006877
v 0.0190001 0.0012431 0.0003829
v 0.0190001 -0.0012094 0.0004947
v 0.0190001 -0.0009911 0.0008465
v 0.0190001 -0.0006565 0.0011311
v 0.0190001 -0.0001082 0.0013022
v 0.0191987 -0.0010975 0.0001217
v 0.0191986 -0.0010043 0.0004590
v 0.0192002 -0.0008155 0.0007444
v 0.0192002 -0.0005455 0.0009600
v 0.0191997 -0.0002789 0.0010663
v 0.0191995 -0.0000307 0.0011007
v 0.0192001 0.0002051 0.0010849
v 0.0192001 0.0005303 0.0009685
v 0.0192001 0.0008036 0.0007572
v 0.0191983 0.0009977 0.0004731
v 0.0191978 0.0011022 0.0000998
v 0.0192002 0.0010645 -0.0002931
v 0.0191997 0.0009512 -0.0005568
v 0.0192007 0.0007255 -0.0008357
v 0.0192002 0.0003887 -0.0010335
v 0.0191997 0.0001478 -0.0010908
v 0.0192002 -0.0001229 -0.0010973
v 0.0192002 -0.0004560 -0.0010056
v 0.0191997 -0.0006988 -0.0008524
v 0.0191990 -0.0008882 -0.0006527
v 0.0191998 -0.0010227 -0.0004118
v 0.0192002 -0.0010874 -0.0001802
v 0.0191987 -0.0010975 0.0001217
v 0.0191986 -0.0010043 0.0004590
v 0.0192002 -0.0008155 0.0007444
v 0.0192002 -0.0005455 0.0009600
v 0.0191997 -0.0002789 0.0010663
v 0.0191995 -0.0000307 0.0011007
v 0.0192001 0.0002051 0.0010849
v 0.0192001 0.0005303 0.0009685
v 0.0192001 0.0008036 0.0007572
v 0.0191983 0.0009977 0.0004731
v 0.0191978 0.0011022 0.0000998
v 0.0192002 0.0010645 -0.0002931
v 0.0191997 0.0009512 -0.0005568
v 0.0192007 0.0007255 -0.0008357
v 0.0192002 0.0003887 -0.0010335
v 0.0191997 0.0001478 -0.0010908
v 0.0192002 -0.0001229 -0.0010973
v 0.0192002 -0.0004560 -0.0010056
v 0.0191997 -0.0006988 -0.0008524
v 0.0191990 -0.0008882 -0.0006527
v 0.0191998 -0.0010227 -0.0004118
v 0.0192002 -0.0010874 -0.0001802
v 0.0224000 0.0010979 0.0001176
v 0.0224000 -0.0010902 -0.0001617
v 0.0224000 -0.0010224 -0.0004117
v 0.0224000 -0.0008980 -0.0006390
v 0.0224000 -0.0007240 -0.0008310
v 0.0224000 -0.0004356 -0.0010173
v 0.0224000 -0.0000973 -0.0010979
v 0.0224000 0.0002586 -0.0010770
v 0.0224000 0.0006130 -0.0009175
v 0.0224000 0.0008677 -0.0006840
v 0.0224000 0.0010671 -0.0003009
v 0.0224000 0.0010078 0.0004510
v 0.0224000 0.0008191 0.0007404
v 0.0224000 0.0006116 0.0009156
v 0.0224000 0.0003819 0.0010353
v 0.0224000 0.0000556 0.0011027
v 0.0224000 -0.0002467 0.0010742
v 0.0224000 -0.0005287 0.0009693
v 0.0224000 -0.0007415 0.0008135
v 0.0224000 -0.0009111 0.0006236
v 0.0224000 -0.0010448 0.0003509
v 0.0224000 -0.0010979 0.0000973
v 0.0224000 0.0010979 0.0001176
v 0.0224000 -0.0010902 -0.0001617
v 0.0224000 -0.0010224 -0.0004117
v 0.0224000 -0.0008980 -0.0006390
v 0.0224000 -0.0007240 -0.0008310
v 0.0224000 -0.0004356 -0.0010173
v 0.0224000 -0.0000973 -0.0010979
v 0.0224000 0.0002586 -0.0010770
v 0.0224000 0.0006130 -0.0009175
v 0.0224000 0.0008677 -0.0006840
v 0.0224000 0.0010671 -0.0003009
v 0.0224000 0.0010078 0.0004510
v 0.0224000 0.0008191 0.0007404
v 0.0224000 0.0006116 0.0009156
v 0.0224000 0.0003819 0.0010353
v 0.0224000 0.0000556 0.0011027
v 0.0224000 -0.0002467 0.0010742
v 0.0224000 -0.0005287 0.0009693
v 0.0224000 -0.0007415 0.0008135
v 0.0224000 -0.0009111 0.0006236
v 0.0224000 -0.0010448 0.0003509
v 0.0224000 -0.0010979 0.0000973
vn -0.999990 -0.004409 0.000295
vn -1.000000 -0.000074 0.000005
vn -1.000000 0.000000 0.000000
vn -1.000000 0.000000 0.000000
vn -1.000000 0.000000 0.000000
vn -1.000000 0.000000 0.000000
vn -1.000000 0.000000 0.000000
vn -1.000000 0.000000 0.000000
vn -1.000000 0.000000 0.000000
vn -1.000000 0.000000 0.000000
vn -1.000000 0.000055 0.000004
vn -0.999995 0.003284 0.000220
vn -1.000000 0.000000 0.000000
vn -1.000000 0.000000 0.000000
vn -1.000000 0.000000 0.000000
vn -1.000000 0.000000 0.000000
vn -1.000000 0.000000 0.000000
vn -1.000000 0.000000 0.000000
vn -1.000000 0.000000 0.000000
vn -1.000000 0.000000 0.000000
vn -1.000000 0.000000 0.000000
vn -1.000000 0.000000 0.000000
vn -1.000000 0.000000 0.000000
vn -1.000000 0.000000 0.000000
vn -1.000000 0.000000 0.000000
vn -1.000000 0.000000 0.000000
vn -1.000000 0.000000 0.000000
vn -1.000000 0.000000 0.000000
vn -1.000000 0.000000 0.000000
vn -1.000000 0.000000 0.000000
vn -1.000000 0.000000 0.000000
vn -1.000000 0.000000 0.000000
vn -1.000000 0.000000 0.000000
vn -1.000000 0.000000 0.000000
vn -1.000000 0.000000 0.000000
vn -1.000000 0.000000 0.000000
vn -1.000000 0.000000 0.000000
vn -1.000000 0.000000 0.000000
vn -1.000000 0.000000 0.000000
vn -1.000000 0.000000 0.000000
vn -1.000000 0.000000 0.000000
vn -1.000000 0.000000 0.000000
vn -1.000000 0.000000 0.000000
vn -1.000000 0.000000 0.000000
vn -1.000000 0.000000 0.000000
vn -1.000000 0.000000 0.000000
vn -1.000000 0.000000 0.000000
vn -1.000000 0.000000 0.000000
vn -1.000000 0.000000 0.000000
vn -1.000000 0.000000 0.000000
vn -0.999997 0.002408 0.000161
vn -1.000000 0.000000 0.000000
vn -1.000000 0.000000 0.000000
vn -1.000000 0.000000 0.000000
vn -1.000000 0.000000 0.000000
vn -1.000000 0.000000 0.000000
vn -1.000000 0.000000 0.000000
vn -1.000000 0.000000 0.000000
vn -1.000000 0.000000 0.000000
vn -1.000000 0.000000 0.000000
vn -1.000000 0.000000 0.000000
vn -1.000000 0.000000 0.000000
vn -1.000000 0.000000 0.000000
vn -0.999995 -0.003232 0.000216
vn -1.000000 0.000000 0.000000
vn -1.000000 0.000000 0.000000
vn -1.000000 0.000000 0.000000
vn -1.000000 0.000000 0.000000
vn -0.999998 0.001611 -0.001323
vn -0.999988 0.003827 -0.003144
vn -0.999985 -0.005426 0.000290
vn -0.999995 -0.003311 0.000177
vn -1.000000 0.000000 0.000000
vn -1.000000 0.000000 0.000000
vn -1.000000 0.000000 0.000000
vn -1.000000 0.000000 0.000000
vn -1.000000 0.000000 0.000000
vn -1.000000 0.000000 0.000000
vn -1.000000 0.000000 0.000000
vn -1.000000 0.000000 0.000000
vn -1.000000 0.000000 0.000000
vn -1.000000 0.000000 0.000000
vn -1.000000 0.000000 0.000000
vn -1.000000 0.000000 0.000000
vn -1.000000 0.000000 0.000000
vn -1.000000 0.000000 0.000000
vn -1.000000 0.000000 0.000000
vn -1.000000 0.000000 0.000000
vn -1.000000 0.000000 0.000000
vn -1.000000 0.000000 0.000000
vn -1.000000 0.000000 0.000000
vn -1.000000 0.000000 0.000000
vn -1.000000 0.000000 0.000000
vn -1.000000 0.000000 0.000000
vn -1.000000 0.000000 0.000000
vn -1.000000 0.000000 0.000000
vn -1.000000 0.000000 0.000000
vn -1.000000 0.000000 0.000000
vn -1.000000 0.000000 0.000000
vn -1.000000 0.000000 0.000000
vn -1.000000 0.000000 0.000000
vn -1.000000 0.000000 0.000000
vn -1.000000 0.000000 0.000000
vn -1.000000 0.000000 0.000000
vn -1.000000 0.000000 0.000000
vn -1.000000 0.000000 0.000000
vn -1.000000 0.000000 0.000000
vn -1.000000 0.000000 0.000000
vn -1.000000 0.000000 0.000000
vn -1.000000 0.000000 0.000000
vn -1.000000 0.000000 0.000000
vn -1.000000 0.000000 0.000000
vn -1.000000 0.000000 0.000000
vn -1.000000 0.000000 0.000000
vn -1.000000 0.000000 0.000000
vn -1.000000 0.000000 0.000000
vn -1.000000 0.000000 0.000000
vn -1.000000 0.000000 0.000000
vn -1.000000 0.000000 0.000000
vn -1.000000 0.000000 0.000000
vn -1.000000 0.000000 0.000000
vn -1.000000 0.000000 0.000000
vn -1.000000 0.000000 0.000000
vn -1.000000 0.000000 0.000000
vn -1.000000 0.000000 0.000000
vn -1.000000 0.000000 0.000000
vn -1.000000 0.000000 0.000000
vn -1.000000 0.000000 0.000000
vn -1.000000 0.000000 0.000000
vn -1.000000 0.000000 0.000000
vn -1.000000 0.000000 0.000000
vn -1.000000 0.000000 0.000000
vn -1.000000 0.000000 0.000000
vn -1.000000 0.000000 0.000000
vn -1.000000 0.000000 0.000000
vn -1.000000 0.000000 0.000000
vn -1.000000 0.000000 0.000000
vn -1.000000 0.000000 0.000000
vn -1.000000 0.000000 0.000000
vn -1.000000 0.000000 0.000000
vn -1.000000 0.000000 0.000000
vn -1.000000 0.000000 0.000000
vn -1.000000 -0.000785 0.000042
vn -0.999998 0.001451 -0.001191
vn -1.000000 0.000000 0.000000
vn -1.000000 0.000000 0.000000
vn -1.000000 0.000000 0.000000
vn -0.734488 0.259695 -0.626966
vn -0.707133 0.000012 -0.707080
vn -0.734491 0.626957 -0.259707
vn -0.707100 0.707113 -0.000000
vn -0.707133 0.000053 -0.707080
vn -0.707132 0.000012 -0.707082
vn -0.734486 0.259701 -0.626965
vn -0.707100 0.707113 -0.000000
vn -0.734490 0.626967 -0.259686
vn 0.000000 0.000000 -1.000000
vn 0.000000 0.000000 -1.000000
vn 0.000000 0.000000 -1.000000
vn 0.000000 0.000000 -1.000000
vn 0.000000 0.000000 -1.000000
vn 0.000000 0.000000 -1.000000
vn 0.000000 0.000000 -1.000000
vn 0.000000 0.000000 -1.000000
vn 0.000054 -0.707139 -0.707075
vn 0.000011 -0.707137 -0.707077
vn 0.000000 -0.707112 -0.707101
vn -0.000000 -0.707114 -0.707100
vn 0.000011 -0.707139 -0.707075
vn -0.707101 -0.707113 0.000000
vn -0.707101 -0.707112 0.000000
vn -0.707101 -0.707113 0.000002
vn -0.707101 -0.707113 0.000000
vn -0.707101 -0.707112 0.000000
vn -0.000000 -1.000000 0.000000
vn -0.000000 -1.000000 0.000000
vn -0.000000 -1.000000 0.000000
vn -0.000000 -1.000000 0.000000
vn 0.000000 -1.000000 0.000000
vn -0.000000 -1.000000 0.000000
vn 0.000002 -0.000001 -1.000000
vn 0.000003 0.000000 -1.000000
vn -0.000000 -0.000003 -1.000000
vn 0.000002 -0.000002 -1.000000
vn 0.000000 1.000000 -0.000000
vn 0.000000 1.000000 -0.000000
vn 0.000000 1.000000 0.000000
vn 0.000000 1.000000 -0.000000
vn 0.000000 1.000000 0.000000
vn 0.000000 1.000000 -0.000000
vn -1.000000 0.000000 0.000019
vn -1.000000 0.000000 0.000019
vn -1.000000 0.000000 0.000019
vn -1.000000 0.000000 0.000019
vn 0.000000 0.000000 1.000000
vn 0.000000 0.000000 1.000000
vn 0.000000 0.000000 1.000000
vn 0.000000 0.000000 1.000000
vn 1.000000 0.000000 0.000000
vn 1.000000 0.000000 0.000000
vn 1.000000 0.000000 0.000000
vn 1.000000 0.000000 0.000000
vn 1.000000 0.000000 0.000000
vn 1.000000 0.000000 0.000000
vn 1.000000 0.000000 0.000000
vn 1.000000 0.000000 0.000000
vn 1.000000 0.000000 0.000000
vn 1.000000 0.000000 0.000000
vn 1.000000 0.000000 0.000000
vn 1.000000 0.000000 0.000000
vn 1.000000 0.000000 0.000000
vn 1.000000 0.000000 0.000000
vn 1.000000 0.000000 0.000000
vn 1.000000 0.000000 0.000000
vn 1.000000 0.000000 0.000000
vn 1.000000 0.000000 0.000000
vn 1.000000 0.000000 0.000000
vn 1.000000 0.000000 0.000000
vn 1.000000 0.000000 0.000000
vn 1.000000 0.000000 0.000000
vn 1.000000 0.000000 0.000000
vn 1.000000 0.000000 0.000000
vn 1.000000 0.000000 0.000000
vn 1.000000 0.000000 0.000000
vn 1.000000 0.000000 0.000000
vn 1.000000 0.000000 0.000000
vn 1.000000 0.000000 0.000000
vn 1.000000 0.000000 0.000000
vn 1.000000 0.000000 0.000000
vn 1.000000 0.000000 0.000000
vn 1.000000 0.000000 0.000000
vn 1.000000 0.000000 0.000000
vn 1.000000 0.000000 0.000000
vn 1.000000 0.000000 0.000000
vn 1.000000 0.000000 0.000000
vn 1.000000 0.000000 0.000000
vn 1.000000 0.000000 0.000000
vn 1.000000 0.000000 0.000000
vn 1.000000 0.000000 0.000000
vn 1.000000 0.000000 0.000000
vn 1.000000 0.000000 0.000000
vn 1.000000 0.000000 0.000000
vn 1.000000 0.000000 0.000000
vn 1.000000 0.000000 0.000000
vn 1.000000 0.000000 0.000000
vn 1.000000 0.000000 0.000000
vn 1.000000 0.000000 0.000000
vn 1.000000 0.000000 0.000000
vn 1.000000 0.000000 0.000000
vn 1.000000 0.000000 0.000000
vn 1.000000 0.000000 0.000000
vn 1.000000 0.000000 0.000000
vn 1.000000 0.000000 0.000000
vn 1.000000 0.000000 0.000000
vn 1.000000 0.000000 0.000000
vn 1.000000 0.000000 0.000000
vn 1.000000 0.000000 0.000000
vn 1.000000 0.000000 0.000000
vn 1.000000 0.000000 0.000000
vn 1.000000 0.000000 0.000000
vn 1.000000 0.000000 0.000000
vn 1.000000 0.000000 0.000000
vn 1.000000 0.000000 0.000000
vn 1.000000 0.000000 0.000000
vn 1.000000 0.000000 0.000000
vn 1.000000 0.000000 0.000000
vn 1.000000 0.000000 0.000000
vn 1.000000 0.000000 0.000000
vn 1.000000 0.000000 0.000000
vn 1.000000 0.000000 0.000000
vn 1.000000 0.000000 0.000000
vn 1.000000 0.000000 0.000000
vn 1.000000 0.000000 0.000000
vn 1.000000 0.000000 0.000000
vn 1.000000 0.000000 0.000000
vn 1.000000 0.000000 0.000000
vn 1.000000 0.000000 0.000000
vn 1.000000 0.000000 0.000000
vn 1.000000 0.000000 0.000000
vn 1.000000 0.000000 0.000000
vn 1.000000 0.000000 0.000000
vn 1.000000 0.000000 0.000000
vn 1.000000 0.000000 0.000000
vn 1.000000 0.000000 0.000000
vn 1.000000 0.000000 0.000000
vn 1.000000 0.000000 0.000000
vn 1.000000 0.000000 0.000000
vn 1.000000 0.000000 0.000000
vn 1.000000 0.000000 0.000000
vn 1.000000 0.000000 0.000000
vn 1.000000 0.000000 0.000000
vn 1.000000 0.000000 0.000000
vn 1.000000 0.000000 0.000000
vn 1.000000 0.000000 0.000000
vn 1.000000 0.000000 0.000000
vn 1.000000 0.000000 0.000000
vn 1.000000 0.000000 0.000000
vn 1.000000 0.000000 0.000000
vn 1.000000 0.000000 0.000000
vn 1.000000 0.000000 0.000000
vn 1.000000 0.000000 0.000000
vn 1.000000 0.000000 0.000000
vn 1.000000 0.000000 0.000000
vn 1.000000 0.000000 0.000000
vn 1.000000 0.000000 0.000000
vn 1.000000 0.000000 0.000000
vn 1.000000 0.000000 0.000000
vn 1.000000 0.000000 0.000000
vn 1.000000 0.000000 0.000000
vn 1.000000 0.000000 0.000000
vn 1.000000 0.000000 0.000000
vn 1.000000 0.000000 0.000000
vn 1.000000 0.000000 0.000000
vn 1.000000 0.000000 0.000000
vn 1.000000 0.000000 0.000000
vn 1.000000 0.000000 0.000000
vn 1.000000 0.000000 0.000000
vn 1.000000 0.000000 0.000000
vn 1.000000 0.000000 0.000000
vn 1.000000 0.000000 0.000000
vn 1.000000 0.000000 0.000000
vn 1.000000 0.000000 0.000000
vn 1.000000 0.000000 0.000000
vn 1.000000 0.000000 0.000000
vn 1.000000 0.000000 0.000000
vn 1.000000 0.000000 0.000000
vn 1.000000 0.000000 0.000000
vn 1.000000 0.000000 0.000000
vn 1.000000 0.000000 0.000000
vn 1.000000 0.000000 0.000000
vn 1.000000 0.000000 0.000000
vn 1.000000 0.000000 0.000000
vn 1.000000 0.000000 0.000000
vn 1.000000 0.000000 0.000000
vn 1.000000 0.000000 0.000000
vn 1.000000 0.000000 0.000000
vn 1.000000 0.000000 0.000000
vn 1.000000 0.000000 0.000000
vn 1.000000 0.000000 0.000000
vn 1.000000 0.000000 0.000000
vn 1.000000 0.000000 0.000000
vn 1.000000 0.000000 0.000000
vn 1.000000 0.000000 0.000000
vn 1.000000 0.000000 0.000000
vn 1.000000 0.000000 0.000000
vn 1.000000 0.000000 0.000000
vn 1.000000 0.000000 0.000000
vn 1.000000 0.000000 0.000000
vn 1.000000 0.000000 0.000000
vn 1.000000 0.000000 0.000000
vn 1.000000 0.000000 0.000000
vn 1.000000 0.000000 0.000000
vn 1.000000 0.000000 0.000000
vn 1.000000 0.000000 0.000000
vn 1.000000 0.000000 0.000000
vn 1.000000 0.000000 0.000000
vn 1.000000 0.000000 0.000000
vn 1.000000 0.000000 0.000000
vn 1.000000 0.000000 0.000000
vn 1.000000 0.000000 0.000000
vn 1.000000 0.000000 0.000000
vn 1.000000 0.000000 0.000000
vn 1.000000 0.000000 0.000000
vn 1.000000 0.000000 0.000000
vn 1.000000 0.000000 0.000000
vn 1.000000 0.000000 0.000000
vn 1.000000 0.000000 0.000000
vn 1.000000 0.000000 0.000000
vn 1.000000 0.000000 0.000000
vn 1.000000 0.000000 0.000000
vn 1.000000 0.000000 0.000000
vn 1.000000 0.000000 0.000000
vn 1.000000 0.000000 0.000000
vn 1.000000 0.000000 0.000000
vn 1.000000 0.000000 0.000000
vn 1.000000 0.000000 0.000000
vn 1.000000 0.000000 0.000000
vn 1.000000 0.000000 0.000000
vn 1.000000 0.000000 0.000000
vn 1.000000 0.000000 0.000000
vn 1.000000 0.000000 0.000000
vn 1.000000 0.000000 0.000000
vn 1.000000 0.000000 0.000000
vn 1.000000 0.000000 0.000000
vn 1.000000 0.000000 0.000000
vn 1.000000 0.000000 0.000000
vn 1.000000 0.000000 0.000000
vn 1.000000 0.000000 0.000000
vn 1.000000 0.000000 0.000000
vn -0.000173 -0.000190 1.000000
vn -0.000168 -0.000386 1.000000
vn 0.000000 -0.000257 1.000000
vn -0.000081 -0.000328 1.000000
vn -0.000177 -0.000283 1.000000
vn 0.000000 0.000000 1.000000
vn -0.000000 -0.776776 0.629777
vn 0.001099 -0.853331 0.521369
vn 0.000743 -0.816030 0.578010
vn -0.001253 -0.857252 0.514896
vn -0.001035 -0.780359 0.625331
vn -0.000913 -0.820876 0.571106
vn 1.000000 0.000000 0.000000
vn 1.000000 0.000000 0.000000
vn 1.000000 0.000000 0.000000
vn 1.000000 0.000000 0.000000
vn 1.000000 0.000000 0.000000
vn 1.000000 0.000000 0.000000
vn 1.000000 0.000000 0.000000
vn 1.000000 0.000000 0.000000
vn 1.000000 0.000000 0.000000
vn 1.000000 0.000000 0.000000
vn 1.000000 0.000000 0.000000
vn 1.000000 0.000000 0.000000
vn 1.000000 0.000000 0.000000
vn 1.000000 0.000000 0.000000
vn 0.000000 0.707097 0.707117
vn 0.000000 0.707097 0.707117
vn 0.000000 0.707096 0.707118
vn 0.000000 0.707096 0.707118
vn 0.000000 1.000000 0.000000
vn 0.000000 1.000000 0.000000
vn 0.000000 1.000000 0.000000
vn 0.000000 1.000000 0.000000
vn 1.000000 0.000000 0.000000
vn 1.000000 0.000000 0.000000
vn 1.000000 0.000000 0.000000
vn 1.000000 0.000000 0.000000
vn 1.000000 0.000000 0.000000
vn 1.000000 0.000000 0.000000
vn 1.000000 0.000000 0.000000
vn 1.000000 0.000000 0.000000
vn 1.000000 0.000000 0.000000
vn 1.000000 0.000000 0.000000
vn 1.000000 0.000000 0.000000
vn 1.000000 0.000000 0.000000
vn 1.000000 0.000000 0.000000
vn 1.000000 0.000000 0.000000
vn 1.000000 0.000000 0.000000
vn 1.000000 0.000000 0.000000
vn 1.000000 0.000000 0.000000
vn 1.000000 0.000000 0.000000
vn 0.000000 -1.000000 0.000000
vn 0.000000 -1.000000 0.000000
vn 0.000000 -1.000000 0.000000
vn 0.000000 -1.000000 0.000000
vn 0.000000 -0.707131 -0.707083
vn 0.000000 -0.707131 -0.707083
vn 0.000000 -0.707131 -0.707083
vn 0.000000 -0.707131 -0.707083
vn 1.000000 0.000000 0.000000
vn 1.000000 0.000000 0.000000
vn 1.000000 0.000000 0.000000
vn 1.000000 0.000000 0.000000
vn 1.000000 0.000000 0.000000
vn 1.000000 0.000000 0.000000
vn 1.000000 0.000000 0.000000
vn 1.000000 0.000000 0.000000
vn 1.000000 0.000000 0.000000
vn 1.000000 0.000000 0.000000
vn 1.000000 0.000000 0.000000
vn 1.000000 0.000000 0.000000
vn 0.000000 -0.707112 0.707101
vn 0.000000 -0.707112 0.707101
vn 0.000000 -0.707112 0.707101
vn 0.000000 -0.707112 0.707101
vn 0.000000 0.000000 1.000000
vn 0.000000 0.000000 1.000000
vn 0.000000 0.000000 1.000000
vn 0.000000 0.000000 1.000000
vn 0.000000 0.000000 1.000000
vn 0.000000 0.000000 1.000000
vn 1.000000 0.000000 0.000000
vn 1.000000 0.000000 0.000000
vn 1.000000 0.000000 0.000000
vn 1.000000 0.000000 0.000000
vn 1.000000 0.000000 0.000000
vn 1.000000 0.000000 0.000000
vn 1.000000 0.000000 0.000000
vn 1.000000 0.000000 0.000000
vn 1.000000 0.000000 0.000000
vn 1.000000 0.000000 0.000000
vn 1.000000 0.000000 0.000000
vn 1.000000 0.000000 0.000000
vn 1.000000 0.000000 0.000000
vn 1.000000 0.000000 0.000000
vn 1.000000 0.000000 0.000000
vn 1.000000 0.000000 0.000000
vn 1.000000 0.000000 0.000000
vn 1.000000 0.000000 0.000000
vn 0.000000 1.000000 0.000000
vn 0.000000 1.000000 0.000000
vn 0.000000 1.000000 0.000000
vn 0.000000 1.000000 0.000000
vn 0.000000 0.707113 0.707100
vn 0.000000 0.707113 0.707100
vn 0.000000 0.707113 0.707100
vn 0.000000 0.707113 0.707100
vn 0.000000 0.000000 -1.000000
vn 0.000000 0.000000 -1.000000
vn 0.000000 0.000000 -1.000000
vn 0.000000 0.000000 -1.000000
vn 0.000000 0.000000 -1.000000
vn 0.000000 0.000000 -1.000000
vn 0.000000 0.000000 -1.000000
vn 0.000000 0.000000 -1.000000
vn 0.000000 0.000000 -1.000000
vn 0.000000 0.000000 -1.000000
vn -0.707107 0.000000 0.707107
vn -0.734497 0.254434 0.629108
vn -0.749227 0.610370 0.257116
vn -0.734666 0.626803 -0.259586
vn -0.734506 0.259688 -0.626947
vn -0.707132 0.000000 -0.707081
vn -0.707133 0.000000 -0.707080
vn -0.734509 0.259685 -0.626945
vn -0.734503 0.626948 -0.259697
vn -0.751945 0.610605 0.248475
vn -0.737469 0.251975 0.626616
vn -0.707107 0.000000 0.707107
vn -0.707100 0.707113 -0.000000
vn -0.734503 0.626948 0.259693
vn -0.734530 0.259683 0.626921
vn -0.734530 -0.259682 0.626921
vn -0.734502 -0.626950 0.259694
vn -0.707100 -0.707113 0.000000
vn -0.707100 0.707113 -0.000000
vn -0.734502 0.626953 0.259687
vn -0.734528 0.259677 0.626926
vn -0.734528 -0.259677 0.626926
vn -0.734500 -0.626954 0.259687
vn -0.707100 -0.707113 0.000000
vn 0.000000 1.000000 -0.000000
vn 0.000000 1.000000 -0.000000
vn 0.000000 1.000000 -0.000000
vn 0.000000 1.000000 -0.000000
vn 0.000000 0.707113 0.707101
vn 0.000000 0.707113 0.707101
vn 0.000000 0.707112 0.707101
vn 0.000000 0.707112 0.707101
vn 0.000000 0.000000 1.000000
vn 0.000000 0.000000 1.000000
vn 0.000000 0.000000 1.000000
vn 0.000000 0.000000 1.000000
vn 0.000000 -0.707112 0.707101
vn 0.000000 -0.707112 0.707101
vn 0.000000 -0.707112 0.707101
vn 0.000000 -0.707112 0.707101
vn 0.000000 -1.000000 0.000000
vn 0.000000 -1.000000 0.000000
vn 0.000000 -1.000000 0.000000
vn 0.000000 -1.000000 0.000000
vn 0.000000 0.000000 -1.000000
vn 0.000000 0.000000 -1.000000
vn 0.000000 0.000000 -1.000000
vn 0.000000 0.000000 -1.000000
vn 0.000000 0.000000 -1.000000
vn 0.000000 0.000000 -1.000000
vn 0.000000 0.000000 -1.000000
vn 0.000000 0.000000 -1.000000
vn 0.000000 0.000000 -1.000000
vn 0.000000 0.000000 -1.000000
vn -0.707132 -0.000000 -0.707081
vn -0.734506 -0.259688 -0.626947
vn -0.734602 -0.626863 -0.259620
vn -0.748896 -0.608685 0.262025
vn -0.734464 -0.252361 0.629982
vn -0.707080 0.000000 0.707133
vn -0.707133 0.000000 -0.707080
vn -0.734510 -0.259683 -0.626945
vn -0.734502 -0.626949 -0.259697
vn -0.752102 -0.612937 0.242180
vn -0.738376 -0.249572 0.626510
vn -0.707080 0.000000 0.707133
vn -0.000000 -0.707094 -0.707119
vn 0.000000 -0.707095 -0.707118
vn -0.000000 -0.707094 -0.707119
vn -0.000000 -0.707095 -0.707118
vn -0.707116 -0.707097 -0.000018
vn -0.707100 -0.707113 -0.000071
vn -0.707120 -0.707094 -0.000007
vn -0.707122 -0.707092 0.000000
vn -0.707122 -0.707092 0.000000
vn 0.000000 -1.000000 0.000000
vn 0.000000 -1.000000 0.000000
vn 0.000000 -1.000000 0.000000
vn 0.000000 -1.000000 0.000000
vn 1.000000 0.000000 0.000000
vn 1.000000 0.000000 0.000000
vn 1.000000 0.000000 0.000000
vn 1.000000 0.000000 0.000000
vn 1.000000 0.000000 0.000000
vn 0.000000 -0.707095 -0.707118
vn 0.000000 -0.707095 -0.707118
vn 0.000000 -0.707095 -0.707118
vn 0.000000 -0.707095 -0.707118
vn -0.000000 -1.000000 0.000000
vn -0.000000 -1.000000 0.000000
vn -0.000000 -1.000000 0.000000
vn -0.000001 -1.000000 0.000000
vn -0.000000 -1.000000 0.000000
vn 0.000000 -1.000000 0.000000
vn 0.000000 -1.000000 0.000000
vn -0.000000 -1.000000 0.000000
vn -0.000000 -1.000000 0.000000
vn -0.000000 -1.000000 0.000000
vn 0.000000 -1.000000 0.000000
vn 0.000000 -1.000000 0.000000
vn 0.000000 -0.707130 0.707083
vn -0.000000 -0.707130 0.707084
vn -0.000000 -0.707130 0.707083
vn -0.000000 -0.707130 0.707084
vn -0.707122 -0.707092 0.000000
vn -0.707120 -0.707094 0.000007
vn -0.707100 -0.707113 0.000072
vn -0.707116 -0.707097 0.000019
vn -0.707122 -0.707092 0.000000
vn 0.000000 0.000000 1.000000
vn 0.000000 0.000000 1.000000
vn 0.000000 0.000000 1.000000
vn 0.000000 0.000000 1.000000
vn 0.000000 -1.000000 0.000000
vn 0.000000 -1.000000 0.000000
vn 0.000000 -1.000000 0.000000
vn 0.000000 -1.000000 0.000000
vn 1.000000 0.000000 0.000000
vn 1.000000 0.000000 0.000000
vn 1.000000 0.000000 0.000000
vn 1.000000 0.000000 0.000000
vn 1.000000 0.000000 0.000000
vn -0.000000 -0.707129 0.707084
vn -0.000000 -0.707129 0.707084
vn -0.000000 -0.707130 0.707084
vn -0.000000 -0.707130 0.707084
vn 0.000000 0.000000 1.000000
vn 0.000000 0.000000 1.000000
vn 0.000000 0.000000 1.000000
vn 0.000000 0.000000 1.000000
vn 0.000000 0.000000 1.000000
vn 0.000000 0.000000 1.000000
vn 0.000000 0.000000 1.000000
vn 0.000000 0.000000 1.000000
vn 0.000000 0.000000 1.000000
vn 0.000000 0.000000 1.000000
vn -0.707100 -0.707113 0.000000
vn -0.734490 -0.626956 -0.259712
vn -0.734507 -0.259693 -0.626944
vn -0.707133 -0.000014 -0.707080
vn -0.734509 -0.259691 -0.626943
vn -0.707133 -0.000014 -0.707081
vn -0.707100 -0.707113 0.000000
vn -0.734492 -0.626963 -0.259688
vn -0.707133 -0.000053 -0.707080
vn -0.000000 -1.000000 0.000000
vn -0.000000 -1.000000 0.000000
vn -0.000000 -1.000000 0.000000
vn -0.000000 -1.000000 0.000000
vn 0.000000 -0.707113 -0.707101
vn -0.000000 -0.707113 -0.707101
vn -0.000000 -0.707113 -0.707101
vn -0.000000 -0.707113 -0.707101
vn 0.000012 0.707137 -0.707077
vn 0.000000 0.707113 -0.707101
vn -0.000000 0.707114 -0.707099
vn 0.000011 0.707139 -0.707075
vn 0.000054 0.707139 -0.707075
vn -0.707101 0.707113 0.000000
vn -0.707101 0.707113 0.000000
vn -0.707101 0.707113 -0.000000
vn -0.707101 0.707113 0.000000
vn -0.707101 0.707113 0.000001
vn -0.707080 0.000000 -0.707133
vn -0.707106 -0.000002 -0.707107
vn -0.707108 -0.000002 -0.707106
vn -0.707081 -0.000000 -0.707132
vn -0.707132 0.000000 -0.707082
vn -0.707108 0.000002 -0.707106
vn -0.707108 0.000002 -0.707105
vn -0.707133 0.000000 -0.707080
vn 0.000000 0.000000 -1.000000
vn 0.000000 0.000000 -1.000000
vn 0.000000 0.000000 -1.000000
vn 0.000000 0.000000 -1.000000
vn 0.000000 -1.000000 0.000000
vn 0.000000 -1.000000 0.000000
vn 0.000000 -1.000000 0.000000
vn 0.000000 -1.000000 0.000000
vn 0.000000 1.000000 -0.000000
vn 0.000000 1.000000 -0.000000
vn 0.000000 1.000000 -0.000000
vn 0.000000 1.000000 -0.000000
vn 0.000000 1.000000 0.000000
vn 0.000000 1.000000 -0.000000
vn 0.000000 1.000000 -0.000000
vn 0.000000 1.000000 0.000000
vn 0.000000 1.000000 0.000000
vn 0.000000 1.000000 -0.000000
vn 0.000000 1.000000 -0.000000
vn 0.000001 1.000000 0.000000
vn 0.000000 0.707129 0.707084
vn 0.000000 0.707130 0.707083
vn 0.000000 0.707130 0.707083
vn 0.000000 0.707129 0.707084
vn 0.000000 1.000000 -0.000000
vn 0.000000 1.000000 -0.000000
vn 0.000000 1.000000 -0.000000
vn 0.000000 1.000000 -0.000000
vn 0.000000 0.707113 -0.707101
vn 0.000000 0.707113 -0.707101
vn 0.000000 0.707113 -0.707101
vn 0.000000 0.707113 -0.707101
vn 0.000000 0.000000 1.000000
vn 0.000000 0.000000 1.000000
vn 0.000000 0.000000 1.000000
vn 0.000000 0.000000 1.000000
vn 0.000000 0.000000 1.000000
vn 0.000000 0.000000 1.000000
vn 0.000000 0.000000 1.000000
vn 0.000000 0.000000 1.000000
vn 0.000000 0.000000 1.000000
vn 0.000000 0.000000 1.000000
vn 0.000000 0.707130 0.707083
vn 0.000000 0.707130 0.707083
vn 0.000000 0.707130 0.707083
vn 0.000000 0.707130 0.707083
vn 1.000000 0.000000 0.000000
vn 1.000000 0.000000 0.000000
vn 1.000000 0.000000 0.000000
vn 1.000000 0.000000 0.000000
vn 1.000000 0.000000 0.000000
vn 0.000000 0.000000 1.000000
vn 0.000000 0.000000 1.000000
vn 0.000000 0.000000 1.000000
vn 0.000000 0.000000 1.000000
vn -0.707120 0.707093 0.000007
vn -0.707122 0.707091 0.000000
vn -0.707102 0.707112 0.000068
vn -0.707117 0.707097 0.000017
vn -0.707122 0.707091 0.000000
vn 0.000002 1.000000 -0.000001
vn 0.000001 1.000000 -0.000000
vn 0.000000 1.000000 -0.000000
vn 0.000000 1.000000 0.000000
vn 0.000000 0.707095 -0.707119
vn 0.000000 0.707095 -0.707119
vn 0.000000 0.707095 -0.707119
vn 0.000000 0.707095 -0.707119
vn 1.000000 0.000000 0.000000
vn 1.000000 0.000000 0.000000
vn 1.000000 0.000000 0.000000
vn 1.000000 0.000000 0.000000
vn 1.000000 0.000000 0.000000
vn 0.000000 1.000000 0.000000
vn 0.000000 1.000000 0.000000
vn 0.000000 1.000000 0.000000
vn 0.000000 1.000000 0.000000
vn -0.707100 0.707113 -0.000072
vn -0.707116 0.707097 -0.000019
vn -0.707122 0.707092 0.000000
vn -0.707120 0.707094 -0.000007
vn -0.707122 0.707092 0.000000
vn 0.000000 0.707096 -0.707118
vn 0.000000 0.707095 -0.707119
vn 0.000000 0.707096 -0.707118
vn 0.000000 0.707095 -0.707119
vn 0.000000 0.000000 -1.000000
vn 0.000000 0.000000 -1.000000
vn 0.000000 0.000000 -1.000000
vn 0.000000 0.000000 -1.000000
vn 0.000000 -1.000000 0.000000
vn 0.000000 -1.000000 0.000000
vn 0.000000 -1.000000 0.000000
vn 0.000000 -1.000000 0.000000
vn 0.000000 -0.707105 -0.707109
vn 0.000000 -0.707105 -0.707109
vn 0.000000 -0.707105 -0.707109
vn 0.000000 -0.707105 -0.707109
vn 0.000000 0.000000 -1.000000
vn 0.000000 0.000000 -1.000000
vn 0.000000 0.000000 -1.000000
vn 0.000000 0.000000 -1.000000
vn 0.000000 0.707104 -0.707109
vn 0.000000 0.707104 -0.707109
vn 0.000000 0.707104 -0.707109
vn 0.000000 0.707104 -0.707109
vn 0.000000 1.000000 0.000000
vn 0.000000 1.000000 0.000000
vn 0.000000 1.000000 0.000000
vn 0.000000 1.000000 0.000000
vn 0.000000 1.000000 -0.000000
vn 0.000000 1.000000 -0.000000
vn 0.000000 1.000000 -0.000000
vn 0.000000 1.000000 -0.000000
vn 0.000000 0.000000 -1.000000
vn 0.000000 0.000000 -1.000000
vn 0.000000 0.000000 -1.000000
vn 0.000000 0.000000 -1.000000
vn 0.000000 0.000000 -1.000000
vn 0.000000 0.000000 -1.000000
vn 0.000000 1.000000 0.000000
vn 0.000000 1.000000 0.000000
vn 0.000000 1.000000 0.000000
vn 0.000000 1.000000 0.000000
vn 0.000000 0.707112 0.707102
vn 0.000000 0.707112 0.707102
vn 0.000000 0.707112 0.707102
vn 0.000000 0.707112 0.707102
vn 0.000000 0.000000 1.000000
vn 0.000000 0.000000 1.000000
vn 0.000000 0.000000 1.000000
vn 0.000000 0.000000 1.000000
vn 0.000000 -0.707111 0.707102
vn 0.000000 -0.707111 0.707102
vn 0.000000 -0.707111 0.707102
vn 0.000000 -0.707111 0.707102
vn 0.000000 -1.000000 0.000000
vn 0.000000 -1.000000 0.000000
vn 0.000000 -1.000000 0.000000
vn 0.000000 -1.000000 0.000000
vn 0.000000 0.000000 -1.000000
vn 0.000000 0.000000 -1.000000
vn 0.000000 0.000000 -1.000000
vn 0.000000 0.000000 -1.000000
vn 0.000000 0.000000 -1.000000
vn 0.000000 0.000000 -1.000000
vn 0.000000 -1.000000 0.000000
vn -0.000000 -1.000000 0.000000
vn -0.000000 -1.000000 0.000000
vn -0.000000 -1.000000 0.000000
vn -0.005605 0.997885 -0.064765
vn -0.006512 0.981664 0.190508
vn -0.004248 0.912397 0.409284
vn -0.002345 0.820410 0.571770
vn -0.004591 0.667168 0.744893
vn -0.008154 0.447335 0.894329
vn -0.007464 0.193817 0.981009
vn -0.004217 -0.065980 0.997812
vn -0.004828 -0.313850 0.949460
vn -0.007318 -0.567788 0.823142
vn -0.009201 -0.783423 0.621421
vn -0.005777 -0.913089 0.407719
vn -0.002532 -0.982702 0.185176
vn -0.001506 -0.999186 -0.040315
vn -0.001543 -0.970614 -0.240635
vn -0.004232 -0.889141 -0.457614
vn -0.009013 -0.739556 -0.673035
vn -0.004423 -0.561831 -0.827240
vn -0.002112 -0.402099 -0.915594
vn -0.006404 -0.182412 -0.983201
vn -0.007960 0.068843 -0.997596
vn -0.005175 0.266335 -0.963867
vn -0.002702 0.430786 -0.902450
vn -0.001542 0.593766 -0.804636
vn -0.001061 0.756566 -0.653916
vn -0.000511 0.876323 -0.481723
vn -0.002820 0.955165 -0.296062
vn 0.004570 0.999783 -0.020300
vn 0.004101 0.960911 -0.276826
vn 0.001507 0.871965 -0.489565
vn 0.001549 0.755563 -0.655074
vn 0.002530 0.588822 -0.808259
vn 0.005415 0.389136 -0.921164
vn 0.006433 0.193989 -0.980983
vn 0.005327 -0.008035 -0.999954
vn 0.004716 -0.205119 -0.978726
vn 0.004377 -0.401126 -0.916013
vn 0.008330 -0.621183 -0.783621
vn 0.004974 -0.788033 -0.615613
vn 0.001543 -0.894347 -0.447371
vn 0.001061 -0.970981 -0.239154
vn 0.002488 -0.999661 -0.025935
vn 0.006055 -0.976736 0.214360
vn 0.009645 -0.878322 0.477972
vn 0.004236 -0.734567 0.678522
vn 0.002940 -0.573370 0.819292
vn 0.004362 -0.346340 0.938099
vn 0.003829 -0.092594 0.995697
vn 0.004580 0.139993 0.990142
vn 0.005170 0.339698 0.940520
vn 0.004015 0.507112 0.861871
vn 0.002526 0.686155 0.727451
vn 0.003078 0.832259 0.554379
vn 0.003407 0.927129 0.374727
vn 0.004003 0.982522 0.186105
vn 1.000000 0.000000 0.000000
vn 1.000000 0.000000 0.000000
vn 1.000000 0.000000 0.000000
vn 1.000000 0.000000 0.000000
vn 1.000000 0.000000 0.000000
vn 1.000000 0.000000 0.000000
vn 1.000000 0.000000 0.000000
vn 1.000000 0.000000 0.000000
vn 1.000000 0.000000 0.000000
vn 1.000000 0.000000 0.000000
vn 1.000000 0.000000 0.000000
vn 1.000000 0.000000 0.000000
vn 1.000000 0.000000 0.000000
vn 1.000000 0.000000 0.000000
vn 1.000000 0.000000 0.000000
vn 1.000000 0.000000 0.000000
vn 1.000000 0.000000 0.000000
vn 1.000000 0.000000 0.000000
vn 1.000000 0.000000 0.000000
vn 1.000000 0.000000 0.000000
vn 1.000000 0.000000 0.000000
vn 1.000000 0.000000 0.000000
vn 1.000000 0.000000 0.000000
vn 1.000000 0.000000 0.000000
vn 1.000000 0.000000 0.000000
vn 1.000000 0.000000 0.000000
vn 1.000000 0.000000 0.000000
vn 1.000000 0.000000 0.000000
vn 0.001261 -0.997979 -0.063532
vn 0.000667 -0.967030 0.254662
vn 0.000613 -0.853774 0.520643
vn 0.001275 -0.640863 0.767654
vn 0.002426 -0.317201 0.948355
vn 0.003592 0.035710 0.999356
vn 0.003599 0.402705 0.915323
vn 0.002573 0.691249 0.722612
vn 0.002559 0.874877 0.484339
vn 0.000690 0.981972 0.189025
vn -0.000324 0.988318 -0.152404
vn 0.001548 0.861356 -0.507999
vn 0.002415 0.631129 -0.775674
vn 0.002631 0.372219 -0.928141
vn 0.003136 0.041145 -0.999148
vn 0.003577 -0.338084 -0.941109
vn 0.003446 -0.657907 -0.753092
vn 0.002651 -0.901330 -0.433125
vn -0.000732 -0.999403 -0.034544
vn -0.001718 -0.928439 -0.371480
vn -0.002909 -0.742171 -0.670204
vn -0.003147 -0.462561 -0.886582
vn -0.003357 -0.126260 -0.991991
vn -0.003144 0.201940 -0.979393
vn -0.003010 0.533515 -0.845785
vn -0.002545 0.830718 -0.556688
vn -0.001344 0.986114 -0.166067
vn -0.002327 0.967521 0.252781
vn -0.002819 0.802879 0.596136
vn -0.003017 0.577390 0.816463
vn -0.003705 0.257031 0.966396
vn -0.002773 -0.100216 0.994962
vn -0.001263 -0.389356 0.921086
vn -0.000367 -0.648301 0.761384
vn -0.000425 -0.844463 0.535614
vn -0.000607 -0.961281 0.275568
vn 0.001260 -0.997980 -0.063521
vn 0.000666 -0.967028 0.254670
vn 0.000575 -0.858044 0.513575
vn 0.001067 -0.686688 0.726952
vn 0.001669 -0.463299 0.886200
vn 0.003020 -0.191865 0.981417
vn 0.003628 0.155149 0.987884
vn 0.002414 0.476143 0.879365
vn 0.002071 0.702025 0.712149
vn 0.002424 0.878133 0.478410
vn 0.001924 0.987470 0.157795
vn 0.001039 0.982573 -0.185872
vn 0.001470 0.857921 -0.513779
vn 0.001197 0.625320 -0.780367
vn 0.000285 0.341728 -0.939799
vn 0.000579 0.008119 -0.999967
vn 0.002164 -0.343507 -0.939148
vn 0.003450 -0.657922 -0.753078
vn 0.002651 -0.901328 -0.433129
vn -0.000732 -0.999403 -0.034545
vn -0.001719 -0.928443 -0.371470
vn -0.003098 -0.737898 -0.674905
vn -0.003064 -0.423111 -0.906073
vn -0.001708 -0.022673 -0.999741
vn -0.000222 0.333673 -0.942689
vn -0.000516 0.603593 -0.797292
vn -0.001461 0.834924 -0.550363
vn -0.001117 0.976177 -0.216973
vn -0.001157 0.994993 0.099938
vn -0.001957 0.927944 0.372716
vn -0.002156 0.790795 0.612077
vn -0.002026 0.589242 0.807954
vn -0.003056 0.330015 0.943971
vn -0.003608 -0.024856 0.999685
vn -0.002551 -0.375086 0.926986
vn -0.001524 -0.648477 0.761233
vn -0.000843 -0.844606 0.535388
vn -0.000608 -0.961281 0.275571
vn 0.001005 -0.983745 0.179571
vn 0.002037 -0.874285 0.485409
vn 0.002206 -0.650237 0.759728
vn 0.001112 -0.358434 0.933555
vn 0.000728 -0.071605 0.997433
vn 0.000368 0.231974 0.972722
vn 0.001004 0.508948 0.860797
vn 0.002381 0.727842 0.685740
vn 0.002358 0.893452 0.449153
vn 0.001880 0.987412 0.158160
vn 0.000583 0.989573 -0.144033
vn -0.000303 0.908354 -0.418203
vn 0.000871 0.747178 -0.664623
vn 0.002492 0.472391 -0.881385
vn 0.003793 0.060618 -0.998154
vn 0.003707 -0.331751 -0.943360
vn 0.003047 -0.624633 -0.780912
vn 0.002810 -0.855968 -0.517022
vn 0.002252 -0.986442 -0.164094
vn -0.001156 -0.994993 -0.099935
vn -0.002122 -0.927991 -0.372596
vn -0.002886 -0.779950 -0.625835
vn -0.003415 -0.497462 -0.867479
vn -0.003707 -0.132727 -0.991146
vn -0.002608 0.202230 -0.979334
vn -0.001112 0.518486 -0.855085
vn -0.000429 0.760761 -0.649032
vn -0.000288 0.913394 -0.407076
vn -0.001379 0.995606 -0.093631
vn -0.002381 0.971230 0.238132
vn -0.002813 0.828996 0.559247
vn -0.002451 0.566881 0.823796
vn -0.001275 0.235065 0.971979
vn -0.001108 -0.104435 0.994531
vn 0.000069 -0.378620 0.925552
vn -0.000813 -0.608199 0.793784
vn -0.002461 -0.835069 0.550140
vn -0.001426 -0.976219 0.216781
vn 0.002014 -0.998108 0.061456
vn 0.002201 -0.939189 0.343394
vn 0.002763 -0.778112 0.628120
vn 0.002627 -0.488605 0.872501
vn 0.001449 -0.123399 0.992356
vn 0.000366 0.225587 0.974223
vn 0.001004 0.508904 0.860823
vn 0.001884 0.728044 0.685527
vn 0.002003 0.893234 0.449588
vn 0.001526 0.987486 0.157702
vn 0.000852 0.989702 -0.143142
vn 0.001365 0.899654 -0.436600
vn 0.002748 0.673085 -0.739560
vn 0.003118 0.352040 -0.935980
vn 0.002962 0.008017 -0.999963
vn 0.003036 -0.338079 -0.941113
vn 0.002746 -0.617871 -0.786275
vn 0.002899 -0.829686 -0.558223
vn 0.002853 -0.968140 -0.250393
vn -0.002460 -0.999161 -0.040882
vn -0.003161 -0.928165 -0.372155
vn -0.003008 -0.742061 -0.670326
vn -0.003034 -0.462654 -0.886534
vn -0.003034 -0.126019 -0.992023
vn -0.002701 0.193604 -0.981076
vn -0.002383 0.474939 -0.880015
vn -0.001279 0.704800 -0.709405
vn -0.000583 0.885817 -0.464034
vn -0.000883 0.984873 -0.173276
vn -0.001068 0.994288 0.106729
vn -0.001669 0.927870 0.372900
vn -0.002035 0.788058 0.615598
vn -0.001912 0.557674 0.830058
vn -0.000865 0.234804 0.972042
vn -0.000287 -0.104451 0.994530
vn -0.001520 -0.377166 0.926144
vn -0.002279 -0.609599 0.792707
vn -0.002181 -0.831329 0.555777
vn -0.002117 -0.967066 0.254517
vn -0.003523 -0.838643 -0.544669
vn -0.001546 -0.520701 -0.853737
vn -0.000302 -0.162800 -0.986659
vn -0.000468 0.187519 -0.982261
vn -0.001114 0.522277 -0.852775
vn -0.002189 0.797923 -0.602755
vn -0.002591 0.972386 -0.233365
vn -0.001895 0.986817 0.161829
vn -0.001797 0.888938 0.458023
vn -0.002095 0.694371 0.719615
vn -0.001760 0.367387 0.930067
vn -0.001470 0.022261 0.999751
vn -0.001627 -0.282434 0.959285
vn -0.002820 -0.601639 0.798764
vn -0.003037 -0.892501 0.451034
vn -0.003312 -0.998137 -0.060922
vn 0.002112 0.994447 -0.105215
vn 0.000879 -0.923182 0.384363
vn 0.002226 -0.756994 0.653419
vn 0.001751 -0.518366 0.855157
vn 0.001475 -0.215252 0.976558
vn 0.001274 0.083296 0.996524
vn 0.000603 0.381818 0.924237
vn 0.000873 0.638456 0.769658
vn 0.002052 0.837921 0.545788
vn 0.001620 0.972445 0.233128
vn 0.002017 0.918287 -0.395910
vn 0.001139 0.756399 -0.654110
vn 0.000532 0.502136 -0.864788
vn 0.000169 0.198174 -0.980167
vn 0.000249 -0.156717 -0.987644
vn 0.000388 -0.495044 -0.868868
vn 0.001920 -0.755857 -0.654734
vn 0.002350 -0.925596 -0.378505
vn 0.000355 -0.999992 -0.003979
vn 1.000000 0.000000 0.000000
vn 1.000000 0.000000 0.000000
vn 1.000000 0.000000 0.000000
vn 1.000000 0.000000 0.000000
vn 1.000000 0.000000 0.000000
vn 1.000000 0.000000 0.000000
vn 1.000000 0.000000 0.000000
vn 1.000000 0.000000 0.000000
vn 1.000000 0.000000 0.000000
vn 1.000000 0.000000 0.000000
vn 1.000000 0.000000 0.000000
vn 1.000000 0.000000 0.000000
vn 1.000000 0.000000 0.000000
vn 1.000000 0.000000 0.000000
vn 1.000000 0.000000 0.000000
vn 1.000000 0.000000 0.000000
vn 1.000000 0.000000 0.000000
vn 1.000000 0.000000 0.000000
vn 1.000000 0.000000 0.000000
vn -0.003431 -0.893758 -0.448536
vn -0.002809 -0.668071 -0.744092
vn -0.001776 -0.349617 -0.936891
vn -0.000964 0.001486 -0.999998
vn -0.002621 0.366798 -0.930297
vn -0.005124 0.727423 -0.686170
vn -0.004334 0.967909 -0.251265
vn -0.001894 0.986816 0.161833
vn -0.001797 0.888921 0.458058
vn -0.002093 0.694343 0.719642
vn -0.001758 0.367383 0.930068
vn -0.000656 0.021747 0.999763
vn -0.001286 -0.281700 0.959502
vn -0.003379 -0.601739 0.798685
vn -0.005081 -0.892046 0.451915
vn -0.005154 -0.999095 -0.042228
vn 0.002709 0.991274 -0.131787
vn 0.004881 -0.972858 -0.231352
vn 0.005551 -0.958556 0.284851
vn 0.004605 -0.715376 0.698724
vn 0.002866 -0.330420 0.943830
vn 0.001535 0.063268 0.997995
vn 0.000603 0.381846 0.924226
vn 0.000873 0.638506 0.769617
vn 0.002050 0.837952 0.545740
vn 0.001619 0.972452 0.233099
vn 0.004951 0.841467 -0.540285
vn 0.004747 0.488055 -0.872800
vn 0.003331 0.014687 -0.999887
vn 0.003310 -0.440084 -0.897951
vn 0.003643 -0.767653 -0.640856
vn 1.000000 0.000000 0.000000
vn 1.000000 0.000000 0.000000
vn 1.000000 0.000000 0.000000
vn 1.000000 0.000000 0.000000
vn 1.000000 0.000000 0.000000
vn 1.000000 0.000000 0.000000
vn 1.000000 0.000000 0.000000
vn 1.000000 0.000000 0.000000
vn 1.000000 0.000000 0.000000
vn 1.000000 0.000000 0.000000
vn 1.000000 0.000000 0.000000
vn 1.000000 0.000000 0.000000
vn 1.000000 0.000000 0.000000
vn 1.000000 0.000000 0.000000
vn 1.000000 0.000000 0.000000
vn -0.000954 -0.997425 -0.071716
vn 0.000336 -0.929214 -0.369541
vn -0.000797 -0.782297 -0.622905
vn -0.002712 -0.547094 -0.837067
vn -0.004101 -0.196436 -0.980508
vn -0.003472 0.225243 -0.974296
vn -0.000768 0.594336 -0.804217
vn -0.000109 0.871935 -0.489622
vn -0.001906 0.995014 -0.099715
vn -0.001191 0.974332 0.225111
vn -0.000940 0.850822 0.525453
vn -0.001014 0.587641 0.809121
vn 0.000259 0.236356 0.971667
vn -0.000560 -0.094884 0.995488
vn -0.002576 -0.445155 0.895450
vn -0.002832 -0.778304 0.627881
vn -0.002889 -0.960620 0.277852
vn 0.002579 -0.922485 0.386024
vn 0.000819 -0.756799 0.653647
vn 0.001508 -0.512216 0.858855
vn 0.002039 -0.153753 0.988107
vn 0.000212 0.236783 0.971562
vn 0.000567 0.573934 0.818901
vn 0.001808 0.852522 0.522687
vn 0.002062 0.988495 0.151240
vn 0.001105 0.985740 -0.168270
vn 0.000369 0.860316 -0.509761
vn 0.002338 0.536249 -0.844057
vn 0.004605 0.078680 -0.996889
vn 0.004196 -0.390742 -0.920491
vn 0.002162 -0.743904 -0.668283
vn 0.000717 -0.925489 -0.378773
vn 0.001962 -0.999981 -0.005880
vn 1.000000 0.000000 0.000000
vn 1.000000 0.000000 0.000000
vn 1.000000 0.000000 0.000000
vn 1.000000 0.000000 0.000000
vn 1.000000 0.000000 0.000000
vn 1.000000 0.000000 0.000000
vn 1.000000 0.000000 0.000000
vn 1.000000 0.000000 0.000000
vn 1.000000 0.000000 0.000000
vn 1.000000 0.000000 0.000000
vn 1.000000 0.000000 0.000000
vn 1.000000 0.000000 0.000000
vn 1.000000 0.000000 0.000000
vn 1.000000 0.000000 0.000000
vn 1.000000 0.000000 0.000000
vn 1.000000 0.000000 0.000000
vn -0.000651 -0.951125 -0.308806
vn -0.001369 -0.795453 -0.606013
vn -0.001426 -0.500614 -0.865670
vn 0.000329 -0.072240 -0.997387
vn -0.000423 0.335185 -0.942152
vn -0.002476 0.624109 -0.781334
vn -0.002757 0.844842 -0.535008
vn -0.001396 0.972199 -0.234153
vn -0.000422 0.995419 0.095604
vn -0.001800 0.876579 0.481255
vn -0.000906 0.592486 0.805580
vn -0.000659 0.217878 0.975976
vn -0.002504 -0.192888 0.981218
vn -0.002510 -0.525124 0.851022
vn -0.001020 -0.764786 0.644284
vn -0.000755 -0.934758 0.355284
vn -0.000657 -0.999872 0.016015
vn 0.000661 -0.999990 0.004517
vn 0.001423 -0.934348 0.356359
vn 0.002862 -0.709907 0.704289
vn 0.003824 -0.312431 0.949933
vn 0.001649 0.176612 0.984279
vn 0.000521 0.566926 0.823769
vn 0.001451 0.852636 0.522503
vn 0.001652 0.991860 0.127322
vn 0.002834 0.954848 -0.297080
vn 0.003463 0.745236 -0.666792
vn 0.002100 0.399721 -0.916634
vn 0.000472 -0.075762 -0.997126
vn 0.000355 -0.485297 -0.874349
vn 0.001429 -0.764378 -0.644767
vn 0.001132 -0.944501 -0.328506
vn 1.000000 0.000000 0.000000
vn 1.000000 0.000000 0.000000
vn 1.000000 0.000000 0.000000
vn 1.000000 0.000000 0.000000
vn 1.000000 0.000000 0.000000
vn 1.000000 0.000000 0.000000
vn 1.000000 0.000000 0.000000
vn 1.000000 0.000000 0.000000
vn 1.000000 0.000000 0.000000
vn 1.000000 0.000000 0.000000
vn 1.000000 0.000000 0.000000
vn 1.000000 0.000000 0.000000
vn 1.000000 0.000000 0.000000
vn 1.000000 0.000000 0.000000
vn 1.000000 0.000000 0.000000
vn -0.053495 -0.830520 -0.554413
vn -0.014847 0.823666 -0.566881
vn -0.008782 -0.999001 0.043822
vn -0.002743 -0.981592 0.190970
vn 0.004861 -0.941876 0.335924
vn -0.000320 -0.879995 0.474983
vn -0.001685 -0.797411 0.603435
vn -0.015064 -0.718114 0.695763
vn -0.029593 -0.619132 0.784729
vn -0.000228 -0.516211 0.856462
vn -0.008278 -0.414256 0.910123
vn -0.027609 -0.269068 0.962725
vn -0.006759 -0.121961 0.992512
vn -0.002617 -0.008785 0.999958
vn -0.029178 0.120684 0.992262
vn -0.009761 0.251362 0.967844
vn -0.005307 0.333612 0.942695
vn -0.003294 0.485041 0.874485
vn -0.007408 0.618460 0.785781
vn -0.012327 0.716904 0.697063
vn 0.012370 0.789075 0.614173
vn -0.004424 0.870213 0.492656
vn -0.007405 0.937894 0.346844
vn -0.000649 0.974164 0.225843
vn -0.011930 0.993345 0.114557
vn -0.009738 0.999782 -0.018459
vn -0.006891 0.995022 -0.099413
vn 0.002327 0.972577 -0.232569
vn -0.001614 0.942636 -0.333819
vn 0.002324 0.890589 -0.454804
vn -0.005706 0.746824 -0.664998
vn 0.002324 0.650129 -0.759820
vn -0.001617 0.566393 -0.824133
vn 0.002325 0.454800 -0.890591
vn -0.000247 0.354434 -0.935081
vn -0.010089 0.202873 -0.979153
vn -0.011921 0.064924 -0.997819
vn 0.012335 -0.045417 -0.998892
vn -0.004413 -0.190556 -0.981666
vn -0.007429 -0.345382 -0.938433
vn -0.000649 -0.460950 -0.887426
vn -0.010425 -0.557597 -0.830046
vn -0.010096 -0.659463 -0.751670
vn -0.001094 -0.743303 -0.668954
vn -0.014129 -0.874739 -0.484389
vn -0.005793 -0.938624 -0.344893
vn -0.025379 -0.979845 -0.198140
vn -0.000223 -0.997467 -0.071128
vn 0.000228 -0.999973 -0.007351
vn 0.010058 0.999459 0.031317
vn 0.000228 0.986512 0.163689
vn 0.010408 0.961726 0.273816
vn 0.012332 0.918349 0.395579
vn -0.012370 0.869384 0.493982
vn 0.004424 0.788166 0.615446
vn 0.007423 0.679348 0.733779
vn 0.012323 0.576338 0.817119
vn -0.012337 0.483937 0.875016
vn 0.001756 0.361305 0.932446
vn 0.006942 0.201337 0.979497
vn 0.011029 0.048679 0.998754
vn 0.000184 -0.070397 0.997519
vn 0.026004 -0.194431 0.980571
vn 0.028268 -0.343128 0.938863
vn 0.000225 -0.460531 0.887644
vn 0.008781 -0.559338 0.828893
vn 0.002730 -0.675712 0.737161
vn -0.004851 -0.778560 0.627552
vn 0.000321 -0.864789 0.502135
vn 0.001699 -0.931162 0.364602
vn 0.015050 -0.968450 0.248755
vn 0.029584 -0.992588 0.117875
vn 0.008788 -0.992483 -0.122067
vn 0.025387 -0.963002 -0.268294
vn 0.011898 -0.918537 -0.395156
vn -0.012339 -0.872425 -0.488592
vn -0.017467 -0.802113 -0.596916
vn -0.002899 -0.724176 -0.689609
vn 0.007843 -0.619344 -0.785080
vn 0.000631 -0.515818 -0.856698
vn 0.010415 -0.416383 -0.909130
vn 0.012327 -0.295616 -0.955227
vn -0.012353 -0.188991 -0.981901
vn 0.004399 -0.043883 -0.999027
vn 0.008922 0.117257 -0.993062
vn 0.009694 0.251354 -0.967847
vn 0.006890 0.328980 -0.944312
vn -0.002325 0.453200 -0.891406
vn 0.001619 0.544657 -0.838657
vn -0.002325 0.648764 -0.760986
vn 0.000234 0.728282 -0.685278
vn -0.016154 0.826143 -0.563229
vn -0.001259 0.890005 -0.455948
vn 0.001623 0.933587 -0.358347
vn -0.002325 0.972158 -0.234315
vn 0.000254 0.991989 -0.126327
vn -1.000000 -0.000005 -0.000001
vn -1.000000 -0.000004 0.000007
vn -1.000000 0.000001 -0.000001
vn -1.000000 0.000004 -0.000001
vn -1.000000 0.000006 0.000005
vn -1.000000 0.000005 -0.000007
vn -1.000000 0.000000 0.000000
vn -1.000000 -0.000005 0.000006
vn -1.000000 0.000001 0.000003
vn -1.000000 0.000008 -0.000006
vn -1.000000 0.000000 0.000000
vn -1.000000 0.000000 0.000000
vn -1.000000 -0.000007 0.000002
vn -1.000000 0.000001 0.000008
vn -1.000000 0.000007 0.000004
vn -1.000000 -0.000008 -0.000001
vn -1.000000 -0.000002 0.000007
vn -1.000000 0.000004 0.000006
vn -1.000000 0.000000 0.000000
vn -1.000000 0.000000 0.000000
vn -1.000000 0.000000 0.000000
vn -1.000000 -0.000005 -0.000005
vn -1.000000 -0.000007 0.000002
vn -1.000000 -0.000003 0.000001
vn -1.000000 -0.000001 0.000009
vn -1.000000 0.000003 -0.000009
vn -1.000000 -0.000001 0.000001
vn -1.000000 -0.000003 0.000000
vn -1.000000 -0.000005 -0.000006
vn -1.000000 -0.000006 0.000004
vn -1.000000 0.000008 -0.000005
vn -1.000000 -0.000000 0.000000
vn -1.000000 -0.000000 0.000001
vn -1.000000 -0.000001 -0.000002
vn -1.000000 -0.000009 0.000002
vn -1.000000 0.000000 0.000000
vn -1.000000 0.000009 0.000001
vn -1.000000 -0.000001 -0.000005
vn -1.000000 0.000000 -0.000003
vn -1.000000 0.000001 -0.000008
vn -1.000000 0.000001 -0.000003
vn -1.000000 0.000004 -0.000007
vn -1.000000 -0.000004 -0.000007
vn -1.000000 0.000005 0.000005
vn -1.000000 0.000004 -0.000002
vn -1.000000 0.000001 -0.000004
vn -1.000000 0.000007 -0.000002
vn -1.000000 -0.000003 -0.000006
vn -1.000000 -0.000004 -0.000002
vn -1.000000 -0.000002 0.000001
vn -1.000000 0.000000 0.000000
vn -1.000000 0.000000 0.000000
vn -1.000000 0.000000 0.000000
vn -1.000000 0.000000 0.000000
vn -1.000000 0.000000 0.000000
vn -1.000000 -0.000001 0.000002
vn -1.000000 0.000000 0.000000
vn -1.000000 -0.000000 0.000002
vn -1.000000 0.000000 0.000000
vn -1.000000 0.000000 0.000000
vn -1.000000 0.000003 0.000001
vn -1.000000 0.000000 0.000004
vn -1.000000 0.000000 0.000000
vn -1.000000 0.000002 0.000000
vn -1.000000 0.000002 -0.000012
vn -1.000000 0.000001 -0.000001
vn -1.000000 0.000000 -0.000001
vn -1.000000 -0.000002 0.000001
vn -1.000000 0.000001 0.000010
vn -1.000000 0.000002 -0.000003
vn -1.000000 0.000005 0.000000
vn -1.000000 0.000000 0.000000
vn -1.000000 -0.000007 -0.000004
vn -1.000000 -0.000001 0.000009
vn -1.000000 0.000006 0.000006
vn -1.000000 -0.000001 -0.000005
vn -1.000000 0.000003 -0.000003
vn -1.000000 0.000000 0.000000
vn -1.000000 -0.000011 0.000003
vn -1.000000 0.000000 -0.000000
vn -1.000000 -0.000000 0.000001
vn -1.000000 -0.000003 0.000000
vn -1.000000 0.000007 -0.000004
vn -1.000000 -0.000002 -0.000001
vn -1.000000 -0.000005 0.000011
vn -1.000000 -0.000002 0.000001
vn -1.000000 0.000003 -0.000012
vn -1.000000 -0.000003 0.000002
vn -0.000062 0.999077 -0.042965
vn 0.001966 0.978500 -0.206237
vn 0.001796 0.933930 -0.357451
vn 0.001817 0.866517 -0.499144
vn -0.003249 0.774512 -0.632551
vn 0.009907 0.687327 -0.726280
vn -0.045939 0.559129 -0.827807
vn -0.008241 0.397300 -0.917652
vn -0.003528 0.227822 -0.973696
vn -0.015772 0.045482 -0.998841
vn -0.009732 -0.137853 -0.990405
vn 0.005527 -0.283785 -0.958872
vn 0.002931 -0.458544 -0.888667
vn 0.007918 -0.636389 -0.771327
vn 0.002346 -0.783076 -0.621922
vn -0.024565 -0.900002 -0.435193
vn 0.012867 -0.965122 -0.261483
vn -0.011274 -0.985231 -0.170856
vn -0.013299 -0.999202 -0.037669
vn -0.005600 -0.995845 0.090892
vn 0.000749 -0.977406 0.211368
vn 0.001795 -0.933930 0.357452
vn 0.001793 -0.866519 0.499142
vn 0.001283 -0.773557 0.633725
vn -0.000776 -0.638466 0.769649
vn 0.002235 -0.526216 0.850348
vn 0.000753 -0.403494 0.914982
vn 0.000499 -0.259302 0.965796
vn 0.008818 -0.116691 0.993129
vn -0.004712 0.039283 0.999217
vn 0.008793 0.188992 0.981939
vn -0.004305 0.299398 0.954119
vn -0.024879 0.419691 0.907326
vn 0.029574 0.534913 0.844390
vn -0.017127 0.649613 0.760072
vn 0.003938 0.786541 0.617525
vn 0.001118 0.871061 0.491173
vn 0.004550 0.922046 0.387053
vn -0.009461 0.963793 0.266482
vn 0.002734 0.993164 0.116691
vn -0.005491 -0.999352 0.035565
vn -0.008826 0.998967 -0.044578
vn 0.003918 0.997612 0.068952
vn 0.009468 0.979726 0.200119
vn -0.000177 0.939245 0.343247
vn -0.004194 0.893389 0.449264
vn 0.011046 0.832529 0.553872
vn 0.013896 0.749359 0.662018
vn -0.014740 0.677871 0.735033
vn 0.007846 0.518448 0.855073
vn -0.006902 0.347479 0.937662
vn 0.001110 0.191065 0.981577
vn -0.008806 0.039261 0.999190
vn 0.003647 -0.117130 0.993110
vn -0.001967 -0.282370 0.959303
vn -0.001232 -0.423672 0.905815
vn -0.003454 -0.528433 0.848968
vn 0.002549 -0.668557 0.743657
vn -0.002956 -0.789713 0.613469
vn -0.001803 -0.878354 0.478007
vn -0.001798 -0.942317 0.334717
vn -0.006143 -0.982332 0.187043
vn -0.004807 -0.992577 -0.121523
vn 0.015298 -0.951469 -0.307363
vn 0.008571 -0.863954 -0.503498
vn -0.008792 -0.782170 -0.623003
vn 0.004079 -0.669069 -0.743189
vn 0.032123 -0.538111 -0.842261
vn 0.009785 -0.393163 -0.919417
vn -0.005545 -0.257362 -0.966299
vn 0.012729 -0.063423 -0.997906
vn 0.016807 0.121582 -0.992439
vn 0.003289 0.291230 -0.956647
vn 0.006075 0.468832 -0.883266
vn 0.003511 0.654666 -0.755910
vn -0.002940 0.789712 -0.613471
vn -0.001783 0.878350 -0.478015
vn -0.001799 0.942318 -0.334713
vn -0.000502 0.983165 -0.182719
vn -1.000000 0.000021 -0.000001
vn -1.000000 -0.000020 0.000001
vn -1.000000 -0.000014 -0.000004
vn -1.000000 -0.000010 -0.000002
vn -1.000000 -0.000017 -0.000003
vn -1.000000 -0.000018 -0.000009
vn -1.000000 -0.000023 -0.000012
vn -1.000000 -0.000024 -0.000020
vn -1.000000 -0.000010 -0.000020
vn -1.000000 -0.000005 -0.000009
vn -1.000000 -0.000004 -0.000010
vn -1.000000 0.000002 -0.000005
vn -1.000000 0.000000 0.000000
vn -1.000000 -0.000005 -0.000010
vn -1.000000 0.000006 -0.000020
vn -1.000000 0.000009 -0.000019
vn -1.000000 0.000011 -0.000018
vn -1.000000 0.000014 -0.000015
vn -1.000000 0.000016 -0.000013
vn -1.000000 0.000011 0.000001
vn -1.000000 0.000006 -0.000009
vn -1.000000 0.000020 -0.000004
vn -1.000000 0.000021 0.000003
vn -1.000000 0.000013 0.000007
vn -1.000000 0.000020 0.000004
vn -1.000000 0.000024 0.000019
vn -1.000000 0.000008 0.000018
vn -1.000000 0.000005 0.000009
vn -1.000000 0.000009 0.000014
vn -1.000000 0.000005 0.000020
vn -1.000000 0.000002 0.000014
vn -1.000000 -0.000002 0.000021
vn -1.000000 -0.000008 0.000007
vn -1.000000 -0.000000 0.000006
vn -1.000000 -0.000007 0.000008
vn -1.000000 -0.000005 0.000001
vn -1.000000 -0.000003 0.000005
vn -1.000000 -0.000010 0.000003
vn -1.000000 -0.000016 0.000006
vn -1.000000 0.000011 -0.000013
vn -1.000000 0.000007 -0.000003
vn -1.000000 0.000018 0.000001
vn -1.000000 0.000011 -0.000017
vn -1.000000 -0.000006 -0.000016
vn -1.000000 -0.000014 -0.000004
vn -1.000000 0.000009 -0.000003
vn -1.000000 0.000005 -0.000009
vn -1.000000 -0.000001 -0.000019
vn -1.000000 -0.000013 -0.000021
vn -1.000000 -0.000024 0.000001
vn -1.000000 -0.000015 -0.000005
vn -1.000000 -0.000015 0.000004
vn -1.000000 -0.000005 0.000015
vn -1.000000 -0.000004 0.000002
vn -1.000000 -0.000010 -0.000000
vn -1.000000 0.000004 0.000012
vn -1.000000 -0.000010 0.000004
vn -1.000000 -0.000002 0.000006
vn -1.000000 -0.000004 -0.000000
vn -1.000000 0.000001 0.000010
vn -1.000000 0.000004 0.000018
vn -1.000000 0.000014 0.000011
vn -1.000000 0.000017 0.000001
vn -1.000000 0.000016 0.000007
vn -0.706900 0.695741 -0.127426
vn -0.699773 0.650977 -0.294189
vn -0.711384 0.555970 -0.429919
vn -0.705632 0.401220 -0.584042
vn -0.708091 0.202572 -0.676441
vn -0.703903 0.031104 -0.709615
vn -0.706069 -0.093013 -0.702008
vn -0.706368 -0.230885 -0.669130
vn -0.701708 -0.378192 -0.603802
vn -0.706536 -0.526405 -0.472973
vn -0.707079 -0.644968 -0.289924
vn -0.700789 -0.705308 -0.106937
vn -0.703985 -0.705244 0.083888
vn -0.703443 -0.660798 0.261752
vn -0.701338 -0.596778 0.389849
vn -0.712907 -0.495251 0.496477
vn -0.710462 -0.363174 0.602783
vn -0.702420 -0.247604 0.667306
vn -0.711901 -0.082485 0.697419
vn -0.705608 0.092821 0.702497
vn -0.711987 0.234124 0.662013
vn -0.700018 0.413744 0.582058
vn -0.707132 0.550398 0.443876
vn -0.701284 0.656232 0.278497
vn -0.705274 0.703275 0.089403
vn -0.670621 0.741374 -0.025163
vn -0.723561 0.674396 -0.147138
vn -0.695391 0.675933 -0.244020
vn -0.697473 0.621394 -0.356933
vn -0.692720 0.524192 -0.495340
vn -0.698347 0.462856 -0.545963
vn -0.678798 0.332580 -0.654694
vn -0.701857 0.264473 -0.661400
vn -0.694557 0.121683 -0.709072
vn -0.710297 0.022129 -0.703554
vn -0.707338 -0.088098 -0.701364
vn -0.707856 -0.222413 -0.670427
vn -0.707435 -0.365029 -0.605219
vn -0.691669 -0.474973 -0.544054
vn -0.693511 -0.583157 -0.423049
vn -0.681569 -0.625467 -0.379808
vn -0.693493 -0.685357 -0.222157
vn -0.697279 -0.698636 -0.160343
vn -0.684761 -0.728415 -0.022673
vn -0.720361 -0.689263 0.077438
vn -0.685210 -0.703314 0.189307
vn -0.707352 -0.637390 0.305592
vn -0.704364 -0.571527 0.420985
vn -0.701669 -0.458799 0.545127
vn -0.711525 -0.338326 0.615847
vn -0.700079 -0.223415 0.678214
vn -0.720324 -0.086502 0.688222
vn -0.698425 0.057262 0.713389
vn -0.697271 0.168096 0.696819
vn -0.687750 0.325003 0.649132
vn -0.711606 0.385973 0.587062
vn -0.682486 0.498097 0.534894
vn -0.723590 0.549870 0.417205
vn -0.683593 0.634033 0.361527
vn -0.697618 0.681163 0.222141
vn -0.715712 0.688956 0.114441
vn 0.002560 0.999169 -0.040685
vn 0.002295 0.979376 -0.202034
vn 0.002297 0.935715 -0.352749
vn 0.002991 0.865730 -0.500502
vn 0.003110 0.754131 -0.656716
vn 0.002559 0.617964 -0.786202
vn 0.002285 0.482448 -0.875922
vn 0.002294 0.339470 -0.940614
vn 0.002126 0.188439 -0.982083
vn 0.001682 0.034177 -0.999414
vn 0.001890 -0.126790 -0.991928
vn 0.002373 -0.318450 -0.947937
vn 0.002301 -0.520314 -0.853972
vn 0.001644 -0.676025 -0.736876
vn 0.001451 -0.786820 -0.617181
vn 0.001455 -0.873682 -0.486496
vn 0.001456 -0.939028 -0.343838
vn 0.001024 -0.981240 -0.192789
vn 0.001758 -0.999135 -0.041556
vn 0.001690 -0.993635 0.112636
vn 0.001887 -0.963750 0.266802
vn 0.002136 -0.907238 0.420612
vn 0.006697 -0.810115 0.586233
vn 0.009198 -0.657249 0.753617
vn 0.007729 -0.496685 0.867897
vn 0.006380 -0.315954 0.948753
vn 0.002744 -0.117390 0.993082
vn -0.001286 0.078301 0.996929
vn 0.002594 0.272103 0.962265
vn 0.002296 0.425054 0.905165
vn 0.002291 0.561448 0.827509
vn 0.002298 0.684010 0.729469
vn 0.002299 0.789702 0.613487
vn 0.000067 0.876794 0.480867
vn 0.003651 0.941673 0.336510
vn 0.003082 0.989196 0.146567
vn -0.001315 -0.999225 -0.039329
vn -0.000056 0.999537 -0.030412
vn -0.003632 0.991811 0.127662
vn -0.003065 0.947924 0.318482
vn -0.002551 0.871800 0.489855
vn -0.002283 0.780923 0.624623
vn -0.002286 0.673604 0.739089
vn -0.002288 0.549669 0.835379
vn -0.002283 0.412190 0.911095
vn -0.002141 0.258976 0.965881
vn -0.003026 0.071929 0.997405
vn -0.000610 -0.136962 0.990576
vn -0.006327 -0.306228 0.951937
vn -0.004572 -0.458328 0.888771
vn -0.007315 -0.607527 0.794265
vn -0.005057 -0.730290 0.683119
vn -0.002487 -0.830289 0.557327
vn 0.000758 -0.904222 0.427063
vn -0.001975 -0.960492 0.278302
vn -0.002038 -0.992323 0.123652
vn -0.001732 -0.979556 -0.201162
vn -0.001705 -0.935731 -0.352709
vn -0.001705 -0.869041 -0.494738
vn -0.001710 -0.780947 -0.624595
vn -0.002166 -0.668551 -0.743664
vn -0.002650 -0.508785 -0.860890
vn -0.002568 -0.305684 -0.952129
vn -0.002105 -0.116401 -0.993200
vn -0.002197 0.046195 -0.998930
vn -0.002278 0.202009 -0.979381
vn -0.002290 0.352761 -0.935711
vn -0.002293 0.494808 -0.868999
vn -0.002970 0.629766 -0.776779
vn -0.003084 0.766594 -0.642124
vn -0.002547 0.873196 -0.487362
vn -0.002285 0.940621 -0.339451
vn -0.002287 0.982141 -0.188131
vn -1.000000 -0.000039 -0.000009
vn -1.000000 0.000040 -0.000008
vn -1.000000 0.000054 0.000007
vn -1.000000 0.000032 0.000017
vn -1.000000 0.000024 0.000013
vn -1.000000 0.000009 0.000016
vn -1.000000 0.000010 0.000001
vn -1.000000 0.000015 0.000023
vn -1.000000 0.000011 0.000025
vn -1.000000 0.000007 0.000026
vn -1.000000 0.000007 0.000031
vn -1.000000 -0.000006 0.000053
vn -1.000000 -0.000017 0.000050
vn -1.000000 -0.000024 0.000048
vn -1.000000 -0.000030 0.000028
vn -1.000000 -0.000019 0.000008
vn -1.000000 -0.000002 0.000008
vn -1.000000 -0.000024 0.000012
vn -1.000000 -0.000035 0.000017
vn -1.000000 -0.000054 0.000007
vn -1.000000 -0.000026 -0.000006
vn -1.000000 -0.000004 -0.000008
vn -1.000000 -0.000036 -0.000004
vn -1.000000 -0.000017 -0.000032
vn -1.000000 0.000000 0.000000
vn -1.000000 -0.000016 -0.000015
vn -1.000000 -0.000015 -0.000018
vn -1.000000 -0.000006 -0.000054
vn -1.000000 0.000015 -0.000019
vn -1.000000 -0.000005 -0.000015
vn -1.000000 0.000013 -0.000013
vn -1.000000 0.000000 0.000000
vn -1.000000 0.000007 -0.000019
vn -1.000000 0.000029 -0.000033
vn -1.000000 0.000034 -0.000002
vn -1.000000 0.000005 -0.000009
vn -1.000000 0.000027 -0.000005
vn -1.000000 0.000011 0.000026
vn -1.000000 0.000008 0.000025
vn -1.000000 0.000015 0.000014
vn -1.000000 0.000010 0.000001
vn -1.000000 0.000013 0.000022
vn -1.000000 0.000024 0.000018
vn -1.000000 0.000044 0.000003
vn -1.000000 -0.000044 0.000004
vn -1.000000 -0.000018 0.000019
vn -1.000000 -0.000000 0.000010
vn -1.000000 -0.000033 0.000008
vn -1.000000 -0.000028 0.000040
vn -1.000000 -0.000008 0.000048
vn -1.000000 -0.000002 -0.000030
vn -1.000000 -0.000003 0.000000
vn -1.000000 -0.000021 -0.000012
vn -1.000000 -0.000008 -0.000018
vn -1.000000 -0.000030 -0.000023
vn -1.000000 -0.000008 -0.000007
vn -1.000000 -0.000022 -0.000014
vn -1.000000 0.000022 -0.000015
vn -1.000000 0.000010 -0.000006
vn -1.000000 0.000038 -0.000017
vn -1.000000 0.000007 -0.000034
vn -1.000000 0.000007 -0.000011
vn -1.000000 0.000007 -0.000016
vn -1.000000 0.000010 -0.000011
vn -0.704917 0.051823 0.707394
vn -0.702054 0.225076 0.675619
vn -0.704830 0.376115 0.601459
vn -0.705331 0.486122 0.515940
vn -0.704155 0.581103 0.408026
vn -0.702564 0.660616 0.264557
vn -0.707596 0.702772 0.073609
vn -0.704995 -0.705278 0.074591
vn -0.701915 -0.662651 0.261168
vn -0.701467 -0.595324 0.391834
vn -0.703408 -0.503310 0.501892
vn -0.702788 -0.353816 0.617173
vn -0.703012 -0.147595 0.695694
vn -0.708467 -0.083694 -0.700764
vn -0.699732 -0.241104 -0.672491
vn -0.709357 -0.367319 -0.601572
vn -0.703309 -0.483942 -0.520726
vn -0.708305 -0.582491 -0.398758
vn -0.702492 -0.663837 -0.256565
vn -0.705476 -0.700639 -0.106807
vn -0.702965 0.702412 -0.111616
vn -0.700160 0.666903 -0.254982
vn -0.705779 0.584090 -0.400893
vn -0.702308 0.463545 -0.540268
vn -0.709165 0.342491 -0.616267
vn -0.707858 0.210058 -0.674398
vn -0.702616 0.077821 -0.707301
vn -0.706345 0.707682 0.016190
vn -0.699678 0.711783 -0.061766
vn -0.706389 0.682138 -0.188950
vn -0.700526 0.647017 -0.301052
vn -0.720470 0.582748 -0.375936
vn -0.693727 0.529657 -0.488064
vn -0.710323 0.413168 -0.569854
vn -0.707591 0.281069 -0.648318
vn -0.709593 0.141090 -0.690342
vn -0.701440 0.008318 -0.712680
vn -0.706724 -0.146368 -0.692184
vn -0.707406 -0.272913 -0.651993
vn -0.709736 -0.413793 -0.570132
vn -0.705315 -0.520122 -0.481668
vn -0.710323 -0.607632 -0.355280
vn -0.707594 -0.671025 -0.221441
vn -0.703088 -0.707598 -0.070514
vn -0.701931 -0.712199 0.008066
vn -0.696379 -0.700514 0.156004
vn -0.708147 -0.666783 0.232225
vn -0.704813 -0.620724 0.343425
vn -0.706837 -0.557144 0.435858
vn -0.702479 -0.469591 0.534797
vn -0.712653 -0.375089 0.592819
vn -0.684382 -0.256685 0.682447
vn -0.706414 -0.091718 0.701831
vn -0.711537 0.042417 0.701367
vn -0.705277 0.172910 0.687522
vn -0.699790 0.298377 0.649050
vn -0.711045 0.393324 0.582848
vn -0.707191 0.475875 0.522899
vn -0.709042 0.564244 0.422952
vn -0.707247 0.635009 0.310749
vn -0.692260 0.699452 0.177604
vn -0.003134 0.997965 0.063685
vn 0.000580 0.991611 -0.129258
vn -0.015446 0.969139 -0.246030
vn 0.000562 0.903126 -0.429376
vn -0.015429 0.845668 -0.533486
vn -0.002249 0.721280 -0.692640
vn -0.004094 0.599238 -0.800560
vn 0.003668 0.399345 -0.916794
vn 0.005374 0.211477 -0.977368
vn 0.005761 0.007576 -0.999955
vn 0.010301 -0.186279 -0.982443
vn 0.005183 -0.377923 -0.925823
vn 0.003632 -0.579338 -0.815079
vn 0.003965 -0.734000 -0.679138
vn -0.001173 -0.857777 -0.514021
vn 0.008497 -0.951690 -0.306943
vn -0.002288 -0.990976 -0.134019
vn -0.010543 -0.998861 0.046546
vn 0.018702 -0.981814 0.188922
vn -0.020806 -0.937175 0.348238
vn 0.018610 -0.875876 0.482178
vn -0.007480 -0.787167 0.616694
vn 0.007358 -0.671647 0.740835
vn 0.000535 -0.516337 0.856385
vn 0.015590 -0.348846 0.937050
vn 0.000288 -0.158516 0.987356
vn 0.005695 0.066037 0.997801
vn 0.003173 0.258110 0.966110
vn 0.005014 0.405563 0.914054
vn -0.001588 0.552727 0.833361
vn 0.004616 0.683686 0.729762
vn -0.001412 0.801634 0.597813
vn 0.005587 0.908124 0.418663
vn -0.000372 0.968709 0.248201
vn -0.017258 -0.997294 -0.071463
vn -0.015398 0.998368 -0.055000
vn -0.011700 0.975163 0.221181
vn -0.002601 0.897853 0.440288
vn -0.005550 0.785308 0.619080
vn -0.005206 0.658313 0.752727
vn -0.011354 0.464960 0.885259
vn -0.007106 0.277292 0.960759
vn -0.003574 0.088568 0.996064
vn -0.008003 -0.114146 0.993432
vn -0.003768 -0.346480 0.938050
vn -0.009318 -0.554750 0.831965
vn -0.014129 -0.710994 0.703056
vn -0.016179 -0.869253 0.494103
vn -0.016848 -0.977882 0.208479
vn -0.005653 -0.941799 -0.336129
vn -0.015414 -0.816246 -0.577499
vn -0.013452 -0.657952 -0.752940
vn -0.007296 -0.457402 -0.889230
vn -0.008397 -0.237353 -0.971387
vn -0.008996 -0.052499 -0.998580
vn -0.007222 0.153058 -0.988191
vn -0.008030 0.373960 -0.927410
vn -0.005082 0.582228 -0.813010
vn -0.012530 0.778180 -0.627916
vn -0.017966 0.933913 -0.357048
vn -1.000000 -0.000046 -0.000003
vn -1.000000 0.000026 -0.000026
vn -1.000000 0.000061 0.000024
vn -1.000000 0.000047 0.000019
vn -1.000000 0.000046 0.000035
vn -1.000000 0.000043 0.000045
vn -1.000000 0.000032 0.000061
vn -1.000000 0.000019 0.000066
vn -1.000000 0.000006 0.000068
vn -1.000000 -0.000011 0.000062
vn -1.000000 -0.000019 0.000060
vn -1.000000 -0.000038 0.000057
vn -1.000000 -0.000049 0.000048
vn -1.000000 -0.000050 0.000017
vn -1.000000 -0.000039 0.000012
vn -1.000000 -0.000043 -0.000015
vn -1.000000 -0.000037 -0.000026
vn -1.000000 -0.000044 -0.000040
vn -1.000000 -0.000030 -0.000058
vn -1.000000 -0.000008 -0.000059
vn -1.000000 -0.000002 -0.000046
vn -1.000000 0.000007 -0.000045
vn -1.000000 0.000015 -0.000064
vn -1.000000 0.000047 -0.000065
vn -1.000000 0.000059 -0.000039
vn -1.000000 0.000034 0.000007
vn -1.000000 -0.000006 0.000063
vn -1.000000 0.000035 0.000052
vn -1.000000 0.000055 0.000015
vn -1.000000 0.000051 0.000050
vn -1.000000 0.000023 -0.000064
vn -1.000000 0.000027 -0.000122
vn -1.000000 -0.000039 0.000015
vn -1.000000 -0.000056 -0.000004
vn -1.000000 -0.000067 0.000004
vn -1.000000 -0.000023 0.000059
vn -1.000000 -0.000014 0.000062
vn -1.000000 -0.000012 -0.000050
vn -1.000000 -0.000017 -0.000043
vn -1.000000 -0.000034 -0.000037
vn -1.000000 -0.000063 -0.000013
vn -1.000000 -0.000043 -0.000012
vn -1.000000 0.000108 0.000091
vn -1.000000 0.000081 -0.000025
vn -1.000000 0.000006 -0.000076
vn -1.000000 0.000003 -0.000074
vn -0.702389 0.071241 0.708219
vn -0.699241 0.304009 0.647025
vn -0.700000 0.531995 0.476425
vn -0.701079 0.641310 0.311784
vn -0.705992 0.696519 0.128206
vn -0.709589 0.703402 -0.041353
vn -0.706565 -0.707198 0.025239
vn -0.695444 -0.674100 0.248892
vn -0.698970 -0.556595 0.449046
vn -0.701620 -0.378669 0.603606
vn -0.699506 -0.165910 0.695101
vn -0.707285 -0.169845 -0.686222
vn -0.701230 -0.330179 -0.631869
vn -0.703969 -0.463439 -0.538193
vn -0.706406 -0.599402 -0.376441
vn -0.704340 -0.681666 -0.198083
vn -0.707692 0.654726 -0.265528
vn -0.703276 0.541167 -0.461023
vn -0.699472 0.353816 -0.620929
vn -0.698518 0.064624 -0.712668
vn -0.708267 0.701315 -0.080716
vn -0.715340 0.633618 -0.294648
vn -0.708924 0.519253 -0.477287
vn -0.713324 0.349632 -0.607393
vn -0.690030 0.194775 -0.697080
vn -0.707962 0.006703 -0.706219
vn -0.701373 -0.125140 -0.701724
vn -0.714850 -0.334243 -0.614225
vn -0.714724 -0.509811 -0.478813
vn -0.722146 -0.628789 -0.288321
vn -0.715109 -0.695465 -0.070336
vn -0.714779 -0.676688 0.176589
vn -0.706535 -0.609562 0.359503
vn -0.713419 -0.458409 0.529995
vn -0.712649 -0.260543 0.651344
vn -0.708300 -0.081080 0.701240
vn -0.707999 0.089577 0.700510
vn -0.710451 0.281505 0.644992
vn -0.693933 0.449923 0.562162
vn -0.717090 0.565412 0.407543
vn -0.707718 0.654442 0.266160
vn -0.706340 0.700729 0.100311
vn 0.001857 0.993106 -0.117204
vn 0.003483 0.910420 -0.413670
vn 0.003164 0.737800 -0.675012
vn 0.001547 0.502137 -0.864786
vn 0.000857 0.255660 -0.966766
vn 0.001654 0.035848 -0.999356
vn 0.003015 -0.203288 -0.979114
vn 0.003121 -0.480680 -0.876891
vn 0.001688 -0.728049 -0.685523
vn 0.001056 -0.906514 -0.422175
vn 0.000972 -0.996047 -0.088820
vn 0.001374 -0.968852 0.247635
vn 0.002911 -0.856610 0.515957
vn 0.004229 -0.652293 0.757955
vn 0.003748 -0.372850 0.927884
vn 0.000074 -0.126113 0.992016
vn -0.000799 0.120312 0.992736
vn 0.000780 0.404591 0.914497
vn 0.000379 0.634263 0.773117
vn 0.000824 0.805699 0.592325
vn 0.000237 0.924622 0.380885
vn 0.000293 0.988300 0.152524
vn -0.000813 -0.995419 -0.095603
vn -0.000143 0.989227 0.146392
vn -0.000360 0.927542 0.373719
vn -0.000328 0.814868 0.579647
vn -0.000925 0.647518 0.762050
vn -0.001377 0.392875 0.919591
vn -0.000517 0.086676 0.996236
vn -0.001813 -0.236887 0.971535
vn -0.004307 -0.549894 0.835224
vn -0.004579 -0.793472 0.608590
vn -0.003046 -0.962232 0.272212
vn -0.000444 -0.912914 -0.408151
vn -0.000935 -0.749285 -0.662247
vn -0.001774 -0.557543 -0.830146
vn -0.003230 -0.335818 -0.941921
vn -0.002849 -0.054217 -0.998525
vn -0.001492 0.223388 -0.974728
vn -0.000927 0.474280 -0.880373
vn -0.001673 0.671463 -0.741036
vn -0.002945 0.829490 -0.558514
vn -0.002299 0.945942 -0.324328
vn -0.000551 0.996147 -0.087699
vn -1.000000 0.000000 0.000000
vn -1.000000 0.000000 0.000000
vn -1.000000 0.000000 0.000000
vn -1.000000 0.000000 0.000000
vn -1.000000 0.000000 0.000000
vn -1.000000 0.000000 0.000000
vn -1.000000 0.000000 0.000000
vn -1.000000 0.000000 0.000000
vn -1.000000 0.000000 0.000000
vn -1.000000 0.000000 0.000000
vn -1.000000 0.000000 0.000000
vn -1.000000 0.000000 0.000000
vn -1.000000 0.000000 0.000000
vn -1.000000 0.000000 0.000000
vn -1.000000 0.000000 0.000000
vn -1.000000 0.000000 0.000000
vn -1.000000 0.000000 0.000000
vn -1.000000 0.000000 0.000000
vn -1.000000 0.000000 0.000000
vn -1.000000 0.000000 0.000000
vn -1.000000 0.000000 0.000000
vn -1.000000 0.000000 0.000000
f 3811//3811 3769//3769 3768//3768
f 3771//3771 3770//3770 3788//3788
f 3785//3785 3771//3771 3786//3786
f 3784//3784 3771//3771 3785//3785
f 3825//3825 3765//3765 3826//3826
f 3824//3824 3765//3765 3825//3825
f 3823//3823 3765//3765 3824//3824
f 3822//3822 3765//3765 3823//3823
f 3774//3774 3815//3815 3814//3814
f 3773//3773 3780//3780 3779//3779
f 3773//3773 3778//3778 3777//3777
f 3773//3773 3779//3779 3778//3778
f 3774//3774 3803//3803 3765//3765
f 3774//3774 3777//3777 3803//3803
f 3774//3774 3773//3773 3777//3777
f 3771//3771 3788//3788 3787//3787
f 3774//3774 3814//3814 3775//3775
f 3827//3827 3826//3826 3765//3765
f 3820//3820 3774//3774 3821//3821
f 3819//3819 3774//3774 3820//3820
f 3764//3764 3827//3827 3765//3765
f 3772//3772 3781//3781 3780//3780
f 3772//3772 3782//3782 3781//3781
f 3772//3772 3783//3783 3782//3782
f 3772//3772 3784//3784 3783//3783
f 3772//3772 3771//3771 3784//3784
f 3772//3772 3780//3780 3773//3773
f 3818//3818 3774//3774 3819//3819
f 3817//3817 3774//3774 3818//3818
f 3816//3816 3774//3774 3817//3817
f 3815//3815 3774//3774 3816//3816
f 3821//3821 3774//3774 3765//3765
f 3771//3771 3787//3787 3786//3786
f 3821//3821 3765//3765 3822//3822
f 3777//3777 3804//3804 3803//3803
f 3766//3766 3800//3800 3799//3799
f 3766//3766 3799//3799 3767//3767
f 3767//3767 3796//3796 3768//3768
f 3767//3767 3799//3799 3798//3798
f 3767//3767 3797//3797 3796//3796
f 3807//3807 3769//3769 3808//3808
f 3766//3766 3801//3801 3800//3800
f 3796//3796 3795//3795 3768//3768
f 3795//3795 3813//3813 3768//3768
f 3809//3809 3769//3769 3810//3810
f 3813//3813 3812//3812 3768//3768
f 3810//3810 3769//3769 3811//3811
f 3788//3788 3770//3770 3789//3789
f 3812//3812 3811//3811 3768//3768
f 3808//3808 3769//3769 3809//3809
f 3766//3766 3802//3802 3801//3801
f 3767//3767 3798//3798 3797//3797
f 3794//3794 3805//3805 3804//3804
f 3770//3770 3791//3791 3790//3790
f 3789//3789 3770//3770 3790//3790
f 3770//3770 3769//3769 3792//3792
f 3776//3776 3794//3794 3804//3804
f 3777//3777 3776//3776 3804//3804
f 3770//3770 3792//3792 3791//3791
f 3766//3766 3803//3803 3802//3802
f 3794//3794 3806//3806 3805//3805
f 3794//3794 3793//3793 3806//3806
f 3793//3793 3807//3807 3806//3806
f 3792//3792 3769//3769 3807//3807
f 3793//3793 3792//3792 3807//3807
f 3765//3765 3803//3803 3766//3766
f 3842//3842 3894//3894 3840//3840
f 3842//3842 3895//3895 3894//3894
f 3840//3840 3893//3893 3892//3892
f 3856//3856 3899//3899 3898//3898
f 3856//3856 3898//3898 3857//3857
f 3843//3843 3840//3840 3839//3839
f 3843//3843 3842//3842 3840//3840
f 3842//3842 3859//3859 3895//3895
f 3840//3840 3894//3894 3893//3893
f 3857//3857 3897//3897 3858//3858
f 3859//3859 3896//3896 3895//3895
f 3859//3859 3858//3858 3896//3896
f 3858//3858 3897//3897 3896//3896
f 3902//3902 3836//3836 3903//3903
f 3901//3901 3836//3836 3902//3902
f 3840//3840 3892//3892 3891//3891
f 3855//3855 3899//3899 3856//3856
f 3857//3857 3898//3898 3897//3897
f 3844//3844 3843//3843 3839//3839
f 3837//3837 3852//3852 3851//3851
f 3854//3854 3899//3899 3855//3855
f 3840//3840 3891//3891 3890//3890
f 3890//3890 3889//3889 3841//3841
f 3840//3840 3890//3890 3841//3841
f 3829//3829 3867//3867 3828//3828
f 3837//3837 3836//3836 3853//3853
f 3837//3837 3851//3851 3850//3850
f 3837//3837 3850//3850 3849//3849
f 3837//3837 3849//3849 3838//3838
f 3838//3838 3849//3849 3848//3848
f 3838//3838 3848//3848 3847//3847
f 3838//3838 3847//3847 3846//3846
f 3838//3838 3846//3846 3839//3839
f 3846//3846 3845//3845 3839//3839
f 3853//3853 3836//3836 3854//3854
f 3854//3854 3836//3836 3901//3901
f 3845//3845 3844//3844 3839//3839
f 3854//3854 3901//3901 3900//3900
f 3854//3854 3900//3900 3899//3899
f 3829//3829 3841//3841 3870//3870
f 3837//3837 3853//3853 3852//3852
f 3829//3829 3869//3869 3868//3868
f 3862//3862 3861//3861 3830//3830
f 3874//3874 3882//3882 3875//3875
f 3874//3874 3883//3883 3882//3882
f 3861//3861 3860//3860 3830//3830
f 3830//3830 3860//3860 3878//3878
f 3830//3830 3878//3878 3831//3831
f 3875//3875 3881//3881 3876//3876
f 3875//3875 3882//3882 3881//3881
f 3876//3876 3881//3881 3877//3877
f 3878//3878 3877//3877 3831//3831
f 3829//3829 3870//3870 3869//3869
f 3877//3877 3880//3880 3831//3831
f 3880//3880 3879//3879 3831//3831
f 3879//3879 3910//3910 3831//3831
f 3910//3910 3909//3909 3831//3831
f 3909//3909 3908//3908 3831//3831
f 3908//3908 3907//3907 3832//3832
f 3908//3908 3832//3832 3831//3831
f 3907//3907 3833//3833 3832//3832
f 3873//3873 3883//3883 3874//3874
f 3863//3863 3862//3862 3830//3830
f 3877//3877 3881//3881 3880//3880
f 3884//3884 3873//3873 3872//3872
f 3829//3829 3868//3868 3867//3867
f 3836//3836 3905//3905 3904//3904
f 3836//3836 3904//3904 3903//3903
f 3836//3836 3835//3835 3905//3905
f 3889//3889 3888//3888 3841//3841
f 3841//3841 3888//3888 3887//3887
f 3841//3841 3887//3887 3886//3886
f 3841//3841 3886//3886 3870//3870
f 3905//3905 3835//3835 3906//3906
f 3884//3884 3883//3883 3873//3873
f 3906//3906 3835//3835 3834//3834
f 3886//3886 3885//3885 3870//3870
f 3885//3885 3871//3871 3870//3870
f 3867//3867 3866//3866 3828//3828
f 3885//3885 3872//3872 3871//3871
f 3885//3885 3884//3884 3872//3872
f 3866//3866 3865//3865 3828//3828
f 3828//3828 3865//3865 3864//3864
f 3828//3828 3863//3863 3830//3830
f 3828//3828 3864//3864 3863//3863
f 3917//3917 3911//3911 3913//3913
f 3917//3917 3913//3913 3919//3919
f 3916//3916 3915//3915 3912//3912
f 3919//3919 3913//3913 3914//3914
f 3919//3919 3914//3914 3918//3918
f 3916//3916 3912//3912 3911//3911
f 3916//3916 3911//3911 3917//3917
f 3922//3922 3926//3926 3927//3927
f 3926//3926 3923//3923 3924//3924
f 3922//3922 3927//3927 3921//3921
f 3921//3921 3927//3927 3920//3920
f 3926//3926 3924//3924 3925//3925
f 3922//3922 3923//3923 3926//3926
f 3929//3929 3930//3930 3931//3931
f 3932//3932 3928//3928 3929//3929
f 3932//3932 3929//3929 3931//3931
f 3933//3933 3935//3935 3936//3936
f 3933//3933 3936//3936 3937//3937
f 3933//3933 3937//3937 3934//3934
f 3943//3943 3942//3942 3941//3941
f 3940//3940 3943//3943 3941//3941
f 3939//3939 3938//3938 3943//3943
f 3939//3939 3943//3943 3940//3940
f 3944//3944 3947//3947 3946//3946
f 3944//3944 3945//3945 3947//3947
f 3948//3948 3951//3951 3953//3953
f 3951//3951 3949//3949 3952//3952
f 3953//3953 3951//3951 3950//3950
f 3948//3948 3949//3949 3951//3951
f 3954//3954 3957//3957 3955//3955
f 3954//3954 3956//3956 3957//3957
f 3958//3958 3960//3960 3961//3961
f 3958//3958 3959//3959 3960//3960
f 3973//3973 3992//3992 3972//3972
f 3962//3962 4036//4036 4094//4094
f 3973//3973 3993//3993 3992//3992
f 3973//3973 3994//3994 3993//3993
f 3973//3973 3995//3995 3994//3994
f 3973//3973 3996//3996 3995//3995
f 3997//3997 3996//3996 3973//3973
f 3962//3962 4037//4037 4036//4036
f 3962//3962 4038//4038 4037//4037
f 3962//3962 4093//4093 4008//4008
f 3962//3962 4007//4007 4006//4006
f 3962//3962 4005//4005 4004//4004
f 3962//3962 4006//4006 4005//4005
f 4042//4042 3977//3977 4043//4043
f 3962//3962 4008//4008 4007//4007
f 3963//3963 4039//4039 4038//4038
f 3963//3963 4040//4040 4039//4039
f 3963//3963 4041//4041 4040//4040
f 3963//3963 4042//4042 4041//4041
f 3963//3963 4038//4038 3962//3962
f 3963//3963 3977//3977 4042//4042
f 3964//3964 3962//3962 4004//4004
f 3962//3962 4094//4094 4093//4093
f 3977//3977 4045//4045 4044//4044
f 4036//4036 4035//4035 4095//4095
f 3977//3977 3978//3978 4045//4045
f 3964//3964 4001//4001 4000//4000
f 4010//4010 4091//4091 3984//3984
f 3992//3992 3991//3991 3972//3972
f 4032//4032 4099//4099 4098//4098
f 4033//4033 4032//4032 4098//4098
f 4033//4033 4098//4098 4097//4097
f 3978//3978 4101//4101 4030//4030
f 3978//3978 3979//3979 4102//4102
f 3978//3978 4029//4029 4047//4047
f 3978//3978 4030//4030 4029//4029
f 3977//3977 4044//4044 4043//4043
f 3978//3978 4102//4102 4101//4101
f 4034//4034 4097//4097 4096//4096
f 4010//4010 4092//4092 4091//4091
f 4009//4009 4092//4092 4010//4010
f 4009//4009 4093//4093 4092//4092
f 4046//4046 3978//3978 4047//4047
f 4035//4035 4096//4096 4095//4095
f 4035//4035 4034//4034 4096//4096
f 4045//4045 3978//3978 4046//4046
f 4008//4008 4093//4093 4009//4009
f 4036//4036 4095//4095 4094//4094
f 4034//4034 4033//4033 4097//4097
f 3964//3964 4002//4002 4001//4001
f 3975//3975 4110//4110 4109//4109
f 3964//3964 4004//4004 4003//4003
f 4017//4017 4016//4016 4113//4113
f 4027//4027 3965//3965 4028//4028
f 4026//4026 3965//3965 4027//4027
f 4017//4017 4113//4113 4112//4112
f 4018//4018 4017//4017 4112//4112
f 4025//4025 3965//3965 4026//4026
f 4018//4018 4112//4112 4111//4111
f 4019//4019 4018//4018 4111//4111
f 3975//3975 4109//4109 3974//3974
f 3975//3975 4020//4020 4019//4019
f 4016//4016 4114//4114 4113//4113
f 3975//3975 4111//4111 4110//4110
f 3975//3975 4019//4019 4111//4111
f 3976//3976 4022//4022 4021//4021
f 3976//3976 3965//3965 4025//4025
f 3976//3976 4023//4023 4022//4022
f 3976//3976 4024//4024 4023//4023
f 3976//3976 4021//4021 3975//3975
f 3976//3976 4025//4025 4024//4024
f 3976//3976 3977//3977 3965//3965
f 3965//3965 3977//3977 3963//3963
f 4030//4030 4101//4101 4031//4031
f 3975//3975 4021//4021 4020//4020
f 3964//3964 4003//4003 4002//4002
f 4028//4028 3964//3964 4011//4011
f 4016//4016 4115//4115 4114//4114
f 4104//4104 3999//3999 3998//3998
f 4104//4104 3998//3998 3997//3997
f 4103//4103 3999//3999 4104//4104
f 4105//4105 4104//4104 3997//3997
f 4105//4105 3997//3997 3973//3973
f 4118//4118 3999//3999 4103//4103
f 4118//4118 4000//4000 3999//3999
f 4105//4105 3973//3973 3974//3974
f 4106//4106 4105//4105 3974//3974
f 4118//4118 3964//3964 4000//4000
f 4028//4028 3965//3965 3964//3964
f 4107//4107 4106//4106 3974//3974
f 4109//4109 4108//4108 3974//3974
f 4014//4014 4013//4013 4117//4117
f 4013//4013 3964//3964 4118//4118
f 4013//4013 4118//4118 4117//4117
f 4012//4012 3964//3964 4013//4013
f 4014//4014 4117//4117 4116//4116
f 4015//4015 4014//4014 4116//4116
f 4011//4011 3964//3964 4012//4012
f 4015//4015 4116//4116 4115//4115
f 4016//4016 4015//4015 4115//4115
f 4108//4108 4107//4107 3974//3974
f 4031//4031 4101//4101 4100//4100
f 3969//3969 4124//4124 4123//4123
f 4032//4032 4031//4031 4100//4100
f 3967//3967 4149//4149 4148//4148
f 3967//3967 3966//3966 4152//4152
f 3967//3967 4150//4150 4149//4149
f 3967//3967 4151//4151 4150//4150
f 3967//3967 4152//4152 4151//4151
f 3982//3982 4145//4145 4144//4144
f 3982//3982 4146//4146 4145//4145
f 3982//3982 4147//4147 4146//4146
f 3982//3982 3967//3967 4147//4147
f 4122//4122 4074//4074 4073//4073
f 4122//4122 4121//4121 4074//4074
f 4121//4121 4075//4075 4074//4074
f 4120//4120 4075//4075 4121//4121
f 4122//4122 4073//4073 3968//3968
f 3981//3981 3983//3983 3982//3982
f 4123//4123 4122//4122 3968//3968
f 4119//4119 4075//4075 4120//4120
f 4119//4119 4076//4076 4075//4075
f 4119//4119 4077//4077 4076//4076
f 4135//4135 4077//4077 4119//4119
f 4135//4135 4078//4078 4077//4077
f 4134//4134 4078//4078 4135//4135
f 4134//4134 4144//4144 4078//4078
f 3967//3967 4148//4148 4147//4147
f 4134//4134 3982//3982 4144//4144
f 4144//4144 4079//4079 4078//4078
f 4143//4143 4142//4142 4079//4079
f 4069//4069 3966//3966 3968//3968
f 4070//4070 4069//4069 3968//3968
f 4068//4068 3966//3966 4069//4069
f 4071//4071 4070//4070 3968//3968
f 4067//4067 3966//3966 4068//4068
f 4032//4032 4100//4100 4099//4099
f 4086//4086 3966//3966 4067//4067
f 4073//4073 4072//4072 3968//3968
f 4138//4138 4137//4137 4085//4085
f 4138//4138 4085//4085 4084//4084
f 4137//4137 4086//4086 4085//4085
f 4136//4136 4086//4086 4137//4137
f 4136//4136 3966//3966 4086//4086
f 4139//4139 4084//4084 4083//4083
f 4139//4139 4138//4138 4084//4084
f 4152//4152 3966//3966 4136//4136
f 4139//4139 4083//4083 4082//4082
f 4140//4140 4139//4139 4082//4082
f 4140//4140 4082//4082 4081//4081
f 4141//4141 4140//4140 4081//4081
f 4141//4141 4081//4081 4080//4080
f 4142//4142 4141//4141 4080//4080
f 4142//4142 4080//4080 4079//4079
f 4144//4144 4143//4143 4079//4079
f 4051//4051 4126//4126 4125//4125
f 4072//4072 4071//4071 3968//3968
f 4049//4049 4127//4127 4126//4126
f 3972//3972 3982//3982 4134//4134
f 3972//3972 4134//4134 4133//4133
f 3972//3972 3981//3981 3982//3982
f 3971//3971 4060//4060 4059//4059
f 3971//3971 4061//4061 4060//4060
f 3971//3971 4062//4062 4061//4061
f 3971//3971 3972//3972 4062//4062
f 3971//3971 4059//4059 3970//3970
f 4088//4088 4087//4087 3979//3979
f 4089//4089 4088//4088 3979//3979
f 4102//4102 3979//3979 4087//4087
f 4090//4090 4089//4089 3979//3979
f 4091//4091 4090//4090 3980//3980
f 3987//3987 3980//3980 3988//3988
f 3989//3989 3988//3988 3980//3980
f 3986//3986 3980//3980 3987//3987
f 3985//3985 3980//3980 3986//3986
f 3990//3990 3989//3989 3980//3980
f 3990//3990 3980//3980 3981//3981
f 3991//3991 3981//3981 3972//3972
f 4051//4051 4050//4050 4126//4126
f 3991//3991 3990//3990 3981//3981
f 3984//3984 3980//3980 3985//3985
f 3972//3972 4133//4133 4132//4132
f 3972//3972 4132//4132 4131//4131
f 4090//4090 3979//3979 3980//3980
f 3972//3972 4063//4063 4062//4062
f 4048//4048 4127//4127 4049//4049
f 4051//4051 4125//4125 4124//4124
f 4066//4066 4129//4129 4128//4128
f 4066//4066 4128//4128 4048//4048
f 3969//3969 4051//4051 4124//4124
f 3969//3969 4123//4123 3968//3968
f 3969//3969 4052//4052 4051//4051
f 3969//3969 4053//4053 4052//4052
f 3972//3972 4064//4064 4063//4063
f 4049//4049 4126//4126 4050//4050
f 4065//4065 4130//4130 4129//4129
f 3984//3984 4091//4091 3980//3980
f 4054//4054 4053//4053 3969//3969
f 4065//4065 4131//4131 4130//4130
f 4055//4055 4054//4054 3969//3969
f 4064//4064 4131//4131 4065//4065
f 3970//3970 4055//4055 3969//3969
f 3970//3970 4056//4056 4055//4055
f 3970//3970 4057//4057 4056//4056
f 4058//4058 4057//4057 3970//3970
f 4059//4059 4058//4058 3970//3970
f 3972//3972 4131//4131 4064//4064
f 4065//4065 4129//4129 4066//4066
f 4048//4048 4128//4128 4127//4127
f 4157//4157 4158//4158 4153//4153
f 4154//4154 4157//4157 4153//4153
f 4156//4156 4155//4155 4157//4157
f 4156//4156 4157//4157 4154//4154
f 4164//4164 4160//4160 4161//4161
f 4163//4163 4161//4161 4159//4159
f 4164//4164 4161//4161 4163//4163
f 4162//4162 4160//4160 4164//4164
f 4173//4173 4165//4165 4166//4166
f 4173//4173 4174//4174 4165//4165
f 4168//4168 4173//4173 4166//4166
f 4172//4172 4173//4173 4168//4168
f 4167//4167 4172//4172 4168//4168
f 4177//4177 4178//4178 4169//4169
f 4171//4171 4172//4172 4167//4167
f 4170//4170 4177//4177 4169//4169
f 4176//4176 4170//4170 4171//4171
f 4176//4176 4177//4177 4170//4170
f 4176//4176 4171//4171 4167//4167
f 4174//4174 4175//4175 4165//4165
f 4181//4181 4179//4179 4180//4180
f 4181//4181 4182//4182 4179//4179
f 4184//4184 4183//4183 4186//4186
f 4184//4184 4186//4186 4185//4185
f 4194//4194 4202//4202 4192//4192
f 4188//4188 4201//4201 4194//4194
f 4188//4188 4187//4187 4199//4199
f 4188//4188 4200//4200 4201//4201
f 4188//4188 4199//4199 4200//4200
f 4194//4194 4201//4201 4202//4202
f 4197//4197 4196//4196 4189//4189
f 4202//4202 4203//4203 4204//4204
f 4192//4192 4204//4204 4193//4193
f 4187//4187 4195//4195 4199//4199
f 4199//4199 4195//4195 4198//4198
f 4198//4198 4195//4195 4197//4197
f 4202//4202 4204//4204 4192//4192
f 4195//4195 4196//4196 4197//4197
f 4191//4191 4197//4197 4189//4189
f 4190//4190 4189//4189 4196//4196
f 4208//4208 4207//4207 4205//4205
f 4208//4208 4205//4205 4206//4206
f 4210//4210 4209//4209 4212//4212
f 4210//4210 4212//4212 4211//4211
f 4214//4214 4215//4215 4213//4213
f 4215//4215 4221//4221 4213//4213
f 4215//4215 4222//4222 4221//4221
f 4222//4222 4223//4223 4220//4220
f 4219//4219 4223//4223 4218//4218
f 4224//4224 4218//4218 4223//4223
f 4217//4217 4224//4224 4216//4216
f 4221//4221 4222//4222 4220//4220
f 4217//4217 4218//4218 4224//4224
f 4220//4220 4223//4223 4219//4219
f 4227//4227 4225//4225 4226//4226
f 4227//4227 4228//4228 4225//4225
f 4233//4233 4230//4230 4229//4229
f 4234//4234 4233//4233 4229//4229
f 4232//4232 4231//4231 4233//4233
f 4233//4233 4231//4231 4230//4230
f 4246//4246 4239//4239 4245//4245
f 4246//4246 4238//4238 4239//4239
f 4246//4246 4247//4247 4238//4238
f 4238//4238 4237//4237 4239//4239
f 4239//4239 4248//4248 4245//4245
f 4245//4245 4249//4249 4244//4244
f 4244//4244 4250//4250 4243//4243
f 4249//4249 4250//4250 4244//4244
f 4241//4241 4240//4240 4252//4252
f 4235//4235 4252//4252 4236//4236
f 4252//4252 4240//4240 4236//4236
f 4240//4240 4242//4242 4236//4236
f 4250//4250 4242//4242 4243//4243
f 4251//4251 4242//4242 4250//4250
f 4236//4236 4242//4242 4251//4251
f 4245//4245 4248//4248 4249//4249
f 4254//4254 4253//4253 4255//4255
f 4254//4254 4255//4255 4256//4256
f 4260//4260 4258//4258 4257//4257
f 4260//4260 4257//4257 4259//4259
f 4261//4261 4269//4269 4264//4264
f 4261//4261 4264//4264 4262//4262
f 4261//4261 4270//4270 4269//4269
f 4268//4268 4265//4265 4264//4264
f 4268//4268 4267//4267 4266//4266
f 4268//4268 4266//4266 4265//4265
f 4264//4264 4265//4265 4263//4263
f 4269//4269 4268//4268 4264//4264
f 4275//4275 4279//4279 4274//4274
f 4282//4282 4271//4271 4281//4281
f 4271//4271 4272//4272 4281//4281
f 4273//4273 4281//4281 4272//4272
f 4273//4273 4280//4280 4281//4281
f 4280//4280 4274//4274 4279//4279
f 4280//4280 4273//4273 4274//4274
f 4275//4275 4278//4278 4279//4279
f 4278//4278 4275//4275 4276//4276
f 4278//4278 4276//4276 4277//4277
f 4284//4284 4285//4285 4291//4291
f 4291//4291 4285//4285 4286//4286
f 4291//4291 4286//4286 4292//4292
f 4292//4292 4287//4287 4293//4293
f 4292//4292 4286//4286 4287//4287
f 4293//4293 4287//4287 4288//4288
f 4293//4293 4288//4288 4294//4294
f 4283//4283 4284//4284 4290//4290
f 4289//4289 4283//4283 4290//4290
f 4290//4290 4284//4284 4291//4291
f 4296//4296 4295//4295 4298//4298
f 4298//4298 4295//4295 4297//4297
f 4301//4301 4302//4302 4300//4300
f 4301//4301 4300//4300 4299//4299
f 4304//4304 4303//4303 4305//4305
f 4304//4304 4305//4305 4306//4306
f 4309//4309 4310//4310 4307//4307
f 4310//4310 4308//4308 4307//4307
f 4312//4312 4311//4311 4314//4314
f 4314//4314 4311//4311 4313//4313
f 4315//4315 4318//4318 4316//4316
f 4317//4317 4319//4319 4318//4318
f 4318//4318 4319//4319 4323//4323
f 4318//4318 4322//4322 4316//4316
f 4318//4318 4323//4323 4322//4322
f 4316//4316 4322//4322 4321//4321
f 4319//4319 4320//4320 4323//4323
f 4323//4323 4320//4320 4324//4324
f 4329//4329 4335//4335 4328//4328
f 4335//4335 4334//4334 4328//4328
f 4333//4333 4327//4327 4334//4334
f 4327//4327 4328//4328 4334//4334
f 4335//4335 4329//4329 4330//4330
f 4325//4325 4326//4326 4332//4332
f 4331//4331 4325//4325 4332//4332
f 4333//4333 4332//4332 4326//4326
f 4327//4327 4333//4333 4326//4326
f 4335//4335 4330//4330 4336//4336
f 4340//4340 4338//4338 4337//4337
f 4340//4340 4337//4337 4339//4339
f 4345//4345 4341//4341 4343//4343
f 4343//4343 4341//4341 4342//4342
f 4344//4344 4345//4345 4343//4343
f 4348//4348 4349//4349 4346//4346
f 4348//4348 4346//4346 4347//4347
f 4351//4351 4353//4353 4350//4350
f 4352//4352 4353//4353 4351//4351
f 4352//4352 4354//4354 4353//4353
f 4356//4356 4355//4355 4357//4357
f 4356//4356 4357//4357 4358//4358
f 4360//4360 4368//4368 4367//4367
f 4369//4369 4366//4366 4370//4370
f 4359//4359 4365//4365 4368//4368
f 4359//4359 4368//4368 4360//4360
f 4359//4359 4364//4364 4365//4365
f 4362//4362 4361//4361 4363//4363
f 4365//4365 4363//4363 4369//4369
f 4365//4365 4369//4369 4368//4368
f 4363//4363 4366//4366 4369//4369
f 4363//4363 4361//4361 4366//4366
f 4374//4374 4372//4372 4373//4373
f 4372//4372 4371//4371 4373//4373
f 4376//4376 4379//4379 4375//4375
f 4376//4376 4377//4377 4378//4378
f 4376//4376 4378//4378 4379//4379
f 4383//4383 4380//4380 4382//4382
f 4380//4380 4381//4381 4382//4382
f 4384//4384 4386//4386 4385//4385
f 4384//4384 4387//4387 4386//4386
f 4391//4391 4388//4388 4390//4390
f 4391//4391 4392//4392 4388//4388
f 4388//4388 4389//4389 4390//4390
f 4394//4394 4395//4395 4396//4396
f 4394//4394 4393//4393 4395//4395
f 4400//4400 4398//4398 4399//4399
f 4403//4403 4406//4406 4398//4398
f 4404//4404 4403//4403 4398//4398
f 4398//4398 4406//4406 4397//4397
f 4400//4400 4404//4404 4398//4398
f 4403//4403 4402//4402 4401//4401
f 4403//4403 4401//4401 4406//4406
f 4400//4400 4405//4405 4404//4404
f 4414//4414 4409//4409 4411//4411
f 4409//4409 4410//4410 4412//4412
f 4407//4407 4408//4408 4414//4414
f 4413//4413 4407//4407 4414//4414
f 4412//4412 4410//4410 4415//4415
f 4414//4414 4408//4408 4409//4409
f 4411//4411 4409//4409 4412//4412
f 4419//4419 4416//4416 4418//4418
f 4417//4417 4416//4416 4419//4419
f 4423//4423 4421//4421 4422//4422
f 4421//4421 4420//4420 4422//4422
f 4427//4427 4424//4424 4428//4428
f 4426//4426 4425//4425 4424//4424
f 4426//4426 4424//4424 4427//4427
f 4431//4431 4432//4432 4429//4429
f 4429//4429 4432//4432 4433//4433
f 4430//4430 4431//4431 4429//4429
f 4437//4437 4435//4435 4436//4436
f 4437//4437 4434//4434 4435//4435
f 4440//4440 4438//4438 4441//4441
f 4440//4440 4439//4439 4438//4438
f 4442//4442 4445//4445 4443//4443
f 4443//4443 4445//4445 4444//4444
f 4447//4447 4448//4448 4449//4449
f 4447//4447 4446//4446 4448//4448
f 4450//4450 4456//4456 4459//4459
f 4450//4450 4459//4459 4451//4451
f 4451//4451 4459//4459 4458//4458
f 4460//4460 4452//4452 4461//4461
f 4450//4450 4457//4457 4456//4456
f 4454//4454 4453//4453 4455//4455
f 4456//4456 4455//4455 4460//4460
f 4456//4456 4460//4460 4459//4459
f 4455//4455 4453//4453 4460//4460
f 4453//4453 4452//4452 4460//4460
f 4463//4463 4464//4464 4465//4465
f 4463//4463 4465//4465 4462//4462
f 4467//4467 4469//4469 4468//4468
f 4467//4467 4466//4466 4469//4469
f 4473//4473 4472//4472 4471//4471
f 4470//4470 4473//4473 4471//4471
f 4483//4483 4479//4479 4478//4478
f 4480//4480 4479//4479 4483//4483
f 4475//4475 4482//4482 4481//4481
f 4476//4476 4483//4483 4482//4482
f 4476//4476 4482//4482 4475//4475
f 4476//4476 4480//4480 4483//4483
f 4477//4477 4480//4480 4476//4476
f 4474//4474 4476//4476 4475//4475
f 4485//4485 4487//4487 4486//4486
f 4485//4485 4484//4484 4487//4487
f 4491//4491 4492//4492 4489//4489
f 4491//4491 4489//4489 4490//4490
f 4489//4489 4492//4492 4488//4488
f 4494//4494 4496//4496 4493//4493
f 4495//4495 4496//4496 4494//4494
f 4497//4497 4500//4500 4499//4499
f 4501//4501 4500//4500 4497//4497
f 4498//4498 4501//4501 4497//4497
f 4503//4503 4505//4505 4504//4504
f 4503//4503 4504//4504 4502//4502
f 4507//4507 4506//4506 4509//4509
f 4507//4507 4509//4509 4508//4508
f 4514//4514 4512//4512 4513//4513
f 4514//4514 4510//4510 4512//4512
f 4510//4510 4511//4511 4512//4512
f 4518//4518 4515//4515 4516//4516
f 4518//4518 4516//4516 4517//4517
f 4522//4522 4519//4519 4520//4520
f 4522//4522 4520//4520 4523//4523
f 4522//4522 4523//4523 4521//4521
f 4527//4527 4526//4526 4524//4524
f 4525//4525 4527//4527 4524//4524
f 4531//4531 4530//4530 4528//4528
f 4529//4529 4531//4531 4528//4528
f 4533//4533 4535//4535 4532//4532
f 4534//4534 4535//4535 4533//4533
f 4539//4539 4538//4538 4537//4537
f 4539//4539 4537//4537 4536//4536
f 4543//4543 4541//4541 4540//4540
f 4543//4543 4542//4542 4541//4541
f 4544//4544 4546//4546 4545//4545
f 4547//4547 4546//4546 4544//4544
f 4551//4551 4549//4549 4548//4548
f 4551//4551 4550//4550 4549//4549
f 4555//4555 4554//4554 4553//4553
f 4555//4555 4553//4553 4552//4552
f 4561//4561 4559//4559 4556//4556
f 4561//4561 4560//4560 4559//4559
f 4559//4559 4558//4558 4557//4557
f 4556//4556 4559//4559 4557//4557
f 4565//4565 4564//4564 4563//4563
f 4565//4565 4563//4563 4562//4562
f 4566//4566 4568//4568 4567//4567
f 4569//4569 4568//4568 4566//4566
f 4570//4570 4572//4572 4571//4571
f 4573//4573 4572//4572 4570//4570
f 4577//4577 4575//4575 4574//4574
f 4577//4577 4576//4576 4575//4575
f 4581//4581 4580//4580 4578//4578
f 4578//4578 4580//4580 4579//4579
f 4586//4586 4584//4584 4583//4583
f 4586//4586 4583//4583 4582//4582
f 4587//4587 4586//4586 4582//4582
f 4585//4585 4584//4584 4586//4586
f 4591//4591 4589//4589 4588//4588
f 4591//4591 4590//4590 4589//4589
f 4641//4641 4597//4597 4598//4598
f 4646//4646 4619//4619 4593//4593
f 4645//4645 4593//4593 4594//4594
f 4645//4645 4646//4646 4593//4593
f 4644//4644 4645//4645 4594//4594
f 4644//4644 4594//4594 4595//4595
f 4643//4643 4644//4644 4595//4595
f 4643//4643 4595//4595 4596//4596
f 4642//4642 4643//4643 4596//4596
f 4642//4642 4596//4596 4597//4597
f 4641//4641 4642//4642 4597//4597
f 4640//4640 4641//4641 4598//4598
f 4619//4619 4592//4592 4593//4593
f 4633//4633 4604//4604 4605//4605
f 4639//4639 4599//4599 4600//4600
f 4638//4638 4639//4639 4600//4600
f 4638//4638 4600//4600 4601//4601
f 4637//4637 4638//4638 4601//4601
f 4636//4636 4637//4637 4601//4601
f 4636//4636 4601//4601 4602//4602
f 4635//4635 4636//4636 4602//4602
f 4635//4635 4602//4602 4603//4603
f 4634//4634 4635//4635 4603//4603
f 4634//4634 4603//4603 4604//4604
f 4633//4633 4634//4634 4604//4604
f 4640//4640 4598//4598 4599//4599
f 4619//4619 4620//4620 4592//4592
f 4639//4639 4640//4640 4599//4599
f 4620//4620 4617//4617 4618//4618
f 4620//4620 4618//4618 4592//4592
f 4632//4632 4605//4605 4606//4606
f 4632//4632 4633//4633 4605//4605
f 4632//4632 4606//4606 4607//4607
f 4631//4631 4632//4632 4607//4607
f 4630//4630 4631//4631 4607//4607
f 4630//4630 4607//4607 4608//4608
f 4629//4629 4608//4608 4609//4609
f 4628//4628 4629//4629 4609//4609
f 4628//4628 4609//4609 4610//4610
f 4628//4628 4610//4610 4611//4611
f 4627//4627 4628//4628 4611//4611
f 4629//4629 4630//4630 4608//4608
f 4626//4626 4611//4611 4612//4612
f 4626//4626 4627//4627 4611//4611
f 4621//4621 4616//4616 4617//4617
f 4621//4621 4622//4622 4616//4616
f 4622//4622 4623//4623 4616//4616
f 4623//4623 4615//4615 4616//4616
f 4623//4623 4624//4624 4614//4614
f 4620//4620 4621//4621 4617//4617
f 4624//4624 4613//4613 4614//4614
f 4624//4624 4625//4625 4613//4613
f 4625//4625 4626//4626 4612//4612
f 4625//4625 4612//4612 4613//4613
f 4623//4623 4614//4614 4615//4615
f 4654//4654 4653//4653 4651//4651
f 4661//4661 4663//4663 4662//4662
f 4660//4660 4663//4663 4661//4661
f 4660//4660 4664//4664 4663//4663
f 4657//4657 4655//4655 4654//4654
f 4657//4657 4656//4656 4655//4655
f 4657//4657 4654//4654 4651//4651
f 4657//4657 4650//4650 4664//4664
f 4658//4658 4660//4660 4659//4659
f 4657//4657 4664//4664 4660//4660
f 4657//4657 4660//4660 4658//4658
f 4657//4657 4651//4651 4650//4650
f 4653//4653 4652//4652 4651//4651
f 4650//4650 4649//4649 4648//4648
f 4664//4664 4667//4667 4665//4665
f 4664//4664 4650//4650 4648//4648
f 4647//4647 4674//4674 4673//4673
f 4667//4667 4669//4669 4668//4668
f 4667//4667 4671//4671 4670//4670
f 4648//4648 4673//4673 4672//4672
f 4667//4667 4670//4670 4669//4669
f 4648//4648 4647//4647 4673//4673
f 4665//4665 4667//4667 4666//4666
f 4664//4664 4648//4648 4671//4671
f 4664//4664 4671//4671 4667//4667
f 4648//4648 4672//4672 4671//4671
f 4697//4697 4690//4690 4696//4696
f 4694//4694 4692//4692 4675//4675
f 4694//4694 4675//4675 4693//4693
f 4695//4695 4692//4692 4694//4694
f 4695//4695 4691//4691 4692//4692
f 4696//4696 4691//4691 4695//4695
f 4696//4696 4690//4690 4691//4691
f 4697//4697 4689//4689 4690//4690
f 4700//4700 4686//4686 4687//4687
f 4698//4698 4688//4688 4689//4689
f 4699//4699 4688//4688 4698//4698
f 4699//4699 4687//4687 4688//4688
f 4700//4700 4687//4687 4699//4699
f 4701//4701 4686//4686 4700//4700
f 4701//4701 4685//4685 4686//4686
f 4693//4693 4676//4676 4710//4710
f 4698//4698 4689//4689 4697//4697
f 4693//4693 4675//4675 4676//4676
f 4702//4702 4685//4685 4701//4701
f 4710//4710 4677//4677 4709//4709
f 4710//4710 4676//4676 4677//4677
f 4702//4702 4684//4684 4685//4685
f 4702//4702 4683//4683 4684//4684
f 4703//4703 4683//4683 4702//4702
f 4704//4704 4682//4682 4703//4703
f 4704//4704 4681//4681 4682//4682
f 4705//4705 4681//4681 4704//4704
f 4703//4703 4682//4682 4683//4683
f 4706//4706 4680//4680 4705//4705
f 4706//4706 4679//4679 4680//4680
f 4707//4707 4679//4679 4706//4706
f 4707//4707 4678//4678 4679//4679
f 4708//4708 4678//4678 4707//4707
f 4709//4709 4678//4678 4708//4708
f 4709//4709 4677//4677 4678//4678
f 4705//4705 4680//4680 4681//4681
f 4734//4734 4726//4726 4727//4727
f 4731//4731 4711//4711 4730//4730
f 4732//4732 4729//4729 4731//4731
f 4732//4732 4728//4728 4729//4729
f 4733//4733 4728//4728 4732//4732
f 4733//4733 4727//4727 4728//4728
f 4734//4734 4727//4727 4733//4733
f 4735//4735 4725//4725 4726//4726
f 4739//4739 4722//4722 4738//4738
f 4735//4735 4724//4724 4725//4725
f 4736//4736 4724//4724 4735//4735
f 4737//4737 4724//4724 4736//4736
f 4737//4737 4723//4723 4724//4724
f 4739//4739 4721//4721 4722//4722
f 4738//4738 4722//4722 4723//4723
f 4731//4731 4729//4729 4711//4711
f 4735//4735 4726//4726 4734//4734
f 4730//4730 4712//4712 4748//4748
f 4738//4738 4723//4723 4737//4737
f 4748//4748 4712//4712 4713//4713
f 4740//4740 4721//4721 4739//4739
f 4740//4740 4720//4720 4721//4721
f 4741//4741 4720//4720 4740//4740
f 4741//4741 4719//4719 4720//4720
f 4742//4742 4719//4719 4741//4741
f 4742//4742 4718//4718 4719//4719
f 4743//4743 4718//4718 4742//4742
f 4743//4743 4717//4717 4718//4718
f 4730//4730 4711//4711 4712//4712
f 4744//4744 4716//4716 4717//4717
f 4745//4745 4716//4716 4744//4744
f 4745//4745 4715//4715 4716//4716
f 4746//4746 4715//4715 4745//4745
f 4746//4746 4714//4714 4715//4715
f 4747//4747 4714//4714 4746//4746
f 4747//4747 4713//4713 4714//4714
f 4748//4748 4713//4713 4747//4747
f 4744//4744 4717//4717 4743//4743
f 4772//4772 4764//4764 4771//4771
f 4771//4771 4764//4764 4765//4765
f 4769//4769 4766//4766 4767//4767
f 4770//4770 4765//4765 4766//4766
f 4770//4770 4766//4766 4769//4769
f 4772//4772 4763//4763 4764//4764
f 4771//4771 4765//4765 4770//4770
f 4773//4773 4763//4763 4772//4772
f 4775//4775 4760//4760 4761//4761
f 4774//4774 4762//4762 4773//4773
f 4774//4774 4761//4761 4762//4762
f 4775//4775 4761//4761 4774//4774
f 4776//4776 4760//4760 4775//4775
f 4777//4777 4760//4760 4776//4776
f 4777//4777 4759//4759 4760//4760
f 4777//4777 4758//4758 4759//4759
f 4769//4769 4767//4767 4768//4768
f 4773//4773 4762//4762 4763//4763
f 4768//4768 4749//4749 4786//4786
f 4768//4768 4767//4767 4749//4749
f 4786//4786 4749//4749 4750//4750
f 4778//4778 4758//4758 4777//4777
f 4778//4778 4757//4757 4758//4758
f 4779//4779 4757//4757 4778//4778
f 4779//4779 4756//4756 4757//4757
f 4780//4780 4756//4756 4779//4779
f 4781//4781 4755//4755 4780//4780
f 4781//4781 4754//4754 4755//4755
f 4781//4781 4753//4753 4754//4754
f 4780//4780 4755//4755 4756//4756
f 4782//4782 4752//4752 4753//4753
f 4783//4783 4752//4752 4782//4782
f 4783//4783 4751//4751 4752//4752
f 4784//4784 4751//4751 4783//4783
f 4785//4785 4751//4751 4784//4784
f 4785//4785 4750//4750 4751//4751
f 4786//4786 4750//4750 4785//4785
f 4782//4782 4753//4753 4781//4781
f 4810//4810 4801//4801 4802//4802
f 4808//4808 4804//4804 4807//4807
f 4808//4808 4803//4803 4804//4804
f 4809//4809 4803//4803 4808//4808
f 4809//4809 4802//4802 4803//4803
f 4816//4816 4796//4796 4797//4797
f 4810//4810 4802//4802 4809//4809
f 4811//4811 4801//4801 4810//4810
f 4816//4816 4797//4797 4815//4815
f 4812//4812 4800//4800 4811//4811
f 4812//4812 4799//4799 4800//4800
f 4813//4813 4799//4799 4812//4812
f 4814//4814 4799//4799 4813//4813
f 4814//4814 4798//4798 4799//4799
f 4815//4815 4798//4798 4814//4814
f 4815//4815 4797//4797 4798//4798
f 4807//4807 4804//4804 4805//4805
f 4811//4811 4800//4800 4801//4801
f 4807//4807 4805//4805 4806//4806
f 4823//4823 4790//4790 4822//4822
f 4806//4806 4787//4787 4825//4825
f 4806//4806 4805//4805 4787//4787
f 4817//4817 4795//4795 4796//4796
f 4818//4818 4795//4795 4817//4817
f 4818//4818 4794//4794 4795//4795
f 4819//4819 4794//4794 4818//4818
f 4819//4819 4793//4793 4794//4794
f 4820//4820 4793//4793 4819//4819
f 4820//4820 4792//4792 4793//4793
f 4817//4817 4796//4796 4816//4816
f 4821//4821 4791//4791 4820//4820
f 4822//4822 4790//4790 4791//4791
f 4822//4822 4791//4791 4821//4821
f 4823//4823 4789//4789 4790//4790
f 4824//4824 4789//4789 4823//4823
f 4824//4824 4788//4788 4789//4789
f 4825//4825 4788//4788 4824//4824
f 4825//4825 4787//4787 4788//4788
f 4820//4820 4791//4791 4792//4792
f 4826//4826 4859//4859 4841//4841
f 4826//4826 4858//4858 4859//4859
f 4827//4827 4858//4858 4826//4826
f 4827//4827 4857//4857 4858//4858
f 4827//4827 4856//4856 4857//4857
f 4828//4828 4856//4856 4827//4827
f 4829//4829 4855//4855 4856//4856
f 4830//4830 4853//4853 4854//4854
f 4830//4830 4854//4854 4855//4855
f 4830//4830 4855//4855 4829//4829
f 4831//4831 4853//4853 4830//4830
f 4831//4831 4852//4852 4853//4853
f 4832//4832 4852//4852 4831//4831
f 4832//4832 4842//4842 4852//4852
f 4841//4841 4859//4859 4860//4860
f 4829//4829 4856//4856 4828//4828
f 4841//4841 4860//4860 4840//4840
f 4838//4838 4846//4846 4837//4837
f 4840//4840 4843//4843 4844//4844
f 4833//4833 4842//4842 4832//4832
f 4833//4833 4851//4851 4842//4842
f 4834//4834 4851//4851 4833//4833
f 4840//4840 4860//4860 4843//4843
f 4835//4835 4850//4850 4834//4834
f 4835//4835 4849//4849 4850//4850
f 4836//4836 4849//4849 4835//4835
f 4834//4834 4850//4850 4851//4851
f 4836//4836 4847//4847 4848//4848
f 4837//4837 4847//4847 4836//4836
f 4837//4837 4846//4846 4847//4847
f 4838//4838 4845//4845 4846//4846
f 4839//4839 4845//4845 4838//4838
f 4839//4839 4844//4844 4845//4845
f 4840//4840 4844//4844 4839//4839
f 4836//4836 4848//4848 4849//4849
f 4869//4869 4874//4874 4872//4872
f 4868//4868 4879//4879 4869//4869
f 4868//4868 4866//4866 4865//4865
f 4868//4868 4865//4865 4864//4864
f 4868//4868 4863//4863 4879//4879
f 4868//4868 4864//4864 4863//4863
f 4868//4868 4867//4867 4866//4866
f 4869//4869 4875//4875 4874//4874
f 4879//4879 4877//4877 4876//4876
f 4869//4869 4876//4876 4875//4875
f 4869//4869 4872//4872 4870//4870
f 4870//4870 4871//4871 4861//4861
f 4870//4870 4872//4872 4871//4871
f 4863//4863 4862//4862 4879//4879
f 4872//4872 4874//4874 4873//4873
f 4869//4869 4879//4879 4876//4876
f 4879//4879 4878//4878 4877//4877
f 4880//4880 4897//4897 4895//4895
f 4880//4880 4910//4910 4897//4897
f 4881//4881 4910//4910 4880//4880
f 4881//4881 4909//4909 4910//4910
f 4882//4882 4909//4909 4881//4881
f 4882//4882 4908//4908 4909//4909
f 4885//4885 4907//4907 4884//4884
f 4884//4884 4908//4908 4883//4883
f 4884//4884 4907//4907 4908//4908
f 4895//4895 4897//4897 4898//4898
f 4885//4885 4906//4906 4907//4907
f 4886//4886 4906//4906 4885//4885
f 4886//4886 4896//4896 4906//4906
f 4883//4883 4908//4908 4882//4882
f 4895//4895 4898//4898 4894//4894
f 4894//4894 4899//4899 4893//4893
f 4889//4889 4904//4904 4888//4888
f 4887//4887 4896//4896 4886//4886
f 4887//4887 4905//4905 4896//4896
f 4888//4888 4905//4905 4887//4887
f 4888//4888 4904//4904 4905//4905
f 4894//4894 4898//4898 4899//4899
f 4889//4889 4903//4903 4904//4904
f 4890//4890 4903//4903 4889//4889
f 4890//4890 4901//4901 4902//4902
f 4891//4891 4901//4901 4890//4890
f 4891//4891 4900//4900 4901//4901
f 4892//4892 4900//4900 4891//4891
f 4893//4893 4900//4900 4892//4892
f 4893//4893 4899//4899 4900//4900
f 4890//4890 4902//4902 4903//4903
f 4918//4918 4917//4917 4925//4925
f 4918//4918 4920//4920 4919//4919
f 4918//4918 4923//4923 4922//4922
f 4918//4918 4911//4911 4920//4920
f 4918//4918 4921//4921 4911//4911
f 4918//4918 4922//4922 4921//4921
f 4918//4918 4925//4925 4923//4923
f 4917//4917 4912//4912 4925//4925
f 4917//4917 4915//4915 4914//4914
f 4917//4917 4914//4914 4912//4912
f 4917//4917 4916//4916 4915//4915
f 4914//4914 4913//4913 4912//4912
f 4923//4923 4925//4925 4924//4924
f 4928//4928 4957//4957 4927//4927
f 4928//4928 4956//4956 4957//4957
f 4929//4929 4956//4956 4928//4928
f 4929//4929 4955//4955 4956//4956
f 4930//4930 4955//4955 4929//4929
f 4930//4930 4954//4954 4955//4955
f 4931//4931 4954//4954 4930//4930
f 4933//4933 4953//4953 4932//4932
f 4932//4932 4953//4953 4931//4931
f 4927//4927 4957//4957 4958//4958
f 4933//4933 4952//4952 4953//4953
f 4933//4933 4951//4951 4952//4952
f 4934//4934 4951//4951 4933//4933
f 4934//4934 4950//4950 4951//4951
f 4931//4931 4953//4953 4954//4954
f 4927//4927 4958//4958 4926//4926
f 4926//4926 4958//4958 4942//4942
f 4942//4942 4958//4958 4943//4943
f 4935//4935 4950//4950 4934//4934
f 4935//4935 4949//4949 4950//4950
f 4936//4936 4949//4949 4935//4935
f 4937//4937 4949//4949 4936//4936
f 4937//4937 4948//4948 4949//4949
f 4938//4938 4947//4947 4937//4937
f 4938//4938 4946//4946 4947//4947
f 4937//4937 4947//4947 4948//4948
f 4940//4940 4946//4946 4939//4939
f 4940//4940 4945//4945 4946//4946
f 4941//4941 4944//4944 4945//4945
f 4941//4941 4945//4945 4940//4940
f 4941//4941 4943//4943 4944//4944
f 4942//4942 4943//4943 4941//4941
f 4939//4939 4946//4946 4938//4938
f 4964//4964 4960//4960 4971//4971
f 4965//4965 4964//4964 4966//4966
f 4964//4964 4968//4968 4967//4967
f 4964//4964 4962//4962 4961//4961
f 4964//4964 4961//4961 4960//4960
f 4964//4964 4971//4971 4969//4969
f 4964//4964 4969//4969 4968//4968
f 4964//4964 4967//4967 4966//4966
f 4960//4960 4973//4973 4972//4972
f 4960//4960 4959//4959 4974//4974
f 4964//4964 4963//4963 4962//4962
f 4960//4960 4974//4974 4973//4973
f 4960//4960 4972//4972 4971//4971
f 4969//4969 4971//4971 4970//4970
f 4976//4976 5005//5005 5006//5006
f 4977//4977 5005//5005 4976//4976
f 4977//4977 5004//5004 5005//5005
f 4977//4977 5003//5003 5004//5004
f 4978//4978 5003//5003 4977//4977
f 4978//4978 5002//5002 5003//5003
f 4979//4979 5002//5002 4978//4978
f 4981//4981 5001//5001 4980//4980
f 4980//4980 5001//5001 5002//5002
f 4976//4976 5006//5006 4975//4975
f 4981//4981 5000//5000 5001//5001
f 4982//4982 5000//5000 4981//4981
f 4983//4983 5000//5000 4982//4982
f 4983//4983 4999//4999 5000//5000
f 4980//4980 5002//5002 4979//4979
f 4975//4975 5006//5006 4991//4991
f 4991//4991 5006//5006 4992//4992
f 4991//4991 4992//4992 4993//4993
f 4984//4984 4999//4999 4983//4983
f 4984//4984 4998//4998 4999//4999
f 4985//4985 4998//4998 4984//4984
f 4985//4985 4997//4997 4998//4998
f 4986//4986 4996//4996 4985//4985
f 4987//4987 4996//4996 4986//4986
f 4985//4985 4996//4996 4997//4997
f 4988//4988 4995//4995 4987//4987
f 4988//4988 4994//4994 4995//4995
f 4989//4989 4994//4994 4988//4988
f 4989//4989 4993//4993 4994//4994
f 4990//4990 4993//4993 4989//4989
f 4991//4991 4993//4993 4990//4990
f 4987//4987 4995//4995 4996//4996
f 5013//5013 5008//5008 5019//5019
f 5013//5013 5012//5012 5009//5009
f 5013//5013 5016//5016 5014//5014
f 5013//5013 5017//5017 5016//5016
f 5013//5013 5019//5019 5017//5017
f 5012//5012 5011//5011 5010//5010
f 5013//5013 5009//5009 5008//5008
f 5014//5014 5016//5016 5015//5015
f 5017//5017 5019//5019 5018//5018
f 5008//5008 5020//5020 5019//5019
f 5008//5008 5007//5007 5021//5021
f 5008//5008 5021//5021 5020//5020
f 5012//5012 5010//5010 5009//5009
f 5058//5058 5106//5106 5057//5057
f 5058//5058 5105//5105 5106//5106
f 5057//5057 5106//5106 5107//5107
f 5057//5057 5107//5107 5108//5108
f 5057//5057 5108//5108 5056//5056
f 5056//5056 5108//5108 5109//5109
f 5056//5056 5109//5109 5055//5055
f 5055//5055 5109//5109 5110//5110
f 5055//5055 5110//5110 5054//5054
f 5054//5054 5110//5110 5111//5111
f 5053//5053 5111//5111 5112//5112
f 5059//5059 5105//5105 5058//5058
f 5053//5053 5112//5112 5052//5052
f 5052//5052 5112//5112 5113//5113
f 5052//5052 5113//5113 5023//5023
f 5023//5023 5113//5113 5114//5114
f 5023//5023 5114//5114 5051//5051
f 5051//5051 5114//5114 5115//5115
f 5051//5051 5115//5115 5050//5050
f 5050//5050 5115//5115 5116//5116
f 5050//5050 5116//5116 5049//5049
f 5054//5054 5111//5111 5053//5053
f 5060//5060 5104//5104 5105//5105
f 5061//5061 5103//5103 5060//5060
f 5060//5060 5103//5103 5104//5104
f 5049//5049 5117//5117 5048//5048
f 5024//5024 5070//5070 5069//5069
f 5069//5069 5094//5094 5068//5068
f 5069//5069 5070//5070 5094//5094
f 5068//5068 5094//5094 5095//5095
f 5068//5068 5095//5095 5067//5067
f 5067//5067 5095//5095 5096//5096
f 5067//5067 5096//5096 5066//5066
f 5066//5066 5096//5096 5097//5097
f 5066//5066 5097//5097 5098//5098
f 5066//5066 5098//5098 5022//5022
f 5022//5022 5098//5098 5065//5065
f 5065//5065 5098//5098 5099//5099
f 5065//5065 5099//5099 5064//5064
f 5064//5064 5099//5099 5100//5100
f 5064//5064 5100//5100 5063//5063
f 5063//5063 5100//5100 5101//5101
f 5063//5063 5101//5101 5062//5062
f 5062//5062 5102//5102 5061//5061
f 5062//5062 5101//5101 5102//5102
f 5061//5061 5102//5102 5103//5103
f 5060//5060 5105//5105 5059//5059
f 5049//5049 5116//5116 5117//5117
f 5044//5044 5074//5074 5043//5043
f 5048//5048 5071//5071 5047//5047
f 5034//5034 5083//5083 5084//5084
f 5034//5034 5084//5084 5033//5033
f 5033//5033 5084//5084 5085//5085
f 5033//5033 5085//5085 5032//5032
f 5032//5032 5085//5085 5086//5086
f 5032//5032 5086//5086 5031//5031
f 5031//5031 5086//5086 5087//5087
f 5031//5031 5087//5087 5030//5030
f 5030//5030 5087//5087 5088//5088
f 5030//5030 5088//5088 5029//5029
f 5029//5029 5088//5088 5089//5089
f 5029//5029 5089//5089 5028//5028
f 5028//5028 5089//5089 5090//5090
f 5028//5028 5090//5090 5027//5027
f 5027//5027 5090//5090 5091//5091
f 5027//5027 5091//5091 5026//5026
f 5026//5026 5091//5091 5092//5092
f 5026//5026 5092//5092 5025//5025
f 5025//5025 5092//5092 5093//5093
f 5024//5024 5093//5093 5070//5070
f 5048//5048 5117//5117 5071//5071
f 5035//5035 5082//5082 5083//5083
f 5035//5035 5083//5083 5034//5034
f 5025//5025 5093//5093 5024//5024
f 5036//5036 5081//5081 5082//5082
f 5047//5047 5071//5071 5046//5046
f 5046//5046 5071//5071 5072//5072
f 5046//5046 5072//5072 5045//5045
f 5045//5045 5072//5072 5073//5073
f 5045//5045 5073//5073 5044//5044
f 5044//5044 5073//5073 5074//5074
f 5036//5036 5082//5082 5035//5035
f 5043//5043 5075//5075 5076//5076
f 5043//5043 5076//5076 5042//5042
f 5042//5042 5076//5076 5041//5041
f 5043//5043 5074//5074 5075//5075
f 5041//5041 5077//5077 5040//5040
f 5040//5040 5077//5077 5078//5078
f 5040//5040 5078//5078 5039//5039
f 5039//5039 5078//5078 5079//5079
f 5039//5039 5080//5080 5038//5038
f 5039//5039 5079//5079 5080//5080
f 5038//5038 5081//5081 5037//5037
f 5041//5041 5076//5076 5077//5077
f 5038//5038 5080//5080 5081//5081
f 5037//5037 5081//5081 5036//5036
f 5143//5143 5204//5204 5203//5203
f 5143//5143 5203//5203 5144//5144
f 5129//5129 5128//5128 5177//5177
f 5129//5129 5177//5177 5176//5176
f 5142//5142 5205//5205 5143//5143
f 5130//5130 5129//5129 5176//5176
f 5143//5143 5205//5205 5204//5204
f 5128//5128 5178//5178 5177//5177
f 5126//5126 5125//5125 5179//5179
f 5144//5144 5203//5203 5202//5202
f 5128//5128 5127//5127 5178//5178
f 5145//5145 5202//5202 5201//5201
f 5145//5145 5201//5201 5146//5146
f 5127//5127 5126//5126 5178//5178
f 5178//5178 5126//5126 5179//5179
f 5146//5146 5201//5201 5147//5147
f 5130//5130 5176//5176 5175//5175
f 5147//5147 5201//5201 5200//5200
f 5144//5144 5202//5202 5145//5145
f 5118//5118 5166//5166 5205//5205
f 5139//5139 5169//5169 5168//5168
f 5131//5131 5130//5130 5175//5175
f 5136//5136 5171//5171 5170//5170
f 5147//5147 5200//5200 5148//5148
f 5136//5136 5170//5170 5137//5137
f 5136//5136 5172//5172 5171//5171
f 5136//5136 5135//5135 5172//5172
f 5137//5137 5170//5170 5169//5169
f 5137//5137 5169//5169 5138//5138
f 5135//5135 5173//5173 5172//5172
f 5135//5135 5134//5134 5173//5173
f 5118//5118 5205//5205 5142//5142
f 5134//5134 5133//5133 5173//5173
f 5133//5133 5174//5174 5173//5173
f 5133//5133 5132//5132 5174//5174
f 5139//5139 5168//5168 5167//5167
f 5139//5139 5167//5167 5140//5140
f 5140//5140 5167//5167 5141//5141
f 5141//5141 5167//5167 5166//5166
f 5132//5132 5175//5175 5174//5174
f 5132//5132 5131//5131 5175//5175
f 5141//5141 5166//5166 5118//5118
f 5138//5138 5169//5169 5139//5139
f 5179//5179 5125//5125 5180//5180
f 5200//5200 5149//5149 5148//5148
f 5180//5180 5123//5123 5181//5181
f 5194//5194 5193//5193 5155//5155
f 5194//5194 5155//5155 5154//5154
f 5193//5193 5156//5156 5155//5155
f 5186//5186 5164//5164 5163//5163
f 5186//5186 5163//5163 5187//5187
f 5193//5193 5192//5192 5156//5156
f 5187//5187 5162//5162 5188//5188
f 5187//5187 5163//5163 5162//5162
f 5186//5186 5165//5165 5164//5164
f 5192//5192 5157//5157 5156//5156
f 5192//5192 5191//5191 5158//5158
f 5191//5191 5190//5190 5158//5158
f 5188//5188 5161//5161 5189//5189
f 5188//5188 5162//5162 5161//5161
f 5189//5189 5161//5161 5160//5160
f 5190//5190 5159//5159 5158//5158
f 5125//5125 5124//5124 5180//5180
f 5190//5190 5160//5160 5159//5159
f 5192//5192 5158//5158 5157//5157
f 5185//5185 5119//5119 5165//5165
f 5189//5189 5160//5160 5190//5190
f 5184//5184 5119//5119 5185//5185
f 5185//5185 5165//5165 5186//5186
f 5200//5200 5199//5199 5149//5149
f 5199//5199 5198//5198 5150//5150
f 5199//5199 5150//5150 5149//5149
f 5181//5181 5123//5123 5122//5122
f 5181//5181 5121//5121 5182//5182
f 5181//5181 5122//5122 5121//5121
f 5198//5198 5197//5197 5151//5151
f 5198//5198 5151//5151 5150//5150
f 5180//5180 5124//5124 5123//5123
f 5196//5196 5152//5152 5151//5151
f 5197//5197 5196//5196 5151//5151
f 5195//5195 5194//5194 5154//5154
f 5196//5196 5153//5153 5152//5152
f 5196//5196 5195//5195 5153//5153
f 5195//5195 5154//5154 5153//5153
f 5183//5183 5119//5119 5184//5184
f 5182//5182 5121//5121 5120//5120
f 5182//5182 5120//5120 5183//5183
f 5183//5183 5120//5120 5119//5119
f 5281//5281 5282//5282 5209//5209
f 5279//5279 5280//5280 5212//5212
f 5279//5279 5212//5212 5213//5213
f 5280//5280 5211//5211 5212//5212
f 5280//5280 5281//5281 5210//5210
f 5280//5280 5210//5210 5211//5211
f 5278//5278 5213//5213 5214//5214
f 5283//5283 5207//5207 5208//5208
f 5282//5282 5283//5283 5208//5208
f 5282//5282 5208//5208 5209//5209
f 5283//5283 5284//5284 5207//5207
f 5284//5284 5247//5247 5206//5206
f 5284//5284 5206//5206 5207//5207
f 5247//5247 5248//5248 5206//5206
f 5248//5248 5245//5245 5206//5206
f 5278//5278 5279//5279 5213//5213
f 5281//5281 5209//5209 5210//5210
f 5277//5277 5214//5214 5215//5215
f 5272//5272 5219//5219 5220//5220
f 5276//5276 5215//5215 5216//5216
f 5248//5248 5249//5249 5245//5245
f 5268//5268 5223//5223 5224//5224
f 5268//5268 5269//5269 5223//5223
f 5269//5269 5222//5222 5223//5223
f 5269//5269 5221//5221 5222//5222
f 5269//5269 5270//5270 5221//5221
f 5270//5270 5220//5220 5221//5221
f 5270//5270 5271//5271 5220//5220
f 5271//5271 5272//5272 5220//5220
f 5272//5272 5273//5273 5219//5219
f 5273//5273 5274//5274 5218//5218
f 5273//5273 5218//5218 5219//5219
f 5274//5274 5275//5275 5217//5217
f 5274//5274 5217//5217 5218//5218
f 5275//5275 5276//5276 5216//5216
f 5275//5275 5216//5216 5217//5217
f 5276//5276 5277//5277 5215//5215
f 5277//5277 5278//5278 5214//5214
f 5249//5249 5244//5244 5245//5245
f 5246//5246 5268//5268 5224//5224
f 5250//5250 5243//5243 5244//5244
f 5259//5259 5260//5260 5233//5233
f 5259//5259 5234//5234 5235//5235
f 5258//5258 5259//5259 5235//5235
f 5257//5257 5258//5258 5235//5235
f 5257//5257 5236//5236 5237//5237
f 5256//5256 5257//5257 5237//5237
f 5256//5256 5237//5237 5238//5238
f 5259//5259 5233//5233 5234//5234
f 5255//5255 5238//5238 5239//5239
f 5255//5255 5239//5239 5240//5240
f 5254//5254 5255//5255 5240//5240
f 5253//5253 5254//5254 5240//5240
f 5253//5253 5240//5240 5241//5241
f 5252//5252 5253//5253 5241//5241
f 5252//5252 5241//5241 5242//5242
f 5251//5251 5252//5252 5242//5242
f 5255//5255 5256//5256 5238//5238
f 5260//5260 5261//5261 5232//5232
f 5257//5257 5235//5235 5236//5236
f 5261//5261 5262//5262 5231//5231
f 5250//5250 5251//5251 5243//5243
f 5251//5251 5242//5242 5243//5243
f 5249//5249 5250//5250 5244//5244
f 5260//5260 5232//5232 5233//5233
f 5267//5267 5225//5225 5226//5226
f 5267//5267 5246//5246 5225//5225
f 5266//5266 5226//5226 5227//5227
f 5266//5266 5267//5267 5226//5226
f 5265//5265 5227//5227 5228//5228
f 5246//5246 5224//5224 5225//5225
f 5264//5264 5228//5228 5229//5229
f 5264//5264 5265//5265 5228//5228
f 5263//5263 5229//5229 5230//5230
f 5263//5263 5264//5264 5229//5229
f 5262//5262 5230//5230 5231//5231
f 5262//5262 5263//5263 5230//5230
f 5261//5261 5231//5231 5232//5232
f 5265//5265 5266//5266 5227//5227
f 5314//5314 5344//5344 5315//5315
f 5308//5308 5307//5307 5348//5348
f 5308//5308 5348//5348 5347//5347
f 5313//5313 5344//5344 5314//5314
f 5313//5313 5345//5345 5344//5344
f 5311//5311 5345//5345 5312//5312
f 5312//5312 5345//5345 5313//5313
f 5309//5309 5347//5347 5346//5346
f 5310//5310 5309//5309 5346//5346
f 5311//5311 5346//5346 5345//5345
f 5315//5315 5344//5344 5343//5343
f 5309//5309 5308//5308 5347//5347
f 5307//5307 5285//5285 5348//5348
f 5311//5311 5310//5310 5346//5346
f 5285//5285 5324//5324 5348//5348
f 5328//5328 5299//5299 5298//5298
f 5328//5328 5298//5298 5329//5329
f 5336//5336 5286//5286 5323//5323
f 5329//5329 5298//5298 5297//5297
f 5329//5329 5297//5297 5330//5330
f 5336//5336 5335//5335 5287//5287
f 5336//5336 5287//5287 5286//5286
f 5335//5335 5288//5288 5287//5287
f 5330//5330 5296//5296 5331//5331
f 5330//5330 5297//5297 5296//5296
f 5337//5337 5336//5336 5323//5323
f 5335//5335 5334//5334 5289//5289
f 5331//5331 5296//5296 5295//5295
f 5334//5334 5290//5290 5289//5289
f 5331//5331 5295//5295 5294//5294
f 5331//5331 5294//5294 5332//5332
f 5334//5334 5291//5291 5290//5290
f 5334//5334 5333//5333 5291//5291
f 5332//5332 5294//5294 5293//5293
f 5332//5332 5293//5293 5333//5333
f 5333//5333 5292//5292 5291//5291
f 5333//5333 5293//5293 5292//5292
f 5315//5315 5343//5343 5342//5342
f 5337//5337 5323//5323 5322//5322
f 5335//5335 5289//5289 5288//5288
f 5327//5327 5300//5300 5328//5328
f 5328//5328 5300//5300 5299//5299
f 5315//5315 5342//5342 5316//5316
f 5285//5285 5306//5306 5324//5324
f 5316//5316 5342//5342 5317//5317
f 5317//5317 5342//5342 5341//5341
f 5306//5306 5305//5305 5324//5324
f 5305//5305 5325//5325 5324//5324
f 5318//5318 5341//5341 5340//5340
f 5305//5305 5304//5304 5325//5325
f 5304//5304 5326//5326 5325//5325
f 5318//5318 5340//5340 5319//5319
f 5317//5317 5341//5341 5318//5318
f 5320//5320 5338//5338 5321//5321
f 5319//5319 5340//5340 5339//5339
f 5303//5303 5302//5302 5326//5326
f 5339//5339 5320//5320 5319//5319
f 5326//5326 5302//5302 5327//5327
f 5339//5339 5338//5338 5320//5320
f 5327//5327 5302//5302 5301//5301
f 5337//5337 5322//5322 5321//5321
f 5338//5338 5337//5337 5321//5321
f 5327//5327 5301//5301 5300//5300
f 5304//5304 5303//5303 5326//5326
f 5366//5366 5399//5399 5365//5365
f 5362//5362 5394//5394 5361//5361
f 5365//5365 5399//5399 5398//5398
f 5367//5367 5400//5400 5399//5399
f 5367//5367 5399//5399 5366//5366
f 5365//5365 5398//5398 5397//5397
f 5363//5363 5395//5395 5362//5362
f 5364//5364 5397//5397 5396//5396
f 5364//5364 5396//5396 5363//5363
f 5363//5363 5396//5396 5395//5395
f 5362//5362 5395//5395 5394//5394
f 5367//5367 5401//5401 5400//5400
f 5365//5365 5397//5397 5364//5364
f 5368//5368 5401//5401 5367//5367
f 5373//5373 5408//5408 5372//5372
f 5369//5369 5401//5401 5368//5368
f 5369//5369 5403//5403 5402//5402
f 5370//5370 5404//5404 5403//5403
f 5370//5370 5403//5403 5369//5369
f 5370//5370 5405//5405 5404//5404
f 5371//5371 5405//5405 5370//5370
f 5371//5371 5406//5406 5405//5405
f 5371//5371 5407//5407 5406//5406
f 5372//5372 5407//5407 5371//5371
f 5372//5372 5408//5408 5407//5407
f 5373//5373 5409//5409 5408//5408
f 5373//5373 5374//5374 5409//5409
f 5361//5361 5394//5394 5393//5393
f 5369//5369 5402//5402 5401//5401
f 5361//5361 5393//5393 5392//5392
f 5361//5361 5392//5392 5360//5360
f 5360//5360 5392//5392 5391//5391
f 5349//5349 5374//5374 5373//5373
f 5349//5349 5375//5375 5374//5374
f 5349//5349 5376//5376 5375//5375
f 5350//5350 5376//5376 5349//5349
f 5350//5350 5377//5377 5376//5376
f 5351//5351 5377//5377 5350//5350
f 5352//5352 5378//5378 5351//5351
f 5352//5352 5379//5379 5378//5378
f 5352//5352 5380//5380 5379//5379
f 5353//5353 5380//5380 5352//5352
f 5353//5353 5381//5381 5380//5380
f 5353//5353 5382//5382 5381//5381
f 5354//5354 5383//5383 5382//5382
f 5354//5354 5382//5382 5353//5353
f 5351//5351 5378//5378 5377//5377
f 5355//5355 5384//5384 5354//5354
f 5354//5354 5384//5384 5383//5383
f 5360//5360 5391//5391 5359//5359
f 5359//5359 5391//5391 5390//5390
f 5359//5359 5390//5390 5389//5389
f 5358//5358 5389//5389 5388//5388
f 5358//5358 5388//5388 5387//5387
f 5359//5359 5389//5389 5358//5358
f 5358//5358 5387//5387 5357//5357
f 5357//5357 5387//5387 5386//5386
f 5357//5357 5386//5386 5356//5356
f 5356//5356 5386//5386 5385//5385
f 5356//5356 5385//5385 5355//5355
f 5355//5355 5385//5385 5384//5384
f 5416//5416 5477//5477 5415//5415
f 5418//5418 5475//5475 5417//5417
f 5417//5417 5475//5475 5476//5476
f 5417//5417 5476//5476 5416//5416
f 5416//5416 5476//5476 5477//5477
f 5418//5418 5474//5474 5475//5475
f 5415//5415 5477//5477 5478//5478
f 5412//5412 5481//5481 5411//5411
f 5414//5414 5478//5478 5479//5479
f 5414//5414 5479//5479 5413//5413
f 5413//5413 5479//5479 5480//5480
f 5413//5413 5480//5480 5412//5412
f 5412//5412 5480//5480 5481//5481
f 5411//5411 5481//5481 5482//5482
f 5419//5419 5474//5474 5418//5418
f 5415//5415 5478//5478 5414//5414
f 5419//5419 5473//5473 5474//5474
f 5427//5427 5466//5466 5426//5426
f 5420//5420 5472//5472 5473//5473
f 5428//5428 5446//5446 5427//5427
f 5427//5427 5446//5446 5466//5466
f 5411//5411 5482//5482 5410//5410
f 5426//5426 5466//5466 5467//5467
f 5426//5426 5467//5467 5425//5425
f 5425//5425 5467//5467 5468//5468
f 5425//5425 5468//5468 5424//5424
f 5424//5424 5468//5468 5469//5469
f 5424//5424 5469//5469 5423//5423
f 5423//5423 5469//5469 5470//5470
f 5423//5423 5470//5470 5422//5422
f 5422//5422 5470//5470 5471//5471
f 5422//5422 5471//5471 5421//5421
f 5421//5421 5471//5471 5472//5472
f 5421//5421 5472//5472 5420//5420
f 5420//5420 5473//5473 5419//5419
f 5410//5410 5482//5482 5447//5447
f 5410//5410 5447//5447 5445//5445
f 5445//5445 5447//5447 5448//5448
f 5435//5435 5457//5457 5458//5458
f 5435//5435 5458//5458 5459//5459
f 5435//5435 5459//5459 5434//5434
f 5434//5434 5459//5459 5460//5460
f 5434//5434 5460//5460 5433//5433
f 5433//5433 5460//5460 5461//5461
f 5433//5433 5461//5461 5432//5432
f 5432//5432 5461//5461 5462//5462
f 5432//5432 5462//5462 5463//5463
f 5432//5432 5463//5463 5431//5431
f 5431//5431 5463//5463 5464//5464
f 5431//5431 5464//5464 5430//5430
f 5430//5430 5465//5465 5429//5429
f 5429//5429 5465//5465 5446//5446
f 5429//5429 5446//5446 5428//5428
f 5436//5436 5457//5457 5435//5435
f 5437//5437 5456//5456 5457//5457
f 5430//5430 5464//5464 5465//5465
f 5437//5437 5455//5455 5456//5456
f 5437//5437 5457//5457 5436//5436
f 5445//5445 5448//5448 5449//5449
f 5444//5444 5449//5449 5443//5443
f 5443//5443 5449//5449 5450//5450
f 5443//5443 5450//5450 5442//5442
f 5442//5442 5450//5450 5451//5451
f 5442//5442 5451//5451 5441//5441
f 5445//5445 5449//5449 5444//5444
f 5441//5441 5452//5452 5440//5440
f 5440//5440 5452//5452 5453//5453
f 5440//5440 5453//5453 5439//5439
f 5439//5439 5453//5453 5454//5454
f 5439//5439 5454//5454 5438//5438
f 5438//5438 5454//5454 5455//5455
f 5441//5441 5451//5451 5452//5452
f 5438//5438 5455//5455 5437//5437
f 5493//5493 5492//5492 5521//5521
f 5493//5493 5521//5521 5520//5520
f 5503//5503 5539//5539 5504//5504
f 5504//5504 5539//5539 5538//5538
f 5492//5492 5491//5491 5521//5521
f 5491//5491 5490//5490 5522//5522
f 5491//5491 5522//5522 5521//5521
f 5538//5538 5537//5537 5505//5505
f 5505//5505 5537//5537 5506//5506
f 5490//5490 5489//5489 5522//5522
f 5483//5483 5539//5539 5503//5503
f 5522//5522 5489//5489 5523//5523
f 5504//5504 5538//5538 5505//5505
f 5493//5493 5520//5520 5532//5532
f 5496//5496 5495//5495 5532//5532
f 5498//5498 5497//5497 5530//5530
f 5502//5502 5527//5527 5483//5483
f 5501//5501 5528//5528 5527//5527
f 5501//5501 5527//5527 5502//5502
f 5495//5495 5494//5494 5532//5532
f 5500//5500 5528//5528 5501//5501
f 5496//5496 5532//5532 5531//5531
f 5499//5499 5529//5529 5528//5528
f 5499//5499 5528//5528 5500//5500
f 5497//5497 5496//5496 5531//5531
f 5498//5498 5530//5530 5529//5529
f 5498//5498 5529//5529 5499//5499
f 5497//5497 5531//5531 5530//5530
f 5506//5506 5537//5537 5536//5536
f 5483//5483 5527//5527 5539//5539
f 5506//5506 5536//5536 5507//5507
f 5494//5494 5493//5493 5532//5532
f 5523//5523 5488//5488 5524//5524
f 5523//5523 5489//5489 5488//5488
f 5542//5542 5516//5516 5543//5543
f 5544//5544 5515//5515 5514//5514
f 5544//5544 5543//5543 5515//5515
f 5542//5542 5517//5517 5516//5516
f 5544//5544 5514//5514 5513//5513
f 5541//5541 5518//5518 5517//5517
f 5541//5541 5517//5517 5542//5542
f 5545//5545 5544//5544 5513//5513
f 5545//5545 5513//5513 5512//5512
f 5540//5540 5518//5518 5541//5541
f 5540//5540 5519//5519 5518//5518
f 5546//5546 5545//5545 5512//5512
f 5546//5546 5512//5512 5511//5511
f 5540//5540 5484//5484 5519//5519
f 5543//5543 5516//5516 5515//5515
f 5533//5533 5546//5546 5511//5511
f 5526//5526 5484//5484 5540//5540
f 5536//5536 5508//5508 5507//5507
f 5524//5524 5488//5488 5487//5487
f 5524//5524 5487//5487 5525//5525
f 5525//5525 5487//5487 5486//5486
f 5535//5535 5534//5534 5509//5509
f 5536//5536 5535//5535 5508//5508
f 5534//5534 5533//5533 5509//5509
f 5525//5525 5486//5486 5526//5526
f 5526//5526 5486//5486 5485//5485
f 5533//5533 5510//5510 5509//5509
f 5533//5533 5511//5511 5510//5510
f 5526//5526 5485//5485 5484//5484
f 5535//5535 5509//5509 5508//5508
f 5559//5559 5599//5599 5598//5598
f 5559//5559 5598//5598 5558//5558
f 5558//5558 5598//5598 5597//5597
f 5558//5558 5597//5597 5596//5596
f 5558//5558 5596//5596 5557//5557
f 5556//5556 5595//5595 5594//5594
f 5557//5557 5595//5595 5556//5556
f 5556//5556 5594//5594 5555//5555
f 5555//5555 5594//5594 5593//5593
f 5555//5555 5593//5593 5592//5592
f 5547//5547 5600//5600 5599//5599
f 5555//5555 5592//5592 5554//5554
f 5557//5557 5596//5596 5595//5595
f 5547//5547 5599//5599 5559//5559
f 5550//5550 5604//5604 5549//5549
f 5548//5548 5601//5601 5547//5547
f 5548//5548 5602//5602 5601//5601
f 5549//5549 5603//5603 5602//5602
f 5549//5549 5602//5602 5548//5548
f 5549//5549 5604//5604 5603//5603
f 5550//5550 5605//5605 5604//5604
f 5551//5551 5605//5605 5550//5550
f 5551//5551 5606//5606 5605//5605
f 5552//5552 5606//5606 5551//5551
f 5552//5552 5607//5607 5606//5606
f 5553//5553 5607//5607 5552//5552
f 5553//5553 5574//5574 5607//5607
f 5554//5554 5592//5592 5591//5591
f 5547//5547 5601//5601 5600//5600
f 5554//5554 5591//5591 5590//5590
f 5566//5566 5589//5589 5565//5565
f 5566//5566 5590//5590 5589//5589
f 5554//5554 5590//5590 5566//5566
f 5567//5567 5575//5575 5553//5553
f 5567//5567 5576//5576 5575//5575
f 5568//5568 5576//5576 5567//5567
f 5568//5568 5577//5577 5576//5576
f 5569//5569 5577//5577 5568//5568
f 5569//5569 5578//5578 5577//5577
f 5569//5569 5579//5579 5578//5578
f 5570//5570 5579//5579 5569//5569
f 5570//5570 5580//5580 5579//5579
f 5571//5571 5580//5580 5570//5570
f 5571//5571 5581//5581 5580//5580
f 5572//5572 5581//5581 5571//5571
f 5572//5572 5582//5582 5581//5581
f 5553//5553 5575//5575 5574//5574
f 5573//5573 5583//5583 5582//5582
f 5573//5573 5582//5582 5572//5572
f 5565//5565 5589//5589 5588//5588
f 5565//5565 5588//5588 5564//5564
f 5564//5564 5588//5588 5587//5587
f 5563//5563 5587//5587 5586//5586
f 5563//5563 5586//5586 5562//5562
f 5564//5564 5587//5587 5563//5563
f 5562//5562 5585//5585 5561//5561
f 5561//5561 5584//5584 5560//5560
f 5561//5561 5585//5585 5584//5584
f 5560//5560 5584//5584 5583//5583
f 5560//5560 5583//5583 5573//5573
f 5562//5562 5586//5586 5585//5585
f 5614//5614 5665//5665 5666//5666
f 5616//5616 5664//5664 5615//5615
f 5615//5615 5664//5664 5665//5665
f 5615//5615 5665//5665 5614//5614
f 5614//5614 5666//5666 5613//5613
f 5610//5610 5667//5667 5643//5643
f 5612//5612 5666//5666 5667//5667
f 5612//5612 5667//5667 5611//5611
f 5611//5611 5667//5667 5610//5610
f 5610//5610 5643//5643 5609//5609
f 5616//5616 5663//5663 5664//5664
f 5613//5613 5666//5666 5612//5612
f 5617//5617 5663//5663 5616//5616
f 5620//5620 5659//5659 5660//5660
f 5618//5618 5661//5661 5662//5662
f 5618//5618 5662//5662 5617//5617
f 5619//5619 5660//5660 5661//5661
f 5619//5619 5661//5661 5618//5618
f 5620//5620 5660//5660 5619//5619
f 5621//5621 5659//5659 5620//5620
f 5621//5621 5658//5658 5659//5659
f 5622//5622 5658//5658 5621//5621
f 5622//5622 5657//5657 5658//5658
f 5623//5623 5657//5657 5622//5622
f 5624//5624 5657//5657 5623//5623
f 5624//5624 5642//5642 5657//5657
f 5609//5609 5643//5643 5608//5608
f 5617//5617 5662//5662 5663//5663
f 5608//5608 5644//5644 5641//5641
f 5625//5625 5642//5642 5624//5624
f 5641//5641 5644//5644 5645//5645
f 5608//5608 5643//5643 5644//5644
f 5625//5625 5656//5656 5642//5642
f 5626//5626 5656//5656 5625//5625
f 5627//5627 5655//5655 5656//5656
f 5628//5628 5655//5655 5627//5627
f 5629//5629 5655//5655 5628//5628
f 5629//5629 5654//5654 5655//5655
f 5630//5630 5654//5654 5629//5629
f 5630//5630 5653//5653 5654//5654
f 5631//5631 5653//5653 5630//5630
f 5631//5631 5652//5652 5653//5653
f 5632//5632 5652//5652 5631//5631
f 5633//5633 5652//5652 5632//5632
f 5633//5633 5651//5651 5652//5652
f 5627//5627 5656//5656 5626//5626
f 5634//5634 5651//5651 5633//5633
f 5634//5634 5650//5650 5651//5651
f 5641//5641 5645//5645 5640//5640
f 5640//5640 5645//5645 5639//5639
f 5639//5639 5646//5646 5647//5647
f 5639//5639 5647//5647 5638//5638
f 5638//5638 5647//5647 5637//5637
f 5639//5639 5645//5645 5646//5646
f 5637//5637 5648//5648 5636//5636
f 5636//5636 5649//5649 5635//5635
f 5636//5636 5648//5648 5649//5649
f 5635//5635 5650//5650 5634//5634
f 5635//5635 5649//5649 5650//5650
f 5637//5637 5647//5647 5648//5648
f 5684//5684 5708//5708 5685//5685
f 5676//5676 5675//5675 5694//5694
f 5674//5674 5673//5673 5695//5695
f 5683//5683 5708//5708 5684//5684
f 5675//5675 5674//5674 5695//5695
f 5683//5683 5709//5709 5708//5708
f 5675//5675 5695//5695 5694//5694
f 5668//5668 5709//5709 5683//5683
f 5668//5668 5700//5700 5709//5709
f 5677//5677 5694//5694 5704//5704
f 5679//5679 5678//5678 5703//5703
f 5682//5682 5700//5700 5668//5668
f 5682//5682 5701//5701 5700//5700
f 5678//5678 5677//5677 5704//5704
f 5681//5681 5701//5701 5682//5682
f 5678//5678 5704//5704 5703//5703
f 5681//5681 5702//5702 5701//5701
f 5680//5680 5702//5702 5681//5681
f 5680//5680 5679//5679 5703//5703
f 5680//5680 5703//5703 5702//5702
f 5673//5673 5696//5696 5695//5695
f 5677//5677 5676//5676 5694//5694
f 5708//5708 5707//5707 5685//5685
f 5696//5696 5671//5671 5697//5697
f 5707//5707 5686//5686 5685//5685
f 5673//5673 5672//5672 5696//5696
f 5712//5712 5692//5692 5691//5691
f 5710//5710 5692//5692 5711//5711
f 5710//5710 5693//5693 5692//5692
f 5712//5712 5691//5691 5690//5690
f 5713//5713 5712//5712 5690//5690
f 5713//5713 5690//5690 5689//5689
f 5699//5699 5669//5669 5693//5693
f 5699//5699 5693//5693 5710//5710
f 5713//5713 5689//5689 5688//5688
f 5712//5712 5711//5711 5692//5692
f 5698//5698 5669//5669 5699//5699
f 5713//5713 5688//5688 5687//5687
f 5696//5696 5672//5672 5671//5671
f 5706//5706 5705//5705 5686//5686
f 5697//5697 5670//5670 5698//5698
f 5707//5707 5706//5706 5686//5686
f 5705//5705 5687//5687 5686//5686
f 5698//5698 5670//5670 5669//5669
f 5705//5705 5713//5713 5687//5687
f 5697//5697 5671//5671 5670//5670
f 5746//5746 5745//5745 5721//5721
f 5714//5714 5749//5749 5724//5724
f 5722//5722 5747//5747 5746//5746
f 5723//5723 5747//5747 5722//5722
f 5723//5723 5748//5748 5747//5747
f 5718//5718 5755//5755 5754//5754
f 5724//5724 5748//5748 5723//5723
f 5749//5749 5748//5748 5724//5724
f 5714//5714 5750//5750 5749//5749
f 5716//5716 5753//5753 5752//5752
f 5715//5715 5751//5751 5750//5750
f 5752//5752 5715//5715 5716//5716
f 5752//5752 5751//5751 5715//5715
f 5717//5717 5753//5753 5716//5716
f 5717//5717 5754//5754 5753//5753
f 5754//5754 5717//5717 5718//5718
f 5718//5718 5734//5734 5755//5755
f 5718//5718 5719//5719 5734//5734
f 5746//5746 5721//5721 5722//5722
f 5715//5715 5750//5750 5714//5714
f 5721//5721 5745//5745 5720//5720
f 5727//5727 5742//5742 5741//5741
f 5744//5744 5729//5729 5720//5720
f 5734//5734 5719//5719 5730//5730
f 5730//5730 5735//5735 5734//5734
f 5731//5731 5735//5735 5730//5730
f 5731//5731 5736//5736 5735//5735
f 5732//5732 5737//5737 5736//5736
f 5732//5732 5736//5736 5731//5731
f 5738//5738 5732//5732 5733//5733
f 5738//5738 5737//5737 5732//5732
f 5733//5733 5739//5739 5738//5738
f 5720//5720 5745//5745 5744//5744
f 5725//5725 5739//5739 5733//5733
f 5725//5725 5741//5741 5740//5740
f 5726//5726 5741//5741 5725//5725
f 5727//5727 5741//5741 5726//5726
f 5728//5728 5742//5742 5727//5727
f 5728//5728 5743//5743 5742//5742
f 5729//5729 5743//5743 5728//5728
f 5729//5729 5744//5744 5743//5743
f 5725//5725 5740//5740 5739//5739
f 5760//5760 5795//5795 5759//5759
f 5759//5759 5795//5795 5796//5796
f 5759//5759 5796//5796 5758//5758
f 5757//5757 5798//5798 5756//5756
f 5758//5758 5797//5797 5757//5757
f 5757//5757 5797//5797 5798//5798
f 5760//5760 5794//5794 5795//5795
f 5756//5756 5798//5798 5799//5799
f 5758//5758 5796//5796 5797//5797
f 5761//5761 5793//5793 5794//5794
f 5763//5763 5792//5792 5762//5762
f 5762//5762 5793//5793 5761//5761
f 5762//5762 5792//5792 5793//5793
f 5763//5763 5791//5791 5792//5792
f 5764//5764 5791//5791 5763//5763
f 5764//5764 5790//5790 5791//5791
f 5765//5765 5790//5790 5764//5764
f 5765//5765 5789//5789 5790//5790
f 5756//5756 5779//5779 5777//5777
f 5766//5766 5778//5778 5789//5789
f 5761//5761 5794//5794 5760//5760
f 5766//5766 5789//5789 5765//5765
f 5756//5756 5799//5799 5779//5779
f 5777//5777 5780//5780 5776//5776
f 5777//5777 5779//5779 5780//5780
f 5766//5766 5788//5788 5778//5778
f 5767//5767 5788//5788 5766//5766
f 5768//5768 5788//5788 5767//5767
f 5768//5768 5787//5787 5788//5788
f 5769//5769 5787//5787 5768//5768
f 5770//5770 5786//5786 5769//5769
f 5770//5770 5785//5785 5786//5786
f 5771//5771 5785//5785 5770//5770
f 5769//5769 5786//5786 5787//5787
f 5772//5772 5785//5785 5771//5771
f 5772//5772 5784//5784 5785//5785
f 5776//5776 5781//5781 5775//5775
f 5775//5775 5781//5781 5782//5782
f 5775//5775 5782//5782 5774//5774
f 5776//5776 5780//5780 5781//5781
f 5774//5774 5782//5782 5783//5783
f 5773//5773 5783//5783 5772//5772
f 5772//5772 5783//5783 5784//5784
f 5774//5774 5783//5783 5773//5773
f 5809//5809 5821//5821 5820//5820
f 5809//5809 5808//5808 5807//5807
f 5809//5809 5820//5820 5819//5819
f 5809//5809 5819//5819 5818//5818
f 5809//5809 5807//5807 5802//5802
f 5809//5809 5818//5818 5817//5817
f 5809//5809 5801//5801 5821//5821
f 5809//5809 5802//5802 5801//5801
f 5810//5810 5814//5814 5812//5812
f 5809//5809 5816//5816 5810//5810
f 5810//5810 5816//5816 5815//5815
f 5810//5810 5815//5815 5814//5814
f 5807//5807 5803//5803 5802//5802
f 5807//5807 5806//5806 5805//5805
f 5807//5807 5805//5805 5803//5803
f 5800//5800 5812//5812 5811//5811
f 5805//5805 5804//5804 5803//5803
f 5812//5812 5814//5814 5813//5813
f 5810//5810 5812//5812 5800//5800
f 5809//5809 5817//5817 5816//5816
