# OMX visual mesh; coordinates in metres
mtllib materials.mtl
usemtl steel_hardware
v 0.0062067 -0.0007793 0.0120000
v 0.0065438 -0.0005965 0.0120000
v 0.0067274 -0.0003403 0.0120000
v 0.0068063 -0.0000372 0.0120000
v 0.0067220 0.0003679 0.0119999
v 0.0064228 0.0006900 0.0119999
v 0.0060919 0.0007969 0.0120001
v 0.0057343 0.0007684 0.0119999
v 0.0053876 0.0005230 0.0120000
v 0.0052349 0.0002486 0.0120000
v 0.0051974 -0.0000269 0.0120000
v 0.0052560 -0.0003082 0.0120000
v 0.0054133 -0.0005484 0.0120000
v 0.0056348 -0.0007168 0.0120000
v 0.0059082 -0.0007968 0.0120001
v 0.0062067 -0.0007793 0.0120000
v 0.0065438 -0.0005965 0.0120000
v 0.0067274 -0.0003403 0.0120000
v 0.0068063 -0.0000372 0.0120000
v 0.0067220 0.0003679 0.0119999
v 0.0064228 0.0006900 0.0119999
v 0.0060919 0.0007969 0.0120001
v 0.0057343 0.0007684 0.0119999
v 0.0053876 0.0005230 0.0120000
v 0.0052349 0.0002486 0.0120000
v 0.0051974 -0.0000269 0.0120000
v 0.0052560 -0.0003082 0.0120000
v 0.0054133 -0.0005484 0.0120000
v 0.0056348 -0.0007168 0.0120000
v 0.0059082 -0.0007968 0.0120001
v 0.0058862 -0.0009980 0.0121998
v 0.0058862 0.0009980 0.0121998
v 0.0055924 0.0009166 0.0121994
v 0.0053519 0.0007641 0.0121992
v 0.0051614 0.0005519 0.0122001
v 0.0050568 0.0003351 0.0122004
v 0.0050014 0.0001007 0.0122000
v 0.0050191 -0.0002127 0.0122000
v 0.0051314 -0.0005019 0.0121994
v 0.0052875 -0.0007045 0.0122007
v 0.0055391 -0.0008942 0.0121985
v 0.0061645 -0.0009884 0.0121998
v 0.0064139 -0.0009146 0.0122001
v 0.0066505 -0.0007615 0.0121987
v 0.0068544 -0.0005311 0.0122012
v 0.0069747 -0.0002341 0.0121996
v 0.0070018 0.0000528 0.0121994
v 0.0069601 0.0002834 0.0122004
v 0.0068686 0.0005019 0.0121994
v 0.0066738 0.0007450 0.0122007
v 0.0064077 0.0009166 0.0121994
v 0.0061645 0.0009884 0.0121998
v 0.0058862 -0.0009980 0.0121998
v 0.0058862 0.0009980 0.0121998
v 0.0055924 0.0009166 0.0121994
v 0.0053519 0.0007641 0.0121992
v 0.0051614 0.0005519 0.0122001
v 0.0050568 0.0003351 0.0122004
v 0.0050014 0.0001007 0.0122000
v 0.0050191 -0.0002127 0.0122000
v 0.0051314 -0.0005019 0.0121994
v 0.0052875 -0.0007045 0.0122007
v 0.0055391 -0.0008942 0.0121985
v 0.0061645 -0.0009884 0.0121998
v 0.0064139 -0.0009146 0.0122001
v 0.0066505 -0.0007615 0.0121987
v 0.0068544 -0.0005311 0.0122012
v 0.0069747 -0.0002341 0.0121996
v 0.0070018 0.0000528 0.0121994
v 0.0069601 0.0002834 0.0122004
v 0.0068686 0.0005019 0.0121994
v 0.0066738 0.0007450 0.0122007
v 0.0064077 0.0009166 0.0121994
v 0.0061645 0.0009884 0.0121998
v 0.0063607 0.0009422 0.0200000
v 0.0066810 0.0007366 0.0200000
v 0.0069110 0.0004335 0.0200000
v 0.0070037 0.0000394 0.0200000
v 0.0069531 -0.0003221 0.0200000
v 0.0067879 -0.0006210 0.0200000
v 0.0065262 -0.0008585 0.0200000
v 0.0061573 -0.0009929 0.0200000
v 0.0057380 -0.0009743 0.0200000
v 0.0053145 -0.0007416 0.0200000
v 0.0050838 -0.0004100 0.0200000
v 0.0050020 -0.0001068 0.0200000
v 0.0050120 0.0001663 0.0200000
v 0.0050891 0.0004200 0.0200000
v 0.0052803 0.0007030 0.0200000
v 0.0055796 0.0009122 0.0200000
v 0.0059330 0.0010038 0.0200000
v 0.0063607 0.0009422 0.0200000
v 0.0066810 0.0007366 0.0200000
v 0.0069110 0.0004335 0.0200000
v 0.0070037 0.0000394 0.0200000
v 0.0069531 -0.0003221 0.0200000
v 0.0067879 -0.0006210 0.0200000
v 0.0065262 -0.0008585 0.0200000
v 0.0061573 -0.0009929 0.0200000
v 0.0057380 -0.0009743 0.0200000
v 0.0053145 -0.0007416 0.0200000
v 0.0050838 -0.0004100 0.0200000
v 0.0050020 -0.0001068 0.0200000
v 0.0050120 0.0001663 0.0200000
v 0.0050891 0.0004200 0.0200000
v 0.0052803 0.0007030 0.0200000
v 0.0055796 0.0009122 0.0200000
v 0.0059330 0.0010038 0.0200000
v 0.0058274 0.0015277 0.0200001
v 0.0053882 0.0014122 0.0200001
v 0.0049685 0.0011412 0.0200000
v 0.0046682 0.0007677 0.0200000
v 0.0044937 0.0003275 0.0200013
v 0.0044641 0.0000545 0.0200000
v 0.0045064 -0.0003579 0.0200000
v 0.0046519 -0.0007460 0.0200012
v 0.0048775 -0.0010583 0.0200004
v 0.0053435 -0.0013935 0.0200009
v 0.0056736 -0.0015058 0.0200001
v 0.0061153 -0.0015361 0.0200011
v 0.0065791 -0.0014295 0.0200003
v 0.0070884 -0.0010908 0.0200004
v 0.0073620 -0.0007096 0.0200000
v 0.0075057 -0.0003244 0.0200001
v 0.0075335 0.0001551 0.0200006
v 0.0074153 0.0006073 0.0200001
v 0.0071303 0.0010548 0.0200022
v 0.0067518 0.0013433 0.0200000
v 0.0062863 0.0015113 0.0200000
v 0.0058274 0.0015277 0.0200001
v 0.0053882 0.0014122 0.0200001
v 0.0049685 0.0011412 0.0200000
v 0.0046682 0.0007677 0.0200000
v 0.0044937 0.0003275 0.0200013
v 0.0044641 0.0000545 0.0200000
v 0.0045064 -0.0003579 0.0200000
v 0.0046519 -0.0007460 0.0200012
v 0.0048775 -0.0010583 0.0200004
v 0.0053435 -0.0013935 0.0200009
v 0.0056736 -0.0015058 0.0200001
v 0.0061153 -0.0015361 0.0200011
v 0.0065791 -0.0014295 0.0200003
v 0.0070884 -0.0010908 0.0200004
v 0.0073620 -0.0007096 0.0200000
v 0.0075057 -0.0003244 0.0200001
v 0.0075335 0.0001551 0.0200006
v 0.0074153 0.0006073 0.0200001
v 0.0071303 0.0010548 0.0200022
v 0.0067518 0.0013433 0.0200000
v 0.0062863 0.0015113 0.0200000
v 0.0060328 0.0012529 0.0211275
v 0.0062071 0.0012356 0.0211274
v 0.0063382 0.0012989 0.0211011
v 0.0067540 0.0010628 0.0211133
v 0.0070248 0.0008087 0.0211122
v 0.0072530 0.0005407 0.0210918
v 0.0072339 0.0002075 0.0211294
v 0.0072423 -0.0002063 0.0211284
v 0.0072347 -0.0004250 0.0211122
v 0.0070462 -0.0008193 0.0211048
v 0.0067032 -0.0011164 0.0211090
v 0.0064322 -0.0012087 0.0211196
v 0.0062076 -0.0012364 0.0211294
v 0.0059866 -0.0013870 0.0210818
v 0.0058956 -0.0015154 0.0209937
v 0.0059484 -0.0016333 0.0208648
v 0.0060981 -0.0017156 0.0207015
v 0.0059298 -0.0017479 0.0205572
v 0.0060831 -0.0017486 0.0204208
v 0.0061063 -0.0017179 0.0202859
v 0.0060858 -0.0016533 0.0201420
v 0.0061262 0.0017493 0.0204754
v 0.0059684 0.0017398 0.0203548
v 0.0060462 0.0016854 0.0201954
v 0.0061174 0.0015831 0.0200518
v 0.0060561 0.0014399 0.0210497
v 0.0059728 0.0015826 0.0209313
v 0.0060411 0.0016754 0.0207980
v 0.0061373 0.0017381 0.0206092
v 0.0063094 0.0014700 0.0210074
v 0.0063035 0.0015682 0.0209165
v 0.0063123 0.0016702 0.0207560
v 0.0066255 0.0012872 0.0210558
v 0.0066057 0.0014314 0.0209598
v 0.0066377 0.0015079 0.0208635
v 0.0066604 0.0015639 0.0207543
v 0.0069209 0.0010876 0.0210609
v 0.0064984 0.0016779 0.0205668
v 0.0068646 0.0012924 0.0209601
v 0.0062354 0.0017185 0.0203378
v 0.0062237 0.0016589 0.0201751
v 0.0064668 0.0016805 0.0203840
v 0.0069230 0.0014079 0.0207864
v 0.0067371 0.0015728 0.0206299
v 0.0071179 0.0011298 0.0209259
v 0.0067186 0.0015988 0.0204229
v 0.0064538 0.0016458 0.0202488
v 0.0071688 0.0008596 0.0210441
v 0.0069659 0.0014554 0.0205867
v 0.0064211 0.0015600 0.0200852
v 0.0071497 0.0012724 0.0207184
v 0.0066388 0.0015428 0.0201657
v 0.0070830 0.0013780 0.0204882
v 0.0068662 0.0015036 0.0203291
v 0.0073191 0.0008912 0.0209205
v 0.0073272 0.0010574 0.0207559
v 0.0073849 0.0006606 0.0209779
v 0.0067348 0.0014225 0.0200666
v 0.0070661 0.0013636 0.0203172
v 0.0073226 0.0011496 0.0205536
v 0.0069781 0.0013192 0.0201170
v 0.0074673 0.0008497 0.0207583
v 0.0075097 0.0005980 0.0208846
v 0.0074534 0.0003731 0.0210082
v 0.0073795 0.0001610 0.0210796
v 0.0072702 0.0011887 0.0203553
v 0.0074451 0.0009915 0.0204883
v 0.0075506 0.0008120 0.0205660
v 0.0073525 -0.0000170 0.0210947
v 0.0072321 0.0011492 0.0201975
v 0.0075781 0.0006919 0.0206858
v 0.0074313 0.0009621 0.0202901
v 0.0076046 0.0003025 0.0208694
v 0.0076434 0.0005029 0.0207030
v 0.0075358 0.0001023 0.0209736
v 0.0075921 0.0007195 0.0203926
v 0.0074771 -0.0001794 0.0210192
v 0.0076866 0.0004875 0.0204783
v 0.0073346 0.0009184 0.0200907
v 0.0076210 -0.0000021 0.0208861
v 0.0076977 0.0003115 0.0206728
v 0.0075441 0.0007222 0.0202371
v 0.0077029 0.0000852 0.0207367
v 0.0073865 -0.0003692 0.0210533
v 0.0077385 0.0001892 0.0205783
v 0.0076312 0.0005396 0.0202813
v 0.0075237 0.0006098 0.0201154
v 0.0076875 -0.0001396 0.0207632
v 0.0076111 -0.0003404 0.0208486
v 0.0077413 0.0001775 0.0204235
v 0.0076952 0.0002802 0.0202719
v 0.0075256 -0.0004891 0.0209124
v 0.0072292 -0.0007533 0.0210524
v 0.0077262 -0.0001733 0.0206411
v 0.0077514 -0.0000671 0.0205087
v 0.0073450 -0.0006766 0.0210042
v 0.0075886 0.0003072 0.0200878
v 0.0076500 -0.0004634 0.0207123
v 0.0077360 -0.0000565 0.0203427
v 0.0076708 0.0000946 0.0201741
v 0.0076891 -0.0004533 0.0205668
v 0.0077267 -0.0003004 0.0204620
v 0.0074074 -0.0007687 0.0209052
v 0.0075629 -0.0006964 0.0207235
v 0.0076664 -0.0001342 0.0201696
v 0.0074435 -0.0008484 0.0208007
v 0.0076903 -0.0002778 0.0202623
v 0.0071647 -0.0010051 0.0209758
v 0.0069569 -0.0010433 0.0210637
v 0.0076378 -0.0006177 0.0204207
v 0.0076595 -0.0004591 0.0202836
v 0.0076037 -0.0007012 0.0205356
v 0.0073113 -0.0009980 0.0208457
v 0.0075821 -0.0001363 0.0200536
v 0.0074366 -0.0009667 0.0206667
v 0.0068714 -0.0012023 0.0210206
v 0.0075683 -0.0004126 0.0200926
v 0.0070779 -0.0011667 0.0209270
v 0.0075076 -0.0008937 0.0204499
v 0.0075684 -0.0007358 0.0203267
v 0.0072235 -0.0011740 0.0207576
v 0.0073411 -0.0011226 0.0205800
v 0.0075414 -0.0006643 0.0201843
v 0.0069623 -0.0013232 0.0208680
v 0.0065761 -0.0013908 0.0210074
v 0.0073881 -0.0010575 0.0203909
v 0.0074071 -0.0009655 0.0202406
v 0.0074327 -0.0007448 0.0200818
v 0.0070927 -0.0013404 0.0206638
v 0.0063655 -0.0013756 0.0210620
v 0.0072556 -0.0012216 0.0204578
v 0.0068338 -0.0014975 0.0207178
v 0.0066433 -0.0015145 0.0208526
v 0.0070869 -0.0013765 0.0204733
v 0.0072370 -0.0011983 0.0202928
v 0.0072469 -0.0010609 0.0201100
v 0.0069304 -0.0014735 0.0205956
v 0.0070708 -0.0013472 0.0202816
v 0.0062499 -0.0015486 0.0209488
v 0.0064591 -0.0016561 0.0207082
v 0.0068395 -0.0015348 0.0203956
v 0.0066598 -0.0016224 0.0205514
v 0.0070279 -0.0012514 0.0200902
v 0.0062654 -0.0016538 0.0208038
v 0.0068116 -0.0014964 0.0202276
v 0.0067933 -0.0014103 0.0200854
v 0.0065591 -0.0016444 0.0203367
v 0.0062834 -0.0017295 0.0205431
v 0.0063459 -0.0017114 0.0203848
v 0.0064219 -0.0016186 0.0201676
v 0.0063465 -0.0015575 0.0200629
v 0.0055592 -0.0012481 0.0211063
v 0.0052450 -0.0010853 0.0211077
v 0.0047377 -0.0004859 0.0210975
v 0.0047650 -0.0002065 0.0211272
v 0.0046437 -0.0000910 0.0210924
v 0.0047569 0.0002001 0.0211261
v 0.0047170 0.0004645 0.0210922
v 0.0050117 0.0008338 0.0211188
v 0.0054048 0.0011794 0.0211075
v 0.0057934 0.0012344 0.0211274
v 0.0054954 -0.0013697 0.0210380
v 0.0056299 -0.0014970 0.0209723
v 0.0057472 -0.0016304 0.0208455
v 0.0057971 -0.0017104 0.0206854
v 0.0055387 -0.0016330 0.0207559
v 0.0052429 -0.0012312 0.0210456
v 0.0053985 -0.0014709 0.0209254
v 0.0057259 -0.0017303 0.0205133
v 0.0058150 -0.0017299 0.0203557
v 0.0055240 -0.0016874 0.0205384
v 0.0052869 -0.0015389 0.0207564
v 0.0051319 -0.0014020 0.0208480
v 0.0051298 -0.0013099 0.0209429
v 0.0057931 -0.0016820 0.0202205
v 0.0050017 -0.0009431 0.0210885
v 0.0052926 -0.0015906 0.0206135
v 0.0055326 -0.0016601 0.0202900
v 0.0058146 -0.0016108 0.0200925
v 0.0048882 -0.0010976 0.0209551
v 0.0050548 -0.0014363 0.0206935
v 0.0052657 -0.0015911 0.0204611
v 0.0049190 -0.0012633 0.0208232
v 0.0048039 -0.0007951 0.0210521
v 0.0055199 -0.0015557 0.0200994
v 0.0050268 -0.0014569 0.0205384
v 0.0052675 -0.0015580 0.0202823
v 0.0047236 -0.0010833 0.0208027
v 0.0048051 -0.0012729 0.0206046
v 0.0046792 -0.0008871 0.0209221
v 0.0050934 -0.0014671 0.0202934
v 0.0049252 -0.0013701 0.0203609
v 0.0046104 -0.0005047 0.0210257
v 0.0051679 -0.0013900 0.0200888
v 0.0045979 -0.0010320 0.0206271
v 0.0045833 -0.0006630 0.0209490
v 0.0045164 -0.0008267 0.0207507
v 0.0049252 -0.0012727 0.0201555
v 0.0046606 -0.0011290 0.0204286
v 0.0044680 -0.0006232 0.0208377
v 0.0046887 -0.0011130 0.0202756
v 0.0044429 -0.0004026 0.0209019
v 0.0044969 -0.0000870 0.0210066
v 0.0044355 -0.0007958 0.0205183
v 0.0043903 -0.0006021 0.0206964
v 0.0045274 -0.0009025 0.0203079
v 0.0046300 -0.0009219 0.0201318
v 0.0043841 -0.0001995 0.0208731
v 0.0042999 -0.0002727 0.0206956
v 0.0046157 0.0002857 0.0210657
v 0.0043091 -0.0004637 0.0205480
v 0.0044324 -0.0007226 0.0202948
v 0.0043948 0.0001280 0.0209021
v 0.0042974 -0.0000051 0.0207463
v 0.0044757 0.0002668 0.0209672
v 0.0043515 -0.0004980 0.0202851
v 0.0042778 -0.0003263 0.0204298
v 0.0044807 -0.0005661 0.0200925
v 0.0042475 -0.0000775 0.0204966
v 0.0046057 0.0006079 0.0209915
v 0.0044396 0.0004492 0.0208803
v 0.0042618 0.0001729 0.0205830
v 0.0043177 0.0003346 0.0207093
v 0.0043888 -0.0002620 0.0201042
v 0.0042964 -0.0001853 0.0202626
v 0.0048720 0.0008394 0.0210694
v 0.0042750 0.0001280 0.0203069
v 0.0045018 0.0006864 0.0208462
v 0.0042629 0.0002162 0.0204381
v 0.0043932 0.0005969 0.0207116
v 0.0047034 0.0008615 0.0209585
v 0.0043120 0.0004678 0.0205432
v 0.0043547 0.0001260 0.0201299
v 0.0049345 0.0010348 0.0210193
v 0.0046149 0.0009205 0.0208195
v 0.0043324 0.0004376 0.0202913
v 0.0044876 0.0008428 0.0206592
v 0.0043606 0.0006005 0.0203873
v 0.0044056 0.0007310 0.0204927
v 0.0052185 0.0011910 0.0210600
v 0.0048256 0.0010906 0.0209062
v 0.0046455 0.0010585 0.0206954
v 0.0044216 0.0005376 0.0201589
v 0.0047983 0.0011973 0.0207600
v 0.0050276 0.0012151 0.0209580
v 0.0045431 0.0009777 0.0204799
v 0.0045032 0.0008376 0.0202665
v 0.0050285 0.0013441 0.0208327
v 0.0047182 0.0011903 0.0205660
v 0.0045571 0.0007348 0.0200876
v 0.0052933 0.0013936 0.0209528
v 0.0055574 0.0014152 0.0210237
v 0.0046792 0.0011309 0.0203381
v 0.0057420 0.0013096 0.0211021
v 0.0049362 0.0013902 0.0205666
v 0.0051582 0.0015020 0.0206921
v 0.0047375 0.0010500 0.0201165
v 0.0053582 0.0015485 0.0208011
v 0.0049193 0.0013697 0.0203880
v 0.0049005 0.0013067 0.0202442
v 0.0051203 0.0015159 0.0205138
v 0.0055579 0.0015585 0.0208850
v 0.0057997 0.0015035 0.0209936
v 0.0053988 0.0016296 0.0206311
v 0.0049078 0.0011764 0.0200732
v 0.0051558 0.0015190 0.0203420
v 0.0057347 0.0016435 0.0208208
v 0.0054448 0.0016653 0.0204718
v 0.0057250 0.0017073 0.0206727
v 0.0051026 0.0013607 0.0201026
v 0.0053610 0.0015631 0.0202013
v 0.0054134 0.0016310 0.0203304
v 0.0053136 0.0014674 0.0200904
v 0.0058009 0.0017407 0.0205255
v 0.0056523 0.0017028 0.0203386
v 0.0056413 0.0016011 0.0201163
v 0.0058241 0.0016523 0.0201495
v 0.0057937 -0.0012395 0.0211285
v 0.0053870 -0.0002128 0.0212546
v 0.0055902 -0.0002990 0.0212725
v 0.0057317 -0.0004616 0.0212692
v 0.0057890 -0.0006283 0.0212524
v 0.0051306 -0.0002072 0.0212154
v 0.0051616 0.0002075 0.0212232
v 0.0057889 0.0006276 0.0212526
v 0.0057216 0.0004417 0.0212708
v 0.0055728 0.0002889 0.0212714
v 0.0053865 0.0002124 0.0212545
v 0.0057927 0.0008483 0.0212201
v 0.0054016 -0.0006989 0.0212108
v 0.0053813 0.0006548 0.0212119
v 0.0065922 0.0002155 0.0212574
v 0.0064144 0.0002997 0.0212734
v 0.0062891 0.0004266 0.0212715
v 0.0062122 0.0006162 0.0212541
v 0.0065921 -0.0002155 0.0212574
v 0.0063967 -0.0003115 0.0212726
v 0.0062514 -0.0004876 0.0212680
v 0.0062057 -0.0007046 0.0212434
v 0.0067246 -0.0006635 0.0211973
v 0.0067694 0.0005798 0.0211996
v 0.0063978 0.0009522 0.0211848
v 0.0062076 -0.0012364 0.0211294
v 0.0057937 -0.0012395 0.0211285
v 0.0057992 -0.0012467 0.0206500
v 0.0062070 -0.0012337 0.0206500
v 0.0072423 -0.0002063 0.0211284
v 0.0062076 -0.0012364 0.0211294
v 0.0062070 -0.0012337 0.0206500
v 0.0065921 -0.0002155 0.0212574
v 0.0063967 -0.0003115 0.0212726
v 0.0062514 -0.0004876 0.0212680
v 0.0062057 -0.0007046 0.0212434
v 0.0072327 -0.0002071 0.0206500
v 0.0066075 -0.0002124 0.0206500
v 0.0063607 -0.0003356 0.0206500
v 0.0062145 -0.0005903 0.0206500
v 0.0057992 -0.0012467 0.0206500
v 0.0062070 -0.0012337 0.0206500
v 0.0057896 -0.0006269 0.0206500
v 0.0057028 -0.0004103 0.0206500
v 0.0055206 -0.0002583 0.0206500
v 0.0053532 -0.0002090 0.0206500
v 0.0047572 -0.0002040 0.0206500
v 0.0047650 0.0002069 0.0206500
v 0.0054103 0.0002146 0.0206500
v 0.0056188 0.0003238 0.0206500
v 0.0057306 0.0004615 0.0206500
v 0.0057895 0.0006265 0.0206500
v 0.0057930 0.0012337 0.0206500
v 0.0062008 0.0012467 0.0206500
v 0.0062178 0.0005685 0.0206500
v 0.0063941 0.0003074 0.0206500
v 0.0066265 0.0002105 0.0206500
v 0.0072327 0.0002071 0.0206500
v 0.0072534 0.0000118 0.0206500
v 0.0072327 -0.0002071 0.0206500
v 0.0066075 -0.0002124 0.0206500
v 0.0063607 -0.0003356 0.0206500
v 0.0062145 -0.0005903 0.0206500
v 0.0047650 -0.0002065 0.0211272
v 0.0057937 -0.0012395 0.0211285
v 0.0053870 -0.0002128 0.0212546
v 0.0055902 -0.0002990 0.0212725
v 0.0057317 -0.0004616 0.0212692
v 0.0057890 -0.0006283 0.0212524
v 0.0051306 -0.0002072 0.0212154
v 0.0057992 -0.0012467 0.0206500
v 0.0057896 -0.0006269 0.0206500
v 0.0057028 -0.0004103 0.0206500
v 0.0055206 -0.0002583 0.0206500
v 0.0053532 -0.0002090 0.0206500
v 0.0047572 -0.0002040 0.0206500
v 0.0047650 -0.0002065 0.0211272
v 0.0047569 0.0002001 0.0211261
v 0.0047572 -0.0002040 0.0206500
v 0.0047650 0.0002069 0.0206500
v 0.0047569 0.0002001 0.0211261
v 0.0057934 0.0012344 0.0211274
v 0.0051616 0.0002075 0.0212232
v 0.0057889 0.0006276 0.0212526
v 0.0057216 0.0004417 0.0212708
v 0.0055728 0.0002889 0.0212714
v 0.0053865 0.0002124 0.0212545
v 0.0057927 0.0008483 0.0212201
v 0.0047650 0.0002069 0.0206500
v 0.0054103 0.0002146 0.0206500
v 0.0056188 0.0003238 0.0206500
v 0.0057306 0.0004615 0.0206500
v 0.0057895 0.0006265 0.0206500
v 0.0057930 0.0012337 0.0206500
v 0.0060328 0.0012529 0.0211275
v 0.0062071 0.0012356 0.0211274
v 0.0057934 0.0012344 0.0211274
v 0.0057930 0.0012337 0.0206500
v 0.0062008 0.0012467 0.0206500
v 0.0062071 0.0012356 0.0211274
v 0.0072339 0.0002075 0.0211294
v 0.0065922 0.0002155 0.0212574
v 0.0064144 0.0002997 0.0212734
v 0.0062891 0.0004266 0.0212715
v 0.0062122 0.0006162 0.0212541
v 0.0062008 0.0012467 0.0206500
v 0.0062178 0.0005685 0.0206500
v 0.0063941 0.0003074 0.0206500
v 0.0066265 0.0002105 0.0206500
v 0.0072327 0.0002071 0.0206500
v 0.0072339 0.0002075 0.0211294
v 0.0072423 -0.0002063 0.0211284
v 0.0072327 0.0002071 0.0206500
v 0.0072534 0.0000118 0.0206500
v 0.0072327 -0.0002071 0.0206500
vn -0.000030 -0.000148 -1.000000
vn -0.000023 0.000084 -1.000000
vn 0.000011 -0.000072 -1.000000
vn 0.000006 -0.000103 -1.000000
vn -0.000021 -0.000051 -1.000000
vn -0.000156 0.000067 -1.000000
vn -0.000044 0.000055 -1.000000
vn 0.000226 -0.000123 -1.000000
vn -0.000157 -0.000018 -1.000000
vn 0.000008 -0.000017 -1.000000
vn -0.000075 -0.000031 -1.000000
vn 0.000257 0.000107 -1.000000
vn 0.000001 0.000001 -1.000000
vn 0.000033 0.000068 -1.000000
vn -0.000088 -0.001047 -0.999999
vn 0.178777 -0.669320 -0.721144
vn 0.461779 -0.517341 -0.720498
vn 0.628833 -0.292660 -0.720360
vn 0.692377 -0.017247 -0.721330
vn 0.613177 0.312670 -0.725432
vn 0.365911 0.585173 -0.723658
vn 0.083099 0.684774 -0.724002
vn -0.234905 0.651701 -0.721183
vn -0.515532 0.456135 -0.725374
vn -0.659538 0.219677 -0.718855
vn -0.695223 -0.024523 -0.718375
vn -0.643163 -0.266504 -0.717856
vn -0.507201 -0.481965 -0.714462
vn -0.314702 -0.627362 -0.712306
vn -0.080144 -0.698273 -0.711331
vn -0.083182 -0.694498 -0.714670
vn -0.074054 0.703999 -0.706330
vn -0.303483 0.648679 -0.697935
vn -0.443799 0.540363 -0.714877
vn -0.592943 0.386057 -0.706667
vn -0.670896 0.241933 -0.700976
vn -0.707252 0.066652 -0.703812
vn -0.697198 -0.149058 -0.701210
vn -0.615402 -0.355817 -0.703332
vn -0.496681 -0.506147 -0.705069
vn -0.318503 -0.625440 -0.712307
vn 0.099933 -0.697995 -0.709096
vn 0.298852 -0.634902 -0.712452
vn 0.462192 -0.544252 -0.700120
vn 0.602257 -0.374811 -0.704843
vn 0.690721 -0.172637 -0.702211
vn 0.697752 0.051791 -0.714464
vn 0.669848 0.176790 -0.721144
vn 0.610441 0.372744 -0.698873
vn 0.479174 0.511849 -0.713024
vn 0.280729 0.649049 -0.707055
vn 0.119596 0.694616 -0.709370
vn -0.127253 -0.991869 -0.001502
vn -0.117962 0.993018 -0.000419
vn -0.405584 0.914058 -0.000150
vn -0.645600 0.763675 -0.000981
vn -0.830582 0.556896 -0.001270
vn -0.942512 0.334171 -0.000797
vn -0.996140 0.087778 -0.001008
vn -0.977278 -0.211955 -0.001409
vn -0.870941 -0.491386 -0.000767
vn -0.703724 -0.710473 -0.000947
vn -0.451401 -0.892319 -0.002052
vn 0.160309 -0.987067 -0.000424
vn 0.417467 -0.908691 -0.001008
vn 0.652074 -0.758153 -0.001487
vn 0.849878 -0.526977 -0.001434
vn 0.971616 -0.236561 -0.001020
vn 0.999103 0.042342 -0.000172
vn 0.959048 0.283243 -0.000748
vn 0.859218 0.511609 -0.000187
vn 0.670002 0.742359 0.000862
vn 0.417257 0.908788 -0.000470
vn 0.159916 0.987130 -0.001149
vn 0.349896 0.936788 0.001333
vn 0.678902 0.734228 0.000158
vn 0.904466 0.426546 0.000824
vn 0.998950 0.045800 0.001438
vn 0.948658 -0.316300 0.001514
vn 0.784076 -0.620663 0.001681
vn 0.516926 -0.856029 0.001656
vn 0.151978 -0.988382 0.001996
vn -0.269637 -0.962958 0.002725
vn -0.669210 -0.743069 0.002479
vn -0.906589 -0.422012 0.001550
vn -0.993570 -0.113217 0.001210
vn -0.986277 0.165099 0.000914
vn -0.902888 0.429874 0.001279
vn -0.712537 0.701633 0.001458
vn -0.418488 0.908222 0.000957
vn -0.055744 0.998444 0.001519
vn -0.000010 -0.000025 -1.000000
vn 0.002672 0.000897 -0.999996
vn 0.001022 0.001526 -0.999998
vn 0.000785 0.000367 -1.000000
vn 0.000101 0.000028 -1.000000
vn 0.000139 -0.000384 -1.000000
vn 0.000329 -0.000502 -1.000000
vn 0.000165 -0.001127 -0.999999
vn -0.000691 -0.000581 -1.000000
vn -0.000452 -0.000943 -0.999999
vn -0.000772 -0.000721 -0.999999
vn -0.000055 -0.000006 -1.000000
vn -0.001210 0.001011 -0.999999
vn -0.001170 -0.000330 -0.999999
vn 0.000026 0.000017 -1.000000
vn -0.000036 0.000076 -1.000000
vn -0.000040 0.000043 -1.000000
vn -0.000071 0.000071 -1.000000
vn 0.000014 0.000069 -1.000000
vn 0.000071 0.000017 -1.000000
vn -0.000787 -0.000996 -0.999999
vn -0.001497 0.001553 -0.999998
vn -0.000468 0.002018 -0.999998
vn -0.000164 -0.001218 -0.999999
vn -0.001852 -0.001168 -0.999998
vn -0.001104 -0.000565 -0.999999
vn -0.001117 -0.000781 -0.999999
vn -0.000433 -0.000693 -1.000000
vn 0.000622 -0.002133 -0.999998
vn -0.000284 -0.001060 -0.999999
vn 0.000179 -0.000628 -1.000000
vn 0.000018 -0.000240 -1.000000
vn 0.000439 0.000443 -1.000000
vn 0.000874 0.000252 -1.000000
vn -0.000200 0.001351 -0.999999
vn 0.002772 0.001507 -0.999995
vn 0.001940 -0.000253 -0.999998
vn -0.000050 0.000003 -1.000000
vn -0.081010 0.735639 -0.672513
vn -0.282184 0.674945 -0.681778
vn -0.479386 0.533953 -0.696479
vn -0.624003 0.372481 -0.686934
vn -0.755069 0.174973 -0.631866
vn -0.750346 0.009233 -0.660980
vn -0.708324 -0.170374 -0.685018
vn -0.667428 -0.364342 -0.649457
vn -0.562805 -0.536496 -0.628826
vn -0.322567 -0.677305 -0.661218
vn -0.151831 -0.729347 -0.667083
vn 0.062174 -0.755338 -0.652380
vn 0.286676 -0.709573 -0.643679
vn 0.515070 -0.517338 -0.683421
vn 0.634180 -0.333627 -0.697502
vn 0.718701 -0.159150 -0.676860
vn 0.753334 0.065215 -0.654396
vn 0.674464 0.296462 -0.676172
vn 0.565336 0.531848 -0.630502
vn 0.355462 0.627669 -0.692588
vn 0.140441 0.715199 -0.684666
vn 0.006722 0.372057 0.928186
vn 0.042303 0.284728 0.957674
vn 0.103912 0.378233 0.919860
vn 0.186701 0.270635 0.944404
vn 0.264013 0.207107 0.942021
vn 0.378595 0.165349 0.910673
vn 0.291688 0.066523 0.954197
vn 0.331669 -0.070029 0.940793
vn 0.313149 -0.117443 0.942414
vn 0.280593 -0.221074 0.934020
vn 0.184256 -0.308096 0.933342
vn 0.093774 -0.212312 0.972692
vn 0.078268 -0.335112 0.938922
vn -0.000137 -0.455632 0.890168
vn -0.046613 -0.644242 0.763400
vn -0.020910 -0.830658 0.556390
vn 0.046464 -0.946347 0.319793
vn -0.036239 -0.994390 0.099373
vn 0.041118 -0.995075 -0.090198
vn 0.061020 -0.945734 -0.319160
vn 0.048328 -0.849183 -0.525883
vn 0.077641 0.996719 -0.022867
vn -0.030690 0.978791 -0.202549
vn 0.019862 0.897651 -0.440260
vn 0.043205 0.736308 -0.675266
vn 0.016838 0.524943 0.850971
vn -0.009881 0.742903 0.669326
vn 0.016844 0.889962 0.455724
vn 0.073057 0.978075 0.195017
vn 0.128076 0.597526 0.791555
vn 0.145961 0.758627 0.634965
vn 0.177234 0.900119 0.397962
vn 0.223676 0.458002 0.860351
vn 0.268199 0.637816 0.721983
vn 0.317818 0.758466 0.568965
vn 0.348412 0.851867 0.391064
vn 0.336134 0.388823 0.857806
vn 0.274230 0.953208 0.127247
vn 0.395410 0.588866 0.704903
vn 0.139197 0.964722 -0.223463
vn 0.126460 0.872307 -0.472323
vn 0.260458 0.953970 -0.148669
vn 0.488244 0.743924 0.456283
vn 0.422737 0.882946 0.204203
vn 0.531287 0.537850 0.654562
vn 0.407397 0.907124 -0.105609
vn 0.254697 0.895136 -0.365871
vn 0.442878 0.327782 0.834517
vn 0.540415 0.829335 0.141968
vn 0.216051 0.758367 -0.614981
vn 0.627930 0.695974 0.348316
vn 0.343780 0.815250 -0.466029
vn 0.624298 0.781181 0.002971
vn 0.487110 0.837125 -0.248888
vn 0.629385 0.428944 0.647983
vn 0.720936 0.565456 0.400638
vn 0.591861 0.287220 0.753130
vn 0.348610 0.701273 -0.621843
vn 0.594748 0.758099 -0.267508
vn 0.751588 0.651684 0.102093
vn 0.496204 0.667683 -0.554961
vn 0.785259 0.468412 0.404919
vn 0.753133 0.295231 0.587903
vn 0.602106 0.157097 0.782808
vn 0.459951 0.055062 0.886236
vn 0.714359 0.672660 -0.192927
vn 0.825841 0.563896 0.002880
vn 0.875497 0.468902 0.116776
vn 0.403162 -0.011238 0.915059
vn 0.650318 0.610547 -0.452016
vn 0.877981 0.373511 0.299397
vn 0.791166 0.531789 -0.302086
vn 0.807023 0.154695 0.569898
vn 0.905010 0.277073 0.322780
vn 0.667252 0.047827 0.743295
vn 0.901752 0.410885 -0.134226
vn 0.608719 -0.073893 0.789937
vn 0.960839 0.276807 -0.012890
vn 0.660581 0.446535 -0.603522
vn 0.797707 -0.007633 0.602998
vn 0.939399 0.182298 0.290340
vn 0.830613 0.403759 -0.383485
vn 0.926547 0.047558 0.373161
vn 0.506308 -0.138148 0.851215
vn 0.985397 0.104158 0.134699
vn 0.905319 0.278730 -0.320480
vn 0.773439 0.299765 -0.558510
vn 0.903060 -0.080615 0.421881
vn 0.818992 -0.163408 0.550045
vn 0.988817 0.102667 -0.108166
vn 0.929929 0.166369 -0.327953
vn 0.732290 -0.240338 0.637172
vn 0.446872 -0.277081 0.850607
vn 0.969247 -0.102926 0.223532
vn 0.998710 -0.035323 0.036473
vn 0.571307 -0.276840 0.772637
vn 0.783998 0.167757 -0.597666
vn 0.901578 -0.258616 0.346806
vn 0.973646 -0.029779 -0.226112
vn 0.877101 0.044991 -0.478195
vn 0.958534 -0.259644 0.117460
vn 0.984309 -0.170038 -0.047146
vn 0.683277 -0.368713 0.630225
vn 0.854986 -0.374377 0.358945
vn 0.873903 -0.066791 -0.481490
vn 0.762534 -0.438912 0.475288
vn 0.928193 -0.155761 -0.337929
vn 0.514527 -0.432759 0.740257
vn 0.334984 -0.357117 0.871925
vn 0.933804 -0.342757 -0.102601
vn 0.916288 -0.251957 -0.311341
vn 0.909096 -0.405905 0.093732
vn 0.666662 -0.509789 0.543762
vn 0.737821 -0.052467 -0.672954
vn 0.804023 -0.534665 0.260156
vn 0.339846 -0.497135 0.798349
vn 0.781301 -0.217485 -0.585038
vn 0.514355 -0.551349 0.656850
vn 0.858078 -0.510816 -0.052623
vn 0.871520 -0.419901 -0.253250
vn 0.655697 -0.635968 0.406948
vn 0.755504 -0.640481 0.137836
vn 0.817919 -0.348029 -0.458131
vn 0.475741 -0.672290 0.567183
vn 0.250032 -0.576662 0.777782
vn 0.787425 -0.599345 -0.144041
vn 0.768480 -0.517976 -0.375685
vn 0.701133 -0.371335 -0.608705
vn 0.613057 -0.742820 0.269036
vn 0.117636 -0.482966 0.867701
vn 0.705790 -0.707062 -0.043864
vn 0.451346 -0.820997 0.349643
vn 0.323754 -0.767356 0.553487
vn 0.623667 -0.781341 -0.023371
vn 0.677564 -0.667296 -0.309229
vn 0.629521 -0.528773 -0.569299
vn 0.525701 -0.838407 0.143914
vn 0.590418 -0.739299 -0.323796
vn 0.113290 -0.705126 0.699974
vn 0.259014 -0.908833 0.327008
vn 0.477911 -0.869470 -0.124992
vn 0.368290 -0.924843 0.095009
vn 0.499111 -0.630371 -0.594576
vn 0.140520 -0.865322 0.481116
vn 0.435512 -0.805706 -0.401456
vn 0.393303 -0.672438 -0.627008
vn 0.312844 -0.924459 -0.217956
vn 0.169063 -0.981188 0.093211
vn 0.213492 -0.964105 -0.157867
vn 0.221613 -0.850142 -0.477647
vn 0.140248 -0.748866 -0.647711
vn -0.117693 -0.334925 0.934866
vn -0.199753 -0.290652 0.935746
vn -0.353332 -0.141935 0.924668
vn -0.288789 -0.060930 0.955452
vn -0.409630 -0.026759 0.911859
vn -0.336124 0.062433 0.939746
vn -0.380752 0.147551 0.912829
vn -0.245791 0.217825 0.944531
vn -0.156050 0.317536 0.935318
vn -0.084957 0.264302 0.960691
vn -0.193048 -0.517621 0.833548
vn -0.156715 -0.663927 0.731192
vn -0.126639 -0.832143 0.539908
vn -0.110294 -0.945548 0.306225
vn -0.252850 -0.879413 0.403359
vn -0.283705 -0.465518 0.838334
vn -0.287465 -0.700845 0.652824
vn -0.164145 -0.986005 0.029180
vn -0.104284 -0.975612 -0.193147
vn -0.269720 -0.960492 0.068595
vn -0.377853 -0.829620 0.411044
vn -0.443046 -0.721906 0.531565
vn -0.398352 -0.586664 0.705082
vn -0.111855 -0.905188 -0.410027
vn -0.311032 -0.290483 0.904919
vn -0.398355 -0.896841 0.192329
vn -0.260198 -0.920947 -0.290093
vn -0.084471 -0.794915 -0.600811
vn -0.497330 -0.493210 0.713727
vn -0.525434 -0.792555 0.309477
vn -0.419007 -0.906570 -0.050647
vn -0.568308 -0.659006 0.492683
vn -0.440998 -0.291499 0.848852
vn -0.251753 -0.783099 -0.568662
vn -0.552325 -0.831462 0.060067
vn -0.395040 -0.858175 -0.327841
vn -0.673308 -0.572035 0.468436
vn -0.672996 -0.719686 0.170670
vn -0.630370 -0.419278 0.653330
vn -0.503104 -0.813693 -0.291185
vn -0.616615 -0.765632 -0.183283
vn -0.560563 -0.191442 0.805679
vn -0.414458 -0.678638 -0.606361
vn -0.790697 -0.577420 0.203432
vn -0.642965 -0.312873 0.699076
vn -0.801038 -0.450087 0.394664
vn -0.560814 -0.656770 -0.504124
vn -0.761912 -0.643119 -0.076729
vn -0.790703 -0.315657 0.524547
vn -0.710978 -0.616854 -0.337641
vn -0.763928 -0.192957 0.615777
vn -0.624106 -0.041119 0.780257
vn -0.891821 -0.450310 0.043316
vn -0.891400 -0.327371 0.313423
vn -0.822041 -0.507714 -0.257829
vn -0.699494 -0.470693 -0.537733
vn -0.809464 -0.101720 0.578292
vn -0.938476 -0.152964 0.309621
vn -0.471459 0.088405 0.877446
vn -0.958237 -0.274755 0.079324
vn -0.872369 -0.392145 -0.291881
vn -0.790713 0.064079 0.608824
vn -0.925549 -0.002405 0.378620
vn -0.667242 0.123376 0.734552
vn -0.910658 -0.282517 -0.301474
vn -0.980212 -0.179418 -0.083631
vn -0.755117 -0.286364 -0.589740
vn -0.998791 -0.047064 0.014187
vn -0.592851 0.261310 0.761738
vn -0.779770 0.222254 0.585288
vn -0.984069 0.091951 0.152165
vn -0.919064 0.180803 0.350187
vn -0.806655 -0.126465 -0.577333
vn -0.936895 -0.091572 -0.337404
vn -0.396270 0.283805 0.873170
vn -0.958511 0.063596 -0.277871
vn -0.762846 0.355638 0.539988
vn -0.987947 0.134557 -0.076523
vn -0.885091 0.328339 0.329860
vn -0.585675 0.385466 0.713022
vn -0.961713 0.263717 0.074569
vn -0.842124 0.065975 -0.535233
vn -0.417998 0.408701 0.811320
vn -0.720948 0.477900 0.501842
vn -0.928125 0.231757 -0.291327
vn -0.843406 0.469019 0.262083
vn -0.924814 0.339923 -0.170793
vn -0.906047 0.423086 0.008808
vn -0.280589 0.418699 0.863690
vn -0.573931 0.526811 0.626956
vn -0.755470 0.579835 0.305052
vn -0.819138 0.279927 -0.500653
vn -0.640319 0.652220 0.405709
vn -0.436455 0.551365 0.710988
vn -0.831567 0.555228 -0.014745
vn -0.822250 0.464062 -0.329470
vn -0.505750 0.701176 0.502563
vn -0.723501 0.682620 0.102846
vn -0.715568 0.358667 -0.599433
vn -0.326461 0.636783 0.698521
vn -0.176415 0.562005 0.808102
vn -0.738480 0.634211 -0.228961
vn -0.075944 0.383084 0.920586
vn -0.608791 0.781508 0.136447
vn -0.468801 0.827455 0.309101
vn -0.642212 0.522699 -0.560669
vn -0.334096 0.815218 0.473075
vn -0.617214 0.773689 -0.143012
vn -0.594641 0.710087 -0.377066
vn -0.492459 0.869577 0.036333
vn -0.216707 0.768297 0.602294
vn -0.089757 0.630907 0.770649
vn -0.331284 0.916587 0.223874
vn -0.539723 0.584749 -0.605613
vn -0.474611 0.847408 -0.238002
vn -0.139423 0.848376 0.510705
vn -0.314792 0.949101 -0.010640
vn -0.159798 0.948926 0.272036
vn -0.444664 0.683104 -0.579347
vn -0.342054 0.834839 -0.431328
vn -0.329101 0.911235 -0.247675
vn -0.345865 0.726043 -0.594338
vn -0.109838 0.992711 0.049603
vn -0.189557 0.954291 -0.231079
vn -0.193814 0.804791 -0.561024
vn -0.086199 0.861841 -0.499799
vn -0.064316 -0.312644 0.947691
vn -0.141709 -0.093002 0.985530
vn -0.114692 -0.098528 0.988503
vn -0.091522 -0.116322 0.988986
vn -0.076006 -0.162993 0.983695
vn -0.192839 -0.104218 0.975680
vn -0.186181 0.102664 0.977137
vn -0.140953 0.146681 0.979090
vn -0.098330 0.122320 0.987608
vn -0.120747 0.099929 0.987641
vn -0.139683 0.123877 0.982417
vn -0.097855 0.188144 0.977254
vn -0.135188 -0.154221 0.978744
vn -0.136299 0.145004 0.979998
vn 0.158730 0.078815 0.984171
vn 0.118426 0.118857 0.985824
vn 0.122096 0.136842 0.983040
vn 0.096855 0.149440 0.984016
vn 0.157852 -0.085151 0.983785
vn 0.114161 -0.104886 0.987910
vn 0.101535 -0.123243 0.987169
vn 0.096994 -0.171261 0.980440
vn 0.156374 -0.140248 0.977690
vn 0.165079 0.121549 0.978762
vn 0.078255 0.198424 0.976987
vn -0.018454 0.999813 -0.005836
vn -0.007489 0.999857 -0.015178
vn -0.020825 0.999776 -0.003815
vn -0.031876 0.999476 0.005605
vn -0.010712 0.999941 0.001524
vn -0.999962 0.005862 -0.006523
vn -0.999932 0.011626 0.001246
vn -0.256839 0.966451 -0.002628
vn -0.615729 0.787941 0.005133
vn -0.896190 0.443432 0.014549
vn -0.994969 0.100087 0.004442
vn -0.008408 0.999963 -0.001532
vn -0.231313 0.972877 -0.002236
vn -0.680996 0.732146 -0.014348
vn -0.966900 0.254732 -0.014667
vn 0.000000 0.000000 1.000000
vn 0.000000 0.000000 1.000000
vn 0.000000 0.000000 1.000000
vn 0.000000 0.000000 1.000000
vn 0.000000 0.000000 1.000000
vn 0.000000 0.000000 1.000000
vn 0.000000 0.000000 1.000000
vn 0.000000 0.000000 1.000000
vn 0.000000 0.000000 1.000000
vn 0.000000 0.000000 1.000000
vn 0.000000 0.000000 1.000000
vn 0.000000 0.000000 1.000000
vn 0.000000 0.000000 1.000000
vn 0.000000 0.000000 1.000000
vn 0.000000 0.000000 1.000000
vn 0.000000 0.000000 1.000000
vn 0.000000 0.000000 1.000000
vn 0.000000 0.000000 1.000000
vn 0.000000 0.000000 1.000000
vn 0.000000 0.000000 1.000000
vn 0.000000 0.000000 1.000000
vn 0.000000 0.000000 1.000000
vn 0.000000 0.000000 1.000000
vn 0.000676 0.999986 0.005195
vn 0.999911 0.011698 0.006383
vn 0.219539 0.975560 0.009241
vn 0.590624 0.806837 0.013314
vn 0.865571 0.500712 0.008633
vn 0.982966 0.183784 0.001390
vn 0.012087 0.999921 0.003581
vn 0.999813 0.015624 0.011411
vn 0.981664 0.190604 -0.002343
vn 0.810511 0.585575 -0.013217
vn 0.468038 0.883621 -0.012390
vn 0.143805 0.989598 -0.003984
vn 0.005552 0.999983 0.001974
vn 0.999672 0.019742 -0.016318
vn 0.999997 0.002125 -0.001365
vn 0.999997 -0.001691 0.001873
vn 0.999675 -0.019216 0.016746
vn 0.021597 -0.999670 -0.013917
vn 0.999998 -0.001955 -0.000746
vn 0.018647 -0.999802 -0.006887
vn 0.981097 -0.193514 0.001357
vn 0.845929 -0.533259 0.006206
vn 0.563089 -0.826341 0.009582
vn 0.212489 -0.977151 0.004862
vn 0.999952 -0.009785 -0.000756
vn 0.015693 -0.999829 -0.009833
vn 0.242310 -0.970163 -0.008365
vn 0.634890 -0.772542 -0.009691
vn 0.873408 -0.486980 -0.002863
vn 0.984521 -0.175268 0.000208
vn 0.999988 -0.004307 -0.002337
vn 0.008127 -0.999843 0.015727
vn -0.098337 -0.994914 -0.021804
vn 0.056666 -0.998138 0.022567
vn 0.031873 -0.999491 0.001370
vn 0.013390 -0.999897 0.005188
vn -0.999830 -0.018174 0.002988
vn -0.008149 -0.999958 0.004251
vn -0.245928 -0.969284 0.002743
vn -0.578677 -0.815510 0.008725
vn -0.831213 -0.555872 0.009569
vn -0.979088 -0.203319 0.007005
vn -0.999605 -0.025082 0.012647
vn -0.956003 -0.293114 -0.011926
vn -0.628869 -0.777293 -0.018424
vn -0.193836 -0.981024 -0.004308
vn -0.005516 -0.999984 0.000914
vn -0.998864 -0.041314 -0.023745
vn -0.999776 0.010920 -0.018129
vn -0.994469 -0.105005 0.002444
vn -0.999943 -0.010680 -0.000292
vn -0.995397 0.093780 0.019746
f 14//14 1//1 15//15
f 13//13 1//1 14//14
f 13//13 11//11 10//10
f 13//13 9//9 8//8
f 13//13 3//3 2//2
f 13//13 4//4 3//3
f 13//13 10//10 9//9
f 13//13 7//7 6//6
f 13//13 2//2 1//1
f 13//13 6//6 5//5
f 13//13 5//5 4//4
f 13//13 12//12 11//11
f 13//13 8//8 7//7
f 47//47 46//46 19//19
f 43//43 42//42 16//16
f 44//44 43//43 17//17
f 45//45 44//44 17//17
f 45//45 17//17 18//18
f 46//46 18//18 19//19
f 46//46 45//45 18//18
f 47//47 19//19 20//20
f 51//51 21//21 22//22
f 49//49 48//48 20//20
f 50//50 49//49 20//20
f 50//50 20//20 21//21
f 51//51 50//50 21//21
f 16//16 31//31 30//30
f 22//22 32//32 52//52
f 22//22 52//52 51//51
f 48//48 47//47 20//20
f 16//16 42//42 31//31
f 43//43 16//16 17//17
f 41//41 29//29 30//30
f 30//30 31//31 41//41
f 23//23 32//32 22//22
f 33//33 32//32 23//23
f 34//34 33//33 23//23
f 34//34 23//23 24//24
f 35//35 34//34 24//24
f 36//36 35//35 25//25
f 37//37 36//36 25//25
f 35//35 24//24 25//25
f 38//38 26//26 27//27
f 38//38 37//37 26//26
f 39//39 38//38 27//27
f 39//39 27//27 28//28
f 40//40 39//39 28//28
f 41//41 40//40 28//28
f 41//41 28//28 29//29
f 37//37 25//25 26//26
f 59//59 60//60 86//86
f 63//63 83//83 84//84
f 62//62 63//63 84//84
f 61//61 62//62 84//84
f 61//61 84//84 85//85
f 60//60 61//61 85//85
f 60//60 85//85 86//86
f 59//59 86//86 87//87
f 54//54 90//90 91//91
f 58//58 59//59 87//87
f 57//57 58//58 88//88
f 57//57 88//88 89//89
f 56//56 57//57 89//89
f 56//56 89//89 90//90
f 55//55 56//56 90//90
f 54//54 55//55 90//90
f 63//63 53//53 83//83
f 58//58 87//87 88//88
f 53//53 82//82 83//83
f 72//72 75//75 76//76
f 64//64 65//65 82//82
f 53//53 64//64 82//82
f 74//74 91//91 75//75
f 73//73 74//74 75//75
f 72//72 73//73 75//75
f 72//72 76//76 77//77
f 71//71 72//72 77//77
f 70//70 71//71 77//77
f 70//70 77//77 78//78
f 74//74 54//54 91//91
f 68//68 78//78 79//79
f 69//69 70//70 78//78
f 65//65 66//66 81//81
f 66//66 80//80 81//81
f 65//65 81//81 82//82
f 67//67 79//79 80//80
f 67//67 68//68 79//79
f 68//68 69//69 78//78
f 66//66 67//67 80//80
f 121//121 98//98 122//122
f 114//114 104//104 103//103
f 121//121 99//99 98//98
f 113//113 112//112 105//105
f 113//113 105//105 104//104
f 120//120 99//99 121//121
f 114//114 113//113 104//104
f 119//119 100//100 99//99
f 118//118 100//100 119//119
f 115//115 114//114 103//103
f 115//115 103//103 102//102
f 116//116 115//115 102//102
f 118//118 101//101 100//100
f 117//117 102//102 101//101
f 117//117 116//116 102//102
f 117//117 101//101 118//118
f 112//112 106//106 105//105
f 119//119 99//99 120//120
f 112//112 111//111 106//106
f 96//96 95//95 124//124
f 106//106 111//111 110//110
f 98//98 97//97 122//122
f 94//94 93//93 127//127
f 92//92 128//128 93//93
f 94//94 127//127 126//126
f 92//92 129//129 128//128
f 94//94 126//126 125//125
f 95//95 94//94 125//125
f 108//108 129//129 92//92
f 93//93 128//128 127//127
f 95//95 125//125 124//124
f 107//107 110//110 109//109
f 107//107 109//109 108//108
f 96//96 124//124 123//123
f 97//97 96//96 123//123
f 97//97 123//123 122//122
f 108//108 109//109 129//129
f 106//106 110//110 107//107
f 361//361 362//362 354//354
f 364//364 359//359 358//358
f 362//362 357//357 356//356
f 137//137 138//138 357//357
f 366//366 362//362 361//361
f 365//365 353//353 360//360
f 364//364 358//358 363//363
f 368//368 357//357 362//362
f 367//367 366//366 361//361
f 369//369 367//367 359//359
f 368//368 137//137 357//357
f 366//366 368//368 362//362
f 365//365 363//363 353//353
f 370//370 365//365 360//360
f 367//367 361//361 359//359
f 363//363 358//358 353//353
f 362//362 356//356 354//354
f 357//357 351//351 356//356
f 353//353 352//352 343//343
f 355//355 354//354 347//347
f 356//356 349//349 354//354
f 357//357 348//348 351//351
f 358//358 352//352 353//353
f 356//356 351//351 349//349
f 359//359 355//355 350//350
f 359//359 350//350 352//352
f 138//138 348//348 357//357
f 369//369 359//359 364//364
f 360//360 353//353 306//306
f 361//361 354//354 355//355
f 308//308 306//306 307//307
f 361//361 355//355 359//359
f 359//359 352//352 358//358
f 360//360 306//306 308//308
f 368//368 136//136 137//137
f 373//373 372//372 364//364
f 308//308 370//370 360//360
f 383//383 375//375 377//377
f 382//382 379//379 372//372
f 382//382 373//373 380//380
f 383//383 374//374 375//375
f 374//374 135//135 136//136
f 381//381 378//378 370//370
f 385//385 378//378 381//381
f 386//386 379//379 382//382
f 386//386 377//377 379//379
f 387//387 380//380 378//378
f 384//384 381//381 376//376
f 389//389 382//382 380//380
f 135//135 374//374 383//383
f 388//388 386//386 382//382
f 138//138 344//344 348//348
f 382//382 372//372 373//373
f 373//373 364//364 363//363
f 378//378 380//380 371//371
f 379//379 377//377 369//369
f 371//371 363//363 365//365
f 375//375 366//366 367//367
f 371//371 365//365 370//370
f 374//374 368//368 366//366
f 372//372 369//369 364//364
f 375//375 367//367 369//369
f 373//373 363//363 371//371
f 375//375 374//374 366//366
f 376//376 308//308 309//309
f 377//377 375//375 369//369
f 136//136 368//368 374//374
f 378//378 371//371 370//370
f 379//379 369//369 372//372
f 380//380 373//373 371//371
f 376//376 370//370 308//308
f 381//381 370//370 376//376
f 354//354 349//349 345//345
f 327//327 316//316 322//322
f 354//354 345//345 347//347
f 329//329 141//141 171//171
f 331//331 322//322 323//323
f 332//332 321//321 327//327
f 329//329 140//140 141//141
f 333//333 324//324 330//330
f 333//333 323//323 324//324
f 328//328 325//325 320//320
f 331//331 327//327 322//322
f 335//335 329//329 325//325
f 335//335 325//325 328//328
f 336//336 327//327 331//331
f 337//337 328//328 332//332
f 336//336 332//332 327//327
f 334//334 326//326 304//304
f 332//332 328//328 321//321
f 330//330 324//324 317//317
f 330//330 317//317 326//326
f 329//329 171//171 325//325
f 322//322 316//316 318//318
f 321//321 319//319 315//315
f 324//324 318//318 312//312
f 324//324 312//312 317//317
f 319//319 320//320 168//168
f 320//320 170//170 169//169
f 323//323 322//322 318//318
f 325//325 170//170 320//320
f 326//326 317//317 303//303
f 324//324 323//323 318//318
f 385//385 387//387 378//378
f 325//325 171//171 170//170
f 327//327 321//321 316//316
f 328//328 320//320 319//319
f 328//328 319//319 321//321
f 333//333 331//331 323//323
f 334//334 330//330 326//326
f 338//338 333//333 330//330
f 335//335 140//140 329//329
f 348//348 341//341 342//342
f 349//349 342//342 339//339
f 350//350 340//340 346//346
f 347//347 345//345 338//338
f 348//348 344//344 341//341
f 349//349 339//339 345//345
f 350//350 347//347 340//340
f 351//351 342//342 349//349
f 306//306 304//304 305//305
f 352//352 346//346 343//343
f 351//351 348//348 342//342
f 306//306 343//343 304//304
f 344//344 138//138 139//139
f 352//352 350//350 346//346
f 353//353 343//343 306//306
f 347//347 338//338 340//340
f 355//355 347//347 350//350
f 344//344 337//337 341//341
f 346//346 334//334 343//343
f 339//339 331//331 333//333
f 340//340 330//330 334//334
f 339//339 336//336 331//331
f 341//341 332//332 336//336
f 341//341 337//337 332//332
f 339//339 333//333 338//338
f 335//335 328//328 337//337
f 342//342 341//341 336//336
f 343//343 334//334 304//304
f 340//340 338//338 330//330
f 139//139 140//140 335//335
f 344//344 335//335 337//337
f 345//345 339//339 338//338
f 344//344 139//139 335//335
f 346//346 340//340 334//334
f 342//342 336//336 339//339
f 390//390 376//376 309//309
f 415//415 407//407 410//410
f 391//391 381//381 384//384
f 427//427 426//426 425//425
f 427//427 173//173 174//174
f 426//426 130//130 131//131
f 130//130 426//426 427//427
f 427//427 174//174 175//175
f 130//130 427//427 175//175
f 427//427 425//425 173//173
f 305//305 304//304 433//433
f 308//308 307//307 434//434
f 404//404 310//310 439//439
f 311//311 404//404 439//439
f 440//440 428//428 432//432
f 440//440 302//302 428//428
f 440//440 432//432 431//431
f 306//306 305//305 307//307
f 131//131 423//423 426//426
f 173//173 424//424 172//172
f 173//173 425//425 424//424
f 418//418 414//414 419//419
f 422//422 421//421 416//416
f 419//419 417//417 178//178
f 423//423 420//420 421//421
f 424//424 418//418 419//419
f 420//420 131//131 132//132
f 419//419 178//178 179//179
f 425//425 422//422 418//418
f 424//424 419//419 179//179
f 423//423 131//131 420//420
f 425//425 418//418 424//424
f 424//424 179//179 172//172
f 425//425 421//421 422//422
f 426//426 423//423 421//421
f 426//426 421//421 425//425
f 440//440 303//303 302//302
f 440//440 431//431 430//430
f 440//440 326//326 303//303
f 440//440 430//430 429//429
f 450//450 161//161 160//160
f 450//450 160//160 159//159
f 159//159 158//158 450//450
f 451//451 443//443 442//442
f 451//451 442//442 157//157
f 451//451 157//157 156//156
f 451//451 156//156 155//155
f 452//452 444//444 443//443
f 452//452 445//445 444//444
f 452//452 152//152 445//445
f 452//452 443//443 451//451
f 155//155 154//154 451//451
f 452//452 451//451 154//154
f 452//452 154//154 153//153
f 452//452 153//153 152//152
f 450//450 447//447 448//448
f 421//421 420//420 416//416
f 450//450 446//446 447//447
f 450//450 449//449 161//161
f 440//440 304//304 326//326
f 433//433 304//304 440//440
f 433//433 440//440 429//429
f 434//434 309//309 308//308
f 434//434 438//438 437//437
f 441//441 434//434 437//437
f 441//441 309//309 434//434
f 441//441 437//437 436//436
f 441//441 310//310 309//309
f 439//439 441//441 436//436
f 439//439 436//436 435//435
f 439//439 310//310 441//441
f 161//161 163//163 162//162
f 161//161 449//449 163//163
f 450//450 448//448 449//449
f 450//450 158//158 446//446
f 390//390 384//384 376//376
f 422//422 416//416 418//418
f 417//417 177//177 178//178
f 397//397 393//393 388//388
f 396//396 397//397 389//389
f 399//399 396//396 392//392
f 401//401 395//395 390//390
f 399//399 392//392 394//394
f 401//401 398//398 395//395
f 398//398 391//391 395//395
f 400//400 393//393 397//397
f 400//400 133//133 134//134
f 400//400 134//134 393//393
f 403//403 397//397 396//396
f 403//403 396//396 399//399
f 405//405 399//399 394//394
f 402//402 401//401 390//390
f 402//402 390//390 310//310
f 398//398 394//394 391//391
f 397//397 388//388 389//389
f 396//396 387//387 392//392
f 389//389 388//388 382//382
f 386//386 383//383 377//377
f 387//387 389//389 380//380
f 391//391 385//385 381//381
f 390//390 309//309 310//310
f 392//392 387//387 385//385
f 393//393 383//383 386//386
f 394//394 385//385 391//391
f 134//134 135//135 383//383
f 395//395 391//391 384//384
f 394//394 392//392 385//385
f 396//396 389//389 387//387
f 134//134 383//383 393//393
f 395//395 384//384 390//390
f 393//393 386//386 388//388
f 402//402 310//310 404//404
f 405//405 394//394 398//398
f 407//407 397//397 403//403
f 408//408 398//398 401//401
f 416//416 409//409 411//411
f 414//414 411//411 406//406
f 415//415 132//132 407//407
f 417//417 412//412 413//413
f 321//321 315//315 316//316
f 413//413 176//176 177//177
f 417//417 408//408 412//412
f 418//418 411//411 414//414
f 416//416 410//410 409//409
f 419//419 408//408 417//417
f 420//420 415//415 410//410
f 418//418 416//416 411//411
f 177//177 417//417 413//413
f 419//419 414//414 408//408
f 420//420 410//410 416//416
f 413//413 412//412 402//402
f 420//420 132//132 415//415
f 411//411 409//409 405//405
f 407//407 132//132 133//133
f 407//407 400//400 397//397
f 408//408 406//406 398//398
f 406//406 405//405 398//398
f 409//409 399//399 405//405
f 409//409 403//403 399//399
f 411//411 405//405 406//406
f 407//407 133//133 400//400
f 412//412 408//408 401//401
f 412//412 401//401 402//402
f 410//410 403//403 409//409
f 404//404 311//311 151//151
f 407//407 403//403 410//410
f 404//404 151//151 176//176
f 176//176 402//402 404//404
f 176//176 413//413 402//402
f 414//414 406//406 408//408
f 320//320 169//169 168//168
f 298//298 167//167 168//168
f 316//316 314//314 318//318
f 224//224 221//221 213//213
f 211//211 148//148 149//149
f 148//148 211//211 220//220
f 225//225 214//214 215//215
f 222//222 220//220 216//216
f 225//225 223//223 214//214
f 221//221 218//218 212//212
f 226//226 217//217 218//218
f 224//224 213//213 223//223
f 227//227 215//215 219//219
f 228//228 218//218 221//221
f 228//228 221//221 224//224
f 229//229 220//220 222//222
f 227//227 225//225 215//215
f 226//226 222//222 217//217
f 219//219 157//157 158//158
f 223//223 213//213 214//214
f 222//222 216//216 217//217
f 216//216 203//203 210//210
f 213//213 212//212 205//205
f 211//211 204//204 209//209
f 216//216 209//209 203//203
f 213//213 207//207 214//214
f 214//214 156//156 215//215
f 218//218 210//210 206//206
f 218//218 206//206 212//212
f 220//220 209//209 216//216
f 220//220 211//211 209//209
f 211//211 149//149 208//208
f 221//221 212//212 213//213
f 219//219 215//215 157//157
f 217//217 216//216 210//210
f 217//217 210//210 218//218
f 230//230 223//223 225//225
f 229//229 148//148 220//220
f 232//232 222//222 226//226
f 231//231 224//224 223//223
f 237//237 232//232 236//236
f 241//241 236//236 228//228
f 242//242 227//227 234//234
f 243//243 234//234 159//159
f 239//239 227//227 242//242
f 239//239 238//238 230//230
f 241//241 228//228 240//240
f 244//244 235//235 233//233
f 238//238 244//244 233//233
f 246//246 234//234 243//243
f 241//241 237//237 236//236
f 245//245 235//235 244//244
f 245//245 240//240 235//235
f 246//246 242//242 234//234
f 247//247 237//237 241//241
f 240//240 228//228 235//235
f 215//215 156//156 157//157
f 239//239 230//230 227//227
f 228//228 236//236 226//226
f 159//159 219//219 158//158
f 319//319 168//168 315//315
f 228//228 224//224 231//231
f 230//230 225//225 227//227
f 233//233 231//231 223//223
f 234//234 219//219 159//159
f 234//234 227//227 219//219
f 233//233 223//223 230//230
f 232//232 229//229 222//222
f 235//235 228//228 231//231
f 236//236 232//232 226//226
f 229//229 147//147 148//148
f 237//237 229//229 232//232
f 235//235 231//231 233//233
f 238//238 233//233 230//230
f 147//147 229//229 237//237
f 243//243 159//159 160//160
f 214//214 207//207 156//156
f 211//211 208//208 202//202
f 190//190 173//173 172//172
f 188//188 182//182 186//186
f 189//189 184//184 183//183
f 190//190 174//174 173//173
f 188//188 172//172 179//179
f 189//189 185//185 184//184
f 189//189 183//183 187//187
f 191//191 174//174 190//190
f 193//193 185//185 189//189
f 187//187 154//154 155//155
f 194//194 188//188 186//186
f 192//192 190//190 172//172
f 195//195 189//189 187//187
f 193//193 186//186 185//185
f 192//192 172//172 188//188
f 188//188 179//179 182//182
f 187//187 183//183 154//154
f 186//186 182//182 185//185
f 164//164 163//163 428//428
f 153//153 151//151 152//152
f 153//153 176//176 151//151
f 180//180 177//177 176//176
f 181//181 177//177 180//180
f 180//180 176//176 153//153
f 181//181 178//178 177//177
f 182//182 178//178 181//181
f 184//184 181//181 180//180
f 183//183 180//180 153//153
f 182//182 179//179 178//178
f 183//183 153//153 154//154
f 185//185 181//181 184//184
f 184//184 180//180 183//183
f 185//185 182//182 181//181
f 196//196 188//188 194//194
f 175//175 150//150 130//130
f 197//197 190//190 192//192
f 175//175 174//174 191//191
f 206//206 201//201 195//195
f 204//204 202//202 196//196
f 200//200 149//149 150//150
f 203//203 204//204 199//199
f 203//203 199//199 201//201
f 205//205 206//206 195//195
f 207//207 205//205 198//198
f 207//207 198//198 156//156
f 208//208 200//200 202//202
f 209//209 204//204 203//203
f 208//208 149//149 200//200
f 211//211 202//202 204//204
f 210//210 203//203 201//201
f 210//210 201//201 206//206
f 212//212 206//206 205//205
f 205//205 195//195 198//198
f 213//213 205//205 207//207
f 156//156 198//198 155//155
f 201//201 199//199 193//193
f 197//197 191//191 190//190
f 193//193 194//194 186//186
f 196//196 192//192 188//188
f 195//195 193//193 189//189
f 198//198 187//187 155//155
f 199//199 194//194 193//193
f 198//198 195//195 187//187
f 200//200 191//191 197//197
f 201//201 193//193 195//195
f 199//199 196//196 194//194
f 196//196 197//197 192//192
f 200//200 175//175 191//191
f 202//202 200//200 197//197
f 202//202 197//197 196//196
f 200//200 150//150 175//175
f 204//204 196//196 199//199
f 248//248 244//244 238//238
f 226//226 218//218 228//228
f 249//249 240//240 245//245
f 290//290 282//282 283//283
f 289//289 280//280 164//164
f 288//288 286//286 285//285
f 292//292 291//291 287//287
f 293//293 286//286 288//288
f 289//289 164//164 165//165
f 291//291 288//288 284//284
f 294//294 283//283 289//289
f 295//295 288//288 291//291
f 290//290 292//292 282//282
f 293//293 143//143 286//286
f 289//289 165//165 166//166
f 296//296 288//288 295//295
f 296//296 293//293 288//288
f 294//294 290//290 283//283
f 289//289 283//283 275//275
f 292//292 287//287 282//282
f 291//291 284//284 287//287
f 284//284 281//281 272//272
f 285//285 277//277 276//276
f 285//285 276//276 281//281
f 286//286 278//278 277//277
f 283//283 282//282 274//274
f 287//287 279//279 282//282
f 287//287 284//284 279//279
f 164//164 280//280 162//162
f 164//164 162//162 163//163
f 284//284 285//285 281//281
f 286//286 277//277 285//285
f 286//286 143//143 144//144
f 286//286 144//144 278//278
f 288//288 285//285 284//284
f 289//289 275//275 280//280
f 248//248 238//238 239//239
f 297//297 291//291 292//292
f 298//298 292//292 290//290
f 167//167 290//290 294//294
f 141//141 300//300 171//171
f 302//302 164//164 428//428
f 312//312 164//164 302//302
f 312//312 165//165 164//164
f 313//313 165//165 312//312
f 314//314 166//166 165//165
f 314//314 165//165 313//313
f 314//314 167//167 166//166
f 315//315 167//167 314//314
f 315//315 168//168 167//167
f 317//317 312//312 302//302
f 317//317 302//302 303//303
f 318//318 314//314 313//313
f 318//318 313//313 312//312
f 316//316 315//315 314//314
f 141//141 301//301 300//300
f 284//284 272//272 279//279
f 301//301 141//141 142//142
f 301//301 142//142 300//300
f 294//294 166//166 167//167
f 296//296 142//142 143//143
f 296//296 143//143 293//293
f 298//298 297//297 292//292
f 297//297 295//295 291//291
f 167//167 298//298 290//290
f 299//299 297//297 298//298
f 300//300 295//295 297//297
f 169//169 299//299 298//298
f 300//300 296//296 295//295
f 169//169 298//298 168//168
f 300//300 297//297 299//299
f 142//142 296//296 300//300
f 170//170 299//299 169//169
f 170//170 300//300 299//299
f 171//171 300//300 170//170
f 282//282 279//279 274//274
f 294//294 289//289 166//166
f 281//281 276//276 272//272
f 254//254 251//251 248//248
f 258//258 253//253 246//246
f 260//260 252//252 251//251
f 261//261 257//257 252//252
f 257//257 255//255 249//249
f 262//262 251//251 254//254
f 259//259 243//243 160//160
f 263//263 253//253 258//258
f 264//264 146//146 250//250
f 261//261 252//252 260//260
f 258//258 243//243 259//259
f 263//263 256//256 253//253
f 264//264 145//145 146//146
f 259//259 160//160 161//161
f 264//264 250//250 255//255
f 256//256 254//254 253//253
f 258//258 246//246 243//243
f 257//257 249//249 252//252
f 249//249 241//241 240//240
f 247//247 146//146 147//147
f 283//283 274//274 275//275
f 250//250 247//247 241//241
f 251//251 244//244 248//248
f 249//249 250//250 241//241
f 252//252 245//245 244//244
f 248//248 239//239 242//242
f 251//251 252//252 244//244
f 253//253 242//242 246//246
f 254//254 248//248 242//242
f 255//255 250//250 249//249
f 252//252 249//249 245//245
f 254//254 242//242 253//253
f 146//146 247//247 250//250
f 265//265 254//254 256//256
f 262//262 260//260 251//251
f 247//247 147//147 237//237
f 267//267 255//255 257//257
f 273//273 267//267 261//261
f 275//275 266//266 161//161
f 274//274 268//268 266//266
f 276//276 269//269 272//272
f 277//277 273//273 270//270
f 277//277 270//270 269//269
f 278//278 267//267 273//273
f 274//274 271//271 268//268
f 279//279 271//271 274//274
f 278//278 144//144 145//145
f 280//280 161//161 162//162
f 280//280 275//275 161//161
f 276//276 277//277 269//269
f 279//279 272//272 271//271
f 275//275 274//274 266//266
f 278//278 273//273 277//277
f 278//278 145//145 267//267
f 272//272 269//269 265//265
f 271//271 272//272 265//265
f 273//273 261//261 270//270
f 265//265 262//262 254//254
f 268//268 263//263 258//258
f 265//265 256//256 263//263
f 267//267 257//257 261//261
f 269//269 262//262 265//265
f 270//270 261//261 260//260
f 269//269 270//270 260//260
f 269//269 260//260 262//262
f 267//267 264//264 255//255
f 271//271 263//263 268//268
f 266//266 259//259 161//161
f 268//268 258//258 266//266
f 267//267 145//145 264//264
f 271//271 265//265 263//263
f 266//266 258//258 259//259
f 455//455 453//453 456//456
f 455//455 454//454 453//453
f 465//465 460//460 457//457
f 466//466 467//467 462//462
f 467//467 463//463 462//462
f 465//465 457//457 464//464
f 466//466 462//462 461//461
f 465//465 466//466 460//460
f 466//466 461//461 460//460
f 467//467 458//458 463//463
f 459//459 458//458 467//467
f 476//476 473//473 472//472
f 476//476 475//475 474//474
f 476//476 474//474 473//473
f 490//490 470//470 468//468
f 485//485 484//484 486//486
f 486//486 484//484 488//488
f 481//481 479//479 482//482
f 481//481 480//480 479//479
f 486//486 488//488 487//487
f 483//483 489//489 488//488
f 482//482 479//479 478//478
f 483//483 471//471 489//489
f 477//477 472//472 471//471
f 489//489 471//471 490//490
f 477//477 476//476 472//472
f 483//483 477//477 471//471
f 490//490 471//471 470//470
f 484//484 483//483 488//488
f 490//490 468//468 469//469
f 482//482 478//478 483//483
f 483//483 478//478 477//477
f 500//500 501//501 494//494
f 499//499 496//496 492//492
f 499//499 492//492 498//498
f 501//501 502//502 493//493
f 501//501 493//493 494//494
f 502//502 497//497 493//493
f 503//503 497//497 502//502
f 503//503 491//491 497//497
f 499//499 495//495 496//496
f 499//499 500//500 495//495
f 500//500 494//494 495//495
f 506//506 505//505 504//504
f 507//507 505//505 506//506
f 521//521 509//509 515//515
f 521//521 515//515 520//520
f 517//517 513//513 514//514
f 517//517 518//518 513//513
f 516//516 510//510 508//508
f 517//517 510//510 516//516
f 520//520 511//511 512//512
f 519//519 520//520 512//512
f 518//518 519//519 512//512
f 520//520 515//515 511//511
f 517//517 514//514 510//510
f 518//518 512//512 513//513
f 526//526 523//523 522//522
f 526//526 524//524 525//525
f 526//526 522//522 524//524
f 535//535 529//529 530//530
f 535//535 530//530 531//531
f 534//534 535//535 531//531
f 534//534 527//527 533//533
f 536//536 528//528 529//529
f 537//537 528//528 536//536
f 534//534 532//532 527//527
f 535//535 536//536 529//529
f 534//534 531//531 532//532
f 541//541 538//538 540//540
f 541//541 539//539 538//538
f 542//542 539//539 541//541
v 0.0002658 0.0052316 0.0119999
v 0.0006556 0.0055237 0.0120000
v 0.0008022 0.0059107 0.0120000
v 0.0007651 0.0062486 0.0120000
v 0.0005562 0.0065927 0.0119999
v 0.0001821 0.0067833 0.0120001
v -0.0000918 0.0067969 0.0120001
v -0.0003652 0.0067168 0.0120000
v -0.0006556 0.0064763 0.0120000
v -0.0008022 0.0060893 0.0120000
v -0.0007476 0.0056903 0.0120000
v -0.0004566 0.0053275 0.0120000
v -0.0000918 0.0052032 0.0120001
v 0.0002658 0.0052316 0.0119999
v 0.0006556 0.0055237 0.0120000
v 0.0008022 0.0059107 0.0120000
v 0.0007651 0.0062486 0.0120000
v 0.0005562 0.0065927 0.0119999
v 0.0001821 0.0067833 0.0120001
v -0.0000918 0.0067969 0.0120001
v -0.0003652 0.0067168 0.0120000
v -0.0006556 0.0064763 0.0120000
v -0.0008022 0.0060893 0.0120000
v -0.0007476 0.0056903 0.0120000
v -0.0004566 0.0053275 0.0120000
v -0.0000918 0.0052032 0.0120001
v 0.0001138 0.0050020 0.0121998
v 0.0001138 0.0069980 0.0121998
v -0.0002392 0.0069763 0.0122004
v -0.0005237 0.0068547 0.0121996
v -0.0007692 0.0066484 0.0122012
v -0.0009270 0.0063803 0.0121992
v -0.0009986 0.0061008 0.0122000
v -0.0009809 0.0057873 0.0122000
v -0.0008686 0.0054982 0.0121994
v -0.0007124 0.0052955 0.0122007
v -0.0005238 0.0051453 0.0121997
v -0.0002392 0.0050237 0.0122004
v 0.0004139 0.0050854 0.0122001
v 0.0006504 0.0052385 0.0121987
v 0.0008544 0.0054688 0.0122012
v 0.0009747 0.0057659 0.0121996
v 0.0010004 0.0059777 0.0122000
v 0.0009767 0.0062411 0.0122012
v 0.0008415 0.0065461 0.0121994
v 0.0006510 0.0067623 0.0121996
v 0.0004077 0.0069166 0.0121994
v 0.0001138 0.0050020 0.0121998
v 0.0001138 0.0069980 0.0121998
v -0.0002392 0.0069763 0.0122004
v -0.0005237 0.0068547 0.0121996
v -0.0007692 0.0066484 0.0122012
v -0.0009270 0.0063803 0.0121992
v -0.0009986 0.0061008 0.0122000
v -0.0009809 0.0057873 0.0122000
v -0.0008686 0.0054982 0.0121994
v -0.0007124 0.0052955 0.0122007
v -0.0005238 0.0051453 0.0121997
v -0.0002392 0.0050237 0.0122004
v 0.0004139 0.0050854 0.0122001
v 0.0006504 0.0052385 0.0121987
v 0.0008544 0.0054688 0.0122012
v 0.0009747 0.0057659 0.0121996
v 0.0010004 0.0059777 0.0122000
v 0.0009767 0.0062411 0.0122012
v 0.0008415 0.0065461 0.0121994
v 0.0006510 0.0067623 0.0121996
v 0.0004077 0.0069166 0.0121994
v 0.0002620 0.0069743 0.0200000
v 0.0006443 0.0067727 0.0200000
v 0.0009110 0.0064335 0.0200000
v 0.0010037 0.0060394 0.0200000
v 0.0009456 0.0056511 0.0200000
v 0.0007682 0.0053567 0.0200000
v 0.0005670 0.0051717 0.0200000
v 0.0003191 0.0050502 0.0200000
v -0.0000273 0.0049915 0.0200000
v -0.0004205 0.0050878 0.0200000
v -0.0007491 0.0053243 0.0200000
v -0.0009455 0.0056631 0.0200000
v -0.0009996 0.0059312 0.0200000
v -0.0009775 0.0062347 0.0200000
v -0.0008146 0.0065919 0.0200000
v -0.0005573 0.0068341 0.0200000
v -0.0002089 0.0069870 0.0200000
v 0.0002620 0.0069743 0.0200000
v 0.0006443 0.0067727 0.0200000
v 0.0009110 0.0064335 0.0200000
v 0.0010037 0.0060394 0.0200000
v 0.0009456 0.0056511 0.0200000
v 0.0007682 0.0053567 0.0200000
v 0.0005670 0.0051717 0.0200000
v 0.0003191 0.0050502 0.0200000
v -0.0000273 0.0049915 0.0200000
v -0.0004205 0.0050878 0.0200000
v -0.0007491 0.0053243 0.0200000
v -0.0009455 0.0056631 0.0200000
v -0.0009996 0.0059312 0.0200000
v -0.0009775 0.0062347 0.0200000
v -0.0008146 0.0065919 0.0200000
v -0.0005573 0.0068341 0.0200000
v -0.0002089 0.0069870 0.0200000
v -0.0001511 0.0075295 0.0200001
v -0.0008297 0.0072965 0.0200001
v -0.0011973 0.0069658 0.0200000
v -0.0014656 0.0064821 0.0200008
v -0.0015201 0.0062355 0.0200005
v -0.0015284 0.0057886 0.0200002
v -0.0013481 0.0052541 0.0200012
v -0.0011543 0.0049773 0.0200014
v -0.0009088 0.0047541 0.0200007
v -0.0006565 0.0046065 0.0200009
v -0.0003264 0.0044942 0.0200001
v 0.0001153 0.0044639 0.0200011
v 0.0005791 0.0045705 0.0200003
v 0.0010885 0.0049092 0.0200004
v 0.0013620 0.0052905 0.0200000
v 0.0015452 0.0059554 0.0200032
v 0.0014993 0.0063581 0.0200001
v 0.0012854 0.0068449 0.0200000
v 0.0010012 0.0071713 0.0200006
v 0.0006817 0.0073879 0.0200036
v 0.0002863 0.0075113 0.0200000
v 0.0014858 0.0055796 0.0200027
v -0.0004507 0.0074755 0.0200019
v -0.0001511 0.0075295 0.0200001
v -0.0008297 0.0072965 0.0200001
v -0.0011973 0.0069658 0.0200000
v -0.0014656 0.0064821 0.0200008
v -0.0015201 0.0062355 0.0200005
v -0.0015284 0.0057886 0.0200002
v -0.0013481 0.0052541 0.0200012
v -0.0011543 0.0049773 0.0200014
v -0.0009088 0.0047541 0.0200007
v -0.0006565 0.0046065 0.0200009
v -0.0003264 0.0044942 0.0200001
v 0.0001153 0.0044639 0.0200011
v 0.0005791 0.0045705 0.0200003
v 0.0010885 0.0049092 0.0200004
v 0.0013620 0.0052905 0.0200000
v 0.0015452 0.0059554 0.0200032
v 0.0014993 0.0063581 0.0200001
v 0.0012854 0.0068449 0.0200000
v 0.0010012 0.0071713 0.0200006
v 0.0006817 0.0073879 0.0200036
v 0.0002863 0.0075113 0.0200000
v 0.0000328 0.0072529 0.0211275
v 0.0002071 0.0072356 0.0211274
v 0.0004697 0.0072707 0.0210959
v 0.0007540 0.0070628 0.0211133
v 0.0010757 0.0068400 0.0210918
v 0.0012530 0.0065408 0.0210918
v 0.0012339 0.0062075 0.0211294
v 0.0012423 0.0057937 0.0211284
v 0.0012776 0.0055810 0.0210994
v 0.0009500 0.0051088 0.0211159
v 0.0005376 0.0047943 0.0211094
v 0.0002076 0.0047636 0.0211294
v 0.0000731 0.0046084 0.0210762
v 0.0000434 0.0044472 0.0209642
v 0.0000894 0.0043484 0.0208364
v 0.0000981 0.0042844 0.0207015
v 0.0000860 0.0042542 0.0205706
v 0.0000831 0.0042514 0.0204208
v -0.0000731 0.0042945 0.0202482
v 0.0000858 0.0043467 0.0201420
v -0.0000336 0.0077540 0.0204994
v -0.0000316 0.0077398 0.0203548
v 0.0000462 0.0076854 0.0201954
v 0.0001173 0.0075831 0.0200518
v 0.0000561 0.0074399 0.0210497
v -0.0000272 0.0075826 0.0209313
v 0.0000411 0.0076754 0.0207980
v 0.0001373 0.0077381 0.0206092
v 0.0002179 0.0073278 0.0210966
v 0.0002729 0.0074751 0.0210077
v 0.0002160 0.0075896 0.0209040
v 0.0002282 0.0076810 0.0207558
v 0.0004800 0.0074788 0.0209595
v 0.0006468 0.0073610 0.0210045
v 0.0004315 0.0075886 0.0208488
v 0.0008609 0.0071179 0.0210673
v 0.0004592 0.0076668 0.0206666
v 0.0006449 0.0075206 0.0208421
v 0.0002340 0.0077312 0.0203881
v 0.0004650 0.0076896 0.0204322
v 0.0008790 0.0073548 0.0208922
v 0.0007169 0.0075578 0.0207094
v 0.0010110 0.0071193 0.0210020
v 0.0006295 0.0076356 0.0205192
v 0.0002237 0.0076589 0.0201751
v 0.0009526 0.0074267 0.0207094
v 0.0004538 0.0076458 0.0202488
v 0.0008565 0.0075287 0.0205384
v 0.0010679 0.0072281 0.0208781
v 0.0007916 0.0075442 0.0203253
v 0.0004212 0.0075600 0.0200852
v 0.0012409 0.0068881 0.0209878
v 0.0011548 0.0072552 0.0207325
v 0.0006388 0.0075428 0.0201657
v 0.0011258 0.0073438 0.0205373
v 0.0012860 0.0070306 0.0208460
v 0.0009735 0.0074461 0.0203780
v 0.0013848 0.0066605 0.0209780
v 0.0013118 0.0071294 0.0206653
v 0.0014317 0.0068363 0.0208321
v 0.0009950 0.0073736 0.0202161
v 0.0011913 0.0072740 0.0203845
v 0.0014320 0.0064171 0.0210140
v 0.0013666 0.0060850 0.0210904
v 0.0008859 0.0073343 0.0200692
v 0.0013701 0.0070929 0.0204881
v 0.0014531 0.0069590 0.0206128
v 0.0015283 0.0065541 0.0208796
v 0.0011832 0.0071955 0.0201860
v 0.0015604 0.0067316 0.0206859
v 0.0013566 0.0070823 0.0203391
v 0.0015459 0.0063029 0.0209377
v 0.0015489 0.0068285 0.0204569
v 0.0014716 0.0061250 0.0210253
v 0.0016295 0.0064967 0.0207381
v 0.0016591 0.0062859 0.0207869
v 0.0014318 0.0068988 0.0202021
v 0.0015734 0.0067490 0.0203700
v 0.0012885 0.0069545 0.0200690
v 0.0016574 0.0065439 0.0205879
v 0.0014376 0.0058389 0.0210446
v 0.0015649 0.0059832 0.0209512
v 0.0017117 0.0063284 0.0206062
v 0.0016743 0.0060837 0.0207969
v 0.0016633 0.0065419 0.0204236
v 0.0015972 0.0066002 0.0202408
v 0.0017390 0.0062267 0.0204429
v 0.0016531 0.0058661 0.0208278
v 0.0014585 0.0056433 0.0210063
v 0.0014453 0.0066983 0.0200733
v 0.0017379 0.0061156 0.0206058
v 0.0015536 0.0056902 0.0209272
v 0.0017138 0.0062802 0.0203385
v 0.0017239 0.0058770 0.0206701
v 0.0015658 0.0065149 0.0201317
v 0.0012230 0.0053638 0.0210826
v 0.0016590 0.0063466 0.0202178
v 0.0017513 0.0059329 0.0205087
v 0.0016364 0.0056123 0.0207893
v 0.0013450 0.0053234 0.0210042
v 0.0015121 0.0054221 0.0208885
v 0.0015818 0.0063042 0.0200805
v 0.0016722 0.0061142 0.0201784
v 0.0016794 0.0055641 0.0206397
v 0.0017360 0.0059435 0.0203427
v 0.0017300 0.0057105 0.0204781
v 0.0010431 0.0050161 0.0210563
v 0.0013956 0.0051743 0.0208832
v 0.0015226 0.0052190 0.0207268
v 0.0016664 0.0058657 0.0201697
v 0.0016759 0.0054875 0.0205105
v 0.0016855 0.0056773 0.0202699
v 0.0011647 0.0049949 0.0209758
v 0.0015974 0.0052813 0.0205481
v 0.0016691 0.0055240 0.0203409
v 0.0013112 0.0050020 0.0208457
v 0.0016109 0.0055628 0.0201664
v 0.0015786 0.0052702 0.0203522
v 0.0008714 0.0047977 0.0210206
v 0.0015061 0.0050984 0.0204775
v 0.0010778 0.0048332 0.0209269
v 0.0012842 0.0048858 0.0207527
v 0.0014858 0.0055796 0.0200027
v 0.0015223 0.0052216 0.0202476
v 0.0013411 0.0048773 0.0205800
v 0.0009622 0.0046768 0.0208680
v 0.0014497 0.0052719 0.0200905
v 0.0005761 0.0046092 0.0210074
v 0.0013881 0.0049425 0.0203909
v 0.0010928 0.0046597 0.0206637
v 0.0003655 0.0046244 0.0210620
v 0.0011797 0.0047012 0.0204501
v 0.0013014 0.0048795 0.0202682
v 0.0008338 0.0045025 0.0207178
v 0.0006432 0.0044855 0.0208526
v 0.0012469 0.0049391 0.0201100
v 0.0009551 0.0045307 0.0205382
v 0.0010877 0.0046716 0.0202743
v 0.0003361 0.0044530 0.0209298
v 0.0005569 0.0043796 0.0207131
v 0.0006597 0.0043776 0.0205514
v 0.0009221 0.0045425 0.0202921
v 0.0010218 0.0047295 0.0201036
v 0.0007677 0.0044321 0.0203882
v 0.0003493 0.0043621 0.0207995
v 0.0003665 0.0042946 0.0206069
v 0.0007933 0.0045897 0.0200853
v 0.0005590 0.0043556 0.0203367
v 0.0007209 0.0044695 0.0202111
v 0.0003459 0.0042886 0.0203848
v 0.0004219 0.0043814 0.0201676
v 0.0001633 0.0042851 0.0202948
v 0.0003465 0.0044425 0.0200629
v -0.0002684 0.0046363 0.0210804
v -0.0006909 0.0048800 0.0211116
v -0.0012622 0.0055039 0.0210962
v -0.0013203 0.0057449 0.0210987
v -0.0012351 0.0057935 0.0211272
v -0.0012431 0.0062001 0.0211261
v -0.0012647 0.0064070 0.0211047
v -0.0010687 0.0067325 0.0211153
v -0.0006150 0.0071726 0.0211062
v -0.0002660 0.0073078 0.0211024
v -0.0002066 0.0072344 0.0211274
v -0.0003334 0.0045072 0.0209831
v -0.0001950 0.0043620 0.0208439
v -0.0002048 0.0042741 0.0206376
v -0.0007155 0.0047271 0.0210385
v -0.0004843 0.0044864 0.0209254
v -0.0004645 0.0043563 0.0207333
v -0.0001885 0.0042601 0.0204223
v -0.0007359 0.0045125 0.0208305
v -0.0008492 0.0046980 0.0209638
v -0.0004648 0.0043102 0.0205210
v -0.0003357 0.0043083 0.0202900
v -0.0007167 0.0044231 0.0206541
v -0.0010002 0.0050582 0.0210883
v -0.0001854 0.0043892 0.0200925
v -0.0009350 0.0045785 0.0207418
v -0.0006788 0.0043822 0.0204594
v -0.0010560 0.0046886 0.0207867
v -0.0010916 0.0048950 0.0209627
v -0.0006368 0.0044094 0.0202571
v -0.0009781 0.0045571 0.0206023
v -0.0004801 0.0044443 0.0200994
v -0.0012633 0.0051586 0.0209937
v -0.0012316 0.0048906 0.0208355
v -0.0012684 0.0053320 0.0210554
v -0.0009067 0.0045039 0.0203948
v -0.0012382 0.0047692 0.0206047
v -0.0013557 0.0051640 0.0209225
v -0.0008328 0.0045397 0.0201853
v -0.0010735 0.0046383 0.0203331
v -0.0012495 0.0047674 0.0204767
v -0.0014401 0.0051403 0.0207985
v -0.0014360 0.0050286 0.0206477
v -0.0010747 0.0047272 0.0201555
v -0.0014725 0.0055192 0.0209656
v -0.0015731 0.0054934 0.0208422
v -0.0012625 0.0048237 0.0203022
v -0.0014899 0.0057558 0.0210004
v -0.0014592 0.0050296 0.0204851
v -0.0015709 0.0052883 0.0206771
v -0.0014444 0.0050450 0.0203200
v -0.0013138 0.0049711 0.0201633
v -0.0013949 0.0060588 0.0210767
v -0.0015961 0.0052722 0.0205007
v -0.0016583 0.0055409 0.0206904
v -0.0016066 0.0058106 0.0208885
v -0.0016846 0.0055131 0.0205234
v -0.0015714 0.0052669 0.0203339
v -0.0015259 0.0061105 0.0209842
v -0.0017074 0.0057668 0.0206870
v -0.0014672 0.0051965 0.0201727
v -0.0017027 0.0059948 0.0207462
v -0.0016137 0.0061344 0.0208872
v -0.0016248 0.0054309 0.0202811
v -0.0014226 0.0064083 0.0210230
v -0.0017497 0.0058607 0.0205039
v -0.0016957 0.0056628 0.0203094
v -0.0015194 0.0054339 0.0200925
v -0.0015630 0.0064642 0.0208736
v -0.0016581 0.0063896 0.0207454
v -0.0012463 0.0067015 0.0210572
v -0.0017294 0.0062047 0.0206129
v -0.0016323 0.0057349 0.0201371
v -0.0014032 0.0066426 0.0209691
v -0.0017478 0.0061443 0.0204509
v -0.0017320 0.0059982 0.0203160
v -0.0014982 0.0066865 0.0208461
v -0.0012446 0.0068886 0.0209828
v -0.0016556 0.0060833 0.0201416
v -0.0016870 0.0064717 0.0205421
v -0.0009299 0.0069796 0.0210971
v -0.0013590 0.0068801 0.0208865
v -0.0015632 0.0067367 0.0206698
v -0.0016969 0.0063421 0.0203195
v -0.0010424 0.0070439 0.0210258
v -0.0015945 0.0067308 0.0204926
v -0.0016351 0.0066018 0.0203707
v -0.0014316 0.0069486 0.0207032
v -0.0016373 0.0063347 0.0201702
v -0.0011482 0.0071680 0.0208657
v -0.0012894 0.0071020 0.0207605
v -0.0015937 0.0065856 0.0202245
v -0.0007580 0.0072606 0.0210300
v -0.0014545 0.0069806 0.0205007
v -0.0009219 0.0073025 0.0209194
v -0.0015346 0.0065540 0.0201053
v -0.0014745 0.0068921 0.0202839
v -0.0012520 0.0072265 0.0205552
v -0.0010796 0.0073545 0.0206541
v -0.0014178 0.0067837 0.0200905
v -0.0009409 0.0074202 0.0207414
v -0.0004426 0.0074152 0.0210237
v -0.0012794 0.0071970 0.0204506
v -0.0006964 0.0074755 0.0208721
v -0.0012593 0.0071576 0.0202515
v -0.0012997 0.0069862 0.0201042
v -0.0010790 0.0073800 0.0204353
v -0.0006627 0.0075904 0.0206942
v -0.0008720 0.0075205 0.0205185
v -0.0004422 0.0075585 0.0208850
v -0.0002003 0.0075035 0.0209936
v -0.0010630 0.0073440 0.0202635
v -0.0010986 0.0071905 0.0200904
v -0.0008441 0.0075191 0.0203420
v -0.0002653 0.0076435 0.0208208
v -0.0004700 0.0076717 0.0206400
v -0.0009083 0.0073663 0.0201177
v -0.0006165 0.0076400 0.0204481
v -0.0006215 0.0075901 0.0202401
v -0.0001878 0.0077135 0.0206803
v -0.0003269 0.0077201 0.0205337
v -0.0006772 0.0074769 0.0200976
v -0.0003477 0.0077028 0.0203386
v -0.0004507 0.0074755 0.0200019
v -0.0002352 0.0076470 0.0201516
v -0.0002063 0.0047605 0.0211285
v -0.0006032 0.0057859 0.0212559
v -0.0004412 0.0057182 0.0212703
v -0.0003036 0.0055953 0.0212726
v -0.0002138 0.0053954 0.0212556
v -0.0008694 0.0057928 0.0212154
v -0.0008384 0.0062075 0.0212232
v -0.0002139 0.0066039 0.0212558
v -0.0003034 0.0064051 0.0212725
v -0.0004463 0.0062782 0.0212701
v -0.0006135 0.0062124 0.0212545
v -0.0002073 0.0068483 0.0212201
v -0.0005984 0.0053011 0.0212108
v -0.0006187 0.0066548 0.0212119
v 0.0006105 0.0062130 0.0212549
v 0.0004129 0.0062979 0.0212736
v 0.0002800 0.0064428 0.0212704
v 0.0002122 0.0066162 0.0212541
v 0.0005752 0.0057818 0.0212596
v 0.0003841 0.0056770 0.0212728
v 0.0002611 0.0055283 0.0212689
v 0.0002067 0.0053278 0.0212485
v 0.0007245 0.0053364 0.0211973
v 0.0007694 0.0065798 0.0211996
v 0.0003978 0.0069522 0.0211848
v 0.0002076 0.0047636 0.0211294
v -0.0002063 0.0047605 0.0211285
v -0.0002008 0.0047533 0.0206500
v 0.0002071 0.0047663 0.0206500
v 0.0012423 0.0057937 0.0211284
v 0.0002076 0.0047636 0.0211294
v 0.0002071 0.0047663 0.0206500
v 0.0005752 0.0057818 0.0212596
v 0.0003841 0.0056770 0.0212728
v 0.0002611 0.0055283 0.0212689
v 0.0002067 0.0053278 0.0212485
v 0.0012327 0.0057929 0.0206500
v 0.0006075 0.0057876 0.0206500
v 0.0003607 0.0056644 0.0206500
v 0.0002145 0.0054097 0.0206500
v -0.0002008 0.0047533 0.0206500
v 0.0002071 0.0047663 0.0206500
v -0.0002104 0.0053731 0.0206500
v -0.0003084 0.0056078 0.0206500
v -0.0005692 0.0057821 0.0206500
v -0.0012327 0.0057929 0.0206500
v -0.0012533 0.0059882 0.0206500
v -0.0012327 0.0062071 0.0206500
v -0.0005897 0.0062146 0.0206500
v -0.0003812 0.0063238 0.0206500
v -0.0002579 0.0064803 0.0206500
v -0.0002089 0.0066469 0.0206500
v -0.0002070 0.0072337 0.0206500
v 0.0000249 0.0072521 0.0206500
v 0.0002071 0.0072327 0.0206500
v 0.0002091 0.0066446 0.0206500
v 0.0002765 0.0064411 0.0206500
v 0.0004607 0.0062672 0.0206500
v 0.0006445 0.0062091 0.0206500
v 0.0012327 0.0062071 0.0206500
v 0.0012534 0.0060119 0.0206500
v 0.0012327 0.0057929 0.0206500
v 0.0006075 0.0057876 0.0206500
v 0.0003607 0.0056644 0.0206500
v 0.0002145 0.0054097 0.0206500
v -0.0012351 0.0057935 0.0211272
v -0.0002063 0.0047605 0.0211285
v -0.0006032 0.0057859 0.0212559
v -0.0004412 0.0057182 0.0212703
v -0.0003036 0.0055953 0.0212726
v -0.0002138 0.0053954 0.0212556
v -0.0008694 0.0057928 0.0212154
v -0.0002008 0.0047533 0.0206500
v -0.0002104 0.0053731 0.0206500
v -0.0003084 0.0056078 0.0206500
v -0.0005692 0.0057821 0.0206500
v -0.0012327 0.0057929 0.0206500
v -0.0012351 0.0057935 0.0211272
v -0.0012431 0.0062001 0.0211261
v -0.0012327 0.0057929 0.0206500
v -0.0012533 0.0059882 0.0206500
v -0.0012327 0.0062071 0.0206500
v -0.0012431 0.0062001 0.0211261
v -0.0002066 0.0072344 0.0211274
v -0.0008384 0.0062075 0.0212232
v -0.0002139 0.0066039 0.0212558
v -0.0003034 0.0064051 0.0212725
v -0.0004463 0.0062782 0.0212701
v -0.0006135 0.0062124 0.0212545
v -0.0002073 0.0068483 0.0212201
v -0.0012327 0.0062071 0.0206500
v -0.0005897 0.0062146 0.0206500
v -0.0003812 0.0063238 0.0206500
v -0.0002579 0.0064803 0.0206500
v -0.0002089 0.0066469 0.0206500
v -0.0002070 0.0072337 0.0206500
v 0.0000328 0.0072529 0.0211275
v 0.0002071 0.0072356 0.0211274
v -0.0002066 0.0072344 0.0211274
v -0.0002070 0.0072337 0.0206500
v 0.0000249 0.0072521 0.0206500
v 0.0002071 0.0072327 0.0206500
v 0.0002071 0.0072356 0.0211274
v 0.0012339 0.0062075 0.0211294
v 0.0006105 0.0062130 0.0212549
v 0.0004129 0.0062979 0.0212736
v 0.0002800 0.0064428 0.0212704
v 0.0002122 0.0066162 0.0212541
v 0.0002071 0.0072327 0.0206500
v 0.0002091 0.0066446 0.0206500
v 0.0002765 0.0064411 0.0206500
v 0.0004607 0.0062672 0.0206500
v 0.0006445 0.0062091 0.0206500
v 0.0012327 0.0062071 0.0206500
v 0.0012339 0.0062075 0.0211294
v 0.0012423 0.0057937 0.0211284
v 0.0012327 0.0062071 0.0206500
v 0.0012534 0.0060119 0.0206500
v 0.0012327 0.0057929 0.0206500
vn -0.000062 -0.000001 -1.000000
vn -0.000044 0.000097 -1.000000
vn -0.000013 0.000027 -1.000000
vn 0.000083 -0.000110 -1.000000
vn -0.000100 0.000009 -1.000000
vn -0.000194 0.000126 -1.000000
vn 0.000049 0.000039 -1.000000
vn 0.000200 -0.000002 -1.000000
vn 0.000103 -0.000008 -1.000000
vn -0.000057 -0.000026 -1.000000
vn 0.000236 0.000107 -1.000000
vn -0.000006 -0.000064 -1.000000
vn -0.000232 -0.001279 -0.999999
vn 0.237362 -0.647166 -0.724455
vn 0.553728 -0.405442 -0.727325
vn 0.686119 -0.082442 -0.722803
vn 0.656000 0.217113 -0.722859
vn 0.469851 0.505763 -0.723494
vn 0.170389 0.666411 -0.725854
vn -0.078039 0.692351 -0.717328
vn -0.327213 0.613063 -0.719086
vn -0.559162 0.408724 -0.721306
vn -0.684059 0.075298 -0.725530
vn -0.631392 -0.272020 -0.726188
vn -0.394097 -0.566548 -0.723679
vn -0.082917 -0.684609 -0.724179
vn 0.068940 -0.707775 -0.703066
vn 0.072529 0.708619 -0.701853
vn -0.165494 0.691288 -0.703372
vn -0.379774 0.594818 -0.708493
vn -0.533865 0.469851 -0.703014
vn -0.651184 0.263626 -0.711661
vn -0.709905 0.066490 -0.701152
vn -0.691312 -0.138460 -0.709166
vn -0.593768 -0.365164 -0.717004
vn -0.508545 -0.467919 -0.722795
vn -0.364388 -0.623609 -0.691617
vn -0.168567 -0.682947 -0.710752
vn 0.306626 -0.646017 -0.699030
vn 0.442117 -0.532522 -0.721771
vn 0.612035 -0.362025 -0.703101
vn 0.676811 -0.188174 -0.711700
vn 0.709938 0.002316 -0.704261
vn 0.684887 0.166344 -0.709407
vn 0.597050 0.375224 -0.709040
vn 0.463244 0.554863 -0.691037
vn 0.288460 0.636647 -0.715172
vn 0.105122 -0.994458 -0.001751
vn 0.104093 0.994566 -0.001582
vn -0.230965 0.972962 -0.000435
vn -0.523570 0.851982 -0.000233
vn -0.763557 0.645739 -0.001027
vn -0.924375 0.381483 -0.001450
vn -0.995268 0.097160 -0.001475
vn -0.977297 -0.211868 -0.001430
vn -0.871093 -0.491116 -0.001462
vn -0.712336 -0.701838 -0.000761
vn -0.512856 -0.858475 -0.000778
vn -0.230802 -0.972999 -0.001969
vn 0.410244 -0.911975 -0.001219
vn 0.651955 -0.758257 -0.001302
vn 0.849817 -0.527075 -0.001632
vn 0.968446 -0.249222 -0.000742
vn 0.999867 -0.016316 -0.000291
vn 0.968129 0.250446 -0.001663
vn 0.841532 0.540205 -0.001231
vn 0.649541 0.760327 -0.000459
vn 0.406085 0.913834 -0.001361
vn 0.253470 0.967340 0.002351
vn 0.640340 0.768089 0.002030
vn 0.900957 0.433902 0.002225
vn 0.999162 0.040881 0.002022
vn 0.941005 -0.338387 0.001760
vn 0.774321 -0.632791 0.001472
vn 0.564409 -0.825495 0.001101
vn 0.306903 -0.951740 0.001475
vn -0.035937 -0.999352 0.002049
vn -0.418854 -0.908051 0.002094
vn -0.740946 -0.671562 0.001899
vn -0.935219 -0.354066 0.001666
vn -0.998002 -0.063174 0.001355
vn -0.968873 0.247555 0.001642
vn -0.812786 0.582560 0.001561
vn -0.551584 0.834119 0.000978
vn -0.192641 0.981268 0.001589
vn 0.001609 0.001720 -0.999997
vn 0.000212 0.000815 -1.000000
vn 0.000095 -0.000040 -1.000000
vn 0.003625 -0.001842 -0.999992
vn 0.003363 0.000984 -0.999994
vn 0.000157 -0.000399 -1.000000
vn 0.000360 -0.000496 -1.000000
vn -0.000127 -0.001216 -0.999999
vn 0.000633 -0.001269 -0.999999
vn -0.000754 -0.000763 -0.999999
vn -0.001689 -0.001100 -0.999998
vn -0.001091 -0.001036 -0.999999
vn -0.000446 -0.000019 -1.000000
vn -0.000956 0.000532 -0.999999
vn -0.000593 -0.000051 -1.000000
vn 0.000245 0.001420 -0.999999
vn -0.001513 0.001548 -0.999998
vn -0.002699 0.000426 -0.999996
vn 0.001857 0.001264 -0.999997
vn -0.000350 -0.000398 -1.000000
vn -0.001013 0.000344 -0.999999
vn -0.000932 0.000873 -0.999999
vn -0.000748 -0.000583 -1.000000
vn -0.001430 -0.001842 -0.999997
vn -0.002497 -0.001208 -0.999996
vn -0.001512 -0.001012 -0.999998
vn -0.001391 -0.001144 -0.999998
vn -0.000123 -0.000851 -1.000000
vn 0.000529 -0.001612 -0.999999
vn -0.000485 -0.000943 -0.999999
vn 0.000184 -0.000647 -1.000000
vn 0.002468 0.002587 -0.999994
vn 0.005082 -0.003209 -0.999982
vn 0.001984 -0.002853 -0.999994
vn -0.000012 0.000470 -1.000000
vn -0.000630 0.004216 -0.999991
vn 0.002093 0.006559 -0.999976
vn 0.003929 -0.000205 -0.999992
vn 0.005358 0.003375 -0.999980
vn -0.001770 0.001825 -0.999997
vn -0.069564 0.754487 -0.652618
vn -0.398451 0.617965 -0.677758
vn -0.560336 0.454122 -0.692674
vn -0.719120 0.228911 -0.656099
vn -0.760946 0.112178 -0.639044
vn -0.749126 -0.099808 -0.654866
vn -0.668309 -0.374981 -0.642459
vn -0.586209 -0.516403 -0.624249
vn -0.455245 -0.637260 -0.621813
vn -0.341524 -0.704732 -0.621863
vn -0.151831 -0.729354 -0.667076
vn 0.062171 -0.755341 -0.652376
vn 0.286678 -0.709580 -0.643671
vn 0.515370 -0.520176 -0.681037
vn 0.629245 -0.353736 -0.692042
vn 0.783733 -0.026628 -0.620527
vn 0.719213 0.182565 -0.670375
vn 0.608893 0.386624 -0.692655
vn 0.512723 0.579647 -0.633344
vn 0.354918 0.704723 -0.614328
vn 0.135518 0.721604 -0.678913
vn -0.000842 0.367438 0.930048
vn 0.052171 0.282458 0.957860
vn 0.141453 0.384676 0.912149
vn 0.185936 0.263838 0.946476
vn 0.326500 0.251438 0.911140
vn 0.375949 0.168359 0.911218
vn 0.292333 0.069796 0.953766
vn 0.324816 -0.062229 0.943728
vn 0.367362 -0.128468 0.921163
vn 0.231395 -0.231382 0.944944
vn 0.145939 -0.287272 0.946666
vn 0.078755 -0.315056 0.945800
vn 0.021160 -0.464852 0.885135
vn 0.018331 -0.690029 0.723550
vn 0.052146 -0.844569 0.532901
vn 0.049390 -0.942787 0.329717
vn 0.048209 -0.992499 0.112342
vn 0.043888 -0.994188 -0.098306
vn -0.045305 -0.931937 -0.359780
vn 0.052826 -0.847875 -0.527558
vn -0.029999 0.999178 0.027270
vn -0.029657 0.976129 -0.215158
vn 0.017813 0.897206 -0.441253
vn 0.041963 0.739580 -0.671759
vn 0.014674 0.525388 0.850736
vn -0.013991 0.742169 0.670067
vn 0.014299 0.888662 0.458339
vn 0.084398 0.980707 0.176324
vn 0.075224 0.419889 0.904452
vn 0.112546 0.598072 0.793501
vn 0.102620 0.769679 0.630129
vn 0.129130 0.905522 0.404173
vn 0.214752 0.662462 0.717653
vn 0.276574 0.564592 0.777652
vn 0.220663 0.816152 0.534044
vn 0.295841 0.395439 0.869543
vn 0.252414 0.931916 0.260421
vn 0.334607 0.775279 0.535706
vn 0.135423 0.979784 -0.147257
vn 0.261094 0.962198 -0.077491
vn 0.426918 0.665998 0.611709
vn 0.396070 0.857830 0.327500
vn 0.432340 0.467740 0.770910
vn 0.363410 0.930471 0.046448
vn 0.126260 0.877723 -0.462235
vn 0.522586 0.782256 0.339085
vn 0.250657 0.900210 -0.356079
vn 0.487584 0.869798 0.075590
vn 0.532817 0.609451 0.587091
vn 0.434624 0.866155 -0.246734
vn 0.212141 0.766941 -0.605639
vn 0.535499 0.381430 0.753494
vn 0.626932 0.688157 0.365236
vn 0.345145 0.802143 -0.487280
vn 0.639769 0.764312 0.080764
vn 0.655106 0.526957 0.541435
vn 0.558536 0.814520 -0.156826
vn 0.597673 0.294491 0.745696
vn 0.730498 0.627930 0.268470
vn 0.738592 0.435424 0.514672
vn 0.529936 0.737086 -0.419372
vn 0.676027 0.718263 -0.164576
vn 0.575526 0.168812 0.800170
vn 0.416006 0.026298 0.908981
vn 0.417744 0.682187 -0.600093
vn 0.778221 0.627990 -0.000914
vn 0.818467 0.535354 0.208585
vn 0.759370 0.279789 0.587431
vn 0.625172 0.629332 -0.461628
vn 0.864032 0.406344 0.297208
vn 0.761916 0.602896 -0.236643
vn 0.728983 0.134516 0.671185
vn 0.877175 0.478376 -0.041466
vn 0.589940 0.058881 0.805298
vn 0.883427 0.274819 0.379515
vn 0.878311 0.142946 0.456220
vn 0.770387 0.481417 -0.418020
vn 0.882365 0.420520 -0.211174
vn 0.616275 0.478934 -0.625161
vn 0.940468 0.310279 0.138736
vn 0.530674 -0.063367 0.845204
vn 0.721435 -0.004978 0.692464
vn 0.966257 0.192970 0.170614
vn 0.879723 0.051535 0.472686
vn 0.949390 0.298637 -0.097341
vn 0.868833 0.331484 -0.367760
vn 0.990323 0.125913 -0.058357
vn 0.854656 -0.072889 0.514053
vn 0.595131 -0.155475 0.788446
vn 0.695058 0.327362 -0.640100
vn 0.979547 0.064531 0.190586
vn 0.736936 -0.141783 0.660926
vn 0.957383 0.160431 -0.240164
vn 0.958658 -0.075442 0.274378
vn 0.789914 0.265427 -0.552797
vn 0.371452 -0.200246 0.906601
vn 0.892908 0.191518 -0.407476
vn 0.998918 -0.037294 0.027787
vn 0.867257 -0.210886 0.450991
vn 0.560194 -0.283252 0.778429
vn 0.748263 -0.285322 0.598911
vn 0.783658 0.133718 -0.606630
vn 0.880781 0.055399 -0.470271
vn 0.938971 -0.247196 0.239222
vn 0.973764 -0.028673 -0.225746
vn 0.986727 -0.161696 -0.015005
vn 0.372764 -0.358344 0.855942
vn 0.686977 -0.408334 0.601104
vn 0.830908 -0.430457 0.352561
vn 0.866724 -0.073898 -0.493284
vn 0.953813 -0.299432 0.024111
vn 0.932479 -0.169980 -0.318731
vn 0.525348 -0.432197 0.732950
vn 0.909889 -0.403035 0.098306
vn 0.932984 -0.280067 -0.226061
vn 0.672555 -0.501797 0.543939
vn 0.835575 -0.234675 -0.496731
vn 0.894937 -0.401591 -0.194454
vn 0.331450 -0.480015 0.812235
vn 0.854348 -0.519651 -0.007226
vn 0.517129 -0.554959 0.651612
vn 0.690072 -0.606344 0.395157
vn 0.755779 -0.201867 -0.622935
vn 0.821028 -0.434980 -0.369737
vn 0.763740 -0.630367 0.139059
vn 0.479466 -0.670834 0.565768
vn 0.718821 -0.367330 -0.590225
vn 0.254169 -0.577891 0.775526
vn 0.790020 -0.594224 -0.150888
vn 0.613298 -0.740241 0.275516
vn 0.113427 -0.484058 0.867653
vn 0.669793 -0.740592 -0.053859
vn 0.713794 -0.615092 -0.334904
vn 0.458493 -0.819480 0.343855
vn 0.328816 -0.761003 0.559245
vn 0.635425 -0.520157 -0.570676
vn 0.544268 -0.836703 0.060833
vn 0.601477 -0.727623 -0.329835
vn 0.148432 -0.726234 0.671232
vn 0.306175 -0.889149 0.340104
vn 0.369012 -0.925117 0.089383
vn 0.518750 -0.802842 -0.293842
vn 0.503612 -0.639310 -0.581083
vn 0.438991 -0.886881 -0.143976
vn 0.177982 -0.863771 0.471404
vn 0.208947 -0.964277 0.162822
vn 0.395026 -0.674448 -0.623758
vn 0.306925 -0.927985 -0.211286
vn 0.378284 -0.820685 -0.428225
vn 0.205491 -0.968006 -0.144005
vn 0.219293 -0.849763 -0.479389
vn 0.095838 -0.945591 -0.310923
vn 0.140232 -0.748872 -0.647709
vn -0.092894 -0.455239 0.885510
vn -0.182592 -0.299921 0.936327
vn -0.371638 -0.143011 0.917297
vn -0.389816 -0.078194 0.917567
vn -0.267432 -0.090769 0.959292
vn -0.304932 0.053489 0.950871
vn -0.349029 0.117069 0.929771
vn -0.266837 0.183435 0.946123
vn -0.164224 0.318110 0.933722
vn -0.078093 0.381074 0.921241
vn -0.075334 0.266378 0.960920
vn -0.136321 -0.644969 0.751951
vn -0.099247 -0.838811 0.535299
vn -0.111550 -0.967660 0.226253
vn -0.261004 -0.490754 0.831286
vn -0.236721 -0.715110 0.657709
vn -0.252491 -0.893481 0.371404
vn -0.105096 -0.990570 -0.087892
vn -0.377043 -0.765869 0.520849
vn -0.395246 -0.584457 0.708655
vn -0.263134 -0.963950 0.039512
vn -0.196037 -0.932698 -0.302726
vn -0.404042 -0.881980 0.242613
vn -0.311348 -0.290229 0.904892
vn -0.088827 -0.801887 -0.590836
vn -0.501147 -0.775214 0.384572
vn -0.384030 -0.922322 -0.042919
vn -0.561088 -0.691525 0.454944
vn -0.478510 -0.496210 0.724434
vn -0.342034 -0.874187 -0.344688
vn -0.559592 -0.814944 0.150741
vn -0.244812 -0.783062 -0.571735
vn -0.522224 -0.366227 0.770168
vn -0.642132 -0.570773 0.511747
vn -0.467588 -0.246483 0.848886
vn -0.517381 -0.845537 -0.131849
vn -0.696137 -0.689500 0.199956
vn -0.647188 -0.389814 0.655128
vn -0.440067 -0.766717 -0.467425
vn -0.603236 -0.765719 -0.223116
vn -0.711366 -0.701856 -0.036845
vn -0.764997 -0.449793 0.460941
vn -0.798683 -0.550992 0.241895
vn -0.558666 -0.659431 -0.503034
vn -0.645464 -0.216213 0.732549
vn -0.806883 -0.262206 0.529327
vn -0.705973 -0.650971 -0.278996
vn -0.618773 -0.102256 0.778886
vn -0.830065 -0.557614 -0.007646
vn -0.872227 -0.393431 0.290572
vn -0.805910 -0.537593 -0.247998
vn -0.682469 -0.532182 -0.501018
vn -0.456354 0.014884 0.889674
vn -0.909234 -0.415870 0.018610
vn -0.917267 -0.251812 0.308563
vn -0.798231 -0.095786 0.594687
vn -0.960919 -0.274204 0.038022
vn -0.879805 -0.416907 -0.228325
vn -0.658962 0.049672 0.750534
vn -0.942553 -0.133800 0.306089
vn -0.766323 -0.421299 -0.485032
vn -0.925550 -0.001606 0.378622
vn -0.804637 0.074123 0.589122
vn -0.899718 -0.308193 -0.309071
vn -0.574694 0.158188 0.802934
vn -0.996237 -0.082900 0.025272
vn -0.948446 -0.184408 -0.257768
vn -0.744362 -0.268752 -0.611308
vn -0.777065 0.233651 0.584446
vn -0.899182 0.214939 0.381146
vn -0.444164 0.249659 0.860459
vn -0.974371 0.111476 0.195384
vn -0.844304 -0.135679 -0.518403
vn -0.624306 0.283489 0.727926
vn -0.994673 0.087952 -0.053763
vn -0.962367 -0.009701 -0.271581
vn -0.775620 0.350122 0.525193
vn -0.532448 0.394214 0.749062
vn -0.848714 0.040499 -0.527300
vn -0.960369 0.266873 0.080433
vn -0.263183 0.282548 0.922443
vn -0.677534 0.438113 0.590766
vn -0.870786 0.403573 0.280821
vn -0.951633 0.189577 -0.241777
vn -0.422884 0.421206 0.802343
vn -0.905298 0.424762 0.003472
vn -0.924260 0.338006 -0.177469
vn -0.791162 0.520849 0.320592
vn -0.854584 0.169704 -0.490802
vn -0.571148 0.589841 0.570856
vn -0.698143 0.595569 0.397357
vn -0.860289 0.326164 -0.391816
vn -0.293297 0.499011 0.815454
vn -0.827129 0.561863 0.012953
vn -0.440842 0.620529 0.648539
vn -0.770217 0.279747 -0.573155
vn -0.814404 0.494632 -0.303457
vn -0.709557 0.693057 0.127280
vn -0.605360 0.755040 0.251902
vn -0.693081 0.379562 -0.612838
vn -0.505964 0.774648 0.379368
vn -0.182695 0.563169 0.805893
vn -0.734342 0.671069 -0.102021
vn -0.343126 0.732287 0.588234
vn -0.692789 0.632894 -0.345671
vn -0.660056 0.495862 -0.564312
vn -0.614845 0.784980 -0.075977
vn -0.366840 0.878854 0.305031
vn -0.494756 0.866636 0.064493
vn -0.224967 0.775598 0.589777
vn -0.089772 0.630896 0.770656
vn -0.585375 0.735377 -0.341404
vn -0.535500 0.584094 -0.609979
vn -0.473387 0.847717 -0.239335
vn -0.143684 0.850411 0.506119
vn -0.266091 0.933716 0.239520
vn -0.462167 0.704609 -0.538450
vn -0.351004 0.934930 -0.051977
vn -0.327384 0.863215 -0.384291
vn -0.097390 0.954111 0.283173
vn -0.180527 0.982039 0.054850
vn -0.329637 0.738566 -0.588099
vn -0.193477 0.954722 -0.225991
vn -0.229449 0.761027 -0.606788
vn -0.127072 0.853278 -0.505737
vn -0.058844 -0.296365 0.953260
vn -0.141350 -0.093092 0.985573
vn -0.118014 -0.096509 0.988311
vn -0.097184 -0.110319 0.989133
vn -0.075943 -0.158503 0.984434
vn -0.194472 -0.104688 0.975306
vn -0.183945 0.100368 0.977799
vn -0.089908 0.136019 0.986618
vn -0.100282 0.113213 0.988497
vn -0.122868 0.098651 0.987508
vn -0.139679 0.123051 0.982521
vn -0.096969 0.191237 0.976742
vn -0.134591 -0.153798 0.978893
vn -0.138490 0.145993 0.979544
vn 0.159975 0.079072 0.983949
vn 0.118470 0.118533 0.985857
vn 0.123172 0.136606 0.982938
vn 0.096564 0.149591 0.984021
vn 0.155643 -0.085332 0.984121
vn 0.113140 -0.105763 0.987934
vn 0.102550 -0.120665 0.987382
vn 0.105592 -0.174420 0.978993
vn 0.149379 -0.156173 0.976369
vn 0.167097 0.124259 0.978079
vn 0.077334 0.197087 0.977331
vn -0.018452 0.999813 -0.005836
vn -0.007488 0.999857 -0.015177
vn -0.020821 0.999776 -0.003817
vn -0.031870 0.999476 0.005603
vn -0.012112 0.999921 0.003382
vn -0.999963 0.006547 -0.005538
vn -0.999933 0.011533 0.001183
vn -0.279009 0.960287 0.001840
vn -0.635174 0.772324 0.008284
vn -0.883499 0.468275 0.012178
vn -0.991086 0.133116 0.005269
vn -0.008410 0.999963 -0.001532
vn -0.228335 0.973569 -0.005051
vn -0.682839 0.730365 -0.017273
vn -0.966863 0.254908 -0.014084
vn 0.000000 0.000000 1.000000
vn 0.000000 0.000000 1.000000
vn 0.000000 0.000000 1.000000
vn 0.000000 0.000000 1.000000
vn 0.000000 0.000000 1.000000
vn 0.000000 0.000000 1.000000
vn 0.000000 0.000000 1.000000
vn 0.000000 0.000000 1.000000
vn 0.000000 0.000000 1.000000
vn 0.000000 0.000000 1.000000
vn 0.000000 0.000000 1.000000
vn 0.000000 0.000000 1.000000
vn 0.000000 0.000000 1.000000
vn 0.000000 0.000000 1.000000
vn 0.000000 0.000000 1.000000
vn 0.000000 0.000000 1.000000
vn 0.000000 0.000000 1.000000
vn 0.000000 0.000000 1.000000
vn 0.000000 0.000000 1.000000
vn 0.000000 0.000000 1.000000
vn 0.000000 0.000000 1.000000
vn 0.000000 0.000000 1.000000
vn 0.000000 0.000000 1.000000
vn 0.000000 0.000000 1.000000
vn 0.000000 0.000000 1.000000
vn 0.002250 0.999997 -0.001334
vn 0.999876 0.013259 0.008444
vn 0.216281 0.976313 0.005972
vn 0.538623 0.842525 0.006092
vn 0.805847 0.592097 0.005700
vn 0.972092 0.234595 0.001685
vn 0.016972 0.999839 -0.005869
vn 0.999814 0.015576 0.011411
vn 0.980154 0.198237 -0.000400
vn 0.776030 0.630519 -0.014984
vn 0.292439 0.956153 -0.015835
vn 0.011151 0.999913 -0.007053
vn 0.998930 0.040921 -0.021552
vn 0.999800 -0.011405 -0.016422
vn 0.994459 0.105014 0.004766
vn 0.999947 0.010211 0.001498
vn 0.995386 -0.093771 0.020330
vn 0.021696 -0.999663 -0.014287
vn 0.999998 -0.001955 -0.000746
vn 0.018583 -0.999803 -0.007025
vn 0.972518 -0.232613 0.009941
vn 0.802929 -0.595937 0.012756
vn 0.526391 -0.850189 0.009560
vn 0.205188 -0.978712 0.004565
vn 0.999909 -0.013275 0.002202
vn 0.015550 -0.999828 -0.010059
vn 0.241834 -0.970274 -0.009178
vn 0.638644 -0.769374 -0.014100
vn 0.889348 -0.457089 -0.011395
vn 0.990041 -0.140664 -0.005639
vn 0.999995 -0.002791 -0.001312
vn -0.011642 -0.999931 0.001769
vn -0.100068 -0.994973 0.003851
vn 0.077576 -0.996986 0.000605
vn 0.079065 -0.996869 0.001331
vn -0.011922 -0.999924 0.003205
vn -0.105756 -0.994374 0.006043
vn -0.999983 -0.005317 0.002399
vn -0.005483 -0.999979 0.003509
vn -0.220262 -0.975402 0.008736
vn -0.584851 -0.811107 0.007460
vn -0.845377 -0.534132 0.006320
vn -0.978655 -0.205474 0.003855
vn -0.999994 -0.003395 0.000021
vn -0.987560 -0.157202 -0.003427
vn -0.844697 -0.535154 -0.009832
vn -0.504889 -0.863115 -0.010934
vn -0.149992 -0.988682 -0.003155
vn -0.003368 -0.999994 0.000908
vn -0.998865 -0.041263 -0.023774
vn -0.999775 0.010973 -0.018165
vn -0.994463 -0.105054 0.002444
vn -0.999943 -0.010705 -0.000324
vn -0.995402 0.093741 0.019684
f 554//554 543//543 555//555
f 554//554 552//552 551//551
f 554//554 551//551 550//550
f 554//554 550//550 549//549
f 554//554 549//549 548//548
f 554//554 545//545 544//544
f 554//554 544//544 543//543
f 554//554 547//547 546//546
f 554//554 546//546 545//545
f 554//554 553//553 552//552
f 554//554 548//548 547//547
f 586//586 558//558 559//559
f 582//582 581//581 556//556
f 583//583 582//582 557//557
f 584//584 557//557 558//558
f 584//584 583//583 557//557
f 585//585 584//584 558//558
f 586//586 585//585 558//558
f 589//589 560//560 561//561
f 587//587 586//586 559//559
f 588//588 587//587 560//560
f 589//589 588//588 560//560
f 581//581 569//569 556//556
f 561//561 562//562 570//570
f 561//561 570//570 589//589
f 587//587 559//559 560//560
f 556//556 569//569 568//568
f 582//582 556//556 557//557
f 580//580 579//579 567//567
f 568//568 569//569 580//580
f 562//562 571//571 570//570
f 571//571 562//562 563//563
f 572//572 571//571 563//563
f 572//572 563//563 564//564
f 574//574 573//573 564//564
f 574//574 564//564 565//565
f 575//575 574//574 565//565
f 573//573 572//572 564//564
f 576//576 575//575 565//565
f 577//577 576//576 566//566
f 577//577 566//566 567//567
f 578//578 577//577 567//567
f 579//579 578//578 567//567
f 580//580 567//567 568//568
f 576//576 565//565 566//566
f 597//597 622//622 623//623
f 600//600 601//601 620//620
f 600//600 620//620 621//621
f 599//599 600//600 621//621
f 598//598 599//599 621//621
f 598//598 621//621 622//622
f 597//597 598//598 622//622
f 596//596 597//597 623//623
f 591//591 592//592 627//627
f 595//595 596//596 624//624
f 595//595 624//624 625//625
f 594//594 595//595 625//625
f 594//594 625//625 626//626
f 593//593 594//594 626//626
f 593//593 626//626 627//627
f 592//592 593//593 627//627
f 601//601 619//619 620//620
f 596//596 623//623 624//624
f 601//601 590//590 619//619
f 607//607 608//608 613//613
f 590//590 602//602 618//618
f 590//590 618//618 619//619
f 591//591 627//627 611//611
f 610//610 591//591 611//611
f 610//610 611//611 612//612
f 609//609 610//610 612//612
f 608//608 609//609 612//612
f 607//607 613//613 614//614
f 606//606 607//607 614//614
f 608//608 612//612 613//613
f 605//605 606//606 614//614
f 605//605 614//614 615//615
f 602//602 603//603 617//617
f 603//603 616//616 617//617
f 603//603 604//604 616//616
f 602//602 617//617 618//618
f 604//604 605//605 615//615
f 604//604 615//615 616//616
f 650//650 641//641 640//640
f 648//648 647//647 642//642
f 657//657 635//635 634//634
f 648//648 642//642 641//641
f 649//649 648//648 641//641
f 656//656 636//636 635//635
f 656//656 635//635 657//657
f 650//650 649//649 641//641
f 655//655 636//636 656//656
f 653//653 652//652 638//638
f 655//655 637//637 636//636
f 651//651 650//650 639//639
f 654//654 637//637 655//655
f 651//651 639//639 638//638
f 652//652 651//651 638//638
f 653//653 638//638 637//637
f 653//653 637//637 654//654
f 657//657 634//634 658//658
f 650//650 640//640 639//639
f 634//634 633//633 658//658
f 643//643 646//646 667//667
f 642//642 647//647 646//646
f 642//642 646//646 643//643
f 629//629 663//663 662//662
f 628//628 663//663 629//629
f 628//628 664//664 663//663
f 630//630 662//662 661//661
f 628//628 665//665 664//664
f 631//631 630//630 661//661
f 628//628 645//645 665//665
f 631//631 661//661 660//660
f 630//630 629//629 662//662
f 632//632 631//631 660//660
f 632//632 660//660 666//666
f 644//644 667//667 645//645
f 632//632 666//666 659//659
f 643//643 667//667 644//644
f 633//633 659//659 658//658
f 644//644 645//645 628//628
f 633//633 632//632 659//659
f 904//904 897//897 900//900
f 903//903 901//901 897//897
f 674//674 675//675 893//893
f 674//674 893//893 902//902
f 905//905 899//899 895//895
f 905//905 895//895 898//898
f 903//903 897//897 904//904
f 901//901 898//898 896//896
f 906//906 894//894 848//848
f 907//907 898//898 901//901
f 908//908 905//905 898//898
f 909//909 902//902 905//905
f 902//902 892//892 899//899
f 906//906 900//900 894//894
f 905//905 902//902 899//899
f 901//901 896//896 887//887
f 675//675 885//885 893//893
f 901//901 887//887 897//897
f 894//894 889//889 845//845
f 895//895 890//890 884//884
f 896//896 891//891 887//887
f 893//893 888//888 892//892
f 675//675 676//676 885//885
f 897//897 887//887 886//886
f 897//897 886//886 889//889
f 898//898 891//891 896//896
f 909//909 674//674 902//902
f 899//899 890//890 895//895
f 899//899 892//892 890//890
f 900//900 889//889 894//894
f 898//898 895//895 891//891
f 848//848 894//894 847//847
f 900//900 897//897 889//889
f 902//902 893//893 892//892
f 910//910 900//900 906//906
f 911//911 904//904 910//910
f 908//908 898//898 907//907
f 920//920 914//914 917//917
f 921//921 916//916 913//913
f 922//922 912//912 849//849
f 923//923 915//915 919//919
f 924//924 911//911 910//910
f 924//924 910//910 918//918
f 923//923 918//918 915//915
f 925//925 917//917 916//916
f 926//926 912//912 922//922
f 925//925 920//920 917//917
f 924//924 921//921 911//911
f 920//920 673//673 914//914
f 925//925 916//916 921//921
f 926//926 919//919 912//912
f 895//895 884//884 891//891
f 919//919 915//915 912//912
f 910//910 904//904 900//900
f 921//921 913//913 911//911
f 918//918 910//910 915//915
f 911//911 903//903 904//904
f 912//912 906//906 848//848
f 907//907 901//901 903//903
f 909//909 673//673 674//674
f 914//914 905//905 908//908
f 914//914 909//909 905//905
f 915//915 906//906 912//912
f 913//913 907//907 903//903
f 917//917 908//908 907//907
f 849//849 912//912 848//848
f 913//913 903//903 911//911
f 915//915 910//910 906//906
f 917//917 907//907 916//916
f 916//916 907//907 913//913
f 673//673 909//909 914//914
f 914//914 908//908 917//917
f 893//893 885//885 888//888
f 863//863 859//859 862//862
f 892//892 882//882 890//890
f 868//868 863//863 862//862
f 866//866 707//707 863//863
f 870//870 861//861 865//865
f 866//866 678//678 679//679
f 871//871 863//863 868//868
f 867//867 864//864 860//860
f 866//866 679//679 708//708
f 867//867 860//860 869//869
f 872//872 864//864 867//867
f 873//873 866//866 863//863
f 874//874 865//865 876//876
f 872//872 868//868 864//864
f 875//875 869//869 870//870
f 876//876 865//865 844//844
f 869//869 861//861 870//870
f 869//869 860//860 861//861
f 868//868 862//862 864//864
f 864//864 862//862 858//858
f 858//858 855//855 854//854
f 859//859 705//705 855//855
f 859//859 706//706 705//705
f 861//861 857//857 856//856
f 860//860 858//858 857//857
f 862//862 855//855 858//858
f 861//861 860//860 857//857
f 707//707 706//706 859//859
f 864//864 858//858 860//860
f 862//862 859//859 855//855
f 865//865 856//856 843//843
f 863//863 707//707 859//859
f 927//927 921//921 924//924
f 866//866 708//708 707//707
f 861//861 856//856 865//865
f 873//873 863//863 871//871
f 874//874 870//870 865//865
f 877//877 868//868 872//872
f 873//873 678//678 866//866
f 886//886 879//879 876//876
f 676//676 677//677 880//880
f 886//886 876//876 844//844
f 887//887 879//879 886//886
f 888//888 881//881 882//882
f 885//885 676//676 880//880
f 889//889 886//886 844//844
f 890//890 882//882 878//878
f 890//890 878//878 884//884
f 887//887 883//883 879//879
f 888//888 885//885 881//881
f 845//845 889//889 844//844
f 845//845 846//846 894//894
f 891//891 884//884 883//883
f 892//892 888//888 882//882
f 884//884 878//878 875//875
f 891//891 883//883 887//887
f 885//885 880//880 881//881
f 881//881 877//877 882//882
f 877//877 871//871 868//868
f 869//869 872//872 867//867
f 878//878 872//872 869//869
f 874//874 875//875 870//870
f 879//879 875//875 874//874
f 878//878 869//869 875//875
f 677//677 678//678 873//873
f 880//880 873//873 871//871
f 882//882 872//872 878//878
f 882//882 877//877 872//872
f 883//883 875//875 879//879
f 880//880 871//871 877//877
f 880//880 677//677 873//873
f 879//879 874//874 876//876
f 881//881 880//880 877//877
f 884//884 875//875 883//883
f 928//928 925//925 921//921
f 953//953 954//954 946//946
f 929//929 924//924 918//918
f 966//966 965//965 960//960
f 966//966 964//964 710//710
f 966//966 710//710 711//711
f 668//668 965//965 966//966
f 966//966 711//711 712//712
f 668//668 966//966 712//712
f 710//710 964//964 709//709
f 845//845 844//844 972//972
f 894//894 846//846 847//847
f 848//848 847//847 973//973
f 851//851 850//850 978//978
f 852//852 851//851 978//978
f 979//979 967//967 971//971
f 979//979 843//843 967//967
f 846//846 845//845 972//972
f 966//966 960//960 964//964
f 709//709 964//964 962//962
f 965//965 963//963 960//960
f 669//669 954//954 958//958
f 960//960 955//955 959//959
f 961//961 957//957 956//956
f 960//960 958//958 955//955
f 961//961 956//956 715//715
f 963//963 958//958 960//960
f 962//962 959//959 957//957
f 962//962 957//957 961//961
f 961//961 715//715 716//716
f 964//964 959//959 962//962
f 709//709 961//961 716//716
f 709//709 962//962 961//961
f 669//669 958//958 963//963
f 964//964 960//960 959//959
f 963//963 965//965 669//669
f 979//979 971//971 970//970
f 979//979 970//970 969//969
f 979//979 865//865 843//843
f 979//979 969//969 968//968
f 989//989 986//986 987//987
f 989//989 698//698 697//697
f 697//697 696//696 989//989
f 990//990 982//982 981//981
f 990//990 981//981 695//695
f 990//990 695//695 694//694
f 990//990 694//694 693//693
f 991//991 983//983 982//982
f 991//991 984//984 983//983
f 991//991 690//690 984//984
f 991//991 982//982 990//990
f 693//693 692//692 990//990
f 991//991 990//990 692//692
f 991//991 692//692 691//691
f 991//991 691//691 690//690
f 989//989 985//985 986//986
f 956//956 714//714 715//715
f 989//989 696//696 985//985
f 989//989 987//987 988//988
f 979//979 844//844 865//865
f 972//972 844//844 979//979
f 972//972 979//979 968//968
f 973//973 849//849 848//848
f 973//973 977//977 976//976
f 980//980 973//973 976//976
f 980//980 849//849 973//973
f 980//980 922//922 849//849
f 980//980 976//976 975//975
f 980//980 850//850 922//922
f 980//980 975//975 974//974
f 978//978 980//980 974//974
f 978//978 850//850 980//980
f 698//698 700//700 699//699
f 698//698 988//988 700//700
f 989//989 988//988 698//698
f 929//929 918//918 923//923
f 957//957 959//959 949//949
f 714//714 956//956 952//952
f 937//937 671//671 930//930
f 938//938 933//933 928//928
f 939//939 929//929 932//932
f 938//938 927//927 935//935
f 939//939 935//935 929//929
f 940//940 932//932 931//931
f 938//938 928//928 927//927
f 941//941 937//937 933//933
f 942//942 931//931 936//936
f 943//943 934//934 850//850
f 940//940 939//939 932//932
f 944//944 935//935 939//939
f 945//945 936//936 934//934
f 944//944 938//938 935//935
f 941//941 933//933 938//938
f 934//934 922//922 850//850
f 934//934 936//936 926//926
f 671//671 672//672 930//930
f 930//930 920//920 925//925
f 927//927 928//928 921//921
f 920//920 672//672 673//673
f 931//931 923//923 919//919
f 932//932 929//929 923//923
f 933//933 925//925 928//928
f 672//672 920//920 930//930
f 931//931 919//919 926//926
f 932//932 923//923 931//931
f 933//933 930//930 925//925
f 935//935 924//924 929//929
f 936//936 931//931 926//926
f 937//937 930//930 933//933
f 934//934 926//926 922//922
f 935//935 927//927 924//924
f 942//942 940//940 931//931
f 943//943 850//850 851//851
f 941//941 671//671 937//937
f 946//946 938//938 944//944
f 954//954 947//947 946//946
f 949//949 945//945 951//951
f 857//857 853//853 856//856
f 952//952 951//951 943//943
f 955//955 948//948 950//950
f 954//954 670//670 947//947
f 956//956 951//951 952//952
f 955//955 953//953 948//948
f 952//952 713//713 714//714
f 956//956 949//949 951//951
f 958//958 954//954 953//953
f 959//959 950//950 949//949
f 957//957 949//949 956//956
f 959//959 955//955 950//950
f 954//954 669//669 670//670
f 713//713 952//952 943//943
f 958//958 953//953 955//955
f 713//713 943//943 851//851
f 851//851 689//689 713//713
f 943//943 945//945 934//934
f 947//947 941//941 938//938
f 945//945 942//942 936//936
f 946//946 947//947 938//938
f 941//941 670//670 671//671
f 948//948 944//944 939//939
f 948//948 939//939 940//940
f 948//948 946//946 944//944
f 949//949 942//942 945//945
f 950//950 940//940 942//942
f 947//947 670//670 941//941
f 951//951 945//945 943//943
f 851//851 852//852 689//689
f 950//950 948//948 940//940
f 953//953 946//946 948//948
f 949//949 950//950 942//942
f 858//858 854//854 857//857
f 706//706 838//838 705//705
f 855//855 705//705 704//704
f 760//760 756//756 751//751
f 759//759 757//757 750//750
f 686//686 753//753 757//757
f 761//761 754//754 755//755
f 762//762 751//751 752//752
f 752//752 695//695 696//696
f 757//757 753//753 749//749
f 761//761 755//755 758//758
f 763//763 758//758 756//756
f 764//764 756//756 760//760
f 761//761 759//759 754//754
f 765//765 757//757 759//759
f 768//768 758//758 763//763
f 763//763 756//756 764//764
f 760//760 751//751 762//762
f 758//758 748//748 756//756
f 758//758 755//755 748//748
f 759//759 750//750 754//754
f 748//748 740//740 746//746
f 751//751 746//746 694//694
f 752//752 694//694 695//695
f 748//748 747//747 744//744
f 753//753 687//687 749//749
f 754//754 743//743 747//747
f 749//749 745//745 750//750
f 754//754 750//750 743//743
f 756//756 748//748 746//746
f 755//755 747//747 748//748
f 753//753 686//686 687//687
f 754//754 747//747 755//755
f 756//756 746//746 751//751
f 751//751 694//694 752//752
f 757//757 749//749 750//750
f 769//769 762//762 752//752
f 765//765 759//759 761//761
f 767//767 686//686 757//757
f 856//856 853//853 842//842
f 778//778 767//767 765//765
f 777//777 770//770 769//769
f 779//779 764//764 772//772
f 779//779 771//771 764//764
f 780//780 770//770 777//777
f 781//781 773//773 775//775
f 782//782 779//779 772//772
f 778//778 685//685 767//767
f 778//778 765//765 774//774
f 781//781 774//774 773//773
f 782//782 772//772 776//776
f 776//776 770//770 780//780
f 779//779 775//775 771//771
f 783//783 778//778 774//774
f 785//785 774//774 781//781
f 777//777 769//769 697//697
f 749//749 687//687 742//742
f 776//776 772//772 770//770
f 775//775 773//773 768//768
f 768//768 761//761 758//758
f 766//766 765//765 761//761
f 767//767 685//685 686//686
f 770//770 764//764 760//760
f 765//765 767//767 757//757
f 770//770 762//762 769//769
f 772//772 764//764 770//770
f 773//773 761//761 768//768
f 771//771 768//768 763//763
f 697//697 752//752 696//696
f 764//764 771//771 763//763
f 773//773 766//766 761//761
f 697//697 769//769 752//752
f 774//774 765//765 766//766
f 774//774 766//766 773//773
f 775//775 768//768 771//771
f 778//778 684//684 685//685
f 750//750 745//745 743//743
f 749//749 742//742 738//738
f 727//727 709//709 716//716
f 724//724 722//722 691//691
f 710//710 709//709 727//727
f 725//725 716//716 720//720
f 725//725 723//723 726//726
f 726//726 721//721 722//722
f 726//726 723//723 721//721
f 728//728 716//716 725//725
f 727//727 711//711 710//710
f 731//731 722//722 724//724
f 728//728 727//727 716//716
f 729//729 726//726 722//722
f 733//733 711//711 727//727
f 732//732 728//728 725//725
f 730//730 725//725 726//726
f 725//725 720//720 723//723
f 724//724 691//691 692//692
f 723//723 720//720 719//719
f 701//701 700//700 967//967
f 717//717 689//689 690//690
f 717//717 713//713 689//689
f 717//717 690//690 691//691
f 718//718 714//714 713//713
f 719//719 714//714 718//718
f 691//691 713//713 717//717
f 718//718 713//713 691//691
f 719//719 715//715 714//714
f 720//720 715//715 719//719
f 722//722 718//718 691//691
f 721//721 719//719 718//718
f 723//723 719//719 721//721
f 721//721 718//718 722//722
f 720//720 716//716 715//715
f 724//724 692//692 693//693
f 729//729 722//722 731//731
f 732//732 725//725 730//730
f 734//734 726//726 729//729
f 742//742 735//735 738//738
f 743//743 736//736 734//734
f 744//744 737//737 740//740
f 739//739 688//688 712//712
f 743//743 734//734 741//741
f 745//745 738//738 736//736
f 694//694 740//740 693//693
f 739//739 687//687 688//688
f 745//745 736//736 743//743
f 744//744 741//741 737//737
f 747//747 743//743 741//741
f 746//746 740//740 694//694
f 687//687 739//739 742//742
f 747//747 741//741 744//744
f 748//748 744//744 740//740
f 742//742 739//739 735//735
f 749//749 738//738 745//745
f 740//740 731//731 693//693
f 740//740 737//737 731//731
f 734//734 730//730 726//726
f 712//712 688//688 668//668
f 735//735 727//727 728//728
f 737//737 729//729 731//731
f 712//712 711//711 733//733
f 735//735 733//733 727//727
f 736//736 732//732 730//730
f 734//734 729//729 737//737
f 693//693 731//731 724//724
f 734//734 736//736 730//730
f 738//738 728//728 732//732
f 739//739 733//733 735//735
f 738//738 732//732 736//736
f 741//741 734//734 737//737
f 738//738 735//735 728//728
f 739//739 712//712 733//733
f 787//787 776//776 780//780
f 770//770 760//760 762//762
f 788//788 777//777 697//697
f 702//702 827//827 819//819
f 702//702 819//819 701//701
f 826//826 824//824 821//821
f 830//830 826//826 820//820
f 831//831 824//824 826//826
f 832//832 825//825 829//829
f 828//828 822//822 823//823
f 833//833 823//823 827//827
f 828//828 829//829 822//822
f 832//832 830//830 825//825
f 702//702 833//833 827//827
f 831//831 681//681 824//824
f 830//830 831//831 826//826
f 703//703 833//833 702//702
f 833//833 828//828 823//823
f 830//830 820//820 825//825
f 827//827 823//823 816//816
f 829//829 825//825 822//822
f 823//823 814//814 816//816
f 822//822 818//818 814//814
f 820//820 813//813 818//818
f 821//821 817//817 820//820
f 824//824 812//812 821//821
f 824//824 815//815 812//812
f 823//823 822//822 814//814
f 825//825 818//818 822//822
f 825//825 820//820 818//818
f 701//701 819//819 699//699
f 701//701 699//699 700//700
f 824//824 681//681 682//682
f 824//824 682//682 815//815
f 826//826 821//821 820//820
f 827//827 816//816 819//819
f 834//834 828//828 833//833
f 835//835 831//831 830//830
f 788//788 697//697 784//784
f 836//836 832//832 829//829
f 708//708 839//839 840//840
f 708//708 840//840 707//707
f 841//841 679//679 680//680
f 679//679 841//841 839//839
f 679//679 839//839 708//708
f 842//842 701//701 967//967
f 702//702 701//701 842//842
f 853//853 702//702 842//842
f 854//854 703//703 702//702
f 842//842 967//967 843//843
f 854//854 702//702 853//853
f 854//854 704//704 703//703
f 855//855 704//704 854//854
f 856//856 842//842 843//843
f 857//857 854//854 853//853
f 841//841 680//680 839//839
f 821//821 812//812 817//817
f 840//840 706//706 707//707
f 840//840 838//838 706//706
f 837//837 830//830 832//832
f 704//704 834//834 833//833
f 704//704 833//833 703//703
f 835//835 680//680 681//681
f 835//835 681//681 831//831
f 837//837 835//835 830//830
f 834//834 836//836 829//829
f 836//836 837//837 832//832
f 838//838 836//836 834//834
f 705//705 834//834 704//704
f 839//839 837//837 836//836
f 705//705 838//838 834//834
f 839//839 835//835 837//837
f 839//839 836//836 838//838
f 680//680 835//835 839//839
f 840//840 839//839 838//838
f 820//820 817//817 813//813
f 834//834 829//829 828//828
f 818//818 813//813 810//810
f 795//795 784//784 698//698
f 796//796 789//789 788//788
f 797//797 787//787 789//789
f 795//795 788//788 784//784
f 798//798 791//791 793//793
f 799//799 794//794 792//792
f 792//792 794//794 782//782
f 794//794 793//793 786//786
f 800//800 793//793 794//794
f 683//683 684//684 790//790
f 797//797 792//792 787//787
f 801//801 788//788 795//795
f 796//796 797//797 789//789
f 802//802 792//792 797//797
f 683//683 790//790 791//791
f 790//790 785//785 791//791
f 794//794 786//786 782//782
f 793//793 791//791 781//781
f 816//816 814//814 807//807
f 786//786 779//779 782//782
f 786//786 775//775 779//779
f 784//784 697//697 698//698
f 787//787 782//782 776//776
f 789//789 780//780 777//777
f 684//684 778//778 783//783
f 787//787 780//780 789//789
f 788//788 789//789 777//777
f 790//790 783//783 785//785
f 791//791 785//785 781//781
f 793//793 775//775 786//786
f 792//792 782//782 787//787
f 793//793 781//781 775//775
f 790//790 684//684 783//783
f 802//802 799//799 792//792
f 801//801 796//796 788//788
f 785//785 783//783 774//774
f 800//800 798//798 793//793
f 813//813 797//797 810//810
f 813//813 808//808 797//797
f 809//809 801//801 807//807
f 812//812 805//805 803//803
f 808//808 806//806 802//802
f 814//814 810//810 809//809
f 815//815 805//805 812//812
f 807//807 795//795 699//699
f 816//816 807//807 699//699
f 815//815 811//811 805//805
f 817//817 808//808 813//813
f 812//812 806//806 808//808
f 818//818 810//810 814//814
f 815//815 682//682 811//811
f 819//819 816//816 699//699
f 817//817 812//812 808//808
f 814//814 809//809 807//807
f 810//810 804//804 809//809
f 812//812 803//803 806//806
f 811//811 683//683 798//798
f 804//804 796//796 801//801
f 683//683 791//791 798//798
f 803//803 794//794 799//799
f 805//805 798//798 800//800
f 806//806 799//799 802//802
f 804//804 797//797 796//796
f 811//811 798//798 805//805
f 808//808 802//802 797//797
f 807//807 801//801 795//795
f 806//806 803//803 799//799
f 810//810 797//797 804//804
f 805//805 800//800 803//803
f 699//699 795//795 698//698
f 809//809 804//804 801//801
f 803//803 800//800 794//794
f 994//994 992//992 995//995
f 994//994 993//993 992//992
f 1005//1005 1001//1001 1000//1000
f 1004//1004 999//999 996//996
f 1005//1005 1006//1006 1001//1001
f 1006//1006 1002//1002 1001//1001
f 1004//1004 996//996 1003//1003
f 1004//1004 1005//1005 999//999
f 1005//1005 1000//1000 999//999
f 1006//1006 997//997 1002//1002
f 998//998 997//997 1006//1006
f 1031//1031 1009//1009 1007//1007
f 1011//1011 1013//1013 1012//1012
f 1015//1015 1013//1013 1011//1011
f 1031//1031 1007//1007 1008//1008
f 1021//1021 1020//1020 1022//1022
f 1026//1026 1025//1025 1027//1027
f 1027//1027 1025//1025 1029//1029
f 1020//1020 1018//1018 1022//1022
f 1020//1020 1019//1019 1018//1018
f 1027//1027 1029//1029 1028//1028
f 1025//1025 1024//1024 1029//1029
f 1015//1015 1014//1014 1013//1013
f 1023//1023 1010//1010 1030//1030
f 1016//1016 1011//1011 1010//1010
f 1030//1030 1010//1010 1031//1031
f 1016//1016 1015//1015 1011//1011
f 1023//1023 1016//1016 1010//1010
f 1031//1031 1010//1010 1009//1009
f 1022//1022 1018//1018 1023//1023
f 1023//1023 1018//1018 1017//1017
f 1024//1024 1030//1030 1029//1029
f 1023//1023 1017//1017 1016//1016
f 1024//1024 1023//1023 1030//1030
f 1041//1041 1042//1042 1035//1035
f 1040//1040 1037//1037 1033//1033
f 1040//1040 1033//1033 1039//1039
f 1042//1042 1034//1034 1035//1035
f 1043//1043 1032//1032 1038//1038
f 1043//1043 1038//1038 1042//1042
f 1042//1042 1038//1038 1034//1034
f 1040//1040 1041//1041 1037//1037
f 1041//1041 1036//1036 1037//1037
f 1041//1041 1035//1035 1036//1036
f 1047//1047 1044//1044 1046//1046
f 1047//1047 1045//1045 1044//1044
f 1048//1048 1045//1045 1047//1047
f 1062//1062 1050//1050 1056//1056
f 1062//1062 1056//1056 1061//1061
f 1058//1058 1054//1054 1055//1055
f 1058//1058 1059//1059 1054//1054
f 1057//1057 1051//1051 1049//1049
f 1058//1058 1051//1051 1057//1057
f 1060//1060 1061//1061 1052//1052
f 1060//1060 1052//1052 1053//1053
f 1059//1059 1060//1060 1053//1053
f 1061//1061 1056//1056 1052//1052
f 1058//1058 1055//1055 1051//1051
f 1059//1059 1053//1053 1054//1054
f 1067//1067 1063//1063 1065//1065
f 1067//1067 1065//1065 1066//1066
f 1067//1067 1064//1064 1063//1063
f 1068//1068 1064//1064 1067//1067
f 1078//1078 1079//1079 1071//1071
f 1076//1076 1069//1069 1075//1075
f 1077//1077 1073//1073 1074//1074
f 1079//1079 1070//1070 1071//1071
f 1076//1076 1077//1077 1074//1074
f 1076//1076 1074//1074 1069//1069
f 1077//1077 1072//1072 1073//1073
f 1077//1077 1078//1078 1072//1072
f 1078//1078 1071//1071 1072//1072
f 1080//1080 1070//1070 1079//1079
f 1084//1084 1082//1082 1081//1081
f 1085//1085 1082//1082 1084//1084
f 1084//1084 1081//1081 1083//1083
v -0.0059081 -0.0007968 0.0120001
v -0.0056348 -0.0007168 0.0120000
v -0.0053696 -0.0005041 0.0120000
v -0.0052095 -0.0001629 0.0120000
v -0.0052115 0.0001522 0.0120000
v -0.0053133 0.0004208 0.0120000
v -0.0055562 0.0006742 0.0120000
v -0.0058519 0.0007880 0.0120001
v -0.0060918 0.0007969 0.0120001
v -0.0063652 0.0007168 0.0120000
v -0.0065866 0.0005484 0.0120000
v -0.0067707 0.0002504 0.0120000
v -0.0067946 -0.0001259 0.0120000
v -0.0066421 -0.0004985 0.0120000
v -0.0062419 -0.0007731 0.0120000
v -0.0059081 -0.0007968 0.0120001
v -0.0056348 -0.0007168 0.0120000
v -0.0053696 -0.0005041 0.0120000
v -0.0052095 -0.0001629 0.0120000
v -0.0052115 0.0001522 0.0120000
v -0.0053133 0.0004208 0.0120000
v -0.0055562 0.0006742 0.0120000
v -0.0058519 0.0007880 0.0120001
v -0.0060918 0.0007969 0.0120001
v -0.0063652 0.0007168 0.0120000
v -0.0065866 0.0005484 0.0120000
v -0.0067707 0.0002504 0.0120000
v -0.0067946 -0.0001259 0.0120000
v -0.0066421 -0.0004985 0.0120000
v -0.0062419 -0.0007731 0.0120000
v -0.0061138 -0.0009980 0.0121998
v -0.0061138 0.0009980 0.0121998
v -0.0064609 0.0008942 0.0121985
v -0.0067692 0.0006484 0.0122012
v -0.0069270 0.0003804 0.0121992
v -0.0069986 0.0001008 0.0122000
v -0.0069809 -0.0002127 0.0122000
v -0.0068686 -0.0005018 0.0121994
v -0.0067124 -0.0007045 0.0122007
v -0.0064609 -0.0008942 0.0121985
v -0.0058355 -0.0009884 0.0121998
v -0.0055861 -0.0009146 0.0122001
v -0.0053496 -0.0007615 0.0121987
v -0.0051456 -0.0005312 0.0122012
v -0.0050253 -0.0002340 0.0121996
v -0.0049982 0.0000528 0.0121994
v -0.0050399 0.0002834 0.0122004
v -0.0051314 0.0005018 0.0121994
v -0.0053263 0.0007450 0.0122007
v -0.0055923 0.0009166 0.0121994
v -0.0058355 0.0009884 0.0121998
v -0.0061138 -0.0009980 0.0121998
v -0.0061138 0.0009980 0.0121998
v -0.0064609 0.0008942 0.0121985
v -0.0067692 0.0006484 0.0122012
v -0.0069270 0.0003804 0.0121992
v -0.0069986 0.0001008 0.0122000
v -0.0069809 -0.0002127 0.0122000
v -0.0068686 -0.0005018 0.0121994
v -0.0067124 -0.0007045 0.0122007
v -0.0064609 -0.0008942 0.0121985
v -0.0058355 -0.0009884 0.0121998
v -0.0055861 -0.0009146 0.0122001
v -0.0053496 -0.0007615 0.0121987
v -0.0051456 -0.0005312 0.0122012
v -0.0050253 -0.0002340 0.0121996
v -0.0049982 0.0000528 0.0121994
v -0.0050399 0.0002834 0.0122004
v -0.0051314 0.0005018 0.0121994
v -0.0053263 0.0007450 0.0122007
v -0.0055923 0.0009166 0.0121994
v -0.0058355 0.0009884 0.0121998
v -0.0057380 0.0009743 0.0200000
v -0.0053557 0.0007727 0.0200000
v -0.0050890 0.0004335 0.0200000
v -0.0049963 0.0000395 0.0200000
v -0.0050544 -0.0003488 0.0200000
v -0.0052880 -0.0007120 0.0200000
v -0.0056153 -0.0009288 0.0200000
v -0.0060273 -0.0010085 0.0200000
v -0.0063743 -0.0009294 0.0200000
v -0.0066443 -0.0007727 0.0200000
v -0.0068764 -0.0004907 0.0200000
v -0.0069866 -0.0001848 0.0200000
v -0.0069954 0.0001291 0.0200000
v -0.0068910 0.0004673 0.0200000
v -0.0066809 0.0007367 0.0200000
v -0.0064205 0.0009122 0.0200000
v -0.0061179 0.0009962 0.0200000
v -0.0057380 0.0009743 0.0200000
v -0.0053557 0.0007727 0.0200000
v -0.0050890 0.0004335 0.0200000
v -0.0049963 0.0000395 0.0200000
v -0.0050544 -0.0003488 0.0200000
v -0.0052880 -0.0007120 0.0200000
v -0.0056153 -0.0009288 0.0200000
v -0.0060273 -0.0010085 0.0200000
v -0.0063743 -0.0009294 0.0200000
v -0.0066443 -0.0007727 0.0200000
v -0.0068764 -0.0004907 0.0200000
v -0.0069866 -0.0001848 0.0200000
v -0.0069954 0.0001291 0.0200000
v -0.0068910 0.0004673 0.0200000
v -0.0066809 0.0007367 0.0200000
v -0.0064205 0.0009122 0.0200000
v -0.0061179 0.0009962 0.0200000
v -0.0061727 0.0015277 0.0200001
v -0.0066658 0.0013922 0.0200001
v -0.0070705 0.0011084 0.0200009
v -0.0073327 0.0007717 0.0200009
v -0.0074605 0.0004753 0.0200000
v -0.0075367 0.0001179 0.0200007
v -0.0074660 -0.0004770 0.0200003
v -0.0071445 -0.0010391 0.0200000
v -0.0066565 -0.0013935 0.0200009
v -0.0062779 -0.0015185 0.0200010
v -0.0058847 -0.0015361 0.0200011
v -0.0056535 -0.0015047 0.0200032
v -0.0053068 -0.0013737 0.0200006
v -0.0050009 -0.0011662 0.0200000
v -0.0048131 -0.0009868 0.0200017
v -0.0045786 -0.0005896 0.0200007
v -0.0044663 -0.0001539 0.0200009
v -0.0045008 0.0003581 0.0200001
v -0.0047635 0.0009256 0.0200013
v -0.0050352 0.0011981 0.0200000
v -0.0054952 0.0014558 0.0200004
v -0.0057137 0.0015113 0.0200000
v -0.0061727 0.0015277 0.0200001
v -0.0066658 0.0013922 0.0200001
v -0.0070705 0.0011084 0.0200009
v -0.0073327 0.0007717 0.0200009
v -0.0074605 0.0004753 0.0200000
v -0.0075367 0.0001179 0.0200007
v -0.0074660 -0.0004770 0.0200003
v -0.0071445 -0.0010391 0.0200000
v -0.0066565 -0.0013935 0.0200009
v -0.0062779 -0.0015185 0.0200010
v -0.0058847 -0.0015361 0.0200011
v -0.0056535 -0.0015047 0.0200032
v -0.0053068 -0.0013737 0.0200006
v -0.0050009 -0.0011662 0.0200000
v -0.0048131 -0.0009868 0.0200017
v -0.0045786 -0.0005896 0.0200007
v -0.0044663 -0.0001539 0.0200009
v -0.0045008 0.0003581 0.0200001
v -0.0047635 0.0009256 0.0200013
v -0.0050352 0.0011981 0.0200000
v -0.0054952 0.0014558 0.0200004
v -0.0057137 0.0015113 0.0200000
v -0.0060117 0.0013251 0.0211049
v -0.0057929 0.0012356 0.0211274
v -0.0054570 0.0012233 0.0211020
v -0.0050660 0.0009023 0.0211173
v -0.0047471 0.0005408 0.0210918
v -0.0047661 0.0002075 0.0211294
v -0.0047577 -0.0002063 0.0211284
v -0.0047224 -0.0004189 0.0210994
v -0.0050500 -0.0008912 0.0211159
v -0.0056708 -0.0012752 0.0211109
v -0.0057924 -0.0012364 0.0211294
v -0.0061554 -0.0013406 0.0210962
v -0.0059566 -0.0015528 0.0209642
v -0.0060516 -0.0016333 0.0208648
v -0.0060703 -0.0017152 0.0207038
v -0.0059141 -0.0017458 0.0205706
v -0.0060725 -0.0017474 0.0204103
v -0.0060517 -0.0016972 0.0202237
v -0.0059623 -0.0016591 0.0201444
v -0.0060336 0.0017540 0.0204994
v -0.0060317 0.0017398 0.0203548
v -0.0059538 0.0016854 0.0201954
v -0.0058827 0.0015831 0.0200518
v -0.0060852 0.0014580 0.0210373
v -0.0060378 0.0015802 0.0209341
v -0.0058645 0.0015982 0.0209058
v -0.0059706 0.0016812 0.0207862
v -0.0058627 0.0017381 0.0206092
v -0.0057260 0.0013442 0.0210870
v -0.0058541 0.0014910 0.0210086
v -0.0055303 0.0014452 0.0209938
v -0.0057570 0.0016742 0.0207679
v -0.0055685 0.0015886 0.0208488
v -0.0051892 0.0013111 0.0209752
v -0.0055407 0.0016668 0.0206665
v -0.0053422 0.0015192 0.0208365
v -0.0057660 0.0017312 0.0203881
v -0.0051561 0.0011428 0.0210608
v -0.0055350 0.0016896 0.0204322
v -0.0053710 0.0016220 0.0206284
v -0.0057763 0.0016589 0.0201751
v -0.0050696 0.0013927 0.0208008
v -0.0049061 0.0008812 0.0210703
v -0.0051572 0.0015213 0.0206304
v -0.0049448 0.0011461 0.0209602
v -0.0055462 0.0016457 0.0202488
v -0.0052623 0.0015828 0.0203756
v -0.0047839 0.0009053 0.0209978
v -0.0055497 0.0015819 0.0201269
v -0.0048465 0.0012362 0.0207716
v -0.0049793 0.0014267 0.0205512
v -0.0052613 0.0015048 0.0201764
v -0.0047140 0.0010305 0.0208461
v -0.0050005 0.0014175 0.0203234
v -0.0048253 0.0012999 0.0204984
v -0.0045947 0.0007445 0.0209221
v -0.0052267 0.0013947 0.0200568
v -0.0046831 0.0011247 0.0206623
v -0.0045184 0.0007861 0.0207991
v -0.0045417 0.0005279 0.0209644
v -0.0049560 0.0013201 0.0201894
v -0.0045499 0.0003482 0.0210148
v -0.0046206 0.0001608 0.0210796
v -0.0047439 0.0011987 0.0203351
v -0.0046225 0.0010842 0.0205056
v -0.0044719 0.0008184 0.0206549
v -0.0044618 0.0005771 0.0208531
v -0.0046015 -0.0000766 0.0210749
v -0.0044831 0.0008769 0.0205149
v -0.0045664 0.0009808 0.0203474
v -0.0048872 0.0011885 0.0200998
v -0.0043917 0.0002830 0.0208704
v -0.0046905 0.0010623 0.0202007
v -0.0043705 0.0004966 0.0207381
v -0.0044718 0.0000217 0.0209849
v -0.0043971 0.0007078 0.0204152
v -0.0043260 0.0004877 0.0206029
v -0.0045080 0.0008011 0.0202102
v -0.0046352 0.0008731 0.0200892
v -0.0043924 0.0000714 0.0209007
v -0.0042843 0.0001437 0.0206996
v -0.0043956 -0.0001621 0.0208958
v -0.0042956 0.0004032 0.0204601
v -0.0043415 0.0005013 0.0203222
v -0.0045212 -0.0003445 0.0209939
v -0.0042645 0.0001796 0.0205980
v -0.0043125 -0.0001395 0.0207631
v -0.0044959 0.0005710 0.0200771
v -0.0043927 0.0004585 0.0201706
v -0.0042646 0.0002146 0.0204082
v -0.0047771 -0.0006362 0.0210826
v -0.0042745 -0.0001662 0.0206468
v -0.0044073 -0.0004225 0.0208465
v -0.0042487 -0.0000671 0.0205087
v -0.0043258 0.0002804 0.0202243
v -0.0046020 -0.0006300 0.0209822
v -0.0042591 -0.0000513 0.0203631
v -0.0043501 -0.0004632 0.0207123
v -0.0042880 0.0000716 0.0202645
v -0.0048350 -0.0008984 0.0210319
v -0.0042951 -0.0004010 0.0205549
v -0.0044605 -0.0006376 0.0208140
v -0.0043926 0.0001802 0.0200843
v -0.0045906 -0.0008019 0.0208837
v -0.0043010 -0.0004113 0.0203996
v -0.0043337 -0.0001344 0.0201696
v -0.0044082 -0.0006895 0.0206459
v -0.0043161 -0.0003224 0.0202650
v -0.0047229 -0.0009724 0.0209050
v -0.0045272 -0.0008607 0.0207304
v -0.0052640 -0.0011707 0.0210826
v -0.0049181 -0.0011555 0.0209328
v -0.0043965 -0.0007060 0.0204627
v -0.0045425 -0.0009696 0.0205722
v -0.0047133 -0.0011104 0.0207538
v -0.0051002 -0.0012080 0.0210032
v -0.0044236 -0.0004170 0.0201033
v -0.0044160 -0.0006270 0.0202373
v -0.0044491 -0.0007944 0.0203608
v -0.0049506 -0.0012872 0.0208257
v -0.0045526 -0.0007453 0.0200992
v -0.0046121 -0.0010679 0.0204271
v -0.0054554 -0.0013358 0.0210488
v -0.0047870 -0.0012614 0.0205617
v -0.0051306 -0.0013645 0.0208881
v -0.0045929 -0.0009656 0.0202407
v -0.0049263 -0.0013541 0.0206651
v -0.0054102 -0.0014365 0.0209616
v -0.0048206 -0.0012998 0.0204512
v -0.0051663 -0.0014976 0.0207178
v -0.0053568 -0.0015145 0.0208526
v -0.0048404 -0.0012750 0.0202860
v -0.0047465 -0.0010856 0.0201461
v -0.0058078 -0.0014433 0.0210407
v -0.0050449 -0.0014692 0.0205382
v -0.0056639 -0.0015470 0.0209298
v -0.0054431 -0.0016204 0.0207131
v -0.0053402 -0.0016224 0.0205514
v -0.0050776 -0.0014573 0.0202920
v -0.0050356 -0.0013109 0.0200969
v -0.0052323 -0.0015679 0.0203882
v -0.0057346 -0.0016538 0.0208038
v -0.0057371 -0.0017067 0.0206766
v -0.0054425 -0.0016494 0.0203636
v -0.0053404 -0.0015521 0.0201950
v -0.0056297 -0.0017102 0.0205426
v -0.0056541 -0.0017114 0.0203848
v -0.0054407 -0.0015088 0.0200781
v -0.0058410 -0.0017371 0.0203651
v -0.0056631 -0.0016439 0.0201830
v -0.0066350 -0.0011747 0.0211042
v -0.0069524 -0.0009197 0.0211057
v -0.0071260 -0.0006808 0.0211101
v -0.0072809 -0.0004286 0.0210961
v -0.0072351 -0.0002065 0.0211272
v -0.0072431 0.0002001 0.0211261
v -0.0072403 0.0004668 0.0211078
v -0.0069332 0.0008988 0.0211161
v -0.0067394 0.0011358 0.0210963
v -0.0061998 0.0012417 0.0211285
v -0.0063014 -0.0014217 0.0210426
v -0.0063643 -0.0015111 0.0209599
v -0.0062528 -0.0016304 0.0208455
v -0.0067371 -0.0012769 0.0210298
v -0.0062688 -0.0017184 0.0206386
v -0.0064644 -0.0015873 0.0208367
v -0.0066669 -0.0014427 0.0209238
v -0.0064755 -0.0016829 0.0205635
v -0.0066048 -0.0016172 0.0206732
v -0.0063287 -0.0017172 0.0203989
v -0.0067782 -0.0014815 0.0208053
v -0.0069594 -0.0013186 0.0208747
v -0.0069993 -0.0011086 0.0210151
v -0.0068247 -0.0015215 0.0206592
v -0.0063418 -0.0016479 0.0201893
v -0.0066788 -0.0016178 0.0204594
v -0.0072167 -0.0008308 0.0210305
v -0.0065931 -0.0016095 0.0202666
v -0.0072017 -0.0011110 0.0208654
v -0.0071246 -0.0013069 0.0206881
v -0.0069731 -0.0014569 0.0205383
v -0.0068467 -0.0015035 0.0202923
v -0.0065539 -0.0015429 0.0201199
v -0.0073209 -0.0008870 0.0209221
v -0.0070748 -0.0013701 0.0203609
v -0.0071967 -0.0012782 0.0205308
v -0.0073529 -0.0010660 0.0206854
v -0.0068322 -0.0013899 0.0200888
v -0.0074401 -0.0008597 0.0207985
v -0.0074167 -0.0006631 0.0209490
v -0.0074051 -0.0004511 0.0210253
v -0.0070747 -0.0012728 0.0201555
v -0.0074131 -0.0010214 0.0206143
v -0.0072833 -0.0011830 0.0203698
v -0.0073532 -0.0001367 0.0210930
v -0.0075473 -0.0005709 0.0208439
v -0.0075466 -0.0003615 0.0209258
v -0.0074566 -0.0009740 0.0204566
v -0.0073449 -0.0010659 0.0202692
v -0.0075709 -0.0007117 0.0206772
v -0.0075071 -0.0001784 0.0209935
v -0.0075903 -0.0007374 0.0205161
v -0.0074726 -0.0009024 0.0203078
v -0.0076331 -0.0004642 0.0207530
v -0.0072410 -0.0010446 0.0200915
v -0.0074308 0.0001105 0.0210533
v -0.0076770 -0.0004703 0.0206094
v -0.0075676 -0.0007227 0.0202948
v -0.0076973 -0.0002290 0.0207240
v -0.0076071 -0.0000053 0.0209044
v -0.0074150 -0.0008053 0.0201002
v -0.0077087 -0.0003996 0.0204793
v -0.0075129 0.0002699 0.0209765
v -0.0076878 -0.0003922 0.0203174
v -0.0077153 -0.0000700 0.0207056
v -0.0076545 0.0002071 0.0208169
v -0.0073465 0.0004337 0.0210639
v -0.0075703 -0.0005634 0.0201646
v -0.0077450 0.0000130 0.0206029
v -0.0074424 0.0005207 0.0209805
v -0.0077548 0.0000102 0.0204546
v -0.0076066 0.0004348 0.0208203
v -0.0076022 -0.0003230 0.0201080
v -0.0072056 0.0007421 0.0210639
v -0.0077198 -0.0000541 0.0202797
v -0.0077084 0.0003359 0.0206157
v -0.0073189 0.0008207 0.0209633
v -0.0074701 0.0006786 0.0208843
v -0.0076302 0.0005765 0.0206635
v -0.0076219 -0.0000824 0.0200963
v -0.0077167 0.0003452 0.0204413
v -0.0075337 0.0007198 0.0207613
v -0.0077117 0.0001991 0.0202936
v -0.0070629 0.0010008 0.0210390
v -0.0076485 0.0002030 0.0201535
v -0.0076152 0.0006873 0.0204893
v -0.0073955 0.0009174 0.0208082
v -0.0076540 0.0004454 0.0202632
v -0.0076351 0.0006018 0.0203707
v -0.0075141 0.0008487 0.0206365
v -0.0071478 0.0011685 0.0208654
v -0.0073393 0.0010594 0.0207318
v -0.0075929 0.0005276 0.0201788
v -0.0074545 0.0009807 0.0205007
v -0.0069475 0.0012127 0.0209731
v -0.0075202 0.0005077 0.0200680
v -0.0075078 0.0008532 0.0203276
v -0.0066185 0.0013414 0.0210265
v -0.0073091 0.0011704 0.0205020
v -0.0071884 0.0012562 0.0206646
v -0.0074587 0.0008170 0.0201704
v -0.0069271 0.0013800 0.0208254
v -0.0063805 0.0013341 0.0210797
v -0.0067023 0.0013948 0.0209537
v -0.0073185 0.0011169 0.0203031
v -0.0070942 0.0013653 0.0205569
v -0.0069565 0.0014534 0.0206219
v -0.0073126 0.0009763 0.0201113
v -0.0066419 0.0015485 0.0208010
v -0.0063591 0.0015101 0.0209627
v -0.0070778 0.0013731 0.0203913
v -0.0072076 0.0011546 0.0201701
v -0.0067252 0.0015712 0.0206601
v -0.0064458 0.0015848 0.0208479
v -0.0070146 0.0013505 0.0201989
v -0.0068434 0.0015381 0.0204777
v -0.0061990 0.0016364 0.0208450
v -0.0067814 0.0015286 0.0202664
v -0.0064700 0.0016717 0.0206400
v -0.0066165 0.0016400 0.0204481
v -0.0062041 0.0017055 0.0207022
v -0.0068785 0.0013370 0.0200670
v -0.0065778 0.0016078 0.0202448
v -0.0063269 0.0017201 0.0205337
v -0.0066864 0.0014674 0.0200904
v -0.0063478 0.0017028 0.0203386
v -0.0063588 0.0016011 0.0201163
v -0.0061760 0.0016523 0.0201495
v -0.0062063 -0.0012395 0.0211285
v -0.0066130 -0.0002128 0.0212546
v -0.0064098 -0.0002990 0.0212725
v -0.0062809 -0.0004427 0.0212702
v -0.0062138 -0.0006046 0.0212556
v -0.0068695 -0.0002072 0.0212154
v -0.0068384 0.0002075 0.0212232
v -0.0062127 0.0006135 0.0212546
v -0.0062865 0.0004308 0.0212713
v -0.0064174 0.0002966 0.0212717
v -0.0065997 0.0002141 0.0212564
v -0.0062073 0.0008482 0.0212201
v -0.0065984 -0.0006989 0.0212108
v -0.0066187 0.0006548 0.0212119
v -0.0054479 0.0002230 0.0212644
v -0.0056915 0.0003946 0.0212734
v -0.0057878 0.0006163 0.0212541
v -0.0054080 -0.0002155 0.0212574
v -0.0056034 -0.0003115 0.0212726
v -0.0057389 -0.0004717 0.0212689
v -0.0057933 -0.0006722 0.0212485
v -0.0052754 -0.0006635 0.0211973
v -0.0052307 0.0005797 0.0211996
v -0.0056021 0.0009523 0.0211848
v -0.0057924 -0.0012364 0.0211294
v -0.0062063 -0.0012395 0.0211285
v -0.0062070 -0.0012343 0.0206500
v -0.0057977 -0.0012448 0.0206500
v -0.0047577 -0.0002063 0.0211284
v -0.0057924 -0.0012364 0.0211294
v -0.0057977 -0.0012448 0.0206500
v -0.0054080 -0.0002155 0.0212574
v -0.0056034 -0.0003115 0.0212726
v -0.0057389 -0.0004717 0.0212689
v -0.0057933 -0.0006722 0.0212485
v -0.0047650 -0.0002069 0.0206500
v -0.0053925 -0.0002124 0.0206500
v -0.0056394 -0.0003356 0.0206500
v -0.0057855 -0.0005904 0.0206500
v -0.0062070 -0.0012343 0.0206500
v -0.0057977 -0.0012448 0.0206500
v -0.0062104 -0.0006270 0.0206500
v -0.0063084 -0.0003921 0.0206500
v -0.0065692 -0.0002179 0.0206500
v -0.0072327 -0.0002071 0.0206500
v -0.0072533 -0.0000118 0.0206500
v -0.0072327 0.0002071 0.0206500
v -0.0065897 0.0002146 0.0206500
v -0.0063812 0.0003238 0.0206500
v -0.0062694 0.0004615 0.0206500
v -0.0062105 0.0006264 0.0206500
v -0.0062070 0.0012337 0.0206500
v -0.0057992 0.0012467 0.0206500
v -0.0057909 0.0006447 0.0206500
v -0.0057235 0.0004410 0.0206500
v -0.0055394 0.0002672 0.0206500
v -0.0053555 0.0002091 0.0206500
v -0.0047571 0.0002040 0.0206500
v -0.0047650 -0.0002069 0.0206500
v -0.0053925 -0.0002124 0.0206500
v -0.0056394 -0.0003356 0.0206500
v -0.0057855 -0.0005904 0.0206500
v -0.0072351 -0.0002065 0.0211272
v -0.0062063 -0.0012395 0.0211285
v -0.0066130 -0.0002128 0.0212546
v -0.0064098 -0.0002990 0.0212725
v -0.0062809 -0.0004427 0.0212702
v -0.0062138 -0.0006046 0.0212556
v -0.0068695 -0.0002072 0.0212154
v -0.0062070 -0.0012343 0.0206500
v -0.0062104 -0.0006270 0.0206500
v -0.0063084 -0.0003921 0.0206500
v -0.0065692 -0.0002179 0.0206500
v -0.0072327 -0.0002071 0.0206500
v -0.0072351 -0.0002065 0.0211272
v -0.0072431 0.0002001 0.0211261
v -0.0072327 -0.0002071 0.0206500
v -0.0072533 -0.0000118 0.0206500
v -0.0072327 0.0002071 0.0206500
v -0.0072431 0.0002001 0.0211261
v -0.0061998 0.0012417 0.0211285
v -0.0068384 0.0002075 0.0212232
v -0.0062127 0.0006135 0.0212546
v -0.0062865 0.0004308 0.0212713
v -0.0064174 0.0002966 0.0212717
v -0.0065997 0.0002141 0.0212564
v -0.0062073 0.0008482 0.0212201
v -0.0072327 0.0002071 0.0206500
v -0.0065897 0.0002146 0.0206500
v -0.0063812 0.0003238 0.0206500
v -0.0062694 0.0004615 0.0206500
v -0.0062105 0.0006264 0.0206500
v -0.0062070 0.0012337 0.0206500
v -0.0057929 0.0012356 0.0211274
v -0.0061998 0.0012417 0.0211285
v -0.0062070 0.0012337 0.0206500
v -0.0057992 0.0012467 0.0206500
v -0.0057929 0.0012356 0.0211274
v -0.0047661 0.0002075 0.0211294
v -0.0054479 0.0002230 0.0212644
v -0.0056915 0.0003946 0.0212734
v -0.0057878 0.0006163 0.0212541
v -0.0057992 0.0012467 0.0206500
v -0.0057909 0.0006447 0.0206500
v -0.0057235 0.0004410 0.0206500
v -0.0055394 0.0002672 0.0206500
v -0.0053555 0.0002091 0.0206500
v -0.0047571 0.0002040 0.0206500
v -0.0047661 0.0002075 0.0211294
v -0.0047577 -0.0002063 0.0211284
v -0.0047571 0.0002040 0.0206500
v -0.0047650 -0.0002069 0.0206500
vn 0.000112 -0.000941 -1.000000
vn 0.000010 -0.000119 -1.000000
vn -0.000000 -0.000050 -1.000000
vn -0.000022 0.000048 -1.000000
vn -0.000008 0.000041 -1.000000
vn 0.000033 -0.000031 -1.000000
vn -0.000085 0.000066 -1.000000
vn -0.000141 0.000156 -1.000000
vn 0.000115 0.000008 -1.000000
vn 0.000169 -0.000026 -1.000000
vn 0.000034 0.000012 -1.000000
vn 0.000205 -0.000005 -1.000000
vn -0.000168 -0.000069 -1.000000
vn 0.000011 0.000009 -1.000000
vn 0.000027 -0.000029 -1.000000
vn 0.081199 -0.689830 -0.719403
vn 0.315428 -0.619500 -0.718836
vn 0.543240 -0.428214 -0.722165
vn 0.678955 -0.149298 -0.718840
vn 0.680507 0.131969 -0.720760
vn 0.590311 0.368377 -0.718214
vn 0.383461 0.577722 -0.720552
vn 0.131023 0.684365 -0.717271
vn -0.088275 0.697352 -0.711272
vn -0.314615 0.627380 -0.712328
vn -0.514305 0.477099 -0.712648
vn -0.660140 0.218023 -0.718806
vn -0.681973 -0.118334 -0.721741
vn -0.542248 -0.425404 -0.724568
vn -0.218660 -0.653144 -0.724976
vn -0.079109 -0.706069 -0.703710
vn -0.087056 0.696915 -0.711850
vn -0.324153 0.626334 -0.708964
vn -0.537351 0.455786 -0.709586
vn -0.654605 0.285762 -0.699880
vn -0.704049 0.062400 -0.707405
vn -0.682804 -0.161769 -0.712467
vn -0.621758 -0.326836 -0.711755
vn -0.488744 -0.517453 -0.702404
vn -0.332359 -0.610370 -0.719017
vn 0.120793 -0.694291 -0.709486
vn 0.285767 -0.645275 -0.708489
vn 0.458898 -0.540118 -0.705468
vn 0.606707 -0.362297 -0.707565
vn 0.691281 -0.176658 -0.700659
vn 0.706992 0.031084 -0.706538
vn 0.677177 0.206674 -0.706200
vn 0.612545 0.358232 -0.704599
vn 0.480749 0.521477 -0.704941
vn 0.287361 0.647488 -0.705820
vn 0.109554 0.697341 -0.708318
vn -0.128067 -0.991765 -0.001424
vn -0.127218 0.991875 0.000321
vn -0.462885 0.886418 -0.001248
vn -0.755192 0.655501 -0.001712
vn -0.924548 0.381065 -0.001072
vn -0.995262 0.097228 -0.000509
vn -0.977279 -0.211955 -0.000464
vn -0.871045 -0.491203 -0.000168
vn -0.703729 -0.710468 -0.000804
vn -0.451007 -0.892520 -0.001414
vn 0.160560 -0.987025 -0.001158
vn 0.418402 -0.908262 0.000178
vn 0.651269 -0.758847 -0.000325
vn 0.849875 -0.526981 -0.001829
vn 0.971654 -0.236405 -0.001207
vn 0.999101 0.042385 -0.000168
vn 0.959061 0.283199 -0.000747
vn 0.859247 0.511562 -0.000187
vn 0.670357 0.742038 0.000148
vn 0.416980 0.908915 -0.001325
vn 0.159083 0.987265 -0.000204
vn 0.267544 0.963545 0.001221
vn 0.640616 0.767860 0.001464
vn 0.900899 0.434027 0.001251
vn 0.999149 0.041213 0.001607
vn 0.936032 -0.351910 0.002151
vn 0.711262 -0.702925 0.001673
vn 0.378859 -0.925453 0.001344
vn -0.016734 -0.999859 0.001636
vn -0.366138 -0.930559 0.001385
vn -0.647416 -0.762136 0.001408
vn -0.869295 -0.494294 0.000846
vn -0.982579 -0.185843 0.000512
vn -0.990823 0.135166 0.000809
vn -0.886672 0.462397 0.001525
vn -0.681977 0.731372 0.001442
vn -0.418353 0.908284 0.000523
vn -0.106425 0.994321 0.000170
vn 0.000124 0.000229 -1.000000
vn 0.001100 0.000058 -0.999999
vn 0.000846 0.001238 -0.999999
vn 0.001003 -0.000470 -0.999999
vn 0.001566 -0.001051 -0.999998
vn 0.001826 -0.000650 -0.999998
vn 0.000335 -0.002587 -0.999997
vn 0.000076 -0.001931 -0.999998
vn -0.000562 -0.001580 -0.999999
vn 0.000001 -0.000854 -1.000000
vn -0.000315 0.000030 -1.000000
vn -0.000881 0.000106 -1.000000
vn -0.000864 -0.000324 -1.000000
vn -0.000619 0.000972 -0.999999
vn -0.001193 0.000552 -0.999999
vn -0.000034 0.000076 -1.000000
vn -0.000009 0.000083 -1.000000
vn -0.000050 0.000051 -1.000000
vn -0.000762 0.000092 -1.000000
vn -0.001723 0.000608 -0.999998
vn -0.000642 0.001908 -0.999998
vn -0.000515 0.000495 -1.000000
vn -0.001184 -0.000583 -0.999999
vn -0.000680 0.000316 -1.000000
vn 0.000161 -0.000492 -1.000000
vn -0.000020 -0.001561 -0.999999
vn -0.000080 -0.001863 -0.999998
vn 0.003560 -0.003477 -0.999988
vn 0.003801 -0.005788 -0.999976
vn -0.002810 -0.002879 -0.999992
vn 0.001820 0.001184 -0.999998
vn 0.003251 0.000416 -0.999995
vn 0.000818 -0.001355 -0.999999
vn 0.001405 -0.000650 -0.999999
vn 0.000669 0.000281 -1.000000
vn 0.001668 0.000444 -0.999999
vn 0.001257 -0.000750 -0.999999
vn 0.000727 0.000500 -1.000000
vn 0.000840 -0.000066 -1.000000
vn -0.082736 0.734009 -0.674082
vn -0.307445 0.670895 -0.674817
vn -0.530347 0.558775 -0.637575
vn -0.663810 0.377474 -0.645654
vn -0.682901 0.211100 -0.699345
vn -0.754720 0.060061 -0.653292
vn -0.706687 -0.237557 -0.666453
vn -0.541917 -0.506361 -0.670764
vn -0.316427 -0.674795 -0.666728
vn -0.134295 -0.773401 -0.619529
vn 0.060676 -0.774605 -0.629528
vn 0.165832 -0.766953 -0.619905
vn 0.356526 -0.685684 -0.634607
vn 0.496647 -0.562375 -0.661117
vn 0.597439 -0.489533 -0.635157
vn 0.684947 -0.278924 -0.673089
vn 0.757853 -0.071717 -0.648471
vn 0.731879 0.182193 -0.656627
vn 0.606641 0.462456 -0.646623
vn 0.457788 0.586431 -0.668228
vn 0.251442 0.722492 -0.644036
vn 0.193109 0.831135 -0.521463
vn 0.000126 0.367965 0.929840
vn 0.050172 0.285612 0.957031
vn 0.168938 0.361880 0.916790
vn 0.234939 0.233202 0.943621
vn 0.384415 0.174742 0.906471
vn 0.294339 0.062764 0.953638
vn 0.301379 -0.059751 0.951631
vn 0.371231 -0.130835 0.919277
vn 0.246977 -0.246170 0.937231
vn 0.097040 -0.324689 0.940830
vn 0.055149 -0.296164 0.953544
vn -0.035219 -0.412860 0.910113
vn 0.013333 -0.692232 0.721552
vn -0.022128 -0.826727 0.562167
vn -0.028438 -0.943138 0.331183
vn 0.045328 -0.992035 0.117523
vn -0.054222 -0.992781 -0.106982
vn -0.045008 -0.923927 -0.379911
vn 0.027376 -0.848854 -0.527918
vn -0.031527 0.998993 0.031936
vn -0.029289 0.976365 -0.214133
vn 0.023561 0.899107 -0.437094
vn 0.049280 0.735989 -0.675197
vn -0.039186 0.553465 0.831950
vn -0.023411 0.740917 0.671189
vn 0.079937 0.772340 0.630160
vn 0.009979 0.898293 0.439283
vn 0.084540 0.980635 0.176658
vn 0.089701 0.428732 0.898967
vn 0.070396 0.607794 0.790968
vn 0.204830 0.613196 0.762913
vn 0.133798 0.897830 0.419522
vn 0.219574 0.806454 0.549017
vn 0.350169 0.585516 0.731131
vn 0.248301 0.933173 0.259876
vn 0.342649 0.779462 0.524435
vn 0.135418 0.979786 -0.147249
vn 0.290328 0.396879 0.870745
vn 0.263946 0.962000 -0.069918
vn 0.359911 0.910670 0.202842
vn 0.126664 0.875591 -0.466150
vn 0.494673 0.730986 0.470062
vn 0.369957 0.296372 0.880508
vn 0.467376 0.858270 0.211971
vn 0.477486 0.521743 0.706959
vn 0.253520 0.901615 -0.350455
vn 0.417193 0.894984 -0.157969
vn 0.524668 0.379449 0.762065
vn 0.226855 0.798251 -0.557971
vn 0.609745 0.672240 0.419886
vn 0.580755 0.807567 0.102752
vn 0.386235 0.798793 -0.461251
vn 0.663955 0.521376 0.536033
vn 0.554457 0.797507 -0.237823
vn 0.674878 0.737563 0.023250
vn 0.649735 0.352821 0.673321
vn 0.362431 0.642474 -0.675183
vn 0.735472 0.623996 0.264027
vn 0.778393 0.423887 0.463060
vn 0.638908 0.237311 0.731765
vn 0.552816 0.697331 -0.456206
vn 0.593217 0.138876 0.792974
vn 0.451214 0.052941 0.890844
vn 0.699126 0.674516 -0.237175
vn 0.787159 0.616263 0.024518
vn 0.856119 0.454828 0.245340
vn 0.786416 0.289902 0.545441
vn 0.468424 -0.029411 0.883014
vn 0.862067 0.505408 0.037455
vn 0.807823 0.548893 -0.214800
vn 0.567084 0.589252 -0.575498
vn 0.804678 0.142921 0.576252
vn 0.692603 0.568286 -0.444243
vn 0.886215 0.268021 0.377873
vn 0.652451 0.012466 0.757728
vn 0.910353 0.400850 -0.102841
vn 0.944393 0.283143 0.167189
vn 0.807421 0.423708 -0.410539
vn 0.675189 0.422519 -0.604646
vn 0.793286 0.043080 0.607323
vn 0.937931 0.075201 0.338572
vn 0.780675 -0.084398 0.619212
vn 0.972407 0.230286 -0.037331
vn 0.923906 0.284827 -0.255482
vn 0.624693 -0.150576 0.766215
vn 0.984649 0.107181 0.137761
vn 0.902973 -0.074587 0.423173
vn 0.708441 0.287400 -0.644602
vn 0.837685 0.245527 -0.487853
vn 0.985154 0.121973 -0.120803
vn 0.378268 -0.197324 0.904421
vn 0.968291 -0.098448 0.229612
vn 0.806597 -0.212533 0.551572
vn 0.998529 -0.041741 0.034618
vn 0.908874 0.149533 -0.389342
vn 0.610091 -0.266776 0.746069
vn 0.980695 -0.042137 -0.190950
vn 0.908173 -0.250644 0.335259
vn 0.934319 0.042187 -0.353932
vn 0.452495 -0.350510 0.819994
vn 0.968919 -0.225690 0.101287
vn 0.799672 -0.331210 0.500823
vn 0.783007 0.075207 -0.617449
vn 0.693863 -0.403613 0.596365
vn 0.961596 -0.237527 -0.137524
vn 0.871368 -0.065606 -0.486224
vn 0.893290 -0.385762 0.230697
vn 0.924131 -0.176344 -0.338946
vn 0.624771 -0.469051 0.624222
vn 0.796758 -0.474221 0.374555
vn 0.223063 -0.352547 0.908820
vn 0.513885 -0.534231 0.671207
vn 0.919986 -0.390729 -0.030920
vn 0.825757 -0.549488 0.127236
vn 0.696124 -0.600733 0.393105
vn 0.370516 -0.496117 0.785230
vn 0.784047 -0.207540 -0.584977
vn 0.864858 -0.336290 -0.372733
vn 0.870269 -0.451724 -0.196411
vn 0.550101 -0.671761 0.496111
vn 0.716942 -0.380934 -0.583853
vn 0.783274 -0.612964 -0.103716
vn 0.199326 -0.495166 0.845624
vn 0.697568 -0.702801 0.139536
vn 0.420942 -0.674054 0.607009
vn 0.764044 -0.525300 -0.374561
vn 0.598569 -0.752302 0.275239
vn 0.262245 -0.640779 0.721547
vn 0.664559 -0.744110 -0.068280
vn 0.458023 -0.820139 0.342909
vn 0.324083 -0.773585 0.544551
vn 0.638750 -0.699442 -0.320592
vn 0.644694 -0.565098 -0.514815
vn 0.071534 -0.538093 0.839845
vn 0.542387 -0.838004 0.059711
vn 0.166744 -0.721220 0.672338
vn 0.292413 -0.896908 0.331739
vn 0.369678 -0.924017 0.097622
vn 0.515700 -0.803658 -0.296963
vn 0.478869 -0.659098 -0.579892
vn 0.438349 -0.886318 -0.149301
vn 0.135000 -0.863019 0.486799
vn 0.148413 -0.949504 0.276432
vn 0.306481 -0.932425 -0.191452
vn 0.357066 -0.821680 -0.444237
vn 0.224909 -0.969959 0.092707
vn 0.200184 -0.966548 -0.160347
vn 0.274548 -0.735847 -0.618993
vn 0.093550 -0.977898 -0.186984
vn 0.176790 -0.868040 -0.463953
vn -0.172218 -0.326613 0.929336
vn -0.261589 -0.259903 0.929528
vn -0.303638 -0.177666 0.936076
vn -0.366754 -0.131146 0.921028
vn -0.276018 -0.061083 0.959210
vn -0.377790 0.062029 0.923811
vn -0.324757 0.130233 0.936788
vn -0.239557 0.221581 0.945259
vn -0.220343 0.338848 0.914675
vn -0.071041 0.311564 0.947566
vn -0.117754 -0.529813 0.839900
vn -0.170821 -0.676370 0.716480
vn -0.127458 -0.833556 0.537530
vn -0.295052 -0.506361 0.810273
vn -0.150547 -0.963818 0.219977
vn -0.244598 -0.823789 0.511413
vn -0.301378 -0.676872 0.671578
vn -0.270379 -0.957170 0.103542
vn -0.336041 -0.897763 0.284776
vn -0.183040 -0.973294 -0.138549
vn -0.413693 -0.777875 0.473041
vn -0.481452 -0.657666 0.579379
vn -0.407185 -0.449350 0.795163
vn -0.465938 -0.848993 0.249222
vn -0.172326 -0.875626 -0.451201
vn -0.390836 -0.919548 -0.040965
vn -0.470807 -0.329819 0.818267
vn -0.329162 -0.884214 -0.331387
vn -0.602896 -0.557441 0.570768
vn -0.619872 -0.719912 0.312226
vn -0.549978 -0.832636 0.065130
vn -0.469350 -0.831880 -0.296117
vn -0.286367 -0.776177 -0.561732
vn -0.621414 -0.429545 0.655237
vn -0.602958 -0.772886 -0.197709
vn -0.689345 -0.721359 0.066669
vn -0.726113 -0.607384 0.322248
vn -0.416556 -0.677580 -0.606107
vn -0.763955 -0.451774 0.460732
vn -0.646833 -0.304207 0.699332
vn -0.555127 -0.183515 0.811268
vn -0.556943 -0.662810 -0.500498
vn -0.798120 -0.576161 0.176190
vn -0.721967 -0.670132 -0.172299
vn -0.414546 -0.037584 0.909252
vn -0.788257 -0.300056 0.537232
vn -0.743747 -0.166718 0.647338
vn -0.830500 -0.554674 -0.051057
vn -0.739069 -0.576490 -0.348477
vn -0.870256 -0.398420 0.289683
vn -0.635729 -0.071379 0.768605
vn -0.908318 -0.417414 0.026911
vn -0.818776 -0.498367 -0.285020
vn -0.879315 -0.245949 0.407817
vn -0.636902 -0.521707 -0.567607
vn -0.510595 0.038834 0.858944
vn -0.946404 -0.267978 0.180297
vn -0.872885 -0.399180 -0.280583
vn -0.927070 -0.126946 0.352741
vn -0.779559 -0.007026 0.626289
vn -0.691833 -0.395637 -0.604018
vn -0.976105 -0.216938 -0.012495
vn -0.671271 0.121425 0.731199
vn -0.940413 -0.213714 -0.264480
vn -0.935413 -0.028487 0.352408
vn -0.867984 0.108016 0.484701
vn -0.480408 0.145407 0.864908
vn -0.819034 -0.295821 -0.491603
vn -0.984409 0.014108 0.175325
vn -0.634675 0.228103 0.738347
vn -0.998522 -0.001354 -0.054325
vn -0.834366 0.224362 0.503483
vn -0.804135 -0.146517 -0.576107
vn -0.411842 0.251802 0.875775
vn -0.946255 -0.044669 -0.320322
vn -0.962703 0.186042 0.196447
vn -0.591462 0.377591 0.712459
vn -0.727236 0.331810 0.600858
vn -0.914644 0.313416 0.255335
vn -0.793781 -0.050696 -0.606087
vn -0.978043 0.197717 -0.065884
vn -0.825015 0.386220 0.412533
vn -0.951363 0.111084 -0.287347
vn -0.416193 0.390032 0.821376
vn -0.848645 0.107566 -0.517911
vn -0.919754 0.392340 0.011008
vn -0.726953 0.478275 0.492740
vn -0.916131 0.232945 -0.326251
vn -0.920258 0.339018 -0.195429
vn -0.847491 0.481197 0.224073
vn -0.577619 0.583030 0.571342
vn -0.732953 0.582007 0.352203
vn -0.838784 0.290281 -0.460629
vn -0.827395 0.561331 0.018051
vn -0.409869 0.533641 0.739753
vn -0.735426 0.244383 -0.632002
vn -0.844017 0.478005 -0.243201
vn -0.238653 0.523424 0.817968
vn -0.745506 0.666172 0.020859
vn -0.657263 0.698049 0.284135
vn -0.768850 0.422620 -0.479856
vn -0.483130 0.717393 0.501929
vn -0.125070 0.432670 0.892835
vn -0.330499 0.646767 0.687359
vn -0.734790 0.619245 -0.276801
vn -0.623135 0.776474 0.093759
vn -0.534605 0.815804 0.220593
vn -0.659920 0.492319 -0.567563
vn -0.337643 0.810178 0.479175
vn -0.160929 0.670238 0.724488
vn -0.611648 0.775016 -0.158862
vn -0.622061 0.614058 -0.485771
vn -0.409061 0.877685 0.249676
vn -0.228569 0.814045 0.533936
vn -0.546369 0.716025 -0.434499
vn -0.480848 0.876384 -0.027130
vn -0.109649 0.834785 0.539547
vn -0.438827 0.835640 -0.330358
vn -0.266750 0.934579 0.235386
vn -0.349973 0.935191 -0.054195
vn -0.112155 0.943737 0.311097
vn -0.430127 0.633943 -0.642735
vn -0.311359 0.876676 -0.366737
vn -0.178296 0.982340 0.056742
vn -0.340891 0.743878 -0.574838
vn -0.189501 0.955590 -0.225692
vn -0.191500 0.800155 -0.568400
vn -0.086199 0.861841 -0.499799
vn -0.071880 -0.295906 0.952509
vn -0.141713 -0.093014 0.985528
vn -0.114965 -0.098403 0.988484
vn -0.093001 -0.114053 0.989112
vn -0.075787 -0.159099 0.984349
vn -0.191981 -0.098302 0.976463
vn -0.183329 0.103870 0.977549
vn -0.143008 0.147026 0.978740
vn -0.098959 0.121945 0.987591
vn -0.120513 0.100467 0.987615
vn -0.140253 0.127700 0.981846
vn -0.103035 0.188978 0.976561
vn -0.129185 -0.154916 0.979445
vn -0.139381 0.144958 0.979571
vn 0.144495 0.101713 0.984264
vn 0.128652 0.135496 0.982390
vn 0.097429 0.149102 0.984010
vn 0.157889 -0.085126 0.983781
vn 0.114433 -0.104667 0.987902
vn 0.102651 -0.120414 0.987402
vn 0.105599 -0.174432 0.978991
vn 0.149337 -0.156538 0.976317
vn 0.161501 0.119221 0.979645
vn 0.079116 0.196100 0.977387
vn -0.007480 0.999819 -0.017503
vn 0.007442 0.999961 -0.004760
vn 0.025685 0.999611 0.010826
vn 0.010635 0.999941 -0.002032
vn -0.010870 0.999939 0.001741
vn -0.999946 0.010360 -0.000368
vn -0.999768 0.018644 0.010798
vn -0.256859 0.966445 -0.002637
vn -0.611124 0.791521 0.004717
vn -0.881302 0.472360 0.013532
vn -0.991097 0.133036 0.005265
vn -0.008725 0.999961 -0.001105
vn -0.231362 0.972865 -0.002157
vn -0.681205 0.731949 -0.014535
vn -0.966542 0.256223 -0.012075
vn 0.000000 0.000000 1.000000
vn 0.000000 0.000000 1.000000
vn 0.000000 0.000000 1.000000
vn 0.000000 0.000000 1.000000
vn 0.000000 0.000000 1.000000
vn 0.000000 0.000000 1.000000
vn 0.000000 0.000000 1.000000
vn 0.000000 0.000000 1.000000
vn 0.000000 0.000000 1.000000
vn 0.000000 0.000000 1.000000
vn 0.000000 0.000000 1.000000
vn 0.000000 0.000000 1.000000
vn 0.000000 0.000000 1.000000
vn 0.000000 0.000000 1.000000
vn 0.000000 0.000000 1.000000
vn 0.000000 0.000000 1.000000
vn 0.000000 0.000000 1.000000
vn 0.000000 0.000000 1.000000
vn 0.000000 0.000000 1.000000
vn 0.000000 0.000000 1.000000
vn 0.000000 0.000000 1.000000
vn 0.000000 0.000000 1.000000
vn 0.000000 0.000000 1.000000
vn 0.002245 0.999997 -0.001330
vn 0.999965 0.008187 0.001917
vn 0.215054 0.976575 0.007314
vn 0.584440 0.811344 0.012274
vn 0.848690 0.528863 0.005456
vn 0.974798 0.223068 -0.003100
vn 0.015459 0.999858 -0.006667
vn 0.999983 0.005717 -0.001246
vn 0.980583 0.196081 -0.003178
vn 0.776961 0.629304 -0.017575
vn 0.291110 0.956542 -0.016802
vn 0.011146 0.999913 -0.007050
vn 0.998931 0.040882 -0.021566
vn 0.999800 -0.011369 -0.016438
vn 0.994476 0.104860 0.004704
vn 0.999947 0.010199 0.001453
vn 0.995400 -0.093641 0.020272
vn 0.021670 -0.999663 -0.014269
vn 0.999637 -0.022548 -0.014724
vn 0.020987 -0.999762 -0.005978
vn 0.976898 -0.213660 0.004362
vn 0.835089 -0.550064 0.007410
vn 0.576038 -0.817397 0.006500
vn 0.235785 -0.971800 0.003191
vn 0.999847 -0.017180 -0.003246
vn 0.015542 -0.999829 -0.010053
vn 0.243242 -0.969940 -0.007086
vn 0.633739 -0.773495 -0.008927
vn 0.872477 -0.488622 -0.005653
vn 0.984877 -0.173234 -0.002766
vn 0.999896 -0.012184 -0.007716
vn -0.014918 -0.999624 -0.023016
vn 0.006133 -0.999967 -0.005393
vn 0.031867 -0.999361 0.016160
vn 0.010893 -0.999940 -0.001407
vn -0.999904 -0.010571 0.008903
vn -0.013559 -0.999818 0.013441
vn -0.330207 -0.943709 0.019412
vn -0.774220 -0.632685 0.017116
vn -0.975253 -0.220912 0.008937
vn -0.999821 -0.013810 0.012912
vn -0.987217 -0.159381 -0.000635
vn -0.845229 -0.534288 -0.011114
vn -0.508243 -0.861091 -0.014560
vn -0.145917 -0.989293 -0.002627
vn -0.008523 -0.999937 0.007249
vn -0.999620 -0.020257 -0.018713
vn -0.999991 -0.002436 -0.003429
vn -0.999999 0.001319 -0.000209
vn -0.999700 0.019252 0.015173
f 1100//1100 1087//1087 1086//1086
f 1099//1099 1087//1087 1100//1100
f 1099//1099 1097//1097 1096//1096
f 1099//1099 1096//1096 1095//1095
f 1099//1099 1089//1089 1088//1088
f 1099//1099 1095//1095 1094//1094
f 1099//1099 1098//1098 1097//1097
f 1099//1099 1093//1093 1092//1092
f 1099//1099 1088//1088 1087//1087
f 1099//1099 1092//1092 1091//1091
f 1099//1099 1091//1091 1090//1090
f 1099//1099 1090//1090 1089//1089
f 1099//1099 1094//1094 1093//1093
f 1132//1132 1131//1131 1105//1105
f 1129//1129 1128//1128 1103//1103
f 1129//1129 1103//1103 1104//1104
f 1130//1130 1129//1129 1104//1104
f 1131//1131 1130//1130 1104//1104
f 1131//1131 1104//1104 1105//1105
f 1132//1132 1105//1105 1106//1106
f 1108//1108 1117//1117 1136//1136
f 1134//1134 1133//1133 1106//1106
f 1134//1134 1106//1106 1107//1107
f 1135//1135 1134//1134 1107//1107
f 1135//1135 1107//1107 1108//1108
f 1108//1108 1109//1109 1117//1117
f 1128//1128 1127//1127 1102//1102
f 1108//1108 1136//1136 1135//1135
f 1133//1133 1132//1132 1106//1106
f 1127//1127 1101//1101 1102//1102
f 1128//1128 1102//1102 1103//1103
f 1101//1101 1126//1126 1116//1116
f 1127//1127 1126//1126 1101//1101
f 1118//1118 1117//1117 1109//1109
f 1118//1118 1109//1109 1110//1110
f 1118//1118 1110//1110 1111//1111
f 1119//1119 1118//1118 1111//1111
f 1119//1119 1111//1111 1112//1112
f 1121//1121 1120//1120 1112//1112
f 1121//1121 1112//1112 1113//1113
f 1120//1120 1119//1119 1112//1112
f 1122//1122 1113//1113 1114//1114
f 1123//1123 1122//1122 1114//1114
f 1124//1124 1123//1123 1114//1114
f 1125//1125 1124//1124 1114//1114
f 1125//1125 1114//1114 1115//1115
f 1115//1115 1101//1101 1116//1116
f 1115//1115 1116//1116 1125//1125
f 1122//1122 1121//1121 1113//1113
f 1143//1143 1144//1144 1168//1168
f 1146//1146 1137//1137 1166//1166
f 1146//1146 1166//1166 1167//1167
f 1145//1145 1146//1146 1167//1167
f 1145//1145 1167//1167 1168//1168
f 1144//1144 1145//1145 1168//1168
f 1143//1143 1168//1168 1169//1169
f 1142//1142 1169//1169 1170//1170
f 1138//1138 1173//1173 1174//1174
f 1141//1141 1170//1170 1171//1171
f 1141//1141 1142//1142 1170//1170
f 1140//1140 1141//1141 1171//1171
f 1140//1140 1171//1171 1172//1172
f 1139//1139 1140//1140 1172//1172
f 1139//1139 1172//1172 1173//1173
f 1138//1138 1139//1139 1173//1173
f 1137//1137 1165//1165 1166//1166
f 1142//1142 1143//1143 1169//1169
f 1137//1137 1147//1147 1165//1165
f 1156//1156 1158//1158 1159//1159
f 1147//1147 1148//1148 1164//1164
f 1147//1147 1164//1164 1165//1165
f 1138//1138 1174//1174 1158//1158
f 1157//1157 1138//1138 1158//1158
f 1156//1156 1157//1157 1158//1158
f 1155//1155 1156//1156 1159//1159
f 1154//1154 1155//1155 1160//1160
f 1153//1153 1154//1154 1160//1160
f 1153//1153 1160//1160 1161//1161
f 1155//1155 1159//1159 1160//1160
f 1151//1151 1161//1161 1162//1162
f 1151//1151 1152//1152 1161//1161
f 1150//1150 1151//1151 1162//1162
f 1150//1150 1162//1162 1163//1163
f 1149//1149 1150//1150 1163//1163
f 1148//1148 1149//1149 1163//1163
f 1148//1148 1163//1163 1164//1164
f 1152//1152 1153//1153 1161//1161
f 1197//1197 1196//1196 1187//1187
f 1204//1204 1180//1180 1205//1205
f 1196//1196 1195//1195 1188//1188
f 1203//1203 1181//1181 1204//1204
f 1196//1196 1188//1188 1187//1187
f 1202//1202 1182//1182 1181//1181
f 1202//1202 1181//1181 1203//1203
f 1197//1197 1187//1187 1186//1186
f 1199//1199 1184//1184 1200//1200
f 1198//1198 1197//1197 1186//1186
f 1201//1201 1183//1183 1182//1182
f 1198//1198 1186//1186 1185//1185
f 1200//1200 1183//1183 1201//1201
f 1200//1200 1184//1184 1183//1183
f 1199//1199 1198//1198 1185//1185
f 1199//1199 1185//1185 1184//1184
f 1204//1204 1181//1181 1180//1180
f 1201//1201 1182//1182 1202//1202
f 1195//1195 1194//1194 1188//1188
f 1190//1190 1192//1192 1191//1191
f 1205//1205 1180//1180 1206//1206
f 1188//1188 1194//1194 1189//1189
f 1176//1176 1211//1211 1210//1210
f 1175//1175 1211//1211 1176//1176
f 1175//1175 1212//1212 1211//1211
f 1177//1177 1210//1210 1209//1209
f 1175//1175 1213//1213 1212//1212
f 1178//1178 1177//1177 1209//1209
f 1175//1175 1192//1192 1213//1213
f 1178//1178 1209//1209 1208//1208
f 1177//1177 1176//1176 1210//1210
f 1179//1179 1178//1178 1208//1208
f 1190//1190 1193//1193 1192//1192
f 1179//1179 1208//1208 1207//1207
f 1179//1179 1207//1207 1206//1206
f 1180//1180 1179//1179 1206//1206
f 1189//1189 1193//1193 1190//1190
f 1191//1191 1192//1192 1175//1175
f 1194//1194 1193//1193 1189//1189
f 1446//1446 1221//1221 1440//1440
f 1449//1449 1443//1443 1447//1447
f 1452//1452 1441//1441 1392//1392
f 1450//1450 1444//1444 1445//1445
f 1447//1447 1442//1442 1444//1444
f 1453//1453 1446//1446 1443//1443
f 1448//1448 1441//1441 1452//1452
f 1454//1454 1447//1447 1444//1444
f 1454//1454 1444//1444 1450//1450
f 1446//1446 1220//1220 1221//1221
f 1451//1451 1445//1445 1448//1448
f 1451//1451 1450//1450 1445//1445
f 1443//1443 1446//1446 1438//1438
f 1220//1220 1446//1446 1453//1453
f 1453//1453 1443//1443 1449//1449
f 1447//1447 1443//1443 1437//1437
f 1392//1392 1430//1430 1391//1391
f 1444//1444 1442//1442 1439//1439
f 1438//1438 1434//1434 1433//1433
f 1441//1441 1436//1436 1430//1430
f 1442//1442 1435//1435 1439//1439
f 1443//1443 1433//1433 1437//1437
f 1443//1443 1438//1438 1433//1433
f 1444//1444 1439//1439 1432//1432
f 1442//1442 1437//1437 1435//1435
f 1445//1445 1432//1432 1436//1436
f 1455//1455 1448//1448 1452//1452
f 1445//1445 1436//1436 1441//1441
f 1446//1446 1440//1440 1434//1434
f 1446//1446 1434//1434 1438//1438
f 1445//1445 1444//1444 1432//1432
f 1441//1441 1430//1430 1392//1392
f 1447//1447 1437//1437 1442//1442
f 1448//1448 1445//1445 1441//1441
f 1456//1456 1447//1447 1454//1454
f 1458//1458 1220//1220 1453//1453
f 1454//1454 1450//1450 1451//1451
f 1469//1469 1459//1459 1393//1393
f 1467//1467 1464//1464 1457//1457
f 1465//1465 1219//1219 1220//1220
f 1465//1465 1220//1220 1458//1458
f 1468//1468 1456//1456 1466//1466
f 1470//1470 1460//1460 1468//1468
f 1471//1471 1461//1461 1464//1464
f 1471//1471 1466//1466 1461//1461
f 1472//1472 1463//1463 1462//1462
f 1470//1470 1465//1465 1460//1460
f 1469//1469 1462//1462 1459//1459
f 1472//1472 1467//1467 1463//1463
f 1473//1473 1468//1468 1466//1466
f 1474//1474 1466//1466 1471//1471
f 1440//1440 1221//1221 1427//1427
f 1464//1464 1461//1461 1457//1457
f 1457//1457 1451//1451 1448//1448
f 1468//1468 1460//1460 1456//1456
f 1466//1466 1456//1456 1461//1461
f 1458//1458 1453//1453 1449//1449
f 1459//1459 1452//1452 1392//1392
f 1456//1456 1449//1449 1447//1447
f 1455//1455 1457//1457 1448//1448
f 1460//1460 1449//1449 1456//1456
f 1461//1461 1454//1454 1451//1451
f 1459//1459 1455//1455 1452//1452
f 1462//1462 1455//1455 1459//1459
f 1463//1463 1457//1457 1455//1455
f 1461//1461 1451//1451 1457//1457
f 1460//1460 1458//1458 1449//1449
f 1461//1461 1456//1456 1454//1454
f 1459//1459 1392//1392 1393//1393
f 1462//1462 1463//1463 1455//1455
f 1465//1465 1458//1458 1460//1460
f 1467//1467 1457//1457 1463//1463
f 1439//1439 1431//1431 1432//1432
f 1411//1411 1403//1403 1404//1404
f 1439//1439 1435//1435 1431//1431
f 1223//1223 1254//1254 1410//1410
f 1415//1415 1409//1409 1406//1406
f 1415//1415 1406//1406 1407//1407
f 1412//1412 1387//1387 1388//1388
f 1414//1414 1407//1407 1408//1408
f 1416//1416 1411//1411 1409//1409
f 1416//1416 1409//1409 1415//1415
f 1414//1414 1408//1408 1412//1412
f 1418//1418 1410//1410 1413//1413
f 1417//1417 1413//1413 1411//1411
f 1414//1414 1415//1415 1407//1407
f 1418//1418 1223//1223 1410//1410
f 1419//1419 1414//1414 1412//1412
f 1417//1417 1411//1411 1416//1416
f 1420//1420 1417//1417 1416//1416
f 1413//1413 1410//1410 1405//1405
f 1421//1421 1416//1416 1415//1415
f 1413//1413 1405//1405 1411//1411
f 1412//1412 1408//1408 1387//1387
f 1404//1404 1403//1403 1400//1400
f 1407//1407 1402//1402 1399//1399
f 1404//1404 1401//1401 1406//1406
f 1405//1405 1400//1400 1403//1403
f 1408//1408 1399//1399 1386//1386
f 1406//1406 1402//1402 1407//1407
f 1405//1405 1253//1253 1252//1252
f 1387//1387 1408//1408 1386//1386
f 1409//1409 1404//1404 1406//1406
f 1410//1410 1253//1253 1405//1405
f 1411//1411 1405//1405 1403//1403
f 1394//1394 1469//1469 1393//1393
f 1223//1223 1224//1224 1254//1254
f 1408//1408 1407//1407 1399//1399
f 1410//1410 1254//1254 1253//1253
f 1409//1409 1411//1411 1404//1404
f 1440//1440 1427//1427 1434//1434
f 1222//1222 1223//1223 1418//1418
f 1423//1423 1413//1413 1417//1417
f 1426//1426 1389//1389 1430//1430
f 1431//1431 1424//1424 1425//1425
f 1433//1433 1429//1429 1428//1428
f 1429//1429 1427//1427 1420//1420
f 1423//1423 1221//1221 1222//1222
f 1431//1431 1425//1425 1432//1432
f 1435//1435 1428//1428 1424//1424
f 1436//1436 1426//1426 1430//1430
f 1433//1433 1434//1434 1429//1429
f 1435//1435 1424//1424 1431//1431
f 1434//1434 1427//1427 1429//1429
f 1437//1437 1428//1428 1435//1435
f 1221//1221 1423//1423 1427//1427
f 1436//1436 1432//1432 1426//1426
f 1437//1437 1433//1433 1428//1428
f 1432//1432 1425//1425 1426//1426
f 1422//1422 1415//1415 1414//1414
f 1428//1428 1422//1422 1424//1424
f 1429//1429 1421//1421 1428//1428
f 1423//1423 1418//1418 1413//1413
f 1424//1424 1414//1414 1419//1419
f 1389//1389 1412//1412 1388//1388
f 1423//1423 1222//1222 1418//1418
f 1425//1425 1419//1419 1412//1412
f 1420//1420 1416//1416 1421//1421
f 1424//1424 1422//1422 1414//1414
f 1426//1426 1412//1412 1389//1389
f 1427//1427 1417//1417 1420//1420
f 1428//1428 1415//1415 1422//1422
f 1428//1428 1421//1421 1415//1415
f 1425//1425 1412//1412 1426//1426
f 1429//1429 1420//1420 1421//1421
f 1424//1424 1419//1419 1425//1425
f 1427//1427 1423//1423 1417//1417
f 1430//1430 1389//1389 1390//1390
f 1475//1475 1464//1464 1467//1467
f 1216//1216 1493//1493 1497//1497
f 1476//1476 1462//1462 1469//1469
f 1256//1256 1511//1511 1255//1255
f 1215//1215 1510//1510 1512//1512
f 1513//1513 1511//1511 1256//1256
f 1513//1513 1512//1512 1511//1511
f 1513//1513 1256//1256 1257//1257
f 1512//1512 1214//1214 1215//1215
f 1512//1512 1508//1508 1511//1511
f 1214//1214 1512//1512 1513//1513
f 1214//1214 1513//1513 1258//1258
f 1389//1389 1388//1388 1519//1519
f 1390//1390 1389//1389 1519//1519
f 1430//1430 1390//1390 1391//1391
f 1392//1392 1391//1391 1520//1520
f 1395//1395 1394//1394 1525//1525
f 1513//1513 1257//1257 1258//1258
f 1255//1255 1511//1511 1509//1509
f 1512//1512 1510//1510 1508//1508
f 1508//1508 1510//1510 1503//1503
f 1505//1505 1503//1503 1501//1501
f 1502//1502 1260//1260 1262//1262
f 1507//1507 1215//1215 1216//1216
f 1508//1508 1503//1503 1505//1505
f 1506//1506 1502//1502 1262//1262
f 1510//1510 1507//1507 1500//1500
f 1510//1510 1500//1500 1503//1503
f 1509//1509 1505//1505 1504//1504
f 1509//1509 1504//1504 1506//1506
f 1506//1506 1262//1262 1263//1263
f 1511//1511 1505//1505 1509//1509
f 1255//1255 1506//1506 1263//1263
f 1255//1255 1509//1509 1506//1506
f 1510//1510 1215//1215 1507//1507
f 1511//1511 1508//1508 1505//1505
f 1526//1526 1514//1514 1518//1518
f 1526//1526 1386//1386 1514//1514
f 1526//1526 1518//1518 1517//1517
f 1526//1526 1517//1517 1516//1516
f 1535//1535 1242//1242 1531//1531
f 1535//1535 1531//1531 1532//1532
f 1535//1535 1532//1532 1533//1533
f 1535//1535 1244//1244 1243//1243
f 1243//1243 1242//1242 1535//1535
f 1536//1536 1528//1528 1241//1241
f 1536//1536 1241//1241 1240//1240
f 1536//1536 1240//1240 1239//1239
f 1537//1537 1529//1529 1528//1528
f 1537//1537 1530//1530 1529//1529
f 1537//1537 1237//1237 1530//1530
f 1537//1537 1528//1528 1536//1536
f 1537//1537 1536//1536 1239//1239
f 1537//1537 1239//1239 1238//1238
f 1537//1537 1238//1238 1237//1237
f 1535//1535 1534//1534 1244//1244
f 1507//1507 1216//1216 1500//1500
f 1535//1535 1533//1533 1534//1534
f 1244//1244 1534//1534 1246//1246
f 1526//1526 1387//1387 1386//1386
f 1526//1526 1388//1388 1387//1387
f 1526//1526 1516//1516 1515//1515
f 1519//1519 1388//1388 1526//1526
f 1519//1519 1526//1526 1515//1515
f 1520//1520 1393//1393 1392//1392
f 1520//1520 1524//1524 1523//1523
f 1527//1527 1520//1520 1523//1523
f 1527//1527 1393//1393 1520//1520
f 1527//1527 1523//1523 1522//1522
f 1527//1527 1394//1394 1393//1393
f 1525//1525 1527//1527 1522//1522
f 1525//1525 1522//1522 1521//1521
f 1525//1525 1394//1394 1527//1527
f 1244//1244 1246//1246 1245//1245
f 1236//1236 1395//1395 1237//1237
f 1260//1260 1261//1261 1262//1262
f 1504//1504 1505//1505 1498//1498
f 1506//1506 1499//1499 1502//1502
f 1485//1485 1477//1477 1476//1476
f 1483//1483 1480//1480 1394//1394
f 1486//1486 1478//1478 1482//1482
f 1484//1484 1479//1479 1477//1477
f 1487//1487 1476//1476 1480//1480
f 1489//1489 1480//1480 1483//1483
f 1485//1485 1484//1484 1477//1477
f 1489//1489 1487//1487 1480//1480
f 1486//1486 1481//1481 1478//1478
f 1488//1488 1483//1483 1394//1394
f 1490//1490 1482//1482 1479//1479
f 1488//1488 1394//1394 1395//1395
f 1217//1217 1481//1481 1486//1486
f 1484//1484 1490//1490 1479//1479
f 1487//1487 1485//1485 1476//1476
f 1482//1482 1471//1471 1479//1479
f 1490//1490 1486//1486 1482//1482
f 1482//1482 1478//1478 1474//1474
f 1481//1481 1218//1218 1219//1219
f 1473//1473 1470//1470 1468//1468
f 1475//1475 1471//1471 1464//1464
f 1474//1474 1473//1473 1466//1466
f 1475//1475 1467//1467 1472//1472
f 1476//1476 1472//1472 1462//1462
f 1477//1477 1475//1475 1472//1472
f 1478//1478 1470//1470 1473//1473
f 1477//1477 1472//1472 1476//1476
f 1480//1480 1476//1476 1469//1469
f 1479//1479 1471//1471 1475//1475
f 1481//1481 1470//1470 1478//1478
f 1481//1481 1219//1219 1470//1470
f 1480//1480 1469//1469 1394//1394
f 1478//1478 1473//1473 1474//1474
f 1479//1479 1475//1475 1477//1477
f 1482//1482 1474//1474 1471//1471
f 1219//1219 1465//1465 1470//1470
f 1217//1217 1218//1218 1481//1481
f 1492//1492 1485//1485 1487//1487
f 1259//1259 1488//1488 1236//1236
f 1501//1501 1492//1492 1498//1498
f 1216//1216 1217//1217 1493//1493
f 1406//1406 1401//1401 1402//1402
f 1502//1502 1499//1499 1495//1495
f 1503//1503 1496//1496 1501//1501
f 1504//1504 1498//1498 1494//1494
f 1259//1259 1265//1265 1260//1260
f 1505//1505 1501//1501 1498//1498
f 1503//1503 1500//1500 1496//1496
f 1216//1216 1497//1497 1500//1500
f 1260//1260 1495//1495 1259//1259
f 1504//1504 1494//1494 1499//1499
f 1260//1260 1502//1502 1495//1495
f 1506//1506 1504//1504 1499//1499
f 1500//1500 1497//1497 1490//1490
f 1492//1492 1491//1491 1485//1485
f 1501//1501 1496//1496 1491//1491
f 1259//1259 1495//1495 1488//1488
f 1493//1493 1486//1486 1490//1490
f 1491//1491 1484//1484 1485//1485
f 1494//1494 1487//1487 1489//1489
f 1495//1495 1489//1489 1483//1483
f 1496//1496 1484//1484 1491//1491
f 1497//1497 1493//1493 1490//1490
f 1488//1488 1395//1395 1236//1236
f 1493//1493 1217//1217 1486//1486
f 1496//1496 1490//1490 1484//1484
f 1498//1498 1487//1487 1494//1494
f 1498//1498 1492//1492 1487//1487
f 1495//1495 1483//1483 1488//1488
f 1499//1499 1494//1494 1489//1489
f 1499//1499 1489//1489 1495//1495
f 1500//1500 1490//1490 1496//1496
f 1501//1501 1491//1491 1492//1492
f 1405//1405 1252//1252 1400//1400
f 1385//1385 1380//1380 1379//1379
f 1402//1402 1401//1401 1397//1397
f 1308//1308 1306//1306 1299//1299
f 1305//1305 1300//1300 1304//1304
f 1310//1310 1297//1297 1298//1298
f 1309//1309 1301//1301 1294//1294
f 1308//1308 1299//1299 1305//1305
f 1307//1307 1297//1297 1310//1310
f 1307//1307 1302//1302 1295//1295
f 1311//1311 1305//1305 1304//1304
f 1232//1232 1306//1306 1308//1308
f 1312//1312 1301//1301 1309//1309
f 1309//1309 1302//1302 1307//1307
f 1315//1315 1307//1307 1310//1310
f 1312//1312 1311//1311 1301//1301
f 1303//1303 1310//1310 1298//1298
f 1311//1311 1304//1304 1301//1301
f 1306//1306 1233//1233 1292//1292
f 1309//1309 1294//1294 1302//1302
f 1303//1303 1241//1241 1242//1242
f 1299//1299 1289//1289 1290//1290
f 1300//1300 1299//1299 1290//1290
f 1292//1292 1233//1233 1234//1234
f 1296//1296 1292//1292 1287//1287
f 1297//1297 1240//1240 1298//1298
f 1299//1299 1296//1296 1289//1289
f 1302//1302 1294//1294 1291//1291
f 1295//1295 1302//1302 1291//1291
f 1301//1301 1300//1300 1293//1293
f 1303//1303 1298//1298 1241//1241
f 1304//1304 1300//1300 1301//1301
f 1306//1306 1296//1296 1299//1299
f 1305//1305 1299//1299 1300//1300
f 1306//1306 1292//1292 1296//1296
f 1307//1307 1295//1295 1297//1297
f 1313//1313 1308//1308 1305//1305
f 1311//1311 1313//1313 1305//1305
f 1232//1232 1233//1233 1306//1306
f 1314//1314 1232//1232 1308//1308
f 1325//1325 1319//1319 1318//1318
f 1324//1324 1323//1323 1313//1313
f 1323//1323 1231//1231 1232//1232
f 1323//1323 1232//1232 1314//1314
f 1327//1327 1321//1321 1316//1316
f 1328//1328 1317//1317 1320//1320
f 1322//1322 1327//1327 1316//1316
f 1330//1330 1319//1319 1325//1325
f 1331//1331 1243//1243 1326//1326
f 1331//1331 1320//1320 1243//1243
f 1329//1329 1321//1321 1327//1327
f 1328//1328 1322//1322 1317//1317
f 1329//1329 1325//1325 1321//1321
f 1326//1326 1243//1243 1244//1244
f 1330//1330 1324//1324 1319//1319
f 1325//1325 1318//1318 1321//1321
f 1301//1301 1293//1293 1294//1294
f 1324//1324 1313//1313 1319//1319
f 1319//1319 1313//1313 1311//1311
f 1316//1316 1309//1309 1307//1307
f 1404//1404 1400//1400 1401//1401
f 1243//1243 1303//1303 1242//1242
f 1316//1316 1312//1312 1309//1309
f 1317//1317 1315//1315 1310//1310
f 1318//1318 1311//1311 1312//1312
f 1316//1316 1307//1307 1315//1315
f 1321//1321 1312//1312 1316//1316
f 1319//1319 1311//1311 1318//1318
f 1320//1320 1303//1303 1243//1243
f 1320//1320 1310//1310 1303//1303
f 1322//1322 1315//1315 1317//1317
f 1322//1322 1316//1316 1315//1315
f 1320//1320 1317//1317 1310//1310
f 1318//1318 1312//1312 1321//1321
f 1323//1323 1314//1314 1313//1313
f 1296//1296 1287//1287 1289//1289
f 1300//1300 1290//1290 1293//1293
f 1294//1294 1293//1293 1288//1288
f 1256//1256 1255//1255 1272//1272
f 1270//1270 1263//1263 1267//1267
f 1270//1270 1268//1268 1271//1271
f 1271//1271 1266//1266 1269//1269
f 1274//1274 1263//1263 1270//1270
f 1275//1275 1270//1270 1271//1271
f 1272//1272 1257//1257 1256//1256
f 1274//1274 1272//1272 1263//1263
f 1276//1276 1257//1257 1272//1272
f 1275//1275 1274//1274 1270//1270
f 1277//1277 1271//1271 1269//1269
f 1278//1278 1273//1273 1239//1239
f 1279//1279 1275//1275 1271//1271
f 1280//1280 1269//1269 1273//1273
f 1280//1280 1273//1273 1278//1278
f 1273//1273 1238//1238 1239//1239
f 1258//1258 1235//1235 1214//1214
f 1273//1273 1269//1269 1238//1238
f 1271//1271 1268//1268 1266//1266
f 1247//1247 1246//1246 1514//1514
f 1264//1264 1236//1236 1237//1237
f 1259//1259 1236//1236 1264//1264
f 1265//1265 1259//1259 1264//1264
f 1264//1264 1237//1237 1238//1238
f 1261//1261 1260//1260 1265//1265
f 1266//1266 1265//1265 1264//1264
f 1267//1267 1262//1262 1261//1261
f 1266//1266 1261//1261 1265//1265
f 1268//1268 1261//1261 1266//1266
f 1266//1266 1264//1264 1238//1238
f 1267//1267 1263//1263 1262//1262
f 1268//1268 1267//1267 1261//1261
f 1269//1269 1266//1266 1238//1238
f 1270//1270 1267//1267 1268//1268
f 1272//1272 1255//1255 1263//1263
f 1332//1332 1325//1325 1329//1329
f 1281//1281 1272//1272 1274//1274
f 1282//1282 1274//1274 1275//1275
f 1289//1289 1282//1282 1286//1286
f 1240//1240 1283//1283 1278//1278
f 1293//1293 1286//1286 1285//1285
f 1292//1292 1234//1234 1284//1284
f 1292//1292 1284//1284 1287//1287
f 1293//1293 1285//1285 1288//1288
f 1291//1291 1288//1288 1283//1283
f 1289//1289 1287//1287 1282//1282
f 1294//1294 1288//1288 1291//1291
f 1290//1290 1286//1286 1293//1293
f 1295//1295 1283//1283 1240//1240
f 1289//1289 1286//1286 1290//1290
f 1295//1295 1291//1291 1283//1283
f 1297//1297 1295//1295 1240//1240
f 1298//1298 1240//1240 1241//1241
f 1288//1288 1285//1285 1280//1280
f 1277//1277 1279//1279 1271//1271
f 1287//1287 1284//1284 1281//1281
f 1285//1285 1286//1286 1277//1277
f 1258//1258 1257//1257 1276//1276
f 1281//1281 1276//1276 1272//1272
f 1280//1280 1277//1277 1269//1269
f 1283//1283 1280//1280 1278//1278
f 1284//1284 1276//1276 1281//1281
f 1282//1282 1275//1275 1279//1279
f 1285//1285 1277//1277 1280//1280
f 1286//1286 1279//1279 1277//1277
f 1282//1282 1281//1281 1274//1274
f 1284//1284 1258//1258 1276//1276
f 1286//1286 1282//1282 1279//1279
f 1287//1287 1281//1281 1282//1282
f 1288//1288 1280//1280 1283//1283
f 1234//1234 1258//1258 1284//1284
f 1234//1234 1235//1235 1258//1258
f 1240//1240 1278//1278 1239//1239
f 1328//1328 1320//1320 1331//1331
f 1314//1314 1308//1308 1313//1313
f 1333//1333 1322//1322 1328//1328
f 1372//1372 1373//1373 1365//1365
f 1376//1376 1374//1374 1370//1370
f 1248//1248 1377//1377 1371//1371
f 1375//1375 1228//1228 1368//1368
f 1374//1374 1375//1375 1367//1367
f 1375//1375 1227//1227 1228//1228
f 1377//1377 1372//1372 1366//1366
f 1378//1378 1372//1372 1377//1377
f 1378//1378 1373//1373 1372//1372
f 1379//1379 1376//1376 1373//1373
f 1380//1380 1374//1374 1376//1376
f 1381//1381 1373//1373 1378//1378
f 1377//1377 1249//1249 1250//1250
f 1333//1333 1327//1327 1322//1322
f 1377//1377 1248//1248 1249//1249
f 1377//1377 1366//1366 1371//1371
f 1376//1376 1370//1370 1373//1373
f 1375//1375 1368//1368 1367//1367
f 1370//1370 1362//1362 1365//1365
f 1370//1370 1359//1359 1362//1362
f 1364//1364 1359//1359 1370//1370
f 1228//1228 1356//1356 1368//1368
f 1369//1369 1363//1363 1358//1358
f 1368//1368 1361//1361 1367//1367
f 1245//1245 1246//1246 1247//1247
f 1371//1371 1363//1363 1369//1369
f 1369//1369 1245//1245 1247//1247
f 1373//1373 1370//1370 1365//1365
f 1371//1371 1366//1366 1363//1363
f 1374//1374 1364//1364 1370//1370
f 1372//1372 1365//1365 1366//1366
f 1248//1248 1371//1371 1369//1369
f 1374//1374 1367//1367 1364//1364
f 1378//1378 1377//1377 1250//1250
f 1380//1380 1375//1375 1374//1374
f 1381//1381 1379//1379 1373//1373
f 1379//1379 1380//1380 1376//1376
f 1248//1248 1369//1369 1396//1396
f 1386//1386 1247//1247 1514//1514
f 1397//1397 1248//1248 1396//1396
f 1396//1396 1247//1247 1386//1386
f 1398//1398 1249//1249 1248//1248
f 1398//1398 1248//1248 1397//1397
f 1398//1398 1250//1250 1249//1249
f 1399//1399 1396//1396 1386//1386
f 1400//1400 1250//1250 1398//1398
f 1400//1400 1251//1251 1250//1250
f 1401//1401 1398//1398 1397//1397
f 1402//1402 1397//1397 1396//1396
f 1402//1402 1396//1396 1399//1399
f 1400//1400 1398//1398 1401//1401
f 1252//1252 1251//1251 1400//1400
f 1396//1396 1369//1369 1247//1247
f 1369//1369 1358//1358 1245//1245
f 1224//1224 1385//1385 1254//1254
f 1254//1254 1384//1384 1253//1253
f 1382//1382 1379//1379 1381//1381
f 1251//1251 1381//1381 1378//1378
f 1378//1378 1250//1250 1251//1251
f 1226//1226 1375//1375 1380//1380
f 1251//1251 1382//1382 1381//1381
f 1383//1383 1226//1226 1380//1380
f 1384//1384 1382//1382 1251//1251
f 1384//1384 1251//1251 1252//1252
f 1385//1385 1379//1379 1382//1382
f 1383//1383 1225//1225 1226//1226
f 1385//1385 1383//1383 1380//1380
f 1384//1384 1385//1385 1382//1382
f 1384//1384 1252//1252 1253//1253
f 1225//1225 1383//1383 1385//1385
f 1254//1254 1385//1385 1384//1384
f 1224//1224 1225//1225 1385//1385
f 1366//1366 1365//1365 1360//1360
f 1375//1375 1226//1226 1227//1227
f 1367//1367 1357//1357 1364//1364
f 1342//1342 1336//1336 1333//1333
f 1344//1344 1339//1339 1331//1331
f 1344//1344 1331//1331 1335//1335
f 1338//1338 1230//1230 1231//1231
f 1345//1345 1337//1337 1339//1339
f 1343//1343 1341//1341 1332//1332
f 1343//1343 1332//1332 1340//1340
f 1230//1230 1338//1338 1341//1341
f 1347//1347 1344//1344 1335//1335
f 1348//1348 1340//1340 1336//1336
f 1348//1348 1336//1336 1342//1342
f 1346//1346 1335//1335 1244//1244
f 1349//1349 1342//1342 1345//1345
f 1350//1350 1339//1339 1344//1344
f 1345//1345 1342//1342 1337//1337
f 1341//1341 1338//1338 1334//1334
f 1342//1342 1333//1333 1337//1337
f 1340//1340 1332//1332 1329//1329
f 1334//1334 1330//1330 1325//1325
f 1338//1338 1323//1323 1324//1324
f 1334//1334 1325//1325 1332//1332
f 1368//1368 1356//1356 1361//1361
f 1338//1338 1324//1324 1330//1330
f 1338//1338 1231//1231 1323//1323
f 1336//1336 1327//1327 1333//1333
f 1336//1336 1329//1329 1327//1327
f 1333//1333 1328//1328 1337//1337
f 1337//1337 1328//1328 1331//1331
f 1338//1338 1330//1330 1334//1334
f 1335//1335 1326//1326 1244//1244
f 1340//1340 1329//1329 1336//1336
f 1339//1339 1337//1337 1331//1331
f 1341//1341 1334//1334 1332//1332
f 1350//1350 1345//1345 1339//1339
f 1351//1351 1335//1335 1346//1346
f 1335//1335 1331//1331 1326//1326
f 1353//1353 1343//1343 1340//1340
f 1229//1229 1352//1352 1356//1356
f 1358//1358 1351//1351 1346//1346
f 1359//1359 1357//1357 1349//1349
f 1358//1358 1346//1346 1245//1245
f 1357//1357 1361//1361 1354//1354
f 1362//1362 1359//1359 1350//1350
f 1362//1362 1350//1350 1355//1355
f 1361//1361 1353//1353 1354//1354
f 1363//1363 1360//1360 1351//1351
f 1356//1356 1353//1353 1361//1361
f 1364//1364 1357//1357 1359//1359
f 1365//1365 1355//1355 1360//1360
f 1366//1366 1360//1360 1363//1363
f 1365//1365 1362//1362 1355//1355
f 1356//1356 1228//1228 1229//1229
f 1367//1367 1361//1361 1357//1357
f 1363//1363 1351//1351 1358//1358
f 1357//1357 1354//1354 1349//1349
f 1360//1360 1355//1355 1347//1347
f 1353//1353 1352//1352 1343//1343
f 1349//1349 1348//1348 1342//1342
f 1354//1354 1353//1353 1340//1340
f 1354//1354 1340//1340 1348//1348
f 1346//1346 1244//1244 1245//1245
f 1351//1351 1347//1347 1335//1335
f 1352//1352 1230//1230 1341//1341
f 1360//1360 1347//1347 1351//1351
f 1350//1350 1344//1344 1347//1347
f 1352//1352 1341//1341 1343//1343
f 1349//1349 1345//1345 1350//1350
f 1354//1354 1348//1348 1349//1349
f 1352//1352 1229//1229 1230//1230
f 1355//1355 1350//1350 1347//1347
f 1356//1356 1352//1352 1353//1353
f 1359//1359 1349//1349 1350//1350
f 1541//1541 1539//1539 1538//1538
f 1540//1540 1539//1539 1541//1541
f 1550//1550 1545//1545 1542//1542
f 1551//1551 1552//1552 1547//1547
f 1552//1552 1548//1548 1547//1547
f 1550//1550 1542//1542 1549//1549
f 1551//1551 1547//1547 1546//1546
f 1550//1550 1551//1551 1545//1545
f 1551//1551 1546//1546 1545//1545
f 1552//1552 1543//1543 1548//1548
f 1544//1544 1543//1543 1552//1552
f 1575//1575 1555//1555 1554//1554
f 1555//1555 1553//1553 1554//1554
f 1557//1557 1559//1559 1558//1558
f 1561//1561 1560//1560 1559//1559
f 1571//1571 1570//1570 1573//1573
f 1566//1566 1564//1564 1567//1567
f 1571//1571 1573//1573 1572//1572
f 1566//1566 1565//1565 1564//1564
f 1567//1567 1564//1564 1568//1568
f 1568//1568 1563//1563 1562//1562
f 1568//1568 1564//1564 1563//1563
f 1569//1569 1574//1574 1573//1573
f 1561//1561 1559//1559 1557//1557
f 1569//1569 1568//1568 1574//1574
f 1568//1568 1556//1556 1574//1574
f 1562//1562 1557//1557 1556//1556
f 1574//1574 1556//1556 1575//1575
f 1562//1562 1561//1561 1557//1557
f 1575//1575 1556//1556 1555//1555
f 1568//1568 1562//1562 1556//1556
f 1570//1570 1569//1569 1573//1573
f 1587//1587 1582//1582 1586//1586
f 1587//1587 1576//1576 1582//1582
f 1584//1584 1585//1585 1581//1581
f 1585//1585 1580//1580 1581//1581
f 1585//1585 1579//1579 1580//1580
f 1585//1585 1586//1586 1579//1579
f 1586//1586 1578//1578 1579//1579
f 1584//1584 1577//1577 1583//1583
f 1584//1584 1581//1581 1577//1577
f 1586//1586 1582//1582 1578//1578
f 1591//1591 1588//1588 1590//1590
f 1591//1591 1589//1589 1588//1588
f 1592//1592 1589//1589 1591//1591
f 1606//1606 1600//1600 1605//1605
f 1606//1606 1594//1594 1600//1600
f 1602//1602 1603//1603 1598//1598
f 1602//1602 1598//1598 1599//1599
f 1602//1602 1599//1599 1595//1595
f 1602//1602 1595//1595 1601//1601
f 1604//1604 1596//1596 1597//1597
f 1604//1604 1605//1605 1596//1596
f 1603//1603 1604//1604 1597//1597
f 1605//1605 1600//1600 1596//1596
f 1601//1601 1595//1595 1593//1593
f 1603//1603 1597//1597 1598//1598
f 1610//1610 1607//1607 1608//1608
f 1610//1610 1608//1608 1609//1609
f 1618//1618 1619//1619 1614//1614
f 1618//1618 1614//1614 1615//1615
f 1619//1619 1620//1620 1613//1613
f 1620//1620 1612//1612 1613//1613
f 1621//1621 1612//1612 1620//1620
f 1617//1617 1611//1611 1616//1616
f 1617//1617 1615//1615 1611//1611
f 1619//1619 1613//1613 1614//1614
f 1617//1617 1618//1618 1615//1615
f 1624//1624 1623//1623 1622//1622
f 1625//1625 1623//1623 1624//1624
v 0.0002658 -0.0067684 0.0119999
v 0.0006305 -0.0065040 0.0120000
v 0.0008004 -0.0061267 0.0119999
v 0.0007651 -0.0057514 0.0120000
v 0.0005562 -0.0054073 0.0119999
v 0.0001475 -0.0052053 0.0120000
v -0.0002657 -0.0052316 0.0119999
v -0.0006556 -0.0055237 0.0120000
v -0.0008022 -0.0059107 0.0120000
v -0.0007476 -0.0063097 0.0120000
v -0.0004566 -0.0066725 0.0120000
v -0.0000918 -0.0067968 0.0120001
v 0.0002658 -0.0067684 0.0119999
v 0.0006305 -0.0065040 0.0120000
v 0.0008004 -0.0061267 0.0119999
v 0.0007651 -0.0057514 0.0120000
v 0.0005562 -0.0054073 0.0119999
v 0.0001475 -0.0052053 0.0120000
v -0.0002657 -0.0052316 0.0119999
v -0.0006556 -0.0055237 0.0120000
v -0.0008022 -0.0059107 0.0120000
v -0.0007476 -0.0063097 0.0120000
v -0.0004566 -0.0066725 0.0120000
v -0.0000918 -0.0067968 0.0120001
v 0.0001138 -0.0069980 0.0121998
v 0.0000858 -0.0050016 0.0122001
v -0.0001644 -0.0050116 0.0121998
v -0.0003866 -0.0050756 0.0121992
v -0.0006582 -0.0052392 0.0122012
v -0.0008984 -0.0055475 0.0121985
v -0.0009986 -0.0058992 0.0122000
v -0.0009809 -0.0062127 0.0122000
v -0.0008686 -0.0065018 0.0121994
v -0.0007124 -0.0067045 0.0122007
v -0.0005238 -0.0068547 0.0121997
v -0.0002392 -0.0069763 0.0122004
v 0.0004139 -0.0069146 0.0122001
v 0.0006504 -0.0067615 0.0121987
v 0.0008544 -0.0065312 0.0122012
v 0.0009747 -0.0062341 0.0121996
v 0.0010004 -0.0060223 0.0122000
v 0.0009767 -0.0057589 0.0122012
v 0.0008415 -0.0054539 0.0121994
v 0.0006510 -0.0052377 0.0121996
v 0.0003790 -0.0050681 0.0122012
v 0.0001138 -0.0069980 0.0121998
v 0.0000858 -0.0050016 0.0122001
v -0.0001644 -0.0050116 0.0121998
v -0.0003866 -0.0050756 0.0121992
v -0.0006582 -0.0052392 0.0122012
v -0.0008984 -0.0055475 0.0121985
v -0.0009986 -0.0058992 0.0122000
v -0.0009809 -0.0062127 0.0122000
v -0.0008686 -0.0065018 0.0121994
v -0.0007124 -0.0067045 0.0122007
v -0.0005238 -0.0068547 0.0121997
v -0.0002392 -0.0069763 0.0122004
v 0.0004139 -0.0069146 0.0122001
v 0.0006504 -0.0067615 0.0121987
v 0.0008544 -0.0065312 0.0122012
v 0.0009747 -0.0062341 0.0121996
v 0.0010004 -0.0060223 0.0122000
v 0.0009767 -0.0057589 0.0122012
v 0.0008415 -0.0054539 0.0121994
v 0.0006510 -0.0052377 0.0121996
v 0.0003790 -0.0050681 0.0122012
v 0.0002620 -0.0050257 0.0200000
v 0.0006443 -0.0052273 0.0200000
v 0.0009110 -0.0055665 0.0200000
v 0.0010037 -0.0059606 0.0200000
v 0.0009456 -0.0063489 0.0200000
v 0.0007682 -0.0066433 0.0200000
v 0.0005670 -0.0068283 0.0200000
v 0.0003191 -0.0069498 0.0200000
v -0.0000273 -0.0070085 0.0200000
v -0.0004205 -0.0069122 0.0200000
v -0.0007491 -0.0066757 0.0200000
v -0.0009455 -0.0063369 0.0200000
v -0.0009996 -0.0060688 0.0200000
v -0.0009775 -0.0057653 0.0200000
v -0.0008146 -0.0054081 0.0200000
v -0.0005573 -0.0051659 0.0200000
v -0.0002089 -0.0050130 0.0200000
v 0.0002620 -0.0050257 0.0200000
v 0.0006443 -0.0052273 0.0200000
v 0.0009110 -0.0055665 0.0200000
v 0.0010037 -0.0059606 0.0200000
v 0.0009456 -0.0063489 0.0200000
v 0.0007682 -0.0066433 0.0200000
v 0.0005670 -0.0068283 0.0200000
v 0.0003191 -0.0069498 0.0200000
v -0.0000273 -0.0070085 0.0200000
v -0.0004205 -0.0069122 0.0200000
v -0.0007491 -0.0066757 0.0200000
v -0.0009455 -0.0063369 0.0200000
v -0.0009996 -0.0060688 0.0200000
v -0.0009775 -0.0057653 0.0200000
v -0.0008146 -0.0054081 0.0200000
v -0.0005573 -0.0051659 0.0200000
v -0.0002089 -0.0050130 0.0200000
v -0.0001511 -0.0044705 0.0200001
v -0.0008297 -0.0047035 0.0200001
v -0.0011973 -0.0050342 0.0200000
v -0.0014656 -0.0055179 0.0200008
v -0.0015201 -0.0057645 0.0200005
v -0.0015284 -0.0062114 0.0200002
v -0.0013481 -0.0067459 0.0200012
v -0.0011543 -0.0070227 0.0200014
v -0.0009088 -0.0072459 0.0200007
v -0.0006565 -0.0073935 0.0200009
v -0.0003264 -0.0075058 0.0200001
v 0.0001153 -0.0075361 0.0200011
v 0.0005791 -0.0074295 0.0200003
v 0.0010885 -0.0070908 0.0200004
v 0.0013620 -0.0067095 0.0200000
v 0.0015452 -0.0060446 0.0200032
v 0.0014993 -0.0056419 0.0200001
v 0.0012854 -0.0051551 0.0200000
v 0.0010012 -0.0048287 0.0200006
v 0.0006817 -0.0046121 0.0200036
v 0.0002863 -0.0044887 0.0200000
v 0.0014858 -0.0064204 0.0200027
v -0.0004508 -0.0045245 0.0200019
v -0.0001511 -0.0044705 0.0200001
v -0.0008297 -0.0047035 0.0200001
v -0.0011973 -0.0050342 0.0200000
v -0.0014656 -0.0055179 0.0200008
v -0.0015201 -0.0057645 0.0200005
v -0.0015284 -0.0062114 0.0200002
v -0.0013481 -0.0067459 0.0200012
v -0.0011543 -0.0070227 0.0200014
v -0.0009088 -0.0072459 0.0200007
v -0.0006565 -0.0073935 0.0200009
v -0.0003264 -0.0075058 0.0200001
v 0.0001153 -0.0075361 0.0200011
v 0.0005791 -0.0074295 0.0200003
v 0.0010885 -0.0070908 0.0200004
v 0.0013620 -0.0067095 0.0200000
v 0.0015452 -0.0060446 0.0200032
v 0.0014993 -0.0056419 0.0200001
v 0.0012854 -0.0051551 0.0200000
v 0.0010012 -0.0048287 0.0200006
v 0.0006817 -0.0046121 0.0200036
v 0.0002863 -0.0044887 0.0200000
v 0.0000328 -0.0047471 0.0211275
v 0.0002071 -0.0047644 0.0211274
v 0.0003722 -0.0047154 0.0211026
v 0.0007540 -0.0049372 0.0211133
v 0.0010757 -0.0051600 0.0210918
v 0.0012530 -0.0054592 0.0210918
v 0.0012339 -0.0057925 0.0211294
v 0.0012423 -0.0062063 0.0211284
v 0.0012776 -0.0064190 0.0210994
v 0.0009500 -0.0068912 0.0211159
v 0.0005376 -0.0072057 0.0211094
v 0.0002076 -0.0072364 0.0211294
v 0.0000731 -0.0073916 0.0210762
v 0.0000434 -0.0075528 0.0209642
v 0.0000894 -0.0076516 0.0208364
v 0.0000981 -0.0077156 0.0207015
v 0.0000860 -0.0077458 0.0205706
v 0.0000831 -0.0077486 0.0204208
v 0.0001063 -0.0077179 0.0202859
v 0.0000858 -0.0076533 0.0201420
v -0.0000336 -0.0042460 0.0204994
v -0.0000316 -0.0042602 0.0203548
v 0.0000462 -0.0043146 0.0201954
v 0.0001173 -0.0044169 0.0200518
v 0.0001094 -0.0046089 0.0210735
v -0.0001006 -0.0045024 0.0210100
v -0.0000340 -0.0044039 0.0209149
v 0.0000411 -0.0043246 0.0207980
v 0.0001373 -0.0042619 0.0206092
v 0.0002824 -0.0045119 0.0209977
v 0.0002160 -0.0044104 0.0209040
v 0.0002282 -0.0043190 0.0207558
v 0.0005720 -0.0046755 0.0210488
v 0.0004315 -0.0044114 0.0208488
v 0.0006475 -0.0046122 0.0209845
v 0.0008609 -0.0048821 0.0210673
v 0.0004592 -0.0043332 0.0206666
v 0.0006378 -0.0044780 0.0208443
v 0.0002340 -0.0042688 0.0203881
v 0.0004650 -0.0043104 0.0204322
v 0.0007340 -0.0044356 0.0206692
v 0.0009076 -0.0047366 0.0209605
v 0.0008120 -0.0045529 0.0208259
v 0.0006757 -0.0043821 0.0205234
v 0.0002237 -0.0043411 0.0201751
v 0.0009526 -0.0045733 0.0207094
v 0.0011599 -0.0050125 0.0209894
v 0.0004538 -0.0043542 0.0202488
v 0.0010679 -0.0047719 0.0208781
v 0.0007916 -0.0044558 0.0203253
v 0.0004212 -0.0044400 0.0200852
v 0.0009154 -0.0045063 0.0205133
v 0.0011548 -0.0047447 0.0207325
v 0.0006388 -0.0044572 0.0201657
v 0.0011257 -0.0046562 0.0205373
v 0.0012860 -0.0049694 0.0208460
v 0.0013457 -0.0052844 0.0209893
v 0.0009734 -0.0045539 0.0203780
v 0.0013118 -0.0048706 0.0206653
v 0.0014317 -0.0051637 0.0208321
v 0.0009950 -0.0046264 0.0202161
v 0.0011913 -0.0047260 0.0203845
v 0.0014320 -0.0055829 0.0210140
v 0.0013666 -0.0059150 0.0210904
v 0.0008859 -0.0046657 0.0200692
v 0.0013701 -0.0049071 0.0204881
v 0.0014531 -0.0050410 0.0206128
v 0.0015283 -0.0054459 0.0208796
v 0.0011832 -0.0048045 0.0201860
v 0.0015604 -0.0052684 0.0206859
v 0.0013566 -0.0049177 0.0203391
v 0.0015459 -0.0056971 0.0209377
v 0.0015489 -0.0051715 0.0204569
v 0.0014716 -0.0058750 0.0210253
v 0.0016295 -0.0055033 0.0207381
v 0.0016591 -0.0057141 0.0207869
v 0.0014318 -0.0051012 0.0202021
v 0.0015734 -0.0052510 0.0203700
v 0.0012885 -0.0050455 0.0200690
v 0.0016574 -0.0054561 0.0205879
v 0.0014376 -0.0061611 0.0210446
v 0.0015649 -0.0060168 0.0209512
v 0.0017117 -0.0056716 0.0206062
v 0.0016743 -0.0059163 0.0207969
v 0.0016633 -0.0054581 0.0204236
v 0.0015972 -0.0053998 0.0202408
v 0.0017390 -0.0057733 0.0204429
v 0.0016531 -0.0061339 0.0208278
v 0.0014585 -0.0063567 0.0210063
v 0.0014453 -0.0053017 0.0200733
v 0.0017379 -0.0058844 0.0206058
v 0.0015536 -0.0063098 0.0209272
v 0.0017138 -0.0057198 0.0203385
v 0.0017239 -0.0061230 0.0206701
v 0.0015658 -0.0054851 0.0201317
v 0.0012230 -0.0066362 0.0210826
v 0.0016590 -0.0056534 0.0202178
v 0.0017513 -0.0060671 0.0205087
v 0.0016364 -0.0063877 0.0207893
v 0.0013450 -0.0066766 0.0210042
v 0.0015121 -0.0065779 0.0208885
v 0.0015818 -0.0056958 0.0200805
v 0.0016722 -0.0058858 0.0201784
v 0.0016794 -0.0064359 0.0206397
v 0.0017360 -0.0060565 0.0203427
v 0.0017300 -0.0062895 0.0204781
v 0.0010431 -0.0069839 0.0210563
v 0.0013956 -0.0068257 0.0208832
v 0.0015226 -0.0067810 0.0207268
v 0.0016664 -0.0061343 0.0201697
v 0.0016759 -0.0065125 0.0205105
v 0.0016855 -0.0063227 0.0202699
v 0.0011647 -0.0070051 0.0209758
v 0.0015974 -0.0067187 0.0205481
v 0.0016691 -0.0064760 0.0203409
v 0.0013112 -0.0069980 0.0208457
v 0.0016109 -0.0064372 0.0201664
v 0.0015786 -0.0067298 0.0203522
v 0.0008714 -0.0072023 0.0210206
v 0.0015061 -0.0069016 0.0204775
v 0.0010778 -0.0071668 0.0209269
v 0.0012842 -0.0071142 0.0207527
v 0.0014858 -0.0064204 0.0200027
v 0.0015223 -0.0067784 0.0202476
v 0.0013411 -0.0071227 0.0205800
v 0.0010319 -0.0072910 0.0208376
v 0.0014497 -0.0067281 0.0200905
v 0.0005761 -0.0073908 0.0210074
v 0.0008694 -0.0073645 0.0208881
v 0.0013881 -0.0070575 0.0203909
v 0.0010928 -0.0073403 0.0206637
v 0.0003655 -0.0073756 0.0210620
v 0.0011797 -0.0072988 0.0204501
v 0.0013014 -0.0071205 0.0202682
v 0.0008338 -0.0074975 0.0207178
v 0.0006432 -0.0075145 0.0208526
v 0.0012469 -0.0070609 0.0201100
v 0.0009551 -0.0074693 0.0205382
v 0.0010877 -0.0073284 0.0202743
v 0.0003361 -0.0075470 0.0209298
v 0.0005569 -0.0076204 0.0207131
v 0.0006597 -0.0076224 0.0205514
v 0.0009221 -0.0074575 0.0202921
v 0.0010218 -0.0072705 0.0201036
v 0.0007676 -0.0075679 0.0203882
v 0.0003493 -0.0076379 0.0207995
v 0.0003665 -0.0077054 0.0206069
v 0.0007932 -0.0074103 0.0200853
v 0.0005590 -0.0076445 0.0203367
v 0.0007209 -0.0075305 0.0202111
v 0.0003459 -0.0077114 0.0203848
v 0.0004219 -0.0076186 0.0201676
v 0.0003465 -0.0075575 0.0200629
v -0.0002684 -0.0073637 0.0210804
v -0.0006909 -0.0071200 0.0211116
v -0.0012622 -0.0064961 0.0210962
v -0.0013203 -0.0062551 0.0210987
v -0.0012351 -0.0062065 0.0211272
v -0.0012431 -0.0057999 0.0211261
v -0.0012647 -0.0055930 0.0211047
v -0.0010687 -0.0052675 0.0211153
v -0.0006150 -0.0048274 0.0211062
v -0.0002660 -0.0046922 0.0211024
v -0.0002066 -0.0047656 0.0211274
v -0.0003334 -0.0074928 0.0209831
v -0.0001950 -0.0076380 0.0208439
v -0.0002028 -0.0077104 0.0206854
v -0.0007155 -0.0072729 0.0210385
v -0.0004843 -0.0075136 0.0209254
v -0.0004645 -0.0076437 0.0207333
v -0.0002061 -0.0077411 0.0205133
v -0.0007359 -0.0074875 0.0208305
v -0.0008492 -0.0073020 0.0209638
v -0.0002020 -0.0077128 0.0202900
v -0.0004753 -0.0076850 0.0205383
v -0.0007167 -0.0075769 0.0206541
v -0.0010002 -0.0069418 0.0210883
v -0.0004536 -0.0076826 0.0203686
v -0.0001854 -0.0076108 0.0200925
v -0.0009350 -0.0074215 0.0207418
v -0.0007237 -0.0075967 0.0204709
v -0.0010560 -0.0073114 0.0207867
v -0.0010915 -0.0071050 0.0209627
v -0.0005366 -0.0076297 0.0202645
v -0.0009781 -0.0074430 0.0206023
v -0.0004801 -0.0075557 0.0200994
v -0.0012633 -0.0068414 0.0209937
v -0.0012316 -0.0071094 0.0208355
v -0.0012684 -0.0066680 0.0210554
v -0.0009067 -0.0074961 0.0203948
v -0.0007884 -0.0074911 0.0201946
v -0.0012382 -0.0072308 0.0206047
v -0.0013557 -0.0068360 0.0209225
v -0.0010735 -0.0073617 0.0203331
v -0.0012495 -0.0072326 0.0204767
v -0.0014401 -0.0068597 0.0207985
v -0.0014360 -0.0069714 0.0206477
v -0.0010747 -0.0072728 0.0201555
v -0.0014725 -0.0064808 0.0209656
v -0.0015731 -0.0065066 0.0208422
v -0.0012625 -0.0071763 0.0203022
v -0.0014899 -0.0062442 0.0210004
v -0.0014592 -0.0069704 0.0204851
v -0.0015709 -0.0067117 0.0206771
v -0.0014444 -0.0069550 0.0203200
v -0.0013138 -0.0070289 0.0201633
v -0.0013949 -0.0059412 0.0210767
v -0.0015961 -0.0067278 0.0205007
v -0.0016583 -0.0064591 0.0206904
v -0.0016066 -0.0061894 0.0208885
v -0.0016846 -0.0064869 0.0205234
v -0.0015714 -0.0067331 0.0203339
v -0.0015259 -0.0058895 0.0209842
v -0.0017074 -0.0062332 0.0206870
v -0.0014672 -0.0068035 0.0201727
v -0.0017027 -0.0060052 0.0207462
v -0.0016137 -0.0058656 0.0208872
v -0.0016248 -0.0065691 0.0202811
v -0.0014226 -0.0055917 0.0210230
v -0.0017401 -0.0062089 0.0204695
v -0.0016957 -0.0063372 0.0203094
v -0.0015194 -0.0065661 0.0200925
v -0.0017545 -0.0059957 0.0205092
v -0.0015630 -0.0055358 0.0208736
v -0.0016660 -0.0056530 0.0207464
v -0.0012463 -0.0052985 0.0210572
v -0.0017294 -0.0057953 0.0206129
v -0.0016323 -0.0062651 0.0201371
v -0.0014032 -0.0053574 0.0209691
v -0.0017320 -0.0060018 0.0203160
v -0.0014982 -0.0053135 0.0208461
v -0.0016247 -0.0054134 0.0206711
v -0.0012446 -0.0051114 0.0209828
v -0.0017197 -0.0056537 0.0204949
v -0.0016556 -0.0059167 0.0201416
v -0.0009299 -0.0050204 0.0210971
v -0.0013590 -0.0051199 0.0208865
v -0.0016969 -0.0056579 0.0203195
v -0.0010424 -0.0049561 0.0210258
v -0.0016152 -0.0053127 0.0204893
v -0.0015411 -0.0052148 0.0206615
v -0.0016351 -0.0053982 0.0203707
v -0.0014316 -0.0050514 0.0207032
v -0.0016373 -0.0056653 0.0201702
v -0.0011482 -0.0048320 0.0208657
v -0.0012894 -0.0048980 0.0207605
v -0.0015937 -0.0054144 0.0202245
v -0.0007580 -0.0047394 0.0210300
v -0.0014545 -0.0050194 0.0205007
v -0.0009219 -0.0046975 0.0209194
v -0.0015346 -0.0054460 0.0201053
v -0.0014745 -0.0051079 0.0202839
v -0.0012520 -0.0047735 0.0205552
v -0.0010796 -0.0046455 0.0206541
v -0.0014178 -0.0052163 0.0200905
v -0.0009409 -0.0045798 0.0207414
v -0.0004426 -0.0045848 0.0210237
v -0.0012794 -0.0048029 0.0204506
v -0.0006964 -0.0045245 0.0208721
v -0.0012593 -0.0048424 0.0202515
v -0.0012997 -0.0050138 0.0201042
v -0.0010790 -0.0046200 0.0204353
v -0.0006627 -0.0044096 0.0206942
v -0.0008720 -0.0044795 0.0205185
v -0.0004422 -0.0044415 0.0208850
v -0.0010630 -0.0046560 0.0202635
v -0.0010986 -0.0048095 0.0200904
v -0.0008441 -0.0044809 0.0203420
v -0.0002653 -0.0043565 0.0208208
v -0.0004700 -0.0043283 0.0206400
v -0.0009083 -0.0046337 0.0201177
v -0.0006165 -0.0043600 0.0204481
v -0.0006215 -0.0044099 0.0202401
v -0.0001878 -0.0042865 0.0206803
v -0.0003269 -0.0042799 0.0205337
v -0.0006772 -0.0045231 0.0200976
v -0.0003477 -0.0042972 0.0203386
v -0.0004508 -0.0045245 0.0200019
v -0.0002352 -0.0043530 0.0201516
v -0.0002063 -0.0072395 0.0211285
v -0.0005765 -0.0062183 0.0212594
v -0.0003288 -0.0063677 0.0212744
v -0.0002138 -0.0066046 0.0212556
v -0.0008694 -0.0062072 0.0212154
v -0.0008384 -0.0057925 0.0212232
v -0.0002139 -0.0053961 0.0212558
v -0.0003034 -0.0055949 0.0212725
v -0.0004463 -0.0057218 0.0212701
v -0.0006135 -0.0057876 0.0212545
v -0.0002073 -0.0051517 0.0212201
v -0.0005984 -0.0066989 0.0212108
v -0.0006187 -0.0053452 0.0212119
v 0.0006105 -0.0057870 0.0212549
v 0.0004129 -0.0057021 0.0212736
v 0.0002800 -0.0055572 0.0212704
v 0.0002122 -0.0053838 0.0212541
v 0.0005752 -0.0062182 0.0212596
v 0.0003841 -0.0063230 0.0212728
v 0.0002611 -0.0064717 0.0212689
v 0.0002067 -0.0066722 0.0212485
v 0.0007245 -0.0066636 0.0211973
v 0.0007694 -0.0054202 0.0211996
v 0.0003978 -0.0050478 0.0211848
v 0.0002076 -0.0072364 0.0211294
v -0.0002063 -0.0072395 0.0211285
v -0.0002071 -0.0072327 0.0206500
v -0.0000249 -0.0072521 0.0206500
v 0.0002071 -0.0072337 0.0206500
v 0.0012423 -0.0062063 0.0211284
v 0.0002076 -0.0072364 0.0211294
v 0.0002071 -0.0072337 0.0206500
v 0.0005752 -0.0062182 0.0212596
v 0.0003841 -0.0063230 0.0212728
v 0.0002611 -0.0064717 0.0212689
v 0.0002067 -0.0066722 0.0212485
v 0.0012327 -0.0062071 0.0206500
v 0.0006075 -0.0062124 0.0206500
v 0.0003607 -0.0063356 0.0206500
v 0.0002145 -0.0065903 0.0206500
v -0.0002071 -0.0072327 0.0206500
v -0.0000249 -0.0072521 0.0206500
v 0.0002071 -0.0072337 0.0206500
v -0.0002104 -0.0066269 0.0206500
v -0.0003084 -0.0063922 0.0206500
v -0.0005692 -0.0062179 0.0206500
v -0.0012327 -0.0062071 0.0206500
v -0.0012533 -0.0060118 0.0206500
v -0.0012327 -0.0057929 0.0206500
v -0.0005897 -0.0057854 0.0206500
v -0.0003812 -0.0056762 0.0206500
v -0.0002579 -0.0055197 0.0206500
v -0.0002089 -0.0053531 0.0206500
v -0.0002070 -0.0047663 0.0206500
v 0.0000249 -0.0047479 0.0206500
v 0.0002071 -0.0047673 0.0206500
v 0.0002091 -0.0053554 0.0206500
v 0.0002765 -0.0055589 0.0206500
v 0.0004607 -0.0057328 0.0206500
v 0.0006445 -0.0057909 0.0206500
v 0.0012327 -0.0057929 0.0206500
v 0.0012534 -0.0059881 0.0206500
v 0.0012327 -0.0062071 0.0206500
v 0.0006075 -0.0062124 0.0206500
v 0.0003607 -0.0063356 0.0206500
v 0.0002145 -0.0065903 0.0206500
v -0.0012351 -0.0062065 0.0211272
v -0.0002063 -0.0072395 0.0211285
v -0.0005765 -0.0062183 0.0212594
v -0.0003288 -0.0063677 0.0212744
v -0.0002138 -0.0066046 0.0212556
v -0.0008694 -0.0062072 0.0212154
v -0.0002071 -0.0072327 0.0206500
v -0.0002104 -0.0066269 0.0206500
v -0.0003084 -0.0063922 0.0206500
v -0.0005692 -0.0062179 0.0206500
v -0.0012327 -0.0062071 0.0206500
v -0.0012351 -0.0062065 0.0211272
v -0.0012431 -0.0057999 0.0211261
v -0.0012327 -0.0062071 0.0206500
v -0.0012533 -0.0060118 0.0206500
v -0.0012327 -0.0057929 0.0206500
v -0.0012431 -0.0057999 0.0211261
v -0.0002066 -0.0047656 0.0211274
v -0.0008384 -0.0057925 0.0212232
v -0.0002139 -0.0053961 0.0212558
v -0.0003034 -0.0055949 0.0212725
v -0.0004463 -0.0057218 0.0212701
v -0.0006135 -0.0057876 0.0212545
v -0.0002073 -0.0051517 0.0212201
v -0.0012327 -0.0057929 0.0206500
v -0.0005897 -0.0057854 0.0206500
v -0.0003812 -0.0056762 0.0206500
v -0.0002579 -0.0055197 0.0206500
v -0.0002089 -0.0053531 0.0206500
v -0.0002070 -0.0047663 0.0206500
v 0.0000328 -0.0047471 0.0211275
v 0.0002071 -0.0047644 0.0211274
v -0.0002066 -0.0047656 0.0211274
v -0.0002070 -0.0047663 0.0206500
v 0.0000249 -0.0047479 0.0206500
v 0.0002071 -0.0047673 0.0206500
v 0.0002071 -0.0047644 0.0211274
v 0.0012339 -0.0057925 0.0211294
v 0.0006105 -0.0057870 0.0212549
v 0.0004129 -0.0057021 0.0212736
v 0.0002800 -0.0055572 0.0212704
v 0.0002122 -0.0053838 0.0212541
v 0.0002071 -0.0047673 0.0206500
v 0.0002091 -0.0053554 0.0206500
v 0.0002765 -0.0055589 0.0206500
v 0.0004607 -0.0057328 0.0206500
v 0.0006445 -0.0057909 0.0206500
v 0.0012327 -0.0057929 0.0206500
v 0.0012339 -0.0057925 0.0211294
v 0.0012423 -0.0062063 0.0211284
v 0.0012327 -0.0057929 0.0206500
v 0.0012534 -0.0059881 0.0206500
v 0.0012327 -0.0062071 0.0206500
vn -0.000049 0.000093 -1.000000
vn 0.000010 -0.000066 -1.000000
vn -0.000055 0.000044 -1.000000
vn 0.000052 -0.000069 -1.000000
vn -0.000032 -0.000045 -1.000000
vn -0.000041 0.000017 -1.000000
vn 0.000086 -0.000053 -1.000000
vn -0.000059 -0.000036 -1.000000
vn -0.000057 -0.000026 -1.000000
vn 0.000236 0.000107 -1.000000
vn -0.000011 -0.000089 -1.000000
vn -0.000232 -0.001279 -0.999999
vn 0.235928 -0.649981 -0.722401
vn 0.533882 -0.429459 -0.728379
vn 0.683336 -0.111369 -0.721560
vn 0.656707 0.212189 -0.723680
vn 0.466988 0.507581 -0.724074
vn 0.124346 0.677324 -0.725100
vn -0.229215 0.649066 -0.725378
vn -0.551295 0.410924 -0.726095
vn -0.686378 0.078049 -0.723044
vn -0.631392 -0.272021 -0.726188
vn -0.394097 -0.566547 -0.723679
vn -0.082917 -0.684608 -0.724180
vn 0.068940 -0.707775 -0.703066
vn 0.045354 0.703080 -0.709663
vn -0.088258 0.691814 -0.716662
vn -0.298104 0.655352 -0.694008
vn -0.451060 0.531041 -0.717315
vn -0.635581 0.309319 -0.707361
vn -0.709254 0.074683 -0.700985
vn -0.691312 -0.138461 -0.709166
vn -0.593768 -0.365165 -0.717004
vn -0.508543 -0.467918 -0.722797
vn -0.364389 -0.623609 -0.691616
vn -0.168567 -0.682946 -0.710753
vn 0.306627 -0.646016 -0.699030
vn 0.445134 -0.536230 -0.717157
vn 0.605491 -0.358111 -0.710730
vn 0.686363 -0.190967 -0.701739
vn 0.705202 0.007716 -0.708965
vn 0.682895 0.162778 -0.712150
vn 0.597051 0.375223 -0.709040
vn 0.459044 0.557766 -0.691502
vn 0.273537 0.642576 -0.715733
vn 0.105122 -0.994458 -0.001751
vn 0.090511 0.995895 -0.000961
vn -0.159350 0.987222 -0.000736
vn -0.399640 0.916671 -0.001354
vn -0.663234 0.748410 -0.001910
vn -0.891832 0.452362 -0.002264
vn -0.993899 0.110284 -0.001708
vn -0.977297 -0.211869 -0.001430
vn -0.871093 -0.491115 -0.001462
vn -0.712335 -0.701839 -0.000761
vn -0.512856 -0.858474 -0.000778
vn -0.230804 -0.972998 -0.001969
vn 0.410244 -0.911975 -0.001219
vn 0.651956 -0.758255 -0.001303
vn 0.849817 -0.527076 -0.001633
vn 0.968446 -0.249222 -0.000742
vn 0.999867 -0.016316 -0.000291
vn 0.968129 0.250447 -0.001663
vn 0.841533 0.540205 -0.001231
vn 0.646836 0.762629 -0.000464
vn 0.380941 0.924598 -0.001290
vn 0.253450 0.967346 0.002345
vn 0.640346 0.768084 0.002036
vn 0.900958 0.433901 0.002225
vn 0.999162 0.040881 0.002022
vn 0.941006 -0.338386 0.001760
vn 0.774323 -0.632789 0.001472
vn 0.564408 -0.825495 0.001101
vn 0.306901 -0.951740 0.001475
vn -0.035937 -0.999352 0.002049
vn -0.418854 -0.908051 0.002094
vn -0.740947 -0.671561 0.001899
vn -0.935219 -0.354066 0.001666
vn -0.998002 -0.063174 0.001355
vn -0.968913 0.247396 0.001879
vn -0.812827 0.582501 0.002163
vn -0.551680 0.834053 0.001900
vn -0.192281 0.981338 0.002137
vn 0.001609 0.001720 -0.999997
vn 0.000212 0.000815 -1.000000
vn 0.000095 -0.000040 -1.000000
vn 0.003625 -0.001842 -0.999992
vn 0.003363 0.000984 -0.999994
vn 0.000157 -0.000399 -1.000000
vn 0.000360 -0.000496 -1.000000
vn -0.000127 -0.001216 -0.999999
vn 0.000633 -0.001269 -0.999999
vn -0.000754 -0.000763 -0.999999
vn -0.001689 -0.001100 -0.999998
vn -0.001091 -0.001036 -0.999999
vn -0.000446 -0.000019 -1.000000
vn -0.000956 0.000532 -0.999999
vn -0.000593 -0.000051 -1.000000
vn 0.000244 0.001420 -0.999999
vn -0.001513 0.001548 -0.999998
vn -0.002699 0.000426 -0.999996
vn 0.001857 0.001264 -0.999997
vn -0.000350 -0.000398 -1.000000
vn -0.001013 0.000344 -0.999999
vn -0.000932 0.000873 -0.999999
vn -0.000748 -0.000583 -1.000000
vn -0.001430 -0.001842 -0.999997
vn -0.002496 -0.001208 -0.999996
vn -0.001512 -0.001012 -0.999998
vn -0.001391 -0.001144 -0.999998
vn -0.000123 -0.000851 -1.000000
vn 0.000529 -0.001612 -0.999999
vn -0.000485 -0.000943 -0.999999
vn 0.000184 -0.000647 -1.000000
vn 0.002468 0.002587 -0.999994
vn 0.005082 -0.003209 -0.999982
vn 0.001984 -0.002853 -0.999994
vn -0.000012 0.000470 -1.000000
vn -0.000630 0.004216 -0.999991
vn 0.002093 0.006559 -0.999976
vn 0.003930 -0.000205 -0.999992
vn 0.005358 0.003375 -0.999980
vn -0.001769 0.001825 -0.999997
vn -0.069564 0.754485 -0.652620
vn -0.398445 0.617962 -0.677764
vn -0.560344 0.454111 -0.692674
vn -0.719120 0.228923 -0.656095
vn -0.760947 0.112179 -0.639043
vn -0.749126 -0.099808 -0.654865
vn -0.668316 -0.374979 -0.642452
vn -0.586222 -0.516410 -0.624231
vn -0.454756 -0.642941 -0.616298
vn -0.344217 -0.702572 -0.622822
vn -0.151829 -0.729357 -0.667073
vn 0.062168 -0.755342 -0.652376
vn 0.286699 -0.709586 -0.643655
vn 0.515367 -0.520183 -0.681033
vn 0.629247 -0.353736 -0.692040
vn 0.783733 -0.026628 -0.620527
vn 0.719214 0.182565 -0.670374
vn 0.608894 0.386629 -0.692651
vn 0.512740 0.579649 -0.633328
vn 0.354917 0.704726 -0.614326
vn 0.135521 0.721609 -0.678907
vn 0.005233 0.355728 0.934575
vn 0.042023 0.304991 0.951428
vn 0.108446 0.371890 0.921920
vn 0.184077 0.267414 0.945836
vn 0.327198 0.251632 0.910836
vn 0.373215 0.163874 0.913157
vn 0.292334 0.069796 0.953766
vn 0.324816 -0.062229 0.943728
vn 0.367361 -0.128468 0.921163
vn 0.231393 -0.231380 0.944945
vn 0.145939 -0.287271 0.946666
vn 0.078756 -0.315053 0.945801
vn 0.021161 -0.464853 0.885135
vn 0.018331 -0.690030 0.723549
vn 0.052141 -0.844570 0.532900
vn 0.048264 -0.943528 0.327759
vn 0.048313 -0.991945 0.117093
vn 0.044735 -0.994493 -0.094777
vn 0.061238 -0.945893 -0.318648
vn 0.046198 -0.849548 -0.525484
vn -0.029998 0.999178 0.027272
vn -0.029657 0.976129 -0.215155
vn 0.017808 0.897207 -0.441251
vn 0.041960 0.739577 -0.671762
vn 0.033508 0.460200 0.887183
vn -0.052594 0.613526 0.787921
vn -0.021038 0.763445 0.645530
vn 0.016141 0.890199 0.455286
vn 0.084397 0.980707 0.176328
vn 0.126694 0.623472 0.771512
vn 0.101077 0.772328 0.627131
vn 0.129126 0.905522 0.404174
vn 0.203279 0.469278 0.859335
vn 0.224593 0.804537 0.549798
vn 0.293319 0.614033 0.732754
vn 0.306665 0.392485 0.867129
vn 0.253752 0.931876 0.259261
vn 0.322350 0.781055 0.534831
vn 0.135420 0.979785 -0.147249
vn 0.263430 0.961769 -0.074871
vn 0.408174 0.868837 0.280208
vn 0.402818 0.571991 0.714537
vn 0.418532 0.739950 0.526597
vn 0.382506 0.923009 0.041748
vn 0.126265 0.877721 -0.462237
vn 0.528673 0.781466 0.331384
vn 0.501274 0.422675 0.755030
vn 0.250674 0.900207 -0.356075
vn 0.533141 0.610988 0.585196
vn 0.435215 0.865647 -0.247476
vn 0.212143 0.766933 -0.605648
vn 0.517974 0.853925 0.050143
vn 0.626934 0.688173 0.365200
vn 0.345151 0.802136 -0.487287
vn 0.641414 0.762874 0.081309
vn 0.661112 0.518770 0.542041
vn 0.575570 0.315047 0.754629
vn 0.559211 0.812268 -0.165839
vn 0.730488 0.627949 0.268454
vn 0.734513 0.438159 0.518177
vn 0.529942 0.737088 -0.419360
vn 0.676015 0.718285 -0.164532
vn 0.575990 0.170516 0.799475
vn 0.416006 0.026298 0.908981
vn 0.417745 0.682195 -0.600083
vn 0.778212 0.628001 -0.000911
vn 0.818469 0.535352 0.208585
vn 0.756283 0.280994 0.590829
vn 0.625177 0.629333 -0.461621
vn 0.864033 0.406342 0.297208
vn 0.761913 0.602895 -0.236656
vn 0.728983 0.134517 0.671184
vn 0.877176 0.478375 -0.041470
vn 0.589940 0.058880 0.805298
vn 0.883427 0.274818 0.379516
vn 0.878325 0.142926 0.456200
vn 0.770384 0.481421 -0.418023
vn 0.882365 0.420517 -0.211178
vn 0.616276 0.478944 -0.625153
vn 0.940468 0.310279 0.138735
vn 0.530674 -0.063367 0.845204
vn 0.721435 -0.004978 0.692464
vn 0.966266 0.192919 0.170623
vn 0.879748 0.051551 0.472638
vn 0.949390 0.298636 -0.097343
vn 0.868833 0.331484 -0.367759
vn 0.990328 0.125893 -0.058315
vn 0.854656 -0.072889 0.514053
vn 0.595130 -0.155474 0.788447
vn 0.695058 0.327364 -0.640100
vn 0.979541 0.064536 0.190618
vn 0.736936 -0.141783 0.660926
vn 0.957384 0.160431 -0.240164
vn 0.958663 -0.075410 0.274368
vn 0.789915 0.265425 -0.552797
vn 0.371451 -0.200245 0.906601
vn 0.892907 0.191519 -0.407476
vn 0.998918 -0.037259 0.027822
vn 0.867257 -0.210886 0.450990
vn 0.560195 -0.283253 0.778427
vn 0.748262 -0.285323 0.598911
vn 0.783658 0.133718 -0.606629
vn 0.880781 0.055399 -0.470271
vn 0.938972 -0.247196 0.239221
vn 0.973764 -0.028673 -0.225746
vn 0.986727 -0.161696 -0.015005
vn 0.372761 -0.358344 0.855943
vn 0.686977 -0.408330 0.601107
vn 0.830906 -0.430458 0.352562
vn 0.866724 -0.073898 -0.493284
vn 0.953814 -0.299430 0.024109
vn 0.932479 -0.169981 -0.318731
vn 0.525346 -0.432197 0.732951
vn 0.909889 -0.403036 0.098304
vn 0.932984 -0.280067 -0.226060
vn 0.672556 -0.501796 0.543938
vn 0.835575 -0.234675 -0.496732
vn 0.894937 -0.401591 -0.194455
vn 0.333267 -0.473853 0.815106
vn 0.854347 -0.519653 -0.007226
vn 0.513587 -0.549379 0.659098
vn 0.692531 -0.604135 0.394235
vn 0.755779 -0.201866 -0.622935
vn 0.821028 -0.434980 -0.369737
vn 0.763741 -0.630371 0.139043
vn 0.538963 -0.673423 0.505984
vn 0.718822 -0.367328 -0.590224
vn 0.248867 -0.577237 0.777729
vn 0.419616 -0.673498 0.608542
vn 0.790018 -0.594224 -0.150892
vn 0.613372 -0.743596 0.266157
vn 0.113427 -0.484056 0.867655
vn 0.669795 -0.740590 -0.053864
vn 0.713793 -0.615095 -0.334900
vn 0.459158 -0.819544 0.342813
vn 0.323888 -0.765814 0.555541
vn 0.635426 -0.520159 -0.570674
vn 0.544260 -0.836708 0.060825
vn 0.601482 -0.727619 -0.329833
vn 0.148432 -0.726230 0.671236
vn 0.306182 -0.889149 0.340097
vn 0.369018 -0.925116 0.089369
vn 0.518729 -0.802853 -0.293849
vn 0.503593 -0.639314 -0.581095
vn 0.438983 -0.886883 -0.143989
vn 0.177988 -0.863773 0.471398
vn 0.208950 -0.964276 0.162823
vn 0.395019 -0.674459 -0.623751
vn 0.306940 -0.927978 -0.211291
vn 0.378300 -0.820685 -0.428211
vn 0.201997 -0.968093 -0.148302
vn 0.217982 -0.850603 -0.478496
vn 0.140229 -0.748871 -0.647710
vn -0.092892 -0.455234 0.885513
vn -0.182591 -0.299919 0.936327
vn -0.371637 -0.143009 0.917297
vn -0.389814 -0.078194 0.917568
vn -0.267427 -0.090776 0.959293
vn -0.304932 0.053489 0.950871
vn -0.349028 0.117069 0.929771
vn -0.266835 0.183434 0.946124
vn -0.164232 0.318114 0.933719
vn -0.079987 0.373366 0.924229
vn -0.075298 0.266378 0.960923
vn -0.136323 -0.644976 0.751945
vn -0.098497 -0.833856 0.543123
vn -0.109353 -0.948933 0.295919
vn -0.261006 -0.490756 0.831285
vn -0.236728 -0.715115 0.657701
vn -0.250855 -0.893548 0.372349
vn -0.117478 -0.992590 0.031054
vn -0.377044 -0.765868 0.520850
vn -0.395251 -0.584456 0.708651
vn -0.112453 -0.945896 -0.304361
vn -0.268816 -0.959576 0.083380
vn -0.402054 -0.881771 0.246640
vn -0.311355 -0.290236 0.904887
vn -0.251850 -0.953513 -0.165481
vn -0.088586 -0.805412 -0.586058
vn -0.501139 -0.775212 0.384585
vn -0.410322 -0.911202 -0.036699
vn -0.561085 -0.691519 0.454957
vn -0.478505 -0.496209 0.724437
vn -0.301182 -0.889966 -0.342417
vn -0.561352 -0.813521 0.151883
vn -0.240337 -0.783565 -0.572943
vn -0.522217 -0.366233 0.770171
vn -0.642119 -0.570770 0.511766
vn -0.467587 -0.246484 0.848886
vn -0.515788 -0.845323 -0.139259
vn -0.420848 -0.789235 -0.447208
vn -0.696140 -0.689492 0.199973
vn -0.647182 -0.389818 0.655132
vn -0.601112 -0.766653 -0.225627
vn -0.711366 -0.701855 -0.036841
vn -0.764997 -0.449794 0.460939
vn -0.798684 -0.550993 0.241889
vn -0.555260 -0.662514 -0.502754
vn -0.645464 -0.216213 0.732549
vn -0.806883 -0.262206 0.529327
vn -0.705970 -0.650975 -0.278996
vn -0.618773 -0.102256 0.778886
vn -0.830063 -0.557617 -0.007655
vn -0.872227 -0.393430 0.290573
vn -0.805907 -0.537596 -0.248000
vn -0.682474 -0.532184 -0.501008
vn -0.456354 0.014884 0.889674
vn -0.909234 -0.415868 0.018615
vn -0.917267 -0.251813 0.308563
vn -0.798231 -0.095786 0.594687
vn -0.960206 -0.276495 0.039424
vn -0.879804 -0.416898 -0.228343
vn -0.658962 0.049672 0.750534
vn -0.944553 -0.132523 0.300430
vn -0.766320 -0.421297 -0.485038
vn -0.923506 -0.004308 0.383560
vn -0.802492 0.072334 0.592262
vn -0.899719 -0.308188 -0.309072
vn -0.574695 0.158189 0.802934
vn -0.991784 -0.126066 -0.021729
vn -0.945527 -0.187830 -0.265891
vn -0.744363 -0.268752 -0.611307
vn -0.999310 0.007546 0.036364
vn -0.778101 0.228882 0.584955
vn -0.905951 0.190497 0.378106
vn -0.444176 0.249680 0.860446
vn -0.973857 0.117058 0.194680
vn -0.844304 -0.135678 -0.518403
vn -0.624301 0.283496 0.727928
vn -0.964828 0.003232 -0.262861
vn -0.770652 0.355768 0.528701
vn -0.907252 0.315706 0.277893
vn -0.532461 0.394221 0.749049
vn -0.979496 0.200866 0.015526
vn -0.848714 0.040499 -0.527300
vn -0.263180 0.282552 0.922443
vn -0.677513 0.438110 0.590793
vn -0.951591 0.178439 -0.250268
vn -0.422894 0.421203 0.802339
vn -0.917405 0.397944 0.002857
vn -0.857657 0.440439 0.265402
vn -0.923423 0.336921 -0.183777
vn -0.787931 0.523691 0.323903
vn -0.854584 0.169704 -0.490802
vn -0.571154 0.589836 0.570856
vn -0.698145 0.595568 0.397356
vn -0.860282 0.326180 -0.391817
vn -0.293289 0.499009 0.815458
vn -0.827298 0.561671 0.010148
vn -0.440832 0.620528 0.648546
vn -0.770208 0.279761 -0.573161
vn -0.815246 0.494236 -0.301836
vn -0.709555 0.693058 0.127287
vn -0.605358 0.755042 0.251899
vn -0.693102 0.379574 -0.612807
vn -0.505969 0.774648 0.379362
vn -0.181350 0.566543 0.803829
vn -0.734341 0.671068 -0.102035
vn -0.343135 0.732275 0.588244
vn -0.692797 0.632885 -0.345673
vn -0.660072 0.495846 -0.564306
vn -0.614848 0.784978 -0.075967
vn -0.366849 0.878853 0.305023
vn -0.494761 0.866632 0.064503
vn -0.219320 0.774360 0.593519
vn -0.585387 0.735371 -0.341397
vn -0.535501 0.584091 -0.609980
vn -0.473384 0.847720 -0.239329
vn -0.143833 0.846750 0.512179
vn -0.266086 0.933718 0.239519
vn -0.462159 0.704607 -0.538459
vn -0.351002 0.934930 -0.051985
vn -0.327374 0.863215 -0.384299
vn -0.097388 0.954110 0.283177
vn -0.180527 0.982039 0.054851
vn -0.329640 0.738572 -0.588089
vn -0.193480 0.954722 -0.225992
vn -0.229459 0.761033 -0.606777
vn -0.127072 0.853277 -0.505738
vn -0.058845 -0.296364 0.953260
vn -0.137256 -0.093411 0.986121
vn -0.103335 -0.105889 0.988994
vn -0.076099 -0.157910 0.984517
vn -0.194345 -0.104571 0.975343
vn -0.183945 0.100368 0.977799
vn -0.089908 0.136019 0.986618
vn -0.100282 0.113213 0.988497
vn -0.122868 0.098651 0.987508
vn -0.139679 0.123053 0.982521
vn -0.096969 0.191235 0.976743
vn -0.134513 -0.153643 0.978928
vn -0.138490 0.145993 0.979544
vn 0.159975 0.079072 0.983949
vn 0.118469 0.118532 0.985858
vn 0.123170 0.136605 0.982939
vn 0.096564 0.149590 0.984021
vn 0.155643 -0.085332 0.984121
vn 0.113140 -0.105763 0.987934
vn 0.102550 -0.120665 0.987382
vn 0.105592 -0.174420 0.978993
vn 0.149379 -0.156174 0.976369
vn 0.167098 0.124258 0.978079
vn 0.077872 0.197219 0.977262
vn -0.028094 0.999422 -0.019159
vn 0.018851 0.999638 -0.019200
vn 0.105764 0.994294 0.013901
vn 0.010632 0.999943 -0.000205
vn -0.079049 0.996855 0.005642
vn -0.012112 0.999921 0.003381
vn -0.999963 0.006547 -0.005538
vn -0.999933 0.011533 0.001183
vn -0.279012 0.960286 0.001840
vn -0.635174 0.772325 0.008284
vn -0.883498 0.468277 0.012178
vn -0.991087 0.133115 0.005269
vn -0.008409 0.999963 -0.001532
vn -0.228337 0.973569 -0.005051
vn -0.682840 0.730364 -0.017273
vn -0.966863 0.254908 -0.014085
vn 0.000000 0.000000 1.000000
vn 0.000000 0.000000 1.000000
vn 0.000000 0.000000 1.000000
vn 0.000000 0.000000 1.000000
vn 0.000000 0.000000 1.000000
vn 0.000000 0.000000 1.000000
vn 0.000000 0.000000 1.000000
vn 0.000000 0.000000 1.000000
vn 0.000000 0.000000 1.000000
vn 0.000000 0.000000 1.000000
vn 0.000000 0.000000 1.000000
vn 0.000000 0.000000 1.000000
vn 0.000000 0.000000 1.000000
vn 0.000000 0.000000 1.000000
vn 0.000000 0.000000 1.000000
vn 0.000000 0.000000 1.000000
vn 0.000000 0.000000 1.000000
vn 0.000000 0.000000 1.000000
vn 0.000000 0.000000 1.000000
vn 0.000000 0.000000 1.000000
vn 0.000000 0.000000 1.000000
vn 0.000000 0.000000 1.000000
vn 0.000000 0.000000 1.000000
vn 0.000000 0.000000 1.000000
vn 0.000000 0.000000 1.000000
vn 0.000000 0.000000 1.000000
vn 0.002252 0.999997 -0.001334
vn 0.999966 0.008092 0.001828
vn 0.300570 0.953750 0.004196
vn 0.735917 0.677042 0.006352
vn 0.969206 0.246165 0.006500
vn 0.021437 0.999764 -0.003493
vn 0.999984 0.005509 -0.001479
vn 0.980568 0.196152 -0.003172
vn 0.773425 0.633821 -0.009150
vn 0.296952 0.954859 -0.008026
vn 0.011151 0.999913 -0.007053
vn 0.998930 0.040921 -0.021552
vn 0.999800 -0.011405 -0.016422
vn 0.994459 0.105015 0.004765
vn 0.999947 0.010211 0.001498
vn 0.995386 -0.093771 0.020330
vn 0.021695 -0.999663 -0.014287
vn 0.999998 -0.001955 -0.000746
vn 0.018583 -0.999803 -0.007025
vn 0.972519 -0.232613 0.009940
vn 0.802930 -0.595937 0.012755
vn 0.526391 -0.850189 0.009564
vn 0.205182 -0.978713 0.004570
vn 0.999909 -0.013275 0.002202
vn 0.015550 -0.999828 -0.010059
vn 0.241848 -0.970271 -0.009176
vn 0.638655 -0.769364 -0.014099
vn 0.889349 -0.457087 -0.011395
vn 0.990041 -0.140666 -0.005639
vn 0.999995 -0.002791 -0.001312
vn -0.011641 -0.999931 0.001771
vn -0.100068 -0.994973 0.003853
vn 0.077577 -0.996986 0.000606
vn 0.079064 -0.996869 0.001331
vn -0.011922 -0.999924 0.003206
vn -0.105755 -0.994374 0.006044
vn -0.999983 -0.005317 0.002399
vn -0.005482 -0.999979 0.003508
vn -0.220261 -0.975402 0.008734
vn -0.584851 -0.811107 0.007459
vn -0.845378 -0.534132 0.006319
vn -0.978655 -0.205472 0.003854
vn -0.999994 -0.003395 0.000021
vn -0.987561 -0.157202 -0.003427
vn -0.844698 -0.535153 -0.009833
vn -0.504887 -0.863116 -0.010936
vn -0.149988 -0.988683 -0.003157
vn -0.003368 -0.999994 0.000908
vn -0.998865 -0.041263 -0.023774
vn -0.999775 0.010973 -0.018165
vn -0.994463 -0.105054 0.002444
vn -0.999943 -0.010705 -0.000324
vn -0.995402 0.093741 0.019684
f 1636//1636 1626//1626 1637//1637
f 1636//1636 1634//1634 1633//1633
f 1636//1636 1628//1628 1627//1627
f 1636//1636 1632//1632 1631//1631
f 1636//1636 1631//1631 1630//1630
f 1636//1636 1633//1633 1632//1632
f 1636//1636 1630//1630 1629//1629
f 1636//1636 1629//1629 1628//1628
f 1636//1636 1635//1635 1634//1634
f 1636//1636 1627//1627 1626//1626
f 1666//1666 1665//1665 1640//1640
f 1662//1662 1650//1650 1638//1638
f 1663//1663 1662//1662 1638//1638
f 1664//1664 1663//1663 1639//1639
f 1664//1664 1639//1639 1640//1640
f 1665//1665 1664//1664 1640//1640
f 1667//1667 1640//1640 1641//1641
f 1670//1670 1669//1669 1642//1642
f 1668//1668 1641//1641 1642//1642
f 1668//1668 1667//1667 1641//1641
f 1669//1669 1668//1668 1642//1642
f 1638//1638 1650//1650 1649//1649
f 1670//1670 1642//1642 1643//1643
f 1651//1651 1670//1670 1643//1643
f 1667//1667 1666//1666 1640//1640
f 1649//1649 1650//1650 1661//1661
f 1663//1663 1638//1638 1639//1639
f 1661//1661 1648//1648 1649//1649
f 1661//1661 1660//1660 1648//1648
f 1644//1644 1652//1652 1651//1651
f 1644//1644 1651//1651 1643//1643
f 1653//1653 1652//1652 1644//1644
f 1654//1654 1653//1653 1644//1644
f 1655//1655 1654//1654 1645//1645
f 1655//1655 1645//1645 1646//1646
f 1654//1654 1644//1644 1645//1645
f 1657//1657 1646//1646 1647//1647
f 1657//1657 1656//1656 1646//1646
f 1658//1658 1657//1657 1647//1647
f 1658//1658 1647//1647 1648//1648
f 1659//1659 1658//1658 1648//1648
f 1660//1660 1659//1659 1648//1648
f 1656//1656 1655//1655 1646//1646
f 1678//1678 1703//1703 1704//1704
f 1681//1681 1682//1682 1701//1701
f 1681//1681 1701//1701 1702//1702
f 1680//1680 1681//1681 1702//1702
f 1679//1679 1680//1680 1702//1702
f 1679//1679 1702//1702 1703//1703
f 1678//1678 1679//1679 1703//1703
f 1677//1677 1678//1678 1704//1704
f 1673//1673 1674//1674 1708//1708
f 1676//1676 1677//1677 1705//1705
f 1676//1676 1705//1705 1706//1706
f 1675//1675 1676//1676 1706//1706
f 1675//1675 1706//1706 1707//1707
f 1674//1674 1675//1675 1707//1707
f 1674//1674 1707//1707 1708//1708
f 1672//1672 1673//1673 1708//1708
f 1682//1682 1700//1700 1701//1701
f 1677//1677 1704//1704 1705//1705
f 1682//1682 1671//1671 1700//1700
f 1688//1688 1694//1694 1695//1695
f 1671//1671 1683//1683 1699//1699
f 1671//1671 1699//1699 1700//1700
f 1672//1672 1708//1708 1692//1692
f 1691//1691 1672//1672 1692//1692
f 1691//1691 1692//1692 1693//1693
f 1690//1690 1691//1691 1693//1693
f 1689//1689 1690//1690 1693//1693
f 1688//1688 1689//1689 1694//1694
f 1687//1687 1688//1688 1695//1695
f 1689//1689 1693//1693 1694//1694
f 1683//1683 1698//1698 1699//1699
f 1686//1686 1687//1687 1695//1695
f 1685//1685 1686//1686 1696//1696
f 1685//1685 1696//1696 1697//1697
f 1684//1684 1685//1685 1697//1697
f 1684//1684 1697//1697 1698//1698
f 1683//1683 1684//1684 1698//1698
f 1686//1686 1695//1695 1696//1696
f 1731//1731 1730//1730 1722//1722
f 1737//1737 1716//1716 1738//1738
f 1737//1737 1717//1717 1716//1716
f 1729//1729 1728//1728 1723//1723
f 1729//1729 1723//1723 1722//1722
f 1738//1738 1716//1716 1715//1715
f 1731//1731 1722//1722 1721//1721
f 1730//1730 1729//1729 1722//1722
f 1736//1736 1717//1717 1737//1737
f 1734//1734 1733//1733 1719//1719
f 1736//1736 1718//1718 1717//1717
f 1732//1732 1731//1731 1720//1720
f 1735//1735 1718//1718 1736//1736
f 1732//1732 1720//1720 1719//1719
f 1733//1733 1732//1732 1719//1719
f 1734//1734 1719//1719 1718//1718
f 1734//1734 1718//1718 1735//1735
f 1738//1738 1715//1715 1739//1739
f 1731//1731 1721//1721 1720//1720
f 1715//1715 1714//1714 1739//1739
f 1724//1724 1748//1748 1725//1725
f 1723//1723 1728//1728 1727//1727
f 1723//1723 1727//1727 1724//1724
f 1710//1710 1744//1744 1743//1743
f 1709//1709 1744//1744 1710//1710
f 1709//1709 1745//1745 1744//1744
f 1711//1711 1743//1743 1742//1742
f 1709//1709 1746//1746 1745//1745
f 1712//1712 1711//1711 1742//1742
f 1709//1709 1726//1726 1746//1746
f 1712//1712 1742//1742 1741//1741
f 1711//1711 1710//1710 1743//1743
f 1713//1713 1712//1712 1741//1741
f 1713//1713 1741//1741 1747//1747
f 1725//1725 1748//1748 1726//1726
f 1713//1713 1747//1747 1740//1740
f 1724//1724 1727//1727 1748//1748
f 1714//1714 1740//1740 1739//1739
f 1725//1725 1726//1726 1709//1709
f 1714//1714 1713//1713 1740//1740
f 1984//1984 1974//1974 1981//1981
f 1986//1986 1979//1979 1982//1982
f 1985//1985 1983//1983 1979//1979
f 1755//1755 1756//1756 1975//1975
f 1755//1755 1975//1975 1984//1984
f 1987//1987 1981//1981 1977//1977
f 1987//1987 1977//1977 1980//1980
f 1988//1988 1976//1976 1929//1929
f 1987//1987 1984//1984 1981//1981
f 1983//1983 1980//1980 1978//1978
f 1989//1989 1980//1980 1983//1983
f 1990//1990 1987//1987 1980//1980
f 1983//1983 1978//1978 1969//1969
f 1991//1991 1984//1984 1987//1987
f 1985//1985 1979//1979 1986//1986
f 1984//1984 1975//1975 1974//1974
f 1980//1980 1973//1973 1978//1978
f 1982//1982 1979//1979 1971//1971
f 1977//1977 1966//1966 1973//1973
f 1976//1976 1971//1971 1926//1926
f 1977//1977 1972//1972 1966//1966
f 1978//1978 1973//1973 1969//1969
f 1975//1975 1970//1970 1974//1974
f 1756//1756 1757//1757 1967//1967
f 1979//1979 1969//1969 1968//1968
f 1979//1979 1968//1968 1971//1971
f 1988//1988 1982//1982 1976//1976
f 1756//1756 1967//1967 1975//1975
f 1981//1981 1972//1972 1977//1977
f 1981//1981 1974//1974 1972//1972
f 1982//1982 1971//1971 1976//1976
f 1980//1980 1977//1977 1973//1973
f 1929//1929 1976//1976 1928//1928
f 1983//1983 1969//1969 1979//1979
f 1992//1992 1989//1989 1983//1983
f 1997//1997 1991//1991 1987//1987
f 1993//1993 1982//1982 1988//1988
f 2003//2003 1992//1992 1996//1996
f 2003//2003 1996//1996 1994//1994
f 2002//2002 1998//1998 1995//1995
f 2004//2004 1997//1997 1999//1999
f 2005//2005 1995//1995 1930//1930
f 2001//2001 2003//2003 1994//1994
f 2006//2006 1998//1998 2002//2002
f 2003//2003 1999//1999 1992//1992
f 2001//2001 1993//1993 2000//2000
f 2006//2006 2000//2000 1998//1998
f 2007//2007 1999//1999 2003//2003
f 2008//2008 1995//1995 2005//2005
f 2009//2009 2003//2003 2001//2001
f 2007//2007 2004//2004 1999//1999
f 1975//1975 1967//1967 1970//1970
f 2001//2001 1994//1994 1993//1993
f 1991//1991 1755//1755 1984//1984
f 1997//1997 1990//1990 1999//1999
f 1754//1754 1991//1991 1997//1997
f 1993//1993 1986//1986 1982//1982
f 1990//1990 1980//1980 1989//1989
f 1994//1994 1985//1985 1986//1986
f 1995//1995 1988//1988 1929//1929
f 1992//1992 1983//1983 1985//1985
f 1991//1991 1754//1754 1755//1755
f 1997//1997 1987//1987 1990//1990
f 1998//1998 1988//1988 1995//1995
f 1994//1994 1986//1986 1993//1993
f 1996//1996 1992//1992 1985//1985
f 1999//1999 1990//1990 1989//1989
f 1930//1930 1995//1995 1929//1929
f 1996//1996 1985//1985 1994//1994
f 1998//1998 1993//1993 1988//1988
f 1999//1999 1989//1989 1992//1992
f 2000//2000 1993//1993 1998//1998
f 1973//1973 1965//1965 1969//1969
f 1947//1947 1943//1943 1940//1940
f 1974//1974 1970//1970 1964//1964
f 1948//1948 1760//1760 1789//1789
f 1952//1952 1942//1942 1946//1946
f 1953//1953 1943//1943 1947//1947
f 1948//1948 1759//1759 1760//1760
f 1949//1949 1945//1945 1941//1941
f 1950//1950 1947//1947 1944//1944
f 1951//1951 1941//1941 1942//1942
f 1949//1949 1941//1941 1951//1951
f 1954//1954 1945//1945 1949//1949
f 1955//1955 1948//1948 1943//1943
f 1955//1955 1943//1943 1953//1953
f 1953//1953 1947//1947 1950//1950
f 1956//1956 1946//1946 1958//1958
f 1954//1954 1950//1950 1945//1945
f 1951//1951 1942//1942 1952//1952
f 1950//1950 1944//1944 1945//1945
f 1945//1945 1944//1944 1939//1939
f 1942//1942 1937//1937 1946//1946
f 1939//1939 1936//1936 1935//1935
f 1940//1940 1787//1787 1786//1786
f 1942//1942 1938//1938 1937//1937
f 1943//1943 1787//1787 1940//1940
f 1941//1941 1939//1939 1938//1938
f 1944//1944 1936//1936 1939//1939
f 1944//1944 1940//1940 1936//1936
f 1942//1942 1941//1941 1938//1938
f 1943//1943 1788//1788 1787//1787
f 1945//1945 1939//1939 1941//1941
f 1946//1946 1937//1937 1924//1924
f 1947//1947 1940//1940 1944//1944
f 1943//1943 1789//1789 1788//1788
f 2004//2004 1754//1754 1997//1997
f 1948//1948 1789//1789 1943//1943
f 1957//1957 1951//1951 1952//1952
f 1958//1958 1946//1946 1925//1925
f 1956//1956 1952//1952 1946//1946
f 1959//1959 1950//1950 1954//1954
f 1966//1966 1961//1961 1957//1957
f 1968//1968 1962//1962 1958//1958
f 1757//1757 1758//1758 1960//1960
f 1968//1968 1958//1958 1925//1925
f 1969//1969 1962//1962 1968//1968
f 1970//1970 1963//1963 1964//1964
f 1967//1967 1757//1757 1960//1960
f 1971//1971 1968//1968 1925//1925
f 1972//1972 1964//1964 1961//1961
f 1972//1972 1961//1961 1966//1966
f 1969//1969 1965//1965 1962//1962
f 1970//1970 1967//1967 1963//1963
f 1926//1926 1971//1971 1925//1925
f 1926//1926 1927//1927 1976//1976
f 1973//1973 1966//1966 1965//1965
f 1967//1967 1960//1960 1963//1963
f 1974//1974 1964//1964 1972//1972
f 1966//1966 1957//1957 1965//1965
f 1963//1963 1960//1960 1959//1959
f 1955//1955 1759//1759 1948//1948
f 1959//1959 1953//1953 1950//1950
f 1951//1951 1954//1954 1949//1949
f 1961//1961 1954//1954 1951//1951
f 1956//1956 1957//1957 1952//1952
f 1955//1955 1953//1953 1960//1960
f 1960//1960 1953//1953 1959//1959
f 1962//1962 1957//1957 1956//1956
f 1961//1961 1951//1951 1957//1957
f 1758//1758 1759//1759 1955//1955
f 1964//1964 1954//1954 1961//1961
f 1964//1964 1959//1959 1954//1954
f 1965//1965 1957//1957 1962//1962
f 1960//1960 1758//1758 1955//1955
f 1962//1962 1956//1956 1958//1958
f 1963//1963 1959//1959 1964//1964
f 2010//2010 2001//2001 2000//2000
f 1795//1795 1932//1932 1794//1794
f 2011//2011 2003//2003 2009//2009
f 1791//1791 2046//2046 1790//1790
f 2048//2048 2047//2047 2042//2042
f 2048//2048 2046//2046 1791//1791
f 2048//2048 1791//1791 1792//1792
f 1749//1749 2047//2047 2048//2048
f 2048//2048 1792//1792 1793//1793
f 2048//2048 2042//2042 2046//2046
f 1749//1749 2048//2048 1793//1793
f 1927//1927 1926//1926 2053//2053
f 1976//1976 1927//1927 1928//1928
f 1929//1929 1928//1928 2054//2054
f 1932//1932 1931//1931 2059//2059
f 1933//1933 1932//1932 2059//2059
f 2060//2060 2049//2049 2052//2052
f 1926//1926 1925//1925 2053//2053
f 1790//1790 2046//2046 2044//2044
f 2047//2047 2045//2045 2042//2042
f 2045//2045 2047//2047 1750//1750
f 2038//2038 1796//1796 1797//1797
f 1750//1750 2036//2036 2040//2040
f 2042//2042 2037//2037 2041//2041
f 2043//2043 2039//2039 2038//2038
f 2042//2042 2040//2040 2037//2037
f 2043//2043 2038//2038 1797//1797
f 2045//2045 2040//2040 2042//2042
f 2044//2044 2041//2041 2039//2039
f 2044//2044 2039//2039 2043//2043
f 2043//2043 1797//1797 1798//1798
f 2046//2046 2041//2041 2044//2044
f 1790//1790 2043//2043 1798//1798
f 1790//1790 2044//2044 2043//2043
f 1750//1750 2040//2040 2045//2045
f 2046//2046 2042//2042 2041//2041
f 2060//2060 1924//1924 2049//2049
f 2060//2060 2052//2052 2051//2051
f 2060//2060 1946//1946 1924//1924
f 2060//2060 2051//2051 2050//2050
f 2070//2070 2067//2067 2068//2068
f 2070//2070 1779//1779 1778//1778
f 1778//1778 1777//1777 2070//2070
f 2071//2071 2063//2063 2062//2062
f 2071//2071 2062//2062 1776//1776
f 2071//2071 1776//1776 1775//1775
f 2071//2071 1775//1775 1774//1774
f 2072//2072 2064//2064 2063//2063
f 2072//2072 2065//2065 2064//2064
f 2072//2072 1771//1771 2065//2065
f 2072//2072 2063//2063 2071//2071
f 1774//1774 1773//1773 2071//2071
f 2072//2072 2071//2071 1773//1773
f 2072//2072 1773//1773 1772//1772
f 2072//2072 1772//1772 1771//1771
f 2070//2070 2066//2066 2067//2067
f 2039//2039 2041//2041 2032//2032
f 2070//2070 1777//1777 2066//2066
f 2070//2070 2068//2068 2069//2069
f 2060//2060 1925//1925 1946//1946
f 2053//2053 1925//1925 2060//2060
f 2053//2053 2060//2060 2050//2050
f 2054//2054 1930//1930 1929//1929
f 2054//2054 2058//2058 2057//2057
f 2061//2061 2054//2054 2057//2057
f 2061//2061 1930//1930 2054//2054
f 2061//2061 2005//2005 1930//1930
f 2061//2061 2057//2057 2056//2056
f 2061//2061 1931//1931 2005//2005
f 2061//2061 2056//2056 2055//2055
f 2059//2059 2061//2061 2055//2055
f 2059//2059 1931//1931 2061//2061
f 1779//1779 1781//1781 1780//1780
f 1779//1779 2069//2069 1781//1781
f 2070//2070 2069//2069 1779//1779
f 2040//2040 2035//2035 2037//2037
f 1796//1796 2038//2038 1795//1795
f 2036//2036 1750//1750 1751//1751
f 2017//2017 2019//2019 2008//2008
f 2017//2017 2005//2005 1931//1931
f 2021//2021 2011//2011 2009//2009
f 2020//2020 1752//1752 2013//2013
f 2021//2021 2016//2016 2011//2011
f 2022//2022 2012//2012 2015//2015
f 2021//2021 2009//2009 2018//2018
f 2022//2022 2018//2018 2012//2012
f 2023//2023 2015//2015 2014//2014
f 2024//2024 2020//2020 2016//2016
f 2024//2024 2016//2016 2021//2021
f 2025//2025 2014//2014 2019//2019
f 2026//2026 2017//2017 1931//1931
f 2023//2023 2022//2022 2015//2015
f 2027//2027 2018//2018 2022//2022
f 1752//1752 1753//1753 2013//2013
f 2028//2028 2019//2019 2017//2017
f 2018//2018 2009//2009 2010//2010
f 2020//2020 2013//2013 2016//2016
f 2011//2011 2007//2007 2003//2003
f 2012//2012 2000//2000 2006//2006
f 2012//2012 2010//2010 2000//2000
f 2013//2013 2004//2004 2007//2007
f 2010//2010 2009//2009 2001//2001
f 2004//2004 1753//1753 1754//1754
f 2014//2014 2006//2006 2002//2002
f 2015//2015 2012//2012 2006//2006
f 2016//2016 2007//2007 2011//2011
f 1753//1753 2004//2004 2013//2013
f 2014//2014 2002//2002 2008//2008
f 2015//2015 2006//2006 2014//2014
f 2016//2016 2013//2013 2007//2007
f 2018//2018 2010//2010 2012//2012
f 2019//2019 2014//2014 2008//2008
f 2017//2017 2008//2008 2005//2005
f 2008//2008 2002//2002 1995//1995
f 2027//2027 2021//2021 2018//2018
f 2026//2026 1931//1931 1932//1932
f 1795//1795 2026//2026 1932//1932
f 1938//1938 1934//1934 1937//1937
f 2036//2036 2030//2030 2029//2029
f 2032//2032 2028//2028 2034//2034
f 2035//2035 2036//2036 2029//2029
f 1795//1795 2034//2034 2026//2026
f 2037//2037 2031//2031 2033//2033
f 2036//2036 1751//1751 2030//2030
f 2038//2038 2034//2034 1795//1795
f 2037//2037 2035//2035 2031//2031
f 2038//2038 2032//2032 2034//2034
f 2040//2040 2036//2036 2035//2035
f 2041//2041 2033//2033 2032//2032
f 2039//2039 2032//2032 2038//2038
f 2041//2041 2037//2037 2033//2033
f 2032//2032 2033//2033 2025//2025
f 2025//2025 2023//2023 2014//2014
f 1932//1932 1770//1770 1794//1794
f 2033//2033 2031//2031 2023//2023
f 2024//2024 1752//1752 2020//2020
f 2029//2029 2021//2021 2027//2027
f 2026//2026 2028//2028 2017//2017
f 2030//2030 2024//2024 2021//2021
f 2028//2028 2025//2025 2019//2019
f 2029//2029 2030//2030 2021//2021
f 2024//2024 1751//1751 1752//1752
f 2031//2031 2027//2027 2022//2022
f 2031//2031 2022//2022 2023//2023
f 2031//2031 2029//2029 2027//2027
f 2032//2032 2025//2025 2028//2028
f 2033//2033 2023//2023 2025//2025
f 2030//2030 1751//1751 2024//2024
f 2034//2034 2028//2028 2026//2026
f 1932//1932 1933//1933 1770//1770
f 2035//2035 2029//2029 2031//2031
f 1940//1940 1786//1786 1936//1936
f 1921//1921 1917//1917 1919//1919
f 1937//1937 1934//1934 1923//1923
f 1840//1840 1838//1838 1831//1831
f 1767//1767 1834//1834 1838//1838
f 1842//1842 1835//1835 1836//1836
f 1843//1843 1832//1832 1833//1833
f 1833//1833 1776//1776 1777//1777
f 1842//1842 1836//1836 1839//1839
f 1841//1841 1837//1837 1832//1832
f 1841//1841 1832//1832 1843//1843
f 1845//1845 1837//1837 1841//1841
f 1842//1842 1840//1840 1835//1835
f 1846//1846 1838//1838 1840//1840
f 1849//1849 1839//1839 1844//1844
f 1844//1844 1837//1837 1845//1845
f 1850//1850 1843//1843 1833//1833
f 1844//1844 1839//1839 1837//1837
f 1838//1838 1834//1834 1830//1830
f 1839//1839 1829//1829 1837//1837
f 1839//1839 1836//1836 1829//1829
f 1832//1832 1826//1826 1775//1775
f 1833//1833 1775//1775 1776//1776
f 1829//1829 1828//1828 1825//1825
f 1834//1834 1768//1768 1830//1830
f 1835//1835 1824//1824 1828//1828
f 1830//1830 1827//1827 1831//1831
f 1835//1835 1831//1831 1824//1824
f 1837//1837 1829//1829 1826//1826
f 1836//1836 1828//1828 1829//1829
f 1834//1834 1767//1767 1768//1768
f 1835//1835 1828//1828 1836//1836
f 1837//1837 1826//1826 1832//1832
f 1832//1832 1775//1775 1833//1833
f 1838//1838 1830//1830 1831//1831
f 1840//1840 1831//1831 1835//1835
f 1846//1846 1840//1840 1842//1842
f 1848//1848 1767//1767 1838//1838
f 1939//1939 1935//1935 1938//1938
f 1849//1849 1842//1842 1839//1839
f 1858//1858 1851//1851 1850//1850
f 1860//1860 1845//1845 1853//1853
f 1860//1860 1852//1852 1845//1845
f 1861//1861 1851//1851 1858//1858
f 1862//1862 1854//1854 1856//1856
f 1863//1863 1860//1860 1853//1853
f 1859//1859 1766//1766 1848//1848
f 1859//1859 1846//1846 1855//1855
f 1862//1862 1855//1855 1854//1854
f 1863//1863 1853//1853 1857//1857
f 1857//1857 1851//1851 1861//1861
f 1860//1860 1856//1856 1852//1852
f 1864//1864 1859//1859 1855//1855
f 1866//1866 1855//1855 1862//1862
f 1859//1859 1765//1765 1766//1766
f 1859//1859 1848//1848 1846//1846
f 1830//1830 1768//1768 1823//1823
f 1858//1858 1850//1850 1778//1778
f 1856//1856 1849//1849 1852//1852
f 1847//1847 1846//1846 1842//1842
f 1848//1848 1766//1766 1767//1767
f 1851//1851 1845//1845 1841//1841
f 1846//1846 1848//1848 1838//1838
f 1851//1851 1843//1843 1850//1850
f 1853//1853 1845//1845 1851//1851
f 1854//1854 1842//1842 1849//1849
f 1852//1852 1849//1849 1844//1844
f 1778//1778 1833//1833 1777//1777
f 1845//1845 1852//1852 1844//1844
f 1854//1854 1847//1847 1842//1842
f 1778//1778 1850//1850 1833//1833
f 1855//1855 1846//1846 1847//1847
f 1855//1855 1847//1847 1854//1854
f 1856//1856 1854//1854 1849//1849
f 1857//1857 1853//1853 1851//1851
f 1868//1868 1857//1857 1861//1861
f 1831//1831 1827//1827 1824//1824
f 1830//1830 1823//1823 1819//1819
f 1808//1808 1790//1790 1798//1798
f 1791//1791 1790//1790 1808//1808
f 1806//1806 1798//1798 1801//1801
f 1806//1806 1803//1803 1807//1807
f 1804//1804 1802//1802 1805//1805
f 1809//1809 1798//1798 1806//1806
f 1807//1807 1803//1803 1804//1804
f 1810//1810 1806//1806 1807//1807
f 1811//1811 1804//1804 1805//1805
f 1809//1809 1808//1808 1798//1798
f 1811//1811 1807//1807 1804//1804
f 1814//1814 1792//1792 1808//1808
f 1813//1813 1809//1809 1806//1806
f 1812//1812 1807//1807 1811//1811
f 1808//1808 1792//1792 1791//1791
f 1806//1806 1801//1801 1803//1803
f 1805//1805 1802//1802 1773//1773
f 1803//1803 1799//1799 1804//1804
f 1782//1782 1781//1781 2049//2049
f 1772//1772 1770//1770 1771//1771
f 1794//1794 1770//1770 1772//1772
f 1799//1799 1795//1795 1794//1794
f 1796//1796 1795//1795 1799//1799
f 1800//1800 1796//1796 1799//1799
f 1799//1799 1794//1794 1772//1772
f 1800//1800 1797//1797 1796//1796
f 1801//1801 1797//1797 1800//1800
f 1802//1802 1799//1799 1772//1772
f 1803//1803 1800//1800 1799//1799
f 1804//1804 1799//1799 1802//1802
f 1801//1801 1798//1798 1797//1797
f 1802//1802 1772//1772 1773//1773
f 1803//1803 1801//1801 1800//1800
f 1805//1805 1773//1773 1774//1774
f 1810//1810 1807//1807 1812//1812
f 1813//1813 1806//1806 1810//1810
f 1818//1818 1812//1812 1811//1811
f 1825//1825 1818//1818 1816//1816
f 1820//1820 1769//1769 1793//1793
f 1821//1821 1819//1819 1813//1813
f 1824//1824 1815//1815 1822//1822
f 1826//1826 1816//1816 1774//1774
f 1827//1827 1819//1819 1821//1821
f 1775//1775 1826//1826 1774//1774
f 1820//1820 1768//1768 1769//1769
f 1827//1827 1821//1821 1824//1824
f 1825//1825 1822//1822 1818//1818
f 1828//1828 1824//1824 1822//1822
f 1768//1768 1820//1820 1823//1823
f 1828//1828 1822//1822 1825//1825
f 1829//1829 1816//1816 1826//1826
f 1829//1829 1825//1825 1816//1816
f 1824//1824 1821//1821 1815//1815
f 1830//1830 1819//1819 1827//1827
f 1823//1823 1817//1817 1819//1819
f 1820//1820 1793//1793 1814//1814
f 1793//1793 1769//1769 1749//1749
f 1817//1817 1808//1808 1809//1809
f 1815//1815 1810//1810 1812//1812
f 1816//1816 1811//1811 1805//1805
f 1793//1793 1792//1792 1814//1814
f 1817//1817 1814//1814 1808//1808
f 1815//1815 1812//1812 1818//1818
f 1774//1774 1816//1816 1805//1805
f 1818//1818 1811//1811 1816//1816
f 1819//1819 1809//1809 1813//1813
f 1820//1820 1814//1814 1817//1817
f 1821//1821 1810//1810 1815//1815
f 1822//1822 1815//1815 1818//1818
f 1821//1821 1813//1813 1810//1810
f 1819//1819 1817//1817 1809//1809
f 1823//1823 1820//1820 1817//1817
f 1869//1869 1778//1778 1865//1865
f 1851//1851 1841//1841 1843//1843
f 1866//1866 1864//1864 1855//1855
f 1910//1910 1904//1904 1905//1905
f 1783//1783 1909//1909 1901//1901
f 1783//1783 1901//1901 1782//1782
f 1908//1908 1906//1906 1903//1903
f 1912//1912 1908//1908 1902//1902
f 1913//1913 1906//1906 1908//1908
f 1912//1912 1902//1902 1907//1907
f 1914//1914 1907//1907 1911//1911
f 1915//1915 1910//1910 1905//1905
f 1910//1910 1911//1911 1904//1904
f 1914//1914 1912//1912 1907//1907
f 1783//1783 1915//1915 1909//1909
f 1913//1913 1762//1762 1906//1906
f 1912//1912 1913//1913 1908//1908
f 1915//1915 1905//1905 1909//1909
f 1909//1909 1905//1905 1897//1897
f 1911//1911 1907//1907 1904//1904
f 1909//1909 1897//1897 1901//1901
f 1904//1904 1895//1895 1898//1898
f 1905//1905 1898//1898 1897//1897
f 1904//1904 1900//1900 1895//1895
f 1902//1902 1894//1894 1900//1900
f 1903//1903 1899//1899 1902//1902
f 1906//1906 1893//1893 1903//1903
f 1906//1906 1896//1896 1893//1893
f 1905//1905 1904//1904 1898//1898
f 1907//1907 1900//1900 1904//1904
f 1907//1907 1902//1902 1900//1900
f 1782//1782 1901//1901 1780//1780
f 1782//1782 1780//1780 1781//1781
f 1906//1906 1762//1762 1763//1763
f 1906//1906 1763//1763 1896//1896
f 1908//1908 1903//1903 1902//1902
f 1784//1784 1915//1915 1783//1783
f 1916//1916 1910//1910 1915//1915
f 1917//1917 1913//1913 1912//1912
f 1869//1869 1858//1858 1778//1778
f 1789//1789 1921//1921 1788//1788
f 1922//1922 1760//1760 1761//1761
f 1760//1760 1922//1922 1921//1921
f 1760//1760 1921//1921 1789//1789
f 1923//1923 1782//1782 2049//2049
f 1783//1783 1782//1782 1923//1923
f 1934//1934 1783//1783 1923//1923
f 1935//1935 1784//1784 1783//1783
f 1923//1923 2049//2049 1924//1924
f 1935//1935 1783//1783 1934//1934
f 1935//1935 1785//1785 1784//1784
f 1936//1936 1785//1785 1935//1935
f 1937//1937 1923//1923 1924//1924
f 1938//1938 1935//1935 1934//1934
f 1936//1936 1786//1786 1785//1785
f 1922//1922 1761//1761 1921//1921
f 1903//1903 1893//1893 1899//1899
f 1788//1788 1921//1921 1920//1920
f 1761//1761 1917//1917 1921//1921
f 1918//1918 1914//1914 1911//1911
f 1919//1919 1912//1912 1914//1914
f 1785//1785 1916//1916 1915//1915
f 1785//1785 1915//1915 1784//1784
f 1917//1917 1761//1761 1762//1762
f 1917//1917 1762//1762 1913//1913
f 1919//1919 1917//1917 1912//1912
f 1916//1916 1918//1918 1911//1911
f 1918//1918 1919//1919 1914//1914
f 1920//1920 1918//1918 1916//1916
f 1786//1786 1916//1916 1785//1785
f 1921//1921 1919//1919 1918//1918
f 1786//1786 1920//1920 1916//1916
f 1787//1787 1920//1920 1786//1786
f 1921//1921 1918//1918 1920//1920
f 1788//1788 1920//1920 1787//1787
f 1902//1902 1899//1899 1894//1894
f 1916//1916 1911//1911 1910//1910
f 1900//1900 1894//1894 1891//1891
f 1877//1877 1870//1870 1869//1869
f 1878//1878 1868//1868 1870//1870
f 1876//1876 1869//1869 1865//1865
f 1879//1879 1872//1872 1874//1874
f 1880//1880 1875//1875 1873//1873
f 1875//1875 1874//1874 1867//1867
f 1876//1876 1865//1865 1779//1779
f 1764//1764 1871//1871 1872//1872
f 1764//1764 1765//1765 1871//1871
f 1878//1878 1873//1873 1868//1868
f 1882//1882 1869//1869 1876//1876
f 1877//1877 1878//1878 1870//1870
f 1883//1883 1873//1873 1878//1878
f 1883//1883 1880//1880 1873//1873
f 1881//1881 1874//1874 1875//1875
f 1873//1873 1875//1875 1863//1863
f 1871//1871 1866//1866 1872//1872
f 1875//1875 1867//1867 1863//1863
f 1867//1867 1860//1860 1863//1863
f 1897//1897 1898//1898 1888//1888
f 1865//1865 1778//1778 1779//1779
f 1868//1868 1863//1863 1857//1857
f 1870//1870 1861//1861 1858//1858
f 1765//1765 1859//1859 1864//1864
f 1868//1868 1861//1861 1870//1870
f 1869//1869 1870//1870 1858//1858
f 1871//1871 1864//1864 1866//1866
f 1872//1872 1866//1866 1862//1862
f 1874//1874 1856//1856 1867//1867
f 1873//1873 1863//1863 1868//1868
f 1874//1874 1862//1862 1856//1856
f 1871//1871 1765//1765 1864//1864
f 1874//1874 1872//1872 1862//1862
f 1882//1882 1877//1877 1869//1869
f 1884//1884 1881//1881 1875//1875
f 1867//1867 1856//1856 1860//1860
f 1885//1885 1877//1877 1882//1882
f 1894//1894 1889//1889 1878//1878
f 1890//1890 1882//1882 1888//1888
f 1893//1893 1886//1886 1884//1884
f 1889//1889 1887//1887 1883//1883
f 1895//1895 1891//1891 1890//1890
f 1896//1896 1886//1886 1893//1893
f 1897//1897 1888//1888 1780//1780
f 1894//1894 1878//1878 1891//1891
f 1898//1898 1890//1890 1888//1888
f 1899//1899 1889//1889 1894//1894
f 1893//1893 1887//1887 1889//1889
f 1898//1898 1895//1895 1890//1890
f 1900//1900 1891//1891 1895//1895
f 1896//1896 1763//1763 1892//1892
f 1901//1901 1897//1897 1780//1780
f 1899//1899 1893//1893 1889//1889
f 1896//1896 1892//1892 1886//1886
f 1888//1888 1876//1876 1780//1780
f 1893//1893 1884//1884 1887//1887
f 1890//1890 1885//1885 1882//1882
f 1764//1764 1872//1872 1879//1879
f 1884//1884 1875//1875 1880//1880
f 1886//1886 1879//1879 1881//1881
f 1887//1887 1880//1880 1883//1883
f 1885//1885 1878//1878 1877//1877
f 1888//1888 1882//1882 1876//1876
f 1889//1889 1883//1883 1878//1878
f 1891//1891 1885//1885 1890//1890
f 1887//1887 1884//1884 1880//1880
f 1881//1881 1879//1879 1874//1874
f 1886//1886 1881//1881 1884//1884
f 1780//1780 1876//1876 1779//1779
f 1892//1892 1764//1764 1879//1879
f 1892//1892 1879//1879 1886//1886
f 1891//1891 1878//1878 1885//1885
f 2076//2076 2073//2073 2077//2077
f 2076//2076 2074//2074 2073//2073
f 2075//2075 2074//2074 2076//2076
f 2086//2086 2081//2081 2078//2078
f 2087//2087 2088//2088 2083//2083
f 2088//2088 2084//2084 2083//2083
f 2086//2086 2078//2078 2085//2085
f 2087//2087 2083//2083 2082//2082
f 2086//2086 2087//2087 2081//2081
f 2087//2087 2082//2082 2081//2081
f 2088//2088 2079//2079 2084//2084
f 2080//2080 2079//2079 2088//2088
f 2114//2114 2090//2090 2091//2091
f 2092//2092 2089//2089 2090//2090
f 2094//2094 2096//2096 2095//2095
f 2098//2098 2097//2097 2096//2096
f 2104//2104 2103//2103 2105//2105
f 2109//2109 2108//2108 2110//2110
f 2110//2110 2108//2108 2112//2112
f 2103//2103 2101//2101 2105//2105
f 2103//2103 2102//2102 2101//2101
f 2110//2110 2112//2112 2111//2111
f 2106//2106 2101//2101 2100//2100
f 2108//2108 2107//2107 2112//2112
f 2099//2099 2094//2094 2093//2093
f 2113//2113 2093//2093 2114//2114
f 2099//2099 2098//2098 2094//2094
f 2114//2114 2093//2093 2092//2092
f 2106//2106 2093//2093 2113//2113
f 2114//2114 2092//2092 2090//2090
f 2105//2105 2101//2101 2106//2106
f 2098//2098 2096//2096 2094//2094
f 2107//2107 2113//2113 2112//2112
f 2106//2106 2100//2100 2099//2099
f 2107//2107 2106//2106 2113//2113
f 2106//2106 2099//2099 2093//2093
f 2124//2124 2117//2117 2118//2118
f 2122//2122 2119//2119 2116//2116
f 2122//2122 2116//2116 2121//2121
f 2125//2125 2115//2115 2120//2120
f 2125//2125 2120//2120 2124//2124
f 2124//2124 2120//2120 2117//2117
f 2122//2122 2123//2123 2119//2119
f 2123//2123 2118//2118 2119//2119
f 2123//2123 2124//2124 2118//2118
f 2129//2129 2126//2126 2128//2128
f 2129//2129 2127//2127 2126//2126
f 2130//2130 2127//2127 2129//2129
f 2144//2144 2132//2132 2138//2138
f 2144//2144 2138//2138 2143//2143
f 2140//2140 2136//2136 2137//2137
f 2140//2140 2141//2141 2136//2136
f 2139//2139 2133//2133 2131//2131
f 2140//2140 2133//2133 2139//2139
f 2142//2142 2143//2143 2134//2134
f 2142//2142 2134//2134 2135//2135
f 2141//2141 2142//2142 2135//2135
f 2143//2143 2138//2138 2134//2134
f 2140//2140 2137//2137 2133//2133
f 2141//2141 2135//2135 2136//2136
f 2149//2149 2145//2145 2147//2147
f 2149//2149 2147//2147 2148//2148
f 2149//2149 2146//2146 2145//2145
f 2150//2150 2146//2146 2149//2149
f 2160//2160 2161//2161 2153//2153
f 2158//2158 2151//2151 2157//2157
f 2159//2159 2155//2155 2156//2156
f 2161//2161 2152//2152 2153//2153
f 2158//2158 2159//2159 2156//2156
f 2158//2158 2156//2156 2151//2151
f 2159//2159 2154//2154 2155//2155
f 2159//2159 2160//2160 2154//2154
f 2160//2160 2153//2153 2154//2154
f 2162//2162 2152//2152 2161//2161
f 2166//2166 2164//2164 2163//2163
f 2167//2167 2164//2164 2166//2166
f 2166//2166 2163//2163 2165//2165
v 0.0062067 0.0007793 -0.0120000
v 0.0065438 0.0005965 -0.0120000
v 0.0067274 0.0003403 -0.0120000
v 0.0068063 0.0000372 -0.0120000
v 0.0067220 -0.0003679 -0.0119999
v 0.0064228 -0.0006900 -0.0119999
v 0.0060918 -0.0007968 -0.0120000
v 0.0057343 -0.0007684 -0.0119999
v 0.0053876 -0.0005229 -0.0120000
v 0.0052426 -0.0002737 -0.0120000
v 0.0051974 0.0000269 -0.0120000
v 0.0052560 0.0003082 -0.0120000
v 0.0054134 0.0005484 -0.0120000
v 0.0056348 0.0007168 -0.0120000
v 0.0059082 0.0007968 -0.0120000
v 0.0062067 0.0007793 -0.0120000
v 0.0065438 0.0005965 -0.0120000
v 0.0067274 0.0003403 -0.0120000
v 0.0068063 0.0000372 -0.0120000
v 0.0067220 -0.0003679 -0.0119999
v 0.0064228 -0.0006900 -0.0119999
v 0.0060918 -0.0007968 -0.0120000
v 0.0057343 -0.0007684 -0.0119999
v 0.0053876 -0.0005229 -0.0120000
v 0.0052426 -0.0002737 -0.0120000
v 0.0051974 0.0000269 -0.0120000
v 0.0052560 0.0003082 -0.0120000
v 0.0054134 0.0005484 -0.0120000
v 0.0056348 0.0007168 -0.0120000
v 0.0059082 0.0007968 -0.0120000
v 0.0061139 0.0009980 -0.0121997
v 0.0058862 -0.0009980 -0.0121997
v 0.0055924 -0.0009166 -0.0121994
v 0.0053519 -0.0007641 -0.0121991
v 0.0051423 -0.0005273 -0.0122015
v 0.0050250 -0.0002307 -0.0121991
v 0.0049979 0.0000566 -0.0122000
v 0.0050417 0.0002881 -0.0122000
v 0.0051314 0.0005019 -0.0121994
v 0.0052875 0.0007045 -0.0122007
v 0.0054762 0.0008546 -0.0121996
v 0.0057608 0.0009763 -0.0122004
v 0.0064139 0.0009146 -0.0122001
v 0.0066505 0.0007615 -0.0121987
v 0.0068544 0.0005311 -0.0122012
v 0.0069747 0.0002341 -0.0121996
v 0.0070018 -0.0000528 -0.0121994
v 0.0069601 -0.0002834 -0.0122003
v 0.0068686 -0.0005019 -0.0121994
v 0.0066738 -0.0007450 -0.0122006
v 0.0064077 -0.0009166 -0.0121994
v 0.0061645 -0.0009884 -0.0121998
v 0.0061139 0.0009980 -0.0121997
v 0.0058862 -0.0009980 -0.0121997
v 0.0055924 -0.0009166 -0.0121994
v 0.0053519 -0.0007641 -0.0121991
v 0.0051423 -0.0005273 -0.0122015
v 0.0050250 -0.0002307 -0.0121991
v 0.0049979 0.0000566 -0.0122000
v 0.0050417 0.0002881 -0.0122000
v 0.0051314 0.0005019 -0.0121994
v 0.0052875 0.0007045 -0.0122007
v 0.0054762 0.0008546 -0.0121996
v 0.0057608 0.0009763 -0.0122004
v 0.0064139 0.0009146 -0.0122001
v 0.0066505 0.0007615 -0.0121987
v 0.0068544 0.0005311 -0.0122012
v 0.0069747 0.0002341 -0.0121996
v 0.0070018 -0.0000528 -0.0121994
v 0.0069601 -0.0002834 -0.0122003
v 0.0068686 -0.0005019 -0.0121994
v 0.0066738 -0.0007450 -0.0122006
v 0.0064077 -0.0009166 -0.0121994
v 0.0061645 -0.0009884 -0.0121998
v 0.0063607 -0.0009422 -0.0200000
v 0.0066810 -0.0007366 -0.0200000
v 0.0069110 -0.0004335 -0.0200000
v 0.0070037 -0.0000394 -0.0200000
v 0.0069531 0.0003221 -0.0200000
v 0.0067879 0.0006210 -0.0200000
v 0.0065262 0.0008585 -0.0200000
v 0.0062243 0.0009765 -0.0200000
v 0.0059212 0.0010022 -0.0200000
v 0.0056258 0.0009294 -0.0200000
v 0.0053145 0.0007416 -0.0200000
v 0.0050838 0.0004100 -0.0200000
v 0.0050020 0.0001068 -0.0200000
v 0.0050120 -0.0001663 -0.0200000
v 0.0050891 -0.0004200 -0.0200000
v 0.0052803 -0.0007030 -0.0200000
v 0.0055796 -0.0009122 -0.0200000
v 0.0059330 -0.0010038 -0.0200000
v 0.0063607 -0.0009422 -0.0200000
v 0.0066810 -0.0007366 -0.0200000
v 0.0069110 -0.0004335 -0.0200000
v 0.0070037 -0.0000394 -0.0200000
v 0.0069531 0.0003221 -0.0200000
v 0.0067879 0.0006210 -0.0200000
v 0.0065262 0.0008585 -0.0200000
v 0.0062243 0.0009765 -0.0200000
v 0.0059212 0.0010022 -0.0200000
v 0.0056258 0.0009294 -0.0200000
v 0.0053145 0.0007416 -0.0200000
v 0.0050838 0.0004100 -0.0200000
v 0.0050020 0.0001068 -0.0200000
v 0.0050120 -0.0001663 -0.0200000
v 0.0050891 -0.0004200 -0.0200000
v 0.0052803 -0.0007030 -0.0200000
v 0.0055796 -0.0009122 -0.0200000
v 0.0059330 -0.0010038 -0.0200000
v 0.0058274 -0.0015277 -0.0200000
v 0.0053833 -0.0014103 -0.0200001
v 0.0049818 -0.0011541 -0.0200000
v 0.0046664 -0.0007666 -0.0200000
v 0.0045674 -0.0005818 -0.0200025
v 0.0044641 -0.0000545 -0.0200000
v 0.0044841 0.0002937 -0.0200019
v 0.0046778 0.0007931 -0.0200005
v 0.0050233 0.0011866 -0.0200001
v 0.0053009 0.0013783 -0.0200026
v 0.0056737 0.0015058 -0.0200001
v 0.0061153 0.0015361 -0.0200011
v 0.0063466 0.0015047 -0.0200032
v 0.0066933 0.0013737 -0.0200006
v 0.0070884 0.0010908 -0.0200003
v 0.0073620 0.0007096 -0.0200000
v 0.0075057 0.0003244 -0.0200001
v 0.0075335 -0.0001551 -0.0200006
v 0.0074153 -0.0006074 -0.0200001
v 0.0070919 -0.0010889 -0.0200005
v 0.0067114 -0.0013723 -0.0200017
v 0.0062863 -0.0015113 -0.0200000
v 0.0058274 -0.0015277 -0.0200000
v 0.0053833 -0.0014103 -0.0200001
v 0.0049818 -0.0011541 -0.0200000
v 0.0046664 -0.0007666 -0.0200000
v 0.0045674 -0.0005818 -0.0200025
v 0.0044641 -0.0000545 -0.0200000
v 0.0044841 0.0002937 -0.0200019
v 0.0046778 0.0007931 -0.0200005
v 0.0050233 0.0011866 -0.0200001
v 0.0053009 0.0013783 -0.0200026
v 0.0056737 0.0015058 -0.0200001
v 0.0061153 0.0015361 -0.0200011
v 0.0063466 0.0015047 -0.0200032
v 0.0066933 0.0013737 -0.0200006
v 0.0070884 0.0010908 -0.0200003
v 0.0073620 0.0007096 -0.0200000
v 0.0075057 0.0003244 -0.0200001
v 0.0075335 -0.0001551 -0.0200006
v 0.0074153 -0.0006074 -0.0200001
v 0.0070919 -0.0010889 -0.0200005
v 0.0067114 -0.0013723 -0.0200017
v 0.0062863 -0.0015113 -0.0200000
v 0.0060832 -0.0012544 -0.0211269
v 0.0062071 -0.0012356 -0.0211274
v 0.0064708 -0.0012699 -0.0210959
v 0.0067877 -0.0010625 -0.0211068
v 0.0070248 -0.0008086 -0.0211121
v 0.0072437 -0.0005541 -0.0210933
v 0.0072339 -0.0002075 -0.0211293
v 0.0072423 0.0002063 -0.0211284
v 0.0072347 0.0004249 -0.0211122
v 0.0070462 0.0008193 -0.0211048
v 0.0067032 0.0011163 -0.0211090
v 0.0064322 0.0012086 -0.0211196
v 0.0062076 0.0012364 -0.0211294
v 0.0060732 0.0013916 -0.0210762
v 0.0058222 0.0015027 -0.0209995
v 0.0059414 0.0016100 -0.0208954
v 0.0059561 0.0016941 -0.0207609
v 0.0060860 0.0017458 -0.0205706
v 0.0059283 0.0017506 -0.0204368
v 0.0060400 0.0017284 -0.0203014
v 0.0060858 0.0016533 -0.0201420
v 0.0061286 -0.0017494 -0.0204903
v 0.0060460 -0.0017290 -0.0203132
v 0.0061464 -0.0016646 -0.0201669
v 0.0061174 -0.0015831 -0.0200518
v 0.0060035 -0.0014214 -0.0210631
v 0.0059728 -0.0015826 -0.0209313
v 0.0060411 -0.0016755 -0.0207980
v 0.0060426 -0.0017353 -0.0206339
v 0.0062801 -0.0014938 -0.0209936
v 0.0062221 -0.0016341 -0.0208438
v 0.0066278 -0.0013837 -0.0209950
v 0.0063261 -0.0016718 -0.0207457
v 0.0065271 -0.0015575 -0.0208543
v 0.0063118 -0.0017182 -0.0205931
v 0.0069066 -0.0011405 -0.0210396
v 0.0066106 -0.0016189 -0.0206617
v 0.0063205 -0.0017131 -0.0203614
v 0.0067967 -0.0014288 -0.0208653
v 0.0065510 -0.0016656 -0.0204982
v 0.0069735 -0.0012459 -0.0209340
v 0.0071356 -0.0008857 -0.0210521
v 0.0068440 -0.0014850 -0.0207256
v 0.0064698 -0.0016244 -0.0202057
v 0.0068635 -0.0015200 -0.0205711
v 0.0066189 -0.0016223 -0.0203451
v 0.0070801 -0.0012939 -0.0207820
v 0.0071587 -0.0010851 -0.0209257
v 0.0068444 -0.0015306 -0.0204052
v 0.0071244 -0.0013179 -0.0206594
v 0.0064206 -0.0015432 -0.0200666
v 0.0067575 -0.0015138 -0.0202068
v 0.0071340 -0.0013388 -0.0205160
v 0.0073191 -0.0008912 -0.0209205
v 0.0073272 -0.0010574 -0.0207558
v 0.0073849 -0.0006606 -0.0209779
v 0.0070661 -0.0013636 -0.0203172
v 0.0073403 -0.0003269 -0.0210823
v 0.0069037 -0.0013619 -0.0201081
v 0.0073613 -0.0011023 -0.0205492
v 0.0074674 -0.0008497 -0.0207583
v 0.0075097 -0.0005980 -0.0208846
v 0.0074535 -0.0003731 -0.0210082
v 0.0072561 -0.0011987 -0.0203351
v 0.0071236 -0.0012233 -0.0201535
v 0.0075383 -0.0008415 -0.0205439
v 0.0073497 0.0000104 -0.0210960
v 0.0075781 -0.0006919 -0.0206858
v 0.0074358 -0.0009905 -0.0203863
v 0.0076046 -0.0003026 -0.0208694
v 0.0074504 0.0000534 -0.0210445
v 0.0073300 -0.0010384 -0.0201996
v 0.0076434 -0.0005029 -0.0207030
v 0.0075358 -0.0001024 -0.0209735
v 0.0075920 -0.0007156 -0.0203808
v 0.0072885 -0.0009544 -0.0200690
v 0.0074923 -0.0008055 -0.0202156
v 0.0076836 -0.0004877 -0.0205201
v 0.0076210 0.0000021 -0.0208861
v 0.0076977 -0.0003115 -0.0206728
v 0.0075224 0.0001658 -0.0209808
v 0.0077029 -0.0000852 -0.0207366
v 0.0073865 0.0003692 -0.0210532
v 0.0077385 -0.0001892 -0.0205783
v 0.0076598 -0.0004911 -0.0203169
v 0.0075237 -0.0006098 -0.0201154
v 0.0076875 0.0001396 -0.0207631
v 0.0076111 0.0003404 -0.0208486
v 0.0077413 -0.0001775 -0.0204235
v 0.0075065 0.0004724 -0.0209357
v 0.0072292 0.0007533 -0.0210523
v 0.0077085 -0.0002049 -0.0202746
v 0.0077262 0.0001733 -0.0206411
v 0.0077514 0.0000671 -0.0205087
v 0.0073451 0.0006766 -0.0210042
v 0.0076524 -0.0002214 -0.0201567
v 0.0076689 0.0004442 -0.0206770
v 0.0075746 -0.0002778 -0.0200659
v 0.0077358 0.0000926 -0.0203525
v 0.0075394 0.0006376 -0.0208141
v 0.0077267 0.0003004 -0.0204620
v 0.0074074 0.0007686 -0.0209052
v 0.0076664 0.0001342 -0.0201696
v 0.0076759 0.0005128 -0.0205105
v 0.0075919 0.0006896 -0.0206458
v 0.0074436 0.0008484 -0.0208006
v 0.0076855 0.0003227 -0.0202699
v 0.0071647 0.0010051 -0.0209757
v 0.0069569 0.0010433 -0.0210636
v 0.0076691 0.0004761 -0.0203409
v 0.0073113 0.0009980 -0.0208457
v 0.0075821 0.0001363 -0.0200536
v 0.0074366 0.0009667 -0.0206666
v 0.0076036 0.0007059 -0.0204627
v 0.0076109 0.0004373 -0.0201664
v 0.0068714 0.0012023 -0.0210205
v 0.0070779 0.0011667 -0.0209270
v 0.0075076 0.0008937 -0.0204499
v 0.0075684 0.0007358 -0.0203266
v 0.0075417 0.0004186 -0.0200642
v 0.0072236 0.0011740 -0.0207575
v 0.0073411 0.0011226 -0.0205800
v 0.0075414 0.0006643 -0.0201843
v 0.0069623 0.0013232 -0.0208679
v 0.0065761 0.0013908 -0.0210073
v 0.0073881 0.0010575 -0.0203908
v 0.0074071 0.0009655 -0.0202406
v 0.0074328 0.0007448 -0.0200818
v 0.0070927 0.0013404 -0.0206637
v 0.0063655 0.0013756 -0.0210620
v 0.0072556 0.0012216 -0.0204578
v 0.0068338 0.0014975 -0.0207177
v 0.0066433 0.0015145 -0.0208526
v 0.0070869 0.0013765 -0.0204732
v 0.0072370 0.0011984 -0.0202929
v 0.0072469 0.0010609 -0.0201100
v 0.0069304 0.0014735 -0.0205956
v 0.0070165 0.0013852 -0.0202685
v 0.0062499 0.0015486 -0.0209488
v 0.0065570 0.0016204 -0.0207131
v 0.0068395 0.0015348 -0.0203956
v 0.0066598 0.0016224 -0.0205514
v 0.0069586 0.0013086 -0.0200905
v 0.0062654 0.0016538 -0.0208038
v 0.0062630 0.0017067 -0.0206766
v 0.0065576 0.0016494 -0.0203635
v 0.0066596 0.0015521 -0.0201950
v 0.0063704 0.0017102 -0.0205426
v 0.0063459 0.0017114 -0.0203847
v 0.0065593 0.0015088 -0.0200781
v 0.0061624 0.0017424 -0.0204403
v 0.0063370 0.0016438 -0.0201830
v 0.0057362 0.0013404 -0.0210902
v 0.0054137 0.0011876 -0.0211059
v 0.0050895 0.0009497 -0.0211110
v 0.0047895 0.0004927 -0.0211128
v 0.0047548 0.0001978 -0.0211255
v 0.0046457 -0.0000598 -0.0210960
v 0.0047667 -0.0002072 -0.0211295
v 0.0048047 -0.0005163 -0.0211142
v 0.0050669 -0.0008989 -0.0211161
v 0.0054048 -0.0011794 -0.0211075
v 0.0057926 -0.0012352 -0.0211290
v 0.0056771 0.0016177 -0.0208439
v 0.0054834 0.0014244 -0.0209989
v 0.0058085 0.0017174 -0.0206689
v 0.0052428 0.0012312 -0.0210456
v 0.0053731 0.0015154 -0.0208623
v 0.0055298 0.0016654 -0.0206616
v 0.0055997 0.0017091 -0.0205050
v 0.0051299 0.0013099 -0.0209429
v 0.0057771 0.0017069 -0.0202806
v 0.0052760 0.0015738 -0.0206621
v 0.0049828 0.0010143 -0.0210509
v 0.0054987 0.0016512 -0.0202909
v 0.0058146 0.0016108 -0.0200925
v 0.0048882 0.0010976 -0.0209551
v 0.0049925 0.0013274 -0.0208194
v 0.0050304 0.0014304 -0.0206691
v 0.0052589 0.0015872 -0.0204298
v 0.0048039 0.0007951 -0.0210520
v 0.0055022 0.0015628 -0.0201147
v 0.0049865 0.0014323 -0.0205134
v 0.0047613 0.0011465 -0.0207762
v 0.0048119 0.0012803 -0.0205884
v 0.0046792 0.0008871 -0.0209221
v 0.0051684 0.0014733 -0.0202079
v 0.0046743 0.0005525 -0.0210531
v 0.0049607 0.0013986 -0.0203593
v 0.0045422 0.0008499 -0.0207800
v 0.0046423 0.0010717 -0.0206615
v 0.0045580 0.0006072 -0.0209507
v 0.0049314 0.0012747 -0.0201509
v 0.0047368 0.0011972 -0.0203519
v 0.0046120 0.0010691 -0.0205170
v 0.0045806 0.0001597 -0.0210581
v 0.0044528 0.0005708 -0.0208439
v 0.0044764 0.0008676 -0.0205484
v 0.0044990 0.0002539 -0.0209909
v 0.0046429 0.0010648 -0.0202939
v 0.0043517 0.0005355 -0.0206597
v 0.0043801 0.0002803 -0.0208549
v 0.0044602 0.0007977 -0.0203214
v 0.0047777 0.0010547 -0.0200828
v 0.0043552 0.0006121 -0.0204668
v 0.0046121 0.0009178 -0.0201589
v 0.0045213 -0.0001126 -0.0210218
v 0.0042952 0.0002036 -0.0207099
v 0.0044257 -0.0001394 -0.0209337
v 0.0044207 0.0006521 -0.0202485
v 0.0042827 0.0003535 -0.0205039
v 0.0043418 -0.0001146 -0.0208250
v 0.0045070 0.0006333 -0.0200912
v 0.0046725 -0.0004892 -0.0210652
v 0.0043044 0.0003375 -0.0203094
v 0.0042878 -0.0000666 -0.0207138
v 0.0045223 -0.0004024 -0.0209805
v 0.0042475 0.0000775 -0.0204966
v 0.0044017 0.0004508 -0.0201535
v 0.0044396 -0.0004492 -0.0208803
v 0.0042618 -0.0001729 -0.0205830
v 0.0043177 -0.0003346 -0.0207093
v 0.0046225 -0.0006375 -0.0209936
v 0.0042712 0.0000484 -0.0203153
v 0.0043534 0.0001405 -0.0201329
v 0.0048720 -0.0008394 -0.0210693
v 0.0045018 -0.0006864 -0.0208462
v 0.0042629 -0.0002162 -0.0204380
v 0.0043932 -0.0005969 -0.0207116
v 0.0047034 -0.0008615 -0.0209585
v 0.0043120 -0.0004678 -0.0205432
v 0.0042883 -0.0001990 -0.0202936
v 0.0043385 -0.0001434 -0.0201614
v 0.0049344 -0.0010348 -0.0210193
v 0.0046149 -0.0009205 -0.0208195
v 0.0043324 -0.0004376 -0.0202913
v 0.0045190 -0.0008955 -0.0206688
v 0.0043606 -0.0006005 -0.0203873
v 0.0044056 -0.0007310 -0.0204926
v 0.0044133 -0.0002386 -0.0200703
v 0.0052185 -0.0011910 -0.0210600
v 0.0048256 -0.0010906 -0.0209063
v 0.0044220 -0.0004696 -0.0201294
v 0.0047974 -0.0011982 -0.0207587
v 0.0050234 -0.0012402 -0.0209371
v 0.0045431 -0.0009777 -0.0204799
v 0.0044511 -0.0007223 -0.0202485
v 0.0047182 -0.0011903 -0.0205660
v 0.0045697 -0.0009607 -0.0202938
v 0.0052977 -0.0013948 -0.0209537
v 0.0046072 -0.0008478 -0.0201020
v 0.0050748 -0.0013843 -0.0208195
v 0.0047226 -0.0011895 -0.0203928
v 0.0055692 -0.0014058 -0.0210327
v 0.0049362 -0.0013902 -0.0205666
v 0.0047778 -0.0012111 -0.0202790
v 0.0051582 -0.0015020 -0.0206920
v 0.0047257 -0.0010736 -0.0201592
v 0.0053582 -0.0015485 -0.0208011
v 0.0049144 -0.0013650 -0.0203836
v 0.0052051 -0.0015666 -0.0204906
v 0.0055579 -0.0015585 -0.0208850
v 0.0048556 -0.0011198 -0.0200663
v 0.0057997 -0.0015035 -0.0209935
v 0.0051443 -0.0015232 -0.0203934
v 0.0053988 -0.0016296 -0.0206311
v 0.0050045 -0.0013667 -0.0202024
v 0.0057347 -0.0016435 -0.0208208
v 0.0057250 -0.0017073 -0.0206727
v 0.0051195 -0.0013770 -0.0201097
v 0.0055735 -0.0017018 -0.0204493
v 0.0053109 -0.0015057 -0.0201383
v 0.0054705 -0.0016440 -0.0203007
v 0.0058009 -0.0017407 -0.0205255
v 0.0055584 -0.0015801 -0.0201177
v 0.0057988 -0.0017196 -0.0203207
v 0.0058201 -0.0016517 -0.0201501
v 0.0057937 0.0012395 -0.0211284
v 0.0054235 0.0002183 -0.0212594
v 0.0056712 0.0003677 -0.0212744
v 0.0057862 0.0006045 -0.0212556
v 0.0051305 0.0002072 -0.0212154
v 0.0057956 -0.0007067 -0.0212455
v 0.0057520 -0.0005018 -0.0212661
v 0.0056498 -0.0003534 -0.0212733
v 0.0054882 -0.0002426 -0.0212654
v 0.0052380 -0.0002016 -0.0212376
v 0.0054016 0.0006988 -0.0212108
v 0.0054879 -0.0007461 -0.0212118
v 0.0065922 -0.0002155 -0.0212573
v 0.0064144 -0.0002997 -0.0212734
v 0.0062891 -0.0004266 -0.0212715
v 0.0062122 -0.0006162 -0.0212541
v 0.0065921 0.0002155 -0.0212573
v 0.0063967 0.0003115 -0.0212726
v 0.0062514 0.0004876 -0.0212679
v 0.0062057 0.0007046 -0.0212434
v 0.0067243 0.0006636 -0.0211973
v 0.0067695 -0.0005798 -0.0211996
v 0.0063978 -0.0009521 -0.0211848
v 0.0062076 0.0012364 -0.0211294
v 0.0057937 0.0012395 -0.0211284
v 0.0057992 0.0012467 -0.0206500
v 0.0062070 0.0012337 -0.0206500
v 0.0072423 0.0002063 -0.0211284
v 0.0062076 0.0012364 -0.0211294
v 0.0062070 0.0012337 -0.0206500
v 0.0065921 0.0002155 -0.0212573
v 0.0063967 0.0003115 -0.0212726
v 0.0062514 0.0004876 -0.0212679
v 0.0062057 0.0007046 -0.0212434
v 0.0072327 0.0002071 -0.0206500
v 0.0066075 0.0002124 -0.0206500
v 0.0063607 0.0003356 -0.0206500
v 0.0062145 0.0005903 -0.0206500
v 0.0057992 0.0012467 -0.0206500
v 0.0062070 0.0012337 -0.0206500
v 0.0057896 0.0006269 -0.0206500
v 0.0057028 0.0004103 -0.0206500
v 0.0055206 0.0002583 -0.0206500
v 0.0053532 0.0002090 -0.0206500
v 0.0047572 0.0002040 -0.0206500
v 0.0047650 -0.0002069 -0.0206500
v 0.0054103 -0.0002146 -0.0206500
v 0.0056188 -0.0003238 -0.0206500
v 0.0057306 -0.0004615 -0.0206500
v 0.0057895 -0.0006265 -0.0206500
v 0.0057978 -0.0012448 -0.0206500
v 0.0062070 -0.0012343 -0.0206500
v 0.0062178 -0.0005685 -0.0206500
v 0.0063941 -0.0003074 -0.0206500
v 0.0066265 -0.0002105 -0.0206500
v 0.0072327 -0.0002071 -0.0206500
v 0.0072534 -0.0000118 -0.0206500
v 0.0072327 0.0002071 -0.0206500
v 0.0066075 0.0002124 -0.0206500
v 0.0063607 0.0003356 -0.0206500
v 0.0062145 0.0005903 -0.0206500
v 0.0047548 0.0001978 -0.0211255
v 0.0057937 0.0012395 -0.0211284
v 0.0054235 0.0002183 -0.0212594
v 0.0056712 0.0003677 -0.0212744
v 0.0057862 0.0006045 -0.0212556
v 0.0051305 0.0002072 -0.0212154
v 0.0057992 0.0012467 -0.0206500
v 0.0057896 0.0006269 -0.0206500
v 0.0057028 0.0004103 -0.0206500
v 0.0055206 0.0002583 -0.0206500
v 0.0053532 0.0002090 -0.0206500
v 0.0047572 0.0002040 -0.0206500
v 0.0047548 0.0001978 -0.0211255
v 0.0047667 -0.0002072 -0.0211295
v 0.0047572 0.0002040 -0.0206500
v 0.0047650 -0.0002069 -0.0206500
v 0.0047667 -0.0002072 -0.0211295
v 0.0057926 -0.0012352 -0.0211290
v 0.0057956 -0.0007067 -0.0212455
v 0.0057520 -0.0005018 -0.0212661
v 0.0056498 -0.0003534 -0.0212733
v 0.0054882 -0.0002426 -0.0212654
v 0.0052380 -0.0002016 -0.0212376
v 0.0047650 -0.0002069 -0.0206500
v 0.0054103 -0.0002146 -0.0206500
v 0.0056188 -0.0003238 -0.0206500
v 0.0057306 -0.0004615 -0.0206500
v 0.0057895 -0.0006265 -0.0206500
v 0.0057978 -0.0012448 -0.0206500
v 0.0060832 -0.0012544 -0.0211269
v 0.0062071 -0.0012356 -0.0211274
v 0.0057926 -0.0012352 -0.0211290
v 0.0057978 -0.0012448 -0.0206500
v 0.0062070 -0.0012343 -0.0206500
v 0.0062071 -0.0012356 -0.0211274
v 0.0072339 -0.0002075 -0.0211293
v 0.0065922 -0.0002155 -0.0212573
v 0.0064144 -0.0002997 -0.0212734
v 0.0062891 -0.0004266 -0.0212715
v 0.0062122 -0.0006162 -0.0212541
v 0.0062070 -0.0012343 -0.0206500
v 0.0062178 -0.0005685 -0.0206500
v 0.0063941 -0.0003074 -0.0206500
v 0.0066265 -0.0002105 -0.0206500
v 0.0072327 -0.0002071 -0.0206500
v 0.0072339 -0.0002075 -0.0211293
v 0.0072423 0.0002063 -0.0211284
v 0.0072327 -0.0002071 -0.0206500
v 0.0072534 -0.0000118 -0.0206500
v 0.0072327 0.0002071 -0.0206500
vn -0.000030 0.000148 1.000000
vn -0.000023 -0.000084 1.000000
vn 0.000011 0.000072 1.000000
vn 0.000006 0.000103 1.000000
vn -0.000021 0.000051 1.000000
vn -0.000156 -0.000067 1.000000
vn -0.000044 -0.000055 1.000000
vn 0.000226 0.000123 1.000000
vn -0.000136 0.000017 1.000000
vn 0.000084 0.000019 1.000000
vn -0.000147 0.000061 1.000000
vn 0.000258 -0.000107 1.000000
vn 0.000002 0.000001 1.000000
vn 0.000033 -0.000068 1.000000
vn -0.000088 0.001047 0.999999
vn 0.186161 0.665010 0.723261
vn 0.461768 0.517332 0.720512
vn 0.628828 0.292659 0.720365
vn 0.692361 0.017258 0.721345
vn 0.613174 -0.312673 0.725433
vn 0.365905 -0.585170 0.723664
vn 0.083090 -0.684740 0.724035
vn -0.234914 -0.651679 0.721200
vn -0.512812 -0.462614 0.723195
vn -0.657662 -0.230917 0.717049
vn -0.698109 0.024326 0.715578
vn -0.646085 0.260712 0.717359
vn -0.508063 0.477548 0.716812
vn -0.316930 0.621112 0.716781
vn -0.076059 0.691465 0.718395
vn 0.071690 0.708994 0.701562
vn -0.074075 -0.703966 0.706360
vn -0.303500 -0.648666 0.697940
vn -0.446616 -0.539214 0.713991
vn -0.608779 -0.372799 0.700292
vn -0.692442 -0.159771 0.703560
vn -0.701870 0.040957 0.711126
vn -0.679290 0.190703 0.708659
vn -0.610324 0.360708 0.705262
vn -0.502749 0.500650 0.704694
vn -0.371383 0.604470 0.704763
vn -0.165500 0.691234 0.703424
vn 0.295727 0.637844 0.711126
vn 0.462181 0.544243 0.700135
vn 0.602249 0.374809 0.704851
vn 0.690710 0.172652 0.702218
vn 0.697739 -0.051787 0.714477
vn 0.669854 -0.176821 0.721131
vn 0.610443 -0.372739 0.698874
vn 0.479178 -0.511844 0.713025
vn 0.280731 -0.649026 0.707075
vn 0.119612 -0.694559 0.709423
vn 0.104993 0.994472 0.001578
vn -0.117982 -0.993016 0.000420
vn -0.405591 -0.914055 0.000150
vn -0.648013 -0.761628 0.001021
vn -0.852270 -0.523100 0.001454
vn -0.972531 -0.232773 0.001077
vn -0.998920 0.046455 0.000778
vn -0.957651 0.287931 0.000858
vn -0.864326 0.502931 0.000588
vn -0.712964 0.701200 0.000871
vn -0.512362 0.858768 0.001391
vn -0.230812 0.972997 0.001646
vn 0.410173 0.912006 0.001443
vn 0.652073 0.758155 0.001487
vn 0.849879 0.526977 0.001434
vn 0.971616 0.236560 0.001020
vn 0.999103 -0.042343 0.000172
vn 0.959050 -0.283236 0.000749
vn 0.859223 -0.511601 0.000188
vn 0.670008 -0.742354 -0.000861
vn 0.417264 -0.908785 0.000470
vn 0.159908 -0.987131 0.001150
vn 0.349895 -0.936788 -0.001333
vn 0.678904 -0.734227 -0.000158
vn 0.904466 -0.426545 -0.000823
vn 0.998950 -0.045801 -0.001438
vn 0.948657 0.316303 -0.001514
vn 0.784077 0.620661 -0.001681
vn 0.526806 0.849984 -0.001464
vn 0.226575 0.973993 -0.001482
vn -0.078375 0.996923 -0.001589
vn -0.382192 0.924081 -0.001678
vn -0.683801 0.729667 -0.001691
vn -0.906626 0.421933 -0.001424
vn -0.993570 0.113213 -0.000939
vn -0.986292 -0.165008 -0.000765
vn -0.902924 -0.429798 -0.001409
vn -0.712477 -0.701694 -0.001588
vn -0.418490 -0.908221 -0.000957
vn -0.055747 -0.998444 -0.001519
vn 0.001637 -0.001168 0.999998
vn 0.000648 -0.001700 0.999998
vn 0.000617 -0.000261 1.000000
vn 0.000785 -0.000367 1.000000
vn 0.000101 -0.000028 1.000000
vn 0.000139 0.000384 1.000000
vn 0.000348 0.000923 1.000000
vn 0.000483 0.002924 0.999996
vn 0.000568 0.001151 0.999999
vn -0.002522 0.001981 0.999995
vn -0.000245 0.001959 0.999998
vn -0.002217 0.000080 0.999998
vn -0.001815 0.001430 0.999997
vn -0.001754 -0.001810 0.999997
vn -0.002868 0.000460 0.999996
vn 0.000002 -0.000093 1.000000
vn -0.000102 -0.000137 1.000000
vn -0.000040 -0.000043 1.000000
vn -0.000120 -0.000091 1.000000
vn -0.000091 -0.000145 1.000000
vn 0.000050 -0.000132 1.000000
vn -0.003591 0.004381 0.999984
vn -0.004825 0.002643 0.999985
vn -0.001168 0.000365 0.999999
vn -0.002469 0.002115 0.999995
vn -0.001730 -0.000654 0.999998
vn 0.002924 0.002215 0.999993
vn -0.001558 0.002661 0.999995
vn -0.001911 0.000878 0.999998
vn 0.004895 0.002525 0.999985
vn 0.002477 0.005464 0.999982
vn -0.001589 0.003369 0.999993
vn 0.000078 0.000877 1.000000
vn 0.000018 0.000240 1.000000
vn 0.000439 -0.000443 1.000000
vn 0.000874 -0.000252 1.000000
vn 0.000301 0.000101 1.000000
vn -0.000313 -0.001700 0.999999
vn 0.001826 -0.001753 0.999997
vn 0.001606 -0.000220 0.999999
vn -0.086962 -0.741343 0.665468
vn -0.294756 -0.677854 0.673523
vn -0.477971 -0.564602 0.672880
vn -0.624707 -0.385624 0.678996
vn -0.733639 -0.295603 0.611877
vn -0.747044 -0.023815 0.664347
vn -0.749383 0.153139 0.644184
vn -0.645588 0.389448 0.656922
vn -0.472681 0.583822 0.660094
vn -0.368741 0.701341 0.610041
vn -0.155911 0.731421 0.663864
vn 0.060581 0.768695 0.636741
vn 0.165862 0.766909 0.619952
vn 0.356598 0.681314 0.639257
vn 0.524935 0.527042 0.668334
vn 0.634119 0.333597 0.697572
vn 0.723269 0.153510 0.673288
vn 0.750306 -0.059110 0.658443
vn 0.673094 -0.300083 0.675939
vn 0.535028 -0.536935 0.652262
vn 0.341997 -0.700645 0.626207
vn 0.134049 -0.723267 0.677433
vn 0.031235 -0.371004 -0.928106
vn 0.056802 -0.339146 -0.939017
vn 0.141869 -0.384656 -0.912092
vn 0.209042 -0.289172 -0.934174
vn 0.256793 -0.206314 -0.944188
vn 0.374411 -0.170542 -0.911445
vn 0.294364 -0.060915 -0.953750
vn 0.334117 0.070525 -0.939889
vn 0.313218 0.117290 -0.942411
vn 0.280638 0.221099 -0.934001
vn 0.184256 0.308084 -0.933346
vn 0.094558 0.211341 -0.972828
vn 0.071600 0.317852 -0.945433
vn 0.023700 0.472622 -0.880947
vn -0.076063 0.636463 -0.767548
vn -0.020532 0.783428 -0.621143
vn -0.015647 0.911975 -0.409948
vn 0.044181 0.989684 -0.136283
vn -0.058600 0.996833 0.053758
vn 0.026861 0.955208 0.294715
vn 0.046789 0.848242 0.527539
vn 0.064742 -0.997883 0.006235
vn 0.012457 -0.966668 0.255731
vn 0.081981 -0.874445 0.478148
vn 0.043634 -0.734076 0.677664
vn 0.003444 -0.498179 -0.867067
vn -0.011624 -0.740504 -0.671951
vn 0.013069 -0.889063 -0.457598
vn 0.015559 -0.973377 -0.228680
vn 0.122538 -0.631436 -0.765685
vn 0.111850 -0.820212 -0.561018
vn 0.265656 -0.582296 -0.768348
vn 0.181739 -0.905476 -0.383515
vn 0.270192 -0.788451 -0.552577
vn 0.181222 -0.974343 -0.133473
vn 0.343139 -0.433105 -0.833472
vn 0.345969 -0.897975 -0.271932
vn 0.182212 -0.965826 0.184335
vn 0.399019 -0.718946 -0.569123
vn 0.313789 -0.949387 -0.014158
vn 0.454177 -0.585772 -0.671264
vn 0.423396 -0.331753 -0.843016
vn 0.460622 -0.811690 -0.359147
vn 0.255035 -0.863528 0.435059
vn 0.492856 -0.861564 -0.121657
vn 0.350273 -0.911646 0.214964
vn 0.571303 -0.681619 -0.457173
vn 0.550816 -0.514098 -0.657499
vn 0.483490 -0.865592 0.130340
vn 0.630140 -0.732807 -0.256746
vn 0.222349 -0.743465 0.630731
vn 0.399821 -0.808380 0.432048
vn 0.644027 -0.764596 -0.024929
vn 0.629265 -0.424341 -0.651122
vn 0.717390 -0.571625 -0.398242
vn 0.589479 -0.288182 -0.754630
vn 0.585810 -0.766560 0.263082
vn 0.430558 -0.097578 -0.897273
vn 0.465514 -0.680806 0.565509
vn 0.772908 -0.626639 -0.099687
vn 0.786089 -0.467096 -0.404827
vn 0.753127 -0.295225 -0.587913
vn 0.607417 -0.154639 -0.779186
vn 0.705522 -0.672333 0.224070
vn 0.583328 -0.637447 0.503378
vn 0.870389 -0.484097 -0.089850
vn 0.386648 -0.001638 -0.922226
vn 0.876456 -0.379570 -0.296230
vn 0.812858 -0.559596 0.161600
vn 0.807044 -0.154682 -0.569871
vn 0.542630 0.017408 -0.839791
vn 0.712683 -0.555515 0.428353
vn 0.901881 -0.276154 -0.332191
vn 0.669087 -0.057970 -0.740920
vn 0.901454 -0.401103 0.162782
vn 0.612228 -0.437303 0.658744
vn 0.799462 -0.437329 0.411829
vn 0.959514 -0.279052 -0.038255
vn 0.801841 0.002382 -0.597533
vn 0.938425 -0.178642 -0.295713
vn 0.675694 0.086126 -0.732134
vn 0.926552 -0.047561 -0.373148
vn 0.504856 0.132833 -0.852922
vn 0.985596 -0.104250 -0.133165
vn 0.924643 -0.269668 0.268914
vn 0.780422 -0.303126 0.546860
vn 0.902777 0.079446 -0.422709
vn 0.823091 0.171145 -0.541508
vn 0.989567 -0.106959 0.096524
vn 0.698517 0.220829 -0.680668
vn 0.446889 0.277087 -0.850596
vn 0.943821 -0.112074 0.310871
vn 0.969973 0.103076 -0.220290
vn 0.998752 0.033080 -0.037425
vn 0.571739 0.277732 -0.771997
vn 0.854329 -0.114363 0.506993
vn 0.927051 0.241162 -0.287086
vn 0.744137 -0.159025 0.648823
vn 0.974704 0.047968 0.218290
vn 0.807426 0.328983 -0.489728
vn 0.984541 0.172351 0.031204
vn 0.672663 0.372019 -0.639630
vn 0.875974 0.061350 0.478442
vn 0.956415 0.290149 -0.032930
vn 0.887829 0.394315 -0.237225
vn 0.767006 0.443480 -0.463710
vn 0.930837 0.171247 0.322825
vn 0.514529 0.432706 -0.740287
vn 0.335004 0.357110 -0.871920
vn 0.933436 0.278601 0.226007
vn 0.666665 0.509765 -0.543780
vn 0.740527 0.054429 0.669819
vn 0.804907 0.533019 -0.260797
vn 0.915382 0.401580 0.028435
vn 0.843804 0.234981 0.482472
vn 0.339857 0.497160 -0.798329
vn 0.514346 0.551316 -0.656885
vn 0.858392 0.510605 0.049457
vn 0.875182 0.410800 0.255537
vn 0.734648 0.217900 0.642505
vn 0.655717 0.635968 -0.406915
vn 0.755522 0.640468 -0.137792
vn 0.820104 0.345819 0.455893
vn 0.475731 0.672331 -0.567142
vn 0.250052 0.576701 -0.777747
vn 0.787453 0.599310 0.144031
vn 0.768510 0.517980 0.375619
vn 0.701421 0.371103 0.608516
vn 0.613045 0.742828 -0.269040
vn 0.121197 0.483368 -0.866987
vn 0.705786 0.707067 0.043843
vn 0.455020 0.819005 -0.349553
vn 0.322270 0.762662 -0.560793
vn 0.625195 0.780036 0.025991
vn 0.673483 0.670413 0.311394
vn 0.626998 0.531600 0.569451
vn 0.525703 0.838405 -0.143924
vn 0.560696 0.756069 0.337609
vn 0.112737 0.707280 -0.697887
vn 0.292447 0.896879 -0.331787
vn 0.473762 0.868993 0.142832
vn 0.370413 0.924083 -0.094159
vn 0.469260 0.646874 0.601123
vn 0.142550 0.860892 -0.488410
vn 0.149734 0.949892 -0.274381
vn 0.311146 0.930951 0.191100
vn 0.361929 0.821922 0.439831
vn 0.224917 0.969959 -0.092696
vn 0.194988 0.966824 0.165016
vn 0.274618 0.735849 0.618960
vn 0.118679 0.991828 0.046821
vn 0.178277 0.868748 0.462053
vn -0.089135 0.423450 -0.901524
vn -0.154987 0.327443 -0.932073
vn -0.241613 0.249652 -0.937708
vn -0.307330 0.129111 -0.942804
vn -0.372547 0.076874 -0.924824
vn -0.396185 -0.020434 -0.917943
vn -0.308001 -0.073091 -0.948574
vn -0.294505 -0.137892 -0.945649
vn -0.239171 -0.234217 -0.942306
vn -0.151976 -0.318727 -0.935583
vn -0.076357 -0.336128 -0.938716
vn -0.171741 0.824696 -0.538870
vn -0.212883 0.597100 -0.773403
vn -0.110787 0.959779 -0.257976
vn -0.284477 0.454666 -0.844009
vn -0.322353 0.768816 -0.552277
vn -0.270122 0.922855 -0.274543
vn -0.227239 0.973758 -0.012599
vn -0.398285 0.606107 -0.688479
vn -0.131394 0.939254 0.317077
vn -0.406581 0.875752 -0.260287
vn -0.373277 0.378536 -0.846980
vn -0.281307 0.914330 0.291320
vn -0.085384 0.803249 0.589492
vn -0.510516 0.502752 -0.697578
vn -0.528220 0.693930 -0.489331
vn -0.528751 0.798065 -0.288988
vn -0.420405 0.902998 0.088622
vn -0.433247 0.287935 -0.854044
vn -0.258058 0.790673 0.555195
vn -0.573309 0.818563 -0.035661
vn -0.654811 0.612093 -0.443356
vn -0.673457 0.724422 -0.147201
vn -0.624146 0.422482 -0.657230
vn -0.440585 0.790070 0.426233
vn -0.488002 0.200962 -0.849393
vn -0.588318 0.782222 0.204963
vn -0.782464 0.447556 -0.432947
vn -0.758868 0.593797 -0.267440
vn -0.657918 0.282505 -0.698094
vn -0.553700 0.663557 0.503099
vn -0.702460 0.682640 0.201378
vn -0.794527 0.607029 -0.015567
vn -0.486998 0.060220 -0.871324
vn -0.798150 0.290361 -0.527871
vn -0.865027 0.493802 -0.088817
vn -0.655145 0.114224 -0.746818
vn -0.757210 0.583757 0.293020
vn -0.915256 0.299823 -0.269097
vn -0.818958 0.143390 -0.555650
vn -0.852949 0.461036 0.244795
vn -0.592790 0.516737 0.617724
vn -0.937300 0.346022 0.041689
vn -0.726153 0.474669 0.497384
vn -0.590814 -0.047374 -0.805415
vn -0.939634 0.109724 -0.324113
vn -0.739952 -0.059061 -0.670062
vn -0.866271 0.346992 0.359402
vn -0.980628 0.194363 -0.024344
vn -0.854607 -0.054234 -0.516436
vn -0.726839 0.309748 0.612994
vn -0.460038 -0.161408 -0.873105
vn -0.944898 0.187368 0.268443
vn -0.945244 -0.020659 -0.325711
vn -0.638233 -0.169194 -0.751020
vn -0.998650 0.048894 -0.017550
vn -0.833033 0.226825 0.504585
vn -0.783550 -0.223423 -0.579769
vn -0.985372 -0.095599 -0.141080
vn -0.919420 -0.189900 -0.344391
vn -0.588522 -0.278812 -0.758884
vn -0.964957 0.031000 0.260572
vn -0.845039 0.071888 0.529850
vn -0.386024 -0.279004 -0.879285
vn -0.762875 -0.353461 -0.541376
vn -0.988458 -0.128685 0.079946
vn -0.884398 -0.331222 -0.328834
vn -0.585894 -0.388114 -0.711404
vn -0.961711 -0.263722 -0.074579
vn -0.949984 -0.111458 0.291733
vn -0.867217 -0.068384 0.493213
vn -0.416982 -0.410533 -0.810919
vn -0.716766 -0.486800 -0.499272
vn -0.927232 -0.235415 0.291239
vn -0.823067 -0.498608 -0.271939
vn -0.928366 -0.338556 0.153350
vn -0.903798 -0.427889 -0.007758
vn -0.745823 -0.123766 0.654546
vn -0.284103 -0.423710 -0.860091
vn -0.573493 -0.527218 -0.627014
vn -0.805419 -0.247122 0.538731
vn -0.646494 -0.648204 -0.402339
vn -0.456304 -0.577739 -0.676761
vn -0.832193 -0.554111 0.020404
vn -0.840342 -0.400111 0.365700
vn -0.728254 -0.673810 -0.125004
vn -0.800365 -0.524999 0.289468
vn -0.320223 -0.634990 -0.703026
vn -0.702246 -0.427810 0.569060
vn -0.492850 -0.720618 -0.487657
vn -0.729563 -0.672244 0.125801
vn -0.163743 -0.540003 -0.825581
vn -0.604854 -0.785084 -0.133398
vn -0.667904 -0.667170 0.329830
vn -0.473030 -0.828332 -0.300180
vn -0.668020 -0.556334 0.494207
vn -0.331662 -0.816505 -0.472567
vn -0.614103 -0.774548 0.151502
vn -0.441746 -0.897065 -0.011569
vn -0.216699 -0.765890 -0.605355
vn -0.553316 -0.533999 0.639286
vn -0.092387 -0.646617 -0.757199
vn -0.486165 -0.853505 0.187545
vn -0.324278 -0.921286 -0.214651
vn -0.534651 -0.732594 0.421253
vn -0.139418 -0.848383 -0.510695
vn -0.163024 -0.947008 -0.276764
vn -0.431830 -0.674092 0.599269
vn -0.246666 -0.968040 0.045334
vn -0.364432 -0.784226 0.502174
vn -0.301906 -0.909318 0.286344
vn -0.099811 -0.994249 -0.038818
vn -0.212762 -0.798270 0.563470
vn -0.110439 -0.962255 0.248734
vn -0.094765 -0.856077 0.508086
vn -0.053306 0.290952 -0.955252
vn -0.137248 0.093426 -0.986121
vn -0.103310 0.105883 -0.988997
vn -0.076097 0.157883 -0.984521
vn -0.189354 0.098022 -0.977004
vn -0.087312 -0.166898 -0.982101
vn -0.095427 -0.116451 -0.988601
vn -0.114658 -0.108861 -0.987422
vn -0.129056 -0.118264 -0.984560
vn -0.171076 -0.108959 -0.979214
vn -0.130265 0.153867 -0.979467
vn -0.121335 -0.163137 -0.979114
vn 0.158730 -0.078820 -0.984171
vn 0.118430 -0.118849 -0.985824
vn 0.122100 -0.136821 -0.983042
vn 0.096924 -0.149415 -0.984013
vn 0.157895 0.085123 -0.983780
vn 0.114172 0.104884 -0.987909
vn 0.101507 0.123232 -0.987173
vn 0.096980 0.171246 -0.980444
vn 0.156344 0.140251 -0.977694
vn 0.164688 -0.122104 -0.978759
vn 0.078869 -0.197704 -0.977084
vn -0.018453 -0.999813 0.005833
vn -0.007490 -0.999857 0.015173
vn -0.020824 -0.999776 0.003812
vn -0.031873 -0.999476 -0.005607
vn -0.010711 -0.999941 -0.001524
vn -0.999962 -0.005862 0.006523
vn -0.999932 -0.011626 -0.001246
vn -0.256873 -0.966441 0.002631
vn -0.615757 -0.787920 -0.005134
vn -0.896187 -0.443437 -0.014548
vn -0.994968 -0.100099 -0.004441
vn -0.008408 -0.999963 0.001531
vn -0.231307 -0.972878 0.002247
vn -0.681001 -0.732142 0.014355
vn -0.966900 -0.254734 0.014667
vn 0.000000 0.000000 -1.000000
vn 0.000000 0.000000 -1.000000
vn 0.000000 0.000000 -1.000000
vn 0.000000 0.000000 -1.000000
vn 0.000000 0.000000 -1.000000
vn 0.000000 0.000000 -1.000000
vn 0.000000 0.000000 -1.000000
vn 0.000000 0.000000 -1.000000
vn 0.000000 0.000000 -1.000000
vn 0.000000 0.000000 -1.000000
vn 0.000000 0.000000 -1.000000
vn 0.000000 0.000000 -1.000000
vn 0.000000 0.000000 -1.000000
vn 0.000000 0.000000 -1.000000
vn 0.000000 0.000000 -1.000000
vn 0.000000 0.000000 -1.000000
vn 0.000000 0.000000 -1.000000
vn 0.000000 0.000000 -1.000000
vn 0.000000 0.000000 -1.000000
vn 0.000000 0.000000 -1.000000
vn 0.000000 0.000000 -1.000000
vn 0.000000 0.000000 -1.000000
vn 0.000000 0.000000 -1.000000
vn 0.028101 -0.999522 0.012924
vn 0.999876 -0.013288 -0.008419
vn 0.296536 -0.954890 -0.015884
vn 0.739039 -0.673470 -0.016101
vn 0.969498 -0.244958 -0.008298
vn 0.025489 -0.999674 -0.001743
vn 0.999813 -0.015624 -0.011410
vn 0.981522 -0.191347 0.000197
vn 0.811301 -0.584526 0.011018
vn 0.471107 -0.881986 0.012620
vn 0.141140 -0.989968 0.006596
vn 0.015733 -0.999865 0.004753
vn 0.999694 0.024726 -0.000512
vn 0.999567 0.029244 0.003336
vn 0.999802 0.019218 -0.005202
vn 0.999718 0.023722 -0.001366
vn 0.003072 0.999932 0.011220
vn 0.999905 -0.008188 -0.011052
vn 0.994166 0.107490 -0.008930
vn 0.914195 0.405132 -0.010749
vn 0.707008 0.707157 -0.008282
vn 0.385381 0.922656 -0.013690
vn 0.070053 0.997542 0.001494
vn 0.011887 0.999929 -0.000612
vn 0.240823 0.970515 0.010221
vn 0.635448 0.772065 0.011031
vn 0.871188 0.490882 0.008178
vn 0.984281 0.176482 0.006649
vn 0.999994 0.003423 -0.000560
vn -0.078791 0.994627 -0.067145
vn -0.093932 0.993682 -0.061428
vn 0.065702 0.997653 0.019283
vn -0.007363 0.999950 -0.006693
vn -0.025686 0.999666 -0.002793
vn -0.999904 0.013343 0.003764
vn -0.008148 0.999958 -0.004251
vn -0.245933 0.969283 -0.002746
vn -0.578680 0.815508 -0.008731
vn -0.831212 0.555873 -0.009571
vn -0.979087 0.203320 -0.007005
vn -0.999868 0.016247 -0.000295
vn -0.956482 0.291434 0.014471
vn -0.628868 0.777294 0.018422
vn -0.193834 0.981025 0.004308
vn -0.005516 0.999984 -0.000916
vn -0.998864 0.041314 0.023745
vn -0.999776 -0.010920 0.018129
vn -0.994469 0.105005 -0.002444
vn -0.999943 0.010680 0.000292
vn -0.995397 -0.093780 -0.019746
f 2181//2181 2168//2168 2182//2182
f 2180//2180 2168//2168 2181//2181
f 2180//2180 2178//2178 2177//2177
f 2180//2180 2176//2176 2175//2175
f 2180//2180 2170//2170 2169//2169
f 2180//2180 2171//2171 2170//2170
f 2180//2180 2177//2177 2176//2176
f 2180//2180 2174//2174 2173//2173
f 2180//2180 2169//2169 2168//2168
f 2180//2180 2173//2173 2172//2172
f 2180//2180 2172//2172 2171//2171
f 2180//2180 2179//2179 2178//2178
f 2180//2180 2175//2175 2174//2174
f 2214//2214 2213//2213 2186//2186
f 2210//2210 2198//2198 2183//2183
f 2211//2211 2210//2210 2184//2184
f 2212//2212 2211//2211 2184//2184
f 2212//2212 2184//2184 2185//2185
f 2213//2213 2185//2185 2186//2186
f 2213//2213 2212//2212 2185//2185
f 2214//2214 2186//2186 2187//2187
f 2218//2218 2188//2188 2189//2189
f 2216//2216 2215//2215 2187//2187
f 2217//2217 2216//2216 2187//2187
f 2217//2217 2187//2187 2188//2188
f 2218//2218 2217//2217 2188//2188
f 2183//2183 2198//2198 2197//2197
f 2189//2189 2199//2199 2219//2219
f 2189//2189 2219//2219 2218//2218
f 2215//2215 2214//2214 2187//2187
f 2197//2197 2198//2198 2209//2209
f 2210//2210 2183//2183 2184//2184
f 2209//2209 2196//2196 2197//2197
f 2209//2209 2208//2208 2196//2196
f 2190//2190 2199//2199 2189//2189
f 2200//2200 2199//2199 2190//2190
f 2201//2201 2200//2200 2190//2190
f 2201//2201 2190//2190 2191//2191
f 2192//2192 2202//2202 2191//2191
f 2203//2203 2202//2202 2192//2192
f 2203//2203 2192//2192 2193//2193
f 2202//2202 2201//2201 2191//2191
f 2204//2204 2193//2193 2194//2194
f 2204//2204 2203//2203 2193//2193
f 2208//2208 2207//2207 2195//2195
f 2207//2207 2206//2206 2195//2195
f 2208//2208 2195//2195 2196//2196
f 2206//2206 2205//2205 2194//2194
f 2205//2205 2204//2204 2194//2194
f 2206//2206 2194//2194 2195//2195
f 2226//2226 2227//2227 2254//2254
f 2230//2230 2231//2231 2251//2251
f 2230//2230 2251//2251 2252//2252
f 2229//2229 2230//2230 2252//2252
f 2228//2228 2229//2229 2252//2252
f 2228//2228 2252//2252 2253//2253
f 2227//2227 2228//2228 2253//2253
f 2227//2227 2253//2253 2254//2254
f 2226//2226 2254//2254 2255//2255
f 2221//2221 2258//2258 2259//2259
f 2225//2225 2255//2255 2256//2256
f 2224//2224 2225//2225 2256//2256
f 2224//2224 2256//2256 2257//2257
f 2223//2223 2224//2224 2257//2257
f 2223//2223 2257//2257 2258//2258
f 2222//2222 2223//2223 2258//2258
f 2221//2221 2222//2222 2258//2258
f 2231//2231 2250//2250 2251//2251
f 2225//2225 2226//2226 2255//2255
f 2231//2231 2220//2220 2250//2250
f 2239//2239 2240//2240 2242//2242
f 2220//2220 2232//2232 2249//2249
f 2220//2220 2249//2249 2250//2250
f 2241//2241 2221//2221 2259//2259
f 2241//2241 2259//2259 2242//2242
f 2240//2240 2241//2241 2242//2242
f 2239//2239 2242//2242 2243//2243
f 2238//2238 2239//2239 2244//2244
f 2237//2237 2238//2238 2244//2244
f 2237//2237 2244//2244 2245//2245
f 2239//2239 2243//2243 2244//2244
f 2235//2235 2245//2245 2246//2246
f 2232//2232 2248//2248 2249//2249
f 2236//2236 2237//2237 2245//2245
f 2233//2233 2247//2247 2248//2248
f 2233//2233 2234//2234 2247//2247
f 2232//2232 2233//2233 2248//2248
f 2234//2234 2235//2235 2246//2246
f 2235//2235 2236//2236 2245//2245
f 2234//2234 2246//2246 2247//2247
f 2291//2291 2267//2267 2266//2266
f 2283//2283 2273//2273 2272//2272
f 2290//2290 2267//2267 2291//2291
f 2282//2282 2281//2281 2274//2274
f 2282//2282 2274//2274 2273//2273
f 2289//2289 2267//2267 2290//2290
f 2283//2283 2282//2282 2273//2273
f 2289//2289 2268//2268 2267//2267
f 2288//2288 2268//2268 2289//2289
f 2286//2286 2285//2285 2270//2270
f 2284//2284 2272//2272 2271//2271
f 2288//2288 2269//2269 2268//2268
f 2285//2285 2284//2284 2271//2271
f 2287//2287 2269//2269 2288//2288
f 2287//2287 2270//2270 2269//2269
f 2285//2285 2271//2271 2270//2270
f 2286//2286 2270//2270 2287//2287
f 2291//2291 2266//2266 2292//2292
f 2284//2284 2283//2283 2272//2272
f 2281//2281 2275//2275 2274//2274
f 2276//2276 2279//2279 2278//2278
f 2266//2266 2265//2265 2292//2292
f 2281//2281 2280//2280 2275//2275
f 2262//2262 2261//2261 2297//2297
f 2260//2260 2298//2298 2261//2261
f 2262//2262 2297//2297 2296//2296
f 2260//2260 2299//2299 2298//2298
f 2262//2262 2296//2296 2295//2295
f 2263//2263 2262//2262 2295//2295
f 2277//2277 2299//2299 2260//2260
f 2277//2277 2278//2278 2299//2299
f 2261//2261 2298//2298 2297//2297
f 2264//2264 2263//2263 2294//2294
f 2276//2276 2278//2278 2277//2277
f 2264//2264 2294//2294 2293//2293
f 2265//2265 2264//2264 2293//2293
f 2265//2265 2293//2293 2292//2292
f 2275//2275 2279//2279 2276//2276
f 2263//2263 2295//2295 2294//2294
f 2275//2275 2280//2280 2279//2279
f 2533//2533 2529//2529 2523//2523
f 2535//2535 2528//2528 2479//2479
f 2529//2529 2532//2532 2522//2522
f 2531//2531 2524//2524 2526//2526
f 2535//2535 2479//2479 2481//2481
f 2307//2307 2527//2527 2534//2534
f 2536//2536 2526//2526 2532//2532
f 2539//2539 2532//2532 2529//2529
f 2538//2538 2528//2528 2535//2535
f 2536//2536 2531//2531 2526//2526
f 2538//2538 2530//2530 2528//2528
f 2540//2540 2534//2534 2531//2531
f 2532//2532 2526//2526 2522//2522
f 2536//2536 2540//2540 2531//2531
f 2537//2537 2529//2529 2533//2533
f 2534//2534 2527//2527 2531//2531
f 2528//2528 2520//2520 2517//2517
f 2533//2533 2523//2523 2530//2530
f 2525//2525 2514//2514 2521//2521
f 2526//2526 2519//2519 2522//2522
f 2525//2525 2308//2308 2514//2514
f 2523//2523 2522//2522 2518//2518
f 2527//2527 2525//2525 2521//2521
f 2524//2524 2527//2527 2521//2521
f 2525//2525 2307//2307 2308//2308
f 2479//2479 2480//2480 2481//2481
f 2539//2539 2529//2529 2537//2537
f 2528//2528 2517//2517 2479//2479
f 2530//2530 2523//2523 2520//2520
f 2530//2530 2520//2520 2528//2528
f 2524//2524 2519//2519 2526//2526
f 2529//2529 2522//2522 2523//2523
f 2531//2531 2527//2527 2524//2524
f 2307//2307 2525//2525 2527//2527
f 2534//2534 2306//2306 2307//2307
f 2546//2546 2540//2540 2536//2536
f 2543//2543 2537//2537 2533//2533
f 2548//2548 2550//2550 2541//2541
f 2552//2552 2542//2542 2543//2543
f 2553//2553 2545//2545 2549//2549
f 2554//2554 2546//2546 2545//2545
f 2552//2552 2549//2549 2542//2542
f 2552//2552 2543//2543 2550//2550
f 2553//2553 2554//2554 2545//2545
f 2546//2546 2305//2305 2306//2306
f 2551//2551 2548//2548 2544//2544
f 2556//2556 2548//2548 2551//2551
f 2557//2557 2549//2549 2552//2552
f 2557//2557 2553//2553 2549//2549
f 2558//2558 2550//2550 2548//2548
f 2555//2555 2551//2551 2547//2547
f 2524//2524 2521//2521 2519//2519
f 2551//2551 2544//2544 2547//2547
f 2541//2541 2530//2530 2538//2538
f 2549//2549 2545//2545 2539//2539
f 2547//2547 2544//2544 2535//2535
f 2544//2544 2538//2538 2535//2535
f 2541//2541 2533//2533 2530//2530
f 2539//2539 2536//2536 2532//2532
f 2542//2542 2539//2539 2537//2537
f 2545//2545 2536//2536 2539//2539
f 2543//2543 2542//2542 2537//2537
f 2543//2543 2533//2533 2541//2541
f 2547//2547 2535//2535 2481//2481
f 2306//2306 2534//2534 2540//2540
f 2544//2544 2541//2541 2538//2538
f 2546//2546 2536//2536 2545//2545
f 2548//2548 2541//2541 2544//2544
f 2306//2306 2540//2540 2546//2546
f 2549//2549 2539//2539 2542//2542
f 2550//2550 2543//2543 2541//2541
f 2547//2547 2481//2481 2482//2482
f 2522//2522 2519//2519 2511//2511
f 2495//2495 2488//2488 2476//2476
f 2523//2523 2513//2513 2520//2520
f 2500//2500 2494//2494 2499//2499
f 2501//2501 2491//2491 2494//2494
f 2497//2497 2310//2310 2311//2311
f 2499//2499 2492//2492 2498//2498
f 2501//2501 2496//2496 2491//2491
f 2503//2503 2497//2497 2493//2493
f 2497//2497 2311//2311 2342//2342
f 2503//2503 2493//2493 2496//2496
f 2504//2504 2494//2494 2500//2500
f 2504//2504 2501//2501 2494//2494
f 2502//2502 2476//2476 2477//2477
f 2502//2502 2498//2498 2495//2495
f 2505//2505 2499//2499 2498//2498
f 2503//2503 2310//2310 2497//2497
f 2502//2502 2495//2495 2476//2476
f 2494//2494 2491//2491 2490//2490
f 2499//2499 2494//2494 2489//2489
f 2499//2499 2489//2489 2492//2492
f 2491//2491 2340//2340 2487//2487
f 2490//2490 2485//2485 2489//2489
f 2488//2488 2475//2475 2476//2476
f 2490//2490 2491//2491 2487//2487
f 2492//2492 2486//2486 2488//2488
f 2492//2492 2489//2489 2486//2486
f 2493//2493 2340//2340 2491//2491
f 2494//2494 2490//2490 2489//2489
f 2560//2560 2552//2552 2550//2550
f 2493//2493 2341//2341 2340//2340
f 2493//2493 2342//2342 2341//2341
f 2496//2496 2493//2493 2491//2491
f 2497//2497 2342//2342 2493//2493
f 2498//2498 2488//2488 2495//2495
f 2498//2498 2492//2492 2488//2488
f 2506//2506 2500//2500 2499//2499
f 2507//2507 2498//2498 2502//2502
f 2508//2508 2496//2496 2501//2501
f 2509//2509 2502//2502 2477//2477
f 2479//2479 2477//2477 2478//2478
f 2519//2519 2512//2512 2511//2511
f 2514//2514 2309//2309 2508//2508
f 2515//2515 2506//2506 2516//2516
f 2520//2520 2509//2509 2517//2517
f 2518//2518 2511//2511 2513//2513
f 2479//2479 2517//2517 2477//2477
f 2520//2520 2513//2513 2509//2509
f 2515//2515 2514//2514 2510//2510
f 2519//2519 2516//2516 2512//2512
f 2308//2308 2309//2309 2514//2514
f 2521//2521 2515//2515 2516//2516
f 2522//2522 2511//2511 2518//2518
f 2521//2521 2514//2514 2515//2515
f 2523//2523 2518//2518 2513//2513
f 2517//2517 2509//2509 2477//2477
f 2519//2519 2521//2521 2516//2516
f 2511//2511 2507//2507 2513//2513
f 2515//2515 2510//2510 2504//2504
f 2510//2510 2501//2501 2504//2504
f 2510//2510 2508//2508 2501//2501
f 2505//2505 2506//2506 2499//2499
f 2508//2508 2503//2503 2496//2496
f 2504//2504 2500//2500 2506//2506
f 2507//2507 2505//2505 2498//2498
f 2309//2309 2310//2310 2503//2503
f 2511//2511 2505//2505 2507//2507
f 2309//2309 2503//2503 2508//2508
f 2513//2513 2507//2507 2502//2502
f 2513//2513 2502//2502 2509//2509
f 2512//2512 2506//2506 2505//2505
f 2512//2512 2505//2505 2511//2511
f 2514//2514 2508//2508 2510//2510
f 2515//2515 2504//2504 2506//2506
f 2516//2516 2506//2506 2512//2512
f 2561//2561 2546//2546 2554//2554
f 2588//2588 2577//2577 2581//2581
f 2556//2556 2558//2558 2548//2548
f 2597//2597 2595//2595 2343//2343
f 2301//2301 2593//2593 2596//2596
f 2598//2598 2594//2594 2597//2597
f 2598//2598 2596//2596 2594//2594
f 2598//2598 2597//2597 2344//2344
f 2596//2596 2300//2300 2301//2301
f 2597//2597 2592//2592 2595//2595
f 2598//2598 2344//2344 2345//2345
f 2598//2598 2345//2345 2346//2346
f 2300//2300 2598//2598 2346//2346
f 2478//2478 2477//2477 2603//2603
f 2480//2480 2479//2479 2478//2478
f 2484//2484 2483//2483 2604//2604
f 2609//2609 2599//2599 2602//2602
f 2300//2300 2596//2596 2598//2598
f 2597//2597 2343//2343 2344//2344
f 2597//2597 2594//2594 2592//2592
f 2595//2595 2350//2350 2343//2343
f 2589//2589 2348//2348 2349//2349
f 2593//2593 2588//2588 2586//2586
f 2302//2302 2584//2584 2591//2591
f 2594//2594 2586//2586 2582//2582
f 2593//2593 2591//2591 2588//2588
f 2592//2592 2587//2587 2590//2590
f 2594//2594 2593//2593 2586//2586
f 2594//2594 2582//2582 2592//2592
f 2590//2590 2589//2589 2349//2349
f 2595//2595 2592//2592 2590//2590
f 2591//2591 2301//2301 2302//2302
f 2590//2590 2349//2349 2350//2350
f 2595//2595 2590//2590 2350//2350
f 2301//2301 2591//2591 2593//2593
f 2596//2596 2593//2593 2594//2594
f 2609//2609 2475//2475 2599//2599
f 2609//2609 2476//2476 2475//2475
f 2609//2609 2602//2602 2601//2601
f 2609//2609 2601//2601 2600//2600
f 2619//2619 2332//2332 2331//2331
f 2619//2619 2331//2331 2330//2330
f 2330//2330 2329//2329 2619//2619
f 2620//2620 2612//2612 2611//2611
f 2620//2620 2611//2611 2328//2328
f 2620//2620 2328//2328 2327//2327
f 2620//2620 2327//2327 2326//2326
f 2621//2621 2613//2613 2612//2612
f 2621//2621 2614//2614 2613//2613
f 2621//2621 2323//2323 2614//2614
f 2621//2621 2612//2612 2620//2620
f 2326//2326 2325//2325 2620//2620
f 2621//2621 2620//2620 2325//2325
f 2621//2621 2325//2325 2324//2324
f 2621//2621 2324//2324 2323//2323
f 2619//2619 2616//2616 2617//2617
f 2592//2592 2582//2582 2587//2587
f 2619//2619 2615//2615 2616//2616
f 2619//2619 2618//2618 2332//2332
f 2609//2609 2477//2477 2476//2476
f 2603//2603 2477//2477 2609//2609
f 2603//2603 2609//2609 2600//2600
f 2608//2608 2481//2481 2480//2480
f 2608//2608 2482//2482 2481//2481
f 2608//2608 2607//2607 2606//2606
f 2610//2610 2482//2482 2608//2608
f 2610//2610 2608//2608 2606//2606
f 2610//2610 2606//2606 2605//2605
f 2610//2610 2483//2483 2482//2482
f 2610//2610 2605//2605 2604//2604
f 2610//2610 2604//2604 2483//2483
f 2332//2332 2334//2334 2333//2333
f 2332//2332 2618//2618 2334//2334
f 2619//2619 2617//2617 2618//2618
f 2619//2619 2329//2329 2615//2615
f 2559//2559 2557//2557 2552//2552
f 2591//2591 2584//2584 2588//2588
f 2348//2348 2589//2589 2585//2585
f 2568//2568 2564//2564 2557//2557
f 2566//2566 2565//2565 2563//2563
f 2569//2569 2558//2558 2565//2565
f 2567//2567 2568//2568 2560//2560
f 2569//2569 2567//2567 2558//2558
f 2304//2304 2561//2561 2564//2564
f 2568//2568 2559//2559 2560//2560
f 2570//2570 2568//2568 2567//2567
f 2571//2571 2566//2566 2562//2562
f 2572//2572 2304//2304 2568//2568
f 2573//2573 2565//2565 2566//2566
f 2575//2575 2562//2562 2483//2483
f 2573//2573 2566//2566 2571//2571
f 2574//2574 2567//2567 2569//2569
f 2304//2304 2564//2564 2568//2568
f 2568//2568 2557//2557 2559//2559
f 2566//2566 2555//2555 2562//2562
f 2561//2561 2554//2554 2564//2564
f 2562//2562 2547//2547 2482//2482
f 2562//2562 2555//2555 2547//2547
f 2561//2561 2305//2305 2546//2546
f 2563//2563 2551//2551 2555//2555
f 2560//2560 2559//2559 2552//2552
f 2557//2557 2554//2554 2553//2553
f 2558//2558 2560//2560 2550//2550
f 2563//2563 2556//2556 2551//2551
f 2562//2562 2482//2482 2483//2483
f 2564//2564 2554//2554 2557//2557
f 2565//2565 2556//2556 2563//2563
f 2561//2561 2304//2304 2305//2305
f 2566//2566 2563//2563 2555//2555
f 2565//2565 2558//2558 2556//2556
f 2567//2567 2560//2560 2558//2558
f 2572//2572 2568//2568 2570//2570
f 2576//2576 2569//2569 2565//2565
f 2574//2574 2570//2570 2567//2567
f 2575//2575 2571//2571 2562//2562
f 2586//2586 2576//2576 2582//2582
f 2584//2584 2302//2302 2303//2303
f 2584//2584 2303//2303 2572//2572
f 2587//2587 2578//2578 2580//2580
f 2586//2586 2581//2581 2576//2576
f 2588//2588 2579//2579 2577//2577
f 2490//2490 2487//2487 2485//2485
f 2585//2585 2583//2583 2575//2575
f 2587//2587 2582//2582 2578//2578
f 2589//2589 2583//2583 2585//2585
f 2588//2588 2584//2584 2579//2579
f 2585//2585 2347//2347 2348//2348
f 2589//2589 2580//2580 2583//2583
f 2588//2588 2581//2581 2586//2586
f 2590//2590 2580//2580 2589//2589
f 2584//2584 2572//2572 2579//2579
f 2590//2590 2587//2587 2580//2580
f 2347//2347 2484//2484 2322//2322
f 2585//2585 2575//2575 2347//2347
f 2577//2577 2570//2570 2574//2574
f 2484//2484 2575//2575 2483//2483
f 2576//2576 2565//2565 2573//2573
f 2579//2579 2572//2572 2570//2570
f 2580//2580 2573//2573 2571//2571
f 2580//2580 2578//2578 2573//2573
f 2577//2577 2579//2579 2570//2570
f 2572//2572 2303//2303 2304//2304
f 2578//2578 2576//2576 2573//2573
f 2581//2581 2569//2569 2576//2576
f 2581//2581 2574//2574 2569//2569
f 2347//2347 2575//2575 2484//2484
f 2582//2582 2576//2576 2578//2578
f 2583//2583 2580//2580 2571//2571
f 2583//2583 2571//2571 2575//2575
f 2577//2577 2574//2574 2581//2581
f 2340//2340 2339//2339 2487//2487
f 2470//2470 2467//2467 2469//2469
f 2488//2488 2486//2486 2475//2475
f 2393//2393 2386//2386 2385//2385
f 2393//2393 2385//2385 2390//2390
f 2395//2395 2384//2384 2392//2392
f 2395//2395 2391//2391 2384//2384
f 2396//2396 2390//2390 2387//2387
f 2397//2397 2386//2386 2393//2393
f 2387//2387 2390//2390 2381//2381
f 2394//2394 2383//2383 2391//2391
f 2397//2397 2319//2319 2386//2386
f 2399//2399 2387//2387 2389//2389
f 2399//2399 2389//2389 2394//2394
f 2396//2396 2398//2398 2390//2390
f 2400//2400 2391//2391 2395//2395
f 2402//2402 2395//2395 2392//2392
f 2398//2398 2393//2393 2390//2390
f 2319//2319 2320//2320 2380//2380
f 2394//2394 2389//2389 2383//2383
f 2392//2392 2379//2379 2388//2388
f 2385//2385 2378//2378 2374//2374
f 2381//2381 2385//2385 2374//2374
f 2386//2386 2380//2380 2378//2378
f 2383//2383 2377//2377 2384//2384
f 2387//2387 2381//2381 2376//2376
f 2387//2387 2376//2376 2382//2382
f 2388//2388 2379//2379 2328//2328
f 2385//2385 2386//2386 2378//2378
f 2389//2389 2382//2382 2383//2383
f 2390//2390 2385//2385 2381//2381
f 2319//2319 2380//2380 2386//2386
f 2391//2391 2383//2383 2384//2384
f 2392//2392 2384//2384 2379//2379
f 2388//2388 2328//2328 2329//2329
f 2389//2389 2387//2387 2382//2382
f 2401//2401 2394//2394 2391//2391
f 2330//2330 2388//2388 2329//2329
f 2396//2396 2387//2387 2399//2399
f 2399//2399 2394//2394 2401//2401
f 2411//2411 2402//2402 2404//2404
f 2412//2412 2404//2404 2330//2330
f 2409//2409 2402//2402 2411//2411
f 2409//2409 2408//2408 2400//2400
f 2413//2413 2406//2406 2410//2410
f 2414//2414 2405//2405 2403//2403
f 2408//2408 2414//2414 2403//2403
f 2416//2416 2404//2404 2412//2412
f 2417//2417 2406//2406 2413//2413
f 2417//2417 2407//2407 2406//2406
f 2415//2415 2405//2405 2414//2414
f 2415//2415 2410//2410 2405//2405
f 2416//2416 2411//2411 2404//2404
f 2412//2412 2330//2330 2331//2331
f 2418//2418 2414//2414 2408//2408
f 2407//2407 2398//2398 2406//2406
f 2380//2380 2373//2373 2378//2378
f 2410//2410 2406//2406 2399//2399
f 2409//2409 2400//2400 2402//2402
f 2400//2400 2395//2395 2402//2402
f 2489//2489 2485//2485 2486//2486
f 2397//2397 2393//2393 2398//2398
f 2404//2404 2388//2388 2330//2330
f 2404//2404 2392//2392 2388//2388
f 2403//2403 2391//2391 2400//2400
f 2405//2405 2399//2399 2401//2401
f 2397//2397 2318//2318 2319//2319
f 2406//2406 2396//2396 2399//2399
f 2407//2407 2397//2397 2398//2398
f 2405//2405 2401//2401 2403//2403
f 2408//2408 2403//2403 2400//2400
f 2406//2406 2398//2398 2396//2396
f 2402//2402 2392//2392 2404//2404
f 2318//2318 2397//2397 2407//2407
f 2410//2410 2399//2399 2405//2405
f 2418//2418 2408//2408 2409//2409
f 2383//2383 2382//2382 2375//2375
f 2384//2384 2377//2377 2327//2327
f 2360//2360 2355//2355 2353//2353
f 2361//2361 2343//2343 2356//2356
f 2358//2358 2356//2356 2354//2354
f 2362//2362 2353//2353 2357//2357
f 2345//2345 2344//2344 2359//2359
f 2359//2359 2343//2343 2361//2361
f 2359//2359 2344//2344 2343//2343
f 2361//2361 2356//2356 2358//2358
f 2362//2362 2360//2360 2353//2353
f 2364//2364 2355//2355 2360//2360
f 2364//2364 2358//2358 2355//2355
f 2363//2363 2357//2357 2325//2325
f 2346//2346 2321//2321 2300//2300
f 2366//2366 2358//2358 2364//2364
f 2363//2363 2325//2325 2326//2326
f 2358//2358 2354//2354 2355//2355
f 2357//2357 2353//2353 2324//2324
f 2357//2357 2324//2324 2325//2325
f 2335//2335 2334//2334 2599//2599
f 2324//2324 2322//2322 2323//2323
f 2351//2351 2348//2348 2347//2347
f 2324//2324 2347//2347 2322//2322
f 2352//2352 2348//2348 2351//2351
f 2351//2351 2347//2347 2324//2324
f 2352//2352 2349//2349 2348//2348
f 2353//2353 2351//2351 2324//2324
f 2354//2354 2349//2349 2352//2352
f 2355//2355 2352//2352 2351//2351
f 2354//2354 2350//2350 2349//2349
f 2356//2356 2350//2350 2354//2354
f 2354//2354 2352//2352 2355//2355
f 2355//2355 2351//2351 2353//2353
f 2356//2356 2343//2343 2350//2350
f 2367//2367 2359//2359 2361//2361
f 2368//2368 2360//2360 2362//2362
f 2365//2365 2345//2345 2359//2359
f 2367//2367 2365//2365 2359//2359
f 2374//2374 2370//2370 2366//2366
f 2375//2375 2376//2376 2369//2369
f 2377//2377 2375//2375 2363//2363
f 2377//2377 2363//2363 2327//2327
f 2320//2320 2372//2372 2365//2365
f 2320//2320 2365//2365 2373//2373
f 2378//2378 2370//2370 2374//2374
f 2376//2376 2371//2371 2368//2368
f 2378//2378 2373//2373 2370//2370
f 2381//2381 2371//2371 2376//2376
f 2382//2382 2376//2376 2375//2375
f 2380//2380 2320//2320 2373//2373
f 2383//2383 2375//2375 2377//2377
f 2381//2381 2374//2374 2371//2371
f 2384//2384 2327//2327 2379//2379
f 2372//2372 2320//2320 2321//2321
f 2379//2379 2327//2327 2328//2328
f 2376//2376 2368//2368 2369//2369
f 2373//2373 2367//2367 2370//2370
f 2369//2369 2362//2362 2357//2357
f 2368//2368 2364//2364 2360//2360
f 2366//2366 2361//2361 2358//2358
f 2363//2363 2369//2369 2357//2357
f 2370//2370 2361//2361 2366//2366
f 2371//2371 2364//2364 2368//2368
f 2372//2372 2345//2345 2365//2365
f 2371//2371 2366//2366 2364//2364
f 2372//2372 2346//2346 2345//2345
f 2370//2370 2367//2367 2361//2361
f 2368//2368 2362//2362 2369//2369
f 2373//2373 2365//2365 2367//2367
f 2372//2372 2321//2321 2346//2346
f 2327//2327 2363//2363 2326//2326
f 2374//2374 2366//2366 2371//2371
f 2375//2375 2369//2369 2363//2363
f 2419//2419 2407//2407 2417//2417
f 2403//2403 2401//2401 2391//2391
f 2421//2421 2409//2409 2411//2411
f 2461//2461 2453//2453 2454//2454
f 2460//2460 2451//2451 2335//2335
f 2459//2459 2457//2457 2456//2456
f 2463//2463 2462//2462 2458//2458
f 2464//2464 2457//2457 2459//2459
f 2460//2460 2335//2335 2336//2336
f 2462//2462 2459//2459 2455//2455
f 2465//2465 2454//2454 2460//2460
f 2461//2461 2463//2463 2453//2453
f 2464//2464 2314//2314 2457//2457
f 2460//2460 2336//2336 2337//2337
f 2466//2466 2461//2461 2465//2465
f 2465//2465 2460//2460 2337//2337
f 2420//2420 2410//2410 2415//2415
f 2465//2465 2461//2461 2454//2454
f 2460//2460 2454//2454 2446//2446
f 2463//2463 2458//2458 2453//2453
f 2462//2462 2455//2455 2458//2458
f 2455//2455 2452//2452 2443//2443
f 2456//2456 2448//2448 2447//2447
f 2456//2456 2447//2447 2452//2452
f 2457//2457 2449//2449 2448//2448
f 2454//2454 2453//2453 2445//2445
f 2458//2458 2450//2450 2453//2453
f 2458//2458 2455//2455 2450//2450
f 2335//2335 2451//2451 2333//2333
f 2335//2335 2333//2333 2334//2334
f 2455//2455 2456//2456 2452//2452
f 2457//2457 2448//2448 2456//2456
f 2457//2457 2314//2314 2315//2315
f 2457//2457 2315//2315 2449//2449
f 2459//2459 2456//2456 2455//2455
f 2460//2460 2446//2446 2451//2451
f 2466//2466 2463//2463 2461//2461
f 2455//2455 2443//2443 2450//2450
f 2467//2467 2462//2462 2463//2463
f 2469//2469 2463//2463 2466//2466
f 2312//2312 2471//2471 2473//2473
f 2342//2342 2473//2473 2341//2341
f 2311//2311 2312//2312 2473//2473
f 2311//2311 2473//2473 2342//2342
f 2474//2474 2335//2335 2599//2599
f 2336//2336 2335//2335 2474//2474
f 2341//2341 2472//2472 2340//2340
f 2474//2474 2599//2599 2475//2475
f 2486//2486 2336//2336 2474//2474
f 2485//2485 2338//2338 2337//2337
f 2486//2486 2474//2474 2475//2475
f 2485//2485 2336//2336 2486//2486
f 2487//2487 2339//2339 2338//2338
f 2487//2487 2338//2338 2485//2485
f 2485//2485 2337//2337 2336//2336
f 2341//2341 2473//2473 2470//2470
f 2473//2473 2471//2471 2468//2468
f 2341//2341 2470//2470 2472//2472
f 2464//2464 2313//2313 2314//2314
f 2466//2466 2465//2465 2338//2338
f 2468//2468 2464//2464 2459//2459
f 2469//2469 2467//2467 2463//2463
f 2467//2467 2468//2468 2462//2462
f 2339//2339 2469//2469 2466//2466
f 2466//2466 2338//2338 2339//2339
f 2313//2313 2464//2464 2468//2468
f 2339//2339 2470//2470 2469//2469
f 2471//2471 2313//2313 2468//2468
f 2472//2472 2470//2470 2339//2339
f 2472//2472 2339//2339 2340//2340
f 2473//2473 2468//2468 2467//2467
f 2473//2473 2467//2467 2470//2470
f 2471//2471 2312//2312 2313//2313
f 2468//2468 2459//2459 2462//2462
f 2453//2453 2450//2450 2445//2445
f 2465//2465 2337//2337 2338//2338
f 2452//2452 2447//2447 2443//2443
f 2429//2429 2423//2423 2416//2416
f 2431//2431 2428//2428 2422//2422
f 2428//2428 2424//2424 2420//2420
f 2432//2432 2423//2423 2429//2429
f 2433//2433 2417//2417 2424//2424
f 2433//2433 2317//2317 2417//2417
f 2426//2426 2425//2425 2418//2418
f 2431//2431 2422//2422 2425//2425
f 2429//2429 2412//2412 2430//2430
f 2432//2432 2427//2427 2423//2423
f 2433//2433 2316//2316 2317//2317
f 2430//2430 2331//2331 2332//2332
f 2434//2434 2426//2426 2427//2427
f 2435//2435 2425//2425 2426//2426
f 2427//2427 2426//2426 2421//2421
f 2430//2430 2412//2412 2331//2331
f 2427//2427 2421//2421 2423//2423
f 2429//2429 2416//2416 2412//2412
f 2419//2419 2317//2317 2318//2318
f 2419//2419 2318//2318 2407//2407
f 2420//2420 2413//2413 2410//2410
f 2454//2454 2445//2445 2446//2446
f 2418//2418 2409//2409 2421//2421
f 2418//2418 2422//2422 2414//2414
f 2423//2423 2411//2411 2416//2416
f 2423//2423 2421//2421 2411//2411
f 2424//2424 2413//2413 2420//2420
f 2425//2425 2422//2422 2418//2418
f 2422//2422 2420//2420 2415//2415
f 2317//2317 2419//2419 2417//2417
f 2426//2426 2418//2418 2421//2421
f 2424//2424 2417//2417 2413//2413
f 2428//2428 2420//2420 2422//2422
f 2436//2436 2424//2424 2428//2428
f 2437//2437 2429//2429 2430//2430
f 2422//2422 2415//2415 2414//2414
f 2435//2435 2431//2431 2425//2425
f 2446//2446 2437//2437 2332//2332
f 2445//2445 2438//2438 2437//2437
f 2444//2444 2441//2441 2436//2436
f 2447//2447 2439//2439 2443//2443
f 2448//2448 2444//2444 2440//2440
f 2448//2448 2440//2440 2439//2439
f 2449//2449 2441//2441 2444//2444
f 2445//2445 2442//2442 2438//2438
f 2450//2450 2442//2442 2445//2445
f 2449//2449 2315//2315 2316//2316
f 2451//2451 2332//2332 2333//2333
f 2451//2451 2446//2446 2332//2332
f 2447//2447 2448//2448 2439//2439
f 2450//2450 2443//2443 2442//2442
f 2446//2446 2445//2445 2437//2437
f 2449//2449 2444//2444 2448//2448
f 2449//2449 2316//2316 2441//2441
f 2443//2443 2439//2439 2434//2434
f 2442//2442 2443//2443 2434//2434
f 2444//2444 2431//2431 2440//2440
f 2434//2434 2427//2427 2432//2432
f 2439//2439 2426//2426 2434//2434
f 2439//2439 2435//2435 2426//2426
f 2436//2436 2428//2428 2431//2431
f 2440//2440 2431//2431 2435//2435
f 2441//2441 2433//2433 2424//2424
f 2439//2439 2440//2440 2435//2435
f 2441//2441 2424//2424 2436//2436
f 2438//2438 2432//2432 2429//2429
f 2437//2437 2430//2430 2332//2332
f 2438//2438 2429//2429 2437//2437
f 2441//2441 2316//2316 2433//2433
f 2442//2442 2434//2434 2432//2432
f 2444//2444 2436//2436 2431//2431
f 2442//2442 2432//2432 2438//2438
f 2624//2624 2622//2622 2625//2625
f 2624//2624 2623//2623 2622//2622
f 2634//2634 2629//2629 2626//2626
f 2635//2635 2636//2636 2631//2631
f 2636//2636 2632//2632 2631//2631
f 2634//2634 2626//2626 2633//2633
f 2635//2635 2631//2631 2630//2630
f 2634//2634 2635//2635 2629//2629
f 2635//2635 2630//2630 2629//2629
f 2636//2636 2627//2627 2632//2632
f 2628//2628 2627//2627 2636//2636
f 2645//2645 2642//2642 2641//2641
f 2645//2645 2644//2644 2643//2643
f 2645//2645 2643//2643 2642//2642
f 2659//2659 2639//2639 2637//2637
f 2654//2654 2653//2653 2655//2655
f 2650//2650 2649//2649 2651//2651
f 2655//2655 2653//2653 2657//2657
f 2649//2649 2648//2648 2651//2651
f 2655//2655 2657//2657 2656//2656
f 2651//2651 2647//2647 2652//2652
f 2651//2651 2648//2648 2647//2647
f 2652//2652 2640//2640 2658//2658
f 2646//2646 2641//2641 2640//2640
f 2658//2658 2640//2640 2659//2659
f 2646//2646 2645//2645 2641//2641
f 2652//2652 2646//2646 2640//2640
f 2659//2659 2640//2640 2639//2639
f 2653//2653 2652//2652 2657//2657
f 2652//2652 2658//2658 2657//2657
f 2659//2659 2637//2637 2638//2638
f 2652//2652 2647//2647 2646//2646
f 2668//2668 2669//2669 2663//2663
f 2667//2667 2664//2664 2661//2661
f 2667//2667 2661//2661 2666//2666
f 2669//2669 2662//2662 2663//2663
f 2669//2669 2670//2670 2662//2662
f 2671//2671 2665//2665 2670//2670
f 2670//2670 2665//2665 2662//2662
f 2667//2667 2668//2668 2664//2664
f 2668//2668 2663//2663 2664//2664
f 2671//2671 2660//2660 2665//2665
f 2675//2675 2673//2673 2672//2672
f 2675//2675 2672//2672 2674//2674
f 2688//2688 2677//2677 2678//2678
f 2688//2688 2678//2678 2687//2687
f 2684//2684 2681//2681 2682//2682
f 2685//2685 2680//2680 2681//2681
f 2684//2684 2682//2682 2676//2676
f 2687//2687 2678//2678 2679//2679
f 2686//2686 2687//2687 2679//2679
f 2686//2686 2679//2679 2680//2680
f 2685//2685 2686//2686 2680//2680
f 2684//2684 2685//2685 2681//2681
f 2684//2684 2676//2676 2683//2683
f 2693//2693 2690//2690 2692//2692
f 2692//2692 2690//2690 2689//2689
f 2692//2692 2689//2689 2691//2691
f 2702//2702 2697//2697 2698//2698
f 2701//2701 2702//2702 2698//2698
f 2701//2701 2698//2698 2699//2699
f 2702//2702 2703//2703 2696//2696
f 2704//2704 2695//2695 2703//2703
f 2701//2701 2694//2694 2700//2700
f 2701//2701 2699//2699 2694//2694
f 2702//2702 2696//2696 2697//2697
f 2703//2703 2695//2695 2696//2696
f 2708//2708 2705//2705 2707//2707
f 2708//2708 2706//2706 2705//2705
f 2709//2709 2706//2706 2708//2708
v 0.0002657 -0.0052316 -0.0119999
v 0.0006035 -0.0054697 -0.0120000
v 0.0007440 -0.0056918 -0.0120000
v 0.0008026 -0.0059731 -0.0120000
v 0.0007651 -0.0062486 -0.0120000
v 0.0005561 -0.0065927 -0.0119999
v 0.0001821 -0.0067833 -0.0120000
v -0.0001102 -0.0067978 -0.0120000
v -0.0003884 -0.0067029 -0.0120000
v -0.0006556 -0.0064763 -0.0119999
v -0.0007728 -0.0062116 -0.0120000
v -0.0008003 -0.0058826 -0.0119999
v -0.0006556 -0.0055237 -0.0120000
v -0.0003652 -0.0052832 -0.0120000
v -0.0000918 -0.0052032 -0.0120000
v 0.0002657 -0.0052316 -0.0119999
v 0.0006035 -0.0054697 -0.0120000
v 0.0007440 -0.0056918 -0.0120000
v 0.0008026 -0.0059731 -0.0120000
v 0.0007651 -0.0062486 -0.0120000
v 0.0005561 -0.0065927 -0.0119999
v 0.0001821 -0.0067833 -0.0120000
v -0.0001102 -0.0067978 -0.0120000
v -0.0003884 -0.0067029 -0.0120000
v -0.0006556 -0.0064763 -0.0119999
v -0.0007728 -0.0062116 -0.0120000
v -0.0008003 -0.0058826 -0.0119999
v -0.0006556 -0.0055237 -0.0120000
v -0.0003652 -0.0052832 -0.0120000
v -0.0000918 -0.0052032 -0.0120000
v 0.0001139 -0.0050020 -0.0121997
v -0.0000886 -0.0069985 -0.0122005
v -0.0003095 -0.0069525 -0.0122003
v -0.0005237 -0.0068547 -0.0121996
v -0.0007124 -0.0067045 -0.0122007
v -0.0008724 -0.0064966 -0.0122001
v -0.0009970 -0.0061343 -0.0122008
v -0.0009838 -0.0058008 -0.0122011
v -0.0008686 -0.0054982 -0.0121994
v -0.0007124 -0.0052955 -0.0122007
v -0.0005238 -0.0051453 -0.0121996
v -0.0002392 -0.0050237 -0.0122004
v 0.0004139 -0.0050854 -0.0122001
v 0.0006504 -0.0052385 -0.0121987
v 0.0008111 -0.0054109 -0.0122001
v 0.0009270 -0.0056198 -0.0121992
v 0.0009987 -0.0058992 -0.0122000
v 0.0009767 -0.0062411 -0.0122012
v 0.0008415 -0.0065461 -0.0121994
v 0.0006510 -0.0067623 -0.0121996
v 0.0004077 -0.0069166 -0.0121994
v 0.0001645 -0.0069884 -0.0121998
v 0.0001139 -0.0050020 -0.0121997
v -0.0000886 -0.0069985 -0.0122005
v -0.0003095 -0.0069525 -0.0122003
v -0.0005237 -0.0068547 -0.0121996
v -0.0007124 -0.0067045 -0.0122007
v -0.0008724 -0.0064966 -0.0122001
v -0.0009970 -0.0061343 -0.0122008
v -0.0009838 -0.0058008 -0.0122011
v -0.0008686 -0.0054982 -0.0121994
v -0.0007124 -0.0052955 -0.0122007
v -0.0005238 -0.0051453 -0.0121996
v -0.0002392 -0.0050237 -0.0122004
v 0.0004139 -0.0050854 -0.0122001
v 0.0006504 -0.0052385 -0.0121987
v 0.0008111 -0.0054109 -0.0122001
v 0.0009270 -0.0056198 -0.0121992
v 0.0009987 -0.0058992 -0.0122000
v 0.0009767 -0.0062411 -0.0122012
v 0.0008415 -0.0065461 -0.0121994
v 0.0006510 -0.0067623 -0.0121996
v 0.0004077 -0.0069166 -0.0121994
v 0.0001645 -0.0069884 -0.0121998
v 0.0002620 -0.0069743 -0.0200000
v 0.0006443 -0.0067727 -0.0200000
v 0.0009110 -0.0064335 -0.0200000
v 0.0010037 -0.0060394 -0.0200000
v 0.0009456 -0.0056511 -0.0200000
v 0.0007682 -0.0053567 -0.0200000
v 0.0005670 -0.0051717 -0.0200000
v 0.0003191 -0.0050502 -0.0200000
v -0.0000273 -0.0049915 -0.0200000
v -0.0004205 -0.0050878 -0.0200000
v -0.0007491 -0.0053243 -0.0200000
v -0.0009455 -0.0056631 -0.0200000
v -0.0009996 -0.0059312 -0.0200000
v -0.0009775 -0.0062347 -0.0200000
v -0.0008146 -0.0065919 -0.0200000
v -0.0005573 -0.0068341 -0.0200000
v -0.0002089 -0.0069870 -0.0200000
v 0.0002620 -0.0069743 -0.0200000
v 0.0006443 -0.0067727 -0.0200000
v 0.0009110 -0.0064335 -0.0200000
v 0.0010037 -0.0060394 -0.0200000
v 0.0009456 -0.0056511 -0.0200000
v 0.0007682 -0.0053567 -0.0200000
v 0.0005670 -0.0051717 -0.0200000
v 0.0003191 -0.0050502 -0.0200000
v -0.0000273 -0.0049915 -0.0200000
v -0.0004205 -0.0050878 -0.0200000
v -0.0007491 -0.0053243 -0.0200000
v -0.0009455 -0.0056631 -0.0200000
v -0.0009996 -0.0059312 -0.0200000
v -0.0009775 -0.0062347 -0.0200000
v -0.0008146 -0.0065919 -0.0200000
v -0.0005573 -0.0068341 -0.0200000
v -0.0002089 -0.0069870 -0.0200000
v -0.0001511 -0.0075295 -0.0200001
v -0.0004621 -0.0074644 -0.0200000
v -0.0008297 -0.0072965 -0.0200001
v -0.0011984 -0.0069733 -0.0200017
v -0.0014128 -0.0066015 -0.0200000
v -0.0015353 -0.0061388 -0.0200003
v -0.0014714 -0.0055363 -0.0200006
v -0.0013176 -0.0051990 -0.0200009
v -0.0009613 -0.0047894 -0.0200026
v -0.0006565 -0.0046065 -0.0200009
v -0.0003292 -0.0044952 -0.0200003
v 0.0001153 -0.0044639 -0.0200011
v 0.0006031 -0.0045807 -0.0200003
v 0.0010885 -0.0049092 -0.0200003
v 0.0013620 -0.0052905 -0.0200000
v 0.0015367 -0.0061200 -0.0200003
v 0.0014015 -0.0066452 -0.0200003
v 0.0010919 -0.0070889 -0.0200005
v 0.0007517 -0.0073433 -0.0200000
v 0.0002863 -0.0075113 -0.0200000
v 0.0014970 -0.0056369 -0.0200014
v -0.0001511 -0.0075295 -0.0200001
v -0.0004621 -0.0074644 -0.0200000
v -0.0008297 -0.0072965 -0.0200001
v -0.0011984 -0.0069733 -0.0200017
v -0.0014128 -0.0066015 -0.0200000
v -0.0015353 -0.0061388 -0.0200003
v -0.0014714 -0.0055363 -0.0200006
v -0.0013176 -0.0051990 -0.0200009
v -0.0009613 -0.0047894 -0.0200026
v -0.0006565 -0.0046065 -0.0200009
v -0.0003292 -0.0044952 -0.0200003
v 0.0001153 -0.0044639 -0.0200011
v 0.0006031 -0.0045807 -0.0200003
v 0.0010885 -0.0049092 -0.0200003
v 0.0013620 -0.0052905 -0.0200000
v 0.0015367 -0.0061200 -0.0200003
v 0.0014015 -0.0066452 -0.0200003
v 0.0010919 -0.0070889 -0.0200005
v 0.0007517 -0.0073433 -0.0200000
v 0.0002863 -0.0075113 -0.0200000
v 0.0000832 -0.0072544 -0.0211269
v 0.0002071 -0.0072356 -0.0211274
v 0.0004708 -0.0072699 -0.0210959
v 0.0007834 -0.0070340 -0.0211147
v 0.0010757 -0.0068400 -0.0210917
v 0.0012529 -0.0065408 -0.0210918
v 0.0012339 -0.0062075 -0.0211293
v 0.0012423 -0.0057937 -0.0211284
v 0.0012404 -0.0054696 -0.0210992
v 0.0009500 -0.0051088 -0.0211159
v 0.0004322 -0.0047914 -0.0211196
v 0.0002076 -0.0047636 -0.0211294
v 0.0000731 -0.0046084 -0.0210762
v 0.0000697 -0.0044355 -0.0209510
v -0.0000439 -0.0043059 -0.0207609
v 0.0000860 -0.0042542 -0.0205706
v -0.0000841 -0.0042502 -0.0204284
v -0.0000731 -0.0042945 -0.0202481
v 0.0000858 -0.0043467 -0.0201420
v -0.0000336 -0.0077540 -0.0204994
v 0.0000460 -0.0077290 -0.0203132
v 0.0000678 -0.0076588 -0.0201525
v 0.0001173 -0.0075831 -0.0200518
v 0.0001094 -0.0073911 -0.0210735
v -0.0000573 -0.0074379 -0.0210525
v -0.0000272 -0.0075826 -0.0209313
v 0.0000411 -0.0076755 -0.0207980
v 0.0000426 -0.0077353 -0.0206339
v 0.0002801 -0.0074938 -0.0209936
v 0.0002221 -0.0076341 -0.0208438
v 0.0005701 -0.0074016 -0.0209984
v 0.0002335 -0.0077217 -0.0206376
v 0.0004315 -0.0075886 -0.0208487
v 0.0008609 -0.0071179 -0.0210673
v 0.0004593 -0.0076667 -0.0206666
v 0.0006378 -0.0075220 -0.0208443
v 0.0002344 -0.0077331 -0.0204132
v 0.0008603 -0.0072878 -0.0209685
v 0.0005333 -0.0076714 -0.0205135
v 0.0007825 -0.0075454 -0.0206604
v 0.0002195 -0.0076920 -0.0202476
v 0.0008847 -0.0074351 -0.0207822
v 0.0004200 -0.0076782 -0.0203166
v 0.0011599 -0.0069875 -0.0209894
v 0.0003190 -0.0076291 -0.0201491
v 0.0010679 -0.0072281 -0.0208781
v 0.0006057 -0.0076201 -0.0203122
v 0.0007567 -0.0075806 -0.0204439
v 0.0011172 -0.0073155 -0.0206863
v 0.0004206 -0.0075432 -0.0200666
v 0.0006302 -0.0075100 -0.0201097
v 0.0009730 -0.0074584 -0.0204630
v 0.0012860 -0.0070306 -0.0208460
v 0.0013457 -0.0067156 -0.0209893
v 0.0008887 -0.0074623 -0.0202487
v 0.0011747 -0.0072999 -0.0204982
v 0.0013118 -0.0071294 -0.0206653
v 0.0014317 -0.0068363 -0.0208321
v 0.0009037 -0.0073619 -0.0201081
v 0.0011881 -0.0072655 -0.0203317
v 0.0014320 -0.0064171 -0.0210139
v 0.0013665 -0.0060850 -0.0210903
v 0.0013701 -0.0070929 -0.0204881
v 0.0014531 -0.0069590 -0.0206128
v 0.0015283 -0.0065541 -0.0208796
v 0.0011235 -0.0072234 -0.0201534
v 0.0015604 -0.0067316 -0.0206859
v 0.0013566 -0.0070823 -0.0203391
v 0.0015613 -0.0062048 -0.0209423
v 0.0015063 -0.0068778 -0.0203543
v 0.0014716 -0.0061250 -0.0210252
v 0.0016200 -0.0066670 -0.0205682
v 0.0013142 -0.0070446 -0.0201843
v 0.0016295 -0.0064967 -0.0207381
v 0.0016591 -0.0062859 -0.0207869
v 0.0015734 -0.0067490 -0.0203700
v 0.0012401 -0.0070059 -0.0200638
v 0.0014655 -0.0058619 -0.0210291
v 0.0017117 -0.0063284 -0.0206062
v 0.0014282 -0.0068239 -0.0201317
v 0.0016743 -0.0060837 -0.0207968
v 0.0016633 -0.0065419 -0.0204236
v 0.0015629 -0.0058332 -0.0209426
v 0.0013864 -0.0056308 -0.0210533
v 0.0015992 -0.0065781 -0.0202261
v 0.0017390 -0.0062267 -0.0204429
v 0.0016531 -0.0058661 -0.0208277
v 0.0017379 -0.0061156 -0.0206058
v 0.0017138 -0.0062802 -0.0203384
v 0.0017239 -0.0058770 -0.0206701
v 0.0015041 -0.0065710 -0.0200771
v 0.0015172 -0.0055814 -0.0209395
v 0.0016590 -0.0063466 -0.0202179
v 0.0017513 -0.0059329 -0.0205087
v 0.0016365 -0.0056123 -0.0207893
v 0.0013451 -0.0053234 -0.0210042
v 0.0015818 -0.0063043 -0.0200806
v 0.0016722 -0.0061141 -0.0201784
v 0.0015103 -0.0053956 -0.0208767
v 0.0016794 -0.0055641 -0.0206397
v 0.0017360 -0.0059435 -0.0203427
v 0.0017300 -0.0057105 -0.0204781
v 0.0011553 -0.0050328 -0.0210054
v 0.0013529 -0.0050780 -0.0208665
v 0.0015226 -0.0052190 -0.0207268
v 0.0016664 -0.0058657 -0.0201696
v 0.0016759 -0.0054875 -0.0205105
v 0.0016855 -0.0056773 -0.0202699
v 0.0009560 -0.0049053 -0.0210426
v 0.0015974 -0.0052813 -0.0205480
v 0.0016691 -0.0055240 -0.0203409
v 0.0015820 -0.0058635 -0.0200535
v 0.0016109 -0.0055628 -0.0201664
v 0.0015786 -0.0052702 -0.0203521
v 0.0015061 -0.0050984 -0.0204775
v 0.0010778 -0.0048333 -0.0209270
v 0.0006686 -0.0047773 -0.0210769
v 0.0012842 -0.0048858 -0.0207527
v 0.0014970 -0.0056369 -0.0200014
v 0.0015223 -0.0052216 -0.0202475
v 0.0013411 -0.0048773 -0.0205800
v 0.0014943 -0.0053746 -0.0200903
v 0.0007343 -0.0046805 -0.0209993
v 0.0009622 -0.0046768 -0.0208680
v 0.0013881 -0.0049425 -0.0203909
v 0.0010928 -0.0046597 -0.0206637
v 0.0003655 -0.0046244 -0.0210620
v 0.0013448 -0.0050891 -0.0200925
v 0.0011797 -0.0047012 -0.0204501
v 0.0013014 -0.0048795 -0.0202682
v 0.0005987 -0.0045488 -0.0209450
v 0.0008338 -0.0045025 -0.0207178
v 0.0006364 -0.0044791 -0.0208472
v 0.0009551 -0.0045307 -0.0205382
v 0.0011951 -0.0048471 -0.0201539
v 0.0010877 -0.0046716 -0.0202743
v 0.0003361 -0.0044530 -0.0209298
v 0.0005569 -0.0043796 -0.0207131
v 0.0006597 -0.0043776 -0.0205514
v 0.0009221 -0.0045425 -0.0202920
v 0.0009644 -0.0046891 -0.0200969
v 0.0007676 -0.0044321 -0.0203882
v 0.0002654 -0.0043462 -0.0208038
v 0.0002630 -0.0042933 -0.0206766
v 0.0005575 -0.0043506 -0.0203635
v 0.0007259 -0.0044770 -0.0201999
v 0.0003547 -0.0042815 -0.0204882
v 0.0004566 -0.0043780 -0.0201937
v 0.0004577 -0.0044520 -0.0200796
v 0.0002691 -0.0042952 -0.0202957
v 0.0001624 -0.0042576 -0.0204403
v -0.0002638 -0.0046596 -0.0210902
v -0.0005269 -0.0047712 -0.0211013
v -0.0007925 -0.0049470 -0.0211085
v -0.0012522 -0.0055012 -0.0210994
v -0.0012452 -0.0058022 -0.0211255
v -0.0012334 -0.0062072 -0.0211295
v -0.0011953 -0.0065163 -0.0211142
v -0.0009430 -0.0069534 -0.0211017
v -0.0006289 -0.0072032 -0.0210944
v -0.0002097 -0.0072353 -0.0211296
v -0.0002738 -0.0045113 -0.0210001
v -0.0002670 -0.0043726 -0.0208465
v -0.0002592 -0.0042897 -0.0206706
v -0.0004843 -0.0044864 -0.0209255
v -0.0007253 -0.0047265 -0.0210346
v -0.0003421 -0.0042805 -0.0205133
v -0.0006348 -0.0044753 -0.0208427
v -0.0008267 -0.0046516 -0.0209330
v -0.0005951 -0.0043760 -0.0206642
v -0.0003357 -0.0043083 -0.0202900
v -0.0010788 -0.0049755 -0.0210195
v -0.0010149 -0.0051415 -0.0211039
v -0.0010239 -0.0048260 -0.0209576
v -0.0008173 -0.0044807 -0.0206822
v -0.0006105 -0.0043563 -0.0204657
v -0.0001854 -0.0043892 -0.0200925
v -0.0009341 -0.0046217 -0.0208159
v -0.0006465 -0.0044111 -0.0202632
v -0.0008650 -0.0044755 -0.0205073
v -0.0011205 -0.0047940 -0.0208460
v -0.0010168 -0.0046013 -0.0206614
v -0.0005046 -0.0044283 -0.0201348
v -0.0012596 -0.0051882 -0.0210113
v -0.0011713 -0.0047508 -0.0207168
v -0.0009035 -0.0045227 -0.0203118
v -0.0012961 -0.0049797 -0.0208439
v -0.0010818 -0.0046204 -0.0205348
v -0.0013607 -0.0049358 -0.0206708
v -0.0007975 -0.0045847 -0.0200970
v -0.0011777 -0.0047081 -0.0203963
v -0.0012959 -0.0048172 -0.0205009
v -0.0014275 -0.0052776 -0.0209145
v -0.0014469 -0.0055471 -0.0209963
v -0.0014836 -0.0051732 -0.0207506
v -0.0011034 -0.0047136 -0.0202128
v -0.0015473 -0.0054291 -0.0208439
v -0.0015280 -0.0051530 -0.0205843
v -0.0014899 -0.0057558 -0.0210003
v -0.0014592 -0.0050295 -0.0204850
v -0.0014137 -0.0050004 -0.0203135
v -0.0016318 -0.0054029 -0.0206399
v -0.0011871 -0.0048956 -0.0200925
v -0.0013136 -0.0049708 -0.0201625
v -0.0013786 -0.0059367 -0.0210839
v -0.0016186 -0.0056741 -0.0208418
v -0.0015839 -0.0052626 -0.0203927
v -0.0016477 -0.0059060 -0.0208470
v -0.0017000 -0.0056501 -0.0206441
v -0.0015259 -0.0061106 -0.0209842
v -0.0014672 -0.0051965 -0.0201727
v -0.0016620 -0.0054568 -0.0203851
v -0.0013705 -0.0062519 -0.0210761
v -0.0016137 -0.0061344 -0.0208872
v -0.0015686 -0.0054213 -0.0201704
v -0.0017389 -0.0059443 -0.0206268
v -0.0017401 -0.0057912 -0.0204695
v -0.0013227 -0.0065578 -0.0210535
v -0.0016957 -0.0056627 -0.0203094
v -0.0014368 -0.0064500 -0.0210030
v -0.0016775 -0.0062052 -0.0207679
v -0.0015746 -0.0064249 -0.0208729
v -0.0017294 -0.0062047 -0.0206129
v -0.0016222 -0.0057547 -0.0201148
v -0.0017428 -0.0059302 -0.0203640
v -0.0014425 -0.0066708 -0.0209220
v -0.0011737 -0.0067922 -0.0210625
v -0.0016482 -0.0064662 -0.0207152
v -0.0017379 -0.0062165 -0.0204536
v -0.0017254 -0.0060863 -0.0203056
v -0.0012965 -0.0068618 -0.0209585
v -0.0015192 -0.0066963 -0.0208035
v -0.0016870 -0.0064717 -0.0205421
v -0.0016532 -0.0061235 -0.0201432
v -0.0015632 -0.0067367 -0.0206698
v -0.0016969 -0.0063421 -0.0203195
v -0.0010656 -0.0070348 -0.0210193
v -0.0013851 -0.0069203 -0.0208196
v -0.0015945 -0.0067308 -0.0204926
v -0.0016351 -0.0066018 -0.0203707
v -0.0011744 -0.0070905 -0.0209063
v -0.0014279 -0.0069632 -0.0206854
v -0.0016064 -0.0065107 -0.0201923
v -0.0011764 -0.0071850 -0.0208115
v -0.0008115 -0.0072146 -0.0210351
v -0.0014040 -0.0070447 -0.0205685
v -0.0009280 -0.0073045 -0.0209139
v -0.0015220 -0.0065079 -0.0200702
v -0.0012086 -0.0072368 -0.0206702
v -0.0014645 -0.0069575 -0.0204183
v -0.0015000 -0.0068279 -0.0202618
v -0.0014179 -0.0067837 -0.0200905
v -0.0005187 -0.0074242 -0.0209969
v -0.0013527 -0.0070659 -0.0202907
v -0.0012773 -0.0071896 -0.0203928
v -0.0009432 -0.0074270 -0.0207218
v -0.0011734 -0.0073030 -0.0204516
v -0.0004056 -0.0073546 -0.0210641
v -0.0006964 -0.0074755 -0.0208721
v -0.0012744 -0.0070734 -0.0201590
v -0.0010012 -0.0074415 -0.0205068
v -0.0011043 -0.0072816 -0.0202058
v -0.0008226 -0.0075368 -0.0206149
v -0.0004423 -0.0075585 -0.0208850
v -0.0006092 -0.0076125 -0.0206881
v -0.0002003 -0.0075035 -0.0209935
v -0.0009494 -0.0074428 -0.0203050
v -0.0010989 -0.0071624 -0.0200669
v -0.0002653 -0.0076435 -0.0208208
v -0.0007308 -0.0075710 -0.0203083
v -0.0006123 -0.0076438 -0.0204869
v -0.0002750 -0.0077073 -0.0206727
v -0.0008427 -0.0074005 -0.0201084
v -0.0005294 -0.0076440 -0.0203007
v -0.0003269 -0.0077201 -0.0205337
v -0.0002780 -0.0077199 -0.0203564
v -0.0004968 -0.0075566 -0.0201051
v -0.0001799 -0.0076517 -0.0201501
v -0.0002063 -0.0047605 -0.0211284
v -0.0006032 -0.0057859 -0.0212559
v -0.0004412 -0.0057182 -0.0212703
v -0.0003036 -0.0055953 -0.0212725
v -0.0002138 -0.0053954 -0.0212556
v -0.0008694 -0.0057928 -0.0212154
v -0.0002044 -0.0067067 -0.0212455
v -0.0002647 -0.0064612 -0.0212698
v -0.0004174 -0.0062966 -0.0212717
v -0.0005997 -0.0062141 -0.0212564
v -0.0005984 -0.0053011 -0.0212108
v -0.0007801 -0.0064342 -0.0212136
v -0.0005121 -0.0067462 -0.0212118
v 0.0006105 -0.0062130 -0.0212549
v 0.0004129 -0.0062979 -0.0212735
v 0.0002800 -0.0064428 -0.0212703
v 0.0002122 -0.0066162 -0.0212541
v 0.0005752 -0.0057818 -0.0212595
v 0.0003841 -0.0056770 -0.0212728
v 0.0002611 -0.0055283 -0.0212689
v 0.0002067 -0.0053279 -0.0212485
v 0.0007243 -0.0053364 -0.0211973
v 0.0007695 -0.0065798 -0.0211996
v 0.0003978 -0.0069521 -0.0211848
v 0.0002076 -0.0047636 -0.0211294
v -0.0002063 -0.0047605 -0.0211284
v -0.0002008 -0.0047533 -0.0206500
v 0.0002071 -0.0047663 -0.0206500
v 0.0012423 -0.0057937 -0.0211284
v 0.0002076 -0.0047636 -0.0211294
v 0.0002071 -0.0047663 -0.0206500
v 0.0005752 -0.0057818 -0.0212595
v 0.0003841 -0.0056770 -0.0212728
v 0.0002611 -0.0055283 -0.0212689
v 0.0002067 -0.0053279 -0.0212485
v 0.0012327 -0.0057929 -0.0206500
v 0.0006075 -0.0057876 -0.0206500
v 0.0003607 -0.0056644 -0.0206500
v 0.0002145 -0.0054097 -0.0206500
v -0.0002008 -0.0047533 -0.0206500
v 0.0002071 -0.0047663 -0.0206500
v -0.0002104 -0.0053731 -0.0206500
v -0.0003084 -0.0056078 -0.0206500
v -0.0005692 -0.0057821 -0.0206500
v -0.0012327 -0.0057929 -0.0206500
v -0.0012533 -0.0059882 -0.0206500
v -0.0012327 -0.0062071 -0.0206500
v -0.0005897 -0.0062146 -0.0206500
v -0.0003812 -0.0063238 -0.0206500
v -0.0002579 -0.0064803 -0.0206500
v -0.0002089 -0.0066469 -0.0206500
v -0.0002070 -0.0072337 -0.0206500
v 0.0002008 -0.0072467 -0.0206500
v 0.0002091 -0.0066446 -0.0206500
v 0.0002765 -0.0064411 -0.0206500
v 0.0004607 -0.0062672 -0.0206500
v 0.0006445 -0.0062091 -0.0206500
v 0.0012327 -0.0062071 -0.0206500
v 0.0012534 -0.0060119 -0.0206500
v 0.0012327 -0.0057929 -0.0206500
v 0.0006075 -0.0057876 -0.0206500
v 0.0003607 -0.0056644 -0.0206500
v 0.0002145 -0.0054097 -0.0206500
v -0.0012452 -0.0058022 -0.0211255
v -0.0002063 -0.0047605 -0.0211284
v -0.0006032 -0.0057859 -0.0212559
v -0.0004412 -0.0057182 -0.0212703
v -0.0003036 -0.0055953 -0.0212725
v -0.0002138 -0.0053954 -0.0212556
v -0.0008694 -0.0057928 -0.0212154
v -0.0002008 -0.0047533 -0.0206500
v -0.0002104 -0.0053731 -0.0206500
v -0.0003084 -0.0056078 -0.0206500
v -0.0005692 -0.0057821 -0.0206500
v -0.0012327 -0.0057929 -0.0206500
v -0.0012452 -0.0058022 -0.0211255
v -0.0012334 -0.0062072 -0.0211295
v -0.0012327 -0.0057929 -0.0206500
v -0.0012533 -0.0059882 -0.0206500
v -0.0012327 -0.0062071 -0.0206500
v -0.0012334 -0.0062072 -0.0211295
v -0.0002097 -0.0072353 -0.0211296
v -0.0002044 -0.0067067 -0.0212455
v -0.0002647 -0.0064612 -0.0212698
v -0.0004174 -0.0062966 -0.0212717
v -0.0005997 -0.0062141 -0.0212564
v -0.0012327 -0.0062071 -0.0206500
v -0.0005897 -0.0062146 -0.0206500
v -0.0003812 -0.0063238 -0.0206500
v -0.0002579 -0.0064803 -0.0206500
v -0.0002089 -0.0066469 -0.0206500
v -0.0002070 -0.0072337 -0.0206500
v 0.0000832 -0.0072544 -0.0211269
v 0.0002071 -0.0072356 -0.0211274
v -0.0002097 -0.0072353 -0.0211296
v -0.0002070 -0.0072337 -0.0206500
v 0.0002008 -0.0072467 -0.0206500
v 0.0002071 -0.0072356 -0.0211274
v 0.0012339 -0.0062075 -0.0211293
v 0.0006105 -0.0062130 -0.0212549
v 0.0004129 -0.0062979 -0.0212735
v 0.0002800 -0.0064428 -0.0212703
v 0.0002122 -0.0066162 -0.0212541
v 0.0002008 -0.0072467 -0.0206500
v 0.0002091 -0.0066446 -0.0206500
v 0.0002765 -0.0064411 -0.0206500
v 0.0004607 -0.0062672 -0.0206500
v 0.0006445 -0.0062091 -0.0206500
v 0.0012327 -0.0062071 -0.0206500
v 0.0012339 -0.0062075 -0.0211293
v 0.0012423 -0.0057937 -0.0211284
v 0.0012327 -0.0062071 -0.0206500
v 0.0012534 -0.0060119 -0.0206500
v 0.0012327 -0.0057929 -0.0206500
vn -0.000002 -0.000135 1.000000
vn 0.000012 -0.000011 1.000000
vn 0.000003 0.000023 1.000000
vn 0.000010 0.000032 1.000000
vn 0.000058 0.000135 1.000000
vn -0.000081 0.000006 1.000000
vn -0.000100 -0.000102 1.000000
vn 0.000102 0.000055 1.000000
vn -0.000031 -0.000020 1.000000
vn 0.000146 0.000021 1.000000
vn -0.001413 -0.000344 0.999999
vn 0.000099 0.000024 1.000000
vn 0.000025 0.000010 1.000000
vn -0.000113 0.000227 1.000000
vn -0.000216 0.001481 0.999999
vn 0.234698 0.652331 0.720681
vn 0.512562 0.466154 0.721097
vn 0.651113 0.273588 0.707956
vn 0.699309 0.021883 0.714484
vn 0.654756 -0.225339 0.721469
vn 0.469829 -0.505744 0.723521
vn 0.163780 -0.670678 0.723441
vn -0.090770 -0.692597 0.715591
vn -0.346665 -0.602876 0.718584
vn -0.559151 -0.419159 0.715301
vn -0.674810 -0.182807 0.714992
vn -0.689898 0.108112 0.715788
vn -0.560967 0.409688 0.719355
vn -0.327190 0.613034 0.719122
vn -0.071529 0.689550 0.720697
vn 0.068955 0.707743 0.703097
vn -0.050265 -0.706817 0.705609
vn -0.221347 -0.673021 0.705726
vn -0.377121 -0.591187 0.712936
vn -0.486652 -0.505532 0.712465
vn -0.634729 -0.337929 0.694927
vn -0.703010 -0.100453 0.704049
vn -0.698841 0.151420 0.699066
vn -0.626077 0.336305 0.703510
vn -0.485824 0.505939 0.712742
vn -0.374134 0.594100 0.712088
vn -0.165487 0.691243 0.703418
vn 0.306637 0.645979 0.699060
vn 0.441299 0.539978 0.716714
vn 0.574326 0.401201 0.713573
vn 0.651945 0.268625 0.709090
vn 0.705872 0.068555 0.705014
vn 0.692149 -0.166892 0.702194
vn 0.597023 -0.375246 0.709052
vn 0.463231 -0.554813 0.691085
vn 0.291312 -0.633679 0.716651
vn 0.104308 -0.698557 0.707911
vn 0.105146 0.994455 0.001751
vn -0.081614 -0.996664 0.000172
vn -0.312611 -0.949881 0.000173
vn -0.522283 -0.852772 -0.000354
vn -0.712552 -0.701619 0.001061
vn -0.880605 -0.473847 0.001658
vn -0.989389 -0.145283 0.001576
vn -0.979709 0.200418 0.001514
vn -0.872654 0.488336 0.001541
vn -0.712339 0.701835 0.000761
vn -0.512859 0.858472 0.000778
vn -0.230799 0.972999 0.001969
vn 0.410252 0.911971 0.001219
vn 0.642434 0.766340 0.001030
vn 0.809073 0.587708 0.000408
vn 0.929002 0.370073 0.000728
vn 0.995589 0.093809 0.001515
vn 0.971186 -0.238313 0.002001
vn 0.841530 -0.540208 0.001232
vn 0.649563 -0.760308 0.000459
vn 0.413689 -0.910417 0.001191
vn 0.161968 -0.986796 0.000241
vn 0.253274 -0.967392 -0.002037
vn 0.640342 -0.768087 -0.002028
vn 0.900958 -0.433901 -0.002224
vn 0.999155 -0.041043 -0.002269
vn 0.940852 0.338813 -0.001552
vn 0.774508 0.632563 -0.001026
vn 0.564408 0.825495 -0.001101
vn 0.306901 0.951740 -0.001475
vn -0.035937 0.999352 -0.002049
vn -0.418854 0.908051 -0.002094
vn -0.740947 0.671561 -0.001898
vn -0.935216 0.354073 -0.001673
vn -0.998000 0.063202 -0.001418
vn -0.968850 -0.247642 -0.001595
vn -0.812864 -0.582451 -0.001606
vn -0.551516 -0.834164 -0.001111
vn -0.192444 -0.981307 -0.001300
vn -0.000063 -0.000038 1.000000
vn 0.000645 -0.000193 1.000000
vn 0.000529 -0.000414 1.000000
vn 0.000557 -0.000014 1.000000
vn 0.001119 -0.000080 0.999999
vn 0.000157 0.000399 1.000000
vn 0.000359 0.000460 1.000000
vn -0.000150 0.001211 0.999999
vn 0.000501 0.001420 0.999999
vn -0.002153 0.001394 0.999997
vn -0.001715 0.002947 0.999994
vn -0.001186 0.000667 0.999999
vn -0.000861 0.000213 1.000000
vn -0.000379 0.000139 1.000000
vn -0.000984 -0.001046 0.999999
vn -0.000118 -0.000128 1.000000
vn 0.000009 -0.000167 1.000000
vn -0.000028 -0.000141 1.000000
vn -0.000004 -0.000153 1.000000
vn -0.001478 -0.000105 0.999999
vn -0.002341 -0.002175 0.999995
vn -0.000182 -0.001455 0.999999
vn -0.000687 0.000453 1.000000
vn -0.000886 0.000896 0.999999
vn -0.000926 0.002454 0.999997
vn -0.002822 0.002416 0.999993
vn -0.003626 0.000048 0.999993
vn -0.000140 0.001071 0.999999
vn 0.000348 0.001672 0.999999
vn -0.000433 0.000906 0.999999
vn 0.000196 0.000624 1.000000
vn 0.001079 -0.000980 0.999999
vn 0.001107 0.000679 0.999999
vn 0.000389 -0.000436 1.000000
vn 0.000911 -0.000260 1.000000
vn 0.000558 0.000132 1.000000
vn -0.000174 0.000020 1.000000
vn 0.002537 0.000119 0.999997
vn -0.077461 -0.748742 0.658320
vn -0.226241 -0.694026 0.683478
vn -0.398125 -0.624224 0.672191
vn -0.594121 -0.472714 0.650816
vn -0.657305 -0.285333 0.697521
vn -0.750203 -0.066253 0.657880
vn -0.733201 0.234687 0.638231
vn -0.663843 0.397644 0.633397
vn -0.488752 0.611638 0.622110
vn -0.311644 0.694247 0.648767
vn -0.165957 0.738894 0.653065
vn 0.061912 0.751512 0.656808
vn 0.318016 0.693564 0.646401
vn 0.530628 0.530804 0.660818
vn 0.641319 0.338571 0.688534
vn 0.756189 -0.054823 0.652053
vn 0.671899 -0.318474 0.668675
vn 0.530897 -0.539412 0.653593
vn 0.356981 -0.645101 0.675581
vn 0.137858 -0.719638 0.680527
vn 0.019407 -0.363158 -0.931525
vn 0.056823 -0.339255 -0.938977
vn 0.143736 -0.381643 -0.913065
vn 0.188796 -0.251681 -0.949217
vn 0.328306 -0.251332 -0.910520
vn 0.373194 -0.163864 -0.913167
vn 0.292322 -0.069797 -0.953769
vn 0.362445 0.074552 -0.929019
vn 0.351823 0.160303 -0.922238
vn 0.253707 0.236270 -0.937982
vn 0.093981 0.231767 -0.968221
vn 0.075727 0.312974 -0.946738
vn 0.022112 0.469301 -0.882761
vn 0.026803 0.717041 -0.696515
vn -0.014925 0.909353 -0.415758
vn 0.035119 0.989674 -0.138970
vn -0.049908 0.995337 0.082549
vn -0.037447 0.932738 0.358606
vn 0.051326 0.851518 0.521807
vn -0.023021 -0.999667 -0.011700
vn 0.012023 -0.964184 0.264960
vn 0.023838 -0.863678 0.503480
vn 0.045210 -0.734253 0.677369
vn 0.045047 -0.451878 -0.890942
vn -0.018394 -0.515440 -0.856728
vn -0.010911 -0.742742 -0.669489
vn 0.015281 -0.888528 -0.458567
vn 0.016313 -0.973068 -0.229940
vn 0.122825 -0.634540 -0.763068
vn 0.119902 -0.837675 -0.532845
vn 0.244027 -0.591979 -0.768123
vn 0.136737 -0.965406 -0.222022
vn 0.220133 -0.809409 -0.544425
vn 0.304401 -0.394207 -0.867146
vn 0.256545 -0.923523 -0.285115
vn 0.325934 -0.779159 -0.535423
vn 0.137635 -0.986005 0.094083
vn 0.378517 -0.579512 -0.721727
vn 0.301892 -0.952754 -0.033474
vn 0.435914 -0.865349 -0.247286
vn 0.120672 -0.926462 0.356519
vn 0.471863 -0.757172 -0.451704
vn 0.240208 -0.934620 0.262271
vn 0.500581 -0.423607 -0.754967
vn 0.174992 -0.842855 0.508895
vn 0.537462 -0.606193 -0.586229
vn 0.334807 -0.899215 0.281630
vn 0.436750 -0.897372 0.063032
vn 0.615415 -0.730850 -0.295165
vn 0.213777 -0.726092 0.653521
vn 0.311454 -0.764125 0.564898
vn 0.558072 -0.829347 0.027208
vn 0.659285 -0.523462 -0.539751
vn 0.575602 -0.315005 -0.754622
vn 0.488251 -0.801010 0.346401
vn 0.670179 -0.741909 -0.020758
vn 0.726485 -0.629287 -0.276073
vn 0.734528 -0.438141 -0.518170
vn 0.461205 -0.672923 0.578329
vn 0.660811 -0.710560 0.241731
vn 0.582003 -0.169260 -0.795377
vn 0.414822 -0.025195 -0.909554
vn 0.780376 -0.625310 -0.000267
vn 0.825954 -0.531118 -0.188979
vn 0.756534 -0.277740 -0.592044
vn 0.581899 -0.639901 0.501917
vn 0.852922 -0.409685 -0.323545
vn 0.758129 -0.609931 0.230704
vn 0.730448 -0.094558 -0.676391
vn 0.845940 -0.495667 0.196723
vn 0.590974 -0.046901 -0.805326
vn 0.920565 -0.375109 -0.108876
vn 0.698424 -0.553948 0.453150
vn 0.886579 -0.275208 -0.371803
vn 0.879978 -0.151952 -0.450054
vn 0.893719 -0.414428 0.171801
vn 0.594323 -0.463883 0.656957
vn 0.565993 0.056928 -0.822442
vn 0.965618 -0.200983 -0.164886
vn 0.733566 -0.425974 0.529554
vn 0.883144 -0.038612 -0.467510
vn 0.953437 -0.288254 0.088699
vn 0.727258 0.077858 -0.681934
vn 0.499532 0.123402 -0.857461
vn 0.865305 -0.310687 0.393345
vn 0.990084 -0.128228 0.057362
vn 0.853785 0.067024 -0.516293
vn 0.979542 -0.064519 -0.190618
vn 0.957399 -0.160412 0.240116
vn 0.958672 0.075388 -0.274344
vn 0.743964 -0.262372 0.614556
vn 0.702197 0.187951 -0.686726
vn 0.888242 -0.197245 0.414874
vn 0.998918 0.037259 -0.027825
vn 0.865449 0.207410 -0.456047
vn 0.556414 0.290748 -0.778376
vn 0.759368 -0.160909 0.630451
vn 0.882383 -0.053965 0.467427
vn 0.754584 0.306801 -0.580065
vn 0.938973 0.247206 -0.239205
vn 0.973766 0.028680 0.225736
vn 0.986727 0.161693 0.015004
vn 0.481973 0.383554 -0.787774
vn 0.680255 0.458960 -0.571496
vn 0.830714 0.430661 -0.352768
vn 0.872595 0.071447 0.483192
vn 0.953814 0.299430 -0.024110
vn 0.932490 0.169970 0.318704
vn 0.351183 0.416052 -0.838792
vn 0.909886 0.403040 -0.098316
vn 0.932987 0.280050 0.226069
vn 0.737965 0.071813 0.671007
vn 0.837759 0.232234 0.494194
vn 0.894938 0.401593 0.194445
vn 0.854347 0.519652 0.007199
vn 0.516729 0.557808 -0.649494
vn 0.214258 0.385603 -0.897443
vn 0.688882 0.602685 -0.402755
vn 0.745480 0.172610 0.643790
vn 0.821874 0.432264 0.371040
vn 0.763739 0.630368 -0.139065
vn 0.741465 0.306174 0.597065
vn 0.318527 0.564137 -0.761768
vn 0.483444 0.667495 -0.566333
vn 0.790015 0.594227 0.150901
vn 0.613306 0.740230 -0.275526
vn 0.126193 0.495400 -0.859450
vn 0.662652 0.454345 0.595368
vn 0.669794 0.740591 0.053871
vn 0.718660 0.611379 0.331276
vn 0.269424 0.656021 -0.705016
vn 0.458301 0.819173 -0.344842
vn 0.327324 0.778373 -0.535718
vn 0.544262 0.836709 -0.060810
vn 0.613321 0.597411 0.516661
vn 0.600026 0.730850 0.325311
vn 0.161694 0.719401 -0.675513
vn 0.292428 0.897744 -0.329456
vn 0.370023 0.923770 -0.098654
vn 0.517924 0.804993 0.289380
vn 0.462641 0.647833 0.605207
vn 0.436738 0.887141 0.149137
vn 0.138073 0.862995 -0.485979
vn 0.153530 0.950806 -0.269065
vn 0.314533 0.930156 0.189417
vn 0.384470 0.806206 0.449684
vn 0.215712 0.976384 -0.011973
vn 0.240910 0.868839 0.432529
vn 0.210725 0.746182 0.631512
vn 0.142947 0.944117 0.297001
vn 0.082316 0.992278 0.092785
vn -0.090116 0.426101 -0.900176
vn -0.145877 0.354579 -0.923577
vn -0.221032 0.291031 -0.930831
vn -0.364671 0.152290 -0.918598
vn -0.308220 0.061890 -0.949300
vn -0.299243 -0.054368 -0.952627
vn -0.297759 -0.136233 -0.944871
vn -0.261739 -0.266348 -0.927659
vn -0.180751 -0.352025 -0.918372
vn -0.071763 -0.323858 -0.943380
vn -0.112304 0.625613 -0.772007
vn -0.140667 0.830605 -0.538802
vn -0.146560 0.951652 -0.269960
vn -0.229631 0.703540 -0.672533
vn -0.272973 0.493857 -0.825585
vn -0.199316 0.979552 -0.027402
vn -0.326363 0.785950 -0.525138
vn -0.385690 0.635291 -0.669065
vn -0.322693 0.907924 -0.267477
vn -0.188883 0.935251 0.299382
vn -0.440100 0.410227 -0.798765
vn -0.284202 0.228021 -0.931255
vn -0.461649 0.537239 -0.705872
vn -0.447491 0.845588 -0.291088
vn -0.349619 0.936216 0.035584
vn -0.090749 0.800292 0.592704
vn -0.490421 0.717180 -0.495116
vn -0.360787 0.871231 0.332850
vn -0.486191 0.873587 -0.021534
vn -0.571842 0.612977 -0.545211
vn -0.562666 0.780427 -0.272655
vn -0.254613 0.802876 0.539039
vn -0.510991 0.335738 -0.791308
vn -0.649079 0.684138 -0.332644
vn -0.502163 0.821200 0.271041
vn -0.657129 0.516957 -0.548578
vn -0.613842 0.787103 -0.060551
vn -0.757172 0.592501 -0.275013
vn -0.409350 0.713840 0.568213
vn -0.667863 0.726636 0.161116
vn -0.742366 0.669605 -0.022819
vn -0.682740 0.350760 -0.640962
vn -0.611876 0.188688 -0.768117
vn -0.799346 0.447022 -0.401519
vn -0.589221 0.689505 0.421190
vn -0.801977 0.283938 -0.525560
vn -0.868916 0.473782 -0.143235
vn -0.625202 0.101591 -0.773823
vn -0.829417 0.558602 0.005590
vn -0.785756 0.561898 0.258569
vn -0.917546 0.329377 -0.222755
vn -0.571838 0.535812 0.621214
vn -0.686271 0.539793 0.487500
vn -0.444105 0.021085 -0.895726
vn -0.830984 0.172441 -0.528894
vn -0.896689 0.414126 0.156359
vn -0.843700 0.052355 -0.534256
vn -0.951739 0.201163 -0.231790
vn -0.651899 -0.045225 -0.756956
vn -0.777884 0.409635 0.476546
vn -0.939507 0.309873 0.145961
vn -0.459003 -0.082487 -0.884597
vn -0.796202 -0.071292 -0.600816
vn -0.821656 0.314702 0.475230
vn -0.977495 0.027518 -0.209157
vn -0.991530 0.129214 0.013101
vn -0.483151 -0.213859 -0.849017
vn -0.941215 0.182419 0.284319
vn -0.611776 -0.181536 -0.769918
vn -0.902908 -0.108077 -0.416025
vn -0.784260 -0.208760 -0.584257
vn -0.976123 -0.110763 -0.186856
vn -0.813821 0.108978 0.570806
vn -0.979464 0.035847 0.198409
vn -0.678068 -0.318642 -0.662337
vn -0.406767 -0.271423 -0.872279
vn -0.903804 -0.258267 -0.341228
vn -0.991849 -0.118081 0.047878
vn -0.954456 -0.042307 0.295337
vn -0.585278 -0.388153 -0.711890
vn -0.799511 -0.367569 -0.475053
vn -0.960929 -0.267024 -0.072902
vn -0.854222 -0.059648 0.516475
vn -0.869313 -0.415388 -0.267857
vn -0.946945 -0.193415 0.256683
vn -0.428799 -0.422701 -0.798408
vn -0.718868 -0.481488 -0.501396
vn -0.904572 -0.426308 -0.003376
vn -0.922307 -0.339580 0.184487
vn -0.566826 -0.517644 -0.640900
vn -0.791713 -0.528594 -0.306232
vn -0.855700 -0.269929 0.441493
vn -0.616842 -0.621467 -0.482995
vn -0.315397 -0.475410 -0.821286
vn -0.793054 -0.598266 -0.114644
vn -0.445008 -0.629254 -0.637187
vn -0.729318 -0.228630 0.644843
vn -0.674425 -0.691455 -0.258923
vn -0.837074 -0.537100 0.104070
vn -0.825332 -0.449068 0.342293
vn -0.699577 -0.392026 0.597417
vn -0.228252 -0.602023 -0.765160
vn -0.750756 -0.588279 0.300488
vn -0.724031 -0.673987 0.146700
vn -0.518462 -0.774709 -0.361972
vn -0.668026 -0.741902 0.057639
vn -0.128930 -0.458116 -0.879493
vn -0.356703 -0.740623 -0.569421
vn -0.667921 -0.553652 0.497344
vn -0.566867 -0.823299 -0.028999
vn -0.592180 -0.691418 0.413841
vn -0.457926 -0.869793 -0.183752
vn -0.219753 -0.777695 -0.588981
vn -0.327371 -0.892394 -0.310581
vn -0.100704 -0.651121 -0.752264
vn -0.528904 -0.802501 0.276139
vn -0.511929 -0.560104 0.651316
vn -0.138376 -0.847680 -0.512144
vn -0.416819 -0.868432 0.268490
vn -0.346239 -0.938127 -0.005996
vn -0.155696 -0.948524 -0.275792
vn -0.417343 -0.714980 0.560918
vn -0.278063 -0.915946 0.289352
vn -0.204485 -0.976655 -0.065816
vn -0.157062 -0.964966 0.210171
vn -0.252646 -0.783881 0.567186
vn -0.099432 -0.857820 0.504239
vn -0.051915 0.290172 -0.955565
vn -0.141386 0.093113 -0.985566
vn -0.117984 0.096539 -0.988312
vn -0.097160 0.110317 -0.989136
vn -0.075969 0.158474 -0.984436
vn -0.192347 0.102698 -0.975938
vn -0.089869 -0.170337 -0.981279
vn -0.101034 -0.113493 -0.988388
vn -0.115302 -0.103006 -0.987975
vn -0.147596 -0.070855 -0.986506
vn -0.131615 0.154012 -0.979264
vn -0.175125 -0.094220 -0.980027
vn -0.116775 -0.171586 -0.978224
vn 0.159993 -0.079029 -0.983949
vn 0.118493 -0.118505 -0.985858
vn 0.123187 -0.136590 -0.982939
vn 0.096655 -0.149565 -0.984016
vn 0.155631 0.085353 -0.984121
vn 0.113098 0.105760 -0.987939
vn 0.102515 0.120653 -0.987387
vn 0.105568 0.174431 -0.978994
vn 0.147294 0.156263 -0.976671
vn 0.166973 -0.123678 -0.978174
vn 0.078005 -0.197708 -0.977152
vn -0.018454 -0.999813 0.005834
vn -0.007491 -0.999857 0.015175
vn -0.020824 -0.999776 0.003815
vn -0.031872 -0.999476 -0.005604
vn -0.012112 -0.999921 -0.003382
vn -0.999963 -0.006547 0.005538
vn -0.999933 -0.011533 -0.001183
vn -0.279008 -0.960287 -0.001840
vn -0.635171 -0.772327 -0.008283
vn -0.883494 -0.468285 -0.012176
vn -0.991085 -0.133129 -0.005267
vn -0.008409 -0.999963 0.001532
vn -0.228338 -0.973569 0.005050
vn -0.682840 -0.730364 0.017273
vn -0.966863 -0.254909 0.014085
vn 0.000000 0.000000 -1.000000
vn 0.000000 0.000000 -1.000000
vn 0.000000 0.000000 -1.000000
vn 0.000000 0.000000 -1.000000
vn 0.000000 0.000000 -1.000000
vn 0.000000 0.000000 -1.000000
vn 0.000000 0.000000 -1.000000
vn 0.000000 0.000000 -1.000000
vn 0.000000 0.000000 -1.000000
vn 0.000000 0.000000 -1.000000
vn 0.000000 0.000000 -1.000000
vn 0.000000 0.000000 -1.000000
vn 0.000000 0.000000 -1.000000
vn 0.000000 0.000000 -1.000000
vn 0.000000 0.000000 -1.000000
vn 0.000000 0.000000 -1.000000
vn 0.000000 0.000000 -1.000000
vn 0.000000 0.000000 -1.000000
vn 0.000000 0.000000 -1.000000
vn 0.000000 0.000000 -1.000000
vn 0.000000 0.000000 -1.000000
vn 0.000000 0.000000 -1.000000
vn 0.000000 0.000000 -1.000000
vn 0.000000 0.000000 -1.000000
vn 0.029515 -0.999387 0.018854
vn 0.999876 -0.013259 -0.008444
vn 0.216269 -0.976315 -0.005977
vn 0.538614 -0.842531 -0.006096
vn 0.805848 -0.592095 -0.005701
vn 0.972092 -0.234592 -0.001685
vn 0.023784 -0.999665 0.010250
vn 0.999814 -0.015576 -0.011411
vn 0.980154 -0.198237 0.000400
vn 0.776031 -0.630517 0.014983
vn 0.292442 -0.956152 0.015833
vn 0.021232 -0.999683 0.013531
vn 0.999872 -0.004002 0.015481
vn 0.998698 0.046849 0.020189
vn 0.994181 -0.104985 -0.024110
vn 0.999996 0.001407 -0.002474
vn 0.995591 0.093790 -0.001379
vn 0.011328 0.999936 0.000138
vn 0.999922 -0.011196 -0.005556
vn 0.992460 0.122325 -0.007722
vn 0.875835 0.482481 -0.011186
vn 0.585706 0.810490 -0.007419
vn 0.232333 0.972631 -0.003136
vn 0.011586 0.999933 -0.000208
vn 0.241109 0.970488 0.004382
vn 0.639345 0.768872 0.008629
vn 0.890380 0.455197 0.004297
vn 0.989134 0.147018 0.000596
vn 0.999993 -0.003402 0.001343
vn -0.025715 0.999622 -0.009750
vn -0.149607 0.988523 0.020980
vn 0.050230 0.998553 -0.019223
vn 0.031872 0.999486 -0.003487
vn 0.012270 0.999893 -0.007974
vn -0.999904 0.010589 -0.008926
vn -0.005481 0.999979 -0.003509
vn -0.220265 0.975401 -0.008735
vn -0.584859 0.811101 -0.007462
vn -0.845380 0.534129 -0.006322
vn -0.978655 0.205474 -0.003855
vn -0.999821 0.013808 -0.012912
vn -0.987210 0.159427 0.000604
vn -0.844698 0.535154 0.009831
vn -0.504887 0.863116 0.010934
vn -0.149987 0.988683 0.003156
vn -0.003368 0.999994 -0.000911
vn -0.998865 0.041263 0.023774
vn -0.999775 -0.010973 0.018165
vn -0.994463 0.105054 -0.002444
vn -0.999943 0.010705 0.000324
vn -0.995402 -0.093741 -0.019684
f 2721//2721 2720//2720 2719//2719
f 2722//2722 2710//2710 2723//2723
f 2722//2722 2721//2721 2719//2719
f 2722//2722 2712//2712 2711//2711
f 2722//2722 2718//2718 2717//2717
f 2722//2722 2717//2717 2716//2716
f 2722//2722 2719//2719 2718//2718
f 2722//2722 2711//2711 2710//2710
f 2722//2722 2715//2715 2714//2714
f 2722//2722 2714//2714 2713//2713
f 2722//2722 2713//2713 2712//2712
f 2723//2723 2710//2710 2724//2724
f 2722//2722 2716//2716 2715//2715
f 2757//2757 2728//2728 2729//2729
f 2753//2753 2752//2752 2725//2725
f 2726//2726 2754//2754 2753//2753
f 2755//2755 2754//2754 2726//2726
f 2755//2755 2726//2726 2727//2727
f 2756//2756 2755//2755 2727//2727
f 2756//2756 2727//2727 2728//2728
f 2757//2757 2756//2756 2728//2728
f 2731//2731 2732//2732 2741//2741
f 2758//2758 2757//2757 2729//2729
f 2759//2759 2758//2758 2730//2730
f 2760//2760 2759//2759 2730//2730
f 2760//2760 2730//2730 2731//2731
f 2752//2752 2740//2740 2725//2725
f 2731//2731 2741//2741 2761//2761
f 2731//2731 2761//2761 2760//2760
f 2758//2758 2729//2729 2730//2730
f 2725//2725 2740//2740 2739//2739
f 2753//2753 2725//2725 2726//2726
f 2751//2751 2750//2750 2738//2738
f 2739//2739 2740//2740 2751//2751
f 2742//2742 2741//2741 2732//2732
f 2742//2742 2732//2732 2733//2733
f 2743//2743 2742//2742 2733//2733
f 2743//2743 2733//2733 2734//2734
f 2744//2744 2743//2743 2734//2734
f 2735//2735 2746//2746 2745//2745
f 2735//2735 2745//2745 2734//2734
f 2745//2745 2744//2744 2734//2734
f 2747//2747 2746//2746 2736//2736
f 2736//2736 2748//2748 2747//2747
f 2748//2748 2736//2736 2737//2737
f 2749//2749 2748//2748 2737//2737
f 2750//2750 2749//2749 2737//2737
f 2750//2750 2737//2737 2738//2738
f 2751//2751 2738//2738 2739//2739
f 2746//2746 2735//2735 2736//2736
f 2769//2769 2795//2795 2796//2796
f 2772//2772 2773//2773 2793//2793
f 2772//2772 2793//2793 2794//2794
f 2771//2771 2772//2772 2794//2794
f 2770//2770 2771//2771 2794//2794
f 2770//2770 2794//2794 2795//2795
f 2769//2769 2770//2770 2795//2795
f 2768//2768 2769//2769 2796//2796
f 2763//2763 2764//2764 2800//2800
f 2767//2767 2797//2797 2798//2798
f 2767//2767 2768//2768 2797//2797
f 2766//2766 2767//2767 2798//2798
f 2766//2766 2798//2798 2799//2799
f 2765//2765 2766//2766 2799//2799
f 2765//2765 2799//2799 2800//2800
f 2764//2764 2765//2765 2800//2800
f 2773//2773 2792//2792 2793//2793
f 2768//2768 2796//2796 2797//2797
f 2773//2773 2762//2762 2792//2792
f 2782//2782 2784//2784 2785//2785
f 2762//2762 2774//2774 2791//2791
f 2762//2762 2791//2791 2792//2792
f 2783//2783 2763//2763 2784//2784
f 2782//2782 2783//2783 2784//2784
f 2781//2781 2782//2782 2785//2785
f 2780//2780 2785//2785 2786//2786
f 2780//2780 2781//2781 2785//2785
f 2779//2779 2780//2780 2786//2786
f 2779//2779 2786//2786 2787//2787
f 2763//2763 2800//2800 2784//2784
f 2778//2778 2787//2787 2788//2788
f 2778//2778 2779//2779 2787//2787
f 2774//2774 2775//2775 2790//2790
f 2775//2775 2789//2789 2790//2790
f 2774//2774 2790//2790 2791//2791
f 2776//2776 2777//2777 2788//2788
f 2776//2776 2788//2788 2789//2789
f 2777//2777 2778//2778 2788//2788
f 2775//2775 2776//2776 2789//2789
f 2822//2822 2821//2821 2815//2815
f 2823//2823 2814//2814 2813//2813
f 2830//2830 2808//2808 2807//2807
f 2822//2822 2815//2815 2814//2814
f 2823//2823 2822//2822 2814//2814
f 2829//2829 2809//2809 2808//2808
f 2829//2829 2808//2808 2830//2830
f 2828//2828 2809//2809 2829//2829
f 2825//2825 2812//2812 2811//2811
f 2824//2824 2823//2823 2813//2813
f 2828//2828 2810//2810 2809//2809
f 2827//2827 2810//2810 2828//2828
f 2825//2825 2824//2824 2812//2812
f 2826//2826 2811//2811 2810//2810
f 2826//2826 2810//2810 2827//2827
f 2826//2826 2825//2825 2811//2811
f 2830//2830 2807//2807 2831//2831
f 2824//2824 2813//2813 2812//2812
f 2807//2807 2806//2806 2831//2831
f 2805//2805 2833//2833 2838//2838
f 2815//2815 2821//2821 2820//2820
f 2815//2815 2820//2820 2816//2816
f 2803//2803 2802//2802 2835//2835
f 2803//2803 2835//2835 2834//2834
f 2801//2801 2836//2836 2802//2802
f 2801//2801 2837//2837 2836//2836
f 2803//2803 2834//2834 2833//2833
f 2804//2804 2803//2803 2833//2833
f 2801//2801 2818//2818 2837//2837
f 2802//2802 2836//2836 2835//2835
f 2805//2805 2804//2804 2833//2833
f 2817//2817 2819//2819 2818//2818
f 2805//2805 2838//2838 2832//2832
f 2816//2816 2820//2820 2819//2819
f 2816//2816 2819//2819 2817//2817
f 2806//2806 2832//2832 2831//2831
f 2817//2817 2818//2818 2801//2801
f 2806//2806 2805//2805 2832//2832
f 2846//2846 3062//3062 3069//3069
f 3066//3066 3067//3067 3064//3064
f 3070//3070 3060//3060 3067//3067
f 3073//3073 3069//3069 3070//3070
f 3074//3074 3067//3067 3066//3066
f 3076//3076 3071//3071 3016//3016
f 3078//3078 3068//3068 3071//3071
f 3073//3073 2846//2846 3069//3069
f 3074//3074 3075//3075 3067//3067
f 3079//3079 3066//3066 3072//3072
f 2845//2845 2846//2846 3073//3073
f 3080//3080 3068//3068 3078//3078
f 3070//3070 3069//3069 3065//3065
f 3080//3080 3072//3072 3068//3068
f 3075//3075 3070//3070 3067//3067
f 3072//3072 3066//3066 3068//3068
f 3071//3071 3063//3063 3015//3015
f 3069//3069 3059//3059 3065//3065
f 3064//3064 3052//3052 3057//3057
f 3065//3065 3058//3058 3056//3056
f 3064//3064 3060//3060 3055//3055
f 3065//3065 3059//3059 3058//3058
f 3067//3067 3060//3060 3064//3064
f 3068//3068 3057//3057 3063//3063
f 3065//3065 3056//3056 3060//3060
f 3061//3061 2846//2846 2847//2847
f 3066//3066 3064//3064 3057//3057
f 3077//3077 3070//3070 3075//3075
f 3071//3071 3015//3015 3016//3016
f 3068//3068 3066//3066 3057//3057
f 3069//3069 3062//3062 3059//3059
f 3068//3068 3063//3063 3071//3071
f 3070//3070 3065//3065 3060//3060
f 2846//2846 3061//3061 3062//3062
f 3079//3079 3074//3074 3066//3066
f 2845//2845 3073//3073 3082//3082
f 3077//3077 3073//3073 3070//3070
f 3089//3089 3084//3084 3076//3076
f 3092//3092 3083//3083 3088//3088
f 3092//3092 3082//3082 3083//3083
f 3091//3091 3087//3087 3081//3081
f 3093//3093 3086//3086 3090//3090
f 3082//3082 2844//2844 2845//2845
f 3094//3094 3088//3088 3087//3087
f 3095//3095 3085//3085 3017//3017
f 3096//3096 3084//3084 3089//3089
f 3093//3093 3091//3091 3086//3086
f 3094//3094 3087//3087 3091//3091
f 3095//3095 3089//3089 3085//3085
f 3096//3096 3090//3090 3084//3084
f 3097//3097 3091//3091 3093//3093
f 3061//3061 3054//3054 3062//3062
f 3091//3091 3081//3081 3086//3086
f 3076//3076 3078//3078 3071//3071
f 3090//3090 3080//3080 3084//3084
f 3089//3089 3076//3076 3085//3085
f 3081//3081 3074//3074 3079//3079
f 3082//3082 3073//3073 3077//3077
f 3083//3083 3075//3075 3074//3074
f 3080//3080 3079//3079 3072//3072
f 3083//3083 3077//3077 3075//3075
f 3085//3085 3076//3076 3016//3016
f 3084//3084 3080//3080 3078//3078
f 3086//3086 3079//3079 3080//3080
f 3087//3087 3083//3083 3074//3074
f 3087//3087 3074//3074 3081//3081
f 3086//3086 3081//3081 3079//3079
f 3084//3084 3078//3078 3076//3076
f 3082//3082 3077//3077 3083//3083
f 3085//3085 3016//3016 3017//3017
f 3088//3088 3083//3083 3087//3087
f 3090//3090 3086//3086 3080//3080
f 3060//3060 3056//3056 3053//3053
f 3032//3032 3024//3024 3030//3030
f 3064//3064 3055//3055 3052//3052
f 3038//3038 3034//3034 3033//3033
f 3039//3039 3036//3036 3027//3027
f 3039//3039 3027//3027 3032//3032
f 3040//3040 3033//3033 3036//3036
f 3041//3041 3035//3035 3029//3029
f 3042//3042 3030//3030 3031//3031
f 3037//3037 3029//3029 3034//3034
f 3043//3043 3036//3036 3039//3039
f 2849//2849 3035//3035 3041//3041
f 3044//3044 3034//3034 3038//3038
f 3043//3043 3040//3040 3036//3036
f 3042//3042 3031//3031 3013//3013
f 3040//3040 3038//3038 3033//3033
f 3045//3045 3032//3032 3030//3030
f 3041//3041 3029//3029 3037//3037
f 3035//3035 2849//2849 2850//2850
f 3033//3033 3034//3034 3028//3028
f 3035//3035 2876//2876 3029//3029
f 3026//3026 3023//3023 3027//3027
f 3029//3029 2875//2875 3025//3025
f 3030//3030 3024//3024 3012//3012
f 3028//3028 3025//3025 3022//3022
f 3032//3032 3027//3027 3024//3024
f 3034//3034 3025//3025 3028//3028
f 3029//3029 2876//2876 2875//2875
f 3031//3031 3030//3030 3012//3012
f 3033//3033 3028//3028 3026//3026
f 3035//3035 2877//2877 2876//2876
f 2844//2844 3082//3082 3092//3092
f 3036//3036 3026//3026 3027//3027
f 3036//3036 3033//3033 3026//3026
f 3035//3035 2850//2850 2877//2877
f 3034//3034 3029//3029 3025//3025
f 3045//3045 3039//3039 3032//3032
f 3044//3044 3037//3037 3034//3034
f 3046//3046 3038//3038 3040//3040
f 3046//3046 3040//3040 3043//3043
f 3063//3063 3013//3013 3014//3014
f 3056//3056 3047//3047 3053//3053
f 2847//2847 3048//3048 3054//3054
f 3057//3057 3052//3052 3013//3013
f 3058//3058 3050//3050 3047//3047
f 3063//3063 3057//3057 3013//3013
f 3056//3056 3058//3058 3047//3047
f 2847//2847 2848//2848 3048//3048
f 3055//3055 3051//3051 3052//3052
f 3059//3059 3049//3049 3050//3050
f 3055//3055 3053//3053 3051//3051
f 3059//3059 3054//3054 3049//3049
f 3059//3059 3050//3050 3058//3058
f 3060//3060 3053//3053 3055//3055
f 3062//3062 3054//3054 3059//3059
f 3054//3054 3044//3044 3049//3049
f 3061//3061 2847//2847 3054//3054
f 3054//3054 3048//3048 3044//3044
f 3051//3051 3042//3042 3052//3052
f 3045//3045 3030//3030 3042//3042
f 3046//3046 3044//3044 3038//3038
f 3045//3045 3043//3043 3039//3039
f 2848//2848 2849//2849 3041//3041
f 3047//3047 3043//3043 3045//3045
f 3048//3048 3041//3041 3037//3037
f 3050//3050 3046//3046 3043//3043
f 3051//3051 3045//3045 3042//3042
f 3048//3048 2848//2848 3041//3041
f 3052//3052 3042//3042 3013//3013
f 3049//3049 3044//3044 3046//3046
f 3048//3048 3037//3037 3044//3044
f 3049//3049 3046//3046 3050//3050
f 3053//3053 3045//3045 3051//3051
f 3050//3050 3043//3043 3047//3047
f 3053//3053 3047//3047 3045//3045
f 3098//3098 3094//3094 3091//3091
f 3126//3126 2842//2842 3118//3118
f 3092//3092 3088//3088 3094//3094
f 3136//3136 3132//3132 3134//3134
f 3136//3136 3135//3135 3132//3132
f 3136//3136 3134//3134 2879//2879
f 3136//3136 2879//2879 2880//2880
f 2839//2839 2840//2840 3135//3135
f 2839//2839 3135//3135 3136//3136
f 3134//3134 2878//2878 2879//2879
f 3136//3136 2880//2880 2881//2881
f 3014//3014 3013//3013 3142//3142
f 3015//3015 3063//3063 3014//3014
f 3019//3019 3018//3018 3143//3143
f 3147//3147 3137//3137 3141//3141
f 3147//3147 3011//3011 3137//3137
f 3147//3147 3012//3012 3011//3011
f 2839//2839 3136//3136 2881//2881
f 2878//2878 3134//3134 3133//3133
f 3135//3135 2841//2841 3131//3131
f 3135//3135 2840//2840 2841//2841
f 3131//3131 3120//3120 3125//3125
f 3127//3127 2884//2884 2885//2885
f 3130//3130 3129//3129 3123//3123
f 2841//2841 3126//3126 3131//3131
f 3132//3132 3128//3128 3129//3129
f 3128//3128 3131//3131 3125//3125
f 3133//3133 3129//3129 3130//3130
f 3130//3130 3127//3127 2885//2885
f 3130//3130 2885//2885 2886//2886
f 3134//3134 3129//3129 3133//3133
f 3134//3134 3132//3132 3129//3129
f 3135//3135 3131//3131 3128//3128
f 2878//2878 3130//3130 2886//2886
f 2878//2878 3133//3133 3130//3130
f 3135//3135 3128//3128 3132//3132
f 3147//3147 3141//3141 3140//3140
f 3147//3147 3140//3140 3139//3139
f 3147//3147 3031//3031 3012//3012
f 3147//3147 3139//3139 3138//3138
f 3158//3158 3155//3155 3156//3156
f 3158//3158 2868//2868 2867//2867
f 2867//2867 2866//2866 3158//3158
f 3159//3159 3151//3151 3150//3150
f 3159//3159 3150//3150 2865//2865
f 3159//3159 2865//2865 2864//2864
f 3159//3159 2864//2864 2863//2863
f 3160//3160 3152//3152 3151//3151
f 3160//3160 3153//3153 3152//3152
f 3160//3160 2860//2860 3153//3153
f 3160//3160 3151//3151 3159//3159
f 2863//2863 2862//2862 3159//3159
f 3160//3160 3159//3159 2862//2862
f 3160//3160 2862//2862 2861//2861
f 3160//3160 2861//2861 2860//2860
f 3158//3158 3154//3154 3155//3155
f 3131//3131 3126//3126 3120//3120
f 3158//3158 2866//2866 3154//3154
f 3158//3158 3156//3156 3157//3157
f 3147//3147 3013//3013 3031//3031
f 3142//3142 3013//3013 3147//3147
f 3142//3142 3147//3147 3138//3138
f 3148//3148 3015//3015 3146//3146
f 3148//3148 3016//3016 3015//3015
f 3148//3148 3017//3017 3016//3016
f 3148//3148 3146//3146 3145//3145
f 3149//3149 3017//3017 3148//3148
f 3149//3149 3148//3148 3145//3145
f 3149//3149 3145//3145 3144//3144
f 3149//3149 3018//3018 3017//3017
f 3149//3149 3144//3144 3143//3143
f 3149//3149 3143//3143 3018//3018
f 2868//2868 2870//2870 2869//2869
f 2868//2868 3157//3157 2870//2870
f 3158//3158 3157//3157 2868//2868
f 3096//3096 3093//3093 3090//3090
f 2884//2884 3127//3127 3124//3124
f 3129//3129 3128//3128 3121//3121
f 3102//3102 3099//3099 3105//3105
f 3109//3109 3101//3101 3098//3098
f 3104//3104 3100//3100 3107//3107
f 3108//3108 3109//3109 3097//3097
f 3106//3106 2843//2843 2844//2844
f 3110//3110 3106//3106 3101//3101
f 3109//3109 3098//3098 3097//3097
f 3110//3110 3101//3101 3109//3109
f 3111//3111 3105//3105 3103//3103
f 3113//3113 3108//3108 3104//3104
f 3114//3114 3102//3102 3105//3105
f 3111//3111 3018//3018 3116//3116
f 3115//3115 3104//3104 3107//3107
f 3112//3112 3109//3109 3108//3108
f 3111//3111 3103//3103 3018//3018
f 3103//3103 3017//3017 3018//3018
f 3108//3108 3097//3097 3104//3104
f 3103//3103 3105//3105 3095//3095
f 3099//3099 3089//3089 3095//3095
f 3100//3100 3093//3093 3096//3096
f 3097//3097 3098//3098 3091//3091
f 3101//3101 3092//3092 3094//3094
f 3099//3099 3096//3096 3089//3089
f 3101//3101 3094//3094 3098//3098
f 3102//3102 3096//3096 3099//3099
f 3104//3104 3093//3093 3100//3100
f 3105//3105 3099//3099 3095//3095
f 3102//3102 3100//3100 3096//3096
f 3103//3103 3095//3095 3017//3017
f 3104//3104 3097//3097 3093//3093
f 3106//3106 3092//3092 3101//3101
f 3106//3106 2844//2844 3092//3092
f 3107//3107 3100//3100 3102//3102
f 3116//3116 3018//3018 3019//3019
f 3117//3117 3105//3105 3111//3111
f 3113//3113 3112//3112 3108//3108
f 3114//3114 3107//3107 3102//3102
f 3123//3123 3121//3121 3117//3117
f 3124//3124 3111//3111 3116//3116
f 3125//3125 3120//3120 3115//3115
f 3125//3125 3115//3115 3119//3119
f 3028//3028 3021//3021 3026//3026
f 3123//3123 3117//3117 3122//3122
f 3124//3124 3122//3122 3111//3111
f 3127//3127 3122//3122 3124//3124
f 3120//3120 3126//3126 3118//3118
f 3124//3124 2883//2883 2884//2884
f 3128//3128 3119//3119 3121//3121
f 3127//3127 3123//3123 3122//3122
f 3129//3129 3121//3121 3123//3123
f 3128//3128 3125//3125 3119//3119
f 3130//3130 3123//3123 3127//3127
f 2883//2883 3019//3019 2859//2859
f 3126//3126 2841//2841 2842//2842
f 2883//2883 2859//2859 2882//2882
f 3124//3124 3116//3116 2883//2883
f 3115//3115 3113//3113 3104//3104
f 3110//3110 2843//2843 3106//3106
f 3118//3118 3109//3109 3112//3112
f 3119//3119 3107//3107 3114//3114
f 3118//3118 3110//3110 3109//3109
f 3117//3117 3114//3114 3105//3105
f 3119//3119 3115//3115 3107//3107
f 3110//3110 2842//2842 2843//2843
f 3120//3120 3112//3112 3113//3113
f 2883//2883 3116//3116 3019//3019
f 2842//2842 3110//3110 3118//3118
f 3121//3121 3114//3114 3117//3117
f 3121//3121 3119//3119 3114//3114
f 3122//3122 3117//3117 3111//3111
f 3118//3118 3112//3112 3120//3120
f 3120//3120 3113//3113 3115//3115
f 3028//3028 3022//3022 3021//3021
f 3009//3009 3005//3005 2874//2874
f 3027//3027 3023//3023 3024//3024
f 2931//2931 2918//2918 2926//2926
f 2927//2927 2919//2919 2929//2929
f 2932//2932 2925//2925 2923//2923
f 2856//2856 2857//2857 2917//2917
f 2931//2931 2924//2924 2918//2918
f 2933//2933 2923//2923 2927//2927
f 2930//2930 2922//2922 2925//2925
f 2928//2928 2926//2926 2921//2921
f 2934//2934 2928//2928 2930//2930
f 2935//2935 2924//2924 2931//2931
f 2930//2930 2925//2925 2932//2932
f 2932//2932 2923//2923 2933//2933
f 2936//2936 2929//2929 2920//2920
f 2935//2935 2856//2856 2924//2924
f 2930//2930 2928//2928 2922//2922
f 2920//2920 2865//2865 2866//2866
f 2929//2929 2919//2919 2920//2920
f 2928//2928 2921//2921 2922//2922
f 2921//2921 2914//2914 2915//2915
f 2921//2921 2918//2918 2914//2914
f 2923//2923 2916//2916 2912//2912
f 2922//2922 2915//2915 2916//2916
f 2917//2917 2857//2857 2909//2909
f 2921//2921 2915//2915 2922//2922
f 2924//2924 2913//2913 2918//2918
f 2924//2924 2917//2917 2913//2913
f 2923//2923 2912//2912 2919//2919
f 2919//2919 2864//2864 2920//2920
f 2926//2926 2918//2918 2921//2921
f 2925//2925 2922//2922 2916//2916
f 2925//2925 2916//2916 2923//2923
f 2927//2927 2923//2923 2919//2919
f 2856//2856 2917//2917 2924//2924
f 2928//2928 2931//2931 2926//2926
f 2938//2938 2931//2931 2928//2928
f 2939//2939 2933//2933 2927//2927
f 2937//2937 2930//2930 2932//2932
f 2947//2947 2940//2940 2944//2944
f 2941//2941 2936//2936 2942//2942
f 2948//2948 2946//2946 2939//2939
f 2949//2949 2938//2938 2943//2943
f 2947//2947 2943//2943 2940//2940
f 2948//2948 2939//2939 2945//2945
f 2950//2950 2941//2941 2942//2942
f 2946//2946 2944//2944 2937//2937
f 2951//2951 2943//2943 2947//2947
f 2949//2949 2855//2855 2938//2938
f 2953//2953 2941//2941 2950//2950
f 2953//2953 2945//2945 2941//2941
f 2954//2954 2942//2942 2867//2867
f 2952//2952 2946//2946 2948//2948
f 2952//2952 2944//2944 2946//2946
f 2946//2946 2937//2937 2933//2933
f 2916//2916 2915//2915 2911//2911
f 2946//2946 2933//2933 2939//2939
f 2855//2855 2935//2935 2938//2938
f 2936//2936 2927//2927 2929//2929
f 3025//3025 2875//2875 3022//3022
f 2933//2933 2937//2937 2932//2932
f 2940//2940 2934//2934 2930//2930
f 2941//2941 2927//2927 2936//2936
f 2938//2938 2935//2935 2931//2931
f 2942//2942 2920//2920 2867//2867
f 2942//2942 2936//2936 2920//2920
f 2943//2943 2928//2928 2934//2934
f 2943//2943 2934//2934 2940//2940
f 2944//2944 2940//2940 2930//2930
f 2944//2944 2930//2930 2937//2937
f 2945//2945 2939//2939 2927//2927
f 2945//2945 2927//2927 2941//2941
f 2855//2855 2856//2856 2935//2935
f 2943//2943 2938//2938 2928//2928
f 2953//2953 2948//2948 2945//2945
f 2920//2920 2864//2864 2865//2865
f 2918//2918 2913//2913 2910//2910
f 2892//2892 2889//2889 2861//2861
f 2879//2879 2878//2878 2895//2895
f 2893//2893 2891//2891 2894//2894
f 2896//2896 2889//2889 2892//2892
f 2894//2894 2889//2889 2896//2896
f 2897//2897 2890//2890 2893//2893
f 2895//2895 2878//2878 2890//2890
f 2898//2898 2893//2893 2894//2894
f 2897//2897 2895//2895 2890//2890
f 2900//2900 2894//2894 2896//2896
f 2892//2892 2862//2862 2863//2863
f 2899//2899 2880//2880 2879//2879
f 2901//2901 2895//2895 2897//2897
f 2898//2898 2894//2894 2900//2900
f 2899//2899 2879//2879 2895//2895
f 2894//2894 2891//2891 2889//2889
f 2893//2893 2890//2890 2888//2888
f 2893//2893 2888//2888 2891//2891
f 2871//2871 2870//2870 3137//3137
f 2887//2887 2883//2883 2882//2882
f 2861//2861 2859//2859 2860//2860
f 2887//2887 2884//2884 2883//2883
f 2861//2861 2882//2882 2859//2859
f 2888//2888 2884//2884 2887//2887
f 2887//2887 2882//2882 2861//2861
f 2888//2888 2885//2885 2884//2884
f 2889//2889 2887//2887 2861//2861
f 2890//2890 2885//2885 2888//2888
f 2891//2891 2888//2888 2887//2887
f 2890//2890 2886//2886 2885//2885
f 2891//2891 2887//2887 2889//2889
f 2892//2892 2861//2861 2862//2862
f 2890//2890 2878//2878 2886//2886
f 2897//2897 2893//2893 2898//2898
f 2904//2904 2900//2900 2896//2896
f 2881//2881 2858//2858 2839//2839
f 2901//2901 2899//2899 2895//2895
f 2913//2913 2905//2905 2906//2906
f 2912//2912 2902//2902 2863//2863
f 2864//2864 2912//2912 2863//2863
f 2908//2908 2857//2857 2858//2858
f 2913//2913 2906//2906 2910//2910
f 2911//2911 2907//2907 2904//2904
f 2913//2913 2909//2909 2905//2905
f 2914//2914 2910//2910 2907//2907
f 2915//2915 2907//2907 2911//2911
f 2916//2916 2902//2902 2912//2912
f 2916//2916 2911//2911 2902//2902
f 2909//2909 2857//2857 2908//2908
f 2914//2914 2907//2907 2915//2915
f 2918//2918 2910//2910 2914//2914
f 2917//2917 2909//2909 2913//2913
f 2910//2910 2898//2898 2907//2907
f 2919//2919 2912//2912 2864//2864
f 2909//2909 2908//2908 2903//2903
f 2911//2911 2904//2904 2902//2902
f 2905//2905 2901//2901 2897//2897
f 2902//2902 2896//2896 2892//2892
f 2903//2903 2880//2880 2899//2899
f 2881//2881 2880//2880 2903//2903
f 2906//2906 2905//2905 2897//2897
f 2863//2863 2902//2902 2892//2892
f 2903//2903 2899//2899 2901//2901
f 2906//2906 2897//2897 2898//2898
f 2904//2904 2896//2896 2902//2902
f 2905//2905 2903//2903 2901//2901
f 2907//2907 2900//2900 2904//2904
f 2909//2909 2903//2903 2905//2905
f 2910//2910 2906//2906 2898//2898
f 2907//2907 2898//2898 2900//2900
f 2908//2908 2881//2881 2903//2903
f 2908//2908 2858//2858 2881//2881
f 2954//2954 2950//2950 2942//2942
f 2867//2867 2920//2920 2866//2866
f 2955//2955 2949//2949 2943//2943
f 2999//2999 2993//2993 2994//2994
f 3000//3000 2992//2992 2997//2997
f 3001//3001 2991//2991 2995//2995
f 3001//3001 2996//2996 2991//2991
f 2996//2996 2997//2997 2990//2990
f 3000//3000 2998//2998 2992//2992
f 2998//2998 2994//2994 2987//2987
f 2872//2872 3001//3001 2995//2995
f 2998//2998 2999//2999 2994//2994
f 3002//3002 2996//2996 3001//3001
f 3001//3001 2872//2872 2873//2873
f 3002//3002 2997//2997 2996//2996
f 3003//3003 3000//3000 2997//2997
f 3004//3004 2998//2998 3000//3000
f 2999//2999 2852//2852 2993//2993
f 2994//2994 2993//2993 2988//2988
f 2872//2872 2985//2985 2871//2871
f 2872//2872 2995//2995 2985//2985
f 2986//2986 2978//2978 2988//2988
f 2991//2991 2990//2990 2982//2982
f 2992//2992 2984//2984 2990//2990
f 2992//2992 2987//2987 2984//2984
f 2871//2871 2985//2985 2869//2869
f 2871//2871 2869//2869 2870//2870
f 2993//2993 2986//2986 2988//2988
f 2986//2986 2852//2852 2853//2853
f 2994//2994 2988//2988 2987//2987
f 2995//2995 2989//2989 2985//2985
f 2997//2997 2992//2992 2990//2990
f 2995//2995 2991//2991 2989//2989
f 2852//2852 2986//2986 2993//2993
f 2998//2998 2987//2987 2992//2992
f 2996//2996 2990//2990 2991//2991
f 2955//2955 2943//2943 2951//2951
f 2999//2999 2851//2851 2852//2852
f 3002//3002 3001//3001 2873//2873
f 3004//3004 2999//2999 2998//2998
f 3010//3010 2871//2871 3137//3137
f 3020//3020 2871//2871 3010//3010
f 3020//3020 2872//2872 2871//2871
f 3021//3021 2872//2872 3020//3020
f 3010//3010 3137//3137 3011//3011
f 2873//2873 2872//2872 3021//3021
f 3023//3023 3021//3021 3020//3020
f 3024//3024 3020//3020 3010//3010
f 3024//3024 3010//3010 3011//3011
f 3022//3022 2874//2874 2873//2873
f 3022//3022 2873//2873 3021//3021
f 3023//3023 3020//3020 3024//3024
f 2875//2875 2874//2874 3022//3022
f 3026//3026 3021//3021 3023//3023
f 3024//3024 3011//3011 3012//3012
f 2850//2850 3007//3007 2877//2877
f 2989//2989 2981//2981 2985//2985
f 3007//3007 2850//2850 2851//2851
f 2877//2877 3007//3007 3006//3006
f 3005//3005 3003//3003 2997//2997
f 3003//3003 3004//3004 3000//3000
f 3006//3006 3004//3004 3003//3003
f 2874//2874 3005//3005 3002//3002
f 3002//3002 2873//2873 2874//2874
f 2851//2851 2999//2999 3004//3004
f 3007//3007 2851//2851 3004//3004
f 3008//3008 3003//3003 3005//3005
f 3007//3007 3004//3004 3006//3006
f 3009//3009 2874//2874 2875//2875
f 3008//3008 3006//3006 3003//3003
f 3008//3008 3005//3005 3009//3009
f 3008//3008 3009//3009 2875//2875
f 3008//3008 2875//2875 2876//2876
f 2877//2877 3006//3006 3008//3008
f 2877//2877 3008//3008 2876//2876
f 2988//2988 2983//2983 2987//2987
f 3005//3005 2997//2997 3002//3002
f 2991//2991 2982//2982 2989//2989
f 2854//2854 2955//2955 2956//2956
f 2966//2966 2959//2959 2960//2960
f 2963//2963 2958//2958 2953//2953
f 2962//2962 2963//2963 2957//2957
f 2967//2967 2961//2961 2868//2868
f 2968//2968 2958//2958 2963//2963
f 2960//2960 2959//2959 2952//2952
f 2968//2968 2965//2965 2958//2958
f 2969//2969 2966//2966 2960//2960
f 2966//2966 2964//2964 2959//2959
f 2970//2970 2956//2956 2964//2964
f 2970//2970 2854//2854 2956//2956
f 2969//2969 2960//2960 2965//2965
f 2971//2971 2964//2964 2966//2966
f 2961//2961 2962//2962 2954//2954
f 2965//2965 2960//2960 2958//2958
f 2964//2964 2956//2956 2959//2959
f 2961//2961 2954//2954 2867//2867
f 2956//2956 2951//2951 2947//2947
f 2957//2957 2953//2953 2950//2950
f 2986//2986 2853//2853 2980//2980
f 2959//2959 2944//2944 2952//2952
f 2958//2958 2948//2948 2953//2953
f 2959//2959 2947//2947 2944//2944
f 2955//2955 2854//2854 2855//2855
f 2955//2955 2855//2855 2949//2949
f 2959//2959 2956//2956 2947//2947
f 2960//2960 2952//2952 2948//2948
f 2955//2955 2951//2951 2956//2956
f 2958//2958 2960//2960 2948//2948
f 2961//2961 2867//2867 2868//2868
f 2962//2962 2957//2957 2954//2954
f 2963//2963 2953//2953 2957//2957
f 2972//2972 2965//2965 2968//2968
f 2973//2973 2968//2968 2963//2963
f 2957//2957 2950//2950 2954//2954
f 2972//2972 2969//2969 2965//2965
f 2980//2980 2971//2971 2978//2978
f 2982//2982 2974//2974 2981//2981
f 2983//2983 2973//2973 2979//2979
f 2978//2978 2972//2972 2973//2973
f 2984//2984 2976//2976 2982//2982
f 2980//2980 2853//2853 2977//2977
f 2985//2985 2975//2975 2869//2869
f 2980//2980 2977//2977 2971//2971
f 2983//2983 2978//2978 2973//2973
f 2986//2986 2980//2980 2978//2978
f 2987//2987 2983//2983 2979//2979
f 2988//2988 2978//2978 2983//2983
f 2989//2989 2982//2982 2981//2981
f 2985//2985 2981//2981 2975//2975
f 2990//2990 2984//2984 2982//2982
f 2987//2987 2979//2979 2984//2984
f 2984//2984 2979//2979 2976//2976
f 2982//2982 2976//2976 2974//2974
f 2981//2981 2974//2974 2967//2967
f 2973//2973 2972//2972 2968//2968
f 2976//2976 2963//2963 2962//2962
f 2970//2970 2977//2977 2854//2854
f 2971//2971 2966//2966 2969//2969
f 2975//2975 2967//2967 2868//2868
f 2975//2975 2868//2868 2869//2869
f 2977//2977 2970//2970 2964//2964
f 2981//2981 2967//2967 2975//2975
f 2976//2976 2962//2962 2974//2974
f 2977//2977 2964//2964 2971//2971
f 2978//2978 2969//2969 2972//2972
f 2979//2979 2963//2963 2976//2976
f 2979//2979 2973//2973 2963//2963
f 2974//2974 2961//2961 2967//2967
f 2978//2978 2971//2971 2969//2969
f 2974//2974 2962//2962 2961//2961
f 3163//3163 3161//3161 3164//3164
f 3163//3163 3162//3162 3161//3161
f 3173//3173 3168//3168 3165//3165
f 3174//3174 3175//3175 3170//3170
f 3175//3175 3171//3171 3170//3170
f 3173//3173 3165//3165 3172//3172
f 3174//3174 3170//3170 3169//3169
f 3173//3173 3174//3174 3168//3168
f 3174//3174 3169//3169 3168//3168
f 3175//3175 3166//3166 3171//3171
f 3167//3167 3166//3166 3175//3175
f 3199//3199 3178//3178 3176//3176
f 3180//3180 3182//3182 3181//3181
f 3184//3184 3182//3182 3180//3180
f 3199//3199 3176//3176 3177//3177
f 3194//3194 3193//3193 3195//3195
f 3195//3195 3193//3193 3197//3197
f 3189//3189 3187//3187 3190//3190
f 3189//3189 3188//3188 3187//3187
f 3195//3195 3197//3197 3196//3196
f 3192//3192 3198//3198 3197//3197
f 3193//3193 3192//3192 3197//3197
f 3191//3191 3179//3179 3198//3198
f 3185//3185 3180//3180 3179//3179
f 3198//3198 3179//3179 3199//3199
f 3185//3185 3184//3184 3180//3180
f 3199//3199 3179//3179 3178//3178
f 3191//3191 3185//3185 3179//3179
f 3190//3190 3187//3187 3191//3191
f 3191//3191 3187//3187 3186//3186
f 3184//3184 3183//3183 3182//3182
f 3191//3191 3186//3186 3185//3185
f 3192//3192 3191//3191 3198//3198
f 3209//3209 3210//3210 3203//3203
f 3208//3208 3205//3205 3201//3201
f 3208//3208 3201//3201 3207//3207
f 3210//3210 3202//3202 3203//3203
f 3210//3210 3206//3206 3202//3202
f 3211//3211 3206//3206 3210//3210
f 3211//3211 3200//3200 3206//3206
f 3208//3208 3209//3209 3205//3205
f 3209//3209 3204//3204 3205//3205
f 3209//3209 3203//3203 3204//3204
f 3216//3216 3213//3213 3215//3215
f 3215//3215 3212//3212 3214//3214
f 3215//3215 3213//3213 3212//3212
f 3228//3228 3219//3219 3227//3227
f 3224//3224 3221//3221 3222//3222
f 3224//3224 3225//3225 3221//3221
f 3224//3224 3217//3217 3223//3223
f 3227//3227 3219//3219 3220//3220
f 3226//3226 3227//3227 3220//3220
f 3225//3225 3226//3226 3220//3220
f 3225//3225 3220//3220 3221//3221
f 3228//3228 3218//3218 3219//3219
f 3224//3224 3222//3222 3217//3217
f 3233//3233 3230//3230 3229//3229
f 3233//3233 3231//3231 3232//3232
f 3233//3233 3229//3229 3231//3231
f 3242//3242 3243//3243 3237//3237
f 3242//3242 3237//3237 3238//3238
f 3242//3242 3238//3238 3239//3239
f 3243//3243 3244//3244 3236//3236
f 3244//3244 3235//3235 3236//3236
f 3245//3245 3235//3235 3244//3244
f 3241//3241 3234//3234 3240//3240
f 3241//3241 3239//3239 3234//3234
f 3243//3243 3236//3236 3237//3237
f 3241//3241 3242//3242 3239//3239
f 3249//3249 3246//3246 3248//3248
f 3249//3249 3247//3247 3246//3246
f 3250//3250 3247//3247 3249//3249
v 0.0002657 0.0067684 -0.0119999
v 0.0006035 0.0065303 -0.0120000
v 0.0007553 0.0062846 -0.0120000
v 0.0007983 0.0058474 -0.0119999
v 0.0005561 0.0054073 -0.0119999
v 0.0001821 0.0052167 -0.0120000
v -0.0001102 0.0052022 -0.0120000
v -0.0003884 0.0052971 -0.0120000
v -0.0006556 0.0055237 -0.0119999
v -0.0007728 0.0057884 -0.0120000
v -0.0008003 0.0061174 -0.0119999
v -0.0006556 0.0064763 -0.0120000
v -0.0003652 0.0067168 -0.0120000
v -0.0000918 0.0067968 -0.0120000
v 0.0002657 0.0067684 -0.0119999
v 0.0006035 0.0065303 -0.0120000
v 0.0007553 0.0062846 -0.0120000
v 0.0007983 0.0058474 -0.0119999
v 0.0005561 0.0054073 -0.0119999
v 0.0001821 0.0052167 -0.0120000
v -0.0001102 0.0052022 -0.0120000
v -0.0003884 0.0052971 -0.0120000
v -0.0006556 0.0055237 -0.0119999
v -0.0007728 0.0057884 -0.0120000
v -0.0008003 0.0061174 -0.0119999
v -0.0006556 0.0064763 -0.0120000
v -0.0003652 0.0067168 -0.0120000
v -0.0000918 0.0067968 -0.0120000
v 0.0001138 0.0069980 -0.0121997
v -0.0000886 0.0050015 -0.0122005
v -0.0003095 0.0050475 -0.0122003
v -0.0005237 0.0051453 -0.0121996
v -0.0007124 0.0052955 -0.0122007
v -0.0008724 0.0055034 -0.0122001
v -0.0009970 0.0058657 -0.0122008
v -0.0009838 0.0061992 -0.0122011
v -0.0008686 0.0065018 -0.0121994
v -0.0007124 0.0067045 -0.0122007
v -0.0005238 0.0068547 -0.0121996
v -0.0002392 0.0069763 -0.0122004
v 0.0004139 0.0069146 -0.0122001
v 0.0006504 0.0067615 -0.0121987
v 0.0008111 0.0065891 -0.0122001
v 0.0009270 0.0063802 -0.0121992
v 0.0009987 0.0061008 -0.0122000
v 0.0009767 0.0057589 -0.0122012
v 0.0008415 0.0054539 -0.0121994
v 0.0006510 0.0052378 -0.0121996
v 0.0004077 0.0050834 -0.0121994
v 0.0001645 0.0050116 -0.0121998
v 0.0001138 0.0069980 -0.0121997
v -0.0000886 0.0050015 -0.0122005
v -0.0003095 0.0050475 -0.0122003
v -0.0005237 0.0051453 -0.0121996
v -0.0007124 0.0052955 -0.0122007
v -0.0008724 0.0055034 -0.0122001
v -0.0009970 0.0058657 -0.0122008
v -0.0009838 0.0061992 -0.0122011
v -0.0008686 0.0065018 -0.0121994
v -0.0007124 0.0067045 -0.0122007
v -0.0005238 0.0068547 -0.0121996
v -0.0002392 0.0069763 -0.0122004
v 0.0004139 0.0069146 -0.0122001
v 0.0006504 0.0067615 -0.0121987
v 0.0008111 0.0065891 -0.0122001
v 0.0009270 0.0063802 -0.0121992
v 0.0009987 0.0061008 -0.0122000
v 0.0009767 0.0057589 -0.0122012
v 0.0008415 0.0054539 -0.0121994
v 0.0006510 0.0052378 -0.0121996
v 0.0004077 0.0050834 -0.0121994
v 0.0001645 0.0050116 -0.0121998
v 0.0002620 0.0050257 -0.0200000
v 0.0006443 0.0052273 -0.0200000
v 0.0009110 0.0055665 -0.0200000
v 0.0010037 0.0059606 -0.0200000
v 0.0009456 0.0063489 -0.0200000
v 0.0007682 0.0066433 -0.0200000
v 0.0005670 0.0068283 -0.0200000
v 0.0003191 0.0069498 -0.0200000
v -0.0000273 0.0070085 -0.0200000
v -0.0004205 0.0069122 -0.0200000
v -0.0007491 0.0066757 -0.0200000
v -0.0009455 0.0063369 -0.0200000
v -0.0009996 0.0060688 -0.0200000
v -0.0009775 0.0057653 -0.0200000
v -0.0008146 0.0054081 -0.0200000
v -0.0005573 0.0051659 -0.0200000
v -0.0002089 0.0050130 -0.0200000
v 0.0002620 0.0050257 -0.0200000
v 0.0006443 0.0052273 -0.0200000
v 0.0009110 0.0055665 -0.0200000
v 0.0010037 0.0059606 -0.0200000
v 0.0009456 0.0063489 -0.0200000
v 0.0007682 0.0066433 -0.0200000
v 0.0005670 0.0068283 -0.0200000
v 0.0003191 0.0069498 -0.0200000
v -0.0000273 0.0070085 -0.0200000
v -0.0004205 0.0069122 -0.0200000
v -0.0007491 0.0066757 -0.0200000
v -0.0009455 0.0063369 -0.0200000
v -0.0009996 0.0060688 -0.0200000
v -0.0009775 0.0057653 -0.0200000
v -0.0008146 0.0054081 -0.0200000
v -0.0005573 0.0051659 -0.0200000
v -0.0002089 0.0050130 -0.0200000
v -0.0001511 0.0044705 -0.0200001
v -0.0004621 0.0045356 -0.0200000
v -0.0008297 0.0047035 -0.0200001
v -0.0011984 0.0050267 -0.0200017
v -0.0014128 0.0053985 -0.0200000
v -0.0015353 0.0058612 -0.0200003
v -0.0014714 0.0064637 -0.0200006
v -0.0013176 0.0068010 -0.0200009
v -0.0009613 0.0072106 -0.0200026
v -0.0006565 0.0073935 -0.0200009
v -0.0002726 0.0075196 -0.0200001
v 0.0003083 0.0075069 -0.0200000
v 0.0006932 0.0073737 -0.0200006
v 0.0010885 0.0070908 -0.0200003
v 0.0013620 0.0067095 -0.0200000
v 0.0015367 0.0058800 -0.0200003
v 0.0014015 0.0053548 -0.0200003
v 0.0010919 0.0049111 -0.0200005
v 0.0007517 0.0046567 -0.0200000
v 0.0002863 0.0044887 -0.0200000
v 0.0014970 0.0063631 -0.0200014
v -0.0001511 0.0044705 -0.0200001
v -0.0004621 0.0045356 -0.0200000
v -0.0008297 0.0047035 -0.0200001
v -0.0011984 0.0050267 -0.0200017
v -0.0014128 0.0053985 -0.0200000
v -0.0015353 0.0058612 -0.0200003
v -0.0014714 0.0064637 -0.0200006
v -0.0013176 0.0068010 -0.0200009
v -0.0009613 0.0072106 -0.0200026
v -0.0006565 0.0073935 -0.0200009
v -0.0002726 0.0075196 -0.0200001
v 0.0003083 0.0075069 -0.0200000
v 0.0006932 0.0073737 -0.0200006
v 0.0010885 0.0070908 -0.0200003
v 0.0013620 0.0067095 -0.0200000
v 0.0015367 0.0058800 -0.0200003
v 0.0014015 0.0053548 -0.0200003
v 0.0010919 0.0049111 -0.0200005
v 0.0007517 0.0046567 -0.0200000
v 0.0002863 0.0044887 -0.0200000
v 0.0000832 0.0047456 -0.0211269
v 0.0002071 0.0047644 -0.0211274
v 0.0004708 0.0047301 -0.0210959
v 0.0007834 0.0049660 -0.0211147
v 0.0010757 0.0051600 -0.0210917
v 0.0012529 0.0054592 -0.0210918
v 0.0012339 0.0057925 -0.0211293
v 0.0012423 0.0062063 -0.0211284
v 0.0012404 0.0065304 -0.0210992
v 0.0009500 0.0068912 -0.0211159
v 0.0004322 0.0072086 -0.0211196
v 0.0002076 0.0072364 -0.0211294
v 0.0000731 0.0073916 -0.0210762
v 0.0000697 0.0075645 -0.0209510
v -0.0000439 0.0076941 -0.0207609
v 0.0000860 0.0077458 -0.0205706
v 0.0000831 0.0077486 -0.0204208
v -0.0000517 0.0076972 -0.0202236
v 0.0000764 0.0075933 -0.0200609
v -0.0000336 0.0042460 -0.0204994
v 0.0000460 0.0042710 -0.0203132
v 0.0000678 0.0043412 -0.0201525
v 0.0001173 0.0044169 -0.0200518
v 0.0001094 0.0046089 -0.0210735
v -0.0000573 0.0045621 -0.0210525
v -0.0000272 0.0044174 -0.0209313
v 0.0000411 0.0043245 -0.0207980
v 0.0000426 0.0042647 -0.0206339
v 0.0002801 0.0045062 -0.0209936
v 0.0002221 0.0043659 -0.0208438
v 0.0005701 0.0045984 -0.0209984
v 0.0002335 0.0042783 -0.0206376
v 0.0004315 0.0044114 -0.0208487
v 0.0008609 0.0048821 -0.0210673
v 0.0004593 0.0043333 -0.0206666
v 0.0006378 0.0044780 -0.0208443
v 0.0002344 0.0042669 -0.0204132
v 0.0008603 0.0047122 -0.0209685
v 0.0005333 0.0043286 -0.0205135
v 0.0007825 0.0044546 -0.0206604
v 0.0002195 0.0043080 -0.0202476
v 0.0008847 0.0045649 -0.0207822
v 0.0004200 0.0043218 -0.0203166
v 0.0011599 0.0050125 -0.0209894
v 0.0003190 0.0043710 -0.0201491
v 0.0010679 0.0047719 -0.0208781
v 0.0006057 0.0043799 -0.0203122
v 0.0007567 0.0044194 -0.0204439
v 0.0011172 0.0046845 -0.0206863
v 0.0004206 0.0044568 -0.0200666
v 0.0006302 0.0044900 -0.0201097
v 0.0009730 0.0045416 -0.0204630
v 0.0012860 0.0049694 -0.0208460
v 0.0013457 0.0052844 -0.0209893
v 0.0008887 0.0045377 -0.0202487
v 0.0011747 0.0047001 -0.0204982
v 0.0013118 0.0048706 -0.0206653
v 0.0014317 0.0051637 -0.0208321
v 0.0009037 0.0046381 -0.0201081
v 0.0011881 0.0047345 -0.0203317
v 0.0014320 0.0055829 -0.0210139
v 0.0013665 0.0059150 -0.0210903
v 0.0013701 0.0049071 -0.0204881
v 0.0014531 0.0050410 -0.0206128
v 0.0015283 0.0054459 -0.0208796
v 0.0011235 0.0047766 -0.0201534
v 0.0015604 0.0052684 -0.0206859
v 0.0013566 0.0049177 -0.0203391
v 0.0015613 0.0057952 -0.0209423
v 0.0015063 0.0051222 -0.0203543
v 0.0014716 0.0058750 -0.0210252
v 0.0016200 0.0053330 -0.0205682
v 0.0013142 0.0049554 -0.0201843
v 0.0016295 0.0055033 -0.0207381
v 0.0016591 0.0057141 -0.0207869
v 0.0015734 0.0052510 -0.0203700
v 0.0012401 0.0049941 -0.0200638
v 0.0014655 0.0061381 -0.0210291
v 0.0017117 0.0056716 -0.0206062
v 0.0014282 0.0051761 -0.0201317
v 0.0016743 0.0059163 -0.0207968
v 0.0016633 0.0054581 -0.0204236
v 0.0015629 0.0061668 -0.0209426
v 0.0013864 0.0063692 -0.0210533
v 0.0015992 0.0054219 -0.0202261
v 0.0017390 0.0057733 -0.0204429
v 0.0016531 0.0061339 -0.0208277
v 0.0017379 0.0058844 -0.0206058
v 0.0017138 0.0057198 -0.0203384
v 0.0017239 0.0061230 -0.0206701
v 0.0015041 0.0054290 -0.0200771
v 0.0015172 0.0064186 -0.0209395
v 0.0016590 0.0056534 -0.0202179
v 0.0017513 0.0060671 -0.0205087
v 0.0016365 0.0063877 -0.0207893
v 0.0013451 0.0066766 -0.0210042
v 0.0015818 0.0056957 -0.0200806
v 0.0016722 0.0058859 -0.0201784
v 0.0015103 0.0066044 -0.0208767
v 0.0016794 0.0064359 -0.0206397
v 0.0017360 0.0060565 -0.0203427
v 0.0017300 0.0062895 -0.0204781
v 0.0011553 0.0069672 -0.0210054
v 0.0013529 0.0069220 -0.0208665
v 0.0015226 0.0067810 -0.0207268
v 0.0016664 0.0061343 -0.0201696
v 0.0016759 0.0065125 -0.0205105
v 0.0016855 0.0063227 -0.0202699
v 0.0009561 0.0070947 -0.0210426
v 0.0015974 0.0067187 -0.0205480
v 0.0016691 0.0064760 -0.0203409
v 0.0015820 0.0061365 -0.0200535
v 0.0016109 0.0064372 -0.0201664
v 0.0015786 0.0067298 -0.0203522
v 0.0015061 0.0069016 -0.0204775
v 0.0010778 0.0071667 -0.0209270
v 0.0006686 0.0072227 -0.0210769
v 0.0013273 0.0071192 -0.0206488
v 0.0014970 0.0063631 -0.0200014
v 0.0012235 0.0071740 -0.0207575
v 0.0015223 0.0067784 -0.0202475
v 0.0014943 0.0066254 -0.0200903
v 0.0007343 0.0073195 -0.0209993
v 0.0013938 0.0070620 -0.0204857
v 0.0009622 0.0073232 -0.0208680
v 0.0013691 0.0070476 -0.0202902
v 0.0010928 0.0073403 -0.0206637
v 0.0003655 0.0073756 -0.0210620
v 0.0013448 0.0069109 -0.0200925
v 0.0011797 0.0072988 -0.0204501
v 0.0005987 0.0074513 -0.0209450
v 0.0008338 0.0074975 -0.0207178
v 0.0006364 0.0075209 -0.0208472
v 0.0011596 0.0072751 -0.0202860
v 0.0009550 0.0074693 -0.0205382
v 0.0011951 0.0071529 -0.0201539
v 0.0003361 0.0075470 -0.0209298
v 0.0005569 0.0076204 -0.0207131
v 0.0006597 0.0076224 -0.0205514
v 0.0009221 0.0074575 -0.0202920
v 0.0009644 0.0073109 -0.0200969
v 0.0007676 0.0075679 -0.0203882
v 0.0002654 0.0076538 -0.0208038
v 0.0002630 0.0077067 -0.0206766
v 0.0005575 0.0076494 -0.0203635
v 0.0006596 0.0075522 -0.0201950
v 0.0003547 0.0077185 -0.0204882
v 0.0004577 0.0075480 -0.0200796
v 0.0002691 0.0077048 -0.0202957
v 0.0002542 0.0076481 -0.0201613
v -0.0002638 0.0073404 -0.0210902
v -0.0005269 0.0072288 -0.0211013
v -0.0007925 0.0070530 -0.0211085
v -0.0012522 0.0064988 -0.0210994
v -0.0012452 0.0061978 -0.0211255
v -0.0012334 0.0057928 -0.0211295
v -0.0011953 0.0054837 -0.0211142
v -0.0009430 0.0050466 -0.0211017
v -0.0006289 0.0047968 -0.0210944
v -0.0002076 0.0047661 -0.0211313
v -0.0002698 0.0074873 -0.0210019
v -0.0002664 0.0075749 -0.0209168
v -0.0002038 0.0077185 -0.0206616
v -0.0003270 0.0076409 -0.0208002
v -0.0005516 0.0074905 -0.0209239
v -0.0007253 0.0072735 -0.0210346
v -0.0002136 0.0077399 -0.0204255
v -0.0005208 0.0076271 -0.0207355
v -0.0008581 0.0072837 -0.0209729
v -0.0004648 0.0076898 -0.0205210
v -0.0007927 0.0074415 -0.0208502
v -0.0007249 0.0075714 -0.0206616
v -0.0010788 0.0070245 -0.0210195
v -0.0010149 0.0068585 -0.0211039
v -0.0003568 0.0076839 -0.0202807
v -0.0001854 0.0076108 -0.0200925
v -0.0005905 0.0076359 -0.0203467
v -0.0009292 0.0074053 -0.0207833
v -0.0007427 0.0075871 -0.0204949
v -0.0011013 0.0071894 -0.0208851
v -0.0009685 0.0074424 -0.0206359
v -0.0005046 0.0075717 -0.0201348
v -0.0012596 0.0068118 -0.0210113
v -0.0011713 0.0072492 -0.0207168
v -0.0008582 0.0075210 -0.0203873
v -0.0007090 0.0075392 -0.0202204
v -0.0012961 0.0070203 -0.0208439
v -0.0010818 0.0073796 -0.0205348
v -0.0009620 0.0074288 -0.0202863
v -0.0013607 0.0070642 -0.0206708
v -0.0007975 0.0074153 -0.0200970
v -0.0011777 0.0072919 -0.0203963
v -0.0012959 0.0071828 -0.0205009
v -0.0014275 0.0067224 -0.0209145
v -0.0014469 0.0064529 -0.0209963
v -0.0014836 0.0068268 -0.0207506
v -0.0011034 0.0072864 -0.0202128
v -0.0015473 0.0065709 -0.0208439
v -0.0015280 0.0068470 -0.0205843
v -0.0014899 0.0062442 -0.0210003
v -0.0014592 0.0069705 -0.0204850
v -0.0014137 0.0069996 -0.0203135
v -0.0016318 0.0065971 -0.0206399
v -0.0011871 0.0071044 -0.0200925
v -0.0013136 0.0070292 -0.0201625
v -0.0013786 0.0060633 -0.0210839
v -0.0016186 0.0063259 -0.0208418
v -0.0015839 0.0067374 -0.0203927
v -0.0016477 0.0060940 -0.0208470
v -0.0017000 0.0063499 -0.0206441
v -0.0015259 0.0058895 -0.0209842
v -0.0014672 0.0068035 -0.0201727
v -0.0016620 0.0065432 -0.0203851
v -0.0013705 0.0057481 -0.0210761
v -0.0016137 0.0058656 -0.0208872
v -0.0015686 0.0065787 -0.0201704
v -0.0017388 0.0060557 -0.0206268
v -0.0017401 0.0062088 -0.0204695
v -0.0013227 0.0054422 -0.0210535
v -0.0016957 0.0063373 -0.0203094
v -0.0014368 0.0055500 -0.0210030
v -0.0016775 0.0057948 -0.0207679
v -0.0015746 0.0055751 -0.0208729
v -0.0017294 0.0057953 -0.0206129
v -0.0016222 0.0062453 -0.0201148
v -0.0017428 0.0060698 -0.0203640
v -0.0014425 0.0053292 -0.0209220
v -0.0011737 0.0052078 -0.0210625
v -0.0016482 0.0055338 -0.0207152
v -0.0017379 0.0057835 -0.0204536
v -0.0017254 0.0059137 -0.0203056
v -0.0012965 0.0051382 -0.0209585
v -0.0015192 0.0053037 -0.0208035
v -0.0016870 0.0055283 -0.0205421
v -0.0016532 0.0058765 -0.0201432
v -0.0015632 0.0052633 -0.0206698
v -0.0016969 0.0056579 -0.0203195
v -0.0010656 0.0049652 -0.0210193
v -0.0013851 0.0050797 -0.0208196
v -0.0015945 0.0052692 -0.0204926
v -0.0016351 0.0053982 -0.0203707
v -0.0011744 0.0049095 -0.0209063
v -0.0014279 0.0050368 -0.0206854
v -0.0016064 0.0054893 -0.0201923
v -0.0011764 0.0048150 -0.0208115
v -0.0008115 0.0047854 -0.0210351
v -0.0014040 0.0049553 -0.0205685
v -0.0009281 0.0046955 -0.0209139
v -0.0015220 0.0054921 -0.0200702
v -0.0012086 0.0047631 -0.0206702
v -0.0014645 0.0050425 -0.0204183
v -0.0015000 0.0051721 -0.0202618
v -0.0014179 0.0052163 -0.0200905
v -0.0005187 0.0045758 -0.0209969
v -0.0013527 0.0049341 -0.0202907
v -0.0012773 0.0048104 -0.0203928
v -0.0009432 0.0045730 -0.0207218
v -0.0011734 0.0046970 -0.0204516
v -0.0004056 0.0046454 -0.0210641
v -0.0006964 0.0045245 -0.0208721
v -0.0012744 0.0049266 -0.0201590
v -0.0010012 0.0045585 -0.0205068
v -0.0011043 0.0047184 -0.0202058
v -0.0008226 0.0044632 -0.0206149
v -0.0004423 0.0044415 -0.0208850
v -0.0006092 0.0043875 -0.0206881
v -0.0002003 0.0044965 -0.0209935
v -0.0009494 0.0045572 -0.0203050
v -0.0010989 0.0048376 -0.0200669
v -0.0002653 0.0043565 -0.0208208
v -0.0007308 0.0044290 -0.0203083
v -0.0006123 0.0043562 -0.0204869
v -0.0002750 0.0042927 -0.0206726
v -0.0008807 0.0046231 -0.0201097
v -0.0005294 0.0043560 -0.0203007
v -0.0003269 0.0042799 -0.0205337
v -0.0006772 0.0045231 -0.0200976
v -0.0002780 0.0042801 -0.0203564
v -0.0004417 0.0044199 -0.0201177
v -0.0001799 0.0043483 -0.0201501
v -0.0002063 0.0072395 -0.0211284
v -0.0006032 0.0062141 -0.0212559
v -0.0004412 0.0062818 -0.0212703
v -0.0003036 0.0064047 -0.0212725
v -0.0002138 0.0066046 -0.0212556
v -0.0008694 0.0062072 -0.0212154
v -0.0002139 0.0053961 -0.0212558
v -0.0003156 0.0056134 -0.0212735
v -0.0005118 0.0057574 -0.0212654
v -0.0007620 0.0057984 -0.0212376
v -0.0005984 0.0066989 -0.0212108
v -0.0005121 0.0052538 -0.0212118
v 0.0006105 0.0057870 -0.0212549
v 0.0004129 0.0057021 -0.0212735
v 0.0002800 0.0055572 -0.0212703
v 0.0002122 0.0053838 -0.0212541
v 0.0005752 0.0062182 -0.0212595
v 0.0003841 0.0063230 -0.0212728
v 0.0002611 0.0064717 -0.0212689
v 0.0002067 0.0066721 -0.0212485
v 0.0007243 0.0066636 -0.0211973
v 0.0007695 0.0054202 -0.0211996
v 0.0003978 0.0050479 -0.0211848
v 0.0002076 0.0072364 -0.0211294
v -0.0002063 0.0072395 -0.0211284
v -0.0002008 0.0072467 -0.0206500
v 0.0002071 0.0072337 -0.0206500
v 0.0012423 0.0062063 -0.0211284
v 0.0002076 0.0072364 -0.0211294
v 0.0002071 0.0072337 -0.0206500
v 0.0005752 0.0062182 -0.0212595
v 0.0003841 0.0063230 -0.0212728
v 0.0002611 0.0064717 -0.0212689
v 0.0002067 0.0066721 -0.0212485
v 0.0012327 0.0062071 -0.0206500
v 0.0006075 0.0062124 -0.0206500
v 0.0003607 0.0063356 -0.0206500
v 0.0002145 0.0065903 -0.0206500
v -0.0002008 0.0072467 -0.0206500
v 0.0002071 0.0072337 -0.0206500
v -0.0002104 0.0066269 -0.0206500
v -0.0003084 0.0063922 -0.0206500
v -0.0005692 0.0062179 -0.0206500
v -0.0012327 0.0062071 -0.0206500
v -0.0012533 0.0060118 -0.0206500
v -0.0012327 0.0057929 -0.0206500
v -0.0005897 0.0057854 -0.0206500
v -0.0003812 0.0056762 -0.0206500
v -0.0002579 0.0055197 -0.0206500
v -0.0002089 0.0053531 -0.0206500
v -0.0002070 0.0047663 -0.0206500
v 0.0002008 0.0047533 -0.0206500
v 0.0002091 0.0053554 -0.0206500
v 0.0002765 0.0055589 -0.0206500
v 0.0004607 0.0057328 -0.0206500
v 0.0006445 0.0057909 -0.0206500
v 0.0012327 0.0057929 -0.0206500
v 0.0012534 0.0059881 -0.0206500
v 0.0012327 0.0062071 -0.0206500
v 0.0006075 0.0062124 -0.0206500
v 0.0003607 0.0063356 -0.0206500
v 0.0002145 0.0065903 -0.0206500
v -0.0012452 0.0061978 -0.0211255
v -0.0002063 0.0072395 -0.0211284
v -0.0006032 0.0062141 -0.0212559
v -0.0004412 0.0062818 -0.0212703
v -0.0003036 0.0064047 -0.0212725
v -0.0002138 0.0066046 -0.0212556
v -0.0008694 0.0062072 -0.0212154
v -0.0002008 0.0072467 -0.0206500
v -0.0002104 0.0066269 -0.0206500
v -0.0003084 0.0063922 -0.0206500
v -0.0005692 0.0062179 -0.0206500
v -0.0012327 0.0062071 -0.0206500
v -0.0012452 0.0061978 -0.0211255
v -0.0012334 0.0057928 -0.0211295
v -0.0012327 0.0062071 -0.0206500
v -0.0012533 0.0060118 -0.0206500
v -0.0012327 0.0057929 -0.0206500
v -0.0012334 0.0057928 -0.0211295
v -0.0002076 0.0047661 -0.0211313
v -0.0002139 0.0053961 -0.0212558
v -0.0003156 0.0056134 -0.0212735
v -0.0005118 0.0057574 -0.0212654
v -0.0007620 0.0057984 -0.0212376
v -0.0012327 0.0057929 -0.0206500
v -0.0005897 0.0057854 -0.0206500
v -0.0003812 0.0056762 -0.0206500
v -0.0002579 0.0055197 -0.0206500
v -0.0002089 0.0053531 -0.0206500
v -0.0002070 0.0047663 -0.0206500
v 0.0000832 0.0047456 -0.0211269
v 0.0002071 0.0047644 -0.0211274
v -0.0002076 0.0047661 -0.0211313
v -0.0002070 0.0047663 -0.0206500
v 0.0002008 0.0047533 -0.0206500
v 0.0002071 0.0047644 -0.0211274
v 0.0012339 0.0057925 -0.0211293
v 0.0006105 0.0057870 -0.0212549
v 0.0004129 0.0057021 -0.0212735
v 0.0002800 0.0055572 -0.0212703
v 0.0002122 0.0053838 -0.0212541
v 0.0002008 0.0047533 -0.0206500
v 0.0002091 0.0053554 -0.0206500
v 0.0002765 0.0055589 -0.0206500
v 0.0004607 0.0057328 -0.0206500
v 0.0006445 0.0057909 -0.0206500
v 0.0012327 0.0057929 -0.0206500
v 0.0012339 0.0057925 -0.0211293
v 0.0012423 0.0062063 -0.0211284
v 0.0012327 0.0057929 -0.0206500
v 0.0012534 0.0059881 -0.0206500
v 0.0012327 0.0062071 -0.0206500
vn -0.000002 -0.000135 1.000000
vn 0.000011 0.000028 1.000000
vn 0.000014 0.000180 1.000000
vn -0.000026 0.000105 1.000000
vn -0.000164 -0.000088 1.000000
vn -0.000100 -0.000102 1.000000
vn 0.000102 0.000055 1.000000
vn -0.000031 -0.000020 1.000000
vn 0.000146 0.000021 1.000000
vn -0.001413 -0.000344 0.999999
vn 0.000099 0.000024 1.000000
vn 0.000010 0.000017 1.000000
vn -0.000113 0.000227 1.000000
vn -0.000216 0.001481 0.999999
vn 0.234699 0.652329 0.720683
vn 0.512645 0.463957 0.722453
vn 0.652907 0.239796 0.718477
vn 0.673715 -0.134952 0.726564
vn 0.472542 -0.496095 0.728418
vn 0.163780 -0.670676 0.723443
vn -0.090769 -0.692596 0.715591
vn -0.346666 -0.602875 0.718585
vn -0.559151 -0.419159 0.715302
vn -0.674810 -0.182807 0.714992
vn -0.689898 0.108113 0.715788
vn -0.560968 0.409688 0.719354
vn -0.327196 0.613034 0.719119
vn -0.071547 0.689552 0.720693
vn 0.068943 0.707747 0.703094
vn -0.050264 -0.706816 0.705609
vn -0.221347 -0.673020 0.705726
vn -0.377124 -0.591186 0.712936
vn -0.486654 -0.505532 0.712465
vn -0.634727 -0.337931 0.694928
vn -0.703011 -0.100452 0.704049
vn -0.698841 0.151421 0.699066
vn -0.626078 0.336305 0.703509
vn -0.485826 0.505938 0.712741
vn -0.374133 0.594100 0.712089
vn -0.165492 0.691247 0.703413
vn 0.306631 0.645984 0.699058
vn 0.441297 0.539952 0.716734
vn 0.574294 0.401175 0.713614
vn 0.653225 0.273759 0.705941
vn 0.697506 0.067176 0.713423
vn 0.695181 -0.181081 0.695653
vn 0.590405 -0.362857 0.720942
vn 0.463235 -0.554813 0.691082
vn 0.291313 -0.633678 0.716651
vn 0.104307 -0.698556 0.707912
vn 0.105128 0.994457 0.001751
vn -0.081613 -0.996664 0.000172
vn -0.312611 -0.949881 0.000173
vn -0.522287 -0.852770 -0.000354
vn -0.712552 -0.701619 0.001061
vn -0.880604 -0.473850 0.001658
vn -0.989389 -0.145282 0.001575
vn -0.979709 0.200419 0.001514
vn -0.872654 0.488336 0.001542
vn -0.712342 0.701832 0.000761
vn -0.512859 0.858473 0.000778
vn -0.230801 0.972999 0.001969
vn 0.410241 0.911976 0.001219
vn 0.642436 0.766339 0.001029
vn 0.809074 0.587707 0.000408
vn 0.929002 0.370074 0.000728
vn 0.995589 0.093809 0.001515
vn 0.971186 -0.238314 0.002001
vn 0.841529 -0.540210 0.001232
vn 0.649566 -0.760305 0.000459
vn 0.413693 -0.910416 0.001191
vn 0.161967 -0.986796 0.000241
vn 0.253275 -0.967392 -0.002037
vn 0.640341 -0.768088 -0.002028
vn 0.900957 -0.433902 -0.002224
vn 0.999155 -0.041043 -0.002269
vn 0.940852 0.338815 -0.001552
vn 0.774507 0.632565 -0.001026
vn 0.564411 0.825493 -0.001101
vn 0.306904 0.951739 -0.001475
vn -0.035936 0.999352 -0.002049
vn -0.418854 0.908051 -0.002094
vn -0.740947 0.671561 -0.001898
vn -0.935216 0.354073 -0.001673
vn -0.998000 0.063201 -0.001418
vn -0.968850 -0.247642 -0.001595
vn -0.812866 -0.582449 -0.001606
vn -0.551518 -0.834162 -0.001111
vn -0.192443 -0.981307 -0.001300
vn -0.000063 -0.000038 1.000000
vn 0.000645 -0.000193 1.000000
vn 0.000529 -0.000414 1.000000
vn 0.000557 -0.000014 1.000000
vn 0.001119 -0.000080 0.999999
vn 0.000157 0.000399 1.000000
vn 0.000371 0.000872 1.000000
vn 0.000564 0.000392 1.000000
vn -0.000108 0.000138 1.000000
vn -0.002200 0.001311 0.999997
vn -0.001715 0.002947 0.999994
vn -0.001186 0.000667 0.999999
vn -0.000861 0.000213 1.000000
vn -0.000379 0.000139 1.000000
vn -0.000984 -0.001046 0.999999
vn -0.000118 -0.000128 1.000000
vn 0.000009 -0.000167 1.000000
vn -0.000028 -0.000141 1.000000
vn -0.000004 -0.000153 1.000000
vn -0.001478 -0.000105 0.999999
vn -0.002341 -0.002175 0.999995
vn -0.000182 -0.001455 0.999999
vn -0.000687 0.000453 1.000000
vn -0.000886 0.000896 0.999999
vn -0.000926 0.002454 0.999997
vn -0.002822 0.002416 0.999993
vn -0.003681 0.000021 0.999993
vn -0.000905 0.000405 1.000000
vn 0.000635 0.000053 1.000000
vn 0.000826 0.000663 0.999999
vn 0.000061 0.000894 1.000000
vn 0.001079 -0.000980 0.999999
vn 0.001107 0.000679 0.999999
vn 0.000389 -0.000436 1.000000
vn 0.000911 -0.000260 1.000000
vn 0.000558 0.000132 1.000000
vn -0.000174 0.000020 1.000000
vn 0.002537 0.000119 0.999997
vn -0.075529 -0.747764 0.659654
vn -0.220690 -0.700498 0.678674
vn -0.398331 -0.616768 0.678918
vn -0.594126 -0.472702 0.650821
vn -0.657303 -0.285334 0.697522
vn -0.750203 -0.066253 0.657880
vn -0.733201 0.234688 0.638230
vn -0.663825 0.397628 0.633426
vn -0.488755 0.611638 0.622107
vn -0.309528 0.693736 0.650325
vn -0.142642 0.740859 0.656339
vn 0.131643 0.723515 0.677640
vn 0.350004 0.684709 0.639274
vn 0.535278 0.531296 0.656660
vn 0.641322 0.338572 0.688531
vn 0.756189 -0.054823 0.652053
vn 0.671898 -0.318474 0.668676
vn 0.530900 -0.539411 0.653591
vn 0.356974 -0.645107 0.675579
vn 0.137884 -0.719673 0.680484
vn 0.020410 -0.363868 -0.931227
vn 0.056825 -0.339262 -0.938974
vn 0.143737 -0.381641 -0.913066
vn 0.188779 -0.251668 -0.949224
vn 0.328302 -0.251335 -0.910521
vn 0.373194 -0.163864 -0.913167
vn 0.292322 -0.069797 -0.953769
vn 0.362444 0.074552 -0.929019
vn 0.351823 0.160303 -0.922238
vn 0.253704 0.236258 -0.937985
vn 0.093981 0.231767 -0.968221
vn 0.075726 0.312974 -0.946738
vn 0.022513 0.469058 -0.882880
vn 0.028422 0.717483 -0.695996
vn -0.016699 0.905439 -0.424148
vn 0.036942 0.989875 -0.137052
vn 0.038757 0.992527 0.115703
vn -0.026330 0.919048 0.393266
vn 0.028807 0.741155 0.670715
vn -0.023019 -0.999667 -0.011700
vn 0.012018 -0.964185 0.264958
vn 0.023837 -0.863674 0.503487
vn 0.045216 -0.734250 0.677372
vn 0.045050 -0.451877 -0.890942
vn -0.017922 -0.516409 -0.856155
vn -0.010908 -0.742755 -0.669474
vn 0.015275 -0.888537 -0.458551
vn 0.016300 -0.973064 -0.229957
vn 0.122826 -0.634540 -0.763068
vn 0.119887 -0.837681 -0.532839
vn 0.244025 -0.591977 -0.768124
vn 0.136725 -0.965404 -0.222037
vn 0.220126 -0.809413 -0.544422
vn 0.304389 -0.394191 -0.867157
vn 0.256535 -0.923527 -0.285108
vn 0.325936 -0.779158 -0.535424
vn 0.137647 -0.986003 0.094076
vn 0.378514 -0.579513 -0.721728
vn 0.301895 -0.952753 -0.033475
vn 0.435911 -0.865350 -0.247286
vn 0.120678 -0.926458 0.356530
vn 0.471861 -0.757176 -0.451699
vn 0.240218 -0.934614 0.262283
vn 0.500584 -0.423610 -0.754964
vn 0.175002 -0.842840 0.508916
vn 0.537466 -0.606192 -0.586227
vn 0.334806 -0.899215 0.281632
vn 0.436748 -0.897373 0.063030
vn 0.615415 -0.730849 -0.295167
vn 0.213778 -0.726101 0.653510
vn 0.311437 -0.764121 0.564913
vn 0.558071 -0.829347 0.027208
vn 0.659284 -0.523461 -0.539753
vn 0.575583 -0.315017 -0.754631
vn 0.488249 -0.801012 0.346399
vn 0.670180 -0.741909 -0.020750
vn 0.726486 -0.629286 -0.276076
vn 0.734518 -0.438165 -0.518165
vn 0.461202 -0.672925 0.578329
vn 0.660813 -0.710558 0.241730
vn 0.581973 -0.169243 -0.795402
vn 0.414822 -0.025194 -0.909554
vn 0.780377 -0.625310 -0.000266
vn 0.825955 -0.531117 -0.188980
vn 0.756543 -0.277741 -0.592032
vn 0.581904 -0.639901 0.501910
vn 0.852926 -0.409702 -0.323515
vn 0.758125 -0.609935 0.230706
vn 0.730446 -0.094542 -0.676396
vn 0.845939 -0.495669 0.196722
vn 0.590974 -0.046900 -0.805326
vn 0.920565 -0.375108 -0.108875
vn 0.698425 -0.553948 0.453150
vn 0.886608 -0.275200 -0.371742
vn 0.879990 -0.151934 -0.450038
vn 0.893720 -0.414427 0.171800
vn 0.594327 -0.463883 0.656954
vn 0.565993 0.056928 -0.822442
vn 0.965618 -0.200983 -0.164886
vn 0.733565 -0.425975 0.529554
vn 0.883144 -0.038612 -0.467510
vn 0.953437 -0.288253 0.088699
vn 0.727258 0.077858 -0.681934
vn 0.499532 0.123402 -0.857461
vn 0.865306 -0.310687 0.393344
vn 0.990084 -0.128228 0.057362
vn 0.853785 0.067024 -0.516293
vn 0.979542 -0.064519 -0.190618
vn 0.957399 -0.160412 0.240116
vn 0.958672 0.075389 -0.274344
vn 0.743964 -0.262373 0.614556
vn 0.702198 0.187951 -0.686726
vn 0.888242 -0.197245 0.414874
vn 0.998918 0.037259 -0.027825
vn 0.865450 0.207410 -0.456046
vn 0.556414 0.290747 -0.778376
vn 0.759367 -0.160909 0.630452
vn 0.882383 -0.053965 0.467427
vn 0.754584 0.306800 -0.580065
vn 0.938974 0.247206 -0.239201
vn 0.973766 0.028680 0.225736
vn 0.986727 0.161694 0.015004
vn 0.481983 0.383546 -0.787772
vn 0.682250 0.466268 -0.563142
vn 0.830415 0.430783 -0.353324
vn 0.872595 0.071447 0.483192
vn 0.953815 0.299427 -0.024092
vn 0.932490 0.169972 0.318704
vn 0.351196 0.416055 -0.838784
vn 0.909886 0.403040 -0.098318
vn 0.932987 0.280049 0.226072
vn 0.737965 0.071813 0.671007
vn 0.837759 0.232235 0.494193
vn 0.894940 0.401597 0.194428
vn 0.854351 0.519635 0.007923
vn 0.514777 0.554028 -0.654261
vn 0.214253 0.385608 -0.897442
vn 0.749413 0.617510 -0.238876
vn 0.745480 0.172611 0.643789
vn 0.650024 0.627604 -0.428464
vn 0.823579 0.428897 0.371168
vn 0.741465 0.306174 0.597065
vn 0.318526 0.564144 -0.761763
vn 0.789679 0.613419 0.011110
vn 0.479702 0.668985 -0.567755
vn 0.758234 0.579765 0.298250
vn 0.610145 0.745421 -0.268459
vn 0.126193 0.495400 -0.859450
vn 0.660186 0.453714 0.598580
vn 0.673316 0.738058 0.043761
vn 0.269428 0.656022 -0.705014
vn 0.458310 0.819173 -0.344830
vn 0.327325 0.778379 -0.535710
vn 0.636738 0.705272 0.311699
vn 0.544251 0.836717 -0.060800
vn 0.621897 0.592894 0.511587
vn 0.161694 0.719404 -0.675510
vn 0.292427 0.897745 -0.329453
vn 0.370030 0.923766 -0.098663
vn 0.515861 0.803640 0.296731
vn 0.471090 0.654911 0.590903
vn 0.438334 0.886334 0.149252
vn 0.138077 0.862994 -0.485981
vn 0.153531 0.950807 -0.269062
vn 0.305252 0.931202 0.199206
vn 0.352831 0.820787 0.449243
vn 0.212923 0.977009 -0.010807
vn 0.231614 0.759377 0.608031
vn 0.157483 0.944779 0.287386
vn 0.136650 0.855574 0.499320
vn -0.090447 0.425058 -0.900636
vn -0.145877 0.354580 -0.923576
vn -0.221032 0.291030 -0.930831
vn -0.364671 0.152290 -0.918598
vn -0.308220 0.061890 -0.949300
vn -0.301988 -0.058963 -0.951487
vn -0.291658 -0.137728 -0.946555
vn -0.260520 -0.261771 -0.929304
vn -0.183164 -0.353453 -0.917345
vn -0.066938 -0.326733 -0.942743
vn -0.115167 0.605648 -0.787354
vn -0.124178 0.769185 -0.626844
vn -0.117359 0.962951 -0.242800
vn -0.178165 0.860584 -0.477129
vn -0.260556 0.702518 -0.662253
vn -0.265315 0.491631 -0.829402
vn -0.116651 0.989527 0.085022
vn -0.281601 0.883497 -0.374345
vn -0.393074 0.572156 -0.719813
vn -0.261398 0.963843 -0.051748
vn -0.392660 0.738923 -0.547550
vn -0.404829 0.875050 -0.265332
vn -0.438257 0.414634 -0.797502
vn -0.284202 0.228022 -0.931255
vn -0.197883 0.927424 0.317375
vn -0.091243 0.811876 0.576656
vn -0.326142 0.920372 0.215746
vn -0.496672 0.738942 -0.455282
vn -0.423451 0.905666 -0.021385
vn -0.544881 0.586892 -0.598884
vn -0.536439 0.817670 -0.208922
vn -0.257974 0.804759 0.534614
vn -0.510991 0.335738 -0.791308
vn -0.646072 0.683623 -0.339485
vn -0.492628 0.859085 0.138890
vn -0.385063 0.828406 0.406781
vn -0.657665 0.516964 -0.547927
vn -0.612194 0.788397 -0.060402
vn -0.532713 0.788356 0.307754
vn -0.757173 0.592500 -0.275014
vn -0.409582 0.707852 0.575490
vn -0.668407 0.726546 0.159261
vn -0.742367 0.669604 -0.022827
vn -0.682741 0.350761 -0.640962
vn -0.611876 0.188688 -0.768117
vn -0.799345 0.447024 -0.401519
vn -0.592586 0.683923 0.425549
vn -0.801976 0.283939 -0.525560
vn -0.868914 0.473783 -0.143240
vn -0.625202 0.101591 -0.773823
vn -0.829415 0.558605 0.005584
vn -0.785755 0.561908 0.258551
vn -0.917546 0.329377 -0.222755
vn -0.571821 0.535812 0.621229
vn -0.686255 0.539797 0.487518
vn -0.444105 0.021086 -0.895726
vn -0.830985 0.172441 -0.528894
vn -0.896692 0.414128 0.156336
vn -0.843711 0.052352 -0.534239
vn -0.951742 0.201150 -0.231789
vn -0.651899 -0.045225 -0.756956
vn -0.777889 0.409623 0.476549
vn -0.939509 0.309869 0.145957
vn -0.459003 -0.082487 -0.884597
vn -0.796202 -0.071292 -0.600817
vn -0.821657 0.314683 0.475241
vn -0.977495 0.027513 -0.209158
vn -0.991533 0.129192 0.013078
vn -0.483150 -0.213858 -0.849017
vn -0.941215 0.182419 0.284319
vn -0.611777 -0.181535 -0.769918
vn -0.902912 -0.108067 -0.416018
vn -0.784260 -0.208760 -0.584256
vn -0.976127 -0.110735 -0.186855
vn -0.813821 0.108978 0.570806
vn -0.979468 0.035844 0.198389
vn -0.678068 -0.318643 -0.662337
vn -0.406765 -0.271422 -0.872280
vn -0.903804 -0.258267 -0.341227
vn -0.991851 -0.118070 0.047871
vn -0.954456 -0.042307 0.295337
vn -0.585278 -0.388155 -0.711888
vn -0.799512 -0.367573 -0.475048
vn -0.960928 -0.267025 -0.072903
vn -0.854222 -0.059647 0.516475
vn -0.869316 -0.415380 -0.267861
vn -0.946945 -0.193415 0.256683
vn -0.428796 -0.422694 -0.798413
vn -0.718870 -0.481489 -0.501393
vn -0.904576 -0.426300 -0.003373
vn -0.922307 -0.339581 0.184486
vn -0.566833 -0.517644 -0.640894
vn -0.791701 -0.528583 -0.306283
vn -0.855700 -0.269930 0.441492
vn -0.616850 -0.621466 -0.482986
vn -0.315394 -0.475403 -0.821291
vn -0.793056 -0.598261 -0.114651
vn -0.445013 -0.629251 -0.637186
vn -0.729318 -0.228632 0.644843
vn -0.674416 -0.691459 -0.258936
vn -0.837074 -0.537094 0.104104
vn -0.825332 -0.449068 0.342294
vn -0.699578 -0.392026 0.597417
vn -0.228249 -0.602023 -0.765160
vn -0.750761 -0.588277 0.300481
vn -0.724033 -0.673982 0.146712
vn -0.518459 -0.774717 -0.361958
vn -0.668023 -0.741905 0.057635
vn -0.129764 -0.459606 -0.878592
vn -0.356701 -0.740626 -0.569418
vn -0.667933 -0.553638 0.497343
vn -0.566861 -0.823303 -0.029003
vn -0.594835 -0.690822 0.411019
vn -0.457923 -0.869795 -0.183749
vn -0.219738 -0.777701 -0.588979
vn -0.327373 -0.892395 -0.310578
vn -0.100706 -0.651134 -0.752252
vn -0.527520 -0.803182 0.276804
vn -0.513208 -0.558205 0.651939
vn -0.138367 -0.847691 -0.512127
vn -0.416600 -0.868960 0.267119
vn -0.346248 -0.938124 -0.005995
vn -0.155690 -0.948522 -0.275803
vn -0.448200 -0.702850 0.552376
vn -0.281893 -0.914120 0.291413
vn -0.204507 -0.976649 -0.065836
vn -0.335518 -0.738927 0.584306
vn -0.157060 -0.964964 0.210181
vn -0.219907 -0.806643 0.548605
vn -0.096422 -0.858862 0.503049
vn -0.051915 0.290173 -0.955565
vn -0.141386 0.093113 -0.985566
vn -0.117984 0.096540 -0.988312
vn -0.097159 0.110317 -0.989136
vn -0.075969 0.158474 -0.984436
vn -0.192347 0.102698 -0.975938
vn -0.073055 -0.151718 -0.985720
vn -0.110627 -0.111102 -0.987633
vn -0.129509 -0.121224 -0.984140
vn -0.171494 -0.112212 -0.978774
vn -0.131615 0.154012 -0.979264
vn -0.119118 -0.163737 -0.979286
vn 0.159993 -0.079029 -0.983950
vn 0.118493 -0.118506 -0.985858
vn 0.123188 -0.136590 -0.982938
vn 0.096657 -0.149565 -0.984016
vn 0.155623 0.085356 -0.984122
vn 0.113094 0.105755 -0.987940
vn 0.102518 0.120646 -0.987388
vn 0.105568 0.174432 -0.978994
vn 0.147294 0.156262 -0.976671
vn 0.166973 -0.123680 -0.978173
vn 0.078009 -0.197708 -0.977152
vn -0.018454 -0.999813 0.005833
vn -0.007491 -0.999857 0.015173
vn -0.020823 -0.999776 0.003814
vn -0.031870 -0.999476 -0.005605
vn -0.012112 -0.999921 -0.003382
vn -0.999963 -0.006547 0.005538
vn -0.999933 -0.011533 -0.001183
vn -0.278988 -0.960293 -0.001831
vn -0.635197 -0.772306 -0.008258
vn -0.883516 -0.468244 -0.012163
vn -0.991085 -0.133129 -0.005267
vn -0.008410 -0.999963 0.001532
vn -0.228338 -0.973569 0.005051
vn -0.682840 -0.730363 0.017279
vn -0.966862 -0.254909 0.014085
vn 0.000000 0.000000 -1.000000
vn 0.000000 0.000000 -1.000000
vn 0.000000 0.000000 -1.000000
vn 0.000000 0.000000 -1.000000
vn 0.000000 0.000000 -1.000000
vn 0.000000 0.000000 -1.000000
vn 0.000000 0.000000 -1.000000
vn 0.000000 0.000000 -1.000000
vn 0.000000 0.000000 -1.000000
vn 0.000000 0.000000 -1.000000
vn 0.000000 0.000000 -1.000000
vn 0.000000 0.000000 -1.000000
vn 0.000000 0.000000 -1.000000
vn 0.000000 0.000000 -1.000000
vn 0.000000 0.000000 -1.000000
vn 0.000000 0.000000 -1.000000
vn 0.000000 0.000000 -1.000000
vn 0.000000 0.000000 -1.000000
vn 0.000000 0.000000 -1.000000
vn 0.000000 0.000000 -1.000000
vn 0.000000 0.000000 -1.000000
vn 0.000000 0.000000 -1.000000
vn 0.000000 0.000000 -1.000000
vn 0.000000 0.000000 -1.000000
vn 0.029514 -0.999387 0.018853
vn 0.999876 -0.013259 -0.008444
vn 0.216275 -0.976314 -0.005977
vn 0.538611 -0.842532 -0.006097
vn 0.805844 -0.592101 -0.005700
vn 0.972093 -0.234590 -0.001685
vn 0.023784 -0.999665 0.010250
vn 0.999814 -0.015576 -0.011411
vn 0.980154 -0.198237 0.000400
vn 0.776029 -0.630519 0.014981
vn 0.292442 -0.956152 0.015831
vn 0.021232 -0.999683 0.013531
vn 0.999872 -0.004002 0.015481
vn 0.998698 0.046849 0.020189
vn 0.994181 -0.104986 -0.024110
vn 0.999996 0.001407 -0.002474
vn 0.995591 0.093790 -0.001379
vn 0.002895 0.999930 0.011456
vn 0.999973 0.005954 -0.004412
vn 0.971861 0.235243 -0.012093
vn 0.770606 0.637112 -0.015968
vn 0.397987 0.917227 -0.017350
vn 0.070067 0.997541 0.001491
vn 0.011586 0.999933 -0.000208
vn 0.240753 0.970532 0.010314
vn 0.638267 0.769669 0.014966
vn 0.889752 0.456289 0.011946
vn 0.990243 0.139311 0.003221
vn 0.999994 0.003301 -0.001178
vn -0.022365 0.999694 -0.010576
vn -0.149604 0.988523 0.020981
vn 0.053222 0.998410 -0.018557
vn 0.031871 0.999492 -0.000413
vn 0.013788 0.999883 -0.006609
vn -0.999904 0.010589 -0.008926
vn -0.005481 0.999979 -0.003510
vn -0.220263 0.975401 -0.008736
vn -0.584857 0.811102 -0.007461
vn -0.845379 0.534129 -0.006322
vn -0.978655 0.205474 -0.003855
vn -0.999821 0.013808 -0.012912
vn -0.987210 0.159427 0.000605
vn -0.844698 0.535154 0.009832
vn -0.504887 0.863116 0.010934
vn -0.149988 0.988683 0.003155
vn -0.003368 0.999994 -0.000911
vn -0.998865 0.041263 0.023774
vn -0.999775 -0.010973 0.018165
vn -0.994463 0.105055 -0.002445
vn -0.999943 0.010705 0.000324
vn -0.995402 -0.093741 -0.019684
f 3261//3261 3260//3260 3259//3259
f 3262//3262 3251//3251 3263//3263
f 3262//3262 3261//3261 3259//3259
f 3262//3262 3253//3253 3252//3252
f 3262//3262 3258//3258 3257//3257
f 3262//3262 3257//3257 3256//3256
f 3262//3262 3259//3259 3258//3258
f 3262//3262 3252//3252 3251//3251
f 3262//3262 3255//3255 3254//3254
f 3262//3262 3254//3254 3253//3253
f 3263//3263 3251//3251 3264//3264
f 3262//3262 3256//3256 3255//3255
f 3295//3295 3267//3267 3268//3268
f 3292//3292 3291//3291 3265//3265
f 3266//3266 3293//3293 3292//3292
f 3294//3294 3293//3293 3266//3266
f 3294//3294 3266//3266 3267//3267
f 3295//3295 3294//3294 3267//3267
f 3296//3296 3295//3295 3268//3268
f 3270//3270 3271//3271 3280//3280
f 3297//3297 3296//3296 3268//3268
f 3298//3298 3297//3297 3269//3269
f 3299//3299 3298//3298 3269//3269
f 3299//3299 3269//3269 3270//3270
f 3291//3291 3279//3279 3265//3265
f 3270//3270 3280//3280 3300//3300
f 3270//3270 3300//3300 3299//3299
f 3297//3297 3268//3268 3269//3269
f 3265//3265 3279//3279 3278//3278
f 3292//3292 3265//3265 3266//3266
f 3290//3290 3289//3289 3277//3277
f 3278//3278 3279//3279 3290//3290
f 3281//3281 3280//3280 3271//3271
f 3281//3281 3271//3271 3272//3272
f 3282//3282 3281//3281 3272//3272
f 3282//3282 3272//3272 3273//3273
f 3283//3283 3282//3282 3273//3273
f 3274//3274 3285//3285 3284//3284
f 3274//3274 3284//3284 3273//3273
f 3284//3284 3283//3283 3273//3273
f 3286//3286 3285//3285 3275//3275
f 3275//3275 3287//3287 3286//3286
f 3287//3287 3275//3275 3276//3276
f 3288//3288 3287//3287 3276//3276
f 3289//3289 3288//3288 3276//3276
f 3289//3289 3276//3276 3277//3277
f 3290//3290 3277//3277 3278//3278
f 3285//3285 3274//3274 3275//3275
f 3308//3308 3334//3334 3335//3335
f 3311//3311 3312//3312 3332//3332
f 3311//3311 3332//3332 3333//3333
f 3310//3310 3311//3311 3333//3333
f 3309//3309 3310//3310 3333//3333
f 3309//3309 3333//3333 3334//3334
f 3308//3308 3309//3309 3334//3334
f 3307//3307 3308//3308 3335//3335
f 3302//3302 3303//3303 3339//3339
f 3306//3306 3336//3336 3337//3337
f 3306//3306 3307//3307 3336//3336
f 3305//3305 3306//3306 3337//3337
f 3305//3305 3337//3337 3338//3338
f 3304//3304 3305//3305 3338//3338
f 3304//3304 3338//3338 3339//3339
f 3303//3303 3304//3304 3339//3339
f 3312//3312 3331//3331 3332//3332
f 3307//3307 3335//3335 3336//3336
f 3312//3312 3301//3301 3331//3331
f 3320//3320 3321//3321 3324//3324
f 3301//3301 3313//3313 3330//3330
f 3301//3301 3330//3330 3331//3331
f 3322//3322 3302//3302 3323//3323
f 3321//3321 3322//3322 3323//3323
f 3321//3321 3323//3323 3324//3324
f 3319//3319 3324//3324 3325//3325
f 3319//3319 3320//3320 3324//3324
f 3318//3318 3319//3319 3325//3325
f 3318//3318 3325//3325 3326//3326
f 3302//3302 3339//3339 3323//3323
f 3317//3317 3326//3326 3327//3327
f 3317//3317 3318//3318 3326//3326
f 3313//3313 3314//3314 3329//3329
f 3314//3314 3328//3328 3329//3329
f 3314//3314 3315//3315 3328//3328
f 3313//3313 3329//3329 3330//3330
f 3315//3315 3316//3316 3327//3327
f 3315//3315 3327//3327 3328//3328
f 3316//3316 3317//3317 3327//3327
f 3362//3362 3353//3353 3352//3352
f 3369//3369 3347//3347 3346//3346
f 3361//3361 3354//3354 3353//3353
f 3368//3368 3347//3347 3369//3369
f 3362//3362 3361//3361 3353//3353
f 3368//3368 3348//3348 3347//3347
f 3361//3361 3360//3360 3354//3354
f 3367//3367 3348//3348 3368//3368
f 3364//3364 3351//3351 3350//3350
f 3363//3363 3362//3362 3352//3352
f 3367//3367 3349//3349 3348//3348
f 3366//3366 3349//3349 3367//3367
f 3364//3364 3363//3363 3351//3351
f 3365//3365 3350//3350 3349//3349
f 3365//3365 3349//3349 3366//3366
f 3365//3365 3364//3364 3350//3350
f 3369//3369 3346//3346 3370//3370
f 3363//3363 3352//3352 3351//3351
f 3346//3346 3345//3345 3370//3370
f 3356//3356 3358//3358 3357//3357
f 3354//3354 3360//3360 3359//3359
f 3354//3354 3359//3359 3355//3355
f 3342//3342 3341//3341 3374//3374
f 3342//3342 3374//3374 3373//3373
f 3340//3340 3375//3375 3341//3341
f 3340//3340 3376//3376 3375//3375
f 3342//3342 3373//3373 3372//3372
f 3343//3343 3342//3342 3372//3372
f 3340//3340 3357//3357 3376//3376
f 3341//3341 3375//3375 3374//3374
f 3344//3344 3343//3343 3372//3372
f 3344//3344 3372//3372 3377//3377
f 3344//3344 3377//3377 3371//3371
f 3355//3355 3359//3359 3358//3358
f 3355//3355 3358//3358 3356//3356
f 3345//3345 3371//3371 3370//3370
f 3356//3356 3357//3357 3340//3340
f 3345//3345 3344//3344 3371//3371
f 3610//3610 3609//3609 3605//3605
f 3385//3385 3602//3602 3609//3609
f 3606//3606 3607//3607 3604//3604
f 3610//3610 3600//3600 3607//3607
f 3613//3613 3609//3609 3610//3610
f 3614//3614 3607//3607 3606//3606
f 3616//3616 3611//3611 3554//3554
f 3614//3614 3615//3615 3607//3607
f 3615//3615 3610//3610 3607//3607
f 3613//3613 3385//3385 3609//3609
f 3619//3619 3606//3606 3612//3612
f 3384//3384 3385//3385 3613//3613
f 3612//3612 3606//3606 3608//3608
f 3620//3620 3608//3608 3618//3618
f 3618//3618 3608//3608 3611//3611
f 3385//3385 3601//3601 3602//3602
f 3606//3606 3604//3604 3597//3597
f 3610//3610 3605//3605 3600//3600
f 3601//3601 3594//3594 3602//3602
f 3604//3604 3592//3592 3597//3597
f 3605//3605 3598//3598 3596//3596
f 3604//3604 3600//3600 3595//3595
f 3605//3605 3599//3599 3598//3598
f 3607//3607 3600//3600 3604//3604
f 3608//3608 3597//3597 3603//3603
f 3605//3605 3596//3596 3600//3600
f 3601//3601 3385//3385 3386//3386
f 3620//3620 3612//3612 3608//3608
f 3611//3611 3603//3603 3553//3553
f 3611//3611 3553//3553 3554//3554
f 3608//3608 3606//3606 3597//3597
f 3609//3609 3602//3602 3599//3599
f 3608//3608 3603//3603 3611//3611
f 3609//3609 3599//3599 3605//3605
f 3617//3617 3610//3610 3615//3615
f 3625//3625 3616//3616 3554//3554
f 3616//3616 3618//3618 3611//3611
f 3631//3631 3621//3621 3626//3626
f 3629//3629 3624//3624 3616//3616
f 3632//3632 3623//3623 3628//3628
f 3632//3632 3622//3622 3623//3623
f 3631//3631 3627//3627 3621//3621
f 3633//3633 3626//3626 3630//3630
f 3622//3622 3383//3383 3384//3384
f 3634//3634 3628//3628 3627//3627
f 3635//3635 3625//3625 3555//3555
f 3636//3636 3624//3624 3629//3629
f 3633//3633 3631//3631 3626//3626
f 3634//3634 3627//3627 3631//3631
f 3635//3635 3629//3629 3625//3625
f 3636//3636 3630//3630 3624//3624
f 3600//3600 3596//3596 3593//3593
f 3630//3630 3620//3620 3624//3624
f 3619//3619 3614//3614 3606//3606
f 3630//3630 3626//3626 3620//3620
f 3628//3628 3623//3623 3627//3627
f 3617//3617 3613//3613 3610//3610
f 3621//3621 3614//3614 3619//3619
f 3622//3622 3613//3613 3617//3617
f 3623//3623 3615//3615 3614//3614
f 3620//3620 3619//3619 3612//3612
f 3623//3623 3617//3617 3615//3615
f 3384//3384 3613//3613 3622//3622
f 3624//3624 3620//3620 3618//3618
f 3626//3626 3619//3619 3620//3620
f 3627//3627 3623//3623 3614//3614
f 3627//3627 3614//3614 3621//3621
f 3626//3626 3621//3621 3619//3619
f 3624//3624 3618//3618 3616//3616
f 3622//3622 3617//3617 3623//3623
f 3625//3625 3554//3554 3555//3555
f 3629//3629 3616//3616 3625//3625
f 3601//3601 3386//3386 3594//3594
f 3573//3573 3416//3416 3415//3415
f 3602//3602 3594//3594 3599//3599
f 3574//3574 3567//3567 3576//3576
f 3577//3577 3575//3575 3566//3566
f 3578//3578 3569//3569 3575//3575
f 3579//3579 3573//3573 3572//3572
f 3580//3580 3570//3570 3571//3571
f 3581//3581 3575//3575 3577//3577
f 3570//3570 3577//3577 3566//3566
f 3579//3579 3572//3572 3574//3574
f 3388//3388 3573//3573 3579//3579
f 3582//3582 3574//3574 3576//3576
f 3581//3581 3578//3578 3575//3575
f 3582//3582 3576//3576 3578//3578
f 3580//3580 3571//3571 3551//3551
f 3584//3584 3577//3577 3570//3570
f 3578//3578 3576//3576 3569//3569
f 3573//3573 3388//3388 3416//3416
f 3573//3573 3415//3415 3572//3572
f 3575//3575 3569//3569 3568//3568
f 3568//3568 3562//3562 3566//3566
f 3567//3567 3564//3564 3560//3560
f 3415//3415 3414//3414 3564//3564
f 3568//3568 3565//3565 3562//3562
f 3570//3570 3563//3563 3550//3550
f 3571//3571 3570//3570 3550//3550
f 3572//3572 3564//3564 3567//3567
f 3569//3569 3565//3565 3568//3568
f 3566//3566 3563//3563 3570//3570
f 3572//3572 3415//3415 3564//3564
f 3569//3569 3567//3567 3565//3565
f 3637//3637 3631//3631 3633//3633
f 3576//3576 3567//3567 3569//3569
f 3575//3575 3568//3568 3566//3566
f 3574//3574 3572//3572 3567//3567
f 3583//3583 3579//3579 3574//3574
f 3585//3585 3578//3578 3581//3581
f 3585//3585 3582//3582 3578//3578
f 3583//3583 3574//3574 3582//3582
f 3594//3594 3586//3586 3589//3589
f 3603//3603 3551//3551 3552//3552
f 3596//3596 3587//3587 3593//3593
f 3386//3386 3588//3588 3594//3594
f 3597//3597 3592//3592 3551//3551
f 3598//3598 3590//3590 3587//3587
f 3603//3603 3597//3597 3551//3551
f 3596//3596 3598//3598 3587//3587
f 3386//3386 3387//3387 3588//3588
f 3595//3595 3591//3591 3592//3592
f 3599//3599 3589//3589 3590//3590
f 3595//3595 3593//3593 3591//3591
f 3599//3599 3594//3594 3589//3589
f 3599//3599 3590//3590 3598//3598
f 3600//3600 3593//3593 3595//3595
f 3594//3594 3588//3588 3586//3586
f 3604//3604 3595//3595 3592//3592
f 3593//3593 3587//3587 3584//3584
f 3590//3590 3581//3581 3587//3587
f 3584//3584 3570//3570 3580//3580
f 3584//3584 3581//3581 3577//3577
f 3387//3387 3388//3388 3579//3579
f 3586//3586 3582//3582 3585//3585
f 3587//3587 3581//3581 3584//3584
f 3588//3588 3579//3579 3583//3583
f 3586//3586 3583//3583 3582//3582
f 3590//3590 3585//3585 3581//3581
f 3591//3591 3584//3584 3580//3580
f 3588//3588 3387//3387 3579//3579
f 3592//3592 3580//3580 3551//3551
f 3589//3589 3586//3586 3585//3585
f 3588//3588 3583//3583 3586//3586
f 3589//3589 3585//3585 3590//3590
f 3593//3593 3584//3584 3591//3591
f 3591//3591 3580//3580 3592//3592
f 3383//3383 3622//3622 3632//3632
f 3665//3665 3655//3655 3659//3659
f 3636//3636 3633//3633 3630//3630
f 3675//3675 3417//3417 3418//3418
f 3379//3379 3674//3674 3676//3676
f 3677//3677 3672//3672 3675//3675
f 3677//3677 3676//3676 3672//3672
f 3677//3677 3675//3675 3418//3418
f 3677//3677 3418//3418 3419//3419
f 3417//3417 3675//3675 3673//3673
f 3378//3378 3379//3379 3676//3676
f 3677//3677 3419//3419 3420//3420
f 3378//3378 3677//3677 3420//3420
f 3552//3552 3551//3551 3683//3683
f 3553//3553 3603//3603 3552//3552
f 3688//3688 3678//3678 3682//3682
f 3688//3688 3549//3549 3678//3678
f 3378//3378 3676//3676 3677//3677
f 3674//3674 3379//3379 3380//3380
f 3676//3676 3674//3674 3668//3668
f 3676//3676 3668//3668 3672//3672
f 3671//3671 3660//3660 3665//3665
f 3667//3667 3423//3423 3424//3424
f 3670//3670 3669//3669 3663//3663
f 3380//3380 3666//3666 3671//3671
f 3672//3672 3668//3668 3669//3669
f 3668//3668 3671//3671 3665//3665
f 3673//3673 3669//3669 3670//3670
f 3670//3670 3667//3667 3424//3424
f 3674//3674 3671//3671 3668//3668
f 3670//3670 3424//3424 3425//3425
f 3675//3675 3669//3669 3673//3673
f 3675//3675 3672//3672 3669//3669
f 3417//3417 3670//3670 3425//3425
f 3417//3417 3673//3673 3670//3670
f 3380//3380 3671//3671 3674//3674
f 3688//3688 3550//3550 3549//3549
f 3688//3688 3682//3682 3681//3681
f 3688//3688 3681//3681 3680//3680
f 3688//3688 3571//3571 3550//3550
f 3698//3698 3695//3695 3696//3696
f 3698//3698 3407//3407 3406//3406
f 3406//3406 3405//3405 3698//3698
f 3699//3699 3691//3691 3690//3690
f 3699//3699 3690//3690 3404//3404
f 3699//3699 3404//3404 3403//3403
f 3699//3699 3403//3403 3402//3402
f 3700//3700 3692//3692 3691//3691
f 3700//3700 3693//3693 3692//3692
f 3700//3700 3399//3399 3693//3693
f 3700//3700 3691//3691 3699//3699
f 3402//3402 3401//3401 3699//3699
f 3700//3700 3699//3699 3401//3401
f 3700//3700 3401//3401 3400//3400
f 3700//3700 3400//3400 3399//3399
f 3698//3698 3694//3694 3695//3695
f 3671//3671 3666//3666 3660//3660
f 3698//3698 3405//3405 3694//3694
f 3698//3698 3696//3696 3697//3697
f 3688//3688 3680//3680 3679//3679
f 3688//3688 3551//3551 3571//3571
f 3683//3683 3551//3551 3688//3688
f 3683//3683 3688//3688 3679//3679
f 3687//3687 3554//3554 3553//3553
f 3687//3687 3555//3555 3554//3554
f 3687//3687 3686//3686 3685//3685
f 3689//3689 3555//3555 3687//3687
f 3689//3689 3687//3687 3685//3685
f 3689//3689 3556//3556 3555//3555
f 3689//3689 3685//3685 3684//3684
f 3689//3689 3557//3557 3556//3556
f 3557//3557 3689//3689 3684//3684
f 3407//3407 3409//3409 3408//3408
f 3407//3407 3697//3697 3409//3409
f 3698//3698 3697//3697 3407//3407
f 3423//3423 3667//3667 3664//3664
f 3666//3666 3380//3380 3381//3381
f 3669//3669 3668//3668 3661//3661
f 3649//3649 3638//3638 3637//3637
f 3642//3642 3639//3639 3645//3645
f 3649//3649 3641//3641 3638//3638
f 3644//3644 3640//3640 3647//3647
f 3648//3648 3649//3649 3637//3637
f 3646//3646 3382//3382 3383//3383
f 3650//3650 3646//3646 3641//3641
f 3650//3650 3641//3641 3649//3649
f 3651//3651 3643//3643 3556//3556
f 3651//3651 3645//3645 3643//3643
f 3653//3653 3648//3648 3644//3644
f 3654//3654 3642//3642 3645//3645
f 3651//3651 3556//3556 3656//3656
f 3655//3655 3644//3644 3647//3647
f 3652//3652 3649//3649 3648//3648
f 3643//3643 3555//3555 3556//3556
f 3656//3656 3556//3556 3557//3557
f 3648//3648 3637//3637 3644//3644
f 3647//3647 3640//3640 3642//3642
f 3632//3632 3628//3628 3634//3634
f 3639//3639 3629//3629 3635//3635
f 3640//3640 3633//3633 3636//3636
f 3637//3637 3638//3638 3631//3631
f 3641//3641 3632//3632 3634//3634
f 3639//3639 3636//3636 3629//3629
f 3641//3641 3634//3634 3638//3638
f 3642//3642 3636//3636 3639//3639
f 3644//3644 3633//3633 3640//3640
f 3645//3645 3639//3639 3635//3635
f 3642//3642 3640//3640 3636//3636
f 3643//3643 3635//3635 3555//3555
f 3644//3644 3637//3637 3633//3633
f 3646//3646 3632//3632 3641//3641
f 3646//3646 3383//3383 3632//3632
f 3643//3643 3645//3645 3635//3635
f 3638//3638 3634//3634 3631//3631
f 3657//3657 3645//3645 3651//3651
f 3654//3654 3647//3647 3642//3642
f 3663//3663 3661//3661 3657//3657
f 3664//3664 3651//3651 3656//3656
f 3665//3665 3660//3660 3655//3655
f 3567//3567 3560//3560 3565//3565
f 3666//3666 3381//3381 3658//3658
f 3663//3663 3657//3657 3662//3662
f 3664//3664 3662//3662 3651//3651
f 3667//3667 3662//3662 3664//3664
f 3660//3660 3666//3666 3658//3658
f 3664//3664 3422//3422 3423//3423
f 3668//3668 3659//3659 3661//3661
f 3667//3667 3663//3663 3662//3662
f 3669//3669 3661//3661 3663//3663
f 3668//3668 3665//3665 3659//3659
f 3670//3670 3663//3663 3667//3667
f 3422//3422 3557//3557 3398//3398
f 3653//3653 3652//3652 3648//3648
f 3422//3422 3398//3398 3421//3421
f 3664//3664 3656//3656 3422//3422
f 3655//3655 3653//3653 3644//3644
f 3650//3650 3382//3382 3646//3646
f 3658//3658 3649//3649 3652//3652
f 3659//3659 3647//3647 3654//3654
f 3658//3658 3650//3650 3649//3649
f 3657//3657 3654//3654 3645//3645
f 3659//3659 3655//3655 3647//3647
f 3650//3650 3381//3381 3382//3382
f 3660//3660 3652//3652 3653//3653
f 3422//3422 3656//3656 3557//3557
f 3381//3381 3650//3650 3658//3658
f 3661//3661 3654//3654 3657//3657
f 3661//3661 3659//3659 3654//3654
f 3662//3662 3657//3657 3651//3651
f 3658//3658 3652//3652 3660//3660
f 3660//3660 3653//3653 3655//3655
f 3566//3566 3562//3562 3563//3563
f 3545//3545 3389//3389 3390//3390
f 3565//3565 3559//3559 3562//3562
f 3466//3466 3458//3458 3468//3468
f 3471//3471 3464//3464 3462//3462
f 3395//3395 3396//3396 3456//3456
f 3470//3470 3463//3463 3457//3457
f 3472//3472 3462//3462 3466//3466
f 3467//3467 3465//3465 3460//3460
f 3470//3470 3457//3457 3465//3465
f 3469//3469 3467//3467 3461//3461
f 3474//3474 3463//3463 3470//3470
f 3469//3469 3464//3464 3471//3471
f 3471//3471 3462//3462 3472//3472
f 3475//3475 3468//3468 3459//3459
f 3474//3474 3395//3395 3463//3463
f 3467//3467 3470//3470 3465//3465
f 3473//3473 3467//3467 3469//3469
f 3469//3469 3461//3461 3464//3464
f 3459//3459 3404//3404 3405//3405
f 3468//3468 3458//3458 3459//3459
f 3460//3460 3457//3457 3453//3453
f 3462//3462 3455//3455 3451//3451
f 3461//3461 3454//3454 3455//3455
f 3456//3456 3396//3396 3448//3448
f 3460//3460 3454//3454 3461//3461
f 3463//3463 3452//3452 3457//3457
f 3463//3463 3456//3456 3452//3452
f 3462//3462 3451//3451 3458//3458
f 3458//3458 3403//3403 3459//3459
f 3465//3465 3457//3457 3460//3460
f 3464//3464 3461//3461 3455//3455
f 3464//3464 3455//3455 3462//3462
f 3466//3466 3462//3462 3458//3458
f 3395//3395 3456//3456 3463//3463
f 3467//3467 3460//3460 3461//3461
f 3477//3477 3470//3470 3467//3467
f 3478//3478 3472//3472 3466//3466
f 3476//3476 3469//3469 3471//3471
f 3475//3475 3466//3466 3468//3468
f 3480//3480 3475//3475 3481//3481
f 3487//3487 3485//3485 3478//3478
f 3488//3488 3477//3477 3482//3482
f 3486//3486 3482//3482 3479//3479
f 3487//3487 3478//3478 3484//3484
f 3489//3489 3480//3480 3481//3481
f 3485//3485 3483//3483 3476//3476
f 3490//3490 3482//3482 3486//3486
f 3488//3488 3394//3394 3477//3477
f 3492//3492 3480//3480 3489//3489
f 3492//3492 3484//3484 3480//3480
f 3493//3493 3481//3481 3406//3406
f 3491//3491 3485//3485 3487//3487
f 3491//3491 3483//3483 3485//3485
f 3492//3492 3487//3487 3484//3484
f 3486//3486 3479//3479 3483//3483
f 3460//3460 3453//3453 3454//3454
f 3485//3485 3476//3476 3472//3472
f 3482//3482 3477//3477 3467//3467
f 3563//3563 3549//3549 3550//3550
f 3472//3472 3476//3476 3471//3471
f 3479//3479 3473//3473 3469//3469
f 3480//3480 3466//3466 3475//3475
f 3477//3477 3474//3474 3470//3470
f 3481//3481 3459//3459 3406//3406
f 3481//3481 3475//3475 3459//3459
f 3482//3482 3467//3467 3473//3473
f 3482//3482 3473//3473 3479//3479
f 3483//3483 3479//3479 3469//3469
f 3483//3483 3469//3469 3476//3476
f 3484//3484 3478//3478 3466//3466
f 3484//3484 3466//3466 3480//3480
f 3394//3394 3395//3395 3474//3474
f 3394//3394 3474//3474 3477//3477
f 3485//3485 3472//3472 3478//3478
f 3455//3455 3454//3454 3450//3450
f 3459//3459 3403//3403 3404//3404
f 3458//3458 3451//3451 3403//3403
f 3431//3431 3428//3428 3400//3400
f 3418//3418 3417//3417 3434//3434
f 3432//3432 3430//3430 3433//3433
f 3435//3435 3428//3428 3431//3431
f 3433//3433 3428//3428 3435//3435
f 3436//3436 3429//3429 3432//3432
f 3437//3437 3432//3432 3433//3433
f 3438//3438 3418//3418 3434//3434
f 3436//3436 3434//3434 3429//3429
f 3439//3439 3433//3433 3435//3435
f 3431//3431 3401//3401 3402//3402
f 3438//3438 3419//3419 3418//3418
f 3440//3440 3434//3434 3436//3436
f 3437//3437 3433//3433 3439//3439
f 3436//3436 3432//3432 3437//3437
f 3434//3434 3417//3417 3429//3429
f 3443//3443 3439//3439 3435//3435
f 3433//3433 3430//3430 3428//3428
f 3432//3432 3427//3427 3430//3430
f 3410//3410 3409//3409 3678//3678
f 3426//3426 3422//3422 3421//3421
f 3400//3400 3398//3398 3399//3399
f 3426//3426 3423//3423 3422//3422
f 3400//3400 3421//3421 3398//3398
f 3427//3427 3423//3423 3426//3426
f 3426//3426 3421//3421 3400//3400
f 3427//3427 3424//3424 3423//3423
f 3428//3428 3426//3426 3400//3400
f 3429//3429 3424//3424 3427//3427
f 3430//3430 3427//3427 3426//3426
f 3429//3429 3425//3425 3424//3424
f 3430//3430 3426//3426 3428//3428
f 3431//3431 3400//3400 3401//3401
f 3429//3429 3417//3417 3425//3425
f 3432//3432 3429//3429 3427//3427
f 3493//3493 3489//3489 3481//3481
f 3420//3420 3397//3397 3378//3378
f 3444//3444 3440//3440 3436//3436
f 3451//3451 3441//3441 3402//3402
f 3403//3403 3451//3451 3402//3402
f 3447//3447 3396//3396 3397//3397
f 3452//3452 3445//3445 3449//3449
f 3450//3450 3446//3446 3443//3443
f 3452//3452 3448//3448 3444//3444
f 3453//3453 3449//3449 3446//3446
f 3454//3454 3446//3446 3450//3450
f 3455//3455 3441//3441 3451//3451
f 3455//3455 3450//3450 3441//3441
f 3448//3448 3396//3396 3447//3447
f 3453//3453 3446//3446 3454//3454
f 3457//3457 3449//3449 3453//3453
f 3456//3456 3448//3448 3452//3452
f 3457//3457 3452//3452 3449//3449
f 3452//3452 3444//3444 3445//3445
f 3440//3440 3438//3438 3434//3434
f 3449//3449 3437//3437 3446//3446
f 3447//3447 3397//3397 3420//3420
f 3441//3441 3435//3435 3431//3431
f 3442//3442 3419//3419 3438//3438
f 3420//3420 3419//3419 3442//3442
f 3445//3445 3444//3444 3436//3436
f 3402//3402 3441//3441 3431//3431
f 3442//3442 3438//3438 3440//3440
f 3445//3445 3436//3436 3437//3437
f 3443//3443 3435//3435 3441//3441
f 3444//3444 3442//3442 3440//3440
f 3446//3446 3439//3439 3443//3443
f 3448//3448 3442//3442 3444//3444
f 3449//3449 3445//3445 3437//3437
f 3446//3446 3437//3437 3439//3439
f 3447//3447 3420//3420 3442//3442
f 3450//3450 3443//3443 3441//3441
f 3448//3448 3447//3447 3442//3442
f 3494//3494 3482//3482 3490//3490
f 3406//3406 3459//3459 3405//3405
f 3495//3495 3490//3490 3486//3486
f 3539//3539 3532//3532 3536//3536
f 3540//3540 3530//3530 3534//3534
f 3540//3540 3535//3535 3530//3530
f 3535//3535 3536//3536 3529//3529
f 3539//3539 3537//3537 3532//3532
f 3411//3411 3540//3540 3534//3534
f 3538//3538 3533//3533 3531//3531
f 3538//3538 3391//3391 3533//3533
f 3541//3541 3535//3535 3540//3540
f 3540//3540 3411//3411 3412//3412
f 3541//3541 3536//3536 3535//3535
f 3542//3542 3539//3539 3536//3536
f 3543//3543 3537//3537 3539//3539
f 3544//3544 3536//3536 3541//3541
f 3537//3537 3538//3538 3531//3531
f 3537//3537 3531//3531 3527//3527
f 3411//3411 3525//3525 3410//3410
f 3411//3411 3534//3534 3525//3525
f 3526//3526 3518//3518 3523//3523
f 3530//3530 3529//3529 3522//3522
f 3532//3532 3524//3524 3529//3529
f 3532//3532 3527//3527 3524//3524
f 3410//3410 3525//3525 3408//3408
f 3410//3410 3408//3408 3409//3409
f 3533//3533 3523//3523 3531//3531
f 3533//3533 3526//3526 3523//3523
f 3526//3526 3391//3391 3392//3392
f 3534//3534 3528//3528 3525//3525
f 3536//3536 3532//3532 3529//3529
f 3534//3534 3530//3530 3528//3528
f 3391//3391 3526//3526 3533//3533
f 3537//3537 3527//3527 3532//3532
f 3535//3535 3529//3529 3530//3530
f 3494//3494 3488//3488 3482//3482
f 3541//3541 3540//3540 3412//3412
f 3543//3543 3538//3538 3537//3537
f 3544//3544 3542//3542 3536//3536
f 3558//3558 3411//3411 3410//3410
f 3559//3559 3411//3411 3558//3558
f 3548//3548 3678//3678 3549//3549
f 3412//3412 3411//3411 3559//3559
f 3561//3561 3412//3412 3559//3559
f 3562//3562 3559//3559 3558//3558
f 3563//3563 3558//3558 3548//3548
f 3563//3563 3548//3548 3549//3549
f 3560//3560 3413//3413 3412//3412
f 3560//3560 3412//3412 3561//3561
f 3562//3562 3558//3558 3563//3563
f 3564//3564 3413//3413 3560//3560
f 3565//3565 3560//3560 3561//3561
f 3564//3564 3414//3414 3413//3413
f 3565//3565 3561//3561 3559//3559
f 3558//3558 3410//3410 3548//3548
f 3528//3528 3520//3520 3525//3525
f 3548//3548 3410//3410 3678//3678
f 3416//3416 3389//3389 3545//3545
f 3542//3542 3543//3543 3539//3539
f 3413//3413 3544//3544 3541//3541
f 3541//3541 3412//3412 3413//3413
f 3390//3390 3538//3538 3543//3543
f 3545//3545 3390//3390 3543//3543
f 3546//3546 3542//3542 3544//3544
f 3414//3414 3544//3544 3413//3413
f 3546//3546 3543//3543 3542//3542
f 3547//3547 3543//3543 3546//3546
f 3546//3546 3544//3544 3414//3414
f 3547//3547 3545//3545 3543//3543
f 3546//3546 3414//3414 3415//3415
f 3547//3547 3546//3546 3415//3415
f 3416//3416 3545//3545 3547//3547
f 3547//3547 3415//3415 3416//3416
f 3416//3416 3388//3388 3389//3389
f 3531//3531 3523//3523 3527//3527
f 3538//3538 3390//3390 3391//3391
f 3530//3530 3522//3522 3528//3528
f 3505//3505 3498//3498 3499//3499
f 3502//3502 3497//3497 3492//3492
f 3501//3501 3502//3502 3496//3496
f 3506//3506 3500//3500 3407//3407
f 3507//3507 3497//3497 3502//3502
f 3507//3507 3504//3504 3497//3497
f 3393//3393 3494//3494 3495//3495
f 3500//3500 3501//3501 3493//3493
f 3505//3505 3503//3503 3498//3498
f 3509//3509 3495//3495 3503//3503
f 3509//3509 3393//3393 3495//3495
f 3508//3508 3499//3499 3504//3504
f 3510//3510 3503//3503 3505//3505
f 3511//3511 3504//3504 3507//3507
f 3508//3508 3505//3505 3499//3499
f 3499//3499 3498//3498 3491//3491
f 3504//3504 3499//3499 3497//3497
f 3503//3503 3495//3495 3498//3498
f 3496//3496 3492//3492 3489//3489
f 3496//3496 3489//3489 3493//3493
f 3526//3526 3392//3392 3519//3519
f 3497//3497 3487//3487 3492//3492
f 3498//3498 3486//3486 3483//3483
f 3494//3494 3393//3393 3394//3394
f 3494//3494 3394//3394 3488//3488
f 3498//3498 3495//3495 3486//3486
f 3499//3499 3491//3491 3487//3487
f 3494//3494 3490//3490 3495//3495
f 3497//3497 3499//3499 3487//3487
f 3500//3500 3406//3406 3407//3407
f 3501//3501 3496//3496 3493//3493
f 3502//3502 3492//3492 3496//3496
f 3500//3500 3493//3493 3406//3406
f 3512//3512 3507//3507 3502//3502
f 3513//3513 3501//3501 3500//3500
f 3498//3498 3483//3483 3491//3491
f 3515//3515 3502//3502 3501//3501
f 3519//3519 3510//3510 3518//3518
f 3522//3522 3513//3513 3520//3520
f 3518//3518 3511//3511 3512//3512
f 3523//3523 3512//3512 3521//3521
f 3524//3524 3517//3517 3522//3522
f 3519//3519 3392//3392 3516//3516
f 3525//3525 3514//3514 3408//3408
f 3519//3519 3516//3516 3510//3510
f 3523//3523 3518//3518 3512//3512
f 3526//3526 3519//3519 3518//3518
f 3527//3527 3521//3521 3515//3515
f 3528//3528 3522//3522 3520//3520
f 3525//3525 3520//3520 3514//3514
f 3527//3527 3523//3523 3521//3521
f 3529//3529 3524//3524 3522//3522
f 3527//3527 3515//3515 3524//3524
f 3524//3524 3515//3515 3517//3517
f 3522//3522 3517//3517 3513//3513
f 3520//3520 3513//3513 3506//3506
f 3520//3520 3506//3506 3514//3514
f 3509//3509 3516//3516 3393//3393
f 3510//3510 3505//3505 3508//3508
f 3514//3514 3506//3506 3407//3407
f 3514//3514 3407//3407 3408//3408
f 3516//3516 3509//3509 3503//3503
f 3516//3516 3503//3503 3510//3510
f 3521//3521 3512//3512 3515//3515
f 3518//3518 3508//3508 3511//3511
f 3517//3517 3501//3501 3513//3513
f 3513//3513 3500//3500 3506//3506
f 3517//3517 3515//3515 3501//3501
f 3518//3518 3510//3510 3508//3508
f 3512//3512 3511//3511 3507//3507
f 3515//3515 3512//3512 3502//3502
f 3511//3511 3508//3508 3504//3504
f 3703//3703 3701//3701 3704//3704
f 3703//3703 3702//3702 3701//3701
f 3714//3714 3710//3710 3709//3709
f 3713//3713 3708//3708 3705//3705
f 3714//3714 3715//3715 3710//3710
f 3715//3715 3711//3711 3710//3710
f 3713//3713 3705//3705 3712//3712
f 3713//3713 3714//3714 3708//3708
f 3714//3714 3709//3709 3708//3708
f 3715//3715 3706//3706 3711//3711
f 3707//3707 3706//3706 3715//3715
f 3739//3739 3718//3718 3716//3716
f 3720//3720 3722//3722 3721//3721
f 3724//3724 3722//3722 3720//3720
f 3739//3739 3716//3716 3717//3717
f 3734//3734 3733//3733 3735//3735
f 3735//3735 3733//3733 3737//3737
f 3729//3729 3727//3727 3730//3730
f 3729//3729 3728//3728 3727//3727
f 3735//3735 3737//3737 3736//3736
f 3732//3732 3738//3738 3737//3737
f 3733//3733 3732//3732 3737//3737
f 3731//3731 3719//3719 3738//3738
f 3725//3725 3720//3720 3719//3719
f 3738//3738 3719//3719 3739//3739
f 3725//3725 3724//3724 3720//3720
f 3739//3739 3719//3719 3718//3718
f 3731//3731 3725//3725 3719//3719
f 3730//3730 3727//3727 3731//3731
f 3731//3731 3727//3727 3726//3726
f 3724//3724 3723//3723 3722//3722
f 3731//3731 3726//3726 3725//3725
f 3732//3732 3731//3731 3738//3738
f 3749//3749 3750//3750 3743//3743
f 3748//3748 3745//3745 3741//3741
f 3748//3748 3741//3741 3747//3747
f 3750//3750 3742//3742 3743//3743
f 3750//3750 3746//3746 3742//3742
f 3751//3751 3746//3746 3750//3750
f 3751//3751 3740//3740 3746//3746
f 3748//3748 3749//3749 3745//3745
f 3749//3749 3744//3744 3745//3745
f 3749//3749 3743//3743 3744//3744
f 3756//3756 3753//3753 3755//3755
f 3755//3755 3752//3752 3754//3754
f 3755//3755 3753//3753 3752//3752
f 3768//3768 3758//3758 3767//3767
f 3764//3764 3761//3761 3762//3762
f 3764//3764 3765//3765 3761//3761
f 3764//3764 3757//3757 3763//3763
f 3766//3766 3767//3767 3759//3759
f 3766//3766 3759//3759 3760//3760
f 3765//3765 3766//3766 3760//3760
f 3765//3765 3760//3760 3761//3761
f 3767//3767 3758//3758 3759//3759
f 3764//3764 3762//3762 3757//3757
f 3773//3773 3770//3770 3769//3769
f 3773//3773 3771//3771 3772//3772
f 3773//3773 3769//3769 3771//3771
f 3782//3782 3783//3783 3777//3777
f 3782//3782 3777//3777 3778//3778
f 3782//3782 3778//3778 3779//3779
f 3783//3783 3784//3784 3776//3776
f 3784//3784 3775//3775 3776//3776
f 3785//3785 3775//3775 3784//3784
f 3781//3781 3774//3774 3780//3780
f 3781//3781 3779//3779 3774//3774
f 3783//3783 3776//3776 3777//3777
f 3781//3781 3782//3782 3779//3779
f 3789//3789 3786//3786 3788//3788
f 3789//3789 3787//3787 3786//3786
f 3790//3790 3787//3787 3789//3789
v -0.0059081 0.0007968 -0.0120000
v -0.0056348 0.0007168 -0.0120000
v -0.0053696 0.0005041 -0.0120000
v -0.0051936 0.0001015 -0.0119999
v -0.0052450 -0.0002737 -0.0120000
v -0.0054035 -0.0005437 -0.0120000
v -0.0057581 -0.0007731 -0.0120000
v -0.0060918 -0.0007968 -0.0120000
v -0.0063652 -0.0007168 -0.0120000
v -0.0066556 -0.0004763 -0.0119999
v -0.0067946 -0.0001259 -0.0120000
v -0.0067646 0.0002757 -0.0119999
v -0.0065484 0.0005866 -0.0120000
v -0.0062419 0.0007731 -0.0120000
v -0.0059081 0.0007968 -0.0120000
v -0.0056348 0.0007168 -0.0120000
v -0.0053696 0.0005041 -0.0120000
v -0.0051936 0.0001015 -0.0119999
v -0.0052450 -0.0002737 -0.0120000
v -0.0054035 -0.0005437 -0.0120000
v -0.0057581 -0.0007731 -0.0120000
v -0.0060918 -0.0007968 -0.0120000
v -0.0063652 -0.0007168 -0.0120000
v -0.0066556 -0.0004763 -0.0119999
v -0.0067946 -0.0001259 -0.0120000
v -0.0067646 0.0002757 -0.0119999
v -0.0065484 0.0005866 -0.0120000
v -0.0062419 0.0007731 -0.0120000
v -0.0058862 0.0009980 -0.0121997
v -0.0061138 -0.0009980 -0.0121997
v -0.0064609 -0.0008942 -0.0121985
v -0.0067692 -0.0006484 -0.0122012
v -0.0069270 -0.0003804 -0.0121992
v -0.0069986 -0.0001008 -0.0122000
v -0.0069809 0.0002127 -0.0122000
v -0.0068686 0.0005018 -0.0121994
v -0.0067124 0.0007045 -0.0122007
v -0.0065238 0.0008547 -0.0121996
v -0.0062392 0.0009763 -0.0122004
v -0.0055861 0.0009146 -0.0122001
v -0.0053496 0.0007615 -0.0121987
v -0.0051456 0.0005312 -0.0122012
v -0.0050253 0.0002340 -0.0121996
v -0.0049982 -0.0000528 -0.0121994
v -0.0050399 -0.0002833 -0.0122003
v -0.0051314 -0.0005018 -0.0121994
v -0.0053263 -0.0007450 -0.0122006
v -0.0055922 -0.0009166 -0.0121994
v -0.0058355 -0.0009884 -0.0121998
v -0.0058862 0.0009980 -0.0121997
v -0.0061138 -0.0009980 -0.0121997
v -0.0064609 -0.0008942 -0.0121985
v -0.0067692 -0.0006484 -0.0122012
v -0.0069270 -0.0003804 -0.0121992
v -0.0069986 -0.0001008 -0.0122000
v -0.0069809 0.0002127 -0.0122000
v -0.0068686 0.0005018 -0.0121994
v -0.0067124 0.0007045 -0.0122007
v -0.0065238 0.0008547 -0.0121996
v -0.0062392 0.0009763 -0.0122004
v -0.0055861 0.0009146 -0.0122001
v -0.0053496 0.0007615 -0.0121987
v -0.0051456 0.0005312 -0.0122012
v -0.0050253 0.0002340 -0.0121996
v -0.0049982 -0.0000528 -0.0121994
v -0.0050399 -0.0002833 -0.0122003
v -0.0051314 -0.0005018 -0.0121994
v -0.0053263 -0.0007450 -0.0122006
v -0.0055922 -0.0009166 -0.0121994
v -0.0058355 -0.0009884 -0.0121998
v -0.0057380 -0.0009743 -0.0200000
v -0.0053557 -0.0007727 -0.0200000
v -0.0050890 -0.0004335 -0.0200000
v -0.0049963 -0.0000395 -0.0200000
v -0.0050544 0.0003488 -0.0200000
v -0.0052880 0.0007120 -0.0200000
v -0.0056153 0.0009288 -0.0200000
v -0.0060273 0.0010085 -0.0200000
v -0.0063743 0.0009294 -0.0200000
v -0.0066443 0.0007727 -0.0200000
v -0.0068764 0.0004907 -0.0200000
v -0.0069866 0.0001848 -0.0200000
v -0.0069954 -0.0001291 -0.0200000
v -0.0068910 -0.0004673 -0.0200000
v -0.0066809 -0.0007367 -0.0200000
v -0.0064205 -0.0009122 -0.0200000
v -0.0061179 -0.0009962 -0.0200000
v -0.0057380 -0.0009743 -0.0200000
v -0.0053557 -0.0007727 -0.0200000
v -0.0050890 -0.0004335 -0.0200000
v -0.0049963 -0.0000395 -0.0200000
v -0.0050544 0.0003488 -0.0200000
v -0.0052880 0.0007120 -0.0200000
v -0.0056153 0.0009288 -0.0200000
v -0.0060273 0.0010085 -0.0200000
v -0.0063743 0.0009294 -0.0200000
v -0.0066443 0.0007727 -0.0200000
v -0.0068764 0.0004907 -0.0200000
v -0.0069866 0.0001848 -0.0200000
v -0.0069954 -0.0001291 -0.0200000
v -0.0068910 -0.0004673 -0.0200000
v -0.0066809 -0.0007367 -0.0200000
v -0.0064205 -0.0009122 -0.0200000
v -0.0061179 -0.0009962 -0.0200000
v -0.0061727 -0.0015277 -0.0200000
v -0.0066597 -0.0013932 -0.0200000
v -0.0070705 -0.0011084 -0.0200009
v -0.0073326 -0.0007717 -0.0200008
v -0.0074605 -0.0004753 -0.0200000
v -0.0075366 -0.0001179 -0.0200007
v -0.0074939 0.0003586 -0.0200000
v -0.0073481 0.0007459 -0.0200012
v -0.0071242 0.0010581 -0.0200001
v -0.0066730 0.0013899 -0.0200022
v -0.0063264 0.0015058 -0.0200001
v -0.0058847 0.0015361 -0.0200011
v -0.0053969 0.0014193 -0.0200003
v -0.0049116 0.0010908 -0.0200003
v -0.0046380 0.0007095 -0.0200000
v -0.0044548 0.0000446 -0.0200032
v -0.0045008 -0.0003581 -0.0200001
v -0.0046901 -0.0008179 -0.0200016
v -0.0049989 -0.0011713 -0.0200006
v -0.0051784 -0.0013125 -0.0200031
v -0.0057137 -0.0015113 -0.0200000
v -0.0045030 0.0003629 -0.0200014
v -0.0061727 -0.0015277 -0.0200000
v -0.0066597 -0.0013932 -0.0200000
v -0.0070705 -0.0011084 -0.0200009
v -0.0073326 -0.0007717 -0.0200008
v -0.0074605 -0.0004753 -0.0200000
v -0.0075366 -0.0001179 -0.0200007
v -0.0074939 0.0003586 -0.0200000
v -0.0073481 0.0007459 -0.0200012
v -0.0071242 0.0010581 -0.0200001
v -0.0066730 0.0013899 -0.0200022
v -0.0063264 0.0015058 -0.0200001
v -0.0058847 0.0015361 -0.0200011
v -0.0053969 0.0014193 -0.0200003
v -0.0049116 0.0010908 -0.0200003
v -0.0046380 0.0007095 -0.0200000
v -0.0044548 0.0000446 -0.0200032
v -0.0045008 -0.0003581 -0.0200001
v -0.0046901 -0.0008179 -0.0200016
v -0.0049989 -0.0011713 -0.0200006
v -0.0051784 -0.0013125 -0.0200031
v -0.0057137 -0.0015113 -0.0200000
v -0.0059168 -0.0012544 -0.0211269
v -0.0057929 -0.0012356 -0.0211274
v -0.0054986 -0.0012440 -0.0211008
v -0.0052124 -0.0010625 -0.0211068
v -0.0049323 -0.0008535 -0.0210910
v -0.0047471 -0.0005409 -0.0210918
v -0.0047661 -0.0002075 -0.0211293
v -0.0047577 0.0002063 -0.0211284
v -0.0047597 0.0005304 -0.0210992
v -0.0050500 0.0008912 -0.0211159
v -0.0056708 0.0012751 -0.0211109
v -0.0057924 0.0012364 -0.0211294
v -0.0061650 0.0013907 -0.0210753
v -0.0058869 0.0015469 -0.0209641
v -0.0061163 0.0015845 -0.0209257
v -0.0060439 0.0016941 -0.0207609
v -0.0059141 0.0017458 -0.0205706
v -0.0059169 0.0017486 -0.0204208
v -0.0059142 0.0016533 -0.0201420
v -0.0059600 -0.0017516 -0.0204867
v -0.0059540 -0.0017290 -0.0203132
v -0.0058666 -0.0016562 -0.0201518
v -0.0058827 -0.0015831 -0.0200518
v -0.0060590 -0.0014492 -0.0210452
v -0.0060272 -0.0015826 -0.0209313
v -0.0059706 -0.0016812 -0.0207861
v -0.0059574 -0.0017353 -0.0206339
v -0.0057088 -0.0013641 -0.0210748
v -0.0057199 -0.0014938 -0.0209936
v -0.0057983 -0.0016361 -0.0208451
v -0.0054073 -0.0013989 -0.0209938
v -0.0056740 -0.0016718 -0.0207457
v -0.0055642 -0.0015582 -0.0208857
v -0.0056883 -0.0017182 -0.0205931
v -0.0054128 -0.0015998 -0.0207406
v -0.0051728 -0.0012273 -0.0210229
v -0.0052959 -0.0014867 -0.0208506
v -0.0057492 -0.0017329 -0.0204260
v -0.0055372 -0.0016900 -0.0204850
v -0.0050992 -0.0013476 -0.0208851
v -0.0057805 -0.0016920 -0.0202476
v -0.0049296 -0.0010444 -0.0210133
v -0.0053613 -0.0016275 -0.0205637
v -0.0055401 -0.0016705 -0.0203241
v -0.0051634 -0.0014969 -0.0207094
v -0.0049431 -0.0011862 -0.0209234
v -0.0051443 -0.0015291 -0.0205384
v -0.0053773 -0.0016194 -0.0203272
v -0.0049631 -0.0013295 -0.0207760
v -0.0055607 -0.0015755 -0.0201093
v -0.0049241 -0.0013646 -0.0206334
v -0.0047195 -0.0010288 -0.0208582
v -0.0051565 -0.0015195 -0.0203439
v -0.0046726 -0.0007631 -0.0209849
v -0.0047551 -0.0011684 -0.0207277
v -0.0053139 -0.0014882 -0.0201139
v -0.0049086 -0.0013709 -0.0204808
v -0.0050775 -0.0014154 -0.0202057
v -0.0047155 -0.0011909 -0.0205492
v -0.0049339 -0.0013636 -0.0203172
v -0.0045296 -0.0009150 -0.0206632
v -0.0045325 -0.0008495 -0.0207582
v -0.0044903 -0.0005979 -0.0208845
v -0.0045680 -0.0004169 -0.0210139
v -0.0046206 -0.0001608 -0.0210796
v -0.0047439 -0.0011987 -0.0203350
v -0.0045584 -0.0010025 -0.0204563
v -0.0048765 -0.0012233 -0.0201534
v -0.0046476 0.0000169 -0.0210947
v -0.0044219 -0.0006918 -0.0206857
v -0.0044815 -0.0008748 -0.0204882
v -0.0044648 -0.0002253 -0.0209652
v -0.0046700 -0.0010384 -0.0201996
v -0.0043705 -0.0004966 -0.0207380
v -0.0043602 -0.0002154 -0.0208384
v -0.0043533 -0.0005982 -0.0205465
v -0.0047599 -0.0010059 -0.0200638
v -0.0045229 0.0001793 -0.0210192
v -0.0045312 -0.0008393 -0.0202079
v -0.0044222 -0.0007330 -0.0203586
v -0.0044042 0.0000149 -0.0209168
v -0.0042883 -0.0003285 -0.0206060
v -0.0042734 -0.0001984 -0.0206418
v -0.0042956 -0.0004032 -0.0204601
v -0.0046136 0.0003694 -0.0210532
v -0.0043015 0.0000562 -0.0207549
v -0.0043424 -0.0005049 -0.0203232
v -0.0044275 -0.0005953 -0.0201895
v -0.0043889 0.0003405 -0.0208486
v -0.0044958 -0.0005710 -0.0200771
v -0.0042646 -0.0002146 -0.0204082
v -0.0044935 0.0004725 -0.0209357
v -0.0043315 -0.0003151 -0.0202235
v -0.0042739 0.0001733 -0.0206412
v -0.0042487 0.0000671 -0.0205087
v -0.0046549 0.0006766 -0.0210042
v -0.0042591 0.0000513 -0.0203631
v -0.0044180 -0.0003042 -0.0200808
v -0.0043311 0.0004440 -0.0206769
v -0.0042880 -0.0000716 -0.0202645
v -0.0044605 0.0006376 -0.0208139
v -0.0043265 -0.0000009 -0.0201696
v -0.0042734 0.0003004 -0.0204620
v -0.0045906 0.0008019 -0.0208837
v -0.0048919 0.0009484 -0.0210378
v -0.0043242 0.0005128 -0.0205104
v -0.0044082 0.0006895 -0.0206459
v -0.0043161 0.0003224 -0.0202650
v -0.0048172 0.0010054 -0.0209617
v -0.0043309 0.0004762 -0.0203410
v -0.0045272 0.0008607 -0.0207304
v -0.0046888 0.0009981 -0.0208457
v -0.0052640 0.0011707 -0.0210825
v -0.0043783 0.0003919 -0.0201627
v -0.0044412 0.0008034 -0.0204366
v -0.0044915 0.0008855 -0.0205590
v -0.0044215 0.0007299 -0.0203522
v -0.0050632 0.0012109 -0.0209839
v -0.0049097 0.0012046 -0.0208809
v -0.0046168 0.0010471 -0.0206475
v -0.0045030 0.0003629 -0.0200014
v -0.0047765 0.0011740 -0.0207576
v -0.0044777 0.0007785 -0.0202476
v -0.0045057 0.0006253 -0.0200903
v -0.0046121 0.0010679 -0.0204271
v -0.0054554 0.0013358 -0.0210488
v -0.0047870 0.0012614 -0.0205617
v -0.0051306 0.0013645 -0.0208881
v -0.0050073 0.0013836 -0.0207455
v -0.0049263 0.0013541 -0.0206651
v -0.0054102 0.0014364 -0.0209616
v -0.0046552 0.0009109 -0.0200926
v -0.0048206 0.0012998 -0.0204512
v -0.0046987 0.0011205 -0.0202681
v -0.0053568 0.0015145 -0.0208526
v -0.0058078 0.0014433 -0.0210407
v -0.0050449 0.0014692 -0.0205382
v -0.0053479 0.0015905 -0.0207052
v -0.0048047 0.0011527 -0.0201538
v -0.0049123 0.0013284 -0.0202743
v -0.0056639 0.0015470 -0.0209298
v -0.0053402 0.0016224 -0.0205514
v -0.0050776 0.0014573 -0.0202920
v -0.0050356 0.0013109 -0.0200969
v -0.0052323 0.0015679 -0.0203882
v -0.0057346 0.0016538 -0.0208038
v -0.0057371 0.0017067 -0.0206766
v -0.0054425 0.0016494 -0.0203635
v -0.0052741 0.0015230 -0.0201999
v -0.0056453 0.0017185 -0.0204882
v -0.0055434 0.0016220 -0.0201937
v -0.0055423 0.0015480 -0.0200796
v -0.0057309 0.0017048 -0.0202957
v -0.0064483 0.0012718 -0.0210978
v -0.0067771 0.0010915 -0.0211018
v -0.0071155 0.0006751 -0.0211139
v -0.0072809 0.0004285 -0.0210961
v -0.0072452 0.0001978 -0.0211255
v -0.0072334 -0.0002072 -0.0211295
v -0.0071996 -0.0005212 -0.0211123
v -0.0069332 -0.0008988 -0.0211161
v -0.0066257 -0.0011541 -0.0211098
v -0.0062859 -0.0013330 -0.0210916
v -0.0062073 -0.0012329 -0.0211313
v -0.0064142 0.0014603 -0.0209936
v -0.0063866 0.0016055 -0.0208443
v -0.0062029 0.0017104 -0.0206853
v -0.0066692 0.0013076 -0.0210303
v -0.0062061 0.0017411 -0.0205133
v -0.0066668 0.0014427 -0.0209239
v -0.0064579 0.0016663 -0.0206689
v -0.0061438 0.0017215 -0.0202975
v -0.0067112 0.0015408 -0.0207559
v -0.0068603 0.0013547 -0.0209064
v -0.0069716 0.0011506 -0.0210035
v -0.0064866 0.0016842 -0.0205055
v -0.0070124 0.0009965 -0.0210608
v -0.0067341 0.0015921 -0.0205384
v -0.0065310 0.0016478 -0.0203129
v -0.0061854 0.0016108 -0.0200925
v -0.0063437 0.0016666 -0.0202355
v -0.0069980 0.0013875 -0.0207288
v -0.0070586 0.0012488 -0.0208667
v -0.0071959 0.0007442 -0.0210675
v -0.0070375 0.0014097 -0.0205709
v -0.0067364 0.0015677 -0.0203218
v -0.0064978 0.0015627 -0.0201147
v -0.0072751 0.0009352 -0.0209362
v -0.0069087 0.0014931 -0.0204099
v -0.0072416 0.0011666 -0.0207441
v -0.0073725 0.0006903 -0.0209787
v -0.0070748 0.0013701 -0.0203609
v -0.0068825 0.0014372 -0.0201965
v -0.0073529 0.0010660 -0.0206854
v -0.0074401 0.0008598 -0.0207984
v -0.0072857 0.0011945 -0.0204908
v -0.0074456 0.0004418 -0.0210000
v -0.0073532 0.0001367 -0.0210930
v -0.0069485 0.0012981 -0.0200736
v -0.0071767 0.0012226 -0.0202160
v -0.0074567 0.0009721 -0.0205624
v -0.0075473 0.0005709 -0.0208439
v -0.0073571 0.0010649 -0.0202940
v -0.0076185 0.0006310 -0.0206458
v -0.0075032 0.0000871 -0.0210066
v -0.0075344 0.0008483 -0.0205016
v -0.0076186 0.0003259 -0.0208418
v -0.0074726 0.0009024 -0.0203078
v -0.0072224 0.0010547 -0.0200829
v -0.0076448 0.0006122 -0.0204667
v -0.0073880 0.0009178 -0.0201590
v -0.0075676 0.0007227 -0.0202948
v -0.0076970 0.0003375 -0.0206616
v -0.0076071 0.0000053 -0.0209044
v -0.0077074 0.0000921 -0.0207257
v -0.0073706 -0.0002519 -0.0210761
v -0.0075129 -0.0002699 -0.0209765
v -0.0077192 0.0003419 -0.0204882
v -0.0074931 0.0006333 -0.0200913
v -0.0076545 -0.0002071 -0.0208169
v -0.0076071 0.0005152 -0.0201997
v -0.0073356 -0.0005341 -0.0210511
v -0.0076957 0.0003372 -0.0203093
v -0.0077450 -0.0000130 -0.0206029
v -0.0077554 -0.0000090 -0.0204503
v -0.0075306 -0.0004811 -0.0209095
v -0.0076022 0.0003229 -0.0201080
v -0.0077400 0.0000631 -0.0203638
v -0.0077084 -0.0003359 -0.0206157
v -0.0076336 -0.0004765 -0.0207417
v -0.0071281 -0.0008394 -0.0210693
v -0.0073188 -0.0008207 -0.0209633
v -0.0076849 0.0000642 -0.0201965
v -0.0074630 -0.0007445 -0.0208571
v -0.0077167 -0.0003452 -0.0204413
v -0.0075610 -0.0006893 -0.0207349
v -0.0077117 -0.0001990 -0.0202936
v -0.0076634 -0.0005354 -0.0205672
v -0.0075999 0.0000655 -0.0200689
v -0.0076485 -0.0002029 -0.0201534
v -0.0070220 -0.0011136 -0.0210021
v -0.0075945 -0.0007308 -0.0204926
v -0.0076399 -0.0004381 -0.0202182
v -0.0076351 -0.0006018 -0.0203707
v -0.0073791 -0.0009915 -0.0207580
v -0.0067817 -0.0011909 -0.0210600
v -0.0074923 -0.0009123 -0.0205716
v -0.0071478 -0.0011685 -0.0208654
v -0.0075202 -0.0005077 -0.0200681
v -0.0072369 -0.0012086 -0.0206702
v -0.0075194 -0.0007081 -0.0201790
v -0.0075007 -0.0008477 -0.0202955
v -0.0074531 -0.0009750 -0.0204306
v -0.0069271 -0.0013800 -0.0208254
v -0.0067023 -0.0013948 -0.0209537
v -0.0072928 -0.0011843 -0.0204631
v -0.0064860 -0.0013517 -0.0210520
v -0.0073185 -0.0011169 -0.0203031
v -0.0073426 -0.0009455 -0.0201187
v -0.0071312 -0.0013319 -0.0205672
v -0.0069564 -0.0014534 -0.0206219
v -0.0067007 -0.0015002 -0.0208316
v -0.0063591 -0.0015101 -0.0209627
v -0.0070789 -0.0013800 -0.0204352
v -0.0071723 -0.0011878 -0.0201645
v -0.0066668 -0.0015847 -0.0207053
v -0.0064458 -0.0015848 -0.0208478
v -0.0069995 -0.0013807 -0.0202342
v -0.0068650 -0.0015168 -0.0203835
v -0.0067342 -0.0015931 -0.0204848
v -0.0065275 -0.0016521 -0.0206546
v -0.0061990 -0.0016364 -0.0208449
v -0.0068899 -0.0013339 -0.0200713
v -0.0062041 -0.0017055 -0.0207022
v -0.0064265 -0.0017018 -0.0204493
v -0.0066892 -0.0015057 -0.0201383
v -0.0065294 -0.0016440 -0.0203007
v -0.0061991 -0.0017407 -0.0205255
v -0.0064417 -0.0015801 -0.0201177
v -0.0062013 -0.0017196 -0.0203207
v -0.0061799 -0.0016517 -0.0201501
v -0.0062063 0.0012395 -0.0211284
v -0.0066032 0.0002141 -0.0212559
v -0.0064413 0.0002818 -0.0212703
v -0.0063035 0.0004047 -0.0212725
v -0.0062138 0.0006046 -0.0212556
v -0.0068695 0.0002072 -0.0212154
v -0.0062159 -0.0005908 -0.0212576
v -0.0063465 -0.0003493 -0.0212746
v -0.0065913 -0.0002153 -0.0212575
v -0.0065984 0.0006989 -0.0212108
v -0.0067801 -0.0004342 -0.0212136
v -0.0065121 -0.0007461 -0.0212118
v -0.0053714 -0.0002111 -0.0212524
v -0.0055890 -0.0002952 -0.0212739
v -0.0057286 -0.0004591 -0.0212691
v -0.0057878 -0.0006163 -0.0212541
v -0.0054080 0.0002155 -0.0212573
v -0.0056034 0.0003115 -0.0212726
v -0.0057389 0.0004717 -0.0212689
v -0.0057933 0.0006722 -0.0212485
v -0.0052757 0.0006636 -0.0211973
v -0.0052306 -0.0005798 -0.0211996
v -0.0056021 -0.0009523 -0.0211848
v -0.0057924 0.0012364 -0.0211294
v -0.0062063 0.0012395 -0.0211284
v -0.0062063 0.0012372 -0.0206500
v -0.0057947 0.0012398 -0.0206500
v -0.0047577 0.0002063 -0.0211284
v -0.0057924 0.0012364 -0.0211294
v -0.0057947 0.0012398 -0.0206500
v -0.0054080 0.0002155 -0.0212573
v -0.0056034 0.0003115 -0.0212726
v -0.0057389 0.0004717 -0.0212689
v -0.0057933 0.0006722 -0.0212485
v -0.0047650 0.0002069 -0.0206500
v -0.0053925 0.0002124 -0.0206500
v -0.0056394 0.0003356 -0.0206500
v -0.0057855 0.0005904 -0.0206500
v -0.0062063 0.0012372 -0.0206500
v -0.0057947 0.0012398 -0.0206500
v -0.0062104 0.0006270 -0.0206500
v -0.0063084 0.0003921 -0.0206500
v -0.0065692 0.0002179 -0.0206500
v -0.0072327 0.0002071 -0.0206500
v -0.0072533 0.0000118 -0.0206500
v -0.0072327 -0.0002071 -0.0206500
v -0.0065897 -0.0002146 -0.0206500
v -0.0063812 -0.0003238 -0.0206500
v -0.0062694 -0.0004615 -0.0206500
v -0.0062105 -0.0006264 -0.0206500
v -0.0062070 -0.0012337 -0.0206500
v -0.0057992 -0.0012467 -0.0206500
v -0.0057909 -0.0006447 -0.0206500
v -0.0057235 -0.0004410 -0.0206500
v -0.0055394 -0.0002672 -0.0206500
v -0.0053555 -0.0002091 -0.0206500
v -0.0047571 -0.0002040 -0.0206500
v -0.0047650 0.0002069 -0.0206500
v -0.0053925 0.0002124 -0.0206500
v -0.0056394 0.0003356 -0.0206500
v -0.0057855 0.0005904 -0.0206500
v -0.0072452 0.0001978 -0.0211255
v -0.0062063 0.0012395 -0.0211284
v -0.0066032 0.0002141 -0.0212559
v -0.0064413 0.0002818 -0.0212703
v -0.0063035 0.0004047 -0.0212725
v -0.0062138 0.0006046 -0.0212556
v -0.0068695 0.0002072 -0.0212154
v -0.0062063 0.0012372 -0.0206500
v -0.0062104 0.0006270 -0.0206500
v -0.0063084 0.0003921 -0.0206500
v -0.0065692 0.0002179 -0.0206500
v -0.0072327 0.0002071 -0.0206500
v -0.0072452 0.0001978 -0.0211255
v -0.0072334 -0.0002072 -0.0211295
v -0.0072327 0.0002071 -0.0206500
v -0.0072533 0.0000118 -0.0206500
v -0.0072327 -0.0002071 -0.0206500
v -0.0072334 -0.0002072 -0.0211295
v -0.0062073 -0.0012329 -0.0211313
v -0.0062159 -0.0005908 -0.0212576
v -0.0063465 -0.0003493 -0.0212746
v -0.0065913 -0.0002153 -0.0212575
v -0.0072327 -0.0002071 -0.0206500
v -0.0065897 -0.0002146 -0.0206500
v -0.0063812 -0.0003238 -0.0206500
v -0.0062694 -0.0004615 -0.0206500
v -0.0062105 -0.0006264 -0.0206500
v -0.0062070 -0.0012337 -0.0206500
v -0.0059168 -0.0012544 -0.0211269
v -0.0057929 -0.0012356 -0.0211274
v -0.0062073 -0.0012329 -0.0211313
v -0.0062070 -0.0012337 -0.0206500
v -0.0057992 -0.0012467 -0.0206500
v -0.0057929 -0.0012356 -0.0211274
v -0.0047661 -0.0002075 -0.0211293
v -0.0053714 -0.0002111 -0.0212524
v -0.0055890 -0.0002952 -0.0212739
v -0.0057286 -0.0004591 -0.0212691
v -0.0057878 -0.0006163 -0.0212541
v -0.0057992 -0.0012467 -0.0206500
v -0.0057909 -0.0006447 -0.0206500
v -0.0057235 -0.0004410 -0.0206500
v -0.0055394 -0.0002672 -0.0206500
v -0.0053555 -0.0002091 -0.0206500
v -0.0047571 -0.0002040 -0.0206500
v -0.0047661 -0.0002075 -0.0211293
v -0.0047577 0.0002063 -0.0211284
v -0.0047571 -0.0002040 -0.0206500
v -0.0047650 0.0002069 -0.0206500
vn 0.000112 0.000941 1.000000
vn -0.000010 0.000087 1.000000
vn -0.000013 0.000178 1.000000
vn -0.000126 -0.000105 1.000000
vn -0.000047 -0.000054 1.000000
vn 0.000014 0.000054 1.000000
vn -0.000119 -0.000036 1.000000
vn -0.000089 -0.000062 1.000000
vn 0.000218 0.000042 1.000000
vn 0.000125 0.000043 1.000000
vn -0.000044 0.000036 1.000000
vn 0.000899 -0.000290 1.000000
vn 0.000075 -0.000041 1.000000
vn 0.000015 -0.000105 1.000000
vn 0.072027 0.697148 0.713300
vn 0.315428 0.619478 0.718855
vn 0.546159 0.420970 0.724220
vn 0.685806 0.095728 0.721461
vn 0.651461 -0.226106 0.724206
vn 0.500563 -0.479359 0.720868
vn 0.213816 -0.660340 0.719885
vn -0.075443 -0.698763 0.711364
vn -0.328635 -0.619954 0.712500
vn -0.557694 -0.417239 0.717557
vn -0.684151 -0.097500 0.722794
vn -0.656804 0.228368 0.718649
vn -0.472708 0.500335 0.725405
vn -0.203138 0.667937 0.715958
vn 0.071982 0.697756 0.712709
vn -0.080605 -0.692971 0.716445
vn -0.327600 -0.618317 0.714396
vn -0.527219 -0.475556 0.704192
vn -0.654141 -0.266702 0.707792
vn -0.699567 -0.053751 0.712543
vn -0.693131 0.125946 0.709723
vn -0.607315 0.362321 0.707030
vn -0.508569 0.493525 0.705543
vn -0.366597 0.603335 0.708233
vn -0.152067 0.694973 0.702771
vn 0.283763 0.648318 0.706514
vn 0.458886 0.540100 0.705490
vn 0.604619 0.354871 0.713093
vn 0.685574 0.188901 0.703068
vn 0.704016 -0.047417 0.708599
vn 0.680821 -0.193580 0.706406
vn 0.611871 -0.358694 0.704949
vn 0.457443 -0.533154 0.711683
vn 0.310449 -0.630321 0.711559
vn 0.092648 -0.695141 0.712878
vn 0.105254 0.994444 0.001563
vn -0.127227 -0.991874 -0.000321
vn -0.462885 -0.886417 0.001248
vn -0.755193 -0.655501 0.001712
vn -0.924546 -0.381068 0.001072
vn -0.995262 -0.097232 0.000509
vn -0.977279 0.211955 0.000464
vn -0.871048 0.491197 0.000169
vn -0.712985 0.701179 0.000641
vn -0.512391 0.858751 0.001315
vn -0.230876 0.972981 0.001836
vn 0.410882 0.911689 -0.000144
vn 0.651267 0.758848 0.000325
vn 0.849876 0.526980 0.001829
vn 0.971654 0.236406 0.001207
vn 0.999103 -0.042356 0.000168
vn 0.959062 -0.283194 0.000747
vn 0.859237 -0.511578 0.000187
vn 0.670371 -0.742026 -0.000147
vn 0.416991 -0.908910 0.001326
vn 0.159074 -0.987267 0.000204
vn 0.267534 -0.963548 -0.001221
vn 0.640611 -0.767864 -0.001464
vn 0.900900 -0.434025 -0.001251
vn 0.999149 -0.041213 -0.001608
vn 0.936032 0.351909 -0.002151
vn 0.711267 0.702920 -0.001673
vn 0.378856 0.925455 -0.001323
vn -0.016452 0.999863 -0.002041
vn -0.366496 0.930418 -0.001656
vn -0.647335 0.762204 -0.001256
vn -0.869294 0.494295 -0.000846
vn -0.982579 0.185842 -0.000511
vn -0.990823 -0.135167 -0.000808
vn -0.886671 -0.462398 -0.001525
vn -0.681977 -0.731372 -0.001442
vn -0.418357 -0.908283 -0.000523
vn -0.106428 -0.994320 -0.000170
vn 0.001415 -0.001259 0.999998
vn 0.001434 -0.000813 0.999999
vn 0.001173 -0.001655 0.999998
vn 0.003625 0.001842 0.999992
vn 0.002422 -0.001083 0.999996
vn 0.000186 0.000428 1.000000
vn -0.000090 0.001063 0.999999
vn 0.000655 0.001274 0.999999
vn -0.002083 0.001717 0.999996
vn -0.000118 0.002134 0.999998
vn -0.000793 0.000476 1.000000
vn -0.000517 -0.000340 1.000000
vn -0.000864 0.000324 1.000000
vn -0.000619 -0.000972 0.999999
vn -0.001197 -0.000522 0.999999
vn 0.000014 -0.000031 1.000000
vn -0.000009 -0.000083 1.000000
vn -0.000017 -0.000037 1.000000
vn -0.000713 -0.000044 1.000000
vn -0.001743 -0.000587 0.999998
vn -0.000642 -0.001908 0.999998
vn -0.000515 -0.000495 1.000000
vn -0.001022 0.000281 0.999999
vn -0.000481 0.000491 1.000000
vn -0.001961 0.001047 0.999998
vn -0.000384 0.001067 0.999999
vn -0.002581 0.002222 0.999994
vn -0.001670 0.000909 0.999998
vn 0.000596 0.001560 0.999999
vn -0.000532 0.000839 1.000000
vn 0.000220 0.000686 1.000000
vn 0.001113 -0.000990 0.999999
vn 0.004314 0.001686 0.999989
vn 0.002146 0.001456 0.999997
vn 0.001661 -0.001700 0.999997
vn 0.000382 -0.004222 0.999991
vn -0.000232 -0.009548 0.999954
vn 0.002479 0.000140 0.999997
vn 0.002650 -0.004321 0.999987
vn -0.088165 -0.739679 0.667159
vn -0.310966 -0.673482 0.670614
vn -0.530363 -0.548529 0.646398
vn -0.664811 -0.377222 0.644771
vn -0.682951 -0.211121 0.699289
vn -0.757343 -0.067912 0.649476
vn -0.705793 0.172684 0.687049
vn -0.661388 0.376532 0.648683
vn -0.539020 0.524353 0.659175
vn -0.347014 0.699712 0.624487
vn -0.154755 0.732630 0.662800
vn 0.062144 0.751850 0.656399
vn 0.318010 0.693553 0.646416
vn 0.530612 0.530797 0.660837
vn 0.641310 0.338621 0.688518
vn 0.786296 0.031316 0.617056
vn 0.722153 -0.176043 0.668958
vn 0.666059 -0.407523 0.624732
vn 0.509667 -0.587673 0.628395
vn 0.419212 -0.668270 0.614554
vn 0.147888 -0.717099 0.681101
vn 0.020048 -0.382454 -0.923757
vn 0.062125 -0.384201 -0.921157
vn 0.151714 -0.363441 -0.919181
vn 0.219824 -0.289879 -0.931476
vn 0.324803 -0.253201 -0.911258
vn 0.374560 -0.166793 -0.912077
vn 0.292053 -0.067118 -0.954044
vn 0.333708 0.073155 -0.939834
vn 0.351698 0.159289 -0.922462
vn 0.245126 0.240661 -0.939146
vn 0.097087 0.324496 -0.940891
vn 0.054053 0.298167 -0.952982
vn -0.048129 0.482525 -0.874559
vn 0.038367 0.708024 -0.705145
vn -0.053162 0.746872 -0.662839
vn -0.015584 0.908199 -0.418248
vn 0.040245 0.989449 -0.139182
vn 0.041726 0.992391 0.115844
vn 0.045316 0.857090 0.513170
vn 0.015466 -0.999848 0.008049
vn 0.013313 -0.963882 0.265995
vn 0.063273 -0.860118 0.506155
vn 0.042288 -0.730331 0.681784
vn -0.021124 -0.535867 -0.844038
vn -0.010536 -0.740286 -0.672210
vn 0.014718 -0.894959 -0.445906
vn 0.026050 -0.974386 -0.223368
vn 0.093565 -0.443760 -0.891248
vn 0.117080 -0.642476 -0.757309
vn 0.099666 -0.824729 -0.556677
vn 0.253929 -0.592820 -0.764254
vn 0.182932 -0.904538 -0.385159
vn 0.219691 -0.766984 -0.602886
vn 0.175885 -0.971274 -0.160288
vn 0.314422 -0.872929 -0.373006
vn 0.325605 -0.489714 -0.808803
vn 0.358398 -0.749637 -0.556412
vn 0.139591 -0.985166 0.099809
vn 0.274438 -0.961601 0.002613
vn 0.437210 -0.667574 -0.602655
vn 0.137407 -0.923459 0.358250
vn 0.438445 -0.422821 -0.793088
vn 0.365841 -0.924762 -0.104761
vn 0.250666 -0.929913 0.269126
vn 0.461520 -0.820631 -0.336993
vn 0.509557 -0.569608 -0.644902
vn 0.485087 -0.871976 -0.065944
vn 0.357624 -0.900553 0.247204
vn 0.557002 -0.703569 -0.441293
vn 0.233083 -0.786771 0.571544
vn 0.603684 -0.766400 -0.219537
vn 0.649368 -0.514270 -0.560221
vn 0.466270 -0.857452 0.217642
vn 0.579778 -0.337805 -0.741448
vn 0.679233 -0.637199 -0.364169
vn 0.334622 -0.752831 0.566810
vn 0.621008 -0.783554 0.019822
vn 0.487171 -0.750698 0.446225
vn 0.731007 -0.676121 -0.092137
vn 0.597233 -0.759642 0.257402
vn 0.814301 -0.522909 -0.251950
vn 0.771411 -0.447307 -0.452595
vn 0.746082 -0.296277 -0.596306
vn 0.584441 -0.175379 -0.792257
vn 0.463818 -0.053588 -0.884308
vn 0.704936 -0.671160 0.229367
vn 0.816351 -0.573650 0.067060
vn 0.580480 -0.637204 0.506966
vn 0.403095 0.011597 -0.915085
vn 0.873091 -0.385885 -0.298001
vn 0.878051 -0.478461 -0.010081
vn 0.682500 -0.103563 -0.723511
vn 0.719917 -0.547497 0.426576
vn 0.885963 -0.261258 -0.383163
vn 0.847318 -0.122800 -0.516694
vn 0.935833 -0.343635 -0.078302
vn 0.593565 -0.482628 0.644011
vn 0.605723 0.072248 -0.792389
vn 0.781648 -0.456506 0.425005
vn 0.889152 -0.414688 0.193498
vn 0.759749 0.015633 -0.650029
vn 0.965270 -0.195105 -0.173746
vn 0.968093 -0.103497 -0.228221
vn 0.971820 -0.231166 0.046133
vn 0.499777 0.131298 -0.856145
vn 0.913855 0.032377 -0.404748
vn 0.927527 -0.286330 0.240229
vn 0.835251 -0.318074 0.448536
vn 0.824130 0.162878 -0.542476
vn 0.719626 -0.283954 0.633646
vn 0.986286 -0.119447 0.113898
vn 0.699199 0.220876 -0.679952
vn 0.900713 -0.168925 0.400226
vn 0.966813 0.110050 -0.230567
vn 0.998698 0.027985 -0.042643
vn 0.554772 0.287097 -0.780899
vn 0.979440 0.037761 0.198170
vn 0.788500 -0.139331 0.599045
vn 0.927441 0.237954 -0.288499
vn 0.943564 -0.048093 0.327679
vn 0.805496 0.329613 -0.492475
vn 0.869489 0.012306 0.493800
vn 0.984697 0.170901 0.034136
vn 0.693358 0.396081 -0.601976
vn 0.414672 0.348184 -0.840723
vn 0.954478 0.296775 -0.029943
vn 0.893200 0.384603 -0.232967
vn 0.930393 0.161175 0.329228
vn 0.539980 0.450924 -0.710696
vn 0.930969 0.282008 0.231878
vn 0.801491 0.469683 -0.370149
vn 0.674612 0.509648 -0.534001
vn 0.226138 0.359751 -0.905230
vn 0.838707 0.206697 0.503832
vn 0.884148 0.461089 0.075358
vn 0.853592 0.508010 -0.115359
vn 0.897650 0.386976 0.210887
vn 0.395088 0.515551 -0.760337
vn 0.543411 0.598307 -0.588841
vn 0.771765 0.589858 -0.237585
vn 0.751424 0.172066 0.636990
vn 0.662362 0.634915 -0.397693
vn 0.821178 0.431291 0.373703
vn 0.745306 0.304674 0.593037
vn 0.793736 0.601173 0.092603
vn 0.201343 0.495112 -0.845177
vn 0.695934 0.705306 -0.134980
vn 0.417792 0.679025 -0.603635
vn 0.521426 0.759220 -0.389487
vn 0.607677 0.753469 -0.251024
vn 0.262908 0.639752 -0.722216
vn 0.662719 0.454369 0.595275
vn 0.664537 0.743351 0.076288
vn 0.721494 0.608729 0.329992
vn 0.328059 0.773130 -0.542814
vn 0.073221 0.535650 -0.841260
vn 0.536168 0.840954 -0.072944
vn 0.355945 0.875743 -0.326156
vn 0.613314 0.597313 0.516782
vn 0.599945 0.730497 0.326251
vn 0.169594 0.720892 -0.671977
vn 0.369531 0.924465 -0.093869
vn 0.517765 0.805023 0.289582
vn 0.462659 0.647805 0.605224
vn 0.436772 0.887116 0.149178
vn 0.140964 0.862971 -0.485190
vn 0.158680 0.949107 -0.272059
vn 0.314537 0.930155 0.189415
vn 0.384493 0.806166 0.449735
vn 0.212920 0.977010 -0.010827
vn 0.240904 0.868848 0.432513
vn 0.210727 0.746200 0.631490
vn 0.144447 0.943930 0.296869
vn -0.135728 0.365817 -0.920736
vn -0.220122 0.310948 -0.924585
vn -0.272518 0.169929 -0.947026
vn -0.376785 0.130679 -0.917037
vn -0.283058 0.060329 -0.957204
vn -0.301062 -0.053093 -0.952125
vn -0.305911 -0.140433 -0.941646
vn -0.241362 -0.238541 -0.940661
vn -0.158086 -0.297714 -0.941475
vn -0.090966 -0.425671 -0.900294
vn -0.053299 -0.299647 -0.952560
vn -0.174237 0.622457 -0.763013
vn -0.198664 0.820065 -0.536680
vn -0.116309 0.947581 -0.297595
vn -0.264847 0.506688 -0.820441
vn -0.126392 0.991694 -0.023816
vn -0.313124 0.691979 -0.650475
vn -0.256897 0.926102 -0.276294
vn -0.082907 0.954676 0.285866
vn -0.389505 0.831726 -0.395624
vn -0.411914 0.659486 -0.628813
vn -0.406442 0.481308 -0.776626
vn -0.269884 0.962853 -0.008739
vn -0.362941 0.337340 -0.868605
vn -0.418515 0.904359 -0.083546
vn -0.301304 0.917833 0.258455
vn -0.081059 0.801657 0.592263
vn -0.181646 0.907262 0.379316
vn -0.533252 0.765688 -0.359673
vn -0.536699 0.617959 -0.574527
vn -0.422082 0.270496 -0.865262
vn -0.590321 0.797602 -0.123906
vn -0.396823 0.876255 0.273330
vn -0.268665 0.790332 0.550630
vn -0.589363 0.444370 -0.674675
vn -0.515776 0.847890 0.122712
vn -0.671653 0.635620 -0.380617
vn -0.606032 0.301680 -0.736013
vn -0.611973 0.766987 0.192926
vn -0.460924 0.770589 0.440161
vn -0.752037 0.589748 -0.294343
vn -0.766704 0.449357 -0.458523
vn -0.728450 0.685099 -0.000065
vn -0.613466 0.181266 -0.768637
vn -0.415638 0.039676 -0.908665
vn -0.453653 0.618195 0.641899
vn -0.636404 0.659689 0.399751
vn -0.827956 0.551342 -0.102523
vn -0.794686 0.290754 -0.532857
vn -0.752694 0.596501 0.278637
vn -0.901704 0.350356 -0.253340
vn -0.624248 0.044047 -0.779984
vn -0.874712 0.484585 -0.007571
vn -0.823675 0.169222 -0.541224
vn -0.821519 0.510776 0.253406
vn -0.620422 0.520232 0.586885
vn -0.940087 0.337267 0.049877
vn -0.720939 0.471245 0.508109
vn -0.868458 0.397847 0.295801
vn -0.945205 0.193509 -0.262950
vn -0.786063 0.006037 -0.618117
vn -0.927564 0.052395 -0.369972
vn -0.460471 -0.080043 -0.884058
vn -0.664191 -0.113787 -0.738853
vn -0.982169 0.188001 -0.000587
vn -0.735717 0.317438 0.598292
vn -0.868063 -0.108422 -0.484470
vn -0.867570 0.279003 0.411678
vn -0.505476 -0.204850 -0.838171
vn -0.944819 0.187087 0.268914
vn -0.983086 -0.016723 -0.182380
vn -0.998661 -0.008290 0.051055
vn -0.733462 -0.235309 -0.637702
vn -0.809330 0.155881 0.566291
vn -0.978992 0.066208 0.192851
vn -0.965011 -0.172986 -0.197050
vn -0.885810 -0.257699 -0.385916
vn -0.387761 -0.287546 -0.875762
vn -0.588776 -0.377180 -0.714897
vn -0.899405 0.035192 0.435698
vn -0.735670 -0.377708 -0.562251
vn -0.977700 -0.194678 0.078764
vn -0.855633 -0.376728 -0.354919
vn -0.951903 -0.111013 0.285581
vn -0.943380 -0.310314 -0.117218
vn -0.758143 0.036016 0.651093
vn -0.846317 -0.106886 0.521845
vn -0.424560 -0.466494 -0.775972
vn -0.907949 -0.418836 -0.014322
vn -0.885626 -0.235605 0.400196
vn -0.923461 -0.335954 0.185350
vn -0.739141 -0.533524 -0.411123
vn -0.285243 -0.427000 -0.858084
vn -0.842197 -0.520155 -0.141926
vn -0.578207 -0.589434 -0.564131
vn -0.742581 -0.245655 0.623079
vn -0.688204 -0.671046 -0.275811
vn -0.799083 -0.372340 0.472048
vn -0.832647 -0.472475 0.288907
vn -0.824769 -0.558012 0.091538
vn -0.487914 -0.708702 -0.509589
vn -0.320814 -0.629225 -0.707922
vn -0.737753 -0.674475 0.028359
vn -0.182739 -0.499139 -0.847034
vn -0.728995 -0.621463 0.286967
vn -0.679748 -0.481747 0.553048
vn -0.640528 -0.756348 -0.132896
vn -0.535357 -0.819164 -0.205826
vn -0.359819 -0.770301 -0.526467
vn -0.158045 -0.669625 -0.725689
vn -0.615104 -0.782440 0.097127
vn -0.609742 -0.624877 0.487589
vn -0.379644 -0.867916 -0.320300
vn -0.230534 -0.812787 -0.535006
vn -0.545150 -0.746193 0.382109
vn -0.485995 -0.857584 0.168401
vn -0.415581 -0.909556 -0.000563
vn -0.279167 -0.928647 -0.244297
vn -0.109141 -0.833849 -0.541096
vn -0.435071 -0.634703 0.638643
vn -0.123823 -0.940774 -0.315615
vn -0.241415 -0.969203 0.048622
vn -0.364587 -0.784489 0.501651
vn -0.299380 -0.909010 0.289953
vn -0.113782 -0.992088 -0.053063
vn -0.213374 -0.795125 0.567669
vn -0.114266 -0.960974 0.251939
vn -0.094827 -0.856144 0.507963
vn -0.056047 0.293461 -0.954327
vn -0.141384 0.093105 -0.985567
vn -0.117993 0.096536 -0.988311
vn -0.097152 0.110329 -0.989136
vn -0.075963 0.158483 -0.984435
vn -0.192000 0.097307 -0.976559
vn -0.073951 -0.149360 -0.986014
vn -0.109083 -0.107582 -0.988194
vn -0.145078 -0.072878 -0.986733
vn -0.130202 0.156800 -0.979010
vn -0.174421 -0.091185 -0.980440
vn -0.109117 -0.166051 -0.980062
vn 0.161565 -0.079096 -0.983687
vn 0.118613 -0.118095 -0.985893
vn 0.123782 -0.136429 -0.982886
vn 0.096396 -0.149736 -0.984016
vn 0.157886 0.085123 -0.983781
vn 0.114421 0.104645 -0.987906
vn 0.102622 0.120405 -0.987406
vn 0.105569 0.174436 -0.978993
vn 0.147243 0.156585 -0.976627
vn 0.166951 -0.125191 -0.977985
vn 0.078238 -0.196365 -0.977404
vn -0.007505 -0.999946 0.007138
vn -0.001190 -0.999998 0.001706
vn 0.006475 -0.999967 -0.004890
vn 0.000128 -1.000000 0.000571
vn -0.010870 -0.999939 -0.001741
vn -0.999962 -0.007938 0.003633
vn -0.999889 -0.014132 -0.004716
vn -0.256856 -0.966446 0.002638
vn -0.611127 -0.791518 -0.004717
vn -0.881299 -0.472366 -0.013531
vn -0.991095 -0.133052 -0.005264
vn -0.008726 -0.999961 0.001104
vn -0.231361 -0.972866 0.002157
vn -0.681204 -0.731949 0.014534
vn -0.966761 -0.255334 0.013350
vn 0.000000 0.000000 -1.000000
vn 0.000000 0.000000 -1.000000
vn 0.000000 0.000000 -1.000000
vn 0.000000 0.000000 -1.000000
vn 0.000000 0.000000 -1.000000
vn 0.000000 0.000000 -1.000000
vn 0.000000 0.000000 -1.000000
vn 0.000000 0.000000 -1.000000
vn 0.000000 0.000000 -1.000000
vn 0.000000 0.000000 -1.000000
vn 0.000000 0.000000 -1.000000
vn 0.000000 0.000000 -1.000000
vn 0.000000 0.000000 -1.000000
vn 0.000000 0.000000 -1.000000
vn 0.000000 0.000000 -1.000000
vn 0.000000 0.000000 -1.000000
vn 0.000000 0.000000 -1.000000
vn 0.000000 0.000000 -1.000000
vn 0.000000 0.000000 -1.000000
vn 0.000000 0.000000 -1.000000
vn 0.000000 0.000000 -1.000000
vn 0.000000 0.000000 -1.000000
vn 0.000000 0.000000 -1.000000
vn 0.029488 -0.999388 0.018837
vn 0.999959 -0.008690 -0.002561
vn 0.216302 -0.976308 -0.005974
vn 0.538629 -0.842521 -0.006118
vn 0.805898 -0.592027 -0.005708
vn 0.972106 -0.234535 -0.001634
vn 0.023774 -0.999665 0.010243
vn 0.999977 -0.006715 -0.000033
vn 0.980542 -0.196288 0.002902
vn 0.776046 -0.630497 0.015005
vn 0.292403 -0.956164 0.015822
vn 0.021218 -0.999683 0.013523
vn 0.999872 -0.003992 0.015484
vn 0.998701 0.046785 0.020189
vn 0.994199 -0.104830 -0.024052
vn 0.999996 0.001412 -0.002443
vn 0.995603 0.093660 -0.001348
vn 0.011967 0.999928 -0.000714
vn 0.999953 0.008687 -0.004228
vn 0.963920 0.265834 -0.013823
vn 0.704490 0.709630 -0.010911
vn 0.273941 0.961745 -0.001909
vn 0.011589 0.999933 -0.000208
vn 0.247459 0.968887 -0.004663
vn 0.626341 0.779544 0.002990
vn 0.872412 0.488683 0.009237
vn 0.985600 0.169069 0.002936
vn 0.999984 0.005693 -0.000454
vn -0.020286 0.999733 -0.011093
vn -0.149614 0.988522 0.020976
vn 0.055204 0.998312 -0.018067
vn 0.031874 0.999490 0.001748
vn 0.014844 0.999874 -0.005682
vn -0.999904 0.010571 -0.008903
vn -0.006870 0.999963 -0.005218
vn -0.199676 0.979836 -0.007070
vn -0.583507 0.812061 -0.008725
vn -0.859816 0.510544 -0.007847
vn -0.979741 0.200258 -0.002133
vn -0.999821 0.013810 -0.012912
vn -0.987217 0.159382 0.000635
vn -0.845480 0.533882 0.011575
vn -0.501868 0.864875 0.010941
vn -0.153221 0.988192 -0.000119
vn -0.008524 0.999937 -0.007252
vn -0.999620 0.020258 0.018713
vn -0.999991 0.002437 0.003429
vn -0.999999 -0.001319 0.000209
vn -0.999700 -0.019252 -0.015172
f 3804//3804 3792//3792 3791//3791
f 3803//3803 3792//3792 3804//3804
f 3803//3803 3801//3801 3800//3800
f 3803//3803 3802//3802 3801//3801
f 3803//3803 3794//3794 3793//3793
f 3803//3803 3799//3799 3798//3798
f 3803//3803 3800//3800 3799//3799
f 3803//3803 3797//3797 3796//3796
f 3803//3803 3793//3793 3792//3792
f 3803//3803 3796//3796 3795//3795
f 3803//3803 3795//3795 3794//3794
f 3803//3803 3798//3798 3797//3797
f 3834//3834 3808//3808 3809//3809
f 3831//3831 3830//3830 3806//3806
f 3832//3832 3831//3831 3807//3807
f 3832//3832 3807//3807 3808//3808
f 3833//3833 3832//3832 3808//3808
f 3834//3834 3833//3833 3808//3808
f 3835//3835 3834//3834 3809//3809
f 3811//3811 3812//3812 3820//3820
f 3836//3836 3835//3835 3809//3809
f 3837//3837 3836//3836 3810//3810
f 3837//3837 3810//3810 3811//3811
f 3838//3838 3837//3837 3811//3811
f 3830//3830 3805//3805 3806//3806
f 3811//3811 3820//3820 3839//3839
f 3811//3811 3839//3839 3838//3838
f 3836//3836 3809//3809 3810//3810
f 3830//3830 3819//3819 3805//3805
f 3831//3831 3806//3806 3807//3807
f 3818//3818 3805//3805 3819//3819
f 3818//3818 3819//3819 3829//3829
f 3821//3821 3820//3820 3812//3812
f 3821//3821 3812//3812 3813//3813
f 3821//3821 3813//3813 3814//3814
f 3822//3822 3821//3821 3814//3814
f 3823//3823 3814//3814 3815//3815
f 3824//3824 3823//3823 3815//3815
f 3824//3824 3815//3815 3816//3816
f 3823//3823 3822//3822 3814//3814
f 3826//3826 3825//3825 3816//3816
f 3826//3826 3816//3816 3817//3817
f 3827//3827 3826//3826 3817//3817
f 3828//3828 3827//3827 3817//3817
f 3828//3828 3817//3817 3818//3818
f 3829//3829 3828//3828 3818//3818
f 3825//3825 3824//3824 3816//3816
f 3846//3846 3847//3847 3871//3871
f 3849//3849 3850//3850 3869//3869
f 3849//3849 3869//3869 3870//3870
f 3848//3848 3849//3849 3870//3870
f 3848//3848 3870//3870 3871//3871
f 3847//3847 3848//3848 3871//3871
f 3846//3846 3871//3871 3872//3872
f 3845//3845 3872//3872 3873//3873
f 3841//3841 3876//3876 3877//3877
f 3844//3844 3873//3873 3874//3874
f 3844//3844 3845//3845 3873//3873
f 3843//3843 3844//3844 3874//3874
f 3843//3843 3874//3874 3875//3875
f 3842//3842 3843//3843 3875//3875
f 3842//3842 3875//3875 3876//3876
f 3841//3841 3842//3842 3876//3876
f 3850//3850 3868//3868 3869//3869
f 3845//3845 3846//3846 3872//3872
f 3850//3850 3840//3840 3868//3868
f 3858//3858 3859//3859 3862//3862
f 3840//3840 3851//3851 3867//3867
f 3840//3840 3867//3867 3868//3868
f 3841//3841 3877//3877 3861//3861
f 3860//3860 3841//3841 3861//3861
f 3859//3859 3860//3860 3861//3861
f 3859//3859 3861//3861 3862//3862
f 3857//3857 3858//3858 3863//3863
f 3856//3856 3857//3857 3863//3863
f 3856//3856 3863//3863 3864//3864
f 3858//3858 3862//3862 3863//3863
f 3854//3854 3864//3864 3865//3865
f 3854//3854 3855//3855 3864//3864
f 3853//3853 3854//3854 3865//3865
f 3853//3853 3865//3865 3866//3866
f 3852//3852 3853//3853 3866//3866
f 3851//3851 3852//3852 3866//3866
f 3851//3851 3866//3866 3867//3867
f 3855//3855 3856//3856 3864//3864
f 3900//3900 3890//3890 3889//3889
f 3907//3907 3883//3883 3908//3908
f 3899//3899 3898//3898 3891//3891
f 3899//3899 3891//3891 3890//3890
f 3906//3906 3885//3885 3884//3884
f 3906//3906 3884//3884 3907//3907
f 3900//3900 3899//3899 3890//3890
f 3905//3905 3885//3885 3906//3906
f 3903//3903 3887//3887 3904//3904
f 3905//3905 3886//3886 3885//3885
f 3901//3901 3889//3889 3888//3888
f 3902//3902 3901//3901 3888//3888
f 3904//3904 3886//3886 3905//3905
f 3904//3904 3887//3887 3886//3886
f 3903//3903 3888//3888 3887//3887
f 3903//3903 3902//3902 3888//3888
f 3907//3907 3884//3884 3883//3883
f 3901//3901 3900//3900 3889//3889
f 3898//3898 3897//3897 3891//3891
f 3893//3893 3895//3895 3894//3894
f 3897//3897 3896//3896 3892//3892
f 3891//3891 3897//3897 3892//3892
f 3879//3879 3913//3913 3912//3912
f 3878//3878 3913//3913 3879//3879
f 3878//3878 3914//3914 3913//3913
f 3880//3880 3912//3912 3911//3911
f 3878//3878 3915//3915 3914//3914
f 3881//3881 3880//3880 3911//3911
f 3878//3878 3895//3895 3915//3915
f 3881//3881 3911//3911 3910//3910
f 3880//3880 3879//3879 3912//3912
f 3882//3882 3881//3881 3910//3910
f 3882//3882 3910//3910 3916//3916
f 3893//3893 3896//3896 3895//3895
f 3882//3882 3916//3916 3909//3909
f 3883//3883 3909//3909 3908//3908
f 3883//3883 3882//3882 3909//3909
f 3894//3894 3895//3895 3878//3878
f 3892//3892 3896//3896 3893//3893
f 3924//3924 3925//3925 4146//4146
f 3924//3924 4146//4146 4148//4148
f 4152//4152 4150//4150 4144//4144
f 4156//4156 4148//4148 4149//4149
f 4154//4154 4142//4142 4153//4153
f 4155//4155 4147//4147 4141//4141
f 4158//4158 4149//4149 4147//4147
f 4160//4160 4147//4147 4155//4155
f 3924//3924 4148//4148 4156//4156
f 4161//4161 4150//4150 4152//4152
f 4161//4161 4155//4155 4150//4150
f 4157//4157 4151//4151 4154//4154
f 4155//4155 4141//4141 4150//4150
f 4160//4160 4158//4158 4147//4147
f 4159//4159 4153//4153 4097//4097
f 4149//4149 4148//4148 4145//4145
f 4148//4148 4146//4146 4140//4140
f 4152//4152 4144//4144 4151//4151
f 4145//4145 4140//4140 4143//4143
f 4146//4146 4137//4137 4140//4140
f 4147//4147 4143//4143 4141//4141
f 4146//4146 3925//3925 4136//4136
f 4144//4144 4134//4134 4142//4142
f 4144//4144 4141//4141 4139//4139
f 4149//4149 4145//4145 4143//4143
f 4150//4150 4141//4141 4144//4144
f 4157//4157 4152//4152 4151//4151
f 4145//4145 4148//4148 4140//4140
f 4153//4153 4142//4142 4135//4135
f 4151//4151 4144//4144 4142//4142
f 4153//4153 4135//4135 4096//4096
f 4153//4153 4096//4096 4097//4097
f 4149//4149 4143//4143 4147//4147
f 4154//4154 4151//4151 4142//4142
f 4158//4158 4156//4156 4149//4149
f 4166//4166 4161//4161 4157//4157
f 4162//4162 4155//4155 4161//4161
f 4172//4172 4162//4162 4166//4166
f 4173//4173 4167//4167 4163//4163
f 4173//4173 4163//4163 4171//4171
f 4174//4174 4165//4165 4162//4162
f 4174//4174 4170//4170 4165//4165
f 4175//4175 4166//4166 4167//4167
f 4176//4176 4164//4164 4170//4170
f 4176//4176 3922//3922 3923//3923
f 4176//4176 3923//3923 4164//4164
f 4174//4174 4162//4162 4172//4172
f 4177//4177 4170//4170 4174//4174
f 4175//4175 4172//4172 4166//4166
f 4173//4173 4175//4175 4167//4167
f 4178//4178 4169//4169 4168//4168
f 4146//4146 4136//4136 4137//4137
f 4169//4169 4159//4159 4168//4168
f 4159//4159 4154//4154 4153//4153
f 4169//4169 4171//4171 4163//4163
f 4166//4166 4162//4162 4161//4161
f 4156//4156 3923//3923 3924//3924
f 4163//4163 4157//4157 4154//4154
f 4161//4161 4152//4152 4157//4157
f 4163//4163 4154//4154 4159//4159
f 4164//4164 4158//4158 4160//4160
f 4162//4162 4160//4160 4155//4155
f 4165//4165 4160//4160 4162//4162
f 4167//4167 4157//4157 4163//4163
f 4168//4168 4159//4159 4097//4097
f 4164//4164 4156//4156 4158//4158
f 4170//4170 4160//4160 4165//4165
f 4164//4164 3923//3923 4156//4156
f 4166//4166 4157//4157 4167//4167
f 4169//4169 4163//4163 4159//4159
f 4170//4170 4164//4164 4160//4160
f 4168//4168 4097//4097 4098//4098
f 4143//4143 4140//4140 4138//4138
f 4117//4117 3956//3956 4109//4109
f 4143//4143 4138//4138 4141//4141
f 4120//4120 4111//4111 4112//4112
f 4117//4117 4109//4109 4118//4118
f 4117//4117 3927//3927 3928//3928
f 4120//4120 4119//4119 4111//4111
f 4121//4121 4114//4114 4093//4093
f 4122//4122 4115//4115 4110//4110
f 4122//4122 4110//4110 4119//4119
f 4123//4123 4116//4116 4113//4113
f 4123//4123 4113//4113 4115//4115
f 4124//4124 4117//4117 4118//4118
f 4125//4125 4112//4112 4114//4114
f 4124//4124 4118//4118 4116//4116
f 4125//4125 4120//4120 4112//4112
f 4125//4125 4114//4114 4121//4121
f 4126//4126 4115//4115 4122//4122
f 4117//4117 3928//3928 3956//3956
f 4124//4124 3927//3927 4117//4117
f 4114//4114 4092//4092 4093//4093
f 4119//4119 4110//4110 4111//4111
f 4109//4109 3955//3955 4106//4106
f 4110//4110 4103//4103 4107//4107
f 4108//4108 4106//4106 4104//4104
f 4111//4111 4107//4107 4105//4105
f 4112//4112 4105//4105 4092//4092
f 4113//4113 4106//4106 4108//4108
f 4110//4110 4108//4108 4103//4103
f 4112//4112 4111//4111 4105//4105
f 4114//4114 4112//4112 4092//4092
f 4115//4115 4108//4108 4110//4110
f 4116//4116 4109//4109 4106//4106
f 4116//4116 4106//4106 4113//4113
f 4179//4179 4175//4175 4173//4173
f 4111//4111 4110//4110 4107//4107
f 4115//4115 4113//4113 4108//4108
f 4118//4118 4109//4109 4116//4116
f 4144//4144 4139//4139 4134//4134
f 4126//4126 4123//4123 4115//4115
f 4128//4128 4125//4125 4121//4121
f 4137//4137 4130//4130 4129//4129
f 4138//4138 4133//4133 4131//4131
f 4137//4137 4129//4129 4133//4133
f 4135//4135 4094//4094 4095//4095
f 4138//4138 4131//4131 4132//4132
f 4134//4134 4094//4094 4135//4135
f 4139//4139 4132//4132 4128//4128
f 4137//4137 4136//4136 4130//4130
f 4136//4136 3925//3925 3926//3926
f 4139//4139 4128//4128 4134//4134
f 4140//4140 4137//4137 4133//4133
f 4141//4141 4138//4138 4132//4132
f 4142//4142 4134//4134 4135//4135
f 4140//4140 4133//4133 4138//4138
f 4141//4141 4132//4132 4139//4139
f 4136//4136 3926//3926 4130//4130
f 4127//4127 4119//4119 4120//4120
f 4132//4132 4125//4125 4128//4128
f 4133//4133 4127//4127 4131//4131
f 4127//4127 4120//4120 4125//4125
f 4129//4129 4126//4126 4122//4122
f 4130//4130 4116//4116 4123//4123
f 4130//4130 4124//4124 4116//4116
f 4130//4130 4123//4123 4126//4126
f 4094//4094 4121//4121 4093//4093
f 4127//4127 4122//4122 4119//4119
f 3926//3926 3927//3927 4124//4124
f 4132//4132 4127//4127 4125//4125
f 4133//4133 4122//4122 4127//4127
f 3926//3926 4124//4124 4130//4130
f 4132//4132 4131//4131 4127//4127
f 4134//4134 4128//4128 4121//4121
f 4134//4134 4121//4121 4094//4094
f 4129//4129 4130//4130 4126//4126
f 4133//4133 4129//4129 4122//4122
f 4180//4180 4174//4174 4172//4172
f 4205//4205 4202//4202 4195//4195
f 4181//4181 4172//4172 4175//4175
f 3918//3918 4213//4213 4216//4216
f 4218//4218 4214//4214 4217//4217
f 4218//4218 4216//4216 4214//4214
f 4218//4218 4217//4217 3958//3958
f 4216//4216 3917//3917 3918//3918
f 4218//4218 3958//3958 3959//3959
f 3917//3917 4216//4216 4218//4218
f 4218//4218 3959//3959 3960//3960
f 3917//3917 4218//4218 3960//3960
f 4094//4094 4093//4093 4224//4224
f 4095//4095 4094//4094 4224//4224
f 4096//4096 4135//4135 4095//4095
f 4100//4100 4099//4099 4101//4101
f 4228//4228 4219//4219 4223//4223
f 4228//4228 4091//4091 4219//4219
f 4217//4217 4215//4215 3957//3957
f 4228//4228 4092//4092 4091//4091
f 4217//4217 4212//4212 4215//4215
f 4217//4217 4214//4214 4212//4212
f 4209//4209 3962//3962 3963//3963
f 4213//4213 4205//4205 4206//4206
f 4210//4210 3918//3918 3919//3919
f 4214//4214 4206//4206 4207//4207
f 4214//4214 4213//4213 4206//4206
f 4214//4214 4207//4207 4212//4212
f 4211//4211 4209//4209 3963//3963
f 4213//4213 4210//4210 4205//4205
f 4215//4215 4212//4212 4208//4208
f 4215//4215 4208//4208 4211//4211
f 4211//4211 3963//3963 3964//3964
f 4215//4215 4211//4211 3964//3964
f 3918//3918 4210//4210 4213//4213
f 4216//4216 4213//4213 4214//4214
f 4215//4215 3964//3964 3957//3957
f 4217//4217 3957//3957 3958//3958
f 4212//4212 4207//4207 4208//4208
f 4228//4228 4223//4223 4222//4222
f 4228//4228 4093//4093 4092//4092
f 4239//4239 4236//4236 4237//4237
f 4239//4239 3947//3947 3946//3946
f 3946//3946 3945//3945 4239//4239
f 4240//4240 4232//4232 4231//4231
f 4240//4240 4231//4231 3944//3944
f 4240//4240 3944//3944 3943//3943
f 4240//4240 3943//3943 3942//3942
f 4241//4241 4233//4233 4232//4232
f 4241//4241 4234//4234 4233//4233
f 4241//4241 3939//3939 4234//4234
f 4241//4241 4232//4232 4240//4240
f 3942//3942 3941//3941 4240//4240
f 4241//4241 4240//4240 3941//3941
f 4241//4241 3941//3941 3940//3940
f 4241//4241 3940//3940 3939//3939
f 4239//4239 4235//4235 4236//4236
f 4228//4228 4222//4222 4221//4221
f 4239//4239 3945//3945 4235//4235
f 4239//4239 4237//4237 4238//4238
f 4228//4228 4221//4221 4220//4220
f 4224//4224 4093//4093 4228//4228
f 4224//4224 4228//4228 4220//4220
f 4229//4229 4096//4096 4227//4227
f 4229//4229 4097//4097 4096//4096
f 4229//4229 4098//4098 4097//4097
f 4229//4229 4227//4227 4226//4226
f 4230//4230 4098//4098 4229//4229
f 4230//4230 4229//4229 4226//4226
f 4230//4230 4099//4099 4098//4098
f 4230//4230 4226//4226 4225//4225
f 4230//4230 4101//4101 4099//4099
f 4101//4101 4230//4230 4225//4225
f 3947//3947 3949//3949 3948//3948
f 3947//3947 4238//4238 3949//3949
f 4239//4239 4238//4238 3947//3947
f 4177//4177 4176//4176 4170//4170
f 4211//4211 4204//4204 4209//4209
f 4210//4210 3919//3919 4202//4202
f 4185//4185 4187//4187 4182//4182
f 4189//4189 4188//4188 4181//4181
f 4190//4190 4189//4189 4179//4179
f 4187//4187 4184//4184 4182//4182
f 4191//4191 4185//4185 4178//4178
f 4186//4186 4180//4180 4188//4188
f 4192//4192 4178//4178 4183//4183
f 4193//4193 4184//4184 4187//4187
f 4192//4192 4191//4191 4178//4178
f 4193//4193 4190//4190 4184//4184
f 4194//4194 4183//4183 4099//4099
f 4195//4195 4189//4189 4190//4190
f 4100//4100 4194//4194 4099//4099
f 4196//4196 4188//4188 4189//4189
f 3920//3920 4186//4186 4188//4188
f 4190//4190 4179//4179 4184//4184
f 4193//4193 4195//4195 4190//4190
f 4189//4189 4181//4181 4179//4179
f 4188//4188 4180//4180 4181//4181
f 4182//4182 4173//4173 4171//4171
f 4182//4182 4171//4171 4169//4169
f 4183//4183 4168//4168 4098//4098
f 4183//4183 4178//4178 4168//4168
f 3922//3922 4176//4176 4177//4177
f 4185//4185 4169//4169 4178//4178
f 4179//4179 4181//4181 4175//4175
f 4180//4180 4177//4177 4174//4174
f 4184//4184 4179//4179 4173//4173
f 4181//4181 4180//4180 4172//4172
f 4185//4185 4182//4182 4169//4169
f 4183//4183 4098//4098 4099//4099
f 4184//4184 4173//4173 4182//4182
f 4186//4186 4177//4177 4180//4180
f 4186//4186 3922//3922 4177//4177
f 4186//4186 3921//3921 3922//3922
f 4211//4211 4208//4208 4204//4204
f 4191//4191 4187//4187 4185//4185
f 3920//3920 3921//3921 4186//4186
f 3961//3961 4200//4200 4100//4100
f 4206//4206 4201//4201 4198//4198
f 4107//4107 4103//4103 4102//4102
f 4207//4207 4198//4198 4203//4203
f 3919//3919 3920//3920 4196//4196
f 4203//4203 4199//4199 4204//4204
f 3919//3919 4196//4196 4202//4202
f 4207//4207 4206//4206 4198//4198
f 4208//4208 4207//4207 4203//4203
f 4209//4209 4204//4204 4200//4200
f 4206//4206 4205//4205 4201//4201
f 3962//3962 4200//4200 3961//3961
f 4208//4208 4203//4203 4204//4204
f 3962//3962 4209//4209 4200//4200
f 4210//4210 4202//4202 4205//4205
f 4100//4100 3938//3938 3961//3961
f 4194//4194 4192//4192 4183//4183
f 4205//4205 4195//4195 4201//4201
f 4204//4204 4192//4192 4200//4200
f 4198//4198 4197//4197 4187//4187
f 4198//4198 4187//4187 4191//4191
f 4196//4196 4189//4189 4195//4195
f 4197//4197 4193//4193 4187//4187
f 4199//4199 4191//4191 4192//4192
f 3920//3920 4188//4188 4196//4196
f 4200//4200 4192//4192 4194//4194
f 4201//4201 4193//4193 4197//4197
f 4202//4202 4196//4196 4195//4195
f 4201//4201 4197//4197 4198//4198
f 4201//4201 4195//4195 4193//4193
f 4203//4203 4191//4191 4199//4199
f 4203//4203 4198//4198 4191//4191
f 4200//4200 4194//4194 4100//4100
f 4204//4204 4199//4199 4192//4192
f 4100//4100 4101//4101 3938//3938
f 4106//4106 3955//3955 3954//3954
f 3954//3954 4087//4087 4084//4084
f 4107//4107 4102//4102 4105//4105
f 3935//3935 3936//3936 4005//4005
f 4006//4006 3944//3944 3945//3945
f 4007//4007 3998//3998 3999//3999
f 4011//4011 4007//4007 4000//4000
f 4009//4009 4001//4001 4002//4002
f 4010//4010 4005//4005 4003//4003
f 4010//4010 4003//4003 4004//4004
f 4012//4012 4000//4000 4009//4009
f 4013//4013 3998//3998 4007//4007
f 4013//4013 4008//4008 3998//3998
f 4014//4014 4005//4005 4010//4010
f 4013//4013 4007//4007 4011//4011
f 4011//4011 4000//4000 4012//4012
f 4015//4015 4002//4002 4006//4006
f 4016//4016 4010//4010 4004//4004
f 4008//4008 4004//4004 3998//3998
f 4017//4017 4004//4004 4008//4008
f 4009//4009 4000//4000 4001//4001
f 4004//4004 4003//4003 3996//3996
f 4001//4001 3991//3991 3943//3943
f 4002//4002 3943//3943 3944//3944
f 3999//3999 3998//3998 3989//3989
f 3936//3936 3993//3993 3995//3995
f 4003//4003 3994//3994 3996//3996
f 4000//4000 3999//3999 3989//3989
f 3998//3998 3996//3996 3992//3992
f 4003//4003 3997//3997 3994//3994
f 4004//4004 3996//3996 3998//3998
f 4005//4005 3995//3995 3997//3997
f 4000//4000 3991//3991 4001//4001
f 4001//4001 3943//3943 4002//4002
f 4003//4003 4005//4005 3997//3997
f 4007//4007 3999//3999 4000//4000
f 4006//4006 4002//4002 3944//3944
f 4005//4005 3936//3936 3995//3995
f 4000//4000 3989//3989 3991//3991
f 4014//4014 3935//3935 4005//4005
f 4017//4017 4016//4016 4004//4004
f 4026//4026 4018//4018 4015//4015
f 4027//4027 3934//3934 4016//4016
f 4027//4027 4016//4016 4025//4025
f 4028//4028 4021//4021 4019//4019
f 4029//4029 4015//4015 4022//4022
f 4028//4028 4024//4024 4021//4021
f 4020//4020 4028//4028 4019//4019
f 4026//4026 4015//4015 4029//4029
f 4026//4026 4023//4023 4018//4018
f 4027//4027 3933//3933 3934//3934
f 4031//4031 4020//4020 4023//4023
f 4030//4030 4024//4024 4028//4028
f 4033//4033 4022//4022 3946//3946
f 4030//4030 4025//4025 4024//4024
f 4032//4032 4020//4020 4031//4031
f 4024//4024 4025//4025 4017//4017
f 4015//4015 4009//4009 4002//4002
f 4023//4023 4012//4012 4018//4018
f 4021//4021 4013//4013 4019//4019
f 4017//4017 4008//4008 4013//4013
f 4014//4014 3934//3934 3935//3935
f 4108//4108 4104//4104 4103//4103
f 4020//4020 4011//4011 4012//4012
f 4019//4019 4013//4013 4011//4011
f 4015//4015 4018//4018 4009//4009
f 3946//3946 4006//4006 3945//3945
f 4020//4020 4019//4019 4011//4011
f 3934//3934 4014//4014 4010//4010
f 3934//3934 4010//4010 4016//4016
f 4022//4022 4006//4006 3946//3946
f 4022//4022 4015//4015 4006//4006
f 4023//4023 4020//4020 4012//4012
f 4024//4024 4017//4017 4013//4013
f 4025//4025 4016//4016 4017//4017
f 4024//4024 4013//4013 4021//4021
f 4032//4032 4028//4028 4020//4020
f 3998//3998 3992//3992 3989//3989
f 3996//3996 3994//3994 3988//3988
f 3974//3974 3970//3970 3968//3968
f 3975//3975 3957//3957 3971//3971
f 3973//3973 3968//3968 3940//3940
f 3974//3974 3972//3972 3970//3970
f 3958//3958 3957//3957 3975//3975
f 3976//3976 3975//3975 3971//3971
f 3972//3972 3971//3971 3969//3969
f 3977//3977 3968//3968 3973//3973
f 3978//3978 3958//3958 3975//3975
f 3979//3979 3973//3973 3941//3941
f 3980//3980 3971//3971 3972//3972
f 3977//3977 3974//3974 3968//3968
f 3980//3980 3976//3976 3971//3971
f 3978//3978 3959//3959 3958//3958
f 3981//3981 3975//3975 3976//3976
f 3973//3973 3940//3940 3941//3941
f 3982//3982 3972//3972 3974//3974
f 3972//3972 3969//3969 3970//3970
f 3970//3970 3966//3966 3968//3968
f 3950//3950 3949//3949 4219//4219
f 3965//3965 3961//3961 3938//3938
f 3966//3966 3961//3961 3965//3965
f 3940//3940 3938//3938 3939//3939
f 3966//3966 3962//3962 3961//3961
f 3965//3965 3938//3938 3940//3940
f 3967//3967 3963//3963 3962//3962
f 3967//3967 3962//3962 3966//3966
f 3968//3968 3966//3966 3965//3965
f 3969//3969 3963//3963 3967//3967
f 3970//3970 3967//3967 3966//3966
f 3968//3968 3965//3965 3940//3940
f 3969//3969 3964//3964 3963//3963
f 3971//3971 3964//3964 3969//3969
f 3969//3969 3967//3967 3970//3970
f 3971//3971 3957//3957 3964//3964
f 3997//3997 3995//3995 3990//3990
f 3942//3942 3979//3979 3941//3941
f 3982//3982 3974//3974 3977//3977
f 3989//3989 3983//3983 3979//3979
f 3987//3987 3937//3937 3960//3960
f 3992//3992 3986//3986 3989//3989
f 3993//3993 3987//3987 3985//3985
f 3992//3992 3988//3988 3986//3986
f 3943//3943 3991//3991 3942//3942
f 3994//3994 3984//3984 3988//3988
f 3989//3989 3979//3979 3991//3991
f 3987//3987 3936//3936 3937//3937
f 3994//3994 3990//3990 3984//3984
f 3993//3993 3985//3985 3990//3990
f 3996//3996 3988//3988 3992//3992
f 3997//3997 3990//3990 3994//3994
f 3995//3995 3993//3993 3990//3990
f 3993//3993 3936//3936 3987//3987
f 3989//3989 3986//3986 3983//3983
f 3983//3983 3973//3973 3979//3979
f 3991//3991 3979//3979 3942//3942
f 3987//3987 3960//3960 3959//3959
f 3960//3960 3937//3937 3917//3917
f 3981//3981 3978//3978 3975//3975
f 3982//3982 3980//3980 3972//3972
f 3983//3983 3977//3977 3973//3973
f 3984//3984 3980//3980 3982//3982
f 3985//3985 3976//3976 3980//3980
f 3985//3985 3981//3981 3976//3976
f 3986//3986 3982//3982 3977//3977
f 3987//3987 3978//3978 3981//3981
f 3987//3987 3959//3959 3978//3978
f 3986//3986 3977//3977 3983//3983
f 3985//3985 3987//3987 3981//3981
f 3988//3988 3982//3982 3986//3986
f 3984//3984 3985//3985 3980//3980
f 3988//3988 3984//3984 3982//3982
f 3990//3990 3985//3985 3984//3984
f 4033//4033 4029//4029 4022//4022
f 4018//4018 4012//4012 4009//4009
f 4035//4035 4025//4025 4030//4030
f 3930//3930 4069//4069 4076//4076
f 4080//4080 4070//4070 4074//4074
f 3951//3951 4078//4078 4073//4073
f 4077//4077 4076//4076 4071//4071
f 4080//4080 4077//4077 4070//4070
f 4081//4081 4076//4076 4077//4077
f 4078//4078 4072//4072 4068//4068
f 4082//4082 4074//4074 4079//4079
f 4083//4083 4075//4075 4072//4072
f 4082//4082 4080//4080 4074//4074
f 3951//3951 4083//4083 4078//4078
f 4081//4081 3930//3930 4076//4076
f 4034//4034 4028//4028 4032//4032
f 4084//4084 4075//4075 4083//4083
f 4083//4083 4072//4072 4078//4078
f 4079//4079 4074//4074 4075//4075
f 4073//4073 3948//3948 3950//3950
f 4075//4075 4074//4074 4066//4066
f 4069//4069 3931//3931 4061//4061
f 4071//4071 4062//4062 4070//4070
f 4069//4069 4060//4060 4071//4071
f 4072//4072 4066//4066 4065//4065
f 4073//4073 4063//4063 3948//3948
f 4074//4074 4067//4067 4066//4066
f 4074//4074 4064//4064 4067//4067
f 4070//4070 4064//4064 4074//4074
f 4075//4075 4066//4066 4072//4072
f 4073//4073 4068//4068 4063//4063
f 4076//4076 4069//4069 4071//4071
f 4069//4069 3930//3930 3931//3931
f 4077//4077 4071//4071 4070//4070
f 3948//3948 3949//3949 3950//3950
f 4078//4078 4068//4068 4073//4073
f 4083//4083 3951//3951 3952//3952
f 4083//4083 3952//3952 3953//3953
f 4084//4084 4079//4079 4075//4075
f 4085//4085 4082//4082 4079//4079
f 3956//3956 4090//4090 4109//4109
f 4089//4089 3928//3928 3929//3929
f 3928//3928 4089//4089 3956//3956
f 3950//3950 3951//3951 4073//4073
f 3952//3952 3951//3951 3950//3950
f 4091//4091 3950//3950 4219//4219
f 4102//4102 3950//3950 4091//4091
f 4102//4102 3952//3952 3950//3950
f 4103//4103 3953//3953 3952//3952
f 4103//4103 3952//3952 4102//4102
f 4105//4105 4102//4102 4091//4091
f 4104//4104 3954//3954 3953//3953
f 4104//4104 3953//3953 4103//4103
f 4105//4105 4091//4091 4092//4092
f 4106//4106 3954//3954 4104//4104
f 3956//3956 4089//4089 4088//4088
f 4072//4072 4065//4065 4068//4068
f 3956//3956 4088//4088 4090//4090
f 4090//4090 4087//4087 3955//3955
f 4086//4086 4080//4080 4082//4082
f 4087//4087 4079//4079 4084//4084
f 4081//4081 3929//3929 3930//3930
f 4084//4084 4083//4083 3953//3953
f 4086//4086 4081//4081 4080//4080
f 4087//4087 4085//4085 4079//4079
f 4085//4085 4086//4086 4082//4082
f 4088//4088 4086//4086 4085//4085
f 4084//4084 3953//3953 3954//3954
f 3929//3929 4081//4081 4086//4086
f 4089//4089 3929//3929 4086//4086
f 4090//4090 4085//4085 4087//4087
f 3955//3955 4087//4087 3954//3954
f 4089//4089 4086//4086 4088//4088
f 4090//4090 4088//4088 4085//4085
f 4090//4090 3955//3955 4109//4109
f 4071//4071 4060//4060 4062//4062
f 4080//4080 4081//4081 4077//4077
f 4070//4070 4062//4062 4064//4064
f 3932//3932 4035//4035 4039//4039
f 4044//4044 4036//4036 4038//4038
f 4045//4045 4034//4034 4040//4040
f 3932//3932 3933//3933 4035//4035
f 4046//4046 4033//4033 4042//4042
f 4044//4044 4043//4043 4036//4036
f 4046//4046 4041//4041 4033//4033
f 4047//4047 4045//4045 4040//4040
f 4048//4048 4038//4038 4041//4041
f 4045//4045 4039//4039 4034//4034
f 4049//4049 4041//4041 4046//4046
f 4047//4047 4040//4040 4043//4043
f 4048//4048 4044//4044 4038//4038
f 4051//4051 4039//4039 4045//4045
f 4052//4052 4043//4043 4044//4044
f 4040//4040 4034//4034 4032//4032
f 4050//4050 4042//4042 3947//3947
f 4043//4043 4040//4040 4036//4036
f 4042//4042 4033//4033 3946//3946
f 4035//4035 4027//4027 4025//4025
f 4036//4036 4031//4031 4023//4023
f 4036//4036 4023//4023 4026//4026
f 4037//4037 4030//4030 4028//4028
f 4065//4065 4066//4066 4056//4056
f 4038//4038 4026//4026 4029//4029
f 4035//4035 3933//3933 4027//4027
f 4040//4040 4032//4032 4031//4031
f 4036//4036 4026//4026 4038//4038
f 4035//4035 4030//4030 4039//4039
f 4036//4036 4040//4040 4031//4031
f 4041//4041 4029//4029 4033//4033
f 4039//4039 4030//4030 4037//4037
f 4042//4042 3946//3946 3947//3947
f 4041//4041 4038//4038 4029//4029
f 4039//4039 4037//4037 4034//4034
f 4053//4053 4044//4044 4048//4048
f 4037//4037 4028//4028 4034//4034
f 4054//4054 4043//4043 4052//4052
f 4062//4062 4053//4053 4057//4057
f 4064//4064 4057//4057 4059//4059
f 4062//4062 4052//4052 4053//4053
f 4066//4066 4059//4059 4056//4056
f 4060//4060 4054//4054 4052//4052
f 4065//4065 4056//4056 4055//4055
f 4063//4063 4055//4055 4050//4050
f 4061//4061 4058//4058 4051//4051
f 4064//4064 4062//4062 4057//4057
f 4063//4063 4050//4050 3948//3948
f 4062//4062 4060//4060 4052//4052
f 4067//4067 4064//4064 4059//4059
f 4067//4067 4059//4059 4066//4066
f 4068//4068 4065//4065 4055//4055
f 4068//4068 4055//4055 4063//4063
f 4069//4069 4061//4061 4060//4060
f 4061//4061 3931//3931 4058//4058
f 4060//4060 4051//4051 4047//4047
f 4061//4061 4051//4051 4060//4060
f 4055//4055 4056//4056 4046//4046
f 4049//4049 4048//4048 4041//4041
f 4055//4055 4042//4042 4050//4050
f 4056//4056 4049//4049 4046//4046
f 4054//4054 4047//4047 4043//4043
f 4057//4057 4048//4048 4049//4049
f 4053//4053 4052//4052 4044//4044
f 4059//4059 4057//4057 4049//4049
f 4050//4050 3947//3947 3948//3948
f 4051//4051 4045//4045 4047//4047
f 4055//4055 4046//4046 4042//4042
f 4058//4058 3932//3932 4051//4051
f 4059//4059 4049//4049 4056//4056
f 4060//4060 4047//4047 4054//4054
f 4057//4057 4053//4053 4048//4048
f 4051//4051 3932//3932 4039//4039
f 4245//4245 4243//4243 4242//4242
f 4244//4244 4243//4243 4245//4245
f 4254//4254 4249//4249 4246//4246
f 4255//4255 4256//4256 4251//4251
f 4256//4256 4252//4252 4251//4251
f 4254//4254 4246//4246 4253//4253
f 4255//4255 4251//4251 4250//4250
f 4254//4254 4255//4255 4249//4249
f 4255//4255 4250//4250 4249//4249
f 4256//4256 4247//4247 4252//4252
f 4248//4248 4247//4247 4256//4256
f 4279//4279 4259//4259 4258//4258
f 4259//4259 4257//4257 4258//4258
f 4261//4261 4263//4263 4262//4262
f 4265//4265 4264//4264 4263//4263
f 4275//4275 4274//4274 4277//4277
f 4270//4270 4268//4268 4271//4271
f 4275//4275 4277//4277 4276//4276
f 4270//4270 4269//4269 4268//4268
f 4271//4271 4268//4268 4272//4272
f 4272//4272 4267//4267 4266//4266
f 4272//4272 4268//4268 4267//4267
f 4273//4273 4278//4278 4277//4277
f 4265//4265 4263//4263 4261//4261
f 4273//4273 4272//4272 4278//4278
f 4272//4272 4260//4260 4278//4278
f 4266//4266 4261//4261 4260//4260
f 4278//4278 4260//4260 4279//4279
f 4266//4266 4265//4265 4261//4261
f 4279//4279 4260//4260 4259//4259
f 4272//4272 4266//4266 4260//4260
f 4274//4274 4273//4273 4277//4277
f 4291//4291 4286//4286 4290//4290
f 4291//4291 4280//4280 4286//4286
f 4288//4288 4289//4289 4285//4285
f 4289//4289 4284//4284 4285//4285
f 4289//4289 4283//4283 4284//4284
f 4289//4289 4290//4290 4283//4283
f 4290//4290 4282//4282 4283//4283
f 4288//4288 4281//4281 4287//4287
f 4288//4288 4285//4285 4281//4281
f 4290//4290 4286//4286 4282//4282
f 4295//4295 4292//4292 4294//4294
f 4295//4295 4293//4293 4292//4292
f 4296//4296 4293//4293 4295//4295
f 4307//4307 4298//4298 4306//4306
f 4303//4303 4300//4300 4301//4301
f 4303//4303 4301//4301 4297//4297
f 4303//4303 4297//4297 4302//4302
f 4305//4305 4306//4306 4299//4299
f 4305//4305 4299//4299 4300//4300
f 4304//4304 4305//4305 4300//4300
f 4303//4303 4304//4304 4300//4300
f 4306//4306 4298//4298 4299//4299
f 4312//4312 4308//4308 4310//4310
f 4312//4312 4309//4309 4308//4308
f 4312//4312 4310//4310 4311//4311
f 4321//4321 4316//4316 4317//4317
f 4321//4321 4317//4317 4318//4318
f 4322//4322 4323//4323 4315//4315
f 4323//4323 4314//4314 4315//4315
f 4324//4324 4314//4314 4323//4323
f 4322//4322 4315//4315 4316//4316
f 4320//4320 4313//4313 4319//4319
f 4320//4320 4318//4318 4313//4313
f 4321//4321 4322//4322 4316//4316
f 4320//4320 4321//4321 4318//4318
f 4327//4327 4326//4326 4325//4325
f 4328//4328 4326//4326 4327//4327
