# OMX visual mesh; coordinates in metres
mtllib materials.mtl
usemtl black_fasteners
v 0.0049000 -0.0010720 0.0001480
v 0.0049000 -0.0010473 -0.0002775
v 0.0049000 -0.0008015 -0.0007306
v 0.0048999 -0.0003043 -0.0010490
v 0.0049000 0.0002871 -0.0010459
v 0.0048999 0.0007700 -0.0007700
v 0.0049000 0.0010473 -0.0002775
v 0.0049000 0.0010720 0.0001480
v 0.0049000 0.0008810 0.0006400
v 0.0049000 0.0005220 0.0009445
v 0.0049000 0.0001200 0.0010779
v 0.0049000 -0.0003340 0.0010281
v 0.0049000 -0.0007028 0.0008229
v 0.0049000 -0.0009445 0.0005220
v 0.0049000 -0.0010720 0.0001480
v 0.0049000 -0.0010473 -0.0002775
v 0.0049000 -0.0008015 -0.0007306
v 0.0048999 -0.0003043 -0.0010490
v 0.0049000 0.0002871 -0.0010459
v 0.0048999 0.0007700 -0.0007700
v 0.0049000 0.0010473 -0.0002775
v 0.0049000 0.0010720 0.0001480
v 0.0049000 0.0008810 0.0006400
v 0.0049000 0.0005220 0.0009445
v 0.0049000 0.0001200 0.0010779
v 0.0049000 -0.0003340 0.0010281
v 0.0049000 -0.0007028 0.0008229
v 0.0049000 -0.0009445 0.0005220
v 0.0051270 -0.0013041 0.0000987
v 0.0051257 0.0012981 0.0001153
v 0.0051243 0.0012174 0.0004677
v 0.0051266 0.0009999 0.0008430
v 0.0051231 0.0005992 0.0011625
v 0.0051255 0.0002385 0.0012793
v 0.0051250 -0.0000736 0.0013027
v 0.0051256 -0.0005001 0.0012073
v 0.0051245 -0.0008463 0.0009909
v 0.0051254 -0.0010533 0.0007653
v 0.0051245 -0.0012039 0.0004987
v 0.0051251 -0.0012601 -0.0003298
v 0.0051250 -0.0011273 -0.0006571
v 0.0051256 -0.0008487 -0.0009937
v 0.0051241 -0.0004045 -0.0012448
v 0.0051266 0.0001110 -0.0013031
v 0.0051243 0.0005301 -0.0011915
v 0.0051245 0.0008463 -0.0009909
v 0.0051254 0.0010533 -0.0007653
v 0.0051261 0.0012531 -0.0003867
v 0.0051270 -0.0013041 0.0000987
v 0.0051257 0.0012981 0.0001153
v 0.0051243 0.0012174 0.0004677
v 0.0051266 0.0009999 0.0008430
v 0.0051231 0.0005992 0.0011625
v 0.0051255 0.0002385 0.0012793
v 0.0051250 -0.0000736 0.0013027
v 0.0051256 -0.0005001 0.0012073
v 0.0051245 -0.0008463 0.0009909
v 0.0051254 -0.0010533 0.0007653
v 0.0051245 -0.0012039 0.0004987
v 0.0051251 -0.0012601 -0.0003298
v 0.0051250 -0.0011273 -0.0006571
v 0.0051256 -0.0008487 -0.0009937
v 0.0051241 -0.0004045 -0.0012448
v 0.0051266 0.0001110 -0.0013031
v 0.0051243 0.0005301 -0.0011915
v 0.0051245 0.0008463 -0.0009909
v 0.0051254 0.0010533 -0.0007653
v 0.0051261 0.0012531 -0.0003867
v 0.0129000 0.0012872 -0.0002039
v 0.0129000 0.0011582 -0.0006075
v 0.0129000 0.0007602 -0.0010741
v 0.0129000 0.0002544 -0.0012790
v 0.0129000 -0.0001534 -0.0012967
v 0.0129000 -0.0006548 -0.0011364
v 0.0129000 -0.0010671 -0.0007562
v 0.0129000 -0.0012598 -0.0003402
v 0.0129000 -0.0013026 0.0001180
v 0.0129000 -0.0011364 0.0006548
v 0.0129000 -0.0008073 0.0010241
v 0.0129000 -0.0004519 0.0012251
v 0.0129000 -0.0000366 0.0013044
v 0.0129000 0.0004039 0.0012429
v 0.0129000 0.0007660 0.0010543
v 0.0129000 0.0010671 0.0007562
v 0.0129000 0.0012851 0.0002556
v 0.0129000 0.0012872 -0.0002039
v 0.0129000 0.0011582 -0.0006075
v 0.0129000 0.0007602 -0.0010741
v 0.0129000 0.0002544 -0.0012790
v 0.0129000 -0.0001534 -0.0012967
v 0.0129000 -0.0006548 -0.0011364
v 0.0129000 -0.0010671 -0.0007562
v 0.0129000 -0.0012598 -0.0003402
v 0.0129000 -0.0013026 0.0001180
v 0.0129000 -0.0011364 0.0006548
v 0.0129000 -0.0008073 0.0010241
v 0.0129000 -0.0004519 0.0012251
v 0.0129000 -0.0000366 0.0013044
v 0.0129000 0.0004039 0.0012429
v 0.0129000 0.0007660 0.0010543
v 0.0129000 0.0010671 0.0007562
v 0.0129000 0.0012851 0.0002556
v 0.0129003 0.0023117 0.0006116
v 0.0129027 0.0013662 0.0019702
v 0.0129001 0.0008422 0.0022329
v 0.0129016 0.0001454 0.0023885
v 0.0129003 -0.0012792 0.0020372
v 0.0129015 -0.0019746 0.0013622
v 0.0129008 -0.0023440 0.0005457
v 0.0129005 -0.0023211 -0.0005951
v 0.0129016 -0.0018366 -0.0015400
v 0.0129010 -0.0011947 -0.0020856
v 0.0129001 -0.0002060 -0.0023826
v 0.0129091 0.0006559 -0.0023271
v 0.0129001 0.0011948 -0.0020724
v 0.0129012 0.0019628 -0.0013938
v 0.0140066 0.0023902 -0.0003398
v 0.0139834 0.0022936 -0.0009040
v 0.0139945 0.0019340 -0.0014944
v 0.0139847 0.0014317 -0.0019988
v 0.0139870 0.0009237 -0.0022738
v 0.0139988 0.0002815 -0.0024193
v 0.0140132 -0.0004577 -0.0023598
v 0.0139905 -0.0014620 -0.0019644
v 0.0139808 -0.0018101 -0.0016718
v 0.0140082 -0.0020197 -0.0013164
v 0.0139822 -0.0022613 -0.0009763
v 0.0139857 -0.0024015 -0.0005227
v 0.0134447 -0.0027515 0.0001876
v 0.0136492 -0.0027248 -0.0001124
v 0.0138282 -0.0026256 -0.0001977
v 0.0139816 -0.0024649 -0.0000358
v 0.0129628 -0.0024973 -0.0000801
v 0.0131396 -0.0026630 0.0001504
v 0.0132430 -0.0027153 -0.0000983
v 0.0129022 0.0023859 -0.0002846
v 0.0130285 0.0025735 -0.0001116
v 0.0131850 0.0026883 -0.0000928
v 0.0134003 0.0027496 0.0001172
v 0.0135950 0.0027386 -0.0000000
v 0.0137527 0.0026764 0.0001128
v 0.0138936 0.0025715 -0.0001238
v 0.0139723 0.0024744 0.0001459
v 0.0138852 0.0025178 -0.0005905
v 0.0136930 0.0026907 -0.0003196
v 0.0134839 0.0027349 -0.0003238
v 0.0136956 0.0026079 -0.0007307
v 0.0133082 0.0027136 -0.0003379
v 0.0134249 0.0026582 -0.0007344
v 0.0138363 0.0023826 -0.0011004
v 0.0131618 0.0026042 -0.0006404
v 0.0136112 0.0024953 -0.0011314
v 0.0138746 0.0021572 -0.0014361
v 0.0130225 0.0024921 -0.0006428
v 0.0133304 0.0024603 -0.0012160
v 0.0136954 0.0022491 -0.0015097
v 0.0138763 0.0018834 -0.0017816
v 0.0131062 0.0024079 -0.0010886
v 0.0134838 0.0022898 -0.0015301
v 0.0129544 0.0023362 -0.0008482
v 0.0137093 0.0019176 -0.0019071
v 0.0131679 0.0021783 -0.0015695
v 0.0138817 0.0016078 -0.0020255
v 0.0135264 0.0020274 -0.0018589
v 0.0129969 0.0021488 -0.0013678
v 0.0133173 0.0020831 -0.0017817
v 0.0135680 0.0017125 -0.0021447
v 0.0137410 0.0014052 -0.0022939
v 0.0138886 0.0012652 -0.0022468
v 0.0133886 0.0017024 -0.0021595
v 0.0131589 0.0018181 -0.0019652
v 0.0129983 0.0018677 -0.0017232
v 0.0135196 0.0013732 -0.0023898
v 0.0138697 0.0008810 -0.0024419
v 0.0131853 0.0014627 -0.0022609
v 0.0129810 0.0015198 -0.0020229
v 0.0137861 0.0007990 -0.0025406
v 0.0134137 0.0011787 -0.0024880
v 0.0136021 0.0010468 -0.0025289
v 0.0139199 0.0004594 -0.0025036
v 0.0132270 0.0011320 -0.0024607
v 0.0135794 0.0007557 -0.0026382
v 0.0130018 0.0011479 -0.0022785
v 0.0137432 0.0003329 -0.0026635
v 0.0138746 0.0000985 -0.0025940
v 0.0133690 0.0007037 -0.0026594
v 0.0131111 0.0007950 -0.0025277
v 0.0135621 0.0003329 -0.0027262
v 0.0139511 -0.0003532 -0.0024834
v 0.0133677 0.0003262 -0.0027281
v 0.0136489 -0.0001098 -0.0027222
v 0.0137521 -0.0004147 -0.0026559
v 0.0132109 0.0003172 -0.0026821
v 0.0134384 -0.0001170 -0.0027536
v 0.0138421 -0.0005099 -0.0025723
v 0.0130845 0.0003009 -0.0026095
v 0.0132382 -0.0000752 -0.0027144
v 0.0139830 -0.0009118 -0.0022859
v 0.0129587 0.0002153 -0.0024840
v 0.0135121 -0.0005382 -0.0026996
v 0.0138147 -0.0009245 -0.0024789
v 0.0130455 -0.0000974 -0.0025897
v 0.0133379 -0.0005441 -0.0026874
v 0.0135520 -0.0008429 -0.0026145
v 0.0139053 -0.0012308 -0.0022499
v 0.0131389 -0.0006107 -0.0025968
v 0.0129550 -0.0004933 -0.0024441
v 0.0135637 -0.0011365 -0.0025002
v 0.0133353 -0.0009488 -0.0025721
v 0.0137486 -0.0013240 -0.0023320
v 0.0138298 -0.0015499 -0.0021280
v 0.0133515 -0.0013625 -0.0023872
v 0.0136176 -0.0015212 -0.0022710
v 0.0131167 -0.0009269 -0.0024842
v 0.0138607 -0.0018632 -0.0018249
v 0.0130069 -0.0010600 -0.0023200
v 0.0131001 -0.0013778 -0.0022541
v 0.0136690 -0.0018765 -0.0019679
v 0.0134601 -0.0017923 -0.0020969
v 0.0132524 -0.0016747 -0.0021428
v 0.0138925 -0.0021445 -0.0014274
v 0.0136462 -0.0021411 -0.0016862
v 0.0129696 -0.0015640 -0.0019680
v 0.0137303 -0.0023110 -0.0013835
v 0.0132503 -0.0019967 -0.0018460
v 0.0134665 -0.0021452 -0.0017281
v 0.0130532 -0.0018443 -0.0018367
v 0.0138709 -0.0023959 -0.0010035
v 0.0135078 -0.0024031 -0.0013458
v 0.0132510 -0.0022651 -0.0015076
v 0.0137572 -0.0025098 -0.0009287
v 0.0130975 -0.0022595 -0.0013634
v 0.0135922 -0.0025762 -0.0009351
v 0.0133387 -0.0024973 -0.0011387
v 0.0138430 -0.0025634 -0.0005378
v 0.0129538 -0.0021542 -0.0012512
v 0.0136088 -0.0026852 -0.0005461
v 0.0133611 -0.0026365 -0.0007689
v 0.0131845 -0.0025209 -0.0009311
v 0.0130293 -0.0024145 -0.0009038
v 0.0131366 -0.0026014 -0.0005773
v 0.0133435 -0.0027277 -0.0003171
v 0.0130214 -0.0025458 -0.0003681
v 0.0139817 -0.0024392 0.0003570
v 0.0139862 -0.0022486 0.0009934
v 0.0139954 -0.0020060 0.0013930
v 0.0140001 -0.0015045 0.0019122
v 0.0140110 -0.0008243 0.0022639
v 0.0139890 -0.0001070 0.0024542
v 0.0139786 0.0005748 0.0024042
v 0.0140108 0.0010829 0.0021480
v 0.0139918 0.0016677 0.0017933
v 0.0139793 0.0021389 0.0012379
v 0.0140099 0.0023250 0.0006321
v 0.0137993 -0.0026363 0.0003144
v 0.0139157 -0.0024675 0.0006560
v 0.0135786 -0.0027237 0.0003228
v 0.0137774 -0.0025652 0.0007261
v 0.0135557 -0.0026475 0.0007455
v 0.0132951 -0.0026793 0.0005323
v 0.0138363 -0.0023826 0.0011004
v 0.0131223 -0.0026017 0.0005159
v 0.0136928 -0.0024026 0.0012580
v 0.0129537 -0.0024592 0.0003751
v 0.0133747 -0.0025824 0.0009362
v 0.0135403 -0.0025022 0.0011376
v 0.0138746 -0.0021572 0.0014361
v 0.0130096 -0.0024828 0.0006196
v 0.0132065 -0.0025341 0.0009341
v 0.0134048 -0.0023575 0.0014282
v 0.0137043 -0.0021164 0.0016830
v 0.0138858 -0.0018923 0.0017573
v 0.0135131 -0.0022957 0.0015184
v 0.0129977 -0.0022973 0.0011059
v 0.0132002 -0.0023525 0.0013174
v 0.0138964 -0.0014808 0.0021060
v 0.0137555 -0.0017853 0.0019985
v 0.0134133 -0.0020242 0.0018711
v 0.0132749 -0.0021421 0.0016857
v 0.0130586 -0.0021167 0.0015216
v 0.0135529 -0.0018653 0.0020179
v 0.0136565 -0.0015027 0.0022751
v 0.0131442 -0.0018796 0.0018939
v 0.0139411 -0.0010719 0.0022788
v 0.0133122 -0.0017227 0.0021259
v 0.0129652 -0.0017856 0.0017538
v 0.0134329 -0.0014394 0.0023525
v 0.0138209 -0.0011036 0.0023949
v 0.0136518 -0.0011464 0.0024707
v 0.0138928 -0.0006661 0.0024909
v 0.0130455 -0.0015962 0.0020404
v 0.0132026 -0.0015003 0.0022410
v 0.0136909 -0.0007648 0.0025996
v 0.0134433 -0.0009445 0.0025899
v 0.0129487 -0.0013146 0.0021010
v 0.0130644 -0.0012654 0.0022832
v 0.0132496 -0.0011382 0.0024671
v 0.0138499 -0.0004088 0.0025810
v 0.0135371 -0.0005393 0.0026952
v 0.0136122 -0.0002802 0.0027253
v 0.0138459 -0.0000024 0.0026214
v 0.0131501 -0.0008986 0.0025173
v 0.0133649 -0.0006414 0.0026703
v 0.0129878 -0.0008864 0.0023688
v 0.0131700 -0.0004128 0.0026529
v 0.0133447 -0.0003274 0.0027236
v 0.0136617 0.0001129 0.0027173
v 0.0130465 -0.0004210 0.0025616
v 0.0138078 0.0004456 0.0026104
v 0.0129022 -0.0005631 0.0023307
v 0.0134935 0.0001001 0.0027512
v 0.0132503 0.0000858 0.0027179
v 0.0129541 -0.0003030 0.0024655
v 0.0135874 0.0005407 0.0026896
v 0.0139233 0.0008732 0.0023869
v 0.0133668 0.0003200 0.0027286
v 0.0130380 0.0000902 0.0025863
v 0.0137778 0.0009195 0.0025017
v 0.0131545 0.0005143 0.0026252
v 0.0136068 0.0009354 0.0025718
v 0.0139204 0.0013122 0.0021840
v 0.0133703 0.0007472 0.0026448
v 0.0138136 0.0013621 0.0022662
v 0.0129827 0.0006086 0.0024548
v 0.0134561 0.0010594 0.0025414
v 0.0132104 0.0009102 0.0025470
v 0.0136324 0.0013210 0.0023882
v 0.0134761 0.0013576 0.0023959
v 0.0132395 0.0011650 0.0024540
v 0.0137386 0.0016671 0.0021061
v 0.0138626 0.0017601 0.0019165
v 0.0129942 0.0010655 0.0023115
v 0.0135670 0.0016846 0.0021680
v 0.0133618 0.0016520 0.0021981
v 0.0132094 0.0014930 0.0022496
v 0.0138710 0.0021099 0.0015206
v 0.0137336 0.0019760 0.0018249
v 0.0130459 0.0014467 0.0021540
v 0.0135317 0.0020148 0.0018744
v 0.0131098 0.0017785 0.0019614
v 0.0132748 0.0019970 0.0018559
v 0.0136704 0.0022587 0.0015093
v 0.0133614 0.0021568 0.0017018
v 0.0130847 0.0019873 0.0017215
v 0.0134978 0.0022963 0.0015183
v 0.0138802 0.0023930 0.0009947
v 0.0129545 0.0016868 0.0018248
v 0.0136365 0.0024780 0.0011514
v 0.0132388 0.0022811 0.0014735
v 0.0129054 0.0019436 0.0014269
v 0.0133728 0.0024906 0.0011637
v 0.0136944 0.0025983 0.0007757
v 0.0139142 0.0025326 0.0003512
v 0.0138097 0.0025925 0.0005250
v 0.0130983 0.0023139 0.0012710
v 0.0134363 0.0026524 0.0007479
v 0.0132180 0.0025831 0.0008162
v 0.0129557 0.0022572 0.0010454
v 0.0130589 0.0024805 0.0008098
v 0.0136129 0.0027147 0.0003300
v 0.0134090 0.0027189 0.0004240
v 0.0132084 0.0026818 0.0003120
v 0.0129458 0.0024465 0.0003637
v 0.0130399 0.0025683 0.0003160
v 0.0143005 -0.0015521 -0.0000294
v 0.0143039 -0.0015304 0.0002690
v 0.0144463 -0.0007658 0.0002807
v 0.0144642 -0.0005346 0.0003926
v 0.0144623 -0.0003450 0.0005972
v 0.0144456 -0.0002767 0.0008033
v 0.0143048 -0.0002694 0.0015292
v 0.0143032 0.0002678 0.0015399
v 0.0144487 0.0002836 0.0007478
v 0.0144655 0.0004199 0.0004993
v 0.0144603 0.0006133 0.0003394
v 0.0144366 0.0008387 0.0002726
v 0.0143044 0.0015384 0.0002682
v 0.0142148 0.0018549 0.0000000
v 0.0142052 0.0014228 0.0012839
v 0.0143550 0.0009577 0.0009595
v 0.0142100 0.0002976 0.0018647
v 0.0141454 -0.0008651 0.0018720
v 0.0142668 -0.0011547 0.0012632
v 0.0143688 -0.0011515 0.0005368
v 0.0142387 -0.0016483 0.0006718
v 0.0141187 -0.0021352 0.0001241
v 0.0143070 -0.0015246 -0.0002691
v 0.0143028 0.0015307 -0.0002689
v 0.0144486 0.0002835 -0.0007483
v 0.0144655 0.0004190 -0.0005003
v 0.0144604 0.0006123 -0.0003399
v 0.0144367 0.0008385 -0.0002726
v 0.0143051 0.0002694 -0.0015289
v 0.0144453 -0.0002795 -0.0007744
v 0.0144647 -0.0003848 -0.0005446
v 0.0144631 -0.0005646 -0.0003685
v 0.0144408 -0.0008109 -0.0002742
v 0.0141051 -0.0021507 -0.0002819
v 0.0142387 -0.0016483 -0.0006718
v 0.0141566 0.0012809 -0.0016023
v 0.0141841 -0.0014323 -0.0013264
v 0.0141454 -0.0008648 -0.0018719
v 0.0142100 0.0002976 -0.0018648
v 0.0143023 -0.0002679 -0.0015399
v 0.0142167 0.0017150 -0.0006969
v 0.0143550 0.0009578 -0.0009596
v 0.0143691 -0.0007257 -0.0010600
v 0.0143699 -0.0011441 -0.0005405
v 0.0143005 -0.0015521 -0.0000294
v 0.0143039 -0.0015304 0.0002690
v 0.0143070 -0.0015246 -0.0002691
v 0.0137000 -0.0015286 0.0002691
v 0.0137000 -0.0015430 -0.0002623
v 0.0143070 -0.0015246 -0.0002691
v 0.0137000 -0.0015430 -0.0002623
v 0.0144453 -0.0002795 -0.0007744
v 0.0144647 -0.0003848 -0.0005446
v 0.0144631 -0.0005646 -0.0003685
v 0.0144408 -0.0008109 -0.0002742
v 0.0143023 -0.0002679 -0.0015399
v 0.0137000 -0.0002689 -0.0015295
v 0.0137000 -0.0002737 -0.0008138
v 0.0137000 -0.0003615 -0.0005781
v 0.0137000 -0.0005768 -0.0003571
v 0.0137000 -0.0008409 -0.0002715
v 0.0137000 -0.0015286 0.0002691
v 0.0137000 -0.0015430 -0.0002623
v 0.0137000 0.0002689 0.0015295
v 0.0137000 0.0002824 0.0007436
v 0.0137000 0.0004376 0.0004791
v 0.0137000 0.0007135 0.0002877
v 0.0137000 0.0015430 0.0002623
v 0.0137000 0.0015286 -0.0002691
v 0.0137000 0.0007672 -0.0002789
v 0.0137000 0.0004359 -0.0004693
v 0.0137000 0.0002760 -0.0007900
v 0.0137000 0.0002648 -0.0015403
v 0.0137000 -0.0002689 -0.0015295
v 0.0137000 -0.0002737 -0.0008138
v 0.0137000 -0.0003615 -0.0005781
v 0.0137000 -0.0005768 -0.0003571
v 0.0137000 -0.0008409 -0.0002715
v 0.0137000 -0.0007412 0.0002827
v 0.0137000 -0.0003813 0.0005311
v 0.0137000 -0.0002716 0.0008409
v 0.0137000 -0.0002648 0.0015403
v 0.0143039 -0.0015304 0.0002690
v 0.0144463 -0.0007658 0.0002807
v 0.0144642 -0.0005346 0.0003926
v 0.0144623 -0.0003450 0.0005972
v 0.0144456 -0.0002767 0.0008033
v 0.0143048 -0.0002694 0.0015292
v 0.0137000 -0.0015286 0.0002691
v 0.0137000 -0.0007412 0.0002827
v 0.0137000 -0.0003813 0.0005311
v 0.0137000 -0.0002716 0.0008409
v 0.0137000 -0.0002648 0.0015403
v 0.0143048 -0.0002694 0.0015292
v 0.0143032 0.0002678 0.0015399
v 0.0137000 0.0002689 0.0015295
v 0.0137000 -0.0002648 0.0015403
v 0.0143032 0.0002678 0.0015399
v 0.0144487 0.0002836 0.0007478
v 0.0144655 0.0004199 0.0004993
v 0.0144603 0.0006133 0.0003394
v 0.0144366 0.0008387 0.0002726
v 0.0143044 0.0015384 0.0002682
v 0.0137000 0.0002689 0.0015295
v 0.0137000 0.0002824 0.0007436
v 0.0137000 0.0004376 0.0004791
v 0.0137000 0.0007135 0.0002877
v 0.0137000 0.0015430 0.0002623
v 0.0143044 0.0015384 0.0002682
v 0.0143028 0.0015307 -0.0002689
v 0.0137000 0.0015430 0.0002623
v 0.0137000 0.0015286 -0.0002691
v 0.0143028 0.0015307 -0.0002689
v 0.0144486 0.0002835 -0.0007483
v 0.0144655 0.0004190 -0.0005003
v 0.0144604 0.0006123 -0.0003399
v 0.0144367 0.0008385 -0.0002726
v 0.0143051 0.0002694 -0.0015289
v 0.0137000 0.0015286 -0.0002691
v 0.0137000 0.0007672 -0.0002789
v 0.0137000 0.0004359 -0.0004693
v 0.0137000 0.0002760 -0.0007900
v 0.0137000 0.0002648 -0.0015403
v 0.0143051 0.0002694 -0.0015289
v 0.0143023 -0.0002679 -0.0015399
v 0.0137000 0.0002648 -0.0015403
v 0.0137000 -0.0002689 -0.0015295
vn -1.000000 0.000137 -0.000053
vn -1.000000 -0.000003 0.000021
vn -1.000000 -0.000133 0.000027
vn -1.000000 0.000101 0.000252
vn -1.000000 -0.000028 0.000040
vn -1.000000 0.000019 0.000027
vn -1.000000 0.000114 0.000056
vn -1.000000 -0.000121 -0.000108
vn -1.000000 -0.000149 -0.000123
vn -1.000000 0.000107 0.000322
vn -1.000000 -0.000001 0.000023
vn -1.000000 0.000051 -0.000164
vn -1.000000 -0.000013 -0.000001
vn -1.000000 -0.000086 0.000069
vn -0.715358 -0.692351 0.094406
vn -0.717644 -0.672944 -0.179258
vn -0.724468 -0.505236 -0.468916
vn -0.718184 -0.194625 -0.668082
vn -0.726218 0.181195 -0.663155
vn -0.723086 0.492710 -0.484133
vn -0.714553 0.673439 -0.189456
vn -0.719310 0.688191 0.094799
vn -0.714251 0.562315 0.416709
vn -0.713535 0.353586 0.604851
vn -0.718518 0.080754 0.690805
vn -0.718752 -0.211505 0.662315
vn -0.715771 -0.449310 0.534595
vn -0.720443 -0.607006 0.335418
vn -0.703272 -0.709506 0.044826
vn -0.698880 0.713892 0.043876
vn -0.712715 0.653920 0.253823
vn -0.703366 0.527577 0.476381
vn -0.716858 0.329166 0.614625
vn -0.700748 0.147284 0.698039
vn -0.706930 -0.053951 0.705222
vn -0.705656 -0.275356 0.652862
vn -0.701449 -0.456077 0.547689
vn -0.706385 -0.570036 0.419617
vn -0.704616 -0.659652 0.261489
vn -0.697519 -0.695805 -0.171238
vn -0.713152 -0.605900 -0.352562
vn -0.711387 -0.440527 -0.547598
vn -0.696385 -0.229400 -0.680018
vn -0.713239 0.044485 -0.699508
vn -0.713897 0.294921 -0.635116
vn -0.699568 0.448533 -0.556258
vn -0.721728 0.580585 -0.376870
vn -0.716814 0.663623 -0.213970
vn -0.000242 -0.997443 0.071468
vn -0.002289 0.997679 0.068050
vn -0.002055 0.930414 0.366505
vn -0.002157 0.757472 0.652864
vn -0.002257 0.473294 0.880902
vn -0.001292 0.192616 0.981273
vn -0.000705 -0.072478 0.997370
vn -0.000903 -0.379648 0.925130
vn 0.000375 -0.639897 0.768461
vn -0.000271 -0.808249 0.588840
vn -0.001296 -0.928870 0.370403
vn -0.000280 -0.970373 -0.241613
vn -0.001281 -0.858795 -0.512317
vn -0.002842 -0.642185 -0.766545
vn -0.003276 -0.308398 -0.951252
vn -0.002339 0.074147 -0.997245
vn -0.002335 0.400980 -0.916084
vn -0.001076 0.642727 -0.766095
vn -0.000693 0.816621 -0.577174
vn -0.002315 0.958961 -0.283530
vn 0.002223 0.988484 -0.151310
vn 0.002906 0.873833 -0.486218
vn 0.002858 0.584869 -0.811122
vn 0.002548 0.212364 -0.977187
vn 0.002801 -0.132271 -0.991210
vn 0.003368 -0.503100 -0.864222
vn 0.002493 -0.808466 -0.588538
vn 0.001026 -0.965613 -0.259982
vn 0.001379 -0.994708 0.102732
vn 0.001627 -0.870573 0.492037
vn 0.000958 -0.627900 0.778293
vn 0.000854 -0.344304 0.938858
vn 0.001180 -0.025282 0.999680
vn 0.002025 0.304262 0.952586
vn 0.002064 0.589479 0.807781
vn 0.002337 0.824828 0.565379
vn 0.002218 0.978614 0.205694
vn -0.999998 0.001970 -0.000321
vn -0.999999 0.001397 -0.000398
vn -1.000000 0.000532 -0.000112
vn -0.999996 0.000799 -0.002871
vn -1.000000 -0.000008 -0.000055
vn -1.000000 -0.000778 -0.000481
vn -0.999999 -0.000684 -0.000898
vn -1.000000 -0.000395 -0.000108
vn -1.000000 -0.000586 0.000157
vn -1.000000 -0.000822 0.000387
vn -1.000000 -0.000171 0.000200
vn -0.999999 0.000151 0.001346
vn -0.999999 -0.000233 0.001653
vn -0.999999 0.000653 0.001106
vn -0.999997 0.001424 0.001930
vn -0.999996 0.001853 0.002149
vn -0.999999 0.000963 -0.000398
vn -0.950265 0.299459 0.085565
vn -0.948786 0.179738 0.259806
vn -0.960123 0.097661 0.261967
vn -0.950388 0.020229 0.310410
vn -0.951369 -0.164404 0.260515
vn -0.945953 -0.266759 0.184425
vn -0.949819 -0.302796 0.078482
vn -0.946897 -0.310903 -0.082006
vn -0.943935 -0.253971 -0.210917
vn -0.943460 -0.162477 -0.288936
vn -0.951265 -0.018129 -0.307841
vn -0.929378 0.095129 -0.356661
vn -0.957115 0.143359 -0.251751
vn -0.947960 0.257152 -0.187736
vn 0.886847 0.456627 -0.070676
vn 0.850121 0.489275 -0.194689
vn 0.867294 0.396227 -0.301339
vn 0.857352 0.299428 -0.418677
vn 0.863643 0.189738 -0.467033
vn 0.875694 0.048853 -0.480388
vn 0.898104 -0.086167 -0.431258
vn 0.859105 -0.307971 -0.408769
vn 0.854157 -0.381562 -0.353308
vn 0.887480 -0.387934 -0.248771
vn 0.860013 -0.469261 -0.200429
vn 0.850228 -0.513533 -0.115738
vn -0.053736 -0.996597 0.062509
vn 0.281692 -0.958539 -0.043053
vn 0.609542 -0.790011 -0.065882
vn 0.833738 -0.552120 -0.006688
vn -0.827577 -0.561295 -0.008046
vn -0.519312 -0.852905 0.053561
vn -0.365962 -0.930118 -0.030868
vn -0.944327 0.326653 -0.039300
vn -0.709759 0.703750 -0.031273
vn -0.442111 0.896524 -0.027982
vn -0.103565 0.993878 0.038474
vn 0.212516 0.977152 -0.003322
vn 0.490640 0.870612 0.036148
vn 0.697572 0.715147 -0.044244
vn 0.855469 0.517299 0.023984
vn 0.688150 0.707093 -0.162695
vn 0.388123 0.913700 -0.120472
vn 0.051195 0.990794 -0.125326
vn 0.372477 0.894255 -0.248131
vn -0.255124 0.959549 -0.119067
vn -0.053622 0.961156 -0.270748
vn 0.609638 0.718514 -0.334782
vn -0.460591 0.861435 -0.213977
vn 0.239465 0.884859 -0.399601
vn 0.678331 0.614333 -0.403065
vn -0.722190 0.671352 -0.166521
vn -0.208445 0.878207 -0.430468
vn 0.385484 0.763370 -0.518331
vn 0.686351 0.530588 -0.497391
vn -0.569544 0.750568 -0.335064
vn 0.021439 0.832192 -0.554073
vn -0.850829 0.489988 -0.189741
vn 0.406347 0.647100 -0.645092
vn -0.466099 0.721659 -0.511821
vn 0.671152 0.467852 -0.575039
vn 0.102843 0.733708 -0.671637
vn -0.737580 0.575278 -0.353596
vn -0.224523 0.737655 -0.636753
vn 0.195906 0.613961 -0.764639
vn 0.451989 0.467126 -0.759934
vn 0.701404 0.338868 -0.627057
vn -0.138828 0.614574 -0.776547
vn -0.483451 0.592607 -0.644276
vn -0.751070 0.481874 -0.451321
vn 0.072028 0.505535 -0.859795
vn 0.678253 0.264315 -0.685646
vn -0.430061 0.487158 -0.760082
vn -0.779738 0.384516 -0.494122
vn 0.515405 0.251619 -0.819173
vn -0.091888 0.422700 -0.901599
vn 0.245364 0.370582 -0.895804
vn 0.737410 0.132890 -0.662244
vn -0.392600 0.385675 -0.834937
vn 0.196576 0.266657 -0.943532
vn -0.728994 0.301370 -0.614609
vn 0.464724 0.115910 -0.877836
vn 0.667270 0.015494 -0.744654
vn -0.164761 0.254165 -0.953024
vn -0.571289 0.239321 -0.785082
vn 0.167987 0.119011 -0.978579
vn 0.791132 -0.070346 -0.607586
vn -0.140473 0.115979 -0.983268
vn 0.316907 -0.028875 -0.948017
vn 0.459764 -0.128370 -0.878714
vn -0.400891 0.114220 -0.908978
vn -0.027800 -0.043649 -0.998660
vn 0.655498 -0.158346 -0.738410
vn -0.626152 0.101040 -0.773127
vn -0.371251 -0.030737 -0.928024
vn 0.847436 -0.191311 -0.495229
vn -0.828755 0.054760 -0.556926
vn 0.098884 -0.198329 -0.975135
vn 0.564422 -0.280498 -0.776369
vn -0.677761 -0.036071 -0.734397
vn -0.209140 -0.194239 -0.958401
vn 0.165015 -0.298165 -0.940142
vn 0.730339 -0.327102 -0.599674
vn -0.524130 -0.192192 -0.829669
vn -0.822769 -0.123467 -0.554803
vn 0.173682 -0.406354 -0.897057
vn -0.205774 -0.343671 -0.916268
vn 0.459244 -0.430084 -0.777253
vn 0.597866 -0.480464 -0.641647
vn -0.175974 -0.483649 -0.857390
vn 0.238356 -0.542486 -0.805541
vn -0.553302 -0.294291 -0.779262
vn 0.641879 -0.550875 -0.533412
vn -0.755067 -0.265251 -0.599597
vn -0.577963 -0.421093 -0.699027
vn 0.336316 -0.653322 -0.678278
vn 0.001026 -0.651497 -0.758651
vn -0.354636 -0.577410 -0.735412
vn 0.696162 -0.592488 -0.405360
vn 0.333038 -0.740942 -0.583172
vn -0.795706 -0.378215 -0.473080
vn 0.436033 -0.772966 -0.460867
vn -0.341370 -0.693143 -0.634838
vn -0.001295 -0.777185 -0.629271
vn -0.657750 -0.540338 -0.524786
vn 0.667612 -0.685318 -0.290918
vn 0.079343 -0.868832 -0.488708
vn -0.324189 -0.783506 -0.530113
vn 0.475428 -0.826006 -0.302791
vn -0.587297 -0.693055 -0.418038
vn 0.195958 -0.919701 -0.340222
vn -0.200192 -0.890762 -0.408004
vn 0.618276 -0.769536 -0.159842
vn -0.841144 -0.467976 -0.271064
vn 0.235804 -0.953151 -0.189474
vn -0.152271 -0.950745 -0.269994
vn -0.448423 -0.836688 -0.314437
vn -0.712326 -0.656154 -0.249106
vn -0.507693 -0.840922 -0.187344
vn -0.160762 -0.979506 -0.121341
vn -0.708466 -0.699641 -0.092623
vn 0.844239 -0.530288 0.077814
vn 0.855473 -0.474291 0.207877
vn 0.870029 -0.402904 0.284109
vn 0.874025 -0.307260 0.376393
vn 0.887998 -0.146263 0.435967
vn 0.858782 -0.024998 0.511731
vn 0.839556 0.117989 0.530306
vn 0.897306 0.198810 0.394103
vn 0.859011 0.349016 0.374550
vn 0.851939 0.455266 0.258715
vn 0.884071 0.448776 0.130455
vn 0.551593 -0.828592 0.095813
vn 0.746159 -0.642714 0.173680
vn 0.214213 -0.967587 0.133745
vn 0.493720 -0.835959 0.239612
vn 0.157080 -0.952849 0.259625
vn -0.243209 -0.951737 0.187204
vn 0.621536 -0.713376 0.323708
vn -0.549774 -0.820306 0.157626
vn 0.379994 -0.816462 0.434734
vn -0.805113 -0.590069 0.060092
vn -0.136681 -0.929312 0.343072
vn 0.125312 -0.907901 0.400017
vn 0.663159 -0.625087 0.411687
vn -0.715650 -0.673395 0.185431
vn -0.431987 -0.843425 0.319407
vn -0.108822 -0.856825 0.503993
vn 0.384827 -0.720175 0.577283
vn 0.702167 -0.522859 0.483300
vn 0.124629 -0.816298 0.564026
vn -0.748182 -0.600373 0.282445
vn -0.425953 -0.795640 0.430721
vn 0.693893 -0.407459 0.593708
vn 0.481148 -0.584410 0.653423
vn -0.068363 -0.734082 0.675611
vn -0.318645 -0.747148 0.583297
vn -0.650558 -0.615595 0.444767
vn 0.150896 -0.667358 0.729290
vn 0.330671 -0.521895 0.786310
vn -0.506921 -0.608995 0.610046
vn 0.795736 -0.266279 0.543967
vn -0.227753 -0.616379 0.753794
vn -0.812582 -0.415501 0.408742
vn -0.049745 -0.517369 0.854315
vn 0.583575 -0.341796 0.736625
vn 0.293015 -0.403309 0.866882
vn 0.706890 -0.180778 0.683831
vn -0.673407 -0.456925 0.581156
vn -0.418713 -0.503240 0.755929
vn 0.374107 -0.263656 0.889117
vn -0.032051 -0.342854 0.938842
vn -0.796208 -0.321403 0.512594
vn -0.637847 -0.368251 0.676419
vn -0.331086 -0.400045 0.854603
vn 0.621222 -0.116751 0.774888
vn 0.124449 -0.198296 0.972209
vn 0.252424 -0.096253 0.962817
vn 0.625490 0.002301 0.780229
vn -0.491461 -0.283459 0.823479
vn -0.175897 -0.238426 0.955098
vn -0.774903 -0.220835 0.592247
vn -0.458115 -0.135006 0.878581
vn -0.168583 -0.103699 0.980218
vn 0.339220 0.043684 0.939692
vn -0.685388 -0.126547 0.717098
vn 0.573097 0.137825 0.807815
vn -0.947465 -0.077210 0.310401
vn 0.037946 0.027882 0.998891
vn -0.345423 0.018260 0.938269
vn -0.834584 -0.058495 0.547767
vn 0.207996 0.197184 0.958048
vn 0.751364 0.232325 0.617638
vn -0.149031 0.128499 0.980448
vn -0.683517 0.024443 0.729525
vn 0.520241 0.294902 0.801488
vn -0.492343 0.167327 0.854166
vn 0.238676 0.323228 0.915728
vn 0.764612 0.333913 0.551245
vn -0.132847 0.262277 0.955805
vn 0.556618 0.424475 0.714141
vn -0.772327 0.155160 0.615984
vn -0.017291 0.387821 0.921572
vn -0.424364 0.305104 0.852541
vn 0.296393 0.456382 0.838968
vn -0.002721 0.494075 0.869415
vn -0.367568 0.408170 0.835638
vn 0.455413 0.553366 0.697413
vn 0.662071 0.507205 0.551729
vn -0.740048 0.283794 0.609746
vn 0.175575 0.609706 0.772937
vn -0.167451 0.601324 0.781262
vn -0.406789 0.495818 0.767260
vn 0.664932 0.606566 0.435825
vn 0.442003 0.659244 0.608301
vn -0.679720 0.403347 0.612611
vn 0.110504 0.720002 0.685117
vn -0.558167 0.551083 0.620288
vn -0.287306 0.691764 0.662508
vn 0.366030 0.778403 0.510010
vn -0.152863 0.776673 0.611075
vn -0.621952 0.601396 0.501497
vn 0.047182 0.837731 0.544042
vn 0.676755 0.678240 0.286344
vn -0.826181 0.384852 0.411477
vn 0.294809 0.863721 0.408745
vn -0.346254 0.790132 0.505767
vn -0.932569 0.293342 0.210393
vn -0.150687 0.895283 0.419241
vn 0.367738 0.890348 0.268421
vn 0.734076 0.672157 0.096627
vn 0.561814 0.810156 0.167369
vn -0.590793 0.708399 0.386179
vn -0.024897 0.962686 0.269472
vn -0.381968 0.882546 0.274251
vn -0.832727 0.500129 0.237565
vn -0.666699 0.710513 0.225132
vn 0.249232 0.960202 0.126074
vn -0.086758 0.982797 0.163043
vn -0.411957 0.904318 0.111801
vn -0.851486 0.519301 0.072795
vn -0.670330 0.736429 0.091276
vn 0.949651 -0.313291 -0.003398
vn 0.938031 -0.344218 0.040146
vn 0.986254 -0.140058 0.087673
vn 0.985023 -0.124501 0.119286
vn 0.984890 -0.123325 0.121585
vn 0.981620 -0.115413 0.151993
vn 0.959895 -0.070003 0.271481
vn 0.964168 0.081696 0.252399
vn 0.984589 0.089702 0.150125
vn 0.987898 0.106282 0.112969
vn 0.987465 0.122252 0.099835
vn 0.983378 0.157973 0.089507
vn 0.960169 0.268202 0.078374
vn 0.947344 0.320208 -0.002697
vn 0.950698 0.230082 0.207932
vn 0.975110 0.151785 0.161625
vn 0.949167 0.057260 0.309521
vn 0.943771 -0.132463 0.302902
vn 0.961358 -0.186155 0.202823
vn 0.979920 -0.177310 0.091202
vn 0.953056 -0.279519 0.116419
vn 0.940084 -0.339526 0.031040
vn 0.939746 -0.338924 -0.044819
vn 0.964663 0.255478 -0.064464
vn 0.984581 0.089675 -0.150193
vn 0.987897 0.106208 -0.113048
vn 0.987470 0.122170 -0.099885
vn 0.983097 0.159928 -0.089130
vn 0.964830 0.082261 -0.249673
vn 0.986398 -0.074880 -0.146326
vn 0.987211 -0.111240 -0.114195
vn 0.985614 -0.124818 -0.113954
vn 0.986197 -0.142078 -0.085023
vn 0.937925 -0.342344 -0.055657
vn 0.954238 -0.275043 -0.117389
vn 0.945220 0.202770 -0.255821
vn 0.950090 -0.227160 -0.213839
vn 0.944246 -0.140825 -0.297604
vn 0.949700 0.055491 -0.308206
vn 0.959993 -0.062433 -0.272976
vn 0.951020 0.285018 -0.119688
vn 0.974433 0.157100 -0.160626
vn 0.976479 -0.124588 -0.175972
vn 0.978565 -0.181559 -0.097193
vn 0.015607 0.999878 -0.001107
vn 0.024711 0.998356 -0.051725
vn -0.028713 0.993191 0.112904
vn 0.002955 0.999630 -0.027028
vn 0.004305 0.999985 -0.003388
vn 0.006974 0.009721 0.999928
vn 0.010821 0.013136 0.999855
vn 0.006355 0.971585 0.236607
vn 0.003242 0.813883 0.581020
vn 0.003805 0.547258 0.836955
vn 0.004066 0.199078 0.979975
vn 0.002807 0.999943 0.010295
vn -0.001587 0.999977 0.006650
vn -0.003640 0.984200 0.177021
vn -0.007916 0.844475 0.535537
vn -0.006343 0.527680 0.849420
vn -0.001018 0.156806 0.987629
vn 1.000000 0.000000 0.000000
vn 1.000000 0.000000 0.000000
vn 1.000000 0.000000 0.000000
vn 1.000000 0.000000 0.000000
vn 1.000000 0.000000 0.000000
vn 1.000000 0.000000 0.000000
vn 1.000000 0.000000 0.000000
vn 1.000000 0.000000 0.000000
vn 1.000000 0.000000 0.000000
vn 1.000000 0.000000 0.000000
vn 1.000000 0.000000 0.000000
vn 1.000000 0.000000 0.000000
vn 1.000000 0.000000 0.000000
vn 1.000000 0.000000 0.000000
vn 1.000000 0.000000 0.000000
vn 1.000000 0.000000 0.000000
vn 1.000000 0.000000 0.000000
vn 1.000000 0.000000 0.000000
vn 1.000000 0.000000 0.000000
vn 1.000000 0.000000 0.000000
vn 1.000000 0.000000 0.000000
vn -0.001032 0.016579 -0.999862
vn 0.005569 0.243950 -0.969772
vn 0.008648 0.594397 -0.804126
vn 0.005918 0.863330 -0.504605
vn -0.002547 0.983123 -0.182928
vn 0.006841 0.999934 -0.009281
vn -0.000097 0.017294 -0.999850
vn -0.014201 0.295631 -0.955197
vn -0.020303 0.797317 -0.603219
vn -0.003700 0.985956 -0.166966
vn 0.007376 0.999925 -0.009751
vn -0.018320 0.019994 -0.999632
vn -0.001985 0.001492 -0.999997
vn 0.017175 -0.020207 -0.999648
vn 0.000738 -0.001592 -0.999998
vn 0.000059 -0.999832 -0.018319
vn 0.003120 -0.961261 -0.275621
vn 0.003540 -0.769629 -0.638481
vn 0.012046 -0.482563 -0.875779
vn 0.004294 -0.144925 -0.989433
vn -0.003701 -0.020984 -0.999773
vn -0.001507 -0.999852 -0.017133
vn -0.001970 -0.963214 -0.268730
vn -0.010786 -0.735939 -0.676962
vn -0.009031 -0.307105 -0.951633
vn 0.009430 -0.030597 -0.999487
vn -0.007663 -0.999867 0.014398
vn -0.002546 -0.999793 0.020201
vn -0.001682 -0.999774 0.021181
vn 0.003479 -0.999628 0.027034
vn -0.003940 -0.009926 0.999943
vn 0.001711 -0.960731 0.277477
vn 0.008637 -0.773699 0.633494
vn 0.010297 -0.478276 0.878149
vn 0.006188 -0.151055 0.988506
vn 0.008185 -0.999843 0.015730
vn -0.000178 -0.012896 0.999917
vn -0.014374 -0.255163 0.966791
vn -0.017965 -0.731063 0.682073
vn -0.003435 -0.973408 0.229053
vn 0.007309 -0.999861 0.015013
vn -0.018751 -0.020474 0.999615
vn -0.002176 -0.001733 0.999996
vn 0.000575 0.001378 0.999999
vn 0.017278 0.020263 0.999645
f 11//11 7//7 6//6
f 13//13 6//6 5//5
f 13//13 1//1 14//14
f 13//13 11//11 6//6
f 13//13 2//2 1//1
f 13//13 12//12 11//11
f 13//13 5//5 2//2
f 2//2 4//4 3//3
f 11//11 10//10 9//9
f 11//11 9//9 8//8
f 11//11 8//8 7//7
f 2//2 5//5 4//4
f 44//44 18//18 19//19
f 41//41 40//40 16//16
f 42//42 41//41 17//17
f 42//42 17//17 18//18
f 43//43 42//42 18//18
f 44//44 43//43 18//18
f 45//45 44//44 19//19
f 21//21 22//22 30//30
f 46//46 45//45 20//20
f 47//47 46//46 20//20
f 48//48 47//47 20//20
f 48//48 20//20 21//21
f 16//16 29//29 15//15
f 21//21 30//30 48//48
f 45//45 19//19 20//20
f 16//16 40//40 29//29
f 41//41 16//16 17//17
f 39//39 28//28 15//15
f 29//29 39//39 15//15
f 31//31 30//30 22//22
f 31//31 22//22 23//23
f 32//32 31//31 23//23
f 33//33 23//23 24//24
f 33//33 24//24 25//25
f 34//34 33//33 25//25
f 35//35 34//34 25//25
f 33//33 32//32 23//23
f 36//36 35//35 26//26
f 36//36 26//26 27//27
f 37//37 36//36 27//27
f 38//38 37//37 27//27
f 38//38 27//27 28//28
f 39//39 38//38 28//28
f 35//35 25//25 26//26
f 55//55 80//80 81//81
f 59//59 49//49 77//77
f 58//58 59//59 78//78
f 57//57 78//78 79//79
f 57//57 58//58 78//78
f 56//56 79//79 80//80
f 56//56 57//57 79//79
f 55//55 56//56 80//80
f 50//50 51//51 85//85
f 54//54 55//55 81//81
f 53//53 54//54 82//82
f 53//53 82//82 83//83
f 52//52 83//83 84//84
f 51//51 52//52 84//84
f 51//51 84//84 85//85
f 59//59 77//77 78//78
f 54//54 81//81 82//82
f 49//49 76//76 77//77
f 52//52 53//53 83//83
f 60//60 61//61 76//76
f 49//49 60//60 76//76
f 50//50 85//85 69//69
f 68//68 69//69 70//70
f 67//67 68//68 70//70
f 67//67 70//70 71//71
f 66//66 67//67 71//71
f 65//65 66//66 71//71
f 65//65 71//71 72//72
f 68//68 50//50 69//69
f 64//64 72//72 73//73
f 63//63 64//64 73//73
f 63//63 73//73 74//74
f 62//62 63//63 74//74
f 62//62 74//74 75//75
f 61//61 62//62 75//75
f 64//64 65//65 72//72
f 61//61 75//75 76//76
f 313//313 106//106 310//310
f 317//317 313//313 308//308
f 318//318 314//314 309//309
f 319//319 312//312 316//316
f 320//320 314//314 318//318
f 321//321 315//315 251//251
f 106//106 313//313 317//317
f 322//322 319//319 316//316
f 319//319 317//317 312//312
f 321//321 318//318 315//315
f 322//322 314//314 320//320
f 323//323 318//318 321//321
f 318//318 309//309 315//315
f 324//324 317//317 319//319
f 322//322 316//316 314//314
f 316//316 311//311 314//314
f 313//313 310//310 308//308
f 315//315 250//250 251//251
f 305//305 303//303 306//306
f 250//250 301//301 249//249
f 308//308 304//304 302//302
f 311//311 300//300 307//307
f 307//307 301//301 309//309
f 309//309 301//301 250//250
f 310//310 304//304 308//308
f 317//317 308//308 305//305
f 311//311 306//306 300//300
f 252//252 321//321 251//251
f 314//314 307//307 309//309
f 312//312 305//305 306//306
f 314//314 311//311 307//307
f 316//316 312//312 311//311
f 317//317 305//305 312//312
f 315//315 309//309 250//250
f 312//312 306//306 311//311
f 325//325 322//322 320//320
f 331//331 321//321 252//252
f 327//327 318//318 323//323
f 337//337 330//330 331//331
f 336//336 331//331 252//252
f 332//332 105//105 324//324
f 338//338 332//332 329//329
f 338//338 329//329 335//335
f 337//337 333//333 330//330
f 337//337 331//331 336//336
f 253//253 336//336 252//252
f 339//339 333//333 337//337
f 339//339 334//334 333//333
f 104//104 332//332 338//338
f 340//340 335//335 334//334
f 104//104 105//105 332//332
f 341//341 334//334 339//339
f 310//310 107//107 304//304
f 334//334 328//328 333//333
f 327//327 320//320 318//318
f 335//335 329//329 334//334
f 334//334 329//329 328//328
f 326//326 319//319 322//322
f 324//324 106//106 317//317
f 327//327 325//325 320//320
f 326//326 322//322 325//325
f 328//328 325//325 327//327
f 324//324 319//319 326//326
f 324//324 105//105 106//106
f 329//329 325//325 328//328
f 331//331 323//323 321//321
f 329//329 326//326 325//325
f 330//330 327//327 323//323
f 332//332 326//326 329//329
f 333//333 327//327 330//330
f 331//331 330//330 323//323
f 332//332 324//324 326//326
f 333//333 328//328 327//327
f 300//300 306//306 299//299
f 288//288 282//282 276//276
f 307//307 300//300 301//301
f 280//280 275//275 279//279
f 282//282 277//277 276//276
f 283//283 280//280 279//279
f 284//284 247//247 248//248
f 108//108 274//274 280//280
f 284//284 276//276 247//247
f 283//283 279//279 278//278
f 285//285 278//278 281//281
f 282//282 281//281 277//277
f 287//287 281//281 282//282
f 288//288 276//276 284//284
f 286//286 108//108 280//280
f 285//285 283//283 278//278
f 287//287 285//285 281//281
f 342//342 337//337 336//336
f 279//279 270//270 278//278
f 286//286 280//280 283//283
f 274//274 108//108 109//109
f 281//281 271//271 277//277
f 275//275 269//269 270//270
f 273//273 270//270 266//266
f 272//272 271//271 267//267
f 272//272 246//246 247//247
f 109//109 264//264 268//268
f 273//273 263//263 271//271
f 275//275 274//274 269//269
f 276//276 272//272 247//247
f 109//109 268//268 274//274
f 277//277 271//271 272//272
f 278//278 273//273 271//271
f 278//278 270//270 273//273
f 277//277 272//272 276//276
f 280//280 274//274 275//275
f 279//279 275//275 270//270
f 281//281 278//278 271//271
f 308//308 302//302 305//305
f 289//289 282//282 288//288
f 290//290 288//288 284//284
f 298//298 293//293 290//290
f 299//299 294//294 293//293
f 300//300 293//293 298//298
f 301//301 298//298 249//249
f 302//302 296//296 297//297
f 302//302 297//297 294//294
f 303//303 294//294 299//299
f 300//300 299//299 293//293
f 304//304 296//296 302//302
f 300//300 298//298 301//301
f 304//304 295//295 296//296
f 303//303 302//302 294//294
f 305//305 302//302 303//303
f 306//306 303//303 299//299
f 107//107 295//295 304//304
f 296//296 292//292 297//297
f 290//290 284//284 248//248
f 296//296 295//295 291//291
f 298//298 290//290 249//249
f 286//286 107//107 108//108
f 291//291 286//286 283//283
f 292//292 283//283 285//285
f 287//287 282//282 289//289
f 291//291 283//283 292//292
f 292//292 285//285 287//287
f 293//293 288//288 290//290
f 294//294 287//287 289//289
f 293//293 289//289 288//288
f 249//249 290//290 248//248
f 295//295 286//286 291//291
f 296//296 291//291 292//292
f 297//297 292//292 287//287
f 295//295 107//107 286//286
f 293//293 294//294 289//289
f 294//294 297//297 287//287
f 340//340 338//338 335//335
f 360//360 356//356 352//352
f 342//342 339//339 337//337
f 386//386 385//385 245//245
f 386//386 365//365 385//385
f 386//386 245//245 244//244
f 386//386 244//244 132//132
f 378//378 117//117 143//143
f 378//378 118//118 117//117
f 398//398 132//132 128//128
f 398//398 386//386 132//132
f 398//398 365//365 386//386
f 399//399 128//128 127//127
f 399//399 398//398 128//128
f 399//399 365//365 398//398
f 400//400 121//121 120//120
f 401//401 126//126 125//125
f 402//402 124//124 198//198
f 385//385 246//246 245//245
f 403//403 123//123 122//122
f 385//385 365//365 366//366
f 385//385 366//366 384//384
f 381//381 371//371 372//372
f 371//371 249//249 248//248
f 371//371 381//381 249//249
f 382//382 371//371 248//248
f 383//383 370//370 371//371
f 384//384 366//366 367//367
f 384//384 367//367 368//368
f 384//384 369//369 370//370
f 384//384 368//368 369//369
f 382//382 248//248 247//247
f 383//383 371//371 382//382
f 384//384 370//370 383//383
f 383//383 382//382 247//247
f 383//383 247//247 246//246
f 385//385 384//384 383//383
f 385//385 383//383 246//246
f 381//381 250//250 249//249
f 399//399 127//127 126//126
f 403//403 393//393 404//404
f 406//406 390//390 389//389
f 406//406 391//391 390//390
f 406//406 405//405 388//388
f 406//406 400//400 405//405
f 406//406 388//388 392//392
f 406//406 392//392 391//391
f 408//408 401//401 407//407
f 408//408 399//399 401//401
f 408//408 387//387 399//399
f 407//407 404//404 394//394
f 395//395 407//407 394//394
f 408//408 395//395 396//396
f 408//408 407//407 395//395
f 397//397 408//408 396//396
f 397//397 387//387 408//408
f 407//407 402//402 404//404
f 402//402 198//198 123//123
f 378//378 388//388 405//405
f 406//406 389//389 393//393
f 400//400 120//120 119//119
f 401//401 125//125 124//124
f 403//403 122//122 121//121
f 399//399 126//126 401//401
f 401//401 124//124 402//402
f 404//404 123//123 403//403
f 404//404 402//402 123//123
f 403//403 121//121 400//400
f 405//405 400//400 119//119
f 405//405 119//119 118//118
f 399//399 387//387 365//365
f 406//406 403//403 400//400
f 406//406 393//393 403//403
f 405//405 118//118 378//378
f 407//407 401//401 402//402
f 378//378 377//377 388//388
f 341//341 340//340 334//334
f 381//381 251//251 250//250
f 381//381 379//379 251//251
f 351//351 349//349 345//345
f 352//352 348//348 346//346
f 354//354 346//346 353//353
f 354//354 352//352 346//346
f 355//355 344//344 349//349
f 355//355 349//349 351//351
f 143//143 353//353 254//254
f 355//355 350//350 344//344
f 356//356 348//348 352//352
f 356//356 351//351 348//348
f 357//357 355//355 351//351
f 359//359 355//355 357//357
f 360//360 352//352 354//354
f 353//353 143//143 142//142
f 358//358 350//350 355//355
f 353//353 346//346 254//254
f 357//357 351//351 356//356
f 351//351 345//345 348//348
f 344//344 347//347 340//340
f 344//344 340//340 341//341
f 343//343 341//341 339//339
f 345//345 339//339 342//342
f 346//346 336//336 253//253
f 347//347 338//338 340//340
f 347//347 104//104 338//338
f 345//345 343//343 339//339
f 348//348 336//336 346//346
f 348//348 342//342 336//336
f 254//254 346//346 253//253
f 349//349 341//341 343//343
f 348//348 345//345 342//342
f 347//347 350//350 104//104
f 349//349 344//344 341//341
f 349//349 343//343 345//345
f 350//350 347//347 344//344
f 381//381 372//372 380//380
f 353//353 142//142 141//141
f 358//358 103//103 350//350
f 363//363 137//137 136//136
f 363//363 136//136 103//103
f 378//378 143//143 254//254
f 377//377 378//378 254//254
f 379//379 254//254 253//253
f 379//379 377//377 254//254
f 379//379 253//253 252//252
f 380//380 375//375 376//376
f 380//380 376//376 377//377
f 379//379 252//252 251//251
f 380//380 377//377 379//379
f 380//380 373//373 374//374
f 380//380 374//374 375//375
f 380//380 372//372 373//373
f 381//381 380//380 379//379
f 363//363 364//364 137//137
f 141//141 354//354 353//353
f 364//364 138//138 137//137
f 364//364 363//363 359//359
f 274//274 268//268 269//269
f 358//358 355//355 359//359
f 361//361 356//356 360//360
f 141//141 360//360 354//354
f 360//360 141//141 140//140
f 361//361 357//357 356//356
f 139//139 360//360 140//140
f 139//139 361//361 360//360
f 362//362 357//357 361//361
f 103//103 358//358 359//359
f 364//364 357//357 362//362
f 364//364 359//359 357//357
f 362//362 139//139 138//138
f 362//362 361//361 139//139
f 363//363 103//103 359//359
f 364//364 362//362 138//138
f 270//270 269//269 265//265
f 267//267 261//261 245//245
f 272//272 267//267 246//246
f 171//171 162//162 166//166
f 171//171 166//166 170//170
f 116//116 165//165 172//172
f 171//171 172//172 162//162
f 173//173 167//167 168//168
f 174//174 169//169 121//121
f 174//174 168//168 169//169
f 175//175 171//171 170//170
f 173//173 170//170 167//167
f 177//177 168//168 174//174
f 176//176 172//172 171//171
f 175//175 170//170 173//173
f 179//179 168//168 177//177
f 176//176 171//171 175//175
f 179//179 173//173 168//168
f 172//172 165//165 162//162
f 180//180 121//121 122//122
f 168//168 163//163 169//169
f 169//169 120//120 121//121
f 160//160 116//116 136//136
f 162//162 158//158 155//155
f 166//166 155//155 159//159
f 164//164 159//159 156//156
f 165//165 160//160 158//158
f 165//165 158//158 162//162
f 166//166 162//162 155//155
f 116//116 160//160 165//165
f 166//166 159//159 164//164
f 161//161 157//157 163//163
f 168//168 161//161 163//163
f 167//167 164//164 161//161
f 169//169 163//163 120//120
f 170//170 164//164 167//167
f 168//168 167//167 161//161
f 170//170 166//166 164//164
f 164//164 156//156 161//161
f 180//180 174//174 121//121
f 176//176 115//115 116//116
f 189//189 122//122 123//123
f 189//189 185//185 122//122
f 190//190 186//186 188//188
f 191//191 184//184 185//185
f 114//114 183//183 187//187
f 192//192 185//185 189//189
f 191//191 188//188 184//184
f 193//193 187//187 186//186
f 193//193 186//186 190//190
f 114//114 115//115 183//183
f 194//194 188//188 191//191
f 192//192 191//191 185//185
f 195//195 192//192 189//189
f 196//196 187//187 193//193
f 194//194 190//190 188//188
f 188//188 186//186 182//182
f 176//176 116//116 172//172
f 115//115 176//176 183//183
f 185//185 184//184 180//180
f 179//179 178//178 173//173
f 178//178 175//175 173//173
f 177//177 174//174 180//180
f 181//181 175//175 178//178
f 273//273 266//266 263//263
f 183//183 176//176 175//175
f 183//183 175//175 181//181
f 182//182 178//178 179//179
f 184//184 177//177 180//180
f 185//185 180//180 122//122
f 186//186 178//178 182//182
f 186//186 181//181 178//178
f 184//184 182//182 177//177
f 187//187 183//183 181//181
f 188//188 182//182 184//184
f 187//187 181//181 186//186
f 197//197 190//190 194//194
f 163//163 157//157 120//120
f 158//158 160//160 154//154
f 105//105 104//104 99//99
f 110//110 93//93 92//92
f 110//110 92//92 111//111
f 106//106 105//105 99//99
f 106//106 99//99 98//98
f 110//110 94//94 93//93
f 109//109 94//94 110//110
f 310//310 106//106 98//98
f 310//310 98//98 97//97
f 109//109 95//95 94//94
f 107//107 310//310 97//97
f 108//108 95//95 109//109
f 107//107 97//97 96//96
f 107//107 96//96 95//95
f 107//107 95//95 108//108
f 104//104 100//100 99//99
f 109//109 110//110 133//133
f 104//104 101//101 100//100
f 111//111 91//91 112//112
f 88//88 116//116 115//115
f 87//87 116//116 88//88
f 89//89 88//88 115//115
f 89//89 115//115 114//114
f 87//87 136//136 116//116
f 86//86 136//136 87//87
f 89//89 114//114 113//113
f 102//102 136//136 86//86
f 90//90 89//89 113//113
f 102//102 103//103 136//136
f 91//91 113//113 112//112
f 91//91 90//90 113//113
f 101//101 350//350 103//103
f 101//101 103//103 102//102
f 111//111 92//92 91//91
f 104//104 350//350 101//101
f 120//120 157//157 119//119
f 142//142 143//143 117//117
f 145//145 141//141 142//142
f 154//154 137//137 151//151
f 153//153 150//150 118//118
f 136//136 137//137 154//154
f 155//155 149//149 152//152
f 156//156 150//150 153//153
f 156//156 152//152 150//150
f 155//155 151//151 149//149
f 157//157 153//153 119//119
f 158//158 151//151 155//155
f 159//159 152//152 156//156
f 158//158 154//154 151//151
f 159//159 155//155 152//152
f 157//157 156//156 153//153
f 160//160 136//136 154//154
f 161//161 156//156 157//157
f 153//153 118//118 119//119
f 144//144 142//142 117//117
f 152//152 149//149 147//147
f 151//151 137//137 138//138
f 145//145 140//140 141//141
f 144//144 117//117 118//118
f 145//145 142//142 144//144
f 146//146 140//140 145//145
f 146//146 139//139 140//140
f 147//147 145//145 144//144
f 148//148 139//139 146//146
f 138//138 139//139 148//148
f 149//149 145//145 147//147
f 149//149 146//146 145//145
f 150//150 144//144 118//118
f 150//150 147//147 144//144
f 151//151 138//138 148//148
f 149//149 148//148 146//146
f 152//152 147//147 150//150
f 151//151 148//148 149//149
f 196//196 114//114 187//187
f 182//182 179//179 177//177
f 198//198 189//189 123//123
f 239//239 234//234 238//238
f 236//236 110//110 111//111
f 240//240 236//236 232//232
f 130//130 237//237 131//131
f 241//241 239//239 238//238
f 242//242 238//238 237//237
f 237//237 238//238 233//233
f 241//241 240//240 239//239
f 242//242 237//237 130//130
f 242//242 130//130 129//129
f 110//110 236//236 240//240
f 242//242 129//129 135//135
f 243//243 240//240 241//241
f 243//243 110//110 240//240
f 197//197 193//193 190//190
f 240//240 232//232 239//239
f 131//131 235//235 132//132
f 237//237 235//235 131//131
f 233//233 229//229 224//224
f 233//233 224//224 231//231
f 128//128 228//228 127//127
f 234//234 230//230 229//229
f 235//235 228//228 128//128
f 236//236 227//227 232//232
f 236//236 111//111 227//227
f 234//234 229//229 233//233
f 235//235 231//231 228//228
f 232//232 230//230 234//234
f 237//237 231//231 235//235
f 237//237 233//233 231//231
f 238//238 234//234 233//233
f 132//132 235//235 128//128
f 239//239 232//232 234//234
f 135//135 241//241 242//242
f 243//243 135//135 134//134
f 243//243 241//241 135//135
f 243//243 134//134 133//133
f 264//264 133//133 134//134
f 263//263 259//259 258//258
f 266//266 259//259 263//263
f 267//267 245//245 246//246
f 109//109 133//133 264//264
f 268//268 264//264 134//134
f 268//268 134//134 262//262
f 265//265 260//260 259//259
f 269//269 260//260 265//265
f 265//265 259//259 266//266
f 263//263 261//261 267//267
f 269//269 262//262 260//260
f 268//268 262//262 269//269
f 270//270 265//265 266//266
f 271//271 263//263 267//267
f 263//263 258//258 261//261
f 232//232 227//227 225//225
f 260//260 129//129 259//259
f 259//259 129//129 257//257
f 133//133 110//110 243//243
f 255//255 131//131 132//132
f 255//255 132//132 244//244
f 255//255 130//130 131//131
f 257//257 130//130 255//255
f 257//257 129//129 130//130
f 256//256 255//255 244//244
f 256//256 244//244 245//245
f 258//258 255//255 256//256
f 134//134 135//135 129//129
f 259//259 255//255 258//258
f 259//259 257//257 255//255
f 261//261 256//256 245//245
f 261//261 258//258 256//256
f 260//260 134//134 129//129
f 262//262 134//134 260//260
f 232//232 225//225 230//230
f 242//242 241//241 238//238
f 111//111 112//112 223//223
f 204//204 203//203 200//200
f 208//208 204//204 201//201
f 207//207 113//113 199//199
f 209//209 203//203 204//204
f 210//210 201//201 205//205
f 207//207 202//202 206//206
f 210//210 208//208 201//201
f 209//209 206//206 203//203
f 210//210 205//205 211//211
f 209//209 204//204 208//208
f 211//211 205//205 124//124
f 213//213 208//208 210//210
f 214//214 206//206 209//209
f 212//212 209//209 208//208
f 215//215 211//211 124//124
f 206//206 202//202 197//197
f 207//207 199//199 202//202
f 205//205 198//198 124//124
f 205//205 201//201 198//198
f 199//199 114//114 196//196
f 198//198 195//195 189//189
f 197//197 196//196 193//193
f 200//200 191//191 192//192
f 200//200 194//194 191//191
f 201//201 195//195 198//198
f 202//202 196//196 197//197
f 212//212 208//208 213//213
f 111//111 223//223 227//227
f 202//202 199//199 196//196
f 203//203 194//194 200//200
f 201//201 192//192 195//195
f 203//203 197//197 194//194
f 204//204 200//200 192//192
f 204//204 192//192 201//201
f 206//206 197//197 203//203
f 199//199 113//113 114//114
f 213//213 210//210 211//211
f 214//214 207//207 206//206
f 125//125 215//215 124//124
f 226//226 218//218 222//222
f 224//224 222//222 215//215
f 226//226 219//219 218//218
f 127//127 221//221 126//126
f 227//227 217//217 220//220
f 225//225 220//220 219//219
f 227//227 223//223 217//217
f 212//212 214//214 209//209
f 226//226 225//225 219//219
f 227//227 220//220 225//225
f 228//228 224//224 221//221
f 229//229 222//222 224//224
f 230//230 225//225 226//226
f 229//229 226//226 222//222
f 229//229 230//230 226//226
f 231//231 224//224 228//228
f 228//228 221//221 127//127
f 223//223 216//216 217//217
f 224//224 215//215 221//221
f 222//222 218//218 215//215
f 207//207 112//112 113//113
f 217//217 214//214 212//212
f 216//216 207//207 214//214
f 219//219 212//212 213//213
f 218//218 213//213 211//211
f 223//223 112//112 216//216
f 219//219 213//213 218//218
f 218//218 211//211 215//215
f 112//112 207//207 216//216
f 220//220 212//212 219//219
f 221//221 125//125 126//126
f 221//221 215//215 125//125
f 217//217 212//212 220//220
f 216//216 214//214 217//217
f 412//412 410//410 413//413
f 413//413 410//410 409//409
f 413//413 409//409 411//411
f 422//422 420//420 421//421
f 423//423 424//424 417//417
f 424//424 418//418 417//417
f 424//424 419//419 418//418
f 424//424 425//425 419//419
f 422//422 416//416 420//420
f 423//423 417//417 416//416
f 422//422 423//423 416//416
f 425//425 414//414 419//419
f 415//415 414//414 425//425
f 443//443 426//426 427//427
f 429//429 428//428 446//446
f 429//429 446//446 445//445
f 442//442 443//443 427//427
f 429//429 445//445 444//444
f 433//433 432//432 434//434
f 432//432 431//431 434//434
f 437//437 436//436 439//439
f 441//441 443//443 442//442
f 436//436 440//440 439//439
f 435//435 441//441 440//440
f 435//435 430//430 444//444
f 435//435 444//444 441//441
f 434//434 431//431 435//435
f 430//430 429//429 444//444
f 441//441 444//444 443//443
f 435//435 431//431 430//430
f 437//437 439//439 438//438
f 436//436 435//435 440//440
f 456//456 452//452 451//451
f 454//454 455//455 449//449
f 455//455 450//450 449//449
f 455//455 456//456 450//450
f 456//456 451//451 450//450
f 454//454 447//447 453//453
f 454//454 448//448 447//447
f 454//454 449//449 448//448
f 457//457 452//452 456//456
f 461//461 459//459 458//458
f 460//460 459//459 461//461
f 472//472 467//467 471//471
f 471//471 466//466 465//465
f 469//469 463//463 462//462
f 469//469 462//462 468//468
f 470//470 465//465 464//464
f 470//470 471//471 465//465
f 469//469 470//470 464//464
f 469//469 464//464 463//463
f 471//471 467//467 466//466
f 475//475 474//474 473//473
f 476//476 474//474 475//475
f 486//486 482//482 478//478
f 484//484 485//485 480//480
f 485//485 479//479 480//480
f 485//485 478//478 479//479
f 485//485 486//486 478//478
f 484//484 477//477 483//483
f 484//484 481//481 477//477
f 484//484 480//480 481//481
f 487//487 482//482 486//486
f 490//490 489//489 488//488
f 491//491 489//489 490//490
v 0.0385973 0.0119197 -0.0105000
v 0.0385815 0.0121779 -0.0105000
v 0.0384358 0.0124576 -0.0105000
v 0.0381418 0.0126654 -0.0105001
v 0.0377019 0.0126830 -0.0105001
v 0.0373383 0.0124361 -0.0105001
v 0.0371889 0.0119997 -0.0105002
v 0.0373565 0.0115357 -0.0105001
v 0.0377665 0.0113015 -0.0105001
v 0.0382223 0.0113675 -0.0105001
v 0.0385270 0.0116716 -0.0105001
v 0.0385973 0.0119197 -0.0105000
v 0.0385815 0.0121779 -0.0105000
v 0.0384358 0.0124576 -0.0105000
v 0.0381418 0.0126654 -0.0105001
v 0.0377019 0.0126830 -0.0105001
v 0.0373383 0.0124361 -0.0105001
v 0.0371889 0.0119997 -0.0105002
v 0.0373565 0.0115357 -0.0105001
v 0.0377665 0.0113015 -0.0105001
v 0.0382223 0.0113675 -0.0105001
v 0.0385270 0.0116716 -0.0105001
v 0.0387559 0.0120000 -0.0103485
v 0.0370486 0.0119516 -0.0103502
v 0.0371023 0.0116957 -0.0103494
v 0.0372393 0.0114603 -0.0103500
v 0.0374580 0.0112680 -0.0103490
v 0.0377040 0.0111712 -0.0103507
v 0.0379670 0.0111482 -0.0103496
v 0.0382491 0.0112208 -0.0103503
v 0.0384554 0.0113543 -0.0103507
v 0.0386153 0.0115358 -0.0103505
v 0.0387082 0.0117314 -0.0103503
v 0.0387082 0.0122685 -0.0103503
v 0.0385894 0.0125059 -0.0103513
v 0.0383642 0.0127153 -0.0103505
v 0.0381687 0.0128082 -0.0103503
v 0.0379428 0.0128527 -0.0103494
v 0.0376984 0.0128275 -0.0103507
v 0.0374536 0.0127285 -0.0103496
v 0.0372522 0.0125534 -0.0103503
v 0.0370951 0.0122957 -0.0103480
v 0.0387559 0.0120000 -0.0103485
v 0.0370486 0.0119516 -0.0103502
v 0.0371023 0.0116957 -0.0103494
v 0.0372393 0.0114603 -0.0103500
v 0.0374580 0.0112680 -0.0103490
v 0.0377040 0.0111712 -0.0103507
v 0.0379670 0.0111482 -0.0103496
v 0.0382491 0.0112208 -0.0103503
v 0.0384554 0.0113543 -0.0103507
v 0.0386153 0.0115358 -0.0103505
v 0.0387082 0.0117314 -0.0103503
v 0.0387082 0.0122685 -0.0103503
v 0.0385894 0.0125059 -0.0103513
v 0.0383642 0.0127153 -0.0103505
v 0.0381687 0.0128082 -0.0103503
v 0.0379428 0.0128527 -0.0103494
v 0.0376984 0.0128275 -0.0103507
v 0.0374536 0.0127285 -0.0103496
v 0.0372522 0.0125534 -0.0103503
v 0.0370951 0.0122957 -0.0103480
v 0.0387520 0.0119665 -0.0065000
v 0.0371205 0.0123594 -0.0065000
v 0.0373278 0.0126328 -0.0065000
v 0.0375431 0.0127744 -0.0065000
v 0.0378329 0.0128532 -0.0065000
v 0.0381641 0.0128127 -0.0065000
v 0.0384745 0.0126367 -0.0065000
v 0.0387054 0.0122971 -0.0065000
v 0.0386796 0.0116406 -0.0065000
v 0.0384228 0.0113202 -0.0065000
v 0.0381225 0.0111763 -0.0065000
v 0.0378229 0.0111483 -0.0065000
v 0.0375029 0.0112426 -0.0065000
v 0.0371977 0.0115029 -0.0065000
v 0.0370433 0.0119326 -0.0065000
v 0.0387520 0.0119665 -0.0065000
v 0.0371205 0.0123594 -0.0065000
v 0.0373278 0.0126328 -0.0065000
v 0.0375431 0.0127744 -0.0065000
v 0.0378329 0.0128532 -0.0065000
v 0.0381641 0.0128127 -0.0065000
v 0.0384745 0.0126367 -0.0065000
v 0.0387054 0.0122971 -0.0065000
v 0.0386796 0.0116406 -0.0065000
v 0.0384228 0.0113202 -0.0065000
v 0.0381225 0.0111763 -0.0065000
v 0.0378229 0.0111483 -0.0065000
v 0.0375029 0.0112426 -0.0065000
v 0.0371977 0.0115029 -0.0065000
v 0.0370433 0.0119326 -0.0065000
v 0.0379551 0.0126996 -0.0065000
v 0.0376813 0.0126731 -0.0065000
v 0.0374080 0.0125038 -0.0065000
v 0.0372253 0.0122192 -0.0065000
v 0.0372058 0.0118815 -0.0065000
v 0.0373422 0.0115603 -0.0065000
v 0.0376228 0.0113526 -0.0065000
v 0.0378450 0.0113004 -0.0065000
v 0.0380725 0.0113172 -0.0065000
v 0.0383893 0.0114838 -0.0065000
v 0.0385993 0.0118701 -0.0065000
v 0.0385672 0.0122255 -0.0065000
v 0.0384469 0.0124412 -0.0065000
v 0.0382213 0.0126306 -0.0065000
v 0.0379551 0.0126996 -0.0065000
v 0.0376813 0.0126731 -0.0065000
v 0.0374080 0.0125038 -0.0065000
v 0.0372253 0.0122192 -0.0065000
v 0.0372058 0.0118815 -0.0065000
v 0.0373422 0.0115603 -0.0065000
v 0.0376228 0.0113526 -0.0065000
v 0.0378450 0.0113004 -0.0065000
v 0.0380725 0.0113172 -0.0065000
v 0.0383893 0.0114838 -0.0065000
v 0.0385993 0.0118701 -0.0065000
v 0.0385672 0.0122255 -0.0065000
v 0.0384469 0.0124412 -0.0065000
v 0.0382213 0.0126306 -0.0065000
v 0.0377072 0.0113164 0.0100000
v 0.0374016 0.0115016 0.0100000
v 0.0372345 0.0117636 0.0100000
v 0.0371985 0.0120553 0.0100000
v 0.0372587 0.0122870 0.0100000
v 0.0374202 0.0125192 0.0100000
v 0.0376826 0.0126692 0.0100000
v 0.0379745 0.0127023 0.0100000
v 0.0382682 0.0126010 0.0100000
v 0.0385249 0.0123396 0.0100000
v 0.0386024 0.0120197 0.0100000
v 0.0385512 0.0117207 0.0100000
v 0.0383510 0.0114591 0.0100000
v 0.0380834 0.0113180 0.0100000
v 0.0377072 0.0113164 0.0100000
v 0.0374016 0.0115016 0.0100000
v 0.0372345 0.0117636 0.0100000
v 0.0371985 0.0120553 0.0100000
v 0.0372587 0.0122870 0.0100000
v 0.0374202 0.0125192 0.0100000
v 0.0376826 0.0126692 0.0100000
v 0.0379745 0.0127023 0.0100000
v 0.0382682 0.0126010 0.0100000
v 0.0385249 0.0123396 0.0100000
v 0.0386024 0.0120197 0.0100000
v 0.0385512 0.0117207 0.0100000
v 0.0383510 0.0114591 0.0100000
v 0.0380834 0.0113180 0.0100000
v 0.0366384 0.0117717 0.0100022
v 0.0367306 0.0114966 0.0100006
v 0.0369307 0.0111722 0.0100000
v 0.0372512 0.0109053 0.0100001
v 0.0377432 0.0107325 0.0100002
v 0.0382609 0.0107744 0.0100013
v 0.0388731 0.0111780 0.0100000
v 0.0391280 0.0116500 0.0099999
v 0.0391658 0.0121597 0.0100005
v 0.0390296 0.0125854 0.0100002
v 0.0388964 0.0128073 0.0100028
v 0.0384813 0.0131409 0.0100025
v 0.0381958 0.0132392 0.0100001
v 0.0378180 0.0132699 0.0100005
v 0.0374497 0.0131888 0.0100000
v 0.0370678 0.0129692 0.0100003
v 0.0368393 0.0127071 0.0100010
v 0.0366694 0.0123470 0.0099999
v 0.0366949 0.0124888 0.0108804
v 0.0369424 0.0128550 0.0108910
v 0.0372857 0.0131787 0.0108553
v 0.0380029 0.0132886 0.0108863
v 0.0384332 0.0131862 0.0108779
v 0.0387516 0.0130015 0.0108651
v 0.0390043 0.0127848 0.0108306
v 0.0391018 0.0126085 0.0108375
v 0.0391362 0.0123885 0.0108802
v 0.0392384 0.0121381 0.0108386
v 0.0394016 0.0119524 0.0104954
v 0.0393412 0.0119787 0.0107106
v 0.0392145 0.0119536 0.0108641
v 0.0392512 0.0119247 0.0100725
v 0.0393384 0.0120120 0.0101874
v 0.0393933 0.0119422 0.0103572
v 0.0365593 0.0121679 0.0100654
v 0.0364708 0.0119969 0.0101716
v 0.0364319 0.0121236 0.0102677
v 0.0364027 0.0121177 0.0103988
v 0.0364079 0.0120587 0.0105540
v 0.0365893 0.0120684 0.0108682
v 0.0364787 0.0121188 0.0107354
v 0.0365335 0.0123718 0.0107483
v 0.0364364 0.0122914 0.0105587
v 0.0366107 0.0125961 0.0107425
v 0.0365118 0.0125160 0.0106025
v 0.0367289 0.0127849 0.0107617
v 0.0364686 0.0124611 0.0104600
v 0.0364701 0.0123473 0.0102532
v 0.0365957 0.0127348 0.0105395
v 0.0368818 0.0129804 0.0107545
v 0.0365399 0.0126099 0.0103261
v 0.0367248 0.0129177 0.0105628
v 0.0371312 0.0130667 0.0108645
v 0.0365895 0.0124586 0.0101083
v 0.0366107 0.0126865 0.0102357
v 0.0366913 0.0128925 0.0103888
v 0.0368682 0.0130715 0.0105817
v 0.0370912 0.0131884 0.0107157
v 0.0366950 0.0126250 0.0100754
v 0.0367473 0.0128322 0.0101590
v 0.0369102 0.0131329 0.0104276
v 0.0368258 0.0130091 0.0102688
v 0.0370712 0.0132411 0.0105586
v 0.0375204 0.0132821 0.0108487
v 0.0372706 0.0133432 0.0105936
v 0.0370669 0.0132466 0.0103834
v 0.0374413 0.0133619 0.0107119
v 0.0369794 0.0131075 0.0101873
v 0.0369592 0.0129598 0.0100618
v 0.0376434 0.0133536 0.0107993
v 0.0373001 0.0133784 0.0103904
v 0.0374482 0.0134190 0.0105832
v 0.0371795 0.0132642 0.0102272
v 0.0379104 0.0133726 0.0108076
v 0.0377325 0.0134440 0.0106771
v 0.0371941 0.0131863 0.0101010
v 0.0376038 0.0134730 0.0104878
v 0.0373850 0.0133748 0.0102554
v 0.0380201 0.0134636 0.0106455
v 0.0379037 0.0135012 0.0105204
v 0.0376679 0.0134606 0.0102756
v 0.0373722 0.0132521 0.0100757
v 0.0382205 0.0133785 0.0107534
v 0.0375754 0.0133394 0.0100950
v 0.0378159 0.0134966 0.0103855
v 0.0381276 0.0134895 0.0104291
v 0.0379487 0.0134553 0.0102246
v 0.0385378 0.0132311 0.0107903
v 0.0383601 0.0134215 0.0105620
v 0.0378842 0.0133838 0.0101066
v 0.0385679 0.0132941 0.0106731
v 0.0381827 0.0134413 0.0102576
v 0.0383596 0.0134173 0.0103177
v 0.0387909 0.0131200 0.0107247
v 0.0386844 0.0132681 0.0105731
v 0.0385259 0.0133664 0.0104250
v 0.0381316 0.0133472 0.0100829
v 0.0389765 0.0129376 0.0107329
v 0.0383734 0.0133184 0.0101280
v 0.0386807 0.0132829 0.0103752
v 0.0389253 0.0130927 0.0105275
v 0.0385958 0.0132512 0.0101777
v 0.0388270 0.0131530 0.0102776
v 0.0390677 0.0129200 0.0105800
v 0.0390478 0.0129716 0.0104122
v 0.0391812 0.0127175 0.0106431
v 0.0387361 0.0130575 0.0100633
v 0.0389699 0.0129989 0.0102456
v 0.0388811 0.0129925 0.0101216
v 0.0392770 0.0125426 0.0106204
v 0.0392308 0.0127052 0.0104270
v 0.0392901 0.0123324 0.0107308
v 0.0391262 0.0128394 0.0103093
v 0.0390804 0.0127959 0.0101661
v 0.0392276 0.0126080 0.0102325
v 0.0393462 0.0124078 0.0104272
v 0.0393772 0.0122230 0.0105538
v 0.0391119 0.0126208 0.0100794
v 0.0393082 0.0123933 0.0102363
v 0.0393885 0.0121892 0.0103964
v 0.0392381 0.0122786 0.0100812
v 0.0393681 0.0121690 0.0102810
v 0.0391522 0.0116493 0.0108784
v 0.0390958 0.0113996 0.0108454
v 0.0388343 0.0110771 0.0108701
v 0.0384856 0.0108510 0.0108862
v 0.0381892 0.0106957 0.0108478
v 0.0379578 0.0106539 0.0108366
v 0.0376448 0.0106903 0.0108505
v 0.0374514 0.0107847 0.0108815
v 0.0370739 0.0109750 0.0108665
v 0.0368409 0.0112045 0.0108586
v 0.0367227 0.0114851 0.0108930
v 0.0366041 0.0117731 0.0108642
v 0.0392802 0.0116811 0.0107504
v 0.0393719 0.0117163 0.0105401
v 0.0392279 0.0113745 0.0106536
v 0.0393612 0.0117637 0.0102853
v 0.0392883 0.0114257 0.0105051
v 0.0393395 0.0115836 0.0103680
v 0.0390804 0.0112097 0.0107425
v 0.0392342 0.0117113 0.0100811
v 0.0392586 0.0115352 0.0101799
v 0.0389211 0.0109657 0.0106874
v 0.0392146 0.0113129 0.0102908
v 0.0391585 0.0111798 0.0104673
v 0.0390289 0.0110249 0.0105701
v 0.0386741 0.0108466 0.0107884
v 0.0390409 0.0110252 0.0103832
v 0.0390937 0.0113399 0.0100785
v 0.0386801 0.0107552 0.0106491
v 0.0390399 0.0111023 0.0102147
v 0.0388387 0.0108247 0.0104382
v 0.0388926 0.0109277 0.0102344
v 0.0383999 0.0106704 0.0107424
v 0.0386775 0.0107117 0.0104544
v 0.0388244 0.0110085 0.0100692
v 0.0384663 0.0106242 0.0105833
v 0.0386706 0.0107666 0.0102138
v 0.0380627 0.0105578 0.0106914
v 0.0383656 0.0105702 0.0104127
v 0.0384320 0.0106120 0.0102992
v 0.0381876 0.0105353 0.0105563
v 0.0385281 0.0108828 0.0100026
v 0.0383440 0.0106697 0.0101294
v 0.0376980 0.0105713 0.0107048
v 0.0379554 0.0105060 0.0105394
v 0.0380834 0.0105124 0.0103732
v 0.0381312 0.0105824 0.0101848
v 0.0377282 0.0105137 0.0105382
v 0.0377657 0.0105018 0.0104280
v 0.0379274 0.0105266 0.0102703
v 0.0373250 0.0107134 0.0107634
v 0.0374588 0.0105697 0.0105517
v 0.0380093 0.0106594 0.0100627
v 0.0376779 0.0105482 0.0102540
v 0.0377944 0.0106026 0.0101289
v 0.0374912 0.0105644 0.0103423
v 0.0371721 0.0107291 0.0106539
v 0.0372555 0.0106434 0.0104765
v 0.0369776 0.0109181 0.0107395
v 0.0372350 0.0106616 0.0103434
v 0.0375230 0.0106784 0.0100939
v 0.0369374 0.0108812 0.0106246
v 0.0372671 0.0106747 0.0102448
v 0.0370550 0.0107578 0.0104741
v 0.0373458 0.0107558 0.0100791
v 0.0367581 0.0111142 0.0106975
v 0.0368805 0.0108968 0.0104713
v 0.0369136 0.0108791 0.0103398
v 0.0369063 0.0109249 0.0102360
v 0.0366555 0.0112944 0.0107228
v 0.0366873 0.0111318 0.0105667
v 0.0371437 0.0108550 0.0100916
v 0.0366946 0.0110992 0.0104152
v 0.0365496 0.0115661 0.0107463
v 0.0369731 0.0109833 0.0100955
v 0.0365422 0.0113774 0.0105618
v 0.0365940 0.0112823 0.0103261
v 0.0366753 0.0112302 0.0102024
v 0.0367707 0.0112217 0.0100864
v 0.0364628 0.0115866 0.0105538
v 0.0365015 0.0118425 0.0107602
v 0.0364756 0.0115304 0.0103764
v 0.0364358 0.0118271 0.0106223
v 0.0365559 0.0115025 0.0101744
v 0.0364075 0.0118233 0.0104714
v 0.0364406 0.0117702 0.0102755
v 0.0365170 0.0117749 0.0101292
v 0.0384388 0.0118209 0.0112262
v 0.0387039 0.0118238 0.0111437
v 0.0382699 0.0117617 0.0112569
v 0.0381209 0.0115983 0.0112545
v 0.0380691 0.0113361 0.0111966
v 0.0380767 0.0109159 0.0110103
v 0.0377237 0.0109149 0.0110089
v 0.0379204 0.0108974 0.0110059
v 0.0377287 0.0113611 0.0112033
v 0.0373956 0.0118185 0.0112372
v 0.0375806 0.0117196 0.0112620
v 0.0376836 0.0115897 0.0112515
v 0.0370365 0.0118232 0.0111197
v 0.0368134 0.0118242 0.0110050
v 0.0367980 0.0120128 0.0110061
v 0.0389940 0.0118389 0.0110060
v 0.0372611 0.0113933 0.0111244
v 0.0374137 0.0110246 0.0110161
v 0.0385144 0.0115406 0.0111676
v 0.0383833 0.0112172 0.0111056
v 0.0388111 0.0115829 0.0110627
v 0.0387446 0.0112696 0.0110007
v 0.0389868 0.0121769 0.0110085
v 0.0368166 0.0121762 0.0110115
v 0.0373722 0.0121781 0.0112318
v 0.0377165 0.0125012 0.0112354
v 0.0375990 0.0122901 0.0112613
v 0.0377232 0.0127085 0.0111805
v 0.0377214 0.0130774 0.0110181
v 0.0380767 0.0130849 0.0110099
v 0.0378918 0.0131027 0.0110048
v 0.0380768 0.0127783 0.0111547
v 0.0380927 0.0124541 0.0112482
v 0.0382532 0.0122505 0.0112582
v 0.0384547 0.0121753 0.0112248
v 0.0372932 0.0127636 0.0110781
v 0.0369842 0.0124468 0.0110554
v 0.0384135 0.0128050 0.0110906
v 0.0387446 0.0127304 0.0110007
v 0.0388099 0.0124199 0.0110625
v 0.0374114 0.0124399 0.0112041
v 0.0385131 0.0124590 0.0111681
v 0.0389940 0.0118389 0.0110060
v 0.0389868 0.0121769 0.0110085
v 0.0389866 0.0118240 0.0106500
v 0.0389973 0.0121710 0.0106500
v 0.0389868 0.0121769 0.0110085
v 0.0389973 0.0121710 0.0106500
v 0.0380767 0.0130849 0.0110099
v 0.0380768 0.0127783 0.0111547
v 0.0380927 0.0124541 0.0112482
v 0.0382532 0.0122505 0.0112582
v 0.0384547 0.0121753 0.0112248
v 0.0380736 0.0130942 0.0106500
v 0.0380820 0.0125009 0.0106500
v 0.0382087 0.0122837 0.0106500
v 0.0384176 0.0121801 0.0106500
v 0.0389866 0.0118240 0.0106500
v 0.0389973 0.0121710 0.0106500
v 0.0384020 0.0118181 0.0106500
v 0.0382080 0.0117120 0.0106500
v 0.0380839 0.0115118 0.0106500
v 0.0380761 0.0109142 0.0106500
v 0.0377306 0.0109001 0.0106500
v 0.0377214 0.0114662 0.0106500
v 0.0376559 0.0116364 0.0106500
v 0.0375090 0.0117729 0.0106500
v 0.0373498 0.0118225 0.0106500
v 0.0368129 0.0118241 0.0106500
v 0.0368043 0.0121722 0.0106500
v 0.0373989 0.0121819 0.0106500
v 0.0376040 0.0122980 0.0106500
v 0.0377182 0.0125023 0.0106500
v 0.0377241 0.0130877 0.0106500
v 0.0380736 0.0130942 0.0106500
v 0.0380820 0.0125009 0.0106500
v 0.0382087 0.0122837 0.0106500
v 0.0384176 0.0121801 0.0106500
v 0.0384388 0.0118209 0.0112262
v 0.0387039 0.0118238 0.0111437
v 0.0382699 0.0117617 0.0112569
v 0.0381209 0.0115983 0.0112545
v 0.0380691 0.0113361 0.0111966
v 0.0380767 0.0109159 0.0110103
v 0.0389940 0.0118389 0.0110060
v 0.0389866 0.0118240 0.0106500
v 0.0384020 0.0118181 0.0106500
v 0.0382080 0.0117120 0.0106500
v 0.0380839 0.0115118 0.0106500
v 0.0380761 0.0109142 0.0106500
v 0.0380767 0.0109159 0.0110103
v 0.0377237 0.0109149 0.0110089
v 0.0379204 0.0108974 0.0110059
v 0.0380761 0.0109142 0.0106500
v 0.0377306 0.0109001 0.0106500
v 0.0377237 0.0109149 0.0110089
v 0.0377287 0.0113611 0.0112033
v 0.0373956 0.0118185 0.0112372
v 0.0375806 0.0117196 0.0112620
v 0.0376836 0.0115897 0.0112515
v 0.0370365 0.0118232 0.0111197
v 0.0368134 0.0118242 0.0110050
v 0.0377306 0.0109001 0.0106500
v 0.0377214 0.0114662 0.0106500
v 0.0376559 0.0116364 0.0106500
v 0.0375090 0.0117729 0.0106500
v 0.0373498 0.0118225 0.0106500
v 0.0368129 0.0118241 0.0106500
v 0.0368134 0.0118242 0.0110050
v 0.0367980 0.0120128 0.0110061
v 0.0368166 0.0121762 0.0110115
v 0.0368129 0.0118241 0.0106500
v 0.0368043 0.0121722 0.0106500
v 0.0368166 0.0121762 0.0110115
v 0.0373722 0.0121781 0.0112318
v 0.0377165 0.0125012 0.0112354
v 0.0375990 0.0122901 0.0112613
v 0.0377232 0.0127085 0.0111805
v 0.0377214 0.0130774 0.0110181
v 0.0368043 0.0121722 0.0106500
v 0.0373989 0.0121819 0.0106500
v 0.0376040 0.0122980 0.0106500
v 0.0377182 0.0125023 0.0106500
v 0.0377241 0.0130877 0.0106500
v 0.0377214 0.0130774 0.0110181
v 0.0380767 0.0130849 0.0110099
v 0.0378918 0.0131027 0.0110048
v 0.0377241 0.0130877 0.0106500
v 0.0380736 0.0130942 0.0106500
vn 0.000096 0.000052 -1.000000
vn 0.000232 0.000014 -1.000000
vn 0.000329 0.000043 -1.000000
vn 0.000048 -0.000131 -1.000000
vn 0.000039 -0.000053 -1.000000
vn 0.000121 0.000058 -1.000000
vn 0.000203 0.000073 -1.000000
vn 0.000032 -0.000188 -1.000000
vn 0.000067 -0.000010 -1.000000
vn 0.000080 0.000031 -1.000000
vn -0.000418 0.000419 -1.000000
vn 0.690591 -0.080147 -0.718791
vn 0.670653 0.184949 -0.718344
vn 0.519898 0.450312 -0.725896
vn 0.224888 0.641541 -0.733383
vn -0.188690 0.655604 -0.731150
vn -0.541739 0.417753 -0.729384
vn -0.683874 0.001304 -0.729599
vn -0.520961 -0.442645 -0.729839
vn -0.127454 -0.667177 -0.733915
vn 0.304698 -0.605543 -0.735171
vn 0.599438 -0.336343 -0.726325
vn 0.708383 0.001509 -0.705827
vn -0.723503 -0.039934 -0.689166
vn -0.629513 -0.235797 -0.740347
vn -0.570645 -0.462955 -0.678260
vn -0.348245 -0.584870 -0.732566
vn -0.176304 -0.704167 -0.687798
vn 0.069610 -0.676406 -0.733232
vn 0.276454 -0.661294 -0.697326
vn 0.457945 -0.506189 -0.730793
vn 0.580347 -0.402335 -0.708042
vn 0.681792 -0.211412 -0.700332
vn 0.668998 0.231123 -0.706417
vn 0.568844 0.408821 -0.713640
vn 0.391915 0.576432 -0.717027
vn 0.219766 0.686221 -0.693400
vn 0.031251 0.678140 -0.734268
vn -0.165635 0.707050 -0.687492
vn -0.367382 0.579762 -0.727260
vn -0.548735 0.475271 -0.687755
vn -0.646415 0.228524 -0.727959
vn 0.999998 -0.001184 0.001292
vn -0.999352 -0.035964 -0.001570
vn -0.933643 -0.358195 -0.002745
vn -0.771385 -0.636367 -0.001268
vn -0.521688 -0.853136 -0.000276
vn -0.229302 -0.973352 -0.002421
vn 0.082310 -0.996602 -0.002992
vn 0.401754 -0.915744 -0.002770
vn 0.653765 -0.756697 -0.001169
vn 0.834110 -0.551597 -0.001308
vn 0.952981 -0.303029 -0.000058
vn 0.949323 0.314299 -0.001630
vn 0.800612 0.599174 -0.003355
vn 0.560712 0.828007 -0.002408
vn 0.314064 0.949401 -0.000723
vn 0.046438 0.998919 -0.001875
vn -0.241395 0.970424 -0.002596
vn -0.522368 0.852717 -0.002430
vn -0.763756 0.645500 -0.002693
vn -0.942715 0.333595 -0.001722
vn 0.999189 -0.040271 0.000655
vn -0.915555 0.402180 0.003300
vn -0.682865 0.730539 0.002915
vn -0.411010 0.911627 0.002681
vn -0.072027 0.997398 0.002952
vn 0.313374 0.949624 0.003388
vn 0.677271 0.735720 0.004479
vn 0.933193 0.359355 0.003755
vn 0.902336 -0.431031 0.001580
vn 0.621712 -0.783237 0.003773
vn 0.266661 -0.963784 0.003541
vn -0.096745 -0.995304 0.003186
vn -0.476413 -0.879218 0.002751
vn -0.821875 -0.569651 0.004375
vn -0.996611 -0.082121 0.004820
vn 0.000000 0.000000 1.000000
vn 0.000000 0.000000 1.000000
vn 0.000000 0.000000 1.000000
vn 0.000000 0.000000 1.000000
vn 0.000000 0.000000 1.000000
vn 0.000000 0.000000 1.000000
vn 0.000000 0.000000 1.000000
vn 0.000000 0.000000 1.000000
vn 0.000000 0.000000 1.000000
vn 0.000000 0.000000 1.000000
vn 0.000000 0.000000 1.000000
vn 0.000000 0.000000 1.000000
vn 0.000000 0.000000 1.000000
vn 0.000000 0.000000 1.000000
vn 0.000000 0.000000 1.000000
vn 0.000000 0.000000 1.000000
vn 0.000000 0.000000 1.000000
vn 0.000000 0.000000 1.000000
vn 0.000000 0.000000 1.000000
vn 0.000000 0.000000 1.000000
vn 0.000000 0.000000 1.000000
vn 0.000000 0.000000 1.000000
vn 0.000000 0.000000 1.000000
vn 0.000000 0.000000 1.000000
vn 0.000000 0.000000 1.000000
vn 0.000000 0.000000 1.000000
vn 0.000000 0.000000 1.000000
vn 0.000000 0.000000 1.000000
vn 0.000000 0.000000 1.000000
vn 0.078330 0.996927 -0.000256
vn -0.319590 0.947556 -0.000226
vn -0.701544 0.712626 -0.000142
vn -0.950956 0.309325 -0.000476
vn -0.985276 -0.170965 -0.001138
vn -0.785215 -0.619223 -0.000974
vn -0.420414 -0.907332 -0.000849
vn -0.078132 -0.996943 -0.000480
vn 0.275214 -0.961383 -0.000135
vn 0.701889 -0.712286 -0.001042
vn 0.979328 -0.202274 -0.001428
vn 0.955507 0.294968 -0.001079
vn 0.770791 0.637088 -0.000795
vn 0.458229 0.888834 -0.000459
vn -0.267055 -0.963681 0.000913
vn -0.698942 -0.715178 0.000964
vn -0.941024 -0.338340 0.000998
vn -0.997853 0.065489 0.000890
vn -0.908377 0.418152 0.000117
vn -0.675440 0.737415 -0.000228
vn -0.310899 0.950443 0.000246
vn 0.109238 0.994015 0.000509
vn 0.533856 0.845575 0.000868
vn 0.874222 0.485525 0.000922
vn 0.999415 0.034191 0.001112
vn 0.916511 -0.400008 0.001148
vn 0.644999 -0.764183 0.000352
vn 0.242751 -0.970089 0.000386
vn -0.000002 -0.000220 -1.000000
vn -0.000037 -0.000077 -1.000000
vn -0.002272 0.000586 -0.999997
vn -0.001806 -0.001227 -0.999998
vn -0.000436 0.000905 -0.999999
vn -0.000933 0.000359 -1.000000
vn 0.000024 0.000473 -1.000000
vn -0.000212 0.000514 -1.000000
vn 0.003092 0.002016 -0.999993
vn 0.001174 0.002421 -0.999996
vn 0.000389 0.000376 -1.000000
vn -0.000171 -0.000036 -1.000000
vn 0.000173 -0.002677 -0.999996
vn 0.001929 -0.001890 -0.999996
vn -0.419164 -0.076215 -0.904706
vn -0.381924 -0.159222 -0.910375
vn -0.291529 -0.256608 -0.921501
vn -0.193243 -0.324801 -0.925830
vn -0.051931 -0.401893 -0.914213
vn 0.112947 -0.392393 -0.912837
vn 0.307642 -0.248641 -0.918441
vn 0.379303 -0.116840 -0.917866
vn 0.389357 0.042398 -0.920111
vn 0.334742 0.163483 -0.928020
vn 0.331570 0.268825 -0.904320
vn 0.196796 0.377100 -0.905023
vn 0.096290 0.374317 -0.922288
vn -0.025943 0.389084 -0.920837
vn -0.132366 0.344576 -0.929380
vn -0.250961 0.309774 -0.917092
vn -0.331607 0.229663 -0.915037
vn -0.381416 0.106622 -0.918234
vn -0.599262 0.244022 0.762456
vn -0.467623 0.408263 0.783996
vn -0.310824 0.609600 0.729230
vn 0.058688 0.633536 0.771484
vn 0.251456 0.580996 0.774089
vn 0.425352 0.508329 0.748784
vn 0.594327 0.414103 0.689416
vn 0.645017 0.321358 0.693313
vn 0.611626 0.195867 0.766518
vn 0.702249 0.072250 0.708255
vn 0.995368 -0.027996 0.091972
vn 0.888859 -0.016505 0.457883
vn 0.658228 -0.023642 0.752447
vn 0.717330 -0.040850 -0.695535
vn 0.879133 0.004584 -0.476554
vn 0.986349 -0.030089 -0.161898
vn -0.715424 0.075786 -0.694568
vn -0.858851 -0.005110 -0.512200
vn -0.938187 0.074807 -0.337950
vn -0.993514 0.075405 -0.085111
vn -0.979152 0.035180 0.200060
vn -0.663225 0.040621 0.747317
vn -0.857893 0.075270 0.508285
vn -0.811671 0.208924 0.545473
vn -0.961151 0.186890 0.203125
vn -0.772301 0.365726 0.519418
vn -0.897958 0.337577 0.282335
vn -0.689718 0.460287 0.558950
vn -0.952701 0.303890 0.003323
vn -0.911627 0.220928 -0.346594
vn -0.860789 0.480809 0.166929
vn -0.603335 0.582073 0.545141
vn -0.893353 0.395931 -0.212505
vn -0.764964 0.606046 0.218031
vn -0.393510 0.530880 0.750544
vn -0.759840 0.269666 -0.591543
vn -0.809418 0.435276 -0.394179
vn -0.799807 0.588559 -0.117925
vn -0.678962 0.693193 0.241855
vn -0.491158 0.724381 0.483773
vn -0.655716 0.345469 -0.671333
vn -0.689181 0.502657 -0.521886
vn -0.660720 0.748705 -0.053754
vn -0.690679 0.647341 -0.322356
vn -0.540437 0.819788 0.189407
vn -0.198484 0.657319 0.727005
vn -0.420615 0.868883 0.261009
vn -0.548795 0.825952 -0.128946
vn -0.288711 0.825424 0.485100
vn -0.565808 0.684820 -0.459220
vn -0.524364 0.513260 -0.679416
vn -0.125267 0.761652 0.635762
vn -0.397260 0.912931 -0.093498
vn -0.290810 0.929282 0.227738
vn -0.448320 0.801259 -0.396223
vn -0.006812 0.770534 0.637363
vn -0.105644 0.910437 0.399930
vn -0.386952 0.661930 -0.641963
vn -0.196827 0.978613 0.059803
vn -0.317978 0.874670 -0.365845
vn 0.085966 0.929927 0.357555
vn -0.004466 0.991063 0.133320
vn -0.159061 0.935092 -0.316706
vn -0.305341 0.688535 -0.657789
vn 0.197333 0.810265 0.551843
vn -0.176211 0.755026 -0.631574
vn -0.049887 0.991243 -0.122261
vn 0.150277 0.988235 -0.028423
vn 0.035051 0.920106 -0.390097
vn 0.363001 0.698591 0.616604
vn 0.297643 0.932230 0.205807
vn -0.018003 0.784424 -0.619964
vn 0.405687 0.821185 0.401340
vn 0.171079 0.916114 -0.362584
vn 0.308765 0.921636 -0.235058
vn 0.546016 0.679852 0.489559
vn 0.524238 0.824722 0.212150
vn 0.408710 0.912122 -0.031453
vn 0.122739 0.750939 -0.648865
vn 0.646932 0.575290 0.500519
vn 0.281294 0.768310 -0.574955
vn 0.519027 0.843814 -0.136341
vn 0.667055 0.731864 0.139331
vn 0.420344 0.762561 -0.491744
vn 0.598483 0.741663 -0.302908
vn 0.768990 0.594913 0.233951
vn 0.758081 0.649128 -0.062818
vn 0.811576 0.461496 0.358282
vn 0.435420 0.567305 -0.698981
vn 0.683500 0.631985 -0.365271
vn 0.571665 0.573956 -0.586322
vn 0.884069 0.348601 0.311285
vn 0.887353 0.459947 -0.032451
vn 0.838831 0.203635 0.504872
vn 0.798139 0.543157 -0.260680
vn 0.701295 0.481462 -0.525719
vn 0.846397 0.368691 -0.384290
vn 0.957473 0.285209 -0.043611
vn 0.968048 0.144211 0.205149
vn 0.678355 0.333068 -0.654905
vn 0.887314 0.258758 -0.381729
vn 0.989257 0.112664 -0.093147
vn 0.739873 0.165463 -0.652081
vn 0.942805 0.109818 -0.314735
vn 0.620781 -0.178404 0.763415
vn 0.625077 -0.313032 0.715045
vn 0.475837 -0.470933 0.742833
vn 0.282342 -0.559235 0.779448
vn 0.155872 -0.678935 0.717462
vn 0.021016 -0.712061 0.701803
vn -0.129158 -0.687236 0.714860
vn -0.231282 -0.592983 0.771284
vn -0.412772 -0.515190 0.751131
vn -0.534579 -0.406432 0.740971
vn -0.570076 -0.258833 0.779756
vn -0.652088 -0.117336 0.749008
vn 0.826236 -0.193483 0.529055
vn 0.968583 -0.184542 0.166704
vn 0.837609 -0.394509 0.377854
vn 0.943375 -0.148097 -0.296835
vn 0.919830 -0.381892 0.089838
vn 0.950155 -0.275482 -0.145997
vn 0.703682 -0.480037 0.523828
vn 0.751204 -0.149287 -0.642966
vn 0.828137 -0.285820 -0.482178
vn 0.627076 -0.651903 0.426379
vn 0.847425 -0.448003 -0.284893
vn 0.842446 -0.536920 0.044736
vn 0.741747 -0.636603 0.211066
vn 0.438459 -0.649631 0.621074
vn 0.752581 -0.647334 -0.120753
vn 0.645907 -0.362625 -0.671794
vn 0.504458 -0.791145 0.345848
vn 0.711811 -0.548796 -0.438347
vn 0.627483 -0.778516 -0.013338
vn 0.622539 -0.684400 -0.379528
vn 0.291937 -0.797237 0.528380
vn 0.515056 -0.857134 -0.006272
vn 0.495280 -0.541764 -0.679109
vn 0.362653 -0.901097 0.237713
vn 0.477673 -0.766883 -0.428623
vn 0.101444 -0.893154 0.438161
vn 0.300738 -0.952523 -0.047495
vn 0.350970 -0.893148 -0.281258
vn 0.203513 -0.959017 0.197153
vn 0.218669 -0.384375 -0.896906
vn 0.266647 -0.771163 -0.578106
vn -0.124387 -0.879639 0.459090
vn 0.030589 -0.985706 0.165673
vn 0.130194 -0.982253 -0.135013
vn 0.147424 -0.870775 -0.469060
vn -0.118302 -0.975941 0.183151
vn -0.090461 -0.994200 -0.058162
vn 0.015666 -0.944926 -0.326909
vn -0.335081 -0.757938 0.559689
vn -0.289088 -0.937374 0.194312
vn 0.059920 -0.700707 -0.710928
vn -0.152877 -0.922260 -0.355057
vn -0.059233 -0.813576 -0.578434
vn -0.268276 -0.943878 -0.192674
vn -0.465197 -0.808051 0.361449
vn -0.423627 -0.903169 0.069468
vn -0.546422 -0.640567 0.539533
vn -0.453539 -0.875069 -0.168989
vn -0.214251 -0.743827 -0.633102
vn -0.625420 -0.719722 0.301413
vn -0.399933 -0.828913 -0.391096
vn -0.558867 -0.828285 0.040136
vn -0.287914 -0.676437 -0.677893
vn -0.694037 -0.554592 0.459064
vn -0.687814 -0.723865 0.054144
vn -0.638129 -0.746401 -0.188885
vn -0.629083 -0.670565 -0.393189
vn -0.755865 -0.417486 0.504355
vn -0.796595 -0.567117 0.209317
vn -0.437352 -0.646780 -0.624819
vn -0.796202 -0.599321 -0.082930
vn -0.804669 -0.262538 0.532523
vn -0.513534 -0.563674 -0.646957
vn -0.888837 -0.415315 0.193604
vn -0.863703 -0.464026 -0.196717
vn -0.755672 -0.491241 -0.433177
vn -0.624976 -0.429536 -0.651847
vn -0.943599 -0.266527 0.196428
vn -0.825817 -0.090873 0.556568
vn -0.939199 -0.314518 -0.137781
vn -0.940507 -0.111218 0.321056
vn -0.809409 -0.299481 -0.505141
vn -0.993384 -0.113228 0.019193
vn -0.944071 -0.145136 -0.296083
vn -0.798170 -0.132201 -0.587748
vn 0.257388 -0.130739 0.957423
vn 0.362294 -0.127852 0.923254
vn 0.201826 -0.166693 0.965132
vn 0.181262 -0.224192 0.957539
vn 0.155660 -0.307272 0.938804
vn 0.114414 -0.514214 0.849996
vn -0.097499 -0.505794 0.857127
vn 0.006501 -0.571572 0.820526
vn -0.166691 -0.305017 0.937645
vn -0.264568 -0.168355 0.949558
vn -0.203297 -0.209069 0.956536
vn -0.207162 -0.240916 0.948179
vn -0.387377 -0.178938 0.904389
vn -0.505624 -0.117770 0.854678
vn -0.550259 -0.009438 0.834941
vn 0.516013 -0.085644 0.852289
vn -0.298292 -0.273977 0.914308
vn -0.222357 -0.430279 0.874881
vn 0.271492 -0.212564 0.938674
vn 0.218652 -0.363008 0.905768
vn 0.422587 -0.197146 0.884620
vn 0.383642 -0.333801 0.861043
vn 0.508069 0.084801 0.857132
vn -0.504230 0.101293 0.857608
vn -0.284665 0.127165 0.950155
vn -0.146272 0.237452 0.960323
vn -0.162659 0.167837 0.972303
vn -0.166476 0.330945 0.928849
vn -0.130451 0.509574 0.850480
vn 0.124124 0.503261 0.855173
vn -0.000140 0.537687 0.843144
vn 0.148883 0.347606 0.925745
vn 0.173319 0.241389 0.954826
vn 0.194807 0.173941 0.965295
vn 0.284217 0.123560 0.950765
vn -0.271982 0.353419 0.895053
vn -0.402856 0.199233 0.893316
vn 0.230854 0.369982 0.899900
vn 0.391044 0.332255 0.858307
vn 0.415185 0.179828 0.891787
vn -0.233886 0.208114 0.949729
vn 0.275791 0.207177 0.938625
vn -0.999977 0.004294 -0.005202
vn -0.999363 -0.021031 -0.028817
vn -0.999338 0.030729 0.019459
vn -0.999976 0.005718 -0.003874
vn -0.008327 -0.999956 0.004433
vn -0.015640 -0.999749 0.016048
vn -0.999957 -0.009249 0.000353
vn -0.999745 -0.022490 0.002034
vn -0.925495 -0.378513 0.013679
vn -0.594883 -0.803659 0.015714
vn -0.201628 -0.979450 0.004899
vn -0.999864 -0.014213 0.008412
vn -0.965777 -0.259221 -0.008876
vn -0.681366 -0.731799 -0.014555
vn -0.228834 -0.973454 -0.004791
vn 0.000000 0.000000 1.000000
vn 0.000000 0.000000 1.000000
vn 0.000000 0.000000 1.000000
vn 0.000000 0.000000 1.000000
vn 0.000000 0.000000 1.000000
vn 0.000000 0.000000 1.000000
vn 0.000000 0.000000 1.000000
vn 0.000000 0.000000 1.000000
vn 0.000000 0.000000 1.000000
vn 0.000000 0.000000 1.000000
vn 0.000000 0.000000 1.000000
vn 0.000000 0.000000 1.000000
vn 0.000000 0.000000 1.000000
vn 0.000000 0.000000 1.000000
vn 0.000000 0.000000 1.000000
vn 0.000000 0.000000 1.000000
vn 0.000000 0.000000 1.000000
vn 0.000000 0.000000 1.000000
vn 0.000000 0.000000 1.000000
vn 0.000000 0.000000 1.000000
vn 0.000000 0.000000 1.000000
vn -0.190907 0.981581 0.007369
vn -0.023435 0.999654 -0.011936
vn -0.560666 0.827926 0.013895
vn -0.882361 0.470115 0.020748
vn -0.995810 0.091415 0.002561
vn -0.999908 0.004171 -0.012868
vn -0.070935 0.996668 -0.040260
vn -0.030856 0.999374 -0.017305
vn -0.247222 0.968897 -0.010916
vn -0.687416 0.726026 -0.018594
vn -0.961200 0.275583 -0.012187
vn -0.999913 0.013064 0.001840
vn -0.117589 0.993052 -0.004489
vn 0.088324 0.995307 -0.039531
vn -0.024969 0.999664 -0.006996
vn -0.061172 0.997919 0.020412
vn 0.000641 0.999973 0.007270
vn 0.999980 0.005774 0.002475
vn 0.994939 0.100307 0.005930
vn 0.276403 0.960964 0.012240
vn 0.645598 0.763555 0.013701
vn 0.898176 0.439416 0.013894
vn 0.006805 0.999973 0.002682
vn 0.004392 0.999990 -0.000284
vn 0.999702 0.016103 0.018346
vn 0.982965 0.183752 -0.003963
vn 0.828349 0.560052 -0.013408
vn 0.501618 0.865002 -0.012269
vn 0.146165 0.989238 -0.006592
vn 0.003303 0.999995 0.000235
vn 0.996691 0.081278 -0.001361
vn 0.999964 -0.007194 -0.004445
vn 0.993163 -0.112081 -0.032645
vn 0.998916 0.042320 0.019377
vn 0.999847 -0.012841 0.011908
vn 0.011475 -0.999931 0.002676
vn 0.260439 -0.965474 0.005658
vn 0.955395 -0.295322 0.002170
vn 0.692505 -0.721393 0.005422
vn 0.999880 -0.015077 -0.003634
vn 0.999988 -0.004859 -0.001071
vn 0.016399 -0.999809 0.010609
vn 0.259327 -0.965789 -0.001068
vn 0.710799 -0.703388 -0.003326
vn 0.966468 -0.256787 0.000182
vn 0.999922 -0.010181 0.007245
vn 0.144846 -0.989101 -0.026430
vn -0.095296 -0.995141 -0.024767
vn 0.026175 -0.999617 -0.008965
vn 0.054849 -0.998359 0.016477
vn -0.016349 -0.999741 0.015801
f 492//492 495//495 494//494
f 492//492 494//494 493//493
f 492//492 496//496 495//495
f 501//501 496//496 492//492
f 501//501 497//497 496//496
f 501//501 500//500 499//499
f 501//501 498//498 497//497
f 501//501 499//499 498//498
f 501//501 492//492 502//502
f 526//526 525//525 504//504
f 526//526 504//504 505//505
f 527//527 526//526 505//505
f 506//506 528//528 527//527
f 529//529 528//528 506//506
f 529//529 506//506 507//507
f 533//533 532//532 508//508
f 531//531 530//530 507//507
f 531//531 507//507 508//508
f 532//532 531//531 508//508
f 504//504 514//514 503//503
f 533//533 508//508 509//509
f 509//509 515//515 533//533
f 530//530 529//529 507//507
f 504//504 525//525 514//514
f 527//527 505//505 506//506
f 503//503 514//514 524//524
f 503//503 524//524 513//513
f 516//516 515//515 509//509
f 516//516 509//509 510//510
f 517//517 516//516 510//510
f 518//518 517//517 510//510
f 519//519 518//518 511//511
f 520//520 519//519 511//511
f 518//518 510//510 511//511
f 521//521 520//520 512//512
f 522//522 521//521 512//512
f 522//522 512//512 513//513
f 523//523 522//522 513//513
f 513//513 524//524 523//523
f 520//520 511//511 512//512
f 539//539 540//540 565//565
f 536//536 537//537 567//567
f 537//537 538//538 567//567
f 538//538 566//566 567//567
f 538//538 539//539 566//566
f 539//539 565//565 566//566
f 540//540 564//564 565//565
f 534//534 554//554 562//562
f 541//541 563//563 564//564
f 541//541 542//542 563//563
f 542//542 543//543 563//563
f 543//543 562//562 563//563
f 543//543 544//544 562//562
f 544//544 534//534 562//562
f 536//536 567//567 568//568
f 540//540 541//541 564//564
f 535//535 536//536 568//568
f 553//553 568//568 555//555
f 534//534 545//545 561//561
f 553//553 535//535 568//568
f 552//552 553//553 555//555
f 552//552 555//555 556//556
f 551//551 552//552 556//556
f 534//534 561//561 554//554
f 550//550 551//551 557//557
f 550//550 557//557 558//558
f 551//551 556//556 557//557
f 549//549 558//558 559//559
f 548//548 549//549 559//559
f 547//547 559//559 560//560
f 547//547 548//548 559//559
f 546//546 547//547 560//560
f 546//546 560//560 561//561
f 545//545 546//546 561//561
f 549//549 550//550 558//558
f 574//574 584//584 597//597
f 575//575 597//597 596//596
f 575//575 596//596 576//576
f 576//576 596//596 595//595
f 575//575 574//574 597//597
f 576//576 595//595 569//569
f 589//589 582//582 581//581
f 569//569 595//595 594//594
f 590//590 589//589 581//581
f 588//588 582//582 589//589
f 588//588 583//583 582//582
f 574//574 573//573 584//584
f 591//591 590//590 580//580
f 587//587 583//583 588//588
f 592//592 591//591 580//580
f 592//592 580//580 579//579
f 587//587 570//570 583//583
f 593//593 579//579 578//578
f 590//590 581//581 580//580
f 586//586 570//570 587//587
f 586//586 571//571 570//570
f 577//577 593//593 578//578
f 585//585 571//571 586//586
f 572//572 571//571 585//585
f 577//577 594//594 593//593
f 573//573 572//572 585//585
f 569//569 594//594 577//577
f 573//573 585//585 584//584
f 593//593 592//592 579//579
f 610//610 620//620 621//621
f 610//610 611//611 620//620
f 609//609 610//610 621//621
f 609//609 621//621 622//622
f 608//608 609//609 622//622
f 605//605 625//625 612//612
f 607//607 623//623 624//624
f 607//607 624//624 625//625
f 606//606 607//607 625//625
f 605//605 606//606 625//625
f 611//611 619//619 620//620
f 607//607 608//608 623//623
f 611//611 598//598 619//619
f 608//608 622//622 623//623
f 599//599 618//618 619//619
f 598//598 599//599 619//619
f 604//604 612//612 613//613
f 603//603 604//604 613//613
f 603//603 613//613 614//614
f 602//602 603//603 614//614
f 602//602 614//614 615//615
f 604//604 605//605 612//612
f 601//601 602//602 615//615
f 599//599 600//600 617//617
f 600//600 601//601 617//617
f 599//599 617//617 618//618
f 601//601 615//615 616//616
f 601//601 616//616 617//617
f 816//816 811//811 815//815
f 822//822 816//816 815//815
f 821//821 817//817 819//819
f 819//819 813//813 818//818
f 823//823 818//818 820//820
f 644//644 814//814 816//816
f 820//820 818//818 812//812
f 819//819 817//817 813//813
f 820//820 812//812 770//770
f 818//818 813//813 812//812
f 817//817 815//815 810//810
f 814//814 644//644 645//645
f 817//817 810//810 813//813
f 813//813 805//805 812//812
f 816//816 808//808 811//811
f 770//770 812//812 769//769
f 813//813 810//810 809//809
f 815//815 811//811 810//810
f 814//814 645//645 804//804
f 824//824 815//815 817//817
f 814//814 804//804 808//808
f 813//813 809//809 805//805
f 812//812 768//768 769//769
f 812//812 805//805 768//768
f 809//809 810//810 806//806
f 811//811 807//807 810//810
f 816//816 814//814 808//808
f 825//825 819//819 818//818
f 821//821 819//819 825//825
f 822//822 644//644 816//816
f 837//837 832//832 831//831
f 836//836 833//833 830//830
f 835//835 831//831 772//772
f 833//833 643//643 826//826
f 834//834 829//829 828//828
f 832//832 827//827 831//831
f 833//833 824//824 830//830
f 831//831 771//771 772//772
f 834//834 828//828 832//832
f 832//832 828//828 823//823
f 833//833 826//826 824//824
f 829//829 825//825 828//828
f 832//832 823//823 827//827
f 831//831 827//827 771//771
f 830//830 824//824 829//829
f 826//826 644//644 822//822
f 826//826 643//643 644//644
f 829//829 824//824 821//821
f 829//829 821//821 825//825
f 828//828 825//825 823//823
f 827//827 823//823 820//820
f 827//827 820//820 771//771
f 826//826 822//822 824//824
f 811//811 808//808 807//807
f 771//771 820//820 770//770
f 825//825 818//818 823//823
f 822//822 815//815 824//824
f 821//821 824//824 817//817
f 808//808 801//801 807//807
f 807//807 802//802 806//806
f 809//809 806//806 805//805
f 793//793 791//791 788//788
f 795//795 792//792 790//790
f 789//789 646//646 647//647
f 794//794 787//787 765//765
f 790//790 792//792 783//783
f 792//792 788//788 786//786
f 791//791 789//789 784//784
f 792//792 786//786 783//783
f 791//791 784//784 788//788
f 789//789 647//647 781//781
f 790//790 783//783 787//787
f 789//789 781//781 782//782
f 794//794 790//790 787//787
f 788//788 785//785 786//786
f 788//788 784//784 785//785
f 765//765 787//787 764//764
f 787//787 783//783 764//764
f 785//785 784//784 778//778
f 786//786 785//785 776//776
f 786//786 780//780 783//783
f 782//782 779//779 784//784
f 781//781 647//647 671//671
f 786//786 776//776 780//780
f 785//785 778//778 776//776
f 782//782 777//777 779//779
f 830//830 829//829 834//834
f 789//789 782//782 784//784
f 793//793 788//788 792//792
f 794//794 765//765 766//766
f 796//796 789//789 791//791
f 808//808 804//804 801//801
f 805//805 806//806 799//799
f 807//807 801//801 800//800
f 645//645 803//803 804//804
f 804//804 803//803 798//798
f 805//805 799//799 767//767
f 807//807 800//800 802//802
f 806//806 802//802 799//799
f 805//805 767//767 768//768
f 804//804 798//798 801//801
f 803//803 796//796 798//798
f 802//802 800//800 797//797
f 767//767 799//799 766//766
f 801//801 795//795 800//800
f 796//796 803//803 646//646
f 802//802 797//797 799//799
f 796//796 793//793 798//798
f 801//801 798//798 795//795
f 799//799 797//797 794//794
f 800//800 795//795 797//797
f 798//798 792//792 795//795
f 799//799 794//794 766//766
f 796//796 791//791 793//793
f 798//798 793//793 792//792
f 796//796 646//646 789//789
f 794//794 797//797 790//790
f 797//797 795//795 790//790
f 810//810 807//807 806//806
f 837//837 831//831 835//835
f 765//765 854//854 766//766
f 836//836 642//642 643//643
f 877//877 703//703 660//660
f 884//884 660//660 692//692
f 884//884 692//692 659//659
f 661//661 879//879 878//878
f 871//871 864//864 667//667
f 877//877 661//661 703//703
f 863//863 872//872 679//679
f 872//872 658//658 679//679
f 879//879 661//661 877//877
f 667//667 864//864 670//670
f 670//670 864//864 762//762
f 864//864 869//869 762//762
f 885//885 659//659 658//658
f 762//762 869//869 763//763
f 869//869 870//870 763//763
f 870//870 764//764 763//763
f 869//869 867//867 870//870
f 867//867 868//868 870//870
f 870//870 765//765 764//764
f 870//870 868//868 765//765
f 869//869 850//850 867//867
f 868//868 854//854 765//765
f 867//867 852//852 868//868
f 868//868 853//853 854//854
f 781//781 777//777 782//782
f 868//868 852//852 853//853
f 864//864 850//850 869//869
f 871//871 667//667 666//666
f 878//878 662//662 661//661
f 877//877 660//660 884//884
f 883//883 890//890 882//882
f 883//883 888//888 890//890
f 883//883 871//871 888//888
f 890//890 881//881 882//882
f 890//890 886//886 881//881
f 886//886 880//880 881//881
f 888//888 887//887 890//890
f 889//889 873//873 875//875
f 890//890 887//887 886//886
f 889//889 875//875 874//874
f 889//889 874//874 876//876
f 889//889 876//876 884//884
f 871//871 666//666 888//888
f 880//880 886//886 878//878
f 889//889 884//884 885//885
f 889//889 885//885 873//873
f 888//888 665//665 887//887
f 888//888 666//666 665//665
f 876//876 877//877 884//884
f 887//887 663//663 886//886
f 885//885 872//872 873//873
f 886//886 662//662 878//878
f 887//887 665//665 664//664
f 887//887 664//664 663//663
f 885//885 884//884 659//659
f 886//886 663//663 662//662
f 885//885 658//658 872//872
f 867//867 849//849 851//851
f 867//867 851//851 852//852
f 867//867 850//850 849//849
f 856//856 766//766 854//854
f 847//847 843//843 846//846
f 847//847 845//845 843//843
f 641//641 642//642 840//840
f 845//845 840//840 839//839
f 846//846 844//844 678//678
f 846//846 843//843 841//841
f 845//845 839//839 838//838
f 844//844 680//680 678//678
f 846//846 841//841 844//844
f 844//844 842//842 680//680
f 845//845 838//838 843//843
f 841//841 843//843 837//837
f 844//844 841//841 835//835
f 844//844 835//835 842//842
f 842//842 679//679 680//680
f 843//843 838//838 837//837
f 842//842 773//773 679//679
f 840//840 642//642 836//836
f 840//840 830//830 839//839
f 842//842 835//835 773//773
f 838//838 834//834 837//837
f 838//838 839//839 834//834
f 841//841 837//837 835//835
f 840//840 836//836 830//830
f 839//839 830//830 834//834
f 837//837 834//834 832//832
f 836//836 643//643 833//833
f 846//846 678//678 677//677
f 773//773 835//835 772//772
f 641//641 840//840 845//845
f 848//848 845//845 847//847
f 856//856 767//767 766//766
f 855//855 866//866 769//769
f 855//855 769//769 768//768
f 857//857 866//866 855//855
f 857//857 865//865 866//866
f 857//857 860//860 859//859
f 857//857 859//859 865//865
f 866//866 770//770 769//769
f 859//859 858//858 865//865
f 866//866 865//865 770//770
f 865//865 858//858 861//861
f 865//865 771//771 770//770
f 865//865 861//861 772//772
f 865//865 772//772 771//771
f 772//772 861//861 862//862
f 767//767 856//856 768//768
f 856//856 855//855 768//768
f 862//862 863//863 773//773
f 862//862 773//773 772//772
f 773//773 863//863 679//679
f 640//640 848//848 674//674
f 848//848 675//675 674//674
f 848//848 847//847 675//675
f 640//640 845//845 848//848
f 675//675 847//847 676//676
f 847//847 677//677 676//676
f 640//640 641//641 845//845
f 847//847 846//846 677//677
f 784//784 779//779 778//778
f 759//759 758//758 755//755
f 671//671 647//647 648//648
f 783//783 780//780 764//764
f 707//707 701//701 700//700
f 704//704 702//702 697//697
f 656//656 698//698 699//699
f 706//706 660//660 703//703
f 706//706 697//697 660//660
f 705//705 700//700 702//702
f 656//656 657//657 698//698
f 702//702 700//700 696//696
f 701//701 695//695 700//700
f 701//701 699//699 695//695
f 702//702 696//696 697//697
f 706//706 704//704 697//697
f 698//698 694//694 699//699
f 700//700 695//695 696//696
f 660//660 697//697 692//692
f 696//696 695//695 691//691
f 657//657 693//693 698//698
f 698//698 693//693 694//694
f 697//697 696//696 689//689
f 697//697 689//689 692//692
f 693//693 657//657 674//674
f 694//694 693//693 690//690
f 696//696 691//691 689//689
f 695//695 694//694 690//690
f 695//695 688//688 691//691
f 699//699 694//694 695//695
f 708//708 656//656 699//699
f 707//707 708//708 699//699
f 655//655 656//656 708//708
f 719//719 714//714 718//718
f 722//722 713//713 661//661
f 720//720 717//717 710//710
f 721//721 715//715 717//717
f 720//720 710//710 716//716
f 719//719 716//716 714//714
f 718//718 714//714 713//713
f 717//717 715//715 712//712
f 716//716 711//711 714//714
f 717//717 712//712 710//710
f 716//716 710//710 711//711
f 655//655 708//708 715//715
f 714//714 709//709 713//713
f 715//715 707//707 712//712
f 715//715 708//708 707//707
f 710//710 712//712 705//705
f 714//714 711//711 706//706
f 714//714 706//706 709//709
f 713//713 703//703 661//661
f 713//713 709//709 703//703
f 712//712 707//707 705//705
f 711//711 710//710 704//704
f 711//711 704//704 706//706
f 706//706 703//703 709//709
f 710//710 705//705 702//702
f 707//707 700//700 705//705
f 710//710 702//702 704//704
f 693//693 687//687 690//690
f 695//695 690//690 688//688
f 691//691 685//685 689//689
f 693//693 674//674 687//687
f 647//647 637//637 636//636
f 647//647 636//636 648//648
f 644//644 626//626 639//639
f 648//648 636//636 635//635
f 644//644 643//643 626//626
f 648//648 635//635 649//649
f 649//649 635//635 650//650
f 643//643 627//627 626//626
f 643//643 642//642 627//627
f 650//650 635//635 634//634
f 634//634 651//651 650//650
f 627//627 642//642 628//628
f 628//628 642//642 641//641
f 634//634 652//652 651//651
f 634//634 633//633 652//652
f 628//628 641//641 640//640
f 628//628 640//640 629//629
f 633//633 653//653 652//652
f 629//629 640//640 657//657
f 633//633 632//632 653//653
f 632//632 654//654 653//653
f 629//629 657//657 630//630
f 630//630 657//657 656//656
f 632//632 655//655 654//654
f 632//632 631//631 655//655
f 630//630 656//656 631//631
f 631//631 656//656 655//655
f 645//645 644//644 639//639
f 721//721 655//655 715//715
f 803//803 645//645 639//639
f 646//646 637//637 647//647
f 689//689 659//659 692//692
f 690//690 686//686 688//688
f 691//691 688//688 685//685
f 690//690 687//687 686//686
f 688//688 686//686 684//684
f 688//688 683//683 685//685
f 674//674 675//675 687//687
f 689//689 685//685 659//659
f 687//687 675//675 676//676
f 688//688 684//684 683//683
f 687//687 676//676 677//677
f 685//685 658//658 659//659
f 687//687 677//677 686//686
f 685//685 683//683 658//658
f 686//686 682//682 684//684
f 686//686 677//677 682//682
f 683//683 684//684 681//681
f 684//684 682//682 681//681
f 677//677 678//678 682//682
f 682//682 680//680 681//681
f 683//683 681//681 658//658
f 682//682 678//678 680//680
f 681//681 680//680 679//679
f 681//681 679//679 658//658
f 657//657 640//640 674//674
f 646//646 803//803 638//638
f 646//646 638//638 637//637
f 803//803 639//639 638//638
f 721//721 654//654 655//655
f 707//707 699//699 701//701
f 724//724 716//716 719//719
f 756//756 669//669 668//668
f 649//649 650//650 757//757
f 669//669 756//756 751//751
f 757//757 753//753 754//754
f 758//758 754//754 750//750
f 758//758 750//750 755//755
f 755//755 749//749 756//756
f 669//669 751//751 667//667
f 757//757 650//650 753//753
f 754//754 753//753 752//752
f 755//755 750//750 749//749
f 756//756 749//749 751//751
f 759//759 755//755 756//756
f 650//650 748//748 753//753
f 754//754 752//752 750//750
f 753//753 748//748 747//747
f 650//650 746//746 748//748
f 753//753 747//747 752//752
f 749//749 750//750 745//745
f 667//667 751//751 666//666
f 752//752 747//747 744//744
f 746//746 650//650 651//651
f 750//750 752//752 744//744
f 751//751 749//749 665//665
f 748//748 742//742 747//747
f 750//750 744//744 743//743
f 667//667 670//670 669//669
f 759//759 756//756 668//668
f 760//760 757//757 754//754
f 723//723 721//721 717//717
f 781//781 671//671 672//672
f 781//781 672//672 777//777
f 780//780 763//763 764//764
f 780//780 776//776 763//763
f 779//779 775//775 778//778
f 777//777 775//775 779//779
f 777//777 673//673 775//775
f 778//778 775//775 776//776
f 777//777 672//672 673//673
f 775//775 673//673 668//668
f 776//776 774//774 763//763
f 776//776 775//775 774//774
f 763//763 774//774 762//762
f 775//775 668//668 669//669
f 775//775 669//669 774//774
f 774//774 670//670 762//762
f 774//774 669//669 670//670
f 648//648 760//760 671//671
f 760//760 672//672 671//671
f 672//672 760//760 761//761
f 760//760 758//758 761//761
f 761//761 673//673 672//672
f 760//760 649//649 757//757
f 760//760 648//648 649//649
f 761//761 668//668 673//673
f 761//761 759//759 668//668
f 761//761 758//758 759//759
f 751//751 665//665 666//666
f 750//750 743//743 745//745
f 760//760 754//754 758//758
f 748//748 746//746 742//742
f 734//734 735//735 728//728
f 736//736 653//653 729//729
f 736//736 726//726 731//731
f 734//734 728//728 730//730
f 733//733 727//727 663//663
f 731//731 725//725 732//732
f 728//728 732//732 725//725
f 663//663 727//727 662//662
f 731//731 726//726 725//725
f 653//653 723//723 729//729
f 730//730 728//728 722//722
f 726//726 729//729 720//720
f 730//730 722//722 727//727
f 736//736 729//729 726//726
f 725//725 726//726 724//724
f 729//729 723//723 720//720
f 726//726 720//720 724//724
f 723//723 653//653 654//654
f 723//723 654//654 721//721
f 725//725 724//724 719//719
f 728//728 718//718 722//722
f 727//727 722//722 662//662
f 725//725 719//719 718//718
f 662//662 722//722 661//661
f 723//723 717//717 720//720
f 724//724 720//720 716//716
f 722//722 718//718 713//713
f 749//749 745//745 665//665
f 725//725 718//718 728//728
f 733//733 730//730 727//727
f 735//735 732//732 728//728
f 740//740 739//739 734//734
f 746//746 741//741 742//742
f 747//747 742//742 744//744
f 746//746 651//651 741//741
f 744//744 740//740 743//743
f 745//745 737//737 664//664
f 744//744 742//742 740//740
f 742//742 741//741 739//739
f 651//651 738//738 741//741
f 742//742 739//739 740//740
f 743//743 740//740 737//737
f 651//651 652//652 738//738
f 745//745 664//664 665//665
f 652//652 736//736 738//738
f 741//741 738//738 732//732
f 740//740 733//733 737//737
f 741//741 732//732 739//739
f 740//740 734//734 733//733
f 737//737 663//663 664//664
f 739//739 732//732 735//735
f 739//739 735//735 734//734
f 738//738 731//731 732//732
f 738//738 736//736 731//731
f 734//734 730//730 733//733
f 737//737 733//733 663//663
f 736//736 652//652 653//653
f 745//745 743//743 737//737
f 894//894 891//891 892//892
f 893//893 891//891 894//894
f 903//903 897//897 902//902
f 903//903 899//899 898//898
f 904//904 905//905 900//900
f 905//905 901//901 900//900
f 903//903 898//898 897//897
f 903//903 904//904 899//899
f 904//904 900//900 899//899
f 905//905 895//895 901//901
f 896//896 895//895 905//905
f 914//914 913//913 910//910
f 910//910 912//912 911//911
f 926//926 908//908 907//907
f 913//913 912//912 910//910
f 922//922 921//921 923//923
f 923//923 921//921 924//924
f 918//918 916//916 919//919
f 918//918 917//917 916//916
f 908//908 906//906 907//907
f 919//919 915//915 920//920
f 920//920 914//914 909//909
f 920//920 909//909 925//925
f 914//914 910//910 909//909
f 920//920 915//915 914//914
f 925//925 909//909 908//908
f 925//925 908//908 926//926
f 919//919 916//916 915//915
f 921//921 925//925 924//924
f 921//921 920//920 925//925
f 936//936 930//930 929//929
f 934//934 928//928 933//933
f 935//935 927//927 928//928
f 935//935 928//928 934//934
f 936//936 937//937 930//930
f 937//937 931//931 930//930
f 937//937 932//932 931//931
f 935//935 929//929 927//927
f 935//935 936//936 929//929
f 938//938 932//932 937//937
f 943//943 941//941 942//942
f 942//942 941//941 939//939
f 943//943 940//940 941//941
f 956//956 950//950 949//949
f 956//956 949//949 955//955
f 955//955 949//949 946//946
f 952//952 953//953 948//948
f 952//952 945//945 944//944
f 952//952 944//944 951//951
f 954//954 946//946 947//947
f 953//953 954//954 947//947
f 953//953 947//947 948//948
f 952//952 948//948 945//945
f 954//954 955//955 946//946
f 961//961 959//959 958//958
f 961//961 958//958 960//960
f 960//960 958//958 957//957
f 969//969 970//970 965//965
f 969//969 965//965 963//963
f 971//971 966//966 964//964
f 971//971 964//964 965//965
f 972//972 967//967 971//971
f 969//969 962//962 968//968
f 969//969 963//963 962//962
f 970//970 971//971 965//965
f 971//971 967//967 966//966
f 976//976 975//975 973//973
f 977//977 975//975 976//976
f 977//977 974//974 975//975
v 0.0217855 0.0121864 -0.0105000
v 0.0215737 0.0125212 -0.0105000
v 0.0212957 0.0126770 -0.0105000
v 0.0209891 0.0127003 -0.0105001
v 0.0207064 0.0125820 -0.0105000
v 0.0204971 0.0123675 -0.0105001
v 0.0203925 0.0120000 -0.0105001
v 0.0204971 0.0116325 -0.0105001
v 0.0208265 0.0113396 -0.0105001
v 0.0212433 0.0113104 -0.0105000
v 0.0215600 0.0114642 -0.0105000
v 0.0217765 0.0117884 -0.0105000
v 0.0217855 0.0121864 -0.0105000
v 0.0215737 0.0125212 -0.0105000
v 0.0212957 0.0126770 -0.0105000
v 0.0209891 0.0127003 -0.0105001
v 0.0207064 0.0125820 -0.0105000
v 0.0204971 0.0123675 -0.0105001
v 0.0203925 0.0120000 -0.0105001
v 0.0204971 0.0116325 -0.0105001
v 0.0208265 0.0113396 -0.0105001
v 0.0212433 0.0113104 -0.0105000
v 0.0215600 0.0114642 -0.0105000
v 0.0217765 0.0117884 -0.0105000
v 0.0219524 0.0120393 -0.0103496
v 0.0202482 0.0119324 -0.0103508
v 0.0203128 0.0116740 -0.0103503
v 0.0204827 0.0114049 -0.0103499
v 0.0207562 0.0112192 -0.0103500
v 0.0210112 0.0111520 -0.0103505
v 0.0212276 0.0111579 -0.0103503
v 0.0215032 0.0112432 -0.0103499
v 0.0217479 0.0114466 -0.0103503
v 0.0219050 0.0117043 -0.0103480
v 0.0218894 0.0123270 -0.0103496
v 0.0217551 0.0125450 -0.0103496
v 0.0215642 0.0127153 -0.0103505
v 0.0212581 0.0128437 -0.0103511
v 0.0209192 0.0128338 -0.0103500
v 0.0206114 0.0127046 -0.0103501
v 0.0203707 0.0124451 -0.0103501
v 0.0202741 0.0122098 -0.0103496
v 0.0219524 0.0120393 -0.0103496
v 0.0202482 0.0119324 -0.0103508
v 0.0203128 0.0116740 -0.0103503
v 0.0204827 0.0114049 -0.0103499
v 0.0207562 0.0112192 -0.0103500
v 0.0210112 0.0111520 -0.0103505
v 0.0212276 0.0111579 -0.0103503
v 0.0215032 0.0112432 -0.0103499
v 0.0217479 0.0114466 -0.0103503
v 0.0219050 0.0117043 -0.0103480
v 0.0218894 0.0123270 -0.0103496
v 0.0217551 0.0125450 -0.0103496
v 0.0215642 0.0127153 -0.0103505
v 0.0212581 0.0128437 -0.0103511
v 0.0209192 0.0128338 -0.0103500
v 0.0206114 0.0127046 -0.0103501
v 0.0203707 0.0124451 -0.0103501
v 0.0202741 0.0122098 -0.0103496
v 0.0219403 0.0118329 -0.0065000
v 0.0202483 0.0120770 -0.0065000
v 0.0203673 0.0124490 -0.0065000
v 0.0206257 0.0127099 -0.0065000
v 0.0209329 0.0128403 -0.0065000
v 0.0212898 0.0128338 -0.0065000
v 0.0216506 0.0126612 -0.0065000
v 0.0219193 0.0122662 -0.0065000
v 0.0217742 0.0114686 -0.0065000
v 0.0214587 0.0112220 -0.0065000
v 0.0211335 0.0111469 -0.0065000
v 0.0208686 0.0111793 -0.0065000
v 0.0206056 0.0113023 -0.0065000
v 0.0203901 0.0115257 -0.0065000
v 0.0202764 0.0117775 -0.0065000
v 0.0219403 0.0118329 -0.0065000
v 0.0202483 0.0120770 -0.0065000
v 0.0203673 0.0124490 -0.0065000
v 0.0206257 0.0127099 -0.0065000
v 0.0209329 0.0128403 -0.0065000
v 0.0212898 0.0128338 -0.0065000
v 0.0216506 0.0126612 -0.0065000
v 0.0219193 0.0122662 -0.0065000
v 0.0217742 0.0114686 -0.0065000
v 0.0214587 0.0112220 -0.0065000
v 0.0211335 0.0111469 -0.0065000
v 0.0208686 0.0111793 -0.0065000
v 0.0206056 0.0113023 -0.0065000
v 0.0203901 0.0115257 -0.0065000
v 0.0202764 0.0117775 -0.0065000
v 0.0210723 0.0127064 -0.0065000
v 0.0207729 0.0126237 -0.0065000
v 0.0205591 0.0124510 -0.0065000
v 0.0204308 0.0122174 -0.0065000
v 0.0203980 0.0119169 -0.0065000
v 0.0204909 0.0116498 -0.0065000
v 0.0206490 0.0114591 -0.0065000
v 0.0208570 0.0113412 -0.0065000
v 0.0211468 0.0112930 -0.0065000
v 0.0214852 0.0114081 -0.0065000
v 0.0216799 0.0116032 -0.0065000
v 0.0218007 0.0118890 -0.0065000
v 0.0217672 0.0122255 -0.0065000
v 0.0216182 0.0124789 -0.0065000
v 0.0213772 0.0126474 -0.0065000
v 0.0210723 0.0127064 -0.0065000
v 0.0207729 0.0126237 -0.0065000
v 0.0205591 0.0124510 -0.0065000
v 0.0204308 0.0122174 -0.0065000
v 0.0203980 0.0119169 -0.0065000
v 0.0204909 0.0116498 -0.0065000
v 0.0206490 0.0114591 -0.0065000
v 0.0208570 0.0113412 -0.0065000
v 0.0211468 0.0112930 -0.0065000
v 0.0214852 0.0114081 -0.0065000
v 0.0216799 0.0116032 -0.0065000
v 0.0218007 0.0118890 -0.0065000
v 0.0217672 0.0122255 -0.0065000
v 0.0216182 0.0124789 -0.0065000
v 0.0213772 0.0126474 -0.0065000
v 0.0209902 0.0113069 0.0100000
v 0.0207474 0.0113881 0.0100000
v 0.0204803 0.0116529 0.0100000
v 0.0203952 0.0120000 0.0100000
v 0.0204499 0.0122693 0.0100000
v 0.0206201 0.0125191 0.0100000
v 0.0208826 0.0126692 0.0100000
v 0.0212110 0.0127007 0.0100000
v 0.0214969 0.0125798 0.0100000
v 0.0216694 0.0124136 0.0100000
v 0.0218007 0.0121110 0.0100000
v 0.0217512 0.0117207 0.0100000
v 0.0215160 0.0114274 0.0100000
v 0.0212184 0.0113058 0.0100000
v 0.0209902 0.0113069 0.0100000
v 0.0207474 0.0113881 0.0100000
v 0.0204803 0.0116529 0.0100000
v 0.0203952 0.0120000 0.0100000
v 0.0204499 0.0122693 0.0100000
v 0.0206201 0.0125191 0.0100000
v 0.0208826 0.0126692 0.0100000
v 0.0212110 0.0127007 0.0100000
v 0.0214969 0.0125798 0.0100000
v 0.0216694 0.0124136 0.0100000
v 0.0218007 0.0121110 0.0100000
v 0.0217512 0.0117207 0.0100000
v 0.0215160 0.0114274 0.0100000
v 0.0212184 0.0113058 0.0100000
v 0.0198939 0.0115737 0.0100022
v 0.0200726 0.0112535 0.0100001
v 0.0203453 0.0109623 0.0100027
v 0.0207127 0.0107869 0.0100000
v 0.0211000 0.0107300 0.0100000
v 0.0215234 0.0107915 0.0100007
v 0.0220322 0.0111212 0.0100018
v 0.0222835 0.0115109 0.0100006
v 0.0223699 0.0120015 0.0100001
v 0.0220808 0.0128185 0.0100008
v 0.0216564 0.0131500 0.0100001
v 0.0211406 0.0132777 0.0100001
v 0.0205306 0.0131464 0.0100001
v 0.0201263 0.0128236 0.0100004
v 0.0198693 0.0123469 0.0099999
v 0.0198202 0.0123474 0.0108566
v 0.0199556 0.0126125 0.0108781
v 0.0201551 0.0128808 0.0108857
v 0.0204801 0.0131164 0.0108957
v 0.0208127 0.0133158 0.0108389
v 0.0210838 0.0133225 0.0108606
v 0.0216273 0.0131889 0.0108796
v 0.0219516 0.0130014 0.0108651
v 0.0221826 0.0127395 0.0108697
v 0.0223334 0.0124647 0.0108649
v 0.0225456 0.0120452 0.0106952
v 0.0224183 0.0120379 0.0108643
v 0.0225383 0.0120121 0.0101873
v 0.0225997 0.0120584 0.0103833
v 0.0197557 0.0120604 0.0100613
v 0.0196436 0.0120258 0.0102266
v 0.0196065 0.0121148 0.0103576
v 0.0196079 0.0120586 0.0105541
v 0.0196810 0.0120063 0.0107452
v 0.0197994 0.0119714 0.0108794
v 0.0196722 0.0122516 0.0106922
v 0.0197794 0.0125361 0.0107368
v 0.0196222 0.0122822 0.0104423
v 0.0196610 0.0124172 0.0105300
v 0.0198919 0.0127359 0.0107518
v 0.0197448 0.0126250 0.0105587
v 0.0200487 0.0128880 0.0108020
v 0.0197043 0.0122965 0.0101630
v 0.0196699 0.0124199 0.0103322
v 0.0197398 0.0126266 0.0103614
v 0.0198680 0.0128216 0.0106027
v 0.0200479 0.0130391 0.0106250
v 0.0198890 0.0128918 0.0104618
v 0.0197917 0.0126024 0.0101955
v 0.0203284 0.0131479 0.0107972
v 0.0198501 0.0128090 0.0103219
v 0.0198222 0.0124258 0.0100636
v 0.0199161 0.0126531 0.0100700
v 0.0202350 0.0131927 0.0106389
v 0.0199473 0.0128322 0.0101590
v 0.0200188 0.0130046 0.0102737
v 0.0201305 0.0131503 0.0104359
v 0.0206735 0.0133273 0.0107821
v 0.0204834 0.0133106 0.0106891
v 0.0204144 0.0133257 0.0105654
v 0.0202051 0.0131960 0.0103410
v 0.0201814 0.0130381 0.0101042
v 0.0203745 0.0133116 0.0103721
v 0.0202898 0.0132084 0.0102174
v 0.0206824 0.0134249 0.0105939
v 0.0206354 0.0134324 0.0104484
v 0.0209325 0.0134440 0.0106771
v 0.0203941 0.0131862 0.0101010
v 0.0205850 0.0133748 0.0102554
v 0.0211605 0.0134304 0.0107208
v 0.0209768 0.0134999 0.0104839
v 0.0213132 0.0133159 0.0108497
v 0.0208129 0.0134597 0.0103175
v 0.0205722 0.0132521 0.0100757
v 0.0212044 0.0134937 0.0105424
v 0.0214798 0.0133291 0.0107938
v 0.0207754 0.0133393 0.0100950
v 0.0214388 0.0134093 0.0106892
v 0.0209920 0.0134687 0.0102591
v 0.0214019 0.0134645 0.0105482
v 0.0212763 0.0134876 0.0103768
v 0.0217432 0.0132298 0.0107890
v 0.0211095 0.0134000 0.0101257
v 0.0213353 0.0134464 0.0102473
v 0.0216702 0.0133716 0.0106051
v 0.0215700 0.0134182 0.0103321
v 0.0219309 0.0131575 0.0107357
v 0.0218295 0.0133019 0.0105587
v 0.0213317 0.0133472 0.0100829
v 0.0217284 0.0133629 0.0104053
v 0.0221404 0.0129686 0.0107406
v 0.0220332 0.0131420 0.0106245
v 0.0215734 0.0133185 0.0101280
v 0.0219676 0.0132206 0.0103603
v 0.0220298 0.0131803 0.0104698
v 0.0218064 0.0132837 0.0102489
v 0.0222014 0.0130035 0.0105678
v 0.0223203 0.0127520 0.0107212
v 0.0217228 0.0132177 0.0100836
v 0.0222381 0.0129814 0.0103957
v 0.0219990 0.0131383 0.0102157
v 0.0223402 0.0128377 0.0105415
v 0.0218968 0.0130879 0.0100660
v 0.0222077 0.0129459 0.0102203
v 0.0224547 0.0123605 0.0107738
v 0.0220725 0.0129894 0.0101109
v 0.0224608 0.0125640 0.0106302
v 0.0224425 0.0126823 0.0104451
v 0.0223480 0.0127546 0.0102267
v 0.0225397 0.0122823 0.0106443
v 0.0225428 0.0124069 0.0105152
v 0.0224639 0.0125696 0.0102814
v 0.0222711 0.0126853 0.0100749
v 0.0225631 0.0123335 0.0103857
v 0.0225916 0.0121188 0.0105382
v 0.0224311 0.0124910 0.0101573
v 0.0225292 0.0123071 0.0102380
v 0.0223133 0.0124107 0.0100019
v 0.0224570 0.0121699 0.0100835
v 0.0223436 0.0116398 0.0108824
v 0.0222789 0.0114005 0.0108584
v 0.0221781 0.0111971 0.0108399
v 0.0219229 0.0110701 0.0109216
v 0.0213893 0.0106957 0.0108478
v 0.0210438 0.0106746 0.0108576
v 0.0207030 0.0107300 0.0108525
v 0.0202050 0.0110346 0.0108635
v 0.0199999 0.0112866 0.0108712
v 0.0199124 0.0115570 0.0109053
v 0.0224740 0.0118268 0.0107903
v 0.0225579 0.0118269 0.0106432
v 0.0224669 0.0116131 0.0107424
v 0.0225950 0.0118342 0.0104565
v 0.0225442 0.0116108 0.0105457
v 0.0223394 0.0112869 0.0107302
v 0.0225711 0.0118253 0.0102978
v 0.0224175 0.0113419 0.0106343
v 0.0225331 0.0115963 0.0103182
v 0.0224764 0.0113878 0.0104389
v 0.0224743 0.0116782 0.0101404
v 0.0224447 0.0118460 0.0100716
v 0.0220083 0.0109217 0.0107627
v 0.0221635 0.0110054 0.0106740
v 0.0223629 0.0111825 0.0104017
v 0.0224352 0.0113966 0.0102489
v 0.0222358 0.0110286 0.0105531
v 0.0217433 0.0108566 0.0108706
v 0.0223160 0.0113412 0.0101019
v 0.0222081 0.0109893 0.0103901
v 0.0222533 0.0111313 0.0101959
v 0.0219904 0.0107960 0.0105457
v 0.0217895 0.0107543 0.0107357
v 0.0216000 0.0106703 0.0107424
v 0.0220659 0.0108601 0.0103416
v 0.0220718 0.0109500 0.0101757
v 0.0216298 0.0106102 0.0105925
v 0.0218308 0.0106872 0.0104297
v 0.0219125 0.0107856 0.0102344
v 0.0213312 0.0105598 0.0106707
v 0.0216081 0.0105840 0.0104416
v 0.0218943 0.0109117 0.0100650
v 0.0216764 0.0106353 0.0102901
v 0.0210486 0.0105669 0.0107248
v 0.0214046 0.0105268 0.0104551
v 0.0216739 0.0107167 0.0101314
v 0.0211554 0.0105060 0.0105394
v 0.0213238 0.0105179 0.0103621
v 0.0213855 0.0106049 0.0101610
v 0.0207582 0.0105797 0.0106644
v 0.0208680 0.0105170 0.0105167
v 0.0209731 0.0105049 0.0103818
v 0.0210914 0.0105261 0.0102685
v 0.0205751 0.0106843 0.0107468
v 0.0212033 0.0106250 0.0100964
v 0.0203961 0.0108644 0.0108467
v 0.0204828 0.0106691 0.0106454
v 0.0205405 0.0106078 0.0105174
v 0.0206912 0.0105644 0.0103423
v 0.0208750 0.0105724 0.0102023
v 0.0202081 0.0108744 0.0107209
v 0.0209496 0.0106563 0.0100699
v 0.0202635 0.0107679 0.0105765
v 0.0207231 0.0106784 0.0100939
v 0.0203206 0.0107186 0.0103648
v 0.0205676 0.0106183 0.0102846
v 0.0201132 0.0109041 0.0106257
v 0.0199950 0.0111539 0.0107830
v 0.0205458 0.0107559 0.0100791
v 0.0203268 0.0107845 0.0101899
v 0.0199480 0.0110746 0.0106178
v 0.0200804 0.0108969 0.0104713
v 0.0198555 0.0112943 0.0107228
v 0.0200607 0.0109470 0.0102784
v 0.0199401 0.0110456 0.0104072
v 0.0197799 0.0115131 0.0107601
v 0.0197889 0.0112660 0.0105152
v 0.0201473 0.0110174 0.0100854
v 0.0197307 0.0114424 0.0106153
v 0.0197387 0.0117647 0.0107958
v 0.0198349 0.0112179 0.0103047
v 0.0199839 0.0111774 0.0101099
v 0.0196517 0.0117756 0.0106548
v 0.0196522 0.0115832 0.0104479
v 0.0197337 0.0114299 0.0102896
v 0.0198959 0.0113221 0.0100986
v 0.0197565 0.0115458 0.0101514
v 0.0196075 0.0118235 0.0104713
v 0.0196404 0.0117823 0.0102697
v 0.0197139 0.0118312 0.0101249
v 0.0198412 0.0117924 0.0100008
v 0.0215854 0.0118138 0.0112388
v 0.0219039 0.0118238 0.0111437
v 0.0214168 0.0117173 0.0112590
v 0.0213177 0.0115902 0.0112534
v 0.0212755 0.0114238 0.0112175
v 0.0212765 0.0109201 0.0110144
v 0.0209237 0.0109149 0.0110089
v 0.0211204 0.0108974 0.0110059
v 0.0205313 0.0118251 0.0112206
v 0.0207029 0.0117749 0.0112533
v 0.0208225 0.0116775 0.0112588
v 0.0209136 0.0115139 0.0112388
v 0.0202366 0.0118232 0.0111197
v 0.0200134 0.0118242 0.0110050
v 0.0199980 0.0120128 0.0110061
v 0.0221940 0.0118389 0.0110060
v 0.0203356 0.0113368 0.0110561
v 0.0206111 0.0114454 0.0111802
v 0.0204634 0.0109395 0.0109251
v 0.0209226 0.0110569 0.0110912
v 0.0215663 0.0112144 0.0111085
v 0.0217144 0.0115406 0.0111676
v 0.0219971 0.0115028 0.0110531
v 0.0221882 0.0121773 0.0110067
v 0.0200167 0.0121762 0.0110115
v 0.0205538 0.0121764 0.0112269
v 0.0209115 0.0124727 0.0112420
v 0.0207636 0.0122613 0.0112601
v 0.0209283 0.0130998 0.0110033
v 0.0212763 0.0130827 0.0110126
v 0.0212766 0.0125541 0.0112238
v 0.0213520 0.0123462 0.0112610
v 0.0215736 0.0121884 0.0112414
v 0.0218439 0.0121762 0.0111643
v 0.0204166 0.0128292 0.0110220
v 0.0209226 0.0129431 0.0110912
v 0.0201841 0.0124466 0.0110554
v 0.0215917 0.0128086 0.0110948
v 0.0219446 0.0127303 0.0110008
v 0.0206082 0.0125574 0.0111786
v 0.0220098 0.0124199 0.0110625
v 0.0217131 0.0124589 0.0111681
v 0.0221940 0.0118389 0.0110060
v 0.0221882 0.0121773 0.0110067
v 0.0221886 0.0118244 0.0106500
v 0.0221929 0.0121740 0.0106500
v 0.0221882 0.0121773 0.0110067
v 0.0221929 0.0121740 0.0106500
v 0.0212763 0.0130827 0.0110126
v 0.0212766 0.0125541 0.0112238
v 0.0213520 0.0123462 0.0112610
v 0.0215736 0.0121884 0.0112414
v 0.0218439 0.0121762 0.0111643
v 0.0212695 0.0130999 0.0106500
v 0.0212797 0.0125206 0.0106500
v 0.0213645 0.0123347 0.0106500
v 0.0215728 0.0121864 0.0106500
v 0.0221886 0.0118244 0.0106500
v 0.0221929 0.0121740 0.0106500
v 0.0216020 0.0118181 0.0106500
v 0.0214080 0.0117120 0.0106500
v 0.0212839 0.0115118 0.0106500
v 0.0212761 0.0109142 0.0106500
v 0.0209306 0.0109001 0.0106500
v 0.0209226 0.0114501 0.0106500
v 0.0208585 0.0116382 0.0106500
v 0.0206317 0.0118124 0.0106500
v 0.0200027 0.0118290 0.0106500
v 0.0200134 0.0121760 0.0106500
v 0.0205989 0.0121819 0.0106500
v 0.0208040 0.0122980 0.0106500
v 0.0209182 0.0125023 0.0106500
v 0.0209240 0.0130858 0.0106500
v 0.0212695 0.0130999 0.0106500
v 0.0212797 0.0125206 0.0106500
v 0.0213645 0.0123347 0.0106500
v 0.0215728 0.0121864 0.0106500
v 0.0215854 0.0118138 0.0112388
v 0.0219039 0.0118238 0.0111437
v 0.0214168 0.0117173 0.0112590
v 0.0213177 0.0115902 0.0112534
v 0.0212755 0.0114238 0.0112175
v 0.0212765 0.0109201 0.0110144
v 0.0221940 0.0118389 0.0110060
v 0.0221886 0.0118244 0.0106500
v 0.0216020 0.0118181 0.0106500
v 0.0214080 0.0117120 0.0106500
v 0.0212839 0.0115118 0.0106500
v 0.0212761 0.0109142 0.0106500
v 0.0212765 0.0109201 0.0110144
v 0.0209237 0.0109149 0.0110089
v 0.0211204 0.0108974 0.0110059
v 0.0212761 0.0109142 0.0106500
v 0.0209306 0.0109001 0.0106500
v 0.0209237 0.0109149 0.0110089
v 0.0205313 0.0118251 0.0112206
v 0.0207029 0.0117749 0.0112533
v 0.0208225 0.0116775 0.0112588
v 0.0209136 0.0115139 0.0112388
v 0.0202366 0.0118232 0.0111197
v 0.0200134 0.0118242 0.0110050
v 0.0209226 0.0110569 0.0110912
v 0.0209306 0.0109001 0.0106500
v 0.0209226 0.0114501 0.0106500
v 0.0208585 0.0116382 0.0106500
v 0.0206317 0.0118124 0.0106500
v 0.0200027 0.0118290 0.0106500
v 0.0200134 0.0118242 0.0110050
v 0.0199980 0.0120128 0.0110061
v 0.0200167 0.0121762 0.0110115
v 0.0200027 0.0118290 0.0106500
v 0.0200134 0.0121760 0.0106500
v 0.0200167 0.0121762 0.0110115
v 0.0205538 0.0121764 0.0112269
v 0.0209115 0.0124727 0.0112420
v 0.0207636 0.0122613 0.0112601
v 0.0209283 0.0130998 0.0110033
v 0.0209226 0.0129431 0.0110912
v 0.0200134 0.0121760 0.0106500
v 0.0205989 0.0121819 0.0106500
v 0.0208040 0.0122980 0.0106500
v 0.0209182 0.0125023 0.0106500
v 0.0209240 0.0130858 0.0106500
v 0.0209283 0.0130998 0.0110033
v 0.0212763 0.0130827 0.0110126
v 0.0209240 0.0130858 0.0106500
v 0.0212695 0.0130999 0.0106500
vn -0.000250 -0.000069 -1.000000
vn 0.000029 0.000008 -1.000000
vn 0.000092 0.000033 -1.000000
vn -0.000039 -0.000046 -1.000000
vn 0.000005 0.000004 -1.000000
vn 0.000143 0.000118 -1.000000
vn 0.000118 0.000036 -1.000000
vn 0.000030 -0.000074 -1.000000
vn 0.000115 0.000283 -1.000000
vn 0.000250 -0.000515 -1.000000
vn 0.000071 -0.000024 -1.000000
vn 0.000008 -0.000018 -1.000000
vn 0.665452 0.185338 -0.723065
vn 0.470140 0.498327 -0.728449
vn 0.205195 0.658333 -0.724219
vn -0.118272 0.695975 -0.708259
vn -0.387390 0.578041 -0.718190
vn -0.591063 0.361154 -0.721257
vn -0.685430 -0.001322 -0.728138
vn -0.583677 -0.354987 -0.730277
vn -0.268432 -0.636487 -0.723069
vn 0.132702 -0.667309 -0.732864
vn 0.454624 -0.515887 -0.726070
vn 0.660487 -0.206130 -0.721988
vn 0.703193 0.015686 -0.710826
vn -0.701374 -0.070632 -0.709285
vn -0.649333 -0.254793 -0.716553
vn -0.486954 -0.485431 -0.726107
vn -0.309329 -0.665926 -0.678866
vn -0.065337 -0.682962 -0.727526
vn 0.106113 -0.702148 -0.704080
vn 0.325243 -0.616008 -0.717462
vn 0.543146 -0.441199 -0.714378
vn 0.666334 -0.251382 -0.702001
vn 0.640539 0.288354 -0.711732
vn 0.545464 0.427325 -0.721015
vn 0.374465 0.597777 -0.708829
vn 0.127274 0.694619 -0.708030
vn -0.166389 0.696968 -0.697531
vn -0.398850 0.574162 -0.715022
vn -0.600089 0.381553 -0.703072
vn -0.671416 0.174275 -0.720297
vn 0.999277 0.037806 -0.004007
vn -0.997084 -0.076256 -0.002939
vn -0.919653 -0.392720 -0.003032
vn -0.718931 -0.695072 -0.003715
vn -0.413710 -0.910403 -0.003233
vn -0.114738 -0.993393 -0.002293
vn 0.163149 -0.986600 -0.001914
vn 0.477162 -0.878815 -0.000834
vn 0.756007 -0.654562 -0.001427
vn 0.941187 -0.337868 -0.003410
vn 0.926555 0.376157 -0.001250
vn 0.767784 0.640708 -0.001173
vn 0.531012 0.847365 -0.000002
vn 0.184856 0.982765 0.001301
vn -0.211989 0.977272 -0.000895
vn -0.572662 0.819791 -0.000676
vn -0.842577 0.538574 -0.001296
vn -0.970895 0.239497 -0.002161
vn 0.982040 -0.188591 0.005490
vn -0.994179 0.107673 0.003734
vn -0.854692 0.519128 0.002772
vn -0.560715 0.828008 0.000942
vn -0.191182 0.981554 0.001207
vn 0.231262 0.972891 0.000592
vn 0.650155 0.759799 0.002190
vn 0.948274 0.317406 0.005482
vn 0.784785 -0.619755 0.003979
vn 0.430627 -0.902526 0.002691
vn 0.052461 -0.998620 0.002583
vn -0.275817 -0.961206 0.002686
vn -0.580966 -0.813920 0.003573
vn -0.828054 -0.560639 0.003321
vn -0.966603 -0.256261 0.002896
vn 0.000000 0.000000 1.000000
vn 0.000000 0.000000 1.000000
vn 0.000000 0.000000 1.000000
vn 0.000000 0.000000 1.000000
vn 0.000000 0.000000 1.000000
vn 0.000000 0.000000 1.000000
vn 0.000000 0.000000 1.000000
vn 0.000000 0.000000 1.000000
vn 0.000000 0.000000 1.000000
vn 0.000000 0.000000 1.000000
vn 0.000000 0.000000 1.000000
vn 0.000000 0.000000 1.000000
vn 0.000000 0.000000 1.000000
vn 0.000000 0.000000 1.000000
vn 0.000000 0.000000 1.000000
vn 0.000000 0.000000 1.000000
vn 0.000000 0.000000 1.000000
vn 0.000000 0.000000 1.000000
vn 0.000000 0.000000 1.000000
vn 0.000000 0.000000 1.000000
vn 0.000000 0.000000 1.000000
vn 0.000000 0.000000 1.000000
vn 0.000000 0.000000 1.000000
vn 0.000000 0.000000 1.000000
vn 0.000000 0.000000 1.000000
vn 0.000000 0.000000 1.000000
vn 0.000000 0.000000 1.000000
vn 0.000000 0.000000 1.000000
vn 0.000000 0.000000 1.000000
vn 0.000000 0.000000 1.000000
vn -0.039352 0.999225 -0.001088
vn -0.456897 0.889519 -0.000898
vn -0.766897 0.641769 -0.000698
vn -0.953665 0.300869 -0.000612
vn -0.993610 -0.112862 -0.000634
vn -0.870981 -0.491316 -0.000466
vn -0.642104 -0.766617 -0.000585
vn -0.333759 -0.942658 -0.000769
vn 0.081403 -0.996681 -0.000709
vn 0.528790 -0.848753 -0.000588
vn 0.829646 -0.558290 -0.000853
vn 0.988713 -0.149819 -0.001288
vn 0.950598 0.310422 -0.001012
vn 0.734392 0.678725 -0.000745
vn 0.390211 0.920725 -0.001039
vn -0.163159 -0.986600 0.000693
vn -0.524107 -0.851652 0.000881
vn -0.870250 -0.492609 0.001114
vn -0.999803 -0.019844 0.000783
vn -0.921354 0.388725 0.000627
vn -0.678846 0.734280 0.000829
vn -0.302751 0.953069 0.001036
vn 0.151738 0.988420 0.001067
vn 0.550985 0.834515 0.000827
vn 0.821551 0.570134 0.000805
vn 0.989942 0.141466 0.001325
vn 0.920593 -0.390521 0.001426
vn 0.598157 -0.801378 0.000747
vn 0.190445 -0.981698 0.000591
vn -0.000022 -0.000023 -1.000000
vn -0.002819 -0.001397 -0.999995
vn -0.001577 -0.001680 -0.999997
vn -0.000768 -0.000555 -1.000000
vn -0.000067 0.000298 -1.000000
vn -0.000412 0.000243 -1.000000
vn -0.000079 0.000196 -1.000000
vn 0.000037 0.000184 -1.000000
vn 0.000716 0.000352 -1.000000
vn 0.002067 0.000631 -0.999998
vn 0.001615 0.001174 -0.999998
vn 0.001274 -0.001226 -0.999998
vn 0.001831 -0.001356 -0.999997
vn 0.000514 -0.000493 -1.000000
vn -0.393074 -0.135662 -0.909444
vn -0.302411 -0.222562 -0.926830
vn -0.249474 -0.351584 -0.902303
vn -0.113199 -0.360164 -0.925996
vn 0.004316 -0.370782 -0.928710
vn 0.137295 -0.398629 -0.906777
vn 0.320436 -0.294511 -0.900324
vn 0.389131 -0.154287 -0.908170
vn 0.374808 -0.000979 -0.927102
vn 0.315619 0.261985 -0.912002
vn 0.160946 0.354346 -0.921160
vn 0.003649 0.403873 -0.914808
vn -0.178706 0.352791 -0.918478
vn -0.313857 0.263893 -0.912060
vn -0.386338 0.099492 -0.916976
vn -0.661528 0.176751 0.728794
vn -0.573395 0.298505 0.762964
vn -0.453147 0.428814 0.781522
vn -0.283624 0.539355 0.792877
vn -0.146474 0.691373 0.707495
vn -0.015176 0.685815 0.727618
vn 0.257801 0.573893 0.777294
vn 0.425431 0.505898 0.750384
vn 0.552026 0.372561 0.745966
vn 0.623234 0.245574 0.742478
vn 0.891683 0.029483 0.451699
vn 0.676748 0.026285 0.735745
vn 0.886590 0.007970 -0.462487
vn 0.990077 0.043886 -0.133495
vn -0.699255 0.031753 -0.714167
vn -0.910535 0.016516 -0.413102
vn -0.983850 0.070692 -0.164441
vn -0.980788 0.037445 0.191450
vn -0.848797 0.014533 0.528519
vn -0.650394 -0.008626 0.759548
vn -0.886469 0.156899 0.435380
vn -0.788461 0.323673 0.523034
vn -0.982931 0.183788 0.008317
vn -0.946834 0.280043 0.158368
vn -0.718948 0.434061 0.542867
vn -0.888395 0.414815 0.196683
vn -0.599083 0.511140 0.616308
vn -0.845120 0.176685 -0.504535
vn -0.934684 0.279150 -0.220095
vn -0.898489 0.413342 -0.147870
vn -0.799123 0.529059 0.285481
vn -0.675490 0.663264 0.322170
vn -0.799489 0.600365 0.019478
vn -0.809368 0.367321 -0.458257
vn -0.441935 0.639836 0.628731
vn -0.816819 0.526450 -0.235919
vn -0.699236 0.244414 -0.671812
vn -0.621609 0.343182 -0.704151
vn -0.558356 0.759737 0.333224
vn -0.685716 0.498261 -0.530593
vn -0.695943 0.649691 -0.305884
vn -0.652367 0.757897 -0.003035
vn -0.256009 0.765449 0.590379
vn -0.376419 0.810593 0.448606
vn -0.456152 0.870301 0.185745
vn -0.590032 0.782702 -0.198091
vn -0.517418 0.579624 -0.629535
vn -0.475023 0.870421 -0.129311
vn -0.499381 0.758772 -0.418192
vn -0.258804 0.925199 0.277539
vn -0.310195 0.950579 -0.013325
vn -0.104086 0.902875 0.417113
vn -0.397414 0.673961 -0.622766
vn -0.328836 0.873294 -0.359477
vn 0.036170 0.873417 0.485628
vn -0.082644 0.994737 0.060572
vn 0.112037 0.688433 0.716595
vn -0.193373 0.948826 -0.249673
vn -0.286444 0.709926 -0.643394
vn 0.066896 0.981666 0.178483
vn 0.226144 0.755458 0.614933
vn -0.170579 0.742499 -0.647764
vn 0.200819 0.876328 0.437860
vn -0.067112 0.939288 -0.336502
vn 0.205367 0.965432 0.160515
vn 0.111048 0.985680 -0.126902
vn 0.374153 0.710762 0.595673
vn -0.002133 0.815601 -0.578610
vn 0.149786 0.914616 -0.375555
vn 0.361864 0.889685 0.278414
vn 0.304528 0.931158 -0.200520
vn 0.492137 0.699562 0.518088
vn 0.492159 0.848211 0.195750
vn 0.141558 0.732694 -0.665673
vn 0.416431 0.906770 -0.065988
vn 0.627321 0.572081 0.528386
vn 0.602908 0.736168 0.307503
vn 0.270265 0.776127 -0.569722
vn 0.571980 0.804380 -0.160662
vn 0.623492 0.780577 0.044251
vn 0.444759 0.815111 -0.371193
vn 0.721444 0.655855 0.222200
vn 0.742979 0.453705 0.492071
vn 0.356687 0.686169 -0.633993
vn 0.750806 0.652282 -0.104015
vn 0.566806 0.709935 -0.418000
vn 0.815024 0.552282 0.175273
vn 0.423659 0.571402 -0.702860
vn 0.693149 0.591685 -0.411648
vn 0.784958 0.206936 0.583967
vn 0.554089 0.558651 -0.617166
vn 0.868877 0.365104 0.334293
vn 0.890843 0.454128 -0.012919
vn 0.785860 0.481258 -0.388348
vn 0.919414 0.179443 0.349968
vn 0.953436 0.277124 0.119008
vn 0.885056 0.366316 -0.287208
vn 0.634250 0.372218 -0.677629
vn 0.969120 0.219365 -0.112631
vn 0.984157 0.076091 0.160139
vn 0.786341 0.286602 -0.547290
vn 0.901667 0.185848 -0.390457
vn 0.402167 0.136632 -0.905314
vn 0.743992 0.101333 -0.660460
vn 0.614850 -0.179217 0.768011
vn 0.602683 -0.298022 0.740241
vn 0.560174 -0.430960 0.707445
vn 0.389275 -0.429675 0.814766
vn 0.148759 -0.682974 0.715135
vn -0.030456 -0.681766 0.730936
vn -0.192897 -0.660838 0.725316
vn -0.457362 -0.482521 0.746990
vn -0.549417 -0.347157 0.760015
vn -0.566689 -0.213777 0.795716
vn 0.776814 -0.096052 0.622362
vn 0.933643 -0.107864 0.341578
vn 0.818677 -0.241732 0.520897
vn 0.993370 -0.112421 0.024052
vn 0.950265 -0.259805 0.171748
vn 0.744951 -0.441160 0.500425
vn 0.951551 -0.114642 -0.285322
vn 0.851754 -0.425014 0.306396
vn 0.938048 -0.260783 -0.228163
vn 0.913075 -0.407613 -0.012049
vn 0.808237 -0.196765 -0.555010
vn 0.711813 -0.084830 -0.697227
vn 0.529372 -0.634776 0.562872
vn 0.668760 -0.617598 0.413923
vn 0.837353 -0.540847 -0.079527
vn 0.846096 -0.385682 -0.367928
vn 0.753358 -0.630974 0.185265
vn 0.312383 -0.572692 0.757919
vn 0.683437 -0.378626 -0.624144
vn 0.729177 -0.673688 -0.120192
vn 0.704419 -0.540008 -0.460636
vn 0.583400 -0.791604 0.181679
vn 0.428907 -0.756649 0.493479
vn 0.290561 -0.789176 0.541087
vn 0.639668 -0.746859 -0.181732
vn 0.599792 -0.624657 -0.500054
vn 0.350955 -0.899940 0.258725
vn 0.491068 -0.870589 -0.030452
vn 0.506547 -0.770135 -0.387689
vn 0.146604 -0.904084 0.401421
vn 0.334429 -0.942028 -0.027200
vn 0.406063 -0.573481 -0.711500
vn 0.364989 -0.884492 -0.290613
vn -0.035789 -0.873901 0.484785
vn 0.206325 -0.977479 0.044333
vn 0.335200 -0.745581 -0.575978
vn 0.033353 -0.987074 0.156759
vn 0.140719 -0.973509 -0.180218
vn 0.183377 -0.841241 -0.508612
vn -0.209111 -0.890928 0.403138
vn -0.156133 -0.979214 0.129467
vn -0.083778 -0.989192 -0.120333
vn 0.002549 -0.939939 -0.341334
vn -0.313845 -0.777252 0.545326
vn 0.058607 -0.770974 -0.634164
vn -0.374425 -0.617465 0.691768
vn -0.406556 -0.840031 0.359249
vn -0.367775 -0.924128 0.103582
vn -0.257672 -0.950752 -0.172266
vn -0.141486 -0.887352 -0.438849
vn -0.533831 -0.679322 0.503534
vn -0.079762 -0.723388 -0.685819
vn -0.538597 -0.815635 0.211315
vn -0.216957 -0.755508 -0.618173
vn -0.517517 -0.844513 -0.137749
vn -0.349577 -0.885651 -0.305645
vn -0.652647 -0.691455 0.309745
vn -0.633456 -0.503332 0.587699
vn -0.316925 -0.689487 -0.651280
vn -0.475539 -0.738255 -0.478374
vn -0.742140 -0.599459 0.299794
vn -0.674193 -0.737949 0.029912
vn -0.758360 -0.428178 0.491480
vn -0.662027 -0.678339 -0.318711
vn -0.772964 -0.631847 -0.057417
vn -0.773445 -0.280666 0.568339
vn -0.869057 -0.482673 0.108478
vn -0.532775 -0.548942 -0.644060
vn -0.888662 -0.349038 0.297410
vn -0.758900 -0.142285 0.635473
vn -0.822682 -0.501779 -0.267231
vn -0.642466 -0.488465 -0.590456
vn -0.922141 -0.150725 0.356284
vn -0.960130 -0.279550 -0.001139
vn -0.886509 -0.381110 -0.262405
vn -0.685002 -0.381321 -0.620779
vn -0.800927 -0.261783 -0.538503
vn -0.993249 -0.110839 0.034225
vn -0.939092 -0.143477 -0.312283
vn -0.798826 -0.103252 -0.592635
vn -0.402427 -0.069691 -0.912795
vn 0.240003 -0.137218 0.961026
vn 0.364743 -0.132019 0.921701
vn 0.192642 -0.174915 0.965554
vn 0.179564 -0.225968 0.957442
vn 0.147073 -0.288634 0.946076
vn 0.113920 -0.513134 0.850715
vn -0.131505 -0.525568 0.840527
vn 0.014891 -0.563023 0.826307
vn -0.282922 -0.159999 0.945704
vn -0.206762 -0.156582 0.965780
vn -0.163103 -0.180161 0.970020
vn -0.128207 -0.253528 0.958794
vn -0.384762 -0.181518 0.904992
vn -0.505238 -0.114043 0.855412
vn -0.537365 -0.002105 0.843347
vn 0.513783 -0.093562 0.852803
vn -0.350592 -0.297088 0.888158
vn -0.229076 -0.261657 0.937582
vn -0.277063 -0.471227 0.837366
vn -0.186018 -0.414048 0.891045
vn 0.210445 -0.359615 0.909060
vn 0.274042 -0.218781 0.936502
vn 0.406547 -0.238790 0.881872
vn 0.512888 0.100341 0.852571
vn -0.504624 0.105245 0.856900
vn -0.288002 0.141829 0.947069
vn -0.131440 0.248033 0.959793
vn -0.186968 0.168473 0.967812
vn -0.181609 0.515271 0.837564
vn 0.101250 0.500913 0.859555
vn 0.160674 0.280771 0.946230
vn 0.187346 0.215857 0.958283
vn 0.232943 0.140513 0.962286
vn 0.342811 0.121604 0.931500
vn -0.303432 0.372618 0.876975
vn -0.187607 0.420985 0.887454
vn -0.406472 0.199005 0.891727
vn 0.211964 0.368654 0.905078
vn 0.380802 0.333973 0.862237
vn -0.228357 0.258841 0.938538
vn 0.419649 0.190401 0.887492
vn 0.268386 0.212876 0.939496
vn -0.999996 -0.002612 0.000723
vn -0.999772 -0.017059 -0.012876
vn -0.999817 0.012228 0.014690
vn -0.999997 -0.001939 0.001355
vn -0.012727 -0.999913 -0.003581
vn -0.019917 -0.999763 0.008830
vn -0.999921 -0.010553 0.006825
vn -0.980143 -0.198197 0.006173
vn -0.788382 -0.615153 0.006391
vn -0.358243 -0.933621 0.003702
vn -0.022760 -0.999710 -0.007848
vn -0.999683 -0.017692 0.017895
vn -0.976668 -0.214751 -0.001119
vn -0.768442 -0.639908 -0.003783
vn -0.314982 -0.949098 0.000664
vn 0.000000 0.000000 1.000000
vn 0.000000 0.000000 1.000000
vn 0.000000 0.000000 1.000000
vn 0.000000 0.000000 1.000000
vn 0.000000 0.000000 1.000000
vn 0.000000 0.000000 1.000000
vn 0.000000 0.000000 1.000000
vn 0.000000 0.000000 1.000000
vn 0.000000 0.000000 1.000000
vn 0.000000 0.000000 1.000000
vn 0.000000 0.000000 1.000000
vn 0.000000 0.000000 1.000000
vn 0.000000 0.000000 1.000000
vn 0.000000 0.000000 1.000000
vn 0.000000 0.000000 1.000000
vn 0.000000 0.000000 1.000000
vn 0.000000 0.000000 1.000000
vn 0.000000 0.000000 1.000000
vn 0.000000 0.000000 1.000000
vn 0.000000 0.000000 1.000000
vn -0.305465 0.952202 0.001783
vn -0.031153 0.999490 -0.007054
vn -0.656881 0.753989 0.002999
vn -0.888916 0.457965 0.009832
vn -0.990875 0.134633 0.006332
vn -0.999943 0.008674 -0.006195
vn -0.070669 0.996709 -0.039719
vn -0.031086 0.999374 -0.016891
vn -0.251689 0.967799 -0.004100
vn -0.684375 0.729040 -0.011467
vn -0.961321 0.275192 -0.011447
vn -0.999914 0.013065 0.000934
vn -0.143048 0.989590 -0.015784
vn 0.088319 0.995307 -0.039533
vn -0.035415 0.999309 -0.011263
vn -0.067990 0.997534 0.017415
vn 0.000639 0.999973 0.007270
vn 0.999892 0.009624 0.011115
vn 0.147333 0.989079 0.003965
vn 0.488187 0.872735 0.002622
vn 0.757148 0.653237 0.002662
vn 0.956933 0.289998 0.013459
vn 0.010104 0.999930 -0.006214
vn -0.002805 0.999902 0.013731
vn 0.999925 0.009186 0.008053
vn 0.999726 0.014490 0.018372
vn 0.987225 0.159318 -0.002181
vn 0.813016 0.581981 -0.017378
vn 0.328523 0.944417 -0.012233
vn 0.018193 0.999829 0.003277
vn 0.996260 0.081462 -0.028827
vn 0.999729 -0.022761 -0.004889
vn 0.993533 -0.113197 -0.008893
vn 0.999929 0.004026 0.011188
vn 0.998393 -0.053500 0.018682
vn 0.007261 -0.999965 -0.004101
vn 0.215525 -0.976469 0.007546
vn 0.938799 -0.344264 0.011764
vn 0.627951 -0.778099 0.015468
vn 0.999824 -0.018569 0.002768
vn 0.999599 -0.024417 0.014333
vn 0.010166 -0.999948 0.000578
vn 0.254808 -0.966954 -0.008598
vn 0.710371 -0.703710 -0.012875
vn 0.967421 -0.253120 -0.005159
vn 0.999880 -0.009907 -0.011880
vn -0.004852 -0.999975 -0.005131
vn -0.047748 -0.997774 -0.046554
vn 0.040782 -0.998409 0.038937
vn -0.003047 -0.999990 -0.003388
f 989//989 981//981 980//980
f 989//989 980//980 979//979
f 989//989 979//979 978//978
f 988//988 982//982 981//981
f 988//988 981//981 989//989
f 988//988 983//983 982//982
f 988//988 984//984 983//983
f 988//988 986//986 985//985
f 988//988 985//985 984//984
f 988//988 987//987 986//986
f 1013//1013 990//990 991//991
f 991//991 1014//1014 1013//1013
f 1014//1014 991//991 992//992
f 1015//1015 1014//1014 992//992
f 1015//1015 992//992 993//993
f 1016//1016 1015//1015 993//993
f 1019//1019 995//995 996//996
f 1017//1017 1016//1016 993//993
f 1017//1017 994//994 995//995
f 995//995 1018//1018 1017//1017
f 1013//1013 1012//1012 990//990
f 1019//1019 1018//1018 995//995
f 1017//1017 993//993 994//994
f 990//990 1012//1012 1002//1002
f 996//996 1003//1003 1019//1019
f 1001//1001 990//990 1002//1002
f 1001//1001 1002//1002 1011//1011
f 1004//1004 1003//1003 996//996
f 1004//1004 996//996 997//997
f 997//997 1005//1005 1004//1004
f 1006//1006 1005//1005 998//998
f 1007//1007 1006//1006 998//998
f 1005//1005 997//997 998//998
f 999//999 1008//1008 1007//1007
f 1009//1009 1008//1008 999//999
f 1009//1009 999//999 1000//1000
f 1010//1010 1009//1009 1000//1000
f 1010//1010 1000//1000 1001//1001
f 1011//1011 1010//1010 1001//1001
f 1007//1007 998//998 999//999
f 1024//1024 1025//1025 1049//1049
f 1022//1022 1023//1023 1051//1051
f 1023//1023 1050//1050 1051//1051
f 1023//1023 1024//1024 1050//1050
f 1024//1024 1049//1049 1050//1050
f 1025//1025 1048//1048 1049//1049
f 1029//1029 1038//1038 1046//1046
f 1026//1026 1047//1047 1048//1048
f 1026//1026 1027//1027 1047//1047
f 1027//1027 1046//1046 1047//1047
f 1027//1027 1028//1028 1046//1046
f 1028//1028 1029//1029 1046//1046
f 1022//1022 1051//1051 1052//1052
f 1029//1029 1020//1020 1038//1038
f 1025//1025 1026//1026 1048//1048
f 1021//1021 1022//1022 1052//1052
f 1031//1031 1032//1032 1044//1044
f 1020//1020 1045//1045 1038//1038
f 1037//1037 1021//1021 1039//1039
f 1037//1037 1039//1039 1040//1040
f 1036//1036 1037//1037 1040//1040
f 1035//1035 1036//1036 1040//1040
f 1021//1021 1052//1052 1039//1039
f 1035//1035 1041//1041 1042//1042
f 1034//1034 1035//1035 1042//1042
f 1035//1035 1040//1040 1041//1041
f 1033//1033 1034//1034 1042//1042
f 1033//1033 1043//1043 1044//1044
f 1032//1032 1033//1033 1044//1044
f 1031//1031 1044//1044 1045//1045
f 1030//1030 1031//1031 1045//1045
f 1020//1020 1030//1030 1045//1045
f 1033//1033 1042//1042 1043//1043
f 1058//1058 1068//1068 1082//1082
f 1059//1059 1081//1081 1060//1060
f 1059//1059 1082//1082 1081//1081
f 1060//1060 1081//1081 1080//1080
f 1059//1059 1058//1058 1082//1082
f 1060//1060 1080//1080 1079//1079
f 1075//1075 1074//1074 1065//1065
f 1058//1058 1057//1057 1068//1068
f 1074//1074 1066//1066 1065//1065
f 1073//1073 1066//1066 1074//1074
f 1073//1073 1067//1067 1066//1066
f 1060//1060 1079//1079 1053//1053
f 1072//1072 1067//1067 1073//1073
f 1076//1076 1075//1075 1064//1064
f 1076//1076 1064//1064 1063//1063
f 1072//1072 1054//1054 1067//1067
f 1071//1071 1054//1054 1072//1072
f 1076//1076 1063//1063 1062//1062
f 1075//1075 1065//1065 1064//1064
f 1077//1077 1076//1076 1062//1062
f 1070//1070 1055//1055 1071//1071
f 1077//1077 1062//1062 1061//1061
f 1056//1056 1055//1055 1070//1070
f 1061//1061 1078//1078 1077//1077
f 1056//1056 1070//1070 1069//1069
f 1079//1079 1078//1078 1061//1061
f 1053//1053 1079//1079 1061//1061
f 1057//1057 1056//1056 1069//1069
f 1057//1057 1069//1069 1068//1068
f 1071//1071 1055//1055 1054//1054
f 1096//1096 1106//1106 1107//1107
f 1096//1096 1097//1097 1106//1106
f 1097//1097 1083//1083 1105//1105
f 1095//1095 1107//1107 1108//1108
f 1097//1097 1105//1105 1106//1106
f 1095//1095 1096//1096 1107//1107
f 1092//1092 1110//1110 1111//1111
f 1093//1093 1094//1094 1109//1109
f 1093//1093 1109//1109 1110//1110
f 1092//1092 1093//1093 1110//1110
f 1091//1091 1092//1092 1111//1111
f 1083//1083 1104//1104 1105//1105
f 1094//1094 1095//1095 1108//1108
f 1083//1083 1084//1084 1104//1104
f 1094//1094 1108//1108 1109//1109
f 1084//1084 1085//1085 1103//1103
f 1084//1084 1103//1103 1104//1104
f 1090//1090 1091//1091 1098//1098
f 1090//1090 1098//1098 1099//1099
f 1089//1089 1090//1090 1099//1099
f 1089//1089 1099//1099 1100//1100
f 1088//1088 1089//1089 1100//1100
f 1091//1091 1111//1111 1098//1098
f 1087//1087 1100//1100 1101//1101
f 1086//1086 1087//1087 1101//1101
f 1086//1086 1101//1101 1102//1102
f 1085//1085 1102//1102 1103//1103
f 1085//1085 1086//1086 1102//1102
f 1087//1087 1088//1088 1100//1100
f 1307//1307 1301//1301 1305//1305
f 1299//1299 1130//1130 1131//1131
f 1304//1304 1297//1297 1296//1296
f 1301//1301 1302//1302 1294//1294
f 1304//1304 1299//1299 1297//1297
f 1305//1305 1301//1301 1298//1298
f 1303//1303 1295//1295 1302//1302
f 1306//1306 1299//1299 1304//1304
f 1303//1303 1304//1304 1296//1296
f 1252//1252 1305//1305 1300//1300
f 1303//1303 1296//1296 1295//1295
f 1305//1305 1298//1298 1300//1300
f 1302//1302 1295//1295 1294//1294
f 1295//1295 1296//1296 1291//1291
f 1300//1300 1298//1298 1251//1251
f 1299//1299 1131//1131 1293//1293
f 1300//1300 1251//1251 1354//1354
f 1299//1299 1293//1293 1297//1297
f 1298//1298 1294//1294 1251//1251
f 1310//1310 1303//1303 1302//1302
f 1297//1297 1292//1292 1296//1296
f 1293//1293 1131//1131 1290//1290
f 1297//1297 1293//1293 1292//1292
f 1295//1295 1288//1288 1294//1294
f 1294//1294 1288//1288 1251//1251
f 1296//1296 1292//1292 1291//1291
f 1301//1301 1294//1294 1298//1298
f 1306//1306 1130//1130 1299//1299
f 1306//1306 1129//1129 1130//1130
f 1310//1310 1304//1304 1303//1303
f 1321//1321 1315//1315 1317//1317
f 1320//1320 1253//1253 1254//1254
f 1317//1317 1315//1315 1312//1312
f 1128//1128 1313//1313 1314//1314
f 1318//1318 1314//1314 1309//1309
f 1319//1319 1316//1316 1315//1315
f 1313//1313 1128//1128 1129//1129
f 1315//1315 1316//1316 1311//1311
f 1318//1318 1309//1309 1316//1316
f 1317//1317 1312//1312 1253//1253
f 1313//1313 1129//1129 1308//1308
f 1314//1314 1313//1313 1310//1310
f 1316//1316 1309//1309 1307//1307
f 1316//1316 1307//1307 1311//1311
f 1315//1315 1305//1305 1312//1312
f 1315//1315 1311//1311 1305//1305
f 1314//1314 1310//1310 1309//1309
f 1313//1313 1308//1308 1310//1310
f 1129//1129 1306//1306 1308//1308
f 1312//1312 1305//1305 1252//1252
f 1309//1309 1302//1302 1307//1307
f 1308//1308 1304//1304 1310//1310
f 1312//1312 1252//1252 1253//1253
f 1295//1295 1291//1291 1288//1288
f 1311//1311 1307//1307 1305//1305
f 1309//1309 1310//1310 1302//1302
f 1308//1308 1306//1306 1304//1304
f 1307//1307 1302//1302 1301//1301
f 1251//1251 1288//1288 1250//1250
f 1291//1291 1289//1289 1284//1284
f 1293//1293 1287//1287 1292//1292
f 1279//1279 1274//1274 1276//1276
f 1276//1276 1267//1267 1277//1277
f 1278//1278 1277//1277 1272//1272
f 1276//1276 1274//1274 1271//1271
f 1275//1275 1269//1269 1274//1274
f 1273//1273 1270//1270 1275//1275
f 1276//1276 1271//1271 1268//1268
f 1277//1277 1267//1267 1272//1272
f 1276//1276 1268//1268 1267//1267
f 1133//1133 1265//1265 1273//1273
f 1275//1275 1270//1270 1269//1269
f 1274//1274 1269//1269 1271//1271
f 1269//1269 1270//1270 1264//1264
f 1273//1273 1265//1265 1270//1270
f 1272//1272 1267//1267 1248//1248
f 1133//1133 1266//1266 1265//1265
f 1270//1270 1265//1265 1263//1263
f 1268//1268 1271//1271 1260//1260
f 1271//1271 1269//1269 1262//1262
f 1268//1268 1247//1247 1267//1267
f 1266//1266 1133//1133 1134//1134
f 1271//1271 1262//1262 1260//1260
f 1270//1270 1263//1263 1264//1264
f 1269//1269 1264//1264 1262//1262
f 1268//1268 1260//1260 1247//1247
f 1267//1267 1247//1247 1248//1248
f 1319//1319 1318//1318 1316//1316
f 1279//1279 1275//1275 1274//1274
f 1293//1293 1290//1290 1287//1287
f 1280//1280 1275//1275 1279//1279
f 1281//1281 1276//1276 1277//1277
f 1292//1292 1289//1289 1291//1291
f 1288//1288 1291//1291 1284//1284
f 1292//1292 1287//1287 1285//1285
f 1292//1292 1285//1285 1289//1289
f 1131//1131 1286//1286 1290//1290
f 1286//1286 1131//1131 1132//1132
f 1284//1284 1289//1289 1281//1281
f 1290//1290 1283//1283 1287//1287
f 1290//1290 1286//1286 1283//1283
f 1289//1289 1285//1285 1281//1281
f 1288//1288 1284//1284 1249//1249
f 1285//1285 1287//1287 1282//1282
f 1288//1288 1249//1249 1250//1250
f 1286//1286 1280//1280 1283//1283
f 1287//1287 1283//1283 1282//1282
f 1284//1284 1281//1281 1278//1278
f 1286//1286 1132//1132 1280//1280
f 1285//1285 1282//1282 1281//1281
f 1283//1283 1279//1279 1282//1282
f 1284//1284 1278//1278 1249//1249
f 1283//1283 1280//1280 1279//1279
f 1132//1132 1275//1275 1280//1280
f 1282//1282 1276//1276 1281//1281
f 1282//1282 1279//1279 1276//1276
f 1278//1278 1281//1281 1277//1277
f 1132//1132 1273//1273 1275//1275
f 1132//1132 1133//1133 1273//1273
f 1278//1278 1272//1272 1249//1249
f 1321//1321 1319//1319 1315//1315
f 1357//1357 1337//1337 1336//1336
f 1322//1322 1314//1314 1318//1318
f 1371//1371 1364//1364 1145//1145
f 1370//1370 1144//1144 1143//1143
f 1146//1146 1364//1364 1365//1365
f 1146//1146 1365//1365 1197//1197
f 1359//1359 1351//1351 1152//1152
f 1364//1364 1146//1146 1145//1145
f 1350//1350 1360//1360 1160//1160
f 1360//1360 1141//1141 1160//1160
f 1152//1152 1351//1351 1245//1245
f 1351//1351 1358//1358 1245//1245
f 1245//1245 1358//1358 1246//1246
f 1351//1351 1337//1337 1358//1358
f 1371//1371 1145//1145 1144//1144
f 1358//1358 1247//1247 1246//1246
f 1358//1358 1357//1357 1248//1248
f 1357//1357 1356//1356 1248//1248
f 1248//1248 1356//1356 1272//1272
f 1358//1358 1337//1337 1357//1357
f 1356//1356 1341//1341 1272//1272
f 1357//1357 1339//1339 1356//1356
f 1272//1272 1341//1341 1249//1249
f 1356//1356 1339//1339 1340//1340
f 1357//1357 1338//1338 1339//1339
f 1357//1357 1336//1336 1338//1338
f 1266//1266 1134//1134 1244//1244
f 1356//1356 1340//1340 1341//1341
f 1358//1358 1248//1248 1247//1247
f 1372//1372 1143//1143 1142//1142
f 1359//1359 1152//1152 1150//1150
f 1147//1147 1197//1197 1365//1365
f 1369//1369 1376//1376 1377//1377
f 1377//1377 1368//1368 1369//1369
f 1377//1377 1367//1367 1368//1368
f 1376//1376 1369//1369 1359//1359
f 1377//1377 1373//1373 1367//1367
f 1367//1367 1373//1373 1366//1366
f 1376//1376 1374//1374 1377//1377
f 1363//1363 1375//1375 1361//1361
f 1377//1377 1374//1374 1373//1373
f 1375//1375 1363//1363 1362//1362
f 1373//1373 1365//1365 1366//1366
f 1359//1359 1150//1150 1376//1376
f 1375//1375 1362//1362 1371//1371
f 1375//1375 1372//1372 1361//1361
f 1376//1376 1149//1149 1374//1374
f 1376//1376 1150//1150 1149//1149
f 1373//1373 1147//1147 1365//1365
f 1375//1375 1370//1370 1372//1372
f 1374//1374 1148//1148 1373//1373
f 1372//1372 1360//1360 1361//1361
f 1375//1375 1371//1371 1370//1370
f 1374//1374 1149//1149 1148//1148
f 1372//1372 1370//1370 1143//1143
f 1373//1373 1148//1148 1147//1147
f 1372//1372 1141//1141 1360//1360
f 1372//1372 1142//1142 1141//1141
f 1371//1371 1144//1144 1370//1370
f 1343//1343 1249//1249 1341//1341
f 1343//1343 1250//1250 1249//1249
f 1342//1342 1355//1355 1251//1251
f 1342//1342 1251//1251 1250//1250
f 1330//1330 1126//1126 1127//1127
f 1332//1332 1327//1327 1158//1158
f 1331//1331 1330//1330 1329//1329
f 1327//1327 1159//1159 1158//1158
f 1332//1332 1328//1328 1327//1327
f 1330//1330 1127//1127 1326//1326
f 1127//1127 1322//1322 1326//1326
f 1330//1330 1325//1325 1329//1329
f 1159//1159 1327//1327 1324//1324
f 1329//1329 1325//1325 1328//1328
f 1328//1328 1323//1323 1327//1327
f 1322//1322 1127//1127 1128//1128
f 1330//1330 1326//1326 1325//1325
f 1328//1328 1325//1325 1321//1321
f 1324//1324 1160//1160 1159//1159
f 1328//1328 1321//1321 1323//1323
f 1326//1326 1318//1318 1325//1325
f 1327//1327 1320//1320 1324//1324
f 1327//1327 1323//1323 1320//1320
f 1326//1326 1322//1322 1318//1318
f 1160//1160 1324//1324 1254//1254
f 1325//1325 1318//1318 1319//1319
f 1325//1325 1319//1319 1321//1321
f 1324//1324 1320//1320 1254//1254
f 1323//1323 1317//1317 1320//1320
f 1322//1322 1128//1128 1314//1314
f 1323//1323 1321//1321 1317//1317
f 1333//1333 1329//1329 1328//1328
f 1320//1320 1317//1317 1253//1253
f 1333//1333 1328//1328 1332//1332
f 1333//1333 1331//1331 1329//1329
f 1355//1355 1354//1354 1251//1251
f 1353//1353 1355//1355 1347//1347
f 1355//1355 1353//1353 1354//1354
f 1353//1353 1347//1347 1346//1346
f 1353//1353 1346//1346 1345//1345
f 1353//1353 1352//1352 1354//1354
f 1345//1345 1344//1344 1353//1353
f 1354//1354 1252//1252 1300//1300
f 1354//1354 1352//1352 1252//1252
f 1353//1353 1348//1348 1352//1352
f 1353//1353 1344//1344 1348//1348
f 1352//1352 1253//1253 1252//1252
f 1352//1352 1348//1348 1254//1254
f 1352//1352 1254//1254 1253//1253
f 1254//1254 1348//1348 1349//1349
f 1343//1343 1342//1342 1250//1250
f 1349//1349 1350//1350 1160//1160
f 1349//1349 1160//1160 1254//1254
f 1155//1155 1335//1335 1334//1334
f 1334//1334 1156//1156 1155//1155
f 1334//1334 1333//1333 1156//1156
f 1334//1334 1335//1335 1331//1331
f 1335//1335 1126//1126 1331//1331
f 1334//1334 1331//1331 1333//1333
f 1333//1333 1157//1157 1156//1156
f 1333//1333 1332//1332 1157//1157
f 1126//1126 1330//1330 1331//1331
f 1332//1332 1158//1158 1157//1157
f 1266//1266 1153//1153 1265//1265
f 1238//1238 1243//1243 1135//1135
f 1266//1266 1244//1244 1153//1153
f 1185//1185 1182//1182 1179//1179
f 1184//1184 1185//1185 1179//1179
f 1139//1139 1178//1178 1180//1180
f 1184//1184 1175//1175 1183//1183
f 1186//1186 1181//1181 1182//1182
f 1178//1178 1139//1139 1140//1140
f 1145//1145 1183//1183 1144//1144
f 1184//1184 1179//1179 1175//1175
f 1183//1183 1175//1175 1144//1144
f 1181//1181 1173//1173 1182//1182
f 1181//1181 1180//1180 1176//1176
f 1182//1182 1172//1172 1179//1179
f 1263//1263 1265//1265 1261//1261
f 1178//1178 1140//1140 1177//1177
f 1182//1182 1173//1173 1172//1172
f 1181//1181 1176//1176 1173//1173
f 1179//1179 1172//1172 1175//1175
f 1180//1180 1174//1174 1176//1176
f 1178//1178 1177//1177 1174//1174
f 1176//1176 1174//1174 1170//1170
f 1177//1177 1168//1168 1174//1174
f 1172//1172 1173//1173 1171//1171
f 1175//1175 1172//1172 1167//1167
f 1175//1175 1143//1143 1144//1144
f 1177//1177 1140//1140 1155//1155
f 1176//1176 1170//1170 1173//1173
f 1178//1178 1174//1174 1180//1180
f 1188//1188 1182//1182 1185//1185
f 1189//1189 1181//1181 1186//1186
f 1187//1187 1139//1139 1180//1180
f 1202//1202 1199//1199 1194//1194
f 1199//1199 1138//1138 1193//1193
f 1198//1198 1191//1191 1196//1196
f 1200//1200 1192//1192 1195//1195
f 1200//1200 1196//1196 1192//1192
f 1198//1198 1194//1194 1191//1191
f 1199//1199 1193//1193 1194//1194
f 1194//1194 1193//1193 1189//1189
f 1197//1197 1195//1195 1146//1146
f 1196//1196 1191//1191 1190//1190
f 1195//1195 1192//1192 1146//1146
f 1196//1196 1190//1190 1192//1192
f 1194//1194 1189//1189 1188//1188
f 1138//1138 1187//1187 1193//1193
f 1138//1138 1139//1139 1187//1187
f 1194//1194 1188//1188 1191//1191
f 1192//1192 1145//1145 1146//1146
f 1193//1193 1187//1187 1189//1189
f 1188//1188 1189//1189 1186//1186
f 1192//1192 1190//1190 1183//1183
f 1192//1192 1183//1183 1145//1145
f 1190//1190 1191//1191 1185//1185
f 1191//1191 1188//1188 1185//1185
f 1190//1190 1185//1185 1184//1184
f 1190//1190 1184//1184 1183//1183
f 1187//1187 1181//1181 1189//1189
f 1186//1186 1182//1182 1188//1188
f 1175//1175 1167//1167 1143//1143
f 1177//1177 1155//1155 1168//1168
f 1174//1174 1169//1169 1170//1170
f 1174//1174 1168//1168 1169//1169
f 1131//1131 1130//1130 1125//1125
f 1133//1133 1123//1123 1122//1122
f 1133//1133 1122//1122 1134//1134
f 1130//1130 1112//1112 1125//1125
f 1130//1130 1129//1129 1112//1112
f 1134//1134 1122//1122 1243//1243
f 1129//1129 1113//1113 1112//1112
f 1243//1243 1122//1122 1121//1121
f 1243//1243 1121//1121 1135//1135
f 1129//1129 1128//1128 1113//1113
f 1128//1128 1114//1114 1113//1113
f 1135//1135 1121//1121 1120//1120
f 1114//1114 1128//1128 1127//1127
f 1120//1120 1136//1136 1135//1135
f 1114//1114 1127//1127 1126//1126
f 1120//1120 1119//1119 1136//1136
f 1114//1114 1126//1126 1335//1335
f 1119//1119 1137//1137 1136//1136
f 1114//1114 1335//1335 1115//1115
f 1115//1115 1335//1335 1140//1140
f 1119//1119 1118//1118 1137//1137
f 1115//1115 1140//1140 1116//1116
f 1118//1118 1138//1138 1137//1137
f 1116//1116 1140//1140 1139//1139
f 1118//1118 1117//1117 1138//1138
f 1116//1116 1139//1139 1117//1117
f 1117//1117 1139//1139 1138//1138
f 1131//1131 1125//1125 1124//1124
f 1203//1203 1195//1195 1197//1197
f 1132//1132 1131//1131 1124//1124
f 1132//1132 1124//1124 1123//1123
f 1173//1173 1170//1170 1166//1166
f 1172//1172 1171//1171 1165//1165
f 1173//1173 1166//1166 1171//1171
f 1172//1172 1165//1165 1167//1167
f 1170//1170 1169//1169 1164//1164
f 1171//1171 1166//1166 1162//1162
f 1171//1171 1162//1162 1165//1165
f 1168//1168 1157//1157 1169//1169
f 1170//1170 1164//1164 1166//1166
f 1169//1169 1163//1163 1164//1164
f 1168//1168 1155//1155 1156//1156
f 1167//1167 1165//1165 1142//1142
f 1169//1169 1157//1157 1163//1163
f 1168//1168 1156//1156 1157//1157
f 1167//1167 1142//1142 1143//1143
f 1166//1166 1164//1164 1162//1162
f 1164//1164 1161//1161 1162//1162
f 1165//1165 1141//1141 1142//1142
f 1165//1165 1162//1162 1141//1141
f 1164//1164 1163//1163 1161//1161
f 1163//1163 1157//1157 1158//1158
f 1163//1163 1158//1158 1161//1161
f 1162//1162 1161//1161 1141//1141
f 1158//1158 1159//1159 1161//1161
f 1161//1161 1159//1159 1141//1141
f 1141//1141 1159//1159 1160//1160
f 1140//1140 1335//1335 1155//1155
f 1132//1132 1123//1123 1133//1133
f 1202//1202 1194//1194 1198//1198
f 1187//1187 1180//1180 1181//1181
f 1201//1201 1203//1203 1197//1197
f 1241//1241 1238//1238 1234//1234
f 1242//1242 1237//1237 1239//1239
f 1239//1239 1236//1236 1240//1240
f 1240//1240 1235//1235 1151//1151
f 1241//1241 1234//1234 1237//1237
f 1240//1240 1236//1236 1235//1235
f 1239//1239 1237//1237 1233//1233
f 1151//1151 1235//1235 1230//1230
f 1239//1239 1233//1233 1236//1236
f 1238//1238 1229//1229 1234//1234
f 1135//1135 1231//1231 1238//1238
f 1151//1151 1230//1230 1152//1152
f 1243//1243 1238//1238 1241//1241
f 1236//1236 1232//1232 1235//1235
f 1237//1237 1234//1234 1233//1233
f 1236//1236 1233//1233 1232//1232
f 1235//1235 1232//1232 1230//1230
f 1234//1234 1225//1225 1233//1233
f 1135//1135 1228//1228 1231//1231
f 1230//1230 1150//1150 1152//1152
f 1234//1234 1229//1229 1225//1225
f 1228//1228 1135//1135 1136//1136
f 1233//1233 1225//1225 1227//1227
f 1233//1233 1227//1227 1232//1232
f 1231//1231 1226//1226 1229//1229
f 1232//1232 1223//1223 1230//1230
f 1238//1238 1231//1231 1229//1229
f 1201//1201 1197//1197 1147//1147
f 1242//1242 1241//1241 1237//1237
f 1154//1154 1242//1242 1239//1239
f 1265//1265 1153//1153 1261//1261
f 1263//1263 1259//1259 1264//1264
f 1264//1264 1259//1259 1262//1262
f 1263//1263 1261//1261 1258//1258
f 1247//1247 1260//1260 1246//1246
f 1263//1263 1258//1258 1259//1259
f 1262//1262 1259//1259 1257//1257
f 1261//1261 1153//1153 1154//1154
f 1262//1262 1257//1257 1260//1260
f 1261//1261 1154//1154 1258//1258
f 1259//1259 1258//1258 1256//1256
f 1260//1260 1257//1257 1246//1246
f 1259//1259 1256//1256 1257//1257
f 1246//1246 1257//1257 1245//1245
f 1258//1258 1154//1154 1240//1240
f 1257//1257 1256//1256 1255//1255
f 1258//1258 1240//1240 1256//1256
f 1256//1256 1240//1240 1151//1151
f 1257//1257 1255//1255 1245//1245
f 1256//1256 1151//1151 1255//1255
f 1255//1255 1152//1152 1245//1245
f 1255//1255 1151//1151 1152//1152
f 1244//1244 1134//1134 1243//1243
f 1153//1153 1244//1244 1242//1242
f 1153//1153 1242//1242 1154//1154
f 1244//1244 1243//1243 1241//1241
f 1244//1244 1241//1241 1242//1242
f 1232//1232 1227//1227 1223//1223
f 1231//1231 1228//1228 1226//1226
f 1154//1154 1239//1239 1240//1240
f 1229//1229 1226//1226 1219//1219
f 1213//1213 1210//1210 1212//1212
f 1214//1214 1137//1137 1208//1208
f 1215//1215 1211//1211 1210//1210
f 1214//1214 1208//1208 1209//1209
f 1212//1212 1210//1210 1207//1207
f 1212//1212 1207//1207 1148//1148
f 1211//1211 1209//1209 1206//1206
f 1211//1211 1205//1205 1210//1210
f 1148//1148 1207//1207 1147//1147
f 1211//1211 1206//1206 1205//1205
f 1137//1137 1202//1202 1208//1208
f 1209//1209 1208//1208 1204//1204
f 1205//1205 1206//1206 1200//1200
f 1215//1215 1210//1210 1213//1213
f 1210//1210 1205//1205 1203//1203
f 1210//1210 1201//1201 1207//1207
f 1210//1210 1203//1203 1201//1201
f 1208//1208 1202//1202 1204//1204
f 1207//1207 1201//1201 1147//1147
f 1202//1202 1137//1137 1138//1138
f 1202//1202 1138//1138 1199//1199
f 1206//1206 1196//1196 1200//1200
f 1206//1206 1204//1204 1196//1196
f 1204//1204 1202//1202 1198//1198
f 1205//1205 1195//1195 1203//1203
f 1205//1205 1200//1200 1195//1195
f 1204//1204 1198//1198 1196//1196
f 1230//1230 1223//1223 1150//1150
f 1209//1209 1204//1204 1206//1206
f 1216//1216 1212//1212 1148//1148
f 1217//1217 1213//1213 1212//1212
f 1223//1223 1216//1216 1149//1149
f 1229//1229 1219//1219 1225//1225
f 1226//1226 1224//1224 1221//1221
f 1225//1225 1219//1219 1220//1220
f 1227//1227 1222//1222 1223//1223
f 1150//1150 1223//1223 1149//1149
f 1226//1226 1221//1221 1219//1219
f 1223//1223 1222//1222 1216//1216
f 1225//1225 1220//1220 1222//1222
f 1222//1222 1220//1220 1217//1217
f 1224//1224 1136//1136 1218//1218
f 1224//1224 1218//1218 1221//1221
f 1218//1218 1214//1214 1209//1209
f 1136//1136 1214//1214 1218//1218
f 1136//1136 1137//1137 1214//1214
f 1221//1221 1218//1218 1211//1211
f 1222//1222 1217//1217 1216//1216
f 1219//1219 1221//1221 1215//1215
f 1220//1220 1219//1219 1213//1213
f 1216//1216 1217//1217 1212//1212
f 1216//1216 1148//1148 1149//1149
f 1221//1221 1211//1211 1215//1215
f 1220//1220 1213//1213 1217//1217
f 1219//1219 1215//1215 1213//1213
f 1218//1218 1209//1209 1211//1211
f 1227//1227 1225//1225 1222//1222
f 1228//1228 1224//1224 1226//1226
f 1136//1136 1224//1224 1228//1228
f 1381//1381 1378//1378 1379//1379
f 1380//1380 1378//1378 1381//1381
f 1390//1390 1384//1384 1389//1389
f 1391//1391 1392//1392 1386//1386
f 1392//1392 1387//1387 1386//1386
f 1390//1390 1385//1385 1384//1384
f 1392//1392 1388//1388 1387//1387
f 1390//1390 1386//1386 1385//1385
f 1390//1390 1391//1391 1386//1386
f 1392//1392 1382//1382 1388//1388
f 1383//1383 1382//1382 1392//1392
f 1395//1395 1393//1393 1394//1394
f 1397//1397 1399//1399 1398//1398
f 1408//1408 1407//1407 1409//1409
f 1404//1404 1403//1403 1405//1405
f 1409//1409 1407//1407 1410//1410
f 1403//1403 1402//1402 1405//1405
f 1405//1405 1402//1402 1406//1406
f 1412//1412 1395//1395 1394//1394
f 1407//1407 1406//1406 1411//1411
f 1406//1406 1402//1402 1401//1401
f 1406//1406 1401//1401 1396//1396
f 1406//1406 1396//1396 1411//1411
f 1401//1401 1397//1397 1396//1396
f 1412//1412 1396//1396 1395//1395
f 1401//1401 1400//1400 1397//1397
f 1400//1400 1399//1399 1397//1397
f 1411//1411 1396//1396 1412//1412
f 1407//1407 1411//1411 1410//1410
f 1424//1424 1418//1418 1423//1423
f 1423//1423 1418//1418 1417//1417
f 1422//1422 1415//1415 1413//1413
f 1422//1422 1416//1416 1415//1415
f 1422//1422 1423//1423 1416//1416
f 1423//1423 1417//1417 1416//1416
f 1421//1421 1414//1414 1420//1420
f 1421//1421 1413//1413 1414//1414
f 1420//1420 1414//1414 1419//1419
f 1421//1421 1422//1422 1413//1413
f 1428//1428 1427//1427 1425//1425
f 1429//1429 1427//1427 1428//1428
f 1429//1429 1426//1426 1427//1427
f 1442//1442 1435//1435 1441//1441
f 1442//1442 1436//1436 1435//1435
f 1440//1440 1433//1433 1434//1434
f 1439//1439 1440//1440 1434//1434
f 1439//1439 1434//1434 1437//1437
f 1439//1439 1430//1430 1438//1438
f 1441//1441 1431//1431 1432//1432
f 1440//1440 1441//1441 1432//1432
f 1441//1441 1435//1435 1431//1431
f 1439//1439 1437//1437 1430//1430
f 1440//1440 1432//1432 1433//1433
f 1447//1447 1444//1444 1446//1446
f 1447//1447 1445//1445 1444//1444
f 1446//1446 1444//1444 1443//1443
f 1456//1456 1457//1457 1450//1450
f 1456//1456 1450//1450 1451//1451
f 1455//1455 1456//1456 1451//1451
f 1455//1455 1449//1449 1448//1448
f 1457//1457 1453//1453 1450//1450
f 1457//1457 1452//1452 1453//1453
f 1458//1458 1452//1452 1457//1457
f 1455//1455 1448//1448 1454//1454
f 1455//1455 1451//1451 1449//1449
f 1462//1462 1459//1459 1461//1461
f 1462//1462 1460//1460 1459//1459
v 0.0350973 -0.0154803 -0.0105000
v 0.0350815 -0.0152221 -0.0105000
v 0.0349358 -0.0149424 -0.0105000
v 0.0346418 -0.0147346 -0.0105001
v 0.0342019 -0.0147170 -0.0105001
v 0.0338383 -0.0149639 -0.0105001
v 0.0336889 -0.0154003 -0.0105002
v 0.0338565 -0.0158643 -0.0105001
v 0.0342665 -0.0160985 -0.0105001
v 0.0347223 -0.0160325 -0.0105001
v 0.0350270 -0.0157284 -0.0105001
v 0.0350973 -0.0154803 -0.0105000
v 0.0350815 -0.0152221 -0.0105000
v 0.0349358 -0.0149424 -0.0105000
v 0.0346418 -0.0147346 -0.0105001
v 0.0342019 -0.0147170 -0.0105001
v 0.0338383 -0.0149639 -0.0105001
v 0.0336889 -0.0154003 -0.0105002
v 0.0338565 -0.0158643 -0.0105001
v 0.0342665 -0.0160985 -0.0105001
v 0.0347223 -0.0160325 -0.0105001
v 0.0350270 -0.0157284 -0.0105001
v 0.0352559 -0.0154000 -0.0103485
v 0.0335487 -0.0154484 -0.0103502
v 0.0336023 -0.0157043 -0.0103494
v 0.0337393 -0.0159397 -0.0103500
v 0.0339941 -0.0161553 -0.0103501
v 0.0343112 -0.0162480 -0.0103505
v 0.0345286 -0.0162419 -0.0103494
v 0.0347492 -0.0161791 -0.0103503
v 0.0349554 -0.0160457 -0.0103507
v 0.0351153 -0.0158642 -0.0103505
v 0.0352083 -0.0156686 -0.0103503
v 0.0352083 -0.0151315 -0.0103503
v 0.0350894 -0.0148941 -0.0103513
v 0.0348642 -0.0146847 -0.0103505
v 0.0346687 -0.0145918 -0.0103503
v 0.0344428 -0.0145473 -0.0103494
v 0.0341984 -0.0145725 -0.0103507
v 0.0339536 -0.0146715 -0.0103496
v 0.0337522 -0.0148466 -0.0103503
v 0.0335951 -0.0151043 -0.0103480
v 0.0352559 -0.0154000 -0.0103485
v 0.0335487 -0.0154484 -0.0103502
v 0.0336023 -0.0157043 -0.0103494
v 0.0337393 -0.0159397 -0.0103500
v 0.0339941 -0.0161553 -0.0103501
v 0.0343112 -0.0162480 -0.0103505
v 0.0345286 -0.0162419 -0.0103494
v 0.0347492 -0.0161791 -0.0103503
v 0.0349554 -0.0160457 -0.0103507
v 0.0351153 -0.0158642 -0.0103505
v 0.0352083 -0.0156686 -0.0103503
v 0.0352083 -0.0151315 -0.0103503
v 0.0350894 -0.0148941 -0.0103513
v 0.0348642 -0.0146847 -0.0103505
v 0.0346687 -0.0145918 -0.0103503
v 0.0344428 -0.0145473 -0.0103494
v 0.0341984 -0.0145725 -0.0103507
v 0.0339536 -0.0146715 -0.0103496
v 0.0337522 -0.0148466 -0.0103503
v 0.0335951 -0.0151043 -0.0103480
v 0.0352520 -0.0154335 -0.0065000
v 0.0336205 -0.0150406 -0.0065000
v 0.0338278 -0.0147672 -0.0065000
v 0.0341131 -0.0145919 -0.0065000
v 0.0344084 -0.0145484 -0.0065000
v 0.0346641 -0.0145873 -0.0065000
v 0.0349745 -0.0147633 -0.0065000
v 0.0352054 -0.0151029 -0.0065000
v 0.0351796 -0.0157594 -0.0065000
v 0.0349228 -0.0160798 -0.0065000
v 0.0346225 -0.0162237 -0.0065000
v 0.0343229 -0.0162517 -0.0065000
v 0.0340029 -0.0161574 -0.0065000
v 0.0336978 -0.0158971 -0.0065000
v 0.0335433 -0.0154674 -0.0065000
v 0.0352520 -0.0154335 -0.0065000
v 0.0336205 -0.0150406 -0.0065000
v 0.0338278 -0.0147672 -0.0065000
v 0.0341131 -0.0145919 -0.0065000
v 0.0344084 -0.0145484 -0.0065000
v 0.0346641 -0.0145873 -0.0065000
v 0.0349745 -0.0147633 -0.0065000
v 0.0352054 -0.0151029 -0.0065000
v 0.0351796 -0.0157594 -0.0065000
v 0.0349228 -0.0160798 -0.0065000
v 0.0346225 -0.0162237 -0.0065000
v 0.0343229 -0.0162517 -0.0065000
v 0.0340029 -0.0161574 -0.0065000
v 0.0336978 -0.0158971 -0.0065000
v 0.0335433 -0.0154674 -0.0065000
v 0.0344354 -0.0146983 -0.0065000
v 0.0341637 -0.0147345 -0.0065000
v 0.0339080 -0.0148962 -0.0065000
v 0.0337254 -0.0151808 -0.0065000
v 0.0337058 -0.0155185 -0.0065000
v 0.0338039 -0.0157750 -0.0065000
v 0.0340080 -0.0159866 -0.0065000
v 0.0343444 -0.0161072 -0.0065000
v 0.0347035 -0.0160377 -0.0065000
v 0.0349409 -0.0158510 -0.0065000
v 0.0350993 -0.0155299 -0.0065000
v 0.0350672 -0.0151745 -0.0065000
v 0.0349469 -0.0149588 -0.0065000
v 0.0347213 -0.0147694 -0.0065000
v 0.0344354 -0.0146983 -0.0065000
v 0.0341637 -0.0147345 -0.0065000
v 0.0339080 -0.0148962 -0.0065000
v 0.0337254 -0.0151808 -0.0065000
v 0.0337058 -0.0155185 -0.0065000
v 0.0338039 -0.0157750 -0.0065000
v 0.0340080 -0.0159866 -0.0065000
v 0.0343444 -0.0161072 -0.0065000
v 0.0347035 -0.0160377 -0.0065000
v 0.0349409 -0.0158510 -0.0065000
v 0.0350993 -0.0155299 -0.0065000
v 0.0350672 -0.0151745 -0.0065000
v 0.0349469 -0.0149588 -0.0065000
v 0.0347213 -0.0147694 -0.0065000
v 0.0342072 -0.0160836 0.0100000
v 0.0339016 -0.0158984 0.0100000
v 0.0337345 -0.0156364 0.0100000
v 0.0336985 -0.0153447 0.0100000
v 0.0337587 -0.0151130 0.0100000
v 0.0339202 -0.0148808 0.0100000
v 0.0341826 -0.0147308 0.0100000
v 0.0344745 -0.0146977 0.0100000
v 0.0347682 -0.0147990 0.0100000
v 0.0350249 -0.0150604 0.0100000
v 0.0351024 -0.0153803 0.0100000
v 0.0350512 -0.0156793 0.0100000
v 0.0348511 -0.0159409 0.0100000
v 0.0345834 -0.0160820 0.0100000
v 0.0342072 -0.0160836 0.0100000
v 0.0339016 -0.0158984 0.0100000
v 0.0337345 -0.0156364 0.0100000
v 0.0336985 -0.0153447 0.0100000
v 0.0337587 -0.0151130 0.0100000
v 0.0339202 -0.0148808 0.0100000
v 0.0341826 -0.0147308 0.0100000
v 0.0344745 -0.0146977 0.0100000
v 0.0347682 -0.0147990 0.0100000
v 0.0350249 -0.0150604 0.0100000
v 0.0351024 -0.0153803 0.0100000
v 0.0350512 -0.0156793 0.0100000
v 0.0348511 -0.0159409 0.0100000
v 0.0345834 -0.0160820 0.0100000
v 0.0331532 -0.0156866 0.0100001
v 0.0334308 -0.0162278 0.0100000
v 0.0337512 -0.0164947 0.0100001
v 0.0342432 -0.0166675 0.0100002
v 0.0347523 -0.0166313 0.0100026
v 0.0353731 -0.0162220 0.0100000
v 0.0356281 -0.0157500 0.0099999
v 0.0356658 -0.0152403 0.0100005
v 0.0355296 -0.0148146 0.0100002
v 0.0353965 -0.0145927 0.0100028
v 0.0349813 -0.0142591 0.0100025
v 0.0346958 -0.0141608 0.0100001
v 0.0343180 -0.0141301 0.0100005
v 0.0339497 -0.0142112 0.0100000
v 0.0335679 -0.0144308 0.0100003
v 0.0333393 -0.0146929 0.0100010
v 0.0331694 -0.0150530 0.0099999
v 0.0331949 -0.0149112 0.0108804
v 0.0334424 -0.0145450 0.0108910
v 0.0337858 -0.0142214 0.0108553
v 0.0345029 -0.0141114 0.0108863
v 0.0349332 -0.0142138 0.0108779
v 0.0352516 -0.0143985 0.0108651
v 0.0355043 -0.0146152 0.0108306
v 0.0356019 -0.0147915 0.0108375
v 0.0356362 -0.0150115 0.0108802
v 0.0357384 -0.0152619 0.0108386
v 0.0359016 -0.0154476 0.0104954
v 0.0358412 -0.0154213 0.0107106
v 0.0357145 -0.0154464 0.0108641
v 0.0357513 -0.0154753 0.0100725
v 0.0358384 -0.0153880 0.0101874
v 0.0358933 -0.0154578 0.0103572
v 0.0330593 -0.0152321 0.0100654
v 0.0329708 -0.0154031 0.0101716
v 0.0329319 -0.0152764 0.0102677
v 0.0329027 -0.0152823 0.0103988
v 0.0329079 -0.0153413 0.0105540
v 0.0330893 -0.0153316 0.0108682
v 0.0329787 -0.0152812 0.0107354
v 0.0330335 -0.0150282 0.0107483
v 0.0329364 -0.0151086 0.0105587
v 0.0331107 -0.0148039 0.0107425
v 0.0330118 -0.0148840 0.0106025
v 0.0332289 -0.0146151 0.0107617
v 0.0329686 -0.0149389 0.0104600
v 0.0329701 -0.0150527 0.0102532
v 0.0330957 -0.0146652 0.0105395
v 0.0333818 -0.0144196 0.0107545
v 0.0330399 -0.0147901 0.0103261
v 0.0332249 -0.0144823 0.0105628
v 0.0336312 -0.0143333 0.0108645
v 0.0330896 -0.0149414 0.0101083
v 0.0331107 -0.0147135 0.0102357
v 0.0331914 -0.0145075 0.0103888
v 0.0333682 -0.0143285 0.0105817
v 0.0335912 -0.0142116 0.0107157
v 0.0331950 -0.0147750 0.0100754
v 0.0332473 -0.0145678 0.0101590
v 0.0334102 -0.0142671 0.0104276
v 0.0333258 -0.0143909 0.0102688
v 0.0335712 -0.0141589 0.0105586
v 0.0340204 -0.0141180 0.0108487
v 0.0337706 -0.0140568 0.0105936
v 0.0335669 -0.0141534 0.0103834
v 0.0339413 -0.0140381 0.0107119
v 0.0334794 -0.0142925 0.0101873
v 0.0334592 -0.0144402 0.0100618
v 0.0341434 -0.0140464 0.0107993
v 0.0338001 -0.0140216 0.0103904
v 0.0339482 -0.0139810 0.0105832
v 0.0336796 -0.0141358 0.0102272
v 0.0344104 -0.0140274 0.0108076
v 0.0342325 -0.0139560 0.0106771
v 0.0336942 -0.0142137 0.0101010
v 0.0341038 -0.0139270 0.0104878
v 0.0338850 -0.0140252 0.0102554
v 0.0345201 -0.0139364 0.0106455
v 0.0344037 -0.0138988 0.0105204
v 0.0341680 -0.0139394 0.0102756
v 0.0338722 -0.0141479 0.0100757
v 0.0347205 -0.0140215 0.0107534
v 0.0340754 -0.0140606 0.0100950
v 0.0343159 -0.0139034 0.0103855
v 0.0346276 -0.0139105 0.0104291
v 0.0344488 -0.0139447 0.0102246
v 0.0350378 -0.0141689 0.0107903
v 0.0348601 -0.0139785 0.0105620
v 0.0343842 -0.0140162 0.0101066
v 0.0350679 -0.0141059 0.0106731
v 0.0346827 -0.0139587 0.0102576
v 0.0348596 -0.0139827 0.0103177
v 0.0352910 -0.0142800 0.0107247
v 0.0351844 -0.0141319 0.0105731
v 0.0350260 -0.0140336 0.0104250
v 0.0346316 -0.0140528 0.0100829
v 0.0354765 -0.0144624 0.0107329
v 0.0348734 -0.0140815 0.0101280
v 0.0351807 -0.0141171 0.0103752
v 0.0354253 -0.0143073 0.0105275
v 0.0350958 -0.0141488 0.0101777
v 0.0353270 -0.0142470 0.0102776
v 0.0355677 -0.0144800 0.0105800
v 0.0355478 -0.0144284 0.0104122
v 0.0356813 -0.0146825 0.0106431
v 0.0352361 -0.0143425 0.0100633
v 0.0354699 -0.0144011 0.0102456
v 0.0353811 -0.0144075 0.0101216
v 0.0357770 -0.0148574 0.0106204
v 0.0357308 -0.0146948 0.0104270
v 0.0357902 -0.0150676 0.0107308
v 0.0356262 -0.0145606 0.0103093
v 0.0355805 -0.0146041 0.0101661
v 0.0357276 -0.0147920 0.0102325
v 0.0358462 -0.0149922 0.0104272
v 0.0358772 -0.0151770 0.0105538
v 0.0356119 -0.0147792 0.0100794
v 0.0358082 -0.0150067 0.0102363
v 0.0358822 -0.0152049 0.0103340
v 0.0357381 -0.0151214 0.0100812
v 0.0356522 -0.0157507 0.0108784
v 0.0355958 -0.0160004 0.0108454
v 0.0353343 -0.0163229 0.0108701
v 0.0349856 -0.0165490 0.0108862
v 0.0346892 -0.0167043 0.0108478
v 0.0344578 -0.0167461 0.0108366
v 0.0341449 -0.0167097 0.0108505
v 0.0339514 -0.0166153 0.0108815
v 0.0335739 -0.0164250 0.0108665
v 0.0333409 -0.0161955 0.0108586
v 0.0332227 -0.0159149 0.0108930
v 0.0331041 -0.0156269 0.0108642
v 0.0357802 -0.0157189 0.0107504
v 0.0358720 -0.0156837 0.0105401
v 0.0357279 -0.0160255 0.0106536
v 0.0358612 -0.0156363 0.0102853
v 0.0357883 -0.0159743 0.0105051
v 0.0358396 -0.0158164 0.0103679
v 0.0355804 -0.0161903 0.0107425
v 0.0357342 -0.0156887 0.0100811
v 0.0357586 -0.0158648 0.0101799
v 0.0354211 -0.0164343 0.0106874
v 0.0357146 -0.0160871 0.0102908
v 0.0356585 -0.0162202 0.0104673
v 0.0355289 -0.0163751 0.0105701
v 0.0351741 -0.0165534 0.0107884
v 0.0355409 -0.0163748 0.0103832
v 0.0355938 -0.0160601 0.0100785
v 0.0351801 -0.0166448 0.0106491
v 0.0355399 -0.0162977 0.0102147
v 0.0353387 -0.0165753 0.0104382
v 0.0353926 -0.0164723 0.0102344
v 0.0349000 -0.0167296 0.0107424
v 0.0351775 -0.0166883 0.0104544
v 0.0353245 -0.0163915 0.0100692
v 0.0349663 -0.0167758 0.0105833
v 0.0351707 -0.0166334 0.0102138
v 0.0345627 -0.0168422 0.0106914
v 0.0348656 -0.0168298 0.0104127
v 0.0350243 -0.0167446 0.0102995
v 0.0346876 -0.0168647 0.0105563
v 0.0350281 -0.0165172 0.0100026
v 0.0348899 -0.0167179 0.0101366
v 0.0347322 -0.0168115 0.0102059
v 0.0341980 -0.0168287 0.0107048
v 0.0344554 -0.0168940 0.0105394
v 0.0345834 -0.0168876 0.0103732
v 0.0341891 -0.0168891 0.0104962
v 0.0343620 -0.0168959 0.0103604
v 0.0344783 -0.0168451 0.0102086
v 0.0338250 -0.0166866 0.0107634
v 0.0339589 -0.0168303 0.0105517
v 0.0345093 -0.0167406 0.0100627
v 0.0341779 -0.0168518 0.0102540
v 0.0342944 -0.0167974 0.0101289
v 0.0339913 -0.0168356 0.0103423
v 0.0336721 -0.0166709 0.0106539
v 0.0337555 -0.0167566 0.0104765
v 0.0334776 -0.0164819 0.0107395
v 0.0337350 -0.0167384 0.0103434
v 0.0340230 -0.0167216 0.0100940
v 0.0334374 -0.0165189 0.0106246
v 0.0337671 -0.0167253 0.0102448
v 0.0335550 -0.0166422 0.0104741
v 0.0338458 -0.0166442 0.0100791
v 0.0332581 -0.0162858 0.0106975
v 0.0333805 -0.0165032 0.0104713
v 0.0334354 -0.0165268 0.0102906
v 0.0331555 -0.0161056 0.0107228
v 0.0331873 -0.0162682 0.0105667
v 0.0336437 -0.0165450 0.0100916
v 0.0332297 -0.0163423 0.0104027
v 0.0330496 -0.0158339 0.0107463
v 0.0334472 -0.0163826 0.0100854
v 0.0331209 -0.0161878 0.0104001
v 0.0333028 -0.0163305 0.0101867
v 0.0330422 -0.0160226 0.0105618
v 0.0331753 -0.0161698 0.0102024
v 0.0329628 -0.0158134 0.0105538
v 0.0330015 -0.0155575 0.0107602
v 0.0329757 -0.0158696 0.0103764
v 0.0330450 -0.0159698 0.0102590
v 0.0332213 -0.0160533 0.0100630
v 0.0329358 -0.0155729 0.0106223
v 0.0329076 -0.0155767 0.0104714
v 0.0330608 -0.0158265 0.0101351
v 0.0329406 -0.0156298 0.0102755
v 0.0330381 -0.0155687 0.0100912
v 0.0348854 -0.0155862 0.0112388
v 0.0351937 -0.0155773 0.0111501
v 0.0347167 -0.0156828 0.0112590
v 0.0346033 -0.0158354 0.0112499
v 0.0345739 -0.0160925 0.0111834
v 0.0345768 -0.0164841 0.0110103
v 0.0342237 -0.0164851 0.0110089
v 0.0344204 -0.0165026 0.0110059
v 0.0342238 -0.0161785 0.0111524
v 0.0338313 -0.0155749 0.0112206
v 0.0340029 -0.0156251 0.0112533
v 0.0341299 -0.0157304 0.0112587
v 0.0342152 -0.0158964 0.0112390
v 0.0335365 -0.0155768 0.0111197
v 0.0333134 -0.0155758 0.0110050
v 0.0332980 -0.0153872 0.0110061
v 0.0354940 -0.0155611 0.0110060
v 0.0337611 -0.0160067 0.0111244
v 0.0339136 -0.0163754 0.0110161
v 0.0348663 -0.0161856 0.0111085
v 0.0350144 -0.0158594 0.0111676
v 0.0352447 -0.0161304 0.0110007
v 0.0353902 -0.0158421 0.0110155
v 0.0354869 -0.0152231 0.0110085
v 0.0333166 -0.0152238 0.0110115
v 0.0338722 -0.0152219 0.0112318
v 0.0342283 -0.0147994 0.0112152
v 0.0341646 -0.0150240 0.0112557
v 0.0340425 -0.0151495 0.0112566
v 0.0342214 -0.0143226 0.0110181
v 0.0345768 -0.0143151 0.0110099
v 0.0343918 -0.0142973 0.0110048
v 0.0345768 -0.0146217 0.0111547
v 0.0345927 -0.0149459 0.0112482
v 0.0347532 -0.0151495 0.0112582
v 0.0349547 -0.0152247 0.0112248
v 0.0337932 -0.0146364 0.0110781
v 0.0334842 -0.0149532 0.0110554
v 0.0349135 -0.0145950 0.0110906
v 0.0352446 -0.0146696 0.0110007
v 0.0353099 -0.0149801 0.0110625
v 0.0339114 -0.0149601 0.0112041
v 0.0350131 -0.0149410 0.0111681
v 0.0354940 -0.0155611 0.0110060
v 0.0354869 -0.0152231 0.0110085
v 0.0354866 -0.0155760 0.0106500
v 0.0354973 -0.0152290 0.0106500
v 0.0354869 -0.0152231 0.0110085
v 0.0354973 -0.0152290 0.0106500
v 0.0345768 -0.0143151 0.0110099
v 0.0345768 -0.0146217 0.0111547
v 0.0345927 -0.0149459 0.0112482
v 0.0347532 -0.0151495 0.0112582
v 0.0349547 -0.0152247 0.0112248
v 0.0345736 -0.0143058 0.0106500
v 0.0345820 -0.0148991 0.0106500
v 0.0347087 -0.0151163 0.0106500
v 0.0349176 -0.0152199 0.0106500
v 0.0354866 -0.0155760 0.0106500
v 0.0354973 -0.0152290 0.0106500
v 0.0349020 -0.0155819 0.0106500
v 0.0347080 -0.0156880 0.0106500
v 0.0345839 -0.0158882 0.0106500
v 0.0345759 -0.0164877 0.0106500
v 0.0342265 -0.0164942 0.0106500
v 0.0342214 -0.0159338 0.0106500
v 0.0341560 -0.0157636 0.0106500
v 0.0340090 -0.0156271 0.0106500
v 0.0338498 -0.0155775 0.0106500
v 0.0333129 -0.0155759 0.0106500
v 0.0333043 -0.0152278 0.0106500
v 0.0338989 -0.0152181 0.0106500
v 0.0341040 -0.0151020 0.0106500
v 0.0342182 -0.0148977 0.0106500
v 0.0342242 -0.0143123 0.0106500
v 0.0345736 -0.0143058 0.0106500
v 0.0345820 -0.0148991 0.0106500
v 0.0347087 -0.0151163 0.0106500
v 0.0349176 -0.0152199 0.0106500
v 0.0348854 -0.0155862 0.0112388
v 0.0351937 -0.0155773 0.0111501
v 0.0347167 -0.0156828 0.0112590
v 0.0346033 -0.0158354 0.0112499
v 0.0345739 -0.0160925 0.0111834
v 0.0345768 -0.0164841 0.0110103
v 0.0354940 -0.0155611 0.0110060
v 0.0354866 -0.0155760 0.0106500
v 0.0349020 -0.0155819 0.0106500
v 0.0347080 -0.0156880 0.0106500
v 0.0345839 -0.0158882 0.0106500
v 0.0345759 -0.0164877 0.0106500
v 0.0345768 -0.0164841 0.0110103
v 0.0342237 -0.0164851 0.0110089
v 0.0344204 -0.0165026 0.0110059
v 0.0345759 -0.0164877 0.0106500
v 0.0342265 -0.0164942 0.0106500
v 0.0342237 -0.0164851 0.0110089
v 0.0342238 -0.0161785 0.0111524
v 0.0338313 -0.0155749 0.0112206
v 0.0340029 -0.0156251 0.0112533
v 0.0341299 -0.0157304 0.0112587
v 0.0342152 -0.0158964 0.0112390
v 0.0335365 -0.0155768 0.0111197
v 0.0333134 -0.0155758 0.0110050
v 0.0342265 -0.0164942 0.0106500
v 0.0342214 -0.0159338 0.0106500
v 0.0341560 -0.0157636 0.0106500
v 0.0340090 -0.0156271 0.0106500
v 0.0338498 -0.0155775 0.0106500
v 0.0333129 -0.0155759 0.0106500
v 0.0333134 -0.0155758 0.0110050
v 0.0332980 -0.0153872 0.0110061
v 0.0333166 -0.0152238 0.0110115
v 0.0333129 -0.0155759 0.0106500
v 0.0333043 -0.0152278 0.0106500
v 0.0333166 -0.0152238 0.0110115
v 0.0338722 -0.0152219 0.0112318
v 0.0342283 -0.0147994 0.0112152
v 0.0341646 -0.0150240 0.0112557
v 0.0340425 -0.0151495 0.0112566
v 0.0342214 -0.0143226 0.0110181
v 0.0333043 -0.0152278 0.0106500
v 0.0338989 -0.0152181 0.0106500
v 0.0341040 -0.0151020 0.0106500
v 0.0342182 -0.0148977 0.0106500
v 0.0342242 -0.0143123 0.0106500
v 0.0342214 -0.0143226 0.0110181
v 0.0345768 -0.0143151 0.0110099
v 0.0343918 -0.0142973 0.0110048
v 0.0342242 -0.0143123 0.0106500
v 0.0345736 -0.0143058 0.0106500
vn 0.000096 0.000052 -1.000000
vn 0.000232 0.000014 -1.000000
vn 0.000329 0.000043 -1.000000
vn 0.000048 -0.000131 -1.000000
vn 0.000039 -0.000053 -1.000000
vn 0.000121 0.000058 -1.000000
vn 0.000203 0.000073 -1.000000
vn 0.000032 -0.000188 -1.000000
vn 0.000067 -0.000010 -1.000000
vn 0.000080 0.000031 -1.000000
vn -0.000418 0.000419 -1.000000
vn 0.690591 -0.080147 -0.718791
vn 0.670653 0.184949 -0.718345
vn 0.519897 0.450310 -0.725898
vn 0.224878 0.641554 -0.733374
vn -0.188680 0.655615 -0.731143
vn -0.541739 0.417753 -0.729384
vn -0.683874 0.001304 -0.729599
vn -0.521892 -0.444339 -0.728143
vn -0.127427 -0.670156 -0.731200
vn 0.305462 -0.603400 -0.736615
vn 0.599437 -0.336339 -0.726328
vn 0.708383 0.001510 -0.705827
vn -0.723503 -0.039934 -0.689166
vn -0.629512 -0.235800 -0.740347
vn -0.567778 -0.466875 -0.677979
vn -0.327545 -0.599568 -0.730228
vn -0.070934 -0.716014 -0.694472
vn 0.100449 -0.665138 -0.739933
vn 0.284705 -0.658788 -0.696378
vn 0.457945 -0.506175 -0.730803
vn 0.580349 -0.402330 -0.708044
vn 0.681789 -0.211413 -0.700334
vn 0.668998 0.231123 -0.706416
vn 0.568842 0.408820 -0.713642
vn 0.391914 0.576432 -0.717028
vn 0.219742 0.686232 -0.693397
vn 0.031251 0.678162 -0.734247
vn -0.165611 0.707056 -0.687492
vn -0.367383 0.579762 -0.727259
vn -0.548735 0.475271 -0.687755
vn -0.646415 0.228524 -0.727959
vn 0.999998 -0.001183 0.001292
vn -0.999352 -0.035963 -0.001570
vn -0.933641 -0.358200 -0.002745
vn -0.765083 -0.643930 -0.001117
vn -0.473960 -0.880546 0.000731
vn -0.128422 -0.991719 -0.000542
vn 0.151721 -0.988422 -0.001491
vn 0.413080 -0.910692 -0.002331
vn 0.653783 -0.756681 -0.001168
vn 0.834114 -0.551591 -0.001308
vn 0.952981 -0.303030 -0.000058
vn 0.949323 0.314299 -0.001630
vn 0.800612 0.599173 -0.003355
vn 0.560709 0.828010 -0.002408
vn 0.314065 0.949401 -0.000724
vn 0.044591 0.999005 0.000869
vn -0.239212 0.970967 -0.000425
vn -0.522725 0.852496 -0.003009
vn -0.763755 0.645500 -0.002693
vn -0.942714 0.333596 -0.001722
vn 0.999189 -0.040270 0.000655
vn -0.915555 0.402180 0.003300
vn -0.671926 0.740610 0.003542
vn -0.340079 0.940396 0.001489
vn 0.001643 0.999999 0.000292
vn 0.326752 0.945107 0.002542
vn 0.677270 0.735721 0.004479
vn 0.933193 0.359355 0.003755
vn 0.902336 -0.431030 0.001580
vn 0.621710 -0.783238 0.003774
vn 0.266326 -0.963878 0.003061
vn -0.097343 -0.995250 0.001243
vn -0.476047 -0.879420 0.000609
vn -0.821619 -0.570025 0.003657
vn -0.996611 -0.082122 0.004820
vn 0.000000 0.000000 1.000000
vn 0.000000 0.000000 1.000000
vn 0.000000 0.000000 1.000000
vn 0.000000 0.000000 1.000000
vn 0.000000 0.000000 1.000000
vn 0.000000 0.000000 1.000000
vn 0.000000 0.000000 1.000000
vn 0.000000 0.000000 1.000000
vn 0.000000 0.000000 1.000000
vn 0.000000 0.000000 1.000000
vn 0.000000 0.000000 1.000000
vn 0.000000 0.000000 1.000000
vn 0.000000 0.000000 1.000000
vn 0.000000 0.000000 1.000000
vn 0.000000 0.000000 1.000000
vn 0.000000 0.000000 1.000000
vn 0.000000 0.000000 1.000000
vn 0.000000 0.000000 1.000000
vn 0.000000 0.000000 1.000000
vn 0.000000 0.000000 1.000000
vn 0.000000 0.000000 1.000000
vn 0.000000 0.000000 1.000000
vn 0.000000 0.000000 1.000000
vn 0.000000 0.000000 1.000000
vn 0.000000 0.000000 1.000000
vn 0.000000 0.000000 1.000000
vn 0.000000 0.000000 1.000000
vn 0.000000 0.000000 1.000000
vn 0.000000 0.000000 1.000000
vn 0.055319 0.998469 -0.000164
vn -0.341002 0.940063 -0.000054
vn -0.704859 0.709347 -0.000137
vn -0.950956 0.309325 -0.000476
vn -0.988192 -0.153219 -0.001000
vn -0.843901 -0.536499 -0.000936
vn -0.543027 -0.839714 -0.001210
vn -0.076353 -0.997080 -0.001386
vn 0.415857 -0.909430 -0.001102
vn 0.776617 -0.629972 -0.001167
vn 0.983128 -0.182913 -0.001228
vn 0.955506 0.294968 -0.001079
vn 0.770790 0.637089 -0.000795
vn 0.454011 0.890996 -0.000535
vn -0.267051 -0.963681 0.001379
vn -0.699079 -0.715043 0.001118
vn -0.941007 -0.338385 0.000924
vn -0.997853 0.065490 0.000890
vn -0.908377 0.418152 0.000117
vn -0.675472 0.737386 -0.000161
vn -0.310757 0.950489 0.000140
vn 0.109133 0.994027 0.000339
vn 0.533855 0.845576 0.000868
vn 0.874222 0.485526 0.000922
vn 0.999415 0.034191 0.001112
vn 0.916533 -0.399958 0.001198
vn 0.645296 -0.763932 0.001030
vn 0.242492 -0.970153 0.001260
vn -0.000002 -0.000220 -1.000000
vn -0.000037 -0.000077 -1.000000
vn -0.000103 -0.000010 -1.000000
vn -0.000005 -0.000079 -1.000000
vn -0.000436 0.000905 -0.999999
vn -0.000933 0.000359 -1.000000
vn 0.000024 0.000473 -1.000000
vn -0.000212 0.000514 -1.000000
vn 0.003092 0.002016 -0.999993
vn 0.001174 0.002421 -0.999996
vn 0.000389 0.000376 -1.000000
vn -0.000171 -0.000036 -1.000000
vn 0.000173 -0.002677 -0.999996
vn 0.002083 -0.002709 -0.999994
vn -0.398690 -0.095609 -0.912088
vn -0.307020 -0.252943 -0.917474
vn -0.192556 -0.324968 -0.925915
vn -0.051766 -0.401744 -0.914288
vn 0.112827 -0.413245 -0.903603
vn 0.307638 -0.248640 -0.918443
vn 0.379304 -0.116840 -0.917865
vn 0.389357 0.042398 -0.920111
vn 0.334742 0.163484 -0.928020
vn 0.331568 0.268824 -0.904321
vn 0.196796 0.377099 -0.905024
vn 0.096289 0.374318 -0.922287
vn -0.025943 0.389082 -0.920838
vn -0.132367 0.344577 -0.929379
vn -0.250961 0.309775 -0.917092
vn -0.331608 0.229664 -0.915036
vn -0.381921 0.106129 -0.918081
vn -0.599262 0.244021 0.762456
vn -0.467622 0.408263 0.783997
vn -0.310805 0.609591 0.729245
vn 0.058688 0.633536 0.771484
vn 0.251456 0.580996 0.774089
vn 0.425347 0.508317 0.748795
vn 0.594327 0.414103 0.689416
vn 0.645016 0.321358 0.693313
vn 0.611626 0.195867 0.766518
vn 0.702249 0.072250 0.708255
vn 0.994835 -0.029057 0.097262
vn 0.888859 -0.016505 0.457883
vn 0.658229 -0.023642 0.752447
vn 0.717331 -0.040850 -0.695534
vn 0.881147 0.013784 -0.472642
vn 0.984578 -0.044119 -0.169289
vn -0.708648 0.074759 -0.701590
vn -0.866944 -0.002557 -0.498400
vn -0.938187 0.074807 -0.337949
vn -0.993514 0.075405 -0.085111
vn -0.979152 0.035181 0.200060
vn -0.663225 0.040621 0.747317
vn -0.857893 0.075270 0.508285
vn -0.811671 0.208924 0.545474
vn -0.961151 0.186890 0.203126
vn -0.772301 0.365725 0.519419
vn -0.897958 0.337575 0.282336
vn -0.689718 0.460287 0.558950
vn -0.952701 0.303891 0.003323
vn -0.911626 0.220929 -0.346594
vn -0.860788 0.480811 0.166928
vn -0.603334 0.582074 0.545141
vn -0.893355 0.395929 -0.212504
vn -0.764963 0.606048 0.218030
vn -0.393488 0.530894 0.750545
vn -0.759841 0.269664 -0.591542
vn -0.809420 0.435277 -0.394174
vn -0.799807 0.588560 -0.117925
vn -0.678963 0.693193 0.241854
vn -0.491145 0.724383 0.483783
vn -0.655716 0.345469 -0.671333
vn -0.689180 0.502659 -0.521886
vn -0.660721 0.748704 -0.053754
vn -0.690679 0.647340 -0.322356
vn -0.540432 0.819790 0.189412
vn -0.198497 0.657307 0.727012
vn -0.420618 0.868887 0.260992
vn -0.548796 0.825951 -0.128949
vn -0.288724 0.825417 0.485104
vn -0.565808 0.684820 -0.459219
vn -0.524365 0.513261 -0.679415
vn -0.125268 0.761644 0.635773
vn -0.397259 0.912931 -0.093497
vn -0.290817 0.929279 0.227740
vn -0.448319 0.801259 -0.396225
vn -0.006812 0.770533 0.637363
vn -0.105642 0.910439 0.399927
vn -0.386951 0.661930 -0.641964
vn -0.196826 0.978613 0.059804
vn -0.317978 0.874668 -0.365849
vn 0.085966 0.929928 0.357553
vn -0.004465 0.991063 0.133323
vn -0.159064 0.935091 -0.316707
vn -0.305343 0.688536 -0.657787
vn 0.197333 0.810265 0.551842
vn -0.176212 0.755026 -0.631574
vn -0.049886 0.991242 -0.122273
vn 0.150284 0.988234 -0.028425
vn 0.035056 0.920104 -0.390101
vn 0.362994 0.698592 0.616608
vn 0.297644 0.932232 0.205795
vn -0.018001 0.784423 -0.619964
vn 0.405681 0.821188 0.401340
vn 0.171089 0.916115 -0.362577
vn 0.308762 0.921638 -0.235054
vn 0.546012 0.679844 0.489575
vn 0.524236 0.824725 0.212143
vn 0.408697 0.912127 -0.031486
vn 0.122737 0.750940 -0.648864
vn 0.646935 0.575286 0.500521
vn 0.281300 0.768319 -0.574940
vn 0.519020 0.843817 -0.136346
vn 0.667055 0.731864 0.139326
vn 0.420340 0.762568 -0.491737
vn 0.598484 0.741663 -0.302907
vn 0.768988 0.594915 0.233953
vn 0.758079 0.649130 -0.062823
vn 0.811576 0.461494 0.358284
vn 0.435419 0.567306 -0.698981
vn 0.683501 0.631986 -0.365268
vn 0.571666 0.573958 -0.586319
vn 0.884069 0.348601 0.311286
vn 0.887353 0.459947 -0.032453
vn 0.838831 0.203634 0.504872
vn 0.798139 0.543157 -0.260682
vn 0.701296 0.481463 -0.525716
vn 0.846398 0.368691 -0.384289
vn 0.957082 0.287286 -0.038233
vn 0.971201 0.141287 0.191852
vn 0.678356 0.333069 -0.654903
vn 0.885797 0.253301 -0.388847
vn 0.968209 0.125726 -0.216252
vn 0.746037 0.163420 -0.645541
vn 0.624314 -0.176215 0.761039
vn 0.627485 -0.315897 0.711669
vn 0.475831 -0.470912 0.742850
vn 0.282484 -0.558950 0.779601
vn 0.155872 -0.678939 0.717458
vn 0.021025 -0.712058 0.701806
vn -0.129145 -0.687231 0.714867
vn -0.231291 -0.592984 0.771281
vn -0.412760 -0.515182 0.751144
vn -0.534591 -0.406440 0.740958
vn -0.570073 -0.258831 0.779758
vn -0.652088 -0.117336 0.749008
vn 0.826235 -0.193482 0.529056
vn 0.968583 -0.184542 0.166704
vn 0.837605 -0.394505 0.377868
vn 0.943368 -0.148117 -0.296847
vn 0.919832 -0.381884 0.089857
vn 0.950145 -0.275482 -0.146063
vn 0.703682 -0.480029 0.523835
vn 0.751218 -0.149314 -0.642944
vn 0.828133 -0.285825 -0.482183
vn 0.627079 -0.651898 0.426382
vn 0.847432 -0.447979 -0.284908
vn 0.842443 -0.536925 0.044751
vn 0.741742 -0.636613 0.211051
vn 0.438443 -0.649625 0.621092
vn 0.752573 -0.647347 -0.120726
vn 0.645920 -0.362611 -0.671789
vn 0.504456 -0.791155 0.345830
vn 0.711816 -0.548800 -0.438335
vn 0.627477 -0.778521 -0.013333
vn 0.622539 -0.684411 -0.379508
vn 0.291932 -0.797245 0.528372
vn 0.517674 -0.855577 -0.001495
vn 0.495270 -0.541759 -0.679121
vn 0.362648 -0.901096 0.237723
vn 0.482962 -0.761977 -0.431437
vn 0.101431 -0.893158 0.438155
vn 0.306336 -0.949242 -0.071404
vn 0.402405 -0.875628 -0.267108
vn 0.203514 -0.959014 0.197163
vn 0.218052 -0.381759 -0.898172
vn 0.292839 -0.766185 -0.572019
vn 0.204874 -0.872710 -0.443174
vn -0.123045 -0.883429 0.452120
vn 0.024317 -0.985808 0.166106
vn 0.126660 -0.982786 -0.134495
vn -0.136053 -0.987253 0.082589
vn -0.027548 -0.986816 -0.159487
vn 0.052268 -0.898933 -0.434957
vn -0.335079 -0.757939 0.559687
vn -0.293802 -0.935078 0.198265
vn 0.067809 -0.705029 -0.705929
vn -0.152763 -0.926213 -0.344664
vn -0.063523 -0.812982 -0.578814
vn -0.268030 -0.942999 -0.197265
vn -0.465187 -0.808060 0.361442
vn -0.423637 -0.903168 0.069416
vn -0.546427 -0.640546 0.539553
vn -0.449654 -0.877813 -0.165093
vn -0.214259 -0.743838 -0.633087
vn -0.625433 -0.719714 0.301405
vn -0.396463 -0.829685 -0.392989
vn -0.560747 -0.827036 0.039682
vn -0.287910 -0.676445 -0.677887
vn -0.694018 -0.554600 0.459084
vn -0.683801 -0.728456 0.042048
vn -0.612719 -0.731901 -0.298154
vn -0.755854 -0.417508 0.504353
vn -0.793779 -0.571094 0.209203
vn -0.443641 -0.646202 -0.620972
vn -0.770438 -0.629947 -0.097941
vn -0.804669 -0.262539 0.532523
vn -0.518347 -0.555564 -0.650127
vn -0.853023 -0.512638 -0.097745
vn -0.678345 -0.569176 -0.464636
vn -0.889893 -0.409639 0.200716
vn -0.761657 -0.478096 -0.437381
vn -0.943600 -0.266526 0.196425
vn -0.825817 -0.090872 0.556568
vn -0.942263 -0.309478 -0.127922
vn -0.861133 -0.370329 -0.348292
vn -0.611738 -0.331134 -0.718420
vn -0.940507 -0.111218 0.321056
vn -0.993383 -0.113229 0.019194
vn -0.786026 -0.251690 -0.564638
vn -0.939628 -0.145726 -0.309618
vn -0.759712 -0.088589 -0.644197
vn 0.235784 -0.139400 0.961755
vn 0.362880 -0.147686 0.920058
vn 0.190691 -0.178123 0.965354
vn 0.173760 -0.232338 0.956988
vn 0.138564 -0.319529 0.937391
vn 0.113754 -0.515163 0.849510
vn -0.099911 -0.512389 0.852922
vn 0.006511 -0.571565 0.820531
vn -0.160628 -0.348491 0.923446
vn -0.274265 -0.166379 0.947152
vn -0.215289 -0.191965 0.957497
vn -0.232260 -0.231361 0.944737
vn -0.183254 -0.249260 0.950940
vn -0.390168 -0.180504 0.902877
vn -0.505624 -0.117770 0.854678
vn -0.550259 -0.009438 0.834941
vn 0.514508 -0.085829 0.853179
vn -0.297774 -0.273840 0.914517
vn -0.227098 -0.432399 0.872615
vn 0.212692 -0.363519 0.906982
vn 0.277493 -0.212868 0.936848
vn 0.381088 -0.331968 0.862884
vn 0.445925 -0.207640 0.870653
vn 0.508069 0.084800 0.857132
vn -0.504230 0.101294 0.857608
vn -0.285046 0.127558 0.949988
vn -0.157382 0.304726 0.939347
vn -0.149041 0.193161 0.969781
vn -0.177726 0.147043 0.973032
vn -0.126998 0.505346 0.853520
vn 0.124118 0.503255 0.855178
vn -0.000141 0.537688 0.843144
vn 0.148843 0.347611 0.925750
vn 0.173305 0.241400 0.954825
vn 0.194807 0.173941 0.965295
vn 0.284217 0.123561 0.950765
vn -0.268296 0.353740 0.896039
vn -0.402856 0.199233 0.893316
vn 0.230845 0.369982 0.899902
vn 0.391045 0.332254 0.858307
vn 0.415185 0.179829 0.891787
vn -0.235509 0.208243 0.949300
vn 0.275791 0.207177 0.938625
vn -0.999977 0.004294 -0.005203
vn -0.999363 -0.021031 -0.028817
vn -0.999338 0.030729 0.019459
vn -0.999976 0.005718 -0.003874
vn -0.008328 -0.999955 0.004435
vn -0.015641 -0.999749 0.016051
vn -0.999957 -0.009249 0.000353
vn -0.999745 -0.022489 0.002033
vn -0.925493 -0.378518 0.013679
vn -0.594883 -0.803659 0.015714
vn -0.201630 -0.979450 0.004900
vn -0.999864 -0.014213 0.008412
vn -0.965777 -0.259221 -0.008876
vn -0.681365 -0.731799 -0.014554
vn -0.228835 -0.973454 -0.004790
vn 0.000000 0.000000 1.000000
vn 0.000000 0.000000 1.000000
vn 0.000000 0.000000 1.000000
vn 0.000000 0.000000 1.000000
vn 0.000000 0.000000 1.000000
vn 0.000000 0.000000 1.000000
vn 0.000000 0.000000 1.000000
vn 0.000000 0.000000 1.000000
vn 0.000000 0.000000 1.000000
vn 0.000000 0.000000 1.000000
vn 0.000000 0.000000 1.000000
vn 0.000000 0.000000 1.000000
vn 0.000000 0.000000 1.000000
vn 0.000000 0.000000 1.000000
vn 0.000000 0.000000 1.000000
vn 0.000000 0.000000 1.000000
vn 0.000000 0.000000 1.000000
vn 0.000000 0.000000 1.000000
vn 0.000000 0.000000 1.000000
vn 0.000000 0.000000 1.000000
vn 0.000000 0.000000 1.000000
vn -0.303561 0.952810 0.001847
vn -0.030235 0.999523 -0.006288
vn -0.665155 0.746698 0.003177
vn -0.918331 0.395680 0.010266
vn -0.998576 0.053320 0.001679
vn -0.999944 0.007295 -0.007703
vn -0.073210 0.996506 -0.040205
vn -0.032026 0.999358 -0.016071
vn -0.250949 0.967994 -0.003534
vn -0.684866 0.728598 -0.010185
vn -0.961184 0.275749 -0.009382
vn -0.999909 0.013322 0.002267
vn -0.117441 0.993034 -0.009540
vn 0.088582 0.995767 -0.024522
vn -0.018858 0.999820 -0.002229
vn -0.044758 0.998746 0.022449
vn 0.015947 0.999758 0.015151
vn 0.999984 0.005317 0.001774
vn 0.999900 0.013949 0.002168
vn 0.162394 0.986725 -0.001655
vn 0.480894 0.876776 0.001965
vn 0.775062 0.631848 0.006789
vn 0.961022 0.276328 0.008937
vn -0.000132 0.999998 -0.001945
vn 0.004392 0.999990 -0.000284
vn 0.999933 0.008934 0.007331
vn 0.983359 0.181626 -0.004103
vn 0.828031 0.560600 -0.009565
vn 0.497147 0.867664 -0.002156
vn 0.153475 0.988150 0.002062
vn 0.003303 0.999995 0.000235
vn 0.996691 0.081278 -0.001361
vn 0.999964 -0.007195 -0.004445
vn 0.993163 -0.112082 -0.032645
vn 0.998916 0.042321 0.019377
vn 0.999847 -0.012841 0.011909
vn 0.011477 -0.999931 0.002677
vn 0.229916 -0.973201 0.004207
vn 0.989778 -0.142440 0.007123
vn 0.857445 -0.514275 0.017572
vn 0.569622 -0.821831 0.011200
vn 0.999983 -0.002079 -0.005414
vn 0.016402 -0.999809 0.010611
vn 0.255867 -0.966688 -0.006750
vn 0.707501 -0.706474 -0.018348
vn 0.968110 -0.250289 -0.010857
vn 0.999922 -0.010181 0.007245
vn 0.144852 -0.989100 -0.026429
vn -0.095301 -0.995140 -0.024767
vn 0.026175 -0.999617 -0.008964
vn 0.054851 -0.998359 0.016479
vn -0.016350 -0.999741 0.015803
f 1463//1463 1466//1466 1465//1465
f 1463//1463 1465//1465 1464//1464
f 1463//1463 1467//1467 1466//1466
f 1472//1472 1467//1467 1463//1463
f 1472//1472 1468//1468 1467//1467
f 1472//1472 1471//1471 1470//1470
f 1472//1472 1469//1469 1468//1468
f 1472//1472 1470//1470 1469//1469
f 1472//1472 1463//1463 1473//1473
f 1497//1497 1496//1496 1475//1475
f 1497//1497 1475//1475 1476//1476
f 1498//1498 1497//1497 1476//1476
f 1477//1477 1499//1499 1498//1498
f 1500//1500 1499//1499 1477//1477
f 1500//1500 1477//1477 1478//1478
f 1504//1504 1503//1503 1479//1479
f 1502//1502 1501//1501 1478//1478
f 1502//1502 1478//1478 1479//1479
f 1503//1503 1502//1502 1479//1479
f 1475//1475 1485//1485 1474//1474
f 1504//1504 1479//1479 1480//1480
f 1480//1480 1486//1486 1504//1504
f 1501//1501 1500//1500 1478//1478
f 1475//1475 1496//1496 1485//1485
f 1498//1498 1476//1476 1477//1477
f 1474//1474 1485//1485 1495//1495
f 1474//1474 1495//1495 1484//1484
f 1487//1487 1486//1486 1480//1480
f 1487//1487 1480//1480 1481//1481
f 1488//1488 1487//1487 1481//1481
f 1489//1489 1488//1488 1481//1481
f 1490//1490 1489//1489 1482//1482
f 1491//1491 1490//1490 1482//1482
f 1489//1489 1481//1481 1482//1482
f 1492//1492 1491//1491 1483//1483
f 1493//1493 1492//1492 1483//1483
f 1493//1493 1483//1483 1484//1484
f 1494//1494 1493//1493 1484//1484
f 1484//1484 1495//1495 1494//1494
f 1491//1491 1482//1482 1483//1483
f 1510//1510 1511//1511 1536//1536
f 1507//1507 1508//1508 1538//1538
f 1508//1508 1509//1509 1538//1538
f 1509//1509 1537//1537 1538//1538
f 1509//1509 1510//1510 1536//1536
f 1509//1509 1536//1536 1537//1537
f 1511//1511 1535//1535 1536//1536
f 1505//1505 1525//1525 1533//1533
f 1512//1512 1534//1534 1535//1535
f 1512//1512 1513//1513 1534//1534
f 1513//1513 1514//1514 1534//1534
f 1514//1514 1533//1533 1534//1534
f 1514//1514 1515//1515 1533//1533
f 1515//1515 1505//1505 1533//1533
f 1507//1507 1538//1538 1539//1539
f 1511//1511 1512//1512 1535//1535
f 1506//1506 1507//1507 1539//1539
f 1524//1524 1539//1539 1526//1526
f 1505//1505 1516//1516 1532//1532
f 1524//1524 1506//1506 1539//1539
f 1523//1523 1524//1524 1526//1526
f 1523//1523 1526//1526 1527//1527
f 1522//1522 1523//1523 1527//1527
f 1505//1505 1532//1532 1525//1525
f 1521//1521 1522//1522 1528//1528
f 1520//1520 1528//1528 1529//1529
f 1522//1522 1527//1527 1528//1528
f 1520//1520 1529//1529 1530//1530
f 1519//1519 1520//1520 1530//1530
f 1518//1518 1530//1530 1531//1531
f 1518//1518 1519//1519 1530//1530
f 1517//1517 1518//1518 1531//1531
f 1517//1517 1531//1531 1532//1532
f 1516//1516 1517//1517 1532//1532
f 1520//1520 1521//1521 1528//1528
f 1545//1545 1555//1555 1568//1568
f 1546//1546 1568//1568 1567//1567
f 1546//1546 1567//1567 1547//1547
f 1547//1547 1567//1567 1566//1566
f 1546//1546 1545//1545 1568//1568
f 1547//1547 1566//1566 1540//1540
f 1560//1560 1553//1553 1561//1561
f 1540//1540 1566//1566 1565//1565
f 1561//1561 1553//1553 1552//1552
f 1562//1562 1561//1561 1552//1552
f 1559//1559 1553//1553 1560//1560
f 1545//1545 1544//1544 1555//1555
f 1562//1562 1552//1552 1551//1551
f 1558//1558 1554//1554 1559//1559
f 1562//1562 1551//1551 1550//1550
f 1563//1563 1562//1562 1550//1550
f 1558//1558 1541//1541 1554//1554
f 1563//1563 1550//1550 1549//1549
f 1559//1559 1554//1554 1553//1553
f 1557//1557 1542//1542 1541//1541
f 1564//1564 1563//1563 1549//1549
f 1548//1548 1564//1564 1549//1549
f 1556//1556 1542//1542 1557//1557
f 1543//1543 1542//1542 1556//1556
f 1548//1548 1565//1565 1564//1564
f 1540//1540 1565//1565 1548//1548
f 1543//1543 1556//1556 1555//1555
f 1544//1544 1543//1543 1555//1555
f 1557//1557 1541//1541 1558//1558
f 1581//1581 1591//1591 1592//1592
f 1581//1581 1582//1582 1591//1591
f 1580//1580 1581//1581 1592//1592
f 1580//1580 1592//1592 1593//1593
f 1579//1579 1580//1580 1593//1593
f 1576//1576 1577//1577 1596//1596
f 1578//1578 1594//1594 1595//1595
f 1577//1577 1578//1578 1595//1595
f 1577//1577 1595//1595 1596//1596
f 1576//1576 1596//1596 1583//1583
f 1582//1582 1590//1590 1591//1591
f 1578//1578 1579//1579 1594//1594
f 1582//1582 1569//1569 1590//1590
f 1579//1579 1593//1593 1594//1594
f 1570//1570 1589//1589 1590//1590
f 1569//1569 1570//1570 1590//1590
f 1575//1575 1583//1583 1584//1584
f 1574//1574 1575//1575 1584//1584
f 1574//1574 1584//1584 1585//1585
f 1573//1573 1574//1574 1585//1585
f 1573//1573 1585//1585 1586//1586
f 1575//1575 1576//1576 1583//1583
f 1572//1572 1573//1573 1586//1586
f 1570//1570 1571//1571 1588//1588
f 1571//1571 1572//1572 1588//1588
f 1570//1570 1588//1588 1589//1589
f 1572//1572 1586//1586 1587//1587
f 1572//1572 1587//1587 1588//1588
f 1786//1786 1784//1784 1778//1778
f 1793//1793 1784//1784 1786//1786
f 1792//1792 1787//1787 1789//1789
f 1791//1791 1785//1785 1784//1784
f 1794//1794 1788//1788 1787//1787
f 1790//1790 1786//1786 1788//1788
f 1788//1788 1782//1782 1787//1787
f 1614//1614 1783//1783 1785//1785
f 1789//1789 1787//1787 1781//1781
f 1788//1788 1786//1786 1782//1782
f 1789//1789 1781//1781 1739//1739
f 1787//1787 1782//1782 1781//1781
f 1783//1783 1614//1614 1615//1615
f 1783//1783 1774//1774 1780//1780
f 1786//1786 1778//1778 1782//1782
f 1785//1785 1783//1783 1780//1780
f 1784//1784 1779//1779 1778//1778
f 1784//1784 1780//1780 1779//1779
f 1739//1739 1781//1781 1738//1738
f 1790//1790 1793//1793 1786//1786
f 1782//1782 1775//1775 1781//1781
f 1783//1783 1615//1615 1774//1774
f 1779//1779 1780//1780 1777//1777
f 1782//1782 1778//1778 1775//1775
f 1781//1781 1737//1737 1738//1738
f 1781//1781 1775//1775 1737//1737
f 1785//1785 1780//1780 1784//1784
f 1791//1791 1614//1614 1785//1785
f 1796//1796 1789//1789 1740//1740
f 1794//1794 1787//1787 1792//1792
f 1804//1804 1798//1798 1806//1806
f 1806//1806 1798//1798 1802//1802
f 1807//1807 1800//1800 1799//1799
f 1805//1805 1802//1802 1800//1800
f 1804//1804 1801//1801 1798//1798
f 1803//1803 1799//1799 1741//1741
f 1801//1801 1613//1613 1795//1795
f 1802//1802 1798//1798 1797//1797
f 1800//1800 1796//1796 1799//1799
f 1801//1801 1793//1793 1798//1798
f 1799//1799 1740//1740 1741//1741
f 1802//1802 1797//1797 1800//1800
f 1800//1800 1797//1797 1792//1792
f 1801//1801 1795//1795 1793//1793
f 1798//1798 1794//1794 1797//1797
f 1800//1800 1792//1792 1796//1796
f 1799//1799 1796//1796 1740//1740
f 1795//1795 1614//1614 1791//1791
f 1795//1795 1613//1613 1614//1614
f 1798//1798 1793//1793 1790//1790
f 1798//1798 1790//1790 1794//1794
f 1797//1797 1794//1794 1792//1792
f 1796//1796 1792//1792 1789//1789
f 1778//1778 1779//1779 1776//1776
f 1795//1795 1791//1791 1793//1793
f 1790//1790 1788//1788 1794//1794
f 1740//1740 1789//1789 1739//1739
f 1791//1791 1784//1784 1793//1793
f 1615//1615 1773//1773 1774//1774
f 1777//1777 1771//1771 1776//1776
f 1779//1779 1777//1777 1776//1776
f 1762//1762 1757//1757 1761//1761
f 1763//1763 1759//1759 1756//1756
f 1762//1762 1760//1760 1757//1757
f 1764//1764 1761//1761 1759//1759
f 1758//1758 1616//1616 1617//1617
f 1763//1763 1756//1756 1734//1734
f 1759//1759 1761//1761 1752//1752
f 1761//1761 1757//1757 1755//1755
f 1760//1760 1758//1758 1753//1753
f 1761//1761 1755//1755 1752//1752
f 1760//1760 1753//1753 1757//1757
f 1758//1758 1617//1617 1750//1750
f 1763//1763 1734//1734 1735//1735
f 1759//1759 1752//1752 1756//1756
f 1757//1757 1754//1754 1755//1755
f 1758//1758 1751//1751 1753//1753
f 1757//1757 1753//1753 1754//1754
f 1734//1734 1756//1756 1733//1733
f 1756//1756 1752//1752 1733//1733
f 1754//1754 1753//1753 1747//1747
f 1755//1755 1754//1754 1745//1745
f 1755//1755 1749//1749 1752//1752
f 1751//1751 1748//1748 1753//1753
f 1750//1750 1617//1617 1641//1641
f 1755//1755 1745//1745 1749//1749
f 1807//1807 1799//1799 1803//1803
f 1758//1758 1750//1750 1751//1751
f 1765//1765 1758//1758 1760//1760
f 1766//1766 1764//1764 1759//1759
f 1763//1763 1766//1766 1759//1759
f 1778//1778 1776//1776 1775//1775
f 1775//1775 1776//1776 1768//1768
f 1777//1777 1774//1774 1769//1769
f 1615//1615 1772//1772 1773//1773
f 1773//1773 1772//1772 1767//1767
f 1775//1775 1768//1768 1736//1736
f 1774//1774 1773//1773 1770//1770
f 1777//1777 1769//1769 1771//1771
f 1776//1776 1771//1771 1768//1768
f 1775//1775 1736//1736 1737//1737
f 1774//1774 1770//1770 1769//1769
f 1773//1773 1767//1767 1770//1770
f 1772//1772 1765//1765 1767//1767
f 1771//1771 1769//1769 1766//1766
f 1736//1736 1768//1768 1735//1735
f 1770//1770 1764//1764 1769//1769
f 1765//1765 1772//1772 1616//1616
f 1771//1771 1766//1766 1768//1768
f 1765//1765 1762//1762 1767//1767
f 1770//1770 1767//1767 1764//1764
f 1768//1768 1766//1766 1763//1763
f 1769//1769 1764//1764 1766//1766
f 1767//1767 1761//1761 1764//1764
f 1768//1768 1763//1763 1735//1735
f 1765//1765 1760//1760 1762//1762
f 1767//1767 1762//1762 1761//1761
f 1765//1765 1616//1616 1758//1758
f 1780//1780 1774//1774 1777//1777
f 1742//1742 1803//1803 1741//1741
f 1838//1838 1822//1822 1823//1823
f 1804//1804 1613//1613 1801//1801
f 1848//1848 1673//1673 1630//1630
f 1855//1855 1630//1630 1662//1662
f 1855//1855 1662//1662 1629//1629
f 1631//1631 1850//1850 1849//1849
f 1842//1842 1835//1835 1637//1637
f 1848//1848 1631//1631 1673//1673
f 1834//1834 1843//1843 1649//1649
f 1843//1843 1628//1628 1649//1649
f 1850//1850 1631//1631 1848//1848
f 1637//1637 1835//1835 1640//1640
f 1640//1640 1835//1835 1731//1731
f 1835//1835 1841//1841 1731//1731
f 1856//1856 1629//1629 1628//1628
f 1731//1731 1841//1841 1732//1732
f 1841//1841 1840//1840 1732//1732
f 1840//1840 1733//1733 1732//1732
f 1841//1841 1820//1820 1839//1839
f 1841//1841 1839//1839 1840//1840
f 1839//1839 1838//1838 1840//1840
f 1840//1840 1734//1734 1733//1733
f 1840//1840 1838//1838 1734//1734
f 1838//1838 1824//1824 1734//1734
f 1839//1839 1822//1822 1838//1838
f 1734//1734 1824//1824 1735//1735
f 1754//1754 1747//1747 1745//1745
f 1838//1838 1823//1823 1824//1824
f 1835//1835 1820//1820 1841//1841
f 1842//1842 1637//1637 1636//1636
f 1849//1849 1632//1632 1631//1631
f 1848//1848 1630//1630 1855//1855
f 1854//1854 1861//1861 1853//1853
f 1854//1854 1859//1859 1861//1861
f 1854//1854 1842//1842 1859//1859
f 1861//1861 1852//1852 1853//1853
f 1861//1861 1857//1857 1852//1852
f 1857//1857 1851//1851 1852//1852
f 1859//1859 1858//1858 1861//1861
f 1860//1860 1844//1844 1847//1847
f 1860//1860 1847//1847 1846//1846
f 1861//1861 1858//1858 1857//1857
f 1860//1860 1846//1846 1845//1845
f 1860//1860 1845//1845 1855//1855
f 1842//1842 1636//1636 1859//1859
f 1851//1851 1857//1857 1849//1849
f 1860//1860 1855//1855 1856//1856
f 1860//1860 1856//1856 1844//1844
f 1859//1859 1635//1635 1858//1858
f 1859//1859 1636//1636 1635//1635
f 1845//1845 1848//1848 1855//1855
f 1858//1858 1633//1633 1857//1857
f 1856//1856 1843//1843 1844//1844
f 1857//1857 1632//1632 1849//1849
f 1858//1858 1635//1635 1634//1634
f 1858//1858 1634//1634 1633//1633
f 1856//1856 1855//1855 1629//1629
f 1857//1857 1633//1633 1632//1632
f 1856//1856 1628//1628 1843//1843
f 1839//1839 1821//1821 1822//1822
f 1839//1839 1819//1819 1821//1821
f 1839//1839 1820//1820 1819//1819
f 1826//1826 1735//1735 1824//1824
f 1815//1815 1648//1648 1647//1647
f 1817//1817 1811//1811 1815//1815
f 1817//1817 1812//1812 1811//1811
f 1813//1813 1611//1611 1612//1612
f 1816//1816 1813//1813 1808//1808
f 1815//1815 1814//1814 1648//1648
f 1815//1815 1811//1811 1809//1809
f 1816//1816 1808//1808 1812//1812
f 1814//1814 1650//1650 1648//1648
f 1815//1815 1809//1809 1814//1814
f 1814//1814 1810//1810 1650//1650
f 1813//1813 1806//1806 1808//1808
f 1612//1612 1804//1804 1813//1813
f 1811//1811 1812//1812 1805//1805
f 1809//1809 1811//1811 1807//1807
f 1814//1814 1809//1809 1803//1803
f 1814//1814 1803//1803 1810//1810
f 1813//1813 1804//1804 1806//1806
f 1810//1810 1649//1649 1650//1650
f 1812//1812 1808//1808 1805//1805
f 1811//1811 1805//1805 1807//1807
f 1810//1810 1742//1742 1649//1649
f 1810//1810 1803//1803 1742//1742
f 1805//1805 1808//1808 1802//1802
f 1809//1809 1807//1807 1803//1803
f 1808//1808 1806//1806 1802//1802
f 1807//1807 1805//1805 1800//1800
f 1817//1817 1816//1816 1812//1812
f 1804//1804 1612//1612 1613//1613
f 1817//1817 1815//1815 1647//1647
f 1817//1817 1647//1647 1646//1646
f 1826//1826 1736//1736 1735//1735
f 1825//1825 1837//1837 1738//1738
f 1825//1825 1738//1738 1737//1737
f 1827//1827 1837//1837 1825//1825
f 1827//1827 1831//1831 1836//1836
f 1827//1827 1836//1836 1837//1837
f 1831//1831 1830//1830 1829//1829
f 1831//1831 1829//1829 1836//1836
f 1837//1837 1739//1739 1738//1738
f 1829//1829 1828//1828 1836//1836
f 1837//1837 1836//1836 1739//1739
f 1836//1836 1828//1828 1832//1832
f 1836//1836 1740//1740 1739//1739
f 1836//1836 1832//1832 1741//1741
f 1836//1836 1741//1741 1740//1740
f 1741//1741 1832//1832 1833//1833
f 1736//1736 1826//1826 1737//1737
f 1826//1826 1825//1825 1737//1737
f 1833//1833 1834//1834 1742//1742
f 1833//1833 1742//1742 1741//1741
f 1742//1742 1834//1834 1649//1649
f 1611//1611 1818//1818 1644//1644
f 1818//1818 1645//1645 1644//1644
f 1818//1818 1817//1817 1645//1645
f 1818//1818 1611//1611 1816//1816
f 1645//1645 1817//1817 1646//1646
f 1818//1818 1816//1816 1817//1817
f 1611//1611 1813//1813 1816//1816
f 1751//1751 1746//1746 1748//1748
f 1729//1729 1726//1726 1638//1638
f 1753//1753 1748//1748 1747//1747
f 1750//1750 1746//1746 1751//1751
f 1677//1677 1671//1671 1670//1670
f 1674//1674 1672//1672 1667//1667
f 1626//1626 1668//1668 1669//1669
f 1676//1676 1630//1630 1673//1673
f 1676//1676 1667//1667 1630//1630
f 1675//1675 1670//1670 1672//1672
f 1626//1626 1627//1627 1668//1668
f 1672//1672 1670//1670 1666//1666
f 1671//1671 1665//1665 1670//1670
f 1671//1671 1669//1669 1665//1665
f 1672//1672 1666//1666 1667//1667
f 1676//1676 1674//1674 1667//1667
f 1668//1668 1664//1664 1669//1669
f 1670//1670 1665//1665 1666//1666
f 1630//1630 1667//1667 1662//1662
f 1666//1666 1665//1665 1661//1661
f 1627//1627 1663//1663 1668//1668
f 1668//1668 1663//1663 1664//1664
f 1667//1667 1666//1666 1659//1659
f 1667//1667 1659//1659 1662//1662
f 1663//1663 1627//1627 1644//1644
f 1664//1664 1663//1663 1660//1660
f 1666//1666 1661//1661 1659//1659
f 1665//1665 1664//1664 1660//1660
f 1665//1665 1658//1658 1661//1661
f 1669//1669 1664//1664 1665//1665
f 1678//1678 1626//1626 1669//1669
f 1677//1677 1678//1678 1669//1669
f 1625//1625 1626//1626 1678//1678
f 1689//1689 1684//1684 1688//1688
f 1692//1692 1683//1683 1631//1631
f 1690//1690 1687//1687 1680//1680
f 1691//1691 1685//1685 1687//1687
f 1690//1690 1680//1680 1686//1686
f 1689//1689 1686//1686 1684//1684
f 1688//1688 1684//1684 1683//1683
f 1687//1687 1685//1685 1682//1682
f 1686//1686 1681//1681 1684//1684
f 1687//1687 1682//1682 1680//1680
f 1686//1686 1680//1680 1681//1681
f 1625//1625 1678//1678 1685//1685
f 1684//1684 1679//1679 1683//1683
f 1685//1685 1677//1677 1682//1682
f 1685//1685 1678//1678 1677//1677
f 1680//1680 1682//1682 1675//1675
f 1684//1684 1681//1681 1676//1676
f 1684//1684 1676//1676 1679//1679
f 1683//1683 1673//1673 1631//1631
f 1683//1683 1679//1679 1673//1673
f 1682//1682 1677//1677 1675//1675
f 1681//1681 1680//1680 1674//1674
f 1681//1681 1674//1674 1676//1676
f 1676//1676 1673//1673 1679//1679
f 1680//1680 1675//1675 1672//1672
f 1677//1677 1670//1670 1675//1675
f 1680//1680 1672//1672 1674//1674
f 1663//1663 1657//1657 1660//1660
f 1691//1691 1625//1625 1685//1685
f 1665//1665 1660//1660 1658//1658
f 1663//1663 1644//1644 1657//1657
f 1617//1617 1608//1608 1607//1607
f 1617//1617 1607//1607 1618//1618
f 1614//1614 1597//1597 1610//1610
f 1618//1618 1607//1607 1606//1606
f 1614//1614 1613//1613 1597//1597
f 1618//1618 1606//1606 1619//1619
f 1619//1619 1606//1606 1620//1620
f 1613//1613 1598//1598 1597//1597
f 1613//1613 1612//1612 1598//1598
f 1620//1620 1606//1606 1605//1605
f 1605//1605 1621//1621 1620//1620
f 1598//1598 1612//1612 1599//1599
f 1615//1615 1614//1614 1610//1610
f 1599//1599 1612//1612 1611//1611
f 1605//1605 1604//1604 1622//1622
f 1599//1599 1611//1611 1600//1600
f 1604//1604 1623//1623 1622//1622
f 1600//1600 1611//1611 1627//1627
f 1604//1604 1603//1603 1623//1623
f 1603//1603 1624//1624 1623//1623
f 1600//1600 1627//1627 1601//1601
f 1601//1601 1627//1627 1626//1626
f 1603//1603 1625//1625 1624//1624
f 1603//1603 1602//1602 1625//1625
f 1601//1601 1626//1626 1602//1602
f 1602//1602 1626//1626 1625//1625
f 1605//1605 1622//1622 1621//1621
f 1772//1772 1615//1615 1610//1610
f 1772//1772 1610//1610 1609//1609
f 1616//1616 1608//1608 1617//1617
f 1659//1659 1629//1629 1662//1662
f 1660//1660 1656//1656 1658//1658
f 1661//1661 1658//1658 1655//1655
f 1660//1660 1657//1657 1656//1656
f 1658//1658 1656//1656 1654//1654
f 1658//1658 1653//1653 1655//1655
f 1644//1644 1645//1645 1657//1657
f 1659//1659 1655//1655 1629//1629
f 1657//1657 1645//1645 1646//1646
f 1658//1658 1654//1654 1653//1653
f 1657//1657 1646//1646 1647//1647
f 1655//1655 1628//1628 1629//1629
f 1657//1657 1647//1647 1656//1656
f 1655//1655 1653//1653 1628//1628
f 1656//1656 1652//1652 1654//1654
f 1656//1656 1647//1647 1652//1652
f 1653//1653 1654//1654 1651//1651
f 1654//1654 1652//1652 1651//1651
f 1647//1647 1648//1648 1652//1652
f 1652//1652 1650//1650 1651//1651
f 1653//1653 1651//1651 1628//1628
f 1652//1652 1648//1648 1650//1650
f 1651//1651 1650//1650 1649//1649
f 1651//1651 1649//1649 1628//1628
f 1627//1627 1611//1611 1644//1644
f 1616//1616 1772//1772 1609//1609
f 1616//1616 1609//1609 1608//1608
f 1661//1661 1655//1655 1659//1659
f 1691//1691 1624//1624 1625//1625
f 1677//1677 1669//1669 1671//1671
f 1694//1694 1686//1686 1689//1689
f 1726//1726 1639//1639 1638//1638
f 1619//1619 1620//1620 1727//1727
f 1639//1639 1726//1726 1721//1721
f 1727//1727 1723//1723 1724//1724
f 1728//1728 1724//1724 1720//1720
f 1728//1728 1720//1720 1725//1725
f 1725//1725 1719//1719 1726//1726
f 1639//1639 1721//1721 1637//1637
f 1727//1727 1620//1620 1723//1723
f 1724//1724 1723//1723 1722//1722
f 1725//1725 1720//1720 1719//1719
f 1726//1726 1719//1719 1721//1721
f 1729//1729 1725//1725 1726//1726
f 1620//1620 1718//1718 1723//1723
f 1724//1724 1722//1722 1720//1720
f 1723//1723 1718//1718 1717//1717
f 1620//1620 1716//1716 1718//1718
f 1723//1723 1717//1717 1722//1722
f 1719//1719 1720//1720 1715//1715
f 1637//1637 1721//1721 1636//1636
f 1722//1722 1717//1717 1714//1714
f 1716//1716 1620//1620 1621//1621
f 1720//1720 1722//1722 1714//1714
f 1721//1721 1719//1719 1635//1635
f 1718//1718 1712//1712 1717//1717
f 1720//1720 1714//1714 1713//1713
f 1637//1637 1640//1640 1639//1639
f 1729//1729 1728//1728 1725//1725
f 1730//1730 1727//1727 1724//1724
f 1693//1693 1691//1691 1687//1687
f 1752//1752 1749//1749 1733//1733
f 1641//1641 1617//1617 1618//1618
f 1750//1750 1641//1641 1642//1642
f 1750//1750 1642//1642 1746//1746
f 1749//1749 1732//1732 1733//1733
f 1749//1749 1745//1745 1732//1732
f 1748//1748 1744//1744 1747//1747
f 1746//1746 1744//1744 1748//1748
f 1746//1746 1643//1643 1744//1744
f 1747//1747 1744//1744 1745//1745
f 1746//1746 1642//1642 1643//1643
f 1744//1744 1643//1643 1638//1638
f 1745//1745 1743//1743 1732//1732
f 1745//1745 1744//1744 1743//1743
f 1732//1732 1743//1743 1731//1731
f 1744//1744 1638//1638 1639//1639
f 1744//1744 1639//1639 1743//1743
f 1743//1743 1640//1640 1731//1731
f 1743//1743 1639//1639 1640//1640
f 1618//1618 1730//1730 1641//1641
f 1730//1730 1642//1642 1641//1641
f 1642//1642 1730//1730 1729//1729
f 1730//1730 1728//1728 1729//1729
f 1729//1729 1643//1643 1642//1642
f 1730//1730 1619//1619 1727//1727
f 1730//1730 1618//1618 1619//1619
f 1729//1729 1638//1638 1643//1643
f 1721//1721 1635//1635 1636//1636
f 1720//1720 1713//1713 1715//1715
f 1730//1730 1724//1724 1728//1728
f 1718//1718 1716//1716 1712//1712
f 1704//1704 1705//1705 1698//1698
f 1706//1706 1623//1623 1699//1699
f 1706//1706 1696//1696 1701//1701
f 1704//1704 1698//1698 1700//1700
f 1703//1703 1697//1697 1633//1633
f 1701//1701 1695//1695 1702//1702
f 1698//1698 1702//1702 1695//1695
f 1633//1633 1697//1697 1632//1632
f 1701//1701 1696//1696 1695//1695
f 1623//1623 1693//1693 1699//1699
f 1700//1700 1698//1698 1692//1692
f 1696//1696 1699//1699 1690//1690
f 1700//1700 1692//1692 1697//1697
f 1695//1695 1696//1696 1694//1694
f 1695//1695 1688//1688 1698//1698
f 1699//1699 1693//1693 1690//1690
f 1696//1696 1690//1690 1694//1694
f 1693//1693 1623//1623 1624//1624
f 1693//1693 1624//1624 1691//1691
f 1695//1695 1694//1694 1689//1689
f 1698//1698 1688//1688 1692//1692
f 1697//1697 1692//1692 1632//1632
f 1695//1695 1689//1689 1688//1688
f 1632//1632 1692//1692 1631//1631
f 1693//1693 1687//1687 1690//1690
f 1694//1694 1690//1690 1686//1686
f 1692//1692 1688//1688 1683//1683
f 1706//1706 1699//1699 1696//1696
f 1719//1719 1715//1715 1635//1635
f 1705//1705 1702//1702 1698//1698
f 1621//1621 1622//1622 1708//1708
f 1715//1715 1713//1713 1707//1707
f 1716//1716 1711//1711 1712//1712
f 1717//1717 1712//1712 1714//1714
f 1716//1716 1621//1621 1711//1711
f 1714//1714 1710//1710 1713//1713
f 1715//1715 1707//1707 1634//1634
f 1714//1714 1712//1712 1710//1710
f 1712//1712 1711//1711 1709//1709
f 1621//1621 1708//1708 1711//1711
f 1712//1712 1709//1709 1710//1710
f 1713//1713 1710//1710 1707//1707
f 1703//1703 1700//1700 1697//1697
f 1710//1710 1709//1709 1704//1704
f 1715//1715 1634//1634 1635//1635
f 1622//1622 1706//1706 1708//1708
f 1710//1710 1703//1703 1707//1707
f 1711//1711 1702//1702 1709//1709
f 1710//1710 1704//1704 1703//1703
f 1707//1707 1633//1633 1634//1634
f 1709//1709 1702//1702 1705//1705
f 1709//1709 1705//1705 1704//1704
f 1708//1708 1701//1701 1702//1702
f 1708//1708 1706//1706 1701//1701
f 1704//1704 1700//1700 1703//1703
f 1707//1707 1703//1703 1633//1633
f 1706//1706 1622//1622 1623//1623
f 1711//1711 1708//1708 1702//1702
f 1865//1865 1862//1862 1863//1863
f 1864//1864 1862//1862 1865//1865
f 1874//1874 1870//1870 1869//1869
f 1875//1875 1876//1876 1871//1871
f 1876//1876 1872//1872 1871//1871
f 1874//1874 1868//1868 1873//1873
f 1874//1874 1869//1869 1868//1868
f 1874//1874 1875//1875 1870//1870
f 1875//1875 1871//1871 1870//1870
f 1876//1876 1866//1866 1872//1872
f 1867//1867 1866//1866 1876//1876
f 1885//1885 1884//1884 1881//1881
f 1879//1879 1877//1877 1878//1878
f 1897//1897 1879//1879 1878//1878
f 1884//1884 1883//1883 1881//1881
f 1893//1893 1892//1892 1894//1894
f 1894//1894 1892//1892 1895//1895
f 1889//1889 1887//1887 1890//1890
f 1889//1889 1888//1888 1887//1887
f 1881//1881 1883//1883 1882//1882
f 1890//1890 1886//1886 1891//1891
f 1891//1891 1885//1885 1880//1880
f 1891//1891 1880//1880 1896//1896
f 1885//1885 1881//1881 1880//1880
f 1891//1891 1886//1886 1885//1885
f 1896//1896 1880//1880 1879//1879
f 1896//1896 1879//1879 1897//1897
f 1890//1890 1887//1887 1886//1886
f 1892//1892 1896//1896 1895//1895
f 1892//1892 1891//1891 1896//1896
f 1907//1907 1901//1901 1900//1900
f 1905//1905 1899//1899 1904//1904
f 1906//1906 1898//1898 1899//1899
f 1906//1906 1899//1899 1905//1905
f 1907//1907 1908//1908 1901//1901
f 1908//1908 1902//1902 1901//1901
f 1908//1908 1903//1903 1902//1902
f 1906//1906 1907//1907 1898//1898
f 1907//1907 1900//1900 1898//1898
f 1909//1909 1903//1903 1908//1908
f 1914//1914 1912//1912 1913//1913
f 1913//1913 1912//1912 1910//1910
f 1914//1914 1911//1911 1912//1912
f 1928//1928 1922//1922 1921//1921
f 1928//1928 1921//1921 1927//1927
f 1924//1924 1925//1925 1920//1920
f 1925//1925 1919//1919 1920//1920
f 1924//1924 1916//1916 1915//1915
f 1924//1924 1920//1920 1916//1916
f 1926//1926 1917//1917 1918//1918
f 1926//1926 1927//1927 1917//1917
f 1926//1926 1918//1918 1919//1919
f 1927//1927 1921//1921 1917//1917
f 1924//1924 1915//1915 1923//1923
f 1925//1925 1926//1926 1919//1919
f 1933//1933 1931//1931 1930//1930
f 1933//1933 1930//1930 1932//1932
f 1932//1932 1930//1930 1929//1929
f 1942//1942 1943//1943 1937//1937
f 1942//1942 1937//1937 1938//1938
f 1941//1941 1942//1942 1938//1938
f 1941//1941 1934//1934 1940//1940
f 1943//1943 1939//1939 1936//1936
f 1944//1944 1939//1939 1943//1943
f 1941//1941 1935//1935 1934//1934
f 1943//1943 1936//1936 1937//1937
f 1941//1941 1938//1938 1935//1935
f 1948//1948 1947//1947 1945//1945
f 1949//1949 1947//1947 1948//1948
f 1949//1949 1946//1946 1947//1947
v 0.0217855 -0.0117136 -0.0105000
v 0.0215737 -0.0113788 -0.0105000
v 0.0212398 -0.0112038 -0.0105001
v 0.0208809 -0.0112257 -0.0105001
v 0.0205857 -0.0114183 -0.0105000
v 0.0204145 -0.0117136 -0.0105001
v 0.0204235 -0.0121115 -0.0105000
v 0.0206395 -0.0124458 -0.0105001
v 0.0210774 -0.0126108 -0.0105001
v 0.0215173 -0.0124743 -0.0105001
v 0.0217765 -0.0121116 -0.0105000
v 0.0217855 -0.0117136 -0.0105000
v 0.0215737 -0.0113788 -0.0105000
v 0.0212398 -0.0112038 -0.0105001
v 0.0208809 -0.0112257 -0.0105001
v 0.0205857 -0.0114183 -0.0105000
v 0.0204145 -0.0117136 -0.0105001
v 0.0204235 -0.0121115 -0.0105000
v 0.0206395 -0.0124458 -0.0105001
v 0.0210774 -0.0126108 -0.0105001
v 0.0215173 -0.0124743 -0.0105001
v 0.0217765 -0.0121116 -0.0105000
v 0.0219524 -0.0118607 -0.0103496
v 0.0202482 -0.0119676 -0.0103508
v 0.0203128 -0.0122260 -0.0103503
v 0.0204827 -0.0124951 -0.0103499
v 0.0207562 -0.0126808 -0.0103500
v 0.0210112 -0.0127480 -0.0103505
v 0.0212286 -0.0127419 -0.0103494
v 0.0215032 -0.0126568 -0.0103499
v 0.0217479 -0.0124534 -0.0103503
v 0.0219050 -0.0121957 -0.0103480
v 0.0218724 -0.0115276 -0.0103501
v 0.0216537 -0.0112493 -0.0103501
v 0.0214090 -0.0111048 -0.0103500
v 0.0211779 -0.0110514 -0.0103496
v 0.0209192 -0.0110662 -0.0103500
v 0.0206114 -0.0111954 -0.0103501
v 0.0203707 -0.0114549 -0.0103501
v 0.0202741 -0.0116902 -0.0103496
v 0.0219524 -0.0118607 -0.0103496
v 0.0202482 -0.0119676 -0.0103508
v 0.0203128 -0.0122260 -0.0103503
v 0.0204827 -0.0124951 -0.0103499
v 0.0207562 -0.0126808 -0.0103500
v 0.0210112 -0.0127480 -0.0103505
v 0.0212286 -0.0127419 -0.0103494
v 0.0215032 -0.0126568 -0.0103499
v 0.0217479 -0.0124534 -0.0103503
v 0.0219050 -0.0121957 -0.0103480
v 0.0218724 -0.0115276 -0.0103501
v 0.0216537 -0.0112493 -0.0103501
v 0.0214090 -0.0111048 -0.0103500
v 0.0211779 -0.0110514 -0.0103496
v 0.0209192 -0.0110662 -0.0103500
v 0.0206114 -0.0111954 -0.0103501
v 0.0203707 -0.0114549 -0.0103501
v 0.0202741 -0.0116902 -0.0103496
v 0.0219403 -0.0120671 -0.0065000
v 0.0202483 -0.0118230 -0.0065000
v 0.0203673 -0.0114510 -0.0065000
v 0.0206257 -0.0111901 -0.0065000
v 0.0209329 -0.0110597 -0.0065000
v 0.0213662 -0.0110808 -0.0065000
v 0.0217042 -0.0112958 -0.0065000
v 0.0219193 -0.0116338 -0.0065000
v 0.0217742 -0.0124314 -0.0065000
v 0.0214587 -0.0126780 -0.0065000
v 0.0211335 -0.0127531 -0.0065000
v 0.0208686 -0.0127207 -0.0065000
v 0.0206056 -0.0125977 -0.0065000
v 0.0203901 -0.0123743 -0.0065000
v 0.0202764 -0.0121225 -0.0065000
v 0.0219403 -0.0120671 -0.0065000
v 0.0202483 -0.0118230 -0.0065000
v 0.0203673 -0.0114510 -0.0065000
v 0.0206257 -0.0111901 -0.0065000
v 0.0209329 -0.0110597 -0.0065000
v 0.0213662 -0.0110808 -0.0065000
v 0.0217042 -0.0112958 -0.0065000
v 0.0219193 -0.0116338 -0.0065000
v 0.0217742 -0.0124314 -0.0065000
v 0.0214587 -0.0126780 -0.0065000
v 0.0211335 -0.0127531 -0.0065000
v 0.0208686 -0.0127207 -0.0065000
v 0.0206056 -0.0125977 -0.0065000
v 0.0203901 -0.0123743 -0.0065000
v 0.0202764 -0.0121225 -0.0065000
v 0.0210365 -0.0111986 -0.0065000
v 0.0207729 -0.0112763 -0.0065000
v 0.0205591 -0.0114490 -0.0065000
v 0.0204308 -0.0116826 -0.0065000
v 0.0203980 -0.0119831 -0.0065000
v 0.0204909 -0.0122502 -0.0065000
v 0.0206490 -0.0124409 -0.0065000
v 0.0208570 -0.0125588 -0.0065000
v 0.0211468 -0.0126070 -0.0065000
v 0.0214852 -0.0124919 -0.0065000
v 0.0216799 -0.0122968 -0.0065000
v 0.0218007 -0.0120110 -0.0065000
v 0.0217672 -0.0116745 -0.0065000
v 0.0216182 -0.0114211 -0.0065000
v 0.0213447 -0.0112368 -0.0065000
v 0.0210365 -0.0111986 -0.0065000
v 0.0207729 -0.0112763 -0.0065000
v 0.0205591 -0.0114490 -0.0065000
v 0.0204308 -0.0116826 -0.0065000
v 0.0203980 -0.0119831 -0.0065000
v 0.0204909 -0.0122502 -0.0065000
v 0.0206490 -0.0124409 -0.0065000
v 0.0208570 -0.0125588 -0.0065000
v 0.0211468 -0.0126070 -0.0065000
v 0.0214852 -0.0124919 -0.0065000
v 0.0216799 -0.0122968 -0.0065000
v 0.0218007 -0.0120110 -0.0065000
v 0.0217672 -0.0116745 -0.0065000
v 0.0216182 -0.0114211 -0.0065000
v 0.0213447 -0.0112368 -0.0065000
v 0.0208623 -0.0125703 0.0100000
v 0.0205640 -0.0123577 0.0100000
v 0.0204412 -0.0121430 0.0100000
v 0.0203952 -0.0119000 0.0100000
v 0.0204499 -0.0116307 0.0100000
v 0.0206201 -0.0113809 0.0100000
v 0.0208826 -0.0112308 0.0100000
v 0.0212110 -0.0111993 0.0100000
v 0.0214969 -0.0113202 0.0100000
v 0.0216694 -0.0114864 0.0100000
v 0.0218007 -0.0117890 0.0100000
v 0.0217512 -0.0121793 0.0100000
v 0.0215160 -0.0124726 0.0100000
v 0.0212184 -0.0125942 0.0100000
v 0.0208623 -0.0125703 0.0100000
v 0.0205640 -0.0123577 0.0100000
v 0.0204412 -0.0121430 0.0100000
v 0.0203952 -0.0119000 0.0100000
v 0.0204499 -0.0116307 0.0100000
v 0.0206201 -0.0113809 0.0100000
v 0.0208826 -0.0112308 0.0100000
v 0.0212110 -0.0111993 0.0100000
v 0.0214969 -0.0113202 0.0100000
v 0.0216694 -0.0114864 0.0100000
v 0.0218007 -0.0117890 0.0100000
v 0.0217512 -0.0121793 0.0100000
v 0.0215160 -0.0124726 0.0100000
v 0.0212184 -0.0125942 0.0100000
v 0.0198939 -0.0123263 0.0100022
v 0.0200726 -0.0126465 0.0100001
v 0.0203453 -0.0129377 0.0100027
v 0.0207127 -0.0131131 0.0100000
v 0.0211000 -0.0131700 0.0100000
v 0.0215234 -0.0131085 0.0100007
v 0.0220322 -0.0127788 0.0100018
v 0.0222835 -0.0123891 0.0100006
v 0.0223699 -0.0118985 0.0100001
v 0.0218492 -0.0108688 0.0100000
v 0.0216917 -0.0107580 0.0100037
v 0.0211406 -0.0106223 0.0100001
v 0.0205306 -0.0107536 0.0100001
v 0.0201263 -0.0110764 0.0100004
v 0.0198693 -0.0115531 0.0099999
v 0.0198202 -0.0115526 0.0108566
v 0.0199556 -0.0112875 0.0108781
v 0.0201551 -0.0110192 0.0108857
v 0.0204801 -0.0107836 0.0108957
v 0.0208127 -0.0105842 0.0108389
v 0.0210838 -0.0105775 0.0108606
v 0.0216273 -0.0107111 0.0108796
v 0.0219613 -0.0108582 0.0108340
v 0.0221826 -0.0111605 0.0108697
v 0.0223334 -0.0114354 0.0108649
v 0.0225456 -0.0118548 0.0106952
v 0.0224183 -0.0118621 0.0108643
v 0.0225383 -0.0118879 0.0101873
v 0.0225997 -0.0118416 0.0103833
v 0.0197557 -0.0118396 0.0100613
v 0.0196436 -0.0118742 0.0102266
v 0.0196065 -0.0117852 0.0103576
v 0.0196079 -0.0118414 0.0105541
v 0.0196810 -0.0118937 0.0107452
v 0.0197994 -0.0119286 0.0108794
v 0.0196722 -0.0116484 0.0106922
v 0.0197794 -0.0113639 0.0107368
v 0.0196222 -0.0116178 0.0104423
v 0.0196610 -0.0114828 0.0105300
v 0.0198919 -0.0111641 0.0107518
v 0.0197448 -0.0112750 0.0105587
v 0.0200487 -0.0110120 0.0108020
v 0.0197043 -0.0116035 0.0101630
v 0.0196699 -0.0114801 0.0103322
v 0.0197398 -0.0112734 0.0103614
v 0.0198680 -0.0110784 0.0106027
v 0.0200479 -0.0108609 0.0106250
v 0.0198913 -0.0110039 0.0104500
v 0.0197917 -0.0112976 0.0101955
v 0.0203209 -0.0107238 0.0107627
v 0.0198501 -0.0110910 0.0103219
v 0.0198222 -0.0114742 0.0100636
v 0.0205189 -0.0106677 0.0108199
v 0.0199161 -0.0112469 0.0100700
v 0.0201972 -0.0107287 0.0106147
v 0.0199473 -0.0110678 0.0101590
v 0.0201305 -0.0107497 0.0104359
v 0.0200258 -0.0108909 0.0102689
v 0.0203776 -0.0105840 0.0105278
v 0.0201576 -0.0107534 0.0102977
v 0.0206413 -0.0105418 0.0107185
v 0.0201814 -0.0108619 0.0101042
v 0.0203374 -0.0106301 0.0102854
v 0.0206454 -0.0104860 0.0105958
v 0.0205740 -0.0104926 0.0104231
v 0.0209868 -0.0104265 0.0106260
v 0.0203941 -0.0107138 0.0101010
v 0.0208038 -0.0104270 0.0104879
v 0.0205850 -0.0105252 0.0102554
v 0.0211605 -0.0104696 0.0107208
v 0.0213132 -0.0105841 0.0108497
v 0.0208129 -0.0104403 0.0103175
v 0.0205722 -0.0106479 0.0100757
v 0.0214798 -0.0105709 0.0107938
v 0.0207754 -0.0105607 0.0100950
v 0.0210426 -0.0103987 0.0104317
v 0.0213860 -0.0104596 0.0106513
v 0.0213288 -0.0104146 0.0104909
v 0.0209920 -0.0104313 0.0102591
v 0.0212855 -0.0104142 0.0103710
v 0.0217432 -0.0106702 0.0107890
v 0.0210842 -0.0105162 0.0101066
v 0.0212999 -0.0104687 0.0101955
v 0.0218025 -0.0106153 0.0106609
v 0.0216638 -0.0105132 0.0105355
v 0.0215700 -0.0104818 0.0103321
v 0.0217788 -0.0105637 0.0103618
v 0.0213129 -0.0105740 0.0100598
v 0.0219290 -0.0106473 0.0104761
v 0.0221404 -0.0109314 0.0107406
v 0.0220332 -0.0107580 0.0106245
v 0.0215734 -0.0105815 0.0101280
v 0.0217958 -0.0106488 0.0101777
v 0.0222014 -0.0108965 0.0105678
v 0.0219966 -0.0107254 0.0102735
v 0.0221247 -0.0108007 0.0104315
v 0.0223203 -0.0111480 0.0107212
v 0.0223402 -0.0110623 0.0105415
v 0.0222779 -0.0109725 0.0103859
v 0.0221747 -0.0108984 0.0102594
v 0.0219479 -0.0108272 0.0100866
v 0.0224547 -0.0115395 0.0107738
v 0.0224608 -0.0113360 0.0106302
v 0.0221748 -0.0109873 0.0101406
v 0.0224425 -0.0112177 0.0104451
v 0.0223480 -0.0111454 0.0102267
v 0.0220849 -0.0110857 0.0100013
v 0.0225397 -0.0116177 0.0106443
v 0.0225428 -0.0114931 0.0105152
v 0.0224639 -0.0113304 0.0102814
v 0.0222711 -0.0112147 0.0100749
v 0.0225631 -0.0115665 0.0103857
v 0.0225916 -0.0117812 0.0105382
v 0.0224311 -0.0114090 0.0101573
v 0.0225292 -0.0115929 0.0102380
v 0.0223133 -0.0114893 0.0100019
v 0.0224570 -0.0117301 0.0100835
v 0.0223436 -0.0122602 0.0108824
v 0.0222789 -0.0124995 0.0108584
v 0.0221460 -0.0127354 0.0108442
v 0.0218798 -0.0129167 0.0108928
v 0.0216357 -0.0130854 0.0108755
v 0.0213893 -0.0132043 0.0108478
v 0.0210438 -0.0132254 0.0108576
v 0.0207030 -0.0131700 0.0108525
v 0.0202050 -0.0128654 0.0108635
v 0.0199999 -0.0126134 0.0108712
v 0.0199124 -0.0123430 0.0109053
v 0.0224740 -0.0120732 0.0107903
v 0.0225464 -0.0121393 0.0106554
v 0.0224337 -0.0123320 0.0107686
v 0.0225950 -0.0120658 0.0104565
v 0.0224850 -0.0124097 0.0106228
v 0.0225309 -0.0123551 0.0105057
v 0.0225711 -0.0120747 0.0102978
v 0.0223109 -0.0126523 0.0107347
v 0.0225331 -0.0123037 0.0103182
v 0.0223899 -0.0126165 0.0106186
v 0.0224743 -0.0122218 0.0101404
v 0.0224447 -0.0120540 0.0100716
v 0.0224577 -0.0125480 0.0104439
v 0.0219557 -0.0129736 0.0108088
v 0.0221635 -0.0128946 0.0106740
v 0.0223586 -0.0127201 0.0104672
v 0.0224145 -0.0125499 0.0102474
v 0.0222358 -0.0128714 0.0105531
v 0.0222955 -0.0127768 0.0102885
v 0.0223661 -0.0124827 0.0101211
v 0.0220233 -0.0130392 0.0106477
v 0.0221657 -0.0129533 0.0103593
v 0.0217895 -0.0131457 0.0107357
v 0.0222316 -0.0127126 0.0101178
v 0.0220386 -0.0130753 0.0104382
v 0.0219429 -0.0131348 0.0105479
v 0.0216000 -0.0132297 0.0107424
v 0.0220718 -0.0129500 0.0101757
v 0.0217267 -0.0132602 0.0105372
v 0.0218758 -0.0131763 0.0103295
v 0.0213815 -0.0133148 0.0106987
v 0.0215172 -0.0133360 0.0105466
v 0.0218295 -0.0131162 0.0101525
v 0.0218943 -0.0129883 0.0100650
v 0.0216154 -0.0132971 0.0103181
v 0.0210460 -0.0133081 0.0107613
v 0.0212055 -0.0133678 0.0106413
v 0.0213739 -0.0133787 0.0103929
v 0.0215899 -0.0132179 0.0101367
v 0.0211881 -0.0133988 0.0104003
v 0.0209910 -0.0133879 0.0105753
v 0.0213855 -0.0132951 0.0101610
v 0.0207363 -0.0133060 0.0106865
v 0.0210914 -0.0133739 0.0102685
v 0.0212033 -0.0132750 0.0100964
v 0.0208443 -0.0133837 0.0104252
v 0.0205002 -0.0131989 0.0107229
v 0.0203961 -0.0130356 0.0108467
v 0.0205402 -0.0132910 0.0105279
v 0.0206912 -0.0133356 0.0103423
v 0.0208750 -0.0133276 0.0102022
v 0.0202081 -0.0130256 0.0107209
v 0.0209496 -0.0132437 0.0100699
v 0.0203562 -0.0132061 0.0105178
v 0.0207231 -0.0132216 0.0100939
v 0.0201374 -0.0130189 0.0106246
v 0.0205676 -0.0132817 0.0102846
v 0.0203735 -0.0131973 0.0103187
v 0.0199950 -0.0127461 0.0107830
v 0.0205457 -0.0131441 0.0100791
v 0.0201272 -0.0130400 0.0103608
v 0.0203268 -0.0131155 0.0101899
v 0.0199480 -0.0128254 0.0106178
v 0.0200804 -0.0130031 0.0104713
v 0.0198555 -0.0126058 0.0107228
v 0.0199401 -0.0128544 0.0104072
v 0.0200599 -0.0129189 0.0102252
v 0.0197799 -0.0123869 0.0107601
v 0.0197889 -0.0126340 0.0105152
v 0.0201473 -0.0128826 0.0100854
v 0.0197307 -0.0124576 0.0106153
v 0.0197387 -0.0121353 0.0107958
v 0.0198349 -0.0126821 0.0103047
v 0.0199839 -0.0127226 0.0101099
v 0.0196517 -0.0121244 0.0106548
v 0.0196522 -0.0123168 0.0104479
v 0.0197337 -0.0124701 0.0102896
v 0.0198959 -0.0125779 0.0100986
v 0.0197565 -0.0123542 0.0101514
v 0.0196075 -0.0120765 0.0104713
v 0.0196404 -0.0121177 0.0102697
v 0.0197139 -0.0120688 0.0101249
v 0.0198412 -0.0121076 0.0100008
v 0.0215854 -0.0120862 0.0112388
v 0.0219039 -0.0120762 0.0111437
v 0.0214168 -0.0121827 0.0112590
v 0.0213177 -0.0123098 0.0112534
v 0.0212755 -0.0124762 0.0112175
v 0.0212765 -0.0129800 0.0110144
v 0.0209237 -0.0129851 0.0110089
v 0.0211204 -0.0130026 0.0110059
v 0.0205313 -0.0120749 0.0112206
v 0.0207658 -0.0121585 0.0112612
v 0.0209136 -0.0123861 0.0112388
v 0.0202366 -0.0120768 0.0111197
v 0.0200134 -0.0120758 0.0110050
v 0.0199980 -0.0118872 0.0110061
v 0.0221940 -0.0120611 0.0110060
v 0.0203356 -0.0125632 0.0110561
v 0.0206111 -0.0124546 0.0111802
v 0.0204634 -0.0129605 0.0109251
v 0.0209226 -0.0128432 0.0110912
v 0.0215663 -0.0126856 0.0111085
v 0.0217144 -0.0123594 0.0111676
v 0.0220111 -0.0123171 0.0110627
v 0.0219446 -0.0126303 0.0110008
v 0.0221882 -0.0117227 0.0110067
v 0.0200167 -0.0117238 0.0110115
v 0.0205538 -0.0117236 0.0112269
v 0.0209115 -0.0114273 0.0112420
v 0.0207636 -0.0116387 0.0112601
v 0.0209283 -0.0108002 0.0110033
v 0.0212763 -0.0108173 0.0110126
v 0.0212766 -0.0113459 0.0112238
v 0.0213520 -0.0115538 0.0112610
v 0.0215736 -0.0117116 0.0112414
v 0.0218439 -0.0117238 0.0111643
v 0.0204166 -0.0110708 0.0110220
v 0.0209226 -0.0109569 0.0110912
v 0.0201841 -0.0114534 0.0110554
v 0.0215917 -0.0110914 0.0110948
v 0.0219446 -0.0111697 0.0110008
v 0.0206082 -0.0113426 0.0111786
v 0.0220098 -0.0114801 0.0110625
v 0.0217131 -0.0114411 0.0111681
v 0.0221940 -0.0120611 0.0110060
v 0.0221882 -0.0117227 0.0110067
v 0.0221886 -0.0120756 0.0106500
v 0.0221929 -0.0117260 0.0106500
v 0.0221882 -0.0117227 0.0110067
v 0.0221929 -0.0117260 0.0106500
v 0.0212763 -0.0108173 0.0110126
v 0.0212766 -0.0113459 0.0112238
v 0.0213520 -0.0115538 0.0112610
v 0.0215736 -0.0117116 0.0112414
v 0.0218439 -0.0117238 0.0111643
v 0.0212695 -0.0108001 0.0106500
v 0.0212797 -0.0113794 0.0106500
v 0.0213645 -0.0115653 0.0106500
v 0.0215728 -0.0117136 0.0106500
v 0.0221886 -0.0120756 0.0106500
v 0.0221929 -0.0117260 0.0106500
v 0.0216020 -0.0120819 0.0106500
v 0.0214080 -0.0121880 0.0106500
v 0.0212839 -0.0123882 0.0106500
v 0.0212761 -0.0129858 0.0106500
v 0.0209306 -0.0129999 0.0106500
v 0.0209226 -0.0124499 0.0106500
v 0.0208585 -0.0122618 0.0106500
v 0.0206317 -0.0120876 0.0106500
v 0.0200027 -0.0120710 0.0106500
v 0.0200134 -0.0117240 0.0106500
v 0.0205989 -0.0117181 0.0106500
v 0.0208040 -0.0116020 0.0106500
v 0.0209182 -0.0113977 0.0106500
v 0.0209240 -0.0108142 0.0106500
v 0.0212695 -0.0108001 0.0106500
v 0.0212797 -0.0113794 0.0106500
v 0.0213645 -0.0115653 0.0106500
v 0.0215728 -0.0117136 0.0106500
v 0.0215854 -0.0120862 0.0112388
v 0.0219039 -0.0120762 0.0111437
v 0.0214168 -0.0121827 0.0112590
v 0.0213177 -0.0123098 0.0112534
v 0.0212755 -0.0124762 0.0112175
v 0.0212765 -0.0129800 0.0110144
v 0.0221940 -0.0120611 0.0110060
v 0.0221886 -0.0120756 0.0106500
v 0.0216020 -0.0120819 0.0106500
v 0.0214080 -0.0121880 0.0106500
v 0.0212839 -0.0123882 0.0106500
v 0.0212761 -0.0129858 0.0106500
v 0.0212765 -0.0129800 0.0110144
v 0.0209237 -0.0129851 0.0110089
v 0.0211204 -0.0130026 0.0110059
v 0.0212761 -0.0129858 0.0106500
v 0.0209306 -0.0129999 0.0106500
v 0.0209237 -0.0129851 0.0110089
v 0.0205313 -0.0120749 0.0112206
v 0.0207658 -0.0121585 0.0112612
v 0.0209136 -0.0123861 0.0112388
v 0.0202366 -0.0120768 0.0111197
v 0.0200134 -0.0120758 0.0110050
v 0.0209226 -0.0128432 0.0110912
v 0.0209306 -0.0129999 0.0106500
v 0.0209226 -0.0124499 0.0106500
v 0.0208585 -0.0122618 0.0106500
v 0.0206317 -0.0120876 0.0106500
v 0.0200027 -0.0120710 0.0106500
v 0.0200134 -0.0120758 0.0110050
v 0.0199980 -0.0118872 0.0110061
v 0.0200167 -0.0117238 0.0110115
v 0.0200027 -0.0120710 0.0106500
v 0.0200134 -0.0117240 0.0106500
v 0.0200167 -0.0117238 0.0110115
v 0.0205538 -0.0117236 0.0112269
v 0.0209115 -0.0114273 0.0112420
v 0.0207636 -0.0116387 0.0112601
v 0.0209283 -0.0108002 0.0110033
v 0.0209226 -0.0109569 0.0110912
v 0.0200134 -0.0117240 0.0106500
v 0.0205989 -0.0117181 0.0106500
v 0.0208040 -0.0116020 0.0106500
v 0.0209182 -0.0113977 0.0106500
v 0.0209240 -0.0108142 0.0106500
v 0.0209283 -0.0108002 0.0110033
v 0.0212763 -0.0108173 0.0110126
v 0.0209240 -0.0108142 0.0106500
v 0.0212695 -0.0108001 0.0106500
vn -0.000250 -0.000069 -1.000000
vn 0.000250 0.000069 -1.000000
vn 0.000007 -0.000022 -1.000000
vn -0.000096 -0.000049 -1.000000
vn -0.000001 0.000027 -1.000000
vn 0.000030 0.000024 -1.000000
vn -0.000023 0.000014 -1.000000
vn 0.000095 0.000319 -1.000000
vn 0.000083 -0.000050 -1.000000
vn 0.000060 0.000024 -1.000000
vn 0.000136 0.000003 -1.000000
vn 0.669192 0.179719 -0.721029
vn 0.464689 0.504946 -0.727388
vn 0.136729 0.679396 -0.720921
vn -0.213017 0.665224 -0.715612
vn -0.506252 0.473979 -0.720453
vn -0.670274 0.175282 -0.721117
vn -0.656028 -0.214936 -0.723484
vn -0.444729 -0.532765 -0.719985
vn -0.016882 -0.678849 -0.734083
vn 0.399362 -0.552095 -0.731916
vn 0.655013 -0.208509 -0.726280
vn 0.705099 0.019559 -0.708839
vn -0.693317 -0.043722 -0.719305
vn -0.642196 -0.298421 -0.706066
vn -0.527587 -0.472872 -0.705722
vn -0.267773 -0.629625 -0.729294
vn -0.095490 -0.712114 -0.695539
vn 0.141535 -0.672206 -0.726710
vn 0.298571 -0.620457 -0.725182
vn 0.534118 -0.432769 -0.726243
vn 0.666335 -0.251382 -0.702001
vn 0.621637 0.319737 -0.715078
vn 0.458318 0.536833 -0.708347
vn 0.275459 0.642716 -0.714870
vn 0.040477 0.710359 -0.702675
vn -0.137967 0.697033 -0.703641
vn -0.401137 0.577607 -0.710957
vn -0.598938 0.374134 -0.708024
vn -0.706804 0.171463 -0.686315
vn 0.998855 0.047613 -0.004602
vn -0.997084 -0.076256 -0.002939
vn -0.919654 -0.392719 -0.003032
vn -0.718930 -0.695072 -0.003714
vn -0.413709 -0.910404 -0.003233
vn -0.114621 -0.993407 -0.002302
vn 0.163643 -0.986518 -0.001921
vn 0.477542 -0.878609 -0.000830
vn 0.756016 -0.654551 -0.001427
vn 0.941188 -0.337867 -0.003410
vn 0.899724 0.436441 -0.003943
vn 0.658048 0.752975 -0.001189
vn 0.372261 0.928127 -0.001649
vn 0.084074 0.996457 -0.002278
vn -0.225817 0.974169 -0.000840
vn -0.572661 0.819792 -0.000676
vn -0.842577 0.538574 -0.001296
vn -0.970895 0.239497 -0.002161
vn 0.982040 -0.188591 0.005490
vn -0.994179 0.107672 0.003734
vn -0.854692 0.519127 0.002772
vn -0.560714 0.828009 0.000942
vn -0.177098 0.984190 0.002630
vn 0.303337 0.952874 0.004101
vn 0.706781 0.707422 0.003721
vn 0.952950 0.303086 0.004988
vn 0.784791 -0.619748 0.003979
vn 0.430637 -0.902521 0.002700
vn 0.052452 -0.998620 0.002590
vn -0.275812 -0.961208 0.002687
vn -0.580960 -0.813924 0.003573
vn -0.828053 -0.560640 0.003321
vn -0.966603 -0.256262 0.002896
vn 0.000000 0.000000 1.000000
vn 0.000000 0.000000 1.000000
vn 0.000000 0.000000 1.000000
vn 0.000000 0.000000 1.000000
vn 0.000000 0.000000 1.000000
vn 0.000000 0.000000 1.000000
vn 0.000000 0.000000 1.000000
vn 0.000000 0.000000 1.000000
vn 0.000000 0.000000 1.000000
vn 0.000000 0.000000 1.000000
vn 0.000000 0.000000 1.000000
vn 0.000000 0.000000 1.000000
vn 0.000000 0.000000 1.000000
vn 0.000000 0.000000 1.000000
vn 0.000000 0.000000 1.000000
vn 0.000000 0.000000 1.000000
vn 0.000000 0.000000 1.000000
vn 0.000000 0.000000 1.000000
vn 0.000000 0.000000 1.000000
vn 0.000000 0.000000 1.000000
vn 0.000000 0.000000 1.000000
vn 0.000000 0.000000 1.000000
vn 0.000000 0.000000 1.000000
vn 0.000000 0.000000 1.000000
vn 0.000000 0.000000 1.000000
vn 0.000000 0.000000 1.000000
vn 0.000000 0.000000 1.000000
vn 0.000000 0.000000 1.000000
vn 0.000000 0.000000 1.000000
vn 0.000000 0.000000 1.000000
vn -0.081866 0.996643 -0.001021
vn -0.464449 0.885599 -0.000835
vn -0.766896 0.641771 -0.000698
vn -0.953665 0.300870 -0.000612
vn -0.993616 -0.112810 -0.000723
vn -0.871013 -0.491260 -0.000734
vn -0.641927 -0.766765 -0.000596
vn -0.333842 -0.942629 -0.000551
vn 0.081377 -0.996683 -0.000658
vn 0.528788 -0.848754 -0.000588
vn 0.829644 -0.558293 -0.000853
vn 0.988713 -0.149818 -0.001288
vn 0.950598 0.310422 -0.001012
vn 0.728587 0.684952 -0.000829
vn 0.350624 0.936516 -0.001127
vn -0.336437 -0.941705 0.001113
vn -0.741566 -0.670879 0.000876
vn -0.938187 -0.346129 0.000693
vn -0.999977 0.006694 0.000645
vn -0.921354 0.388724 0.000627
vn -0.678846 0.734280 0.000829
vn -0.302721 0.953079 0.000989
vn 0.151670 0.988431 0.001077
vn 0.551015 0.834495 0.000884
vn 0.821550 0.570135 0.000805
vn 0.989942 0.141466 0.001325
vn 0.920593 -0.390521 0.001426
vn 0.598158 -0.801378 0.000747
vn 0.159988 -0.987119 0.000731
vn -0.002082 -0.000915 -0.999997
vn -0.001794 -0.002206 -0.999996
vn -0.002477 -0.001851 -0.999995
vn -0.000769 -0.000530 -1.000000
vn -0.000067 0.000298 -1.000000
vn -0.000412 0.000243 -1.000000
vn -0.000079 0.000196 -1.000000
vn 0.002489 0.002115 -0.999995
vn -0.000346 0.003537 -0.999994
vn 0.002255 0.000279 -0.999997
vn 0.001615 0.001174 -0.999998
vn 0.001274 -0.001226 -0.999998
vn 0.001831 -0.001356 -0.999997
vn 0.000505 -0.000484 -1.000000
vn -0.392646 -0.135527 -0.909649
vn -0.302708 -0.222241 -0.926810
vn -0.249165 -0.351764 -0.902319
vn -0.113309 -0.359841 -0.926108
vn 0.004318 -0.370785 -0.928709
vn 0.142770 -0.397992 -0.906211
vn 0.310568 -0.293163 -0.904214
vn 0.386516 -0.159691 -0.908353
vn 0.374808 -0.000979 -0.927102
vn 0.226391 0.303838 -0.925435
vn 0.193563 0.392150 -0.899306
vn 0.005140 0.398597 -0.917112
vn -0.178707 0.352793 -0.918477
vn -0.313856 0.263892 -0.912061
vn -0.386339 0.099493 -0.916975
vn -0.661534 0.176759 0.728786
vn -0.573394 0.298504 0.762964
vn -0.452431 0.433726 0.779223
vn -0.293097 0.520497 0.801983
vn -0.148280 0.706039 0.692475
vn -0.020329 0.692281 0.721342
vn 0.258222 0.572021 0.778533
vn 0.451687 0.560999 0.693728
vn 0.550683 0.373058 0.746710
vn 0.623234 0.245573 0.742478
vn 0.894888 0.023723 0.445661
vn 0.676748 0.026286 0.735745
vn 0.886590 0.007970 -0.462487
vn 0.990077 0.043887 -0.133495
vn -0.699255 0.031753 -0.714167
vn -0.910535 0.016517 -0.413102
vn -0.983851 0.070692 -0.164441
vn -0.980788 0.037444 0.191451
vn -0.848797 0.014533 0.528519
vn -0.650394 -0.008626 0.759548
vn -0.886467 0.156905 0.435381
vn -0.788482 0.323671 0.523004
vn -0.982931 0.183788 0.008318
vn -0.946833 0.280045 0.158376
vn -0.718955 0.434054 0.542864
vn -0.888254 0.415166 0.196577
vn -0.598366 0.510782 0.617300
vn -0.845119 0.176685 -0.504536
vn -0.934683 0.279152 -0.220094
vn -0.898564 0.413197 -0.147821
vn -0.799615 0.530154 0.282052
vn -0.678879 0.660567 0.320584
vn -0.797684 0.603053 0.005302
vn -0.809368 0.367322 -0.458256
vn -0.459606 0.689173 0.560181
vn -0.816412 0.525014 -0.240483
vn -0.699237 0.244413 -0.671811
vn -0.309698 0.680903 0.663670
vn -0.621608 0.343184 -0.704150
vn -0.576520 0.761906 0.295168
vn -0.685991 0.498603 -0.529916
vn -0.648257 0.761333 -0.011657
vn -0.694964 0.646005 -0.315756
vn -0.474581 0.867537 0.148839
vn -0.603277 0.742032 -0.292311
vn -0.283107 0.828363 0.483390
vn -0.511276 0.588059 -0.626724
vn -0.487829 0.822492 -0.292454
vn -0.299667 0.916351 0.265518
vn -0.354289 0.933534 -0.054709
vn -0.071809 0.938716 0.337128
vn -0.414901 0.677123 -0.607751
vn -0.193449 0.978885 0.066037
vn -0.327794 0.872483 -0.362388
vn 0.026251 0.868524 0.494952
vn 0.113248 0.691115 0.713817
vn -0.196344 0.947182 -0.253564
vn -0.286446 0.709927 -0.643391
vn 0.227881 0.767816 0.598773
vn -0.171250 0.742475 -0.647614
vn -0.029104 0.999346 -0.021442
vn 0.186829 0.910718 0.368357
vn 0.151896 0.984423 0.088543
vn -0.069339 0.934570 -0.348958
vn 0.117025 0.980208 -0.159676
vn 0.372751 0.705336 0.602958
vn -0.024032 0.790197 -0.612382
vn 0.127681 0.885675 -0.446406
vn 0.446269 0.812304 0.375507
vn 0.359626 0.918720 0.163166
vn 0.302438 0.929263 -0.212136
vn 0.447065 0.879650 -0.162325
vn 0.132146 0.684494 -0.716942
vn 0.554593 0.830530 0.051445
vn 0.629263 0.575825 0.521971
vn 0.593067 0.736028 0.326396
vn 0.275425 0.771643 -0.573331
vn 0.417736 0.762216 -0.494493
vn 0.725528 0.652421 0.218990
vn 0.577323 0.751111 -0.320203
vn 0.678312 0.734181 -0.029504
vn 0.742983 0.453707 0.492064
vn 0.813010 0.553878 0.179535
vn 0.783494 0.610425 -0.116265
vn 0.682020 0.647025 -0.340892
vn 0.487002 0.602290 -0.632515
vn 0.784958 0.206935 0.583968
vn 0.868877 0.365106 0.334292
vn 0.624995 0.540132 -0.563594
vn 0.892594 0.450714 -0.011470
vn 0.787545 0.477599 -0.389451
vn 0.314427 0.260928 -0.912717
vn 0.919414 0.179443 0.349968
vn 0.953436 0.277124 0.119008
vn 0.885056 0.366316 -0.287208
vn 0.636822 0.364346 -0.679492
vn 0.969120 0.219366 -0.112631
vn 0.984160 0.072490 0.161787
vn 0.786341 0.286602 -0.547290
vn 0.901667 0.185848 -0.390457
vn 0.402064 0.136680 -0.905353
vn 0.743992 0.101333 -0.660460
vn 0.609217 -0.173588 0.773771
vn 0.598919 -0.305491 0.740251
vn 0.548611 -0.444397 0.708193
vn 0.359386 -0.484341 0.797656
vn 0.267815 -0.581501 0.768201
vn 0.142732 -0.682940 0.716394
vn -0.029480 -0.670866 0.740992
vn -0.202198 -0.658742 0.724689
vn -0.457362 -0.482518 0.746991
vn -0.549416 -0.347156 0.760016
vn -0.566689 -0.213777 0.795715
vn 0.774216 -0.095972 0.625603
vn 0.923254 -0.146404 0.355200
vn 0.778584 -0.258707 0.571733
vn 0.993137 -0.112047 0.033532
vn 0.882552 -0.338030 0.326859
vn 0.952737 -0.290788 0.087949
vn 0.951551 -0.114641 -0.285322
vn 0.728650 -0.457469 0.509697
vn 0.934022 -0.266631 -0.237721
vn 0.834782 -0.463048 0.297868
vn 0.809285 -0.196106 -0.553716
vn 0.711813 -0.084830 -0.697227
vn 0.901586 -0.432299 -0.016137
vn 0.483498 -0.603846 0.633719
vn 0.663824 -0.614574 0.426188
vn 0.835662 -0.548464 0.029253
vn 0.839091 -0.412479 -0.354665
vn 0.750953 -0.636395 0.176271
vn 0.773020 -0.564874 -0.288716
vn 0.730222 -0.336030 -0.594861
vn 0.591673 -0.724960 0.352642
vn 0.700076 -0.694712 -0.165133
vn 0.416630 -0.752005 0.510791
vn 0.646874 -0.462889 -0.606043
vn 0.629355 -0.777047 -0.010473
vn 0.542998 -0.819926 0.181313
vn 0.303344 -0.800564 0.516797
vn 0.591171 -0.639955 -0.490892
vn 0.413850 -0.896933 0.155690
vn 0.503893 -0.836831 -0.214024
vn 0.174018 -0.872419 0.456731
vn 0.276517 -0.945048 0.174422
vn 0.425768 -0.730718 -0.533641
vn 0.403414 -0.561410 -0.722548
vn 0.340128 -0.911624 -0.230771
vn -0.037412 -0.833764 0.550852
vn 0.079063 -0.941941 0.326338
vn 0.178389 -0.978592 -0.102637
vn 0.298328 -0.773107 -0.559737
vn 0.055337 -0.996524 -0.062273
vn -0.076717 -0.972126 0.221553
vn 0.175077 -0.844405 -0.506289
vn -0.221555 -0.882014 0.415891
vn -0.008098 -0.942494 -0.334126
vn 0.058612 -0.770974 -0.634164
vn -0.171498 -0.984531 -0.035876
vn -0.371644 -0.789850 0.487870
vn -0.372701 -0.612368 0.697209
vn -0.361936 -0.922574 0.133642
vn -0.266898 -0.946116 -0.183385
vn -0.138869 -0.890624 -0.433018
vn -0.532377 -0.685937 0.496049
vn -0.079751 -0.723370 -0.685839
vn -0.493688 -0.860291 0.127166
vn -0.216952 -0.755484 -0.618204
vn -0.627475 -0.721211 0.293480
vn -0.350677 -0.886888 -0.300758
vn -0.476022 -0.853541 -0.211828
vn -0.633455 -0.503333 0.587700
vn -0.316936 -0.689480 -0.651282
vn -0.627736 -0.759261 -0.171667
vn -0.476619 -0.736350 -0.480233
vn -0.741473 -0.600305 0.299753
vn -0.678997 -0.731146 0.066240
vn -0.758361 -0.428177 0.491481
vn -0.770955 -0.632864 -0.071494
vn -0.659033 -0.637066 -0.399779
vn -0.773445 -0.280665 0.568340
vn -0.869056 -0.482674 0.108477
vn -0.523273 -0.545196 -0.654940
vn -0.888662 -0.349038 0.297411
vn -0.758900 -0.142286 0.635472
vn -0.822859 -0.502047 -0.266179
vn -0.643280 -0.481411 -0.595344
vn -0.922141 -0.150725 0.356284
vn -0.960131 -0.279549 -0.001139
vn -0.886509 -0.381109 -0.262407
vn -0.685001 -0.381321 -0.620780
vn -0.800927 -0.261782 -0.538503
vn -0.993249 -0.110839 0.034225
vn -0.939092 -0.143477 -0.312283
vn -0.798826 -0.103253 -0.592635
vn -0.402262 -0.069818 -0.912859
vn 0.240002 -0.137219 0.961025
vn 0.360213 -0.126130 0.924304
vn 0.192642 -0.174915 0.965554
vn 0.179564 -0.225967 0.957442
vn 0.147072 -0.288633 0.946076
vn 0.109651 -0.511824 0.852064
vn -0.131508 -0.525567 0.840526
vn 0.014891 -0.563025 0.826306
vn -0.281457 -0.159742 0.946184
vn -0.188050 -0.166597 0.967927
vn -0.128916 -0.250931 0.959382
vn -0.384762 -0.181518 0.904992
vn -0.505238 -0.114043 0.855412
vn -0.537365 -0.002105 0.843347
vn 0.516154 -0.089885 0.851766
vn -0.350592 -0.297088 0.888158
vn -0.228704 -0.261209 0.937798
vn -0.277061 -0.471224 0.837368
vn -0.186021 -0.414050 0.891044
vn 0.202316 -0.362315 0.909833
vn 0.271732 -0.211611 0.938820
vn 0.420878 -0.195935 0.885704
vn 0.384680 -0.330345 0.861913
vn 0.512888 0.100340 0.852571
vn -0.504624 0.105245 0.856900
vn -0.288002 0.141829 0.947069
vn -0.131440 0.248033 0.959793
vn -0.186968 0.168473 0.967812
vn -0.181604 0.515272 0.837565
vn 0.101250 0.500913 0.859555
vn 0.160673 0.280771 0.946230
vn 0.187342 0.215856 0.958285
vn 0.232938 0.140503 0.962288
vn 0.342815 0.121595 0.931500
vn -0.303432 0.372617 0.876975
vn -0.187607 0.420985 0.887454
vn -0.406472 0.199005 0.891727
vn 0.214175 0.370066 0.903980
vn 0.380072 0.341155 0.859743
vn -0.228357 0.258841 0.938538
vn 0.419654 0.190399 0.887490
vn 0.268391 0.212875 0.939495
vn -0.999996 -0.002612 0.000723
vn -0.999772 -0.017059 -0.012876
vn -0.999817 0.012228 0.014690
vn -0.999997 -0.001939 0.001355
vn -0.012728 -0.999913 -0.003582
vn -0.019917 -0.999763 0.008827
vn -0.999921 -0.010553 0.006825
vn -0.980143 -0.198197 0.006173
vn -0.788382 -0.615153 0.006391
vn -0.358243 -0.933621 0.003702
vn -0.022761 -0.999710 -0.007847
vn -0.999683 -0.017692 0.017895
vn -0.976668 -0.214750 -0.001119
vn -0.768443 -0.639907 -0.003783
vn -0.314982 -0.949097 0.000663
vn 0.000000 0.000000 1.000000
vn 0.000000 0.000000 1.000000
vn 0.000000 0.000000 1.000000
vn 0.000000 0.000000 1.000000
vn 0.000000 0.000000 1.000000
vn 0.000000 0.000000 1.000000
vn 0.000000 0.000000 1.000000
vn 0.000000 0.000000 1.000000
vn 0.000000 0.000000 1.000000
vn 0.000000 0.000000 1.000000
vn 0.000000 0.000000 1.000000
vn 0.000000 0.000000 1.000000
vn 0.000000 0.000000 1.000000
vn 0.000000 0.000000 1.000000
vn 0.000000 0.000000 1.000000
vn 0.000000 0.000000 1.000000
vn 0.000000 0.000000 1.000000
vn 0.000000 0.000000 1.000000
vn 0.000000 0.000000 1.000000
vn 0.000000 0.000000 1.000000
vn -0.305462 0.952203 0.001786
vn -0.031153 0.999490 -0.007053
vn -0.656880 0.753989 0.002999
vn -0.888917 0.457962 0.009832
vn -0.990875 0.134634 0.006332
vn -0.999943 0.008674 -0.006195
vn -0.070669 0.996709 -0.039719
vn -0.031086 0.999374 -0.016891
vn -0.251707 0.967795 -0.004094
vn -0.684384 0.729032 -0.011462
vn -0.961322 0.275190 -0.011447
vn -0.999914 0.013065 0.000934
vn -0.143025 0.989593 -0.015779
vn 0.088305 0.995309 -0.039528
vn -0.035410 0.999309 -0.011261
vn -0.067982 0.997535 0.017413
vn 0.000636 0.999973 0.007269
vn 0.999892 0.009624 0.011115
vn 0.176142 0.984322 0.009134
vn 0.626048 0.779377 0.025197
vn 0.947279 0.319701 0.021303
vn 0.010104 0.999930 -0.006214
vn -0.002805 0.999902 0.013731
vn 0.999925 0.009196 0.008062
vn 0.999726 0.014490 0.018372
vn 0.987224 0.159324 -0.002163
vn 0.816342 0.577132 -0.022453
vn 0.323097 0.946205 -0.017434
vn 0.018193 0.999829 0.003276
vn 0.996260 0.081462 -0.028827
vn 0.999729 -0.022762 -0.004889
vn 0.993533 -0.113198 -0.008893
vn 0.999929 0.004026 0.011188
vn 0.998393 -0.053500 0.018682
vn 0.007261 -0.999965 -0.004100
vn 0.215523 -0.976470 0.007548
vn 0.938799 -0.344264 0.011763
vn 0.627950 -0.778100 0.015467
vn 0.999824 -0.018569 0.002768
vn 0.999599 -0.024417 0.014333
vn 0.010166 -0.999948 0.000578
vn 0.254810 -0.966953 -0.008599
vn 0.710373 -0.703708 -0.012876
vn 0.967421 -0.253120 -0.005159
vn 0.999880 -0.009907 -0.011881
vn -0.004854 -0.999975 -0.005133
vn -0.047748 -0.997774 -0.046554
vn 0.040780 -0.998409 0.038935
vn -0.003049 -0.999990 -0.003390
f 1960//1960 1952//1952 1951//1951
f 1960//1960 1951//1951 1950//1950
f 1959//1959 1953//1953 1952//1952
f 1959//1959 1952//1952 1960//1960
f 1959//1959 1954//1954 1953//1953
f 1959//1959 1955//1955 1954//1954
f 1959//1959 1956//1956 1955//1955
f 1959//1959 1957//1957 1956//1956
f 1959//1959 1958//1958 1957//1957
f 1982//1982 1961//1961 1962//1962
f 1984//1984 1983//1983 1962//1962
f 1984//1984 1962//1962 1963//1963
f 1985//1985 1984//1984 1963//1963
f 1963//1963 1986//1986 1985//1985
f 1986//1986 1963//1963 1964//1964
f 1988//1988 1965//1965 1966//1966
f 1987//1987 1964//1964 1965//1965
f 1965//1965 1988//1988 1987//1987
f 1961//1961 1982//1982 1972//1972
f 1989//1989 1988//1988 1966//1966
f 1966//1966 1973//1973 1989//1989
f 1987//1987 1986//1986 1964//1964
f 1971//1971 1972//1972 1981//1981
f 1962//1962 1983//1983 1982//1982
f 1981//1981 1980//1980 1971//1971
f 1971//1971 1961//1961 1972//1972
f 1967//1967 1973//1973 1966//1966
f 1974//1974 1973//1973 1967//1967
f 1968//1968 1974//1974 1967//1967
f 1976//1976 1975//1975 1968//1968
f 1976//1976 1968//1968 1969//1969
f 1968//1968 1975//1975 1974//1974
f 1978//1978 1977//1977 1969//1969
f 1979//1979 1978//1978 1969//1969
f 1979//1979 1969//1969 1970//1970
f 1980//1980 1979//1979 1970//1970
f 1980//1980 1970//1970 1971//1971
f 1977//1977 1976//1976 1969//1969
f 1995//1995 2018//2018 2019//2019
f 1992//1992 1993//1993 2021//2021
f 1993//1993 2020//2020 2021//2021
f 1993//1993 1994//1994 2020//2020
f 1994//1994 2019//2019 2020//2020
f 1994//1994 1995//1995 2019//2019
f 1995//1995 1996//1996 2018//2018
f 1999//1999 1990//1990 2008//2008
f 1996//1996 1997//1997 2017//2017
f 1997//1997 2016//2016 2017//2017
f 1997//1997 1998//1998 2016//2016
f 1998//1998 1999//1999 2016//2016
f 1999//1999 2008//2008 2016//2016
f 1992//1992 2021//2021 2022//2022
f 1996//1996 2017//2017 2018//2018
f 1991//1991 1992//1992 2022//2022
f 2007//2007 1991//1991 2009//2009
f 1990//1990 2015//2015 2008//2008
f 2007//2007 2009//2009 2010//2010
f 2006//2006 2007//2007 2010//2010
f 2005//2005 2006//2006 2010//2010
f 2005//2005 2010//2010 2011//2011
f 1991//1991 2022//2022 2009//2009
f 2004//2004 2005//2005 2012//2012
f 2003//2003 2012//2012 2013//2013
f 2005//2005 2011//2011 2012//2012
f 2002//2002 2003//2003 2013//2013
f 2001//2001 2002//2002 2013//2013
f 2001//2001 2013//2013 2014//2014
f 2000//2000 2001//2001 2014//2014
f 2000//2000 2014//2014 2015//2015
f 1990//1990 2000//2000 2015//2015
f 2003//2003 2004//2004 2012//2012
f 2028//2028 2038//2038 2052//2052
f 2029//2029 2051//2051 2030//2030
f 2029//2029 2052//2052 2051//2051
f 2029//2029 2028//2028 2052//2052
f 2030//2030 2051//2051 2050//2050
f 2030//2030 2050//2050 2049//2049
f 2043//2043 2037//2037 2036//2036
f 2028//2028 2027//2027 2038//2038
f 2044//2044 2036//2036 2035//2035
f 2043//2043 2036//2036 2044//2044
f 2045//2045 2044//2044 2035//2035
f 2030//2030 2049//2049 2023//2023
f 2042//2042 2037//2037 2043//2043
f 2046//2046 2045//2045 2034//2034
f 2046//2046 2034//2034 2033//2033
f 2042//2042 2024//2024 2037//2037
f 2041//2041 2024//2024 2042//2042
f 2046//2046 2033//2033 2032//2032
f 2045//2045 2035//2035 2034//2034
f 2047//2047 2046//2046 2032//2032
f 2041//2041 2025//2025 2024//2024
f 2027//2027 2039//2039 2038//2038
f 2027//2027 2026//2026 2039//2039
f 2049//2049 2048//2048 2031//2031
f 2023//2023 2049//2049 2031//2031
f 2031//2031 2048//2048 2047//2047
f 2026//2026 2025//2025 2040//2040
f 2047//2047 2032//2032 2031//2031
f 2040//2040 2025//2025 2041//2041
f 2026//2026 2040//2040 2039//2039
f 2067//2067 2053//2053 2075//2075
f 2065//2065 2077//2077 2078//2078
f 2067//2067 2075//2075 2076//2076
f 2066//2066 2067//2067 2076//2076
f 2066//2066 2076//2076 2077//2077
f 2065//2065 2066//2066 2077//2077
f 2062//2062 2080//2080 2081//2081
f 2064//2064 2078//2078 2079//2079
f 2063//2063 2079//2079 2080//2080
f 2062//2062 2063//2063 2080//2080
f 2061//2061 2062//2062 2081//2081
f 2053//2053 2074//2074 2075//2075
f 2064//2064 2065//2065 2078//2078
f 2053//2053 2054//2054 2074//2074
f 2063//2063 2064//2064 2079//2079
f 2054//2054 2055//2055 2073//2073
f 2054//2054 2073//2073 2074//2074
f 2060//2060 2061//2061 2068//2068
f 2059//2059 2060//2060 2068//2068
f 2059//2059 2068//2068 2069//2069
f 2058//2058 2059//2059 2069//2069
f 2058//2058 2069//2069 2070//2070
f 2061//2061 2081//2081 2068//2068
f 2057//2057 2070//2070 2071//2071
f 2057//2057 2058//2058 2070//2070
f 2055//2055 2072//2072 2073//2073
f 2055//2055 2056//2056 2072//2072
f 2056//2056 2057//2057 2071//2071
f 2056//2056 2071//2071 2072//2072
f 2272//2272 2269//2269 2266//2266
f 2221//2221 2275//2275 2271//2271
f 2273//2273 2274//2274 2269//2269
f 2273//2273 2269//2269 2272//2272
f 2277//2277 2270//2270 2275//2275
f 2277//2277 2272//2272 2270//2270
f 2276//2276 2268//2268 2274//2274
f 2275//2275 2270//2270 2271//2271
f 2274//2274 2268//2268 2267//2267
f 2274//2274 2267//2267 2269//2269
f 2268//2268 2100//2100 2101//2101
f 2272//2272 2266//2266 2270//2270
f 2271//2271 2270//2270 2220//2220
f 2269//2269 2263//2263 2264//2264
f 2268//2268 2101//2101 2265//2265
f 2271//2271 2220//2220 2324//2324
f 2269//2269 2267//2267 2263//2263
f 2270//2270 2266//2266 2220//2220
f 2268//2268 2265//2265 2267//2267
f 2280//2280 2273//2273 2272//2272
f 2265//2265 2101//2101 2262//2262
f 2267//2267 2261//2261 2263//2263
f 2267//2267 2265//2265 2261//2261
f 2266//2266 2259//2259 2220//2220
f 2220//2220 2259//2259 2219//2219
f 2264//2264 2263//2263 2260//2260
f 2269//2269 2264//2264 2266//2266
f 2276//2276 2100//2100 2268//2268
f 2282//2282 2221//2221 2222//2222
f 2278//2278 2276//2276 2274//2274
f 2289//2289 2284//2284 2287//2287
f 2292//2292 2286//2286 2288//2288
f 2291//2291 2222//2222 2223//2223
f 2290//2290 2285//2285 2284//2284
f 2288//2288 2286//2286 2282//2282
f 2098//2098 2283//2283 2285//2285
f 2289//2289 2287//2287 2286//2286
f 2283//2283 2098//2098 2099//2099
f 2286//2286 2287//2287 2279//2279
f 2288//2288 2282//2282 2222//2222
f 2285//2285 2281//2281 2284//2284
f 2283//2283 2099//2099 2278//2278
f 2285//2285 2283//2283 2280//2280
f 2280//2280 2274//2274 2273//2273
f 2287//2287 2284//2284 2277//2277
f 2286//2286 2275//2275 2282//2282
f 2286//2286 2279//2279 2275//2275
f 2284//2284 2281//2281 2277//2277
f 2285//2285 2280//2280 2281//2281
f 2283//2283 2278//2278 2280//2280
f 2099//2099 2276//2276 2278//2278
f 2282//2282 2275//2275 2221//2221
f 2278//2278 2274//2274 2280//2280
f 2266//2266 2264//2264 2259//2259
f 2281//2281 2280//2280 2277//2277
f 2276//2276 2099//2099 2100//2100
f 2277//2277 2280//2280 2272//2272
f 2279//2279 2277//2277 2275//2275
f 2287//2287 2277//2277 2279//2279
f 2265//2265 2262//2262 2258//2258
f 2262//2262 2256//2256 2258//2258
f 2262//2262 2101//2101 2256//2256
f 2250//2250 2246//2246 2217//2217
f 2249//2249 2248//2248 2244//2244
f 2103//2103 2243//2243 2247//2247
f 2248//2248 2245//2245 2241//2241
f 2247//2247 2240//2240 2242//2242
f 2246//2246 2244//2244 2237//2237
f 2246//2246 2237//2237 2217//2217
f 2248//2248 2241//2241 2244//2244
f 2247//2247 2243//2243 2240//2240
f 2217//2217 2237//2237 2216//2216
f 2244//2244 2241//2241 2238//2238
f 2245//2245 2242//2242 2239//2239
f 2103//2103 2234//2234 2243//2243
f 2245//2245 2239//2239 2241//2241
f 2244//2244 2238//2238 2237//2237
f 2242//2242 2240//2240 2236//2236
f 2243//2243 2234//2234 2240//2240
f 2242//2242 2236//2236 2239//2239
f 2103//2103 2235//2235 2234//2234
f 2240//2240 2234//2234 2232//2232
f 2238//2238 2241//2241 2231//2231
f 2241//2241 2239//2239 2233//2233
f 2238//2238 2215//2215 2237//2237
f 2235//2235 2103//2103 2104//2104
f 2241//2241 2233//2233 2231//2231
f 2240//2240 2232//2232 2236//2236
f 2292//2292 2289//2289 2286//2286
f 2249//2249 2244//2244 2246//2246
f 2265//2265 2258//2258 2261//2261
f 2251//2251 2242//2242 2245//2245
f 2252//2252 2249//2249 2246//2246
f 2263//2263 2261//2261 2260//2260
f 2264//2264 2260//2260 2259//2259
f 2101//2101 2257//2257 2256//2256
f 2257//2257 2101//2101 2102//2102
f 2261//2261 2255//2255 2260//2260
f 2258//2258 2256//2256 2253//2253
f 2261//2261 2258//2258 2255//2255
f 2260//2260 2254//2254 2259//2259
f 2258//2258 2252//2252 2255//2255
f 2260//2260 2255//2255 2254//2254
f 2259//2259 2254//2254 2218//2218
f 2259//2259 2218//2218 2219//2219
f 2258//2258 2253//2253 2252//2252
f 2257//2257 2251//2251 2256//2256
f 2254//2254 2255//2255 2250//2250
f 2257//2257 2102//2102 2251//2251
f 2256//2256 2251//2251 2253//2253
f 2255//2255 2252//2252 2250//2250
f 2254//2254 2250//2250 2218//2218
f 2253//2253 2251//2251 2245//2245
f 2102//2102 2247//2247 2251//2251
f 2252//2252 2253//2253 2249//2249
f 2253//2253 2245//2245 2248//2248
f 2253//2253 2248//2248 2249//2249
f 2250//2250 2252//2252 2246//2246
f 2251//2251 2247//2247 2242//2242
f 2102//2102 2103//2103 2247//2247
f 2250//2250 2217//2217 2218//2218
f 2291//2291 2288//2288 2222//2222
f 2327//2327 2308//2308 2307//2307
f 2294//2294 2292//2292 2288//2288
f 2342//2342 2335//2335 2115//2115
f 2341//2341 2114//2114 2113//2113
f 2116//2116 2335//2335 2336//2336
f 2116//2116 2336//2336 2166//2166
f 2330//2330 2321//2321 2122//2122
f 2335//2335 2116//2116 2115//2115
f 2320//2320 2331//2331 2130//2130
f 2331//2331 2111//2111 2130//2130
f 2122//2122 2321//2321 2213//2213
f 2321//2321 2328//2328 2213//2213
f 2213//2213 2328//2328 2214//2214
f 2321//2321 2308//2308 2328//2328
f 2328//2328 2329//2329 2214//2214
f 2329//2329 2215//2215 2214//2214
f 2328//2328 2327//2327 2329//2329
f 2329//2329 2216//2216 2215//2215
f 2327//2327 2326//2326 2329//2329
f 2329//2329 2326//2326 2216//2216
f 2328//2328 2308//2308 2327//2327
f 2216//2216 2326//2326 2217//2217
f 2326//2326 2312//2312 2217//2217
f 2327//2327 2310//2310 2326//2326
f 2217//2217 2312//2312 2218//2218
f 2326//2326 2310//2310 2311//2311
f 2327//2327 2309//2309 2310//2310
f 2327//2327 2307//2307 2309//2309
f 2239//2239 2236//2236 2233//2233
f 2342//2342 2115//2115 2114//2114
f 2326//2326 2311//2311 2312//2312
f 2343//2343 2113//2113 2112//2112
f 2117//2117 2166//2166 2336//2336
f 2340//2340 2347//2347 2348//2348
f 2348//2348 2339//2339 2340//2340
f 2348//2348 2338//2338 2339//2339
f 2347//2347 2340//2340 2330//2330
f 2348//2348 2344//2344 2338//2338
f 2338//2338 2344//2344 2337//2337
f 2347//2347 2345//2345 2348//2348
f 2334//2334 2346//2346 2332//2332
f 2348//2348 2345//2345 2344//2344
f 2346//2346 2334//2334 2333//2333
f 2344//2344 2336//2336 2337//2337
f 2330//2330 2120//2120 2347//2347
f 2346//2346 2333//2333 2342//2342
f 2346//2346 2343//2343 2332//2332
f 2347//2347 2119//2119 2345//2345
f 2347//2347 2120//2120 2119//2119
f 2344//2344 2117//2117 2336//2336
f 2346//2346 2341//2341 2343//2343
f 2345//2345 2118//2118 2344//2344
f 2343//2343 2331//2331 2332//2332
f 2346//2346 2342//2342 2341//2341
f 2345//2345 2119//2119 2118//2118
f 2343//2343 2341//2341 2113//2113
f 2344//2344 2118//2118 2117//2117
f 2343//2343 2111//2111 2331//2331
f 2343//2343 2112//2112 2111//2111
f 2342//2342 2114//2114 2341//2341
f 2330//2330 2122//2122 2120//2120
f 2293//2293 2285//2285 2290//2290
f 2314//2314 2218//2218 2312//2312
f 2313//2313 2325//2325 2220//2220
f 2301//2301 2096//2096 2097//2097
f 2303//2303 2298//2298 2128//2128
f 2302//2302 2301//2301 2300//2300
f 2298//2298 2129//2129 2128//2128
f 2303//2303 2299//2299 2298//2298
f 2301//2301 2097//2097 2297//2297
f 2097//2097 2293//2293 2297//2297
f 2301//2301 2296//2296 2300//2300
f 2129//2129 2298//2298 2295//2295
f 2300//2300 2296//2296 2299//2299
f 2299//2299 2294//2294 2298//2298
f 2293//2293 2097//2097 2098//2098
f 2301//2301 2297//2297 2296//2296
f 2299//2299 2296//2296 2292//2292
f 2295//2295 2130//2130 2129//2129
f 2299//2299 2292//2292 2294//2294
f 2297//2297 2290//2290 2296//2296
f 2298//2298 2291//2291 2295//2295
f 2298//2298 2294//2294 2291//2291
f 2297//2297 2293//2293 2290//2290
f 2130//2130 2295//2295 2223//2223
f 2296//2296 2290//2290 2289//2289
f 2296//2296 2289//2289 2292//2292
f 2295//2295 2291//2291 2223//2223
f 2294//2294 2288//2288 2291//2291
f 2293//2293 2098//2098 2285//2285
f 2290//2290 2284//2284 2289//2289
f 2304//2304 2300//2300 2299//2299
f 2314//2314 2219//2219 2218//2218
f 2304//2304 2299//2299 2303//2303
f 2304//2304 2302//2302 2300//2300
f 2313//2313 2220//2220 2219//2219
f 2325//2325 2324//2324 2220//2220
f 2323//2323 2325//2325 2317//2317
f 2325//2325 2323//2323 2324//2324
f 2323//2323 2317//2317 2316//2316
f 2323//2323 2322//2322 2324//2324
f 2316//2316 2315//2315 2323//2323
f 2324//2324 2221//2221 2271//2271
f 2324//2324 2322//2322 2221//2221
f 2323//2323 2318//2318 2322//2322
f 2323//2323 2315//2315 2318//2318
f 2322//2322 2222//2222 2221//2221
f 2322//2322 2318//2318 2223//2223
f 2322//2322 2223//2223 2222//2222
f 2223//2223 2318//2318 2319//2319
f 2314//2314 2313//2313 2219//2219
f 2319//2319 2320//2320 2130//2130
f 2319//2319 2130//2130 2223//2223
f 2125//2125 2306//2306 2305//2305
f 2305//2305 2126//2126 2125//2125
f 2305//2305 2304//2304 2126//2126
f 2305//2305 2306//2306 2302//2302
f 2306//2306 2096//2096 2302//2302
f 2305//2305 2302//2302 2304//2304
f 2304//2304 2127//2127 2126//2126
f 2304//2304 2303//2303 2127//2127
f 2096//2096 2301//2301 2302//2302
f 2303//2303 2128//2128 2127//2127
f 2238//2238 2231//2231 2215//2215
f 2212//2212 2211//2211 2209//2209
f 2235//2235 2104//2104 2212//2212
f 2158//2158 2155//2155 2152//2152
f 2154//2154 2152//2152 2150//2150
f 2109//2109 2149//2149 2151//2151
f 2156//2156 2145//2145 2148//2148
f 2155//2155 2153//2153 2152//2152
f 2149//2149 2109//2109 2110//2110
f 2115//2115 2148//2148 2114//2114
f 2154//2154 2150//2150 2145//2145
f 2153//2153 2143//2143 2152//2152
f 2153//2153 2151//2151 2146//2146
f 2152//2152 2142//2142 2150//2150
f 2149//2149 2110//2110 2147//2147
f 2149//2149 2144//2144 2151//2151
f 2153//2153 2146//2146 2143//2143
f 2152//2152 2143//2143 2142//2142
f 2150//2150 2142//2142 2145//2145
f 2151//2151 2144//2144 2146//2146
f 2149//2149 2147//2147 2144//2144
f 2146//2146 2144//2144 2140//2140
f 2148//2148 2145//2145 2114//2114
f 2147//2147 2138//2138 2144//2144
f 2142//2142 2143//2143 2141//2141
f 2145//2145 2142//2142 2137//2137
f 2145//2145 2113//2113 2114//2114
f 2147//2147 2110//2110 2125//2125
f 2146//2146 2140//2140 2143//2143
f 2145//2145 2137//2137 2113//2113
f 2237//2237 2215//2215 2216//2216
f 2147//2147 2125//2125 2138//2138
f 2156//2156 2154//2154 2145//2145
f 2159//2159 2154//2154 2156//2156
f 2171//2171 2167//2167 2163//2163
f 2172//2172 2161//2161 2165//2165
f 2172//2172 2165//2165 2166//2166
f 2171//2171 2163//2163 2161//2161
f 2170//2170 2168//2168 2164//2164
f 2168//2168 2108//2108 2162//2162
f 2167//2167 2164//2164 2160//2160
f 2168//2168 2162//2162 2164//2164
f 2167//2167 2160//2160 2163//2163
f 2164//2164 2162//2162 2158//2158
f 2166//2166 2165//2165 2116//2116
f 2165//2165 2161//2161 2116//2116
f 2163//2163 2159//2159 2161//2161
f 2163//2163 2160//2160 2159//2159
f 2108//2108 2157//2157 2162//2162
f 2108//2108 2109//2109 2157//2157
f 2164//2164 2158//2158 2160//2160
f 2161//2161 2115//2115 2116//2116
f 2162//2162 2157//2157 2158//2158
f 2161//2161 2159//2159 2156//2156
f 2161//2161 2156//2156 2115//2115
f 2158//2158 2157//2157 2155//2155
f 2160//2160 2158//2158 2154//2154
f 2160//2160 2154//2154 2159//2159
f 2157//2157 2153//2153 2155//2155
f 2158//2158 2152//2152 2154//2154
f 2115//2115 2156//2156 2148//2148
f 2157//2157 2109//2109 2151//2151
f 2170//2170 2164//2164 2167//2167
f 2144//2144 2139//2139 2140//2140
f 2143//2143 2140//2140 2136//2136
f 2103//2103 2093//2093 2092//2092
f 2103//2103 2092//2092 2104//2104
f 2100//2100 2082//2082 2095//2095
f 2100//2100 2099//2099 2082//2082
f 2104//2104 2092//2092 2211//2211
f 2211//2211 2092//2092 2091//2091
f 2211//2211 2091//2091 2202//2202
f 2099//2099 2098//2098 2082//2082
f 2082//2082 2098//2098 2083//2083
f 2202//2202 2091//2091 2105//2105
f 2105//2105 2091//2091 2090//2090
f 2083//2083 2098//2098 2097//2097
f 2083//2083 2096//2096 2084//2084
f 2083//2083 2097//2097 2096//2096
f 2090//2090 2089//2089 2106//2106
f 2090//2090 2106//2106 2105//2105
f 2084//2084 2096//2096 2306//2306
f 2089//2089 2107//2107 2106//2106
f 2084//2084 2306//2306 2085//2085
f 2085//2085 2306//2306 2110//2110
f 2089//2089 2088//2088 2107//2107
f 2085//2085 2110//2110 2086//2086
f 2088//2088 2108//2108 2107//2107
f 2086//2086 2110//2110 2109//2109
f 2088//2088 2087//2087 2108//2108
f 2086//2086 2109//2109 2087//2087
f 2087//2087 2109//2109 2108//2108
f 2101//2101 2100//2100 2095//2095
f 2144//2144 2138//2138 2139//2139
f 2101//2101 2095//2095 2094//2094
f 2102//2102 2093//2093 2103//2103
f 2142//2142 2141//2141 2135//2135
f 2143//2143 2136//2136 2141//2141
f 2142//2142 2135//2135 2137//2137
f 2140//2140 2139//2139 2134//2134
f 2141//2141 2136//2136 2132//2132
f 2141//2141 2132//2132 2135//2135
f 2138//2138 2127//2127 2139//2139
f 2140//2140 2134//2134 2136//2136
f 2139//2139 2133//2133 2134//2134
f 2138//2138 2125//2125 2126//2126
f 2137//2137 2135//2135 2112//2112
f 2139//2139 2127//2127 2133//2133
f 2138//2138 2126//2126 2127//2127
f 2137//2137 2112//2112 2113//2113
f 2136//2136 2134//2134 2132//2132
f 2134//2134 2131//2131 2132//2132
f 2135//2135 2111//2111 2112//2112
f 2135//2135 2132//2132 2111//2111
f 2134//2134 2133//2133 2131//2131
f 2133//2133 2127//2127 2128//2128
f 2133//2133 2128//2128 2131//2131
f 2132//2132 2131//2131 2111//2111
f 2128//2128 2129//2129 2131//2131
f 2131//2131 2129//2129 2111//2111
f 2111//2111 2129//2129 2130//2130
f 2110//2110 2306//2306 2125//2125
f 2102//2102 2094//2094 2093//2093
f 2102//2102 2101//2101 2094//2094
f 2169//2169 2166//2166 2117//2117
f 2157//2157 2151//2151 2153//2153
f 2173//2173 2171//2171 2161//2161
f 2124//2124 2210//2210 2207//2207
f 2210//2210 2209//2209 2205//2205
f 2124//2124 2207//2207 2208//2208
f 2211//2211 2206//2206 2209//2209
f 2206//2206 2211//2211 2202//2202
f 2209//2209 2206//2206 2201//2201
f 2210//2210 2205//2205 2207//2207
f 2207//2207 2204//2204 2208//2208
f 2208//2208 2203//2203 2121//2121
f 2209//2209 2201//2201 2205//2205
f 2208//2208 2204//2204 2203//2203
f 2207//2207 2205//2205 2200//2200
f 2212//2212 2209//2209 2210//2210
f 2121//2121 2203//2203 2197//2197
f 2206//2206 2199//2199 2201//2201
f 2202//2202 2199//2199 2206//2206
f 2121//2121 2197//2197 2122//2122
f 2204//2204 2198//2198 2203//2203
f 2205//2205 2201//2201 2200//2200
f 2204//2204 2200//2200 2198//2198
f 2203//2203 2198//2198 2197//2197
f 2199//2199 2195//2195 2201//2201
f 2201//2201 2194//2194 2200//2200
f 2202//2202 2105//2105 2196//2196
f 2202//2202 2196//2196 2199//2199
f 2197//2197 2120//2120 2122//2122
f 2207//2207 2200//2200 2204//2204
f 2169//2169 2172//2172 2166//2166
f 2123//2123 2212//2212 2210//2210
f 2212//2212 2104//2104 2211//2211
f 2236//2236 2232//2232 2229//2229
f 2235//2235 2123//2123 2234//2234
f 2236//2236 2228//2228 2233//2233
f 2236//2236 2229//2229 2228//2228
f 2232//2232 2234//2234 2230//2230
f 2235//2235 2212//2212 2123//2123
f 2234//2234 2123//2123 2230//2230
f 2215//2215 2231//2231 2214//2214
f 2233//2233 2228//2228 2231//2231
f 2232//2232 2230//2230 2227//2227
f 2231//2231 2228//2228 2226//2226
f 2232//2232 2227//2227 2229//2229
f 2228//2228 2229//2229 2225//2225
f 2231//2231 2226//2226 2214//2214
f 2230//2230 2123//2123 2124//2124
f 2230//2230 2124//2124 2227//2227
f 2229//2229 2227//2227 2225//2225
f 2228//2228 2225//2225 2226//2226
f 2214//2214 2226//2226 2213//2213
f 2227//2227 2124//2124 2208//2208
f 2227//2227 2208//2208 2225//2225
f 2225//2225 2224//2224 2226//2226
f 2225//2225 2208//2208 2121//2121
f 2226//2226 2224//2224 2213//2213
f 2225//2225 2121//2121 2224//2224
f 2224//2224 2122//2122 2213//2213
f 2224//2224 2121//2121 2122//2122
f 2201//2201 2195//2195 2194//2194
f 2200//2200 2194//2194 2193//2193
f 2123//2123 2210//2210 2124//2124
f 2199//2199 2196//2196 2190//2190
f 2186//2186 2179//2179 2118//2118
f 2187//2187 2178//2178 2181//2181
f 2184//2184 2180//2180 2179//2179
f 2179//2179 2176//2176 2118//2118
f 2183//2183 2177//2177 2178//2178
f 2183//2183 2107//2107 2177//2177
f 2182//2182 2181//2181 2180//2180
f 2178//2178 2175//2175 2181//2181
f 2181//2181 2173//2173 2180//2180
f 2118//2118 2176//2176 2117//2117
f 2181//2181 2175//2175 2173//2173
f 2179//2179 2180//2180 2172//2172
f 2180//2180 2173//2173 2172//2172
f 2184//2184 2182//2182 2180//2180
f 2107//2107 2170//2170 2177//2177
f 2178//2178 2174//2174 2175//2175
f 2179//2179 2169//2169 2176//2176
f 2179//2179 2172//2172 2169//2169
f 2177//2177 2170//2170 2174//2174
f 2176//2176 2169//2169 2117//2117
f 2170//2170 2107//2107 2108//2108
f 2170//2170 2108//2108 2168//2168
f 2175//2175 2171//2171 2173//2173
f 2175//2175 2174//2174 2171//2171
f 2174//2174 2170//2170 2167//2167
f 2174//2174 2167//2167 2171//2171
f 2173//2173 2161//2161 2172//2172
f 2200//2200 2193//2193 2198//2198
f 2178//2178 2177//2177 2174//2174
f 2184//2184 2179//2179 2186//2186
f 2185//2185 2118//2118 2119//2119
f 2192//2192 2189//2189 2185//2185
f 2198//2198 2193//2193 2192//2192
f 2195//2195 2191//2191 2194//2194
f 2196//2196 2105//2105 2106//2106
f 2197//2197 2192//2192 2120//2120
f 2193//2193 2194//2194 2189//2189
f 2196//2196 2188//2188 2190//2190
f 2196//2196 2106//2106 2188//2188
f 2195//2195 2190//2190 2191//2191
f 2194//2194 2191//2191 2189//2189
f 2193//2193 2189//2189 2192//2192
f 2120//2120 2192//2192 2119//2119
f 2190//2190 2188//2188 2182//2182
f 2198//2198 2192//2192 2197//2197
f 2106//2106 2187//2187 2188//2188
f 2189//2189 2191//2191 2186//2186
f 2190//2190 2182//2182 2184//2184
f 2192//2192 2185//2185 2119//2119
f 2191//2191 2184//2184 2186//2186
f 2106//2106 2183//2183 2187//2187
f 2106//2106 2107//2107 2183//2183
f 2188//2188 2187//2187 2181//2181
f 2189//2189 2186//2186 2185//2185
f 2188//2188 2181//2181 2182//2182
f 2185//2185 2186//2186 2118//2118
f 2187//2187 2183//2183 2178//2178
f 2191//2191 2190//2190 2184//2184
f 2199//2199 2190//2190 2195//2195
f 2352//2352 2349//2349 2350//2350
f 2351//2351 2349//2349 2352//2352
f 2363//2363 2358//2358 2357//2357
f 2361//2361 2355//2355 2360//2360
f 2362//2362 2363//2363 2357//2357
f 2361//2361 2356//2356 2355//2355
f 2363//2363 2353//2353 2359//2359
f 2361//2361 2357//2357 2356//2356
f 2361//2361 2362//2362 2357//2357
f 2363//2363 2359//2359 2358//2358
f 2354//2354 2353//2353 2363//2363
f 2366//2366 2364//2364 2365//2365
f 2368//2368 2370//2370 2369//2369
f 2379//2379 2378//2378 2380//2380
f 2375//2375 2374//2374 2376//2376
f 2380//2380 2378//2378 2381//2381
f 2374//2374 2373//2373 2376//2376
f 2376//2376 2373//2373 2377//2377
f 2383//2383 2366//2366 2365//2365
f 2378//2378 2377//2377 2382//2382
f 2377//2377 2373//2373 2372//2372
f 2377//2377 2372//2372 2367//2367
f 2377//2377 2367//2367 2382//2382
f 2372//2372 2368//2368 2367//2367
f 2383//2383 2367//2367 2366//2366
f 2372//2372 2371//2371 2368//2368
f 2371//2371 2370//2370 2368//2368
f 2382//2382 2367//2367 2383//2383
f 2378//2378 2382//2382 2381//2381
f 2395//2395 2389//2389 2394//2394
f 2394//2394 2389//2389 2388//2388
f 2393//2393 2386//2386 2384//2384
f 2393//2393 2387//2387 2386//2386
f 2393//2393 2394//2394 2387//2387
f 2394//2394 2388//2388 2387//2387
f 2392//2392 2385//2385 2391//2391
f 2392//2392 2384//2384 2385//2385
f 2391//2391 2385//2385 2390//2390
f 2392//2392 2393//2393 2384//2384
f 2399//2399 2398//2398 2396//2396
f 2400//2400 2398//2398 2399//2399
f 2400//2400 2397//2397 2398//2398
f 2412//2412 2405//2405 2411//2411
f 2412//2412 2406//2406 2405//2405
f 2409//2409 2410//2410 2404//2404
f 2410//2410 2403//2403 2404//2404
f 2409//2409 2404//2404 2407//2407
f 2409//2409 2401//2401 2408//2408
f 2411//2411 2402//2402 2403//2403
f 2410//2410 2411//2411 2403//2403
f 2411//2411 2405//2405 2402//2402
f 2409//2409 2407//2407 2401//2401
f 2417//2417 2414//2414 2416//2416
f 2417//2417 2415//2415 2414//2414
f 2416//2416 2414//2414 2413//2413
f 2426//2426 2420//2420 2421//2421
f 2425//2425 2426//2426 2421//2421
f 2425//2425 2421//2421 2419//2419
f 2425//2425 2418//2418 2424//2424
f 2427//2427 2422//2422 2423//2423
f 2428//2428 2422//2422 2427//2427
f 2425//2425 2419//2419 2418//2418
f 2426//2426 2427//2427 2420//2420
f 2427//2427 2423//2423 2420//2420
f 2432//2432 2429//2429 2431//2431
f 2432//2432 2430//2430 2429//2429
v 0.0284200 0.0075397 -0.0066999
v 0.0284856 0.0078678 -0.0067000
v 0.0286772 0.0082028 -0.0067000
v 0.0291614 0.0085421 -0.0066998
v 0.0297526 0.0085522 -0.0067000
v 0.0301644 0.0083542 -0.0066999
v 0.0304426 0.0080365 -0.0066999
v 0.0305866 0.0075000 -0.0066998
v 0.0304233 0.0069311 -0.0066999
v 0.0299647 0.0065115 -0.0066999
v 0.0294637 0.0064215 -0.0067000
v 0.0290529 0.0065119 -0.0066999
v 0.0285640 0.0069264 -0.0066998
v 0.0284200 0.0075397 -0.0066999
v 0.0284856 0.0078678 -0.0067000
v 0.0286772 0.0082028 -0.0067000
v 0.0291614 0.0085421 -0.0066998
v 0.0297526 0.0085522 -0.0067000
v 0.0301644 0.0083542 -0.0066999
v 0.0304426 0.0080365 -0.0066999
v 0.0305866 0.0075000 -0.0066998
v 0.0304233 0.0069311 -0.0066999
v 0.0299647 0.0065115 -0.0066999
v 0.0294637 0.0064215 -0.0067000
v 0.0290529 0.0065119 -0.0066999
v 0.0285640 0.0069264 -0.0066998
v 0.0282021 0.0073886 -0.0069252
v 0.0307990 0.0073195 -0.0069218
v 0.0306267 0.0068418 -0.0069239
v 0.0304400 0.0066007 -0.0069250
v 0.0302099 0.0064061 -0.0069242
v 0.0299357 0.0062737 -0.0069255
v 0.0296311 0.0062018 -0.0069250
v 0.0292235 0.0062248 -0.0069250
v 0.0288172 0.0063858 -0.0069255
v 0.0285091 0.0066537 -0.0069245
v 0.0282886 0.0070073 -0.0069266
v 0.0282151 0.0077138 -0.0069248
v 0.0283376 0.0080992 -0.0069230
v 0.0286309 0.0084732 -0.0069250
v 0.0288837 0.0086456 -0.0069250
v 0.0291675 0.0087617 -0.0069250
v 0.0295737 0.0088027 -0.0069250
v 0.0299677 0.0087174 -0.0069242
v 0.0303052 0.0085280 -0.0069275
v 0.0305940 0.0082099 -0.0069242
v 0.0307556 0.0078583 -0.0069275
v 0.0282021 0.0073886 -0.0069252
v 0.0307990 0.0073195 -0.0069218
v 0.0306267 0.0068418 -0.0069239
v 0.0304400 0.0066007 -0.0069250
v 0.0302099 0.0064061 -0.0069242
v 0.0299357 0.0062737 -0.0069255
v 0.0296311 0.0062018 -0.0069250
v 0.0292235 0.0062248 -0.0069250
v 0.0288172 0.0063858 -0.0069255
v 0.0285091 0.0066537 -0.0069245
v 0.0282886 0.0070073 -0.0069266
v 0.0282151 0.0077138 -0.0069248
v 0.0283376 0.0080992 -0.0069230
v 0.0286309 0.0084732 -0.0069250
v 0.0288837 0.0086456 -0.0069250
v 0.0291675 0.0087617 -0.0069250
v 0.0295737 0.0088027 -0.0069250
v 0.0299677 0.0087174 -0.0069242
v 0.0303052 0.0085280 -0.0069275
v 0.0305940 0.0082099 -0.0069242
v 0.0307556 0.0078583 -0.0069275
v 0.0307967 0.0076535 -0.0127000
v 0.0306985 0.0080102 -0.0127000
v 0.0304845 0.0083610 -0.0127000
v 0.0301250 0.0086455 -0.0127000
v 0.0295869 0.0088130 -0.0127000
v 0.0289365 0.0086843 -0.0127000
v 0.0285320 0.0083750 -0.0127000
v 0.0282926 0.0080001 -0.0127000
v 0.0282008 0.0076022 -0.0127000
v 0.0282293 0.0071949 -0.0127000
v 0.0283889 0.0068191 -0.0127000
v 0.0287007 0.0064602 -0.0127000
v 0.0291599 0.0062402 -0.0127000
v 0.0296180 0.0061974 -0.0127000
v 0.0301076 0.0063418 -0.0127000
v 0.0304681 0.0066250 -0.0127000
v 0.0307501 0.0070939 -0.0127000
v 0.0307967 0.0076535 -0.0127000
v 0.0306985 0.0080102 -0.0127000
v 0.0304845 0.0083610 -0.0127000
v 0.0301250 0.0086455 -0.0127000
v 0.0295869 0.0088130 -0.0127000
v 0.0289365 0.0086843 -0.0127000
v 0.0285320 0.0083750 -0.0127000
v 0.0282926 0.0080001 -0.0127000
v 0.0282008 0.0076022 -0.0127000
v 0.0282293 0.0071949 -0.0127000
v 0.0283889 0.0068191 -0.0127000
v 0.0287007 0.0064602 -0.0127000
v 0.0291599 0.0062402 -0.0127000
v 0.0296180 0.0061974 -0.0127000
v 0.0301076 0.0063418 -0.0127000
v 0.0304681 0.0066250 -0.0127000
v 0.0307501 0.0070939 -0.0127000
v 0.0319000 0.0076905 -0.0127006
v 0.0317929 0.0068061 -0.0127007
v 0.0313587 0.0059903 -0.0127002
v 0.0305515 0.0053468 -0.0127007
v 0.0299376 0.0051501 -0.0127011
v 0.0290282 0.0051524 -0.0127002
v 0.0281624 0.0055043 -0.0127038
v 0.0278349 0.0057738 -0.0127021
v 0.0273025 0.0065600 -0.0126999
v 0.0271216 0.0072562 -0.0127011
v 0.0274353 0.0087108 -0.0127001
v 0.0279140 0.0092918 -0.0127016
v 0.0285176 0.0096883 -0.0127006
v 0.0294229 0.0098959 -0.0127007
v 0.0304623 0.0096923 -0.0127003
v 0.0312468 0.0091333 -0.0127009
v 0.0317506 0.0083406 -0.0127022
v 0.0319659 0.0073166 -0.0137773
v 0.0319292 0.0077925 -0.0137896
v 0.0318546 0.0081858 -0.0137883
v 0.0313015 0.0092050 -0.0137738
v 0.0307638 0.0095944 -0.0137953
v 0.0299726 0.0099259 -0.0137808
v 0.0289645 0.0099129 -0.0137770
v 0.0285695 0.0097393 -0.0138021
v 0.0282199 0.0096079 -0.0137796
v 0.0278700 0.0093491 -0.0137811
v 0.0276090 0.0090836 -0.0137802
v 0.0273447 0.0086799 -0.0137880
v 0.0271308 0.0081657 -0.0137828
v 0.0270379 0.0075953 -0.0137842
v 0.0268348 0.0073693 -0.0135786
v 0.0267773 0.0076086 -0.0134479
v 0.0267516 0.0073936 -0.0133254
v 0.0267553 0.0073875 -0.0131630
v 0.0268356 0.0073659 -0.0129397
v 0.0269816 0.0076388 -0.0127756
v 0.0322543 0.0075782 -0.0132284
v 0.0322106 0.0073838 -0.0130406
v 0.0320507 0.0074187 -0.0128070
v 0.0321108 0.0074832 -0.0136577
v 0.0322073 0.0076271 -0.0134989
v 0.0320570 0.0080186 -0.0136558
v 0.0321817 0.0080199 -0.0134402
v 0.0319609 0.0084162 -0.0136375
v 0.0316177 0.0086813 -0.0138037
v 0.0321925 0.0079020 -0.0130565
v 0.0321985 0.0080318 -0.0131917
v 0.0317661 0.0086512 -0.0137245
v 0.0320663 0.0084285 -0.0134375
v 0.0321211 0.0078145 -0.0129059
v 0.0319900 0.0077810 -0.0127670
v 0.0320875 0.0084404 -0.0131955
v 0.0318091 0.0088826 -0.0135371
v 0.0320307 0.0083209 -0.0129302
v 0.0316256 0.0089421 -0.0137025
v 0.0319637 0.0081721 -0.0128084
v 0.0318324 0.0089571 -0.0133570
v 0.0319496 0.0086377 -0.0130108
v 0.0318534 0.0089272 -0.0131760
v 0.0314730 0.0093310 -0.0135401
v 0.0318015 0.0086741 -0.0128350
v 0.0311192 0.0094964 -0.0136979
v 0.0317275 0.0090020 -0.0129790
v 0.0315166 0.0093773 -0.0132734
v 0.0316139 0.0087893 -0.0127481
v 0.0311712 0.0096393 -0.0134835
v 0.0315174 0.0093104 -0.0130231
v 0.0308610 0.0097476 -0.0136375
v 0.0315059 0.0090869 -0.0128117
v 0.0311989 0.0096685 -0.0132574
v 0.0309107 0.0097897 -0.0135335
v 0.0304365 0.0098971 -0.0136970
v 0.0313104 0.0094320 -0.0129161
v 0.0312698 0.0095708 -0.0130719
v 0.0308406 0.0099046 -0.0133033
v 0.0311620 0.0093720 -0.0127640
v 0.0305974 0.0099934 -0.0134596
v 0.0310140 0.0097816 -0.0131185
v 0.0309720 0.0097044 -0.0129163
v 0.0302729 0.0100952 -0.0134934
v 0.0306070 0.0100148 -0.0131663
v 0.0308194 0.0096283 -0.0127666
v 0.0299239 0.0101272 -0.0135882
v 0.0305391 0.0099854 -0.0129876
v 0.0301756 0.0101748 -0.0132511
v 0.0294926 0.0099769 -0.0137742
v 0.0305145 0.0098816 -0.0128389
v 0.0300347 0.0101902 -0.0133785
v 0.0295849 0.0101166 -0.0136431
v 0.0301344 0.0101359 -0.0130270
v 0.0296043 0.0102130 -0.0134746
v 0.0295884 0.0102543 -0.0132841
v 0.0292136 0.0101165 -0.0136273
v 0.0300898 0.0099183 -0.0127555
v 0.0297859 0.0102082 -0.0130673
v 0.0299963 0.0100551 -0.0128584
v 0.0291743 0.0102213 -0.0134058
v 0.0287702 0.0100282 -0.0136312
v 0.0295886 0.0101891 -0.0129781
v 0.0291625 0.0102252 -0.0131549
v 0.0295720 0.0100324 -0.0127895
v 0.0287538 0.0101243 -0.0134347
v 0.0290605 0.0101893 -0.0130524
v 0.0283770 0.0098666 -0.0136466
v 0.0287380 0.0101482 -0.0132346
v 0.0292257 0.0100589 -0.0128245
v 0.0283789 0.0099870 -0.0134402
v 0.0289482 0.0100664 -0.0128821
v 0.0279927 0.0096196 -0.0136663
v 0.0283425 0.0099989 -0.0132151
v 0.0285723 0.0100147 -0.0129616
v 0.0279710 0.0097559 -0.0134594
v 0.0286385 0.0098491 -0.0127617
v 0.0279644 0.0097845 -0.0132096
v 0.0281448 0.0098345 -0.0130026
v 0.0276065 0.0093668 -0.0135965
v 0.0282466 0.0097668 -0.0128414
v 0.0276364 0.0095162 -0.0133759
v 0.0277081 0.0095885 -0.0132162
v 0.0278394 0.0096065 -0.0129659
v 0.0273331 0.0090484 -0.0135868
v 0.0272976 0.0091333 -0.0134017
v 0.0274636 0.0093425 -0.0131593
v 0.0279381 0.0094948 -0.0127908
v 0.0271685 0.0086507 -0.0136676
v 0.0275449 0.0093424 -0.0129799
v 0.0272085 0.0090262 -0.0132284
v 0.0275816 0.0091720 -0.0127947
v 0.0270436 0.0086764 -0.0134640
v 0.0272353 0.0089905 -0.0130317
v 0.0269837 0.0082218 -0.0136443
v 0.0273313 0.0089643 -0.0128751
v 0.0270044 0.0086511 -0.0131647
v 0.0268870 0.0083668 -0.0133392
v 0.0268605 0.0081261 -0.0134871
v 0.0270420 0.0085494 -0.0129489
v 0.0268817 0.0078409 -0.0136208
v 0.0272364 0.0086132 -0.0127772
v 0.0268653 0.0082486 -0.0131202
v 0.0267662 0.0078323 -0.0132791
v 0.0269316 0.0081928 -0.0129252
v 0.0267824 0.0078221 -0.0131183
v 0.0271695 0.0081316 -0.0127069
v 0.0268491 0.0078288 -0.0129512
v 0.0271652 0.0068329 -0.0138024
v 0.0274027 0.0062007 -0.0137806
v 0.0277625 0.0057380 -0.0137761
v 0.0281700 0.0054728 -0.0138033
v 0.0287675 0.0051573 -0.0137873
v 0.0292761 0.0050502 -0.0137846
v 0.0299731 0.0051191 -0.0138025
v 0.0307507 0.0053822 -0.0137852
v 0.0313364 0.0058466 -0.0137812
v 0.0314922 0.0061337 -0.0138079
v 0.0318401 0.0068506 -0.0138015
v 0.0269331 0.0071352 -0.0136762
v 0.0270195 0.0067973 -0.0136907
v 0.0268588 0.0068749 -0.0134885
v 0.0267973 0.0069716 -0.0132783
v 0.0271600 0.0064180 -0.0136907
v 0.0268261 0.0069690 -0.0130718
v 0.0269043 0.0065715 -0.0133201
v 0.0270593 0.0063570 -0.0135213
v 0.0269458 0.0070090 -0.0128519
v 0.0270017 0.0063301 -0.0132511
v 0.0269573 0.0066110 -0.0129867
v 0.0272313 0.0060556 -0.0135409
v 0.0274606 0.0059201 -0.0136878
v 0.0271286 0.0067374 -0.0127560
v 0.0272149 0.0059662 -0.0133280
v 0.0271304 0.0064293 -0.0128537
v 0.0275567 0.0056976 -0.0136002
v 0.0271491 0.0061983 -0.0129819
v 0.0272219 0.0059782 -0.0131229
v 0.0275020 0.0056327 -0.0134167
v 0.0278767 0.0054268 -0.0136292
v 0.0274588 0.0056525 -0.0132157
v 0.0274404 0.0057799 -0.0129655
v 0.0273845 0.0061175 -0.0127793
v 0.0278187 0.0053503 -0.0134313
v 0.0282655 0.0052784 -0.0137249
v 0.0277915 0.0053403 -0.0132736
v 0.0275747 0.0058667 -0.0127831
v 0.0276475 0.0054937 -0.0130945
v 0.0281993 0.0051750 -0.0135771
v 0.0281609 0.0051179 -0.0134220
v 0.0285962 0.0050955 -0.0137012
v 0.0278376 0.0055079 -0.0128464
v 0.0278445 0.0053476 -0.0130383
v 0.0281467 0.0051019 -0.0132405
v 0.0285319 0.0049552 -0.0134661
v 0.0281710 0.0051163 -0.0130876
v 0.0289807 0.0049494 -0.0136615
v 0.0282273 0.0052019 -0.0128819
v 0.0284489 0.0049624 -0.0131647
v 0.0289680 0.0048531 -0.0135116
v 0.0287498 0.0048478 -0.0132124
v 0.0285385 0.0050329 -0.0129129
v 0.0289727 0.0048008 -0.0133314
v 0.0294752 0.0048758 -0.0136399
v 0.0287620 0.0049019 -0.0130068
v 0.0285630 0.0051824 -0.0127618
v 0.0296136 0.0049779 -0.0137363
v 0.0292799 0.0047836 -0.0134450
v 0.0291683 0.0047849 -0.0131059
v 0.0296229 0.0047967 -0.0135001
v 0.0295093 0.0047414 -0.0132674
v 0.0289980 0.0049898 -0.0128135
v 0.0299829 0.0049901 -0.0137125
v 0.0291942 0.0048631 -0.0129261
v 0.0299967 0.0048308 -0.0134821
v 0.0303478 0.0049958 -0.0136145
v 0.0304412 0.0052101 -0.0137751
v 0.0295711 0.0048261 -0.0129547
v 0.0297147 0.0047720 -0.0131181
v 0.0294666 0.0049982 -0.0127635
v 0.0300422 0.0048005 -0.0133236
v 0.0300317 0.0048188 -0.0130947
v 0.0304409 0.0049366 -0.0134280
v 0.0297964 0.0049760 -0.0127984
v 0.0307748 0.0052237 -0.0136540
v 0.0300251 0.0048891 -0.0129379
v 0.0304579 0.0049182 -0.0131907
v 0.0308239 0.0051470 -0.0135116
v 0.0310442 0.0054377 -0.0136945
v 0.0302868 0.0050518 -0.0128195
v 0.0305019 0.0050217 -0.0129511
v 0.0308284 0.0050883 -0.0133122
v 0.0308324 0.0051126 -0.0130979
v 0.0311802 0.0053638 -0.0134730
v 0.0313112 0.0056153 -0.0136495
v 0.0312046 0.0053379 -0.0132832
v 0.0307823 0.0052493 -0.0128416
v 0.0310914 0.0053227 -0.0129955
v 0.0311932 0.0053477 -0.0131208
v 0.0314944 0.0056387 -0.0134391
v 0.0316303 0.0059316 -0.0136131
v 0.0309302 0.0054692 -0.0127522
v 0.0315188 0.0056275 -0.0132637
v 0.0317763 0.0063544 -0.0137205
v 0.0311695 0.0055367 -0.0128284
v 0.0317946 0.0060642 -0.0135064
v 0.0315061 0.0056531 -0.0130746
v 0.0317863 0.0059713 -0.0133238
v 0.0314410 0.0057262 -0.0128905
v 0.0317751 0.0059775 -0.0131178
v 0.0319916 0.0065854 -0.0135953
v 0.0314068 0.0058960 -0.0127579
v 0.0319136 0.0061737 -0.0133235
v 0.0320205 0.0068893 -0.0136779
v 0.0317171 0.0060603 -0.0129020
v 0.0320784 0.0065548 -0.0133765
v 0.0319852 0.0063750 -0.0130678
v 0.0321864 0.0070415 -0.0134605
v 0.0317131 0.0063226 -0.0127688
v 0.0321515 0.0067668 -0.0131825
v 0.0319336 0.0066187 -0.0128379
v 0.0321039 0.0067967 -0.0130042
v 0.0322303 0.0071911 -0.0133472
v 0.0322205 0.0071312 -0.0131459
v 0.0320057 0.0069699 -0.0128126
v 0.0321452 0.0072581 -0.0129247
v 0.0279567 0.0072455 -0.0141003
v 0.0292356 0.0065753 -0.0142299
v 0.0291652 0.0068782 -0.0142598
v 0.0289848 0.0070954 -0.0142654
v 0.0287009 0.0072273 -0.0142473
v 0.0292376 0.0059672 -0.0141115
v 0.0297697 0.0059885 -0.0141179
v 0.0295144 0.0059455 -0.0141009
v 0.0302164 0.0072099 -0.0142524
v 0.0299324 0.0070179 -0.0142663
v 0.0297821 0.0067468 -0.0142483
v 0.0310383 0.0072338 -0.0141079
v 0.0276594 0.0073489 -0.0140227
v 0.0285035 0.0066789 -0.0141681
v 0.0280485 0.0063858 -0.0140273
v 0.0287300 0.0058401 -0.0140244
v 0.0304972 0.0066772 -0.0141677
v 0.0299862 0.0057435 -0.0140255
v 0.0306809 0.0061111 -0.0140289
v 0.0312195 0.0069083 -0.0140310
v 0.0279705 0.0077692 -0.0141071
v 0.0310304 0.0077690 -0.0141038
v 0.0297886 0.0082220 -0.0142525
v 0.0300115 0.0079021 -0.0142664
v 0.0302990 0.0077761 -0.0142420
v 0.0297694 0.0090260 -0.0141062
v 0.0292306 0.0090243 -0.0141073
v 0.0294856 0.0090545 -0.0141010
v 0.0287075 0.0077770 -0.0142430
v 0.0290138 0.0079208 -0.0142673
v 0.0292169 0.0082479 -0.0142487
v 0.0280771 0.0087839 -0.0140051
v 0.0285364 0.0084556 -0.0141545
v 0.0292023 0.0093647 -0.0140100
v 0.0302256 0.0085598 -0.0141691
v 0.0303650 0.0093720 -0.0139454
v 0.0306516 0.0080368 -0.0141687
v 0.0309320 0.0088264 -0.0139841
v 0.0311483 0.0081718 -0.0140387
v 0.0316394 0.0076451 -0.0139171
v 0.0279567 0.0072455 -0.0141003
v 0.0279705 0.0077692 -0.0141071
v 0.0279715 0.0072309 -0.0135000
v 0.0279571 0.0077623 -0.0135000
v 0.0279705 0.0077692 -0.0141071
v 0.0279571 0.0077623 -0.0135000
v 0.0292306 0.0090243 -0.0141073
v 0.0287075 0.0077770 -0.0142430
v 0.0290138 0.0079208 -0.0142673
v 0.0292169 0.0082479 -0.0142487
v 0.0292308 0.0090264 -0.0135000
v 0.0292177 0.0082438 -0.0135000
v 0.0290461 0.0079597 -0.0135000
v 0.0287618 0.0077834 -0.0135000
v 0.0279715 0.0072309 -0.0135000
v 0.0279571 0.0077623 -0.0135000
v 0.0287307 0.0072217 -0.0135000
v 0.0290456 0.0070470 -0.0135000
v 0.0292210 0.0067319 -0.0135000
v 0.0292308 0.0059736 -0.0135000
v 0.0294846 0.0059455 -0.0135000
v 0.0297692 0.0059736 -0.0135000
v 0.0297785 0.0067315 -0.0135000
v 0.0299070 0.0069853 -0.0135000
v 0.0301021 0.0071547 -0.0135000
v 0.0303390 0.0072282 -0.0135000
v 0.0310311 0.0072315 -0.0135000
v 0.0310382 0.0077656 -0.0135000
v 0.0302934 0.0077757 -0.0135000
v 0.0300601 0.0078745 -0.0135000
v 0.0298726 0.0080561 -0.0135000
v 0.0297733 0.0083181 -0.0135000
v 0.0297692 0.0090264 -0.0135000
v 0.0295154 0.0090545 -0.0135000
v 0.0292308 0.0090264 -0.0135000
v 0.0292177 0.0082438 -0.0135000
v 0.0290461 0.0079597 -0.0135000
v 0.0287618 0.0077834 -0.0135000
v 0.0279567 0.0072455 -0.0141003
v 0.0292356 0.0065753 -0.0142299
v 0.0291652 0.0068782 -0.0142598
v 0.0289848 0.0070954 -0.0142654
v 0.0287009 0.0072273 -0.0142473
v 0.0292376 0.0059672 -0.0141115
v 0.0279715 0.0072309 -0.0135000
v 0.0287307 0.0072217 -0.0135000
v 0.0290456 0.0070470 -0.0135000
v 0.0292210 0.0067319 -0.0135000
v 0.0292308 0.0059736 -0.0135000
v 0.0292376 0.0059672 -0.0141115
v 0.0297697 0.0059885 -0.0141179
v 0.0295144 0.0059455 -0.0141009
v 0.0292308 0.0059736 -0.0135000
v 0.0294846 0.0059455 -0.0135000
v 0.0297692 0.0059736 -0.0135000
v 0.0297697 0.0059885 -0.0141179
v 0.0302164 0.0072099 -0.0142524
v 0.0299324 0.0070179 -0.0142663
v 0.0297821 0.0067468 -0.0142483
v 0.0310383 0.0072338 -0.0141079
v 0.0297692 0.0059736 -0.0135000
v 0.0297785 0.0067315 -0.0135000
v 0.0299070 0.0069853 -0.0135000
v 0.0301021 0.0071547 -0.0135000
v 0.0303390 0.0072282 -0.0135000
v 0.0310311 0.0072315 -0.0135000
v 0.0310383 0.0072338 -0.0141079
v 0.0310304 0.0077690 -0.0141038
v 0.0310311 0.0072315 -0.0135000
v 0.0310382 0.0077656 -0.0135000
v 0.0310304 0.0077690 -0.0141038
v 0.0297886 0.0082220 -0.0142525
v 0.0300115 0.0079021 -0.0142664
v 0.0302990 0.0077761 -0.0142420
v 0.0297694 0.0090260 -0.0141062
v 0.0310382 0.0077656 -0.0135000
v 0.0302934 0.0077757 -0.0135000
v 0.0300601 0.0078745 -0.0135000
v 0.0298726 0.0080561 -0.0135000
v 0.0297733 0.0083181 -0.0135000
v 0.0297692 0.0090264 -0.0135000
v 0.0297694 0.0090260 -0.0141062
v 0.0292306 0.0090243 -0.0141073
v 0.0294856 0.0090545 -0.0141010
v 0.0297692 0.0090264 -0.0135000
v 0.0295154 0.0090545 -0.0135000
v 0.0292308 0.0090264 -0.0135000
vn 0.000299 0.000167 1.000000
vn -0.000051 0.000077 1.000000
vn -0.000564 0.000278 1.000000
vn 0.000253 -0.000541 1.000000
vn 0.000024 -0.000024 1.000000
vn -0.000009 0.000049 1.000000
vn -0.000112 0.000045 1.000000
vn -0.000332 0.000088 1.000000
vn 0.000337 -0.000332 1.000000
vn 0.000006 -0.000074 1.000000
vn -0.000048 -0.000322 1.000000
vn 0.000034 -0.000176 1.000000
vn 0.000007 0.000017 1.000000
vn -0.694690 0.012436 0.719202
vn -0.694294 0.217344 0.686088
vn -0.517227 0.463232 0.719647
vn -0.214423 0.658931 0.720994
vn 0.152725 0.670469 0.726048
vn 0.430080 0.552507 0.713980
vn 0.606412 0.337796 0.719832
vn 0.690385 0.004850 0.723426
vn 0.581162 -0.355737 0.731916
vn 0.299581 -0.621713 0.723688
vn -0.016506 -0.690865 0.722796
vn -0.300752 -0.623107 0.722001
vn -0.592479 -0.363375 0.718976
vn -0.685744 -0.086409 0.722696
vn 0.686939 -0.108483 0.718572
vn 0.623832 -0.341729 0.702890
vn 0.483317 -0.483190 0.730022
vn 0.402093 -0.576936 0.710961
vn 0.225930 -0.684745 0.692878
vn 0.072925 -0.696552 0.713791
vn -0.150713 -0.695218 0.702821
vn -0.380822 -0.581283 0.719086
vn -0.516146 -0.480372 0.709109
vn -0.657986 -0.234118 0.715711
vn -0.676406 0.138199 0.723447
vn -0.627916 0.315143 0.711622
vn -0.456480 0.524154 0.718949
vn -0.353027 0.605371 0.713371
vn -0.164955 0.708310 0.686358
vn 0.028772 0.695672 0.717783
vn 0.261279 0.656499 0.707632
vn 0.444833 0.557528 0.700918
vn 0.591652 0.399509 0.700243
vn 0.678378 0.183226 0.711500
vn -0.995872 -0.090738 0.002177
vn 0.991156 -0.132624 0.004560
vn 0.875917 -0.482452 0.003093
vn 0.721996 -0.691897 0.000603
vn 0.545254 -0.838270 0.001065
vn 0.333618 -0.942708 0.001165
vn 0.087769 -0.996141 0.000549
vn -0.214910 -0.976633 0.001177
vn -0.519195 -0.854652 0.002446
vn -0.760817 -0.648960 0.002887
vn -0.924709 -0.380665 0.002572
vn -0.984903 0.173094 0.001889
vn -0.884160 0.467178 0.002507
vn -0.682710 0.730688 0.001591
vn -0.474303 0.880360 0.001569
vn -0.241712 0.970346 0.001890
vn 0.056215 0.998417 0.001903
vn 0.354143 0.935189 0.002183
vn 0.622628 0.782512 0.002890
vn 0.834447 0.551082 0.002686
vn 0.967338 0.253472 0.003050
vn 0.995610 0.093523 -0.003682
vn 0.917812 0.397008 -0.002485
vn 0.748979 0.662588 -0.002869
vn 0.466857 0.884326 -0.003525
vn 0.053722 0.998546 -0.004432
vn -0.412131 0.911115 -0.004166
vn -0.736474 0.676460 -0.002779
vn -0.922137 0.386856 -0.002236
vn -0.996909 0.078533 -0.002099
vn -0.972425 -0.233200 -0.002720
vn -0.848043 -0.529918 -0.003063
vn -0.606009 -0.795452 -0.002892
vn -0.266266 -0.963897 -0.002194
vn 0.096264 -0.995353 -0.002186
vn 0.458678 -0.888599 -0.002503
vn 0.749267 -0.662261 -0.003121
vn 0.951516 -0.307567 -0.004530
vn 0.000552 0.000056 1.000000
vn 0.001312 0.001075 0.999999
vn 0.001165 0.000503 0.999999
vn 0.000390 0.000317 1.000000
vn -0.000101 0.000498 1.000000
vn -0.000615 0.000674 1.000000
vn -0.000300 0.000918 1.000000
vn -0.003728 -0.000800 0.999993
vn -0.003440 0.002052 0.999992
vn -0.000580 0.000262 1.000000
vn -0.000328 -0.001021 0.999999
vn -0.001190 -0.002526 0.999996
vn -0.001430 -0.000988 0.999998
vn 0.000350 -0.000658 1.000000
vn 0.000244 -0.000721 1.000000
vn 0.000149 -0.000332 1.000000
vn 0.000506 -0.000034 1.000000
vn 0.314346 0.017435 0.949148
vn 0.299427 -0.089056 0.949954
vn 0.221904 -0.177231 0.958826
vn 0.137991 -0.290476 0.946880
vn 0.059283 -0.296141 0.953303
vn -0.060727 -0.299305 0.952223
vn -0.186570 -0.285300 0.940104
vn -0.217456 -0.231912 0.948119
vn -0.270027 -0.124961 0.954709
vn -0.316240 -0.032944 0.948107
vn -0.253853 0.159359 0.954025
vn -0.196348 0.222074 0.955055
vn -0.137517 0.276005 0.951268
vn -0.016416 0.306571 0.951706
vn 0.123914 0.284986 0.950489
vn 0.218411 0.197007 0.955764
vn 0.306805 0.117912 0.944440
vn 0.533312 -0.046188 -0.844657
vn 0.520810 0.061810 -0.851432
vn 0.494037 0.146710 -0.856973
vn 0.410051 0.386661 -0.826045
vn 0.261176 0.435601 -0.861417
vn 0.105002 0.532156 -0.840110
vn -0.114255 0.529406 -0.840640
vn -0.186143 0.449676 -0.873580
vn -0.264354 0.442774 -0.856778
vn -0.355376 0.402561 -0.843595
vn -0.427556 0.350133 -0.833429
vn -0.450428 0.249971 -0.857105
vn -0.493960 0.137040 -0.858618
vn -0.537065 0.021049 -0.843278
vn -0.856429 -0.043953 -0.514391
vn -0.951695 0.045645 -0.303634
vn -0.990190 -0.050855 -0.130148
vn -0.983592 -0.035832 0.176811
vn -0.853156 -0.039186 0.520182
vn -0.612209 0.037325 0.789814
vn 0.998651 0.032915 0.040151
vn 0.934677 -0.022051 0.354814
vn 0.658037 -0.026432 0.752521
vn 0.765348 -0.010095 -0.643538
vn 0.927865 0.045890 -0.370083
vn 0.752804 0.154952 -0.639747
vn 0.938990 0.188950 -0.287394
vn 0.746237 0.270710 -0.608150
vn 0.398757 0.225709 -0.888847
vn 0.931584 0.138641 0.336051
vn 0.973734 0.208730 0.090958
vn 0.603291 0.297852 -0.739814
vn 0.901944 0.326772 -0.282342
vn 0.808944 0.089258 0.581071
vn 0.624250 0.082974 0.776806
vn 0.936169 0.336230 0.102654
vn 0.767684 0.451557 -0.454706
vn 0.817926 0.261691 0.512363
vn 0.573583 0.403521 -0.712863
vn 0.646960 0.169776 0.743383
vn 0.834344 0.527075 -0.161438
vn 0.831004 0.387217 0.399368
vn 0.848277 0.509619 0.143925
vn 0.655602 0.603737 -0.453527
vn 0.648220 0.327290 0.687526
vn 0.452166 0.548976 -0.702974
vn 0.731634 0.497261 0.466307
vn 0.735392 0.676976 -0.030042
vn 0.442418 0.275125 0.853565
vn 0.579379 0.730849 -0.360806
vn 0.697590 0.609557 0.376576
vn 0.396082 0.668269 -0.629710
vn 0.540289 0.430530 0.723002
vn 0.622165 0.782765 -0.013773
vn 0.479316 0.780204 -0.401918
vn 0.253466 0.657574 -0.709473
vn 0.556406 0.599122 0.575730
vn 0.621609 0.723185 0.301008
vn 0.489641 0.868542 -0.076722
vn 0.377340 0.446569 0.811289
vn 0.372945 0.870862 -0.320173
vn 0.527195 0.815744 0.237964
vn 0.459231 0.691364 0.557784
vn 0.271248 0.880398 -0.389003
vn 0.394658 0.910144 0.126027
vn 0.309662 0.482272 0.819465
vn 0.137707 0.829079 -0.541908
vn 0.343043 0.831019 0.437869
vn 0.257416 0.966086 0.020352
vn -0.003382 0.535606 -0.844461
vn 0.278171 0.663451 0.694589
vn 0.172930 0.963303 -0.205287
vn 0.024595 0.778214 -0.627518
vn 0.222781 0.895394 0.385535
vn 0.034010 0.935032 -0.352927
vn 0.030790 0.999446 -0.012618
vn -0.092381 0.795881 -0.598364
vn 0.126205 0.522157 0.843460
vn 0.107769 0.953037 0.283029
vn 0.140990 0.749753 0.646523
vn -0.121209 0.963256 -0.239679
vn -0.223078 0.763675 -0.605836
vn 0.018591 0.894596 0.446488
vn -0.099587 0.986812 0.127615
vn 0.029947 0.650674 0.758767
vn -0.258998 0.920140 -0.293705
vn -0.153527 0.923589 0.351301
vn -0.330353 0.703845 -0.628863
vn -0.283472 0.957238 0.057783
vn -0.079869 0.700535 0.709134
vn -0.394688 0.871475 -0.291124
vn -0.168421 0.760431 0.627199
vn -0.442327 0.617196 -0.650704
vn -0.420193 0.903994 0.078951
vn -0.306219 0.827657 0.470334
vn -0.527155 0.788260 -0.317418
vn -0.191892 0.569613 0.799198
vn -0.554480 0.828589 0.077413
vn -0.457255 0.792657 0.403253
vn -0.595007 0.585226 -0.550887
vn -0.350095 0.627412 0.695549
vn -0.668035 0.717146 -0.198573
vn -0.641781 0.760768 0.096698
vn -0.552501 0.688461 0.469856
vn -0.677430 0.477657 -0.559404
vn -0.779436 0.587056 -0.218732
vn -0.734120 0.662523 0.148764
vn -0.394817 0.512166 0.762762
vn -0.678179 0.328812 -0.657234
vn -0.638304 0.614516 0.463614
vn -0.838179 0.543317 0.047571
vn -0.491163 0.430399 0.757308
vn -0.854244 0.412005 -0.317048
vn -0.777217 0.509540 0.369193
vn -0.743599 0.227074 -0.628886
vn -0.642565 0.432103 0.632769
vn -0.894972 0.424082 0.138488
vn -0.941644 0.312196 -0.125859
vn -0.910716 0.212430 -0.354217
vn -0.792360 0.339871 0.506609
vn -0.795462 0.101754 -0.597400
vn -0.573139 0.275215 0.771860
vn -0.942031 0.258220 0.214244
vn -0.990333 0.129306 -0.050200
vn -0.796919 0.208227 0.567063
vn -0.964560 0.111771 0.239022
vn -0.356090 0.092860 0.929826
vn -0.851877 0.106221 0.512857
vn -0.453856 -0.131026 -0.881389
vn -0.463531 -0.282410 -0.839871
vn -0.379072 -0.388547 -0.839842
vn -0.273863 -0.395459 -0.876705
vn -0.139020 -0.476292 -0.868228
vn -0.047705 -0.512606 -0.857297
vn 0.085706 -0.450193 -0.888809
vn 0.254189 -0.434916 -0.863849
vn 0.399506 -0.361990 -0.842234
vn 0.395095 -0.261700 -0.880575
vn 0.461857 -0.134865 -0.876641
vn -0.712600 -0.102323 -0.694068
vn -0.699412 -0.206355 -0.684281
vn -0.901341 -0.211047 -0.378211
vn -0.982003 -0.186102 -0.032204
vn -0.646012 -0.295140 -0.703961
vn -0.932045 -0.192125 0.307213
vn -0.940555 -0.330298 -0.079113
vn -0.826087 -0.386656 -0.409972
vn -0.731026 -0.138688 0.668106
vn -0.901783 -0.431530 0.023839
vn -0.854662 -0.293265 0.428426
vn -0.751765 -0.468453 -0.464113
vn -0.572007 -0.432729 -0.696817
vn -0.564475 -0.173902 0.806924
vn -0.825769 -0.550819 -0.121263
vn -0.676493 -0.303797 0.670868
vn -0.603065 -0.573727 -0.554211
vn -0.783422 -0.432013 0.446782
vn -0.810467 -0.540785 0.225156
vn -0.701859 -0.663078 -0.260235
vn -0.491645 -0.626961 -0.604322
vn -0.741356 -0.666499 0.078552
vn -0.673322 -0.564805 0.477109
vn -0.519850 -0.341223 0.783150
vn -0.586528 -0.752740 -0.298944
vn -0.315277 -0.572828 -0.756617
vn -0.616400 -0.787400 -0.007155
vn -0.483504 -0.414605 0.770926
vn -0.655547 -0.703246 0.275142
vn -0.421459 -0.743107 -0.519774
vn -0.476747 -0.840142 -0.258599
vn -0.254273 -0.675040 -0.692579
vn -0.473409 -0.565901 0.675011
vn -0.562396 -0.744627 0.359502
vn -0.495051 -0.868668 0.018467
vn -0.335468 -0.882544 -0.329511
vn -0.468013 -0.831019 0.300619
vn -0.151955 -0.736333 -0.659336
vn -0.386460 -0.680259 0.622813
vn -0.382145 -0.912796 0.144113
vn -0.186127 -0.889253 -0.417834
vn -0.277221 -0.958623 0.064728
vn -0.303546 -0.776662 0.551956
vn -0.184299 -0.976729 -0.109698
vn -0.016644 -0.789249 -0.613848
vn -0.241422 -0.872688 0.424418
vn -0.212883 -0.524441 0.824405
vn 0.034177 -0.614159 -0.788442
vn -0.080901 -0.947464 -0.309462
vn -0.113298 -0.965098 0.236112
vn 0.063746 -0.920708 -0.385010
vn 0.003895 -0.999981 0.004675
vn -0.141898 -0.679941 0.719407
vn 0.128483 -0.695070 -0.707368
vn -0.092522 -0.829111 0.551376
vn 0.154328 -0.907357 -0.391006
vn 0.262959 -0.771408 -0.579468
vn 0.206859 -0.498207 -0.842021
vn 0.013813 -0.871098 0.490916
vn 0.074630 -0.970962 0.227297
vn -0.008422 -0.582830 0.812551
vn 0.192209 -0.977715 -0.084437
vn 0.191254 -0.947212 0.257315
vn 0.336573 -0.902617 -0.268332
vn 0.078060 -0.658395 0.748614
vn 0.370956 -0.670459 -0.642554
vn 0.165998 -0.829024 0.534007
vn 0.341434 -0.932678 0.116335
vn 0.450482 -0.795371 -0.405526
vn 0.429994 -0.571628 -0.698818
vn 0.206516 -0.651630 0.729883
vn 0.329548 -0.809004 0.486735
vn 0.484657 -0.870475 -0.085918
vn 0.470543 -0.837694 0.277233
vn 0.574821 -0.735920 -0.357774
vn 0.547073 -0.564250 -0.618331
vn 0.616599 -0.786078 -0.043435
vn 0.362571 -0.650092 0.667774
vn 0.524062 -0.721964 0.451804
vn 0.610952 -0.762401 0.213266
vn 0.694893 -0.650060 -0.307483
vn 0.645641 -0.484718 -0.590082
vn 0.307457 -0.425738 0.851009
vn 0.733572 -0.679607 -0.002480
vn 0.594185 -0.298961 -0.746703
vn 0.469960 -0.541329 0.697209
vn 0.778543 -0.473451 -0.411965
vn 0.699584 -0.644992 0.307519
vn 0.813922 -0.573296 -0.094142
vn 0.592501 -0.542626 0.595398
vn 0.804461 -0.545450 0.235216
vn 0.790784 -0.298382 -0.534442
vn 0.457378 -0.389664 0.799354
vn 0.881874 -0.462731 -0.090432
vn 0.724883 -0.169622 -0.667663
vn 0.683562 -0.445307 0.578312
vn 0.920845 -0.344322 -0.182995
vn 0.867225 -0.390608 0.308781
vn 0.926966 -0.167052 -0.335898
vn 0.514742 -0.272652 0.812835
vn 0.959038 -0.264060 0.102557
vn 0.689087 -0.256789 0.677656
vn 0.870619 -0.231973 0.433832
vn 0.986535 -0.099516 -0.129788
vn 0.971884 -0.139381 0.189775
vn 0.666636 -0.131681 0.733660
vn 0.835022 -0.085229 0.543575
vn -0.276095 -0.118565 -0.953789
vn -0.108073 -0.163896 -0.980540
vn -0.101792 -0.116707 -0.987936
vn -0.106523 -0.107705 -0.988460
vn -0.148942 -0.088701 -0.984860
vn -0.066490 -0.277855 -0.958319
vn 0.060865 -0.278235 -0.958583
vn 0.008068 -0.333217 -0.942816
vn 0.140055 -0.083099 -0.986650
vn 0.105689 -0.110794 -0.988208
vn 0.096423 -0.148365 -0.984221
vn 0.267713 -0.047178 -0.962343
vn -0.311062 -0.030757 -0.949892
vn -0.165032 -0.137890 -0.976602
vn -0.242220 -0.179910 -0.953395
vn -0.133222 -0.270361 -0.953497
vn 0.161404 -0.136957 -0.977339
vn 0.086293 -0.307069 -0.947767
vn 0.194253 -0.230773 -0.953420
vn 0.287775 -0.110584 -0.951292
vn -0.273800 0.079768 -0.958473
vn 0.358050 0.035827 -0.933015
vn 0.093853 0.135550 -0.986315
vn 0.124536 0.122248 -0.984655
vn 0.142241 0.084714 -0.986200
vn 0.065619 0.277070 -0.958607
vn -0.088974 0.250425 -0.964039
vn 0.005901 0.286573 -0.958040
vn -0.152110 0.089964 -0.984261
vn -0.112302 0.108044 -0.987783
vn -0.090879 0.148775 -0.984686
vn -0.227870 0.208644 -0.951075
vn -0.152344 0.160733 -0.975170
vn -0.057013 0.311030 -0.948688
vn 0.123815 0.172799 -0.977144
vn 0.134621 0.302651 -0.943546
vn 0.181899 0.094362 -0.978779
vn 0.229049 0.215588 -0.949241
vn 0.274193 0.114307 -0.954857
vn 0.340642 0.021948 -0.939937
vn 0.999998 -0.001766 0.000875
vn 0.999425 -0.026023 0.021757
vn 0.999348 0.027044 -0.023926
vn 0.999991 0.002825 -0.003077
vn 0.019486 -0.999808 -0.002087
vn 0.026133 -0.999601 -0.010755
vn 0.999854 -0.017066 -0.000639
vn 0.230391 -0.973061 -0.008536
vn 0.669949 -0.742355 -0.008825
vn 0.953376 -0.301775 -0.002624
vn 0.999860 -0.016715 -0.000188
vn 0.960262 -0.279061 -0.004579
vn 0.718115 -0.695906 0.004990
vn 0.279069 -0.960259 0.004881
vn 0.000000 0.000000 -1.000000
vn 0.000000 0.000000 -1.000000
vn 0.000000 0.000000 -1.000000
vn 0.000000 0.000000 -1.000000
vn 0.000000 0.000000 -1.000000
vn 0.000000 0.000000 -1.000000
vn 0.000000 0.000000 -1.000000
vn 0.000000 0.000000 -1.000000
vn 0.000000 0.000000 -1.000000
vn 0.000000 0.000000 -1.000000
vn 0.000000 0.000000 -1.000000
vn 0.000000 0.000000 -1.000000
vn 0.000000 0.000000 -1.000000
vn 0.000000 0.000000 -1.000000
vn 0.000000 0.000000 -1.000000
vn 0.000000 0.000000 -1.000000
vn 0.000000 0.000000 -1.000000
vn 0.000000 0.000000 -1.000000
vn 0.000000 0.000000 -1.000000
vn 0.000000 0.000000 -1.000000
vn 0.000000 0.000000 -1.000000
vn 0.000000 0.000000 -1.000000
vn 0.000000 0.000000 -1.000000
vn 0.000000 0.000000 -1.000000
vn 0.029136 0.999298 0.023547
vn 0.993602 0.112782 -0.006004
vn 0.891120 0.453459 -0.016758
vn 0.609273 0.792878 -0.011397
vn 0.236652 0.971593 0.001380
vn 0.999923 0.005453 0.011151
vn 0.020668 0.999670 0.015280
vn 0.253650 0.967255 0.008903
vn 0.703853 0.710110 0.018287
vn 0.967148 0.253643 0.017031
vn 0.999847 0.009619 0.014585
vn 0.086280 0.996271 0.000497
vn -0.164715 0.986056 0.023733
vn -0.039062 0.999184 0.010257
vn 0.110015 0.993888 -0.009174
vn 0.004753 0.999975 -0.005321
vn -0.115499 0.993304 0.002521
vn -0.999901 0.013872 -0.002357
vn -0.322902 0.946264 -0.017870
vn -0.739667 0.672844 -0.013181
vn -0.961473 0.274852 -0.005092
vn -0.015375 0.999845 -0.008604
vn -0.999925 0.012228 -0.000379
vn -0.971720 0.236133 0.001164
vn -0.789765 0.613380 0.006031
vn -0.490532 0.871337 0.012285
vn -0.143678 0.989609 0.005536
vn -0.004685 0.999982 0.003693
vn -0.999997 -0.001826 0.001499
vn -0.999808 -0.014795 0.012847
vn -0.999842 0.013332 -0.011763
vn -1.000000 0.000408 -0.000455
vn -0.011622 -0.999928 -0.002979
vn -0.945708 -0.324366 -0.020570
vn -0.630599 -0.775964 -0.014980
vn -0.226076 -0.974107 -0.002180
vn -0.999870 -0.013326 -0.009073
vn -0.013558 -0.999894 -0.005343
vn -0.206799 -0.978370 -0.005060
vn -0.545103 -0.838358 0.004341
vn -0.833996 -0.551604 0.013531
vn -0.984831 -0.173395 0.006535
vn -0.999984 -0.005722 -0.000193
vn -0.102492 -0.994726 0.003857
vn 0.117547 -0.993061 0.003400
vn 0.009734 -0.999948 0.002995
vn -0.110029 -0.993928 0.000662
vn -0.007763 -0.999969 -0.001417
vn 0.103204 -0.994656 -0.002754
f 2442//2442 2439//2439 2438//2438
f 2445//2445 2438//2438 2437//2437
f 2445//2445 2443//2443 2442//2442
f 2445//2445 2442//2442 2438//2438
f 2445//2445 2444//2444 2443//2443
f 2445//2445 2437//2437 2434//2434
f 2434//2434 2437//2437 2436//2436
f 2434//2434 2436//2436 2435//2435
f 2442//2442 2441//2441 2440//2440
f 2442//2442 2440//2440 2439//2439
f 2445//2445 2434//2434 2433//2433
f 2475//2475 2449//2449 2450//2450
f 2471//2471 2447//2447 2448//2448
f 2472//2472 2448//2448 2449//2449
f 2473//2473 2472//2472 2449//2449
f 2474//2474 2473//2473 2449//2449
f 2475//2475 2474//2474 2449//2449
f 2476//2476 2475//2475 2450//2450
f 2479//2479 2452//2452 2453//2453
f 2477//2477 2476//2476 2451//2451
f 2451//2451 2478//2478 2477//2477
f 2478//2478 2451//2451 2452//2452
f 2471//2471 2446//2446 2447//2447
f 2479//2479 2478//2478 2452//2452
f 2453//2453 2460//2460 2479//2479
f 2476//2476 2450//2450 2451//2451
f 2471//2471 2470//2470 2446//2446
f 2472//2472 2471//2471 2448//2448
f 2459//2459 2458//2458 2446//2446
f 2446//2446 2470//2470 2459//2459
f 2460//2460 2453//2453 2454//2454
f 2454//2454 2461//2461 2460//2460
f 2462//2462 2461//2461 2454//2454
f 2462//2462 2454//2454 2455//2455
f 2464//2464 2463//2463 2455//2455
f 2465//2465 2464//2464 2455//2455
f 2465//2465 2455//2455 2456//2456
f 2463//2463 2462//2462 2455//2455
f 2466//2466 2456//2456 2457//2457
f 2467//2467 2466//2466 2457//2457
f 2467//2467 2457//2457 2458//2458
f 2468//2468 2467//2467 2458//2458
f 2469//2469 2468//2468 2458//2458
f 2459//2459 2469//2469 2458//2458
f 2466//2466 2465//2465 2456//2456
f 2487//2487 2513//2513 2514//2514
f 2490//2490 2510//2510 2511//2511
f 2489//2489 2490//2490 2511//2511
f 2489//2489 2511//2511 2512//2512
f 2488//2488 2489//2489 2512//2512
f 2488//2488 2512//2512 2513//2513
f 2487//2487 2488//2488 2513//2513
f 2486//2486 2487//2487 2514//2514
f 2481//2481 2517//2517 2501//2501
f 2485//2485 2486//2486 2514//2514
f 2484//2484 2485//2485 2515//2515
f 2483//2483 2484//2484 2516//2516
f 2482//2482 2483//2483 2516//2516
f 2482//2482 2516//2516 2517//2517
f 2481//2481 2482//2482 2517//2517
f 2490//2490 2480//2480 2510//2510
f 2485//2485 2514//2514 2515//2515
f 2480//2480 2509//2509 2510//2510
f 2484//2484 2515//2515 2516//2516
f 2491//2491 2508//2508 2509//2509
f 2480//2480 2491//2491 2509//2509
f 2500//2500 2481//2481 2501//2501
f 2499//2499 2500//2500 2502//2502
f 2499//2499 2502//2502 2503//2503
f 2498//2498 2499//2499 2503//2503
f 2498//2498 2503//2503 2504//2504
f 2497//2497 2498//2498 2504//2504
f 2497//2497 2504//2504 2505//2505
f 2500//2500 2501//2501 2502//2502
f 2495//2495 2496//2496 2505//2505
f 2495//2495 2505//2505 2506//2506
f 2494//2494 2495//2495 2506//2506
f 2493//2493 2494//2494 2506//2506
f 2493//2493 2506//2506 2507//2507
f 2492//2492 2493//2493 2507//2507
f 2492//2492 2507//2507 2508//2508
f 2496//2496 2497//2497 2505//2505
f 2491//2491 2492//2492 2508//2508
f 2749//2749 2745//2745 2740//2740
f 2746//2746 2742//2742 2741//2741
f 2747//2747 2744//2744 2748//2748
f 2752//2752 2742//2742 2746//2746
f 2750//2750 2749//2749 2742//2742
f 2751//2751 2540//2540 2743//2743
f 2752//2752 2750//2750 2742//2742
f 2754//2754 2746//2746 2747//2747
f 2753//2753 2750//2750 2752//2752
f 2754//2754 2752//2752 2746//2746
f 2753//2753 2749//2749 2750//2750
f 2751//2751 2539//2539 2540//2540
f 2751//2751 2743//2743 2745//2745
f 2755//2755 2751//2751 2749//2749
f 2751//2751 2745//2745 2749//2749
f 2747//2747 2746//2746 2744//2744
f 2743//2743 2737//2737 2733//2733
f 2748//2748 2744//2744 2686//2686
f 2737//2737 2540//2540 2541//2541
f 2741//2741 2739//2739 2735//2735
f 2742//2742 2734//2734 2739//2739
f 2743//2743 2733//2733 2736//2736
f 2740//2740 2736//2736 2732//2732
f 2742//2742 2740//2740 2734//2734
f 2742//2742 2739//2739 2741//2741
f 2744//2744 2738//2738 2686//2686
f 2756//2756 2747//2747 2748//2748
f 2745//2745 2736//2736 2740//2740
f 2744//2744 2735//2735 2738//2738
f 2745//2745 2743//2743 2736//2736
f 2540//2540 2737//2737 2743//2743
f 2746//2746 2735//2735 2744//2744
f 2746//2746 2741//2741 2735//2735
f 2749//2749 2740//2740 2742//2742
f 2756//2756 2748//2748 2687//2687
f 2763//2763 2754//2754 2759//2759
f 2758//2758 2752//2752 2754//2754
f 2766//2766 2760//2760 2688//2688
f 2538//2538 2539//2539 2761//2761
f 2767//2767 2763//2763 2765//2765
f 2767//2767 2764//2764 2763//2763
f 2768//2768 2761//2761 2762//2762
f 2769//2769 2762//2762 2764//2764
f 2770//2770 2764//2764 2767//2767
f 2771//2771 2765//2765 2766//2766
f 2768//2768 2762//2762 2769//2769
f 2772//2772 2766//2766 2688//2688
f 2538//2538 2761//2761 2768//2768
f 2770//2770 2769//2769 2764//2764
f 2771//2771 2767//2767 2765//2765
f 2772//2772 2771//2771 2766//2766
f 2740//2740 2732//2732 2734//2734
f 2765//2765 2760//2760 2766//2766
f 2757//2757 2749//2749 2753//2753
f 2765//2765 2763//2763 2759//2759
f 2765//2765 2759//2759 2760//2760
f 2757//2757 2755//2755 2749//2749
f 2758//2758 2753//2753 2752//2752
f 2759//2759 2747//2747 2756//2756
f 2759//2759 2754//2754 2747//2747
f 2539//2539 2751//2751 2755//2755
f 2762//2762 2757//2757 2753//2753
f 2762//2762 2753//2753 2758//2758
f 2760//2760 2756//2756 2687//2687
f 2761//2761 2755//2755 2757//2757
f 2763//2763 2758//2758 2754//2754
f 2761//2761 2757//2757 2762//2762
f 2688//2688 2760//2760 2687//2687
f 2539//2539 2755//2755 2761//2761
f 2760//2760 2759//2759 2756//2756
f 2764//2764 2758//2758 2763//2763
f 2764//2764 2762//2762 2758//2758
f 2739//2739 2734//2734 2731//2731
f 2684//2684 2716//2716 2683//2683
f 2737//2737 2729//2729 2733//2733
f 2713//2713 2708//2708 2709//2709
f 2711//2711 2710//2710 2707//2707
f 2715//2715 2710//2710 2711//2711
f 2713//2713 2714//2714 2708//2708
f 2713//2713 2709//2709 2712//2712
f 2716//2716 2711//2711 2683//2683
f 2717//2717 2710//2710 2715//2715
f 2717//2717 2712//2712 2710//2710
f 2719//2719 2713//2713 2712//2712
f 2720//2720 2711//2711 2716//2716
f 2714//2714 2542//2542 2543//2543
f 2718//2718 2714//2714 2713//2713
f 2719//2719 2712//2712 2717//2717
f 2774//2774 2767//2767 2771//2771
f 2721//2721 2711//2711 2720//2720
f 2543//2543 2704//2704 2714//2714
f 2721//2721 2715//2715 2711//2711
f 2711//2711 2682//2682 2683//2683
f 2712//2712 2709//2709 2705//2705
f 2704//2704 2543//2543 2544//2544
f 2704//2704 2699//2699 2701//2701
f 2705//2705 2700//2700 2702//2702
f 2708//2708 2701//2701 2700//2700
f 2707//2707 2702//2702 2703//2703
f 2706//2706 2704//2704 2701//2701
f 2709//2709 2700//2700 2705//2705
f 2708//2708 2706//2706 2701//2701
f 2710//2710 2702//2702 2707//2707
f 2707//2707 2703//2703 2682//2682
f 2709//2709 2708//2708 2700//2700
f 2710//2710 2705//2705 2702//2702
f 2711//2711 2707//2707 2682//2682
f 2712//2712 2705//2705 2710//2710
f 2714//2714 2704//2704 2706//2706
f 2714//2714 2706//2706 2708//2708
f 2738//2738 2685//2685 2686//2686
f 2722//2722 2716//2716 2684//2684
f 2542//2542 2714//2714 2718//2718
f 2685//2685 2728//2728 2684//2684
f 2730//2730 2727//2727 2725//2725
f 2732//2732 2730//2730 2726//2726
f 2541//2541 2723//2723 2729//2729
f 2733//2733 2727//2727 2730//2730
f 2733//2733 2729//2729 2727//2727
f 2734//2734 2726//2726 2731//2731
f 2734//2734 2732//2732 2726//2726
f 2735//2735 2728//2728 2685//2685
f 2736//2736 2730//2730 2732//2732
f 2737//2737 2541//2541 2729//2729
f 2736//2736 2733//2733 2730//2730
f 2735//2735 2731//2731 2728//2728
f 2739//2739 2731//2731 2735//2735
f 2738//2738 2735//2735 2685//2685
f 2731//2731 2726//2726 2728//2728
f 2724//2724 2713//2713 2719//2719
f 2728//2728 2726//2726 2722//2722
f 2729//2729 2723//2723 2724//2724
f 2723//2723 2718//2718 2713//2713
f 2724//2724 2719//2719 2717//2717
f 2721//2721 2717//2717 2715//2715
f 2725//2725 2717//2717 2721//2721
f 2723//2723 2713//2713 2724//2724
f 2722//2722 2720//2720 2716//2716
f 2726//2726 2720//2720 2722//2722
f 2725//2725 2724//2724 2717//2717
f 2727//2727 2724//2724 2725//2725
f 2726//2726 2721//2721 2720//2720
f 2542//2542 2718//2718 2723//2723
f 2729//2729 2724//2724 2727//2727
f 2728//2728 2722//2722 2684//2684
f 2726//2726 2725//2725 2721//2721
f 2541//2541 2542//2542 2723//2723
f 2730//2730 2725//2725 2726//2726
f 2775//2775 2688//2688 2689//2689
f 2791//2791 2787//2787 2789//2789
f 2776//2776 2768//2768 2769//2769
f 2816//2816 2689//2689 2688//2688
f 2817//2817 2689//2689 2816//2816
f 2817//2817 2816//2816 2814//2814
f 2817//2817 2690//2690 2689//2689
f 2817//2817 2814//2814 2809//2809
f 2817//2817 2837//2837 2690//2690
f 2814//2814 2806//2806 2809//2809
f 2817//2817 2809//2809 2837//2837
f 2810//2810 2818//2818 2798//2798
f 2818//2818 2810//2810 2564//2564
f 2818//2818 2564//2564 2563//2563
f 2829//2829 2818//2818 2563//2563
f 2829//2829 2563//2563 2562//2562
f 2829//2829 2562//2562 2561//2561
f 2564//2564 2810//2810 2565//2565
f 2816//2816 2688//2688 2687//2687
f 2816//2816 2804//2804 2814//2814
f 2816//2816 2815//2815 2804//2804
f 2813//2813 2811//2811 2799//2799
f 2813//2813 2799//2799 2803//2803
f 2813//2813 2684//2684 2683//2683
f 2803//2803 2684//2684 2813//2813
f 2803//2803 2685//2685 2684//2684
f 2803//2803 2686//2686 2685//2685
f 2814//2814 2808//2808 2807//2807
f 2814//2814 2804//2804 2808//2808
f 2815//2815 2805//2805 2804//2804
f 2815//2815 2686//2686 2803//2803
f 2815//2815 2803//2803 2805//2805
f 2815//2815 2748//2748 2686//2686
f 2814//2814 2807//2807 2806//2806
f 2816//2816 2687//2687 2748//2748
f 2816//2816 2748//2748 2815//2815
f 2830//2830 2826//2826 2818//2818
f 2829//2829 2561//2561 2560//2560
f 2830//2830 2828//2828 2827//2827
f 2830//2830 2818//2818 2829//2829
f 2832//2832 2823//2823 2833//2833
f 2835//2835 2832//2832 2833//2833
f 2835//2835 2556//2556 2555//2555
f 2835//2835 2833//2833 2556//2556
f 2834//2834 2832//2832 2835//2835
f 2836//2836 2819//2819 2834//2834
f 2836//2836 2834//2834 2835//2835
f 2580//2580 2835//2835 2555//2555
f 2836//2836 2809//2809 2819//2819
f 2836//2836 2835//2835 2580//2580
f 2836//2836 2580//2580 2554//2554
f 2837//2837 2836//2836 2554//2554
f 2837//2837 2809//2809 2836//2836
f 2837//2837 2554//2554 2553//2553
f 2837//2837 2553//2553 2552//2552
f 2834//2834 2820//2820 2832//2832
f 2813//2813 2683//2683 2812//2812
f 2834//2834 2819//2819 2822//2822
f 2834//2834 2821//2821 2820//2820
f 2830//2830 2827//2827 2826//2826
f 2559//2559 2829//2829 2560//2560
f 2830//2830 2824//2824 2828//2828
f 2831//2831 2829//2829 2559//2559
f 2831//2831 2830//2830 2829//2829
f 2831//2831 2824//2824 2830//2830
f 2831//2831 2559//2559 2558//2558
f 2831//2831 2825//2825 2824//2824
f 2831//2831 2558//2558 2621//2621
f 2831//2831 2621//2621 2557//2557
f 2823//2823 2831//2831 2557//2557
f 2823//2823 2825//2825 2831//2831
f 2832//2832 2820//2820 2823//2823
f 2833//2833 2823//2823 2557//2557
f 2833//2833 2557//2557 2556//2556
f 2834//2834 2822//2822 2821//2821
f 2813//2813 2812//2812 2811//2811
f 2812//2812 2683//2683 2682//2682
f 2799//2799 2811//2811 2800//2800
f 2784//2784 2781//2781 2779//2779
f 2784//2784 2779//2779 2777//2777
f 2537//2537 2773//2773 2783//2783
f 2786//2786 2780//2780 2778//2778
f 2783//2783 2776//2776 2780//2780
f 2787//2787 2777//2777 2782//2782
f 2782//2782 2775//2775 2785//2785
f 2787//2787 2784//2784 2777//2777
f 2788//2788 2781//2781 2784//2784
f 2783//2783 2780//2780 2786//2786
f 2552//2552 2785//2785 2690//2690
f 2788//2788 2786//2786 2781//2781
f 2788//2788 2784//2784 2787//2787
f 2789//2789 2782//2782 2785//2785
f 2789//2789 2787//2787 2782//2782
f 2786//2786 2778//2778 2781//2781
f 2790//2790 2783//2783 2786//2786
f 2783//2783 2773//2773 2776//2776
f 2782//2782 2777//2777 2775//2775
f 2774//2774 2770//2770 2767//2767
f 2775//2775 2772//2772 2688//2688
f 2778//2778 2770//2770 2774//2774
f 2773//2773 2768//2768 2776//2776
f 2777//2777 2771//2771 2772//2772
f 2778//2778 2769//2769 2770//2770
f 2779//2779 2771//2771 2777//2777
f 2779//2779 2774//2774 2771//2771
f 2690//2690 2775//2775 2689//2689
f 2780//2780 2769//2769 2778//2778
f 2780//2780 2776//2776 2769//2769
f 2781//2781 2778//2778 2774//2774
f 2781//2781 2774//2774 2779//2779
f 2777//2777 2772//2772 2775//2775
f 2773//2773 2537//2537 2538//2538
f 2785//2785 2775//2775 2690//2690
f 2538//2538 2768//2768 2773//2773
f 2791//2791 2788//2788 2787//2787
f 2575//2575 2785//2785 2552//2552
f 2536//2536 2792//2792 2796//2796
f 2573//2573 2797//2797 2795//2795
f 2574//2574 2796//2796 2797//2797
f 2535//2535 2536//2536 2796//2796
f 2535//2535 2796//2796 2574//2574
f 2680//2680 2565//2565 2810//2810
f 2552//2552 2690//2690 2837//2837
f 2811//2811 2798//2798 2802//2802
f 2811//2811 2802//2802 2801//2801
f 2810//2810 2798//2798 2811//2811
f 2811//2811 2801//2801 2800//2800
f 2812//2812 2680//2680 2810//2810
f 2812//2812 2810//2810 2811//2811
f 2812//2812 2681//2681 2680//2680
f 2812//2812 2682//2682 2681//2681
f 2797//2797 2796//2796 2793//2793
f 2537//2537 2783//2783 2790//2790
f 2573//2573 2795//2795 2572//2572
f 2795//2795 2794//2794 2572//2572
f 2702//2702 2700//2700 2698//2698
f 2792//2792 2786//2786 2788//2788
f 2792//2792 2790//2790 2786//2786
f 2793//2793 2788//2788 2791//2791
f 2575//2575 2789//2789 2785//2785
f 2790//2790 2536//2536 2537//2537
f 2789//2789 2575//2575 2576//2576
f 2792//2792 2788//2788 2793//2793
f 2794//2794 2791//2791 2789//2789
f 2795//2795 2791//2791 2794//2794
f 2536//2536 2790//2790 2792//2792
f 2794//2794 2789//2789 2576//2576
f 2794//2794 2576//2576 2572//2572
f 2796//2796 2792//2792 2793//2793
f 2795//2795 2793//2793 2791//2791
f 2797//2797 2793//2793 2795//2795
f 2704//2704 2544//2544 2699//2699
f 2702//2702 2695//2695 2681//2681
f 2700//2700 2701//2701 2697//2697
f 2602//2602 2604//2604 2598//2598
f 2606//2606 2601//2601 2603//2603
f 2600//2600 2550//2550 2551//2551
f 2609//2609 2602//2602 2599//2599
f 2609//2609 2599//2599 2605//2605
f 2603//2603 2556//2556 2607//2607
f 2604//2604 2600//2600 2596//2596
f 2550//2550 2600//2600 2604//2604
f 2610//2610 2601//2601 2606//2606
f 2611//2611 2604//2604 2608//2608
f 2609//2609 2608//2608 2602//2602
f 2610//2610 2605//2605 2601//2601
f 2612//2612 2606//2606 2603//2603
f 2613//2613 2609//2609 2605//2605
f 2608//2608 2604//2604 2602//2602
f 2603//2603 2597//2597 2556//2556
f 2605//2605 2599//2599 2601//2601
f 2601//2601 2597//2597 2603//2603
f 2551//2551 2591//2591 2596//2596
f 2596//2596 2589//2589 2593//2593
f 2595//2595 2592//2592 2588//2588
f 2597//2597 2555//2555 2556//2556
f 2598//2598 2593//2593 2594//2594
f 2599//2599 2592//2592 2595//2595
f 2597//2597 2595//2595 2555//2555
f 2600//2600 2551//2551 2596//2596
f 2598//2598 2596//2596 2593//2593
f 2599//2599 2594//2594 2592//2592
f 2601//2601 2595//2595 2597//2597
f 2602//2602 2594//2594 2599//2599
f 2602//2602 2598//2598 2594//2594
f 2604//2604 2596//2596 2598//2598
f 2601//2601 2599//2599 2595//2595
f 2607//2607 2556//2556 2557//2557
f 2550//2550 2604//2604 2611//2611
f 2613//2613 2605//2605 2610//2610
f 2612//2612 2610//2610 2606//2606
f 2624//2624 2557//2557 2621//2621
f 2625//2625 2616//2616 2620//2620
f 2624//2624 2618//2618 2557//2557
f 2623//2623 2615//2615 2618//2618
f 2619//2619 2616//2616 2625//2625
f 2626//2626 2623//2623 2618//2618
f 2549//2549 2617//2617 2622//2622
f 2627//2627 2623//2623 2626//2626
f 2626//2626 2618//2618 2624//2624
f 2628//2628 2624//2624 2621//2621
f 2630//2630 2625//2625 2620//2620
f 2631//2631 2622//2622 2619//2619
f 2631//2631 2619//2619 2625//2625
f 2627//2627 2620//2620 2623//2623
f 2549//2549 2622//2622 2629//2629
f 2622//2622 2617//2617 2614//2614
f 2596//2596 2591//2591 2589//2589
f 2617//2617 2549//2549 2611//2611
f 2622//2622 2614//2614 2619//2619
f 2612//2612 2603//2603 2607//2607
f 2614//2614 2609//2609 2613//2613
f 2703//2703 2681//2681 2682//2682
f 2615//2615 2612//2612 2607//2607
f 2614//2614 2611//2611 2608//2608
f 2616//2616 2613//2613 2610//2610
f 2617//2617 2611//2611 2614//2614
f 2618//2618 2607//2607 2557//2557
f 2619//2619 2613//2613 2616//2616
f 2616//2616 2610//2610 2612//2612
f 2619//2619 2614//2614 2613//2613
f 2618//2618 2615//2615 2607//2607
f 2611//2611 2549//2549 2550//2550
f 2620//2620 2612//2612 2615//2615
f 2620//2620 2616//2616 2612//2612
f 2623//2623 2620//2620 2615//2615
f 2595//2595 2588//2588 2590//2590
f 2595//2595 2590//2590 2555//2555
f 2594//2594 2593//2593 2587//2587
f 2545//2545 2525//2525 2524//2524
f 2678//2678 2525//2525 2545//2545
f 2539//2539 2532//2532 2531//2531
f 2539//2539 2538//2538 2532//2532
f 2678//2678 2526//2526 2525//2525
f 2540//2540 2539//2539 2531//2531
f 2544//2544 2527//2527 2526//2526
f 2544//2544 2526//2526 2678//2678
f 2540//2540 2531//2531 2530//2530
f 2543//2543 2527//2527 2544//2544
f 2543//2543 2528//2528 2527//2527
f 2541//2541 2530//2530 2529//2529
f 2541//2541 2540//2540 2530//2530
f 2542//2542 2528//2528 2543//2543
f 2542//2542 2541//2541 2529//2529
f 2538//2538 2533//2533 2532//2532
f 2542//2542 2529//2529 2528//2528
f 2538//2538 2537//2537 2533//2533
f 2524//2524 2523//2523 2546//2546
f 2521//2521 2520//2520 2550//2550
f 2521//2521 2550//2550 2549//2549
f 2520//2520 2551//2551 2550//2550
f 2519//2519 2551//2551 2520//2520
f 2522//2522 2521//2521 2549//2549
f 2519//2519 2535//2535 2551//2551
f 2518//2518 2535//2535 2519//2519
f 2522//2522 2549//2549 2548//2548
f 2534//2534 2535//2535 2518//2518
f 2534//2534 2536//2536 2535//2535
f 2523//2523 2548//2548 2547//2547
f 2523//2523 2522//2522 2548//2548
f 2534//2534 2537//2537 2536//2536
f 2523//2523 2547//2547 2546//2546
f 2533//2533 2537//2537 2534//2534
f 2545//2545 2524//2524 2546//2546
f 2628//2628 2626//2626 2624//2624
f 2575//2575 2552//2552 2553//2553
f 2577//2577 2576//2576 2575//2575
f 2589//2589 2585//2585 2581//2581
f 2587//2587 2581//2581 2582//2582
f 2588//2588 2584//2584 2579//2579
f 2590//2590 2588//2588 2583//2583
f 2590//2590 2583//2583 2580//2580
f 2591//2591 2585//2585 2589//2589
f 2589//2589 2581//2581 2587//2587
f 2592//2592 2584//2584 2588//2588
f 2591//2591 2586//2586 2585//2585
f 2592//2592 2587//2587 2584//2584
f 2555//2555 2590//2590 2580//2580
f 2594//2594 2587//2587 2592//2592
f 2551//2551 2586//2586 2591//2591
f 2593//2593 2589//2589 2587//2587
f 2551//2551 2535//2535 2586//2586
f 2586//2586 2535//2535 2574//2574
f 2577//2577 2575//2575 2553//2553
f 2588//2588 2579//2579 2583//2583
f 2587//2587 2578//2578 2584//2584
f 2578//2578 2576//2576 2577//2577
f 2554//2554 2577//2577 2553//2553
f 2579//2579 2577//2577 2554//2554
f 2578//2578 2572//2572 2576//2576
f 2581//2581 2573//2573 2572//2572
f 2582//2582 2572//2572 2578//2578
f 2583//2583 2554//2554 2580//2580
f 2583//2583 2579//2579 2554//2554
f 2584//2584 2578//2578 2577//2577
f 2584//2584 2577//2577 2579//2579
f 2585//2585 2573//2573 2581//2581
f 2585//2585 2797//2797 2573//2573
f 2582//2582 2581//2581 2572//2572
f 2585//2585 2574//2574 2797//2797
f 2586//2586 2574//2574 2585//2585
f 2587//2587 2582//2582 2578//2578
f 2558//2558 2628//2628 2621//2621
f 2614//2614 2608//2608 2609//2609
f 2629//2629 2622//2622 2631//2631
f 2672//2672 2670//2670 2666//2666
f 2673//2673 2667//2667 2671//2671
f 2674//2674 2668//2668 2669//2669
f 2672//2672 2565//2565 2566//2566
f 2674//2674 2671//2671 2668//2668
f 2675//2675 2669//2669 2670//2670
f 2673//2673 2545//2545 2663//2663
f 2672//2672 2566//2566 2567//2567
f 2567//2567 2670//2670 2672//2672
f 2676//2676 2673//2673 2671//2671
f 2676//2676 2671//2671 2674//2674
f 2630//2630 2620//2620 2627//2627
f 2677//2677 2674//2674 2675//2675
f 2678//2678 2673//2673 2676//2676
f 2675//2675 2674//2674 2669//2669
f 2671//2671 2667//2667 2665//2665
f 2673//2673 2663//2663 2667//2667
f 2672//2672 2564//2564 2565//2565
f 2665//2665 2661//2661 2658//2658
f 2564//2564 2660//2660 2563//2563
f 2666//2666 2660//2660 2564//2564
f 2667//2667 2661//2661 2665//2665
f 2664//2664 2662//2662 2657//2657
f 2667//2667 2663//2663 2661//2661
f 2668//2668 2662//2662 2664//2664
f 2666//2666 2664//2664 2660//2660
f 2663//2663 2545//2545 2546//2546
f 2668//2668 2665//2665 2662//2662
f 2670//2670 2664//2664 2666//2666
f 2669//2669 2668//2668 2664//2664
f 2669//2669 2664//2664 2670//2670
f 2671//2671 2665//2665 2668//2668
f 2672//2672 2666//2666 2564//2564
f 2675//2675 2567//2567 2568//2568
f 2677//2677 2676//2676 2674//2674
f 2679//2679 2676//2676 2677//2677
f 2675//2675 2568//2568 2569//2569
f 2696//2696 2570//2570 2569//2569
f 2695//2695 2680//2680 2681//2681
f 2698//2698 2692//2692 2695//2695
f 2698//2698 2693//2693 2692//2692
f 2697//2697 2694//2694 2693//2693
f 2699//2699 2570//2570 2696//2696
f 2697//2697 2693//2693 2698//2698
f 2697//2697 2696//2696 2694//2694
f 2699//2699 2571//2571 2570//2570
f 2701//2701 2696//2696 2697//2697
f 2544//2544 2571//2571 2699//2699
f 2700//2700 2697//2697 2698//2698
f 2702//2702 2698//2698 2695//2695
f 2703//2703 2702//2702 2681//2681
f 2701//2701 2699//2699 2696//2696
f 2696//2696 2569//2569 2694//2694
f 2546//2546 2659//2659 2663//2663
f 2695//2695 2692//2692 2680//2680
f 2694//2694 2568//2568 2693//2693
f 2678//2678 2545//2545 2673//2673
f 2677//2677 2675//2675 2569//2569
f 2677//2677 2569//2569 2570//2570
f 2679//2679 2677//2677 2570//2570
f 2571//2571 2676//2676 2679//2679
f 2571//2571 2678//2678 2676//2676
f 2571//2571 2679//2679 2570//2570
f 2571//2571 2544//2544 2678//2678
f 2691//2691 2566//2566 2565//2565
f 2691//2691 2565//2565 2680//2680
f 2692//2692 2691//2691 2680//2680
f 2568//2568 2567//2567 2566//2566
f 2693//2693 2566//2566 2691//2691
f 2693//2693 2568//2568 2566//2566
f 2693//2693 2691//2691 2692//2692
f 2694//2694 2569//2569 2568//2568
f 2664//2664 2657//2657 2656//2656
f 2567//2567 2675//2675 2670//2670
f 2664//2664 2656//2656 2660//2660
f 2640//2640 2635//2635 2632//2632
f 2641//2641 2636//2636 2634//2634
f 2639//2639 2559//2559 2560//2560
f 2638//2638 2635//2635 2640//2640
f 2642//2642 2633//2633 2639//2639
f 2642//2642 2637//2637 2633//2633
f 2643//2643 2641//2641 2638//2638
f 2548//2548 2636//2636 2641//2641
f 2642//2642 2640//2640 2637//2637
f 2644//2644 2639//2639 2560//2560
f 2645//2645 2640//2640 2642//2642
f 2646//2646 2638//2638 2640//2640
f 2647//2647 2639//2639 2644//2644
f 2646//2646 2643//2643 2638//2638
f 2647//2647 2642//2642 2639//2639
f 2641//2641 2634//2634 2638//2638
f 2648//2648 2641//2641 2643//2643
f 2640//2640 2632//2632 2637//2637
f 2639//2639 2633//2633 2558//2558
f 2632//2632 2626//2626 2628//2628
f 2632//2632 2627//2627 2626//2626
f 2629//2629 2548//2548 2549//2549
f 2633//2633 2628//2628 2558//2558
f 2665//2665 2658//2658 2662//2662
f 2634//2634 2625//2625 2630//2630
f 2634//2634 2630//2630 2627//2627
f 2635//2635 2627//2627 2632//2632
f 2633//2633 2632//2632 2628//2628
f 2636//2636 2631//2631 2634//2634
f 2635//2635 2634//2634 2627//2627
f 2636//2636 2629//2629 2631//2631
f 2637//2637 2632//2632 2633//2633
f 2638//2638 2634//2634 2635//2635
f 2639//2639 2558//2558 2559//2559
f 2548//2548 2629//2629 2636//2636
f 2646//2646 2640//2640 2645//2645
f 2634//2634 2631//2631 2625//2625
f 2561//2561 2644//2644 2560//2560
f 2657//2657 2653//2653 2651//2651
f 2547//2547 2648//2648 2652//2652
f 2655//2655 2652//2652 2650//2650
f 2658//2658 2654//2654 2653//2653
f 2563//2563 2656//2656 2562//2562
f 2659//2659 2652//2652 2655//2655
f 2660//2660 2656//2656 2563//2563
f 2658//2658 2655//2655 2654//2654
f 2661//2661 2655//2655 2658//2658
f 2658//2658 2653//2653 2657//2657
f 2659//2659 2547//2547 2652//2652
f 2546//2546 2547//2547 2659//2659
f 2662//2662 2658//2658 2657//2657
f 2663//2663 2655//2655 2661//2661
f 2663//2663 2659//2659 2655//2655
f 2657//2657 2651//2651 2656//2656
f 2656//2656 2651//2651 2562//2562
f 2655//2655 2649//2649 2654//2654
f 2654//2654 2649//2649 2647//2647
f 2648//2648 2547//2547 2548//2548
f 2648//2648 2643//2643 2646//2646
f 2647//2647 2645//2645 2642//2642
f 2649//2649 2645//2645 2647//2647
f 2650//2650 2646//2646 2645//2645
f 2651//2651 2647//2647 2644//2644
f 2655//2655 2650//2650 2649//2649
f 2648//2648 2548//2548 2641//2641
f 2652//2652 2646//2646 2650//2650
f 2650//2650 2645//2645 2649//2649
f 2653//2653 2647//2647 2651//2651
f 2562//2562 2651//2651 2561//2561
f 2652//2652 2648//2648 2646//2646
f 2654//2654 2647//2647 2653//2653
f 2651//2651 2644//2644 2561//2561
f 2841//2841 2838//2838 2839//2839
f 2840//2840 2838//2838 2841//2841
f 2850//2850 2851//2851 2846//2846
f 2849//2849 2847//2847 2844//2844
f 2851//2851 2845//2845 2846//2846
f 2849//2849 2844//2844 2848//2848
f 2849//2849 2846//2846 2847//2847
f 2849//2849 2850//2850 2846//2846
f 2851//2851 2842//2842 2845//2845
f 2843//2843 2842//2842 2851//2851
f 2860//2860 2858//2858 2856//2856
f 2856//2856 2858//2858 2857//2857
f 2875//2875 2854//2854 2853//2853
f 2870//2870 2869//2869 2871//2871
f 2871//2871 2869//2869 2873//2873
f 2865//2865 2863//2863 2866//2866
f 2865//2865 2864//2864 2863//2863
f 2871//2871 2873//2873 2872//2872
f 2866//2866 2863//2863 2862//2862
f 2867//2867 2861//2861 2868//2868
f 2866//2866 2862//2862 2867//2867
f 2861//2861 2856//2856 2855//2855
f 2874//2874 2855//2855 2875//2875
f 2875//2875 2855//2855 2854//2854
f 2860//2860 2859//2859 2858//2858
f 2861//2861 2860//2860 2856//2856
f 2869//2869 2868//2868 2873//2873
f 2868//2868 2861//2861 2855//2855
f 2868//2868 2855//2855 2874//2874
f 2867//2867 2862//2862 2861//2861
f 2854//2854 2852//2852 2853//2853
f 2868//2868 2874//2874 2873//2873
f 2883//2883 2880//2880 2882//2882
f 2885//2885 2877//2877 2878//2878
f 2884//2884 2885//2885 2878//2878
f 2883//2883 2884//2884 2879//2879
f 2883//2883 2879//2879 2880//2880
f 2886//2886 2881//2881 2877//2877
f 2886//2886 2877//2877 2885//2885
f 2882//2882 2880//2880 2876//2876
f 2884//2884 2878//2878 2879//2879
f 2892//2892 2888//2888 2889//2889
f 2891//2891 2889//2889 2887//2887
f 2891//2891 2887//2887 2890//2890
f 2892//2892 2889//2889 2891//2891
f 2901//2901 2894//2894 2895//2895
f 2899//2899 2896//2896 2893//2893
f 2901//2901 2902//2902 2894//2894
f 2900//2900 2895//2895 2896//2896
f 2900//2900 2901//2901 2895//2895
f 2899//2899 2893//2893 2898//2898
f 2899//2899 2900//2900 2896//2896
f 2902//2902 2897//2897 2894//2894
f 2903//2903 2897//2897 2902//2902
f 2907//2907 2905//2905 2904//2904
f 2907//2907 2904//2904 2906//2906
f 2917//2917 2912//2912 2909//2909
f 2918//2918 2912//2912 2917//2917
f 2915//2915 2916//2916 2910//2910
f 2916//2916 2909//2909 2910//2910
f 2916//2916 2917//2917 2909//2909
f 2914//2914 2908//2908 2913//2913
f 2914//2914 2911//2911 2908//2908
f 2914//2914 2910//2910 2911//2911
f 2914//2914 2915//2915 2910//2910
f 2923//2923 2921//2921 2919//2919
f 2923//2923 2919//2919 2922//2922
f 2924//2924 2920//2920 2921//2921
f 2924//2924 2921//2921 2923//2923
