# OMX visual mesh; coordinates in metres
mtllib materials.mtl
usemtl motor_housing
v -0.0102723 -0.0190000 0.0008084
v -0.0090834 -0.0190000 0.0049425
v -0.0061594 -0.0190000 0.0082706
v -0.0029029 -0.0190000 0.0098706
v 0.0008097 -0.0190000 0.0102891
v 0.0044112 -0.0190000 0.0092949
v 0.0073774 -0.0190000 0.0072052
v 0.0095731 -0.0190000 0.0038335
v 0.0102845 -0.0190000 0.0002894
v 0.0099178 -0.0155000 0.0029281
v 0.0077618 -0.0155000 0.0067894
v 0.0052797 -0.0155000 0.0088092
v 0.0026823 -0.0155000 0.0099328
v -0.0000000 -0.0155000 0.0102658
v -0.0026823 -0.0155000 0.0099328
v -0.0059624 -0.0155000 0.0084137
v -0.0089602 -0.0155000 0.0051625
v -0.0101487 -0.0155000 0.0016074
v -0.0101655 -0.0155000 -0.0017333
v -0.0087856 -0.0155000 -0.0053838
v -0.0067465 -0.0155000 -0.0077435
v -0.0046649 -0.0155000 -0.0091553
v -0.0020060 -0.0155000 -0.0100846
v 0.0014928 -0.0155000 -0.0102035
v 0.0050306 -0.0155000 -0.0089828
v 0.0073332 -0.0155000 -0.0071904
v 0.0091809 -0.0155000 -0.0046779
v 0.0102241 -0.0155000 -0.0012101
v 0.0099624 -0.0190000 -0.0024957
v 0.0087856 -0.0190000 -0.0053838
v 0.0058496 -0.0190000 -0.0085276
v 0.0024957 -0.0190000 -0.0099623
v -0.0000000 -0.0190000 -0.0102752
v -0.0024957 -0.0190000 -0.0099623
v -0.0050241 -0.0190000 -0.0089712
v -0.0072657 -0.0190000 -0.0072657
v -0.0088091 -0.0190000 -0.0052798
v -0.0099328 -0.0190000 -0.0026823
v -0.0102723 -0.0190000 0.0008084
v -0.0090834 -0.0190000 0.0049425
v -0.0061594 -0.0190000 0.0082706
v -0.0029029 -0.0190000 0.0098706
v 0.0008097 -0.0190000 0.0102891
v 0.0044112 -0.0190000 0.0092949
v 0.0073774 -0.0190000 0.0072052
v 0.0095731 -0.0190000 0.0038335
v 0.0102845 -0.0190000 0.0002894
v 0.0099624 -0.0190000 -0.0024957
v 0.0087856 -0.0190000 -0.0053838
v 0.0058496 -0.0190000 -0.0085276
v 0.0024957 -0.0190000 -0.0099623
v -0.0000000 -0.0190000 -0.0102752
v -0.0024957 -0.0190000 -0.0099623
v -0.0050241 -0.0190000 -0.0089712
v -0.0072657 -0.0190000 -0.0072657
v -0.0088091 -0.0190000 -0.0052798
v -0.0099328 -0.0190000 -0.0026823
v 0.0011995 -0.0190000 -0.0060301
v 0.0033448 -0.0190000 -0.0051286
v 0.0050750 -0.0190000 -0.0034812
v 0.0061489 -0.0190000 -0.0005609
v 0.0055359 -0.0190000 0.0027346
v 0.0036103 -0.0190000 0.0049692
v 0.0018314 -0.0190000 0.0058312
v -0.0000000 -0.0190000 0.0061321
v -0.0025082 -0.0190000 0.0056199
v -0.0047862 -0.0190000 0.0038687
v -0.0058742 -0.0190000 0.0017276
v -0.0061233 -0.0190000 -0.0004819
v -0.0052586 -0.0190000 -0.0032225
v -0.0034040 -0.0190000 -0.0050945
v -0.0013621 -0.0190000 -0.0059839
v 0.0050253 -0.0189969 0.0065627
v 0.0045959 -0.0189996 0.0057405
v 0.0048028 -0.0189985 0.0049775
v 0.0056231 -0.0189999 0.0045942
v 0.0062876 -0.0189992 0.0047887
v 0.0067654 -0.0189960 0.0056800
v 0.0060997 -0.0189986 0.0066368
v 0.0050276 -0.0189994 -0.0065297
v 0.0060219 -0.0189973 -0.0067006
v 0.0066631 -0.0189992 -0.0060186
v 0.0065945 -0.0189980 -0.0051084
v 0.0056510 -0.0189975 -0.0045633
v 0.0048475 -0.0189996 -0.0049656
v 0.0045660 -0.0189984 -0.0057155
v -0.0056569 -0.0189993 -0.0045815
v -0.0065330 -0.0189976 -0.0050111
v -0.0066742 -0.0189990 -0.0060128
v -0.0060063 -0.0189973 -0.0066941
v -0.0049936 -0.0189995 -0.0064942
v -0.0045986 -0.0189991 -0.0058481
v -0.0048227 -0.0189985 -0.0049620
v -0.0067510 -0.0189982 0.0057389
v -0.0063819 -0.0189995 0.0048733
v -0.0055930 -0.0189994 0.0045886
v -0.0047539 -0.0189958 0.0050340
v -0.0046866 -0.0189991 0.0061207
v -0.0053200 -0.0189991 0.0066744
v -0.0062229 -0.0189982 0.0065805
v 0.0012080 -0.0189999 -0.0081639
v 0.0008806 -0.0189970 -0.0071194
v -0.0001918 -0.0189990 -0.0067888
v -0.0010816 -0.0189976 -0.0073578
v -0.0011420 -0.0189997 -0.0083994
v -0.0007208 -0.0189989 -0.0089920
v 0.0000700 -0.0189995 -0.0092198
v 0.0008751 -0.0189991 -0.0088601
v -0.0080521 -0.0189996 -0.0012225
v -0.0071872 -0.0189995 -0.0009120
v -0.0068172 -0.0189995 -0.0002840
v -0.0068902 -0.0189990 0.0005345
v -0.0074431 -0.0189998 0.0010738
v -0.0081888 -0.0189994 0.0012188
v -0.0089411 -0.0189995 0.0007734
v -0.0092161 -0.0189996 -0.0000036
v -0.0088898 -0.0189990 -0.0008523
v 0.0011563 -0.0189979 0.0084532
v 0.0004247 -0.0189995 0.0091483
v -0.0004463 -0.0189995 0.0091339
v -0.0011489 -0.0189976 0.0084806
v -0.0010371 -0.0189996 0.0073646
v -0.0001431 -0.0189962 0.0067501
v 0.0010018 -0.0189993 0.0072824
v 0.0078528 -0.0189998 -0.0012033
v 0.0086301 -0.0189996 -0.0010443
v 0.0091742 -0.0189992 -0.0004036
v 0.0090387 -0.0189962 0.0007162
v 0.0081639 -0.0189999 0.0012080
v 0.0073561 -0.0189995 0.0010411
v 0.0067611 -0.0189961 0.0001819
v 0.0071872 -0.0189995 -0.0009120
v 0.0011995 -0.0190000 -0.0060301
v 0.0033448 -0.0190000 -0.0051286
v 0.0050750 -0.0190000 -0.0034812
v 0.0061489 -0.0190000 -0.0005609
v 0.0055359 -0.0190000 0.0027346
v 0.0036103 -0.0190000 0.0049692
v 0.0018314 -0.0190000 0.0058312
v -0.0000000 -0.0190000 0.0061321
v -0.0025082 -0.0190000 0.0056199
v -0.0047862 -0.0190000 0.0038687
v -0.0058742 -0.0190000 0.0017276
v -0.0061233 -0.0190000 -0.0004819
v -0.0052586 -0.0190000 -0.0032225
v -0.0034040 -0.0190000 -0.0050945
v -0.0013621 -0.0190000 -0.0059839
v 0.0000725 -0.0178000 -0.0061366
v 0.0012019 -0.0178000 0.0060421
v 0.0034582 -0.0178000 0.0050528
v 0.0051121 -0.0178000 0.0034158
v 0.0060093 -0.0178000 0.0011953
v 0.0060768 -0.0178000 -0.0007192
v 0.0055006 -0.0178000 -0.0027214
v 0.0042061 -0.0178000 -0.0044496
v 0.0024153 -0.0178000 -0.0056417
v -0.0025791 -0.0178000 -0.0055946
v -0.0044935 -0.0178000 -0.0041537
v -0.0056417 -0.0178000 -0.0024153
v -0.0061422 -0.0178000 0.0000000
v -0.0055571 -0.0178000 0.0026445
v -0.0038063 -0.0178000 0.0048283
v -0.0015030 -0.0178000 0.0059501
v 0.0000725 -0.0178000 -0.0061366
v 0.0012019 -0.0178000 0.0060421
v 0.0034582 -0.0178000 0.0050528
v 0.0051121 -0.0178000 0.0034158
v 0.0060093 -0.0178000 0.0011953
v 0.0060768 -0.0178000 -0.0007192
v 0.0055006 -0.0178000 -0.0027214
v 0.0042061 -0.0178000 -0.0044496
v 0.0024153 -0.0178000 -0.0056417
v -0.0025791 -0.0178000 -0.0055946
v -0.0044935 -0.0178000 -0.0041537
v -0.0056417 -0.0178000 -0.0024153
v -0.0061422 -0.0178000 0.0000000
v -0.0055571 -0.0178000 0.0026445
v -0.0038063 -0.0178000 0.0048283
v -0.0015030 -0.0178000 0.0059501
v -0.0051019 -0.0178000 0.0006670
v -0.0047935 -0.0178000 -0.0019161
v -0.0032345 -0.0178000 -0.0040015
v -0.0015799 -0.0178000 -0.0048623
v 0.0000606 -0.0178000 -0.0051306
v 0.0025287 -0.0178000 -0.0045152
v 0.0043429 -0.0178000 -0.0027324
v 0.0051149 -0.0178000 -0.0006054
v 0.0048759 -0.0178000 0.0015843
v 0.0039049 -0.0178000 0.0033351
v 0.0017322 -0.0178000 0.0048837
v -0.0010028 -0.0178000 0.0050416
v -0.0028460 -0.0178000 0.0042593
v -0.0042740 -0.0178000 0.0028558
v -0.0051019 -0.0178000 0.0006670
v -0.0047935 -0.0178000 -0.0019161
v -0.0032345 -0.0178000 -0.0040015
v -0.0015799 -0.0178000 -0.0048623
v 0.0000606 -0.0178000 -0.0051306
v 0.0025287 -0.0178000 -0.0045152
v 0.0043429 -0.0178000 -0.0027324
v 0.0051149 -0.0178000 -0.0006054
v 0.0048759 -0.0178000 0.0015843
v 0.0039049 -0.0178000 0.0033351
v 0.0017322 -0.0178000 0.0048837
v -0.0010028 -0.0178000 0.0050416
v -0.0028460 -0.0178000 0.0042593
v -0.0042740 -0.0178000 0.0028558
v -0.0050769 -0.0155000 0.0007428
v -0.0042825 -0.0155000 0.0028615
v -0.0028423 -0.0155000 0.0042538
v -0.0012566 -0.0155000 0.0049747
v 0.0009422 -0.0155000 0.0050583
v 0.0028460 -0.0155000 0.0042593
v 0.0043966 -0.0155000 0.0026942
v 0.0051385 -0.0155000 0.0002647
v 0.0048222 -0.0155000 -0.0017182
v 0.0039049 -0.0155000 -0.0033351
v 0.0017912 -0.0155000 -0.0048552
v -0.0009422 -0.0155000 -0.0050583
v -0.0026713 -0.0155000 -0.0043591
v -0.0039407 -0.0155000 -0.0032860
v -0.0049473 -0.0155000 -0.0013953
v 0.0099178 -0.0155000 0.0029281
v 0.0077618 -0.0155000 0.0067894
v 0.0052797 -0.0155000 0.0088092
v 0.0026823 -0.0155000 0.0099328
v -0.0000000 -0.0155000 0.0102658
v -0.0026823 -0.0155000 0.0099328
v -0.0059624 -0.0155000 0.0084137
v -0.0089602 -0.0155000 0.0051625
v -0.0101487 -0.0155000 0.0016074
v -0.0101655 -0.0155000 -0.0017333
v -0.0087856 -0.0155000 -0.0053838
v -0.0067465 -0.0155000 -0.0077435
v -0.0046649 -0.0155000 -0.0091553
v -0.0020060 -0.0155000 -0.0100846
v 0.0014928 -0.0155000 -0.0102035
v 0.0050306 -0.0155000 -0.0089828
v 0.0073332 -0.0155000 -0.0071904
v 0.0091809 -0.0155000 -0.0046779
v 0.0102241 -0.0155000 -0.0012101
v -0.0050769 -0.0155000 0.0007428
v -0.0042825 -0.0155000 0.0028615
v -0.0028423 -0.0155000 0.0042538
v -0.0012566 -0.0155000 0.0049747
v 0.0009422 -0.0155000 0.0050583
v 0.0028460 -0.0155000 0.0042593
v 0.0043966 -0.0155000 0.0026942
v 0.0051385 -0.0155000 0.0002647
v 0.0048222 -0.0155000 -0.0017182
v 0.0039049 -0.0155000 -0.0033351
v 0.0017912 -0.0155000 -0.0048552
v -0.0009422 -0.0155000 -0.0050583
v -0.0026713 -0.0155000 -0.0043591
v -0.0039407 -0.0155000 -0.0032860
v -0.0049473 -0.0155000 -0.0013953
v 0.0009422 -0.0155000 -0.0083607
v 0.0003917 -0.0155000 -0.0089815
v -0.0007223 -0.0155000 -0.0087614
v -0.0010145 -0.0155000 -0.0077982
v -0.0003641 -0.0155000 -0.0070131
v 0.0004707 -0.0155000 -0.0071039
v 0.0009769 -0.0155000 -0.0076538
v -0.0082979 -0.0155000 -0.0010063
v -0.0090010 -0.0155000 -0.0002684
v -0.0088451 -0.0155000 0.0005804
v -0.0082635 -0.0155000 0.0009813
v -0.0075589 -0.0155000 0.0009255
v -0.0070720 -0.0155000 0.0004137
v -0.0070169 -0.0155000 -0.0002909
v -0.0074462 -0.0155000 -0.0008518
v -0.0008468 -0.0155000 0.0086322
v 0.0000000 -0.0155000 0.0090189
v 0.0006528 -0.0155000 0.0087843
v 0.0010263 -0.0155000 0.0080940
v 0.0008262 -0.0155000 0.0074153
v 0.0002788 -0.0155000 0.0070116
v -0.0003607 -0.0155000 0.0070578
v -0.0009351 -0.0155000 0.0075387
v 0.0087843 -0.0155000 0.0006528
v 0.0090277 -0.0155000 -0.0001764
v 0.0085538 -0.0155000 -0.0008518
v 0.0077021 -0.0155000 -0.0010063
v 0.0070925 -0.0155000 -0.0004483
v 0.0070062 -0.0155000 0.0002942
v 0.0074819 -0.0155000 0.0008696
v 0.0081335 -0.0155000 0.0010165
v 0.0054226 -0.0155000 0.0047829
v 0.0047833 -0.0155000 0.0055069
v 0.0050094 -0.0155000 0.0062402
v 0.0057859 -0.0155000 0.0065458
v 0.0065122 -0.0155000 0.0059101
v 0.0063114 -0.0155000 0.0050673
v 0.0049416 -0.0155000 -0.0051511
v 0.0056109 -0.0155000 -0.0047771
v 0.0062623 -0.0155000 -0.0050358
v 0.0065375 -0.0155000 -0.0056801
v 0.0062285 -0.0155000 -0.0063092
v 0.0056679 -0.0155000 -0.0065241
v 0.0051308 -0.0155000 -0.0063418
v 0.0048044 -0.0155000 -0.0058378
v -0.0055661 -0.0155000 -0.0047980
v -0.0050514 -0.0155000 -0.0050358
v -0.0047672 -0.0155000 -0.0058218
v -0.0053448 -0.0155000 -0.0064705
v -0.0061754 -0.0155000 -0.0063903
v -0.0065241 -0.0155000 -0.0056679
v -0.0062411 -0.0155000 -0.0049904
v -0.0048106 -0.0155000 0.0054182
v -0.0052819 -0.0155000 0.0048702
v -0.0061497 -0.0155000 0.0048981
v -0.0065340 -0.0155000 0.0058196
v -0.0060318 -0.0155000 0.0064435
v -0.0053547 -0.0155000 0.0064758
v -0.0048981 -0.0155000 0.0060693
v 0.0022650 -0.0155000 0.0083951
v 0.0016265 -0.0155000 0.0064135
v 0.0021094 -0.0155000 0.0071929
v 0.0048010 -0.0155000 0.0073106
v 0.0041282 -0.0155000 0.0067384
v 0.0037677 -0.0155000 0.0055053
v 0.0035644 -0.0155000 0.0080122
v -0.0022140 -0.0155000 0.0073673
v -0.0016513 -0.0155000 0.0064552
v -0.0022031 -0.0155000 0.0085010
v -0.0038057 -0.0155000 0.0054138
v -0.0039858 -0.0155000 0.0065350
v -0.0048294 -0.0155000 0.0073423
v 0.0055267 -0.0155000 0.0037575
v 0.0067786 -0.0155000 0.0041577
v 0.0073370 -0.0155000 0.0048427
v 0.0060465 -0.0155000 0.0027019
v 0.0085016 -0.0155000 0.0022018
v 0.0077799 -0.0155000 0.0022631
v 0.0064758 -0.0155000 0.0017175
v 0.0064047 -0.0155000 -0.0016020
v 0.0071103 -0.0155000 -0.0020828
v 0.0084416 -0.0155000 -0.0022648
v 0.0055333 -0.0155000 -0.0037826
v 0.0073560 -0.0155000 -0.0048586
v 0.0066448 -0.0155000 -0.0040519
v 0.0038557 -0.0155000 -0.0061935
v 0.0047560 -0.0155000 -0.0073579
v 0.0038203 -0.0155000 -0.0053996
v 0.0016657 -0.0155000 -0.0064513
v 0.0022371 -0.0155000 -0.0075461
v 0.0022031 -0.0155000 -0.0085010
v -0.0022258 -0.0155000 -0.0084718
v -0.0016745 -0.0155000 -0.0064162
v -0.0022098 -0.0155000 -0.0075337
v -0.0042604 -0.0155000 -0.0069151
v -0.0037503 -0.0155000 -0.0055281
v -0.0048567 -0.0155000 -0.0073575
v -0.0054050 -0.0155000 -0.0038133
v -0.0063343 -0.0155000 -0.0039037
v -0.0073537 -0.0155000 -0.0047869
v -0.0064507 -0.0155000 -0.0016630
v -0.0085006 -0.0155000 -0.0022043
v -0.0072574 -0.0155000 -0.0021891
v -0.0064047 -0.0155000 0.0016020
v -0.0075144 -0.0155000 0.0022562
v -0.0085233 -0.0155000 0.0022412
v -0.0073144 -0.0155000 0.0048298
v -0.0067778 -0.0155000 0.0041194
v -0.0055333 -0.0155000 0.0037826
v -0.0010145 -0.0155000 -0.0077982
v -0.0003641 -0.0155000 -0.0070131
v 0.0004707 -0.0155000 -0.0071039
v 0.0009769 -0.0155000 -0.0076538
v -0.0006687 -0.0187974 -0.0072386
v -0.0010049 -0.0187942 -0.0078087
v 0.0009420 -0.0188006 -0.0076081
v 0.0005093 -0.0187967 -0.0071254
v -0.0000799 -0.0187970 -0.0069844
v 0.0009422 -0.0155000 -0.0083607
v 0.0009769 -0.0155000 -0.0076538
v 0.0009420 -0.0188006 -0.0076081
v 0.0009574 -0.0187983 -0.0083803
v 0.0012080 -0.0189999 -0.0081639
v 0.0008806 -0.0189970 -0.0071194
v -0.0010816 -0.0189976 -0.0073578
v -0.0011420 -0.0189997 -0.0083994
v -0.0007208 -0.0189989 -0.0089920
v 0.0000700 -0.0189995 -0.0092198
v 0.0008751 -0.0189991 -0.0088601
v -0.0010049 -0.0187942 -0.0078087
v 0.0009420 -0.0188006 -0.0076081
v -0.0009057 -0.0187990 -0.0084517
v -0.0004953 -0.0188009 -0.0088886
v 0.0002873 -0.0188010 -0.0089952
v 0.0009574 -0.0187983 -0.0083803
v 0.0008806 -0.0189970 -0.0071194
v -0.0001918 -0.0189990 -0.0067888
v -0.0010816 -0.0189976 -0.0073578
v -0.0006687 -0.0187974 -0.0072386
v -0.0010049 -0.0187942 -0.0078087
v 0.0009420 -0.0188006 -0.0076081
v 0.0005093 -0.0187967 -0.0071254
v -0.0000799 -0.0187970 -0.0069844
v 0.0009422 -0.0155000 -0.0083607
v 0.0003917 -0.0155000 -0.0089815
v 0.0002873 -0.0188010 -0.0089952
v 0.0009574 -0.0187983 -0.0083803
v 0.0003917 -0.0155000 -0.0089815
v -0.0007223 -0.0155000 -0.0087614
v -0.0004953 -0.0188009 -0.0088886
v 0.0002873 -0.0188010 -0.0089952
v -0.0007223 -0.0155000 -0.0087614
v -0.0010145 -0.0155000 -0.0077982
v -0.0010049 -0.0187942 -0.0078087
v -0.0009057 -0.0187990 -0.0084517
v -0.0004953 -0.0188009 -0.0088886
v -0.0082635 -0.0155000 0.0009813
v -0.0075589 -0.0155000 0.0009255
v -0.0070720 -0.0155000 0.0004137
v -0.0070169 -0.0155000 -0.0002909
v -0.0070540 -0.0187984 -0.0003821
v -0.0070326 -0.0188056 0.0003241
v -0.0074418 -0.0188039 0.0008488
v -0.0081614 -0.0188016 0.0010173
v -0.0070169 -0.0155000 -0.0002909
v -0.0074462 -0.0155000 -0.0008518
v -0.0075875 -0.0187987 -0.0009435
v -0.0070540 -0.0187984 -0.0003821
v -0.0082979 -0.0155000 -0.0010063
v -0.0074462 -0.0155000 -0.0008518
v -0.0075875 -0.0187987 -0.0009435
v -0.0083429 -0.0188028 -0.0009564
v -0.0080521 -0.0189996 -0.0012225
v -0.0071872 -0.0189995 -0.0009120
v -0.0068172 -0.0189995 -0.0002840
v -0.0068902 -0.0189990 0.0005345
v -0.0074431 -0.0189998 0.0010738
v -0.0081888 -0.0189994 0.0012188
v -0.0089411 -0.0189995 0.0007734
v -0.0092161 -0.0189996 -0.0000036
v -0.0088898 -0.0189990 -0.0008523
v -0.0075875 -0.0187987 -0.0009435
v -0.0070540 -0.0187984 -0.0003821
v -0.0070326 -0.0188056 0.0003241
v -0.0074418 -0.0188039 0.0008488
v -0.0081614 -0.0188016 0.0010173
v -0.0089210 -0.0187917 0.0004868
v -0.0089091 -0.0187983 -0.0004843
v -0.0083429 -0.0188028 -0.0009564
v -0.0082979 -0.0155000 -0.0010063
v -0.0090010 -0.0155000 -0.0002684
v -0.0089091 -0.0187983 -0.0004843
v -0.0083429 -0.0188028 -0.0009564
v -0.0090010 -0.0155000 -0.0002684
v -0.0088451 -0.0155000 0.0005804
v -0.0089210 -0.0187917 0.0004868
v -0.0089091 -0.0187983 -0.0004843
v -0.0088451 -0.0155000 0.0005804
v -0.0082635 -0.0155000 0.0009813
v -0.0081614 -0.0188016 0.0010173
v -0.0089210 -0.0187917 0.0004868
v -0.0008468 -0.0155000 0.0086322
v 0.0010263 -0.0155000 0.0080940
v 0.0008262 -0.0155000 0.0074153
v 0.0002788 -0.0155000 0.0070116
v -0.0003607 -0.0155000 0.0070578
v -0.0009351 -0.0155000 0.0075387
v 0.0005651 -0.0188038 0.0071573
v 0.0009476 -0.0187995 0.0076341
v 0.0009912 -0.0188029 0.0081936
v -0.0010262 -0.0188061 0.0079117
v -0.0007084 -0.0187997 0.0072771
v -0.0001093 -0.0188001 0.0069809
v -0.0008238 -0.0188031 0.0085880
v -0.0010371 -0.0189996 0.0073646
v -0.0001431 -0.0189962 0.0067501
v 0.0010018 -0.0189993 0.0072824
v 0.0005651 -0.0188038 0.0071573
v -0.0010262 -0.0188061 0.0079117
v -0.0007084 -0.0187997 0.0072771
v -0.0001093 -0.0188001 0.0069809
v 0.0011563 -0.0189979 0.0084532
v 0.0004247 -0.0189995 0.0091483
v 0.0010018 -0.0189993 0.0072824
v 0.0009476 -0.0187995 0.0076341
v 0.0009912 -0.0188029 0.0081936
v 0.0005725 -0.0187951 0.0088750
v 0.0004247 -0.0189995 0.0091483
v -0.0004463 -0.0189995 0.0091339
v -0.0011489 -0.0189976 0.0084806
v -0.0010262 -0.0188061 0.0079117
v 0.0005725 -0.0187951 0.0088750
v -0.0003004 -0.0187950 0.0089766
v -0.0008238 -0.0188031 0.0085880
v -0.0008468 -0.0155000 0.0086322
v 0.0000000 -0.0155000 0.0090189
v 0.0006528 -0.0155000 0.0087843
v 0.0005725 -0.0187951 0.0088750
v -0.0003004 -0.0187950 0.0089766
v -0.0008238 -0.0188031 0.0085880
v 0.0006528 -0.0155000 0.0087843
v 0.0010263 -0.0155000 0.0080940
v 0.0009912 -0.0188029 0.0081936
v 0.0005725 -0.0187951 0.0088750
v 0.0087843 -0.0155000 0.0006528
v 0.0090277 -0.0155000 -0.0001764
v 0.0085538 -0.0155000 -0.0008518
v 0.0077021 -0.0155000 -0.0010063
v 0.0070925 -0.0155000 -0.0004483
v 0.0070062 -0.0155000 0.0002942
v 0.0074819 -0.0155000 0.0008696
v 0.0081335 -0.0155000 0.0010165
v 0.0072060 -0.0187939 0.0006340
v 0.0069725 -0.0188034 -0.0001728
v 0.0074105 -0.0187994 -0.0008228
v 0.0082167 -0.0188123 -0.0010255
v 0.0089211 -0.0188017 -0.0004384
v 0.0089847 -0.0188055 0.0002845
v 0.0085587 -0.0187995 0.0008485
v 0.0078386 -0.0188016 0.0010173
v 0.0090387 -0.0189962 0.0007162
v 0.0081639 -0.0189999 0.0012080
v 0.0073561 -0.0189995 0.0010411
v 0.0067611 -0.0189961 0.0001819
v 0.0072060 -0.0187939 0.0006340
v 0.0069725 -0.0188034 -0.0001728
v 0.0089847 -0.0188055 0.0002845
v 0.0085587 -0.0187995 0.0008485
v 0.0078386 -0.0188016 0.0010173
v 0.0078528 -0.0189998 -0.0012033
v 0.0086301 -0.0189996 -0.0010443
v 0.0091742 -0.0189992 -0.0004036
v 0.0090387 -0.0189962 0.0007162
v 0.0067611 -0.0189961 0.0001819
v 0.0071872 -0.0189995 -0.0009120
v 0.0069725 -0.0188034 -0.0001728
v 0.0074105 -0.0187994 -0.0008228
v 0.0082167 -0.0188123 -0.0010255
v 0.0089211 -0.0188017 -0.0004384
v 0.0089847 -0.0188055 0.0002845
v 0.0054226 -0.0155000 0.0047829
v 0.0063114 -0.0155000 0.0050673
v 0.0064078 -0.0187967 0.0051873
v 0.0055736 -0.0188030 0.0047639
v 0.0065122 -0.0155000 0.0059101
v 0.0063114 -0.0155000 0.0050673
v 0.0064078 -0.0187967 0.0051873
v 0.0064622 -0.0187945 0.0060006
v 0.0057859 -0.0155000 0.0065458
v 0.0065122 -0.0155000 0.0059101
v 0.0064622 -0.0187945 0.0060006
v 0.0059901 -0.0187968 0.0064575
v 0.0047833 -0.0155000 0.0055069
v 0.0050094 -0.0155000 0.0062402
v 0.0057859 -0.0155000 0.0065458
v 0.0059901 -0.0187968 0.0064575
v 0.0053605 -0.0187948 0.0064761
v 0.0048879 -0.0188016 0.0060577
v 0.0048350 -0.0188044 0.0053271
v 0.0048028 -0.0189985 0.0049775
v 0.0056231 -0.0189999 0.0045942
v 0.0062876 -0.0189992 0.0047887
v 0.0064078 -0.0187967 0.0051873
v 0.0048350 -0.0188044 0.0053271
v 0.0055736 -0.0188030 0.0047639
v 0.0050253 -0.0189969 0.0065627
v 0.0067654 -0.0189960 0.0056800
v 0.0060997 -0.0189986 0.0066368
v 0.0064622 -0.0187945 0.0060006
v 0.0059901 -0.0187968 0.0064575
v 0.0053605 -0.0187948 0.0064761
v 0.0050253 -0.0189969 0.0065627
v 0.0045959 -0.0189996 0.0057405
v 0.0048028 -0.0189985 0.0049775
v 0.0053605 -0.0187948 0.0064761
v 0.0048879 -0.0188016 0.0060577
v 0.0048350 -0.0188044 0.0053271
v 0.0054226 -0.0155000 0.0047829
v 0.0047833 -0.0155000 0.0055069
v 0.0048350 -0.0188044 0.0053271
v 0.0055736 -0.0188030 0.0047639
v 0.0050276 -0.0189994 -0.0065297
v 0.0045660 -0.0189984 -0.0057155
v 0.0051308 -0.0155000 -0.0063418
v 0.0048044 -0.0155000 -0.0058378
v 0.0048228 -0.0187980 -0.0058808
v 0.0052211 -0.0187931 -0.0064233
v 0.0065375 -0.0155000 -0.0056801
v 0.0062285 -0.0155000 -0.0063092
v 0.0056679 -0.0155000 -0.0065241
v 0.0051308 -0.0155000 -0.0063418
v 0.0060921 -0.0187977 -0.0064322
v 0.0065025 -0.0188037 -0.0058321
v 0.0052211 -0.0187931 -0.0064233
v 0.0050276 -0.0189994 -0.0065297
v 0.0060219 -0.0189973 -0.0067006
v 0.0060921 -0.0187977 -0.0064322
v 0.0052211 -0.0187931 -0.0064233
v 0.0060219 -0.0189973 -0.0067006
v 0.0066631 -0.0189992 -0.0060186
v 0.0065945 -0.0189980 -0.0051084
v 0.0060921 -0.0187977 -0.0064322
v 0.0065025 -0.0188037 -0.0058321
v 0.0063416 -0.0187941 -0.0050772
v 0.0065945 -0.0189980 -0.0051084
v 0.0056510 -0.0189975 -0.0045633
v 0.0048475 -0.0189996 -0.0049656
v 0.0045660 -0.0189984 -0.0057155
v 0.0048228 -0.0187980 -0.0058808
v 0.0063416 -0.0187941 -0.0050772
v 0.0055463 -0.0187977 -0.0047927
v 0.0049008 -0.0187907 -0.0051957
v 0.0062623 -0.0155000 -0.0050358
v 0.0065375 -0.0155000 -0.0056801
v 0.0065025 -0.0188037 -0.0058321
v 0.0063416 -0.0187941 -0.0050772
v 0.0056109 -0.0155000 -0.0047771
v 0.0062623 -0.0155000 -0.0050358
v 0.0063416 -0.0187941 -0.0050772
v 0.0055463 -0.0187977 -0.0047927
v 0.0049416 -0.0155000 -0.0051511
v 0.0056109 -0.0155000 -0.0047771
v 0.0055463 -0.0187977 -0.0047927
v 0.0049008 -0.0187907 -0.0051957
v 0.0049416 -0.0155000 -0.0051511
v 0.0048044 -0.0155000 -0.0058378
v 0.0048228 -0.0187980 -0.0058808
v 0.0049008 -0.0187907 -0.0051957
v -0.0055661 -0.0155000 -0.0047980
v -0.0050514 -0.0155000 -0.0050358
v -0.0047672 -0.0155000 -0.0058218
v -0.0061754 -0.0155000 -0.0063903
v -0.0065241 -0.0155000 -0.0056679
v -0.0062411 -0.0155000 -0.0049904
v -0.0064432 -0.0187978 -0.0052999
v -0.0065028 -0.0187948 -0.0058306
v -0.0062505 -0.0188016 -0.0062840
v -0.0048187 -0.0187966 -0.0058514
v -0.0048535 -0.0187964 -0.0053305
v -0.0052004 -0.0188025 -0.0049276
v -0.0058868 -0.0188019 -0.0047959
v -0.0060063 -0.0189973 -0.0066941
v -0.0049936 -0.0189995 -0.0064942
v -0.0047672 -0.0155000 -0.0058218
v -0.0053448 -0.0155000 -0.0064705
v -0.0061754 -0.0155000 -0.0063903
v -0.0062505 -0.0188016 -0.0062840
v -0.0057252 -0.0188022 -0.0065213
v -0.0051335 -0.0187928 -0.0063532
v -0.0048187 -0.0187966 -0.0058514
v -0.0056569 -0.0189993 -0.0045815
v -0.0065330 -0.0189976 -0.0050111
v -0.0064432 -0.0187978 -0.0052999
v -0.0058868 -0.0188019 -0.0047959
v -0.0065330 -0.0189976 -0.0050111
v -0.0066742 -0.0189990 -0.0060128
v -0.0060063 -0.0189973 -0.0066941
v -0.0064432 -0.0187978 -0.0052999
v -0.0065028 -0.0187948 -0.0058306
v -0.0062505 -0.0188016 -0.0062840
v -0.0057252 -0.0188022 -0.0065213
v -0.0056569 -0.0189993 -0.0045815
v -0.0049936 -0.0189995 -0.0064942
v -0.0045986 -0.0189991 -0.0058481
v -0.0048227 -0.0189985 -0.0049620
v -0.0051335 -0.0187928 -0.0063532
v -0.0048187 -0.0187966 -0.0058514
v -0.0048535 -0.0187964 -0.0053305
v -0.0052004 -0.0188025 -0.0049276
v -0.0058868 -0.0188019 -0.0047959
v -0.0048106 -0.0155000 0.0054182
v -0.0052819 -0.0155000 0.0048702
v -0.0061497 -0.0155000 0.0048981
v -0.0060318 -0.0155000 0.0064435
v -0.0053547 -0.0155000 0.0064758
v -0.0048981 -0.0155000 0.0060693
v -0.0060435 -0.0188002 0.0064331
v -0.0047975 -0.0187964 0.0057411
v -0.0050019 -0.0188050 0.0062163
v -0.0054586 -0.0187963 0.0064997
v -0.0062466 -0.0187955 0.0049811
v -0.0054978 -0.0187996 0.0048081
v -0.0049531 -0.0187979 0.0051358
v -0.0065340 -0.0155000 0.0058196
v -0.0060318 -0.0155000 0.0064435
v -0.0060435 -0.0188002 0.0064331
v -0.0065187 -0.0187986 0.0058600
v -0.0063819 -0.0189995 0.0048733
v -0.0055930 -0.0189994 0.0045886
v -0.0047539 -0.0189958 0.0050340
v -0.0046866 -0.0189991 0.0061207
v -0.0047975 -0.0187964 0.0057411
v -0.0062466 -0.0187955 0.0049811
v -0.0054978 -0.0187996 0.0048081
v -0.0049531 -0.0187979 0.0051358
v -0.0067510 -0.0189982 0.0057389
v -0.0046866 -0.0189991 0.0061207
v -0.0053200 -0.0189991 0.0066744
v -0.0062229 -0.0189982 0.0065805
v -0.0060435 -0.0188002 0.0064331
v -0.0065187 -0.0187986 0.0058600
v -0.0047975 -0.0187964 0.0057411
v -0.0050019 -0.0188050 0.0062163
v -0.0054586 -0.0187963 0.0064997
v -0.0067510 -0.0189982 0.0057389
v -0.0063819 -0.0189995 0.0048733
v -0.0065187 -0.0187986 0.0058600
v -0.0062466 -0.0187955 0.0049811
v -0.0061497 -0.0155000 0.0048981
v -0.0065340 -0.0155000 0.0058196
v -0.0065187 -0.0187986 0.0058600
v -0.0062466 -0.0187955 0.0049811
v 0.0022650 -0.0155000 0.0083951
v 0.0048010 -0.0155000 0.0073106
v 0.0035644 -0.0155000 0.0080122
v 0.0022585 -0.0175000 0.0083718
v 0.0035676 -0.0175000 0.0080195
v 0.0047832 -0.0175000 0.0073076
v 0.0022650 -0.0155000 0.0083951
v 0.0016265 -0.0155000 0.0064135
v 0.0021094 -0.0155000 0.0071929
v 0.0022585 -0.0175000 0.0083718
v 0.0020721 -0.0175000 0.0070728
v 0.0016198 -0.0175000 0.0064298
v 0.0016265 -0.0155000 0.0064135
v 0.0037677 -0.0155000 0.0055053
v 0.0016198 -0.0175000 0.0064298
v 0.0038039 -0.0175000 0.0054428
v 0.0048010 -0.0155000 0.0073106
v 0.0041282 -0.0155000 0.0067384
v 0.0037677 -0.0155000 0.0055053
v 0.0038039 -0.0175000 0.0054428
v 0.0039858 -0.0175000 0.0065350
v 0.0047832 -0.0175000 0.0073076
v 0.0022585 -0.0175000 0.0083718
v 0.0035676 -0.0175000 0.0080195
v 0.0020721 -0.0175000 0.0070728
v 0.0016198 -0.0175000 0.0064298
v 0.0038039 -0.0175000 0.0054428
v 0.0039858 -0.0175000 0.0065350
v 0.0047832 -0.0175000 0.0073076
v -0.0016513 -0.0155000 0.0064552
v -0.0038057 -0.0155000 0.0054138
v -0.0037677 -0.0175000 0.0055053
v -0.0016471 -0.0175000 0.0064132
v -0.0022140 -0.0155000 0.0073673
v -0.0016513 -0.0155000 0.0064552
v -0.0022031 -0.0155000 0.0085010
v -0.0016471 -0.0175000 0.0064132
v -0.0022277 -0.0175000 0.0075527
v -0.0022110 -0.0175000 0.0084637
v -0.0022031 -0.0155000 0.0085010
v -0.0048294 -0.0155000 0.0073423
v -0.0022110 -0.0175000 0.0084637
v -0.0048011 -0.0175000 0.0073106
v -0.0035644 -0.0175000 0.0080122
v -0.0038057 -0.0155000 0.0054138
v -0.0039858 -0.0155000 0.0065350
v -0.0048294 -0.0155000 0.0073423
v -0.0037677 -0.0175000 0.0055053
v -0.0048011 -0.0175000 0.0073106
v -0.0041282 -0.0175000 0.0067384
v -0.0037677 -0.0175000 0.0055053
v -0.0016471 -0.0175000 0.0064132
v -0.0022277 -0.0175000 0.0075527
v -0.0022110 -0.0175000 0.0084637
v -0.0048011 -0.0175000 0.0073106
v -0.0035644 -0.0175000 0.0080122
v -0.0041282 -0.0175000 0.0067384
v 0.0073370 -0.0155000 0.0048427
v 0.0085016 -0.0155000 0.0022018
v 0.0072909 -0.0175000 0.0046736
v 0.0085385 -0.0175000 0.0023202
v 0.0055267 -0.0155000 0.0037575
v 0.0067786 -0.0155000 0.0041577
v 0.0073370 -0.0155000 0.0048427
v 0.0072909 -0.0175000 0.0046736
v 0.0061499 -0.0175000 0.0038433
v 0.0054691 -0.0175000 0.0038031
v 0.0055267 -0.0155000 0.0037575
v 0.0060465 -0.0155000 0.0027019
v 0.0064758 -0.0155000 0.0017175
v 0.0054691 -0.0175000 0.0038031
v 0.0064155 -0.0175000 0.0016116
v 0.0085016 -0.0155000 0.0022018
v 0.0077799 -0.0155000 0.0022631
v 0.0064758 -0.0155000 0.0017175
v 0.0085385 -0.0175000 0.0023202
v 0.0064155 -0.0175000 0.0016116
v 0.0075144 -0.0175000 0.0022562
v 0.0072909 -0.0175000 0.0046736
v 0.0085385 -0.0175000 0.0023202
v 0.0061499 -0.0175000 0.0038433
v 0.0054691 -0.0175000 0.0038031
v 0.0064155 -0.0175000 0.0016116
v 0.0075144 -0.0175000 0.0022562
v 0.0084416 -0.0155000 -0.0022648
v 0.0073560 -0.0155000 -0.0048586
v 0.0085006 -0.0175000 -0.0022043
v 0.0073370 -0.0175000 -0.0048426
v 0.0064047 -0.0155000 -0.0016020
v 0.0071103 -0.0155000 -0.0020828
v 0.0084416 -0.0155000 -0.0022648
v 0.0085006 -0.0175000 -0.0022043
v 0.0072574 -0.0175000 -0.0021891
v 0.0064580 -0.0175000 -0.0016822
v 0.0064047 -0.0155000 -0.0016020
v 0.0055333 -0.0155000 -0.0037826
v 0.0064580 -0.0175000 -0.0016822
v 0.0054784 -0.0175000 -0.0037592
v 0.0055333 -0.0155000 -0.0037826
v 0.0073560 -0.0155000 -0.0048586
v 0.0066448 -0.0155000 -0.0040519
v 0.0073370 -0.0175000 -0.0048426
v 0.0054784 -0.0175000 -0.0037592
v 0.0067612 -0.0175000 -0.0041421
v 0.0085006 -0.0175000 -0.0022043
v 0.0073370 -0.0175000 -0.0048426
v 0.0072574 -0.0175000 -0.0021891
v 0.0064580 -0.0175000 -0.0016822
v 0.0054784 -0.0175000 -0.0037592
v 0.0067612 -0.0175000 -0.0041421
v 0.0047560 -0.0155000 -0.0073579
v 0.0022031 -0.0155000 -0.0085010
v 0.0047565 -0.0175000 -0.0073116
v 0.0022271 -0.0175000 -0.0084508
v 0.0035643 -0.0175000 -0.0080122
v 0.0038557 -0.0155000 -0.0061935
v 0.0047560 -0.0155000 -0.0073579
v 0.0047565 -0.0175000 -0.0073116
v 0.0038716 -0.0175000 -0.0062956
v 0.0038557 -0.0155000 -0.0061935
v 0.0038203 -0.0155000 -0.0053996
v 0.0038716 -0.0175000 -0.0062956
v 0.0038223 -0.0175000 -0.0053919
v 0.0038203 -0.0155000 -0.0053996
v 0.0016657 -0.0155000 -0.0064513
v 0.0038223 -0.0175000 -0.0053919
v 0.0017046 -0.0175000 -0.0064568
v 0.0016657 -0.0155000 -0.0064513
v 0.0022371 -0.0155000 -0.0075461
v 0.0022031 -0.0155000 -0.0085010
v 0.0022271 -0.0175000 -0.0084508
v 0.0017046 -0.0175000 -0.0064568
v 0.0022098 -0.0175000 -0.0075337
v 0.0047565 -0.0175000 -0.0073116
v 0.0022271 -0.0175000 -0.0084508
v 0.0035643 -0.0175000 -0.0080122
v 0.0038716 -0.0175000 -0.0062956
v 0.0038223 -0.0175000 -0.0053919
v 0.0017046 -0.0175000 -0.0064568
v 0.0022098 -0.0175000 -0.0075337
v -0.0022258 -0.0155000 -0.0084718
v -0.0048567 -0.0155000 -0.0073575
v -0.0022585 -0.0175000 -0.0083718
v -0.0035675 -0.0175000 -0.0080195
v -0.0046482 -0.0175000 -0.0072598
v -0.0022258 -0.0155000 -0.0084718
v -0.0016745 -0.0155000 -0.0064162
v -0.0022098 -0.0155000 -0.0075337
v -0.0022585 -0.0175000 -0.0083718
v -0.0021007 -0.0175000 -0.0071566
v -0.0016102 -0.0175000 -0.0064080
v -0.0016745 -0.0155000 -0.0064162
v -0.0037503 -0.0155000 -0.0055281
v -0.0016102 -0.0175000 -0.0064080
v -0.0027679 -0.0175000 -0.0060211
v -0.0038236 -0.0175000 -0.0053810
v -0.0042604 -0.0155000 -0.0069151
v -0.0037503 -0.0155000 -0.0055281
v -0.0048567 -0.0155000 -0.0073575
v -0.0038236 -0.0175000 -0.0053810
v -0.0038476 -0.0175000 -0.0061738
v -0.0046482 -0.0175000 -0.0072598
v -0.0022585 -0.0175000 -0.0083718
v -0.0035675 -0.0175000 -0.0080195
v -0.0021007 -0.0175000 -0.0071566
v -0.0016102 -0.0175000 -0.0064080
v -0.0027679 -0.0175000 -0.0060211
v -0.0038236 -0.0175000 -0.0053810
v -0.0038476 -0.0175000 -0.0061738
v -0.0046482 -0.0175000 -0.0072598
v -0.0073537 -0.0155000 -0.0047869
v -0.0085006 -0.0155000 -0.0022043
v -0.0073560 -0.0175000 -0.0048586
v -0.0084416 -0.0175000 -0.0022648
v -0.0054050 -0.0155000 -0.0038133
v -0.0063343 -0.0155000 -0.0039037
v -0.0073537 -0.0155000 -0.0047869
v -0.0073560 -0.0175000 -0.0048586
v -0.0066842 -0.0175000 -0.0040830
v -0.0054903 -0.0175000 -0.0037769
v -0.0054050 -0.0155000 -0.0038133
v -0.0064507 -0.0155000 -0.0016630
v -0.0054903 -0.0175000 -0.0037769
v -0.0064155 -0.0175000 -0.0016116
v -0.0064507 -0.0155000 -0.0016630
v -0.0085006 -0.0155000 -0.0022043
v -0.0072574 -0.0155000 -0.0021891
v -0.0064155 -0.0175000 -0.0016116
v -0.0071103 -0.0175000 -0.0020828
v -0.0084416 -0.0175000 -0.0022648
v -0.0073560 -0.0175000 -0.0048586
v -0.0066842 -0.0175000 -0.0040830
v -0.0054903 -0.0175000 -0.0037769
v -0.0064155 -0.0175000 -0.0016116
v -0.0071103 -0.0175000 -0.0020828
v -0.0084416 -0.0175000 -0.0022648
v -0.0085233 -0.0155000 0.0022412
v -0.0073144 -0.0155000 0.0048298
v -0.0083975 -0.0175000 0.0022511
v -0.0080195 -0.0175000 0.0035676
v -0.0072604 -0.0175000 0.0046495
v -0.0064047 -0.0155000 0.0016020
v -0.0075144 -0.0155000 0.0022562
v -0.0085233 -0.0155000 0.0022412
v -0.0083975 -0.0175000 0.0022511
v -0.0071900 -0.0175000 0.0021173
v -0.0064148 -0.0175000 0.0016152
v -0.0064047 -0.0155000 0.0016020
v -0.0055333 -0.0155000 0.0037826
v -0.0064148 -0.0175000 0.0016152
v -0.0054691 -0.0175000 0.0038031
v -0.0073144 -0.0155000 0.0048298
v -0.0067778 -0.0155000 0.0041194
v -0.0055333 -0.0155000 0.0037826
v -0.0054691 -0.0175000 0.0038031
v -0.0061733 -0.0175000 0.0038471
v -0.0072604 -0.0175000 0.0046495
v -0.0083975 -0.0175000 0.0022511
v -0.0080195 -0.0175000 0.0035676
v -0.0071900 -0.0175000 0.0021173
v -0.0064148 -0.0175000 0.0016152
v -0.0054691 -0.0175000 0.0038031
v -0.0061733 -0.0175000 0.0038471
v -0.0072604 -0.0175000 0.0046495
v -0.0011489 -0.0189976 0.0084806
v -0.0010371 -0.0189996 0.0073646
v -0.0010262 -0.0188061 0.0079117
v 0.0010018 -0.0189993 0.0072824
v 0.0005651 -0.0188038 0.0071573
v 0.0009476 -0.0187995 0.0076341
v 0.0062876 -0.0189992 0.0047887
v 0.0067654 -0.0189960 0.0056800
v 0.0064078 -0.0187967 0.0051873
v 0.0067654 -0.0189960 0.0056800
v 0.0064078 -0.0187967 0.0051873
v 0.0064622 -0.0187945 0.0060006
vn -0.995642 -0.015437 0.091971
vn -0.876552 -0.011050 0.481180
vn -0.608946 -0.005012 0.793196
vn -0.281641 -0.005441 0.959504
vn 0.070342 -0.013783 0.997428
vn 0.430259 -0.020703 0.902468
vn 0.718745 -0.015279 0.695106
vn 0.921988 -0.012602 0.387014
vn 0.999156 -0.009063 0.040072
vn 0.957908 0.018001 0.286511
vn 0.765047 0.012424 0.643854
vn 0.522236 0.010056 0.852742
vn 0.264419 0.008267 0.964372
vn -0.017840 0.002554 0.999838
vn -0.265893 -0.003408 0.963996
vn -0.586964 0.006118 0.809590
vn -0.859684 0.005039 0.510801
vn -0.985039 0.008705 0.172110
vn -0.984516 0.012967 -0.174814
vn -0.857764 0.012791 -0.513885
vn -0.661853 0.010279 -0.749563
vn -0.448354 0.008169 -0.893819
vn -0.189408 0.014147 -0.981797
vn 0.150027 0.017667 -0.988524
vn 0.471096 0.017492 -0.881909
vn 0.719669 0.005627 -0.694295
vn 0.894625 0.015775 -0.446540
vn 0.993303 0.023866 -0.113050
vn 0.967957 -0.011183 -0.250866
vn 0.844355 -0.020513 -0.535391
vn 0.570443 -0.018095 -0.821138
vn 0.265038 -0.012961 -0.964151
vn -0.005286 -0.007709 -0.999956
vn -0.249180 -0.008472 -0.968420
vn -0.488761 -0.008618 -0.872375
vn -0.705668 -0.006383 -0.708513
vn -0.861681 -0.009291 -0.507365
vn -0.965048 -0.007812 -0.261957
vn 0.000393 -1.000000 -0.000105
vn 0.000380 -1.000000 -0.000052
vn 0.000197 -1.000000 -0.000654
vn 0.000393 -1.000000 -0.000784
vn 0.000126 -1.000000 -0.000862
vn -0.000505 -0.999999 -0.001259
vn -0.001239 -0.999998 -0.001662
vn -0.000468 -1.000000 -0.000154
vn -0.002129 -0.999998 0.000548
vn -0.000133 -1.000000 0.000131
vn -0.000631 -1.000000 0.000218
vn -0.000093 -1.000000 0.000606
vn -0.000164 -1.000000 0.000139
vn -0.000055 -1.000000 0.000677
vn 0.000146 -1.000000 0.000730
vn 0.000216 -1.000000 0.000635
vn 0.001290 -0.999999 0.000761
vn 0.000904 -0.999999 0.000576
vn 0.000525 -1.000000 0.000053
vn -0.000445 -0.999999 -0.000932
vn 0.000384 -1.000000 -0.000335
vn 0.000653 -1.000000 -0.000730
vn 0.001556 -0.999999 0.000714
vn 0.000205 -1.000000 0.000251
vn 0.000709 -0.999999 0.001039
vn 0.000582 -0.999999 0.000966
vn -0.000065 -0.999996 0.002746
vn -0.000690 -1.000000 0.000652
vn -0.000187 -0.999998 0.001902
vn -0.000347 -1.000000 -0.000032
vn -0.000603 -1.000000 0.000164
vn -0.000615 -1.000000 -0.000619
vn -0.000597 -1.000000 -0.000583
vn -0.000094 -0.999999 -0.001456
vn -0.000504 -1.000000 -0.000017
vn -0.002210 -0.999992 0.003333
vn 0.000698 -1.000000 0.000174
vn -0.000359 -1.000000 0.000100
vn 0.000468 -0.999999 0.001202
vn -0.000775 -1.000000 -0.000168
vn -0.001109 -0.999999 0.000028
vn 0.000854 -0.999999 0.000631
vn -0.002199 -0.999996 0.001714
vn -0.001110 -0.999999 0.000911
vn -0.000591 -1.000000 -0.000065
vn -0.000567 -0.999997 -0.002581
vn 0.000991 -0.999999 -0.000828
vn 0.001796 -0.999998 0.001008
vn -0.000866 -1.000000 -0.000274
vn 0.000119 -1.000000 0.000248
vn 0.001207 -0.999999 0.000520
vn 0.000452 -1.000000 0.000643
vn -0.000619 -1.000000 0.000158
vn -0.000492 -1.000000 0.000413
vn -0.000709 -1.000000 -0.000568
vn 0.000807 -1.000000 0.000049
vn 0.000063 -1.000000 0.000559
vn 0.001300 -0.999996 0.002313
vn -0.000984 -0.999998 0.001644
vn -0.000312 -0.999999 -0.001059
vn -0.000785 -0.999999 -0.000950
vn 0.000928 -0.999999 -0.001119
vn -0.000931 -1.000000 -0.000151
vn -0.005248 -0.999986 -0.001208
vn 0.000047 -0.999998 -0.001785
vn -0.000225 -1.000000 -0.000644
vn -0.001204 -0.999999 0.001209
vn 0.000290 -1.000000 0.000211
vn -0.000091 -1.000000 0.000435
vn -0.000423 -1.000000 0.000057
vn -0.000053 -1.000000 0.000027
vn -0.000211 -1.000000 0.000127
vn -0.000517 -1.000000 0.000512
vn -0.000469 -1.000000 -0.000311
vn -0.000177 -1.000000 0.000144
vn 0.000076 -1.000000 0.000004
vn 0.000394 -1.000000 -0.000293
vn -0.000092 -1.000000 -0.000551
vn 0.000198 -1.000000 0.000288
vn 0.000284 -1.000000 -0.000488
vn 0.000691 -1.000000 -0.000663
vn -0.000107 -0.999999 -0.000997
vn -0.000181 -1.000000 -0.000855
vn -0.000318 -0.999999 0.001611
vn 0.003366 -0.999970 0.007000
vn 0.000133 -0.999999 0.001323
vn 0.000048 -1.000000 0.000067
vn 0.000160 -1.000000 0.000413
vn -0.000911 -0.999999 0.000848
vn -0.001034 -0.999999 -0.000140
vn 0.001222 -0.999999 -0.000790
vn 0.000685 -0.999999 -0.000883
vn 0.052364 -0.997909 -0.037888
vn 0.002861 -0.999970 0.007160
vn -0.193788 -0.002985 0.981039
vn -0.549751 0.014154 0.835209
vn -0.827996 0.011108 0.560624
vn -0.995624 0.018514 0.091599
vn -0.902257 0.009201 -0.431100
vn -0.590188 -0.004054 -0.807255
vn -0.345902 -0.016588 -0.938124
vn 0.020586 -0.014236 -0.999687
vn 0.415163 -0.004232 -0.909737
vn 0.774086 -0.018722 -0.632804
vn 0.963950 -0.005365 -0.266030
vn 0.994754 0.011364 0.101666
vn 0.852321 0.006968 0.522972
vn 0.573249 0.011993 0.819293
vn 0.209735 -0.012030 0.977684
vn -0.000132 0.001028 0.999999
vn -0.205098 -0.004017 -0.978733
vn -0.548065 -0.011144 -0.836361
vn -0.812952 0.011409 -0.582219
vn -0.979207 0.056175 -0.194929
vn -0.989866 -0.041620 0.135766
vn -0.909103 0.029783 0.415505
vn -0.685008 0.000008 0.728536
vn -0.392493 0.000115 0.919755
vn 0.414469 -0.000073 0.910064
vn 0.722326 0.005089 0.691534
vn 0.931992 0.011387 0.362299
vn 0.999773 -0.017201 -0.012542
vn 0.903129 -0.002624 -0.429362
vn 0.618759 0.018374 -0.785366
vn 0.231681 -0.003533 -0.972785
vn -0.000000 -1.000000 -0.000000
vn 0.000000 -1.000000 0.000000
vn -0.000000 -1.000000 0.000001
vn -0.000000 -1.000000 0.000000
vn 0.000000 -1.000000 0.000000
vn 0.000000 -1.000000 0.000000
vn 0.000000 -1.000000 0.000000
vn -0.000001 -1.000000 0.000000
vn -0.000000 -1.000000 0.000000
vn -0.000001 -1.000000 -0.000001
vn 0.000000 -1.000000 0.000000
vn 0.000000 -1.000000 0.000000
vn 0.000000 -1.000000 0.000000
vn 0.000000 -1.000000 0.000000
vn -0.000000 -1.000000 -0.000000
vn -0.000000 -1.000000 -0.000000
vn 0.000000 -1.000000 0.000000
vn 0.000000 -1.000000 0.000000
vn -0.000000 -1.000000 -0.000000
vn -0.000001 -1.000000 -0.000002
vn -0.000000 -1.000000 -0.000000
vn -0.000001 -1.000000 0.000000
vn -0.000000 -1.000000 0.000000
vn 0.000000 -1.000000 0.000000
vn 0.000000 -1.000000 0.000000
vn -0.000000 -1.000000 0.000001
vn -0.000000 -1.000000 0.000000
vn -0.000000 -1.000000 -0.000000
vn -0.000000 -1.000000 -0.000001
vn 0.000000 -1.000000 0.000000
vn 0.991557 0.009086 -0.129357
vn 0.929212 0.023148 0.368822
vn 0.639771 0.024117 0.768187
vn 0.320386 0.018943 0.947098
vn -0.036772 0.012678 0.999243
vn -0.495676 0.020550 0.868265
vn -0.842774 0.029351 0.537466
vn -0.992250 0.023373 0.122040
vn -0.953171 0.016495 -0.301983
vn -0.745824 0.028009 -0.665554
vn -0.332537 0.026473 -0.942719
vn 0.179184 0.017023 -0.983668
vn 0.558341 0.004831 -0.829597
vn 0.837648 0.004443 -0.546192
vn 0.988207 -0.005697 -0.153018
vn 0.836814 0.001702 -0.547485
vn 0.562648 -0.002871 -0.826692
vn 0.237876 -0.008578 -0.971258
vn -0.163847 -0.013496 -0.986393
vn -0.564287 -0.015981 -0.825424
vn -0.856693 -0.024768 -0.515232
vn -0.997379 -0.024494 -0.068088
vn -0.942309 -0.017359 0.334294
vn -0.747208 -0.017653 0.664356
vn -0.336482 -0.025275 0.941351
vn 0.165269 -0.025650 0.985915
vn 0.512107 -0.018944 0.858713
vn 0.778095 -0.009854 0.628069
vn 0.965996 -0.011815 0.258289
vn 0.000000 1.000000 0.000000
vn 0.000000 1.000000 -0.000000
vn 0.000000 1.000000 -0.000000
vn 0.000001 1.000000 0.000000
vn 0.000000 1.000000 -0.000000
vn 0.000000 1.000000 0.000000
vn 0.000000 1.000000 0.000000
vn 0.000000 1.000000 0.000000
vn -0.000000 1.000000 0.000000
vn -0.000000 1.000000 -0.000000
vn 0.000000 1.000000 -0.000000
vn 0.000000 1.000000 -0.000000
vn 0.000000 1.000000 0.000000
vn 0.000000 1.000000 -0.000000
vn 0.000000 1.000000 -0.000000
vn 0.000001 1.000000 -0.000000
vn 0.000000 1.000000 0.000000
vn 0.000000 1.000000 0.000000
vn 0.000000 1.000000 0.000000
vn 0.000000 1.000000 0.000000
vn 0.000000 1.000000 0.000000
vn 0.000000 1.000000 0.000000
vn 0.000000 1.000000 0.000000
vn 0.000000 1.000000 0.000000
vn 0.000001 1.000000 0.000001
vn 0.000001 1.000000 -0.000000
vn 0.000001 1.000000 0.000000
vn 0.000000 1.000000 0.000000
vn 0.000000 1.000000 -0.000000
vn 0.000000 1.000000 0.000000
vn 0.000000 1.000000 0.000000
vn 0.000000 1.000000 0.000000
vn 0.000000 1.000000 0.000000
vn 0.000000 1.000000 0.000000
vn 0.000000 1.000000 0.000000
vn 0.000001 1.000000 0.000001
vn 0.000000 1.000000 -0.000000
vn 0.000000 1.000000 0.000000
vn 0.000000 1.000000 0.000000
vn 0.000001 1.000000 -0.000000
vn 0.000000 1.000000 0.000000
vn 0.000001 1.000000 0.000000
vn 0.000000 1.000000 0.000000
vn 0.000000 1.000000 0.000000
vn 0.000001 1.000000 0.000000
vn 0.000001 1.000000 -0.000000
vn 0.000000 1.000000 0.000000
vn 0.000000 1.000000 0.000000
vn 0.000001 1.000000 0.000000
vn 0.000000 1.000000 0.000000
vn 0.000001 1.000000 0.000000
vn 0.000001 1.000000 -0.000000
vn 0.000000 1.000000 0.000000
vn 0.000000 1.000000 0.000000
vn 0.000001 1.000000 0.000000
vn 0.000000 1.000000 0.000000
vn 0.000000 1.000000 0.000000
vn 0.000000 1.000000 0.000000
vn 0.000000 1.000000 0.000000
vn 0.000000 1.000000 0.000000
vn 0.000000 1.000000 0.000000
vn 0.000000 1.000000 -0.000000
vn 0.000000 1.000000 0.000000
vn 0.000000 1.000000 0.000000
vn 0.000000 1.000000 0.000000
vn 0.000000 1.000000 0.000000
vn 0.000000 1.000000 0.000000
vn 0.000000 1.000000 0.000001
vn 0.000000 1.000000 0.000000
vn 0.000000 1.000000 0.000000
vn 0.000000 1.000000 0.000000
vn 0.000000 1.000000 0.000000
vn 0.000001 1.000000 -0.000000
vn 0.000000 1.000000 -0.000000
vn 0.000000 1.000000 0.000000
vn 0.000001 1.000000 0.000001
vn 0.000000 1.000000 0.000000
vn 0.000000 1.000000 0.000000
vn 0.000000 1.000000 0.000000
vn 0.000000 1.000000 0.000000
vn 0.000000 1.000000 0.000000
vn 0.000000 1.000000 0.000000
vn 0.000000 1.000000 0.000000
vn 0.000000 1.000000 -0.000000
vn 0.000000 1.000000 0.000000
vn 0.000000 1.000000 0.000000
vn 0.000000 1.000000 0.000000
vn 0.000000 1.000000 0.000000
vn 0.000000 1.000000 0.000000
vn 0.000000 1.000000 -0.000000
vn 0.000000 1.000000 0.000000
vn 0.000000 1.000000 0.000000
vn 0.000000 1.000000 0.000000
vn 0.000000 1.000000 0.000000
vn 0.000000 1.000000 -0.000000
vn 0.000000 1.000000 0.000000
vn 0.000000 1.000000 -0.000000
vn 0.000000 1.000000 0.000000
vn 0.000000 1.000000 0.000000
vn 0.000001 1.000000 -0.000000
vn 0.000000 1.000000 0.000000
vn 0.000000 1.000000 0.000000
vn 0.000000 1.000000 0.000000
vn 0.000000 1.000000 0.000000
vn 0.000000 1.000000 0.000000
vn 0.000000 1.000000 0.000000
vn 0.000000 1.000000 -0.000000
vn 0.000000 1.000000 0.000000
vn 0.000000 1.000000 0.000000
vn 0.000001 1.000000 -0.000000
vn 0.000000 1.000000 0.000000
vn 0.000000 1.000000 0.000000
vn 0.000000 1.000000 0.000000
vn 0.000000 1.000000 -0.000000
vn 0.000000 1.000000 0.000000
vn 0.000000 1.000000 0.000000
vn 0.000000 1.000000 0.000000
vn 0.000000 1.000000 0.000000
vn 0.000001 1.000000 -0.000000
vn 0.000000 1.000000 0.000000
vn 0.000000 1.000000 0.000000
vn 0.000000 1.000000 0.000000
vn -0.000000 1.000000 0.000000
vn 0.000000 1.000000 0.000000
vn 0.000000 1.000000 -0.000000
vn 0.000000 1.000000 0.000000
vn 0.000000 1.000000 -0.000000
vn 0.000000 1.000000 0.000000
vn 0.000000 1.000000 0.000000
vn 0.000000 1.000000 0.000000
vn 0.000000 1.000000 0.000000
vn 0.000000 1.000000 0.000000
vn 0.000000 1.000000 0.000000
vn 0.000000 1.000000 0.000000
vn 0.000000 1.000000 0.000000
vn 0.000000 1.000000 -0.000000
vn 0.000001 1.000000 -0.000000
vn 0.000000 1.000000 0.000000
vn 0.000001 1.000000 0.000000
vn 0.000001 1.000000 0.000000
vn 0.000000 1.000000 -0.000000
vn 0.000000 1.000000 0.000000
vn 0.000000 1.000000 0.000000
vn 0.782415 -0.023564 -0.622312
vn 0.372938 -0.022168 -0.927592
vn -0.454548 -0.010549 -0.890660
vn -0.736907 -0.003857 -0.675983
vn 0.666411 0.011834 -0.745491
vn 0.861420 0.004142 -0.507876
vn -0.744722 -0.001369 -0.667374
vn -0.513780 0.000936 -0.857922
vn 0.079151 0.013192 -0.996775
vn -0.998788 -0.004894 0.048985
vn -0.999237 -0.002684 0.038963
vn -0.999748 0.010292 -0.019934
vn -0.999909 0.008250 -0.010660
vn -0.711215 -0.701262 0.049039
vn -0.872714 -0.405140 -0.272453
vn 0.892041 -0.449089 -0.050815
vn 0.699651 -0.681669 0.214046
vn 0.416306 -0.713135 0.564028
vn -0.007630 -0.715824 0.698239
vn -0.453347 -0.757665 0.469490
vn 0.861310 -0.507544 -0.023343
vn -0.844259 -0.483770 -0.230636
vn 0.628818 -0.703919 0.330281
vn 0.295493 -0.717112 0.631217
vn -0.243566 -0.663404 0.707510
vn -0.664495 -0.692751 0.280254
vn -0.397185 -0.751848 -0.526277
vn 0.113967 -0.681433 -0.722953
vn 0.491063 -0.767490 -0.412088
vn 0.453604 -0.638578 -0.621660
vn 0.483981 -0.825626 -0.290006
vn -0.433977 -0.815746 -0.382391
vn -0.306022 -0.615224 -0.726533
vn 0.004552 -0.696950 -0.717105
vn -0.748177 -0.007398 0.663458
vn -0.736523 -0.003040 0.676406
vn -0.676004 0.018323 0.736670
vn -0.687805 0.014310 0.725754
vn 0.184913 -0.022044 0.982508
vn 0.193766 -0.024473 0.980743
vn 0.147038 -0.011682 0.989062
vn 0.134914 -0.008375 0.990822
vn 0.941259 -0.020703 0.337051
vn 0.961632 -0.022462 0.273420
vn 0.988324 0.002403 0.152349
vn 0.901390 0.010078 0.432891
vn 0.728640 0.023728 0.684486
vn -0.078952 -0.013309 -0.996790
vn -0.431078 -0.010230 -0.902257
vn -0.913313 -0.009160 -0.407155
vn -0.997947 -0.007095 -0.063652
vn -0.999484 0.010409 0.030398
vn -0.949920 0.007963 -0.312392
vn -0.541484 0.010214 -0.840649
vn -0.208459 0.010846 -0.977971
vn -0.794112 -0.007867 0.607721
vn -0.784739 -0.005032 0.619806
vn -0.724893 0.011904 0.688759
vn -0.734562 0.009290 0.678478
vn -0.155700 -0.014727 0.987695
vn -0.178421 -0.019696 0.983757
vn -0.042935 0.009775 0.999030
vn -0.017103 0.015352 0.999736
vn 0.023728 -0.722749 0.690703
vn -0.463891 -0.723899 0.510661
vn -0.693073 -0.708614 0.132350
vn -0.611128 -0.729183 -0.307920
vn -0.300995 -0.711615 -0.634828
vn 0.127686 -0.727428 -0.674200
vn 0.478569 -0.726498 -0.493125
vn 0.660795 -0.750484 0.011095
vn 0.486741 -0.720905 0.493335
vn -0.292071 -0.624727 0.724162
vn -0.646608 -0.709885 0.279216
vn -0.668290 -0.722815 -0.175860
vn -0.394054 -0.712022 -0.581160
vn 0.149616 -0.721401 -0.676162
vn 0.672195 -0.658591 -0.338247
vn 0.689084 -0.655342 0.309337
vn 0.271446 -0.665508 0.695281
vn 0.712579 -0.021058 0.701276
vn 0.723739 -0.024970 0.689622
vn 0.656495 -0.002269 0.754327
vn 0.640360 0.002896 0.768070
vn 0.989119 -0.009628 -0.146801
vn 0.983395 -0.017529 -0.180631
vn 0.999621 0.019966 -0.018936
vn 0.999562 0.027062 0.011996
vn 0.568353 0.008839 -0.822737
vn 0.567466 0.008574 -0.823352
vn 0.571914 0.009905 -0.820254
vn 0.572618 0.010116 -0.819760
vn 0.993644 -0.030300 -0.108410
vn -0.965101 -0.013455 0.261530
vn -0.818839 -0.015289 0.573820
vn -0.278409 -0.015202 0.960342
vn 0.375431 -0.016027 0.926712
vn 0.919594 -0.025693 0.392030
vn -0.545968 0.015375 0.837665
vn -0.929694 0.011342 0.368158
vn -0.996887 0.012919 0.077773
vn 0.996617 0.013588 0.081058
vn 0.702770 0.017718 0.711196
vn 0.103266 0.015560 0.994532
vn 0.957951 0.010498 -0.286739
vn 0.551350 -0.729427 0.404906
vn 0.072038 -0.713195 0.697254
vn -0.396901 -0.341936 0.851792
vn -0.374042 -0.397109 0.838091
vn 0.551639 -0.789758 0.268283
vn 0.502793 -0.622040 0.600222
vn 0.056875 -0.764936 0.641591
vn -0.640022 -0.727673 -0.246707
vn -0.622300 -0.427197 -0.655931
vn -0.886557 -0.447450 0.117495
vn -0.878471 -0.464659 0.111267
vn -0.720465 -0.690828 -0.060720
vn -0.613515 -0.507056 -0.605387
vn -0.057935 -0.754505 -0.653732
vn 0.281881 -0.683423 -0.673406
vn 0.560789 -0.772009 -0.299195
vn 0.545136 -0.823047 -0.159440
vn -0.072490 -0.779562 -0.622116
vn 0.173153 -0.700034 -0.692799
vn 0.545771 -0.691391 -0.473405
vn 0.438762 -0.021143 -0.898355
vn 0.038814 -0.019585 -0.999055
vn -0.338207 -0.017665 -0.940906
vn -0.145004 0.018014 -0.989267
vn 0.262452 0.016249 -0.964808
vn 0.595857 0.014880 -0.802953
vn -0.879469 0.008327 -0.475883
vn -0.875441 0.006017 -0.483288
vn -0.852009 -0.006736 -0.523484
vn -0.856303 -0.004478 -0.516454
vn -0.779927 -0.021225 -0.625511
vn -0.986106 -0.021538 0.164712
vn -0.542714 -0.023556 0.839587
vn 0.281628 -0.023522 0.959235
vn 0.889036 -0.020906 0.457359
vn 0.958076 -0.019938 -0.285819
vn 0.523606 -0.017662 -0.851778
vn -0.143927 -0.017453 -0.989434
vn 0.791291 0.021992 -0.611044
vn 0.986914 0.021194 0.159847
vn 0.577726 0.022560 0.815919
vn -0.225060 0.025987 0.973998
vn -0.885481 0.023233 0.464094
vn -0.960546 0.019087 -0.277466
vn -0.546337 0.017733 -0.837378
vn 0.156483 0.017691 -0.987522
vn -0.441157 -0.790117 -0.425554
vn -0.117426 -0.712911 -0.691353
vn 0.374591 -0.714006 -0.591504
vn 0.573822 -0.791405 -0.210729
vn 0.627642 -0.622146 -0.467974
vn 0.525767 -0.838640 -0.142310
vn -0.433335 -0.843149 -0.318309
vn -0.385631 -0.650464 -0.654359
vn 0.127893 -0.660114 -0.740198
vn 0.106521 -0.738153 0.666170
vn -0.364047 -0.758880 0.539973
vn -0.656908 -0.726415 0.201972
vn -0.870094 -0.481780 -0.104046
vn 0.878634 -0.331909 0.343275
vn 0.501744 -0.701618 0.505949
vn 0.846087 -0.400311 0.351977
vn 0.378142 -0.734943 0.562910
vn -0.156547 -0.652271 0.741644
vn -0.578810 -0.746584 0.328012
vn -0.840361 -0.536004 -0.080586
vn -0.304656 -0.019418 0.952264
vn -0.330863 -0.012768 0.943592
vn -0.452633 0.019218 0.891490
vn -0.427849 0.012555 0.903763
vn -0.978244 -0.014382 0.206958
vn -0.972569 -0.019998 0.231754
vn -0.995563 0.011055 0.093449
vn -0.997630 0.016989 0.066681
vn -0.658440 -0.020638 -0.752350
vn -0.663223 -0.019187 -0.748175
vn -0.695421 -0.009168 -0.718544
vn -0.689005 -0.011201 -0.724670
vn 0.964074 -0.013729 -0.265279
vn 0.735092 -0.022849 -0.677582
vn 0.322813 -0.021659 -0.946215
vn -0.029471 0.024939 -0.999254
vn 0.343708 0.018255 -0.938899
vn 0.896747 0.016643 -0.442231
vn 0.997199 0.019529 -0.072204
vn 0.339263 -0.803849 0.488597
vn 0.024293 -0.649109 0.760307
vn -0.240747 -0.808051 0.537674
vn -0.245966 -0.832197 0.496939
vn 0.332614 -0.837227 0.434071
vn 0.102819 -0.698169 0.708512
vn 0.059759 -0.475380 -0.877749
vn -0.780338 -0.308979 -0.543696
vn -0.313250 -0.664253 -0.678706
vn -0.750778 -0.370775 -0.546680
vn -0.250442 -0.715609 -0.652060
vn 0.048452 -0.504164 -0.862248
vn 0.484920 -0.763207 -0.427044
vn 0.687336 -0.723473 -0.064472
vn 0.816718 -0.533201 0.220608
vn 0.385523 -0.820470 -0.422139
vn 0.686075 -0.642902 -0.340555
vn 0.773646 -0.613680 0.157697
vn 0.726924 -0.016194 0.686527
vn 0.749411 -0.024288 0.661660
vn 0.633489 0.014760 0.773611
vn 0.606185 0.023135 0.794987
vn 0.593521 -0.730700 0.337359
vn 0.669131 -0.593603 0.447101
vn 0.839350 0.009553 0.543508
vn 0.835234 0.007907 0.549839
vn 0.769067 -0.304963 0.561723
vn 0.772189 -0.368358 0.517723
vn -0.897500 -0.010777 0.440882
vn -0.676560 -0.014547 0.736244
vn -0.017697 -0.014219 0.999742
vn 0.321449 -0.014641 0.946814
vn -0.468434 0.020862 0.883252
vn -0.835737 0.009963 0.549039
vn 0.043579 0.024649 0.998746
vn 0.142006 -0.555667 0.819188
vn 0.026422 -0.767069 0.641021
vn 0.001844 -0.802753 0.596309
vn 0.118928 -0.603959 0.788092
vn -0.607904 -0.552922 0.569851
vn -0.658245 -0.710770 0.248032
vn -0.666646 -0.736752 -0.113051
vn -0.598329 -0.595821 0.535724
vn -0.703265 -0.705433 0.088222
vn -0.632077 -0.764762 -0.124971
vn -0.449754 -0.438665 -0.778007
vn -0.023648 -0.725017 -0.688325
vn 0.522812 -0.674525 -0.521233
vn 0.643892 -0.756819 -0.112374
vn 0.590309 -0.805048 -0.058586
vn -0.419130 -0.496874 -0.759899
vn 0.137301 -0.728063 -0.671619
vn 0.635881 -0.671751 -0.380008
vn -0.919500 -0.017196 -0.392714
vn -0.930091 -0.011885 -0.367136
vn -0.977790 0.019960 -0.208634
vn -0.972292 0.015122 -0.233280
vn -0.364030 0.004108 -0.931378
vn -0.369126 0.002795 -0.929375
vn -0.341199 0.009952 -0.939938
vn -0.336828 0.011064 -0.941501
vn 0.487772 0.005784 -0.872952
vn 0.493937 0.004013 -0.869489
vn 0.529528 -0.006367 -0.848268
vn 0.523519 -0.004595 -0.852002
vn 0.980564 -0.009511 -0.195967
vn 0.982671 -0.007352 -0.185215
vn 0.993554 0.007029 -0.113142
vn 0.992258 0.004853 -0.124100
vn -0.082717 -0.017667 -0.996416
vn -0.733414 -0.018049 -0.679542
vn -0.949226 -0.021936 -0.313830
vn 0.897900 -0.014494 0.439961
vn 0.999434 -0.017929 0.028479
vn 0.665647 -0.022054 -0.745941
vn 0.891766 0.018454 -0.452121
vn 0.979261 0.002857 0.202581
vn 0.873759 -0.004215 0.486341
vn -0.997649 0.016179 -0.066601
vn -0.924506 0.011781 -0.380986
vn -0.501312 0.014545 -0.865145
vn 0.265620 0.021713 -0.963833
vn -0.203785 -0.516563 0.831645
vn -0.152486 -0.625148 0.765466
vn -0.759182 -0.020537 0.650555
vn -0.365388 -0.025400 0.930509
vn 0.130845 -0.021469 0.991170
vn 0.411608 0.019979 0.911142
vn -0.075308 -0.197185 0.977470
vn -0.462661 -0.247167 0.851383
vn -0.847071 0.008465 0.531413
vn 0.398758 -0.420424 -0.815007
vn 0.401179 -0.756370 -0.516682
vn 0.391102 -0.809284 -0.438290
vn 0.406408 -0.503361 -0.762536
vn 0.832076 -0.542290 -0.116496
vn 0.693072 -0.681796 0.234104
vn 0.342157 -0.752438 0.562819
vn 0.828166 -0.548898 -0.113363
vn 0.735577 -0.674405 0.064076
vn 0.549360 -0.622167 0.557774
vn 0.238682 -0.813493 0.530339
vn -0.165975 -0.747084 -0.643676
vn -0.623684 -0.682166 0.381665
vn -0.702628 -0.699760 0.129038
vn -0.541894 -0.703208 -0.460270
vn -0.624447 -0.680671 0.383083
vn -0.665261 -0.719510 0.199331
vn -0.735057 -0.633534 -0.241505
vn -0.346890 -0.657743 -0.668612
vn -0.116355 -0.789645 -0.602430
vn -0.959081 -0.019170 0.282482
vn -0.401775 -0.021546 0.915485
vn 0.059938 -0.015375 0.998084
vn 0.054982 -0.007470 -0.998459
vn -0.332293 -0.010128 -0.943122
vn -0.882266 -0.014164 -0.470539
vn 0.113190 0.002734 -0.993570
vn -0.996559 0.014567 -0.081594
vn -0.757626 0.009941 -0.652613
vn -0.217747 0.006115 -0.975986
vn 0.225116 0.017915 0.974167
vn -0.156927 0.015601 0.987487
vn -0.800822 0.017355 0.598652
vn 0.779008 -0.004079 -0.627001
vn 0.777711 -0.003603 -0.628611
vn 0.769776 -0.000715 -0.638314
vn 0.771178 -0.001222 -0.636619
vn 0.275305 -0.585438 0.762542
vn -0.028768 -0.709401 0.704218
vn -0.587231 -0.703935 0.399544
vn -0.915977 -0.397362 0.055582
vn -0.887431 -0.455026 0.073607
vn 0.249714 -0.624363 0.740144
vn -0.178921 -0.696646 0.694746
vn -0.520049 -0.741462 0.424009
vn 0.705906 -0.552731 -0.442929
vn -0.565603 -0.730148 -0.383376
vn -0.224350 -0.690637 -0.687523
vn 0.374405 -0.718061 -0.586694
vn 0.273495 -0.721510 -0.636101
vn 0.676442 -0.589795 -0.441098
vn -0.561784 -0.786709 -0.255905
vn -0.530312 -0.669595 -0.520011
vn -0.105202 -0.692081 -0.714112
vn 0.610417 -0.766054 0.201373
vn 0.711820 -0.632936 0.304473
vn 0.585972 -0.790406 0.178589
vn 0.690149 -0.666898 0.280964
vn 0.922838 -0.017439 0.384793
vn 0.929072 -0.013047 0.369668
vn 0.955251 0.008059 0.295686
vn 0.949960 0.003357 0.312352
vn -0.274008 0.002149 -0.961725
vn -0.498116 -0.000134 -0.867111
vn -0.390603 -0.003966 -0.920551
vn -0.259840 0.012099 -0.965576
vn -0.387682 0.004030 -0.921784
vn -0.505335 0.005810 -0.862903
vn 0.991028 -0.007383 -0.133452
vn 0.842619 0.010255 -0.538412
vn 0.944975 0.002030 -0.327137
vn 0.989862 -0.001603 -0.142026
vn 0.929924 -0.002990 -0.367738
vn 0.817929 -0.007396 -0.575272
vn 0.390456 0.006193 0.920601
vn 0.402378 -0.009000 0.915429
vn 0.400136 -0.006127 0.916435
vn 0.411716 -0.021044 0.911069
vn -0.647829 0.004637 0.761772
vn -0.832554 0.016781 0.553690
vn -0.969649 0.019706 0.243707
vn -0.986152 -0.023005 0.164240
vn -0.886268 -0.011762 0.463023
vn -0.683387 -0.016085 0.729879
vn 0.000000 1.000000 0.000000
vn 0.000000 1.000000 0.000000
vn 0.000000 1.000000 0.000000
vn 0.000000 1.000000 0.000000
vn 0.000000 1.000000 0.000000
vn 0.000000 1.000000 0.000000
vn 0.000000 1.000000 0.000000
vn -0.412611 0.003997 0.910899
vn -0.434974 0.032913 0.899841
vn -0.416856 0.009427 0.908924
vn -0.393479 -0.020149 0.919113
vn -0.963464 -0.001287 -0.267837
vn -0.851058 0.009228 -0.524990
vn -0.999947 0.003754 0.009605
vn -0.878883 -0.021773 -0.476541
vn -0.977478 -0.012807 -0.210650
vn -0.999855 0.006996 0.015520
vn 0.369519 -0.024481 -0.928901
vn 0.439404 -0.022866 -0.897998
vn 0.316402 0.016458 -0.948482
vn 0.493350 0.020775 -0.869583
vn 0.405717 -0.009027 -0.913954
vn 0.987005 0.026018 0.158568
vn 0.885844 0.013244 0.463795
vn 0.679956 0.017055 0.733054
vn 0.970298 -0.018352 0.241215
vn 0.647832 -0.002881 0.761778
vn 0.832236 -0.015762 0.554198
vn 0.000000 1.000000 0.000000
vn 0.000000 1.000000 0.000000
vn 0.000000 1.000000 0.000000
vn 0.000000 1.000000 0.000000
vn 0.000000 1.000000 0.000000
vn 0.000000 1.000000 0.000000
vn 0.000000 1.000000 0.000000
vn -0.896929 0.018370 -0.441792
vn -0.914219 -0.040730 -0.403168
vn -0.881937 0.059862 -0.467550
vn -0.903437 -0.002032 -0.428716
vn 0.254741 0.037960 -0.966264
vn 0.567674 0.023446 -0.822920
vn 0.774591 0.035530 -0.631464
vn 0.640320 -0.033919 -0.767359
vn 0.327612 -0.022494 -0.944544
vn 0.058799 -0.024457 -0.997970
vn 0.897004 -0.015762 0.441741
vn 0.910402 -0.037422 0.412030
vn 0.915537 -0.048781 0.399265
vn 0.910596 -0.036223 0.411708
vn 0.916578 -0.047376 0.397040
vn 0.040519 0.007142 0.999153
vn -0.135420 0.014549 0.990681
vn -0.429679 0.019995 0.902760
vn -0.062365 0.057849 0.996375
vn -0.505690 -0.030407 0.862179
vn -0.268875 0.019426 0.962979
vn 0.000000 1.000000 0.000000
vn 0.000000 1.000000 0.000000
vn 0.000000 1.000000 0.000000
vn 0.000000 1.000000 0.000000
vn 0.000000 1.000000 0.000000
vn 0.000000 1.000000 0.000000
vn -0.922352 -0.015533 0.386038
vn -0.917903 0.001301 0.396803
vn -0.919531 -0.004694 0.392989
vn -0.914906 0.011893 0.403492
vn -0.555320 0.007367 -0.831604
vn -0.370666 0.022112 -0.928503
vn -0.092174 0.016918 -0.995599
vn -0.012178 -0.030592 -0.999458
vn -0.297431 0.005588 -0.954727
vn -0.535447 0.019579 -0.844342
vn 0.927867 0.039618 -0.370801
vn 0.915880 0.001890 -0.401449
vn 0.918136 0.008473 -0.396174
vn 0.904044 -0.029788 -0.426401
vn 0.235434 0.004938 0.971878
vn 0.756294 0.009483 0.654163
vn 0.513420 0.003219 0.858131
vn 0.772551 -0.002236 0.634948
vn 0.269279 -0.016109 0.962928
vn 0.560094 -0.011751 0.828346
vn 0.000000 1.000000 0.000000
vn 0.000000 1.000000 0.000000
vn 0.000000 1.000000 0.000000
vn 0.000000 1.000000 0.000000
vn 0.000000 1.000000 0.000000
vn 0.000000 1.000000 0.000000
vn -0.446826 -0.026328 0.894233
vn -0.371100 -0.025723 0.928237
vn -0.506556 0.019815 0.861979
vn -0.311554 0.020126 0.950015
vn -0.411289 -0.009194 0.911458
vn -0.790877 0.024945 -0.611467
vn -0.777405 0.009714 -0.628925
vn -0.754020 -0.015365 -0.656672
vn -0.769301 0.000840 -0.638886
vn -0.998991 -0.005644 -0.044561
vn -0.998873 -0.004438 -0.047247
vn -0.998641 -0.002269 -0.052075
vn -0.998513 -0.001181 -0.054497
vn 0.444538 0.003230 -0.895754
vn 0.438628 0.010987 -0.898602
vn 0.449265 -0.003018 -0.893393
vn 0.443351 0.004793 -0.896335
vn 0.886399 0.015998 0.462645
vn 0.975546 0.005961 0.219716
vn 0.999306 0.011098 -0.035556
vn 0.999972 -0.006571 0.003499
vn 0.898893 -0.000660 0.438168
vn 0.973605 -0.011849 0.227931
vn 0.000000 1.000000 0.000000
vn 0.000000 1.000000 0.000000
vn 0.000000 1.000000 0.000000
vn 0.000000 1.000000 0.000000
vn 0.000000 1.000000 0.000000
vn 0.000000 1.000000 0.000000
vn 0.000000 1.000000 0.000000
vn 0.341261 -0.016410 0.939825
vn 0.461350 0.003727 0.887210
vn 0.259589 0.044007 0.964716
vn 0.409912 0.022677 0.911843
vn 0.572231 0.099421 0.814043
vn -0.999707 0.017157 0.017059
vn -0.885848 0.017126 0.463658
vn -0.974339 0.015294 0.224568
vn -0.995038 -0.016897 0.098054
vn -0.936835 -0.016519 0.349382
vn -0.836189 -0.024638 0.547888
vn -0.367038 0.016922 -0.930052
vn -0.437807 0.006537 -0.899045
vn -0.316910 -0.014096 -0.948351
vn -0.412269 -0.008757 -0.911020
vn -0.517962 -0.043872 -0.854278
vn 0.793044 0.023940 -0.608693
vn 0.960912 0.041634 -0.273707
vn 0.595719 0.022884 -0.802867
vn 0.998790 -0.038813 -0.030217
vn 0.946167 -0.021686 -0.322951
vn 0.764815 -0.037435 -0.643161
vn 0.000000 1.000000 0.000000
vn 0.000000 1.000000 0.000000
vn 0.000000 1.000000 0.000000
vn 0.000000 1.000000 0.000000
vn 0.000000 1.000000 0.000000
vn 0.000000 1.000000 0.000000
vn 0.000000 1.000000 0.000000
vn 0.000000 1.000000 0.000000
vn 0.913821 -0.015601 0.405817
vn 0.919138 0.003227 0.393923
vn 0.917335 -0.003352 0.398103
vn 0.922352 0.015533 0.386038
vn -0.096846 0.022210 0.995052
vn -0.386381 0.021572 0.922087
vn -0.686341 0.026039 0.726813
vn -0.755702 -0.022619 0.654525
vn -0.532628 -0.018361 0.846150
vn -0.207110 -0.025403 0.977988
vn -0.898877 0.030373 -0.437148
vn -0.910758 -0.000918 -0.412941
vn -0.908536 0.005257 -0.417774
vn -0.919262 -0.026326 -0.392766
vn 0.546253 -0.011912 -0.837535
vn 0.012178 0.030592 -0.999458
vn 0.301392 -0.002860 -0.953496
vn 0.556983 -0.005365 -0.830507
vn 0.369591 -0.022217 -0.928929
vn 0.092177 -0.016920 -0.995599
vn 0.000000 1.000000 0.000000
vn 0.000001 1.000000 0.000000
vn 0.000002 1.000000 0.000000
vn 0.000001 1.000000 -0.000001
vn 0.000001 1.000000 -0.000000
vn 0.000000 1.000000 0.000000
vn 0.929825 -0.009758 -0.367873
vn 0.876565 -0.005293 -0.481255
vn 0.959497 0.058996 -0.275471
vn 0.903831 0.019761 -0.427433
vn 0.816379 0.073697 -0.572795
vn 0.507792 0.003131 0.861474
vn 0.254656 -0.003316 0.967026
vn -0.014850 0.004024 0.999882
vn 0.073597 -0.035019 0.996673
vn 0.359852 -0.006385 0.932988
vn 0.530585 0.020176 0.847392
vn -0.928572 0.007123 0.371083
vn -0.922696 -0.010954 0.385373
vn -0.923865 -0.007481 0.382645
vn -0.917626 -0.025389 0.396632
vn -0.797510 0.032747 -0.602417
vn -0.564801 0.020223 -0.824979
vn -0.219369 0.038749 -0.974872
vn -0.062359 -0.012241 -0.997979
vn -0.325186 -0.023284 -0.945363
vn -0.651289 -0.043658 -0.757572
vn 0.000000 1.000000 0.000000
vn 0.000000 1.000000 0.000000
vn 0.000000 1.000000 0.000000
vn 0.000000 1.000000 0.000001
vn 0.000002 1.000000 -0.000001
vn 0.000001 1.000000 -0.000001
vn 0.000000 1.000000 0.000000
vn 0.942141 -0.321483 0.094974
vn 0.942141 -0.321483 0.094974
vn 0.942141 -0.321483 0.094974
vn -0.466383 -0.798107 0.381461
vn -0.466383 -0.798107 0.381461
vn -0.466383 -0.798107 0.381461
vn -0.815047 -0.379007 0.438238
vn -0.815047 -0.379007 0.438238
vn -0.815047 -0.379007 0.438238
vn -0.525374 -0.850046 0.037467
vn -0.525374 -0.850046 0.037467
vn -0.525374 -0.850046 0.037467
f 18//18 19//19 1//1
f 26//26 27//27 30//30
f 26//26 30//30 31//31
f 25//25 26//26 31//31
f 25//25 31//31 32//32
f 24//24 25//25 32//32
f 24//24 32//32 33//33
f 23//23 24//24 33//33
f 27//27 29//29 30//30
f 23//23 33//33 34//34
f 22//22 23//23 34//34
f 21//21 22//22 35//35
f 20//20 21//21 36//36
f 20//20 36//36 37//37
f 20//20 37//37 38//38
f 19//19 20//20 38//38
f 19//19 38//38 1//1
f 22//22 34//34 35//35
f 27//27 28//28 29//29
f 21//21 35//35 36//36
f 28//28 10//10 9//9
f 28//28 9//9 29//29
f 18//18 1//1 2//2
f 17//17 18//18 2//2
f 17//17 2//2 3//3
f 16//16 3//3 4//4
f 15//15 16//16 4//4
f 15//15 4//4 5//5
f 14//14 15//15 5//5
f 16//16 17//17 3//3
f 13//13 5//5 6//6
f 12//12 13//13 6//6
f 12//12 6//6 7//7
f 11//11 12//12 7//7
f 11//11 7//7 8//8
f 10//10 11//11 8//8
f 13//13 14//14 5//5
f 10//10 8//8 9//9
f 129//129 62//62 130//130
f 129//129 46//46 77//77
f 104//104 91//91 54//54
f 104//104 72//72 91//91
f 104//104 54//54 53//53
f 46//46 129//129 128//128
f 102//102 58//58 103//103
f 132//132 131//131 61//61
f 129//129 77//77 62//62
f 47//47 46//46 128//128
f 105//105 104//104 53//53
f 103//103 58//58 72//72
f 54//54 90//90 55//55
f 131//131 130//130 61//61
f 130//130 62//62 61//61
f 46//46 78//78 77//77
f 54//54 91//91 90//90
f 46//46 45//45 78//78
f 72//72 92//92 91//91
f 72//72 71//71 92//92
f 62//62 77//77 76//76
f 71//71 93//93 92//92
f 62//62 76//76 75//75
f 53//53 106//106 105//105
f 103//103 72//72 104//104
f 125//125 132//132 61//61
f 48//48 126//126 125//125
f 101//101 58//58 102//102
f 50//50 82//82 81//81
f 50//50 49//49 82//82
f 49//49 83//83 82//82
f 50//50 81//81 80//80
f 50//50 101//101 51//51
f 50//50 80//80 101//101
f 49//49 125//125 83//83
f 49//49 48//48 125//125
f 62//62 75//75 63//63
f 51//51 101//101 108//108
f 51//51 108//108 52//52
f 48//48 47//47 127//127
f 48//48 127//127 126//126
f 83//83 125//125 60//60
f 83//83 60//60 84//84
f 80//80 58//58 101//101
f 52//52 108//108 107//107
f 80//80 59//59 58//58
f 80//80 86//86 59//59
f 47//47 128//128 127//127
f 86//86 85//85 59//59
f 84//84 60//60 85//85
f 85//85 60//60 59//59
f 52//52 106//106 53//53
f 52//52 107//107 106//106
f 125//125 61//61 60//60
f 71//71 70//70 93//93
f 88//88 70//70 109//109
f 55//55 90//90 89//89
f 68//68 114//114 113//113
f 68//68 95//95 114//114
f 68//68 67//67 95//95
f 118//118 43//43 119//119
f 78//78 45//45 79//79
f 117//117 39//39 57//57
f 66//66 98//98 97//97
f 66//66 97//97 67//67
f 67//67 97//97 96//96
f 117//117 116//116 39//39
f 114//114 95//95 40//40
f 66//66 122//122 121//121
f 121//121 42//42 98//98
f 114//114 40//40 39//39
f 116//116 115//115 39//39
f 114//114 39//39 115//115
f 120//120 42//42 121//121
f 120//120 43//43 42//42
f 98//98 42//42 41//41
f 98//98 41//41 99//99
f 95//95 94//94 40//40
f 99//99 41//41 100//100
f 94//94 41//41 40//40
f 94//94 100//100 41//41
f 119//119 43//43 120//120
f 66//66 121//121 98//98
f 67//67 96//96 95//95
f 109//109 117//117 57//57
f 93//93 70//70 87//87
f 75//75 74//74 63//63
f 89//89 56//56 55//55
f 79//79 45//45 73//73
f 89//89 88//88 56//56
f 68//68 113//113 112//112
f 87//87 70//70 88//88
f 74//74 73//73 63//63
f 73//73 64//64 63//63
f 88//88 109//109 57//57
f 73//73 118//118 64//64
f 73//73 44//44 118//118
f 73//73 45//45 44//44
f 64//64 118//118 124//124
f 88//88 57//57 56//56
f 65//65 122//122 66//66
f 65//65 123//123 122//122
f 44//44 43//43 118//118
f 69//69 112//112 111//111
f 69//69 68//68 112//112
f 65//65 124//124 123//123
f 64//64 124//124 65//65
f 70//70 69//69 110//110
f 70//70 110//110 109//109
f 69//69 111//111 110//110
f 144//144 160//160 143//143
f 142//142 162//162 141//141
f 142//142 161//161 162//162
f 143//143 161//161 142//142
f 143//143 160//160 161//161
f 144//144 159//159 160//160
f 147//147 148//148 157//157
f 145//145 158//158 159//159
f 146//146 157//157 158//158
f 146//146 158//158 145//145
f 147//147 157//157 146//146
f 133//133 148//148 147//147
f 141//141 162//162 163//163
f 145//145 159//159 144//144
f 141//141 163//163 140//140
f 140//140 149//149 139//139
f 133//133 156//156 148//148
f 140//140 163//163 149//149
f 134//134 156//156 133//133
f 134//134 155//155 156//156
f 135//135 155//155 134//134
f 136//136 154//154 135//135
f 136//136 153//153 154//154
f 135//135 154//154 155//155
f 137//137 152//152 136//136
f 137//137 151//151 152//152
f 138//138 151//151 137//137
f 138//138 150//150 151//151
f 138//138 149//149 150//150
f 139//139 149//149 138//138
f 136//136 152//152 153//153
f 169//169 168//168 187//187
f 168//168 167//167 188//188
f 173//173 184//184 183//183
f 168//168 188//188 187//187
f 164//164 184//184 173//173
f 164//164 185//185 184//184
f 167//167 166//166 189//189
f 170//170 169//169 187//187
f 170//170 187//187 186//186
f 171//171 185//185 172//172
f 171//171 170//170 186//186
f 171//171 186//186 185//185
f 173//173 183//183 182//182
f 172//172 185//185 164//164
f 188//188 167//167 189//189
f 190//190 166//166 165//165
f 180//180 177//177 176//176
f 189//189 166//166 190//190
f 182//182 181//181 174//174
f 181//181 175//175 174//174
f 181//181 180//180 176//176
f 181//181 176//176 175//175
f 190//190 165//165 191//191
f 191//191 165//165 179//179
f 173//173 182//182 174//174
f 180//180 193//193 177//177
f 191//191 179//179 178//178
f 191//191 178//178 192//192
f 193//193 178//178 177//177
f 192//192 178//178 193//193
f 219//219 198//198 218//218
f 218//218 198//198 199//199
f 217//217 199//199 200//200
f 219//219 197//197 198//198
f 218//218 199//199 217//217
f 220//220 196//196 197//197
f 215//215 201//201 202//202
f 221//221 196//196 220//220
f 221//221 195//195 196//196
f 222//222 195//195 221//221
f 222//222 194//194 195//195
f 208//208 194//194 222//222
f 217//217 200//200 216//216
f 220//220 197//197 219//219
f 216//216 200//200 201//201
f 209//209 207//207 194//194
f 210//210 206//206 209//209
f 215//215 202//202 214//214
f 214//214 202//202 203//203
f 214//214 203//203 213//213
f 213//213 203//203 204//204
f 213//213 204//204 212//212
f 212//212 205//205 211//211
f 212//212 204//204 205//205
f 211//211 206//206 210//210
f 211//211 205//205 206//206
f 209//209 194//194 208//208
f 209//209 206//206 207//207
f 216//216 201//201 215//215
f 286//286 335//335 334//334
f 260//260 349//349 261//261
f 336//336 250//250 249//249
f 236//236 235//235 353//353
f 236//236 353//353 348//348
f 223//223 333//333 331//331
f 260//260 350//350 349//349
f 285//285 335//335 286//286
f 285//285 249//249 335//335
f 284//284 249//249 285//285
f 287//287 286//286 334//334
f 260//260 348//348 350//350
f 261//261 253//253 252//252
f 287//287 334//334 333//333
f 262//262 261//261 252//252
f 259//259 348//348 260//260
f 280//280 287//287 333//333
f 335//335 248//248 332//332
f 261//261 349//349 253//253
f 335//335 249//249 248//248
f 255//255 303//303 354//354
f 349//349 352//352 253//253
f 336//336 249//249 284//284
f 292//292 291//291 224//224
f 329//329 248//248 288//288
f 352//352 303//303 255//255
f 352//352 255//255 254//254
f 352//352 304//304 303//303
f 332//332 248//248 329//329
f 329//329 288//288 293//293
f 330//330 329//329 293//293
f 351//351 304//304 352//352
f 331//331 292//292 224//224
f 331//331 293//293 292//292
f 353//353 234//234 306//306
f 353//353 306//306 305//305
f 351//351 353//353 305//305
f 330//330 293//293 331//331
f 351//351 305//305 304//304
f 352//352 254//254 253//253
f 235//235 234//234 353//353
f 223//223 331//331 224//224
f 345//345 262//262 252//252
f 238//238 347//347 343//343
f 283//283 336//336 284//284
f 295//295 339//339 341//341
f 296//296 295//295 341//341
f 301//301 343//343 342//342
f 300//300 343//343 301//301
f 340//340 296//296 341//341
f 241//241 282//282 281//281
f 237//237 258//258 347//347
f 340//340 297//297 296//296
f 338//338 283//283 282//282
f 343//343 300//300 299//299
f 240//240 340//340 338//338
f 238//238 237//237 347//347
f 238//238 343//343 299//299
f 240//240 297//297 340//340
f 239//239 299//299 298//298
f 239//239 238//238 299//299
f 239//239 298//298 297//297
f 239//239 297//297 240//240
f 240//240 338//338 241//241
f 263//263 262//262 345//345
f 347//347 258//258 257//257
f 347//347 263//263 346//346
f 339//339 250//250 336//336
f 223//223 280//280 333//333
f 236//236 348//348 259//259
f 337//337 336//336 283//283
f 346//346 263//263 345//345
f 344//344 345//345 252//252
f 339//339 251//251 250//250
f 344//344 252//252 251//251
f 347//347 257//257 263//263
f 223//223 281//281 280//280
f 294//294 251//251 339//339
f 294//294 344//344 251//251
f 295//295 294//294 339//339
f 237//237 236//236 259//259
f 237//237 259//259 258//258
f 241//241 281//281 223//223
f 301//301 344//344 294//294
f 301//301 342//342 344//344
f 338//338 337//337 283//283
f 234//234 233//233 306//306
f 241//241 338//338 282//282
f 248//248 247//247 321//321
f 273//273 272//272 227//227
f 266//266 232//232 231//231
f 265//265 232//232 266//266
f 267//267 362//362 361//361
f 272//272 323//323 325//325
f 279//279 323//323 272//272
f 268//268 267//267 361//361
f 274//274 273//273 227//227
f 365//365 311//311 310//310
f 274//274 227//227 226//226
f 279//279 324//324 323//323
f 264//264 232//232 265//265
f 269//269 268//268 360//360
f 278//278 324//324 279//279
f 243//243 310//310 309//309
f 243//243 365//365 310//310
f 243//243 309//309 326//326
f 244//244 243//243 326//326
f 268//268 361//361 360//360
f 245//245 244//244 324//324
f 267//267 266//266 362//362
f 272//272 228//228 227//227
f 312//312 229//229 313//313
f 312//312 230//230 229//229
f 328//328 314//314 313//313
f 328//328 313//313 229//229
f 363//363 230//230 312//312
f 311//311 363//363 312//312
f 362//362 230//230 363//363
f 328//328 229//229 228//228
f 272//272 325//325 228//228
f 311//311 364//364 363//363
f 315//315 314//314 328//328
f 327//327 315//315 328//328
f 362//362 231//231 230//230
f 248//248 321//321 288//288
f 327//327 309//309 315//315
f 365//365 364//364 311//311
f 326//326 309//309 327//327
f 266//266 231//231 362//362
f 325//325 328//328 228//228
f 242//242 365//365 243//243
f 244//244 326//326 324//324
f 358//358 232//232 264//264
f 242//242 360//360 365//365
f 319//319 322//322 225//225
f 247//247 246//246 321//321
f 256//256 354//354 357//357
f 255//255 354//354 256//256
f 290//290 320//320 319//319
f 308//308 356//356 355//355
f 291//291 290//290 319//319
f 307//307 356//356 308//308
f 289//289 321//321 320//320
f 289//289 320//320 290//290
f 302//302 308//308 355//355
f 302//302 355//355 354//354
f 307//307 233//233 356//356
f 291//291 319//319 225//225
f 291//291 225//225 224//224
f 306//306 233//233 307//307
f 303//303 302//302 354//354
f 288//288 321//321 289//289
f 322//322 226//226 225//225
f 356//356 233//233 358//358
f 246//246 317//317 321//321
f 256//256 270//270 242//242
f 316//316 274//274 226//226
f 316//316 275//275 274//274
f 359//359 358//358 264//264
f 322//322 316//316 226//226
f 245//245 324//324 278//278
f 246//246 277//277 317//317
f 318//318 275//275 316//316
f 359//359 264//264 271//271
f 318//318 276//276 275//275
f 242//242 269//269 360//360
f 246//246 278//278 277//277
f 242//242 270//270 269//269
f 317//317 276//276 318//318
f 357//357 271//271 270//270
f 357//357 359//359 271//271
f 317//317 277//277 276//276
f 358//358 233//233 232//232
f 256//256 357//357 270//270
f 246//246 245//245 278//278
f 369//369 373//373 368//368
f 366//366 370//370 371//371
f 367//367 370//370 366//366
f 367//367 374//374 370//370
f 368//368 373//373 374//374
f 368//368 374//374 367//367
f 369//369 372//372 373//373
f 375//375 378//378 376//376
f 376//376 378//378 377//377
f 379//379 391//391 385//385
f 390//390 384//384 385//385
f 384//384 390//390 389//389
f 384//384 389//389 383//383
f 383//383 389//389 388//388
f 383//383 388//388 382//382
f 382//382 388//388 386//386
f 387//387 379//379 380//380
f 385//385 391//391 390//390
f 386//386 381//381 382//382
f 387//387 391//391 379//379
f 392//392 398//398 397//397
f 396//396 395//395 394//394
f 393//393 398//398 392//392
f 393//393 399//399 398//398
f 393//393 395//395 399//399
f 394//394 395//395 393//393
f 401//401 403//403 400//400
f 401//401 402//402 403//403
f 405//405 406//406 404//404
f 404//404 406//406 407//407
f 409//409 411//411 408//408
f 409//409 410//410 411//411
f 408//408 411//411 412//412
f 416//416 417//417 418//418
f 414//414 420//420 413//413
f 414//414 419//419 420//420
f 415//415 418//418 419//419
f 415//415 419//419 414//414
f 416//416 418//418 415//415
f 422//422 424//424 421//421
f 422//422 423//423 424//424
f 425//425 427//427 426//426
f 425//425 428//428 427//427
f 429//429 438//438 445//445
f 429//429 445//445 437//437
f 437//437 445//445 444//444
f 436//436 444//444 443//443
f 443//443 435//435 436//436
f 443//443 434//434 435//435
f 443//443 442//442 434//434
f 444//444 436//436 437//437
f 433//433 442//442 441//441
f 441//441 432//432 433//433
f 432//432 441//441 440//440
f 432//432 440//440 431//431
f 431//431 440//440 439//439
f 431//431 439//439 430//430
f 430//430 439//439 438//438
f 438//438 429//429 430//430
f 442//442 433//433 434//434
f 447//447 448//448 446//446
f 446//446 448//448 449//449
f 450//450 452//452 453//453
f 451//451 452//452 450//450
f 454//454 456//456 457//457
f 455//455 456//456 454//454
f 458//458 467//467 463//463
f 463//463 467//467 468//468
f 463//463 468//468 462//462
f 458//458 470//470 467//467
f 462//462 469//469 461//461
f 462//462 468//468 469//469
f 461//461 464//464 460//460
f 459//459 465//465 466//466
f 461//461 469//469 464//464
f 460//460 464//464 465//465
f 460//460 465//465 459//459
f 474//474 472//472 473//473
f 471//471 476//476 475//475
f 472//472 477//477 476//476
f 472//472 474//474 477//477
f 476//476 471//471 472//472
f 481//481 480//480 478//478
f 481//481 478//478 482//482
f 478//478 483//483 482//482
f 483//483 478//478 479//479
f 486//486 490//490 485//485
f 486//486 487//487 490//490
f 489//489 488//488 484//484
f 485//485 490//490 489//489
f 489//489 484//484 485//485
f 491//491 495//495 496//496
f 492//492 495//495 491//491
f 492//492 494//494 495//495
f 493//493 494//494 492//492
f 498//498 499//499 500//500
f 498//498 500//500 497//497
f 504//504 512//512 503//503
f 503//503 512//512 513//513
f 503//503 513//513 502//502
f 502//502 513//513 514//514
f 502//502 514//514 501//501
f 501//501 514//514 515//515
f 501//501 515//515 508//508
f 508//508 515//515 516//516
f 508//508 516//516 507//507
f 507//507 516//516 509//509
f 504//504 511//511 512//512
f 505//505 510//510 511//511
f 505//505 511//511 504//504
f 506//506 510//510 505//505
f 506//506 509//509 510//510
f 507//507 509//509 506//506
f 525//525 518//518 519//519
f 518//518 524//524 517//517
f 518//518 525//525 524//524
f 517//517 524//524 523//523
f 521//521 525//525 519//519
f 520//520 521//521 519//519
f 520//520 522//522 521//521
f 529//529 536//536 528//528
f 532//532 530//530 531//531
f 531//531 533//533 532//532
f 528//528 536//536 535//535
f 526//526 533//533 531//531
f 534//534 526//526 527//527
f 527//527 535//535 534//534
f 528//528 535//535 527//527
f 526//526 534//534 533//533
f 540//540 538//538 537//537
f 539//539 538//538 540//540
f 543//543 541//541 542//542
f 544//544 541//541 543//543
f 548//548 546//546 547//547
f 548//548 545//545 546//546
f 555//555 549//549 554//554
f 554//554 549//549 550//550
f 553//553 550//550 551//551
f 554//554 550//550 553//553
f 553//553 551//551 552//552
f 556//556 561//561 560//560
f 561//561 556//556 557//557
f 558//558 559//559 561//561
f 558//558 561//561 557//557
f 564//564 566//566 565//565
f 566//566 564//564 567//567
f 562//562 567//567 564//564
f 565//565 563//563 564//564
f 568//568 572//572 571//571
f 572//572 568//568 569//569
f 569//569 573//573 572//572
f 570//570 573//573 569//569
f 577//577 574//574 576//576
f 576//576 574//574 575//575
f 583//583 581//581 582//582
f 583//583 580//580 581//581
f 583//583 579//579 578//578
f 583//583 582//582 579//579
f 590//590 586//586 587//587
f 588//588 586//586 590//590
f 588//588 585//585 586//586
f 589//589 585//585 588//588
f 589//589 584//584 585//585
f 594//594 591//591 592//592
f 592//592 593//593 594//594
f 597//597 599//599 596//596
f 597//597 600//600 599//599
f 596//596 598//598 595//595
f 596//596 599//599 598//598
f 606//606 601//601 602//602
f 602//602 607//607 606//606
f 603//603 607//607 602//602
f 603//603 608//608 607//607
f 604//604 608//608 603//603
f 608//608 604//604 605//605
f 612//612 610//610 611//611
f 612//612 609//609 610//610
f 615//615 613//613 614//614
f 616//616 613//613 615//615
f 620//620 617//617 618//618
f 620//620 618//618 619//619
f 623//623 622//622 624//624
f 624//624 622//622 621//621
f 637//637 625//625 636//636
f 637//637 630//630 625//625
f 631//631 630//630 637//637
f 631//631 629//629 630//630
f 632//632 629//629 631//631
f 632//632 628//628 629//629
f 633//633 628//628 632//632
f 636//636 625//625 626//626
f 636//636 626//626 635//635
f 635//635 626//626 627//627
f 635//635 627//627 634//634
f 646//646 640//640 645//645
f 645//645 640//640 641//641
f 645//645 641//641 644//644
f 645//645 638//638 639//639
f 645//645 644//644 638//638
f 644//644 642//642 643//643
f 644//644 641//641 642//642
f 650//650 647//647 648//648
f 648//648 649//649 650//650
f 653//653 656//656 652//652
f 653//653 657//657 656//656
f 652//652 655//655 654//654
f 652//652 656//656 655//655
f 652//652 654//654 651//651
f 658//658 665//665 661//661
f 661//661 665//665 664//664
f 661//661 664//664 660//660
f 664//664 663//663 660//660
f 660//660 663//663 662//662
f 660//660 662//662 659//659
f 658//658 666//666 665//665
f 679//679 667//667 668//668
f 678//678 669//669 677//677
f 678//678 668//668 669//669
f 679//679 668//668 678//678
f 673//673 670//670 676//676
f 675//675 672//672 674//674
f 676//676 671//671 675//675
f 675//675 671//671 672//672
f 674//674 672//672 667//667
f 674//674 667//667 679//679
f 676//676 670//670 671//671
f 683//683 681//681 682//682
f 683//683 680//680 681//681
f 687//687 688//688 686//686
f 685//685 690//690 689//689
f 688//688 691//691 686//686
f 686//686 690//690 685//685
f 686//686 691//691 690//690
f 689//689 684//684 685//685
f 695//695 697//697 696//696
f 692//692 697//697 695//695
f 695//695 696//696 700//700
f 695//695 700//700 694//694
f 694//694 699//699 693//693
f 694//694 700//700 699//699
f 693//693 699//699 698//698
f 701//701 704//704 703//703
f 704//704 701//701 702//702
f 708//708 706//706 707//707
f 708//708 705//705 706//706
f 710//710 713//713 711//711
f 710//710 714//714 713//713
f 709//709 713//713 712//712
f 711//711 713//713 709//709
f 715//715 718//718 719//719
f 717//717 715//715 719//719
f 716//716 717//717 719//719
f 716//716 719//719 720//720
f 722//722 723//723 724//724
f 722//722 721//721 723//723
f 727//727 728//728 729//729
f 726//726 727//727 729//729
f 726//726 729//729 730//730
f 725//725 726//726 730//730
f 731//731 732//732 733//733
f 733//733 736//736 734//734
f 733//733 732//732 736//736
f 732//732 737//737 736//736
f 734//734 736//736 735//735
f 738//738 739//739 740//740
f 738//738 740//740 741//741
f 742//742 743//743 745//745
f 742//742 745//745 746//746
f 742//742 746//746 747//747
f 744//744 742//742 747//747
f 749//749 752//752 751//751
f 748//748 752//752 749//749
f 748//748 750//750 752//752
f 754//754 758//758 756//756
f 753//753 754//754 756//756
f 755//755 757//757 758//758
f 754//754 755//755 758//758
f 764//764 765//765 763//763
f 764//764 761//761 765//765
f 761//761 760//760 759//759
f 765//765 761//761 759//759
f 764//764 762//762 761//761
f 766//766 769//769 768//768
f 767//767 769//769 766//766
f 771//771 772//772 773//773
f 771//771 773//773 774//774
f 770//770 771//771 774//774
f 770//770 774//774 775//775
f 778//778 777//777 780//780
f 777//777 776//776 779//779
f 777//777 779//779 780//780
f 781//781 782//782 786//786
f 781//781 786//786 784//784
f 783//783 785//785 786//786
f 782//782 783//783 786//786
f 790//790 792//792 791//791
f 789//789 788//788 792//792
f 789//789 787//787 788//788
f 789//789 792//792 790//790
f 794//794 796//796 795//795
f 794//794 795//795 793//793
f 799//799 800//800 801//801
f 798//798 799//799 801//801
f 797//797 798//798 801//801
f 797//797 801//801 802//802
f 804//804 803//803 805//805
f 804//804 805//805 806//806
f 808//808 809//809 812//812
f 808//808 812//812 810//810
f 809//809 807//807 811//811
f 809//809 811//811 812//812
f 815//815 813//813 814//814
f 815//815 814//814 818//818
f 816//816 818//818 817//817
f 816//816 815//815 818//818
f 820//820 823//823 819//819
f 820//820 822//822 823//823
f 819//819 823//823 821//821
f 825//825 826//826 827//827
f 824//824 825//825 827//827
f 829//829 830//830 831//831
f 829//829 828//828 830//830
f 832//832 834//834 835//835
f 833//833 832//832 835//835
f 838//838 837//837 839//839
f 837//837 841//841 839//839
f 837//837 836//836 840//840
f 837//837 840//840 841//841
f 845//845 842//842 844//844
f 848//848 844//844 843//843
f 848//848 845//845 844//844
f 847//847 846//846 845//845
f 847//847 845//845 848//848
f 849//849 852//852 851//851
f 850//850 852//852 849//849
f 850//850 853//853 852//852
f 856//856 854//854 857//857
f 856//856 857//857 858//858
f 855//855 856//856 858//858
f 855//855 858//858 859//859
f 861//861 863//863 864//864
f 861//861 860//860 863//863
f 860//860 862//862 863//863
f 866//866 868//868 869//869
f 865//865 866//866 869//869
f 865//865 869//869 870//870
f 867//867 865//865 870//870
f 872//872 873//873 871//871
f 875//875 874//874 873//873
f 877//877 873//873 872//872
f 877//877 872//872 878//878
f 877//877 875//875 873//873
f 876//876 875//875 877//877
f 880//880 882//882 881//881
f 880//880 881//881 879//879
f 883//883 884//884 888//888
f 884//884 887//887 888//888
f 884//884 885//885 887//887
f 885//885 886//886 887//887
f 890//890 889//889 891//891
f 890//890 891//891 892//892
f 895//895 893//893 896//896
f 895//895 896//896 897//897
f 895//895 897//897 898//898
f 894//894 895//895 898//898
f 904//904 903//903 899//899
f 903//903 902//902 901//901
f 903//903 901//901 900//900
f 903//903 900//900 899//899
f 906//906 909//909 908//908
f 906//906 908//908 905//905
f 905//905 908//908 907//907
f 911//911 912//912 913//913
f 911//911 913//913 914//914
f 911//911 914//914 915//915
f 910//910 911//911 915//915
f 917//917 918//918 919//919
f 917//917 916//916 918//918
f 921//921 924//924 925//925
f 920//920 921//921 925//925
f 922//922 923//923 924//924
f 921//921 922//922 924//924
f 927//927 928//928 926//926
f 927//927 932//932 931//931
f 928//928 930//930 929//929
f 931//931 930//930 928//928
f 927//927 931//931 928//928
f 935//935 933//933 934//934
f 938//938 937//937 936//936
f 940//940 941//941 939//939
f 942//942 944//944 943//943
v 0.0106637 -0.0130080 0.1026416
v 0.0116563 -0.0141962 0.1034862
v 0.0122005 -0.0142000 0.1040286
v 0.0121354 -0.0130000 0.1041050
v 0.0106637 -0.0130080 0.1026416
v 0.0112439 -0.0130000 0.1049004
v 0.0121354 -0.0130000 0.1041050
v 0.0099681 -0.0130118 0.1033398
v 0.0112439 -0.0130000 0.1049004
v 0.0099681 -0.0130118 0.1033398
v 0.0112390 -0.0142000 0.1048956
v 0.0107245 -0.0141994 0.1043225
v 0.0106637 -0.0130080 0.1026416
v 0.0116563 -0.0141962 0.1034862
v 0.0099681 -0.0130118 0.1033398
v 0.0107245 -0.0141994 0.1043225
v 0.0094616 -0.0130001 0.1034105
v 0.0088042 -0.0129998 0.1032123
v 0.0082895 -0.0129980 0.1025514
v 0.0082936 -0.0130005 0.1017688
v 0.0088567 -0.0129981 0.1010262
v 0.0097990 -0.0130003 0.1009191
v 0.0104034 -0.0130006 0.1012642
v 0.0107630 -0.0129945 0.1019763
v 0.0071903 -0.0141998 0.1013094
v 0.0076770 -0.0141993 0.1004835
v 0.0084611 -0.0141998 0.0999224
v 0.0095825 -0.0141983 0.0996650
v 0.0108607 -0.0141993 0.1000887
v 0.0115376 -0.0141998 0.1007753
v 0.0119197 -0.0141993 0.1016541
v 0.0090697 -0.0141985 0.1045989
v 0.0076969 -0.0141981 0.1038661
v 0.0070326 -0.0141983 0.1024546
v 0.0106637 -0.0130080 0.1026416
v 0.0099681 -0.0130118 0.1033398
v 0.0094616 -0.0130001 0.1034105
v 0.0088042 -0.0129998 0.1032123
v 0.0082895 -0.0129980 0.1025514
v 0.0082936 -0.0130005 0.1017688
v 0.0088567 -0.0129981 0.1010262
v 0.0097990 -0.0130003 0.1009191
v 0.0104034 -0.0130006 0.1012642
v 0.0107630 -0.0129945 0.1019763
v 0.0085563 0.0129992 0.1029998
v 0.0091530 0.0130007 0.1033637
v 0.0094662 0.0129995 0.1008894
v 0.0086646 0.0129993 0.1011670
v 0.0082145 0.0129976 0.1021482
v 0.0101349 0.0129992 0.1010502
v 0.0106670 0.0130052 0.1026159
v 0.0107432 0.0129982 0.1017975
v 0.0098533 0.0130003 0.1033611
v 0.0104056 0.0130000 0.1030463
v 0.0085563 0.0129992 0.1029998
v 0.0091530 0.0130007 0.1033637
v 0.0094662 0.0129995 0.1008894
v 0.0086646 0.0129993 0.1011670
v 0.0082145 0.0129976 0.1021482
v 0.0101349 0.0129992 0.1010502
v 0.0106670 0.0130052 0.1026159
v 0.0107432 0.0129982 0.1017975
v 0.0098533 0.0130003 0.1033611
v 0.0072463 0.0141983 0.1031994
v 0.0079786 0.0141998 0.1040805
v 0.0089696 0.0141988 0.1045743
v 0.0107245 0.0141994 0.1043225
v 0.0119753 0.0141984 0.1018769
v 0.0115376 0.0141998 0.1007753
v 0.0108607 0.0141993 0.1000887
v 0.0095825 0.0141983 0.0996650
v 0.0084611 0.0141998 0.0999224
v 0.0076770 0.0141993 0.1004835
v 0.0070588 0.0141982 0.1016792
v 0.0115782 0.0141995 0.1035216
v 0.0072463 0.0141983 0.1031994
v 0.0079786 0.0141998 0.1040805
v 0.0089696 0.0141988 0.1045743
v 0.0107245 0.0141994 0.1043225
v 0.0119753 0.0141984 0.1018769
v 0.0115376 0.0141998 0.1007753
v 0.0108607 0.0141993 0.1000887
v 0.0095825 0.0141983 0.0996650
v 0.0084611 0.0141998 0.0999224
v 0.0076770 0.0141993 0.1004835
v 0.0070588 0.0141982 0.1016792
v 0.0115782 0.0141995 0.1035216
v 0.0067500 0.0142000 0.1011071
v 0.0066879 0.0141931 0.1053724
v 0.0084571 0.0142000 0.0994000
v 0.0127225 0.0141927 0.0993376
v 0.0127288 0.0142000 0.1026072
v 0.0122005 0.0142000 0.1040286
v 0.0112390 0.0142000 0.1048956
v 0.0103474 0.0142000 0.1053296
v 0.0067500 0.0142000 0.1011071
v 0.0066879 0.0141931 0.1053724
v 0.0084571 0.0142000 0.0994000
v 0.0127225 0.0141927 0.0993376
v 0.0062500 0.0137000 0.1057000
v 0.0062500 0.0137000 0.1009000
v 0.0130500 0.0137000 0.0989000
v 0.0082500 0.0137000 0.0989000
v 0.0062500 0.0137000 0.1057000
v 0.0062500 0.0137000 0.1009000
v 0.0062500 -0.0137000 0.1009000
v 0.0062500 -0.0137000 0.1057000
v 0.0063764 -0.0168959 0.1054744
v 0.0064395 -0.0169526 0.1208526
v 0.0062500 -0.0137000 0.1206000
v 0.0062500 -0.0137000 0.1254000
v 0.0062500 0.0137000 0.1254000
v 0.0062500 0.0137000 0.1206000
v 0.0064087 0.0169897 0.1208395
v 0.0064575 0.0169929 0.1054397
v 0.0062523 0.0065158 0.1199531
v 0.0062503 0.0065526 0.1222831
v 0.0062505 0.0070708 0.1218379
v 0.0062515 0.0072688 0.1209433
v 0.0062509 0.0047198 0.1211728
v 0.0062502 0.0050873 0.1220255
v 0.0062504 0.0057943 0.1223993
v 0.0062515 0.0051496 0.1201543
v 0.0062502 -0.0053834 0.1040481
v 0.0062523 -0.0063563 0.1039025
v 0.0062512 -0.0057148 0.1064125
v 0.0062504 -0.0049195 0.1058121
v 0.0062515 -0.0047268 0.1048443
v 0.0062502 -0.0072243 0.1054439
v 0.0062510 -0.0067571 0.1061921
v 0.0062505 -0.0071856 0.1046879
v 0.0062520 -0.0054841 0.1199528
v 0.0062502 -0.0054474 0.1222832
v 0.0062504 -0.0049291 0.1218380
v 0.0062510 -0.0047307 0.1209432
v 0.0062513 -0.0072798 0.1211728
v 0.0062504 -0.0069126 0.1220254
v 0.0062504 -0.0062057 0.1223992
v 0.0062519 -0.0068501 0.1201546
v 0.0062522 0.0063563 0.1039024
v 0.0062513 0.0062852 0.1064124
v 0.0062505 0.0070803 0.1058120
v 0.0062522 0.0072725 0.1048445
v 0.0062501 0.0047756 0.1054440
v 0.0062508 0.0052427 0.1061923
v 0.0062502 0.0053834 0.1040481
v 0.0062504 0.0048142 0.1046879
v 0.0066879 0.0141931 0.1053724
v 0.0127225 0.0141927 0.0993376
v 0.0127288 0.0142000 0.1026072
v 0.0122005 0.0142000 0.1040286
v 0.0112390 0.0142000 0.1048956
v 0.0103474 0.0142000 0.1053296
v 0.0062500 0.0137000 0.1057000
v 0.0064575 0.0169929 0.1054397
v 0.0103944 0.0170000 0.1053270
v 0.0112438 0.0130000 0.1049004
v 0.0121354 0.0130000 0.1041050
v 0.0120988 0.0170000 0.1041928
v 0.0127261 0.0170000 0.1026688
v 0.0127500 0.0170000 0.0992000
v 0.0098533 0.0130003 0.1033611
v 0.0107245 0.0141994 0.1043225
v 0.0112390 0.0142000 0.1048956
v 0.0112438 0.0130000 0.1049004
v 0.0106670 0.0130052 0.1026159
v 0.0098533 0.0130003 0.1033611
v 0.0104056 0.0130000 0.1030463
v 0.0112438 0.0130000 0.1049004
v 0.0121354 0.0130000 0.1041050
v 0.0106670 0.0130052 0.1026159
v 0.0115782 0.0141995 0.1035216
v 0.0122005 0.0142000 0.1040286
v 0.0121354 0.0130000 0.1041050
v 0.0062500 0.0137000 0.1009000
v 0.0062500 -0.0137000 0.1009000
v 0.0082500 0.0137000 0.0989000
v 0.0082500 -0.0137000 0.0989000
v 0.0062500 -0.0137000 0.1009000
v 0.0062500 -0.0137000 0.1057000
v 0.0082500 -0.0137000 0.0989000
v 0.0067500 -0.0142000 0.1011071
v 0.0084571 -0.0142000 0.0994000
v 0.0127225 -0.0141927 0.0993376
v 0.0066879 -0.0141931 0.1053724
v 0.0130500 -0.0137000 0.0989000
v 0.0116563 -0.0141962 0.1034862
v 0.0122005 -0.0142000 0.1040286
v 0.0112390 -0.0142000 0.1048956
v 0.0107245 -0.0141994 0.1043225
v 0.0071903 -0.0141998 0.1013094
v 0.0076770 -0.0141993 0.1004835
v 0.0084611 -0.0141998 0.0999224
v 0.0095825 -0.0141983 0.0996650
v 0.0108607 -0.0141993 0.1000887
v 0.0115376 -0.0141998 0.1007753
v 0.0119197 -0.0141993 0.1016541
v 0.0090697 -0.0141985 0.1045989
v 0.0076969 -0.0141981 0.1038661
v 0.0070326 -0.0141983 0.1024546
v 0.0067500 -0.0142000 0.1011071
v 0.0084571 -0.0142000 0.0994000
v 0.0127225 -0.0141927 0.0993376
v 0.0127288 -0.0142000 0.1026072
v 0.0103474 -0.0142000 0.1053296
v 0.0066879 -0.0141931 0.1053724
v 0.0122005 -0.0142000 0.1040286
v 0.0112439 -0.0130000 0.1049004
v 0.0121354 -0.0130000 0.1041050
v 0.0112390 -0.0142000 0.1048956
v 0.0062500 -0.0137000 0.1057000
v 0.0063764 -0.0168959 0.1054744
v 0.0127225 -0.0141927 0.0993376
v 0.0127288 -0.0142000 0.1026072
v 0.0103474 -0.0142000 0.1053296
v 0.0066879 -0.0141931 0.1053724
v 0.0128023 -0.0169268 0.0990779
v 0.0127261 -0.0170000 0.1026688
v 0.0120988 -0.0170000 0.1041928
v 0.0103944 -0.0170000 0.1053270
v 0.0130500 -0.0137000 0.0989000
v 0.0063764 -0.0168959 0.1054744
v 0.0064395 -0.0169526 0.1208526
v 0.0128023 -0.0169268 0.0990779
v 0.0127261 -0.0170000 0.1026688
v 0.0120988 -0.0170000 0.1041928
v 0.0103944 -0.0170000 0.1053270
v 0.0103944 -0.0170000 0.1209730
v 0.0120988 -0.0170000 0.1221071
v 0.0127261 -0.0170000 0.1236312
v 0.0128023 -0.0169268 0.1272221
v 0.0222000 -0.0169100 0.1273100
v 0.0222000 -0.0170000 0.1215000
v 0.0237000 -0.0170000 0.1215000
v 0.0262000 -0.0170000 0.1190000
v 0.0262000 -0.0170000 0.1073000
v 0.0237000 -0.0170000 0.1048000
v 0.0222000 -0.0170000 0.1048000
v 0.0222000 -0.0169100 0.0989900
v 0.0130500 0.0137000 0.0989000
v 0.0082500 0.0137000 0.0989000
v 0.0082500 -0.0137000 0.0989000
v 0.0128023 -0.0169268 0.0990779
v 0.0222000 -0.0169100 0.0989900
v 0.0130500 -0.0137000 0.0989000
v 0.0507500 0.0137000 0.0989000
v 0.0507500 -0.0137000 0.0989000
v 0.0459500 -0.0137000 0.0989000
v 0.0462079 -0.0169804 0.0991019
v 0.0326000 -0.0169727 0.0989909
v 0.0326000 -0.0108000 0.0989000
v 0.0222000 -0.0108000 0.0989000
v 0.0130500 0.0167000 0.0989000
v 0.0459500 0.0167000 0.0989000
v 0.0459500 0.0137000 0.0989000
v 0.0139481 -0.0048002 0.0989007
v 0.0146019 -0.0053834 0.0989003
v 0.0147720 -0.0062015 0.0989013
v 0.0142104 -0.0070587 0.0989006
v 0.0129997 -0.0071952 0.0989030
v 0.0123134 -0.0064325 0.0989003
v 0.0122753 -0.0056576 0.0989006
v 0.0129246 -0.0048495 0.0989011
v 0.0381617 0.0070898 0.0989006
v 0.0386350 0.0065554 0.0989002
v 0.0387665 0.0058732 0.0989004
v 0.0384505 0.0051586 0.0989005
v 0.0377613 0.0047567 0.0989005
v 0.0368292 0.0049155 0.0989004
v 0.0363015 0.0055796 0.0989002
v 0.0363165 0.0064787 0.0989005
v 0.0370883 0.0072197 0.0989017
v 0.0383348 -0.0050225 0.0989014
v 0.0387918 -0.0061287 0.0989023
v 0.0380211 -0.0071878 0.0989032
v 0.0367443 -0.0070280 0.0989011
v 0.0362093 -0.0061360 0.0989021
v 0.0365364 -0.0051770 0.0989004
v 0.0372099 -0.0047572 0.0989005
v 0.0139980 0.0072034 0.0989028
v 0.0147331 0.0063208 0.0989006
v 0.0145572 0.0052588 0.0989010
v 0.0136478 0.0047301 0.0989003
v 0.0128292 0.0049155 0.0989004
v 0.0123133 0.0055675 0.0989002
v 0.0122755 0.0063423 0.0989007
v 0.0128581 0.0070988 0.0989005
v 0.0507500 0.0137000 0.0989000
v 0.0459500 0.0137000 0.0989000
v 0.0462775 0.0141927 0.0993376
v 0.0505429 0.0142000 0.0994000
v 0.0522500 0.0142000 0.1011071
v 0.0527500 0.0137000 0.1009000
v 0.0523121 0.0141931 0.1053724
v 0.0527500 0.0137000 0.1057000
v 0.0462775 0.0141927 0.0993376
v 0.0505429 0.0142000 0.0994000
v 0.0522500 0.0142000 0.1011071
v 0.0523121 0.0141931 0.1053724
v 0.0493224 0.0142000 0.1053963
v 0.0486457 0.0142000 0.1052980
v 0.0476682 0.0142000 0.1048483
v 0.0482049 0.0141997 0.1042653
v 0.0494552 0.0141998 0.1046121
v 0.0506561 0.0141983 0.1043516
v 0.0517291 0.0141982 0.1032518
v 0.0519581 0.0141998 0.1021223
v 0.0517709 0.0141993 0.1011779
v 0.0509374 0.0141983 0.1001209
v 0.0494704 0.0141983 0.0996635
v 0.0482109 0.0141993 0.1000456
v 0.0474093 0.0141993 0.1008342
v 0.0469944 0.0141982 0.1022177
v 0.0474104 0.0142000 0.1034290
v 0.0468163 0.0142000 0.1039831
v 0.0463297 0.0142000 0.1030487
v 0.0527500 0.0137000 0.1009000
v 0.0527500 0.0137000 0.1057000
v 0.0525461 0.0169848 0.1054412
v 0.0526500 0.0169333 0.1129000
v 0.0527333 0.0115000 0.1129000
v 0.0527500 0.0115000 0.1134000
v 0.0526500 0.0169333 0.1134000
v 0.0525462 0.0169848 0.1208588
v 0.0527500 0.0137000 0.1206000
v 0.0527500 0.0137000 0.1254000
v 0.0527500 -0.0137000 0.1254000
v 0.0527500 -0.0137000 0.1206000
v 0.0525518 -0.0169722 0.1208564
v 0.0526600 -0.0169100 0.1171700
v 0.0527500 -0.0134000 0.1171700
v 0.0527500 -0.0134000 0.1091300
v 0.0526600 -0.0169100 0.1091300
v 0.0525518 -0.0169722 0.1054436
v 0.0527500 -0.0137000 0.1057000
v 0.0527500 -0.0137000 0.1009000
v 0.0527481 0.0072878 0.1052573
v 0.0527489 0.0067658 0.1061907
v 0.0527493 0.0056887 0.1063859
v 0.0527498 0.0061707 0.1038917
v 0.0527488 0.0069031 0.1042469
v 0.0527491 0.0052433 0.1041166
v 0.0527498 0.0049520 0.1058571
v 0.0527487 0.0047310 0.1049433
v 0.0527495 0.0072321 0.1214458
v 0.0527474 0.0066394 0.1222704
v 0.0527490 0.0055691 0.1223477
v 0.0527472 0.0065026 0.1199512
v 0.0527494 0.0071811 0.1206851
v 0.0527496 0.0053381 0.1200696
v 0.0527497 0.0049596 0.1218747
v 0.0527481 0.0047339 0.1208766
v 0.0507500 0.0137000 0.0989000
v 0.0507500 -0.0137000 0.0989000
v 0.0527500 0.0137000 0.1009000
v 0.0527500 -0.0137000 0.1009000
v 0.0507500 -0.0137000 0.0989000
v 0.0459500 -0.0137000 0.0989000
v 0.0527500 -0.0137000 0.1057000
v 0.0527500 -0.0137000 0.1009000
v 0.0522500 -0.0142000 0.1011071
v 0.0505429 -0.0142000 0.0994000
v 0.0462775 -0.0141927 0.0993376
v 0.0523121 -0.0141931 0.1053724
v 0.0522500 -0.0142000 0.1011071
v 0.0505429 -0.0142000 0.0994000
v 0.0462775 -0.0141927 0.0993376
v 0.0523121 -0.0141931 0.1053724
v 0.0493224 -0.0142000 0.1053963
v 0.0476682 -0.0142000 0.1048483
v 0.0486457 -0.0142000 0.1052980
v 0.0482210 -0.0142000 0.1042396
v 0.0519581 -0.0141998 0.1021223
v 0.0516772 -0.0141986 0.1033417
v 0.0506282 -0.0141984 0.1043626
v 0.0492020 -0.0141990 0.1046129
v 0.0470396 -0.0141985 0.1017888
v 0.0475101 -0.0141998 0.1007037
v 0.0482109 -0.0141993 0.1000456
v 0.0494704 -0.0141983 0.0996635
v 0.0507659 -0.0141993 0.1000288
v 0.0517019 -0.0141983 0.1009944
v 0.0473700 -0.0141993 0.1034490
v 0.0468163 -0.0142000 0.1039831
v 0.0463297 -0.0142000 0.1030487
v 0.0459500 -0.0137000 0.0989000
v 0.0462079 -0.0169804 0.0991019
v 0.0525518 -0.0169722 0.1054436
v 0.0527500 -0.0137000 0.1057000
v 0.0462775 -0.0141927 0.0993376
v 0.0523121 -0.0141931 0.1053724
v 0.0493224 -0.0142000 0.1053963
v 0.0476682 -0.0142000 0.1048483
v 0.0486457 -0.0142000 0.1052980
v 0.0468163 -0.0142000 0.1039831
v 0.0463297 -0.0142000 0.1030487
v 0.0491318 -0.0170000 0.1053877
v 0.0465355 -0.0170000 0.1034952
v 0.0465398 -0.0155000 0.1034916
v 0.0490032 -0.0155000 0.1054021
v 0.0471591 -0.0155000 0.1044837
v 0.0476617 -0.0130000 0.1048386
v 0.0467979 -0.0130000 0.1040107
v 0.0462696 -0.0170000 0.1026227
v 0.0326000 -0.0169727 0.0989909
v 0.0326000 -0.0108000 0.0989000
v 0.0326000 -0.0108000 0.1006000
v 0.0326000 -0.0047000 0.1006000
v 0.0326000 -0.0047000 0.1048000
v 0.0326000 -0.0119000 0.1048000
v 0.0325780 -0.0125139 0.1057195
v 0.0326000 -0.0170000 0.1058000
v 0.0326000 -0.0108000 0.0989000
v 0.0222000 -0.0108000 0.0989000
v 0.0326000 -0.0108000 0.1006000
v 0.0222000 -0.0108000 0.1006000
v 0.0326000 -0.0108000 0.1006000
v 0.0326000 -0.0047000 0.1006000
v 0.0222000 -0.0108000 0.1006000
v 0.0222000 -0.0047000 0.1006000
v 0.0222000 -0.0170000 0.1048000
v 0.0222000 -0.0169100 0.0989900
v 0.0222000 -0.0108000 0.0989000
v 0.0222000 -0.0108000 0.1006000
v 0.0222000 -0.0047000 0.1006000
v 0.0222000 -0.0047000 0.1048000
v 0.0237000 -0.0170000 0.1048000
v 0.0222000 -0.0170000 0.1048000
v 0.0326000 -0.0047000 0.1048000
v 0.0326000 -0.0119000 0.1048000
v 0.0222000 -0.0047000 0.1048000
v 0.0237000 -0.0119000 0.1048000
v 0.0326000 -0.0047000 0.1006000
v 0.0326000 -0.0047000 0.1048000
v 0.0222000 -0.0047000 0.1006000
v 0.0222000 -0.0047000 0.1048000
v 0.0262000 -0.0170000 0.1073000
v 0.0237000 -0.0170000 0.1048000
v 0.0237000 -0.0119000 0.1048000
v 0.0262000 -0.0125000 0.1073000
v 0.0243000 -0.0125000 0.1054000
v 0.0326000 -0.0119000 0.1048000
v 0.0325780 -0.0125139 0.1057195
v 0.0237000 -0.0119000 0.1048000
v 0.0262000 -0.0125000 0.1073000
v 0.0243000 -0.0125000 0.1054000
v 0.0398637 -0.0125000 0.1106657
v 0.0395408 -0.0125000 0.1098229
v 0.0389664 -0.0125000 0.1143464
v 0.0387434 -0.0125000 0.1130132
v 0.0390472 -0.0125000 0.1118239
v 0.0397413 -0.0125000 0.1162754
v 0.0397453 -0.0125000 0.1153558
v 0.0325779 -0.0125128 0.1205807
v 0.0243000 -0.0125000 0.1209000
v 0.0262000 -0.0125000 0.1190000
v 0.0237000 -0.0119000 0.1215000
v 0.0326000 -0.0119000 0.1215000
v 0.0262000 -0.0170000 0.1190000
v 0.0262000 -0.0170000 0.1073000
v 0.0262000 -0.0125000 0.1073000
v 0.0262000 -0.0125000 0.1190000
v 0.0237000 -0.0170000 0.1215000
v 0.0262000 -0.0170000 0.1190000
v 0.0243000 -0.0125000 0.1209000
v 0.0262000 -0.0125000 0.1190000
v 0.0237000 -0.0119000 0.1215000
v 0.0222000 -0.0170000 0.1215000
v 0.0237000 -0.0170000 0.1215000
v 0.0237000 -0.0119000 0.1215000
v 0.0222000 -0.0047000 0.1215000
v 0.0326000 -0.0047000 0.1215000
v 0.0326000 -0.0119000 0.1215000
v 0.0222000 -0.0169100 0.1273100
v 0.0222000 -0.0170000 0.1215000
v 0.0222000 -0.0047000 0.1215000
v 0.0222000 -0.0108000 0.1274000
v 0.0222000 -0.0108000 0.1257000
v 0.0222000 -0.0047000 0.1257000
v 0.0222000 -0.0108000 0.1274000
v 0.0222000 -0.0108000 0.1257000
v 0.0326000 -0.0108000 0.1257000
v 0.0326000 -0.0108000 0.1274000
v 0.0222000 -0.0108000 0.1257000
v 0.0222000 -0.0047000 0.1257000
v 0.0326000 -0.0108000 0.1257000
v 0.0326000 -0.0047000 0.1257000
v 0.0325779 -0.0125128 0.1205807
v 0.0326000 -0.0047000 0.1215000
v 0.0326000 -0.0119000 0.1215000
v 0.0326000 -0.0108000 0.1257000
v 0.0326000 -0.0108000 0.1274000
v 0.0326000 -0.0047000 0.1257000
v 0.0326000 -0.0169727 0.1273091
v 0.0326000 -0.0170000 0.1205000
v 0.0222000 -0.0047000 0.1215000
v 0.0326000 -0.0047000 0.1215000
v 0.0222000 -0.0047000 0.1257000
v 0.0326000 -0.0047000 0.1257000
v 0.0128023 -0.0169268 0.1272221
v 0.0222000 -0.0169100 0.1273100
v 0.0222000 -0.0108000 0.1274000
v 0.0326000 -0.0108000 0.1274000
v 0.0326000 -0.0169727 0.1273091
v 0.0082500 0.0137000 0.1274000
v 0.0082500 -0.0137000 0.1274000
v 0.0130500 -0.0137000 0.1274000
v 0.0462079 -0.0169804 0.1271981
v 0.0459500 -0.0137000 0.1274000
v 0.0507500 -0.0137000 0.1274000
v 0.0507500 0.0137000 0.1274000
v 0.0459500 0.0137000 0.1274000
v 0.0459500 0.0167000 0.1274000
v 0.0130500 0.0167000 0.1274000
v 0.0130500 0.0137000 0.1274000
v 0.0138588 -0.0072267 0.1273986
v 0.0145803 -0.0066620 0.1273994
v 0.0147591 -0.0057934 0.1273989
v 0.0142660 -0.0049590 0.1273992
v 0.0133987 -0.0047443 0.1273999
v 0.0126758 -0.0050269 0.1273996
v 0.0122679 -0.0057042 0.1273996
v 0.0123058 -0.0064157 0.1273996
v 0.0128293 -0.0070844 0.1273994
v 0.0381621 0.0049198 0.1273996
v 0.0387945 0.0057950 0.1273968
v 0.0384257 0.0068816 0.1273987
v 0.0376533 0.0072534 0.1273997
v 0.0367478 0.0070353 0.1273991
v 0.0362124 0.0061174 0.1273987
v 0.0365364 0.0051770 0.1273996
v 0.0372735 0.0047272 0.1273995
v 0.0383454 -0.0069704 0.1273978
v 0.0387759 -0.0059929 0.1273989
v 0.0384852 -0.0051940 0.1273996
v 0.0376927 -0.0047307 0.1273995
v 0.0367555 -0.0049752 0.1273997
v 0.0363045 -0.0056020 0.1273998
v 0.0362716 -0.0063765 0.1273988
v 0.0369995 -0.0071965 0.1273972
v 0.0136013 0.0047443 0.1273999
v 0.0143934 0.0050762 0.1273992
v 0.0147952 0.0061215 0.1273978
v 0.0141707 0.0070844 0.1273994
v 0.0133987 0.0072556 0.1273999
v 0.0125217 0.0068634 0.1273981
v 0.0122277 0.0057985 0.1273990
v 0.0127895 0.0049411 0.1273996
v 0.0062500 0.0137000 0.1254000
v 0.0062500 0.0137000 0.1206000
v 0.0082500 0.0137000 0.1274000
v 0.0130500 0.0137000 0.1274000
v 0.0127225 0.0141927 0.1269624
v 0.0084571 0.0142000 0.1269000
v 0.0067500 0.0142000 0.1251929
v 0.0066879 0.0141931 0.1209276
v 0.0062500 -0.0137000 0.1254000
v 0.0062500 0.0137000 0.1254000
v 0.0082500 0.0137000 0.1274000
v 0.0082500 -0.0137000 0.1274000
v 0.0062500 -0.0137000 0.1206000
v 0.0062500 -0.0137000 0.1254000
v 0.0082500 -0.0137000 0.1274000
v 0.0130500 -0.0137000 0.1274000
v 0.0084571 -0.0142000 0.1269000
v 0.0067500 -0.0142000 0.1251929
v 0.0066879 -0.0141931 0.1209276
v 0.0127225 -0.0141927 0.1269624
v 0.0084571 -0.0142000 0.1269000
v 0.0067500 -0.0142000 0.1251929
v 0.0066879 -0.0141931 0.1209276
v 0.0112390 -0.0142000 0.1214044
v 0.0103475 -0.0142000 0.1209705
v 0.0107245 -0.0141994 0.1219775
v 0.0072463 -0.0141983 0.1231006
v 0.0080009 -0.0141998 0.1221998
v 0.0090697 -0.0141985 0.1217011
v 0.0119716 -0.0141994 0.1242280
v 0.0115588 -0.0141983 0.1255440
v 0.0105215 -0.0141993 0.1263988
v 0.0093893 -0.0141993 0.1266175
v 0.0081062 -0.0141983 0.1262089
v 0.0073502 -0.0141998 0.1253416
v 0.0070457 -0.0141993 0.1244273
v 0.0115782 -0.0141995 0.1227785
v 0.0122005 -0.0142000 0.1222714
v 0.0127288 -0.0142000 0.1236928
v 0.0127225 -0.0141927 0.1269624
v 0.0064395 -0.0169526 0.1208526
v 0.0062500 -0.0137000 0.1206000
v 0.0103944 -0.0170000 0.1209730
v 0.0120988 -0.0170000 0.1221071
v 0.0127261 -0.0170000 0.1236312
v 0.0128023 -0.0169268 0.1272221
v 0.0130500 -0.0137000 0.1274000
v 0.0066879 -0.0141931 0.1209276
v 0.0112390 -0.0142000 0.1214044
v 0.0103475 -0.0142000 0.1209705
v 0.0122005 -0.0142000 0.1222714
v 0.0127288 -0.0142000 0.1236928
v 0.0127225 -0.0141927 0.1269624
v 0.0112439 -0.0130000 0.1213996
v 0.0121354 -0.0130000 0.1221950
v 0.0112390 -0.0142000 0.1214044
v 0.0107245 -0.0141994 0.1219775
v 0.0112439 -0.0130000 0.1213996
v 0.0098657 -0.0130126 0.1229370
v 0.0112439 -0.0130000 0.1213996
v 0.0121354 -0.0130000 0.1221950
v 0.0098657 -0.0130126 0.1229370
v 0.0106663 -0.0130040 0.1236846
v 0.0103316 -0.0130000 0.1231847
v 0.0115782 -0.0141995 0.1227785
v 0.0122005 -0.0142000 0.1222714
v 0.0121354 -0.0130000 0.1221950
v 0.0106663 -0.0130040 0.1236846
v 0.0107245 -0.0141994 0.1219775
v 0.0072463 -0.0141983 0.1231006
v 0.0080009 -0.0141998 0.1221998
v 0.0090697 -0.0141985 0.1217011
v 0.0119716 -0.0141994 0.1242280
v 0.0115588 -0.0141983 0.1255440
v 0.0105215 -0.0141993 0.1263988
v 0.0093893 -0.0141993 0.1266175
v 0.0081062 -0.0141983 0.1262089
v 0.0073502 -0.0141998 0.1253416
v 0.0070457 -0.0141993 0.1244273
v 0.0115782 -0.0141995 0.1227785
v 0.0098657 -0.0130126 0.1229370
v 0.0106663 -0.0130040 0.1236846
v 0.0086339 -0.0129975 0.1251125
v 0.0082318 -0.0129992 0.1242163
v 0.0083921 -0.0129995 0.1235476
v 0.0089483 -0.0129986 0.1229937
v 0.0107598 -0.0130005 0.1242643
v 0.0105231 -0.0129991 0.1248918
v 0.0097695 -0.0129975 0.1254165
v 0.0098657 -0.0130126 0.1229370
v 0.0106663 -0.0130040 0.1236846
v 0.0103316 -0.0130000 0.1231847
v 0.0086339 -0.0129975 0.1251125
v 0.0082318 -0.0129992 0.1242163
v 0.0089483 -0.0129986 0.1229937
v 0.0107598 -0.0130005 0.1242643
v 0.0105231 -0.0129991 0.1248918
v 0.0097695 -0.0129975 0.1254165
v 0.0085028 0.0130001 0.1249219
v 0.0091408 0.0129992 0.1253798
v 0.0089789 0.0129998 0.1229919
v 0.0082279 0.0130003 0.1242399
v 0.0098702 0.0130103 0.1229300
v 0.0106544 0.0130099 0.1235995
v 0.0100211 0.0129998 0.1253081
v 0.0106023 0.0129998 0.1247807
v 0.0107584 0.0130026 0.1241386
v 0.0082318 -0.0129992 0.1242163
v 0.0083921 -0.0129995 0.1235476
v 0.0089483 -0.0129986 0.1229937
v 0.0089789 0.0129998 0.1229919
v 0.0084250 0.0129987 0.1234829
v 0.0082279 0.0130003 0.1242399
v 0.0085028 0.0130001 0.1249219
v 0.0091408 0.0129992 0.1253798
v 0.0089789 0.0129998 0.1229919
v 0.0084250 0.0129987 0.1234829
v 0.0082279 0.0130003 0.1242399
v 0.0098702 0.0130103 0.1229300
v 0.0106544 0.0130099 0.1235995
v 0.0100211 0.0129998 0.1253081
v 0.0106023 0.0129998 0.1247807
v 0.0107584 0.0130026 0.1241386
v 0.0116563 0.0141962 0.1228138
v 0.0070457 0.0141993 0.1244273
v 0.0073502 0.0141998 0.1253416
v 0.0079601 0.0141993 0.1260812
v 0.0090046 0.0141993 0.1265697
v 0.0099687 0.0141998 0.1265629
v 0.0110273 0.0141981 0.1261119
v 0.0118887 0.0141983 0.1248399
v 0.0107132 0.0141999 0.1220075
v 0.0095941 0.0141996 0.1216851
v 0.0083115 0.0141982 0.1219628
v 0.0072463 0.0141983 0.1231006
v 0.0127225 0.0141927 0.1269624
v 0.0084571 0.0142000 0.1269000
v 0.0067500 0.0142000 0.1251929
v 0.0116563 0.0141962 0.1228138
v 0.0070457 0.0141993 0.1244273
v 0.0073502 0.0141998 0.1253416
v 0.0079601 0.0141993 0.1260812
v 0.0090046 0.0141993 0.1265697
v 0.0099687 0.0141998 0.1265629
v 0.0110273 0.0141981 0.1261119
v 0.0118887 0.0141983 0.1248399
v 0.0107132 0.0141999 0.1220075
v 0.0095941 0.0141996 0.1216851
v 0.0083115 0.0141982 0.1219628
v 0.0072463 0.0141983 0.1231006
v 0.0066879 0.0141931 0.1209276
v 0.0103475 0.0142000 0.1209705
v 0.0112390 0.0142000 0.1214044
v 0.0122005 0.0142000 0.1222714
v 0.0127288 0.0142000 0.1236928
v 0.0062500 0.0137000 0.1206000
v 0.0064087 0.0169897 0.1208395
v 0.0127225 0.0141927 0.1269624
v 0.0066879 0.0141931 0.1209276
v 0.0103475 0.0142000 0.1209705
v 0.0112390 0.0142000 0.1214044
v 0.0122005 0.0142000 0.1222714
v 0.0127288 0.0142000 0.1236928
v 0.0127261 0.0170000 0.1236312
v 0.0120988 0.0170000 0.1221071
v 0.0103944 0.0170000 0.1209730
v 0.0127500 0.0170000 0.1271000
v 0.0112438 0.0130000 0.1213996
v 0.0121354 0.0130000 0.1221950
v 0.0064087 0.0169897 0.1208395
v 0.0064575 0.0169929 0.1054397
v 0.0103944 0.0170000 0.1053270
v 0.0120988 0.0170000 0.1041928
v 0.0127261 0.0170000 0.1026688
v 0.0127500 0.0170000 0.0992000
v 0.0462500 0.0170000 0.0992000
v 0.0127261 0.0170000 0.1236312
v 0.0120988 0.0170000 0.1221071
v 0.0103944 0.0170000 0.1209730
v 0.0127500 0.0170000 0.1271000
v 0.0462500 0.0170000 0.1271000
v 0.0465355 0.0170000 0.1228049
v 0.0462696 0.0170000 0.1236773
v 0.0462564 0.0170000 0.1224230
v 0.0429694 0.0170000 0.1237580
v 0.0432602 0.0170000 0.1234317
v 0.0423254 0.0170000 0.1264674
v 0.0431032 0.0170000 0.1256867
v 0.0432448 0.0170000 0.1245932
v 0.0397552 0.0170000 0.1245932
v 0.0398741 0.0170000 0.1256200
v 0.0404464 0.0170000 0.1263106
v 0.0412902 0.0170000 0.1266682
v 0.0398076 0.0170000 0.1234478
v 0.0400214 0.0170000 0.1238677
v 0.0410823 0.0170000 0.1027478
v 0.0385038 0.0170000 0.1031487
v 0.0351547 0.0170000 0.1048278
v 0.0326564 0.0170000 0.1076007
v 0.0314903 0.0170000 0.1102503
v 0.0310595 0.0170000 0.1131405
v 0.0314775 0.0170000 0.1160050
v 0.0324423 0.0170000 0.1183035
v 0.0342136 0.0170000 0.1206275
v 0.0373083 0.0170000 0.1227392
v 0.0462517 0.0170000 0.1038811
v 0.0436623 0.0170000 0.1029368
v 0.0465358 0.0170000 0.1034959
v 0.0462696 0.0170000 0.1026227
v 0.0324479 0.0169991 0.1028878
v 0.0332206 0.0169995 0.1034024
v 0.0333467 0.0169997 0.1008966
v 0.0326942 0.0169995 0.1011652
v 0.0322382 0.0169991 0.1019502
v 0.0347810 0.0169970 0.1019561
v 0.0341419 0.0169995 0.1010510
v 0.0343455 0.0169980 0.1031206
v 0.0323348 0.0169996 0.1246617
v 0.0330809 0.0169969 0.1253840
v 0.0329805 0.0169994 0.1229940
v 0.0323082 0.0169983 0.1236563
v 0.0347843 0.0169981 0.1240616
v 0.0341417 0.0169968 0.1230277
v 0.0343574 0.0169982 0.1251183
v 0.0156310 0.0170000 0.1069572
v 0.0151775 0.0170000 0.1062931
v 0.0150781 0.0170000 0.1200429
v 0.0156183 0.0170000 0.1194240
v 0.0077755 0.0170000 0.1193813
v 0.0082615 0.0170000 0.1200207
v 0.0084770 0.0170000 0.1062221
v 0.0078228 0.0170000 0.1067200
v 0.0462775 0.0141927 0.0993376
v 0.0523121 0.0141931 0.1053724
v 0.0493224 0.0142000 0.1053963
v 0.0486457 0.0142000 0.1052980
v 0.0476682 0.0142000 0.1048483
v 0.0468163 0.0142000 0.1039831
v 0.0463297 0.0142000 0.1030487
v 0.0527500 0.0137000 0.1057000
v 0.0525461 0.0169848 0.1054412
v 0.0462500 0.0170000 0.0992000
v 0.0465358 0.0170000 0.1034959
v 0.0462696 0.0170000 0.1026227
v 0.0465398 0.0155000 0.1034916
v 0.0476617 0.0130000 0.1048386
v 0.0467979 0.0130000 0.1040107
v 0.0491319 0.0170000 0.1053877
v 0.0490032 0.0155000 0.1054021
v 0.0472009 0.0155000 0.1045458
v 0.0459500 0.0167000 0.0989000
v 0.0459500 0.0137000 0.0989000
v 0.0462775 0.0141927 0.0993376
v 0.0462500 0.0170000 0.0992000
v 0.0127500 0.0170000 0.0992000
v 0.0130500 0.0167000 0.0989000
v 0.0459500 0.0167000 0.0989000
v 0.0462500 0.0170000 0.0992000
v 0.0127225 0.0141927 0.0993376
v 0.0127500 0.0170000 0.0992000
v 0.0130500 0.0137000 0.0989000
v 0.0130500 0.0167000 0.0989000
v 0.0462517 0.0170000 0.1038811
v 0.0465358 0.0170000 0.1034959
v 0.0465398 0.0155000 0.1034916
v 0.0462582 0.0155000 0.1038734
v 0.0316509 0.0155000 0.1163463
v 0.0311284 0.0155000 0.1141658
v 0.0312347 0.0155000 0.1112456
v 0.0321706 0.0155000 0.1085062
v 0.0338105 0.0155000 0.1060877
v 0.0360349 0.0155000 0.1043643
v 0.0334969 0.0155000 0.1066844
v 0.0318916 0.0155000 0.1094714
v 0.0312252 0.0155000 0.1126178
v 0.0419062 0.0155000 0.1027246
v 0.0442044 0.0155000 0.1031821
v 0.0360349 0.0155000 0.1043643
v 0.0387313 0.0155000 0.1030833
v 0.0414999 0.0155000 0.1028843
v 0.0388204 0.0155000 0.1032166
v 0.0465398 0.0155000 0.1034916
v 0.0472009 0.0155000 0.1045458
v 0.0462582 0.0155000 0.1038734
v 0.0442044 0.0155000 0.1031821
v 0.0370790 0.0155000 0.1226357
v 0.0340460 0.0155000 0.1204604
v 0.0327261 0.0155000 0.1186029
v 0.0400048 0.0155000 0.1239662
v 0.0398695 0.0155000 0.1234823
v 0.0405781 0.0155000 0.1233789
v 0.0350235 0.0155000 0.1211444
v 0.0378083 0.0155000 0.1227535
v 0.0488192 0.0155000 0.1058611
v 0.0506444 0.0155000 0.1081151
v 0.0517499 0.0155000 0.1111703
v 0.0518929 0.0155000 0.1139180
v 0.0513162 0.0155000 0.1167019
v 0.0503688 0.0155000 0.1184612
v 0.0516156 0.0155000 0.1150290
v 0.0517014 0.0155000 0.1118139
v 0.0507905 0.0155000 0.1087294
v 0.0429770 0.0155000 0.1238797
v 0.0423764 0.0155000 0.1233793
v 0.0431581 0.0155000 0.1234668
v 0.0452405 0.0155000 0.1227789
v 0.0461792 0.0155000 0.1223146
v 0.0465398 0.0155000 0.1228085
v 0.0490457 0.0155000 0.1208869
v 0.0471590 0.0155000 0.1218163
v 0.0488133 0.0155000 0.1204461
v 0.0472009 0.0155000 0.1045458
v 0.0423764 0.0155000 0.1233793
v 0.0461792 0.0155000 0.1223146
v 0.0452405 0.0155000 0.1227789
v 0.0488133 0.0155000 0.1204461
v 0.0488192 0.0155000 0.1058611
v 0.0503688 0.0155000 0.1184612
v 0.0442044 0.0155000 0.1031821
v 0.0327261 0.0155000 0.1186029
v 0.0316509 0.0155000 0.1163463
v 0.0360349 0.0155000 0.1043643
v 0.0405781 0.0155000 0.1233789
v 0.0414999 0.0155000 0.1028843
v 0.0388204 0.0155000 0.1032166
v 0.0334969 0.0155000 0.1066844
v 0.0318916 0.0155000 0.1094714
v 0.0312252 0.0155000 0.1126178
v 0.0350235 0.0155000 0.1211444
v 0.0378083 0.0155000 0.1227535
v 0.0516156 0.0155000 0.1150290
v 0.0517014 0.0155000 0.1118139
v 0.0507905 0.0155000 0.1087294
v 0.0410960 0.0190000 0.1028625
v 0.0444017 0.0190000 0.1032791
v 0.0473091 0.0190000 0.1046583
v 0.0496483 0.0190000 0.1068683
v 0.0511903 0.0190000 0.1096927
v 0.0517844 0.0190000 0.1128554
v 0.0513724 0.0190000 0.1160469
v 0.0499946 0.0190000 0.1189550
v 0.0477857 0.0190000 0.1212953
v 0.0449620 0.0190000 0.1228387
v 0.0418808 0.0190000 0.1234221
v 0.0388086 0.0190000 0.1230804
v 0.0358726 0.0190000 0.1217633
v 0.0334870 0.0190000 0.1196035
v 0.0318853 0.0190000 0.1168124
v 0.0312242 0.0190000 0.1136630
v 0.0315683 0.0190000 0.1104635
v 0.0328841 0.0190000 0.1075268
v 0.0350426 0.0190000 0.1051402
v 0.0378329 0.0190000 0.1035372
v 0.0429694 0.0170000 0.1237580
v 0.0423254 0.0170000 0.1264674
v 0.0431032 0.0170000 0.1256867
v 0.0432448 0.0170000 0.1245932
v 0.0397552 0.0170000 0.1245932
v 0.0398741 0.0170000 0.1256200
v 0.0404464 0.0170000 0.1263106
v 0.0412902 0.0170000 0.1266682
v 0.0400214 0.0170000 0.1238677
v 0.0429770 0.0155000 0.1238797
v 0.0423764 0.0155000 0.1233793
v 0.0400048 0.0155000 0.1239662
v 0.0405781 0.0155000 0.1233789
v 0.0417614 0.0155000 0.1231401
v 0.0409485 0.0137000 0.1265957
v 0.0419847 0.0137000 0.1232031
v 0.0428629 0.0137000 0.1237441
v 0.0432775 0.0137000 0.1248498
v 0.0429997 0.0137000 0.1258429
v 0.0421629 0.0137000 0.1265581
v 0.0398618 0.0137000 0.1256787
v 0.0399132 0.0137000 0.1240172
v 0.0410314 0.0137000 0.1231840
v 0.0462564 0.0170000 0.1224230
v 0.0429694 0.0170000 0.1237580
v 0.0432602 0.0170000 0.1234317
v 0.0429770 0.0155000 0.1238797
v 0.0431581 0.0155000 0.1234668
v 0.0461792 0.0155000 0.1223146
v 0.0452405 0.0155000 0.1227789
v 0.0465355 0.0170000 0.1228049
v 0.0462564 0.0170000 0.1224230
v 0.0461792 0.0155000 0.1223146
v 0.0465398 0.0155000 0.1228085
v 0.0525462 0.0169848 0.1208588
v 0.0527500 0.0137000 0.1206000
v 0.0462500 0.0170000 0.1271000
v 0.0465355 0.0170000 0.1228049
v 0.0462696 0.0170000 0.1236773
v 0.0465398 0.0155000 0.1228085
v 0.0490457 0.0155000 0.1208869
v 0.0471590 0.0155000 0.1218163
v 0.0491338 0.0170000 0.1209123
v 0.0493223 0.0142000 0.1209037
v 0.0476682 0.0142000 0.1214517
v 0.0486457 0.0142000 0.1210020
v 0.0476617 0.0130000 0.1214614
v 0.0467979 0.0130000 0.1222894
v 0.0468163 0.0142000 0.1223170
v 0.0463297 0.0142000 0.1232513
v 0.0523121 0.0141931 0.1209276
v 0.0462775 0.0141927 0.1269624
v 0.0490457 0.0155000 0.1208869
v 0.0488133 0.0155000 0.1204461
v 0.0491338 0.0170000 0.1209123
v 0.0488417 0.0170000 0.1205161
v 0.0526500 0.0169333 0.1134000
v 0.0525462 0.0169848 0.1208588
v 0.0491338 0.0170000 0.1209123
v 0.0488417 0.0170000 0.1205161
v 0.0519084 0.0169250 0.1134021
v 0.0500783 0.0170000 0.1190966
v 0.0514775 0.0170000 0.1162169
v 0.0527500 0.0137000 0.1206000
v 0.0527500 0.0137000 0.1254000
v 0.0507500 0.0137000 0.1274000
v 0.0459500 0.0137000 0.1274000
v 0.0523121 0.0141931 0.1209276
v 0.0522500 0.0142000 0.1251929
v 0.0505429 0.0142000 0.1269000
v 0.0462775 0.0141927 0.1269624
v 0.0527500 0.0137000 0.1254000
v 0.0527500 -0.0137000 0.1254000
v 0.0507500 -0.0137000 0.1274000
v 0.0507500 0.0137000 0.1274000
v 0.0527500 -0.0137000 0.1254000
v 0.0527500 -0.0137000 0.1206000
v 0.0459500 -0.0137000 0.1274000
v 0.0507500 -0.0137000 0.1274000
v 0.0522500 -0.0142000 0.1251929
v 0.0505429 -0.0142000 0.1269000
v 0.0462775 -0.0141927 0.1269624
v 0.0523121 -0.0141931 0.1209276
v 0.0522500 -0.0142000 0.1251929
v 0.0505429 -0.0142000 0.1269000
v 0.0462775 -0.0141927 0.1269624
v 0.0468163 -0.0142000 0.1223170
v 0.0463297 -0.0142000 0.1232513
v 0.0473188 -0.0141970 0.1228647
v 0.0518996 -0.0141993 0.1247263
v 0.0513971 -0.0141993 0.1257322
v 0.0504464 -0.0141992 0.1264344
v 0.0492775 -0.0141993 0.1266102
v 0.0483600 -0.0141998 0.1263279
v 0.0474910 -0.0141984 0.1256102
v 0.0470400 -0.0141994 0.1243747
v 0.0482210 -0.0142000 0.1220604
v 0.0494271 -0.0141980 0.1216538
v 0.0509603 -0.0141984 0.1221411
v 0.0518681 -0.0141982 0.1233809
v 0.0476682 -0.0142000 0.1214517
v 0.0493223 -0.0142000 0.1209037
v 0.0486457 -0.0142000 0.1210020
v 0.0523121 -0.0141931 0.1209276
v 0.0527500 -0.0137000 0.1206000
v 0.0525518 -0.0169722 0.1208564
v 0.0462079 -0.0169804 0.1271981
v 0.0459500 -0.0137000 0.1274000
v 0.0462775 -0.0141927 0.1269624
v 0.0468163 -0.0142000 0.1223170
v 0.0463297 -0.0142000 0.1232513
v 0.0476682 -0.0142000 0.1214517
v 0.0493223 -0.0142000 0.1209037
v 0.0486457 -0.0142000 0.1210020
v 0.0523121 -0.0141931 0.1209276
v 0.0491338 -0.0170000 0.1209123
v 0.0490457 -0.0155000 0.1208869
v 0.0465398 -0.0155000 0.1228085
v 0.0471590 -0.0155000 0.1218163
v 0.0465358 -0.0170000 0.1228041
v 0.0462696 -0.0170000 0.1236773
v 0.0476617 -0.0130000 0.1214614
v 0.0467979 -0.0130000 0.1222894
v 0.0525518 -0.0169722 0.1208564
v 0.0526600 -0.0169100 0.1171700
v 0.0511160 -0.0170000 0.1171767
v 0.0489379 -0.0170000 0.1205734
v 0.0491338 -0.0170000 0.1209123
v 0.0526600 -0.0169100 0.1171700
v 0.0527500 -0.0134000 0.1171700
v 0.0511160 -0.0170000 0.1171767
v 0.0500500 -0.0134000 0.1171700
v 0.0500500 -0.0155000 0.1171700
v 0.0512055 -0.0155000 0.1171903
v 0.0527500 -0.0134000 0.1171700
v 0.0527500 -0.0134000 0.1091300
v 0.0500500 -0.0134000 0.1171700
v 0.0500500 -0.0134000 0.1091300
v 0.0527500 -0.0134000 0.1091300
v 0.0526600 -0.0169100 0.1091300
v 0.0500500 -0.0134000 0.1091300
v 0.0511186 -0.0155000 0.1091287
v 0.0500500 -0.0155000 0.1091300
v 0.0511617 -0.0170000 0.1090342
v 0.0526600 -0.0169100 0.1091300
v 0.0525518 -0.0169722 0.1054436
v 0.0491318 -0.0170000 0.1053877
v 0.0488609 -0.0170000 0.1057678
v 0.0511617 -0.0170000 0.1090342
v 0.0465355 -0.0170000 0.1034952
v 0.0465398 -0.0155000 0.1034916
v 0.0462457 -0.0155000 0.1038959
v 0.0462457 -0.0170000 0.1038959
v 0.0500500 -0.0155000 0.1171700
v 0.0511186 -0.0155000 0.1091287
v 0.0500500 -0.0155000 0.1091300
v 0.0465398 -0.0155000 0.1034916
v 0.0490032 -0.0155000 0.1054021
v 0.0471591 -0.0155000 0.1044837
v 0.0462457 -0.0155000 0.1038959
v 0.0383936 -0.0155000 0.1172809
v 0.0335493 -0.0155000 0.1199641
v 0.0410917 -0.0155000 0.1182907
v 0.0465006 -0.0155000 0.1138544
v 0.0463128 -0.0155000 0.1148960
v 0.0452756 -0.0155000 0.1166474
v 0.0434326 -0.0155000 0.1179040
v 0.0465007 -0.0155000 0.1124478
v 0.0425689 -0.0155000 0.1081431
v 0.0440828 -0.0155000 0.1087296
v 0.0453371 -0.0155000 0.1097606
v 0.0462945 -0.0155000 0.1113203
v 0.0383584 -0.0155000 0.1091038
v 0.0403772 -0.0155000 0.1081135
v 0.0335493 -0.0155000 0.1063359
v 0.0412116 -0.0155000 0.1027148
v 0.0383849 -0.0155000 0.1032061
v 0.0361547 -0.0155000 0.1042050
v 0.0444614 -0.0155000 0.1031393
v 0.0489379 -0.0155000 0.1057266
v 0.0488609 -0.0155000 0.1205322
v 0.0512055 -0.0155000 0.1171903
v 0.0490457 -0.0155000 0.1208869
v 0.0465398 -0.0155000 0.1228085
v 0.0471590 -0.0155000 0.1218163
v 0.0462457 -0.0155000 0.1224041
v 0.0415041 -0.0155000 0.1235660
v 0.0442364 -0.0155000 0.1232245
v 0.0361547 -0.0155000 0.1220950
v 0.0387850 -0.0155000 0.1232297
v 0.0335493 -0.0155000 0.1199641
v 0.0462457 -0.0155000 0.1224041
v 0.0415041 -0.0155000 0.1235660
v 0.0442364 -0.0155000 0.1232245
v 0.0361547 -0.0155000 0.1220950
v 0.0387850 -0.0155000 0.1232297
v 0.0462457 -0.0170000 0.1224041
v 0.0335757 -0.0170000 0.1199661
v 0.0410952 -0.0170000 0.1235883
v 0.0381904 -0.0170000 0.1230308
v 0.0359802 -0.0170000 0.1219883
v 0.0444614 -0.0170000 0.1231607
v 0.0465398 -0.0155000 0.1228085
v 0.0462457 -0.0155000 0.1224041
v 0.0462457 -0.0170000 0.1224041
v 0.0465358 -0.0170000 0.1228041
v 0.0326000 -0.0169727 0.1273091
v 0.0326000 -0.0170000 0.1205000
v 0.0462079 -0.0169804 0.1271981
v 0.0462457 -0.0170000 0.1224041
v 0.0335757 -0.0170000 0.1199661
v 0.0410952 -0.0170000 0.1235883
v 0.0381904 -0.0170000 0.1230308
v 0.0359802 -0.0170000 0.1219883
v 0.0444614 -0.0170000 0.1231607
v 0.0465358 -0.0170000 0.1228041
v 0.0462696 -0.0170000 0.1236773
v 0.0489379 -0.0170000 0.1205734
v 0.0491338 -0.0170000 0.1209123
v 0.0488609 -0.0155000 0.1205322
v 0.0490457 -0.0155000 0.1208869
v 0.0511160 -0.0170000 0.1171767
v 0.0489379 -0.0170000 0.1205734
v 0.0488609 -0.0155000 0.1205322
v 0.0512055 -0.0155000 0.1171903
v 0.0468163 -0.0142000 0.1223170
v 0.0473188 -0.0141970 0.1228647
v 0.0467979 -0.0130000 0.1222894
v 0.0483359 -0.0130105 0.1236032
v 0.0476617 -0.0130000 0.1214614
v 0.0467979 -0.0130000 0.1222894
v 0.0483359 -0.0130105 0.1236032
v 0.0490966 -0.0130091 0.1229461
v 0.0482210 -0.0142000 0.1220604
v 0.0476682 -0.0142000 0.1214517
v 0.0476617 -0.0130000 0.1214614
v 0.0490966 -0.0130091 0.1229461
v 0.0473188 -0.0141970 0.1228647
v 0.0518996 -0.0141993 0.1247263
v 0.0513971 -0.0141993 0.1257322
v 0.0504464 -0.0141992 0.1264344
v 0.0492775 -0.0141993 0.1266102
v 0.0483600 -0.0141998 0.1263279
v 0.0474910 -0.0141984 0.1256102
v 0.0470400 -0.0141994 0.1243747
v 0.0482210 -0.0142000 0.1220604
v 0.0494271 -0.0141980 0.1216538
v 0.0509603 -0.0141984 0.1221411
v 0.0518681 -0.0141982 0.1233809
v 0.0483359 -0.0130105 0.1236032
v 0.0490966 -0.0130091 0.1229461
v 0.0498552 -0.0129998 0.1229400
v 0.0504773 -0.0130004 0.1233307
v 0.0507837 -0.0129954 0.1242989
v 0.0502892 -0.0130012 0.1251471
v 0.0495992 -0.0129973 0.1254099
v 0.0487527 -0.0129998 0.1251988
v 0.0482446 -0.0129979 0.1243690
v 0.0483359 -0.0130105 0.1236032
v 0.0490966 -0.0130091 0.1229461
v 0.0498552 -0.0129998 0.1229400
v 0.0504773 -0.0130004 0.1233307
v 0.0507837 -0.0129954 0.1242989
v 0.0502892 -0.0130012 0.1251471
v 0.0495992 -0.0129973 0.1254099
v 0.0487527 -0.0129998 0.1251988
v 0.0482446 -0.0129979 0.1243690
v 0.0503866 0.0130005 0.1232474
v 0.0497077 0.0129962 0.1228946
v 0.0499016 0.0130029 0.1253417
v 0.0504683 0.0129986 0.1249770
v 0.0507863 0.0130078 0.1240527
v 0.0484600 0.0129976 0.1249056
v 0.0492504 0.0130099 0.1253969
v 0.0482682 0.0130095 0.1238199
v 0.0490727 0.0130077 0.1229713
v 0.0485902 0.0130000 0.1232631
v 0.0503866 0.0130005 0.1232474
v 0.0497077 0.0129962 0.1228946
v 0.0499016 0.0130029 0.1253417
v 0.0504683 0.0129986 0.1249770
v 0.0507863 0.0130078 0.1240527
v 0.0484600 0.0129976 0.1249056
v 0.0492504 0.0130099 0.1253969
v 0.0482682 0.0130095 0.1238199
v 0.0490727 0.0130077 0.1229713
v 0.0517603 0.0141994 0.1231567
v 0.0509379 0.0141983 0.1221212
v 0.0496959 0.0141994 0.1216899
v 0.0482147 0.0141970 0.1219688
v 0.0470401 0.0141998 0.1241511
v 0.0472873 0.0141984 0.1252780
v 0.0483082 0.0141987 0.1263272
v 0.0495277 0.0141998 0.1266081
v 0.0504727 0.0141994 0.1264284
v 0.0515092 0.0141984 0.1256099
v 0.0519602 0.0141993 0.1243730
v 0.0473700 0.0141993 0.1228510
v 0.0493223 0.0142000 0.1209037
v 0.0476682 0.0142000 0.1214517
v 0.0486457 0.0142000 0.1210020
v 0.0468163 0.0142000 0.1223170
v 0.0463297 0.0142000 0.1232513
v 0.0523121 0.0141931 0.1209276
v 0.0522500 0.0142000 0.1251929
v 0.0505429 0.0142000 0.1269000
v 0.0517603 0.0141994 0.1231567
v 0.0509379 0.0141983 0.1221212
v 0.0496959 0.0141994 0.1216899
v 0.0482147 0.0141970 0.1219688
v 0.0470401 0.0141998 0.1241511
v 0.0472873 0.0141984 0.1252780
v 0.0483082 0.0141987 0.1263272
v 0.0495277 0.0141998 0.1266081
v 0.0504727 0.0141994 0.1264284
v 0.0515092 0.0141984 0.1256099
v 0.0519602 0.0141993 0.1243730
v 0.0473700 0.0141993 0.1228510
v 0.0462775 0.0141927 0.1269624
v 0.0459500 0.0137000 0.1274000
v 0.0459500 0.0167000 0.1274000
v 0.0462500 0.0170000 0.1271000
v 0.0462775 0.0141927 0.1269624
v 0.0459500 0.0167000 0.1274000
v 0.0130500 0.0167000 0.1274000
v 0.0127500 0.0170000 0.1271000
v 0.0462500 0.0170000 0.1271000
v 0.0130500 0.0167000 0.1274000
v 0.0130500 0.0137000 0.1274000
v 0.0127225 0.0141927 0.1269624
v 0.0127500 0.0170000 0.1271000
v 0.0106544 0.0130099 0.1235995
v 0.0116563 0.0141962 0.1228138
v 0.0122005 0.0142000 0.1222714
v 0.0121354 0.0130000 0.1221950
v 0.0098702 0.0130103 0.1229300
v 0.0106544 0.0130099 0.1235995
v 0.0112438 0.0130000 0.1213996
v 0.0121354 0.0130000 0.1221950
v 0.0098702 0.0130103 0.1229300
v 0.0107132 0.0141999 0.1220075
v 0.0112390 0.0142000 0.1214044
v 0.0112438 0.0130000 0.1213996
v 0.0467979 0.0130000 0.1222894
v 0.0468163 0.0142000 0.1223170
v 0.0482682 0.0130095 0.1238199
v 0.0473700 0.0141993 0.1228510
v 0.0476617 0.0130000 0.1214614
v 0.0467979 0.0130000 0.1222894
v 0.0482682 0.0130095 0.1238199
v 0.0490727 0.0130077 0.1229713
v 0.0485902 0.0130000 0.1232631
v 0.0476682 0.0142000 0.1214517
v 0.0476617 0.0130000 0.1214614
v 0.0490727 0.0130077 0.1229713
v 0.0482147 0.0141970 0.1219688
v 0.0397413 -0.0125000 0.1162754
v 0.0325779 -0.0125128 0.1205807
v 0.0326000 -0.0170000 0.1205000
v 0.0383936 -0.0155000 0.1172809
v 0.0335493 -0.0155000 0.1199641
v 0.0335757 -0.0170000 0.1199661
v 0.0383452 -0.0148000 0.1171963
v 0.0397000 -0.0148000 0.1163184
v 0.0383452 -0.0148000 0.1171963
v 0.0433493 -0.0148000 0.1179240
v 0.0452359 -0.0148000 0.1167151
v 0.0466394 -0.0148000 0.1138916
v 0.0397107 -0.0148000 0.1179352
v 0.0414061 -0.0148000 0.1182916
v 0.0397808 -0.0148000 0.1154287
v 0.0397000 -0.0148000 0.1163184
v 0.0390821 -0.0148000 0.1117778
v 0.0387398 -0.0148000 0.1129686
v 0.0389897 -0.0148000 0.1143899
v 0.0397533 -0.0148000 0.1100464
v 0.0397387 -0.0148000 0.1109554
v 0.0383452 -0.0148000 0.1091037
v 0.0398909 -0.0148000 0.1082928
v 0.0466170 -0.0148000 0.1124285
v 0.0455418 -0.0148000 0.1099639
v 0.0439824 -0.0148000 0.1086723
v 0.0419399 -0.0148000 0.1080133
v 0.0445517 -0.0148000 0.1124500
v 0.0445517 -0.0148000 0.1138500
v 0.0413388 -0.0148000 0.1146793
v 0.0403489 -0.0148000 0.1141587
v 0.0400267 -0.0148000 0.1134602
v 0.0400385 -0.0148000 0.1126956
v 0.0407969 -0.0148000 0.1117701
v 0.0420314 -0.0148000 0.1117096
v 0.0427846 -0.0148000 0.1123406
v 0.0430235 -0.0148000 0.1131907
v 0.0425698 -0.0148000 0.1142779
v 0.0465006 -0.0155000 0.1138544
v 0.0466394 -0.0148000 0.1138916
v 0.0445517 -0.0148000 0.1138500
v 0.0464517 -0.0159000 0.1138500
v 0.0447825 -0.0157846 0.1138500
v 0.0465007 -0.0155000 0.1124478
v 0.0466170 -0.0148000 0.1124285
v 0.0445517 -0.0148000 0.1124500
v 0.0446671 -0.0156692 0.1124500
v 0.0464517 -0.0159000 0.1124500
v 0.0464517 -0.0159000 0.1138500
v 0.0447825 -0.0157846 0.1138500
v 0.0446671 -0.0156692 0.1124500
v 0.0464517 -0.0159000 0.1124500
v 0.0465006 -0.0155000 0.1138544
v 0.0465007 -0.0155000 0.1124478
v 0.0464517 -0.0159000 0.1138500
v 0.0464517 -0.0159000 0.1124500
v 0.0465007 -0.0155000 0.1124478
v 0.0425689 -0.0155000 0.1081431
v 0.0440828 -0.0155000 0.1087296
v 0.0453371 -0.0155000 0.1097606
v 0.0462945 -0.0155000 0.1113203
v 0.0383584 -0.0155000 0.1091038
v 0.0403772 -0.0155000 0.1081135
v 0.0383452 -0.0148000 0.1091037
v 0.0398909 -0.0148000 0.1082928
v 0.0466170 -0.0148000 0.1124285
v 0.0455418 -0.0148000 0.1099639
v 0.0439824 -0.0148000 0.1086723
v 0.0419399 -0.0148000 0.1080133
v 0.0325780 -0.0125139 0.1057195
v 0.0326000 -0.0170000 0.1058000
v 0.0395408 -0.0125000 0.1098229
v 0.0383584 -0.0155000 0.1091038
v 0.0335493 -0.0155000 0.1063359
v 0.0397533 -0.0148000 0.1100464
v 0.0383452 -0.0148000 0.1091037
v 0.0335757 -0.0170000 0.1063339
v 0.0462457 -0.0155000 0.1038959
v 0.0462457 -0.0170000 0.1038959
v 0.0335493 -0.0155000 0.1063359
v 0.0412116 -0.0155000 0.1027148
v 0.0383849 -0.0155000 0.1032061
v 0.0361547 -0.0155000 0.1042050
v 0.0444614 -0.0155000 0.1031393
v 0.0335757 -0.0170000 0.1063339
v 0.0409789 -0.0170000 0.1027239
v 0.0442364 -0.0170000 0.1030754
v 0.0359802 -0.0170000 0.1043116
v 0.0381903 -0.0170000 0.1032692
v 0.0462079 -0.0169804 0.0991019
v 0.0326000 -0.0169727 0.0989909
v 0.0326000 -0.0170000 0.1058000
v 0.0465355 -0.0170000 0.1034952
v 0.0462696 -0.0170000 0.1026227
v 0.0462457 -0.0170000 0.1038959
v 0.0335757 -0.0170000 0.1063339
v 0.0409789 -0.0170000 0.1027239
v 0.0442364 -0.0170000 0.1030754
v 0.0359802 -0.0170000 0.1043116
v 0.0381903 -0.0170000 0.1032692
v 0.0398637 -0.0125000 0.1106657
v 0.0395408 -0.0125000 0.1098229
v 0.0389664 -0.0125000 0.1143464
v 0.0387434 -0.0125000 0.1130132
v 0.0390472 -0.0125000 0.1118239
v 0.0397453 -0.0125000 0.1153558
v 0.0397808 -0.0148000 0.1154287
v 0.0390821 -0.0148000 0.1117778
v 0.0387398 -0.0148000 0.1129686
v 0.0389897 -0.0148000 0.1143899
v 0.0397533 -0.0148000 0.1100464
v 0.0397387 -0.0148000 0.1109554
v 0.0397413 -0.0125000 0.1162754
v 0.0397453 -0.0125000 0.1153558
v 0.0397808 -0.0148000 0.1154287
v 0.0397000 -0.0148000 0.1163184
v 0.0445517 -0.0148000 0.1124500
v 0.0445517 -0.0148000 0.1138500
v 0.0447825 -0.0157846 0.1138500
v 0.0446671 -0.0156692 0.1124500
v 0.0383936 -0.0155000 0.1172809
v 0.0410917 -0.0155000 0.1182907
v 0.0465006 -0.0155000 0.1138544
v 0.0463128 -0.0155000 0.1148960
v 0.0452756 -0.0155000 0.1166474
v 0.0434326 -0.0155000 0.1179040
v 0.0383452 -0.0148000 0.1171963
v 0.0433493 -0.0148000 0.1179240
v 0.0452359 -0.0148000 0.1167151
v 0.0466394 -0.0148000 0.1138916
v 0.0397107 -0.0148000 0.1179352
v 0.0414061 -0.0148000 0.1182916
v 0.0413388 -0.0148000 0.1146793
v 0.0403489 -0.0148000 0.1141587
v 0.0400267 -0.0148000 0.1134602
v 0.0400385 -0.0148000 0.1126956
v 0.0407969 -0.0148000 0.1117701
v 0.0420314 -0.0148000 0.1117096
v 0.0427846 -0.0148000 0.1123406
v 0.0430235 -0.0148000 0.1131907
v 0.0425698 -0.0148000 0.1142779
v 0.0412798 -0.0103000 0.1116354
v 0.0415000 -0.0103000 0.1146604
v 0.0425137 -0.0103000 0.1143369
v 0.0430220 -0.0103000 0.1132290
v 0.0427778 -0.0103000 0.1123193
v 0.0421503 -0.0103000 0.1117835
v 0.0402612 -0.0103000 0.1122254
v 0.0399985 -0.0103000 0.1135527
v 0.0407386 -0.0103000 0.1144703
v 0.0430235 -0.0148000 0.1131907
v 0.0425698 -0.0148000 0.1142779
v 0.0425137 -0.0103000 0.1143369
v 0.0430220 -0.0103000 0.1132290
v 0.0412798 -0.0103000 0.1116354
v 0.0415000 -0.0103000 0.1146604
v 0.0425137 -0.0103000 0.1143369
v 0.0430220 -0.0103000 0.1132290
v 0.0427778 -0.0103000 0.1123193
v 0.0421503 -0.0103000 0.1117835
v 0.0402612 -0.0103000 0.1122254
v 0.0399985 -0.0103000 0.1135527
v 0.0407386 -0.0103000 0.1144703
v 0.0500500 -0.0134000 0.1171700
v 0.0500500 -0.0155000 0.1171700
v 0.0500500 -0.0134000 0.1091300
v 0.0500500 -0.0155000 0.1091300
v 0.0511186 -0.0155000 0.1091287
v 0.0488609 -0.0170000 0.1057678
v 0.0511617 -0.0170000 0.1090342
v 0.0489379 -0.0155000 0.1057266
v 0.0491318 -0.0170000 0.1053877
v 0.0488609 -0.0170000 0.1057678
v 0.0490032 -0.0155000 0.1054021
v 0.0489379 -0.0155000 0.1057266
v 0.0476682 -0.0142000 0.1048483
v 0.0482210 -0.0142000 0.1042396
v 0.0476617 -0.0130000 0.1048386
v 0.0490010 -0.0130095 0.1033328
v 0.0482210 -0.0142000 0.1042396
v 0.0519581 -0.0141998 0.1021223
v 0.0516772 -0.0141986 0.1033417
v 0.0506282 -0.0141984 0.1043626
v 0.0492020 -0.0141990 0.1046129
v 0.0470396 -0.0141985 0.1017888
v 0.0475101 -0.0141998 0.1007037
v 0.0482109 -0.0141993 0.1000456
v 0.0494704 -0.0141983 0.0996635
v 0.0507659 -0.0141993 0.1000288
v 0.0517019 -0.0141983 0.1009944
v 0.0473700 -0.0141993 0.1034490
v 0.0490010 -0.0130095 0.1033328
v 0.0503295 -0.0130023 0.1011788
v 0.0507433 -0.0129978 0.1018997
v 0.0506891 -0.0130027 0.1025699
v 0.0502892 -0.0130012 0.1031471
v 0.0496884 -0.0129992 0.1033933
v 0.0483185 -0.0130085 0.1026015
v 0.0482318 -0.0129982 0.1021970
v 0.0485810 -0.0129926 0.1012309
v 0.0495413 -0.0129994 0.1008807
v 0.0490010 -0.0130095 0.1033328
v 0.0503295 -0.0130023 0.1011788
v 0.0507433 -0.0129978 0.1018997
v 0.0506891 -0.0130027 0.1025699
v 0.0502892 -0.0130012 0.1031471
v 0.0496884 -0.0129992 0.1033933
v 0.0495413 -0.0129994 0.1008807
v 0.0495639 0.0129995 0.1008817
v 0.0506730 0.0129987 0.1016759
v 0.0502528 0.0130005 0.1011332
v 0.0497546 0.0129968 0.1034026
v 0.0504169 0.0129998 0.1030158
v 0.0507427 0.0129995 0.1024115
v 0.0490023 0.0130105 0.1033249
v 0.0490010 -0.0130095 0.1033328
v 0.0483185 -0.0130085 0.1026015
v 0.0482318 -0.0129982 0.1021970
v 0.0485810 -0.0129926 0.1012309
v 0.0490023 0.0130105 0.1033249
v 0.0483083 0.0130112 0.1025913
v 0.0486622 0.0129993 0.1011690
v 0.0482629 0.0130010 0.1019120
v 0.0485810 -0.0129926 0.1012309
v 0.0495413 -0.0129994 0.1008807
v 0.0495639 0.0129995 0.1008817
v 0.0486622 0.0129993 0.1011690
v 0.0476617 -0.0130000 0.1048386
v 0.0467979 -0.0130000 0.1040107
v 0.0490010 -0.0130095 0.1033328
v 0.0483185 -0.0130085 0.1026015
v 0.0473700 -0.0141993 0.1034490
v 0.0468163 -0.0142000 0.1039831
v 0.0467979 -0.0130000 0.1040107
v 0.0483185 -0.0130085 0.1026015
v 0.0482049 0.0141997 0.1042653
v 0.0494552 0.0141998 0.1046121
v 0.0506561 0.0141983 0.1043516
v 0.0517291 0.0141982 0.1032518
v 0.0519581 0.0141998 0.1021223
v 0.0517709 0.0141993 0.1011779
v 0.0509374 0.0141983 0.1001209
v 0.0494704 0.0141983 0.0996635
v 0.0482109 0.0141993 0.1000456
v 0.0474093 0.0141993 0.1008342
v 0.0469944 0.0141982 0.1022177
v 0.0474104 0.0142000 0.1034290
v 0.0495639 0.0129995 0.1008817
v 0.0506730 0.0129987 0.1016759
v 0.0502528 0.0130005 0.1011332
v 0.0497546 0.0129968 0.1034026
v 0.0504169 0.0129998 0.1030158
v 0.0507427 0.0129995 0.1024115
v 0.0490023 0.0130105 0.1033249
v 0.0483083 0.0130112 0.1025913
v 0.0486622 0.0129993 0.1011690
v 0.0482629 0.0130010 0.1019120
v 0.0476682 0.0142000 0.1048483
v 0.0482049 0.0141997 0.1042653
v 0.0476617 0.0130000 0.1048386
v 0.0490023 0.0130105 0.1033249
v 0.0476617 0.0130000 0.1048386
v 0.0467979 0.0130000 0.1040107
v 0.0490023 0.0130105 0.1033249
v 0.0483083 0.0130112 0.1025913
v 0.0474104 0.0142000 0.1034290
v 0.0468163 0.0142000 0.1039831
v 0.0467979 0.0130000 0.1040107
v 0.0483083 0.0130112 0.1025913
v 0.0527500 0.0115000 0.1134000
v 0.0526500 0.0169333 0.1134000
v 0.0519084 0.0169250 0.1134021
v 0.0524500 0.0167000 0.1134000
v 0.0524500 0.0115000 0.1134000
v 0.0519084 0.0169250 0.1134021
v 0.0524500 0.0167000 0.1134000
v 0.0524500 0.0167000 0.1129000
v 0.0518987 0.0167000 0.1129004
v 0.0527333 0.0115000 0.1129000
v 0.0524500 0.0167000 0.1134000
v 0.0524500 0.0115000 0.1134000
v 0.0524500 0.0167000 0.1129000
v 0.0526500 0.0169333 0.1129000
v 0.0527333 0.0115000 0.1129000
v 0.0524500 0.0167000 0.1129000
v 0.0518987 0.0167000 0.1129004
v 0.0519175 0.0170000 0.1128978
v 0.0525461 0.0169848 0.1054412
v 0.0526500 0.0169333 0.1129000
v 0.0491319 0.0170000 0.1053877
v 0.0519175 0.0170000 0.1128978
v 0.0488417 0.0170000 0.1057839
v 0.0514775 0.0170000 0.1100831
v 0.0500783 0.0170000 0.1072033
v 0.0488133 0.0155000 0.1204461
v 0.0488192 0.0155000 0.1058611
v 0.0506444 0.0155000 0.1081151
v 0.0517499 0.0155000 0.1111703
v 0.0518929 0.0155000 0.1139180
v 0.0513162 0.0155000 0.1167019
v 0.0503688 0.0155000 0.1184612
v 0.0488417 0.0170000 0.1205161
v 0.0519084 0.0169250 0.1134021
v 0.0500783 0.0170000 0.1190966
v 0.0514775 0.0170000 0.1162169
v 0.0518987 0.0167000 0.1129004
v 0.0519175 0.0170000 0.1128978
v 0.0488417 0.0170000 0.1057839
v 0.0514775 0.0170000 0.1100831
v 0.0500783 0.0170000 0.1072033
v 0.0491319 0.0170000 0.1053877
v 0.0490032 0.0155000 0.1054021
v 0.0488192 0.0155000 0.1058611
v 0.0488417 0.0170000 0.1057839
v 0.0409485 0.0137000 0.1265957
v 0.0419847 0.0137000 0.1232031
v 0.0428629 0.0137000 0.1237441
v 0.0432775 0.0137000 0.1248498
v 0.0429997 0.0137000 0.1258429
v 0.0421629 0.0137000 0.1265581
v 0.0398618 0.0137000 0.1256787
v 0.0399132 0.0137000 0.1240172
v 0.0410314 0.0137000 0.1231840
v 0.0398076 0.0170000 0.1234478
v 0.0400214 0.0170000 0.1238677
v 0.0400048 0.0155000 0.1239662
v 0.0398695 0.0155000 0.1234823
v 0.0398076 0.0170000 0.1234478
v 0.0410823 0.0170000 0.1027478
v 0.0385038 0.0170000 0.1031487
v 0.0351547 0.0170000 0.1048278
v 0.0326564 0.0170000 0.1076007
v 0.0314903 0.0170000 0.1102503
v 0.0310595 0.0170000 0.1131405
v 0.0314775 0.0170000 0.1160050
v 0.0324423 0.0170000 0.1183035
v 0.0342136 0.0170000 0.1206275
v 0.0373083 0.0170000 0.1227392
v 0.0462517 0.0170000 0.1038811
v 0.0436623 0.0170000 0.1029368
v 0.0462582 0.0155000 0.1038734
v 0.0419062 0.0155000 0.1027246
v 0.0442044 0.0155000 0.1031821
v 0.0370790 0.0155000 0.1226357
v 0.0340460 0.0155000 0.1204604
v 0.0327261 0.0155000 0.1186029
v 0.0316509 0.0155000 0.1163463
v 0.0311284 0.0155000 0.1141658
v 0.0312347 0.0155000 0.1112456
v 0.0321706 0.0155000 0.1085062
v 0.0338105 0.0155000 0.1060877
v 0.0360349 0.0155000 0.1043643
v 0.0387313 0.0155000 0.1030833
v 0.0398695 0.0155000 0.1234823
v 0.0410960 0.0190000 0.1028625
v 0.0444017 0.0190000 0.1032791
v 0.0473091 0.0190000 0.1046583
v 0.0496483 0.0190000 0.1068683
v 0.0511903 0.0190000 0.1096927
v 0.0517844 0.0190000 0.1128554
v 0.0513724 0.0190000 0.1160469
v 0.0499946 0.0190000 0.1189550
v 0.0477857 0.0190000 0.1212953
v 0.0449620 0.0190000 0.1228387
v 0.0418808 0.0190000 0.1234221
v 0.0388086 0.0190000 0.1230804
v 0.0358726 0.0190000 0.1217633
v 0.0334870 0.0190000 0.1196035
v 0.0318853 0.0190000 0.1168124
v 0.0312242 0.0190000 0.1136630
v 0.0315683 0.0190000 0.1104635
v 0.0328841 0.0190000 0.1075268
v 0.0350426 0.0190000 0.1051402
v 0.0378329 0.0190000 0.1035372
v 0.0502437 0.0189990 0.1121717
v 0.0491554 0.0189991 0.1119720
v 0.0503983 0.0189994 0.1139765
v 0.0507443 0.0189979 0.1130780
v 0.0485102 0.0189971 0.1139183
v 0.0495210 0.0189995 0.1143918
v 0.0483560 0.0189981 0.1126762
v 0.0426098 0.0189994 0.1046513
v 0.0418902 0.0189962 0.1039618
v 0.0406353 0.0189966 0.1042381
v 0.0403025 0.0189995 0.1054150
v 0.0409385 0.0189986 0.1062520
v 0.0418605 0.0189998 0.1063061
v 0.0425806 0.0189979 0.1057723
v 0.0325109 0.0189963 0.1139178
v 0.0336168 0.0189987 0.1143997
v 0.0328561 0.0189995 0.1121089
v 0.0323338 0.0189990 0.1127711
v 0.0346284 0.0189983 0.1126189
v 0.0336853 0.0189994 0.1119318
v 0.0345883 0.0189990 0.1137249
v 0.0403026 0.0189995 0.1214150
v 0.0409287 0.0189962 0.1222625
v 0.0421738 0.0189981 0.1221950
v 0.0427584 0.0189975 0.1209810
v 0.0419618 0.0189984 0.1200035
v 0.0410552 0.0189995 0.1200159
v 0.0404448 0.0189997 0.1205338
v 0.0358771 0.0190000 0.1179427
v 0.0353543 0.0190000 0.1180949
v 0.0350058 0.0190000 0.1185707
v 0.0351585 0.0190000 0.1193916
v 0.0361201 0.0190000 0.1196591
v 0.0367049 0.0190000 0.1189898
v 0.0364977 0.0190000 0.1182173
v 0.0464135 0.0190000 0.1193036
v 0.0471338 0.0190000 0.1196780
v 0.0478819 0.0190000 0.1193336
v 0.0479758 0.0190000 0.1185047
v 0.0473661 0.0190000 0.1179355
v 0.0464111 0.0190000 0.1182945
v 0.0478474 0.0190000 0.1080676
v 0.0479553 0.0190000 0.1070863
v 0.0472595 0.0190000 0.1066263
v 0.0467288 0.0190000 0.1067501
v 0.0463433 0.0190000 0.1071683
v 0.0463567 0.0190000 0.1078246
v 0.0469142 0.0190000 0.1083537
v 0.0365865 0.0190000 0.1069964
v 0.0358662 0.0190000 0.1066220
v 0.0350927 0.0190000 0.1069917
v 0.0350406 0.0190000 0.1078256
v 0.0354307 0.0190000 0.1082519
v 0.0360240 0.0190000 0.1083456
v 0.0366312 0.0190000 0.1078947
v 0.0414497 0.0190000 0.1091015
v 0.0396308 0.0190000 0.1095862
v 0.0381951 0.0190000 0.1108111
v 0.0375536 0.0190000 0.1124106
v 0.0375330 0.0190000 0.1138264
v 0.0384009 0.0190000 0.1157969
v 0.0404035 0.0190000 0.1170380
v 0.0421764 0.0190000 0.1171170
v 0.0438771 0.0190000 0.1164219
v 0.0452211 0.0190000 0.1147458
v 0.0455153 0.0190000 0.1128340
v 0.0450638 0.0190000 0.1112808
v 0.0437153 0.0190000 0.1097427
v 0.0502437 0.0189990 0.1121717
v 0.0491554 0.0189991 0.1119720
v 0.0489255 0.0188083 0.1122729
v 0.0498151 0.0188048 0.1121795
v 0.0502437 0.0189990 0.1121717
v 0.0503983 0.0189994 0.1139765
v 0.0507443 0.0189979 0.1130780
v 0.0485102 0.0189971 0.1139183
v 0.0495210 0.0189995 0.1143918
v 0.0488554 0.0188051 0.1139469
v 0.0495648 0.0188029 0.1141680
v 0.0501474 0.0187974 0.1139296
v 0.0505031 0.0187989 0.1133523
v 0.0503745 0.0187984 0.1126246
v 0.0498151 0.0188048 0.1121795
v 0.0488554 0.0188051 0.1139469
v 0.0495648 0.0188029 0.1141680
v 0.0501474 0.0187974 0.1139296
v 0.0505031 0.0187989 0.1133523
v 0.0503745 0.0187984 0.1126246
v 0.0504581 0.0155000 0.1127386
v 0.0504150 0.0155000 0.1136017
v 0.0498310 0.0155000 0.1141259
v 0.0489729 0.0155000 0.1140355
v 0.0503745 0.0187984 0.1126246
v 0.0498151 0.0188048 0.1121795
v 0.0498757 0.0155000 0.1122101
v 0.0504581 0.0155000 0.1127386
v 0.0489255 0.0188083 0.1122729
v 0.0498151 0.0188048 0.1121795
v 0.0498757 0.0155000 0.1122101
v 0.0491690 0.0155000 0.1121740
v 0.0489255 0.0188083 0.1122729
v 0.0484645 0.0188043 0.1131763
v 0.0484971 0.0155000 0.1133628
v 0.0486073 0.0155000 0.1126647
v 0.0491690 0.0155000 0.1121740
v 0.0484645 0.0188043 0.1131763
v 0.0488554 0.0188051 0.1139469
v 0.0489729 0.0155000 0.1140355
v 0.0484971 0.0155000 0.1133628
v 0.0498757 0.0155000 0.1122101
v 0.0504581 0.0155000 0.1127386
v 0.0504150 0.0155000 0.1136017
v 0.0498310 0.0155000 0.1141259
v 0.0489729 0.0155000 0.1140355
v 0.0484971 0.0155000 0.1133628
v 0.0486073 0.0155000 0.1126647
v 0.0491690 0.0155000 0.1121740
v 0.0403025 0.0189995 0.1054150
v 0.0409385 0.0189986 0.1062520
v 0.0404820 0.0188034 0.1050313
v 0.0407118 0.0188062 0.1058133
v 0.0409385 0.0189986 0.1062520
v 0.0418605 0.0189998 0.1063061
v 0.0425806 0.0189979 0.1057723
v 0.0407118 0.0188062 0.1058133
v 0.0413687 0.0188019 0.1061574
v 0.0421362 0.0188010 0.1059674
v 0.0426098 0.0189994 0.1046513
v 0.0418902 0.0189962 0.1039618
v 0.0425392 0.0188079 0.1050778
v 0.0420123 0.0187981 0.1042497
v 0.0406353 0.0189966 0.1042381
v 0.0403025 0.0189995 0.1054150
v 0.0404820 0.0188034 0.1050313
v 0.0412107 0.0187961 0.1041717
v 0.0407387 0.0188006 0.1044922
v 0.0425392 0.0188079 0.1050778
v 0.0420123 0.0187981 0.1042497
v 0.0418396 0.0155000 0.1041924
v 0.0424798 0.0155000 0.1047740
v 0.0404820 0.0188034 0.1050313
v 0.0420123 0.0187981 0.1042497
v 0.0412107 0.0187961 0.1041717
v 0.0407387 0.0188006 0.1044922
v 0.0404563 0.0155000 0.1050402
v 0.0410540 0.0155000 0.1042145
v 0.0418396 0.0155000 0.1041924
v 0.0404820 0.0188034 0.1050313
v 0.0407118 0.0188062 0.1058133
v 0.0404563 0.0155000 0.1050402
v 0.0407877 0.0155000 0.1058806
v 0.0407118 0.0188062 0.1058133
v 0.0413687 0.0188019 0.1061574
v 0.0421362 0.0188010 0.1059674
v 0.0425392 0.0188079 0.1050778
v 0.0424798 0.0155000 0.1047740
v 0.0423596 0.0155000 0.1057086
v 0.0415952 0.0155000 0.1061883
v 0.0407877 0.0155000 0.1058806
v 0.0404563 0.0155000 0.1050402
v 0.0410540 0.0155000 0.1042145
v 0.0418396 0.0155000 0.1041924
v 0.0424798 0.0155000 0.1047740
v 0.0423596 0.0155000 0.1057086
v 0.0415952 0.0155000 0.1061883
v 0.0407877 0.0155000 0.1058806
v 0.0325109 0.0189963 0.1139178
v 0.0336168 0.0189987 0.1143997
v 0.0346284 0.0189983 0.1126189
v 0.0345883 0.0189990 0.1137249
v 0.0334196 0.0188025 0.1141670
v 0.0340218 0.0188047 0.1140173
v 0.0344175 0.0188019 0.1135862
v 0.0344846 0.0188000 0.1128410
v 0.0324972 0.0188035 0.1133534
v 0.0328354 0.0188030 0.1139134
v 0.0346284 0.0189983 0.1126189
v 0.0336853 0.0189994 0.1119318
v 0.0344846 0.0188000 0.1128410
v 0.0338259 0.0188046 0.1121627
v 0.0325109 0.0189963 0.1139178
v 0.0328561 0.0189995 0.1121089
v 0.0323338 0.0189990 0.1127711
v 0.0336853 0.0189994 0.1119318
v 0.0338259 0.0188046 0.1121627
v 0.0330141 0.0188019 0.1122578
v 0.0325971 0.0188002 0.1126899
v 0.0324972 0.0188035 0.1133534
v 0.0334196 0.0188025 0.1141670
v 0.0340218 0.0188047 0.1140173
v 0.0344175 0.0188019 0.1135862
v 0.0344846 0.0188000 0.1128410
v 0.0338259 0.0188046 0.1121627
v 0.0330141 0.0188019 0.1122578
v 0.0325971 0.0188002 0.1126899
v 0.0324972 0.0188035 0.1133534
v 0.0328354 0.0188030 0.1139134
v 0.0332744 0.0155000 0.1141451
v 0.0326283 0.0155000 0.1136997
v 0.0325063 0.0155000 0.1129114
v 0.0329011 0.0155000 0.1123257
v 0.0337303 0.0155000 0.1121330
v 0.0344326 0.0155000 0.1127201
v 0.0344690 0.0155000 0.1134648
v 0.0340123 0.0155000 0.1140380
v 0.0344846 0.0188000 0.1128410
v 0.0338259 0.0188046 0.1121627
v 0.0337303 0.0155000 0.1121330
v 0.0344326 0.0155000 0.1127201
v 0.0332744 0.0155000 0.1141451
v 0.0326283 0.0155000 0.1136997
v 0.0325063 0.0155000 0.1129114
v 0.0329011 0.0155000 0.1123257
v 0.0337303 0.0155000 0.1121330
v 0.0344326 0.0155000 0.1127201
v 0.0344690 0.0155000 0.1134648
v 0.0340123 0.0155000 0.1140380
v 0.0427584 0.0189975 0.1209810
v 0.0419618 0.0189984 0.1200035
v 0.0424746 0.0188010 0.1208894
v 0.0421972 0.0188042 0.1204111
v 0.0424705 0.0188048 0.1214651
v 0.0403026 0.0189995 0.1214150
v 0.0409287 0.0189962 0.1222625
v 0.0419618 0.0189984 0.1200035
v 0.0410552 0.0189995 0.1200159
v 0.0404448 0.0189997 0.1205338
v 0.0421972 0.0188042 0.1204111
v 0.0415890 0.0187984 0.1201337
v 0.0408698 0.0188052 0.1203417
v 0.0405334 0.0187977 0.1208609
v 0.0405191 0.0188010 0.1214147
v 0.0408928 0.0188003 0.1219698
v 0.0414933 0.0187994 0.1221621
v 0.0420601 0.0188024 0.1219976
v 0.0424705 0.0188048 0.1214651
v 0.0424242 0.0155000 0.1216060
v 0.0417909 0.0155000 0.1221331
v 0.0410484 0.0155000 0.1220650
v 0.0405241 0.0155000 0.1214810
v 0.0409287 0.0189962 0.1222625
v 0.0421738 0.0189981 0.1221950
v 0.0427584 0.0189975 0.1209810
v 0.0414933 0.0187994 0.1221621
v 0.0420601 0.0188024 0.1219976
v 0.0424705 0.0188048 0.1214651
v 0.0424746 0.0188010 0.1208894
v 0.0421972 0.0188042 0.1204111
v 0.0415890 0.0187984 0.1201337
v 0.0408698 0.0188052 0.1203417
v 0.0405334 0.0187977 0.1208609
v 0.0405191 0.0188010 0.1214147
v 0.0424705 0.0188048 0.1214651
v 0.0424242 0.0155000 0.1216060
v 0.0405241 0.0155000 0.1214810
v 0.0405850 0.0155000 0.1206983
v 0.0411329 0.0155000 0.1201928
v 0.0418008 0.0155000 0.1201835
v 0.0424229 0.0155000 0.1206647
v 0.0424242 0.0155000 0.1216060
v 0.0417909 0.0155000 0.1221331
v 0.0410484 0.0155000 0.1220650
v 0.0405241 0.0155000 0.1214810
v 0.0405850 0.0155000 0.1206983
v 0.0411329 0.0155000 0.1201928
v 0.0418008 0.0155000 0.1201835
v 0.0424229 0.0155000 0.1206647
v 0.0361201 0.0190000 0.1196591
v 0.0367049 0.0190000 0.1189898
v 0.0366359 0.0155000 0.1191723
v 0.0360389 0.0155000 0.1196713
v 0.0358771 0.0190000 0.1179427
v 0.0353543 0.0190000 0.1180949
v 0.0367049 0.0190000 0.1189898
v 0.0364977 0.0190000 0.1182173
v 0.0362127 0.0155000 0.1180053
v 0.0366668 0.0155000 0.1185392
v 0.0366359 0.0155000 0.1191723
v 0.0354029 0.0155000 0.1180439
v 0.0353543 0.0190000 0.1180949
v 0.0350058 0.0190000 0.1185707
v 0.0350091 0.0155000 0.1185829
v 0.0354029 0.0155000 0.1180439
v 0.0350058 0.0190000 0.1185707
v 0.0351585 0.0190000 0.1193916
v 0.0351343 0.0155000 0.1193656
v 0.0350091 0.0155000 0.1185829
v 0.0351585 0.0190000 0.1193916
v 0.0361201 0.0190000 0.1196591
v 0.0360389 0.0155000 0.1196713
v 0.0351343 0.0155000 0.1193656
v 0.0362127 0.0155000 0.1180053
v 0.0366668 0.0155000 0.1185392
v 0.0366359 0.0155000 0.1191723
v 0.0360389 0.0155000 0.1196713
v 0.0351343 0.0155000 0.1193656
v 0.0350091 0.0155000 0.1185829
v 0.0354029 0.0155000 0.1180439
v 0.0464135 0.0190000 0.1193036
v 0.0471338 0.0190000 0.1196780
v 0.0478819 0.0190000 0.1193336
v 0.0479758 0.0190000 0.1185047
v 0.0473661 0.0190000 0.1179355
v 0.0464111 0.0190000 0.1182945
v 0.0465153 0.0155000 0.1182287
v 0.0469882 0.0155000 0.1179587
v 0.0477079 0.0155000 0.1181079
v 0.0480338 0.0155000 0.1189813
v 0.0475211 0.0155000 0.1195969
v 0.0466975 0.0155000 0.1195787
v 0.0462810 0.0155000 0.1188181
v 0.0465153 0.0155000 0.1182287
v 0.0469882 0.0155000 0.1179587
v 0.0477079 0.0155000 0.1181079
v 0.0480338 0.0155000 0.1189813
v 0.0475211 0.0155000 0.1195969
v 0.0466975 0.0155000 0.1195787
v 0.0462810 0.0155000 0.1188181
v 0.0472595 0.0190000 0.1066263
v 0.0467288 0.0190000 0.1067501
v 0.0463433 0.0190000 0.1071683
v 0.0463567 0.0190000 0.1078246
v 0.0469142 0.0190000 0.1083537
v 0.0471907 0.0155000 0.1066313
v 0.0467256 0.0155000 0.1082633
v 0.0463110 0.0155000 0.1076849
v 0.0464814 0.0155000 0.1069010
v 0.0478474 0.0190000 0.1080676
v 0.0469142 0.0190000 0.1083537
v 0.0467256 0.0155000 0.1082633
v 0.0476251 0.0155000 0.1082572
v 0.0478474 0.0190000 0.1080676
v 0.0479553 0.0190000 0.1070863
v 0.0472595 0.0190000 0.1066263
v 0.0471907 0.0155000 0.1066313
v 0.0477210 0.0155000 0.1068326
v 0.0480375 0.0155000 0.1074699
v 0.0476251 0.0155000 0.1082572
v 0.0471907 0.0155000 0.1066313
v 0.0467256 0.0155000 0.1082633
v 0.0463110 0.0155000 0.1076849
v 0.0464814 0.0155000 0.1069010
v 0.0477210 0.0155000 0.1068326
v 0.0480375 0.0155000 0.1074699
v 0.0476251 0.0155000 0.1082572
v 0.0350927 0.0190000 0.1069917
v 0.0350406 0.0190000 0.1078256
v 0.0350269 0.0155000 0.1077943
v 0.0350216 0.0155000 0.1072375
v 0.0350406 0.0190000 0.1078256
v 0.0354307 0.0190000 0.1082519
v 0.0354396 0.0155000 0.1082609
v 0.0350269 0.0155000 0.1077943
v 0.0354307 0.0190000 0.1082519
v 0.0360240 0.0190000 0.1083456
v 0.0361374 0.0155000 0.1083235
v 0.0354396 0.0155000 0.1082609
v 0.0360240 0.0190000 0.1083456
v 0.0366312 0.0190000 0.1078947
v 0.0366107 0.0155000 0.1078842
v 0.0361374 0.0155000 0.1083235
v 0.0365865 0.0190000 0.1069964
v 0.0366312 0.0190000 0.1078947
v 0.0366107 0.0155000 0.1078842
v 0.0366894 0.0155000 0.1072545
v 0.0365865 0.0190000 0.1069964
v 0.0358662 0.0190000 0.1066220
v 0.0350927 0.0190000 0.1069917
v 0.0350216 0.0155000 0.1072375
v 0.0354689 0.0155000 0.1066812
v 0.0362467 0.0155000 0.1067254
v 0.0366894 0.0155000 0.1072545
v 0.0366107 0.0155000 0.1078842
v 0.0361374 0.0155000 0.1083235
v 0.0354396 0.0155000 0.1082609
v 0.0350269 0.0155000 0.1077943
v 0.0350216 0.0155000 0.1072375
v 0.0354689 0.0155000 0.1066812
v 0.0362467 0.0155000 0.1067254
v 0.0366894 0.0155000 0.1072545
v 0.0414497 0.0190000 0.1091015
v 0.0396308 0.0190000 0.1095862
v 0.0381951 0.0190000 0.1108111
v 0.0375536 0.0190000 0.1124106
v 0.0375330 0.0190000 0.1138264
v 0.0384009 0.0190000 0.1157969
v 0.0404035 0.0190000 0.1170380
v 0.0421764 0.0190000 0.1171170
v 0.0438771 0.0190000 0.1164219
v 0.0452211 0.0190000 0.1147458
v 0.0455153 0.0190000 0.1128340
v 0.0450638 0.0190000 0.1112808
v 0.0437153 0.0190000 0.1097427
v 0.0415503 0.0206009 0.1091018
v 0.0433692 0.0206003 0.1095863
v 0.0448046 0.0206009 0.1108112
v 0.0454463 0.0206001 0.1124106
v 0.0453969 0.0206015 0.1143022
v 0.0442138 0.0205967 0.1161367
v 0.0423097 0.0206068 0.1171268
v 0.0431708 0.0209007 0.1097652
v 0.0448935 0.0209005 0.1115335
v 0.0452141 0.0209001 0.1133982
v 0.0446968 0.0209003 0.1151090
v 0.0434434 0.0209001 0.1163213
v 0.0419392 0.0209002 0.1168606
v 0.0378054 0.0209003 0.1137352
v 0.0380227 0.0209003 0.1117600
v 0.0390493 0.0209001 0.1103482
v 0.0407203 0.0209005 0.1094729
v 0.0403081 0.0209001 0.1166764
v 0.0387078 0.0209004 0.1156666
v 0.0376481 0.0206001 0.1120172
v 0.0383617 0.0206005 0.1106133
v 0.0397155 0.0206003 0.1095431
v 0.0401157 0.0205966 0.1169449
v 0.0385157 0.0206048 0.1158663
v 0.0375048 0.0206015 0.1138926
v 0.0332206 0.0169995 0.1034024
v 0.0347810 0.0169970 0.1019561
v 0.0343455 0.0169980 0.1031206
v 0.0341974 0.0168004 0.1029519
v 0.0345669 0.0168001 0.1023162
v 0.0335308 0.0167985 0.1032271
v 0.0324479 0.0169991 0.1028878
v 0.0332206 0.0169995 0.1034024
v 0.0333467 0.0169997 0.1008966
v 0.0326942 0.0169995 0.1011652
v 0.0322382 0.0169991 0.1019502
v 0.0347810 0.0169970 0.1019561
v 0.0341419 0.0169995 0.1010510
v 0.0345669 0.0168001 0.1023162
v 0.0343909 0.0168055 0.1015633
v 0.0338666 0.0168009 0.1011481
v 0.0330907 0.0167998 0.1011465
v 0.0325088 0.0167964 0.1017436
v 0.0324766 0.0167996 0.1024509
v 0.0328283 0.0167927 0.1029769
v 0.0335308 0.0167985 0.1032271
v 0.0338666 0.0168009 0.1011481
v 0.0330907 0.0167998 0.1011465
v 0.0339428 0.0130000 0.1011560
v 0.0330096 0.0130000 0.1011876
v 0.0330907 0.0167998 0.1011465
v 0.0325088 0.0167964 0.1017436
v 0.0324766 0.0167996 0.1024509
v 0.0328283 0.0167927 0.1029769
v 0.0328162 0.0130000 0.1030173
v 0.0324209 0.0130000 0.1019648
v 0.0330096 0.0130000 0.1011876
v 0.0341974 0.0168004 0.1029519
v 0.0345669 0.0168001 0.1023162
v 0.0343909 0.0168055 0.1015633
v 0.0338666 0.0168009 0.1011481
v 0.0328283 0.0167927 0.1029769
v 0.0335308 0.0167985 0.1032271
v 0.0339428 0.0130000 0.1011560
v 0.0328162 0.0130000 0.1030173
v 0.0345694 0.0130000 0.1019373
v 0.0343587 0.0130000 0.1027907
v 0.0337498 0.0130000 0.1031903
v 0.0339428 0.0130000 0.1011560
v 0.0328162 0.0130000 0.1030173
v 0.0324209 0.0130000 0.1019648
v 0.0330096 0.0130000 0.1011876
v 0.0345694 0.0130000 0.1019373
v 0.0343587 0.0130000 0.1027907
v 0.0337498 0.0130000 0.1031903
v 0.0323348 0.0169996 0.1246617
v 0.0330809 0.0169969 0.1253840
v 0.0329805 0.0169994 0.1229940
v 0.0323082 0.0169983 0.1236563
v 0.0341417 0.0169968 0.1230277
v 0.0343574 0.0169982 0.1251183
v 0.0339048 0.0167981 0.1251436
v 0.0344308 0.0167982 0.1246683
v 0.0345602 0.0167995 0.1240318
v 0.0343441 0.0167971 0.1235101
v 0.0338331 0.0168000 0.1231318
v 0.0332264 0.0168010 0.1231266
v 0.0326233 0.0167994 0.1235131
v 0.0324420 0.0168044 0.1242862
v 0.0326604 0.0167959 0.1247943
v 0.0331669 0.0168000 0.1251682
v 0.0337235 0.0130000 0.1252030
v 0.0328250 0.0130000 0.1250063
v 0.0324391 0.0130000 0.1242620
v 0.0326692 0.0130000 0.1234404
v 0.0336573 0.0130000 0.1230665
v 0.0343795 0.0130000 0.1235462
v 0.0345665 0.0130000 0.1241785
v 0.0343461 0.0130000 0.1247999
v 0.0347843 0.0169981 0.1240616
v 0.0341417 0.0169968 0.1230277
v 0.0343574 0.0169982 0.1251183
v 0.0339048 0.0167981 0.1251436
v 0.0344308 0.0167982 0.1246683
v 0.0345602 0.0167995 0.1240318
v 0.0343441 0.0167971 0.1235101
v 0.0326233 0.0167994 0.1235131
v 0.0324420 0.0168044 0.1242862
v 0.0324391 0.0130000 0.1242620
v 0.0326692 0.0130000 0.1234404
v 0.0337235 0.0130000 0.1252030
v 0.0328250 0.0130000 0.1250063
v 0.0324391 0.0130000 0.1242620
v 0.0326692 0.0130000 0.1234404
v 0.0336573 0.0130000 0.1230665
v 0.0343795 0.0130000 0.1235462
v 0.0345665 0.0130000 0.1241785
v 0.0343461 0.0130000 0.1247999
v 0.0151775 0.0170000 0.1062931
v 0.0084770 0.0170000 0.1062221
v 0.0150391 0.0168000 0.1062466
v 0.0084564 0.0168000 0.1062278
v 0.0156310 0.0170000 0.1069572
v 0.0151775 0.0170000 0.1062931
v 0.0150391 0.0168000 0.1062466
v 0.0156098 0.0168000 0.1068371
v 0.0150391 0.0168000 0.1062466
v 0.0156098 0.0168000 0.1068371
v 0.0078250 0.0168000 0.1067243
v 0.0084564 0.0168000 0.1062278
v 0.0077817 0.0168000 0.1194241
v 0.0083219 0.0168000 0.1200429
v 0.0156169 0.0168000 0.1194200
v 0.0150995 0.0168000 0.1200334
v 0.0156310 0.0170000 0.1069572
v 0.0156183 0.0170000 0.1194240
v 0.0156098 0.0168000 0.1068371
v 0.0156169 0.0168000 0.1194200
v 0.0150781 0.0170000 0.1200429
v 0.0156183 0.0170000 0.1194240
v 0.0156169 0.0168000 0.1194200
v 0.0150995 0.0168000 0.1200334
v 0.0150781 0.0170000 0.1200429
v 0.0082615 0.0170000 0.1200207
v 0.0083219 0.0168000 0.1200429
v 0.0150995 0.0168000 0.1200334
v 0.0077755 0.0170000 0.1193813
v 0.0082615 0.0170000 0.1200207
v 0.0077817 0.0168000 0.1194241
v 0.0083219 0.0168000 0.1200429
v 0.0077755 0.0170000 0.1193813
v 0.0078228 0.0170000 0.1067200
v 0.0078250 0.0168000 0.1067243
v 0.0077817 0.0168000 0.1194241
v 0.0084770 0.0170000 0.1062221
v 0.0078228 0.0170000 0.1067200
v 0.0078250 0.0168000 0.1067243
v 0.0084564 0.0168000 0.1062278
v 0.0138588 -0.0072267 0.1273986
v 0.0145803 -0.0066620 0.1273994
v 0.0147591 -0.0057934 0.1273989
v 0.0142660 -0.0049590 0.1273992
v 0.0133987 -0.0047443 0.1273999
v 0.0126758 -0.0050269 0.1273996
v 0.0122679 -0.0057042 0.1273996
v 0.0123058 -0.0064157 0.1273996
v 0.0128293 -0.0070844 0.1273994
v 0.0132685 -0.0049627 0.1272017
v 0.0127267 -0.0052652 0.1271994
v 0.0124633 -0.0057823 0.1271998
v 0.0125558 -0.0065391 0.1271937
v 0.0132059 -0.0070255 0.1272004
v 0.0139427 -0.0069810 0.1272015
v 0.0144187 -0.0065274 0.1271998
v 0.0145664 -0.0059728 0.1271994
v 0.0143339 -0.0053346 0.1271973
v 0.0138317 -0.0049903 0.1271988
v 0.0132685 -0.0049627 0.1272017
v 0.0127267 -0.0052652 0.1271994
v 0.0124633 -0.0057823 0.1271998
v 0.0125558 -0.0065391 0.1271937
v 0.0132059 -0.0070255 0.1272004
v 0.0139427 -0.0069810 0.1272015
v 0.0144187 -0.0065274 0.1271998
v 0.0145664 -0.0059728 0.1271994
v 0.0143339 -0.0053346 0.1271973
v 0.0138317 -0.0049903 0.1271988
v 0.0135553 -0.0070654 0.1234000
v 0.0142283 -0.0051915 0.1234000
v 0.0145654 -0.0059447 0.1234000
v 0.0143085 -0.0067283 0.1234000
v 0.0128813 -0.0068747 0.1234000
v 0.0124211 -0.0061418 0.1234000
v 0.0126539 -0.0053501 0.1234000
v 0.0133170 -0.0049335 0.1234000
v 0.0135553 -0.0070654 0.1234000
v 0.0142283 -0.0051915 0.1234000
v 0.0145654 -0.0059447 0.1234000
v 0.0143085 -0.0067283 0.1234000
v 0.0128813 -0.0068747 0.1234000
v 0.0124211 -0.0061418 0.1234000
v 0.0126539 -0.0053501 0.1234000
v 0.0133170 -0.0049335 0.1234000
v 0.0381621 0.0049198 0.1273996
v 0.0387945 0.0057950 0.1273968
v 0.0384257 0.0068816 0.1273987
v 0.0376533 0.0072534 0.1273997
v 0.0367478 0.0070353 0.1273991
v 0.0362124 0.0061174 0.1273987
v 0.0365364 0.0051770 0.1273996
v 0.0372735 0.0047272 0.1273995
v 0.0371314 0.0070111 0.1272004
v 0.0365719 0.0065260 0.1272026
v 0.0364379 0.0058606 0.1271959
v 0.0367421 0.0052550 0.1271989
v 0.0373451 0.0049400 0.1272013
v 0.0379332 0.0050333 0.1271998
v 0.0384064 0.0054291 0.1271974
v 0.0385611 0.0060596 0.1271965
v 0.0383450 0.0066511 0.1271996
v 0.0378416 0.0070064 0.1272007
v 0.0379788 0.0069704 0.1234000
v 0.0385147 0.0063440 0.1234000
v 0.0385148 0.0056842 0.1234000
v 0.0381094 0.0051127 0.1234000
v 0.0371320 0.0049613 0.1234000
v 0.0370317 0.0069823 0.1234000
v 0.0371314 0.0070111 0.1272004
v 0.0365719 0.0065260 0.1272026
v 0.0364379 0.0058606 0.1271959
v 0.0367421 0.0052550 0.1271989
v 0.0373451 0.0049400 0.1272013
v 0.0371320 0.0049613 0.1234000
v 0.0364853 0.0056560 0.1234000
v 0.0364945 0.0063566 0.1234000
v 0.0370317 0.0069823 0.1234000
v 0.0379788 0.0069704 0.1234000
v 0.0385147 0.0063440 0.1234000
v 0.0385148 0.0056842 0.1234000
v 0.0381094 0.0051127 0.1234000
v 0.0371320 0.0049613 0.1234000
v 0.0364853 0.0056560 0.1234000
v 0.0364945 0.0063566 0.1234000
v 0.0370317 0.0069823 0.1234000
v 0.0387759 -0.0059929 0.1273989
v 0.0384852 -0.0051940 0.1273996
v 0.0376927 -0.0047307 0.1273995
v 0.0367555 -0.0049752 0.1273997
v 0.0363045 -0.0056020 0.1273998
v 0.0362716 -0.0063765 0.1273988
v 0.0369995 -0.0071965 0.1273972
v 0.0370792 -0.0050198 0.1271971
v 0.0365984 -0.0054373 0.1272049
v 0.0364299 -0.0061148 0.1272001
v 0.0367667 -0.0067747 0.1272020
v 0.0374156 -0.0070678 0.1272027
v 0.0385436 -0.0063063 0.1272063
v 0.0384495 -0.0055226 0.1271990
v 0.0378808 -0.0049811 0.1272066
v 0.0383454 -0.0069704 0.1273978
v 0.0369995 -0.0071965 0.1273972
v 0.0367667 -0.0067747 0.1272020
v 0.0374156 -0.0070678 0.1272027
v 0.0380348 -0.0069184 0.1271965
v 0.0385436 -0.0063063 0.1272063
v 0.0384495 -0.0055226 0.1271990
v 0.0378808 -0.0049811 0.1272066
v 0.0377391 -0.0049447 0.1234000
v 0.0383520 -0.0053647 0.1234000
v 0.0385713 -0.0059864 0.1234000
v 0.0383675 -0.0066140 0.1234000
v 0.0378440 -0.0070147 0.1234000
v 0.0368997 -0.0069241 0.1234000
v 0.0383454 -0.0069704 0.1273978
v 0.0387759 -0.0059929 0.1273989
v 0.0380348 -0.0069184 0.1271965
v 0.0385436 -0.0063063 0.1272063
v 0.0370792 -0.0050198 0.1271971
v 0.0365984 -0.0054373 0.1272049
v 0.0364299 -0.0061148 0.1272001
v 0.0378808 -0.0049811 0.1272066
v 0.0377391 -0.0049447 0.1234000
v 0.0364422 -0.0061387 0.1234000
v 0.0365471 -0.0055293 0.1234000
v 0.0369670 -0.0050758 0.1234000
v 0.0364299 -0.0061148 0.1272001
v 0.0367667 -0.0067747 0.1272020
v 0.0368997 -0.0069241 0.1234000
v 0.0364422 -0.0061387 0.1234000
v 0.0377391 -0.0049447 0.1234000
v 0.0383520 -0.0053647 0.1234000
v 0.0385713 -0.0059864 0.1234000
v 0.0383675 -0.0066140 0.1234000
v 0.0378440 -0.0070147 0.1234000
v 0.0368997 -0.0069241 0.1234000
v 0.0364422 -0.0061387 0.1234000
v 0.0365471 -0.0055293 0.1234000
v 0.0369670 -0.0050758 0.1234000
v 0.0136013 0.0047443 0.1273999
v 0.0143934 0.0050762 0.1273992
v 0.0147952 0.0061215 0.1273978
v 0.0141707 0.0070844 0.1273994
v 0.0133987 0.0072556 0.1273999
v 0.0125217 0.0068634 0.1273981
v 0.0122277 0.0057985 0.1273990
v 0.0127895 0.0049411 0.1273996
v 0.0132685 0.0070373 0.1272017
v 0.0126621 0.0066753 0.1272082
v 0.0124337 0.0059707 0.1272020
v 0.0126858 0.0053038 0.1272011
v 0.0132133 0.0049801 0.1272027
v 0.0139235 0.0050048 0.1271944
v 0.0145055 0.0056165 0.1272001
v 0.0144442 0.0065391 0.1271937
v 0.0138317 0.0070097 0.1271988
v 0.0132685 0.0070373 0.1272017
v 0.0126621 0.0066753 0.1272082
v 0.0124337 0.0059707 0.1272020
v 0.0126858 0.0053038 0.1272011
v 0.0132133 0.0049801 0.1272027
v 0.0139235 0.0050048 0.1271944
v 0.0145055 0.0056165 0.1272001
v 0.0144442 0.0065391 0.1271937
v 0.0138317 0.0070097 0.1271988
v 0.0141187 0.0068747 0.1234000
v 0.0145066 0.0063410 0.1234000
v 0.0145304 0.0057234 0.1234000
v 0.0141407 0.0051413 0.1234000
v 0.0135132 0.0049373 0.1234000
v 0.0128813 0.0051253 0.1234000
v 0.0124934 0.0056590 0.1234000
v 0.0124854 0.0063597 0.1234000
v 0.0131872 0.0070566 0.1234000
v 0.0141187 0.0068747 0.1234000
v 0.0145066 0.0063410 0.1234000
v 0.0145304 0.0057234 0.1234000
v 0.0141407 0.0051413 0.1234000
v 0.0135132 0.0049373 0.1234000
v 0.0128813 0.0051253 0.1234000
v 0.0124934 0.0056590 0.1234000
v 0.0124854 0.0063597 0.1234000
v 0.0131872 0.0070566 0.1234000
v 0.0527481 0.0072878 0.1052573
v 0.0527489 0.0067658 0.1061907
v 0.0527493 0.0056887 0.1063859
v 0.0527498 0.0061707 0.1038917
v 0.0527488 0.0069031 0.1042469
v 0.0527491 0.0052433 0.1041166
v 0.0527498 0.0049520 0.1058571
v 0.0527487 0.0047310 0.1049433
v 0.0525521 0.0059641 0.1062255
v 0.0525555 0.0052811 0.1059382
v 0.0525474 0.0049463 0.1053424
v 0.0525424 0.0051234 0.1045131
v 0.0525519 0.0058840 0.1040820
v 0.0525509 0.0065198 0.1042258
v 0.0525476 0.0069327 0.1046351
v 0.0525509 0.0070568 0.1053536
v 0.0525555 0.0066660 0.1059833
v 0.0525521 0.0059641 0.1062255
v 0.0525555 0.0052811 0.1059382
v 0.0525474 0.0049463 0.1053424
v 0.0525519 0.0058840 0.1040820
v 0.0525509 0.0065198 0.1042258
v 0.0525476 0.0069327 0.1046351
v 0.0525509 0.0070568 0.1053536
v 0.0525555 0.0066660 0.1059833
v 0.0487500 0.0058147 0.1040710
v 0.0487500 0.0062345 0.1061800
v 0.0487500 0.0068458 0.1058346
v 0.0487500 0.0070609 0.1050379
v 0.0487500 0.0067320 0.1043582
v 0.0487500 0.0049489 0.1054319
v 0.0487500 0.0055731 0.1061443
v 0.0525474 0.0049463 0.1053424
v 0.0525424 0.0051234 0.1045131
v 0.0487500 0.0050878 0.1045910
v 0.0487500 0.0049489 0.1054319
v 0.0525424 0.0051234 0.1045131
v 0.0525519 0.0058840 0.1040820
v 0.0487500 0.0058147 0.1040710
v 0.0487500 0.0050878 0.1045910
v 0.0487500 0.0058147 0.1040710
v 0.0487500 0.0062345 0.1061800
v 0.0487500 0.0068458 0.1058346
v 0.0487500 0.0070609 0.1050379
v 0.0487500 0.0067320 0.1043582
v 0.0487500 0.0050878 0.1045910
v 0.0487500 0.0049489 0.1054319
v 0.0487500 0.0055731 0.1061443
v 0.0527495 0.0072321 0.1214458
v 0.0527474 0.0066394 0.1222704
v 0.0527490 0.0055691 0.1223477
v 0.0527472 0.0065026 0.1199512
v 0.0527494 0.0071811 0.1206851
v 0.0527496 0.0053381 0.1200696
v 0.0527497 0.0049596 0.1218747
v 0.0527481 0.0047339 0.1208766
v 0.0525490 0.0052526 0.1219055
v 0.0525509 0.0049320 0.1212830
v 0.0525492 0.0051429 0.1204965
v 0.0525544 0.0057930 0.1201049
v 0.0525557 0.0064485 0.1201805
v 0.0525482 0.0069308 0.1206317
v 0.0525495 0.0070602 0.1212683
v 0.0525509 0.0067353 0.1219359
v 0.0525573 0.0059263 0.1222291
v 0.0525509 0.0049320 0.1212830
v 0.0525492 0.0051429 0.1204965
v 0.0525544 0.0057930 0.1201049
v 0.0525557 0.0064485 0.1201805
v 0.0525482 0.0069308 0.1206317
v 0.0525495 0.0070602 0.1212683
v 0.0487500 0.0061661 0.1201015
v 0.0487500 0.0070750 0.1212060
v 0.0487500 0.0067918 0.1204181
v 0.0487500 0.0055129 0.1201939
v 0.0487500 0.0050541 0.1206680
v 0.0487500 0.0049398 0.1213042
v 0.0525495 0.0070602 0.1212683
v 0.0525509 0.0067353 0.1219359
v 0.0487500 0.0067742 0.1218840
v 0.0487500 0.0070750 0.1212060
v 0.0525509 0.0067353 0.1219359
v 0.0525573 0.0059263 0.1222291
v 0.0487500 0.0059425 0.1222505
v 0.0487500 0.0067742 0.1218840
v 0.0525490 0.0052526 0.1219055
v 0.0525509 0.0049320 0.1212830
v 0.0525573 0.0059263 0.1222291
v 0.0487500 0.0059425 0.1222505
v 0.0487500 0.0049398 0.1213042
v 0.0487500 0.0052134 0.1218595
v 0.0487500 0.0061661 0.1201015
v 0.0487500 0.0059425 0.1222505
v 0.0487500 0.0067742 0.1218840
v 0.0487500 0.0070750 0.1212060
v 0.0487500 0.0067918 0.1204181
v 0.0487500 0.0055129 0.1201939
v 0.0487500 0.0050541 0.1206680
v 0.0487500 0.0049398 0.1213042
v 0.0487500 0.0052134 0.1218595
v 0.0142104 -0.0070587 0.0989006
v 0.0129997 -0.0071952 0.0989030
v 0.0129425 -0.0069336 0.0991032
v 0.0138686 -0.0070111 0.0990997
v 0.0139481 -0.0048002 0.0989007
v 0.0146019 -0.0053834 0.0989003
v 0.0147720 -0.0062015 0.0989013
v 0.0142104 -0.0070587 0.0989006
v 0.0129997 -0.0071952 0.0989030
v 0.0123134 -0.0064325 0.0989003
v 0.0122753 -0.0056576 0.0989006
v 0.0129246 -0.0048495 0.0989011
v 0.0129425 -0.0069336 0.0991032
v 0.0124718 -0.0062843 0.0990975
v 0.0125254 -0.0055435 0.0990991
v 0.0130584 -0.0050290 0.0990975
v 0.0139064 -0.0049914 0.0991026
v 0.0145536 -0.0057309 0.0991130
v 0.0144281 -0.0065260 0.0990975
v 0.0138686 -0.0070111 0.0990997
v 0.0129425 -0.0069336 0.0991032
v 0.0124718 -0.0062843 0.0990975
v 0.0125254 -0.0055435 0.0990991
v 0.0130584 -0.0050290 0.0990975
v 0.0139064 -0.0049914 0.0991026
v 0.0138686 -0.0070111 0.0990997
v 0.0133170 -0.0049335 0.1029000
v 0.0138818 -0.0069962 0.1029000
v 0.0140440 -0.0050870 0.1029000
v 0.0126539 -0.0053501 0.1029000
v 0.0124395 -0.0059298 0.1029000
v 0.0125937 -0.0065714 0.1029000
v 0.0131819 -0.0070231 0.1029000
v 0.0144281 -0.0065260 0.0990975
v 0.0138686 -0.0070111 0.0990997
v 0.0138818 -0.0069962 0.1029000
v 0.0144205 -0.0065482 0.1029000
v 0.0145536 -0.0057309 0.0991130
v 0.0144281 -0.0065260 0.0990975
v 0.0144205 -0.0065482 0.1029000
v 0.0145435 -0.0056912 0.1029000
v 0.0139064 -0.0049914 0.0991026
v 0.0145536 -0.0057309 0.0991130
v 0.0145435 -0.0056912 0.1029000
v 0.0140440 -0.0050870 0.1029000
v 0.0133170 -0.0049335 0.1029000
v 0.0138818 -0.0069962 0.1029000
v 0.0144205 -0.0065482 0.1029000
v 0.0145435 -0.0056912 0.1029000
v 0.0140440 -0.0050870 0.1029000
v 0.0126539 -0.0053501 0.1029000
v 0.0124395 -0.0059298 0.1029000
v 0.0125937 -0.0065714 0.1029000
v 0.0131819 -0.0070231 0.1029000
v 0.0381617 0.0070898 0.0989006
v 0.0386350 0.0065554 0.0989002
v 0.0387665 0.0058732 0.0989004
v 0.0384505 0.0051586 0.0989005
v 0.0377613 0.0047567 0.0989005
v 0.0368292 0.0049155 0.0989004
v 0.0363015 0.0055796 0.0989002
v 0.0363165 0.0064787 0.0989005
v 0.0370883 0.0072197 0.0989017
v 0.0372836 0.0049554 0.0990954
v 0.0366222 0.0053685 0.0991003
v 0.0364412 0.0060920 0.0990951
v 0.0367593 0.0067962 0.0990998
v 0.0375418 0.0070659 0.0990973
v 0.0380919 0.0068786 0.0990995
v 0.0385128 0.0063638 0.0990965
v 0.0385185 0.0057086 0.0990995
v 0.0380981 0.0050915 0.0991020
v 0.0372836 0.0049554 0.0990954
v 0.0366222 0.0053685 0.0991003
v 0.0364412 0.0060920 0.0990951
v 0.0367593 0.0067962 0.0990998
v 0.0375418 0.0070659 0.0990973
v 0.0380919 0.0068786 0.0990995
v 0.0385128 0.0063638 0.0990965
v 0.0385185 0.0057086 0.0990995
v 0.0380981 0.0050915 0.0991020
v 0.0370257 0.0069947 0.1029000
v 0.0378948 0.0049712 0.1029000
v 0.0385553 0.0057609 0.1029000
v 0.0384409 0.0064942 0.1029000
v 0.0379742 0.0069607 0.1029000
v 0.0364551 0.0062369 0.1029000
v 0.0365232 0.0055811 0.1029000
v 0.0369518 0.0050795 0.1029000
v 0.0370257 0.0069947 0.1029000
v 0.0378948 0.0049712 0.1029000
v 0.0385553 0.0057609 0.1029000
v 0.0384409 0.0064942 0.1029000
v 0.0379742 0.0069607 0.1029000
v 0.0364551 0.0062369 0.1029000
v 0.0365232 0.0055811 0.1029000
v 0.0369518 0.0050795 0.1029000
v 0.0367443 -0.0070280 0.0989011
v 0.0362093 -0.0061360 0.0989021
v 0.0365364 -0.0051770 0.0989004
v 0.0372099 -0.0047572 0.0989005
v 0.0365798 -0.0065484 0.0991026
v 0.0364430 -0.0058895 0.0991007
v 0.0367147 -0.0052641 0.0991010
v 0.0374731 -0.0049246 0.0991073
v 0.0372940 -0.0070678 0.0990943
v 0.0383348 -0.0050225 0.0989014
v 0.0387918 -0.0061287 0.0989023
v 0.0372099 -0.0047572 0.0989005
v 0.0374731 -0.0049246 0.0991073
v 0.0381660 -0.0051667 0.0991005
v 0.0385902 -0.0059097 0.0991068
v 0.0387918 -0.0061287 0.0989023
v 0.0380211 -0.0071878 0.0989032
v 0.0385902 -0.0059097 0.0991068
v 0.0381959 -0.0068281 0.0991002
v 0.0365798 -0.0065484 0.0991026
v 0.0374731 -0.0049246 0.0991073
v 0.0381660 -0.0051667 0.0991005
v 0.0385902 -0.0059097 0.0991068
v 0.0381959 -0.0068281 0.0991002
v 0.0372940 -0.0070678 0.0990943
v 0.0377260 -0.0070645 0.1029000
v 0.0384459 -0.0065140 0.1029000
v 0.0385476 -0.0058207 0.1029000
v 0.0382742 -0.0052660 0.1029000
v 0.0375287 -0.0049122 0.1029000
v 0.0367006 -0.0067584 0.1029000
v 0.0367147 -0.0052641 0.0991010
v 0.0374731 -0.0049246 0.0991073
v 0.0375287 -0.0049122 0.1029000
v 0.0367003 -0.0052794 0.1029000
v 0.0365798 -0.0065484 0.0991026
v 0.0364430 -0.0058895 0.0991007
v 0.0367147 -0.0052641 0.0991010
v 0.0367003 -0.0052794 0.1029000
v 0.0364395 -0.0059298 0.1029000
v 0.0367006 -0.0067584 0.1029000
v 0.0377260 -0.0070645 0.1029000
v 0.0384459 -0.0065140 0.1029000
v 0.0385476 -0.0058207 0.1029000
v 0.0382742 -0.0052660 0.1029000
v 0.0375287 -0.0049122 0.1029000
v 0.0367003 -0.0052794 0.1029000
v 0.0364395 -0.0059298 0.1029000
v 0.0367006 -0.0067584 0.1029000
v 0.0139980 0.0072034 0.0989028
v 0.0147331 0.0063208 0.0989006
v 0.0145572 0.0052588 0.0989010
v 0.0136478 0.0047301 0.0989003
v 0.0128292 0.0049155 0.0989004
v 0.0123133 0.0055675 0.0989002
v 0.0122755 0.0063423 0.0989007
v 0.0128581 0.0070988 0.0989005
v 0.0127288 0.0052415 0.0990950
v 0.0124288 0.0060099 0.0990981
v 0.0126316 0.0066066 0.0990997
v 0.0131432 0.0070154 0.0990978
v 0.0139287 0.0069817 0.0990974
v 0.0143872 0.0065788 0.0990973
v 0.0145712 0.0059913 0.0990972
v 0.0142302 0.0051940 0.0990988
v 0.0134555 0.0049342 0.0991003
v 0.0142302 0.0051940 0.0990988
v 0.0134555 0.0049342 0.0991003
v 0.0135132 0.0049373 0.1029000
v 0.0141407 0.0051413 0.1029000
v 0.0131432 0.0070154 0.0990978
v 0.0139287 0.0069817 0.0990974
v 0.0143872 0.0065788 0.0990973
v 0.0145712 0.0059913 0.0990972
v 0.0142302 0.0051940 0.0990988
v 0.0131872 0.0070566 0.1029000
v 0.0141407 0.0051413 0.1029000
v 0.0145304 0.0057234 0.1029000
v 0.0145066 0.0063410 0.1029000
v 0.0141187 0.0068747 0.1029000
v 0.0127288 0.0052415 0.0990950
v 0.0124288 0.0060099 0.0990981
v 0.0126316 0.0066066 0.0990997
v 0.0131432 0.0070154 0.0990978
v 0.0134555 0.0049342 0.0991003
v 0.0131872 0.0070566 0.1029000
v 0.0135132 0.0049373 0.1029000
v 0.0124854 0.0063597 0.1029000
v 0.0124934 0.0056590 0.1029000
v 0.0128813 0.0051253 0.1029000
v 0.0131872 0.0070566 0.1029000
v 0.0135132 0.0049373 0.1029000
v 0.0141407 0.0051413 0.1029000
v 0.0145304 0.0057234 0.1029000
v 0.0145066 0.0063410 0.1029000
v 0.0141187 0.0068747 0.1029000
v 0.0124854 0.0063597 0.1029000
v 0.0124934 0.0056590 0.1029000
v 0.0128813 0.0051253 0.1029000
v 0.0062523 0.0065158 0.1199531
v 0.0062503 0.0065526 0.1222831
v 0.0062505 0.0070708 0.1218379
v 0.0062515 0.0072688 0.1209433
v 0.0062509 0.0047198 0.1211728
v 0.0062502 0.0050873 0.1220255
v 0.0062504 0.0057943 0.1223993
v 0.0062515 0.0051496 0.1201543
v 0.0064535 0.0060923 0.1200829
v 0.0064396 0.0053050 0.1203212
v 0.0064500 0.0049305 0.1210658
v 0.0064480 0.0051201 0.1217531
v 0.0064552 0.0058282 0.1222280
v 0.0064499 0.0067218 0.1219482
v 0.0064568 0.0070817 0.1211517
v 0.0064472 0.0067636 0.1203987
v 0.0064535 0.0060923 0.1200829
v 0.0064396 0.0053050 0.1203212
v 0.0064552 0.0058282 0.1222280
v 0.0064499 0.0067218 0.1219482
v 0.0064568 0.0070817 0.1211517
v 0.0064472 0.0067636 0.1203987
v 0.0102500 0.0056788 0.1221833
v 0.0102500 0.0063974 0.1201550
v 0.0102500 0.0070160 0.1207602
v 0.0102500 0.0069607 0.1216242
v 0.0102500 0.0064588 0.1221131
v 0.0102500 0.0054904 0.1201810
v 0.0064396 0.0053050 0.1203212
v 0.0064500 0.0049305 0.1210658
v 0.0102500 0.0049331 0.1209810
v 0.0102500 0.0054904 0.1201810
v 0.0064500 0.0049305 0.1210658
v 0.0064480 0.0051201 0.1217531
v 0.0102500 0.0050927 0.1217060
v 0.0102500 0.0049331 0.1209810
v 0.0064480 0.0051201 0.1217531
v 0.0064552 0.0058282 0.1222280
v 0.0102500 0.0056788 0.1221833
v 0.0102500 0.0050927 0.1217060
v 0.0102500 0.0056788 0.1221833
v 0.0102500 0.0063974 0.1201550
v 0.0102500 0.0070160 0.1207602
v 0.0102500 0.0069607 0.1216242
v 0.0102500 0.0064588 0.1221131
v 0.0102500 0.0050927 0.1217060
v 0.0102500 0.0049331 0.1209810
v 0.0102500 0.0054904 0.1201810
v 0.0062502 -0.0053834 0.1040481
v 0.0062523 -0.0063563 0.1039025
v 0.0062512 -0.0057148 0.1064125
v 0.0062515 -0.0047268 0.1048443
v 0.0062502 -0.0072243 0.1054439
v 0.0062510 -0.0067571 0.1061921
v 0.0062505 -0.0071856 0.1046879
v 0.0064467 -0.0058760 0.1040810
v 0.0064543 -0.0065622 0.1042480
v 0.0064486 -0.0069830 0.1047244
v 0.0064529 -0.0070426 0.1053370
v 0.0064562 -0.0067959 0.1058601
v 0.0064445 -0.0060425 0.1062388
v 0.0064569 -0.0050798 0.1045708
v 0.0062512 -0.0057148 0.1064125
v 0.0062504 -0.0049195 0.1058121
v 0.0062515 -0.0047268 0.1048443
v 0.0064445 -0.0060425 0.1062388
v 0.0064491 -0.0052432 0.1059059
v 0.0064511 -0.0049518 0.1053253
v 0.0064569 -0.0050798 0.1045708
v 0.0064486 -0.0069830 0.1047244
v 0.0064529 -0.0070426 0.1053370
v 0.0064562 -0.0067959 0.1058601
v 0.0064445 -0.0060425 0.1062388
v 0.0064491 -0.0052432 0.1059059
v 0.0064511 -0.0049518 0.1053253
v 0.0102500 -0.0063774 0.1061730
v 0.0102500 -0.0049690 0.1054850
v 0.0102500 -0.0055143 0.1061032
v 0.0102500 -0.0070083 0.1055220
v 0.0102500 -0.0069562 0.1046305
v 0.0064511 -0.0049518 0.1053253
v 0.0064569 -0.0050798 0.1045708
v 0.0102500 -0.0050676 0.1046120
v 0.0102500 -0.0049690 0.1054850
v 0.0064467 -0.0058760 0.1040810
v 0.0064543 -0.0065622 0.1042480
v 0.0064486 -0.0069830 0.1047244
v 0.0064569 -0.0050798 0.1045708
v 0.0102500 -0.0056055 0.1041631
v 0.0102500 -0.0050676 0.1046120
v 0.0102500 -0.0069562 0.1046305
v 0.0102500 -0.0062633 0.1041115
v 0.0102500 -0.0063774 0.1061730
v 0.0102500 -0.0056055 0.1041631
v 0.0102500 -0.0050676 0.1046120
v 0.0102500 -0.0049690 0.1054850
v 0.0102500 -0.0055143 0.1061032
v 0.0102500 -0.0070083 0.1055220
v 0.0102500 -0.0069562 0.1046305
v 0.0102500 -0.0062633 0.1041115
v 0.0062520 -0.0054841 0.1199528
v 0.0062502 -0.0054474 0.1222832
v 0.0062504 -0.0049291 0.1218380
v 0.0062510 -0.0047307 0.1209432
v 0.0062513 -0.0072798 0.1211728
v 0.0062504 -0.0069126 0.1220254
v 0.0062504 -0.0062057 0.1223992
v 0.0062519 -0.0068501 0.1201546
v 0.0064535 -0.0059077 0.1200829
v 0.0064396 -0.0066950 0.1203212
v 0.0064500 -0.0070695 0.1210658
v 0.0064480 -0.0068799 0.1217531
v 0.0064552 -0.0061718 0.1222280
v 0.0064499 -0.0052782 0.1219482
v 0.0064568 -0.0049184 0.1211517
v 0.0064472 -0.0052364 0.1203987
v 0.0064535 -0.0059077 0.1200829
v 0.0064396 -0.0066950 0.1203212
v 0.0064552 -0.0061718 0.1222280
v 0.0064499 -0.0052782 0.1219482
v 0.0064568 -0.0049184 0.1211517
v 0.0064472 -0.0052364 0.1203987
v 0.0102500 -0.0063212 0.1221833
v 0.0102500 -0.0056026 0.1201550
v 0.0102500 -0.0049840 0.1207602
v 0.0102500 -0.0050393 0.1216242
v 0.0102500 -0.0055412 0.1221131
v 0.0102500 -0.0065096 0.1201810
v 0.0064396 -0.0066950 0.1203212
v 0.0064500 -0.0070695 0.1210658
v 0.0102500 -0.0070669 0.1209810
v 0.0102500 -0.0065096 0.1201810
v 0.0064500 -0.0070695 0.1210658
v 0.0064480 -0.0068799 0.1217531
v 0.0102500 -0.0069073 0.1217060
v 0.0102500 -0.0070669 0.1209810
v 0.0064480 -0.0068799 0.1217531
v 0.0064552 -0.0061718 0.1222280
v 0.0102500 -0.0063212 0.1221833
v 0.0102500 -0.0069073 0.1217060
v 0.0102500 -0.0063212 0.1221833
v 0.0102500 -0.0056026 0.1201550
v 0.0102500 -0.0049840 0.1207602
v 0.0102500 -0.0050393 0.1216242
v 0.0102500 -0.0055412 0.1221131
v 0.0102500 -0.0069073 0.1217060
v 0.0102500 -0.0070669 0.1209810
v 0.0102500 -0.0065096 0.1201810
v 0.0062522 0.0063563 0.1039024
v 0.0062513 0.0062852 0.1064124
v 0.0062501 0.0047756 0.1054440
v 0.0062508 0.0052427 0.1061923
v 0.0062502 0.0053834 0.1040481
v 0.0062504 0.0048142 0.1046879
v 0.0064467 0.0061240 0.1040810
v 0.0064543 0.0054378 0.1042480
v 0.0064486 0.0050170 0.1047244
v 0.0064529 0.0049574 0.1053370
v 0.0064562 0.0052041 0.1058601
v 0.0064445 0.0059575 0.1062388
v 0.0064569 0.0069202 0.1045708
v 0.0062513 0.0062852 0.1064124
v 0.0062505 0.0070803 0.1058120
v 0.0062522 0.0072725 0.1048445
v 0.0064445 0.0059575 0.1062388
v 0.0064491 0.0067568 0.1059059
v 0.0064511 0.0070482 0.1053253
v 0.0064569 0.0069202 0.1045708
v 0.0064467 0.0061240 0.1040810
v 0.0064543 0.0054378 0.1042480
v 0.0064486 0.0050170 0.1047244
v 0.0064529 0.0049574 0.1053370
v 0.0064562 0.0052041 0.1058601
v 0.0064445 0.0059575 0.1062388
v 0.0064491 0.0067568 0.1059059
v 0.0064511 0.0070482 0.1053253
v 0.0064569 0.0069202 0.1045708
v 0.0102500 0.0056226 0.1061730
v 0.0102500 0.0063945 0.1041631
v 0.0102500 0.0069324 0.1046120
v 0.0102500 0.0070310 0.1054850
v 0.0102500 0.0064857 0.1061032
v 0.0102500 0.0050695 0.1056563
v 0.0102500 0.0049331 0.1049810
v 0.0102500 0.0055257 0.1041553
v 0.0064511 0.0070482 0.1053253
v 0.0064569 0.0069202 0.1045708
v 0.0102500 0.0069324 0.1046120
v 0.0102500 0.0070310 0.1054850
v 0.0102500 0.0056226 0.1061730
v 0.0102500 0.0063945 0.1041631
v 0.0102500 0.0069324 0.1046120
v 0.0102500 0.0070310 0.1054850
v 0.0102500 0.0064857 0.1061032
v 0.0102500 0.0050695 0.1056563
v 0.0102500 0.0049331 0.1049810
v 0.0102500 0.0055257 0.1041553
v 0.0490032 0.0155000 0.1054021
v 0.0472009 0.0155000 0.1045458
v 0.0488192 0.0155000 0.1058611
v 0.0423764 0.0155000 0.1233793
v 0.0405781 0.0155000 0.1233789
v 0.0417614 0.0155000 0.1231401
v 0.0527333 0.0115000 0.1129000
v 0.0527500 0.0115000 0.1134000
v 0.0524500 0.0115000 0.1134000
v 0.0491554 0.0189991 0.1119720
v 0.0483560 0.0189981 0.1126762
v 0.0489255 0.0188083 0.1122729
v 0.0483560 0.0189981 0.1126762
v 0.0489255 0.0188083 0.1122729
v 0.0484645 0.0188043 0.1131763
v 0.0485102 0.0189971 0.1139183
v 0.0483560 0.0189981 0.1126762
v 0.0484645 0.0188043 0.1131763
v 0.0485102 0.0189971 0.1139183
v 0.0484645 0.0188043 0.1131763
v 0.0488554 0.0188051 0.1139469
v 0.0425806 0.0189979 0.1057723
v 0.0421362 0.0188010 0.1059674
v 0.0425392 0.0188079 0.1050778
v 0.0426098 0.0189994 0.1046513
v 0.0425806 0.0189979 0.1057723
v 0.0425392 0.0188079 0.1050778
v 0.0418902 0.0189962 0.1039618
v 0.0420123 0.0187981 0.1042497
v 0.0412107 0.0187961 0.1041717
v 0.0418902 0.0189962 0.1039618
v 0.0406353 0.0189966 0.1042381
v 0.0412107 0.0187961 0.1041717
v 0.0341417 0.0169968 0.1230277
v 0.0343441 0.0167971 0.1235101
v 0.0338331 0.0168000 0.1231318
v 0.0147952 0.0061215 0.1273978
v 0.0145055 0.0056165 0.1272001
v 0.0144442 0.0065391 0.1271937
v 0.0147952 0.0061215 0.1273978
v 0.0141707 0.0070844 0.1273994
v 0.0144442 0.0065391 0.1271937
v 0.0363165 0.0064787 0.0989005
v 0.0370883 0.0072197 0.0989017
v 0.0367593 0.0067962 0.0990998
v 0.0380211 -0.0071878 0.0989032
v 0.0367443 -0.0070280 0.0989011
v 0.0372940 -0.0070678 0.0990943
v 0.0380211 -0.0071878 0.0989032
v 0.0381959 -0.0068281 0.0991002
v 0.0372940 -0.0070678 0.0990943
v 0.0062523 0.0065158 0.1199531
v 0.0064535 0.0060923 0.1200829
v 0.0064472 0.0067636 0.1203987
v 0.0062520 -0.0054841 0.1199528
v 0.0064535 -0.0059077 0.1200829
v 0.0064472 -0.0052364 0.1203987
v 0.0062522 0.0063563 0.1039024
v 0.0062522 0.0072725 0.1048445
v 0.0064569 0.0069202 0.1045708
vn -0.702347 -0.084310 0.706825
vn -0.702923 -0.083813 0.706310
vn -0.703730 -0.083117 0.705589
vn -0.702850 -0.083876 0.706376
vn 0.005428 -0.999985 0.000007
vn 0.003891 -0.999983 0.004360
vn 0.004342 -0.999986 0.003083
vn 0.004926 -0.999987 0.001428
vn 0.763327 -0.019443 -0.645720
vn 0.773969 -0.030424 -0.632493
vn 0.744057 -0.000308 -0.668116
vn 0.761713 -0.017805 -0.647670
vn -0.717788 -0.685655 -0.121064
vn -0.727883 -0.677098 -0.108281
vn -0.119036 -0.678744 -0.724664
vn -0.121535 -0.677573 -0.725344
vn 0.026660 -0.708274 -0.705434
vn 0.383542 -0.726334 -0.570381
vn 0.648477 -0.728653 -0.220326
vn 0.647802 -0.730015 0.217788
vn 0.333443 -0.737489 0.587303
vn -0.143169 -0.729844 0.668454
vn -0.498057 -0.726847 0.472897
vn -0.696065 -0.712086 0.091798
vn 0.668346 -0.705345 0.236224
vn 0.527016 -0.706060 0.473005
vn 0.290723 -0.697416 0.655051
vn -0.028288 -0.708301 0.705344
vn -0.379272 -0.701698 0.603136
vn -0.589346 -0.705648 0.393360
vn -0.703074 -0.703219 0.105692
vn 0.114592 -0.700865 -0.704029
vn 0.517162 -0.700477 -0.491807
vn 0.703462 -0.703704 -0.099711
vn -0.892879 0.002057 -0.450292
vn -0.447319 0.002162 -0.894372
vn 0.074930 0.000944 -0.997188
vn 0.565034 0.002168 -0.825065
vn 0.946606 0.002821 -0.322379
vn 0.946949 0.002857 0.321371
vn 0.494798 0.002766 0.869004
vn -0.201868 0.002387 0.979410
vn -0.724405 0.002258 0.689371
vn -0.987587 0.001233 0.157069
vn 0.762811 -0.002636 -0.646616
vn 0.268415 -0.001972 -0.963301
vn 0.048409 -0.002323 0.998825
vn 0.671766 -0.003197 0.740757
vn 0.999704 -0.003426 0.024086
vn -0.532301 -0.002437 0.846551
vn -0.949400 -0.000915 -0.314069
vn -0.957153 -0.002219 0.289576
vn -0.257977 -0.001702 -0.966150
vn -0.698048 -0.000909 -0.716051
vn 0.514232 0.730781 -0.448914
vn 0.184846 0.721380 -0.667415
vn 0.050050 0.711273 0.701132
vn 0.449223 0.729781 0.515383
vn 0.676672 0.736019 0.019758
vn -0.360032 0.725921 0.586016
vn -0.704743 0.699558 -0.118131
vn -0.650086 0.735022 0.192694
vn -0.051962 0.691278 -0.720718
vn 0.651299 0.702289 -0.287401
vn 0.438988 0.701988 -0.560806
vn 0.122804 0.703482 -0.700023
vn -0.105943 0.667755 -0.736803
vn -0.711455 0.700856 0.051315
vn -0.589049 0.704671 0.395551
vn -0.378642 0.707308 0.596946
vn -0.021134 0.717632 0.696101
vn 0.274603 0.714106 0.643930
vn 0.539941 0.705675 0.458788
vn 0.692145 0.708818 0.136060
vn -0.715282 0.677053 -0.173123
vn -0.002995 0.999994 0.001458
vn -0.002310 0.999993 0.002844
vn -0.001454 0.999997 0.001856
vn -0.000399 1.000000 -0.000726
vn 0.000587 0.999999 -0.001628
vn 0.003920 0.999991 -0.001702
vn 0.001547 0.999987 -0.004956
vn 0.001614 0.999998 -0.001152
vn 0.000419 1.000000 0.000471
vn 0.002004 0.999996 0.002059
vn 0.006436 0.999979 -0.000255
vn -0.000819 1.000000 -0.000470
vn 0.002224 0.999996 0.001685
vn -0.002478 0.999994 0.002305
vn 0.001081 0.999999 0.000467
vn 0.002368 0.999994 -0.002676
vn -0.000731 0.999999 -0.001183
vn -0.000631 1.000000 -0.000234
vn -0.000339 1.000000 -0.000703
vn -0.000693 1.000000 -0.000249
vn -0.624790 0.734496 -0.264865
vn -0.744524 0.667595 -0.000703
vn -0.264858 0.734487 -0.624803
vn -0.000701 0.667658 -0.744468
vn -0.747700 0.664037 0.000000
vn -0.627966 0.732223 -0.263644
vn 0.000000 0.664108 -0.747637
vn -0.263639 0.732220 -0.627972
vn -0.999784 0.020767 -0.000978
vn -1.000000 -0.000244 0.000202
vn -1.000000 0.000128 0.000069
vn -0.999909 -0.013487 0.000028
vn -0.999112 -0.042121 0.000547
vn -0.998318 -0.057852 0.003878
vn -0.999820 -0.018962 0.001152
vn -1.000000 0.000093 -0.000102
vn -1.000000 -0.000046 -0.000042
vn -0.999865 0.016434 -0.000033
vn -0.998736 0.050264 -0.000450
vn -0.998032 0.062630 -0.003145
vn -1.000000 0.000061 -0.000078
vn -1.000000 -0.000024 -0.000034
vn -1.000000 -0.000040 -0.000535
vn -1.000000 -0.000273 -0.000879
vn -1.000000 0.000006 -0.000671
vn -1.000000 0.000010 -0.000053
vn -1.000000 0.000003 -0.000072
vn -1.000000 0.000194 -0.000133
vn -0.999941 -0.000009 -0.010879
vn -1.000000 0.000244 -0.000380
vn -1.000000 0.000041 0.000262
vn -1.000000 -0.000027 0.000484
vn -1.000000 -0.000034 0.000365
vn -1.000000 0.000045 0.000429
vn -1.000000 0.000122 0.000309
vn -1.000000 0.000442 -0.000815
vn -1.000000 0.000026 -0.000174
vn -1.000000 -0.000033 -0.000211
vn -1.000000 0.000001 -0.000511
vn -1.000000 -0.000012 -0.000868
vn -1.000000 0.000010 -0.000531
vn -1.000000 -0.000132 -0.000377
vn -0.999999 -0.000437 -0.001234
vn -1.000000 0.000201 -0.000091
vn -1.000000 -0.000062 0.000059
vn -1.000000 0.000078 0.000193
vn -1.000000 -0.000081 0.000107
vn -1.000000 -0.000194 -0.000594
vn -1.000000 -0.000047 0.000359
vn -1.000000 0.000131 0.000296
vn -0.999944 -0.000023 -0.010539
vn -1.000000 -0.000118 -0.000047
vn -0.356676 -0.011064 -0.934163
vn -0.999983 0.004939 -0.003078
vn -0.984835 0.002852 -0.173472
vn -0.856639 0.003992 -0.515901
vn -0.565475 -0.007388 -0.824732
vn -0.227877 0.002938 -0.973685
vn -0.578353 -0.028025 -0.815305
vn -0.088630 0.016626 -0.995926
vn -0.287298 -0.010845 -0.957780
vn -0.658301 0.007556 -0.752717
vn -0.675425 0.010025 -0.737360
vn -0.778136 -0.020088 -0.627775
vn -0.981355 -0.001017 -0.192203
vn -0.999931 0.009465 -0.006892
vn 0.742067 -0.001619 -0.670323
vn 0.742897 -0.000817 -0.669405
vn 0.744059 0.000308 -0.668113
vn 0.742793 -0.000918 -0.669521
vn -0.005349 0.999947 0.008742
vn 0.000468 1.000000 -0.000212
vn -0.002119 0.999991 0.003686
vn 0.000093 1.000000 -0.000043
vn -0.000854 0.999999 0.001397
vn -0.711959 0.010792 0.702138
vn -0.679497 0.040663 0.732551
vn -0.629470 0.083349 0.772542
vn -0.682295 0.038161 0.730080
vn -0.707105 -0.000000 -0.707109
vn -0.707105 -0.000000 -0.707109
vn -0.707105 -0.000000 -0.707109
vn -0.707105 -0.000000 -0.707109
vn -0.627966 -0.732223 -0.263644
vn -0.747701 -0.664036 0.000000
vn -0.263639 -0.732220 -0.627971
vn -0.624790 -0.734496 -0.264865
vn -0.264858 -0.734487 -0.624803
vn -0.000701 -0.667657 -0.744469
vn -0.744525 -0.667594 -0.000703
vn 0.000000 -0.664106 -0.747638
vn -0.004221 -0.999991 -0.000808
vn -0.005117 -0.999985 -0.001901
vn -0.000339 -1.000000 -0.000703
vn -0.000525 -1.000000 -0.000773
vn 0.000285 -1.000000 0.000600
vn 0.001812 -0.999997 0.001777
vn 0.000418 -1.000000 0.000469
vn 0.001614 -0.999998 -0.001154
vn 0.001547 -0.999987 -0.004955
vn 0.003482 -0.999992 -0.002063
vn 0.001337 -0.999998 -0.001246
vn -0.001586 -0.999998 0.001047
vn -0.002214 -0.999996 0.001825
vn -0.001593 -0.999998 0.001543
vn 0.000300 -1.000000 0.000767
vn 0.001080 -0.999999 0.000465
vn 0.002426 -0.999993 -0.002859
vn -0.001879 -0.999998 -0.000168
vn -0.000838 -1.000000 -0.000408
vn -0.001969 -0.999996 0.001772
vn -0.856639 -0.003992 -0.515901
vn -0.658301 -0.007556 -0.752717
vn -0.675425 -0.010025 -0.737360
vn -0.565475 0.007388 -0.824732
vn -0.572972 0.035139 -0.818821
vn -0.099502 -0.026060 -0.994696
vn -0.936864 0.011574 -0.349502
vn -0.984835 -0.002852 -0.173472
vn -0.227877 -0.002938 -0.973685
vn -0.350526 0.011522 -0.936482
vn -0.996269 -0.021146 -0.083677
vn -0.980481 -0.002830 -0.196595
vn -0.778136 0.020088 -0.627774
vn -0.291000 0.008667 -0.956684
vn -0.816603 0.030902 -0.576372
vn -0.026038 -0.999655 -0.003583
vn -0.014198 -0.999899 -0.000566
vn 0.001592 -0.999791 -0.020361
vn 0.001122 -0.999955 -0.009449
vn -0.000000 -1.000000 0.000001
vn -0.009870 -0.999951 -0.001247
vn -0.004988 -0.999988 -0.000000
vn -0.000000 -1.000000 -0.000001
vn 0.001121 -0.999955 0.009449
vn 0.001591 -0.999791 0.020361
vn 0.003046 -0.999857 0.016615
vn 0.000998 -0.999990 0.004435
vn 0.000000 -1.000000 0.000000
vn 0.000000 -1.000000 0.000000
vn 0.000000 -1.000000 0.000000
vn 0.000000 -1.000000 0.000000
vn 0.000998 -0.999990 -0.004436
vn 0.003047 -0.999857 -0.016616
vn 0.000011 -0.000065 -1.000000
vn 0.000042 -0.000046 -1.000000
vn 0.000213 0.000180 -1.000000
vn -0.009242 -0.054341 -0.998480
vn 0.001664 -0.023287 -0.999727
vn -0.001983 -0.016664 -0.999859
vn -0.000022 -0.000020 -1.000000
vn -0.000083 0.000051 -1.000000
vn 0.001332 -0.018910 -0.999820
vn 0.008104 -0.060784 -0.998118
vn 0.001792 -0.017234 -0.999850
vn 0.004790 -0.006550 -0.999967
vn 0.001242 -0.003916 -0.999992
vn 0.000028 -0.000016 -1.000000
vn -0.000091 -0.000093 -1.000000
vn -0.000106 -0.000009 -1.000000
vn -0.000456 0.000019 -1.000000
vn -0.000337 -0.000249 -1.000000
vn -0.000571 -0.000633 -1.000000
vn -0.000564 0.000420 -1.000000
vn 0.000222 -0.000316 -1.000000
vn 0.000511 -0.000243 -1.000000
vn 0.000178 0.000029 -1.000000
vn 0.000366 -0.000039 -1.000000
vn -0.000698 0.000728 -0.999999
vn -0.000036 0.000010 -1.000000
vn 0.000032 -0.000095 -1.000000
vn 0.000074 -0.000089 -1.000000
vn 0.000050 -0.000050 -1.000000
vn 0.000347 -0.000006 -1.000000
vn 0.000078 0.000155 -1.000000
vn 0.000246 0.000687 -1.000000
vn -0.000030 0.000397 -1.000000
vn 0.000013 -0.000229 -1.000000
vn -0.000815 -0.000846 -0.999999
vn -0.000604 -0.003999 -0.999992
vn 0.000613 -0.000374 -1.000000
vn 0.000333 -0.000844 -1.000000
vn 0.000267 -0.000475 -1.000000
vn 0.000450 -0.000019 -1.000000
vn -0.001871 -0.000695 -0.999998
vn -0.000502 -0.000313 -1.000000
vn 0.000164 -0.000111 -1.000000
vn 0.000340 -0.000038 -1.000000
vn 0.000136 -0.000064 -1.000000
vn 0.000228 0.000050 -1.000000
vn 0.001007 0.000452 -0.999999
vn 0.000649 -0.000150 -1.000000
vn 0.263640 0.732220 -0.627971
vn 0.000000 0.664094 -0.747649
vn 0.000701 0.667646 -0.744479
vn 0.264858 0.734487 -0.624803
vn 0.624790 0.734498 -0.264860
vn 0.627964 0.732224 -0.263646
vn 0.744525 0.667594 -0.000704
vn 0.747701 0.664036 -0.000001
vn -0.002572 0.999993 -0.002797
vn -0.001512 0.999995 0.002810
vn -0.000978 0.999999 0.000469
vn 0.002269 0.999996 0.001634
vn 0.000835 1.000000 0.000116
vn 0.000061 1.000000 -0.000331
vn 0.000175 1.000000 -0.000397
vn 0.000101 1.000000 -0.000365
vn 0.000670 1.000000 -0.000187
vn 0.002066 0.999997 0.001335
vn 0.002006 0.999996 0.001839
vn 0.003588 0.999993 0.001335
vn -0.001510 0.999999 0.000032
vn -0.004116 0.999982 0.004436
vn -0.001532 0.999999 -0.000584
vn -0.001541 0.999985 -0.005162
vn -0.002585 0.999995 -0.001982
vn 0.004597 0.999988 0.001483
vn 0.000275 1.000000 -0.000774
vn 0.000002 1.000000 0.000002
vn 0.000196 1.000000 -0.000908
vn 1.000000 -0.000159 0.000156
vn 0.999840 0.017802 -0.001849
vn 0.998054 0.060877 -0.013477
vn 0.999614 0.027743 0.001425
vn 0.999588 0.024685 -0.014666
vn 0.999923 0.010673 -0.006370
vn 0.999551 0.029973 -0.000422
vn 0.998054 0.060875 0.013476
vn 0.999829 0.018309 0.002614
vn 1.000000 -0.000101 -0.000065
vn 1.000000 0.000084 -0.000066
vn 0.999870 -0.015331 0.004911
vn 0.997901 -0.058232 0.028315
vn 0.999061 -0.041453 0.012581
vn 0.999968 -0.008022 -0.000685
vn 0.999967 -0.008046 0.000691
vn 0.999061 -0.041455 -0.012582
vn 0.997901 -0.058236 -0.028317
vn 0.999870 -0.015353 -0.004911
vn 1.000000 0.000061 0.000045
vn 1.000000 -0.000119 -0.000261
vn 0.999999 0.000306 0.001257
vn 1.000000 0.000912 0.000182
vn 0.999993 -0.001437 -0.003557
vn 0.999999 0.000407 0.001185
vn 1.000000 -0.000074 0.000174
vn 1.000000 0.000075 -0.000427
vn 1.000000 -0.000086 -0.000239
vn 1.000000 -0.000537 0.000697
vn 0.999998 0.000427 -0.001796
vn 1.000000 0.000188 -0.000374
vn 1.000000 -0.000095 -0.000431
vn 1.000000 -0.000730 -0.000404
vn 1.000000 -0.000793 0.000058
vn 1.000000 0.000032 0.000085
vn 1.000000 -0.000459 -0.000557
vn 0.707103 0.000000 -0.707110
vn 0.707103 0.000000 -0.707111
vn 0.707103 0.000000 -0.707110
vn 0.707103 0.000000 -0.707111
vn 0.263640 -0.732220 -0.627972
vn 0.000000 -0.664094 -0.747649
vn 0.747703 -0.664033 0.000000
vn 0.627962 -0.732226 -0.263645
vn 0.624788 -0.734500 -0.264860
vn 0.264857 -0.734488 -0.624803
vn 0.000701 -0.667646 -0.744479
vn 0.744528 -0.667591 -0.000703
vn -0.002289 -0.999997 0.000753
vn -0.001327 -0.999998 0.001480
vn -0.002585 -0.999993 -0.002660
vn 0.002346 -0.999996 0.001765
vn 0.000668 -1.000000 -0.000739
vn 0.000641 -1.000000 -0.000120
vn 0.000385 -0.999999 -0.001175
vn 0.000768 -0.999999 0.000708
vn 0.003441 -0.999993 0.001256
vn 0.002786 -0.999994 0.001833
vn 0.001872 -0.999997 0.001262
vn 0.000338 -0.999999 -0.000996
vn -0.001606 -0.999998 -0.001518
vn -0.003658 -0.999992 -0.001891
vn -0.001473 -0.999985 -0.005349
vn -0.001581 -0.999998 -0.000790
vn -0.000463 -0.999999 0.001318
vn -0.003517 -0.999991 0.002420
vn 0.000837 -1.000000 -0.000527
vn 0.000791 -1.000000 -0.000409
vn 0.000408 -1.000000 -0.000849
vn 0.815418 0.028540 -0.578169
vn 0.996717 -0.018205 -0.078893
vn 0.078072 -0.018803 -0.996770
vn 0.577680 0.028923 -0.815750
vn 0.935240 0.007438 -0.353937
vn 0.349361 0.011964 -0.936912
vn 0.054536 -0.014647 -0.998404
vn 0.524589 0.025508 -0.850974
vn 0.308006 0.008468 -0.951347
vn 0.868037 0.038234 -0.495025
vn 0.965798 -0.002228 -0.259288
vn -0.000578 -0.008214 -0.999966
vn 0.951214 0.020827 -0.307829
vn 0.879419 -0.019882 -0.475633
vn 0.114050 0.016854 -0.993332
vn 0.692737 0.023294 -0.720814
vn 0.675945 -0.031406 -0.736283
vn 0.719847 -0.027248 -0.693597
vn 0.989889 -0.000711 -0.141842
vn -0.999999 -0.000523 -0.001138
vn -1.000000 0.000000 0.000000
vn -1.000000 0.000000 0.000000
vn -1.000000 0.000000 0.000000
vn -1.000000 0.000000 0.000000
vn -0.999958 0.006909 -0.006033
vn -0.999955 0.006110 -0.007318
vn -0.999988 -0.004904 -0.000020
vn 0.000000 -1.000000 0.000000
vn 0.000000 -1.000000 0.000000
vn 0.000000 -1.000000 0.000000
vn 0.000000 -1.000000 0.000000
vn 0.000000 0.000000 1.000000
vn 0.000000 0.000000 1.000000
vn 0.000000 0.000000 1.000000
vn 0.000000 0.000000 1.000000
vn 1.000000 0.000000 0.000000
vn 1.000000 0.000000 0.000000
vn 1.000000 0.000000 0.000000
vn 1.000000 0.000000 0.000000
vn 1.000000 0.000000 0.000000
vn 1.000000 0.000000 0.000000
vn 0.000000 0.000000 -1.000000
vn 0.000000 0.000000 -1.000000
vn 0.000000 0.000000 -1.000000
vn 0.000000 0.000000 -1.000000
vn 0.000000 0.000000 -1.000000
vn 0.000000 0.000000 -1.000000
vn 0.000000 -1.000000 0.000000
vn 0.000000 -1.000000 0.000000
vn 0.000000 -1.000000 0.000000
vn 0.000000 -1.000000 0.000000
vn 0.707107 -0.000000 -0.707107
vn 0.707106 -0.000000 -0.707107
vn 0.707105 0.000000 -0.707108
vn 0.707107 0.000000 -0.707107
vn 0.707106 -0.000000 -0.707108
vn 0.018728 -0.824547 -0.565483
vn 0.007414 -0.976829 -0.213893
vn 0.000000 -0.707104 -0.707110
vn -0.001919 -0.999998 0.000965
vn 0.000485 -0.833340 -0.552760
vn 0.000000 -1.000000 0.000000
vn 0.001313 -0.999999 0.000324
vn 0.001497 -0.999999 -0.000360
vn 0.001942 -0.999998 0.000087
vn 0.001550 -0.999999 0.000391
vn 0.001174 -0.999999 -0.000472
vn 0.000000 -1.000000 0.000000
vn 0.007478 -0.976770 0.214158
vn 0.000526 -0.833350 0.552745
vn -0.001788 -0.999998 -0.000863
vn 0.000000 -0.707113 0.707101
vn 0.018796 -0.824934 0.564916
vn 1.000000 0.000000 0.000000
vn 1.000000 0.000000 0.000000
vn 1.000000 0.000000 0.000000
vn 1.000000 0.000000 0.000000
vn 0.707107 0.000002 0.707106
vn 0.707106 0.000001 0.707108
vn 0.707110 0.000000 0.707104
vn 0.707105 0.000000 0.707109
vn 0.707113 0.000000 0.707100
vn 0.000000 0.000000 1.000000
vn 0.000000 0.000000 1.000000
vn 0.000000 0.000000 1.000000
vn 0.000000 0.000000 1.000000
vn 0.000000 0.000000 1.000000
vn 0.000000 0.000000 1.000000
vn 1.000000 0.000000 0.000000
vn 1.000000 0.000000 -0.000000
vn 1.000000 0.000000 -0.000000
vn 1.000000 0.000000 0.000000
vn 1.000000 0.000000 -0.000000
vn 1.000000 0.000000 0.000000
vn 0.000000 -1.000000 0.000000
vn 0.000000 -1.000000 0.000000
vn 0.000000 -1.000000 0.000000
vn 0.000000 -1.000000 0.000000
vn 0.000000 0.000000 -1.000000
vn 0.000000 0.000000 -1.000000
vn 0.000000 0.000000 -1.000000
vn 0.000000 0.000000 -1.000000
vn -0.999954 0.006134 0.007345
vn -1.000000 -0.000000 0.000000
vn -0.999958 0.006936 0.006057
vn -1.000000 -0.000000 0.000000
vn -1.000000 0.000000 0.000000
vn -1.000000 0.000000 0.000000
vn -0.999999 -0.000524 0.001142
vn -0.999988 -0.004917 0.000020
vn 0.000000 -1.000000 -0.000000
vn 0.000000 -1.000000 -0.000000
vn 0.000000 -1.000000 0.000000
vn 0.000000 -1.000000 -0.000000
vn -0.009241 -0.054337 0.998480
vn 0.001665 -0.023284 0.999728
vn 0.001219 -0.003883 0.999992
vn 0.006162 -0.007091 0.999956
vn 0.001675 -0.017163 0.999851
vn 0.000151 -0.000152 1.000000
vn 0.000050 0.000059 1.000000
vn -0.001891 -0.016763 0.999858
vn 0.008104 -0.060784 0.998118
vn 0.001419 -0.019043 0.999818
vn -0.000037 0.000024 1.000000
vn -0.000125 -0.000078 1.000000
vn 0.000020 -0.000240 1.000000
vn -0.000035 -0.000028 1.000000
vn 0.000028 -0.000022 1.000000
vn 0.000004 -0.000157 1.000000
vn 0.000154 -0.000098 1.000000
vn -0.000135 -0.000115 1.000000
vn -0.000443 -0.000432 1.000000
vn 0.000137 -0.000093 1.000000
vn 0.000151 -0.000005 1.000000
vn -0.000249 0.000036 1.000000
vn -0.000020 0.000052 1.000000
vn 0.000074 0.000012 1.000000
vn 0.000411 0.000009 1.000000
vn 0.002640 0.000086 0.999997
vn 0.000652 -0.000214 1.000000
vn 0.000928 -0.001213 0.999999
vn -0.000302 0.000139 1.000000
vn -0.000142 -0.000081 1.000000
vn -0.000239 -0.000004 1.000000
vn -0.000357 0.000382 1.000000
vn 0.000035 0.000003 1.000000
vn -0.000644 -0.000402 1.000000
vn -0.000852 -0.001010 0.999999
vn -0.000204 -0.000163 1.000000
vn -0.000010 0.000002 1.000000
vn 0.000231 0.000011 1.000000
vn 0.000345 -0.000193 1.000000
vn 0.001710 -0.001157 0.999998
vn 0.000111 -0.004162 0.999991
vn 0.000292 -0.000000 1.000000
vn 0.001119 0.000453 0.999999
vn 0.000524 0.000084 1.000000
vn 0.002441 0.000317 0.999997
vn -0.000703 -0.000061 1.000000
vn 0.000206 0.000217 1.000000
vn 0.000252 0.000100 1.000000
vn -0.000814 0.000012 1.000000
vn -0.627962 0.732227 0.263644
vn -0.747701 0.664035 0.000000
vn -0.263633 0.732236 0.627956
vn 0.000000 0.664108 0.747637
vn -0.000702 0.667660 0.744466
vn -0.264858 0.734504 0.624784
vn -0.624788 0.734500 0.264859
vn -0.744526 0.667593 0.000703
vn -0.707107 -0.000000 0.707106
vn -0.707108 -0.000000 0.707106
vn -0.707108 -0.000000 0.707106
vn -0.707107 -0.000000 0.707106
vn -0.747703 -0.664034 0.000000
vn -0.627961 -0.732227 0.263644
vn -0.263634 -0.732235 0.627956
vn 0.000000 -0.664094 0.747649
vn -0.264859 -0.734504 0.624783
vn -0.624788 -0.734500 0.264859
vn -0.744527 -0.667592 0.000703
vn -0.000702 -0.667647 0.744478
vn 0.000877 -0.999997 -0.002116
vn 0.000386 -1.000000 -0.000654
vn -0.002404 -0.999995 -0.002273
vn -0.000340 -1.000000 0.000704
vn -0.000838 -1.000000 0.000409
vn -0.000525 -1.000000 0.000774
vn -0.003217 -0.999994 -0.001517
vn -0.002131 -0.999993 -0.003025
vn -0.001453 -0.999998 -0.001443
vn -0.000416 -1.000000 0.000587
vn 0.002094 -0.999996 0.001989
vn 0.001628 -0.999984 0.005356
vn 0.001364 -0.999996 0.002470
vn 0.003713 -0.999984 -0.004159
vn 0.000155 -0.999999 0.001036
vn 0.000880 -0.999999 -0.000615
vn -0.000637 -1.000000 0.000241
vn -0.000631 -1.000000 0.000234
vn -0.000048 -1.000000 0.000724
vn 0.002159 -0.999994 0.002558
vn -0.091295 -0.018823 0.995646
vn -0.577013 0.029783 0.816192
vn -0.288536 0.010373 0.957413
vn -0.778122 0.020087 0.627791
vn -0.980480 -0.002828 0.196601
vn -0.996268 -0.021147 0.083679
vn -0.816593 0.030903 0.576387
vn -0.355156 0.011260 0.934739
vn -0.565473 0.007385 0.824734
vn -0.227898 -0.002933 0.973681
vn -0.856652 -0.003990 0.515880
vn -0.984834 -0.002852 0.173474
vn -0.936860 0.011574 0.349513
vn -0.658287 -0.007562 0.752729
vn -0.675415 -0.010029 0.737369
vn 0.744050 -0.000319 0.668123
vn 0.744394 -0.000652 0.667741
vn 0.744423 -0.000680 0.667708
vn 0.744637 -0.000888 0.667469
vn 0.003497 -0.999992 0.001787
vn -0.000619 -0.999999 -0.001130
vn 0.021283 -0.999714 0.010877
vn -0.003244 -0.999977 -0.005914
vn 0.007783 -0.999967 0.002241
vn -0.679488 -0.040689 -0.732558
vn -0.629497 -0.083346 -0.772520
vn -0.682297 -0.038178 -0.730077
vn -0.711933 -0.010836 -0.702164
vn -0.121793 -0.675851 0.726906
vn 0.632752 -0.715614 0.295841
vn 0.439229 -0.710130 0.550266
vn 0.097871 -0.703057 0.704366
vn -0.710591 -0.703421 -0.016090
vn -0.573524 -0.716810 -0.396553
vn -0.312387 -0.710712 -0.630319
vn 0.052523 -0.708642 -0.703611
vn 0.378965 -0.709301 -0.594372
vn 0.620190 -0.705045 -0.343913
vn 0.703739 -0.707311 -0.066810
vn -0.705032 -0.682867 0.191373
vn -0.037180 -0.709007 0.704220
vn -0.700798 -0.697728 0.148516
vn 0.434393 -0.741444 -0.511433
vn 0.684880 -0.726497 -0.056041
vn 0.605433 -0.711618 0.356441
vn 0.295784 -0.729629 0.616566
vn -0.695589 -0.715065 -0.069559
vn -0.547438 -0.711993 -0.439748
vn -0.132971 -0.734988 -0.664915
vn -0.211038 0.000302 0.977478
vn -0.930631 0.001099 0.365958
vn -0.669064 0.000841 0.743205
vn 0.649525 0.002930 -0.760334
vn 0.912385 0.000509 -0.409334
vn 0.061773 0.000255 0.998090
vn -0.995051 0.001042 -0.099363
vn -0.789351 0.001772 -0.613940
vn -0.173574 0.003766 -0.984814
vn 0.787540 -0.000546 -0.616263
vn 0.267493 -0.003273 -0.963554
vn 0.069318 -0.000014 0.997595
vn 0.927144 0.001902 -0.374699
vn -0.313443 -0.002179 0.949604
vn -0.864063 -0.002036 0.503380
vn -0.398528 -0.002323 -0.917153
vn -0.859854 -0.001189 -0.510539
vn -0.999749 -0.000514 -0.022392
vn 0.972455 -0.000064 0.233090
vn 0.872274 0.000414 0.489017
vn 0.704944 0.000844 0.709262
vn 0.663283 -0.000731 0.748369
vn 0.852503 -0.000677 0.522723
vn 0.967824 -0.000587 0.251626
vn 0.543170 0.726855 -0.420295
vn 0.181498 0.730600 -0.658242
vn 0.267320 0.728978 0.630184
vn 0.587727 0.721014 0.367037
vn 0.689039 0.723323 -0.045043
vn -0.037703 0.718351 0.694658
vn -0.706258 0.692832 0.145544
vn -0.267502 0.732319 -0.626220
vn -0.591288 0.726262 -0.350603
vn -0.712884 0.701251 0.006615
vn -0.739568 0.665816 0.098631
vn 0.705385 0.705770 -0.065734
vn 0.621496 0.705564 -0.340473
vn 0.437247 0.703625 -0.560113
vn 0.145179 0.704879 -0.694311
vn -0.137495 0.705563 -0.695180
vn -0.449634 0.701979 -0.552317
vn -0.696123 0.695776 -0.176944
vn -0.201745 0.685454 0.699608
vn -0.022065 0.704529 0.709332
vn 0.346418 0.706597 0.617021
vn 0.638573 0.706012 0.306221
vn 0.001973 0.999995 0.002270
vn 0.000708 0.999999 -0.000790
vn 0.000274 1.000000 -0.000726
vn -0.004390 0.999990 0.001013
vn 0.000884 0.999999 -0.000615
vn 0.000410 1.000000 0.000010
vn 0.001745 0.999997 -0.001797
vn -0.000237 0.999997 -0.002623
vn 0.001600 0.999985 0.005300
vn 0.002345 0.999996 0.001782
vn 0.000572 0.999999 0.001542
vn -0.000175 1.000000 0.000121
vn -0.001021 0.999999 -0.000544
vn -0.001850 0.999997 -0.001885
vn -0.002759 0.999995 -0.001636
vn -0.002097 0.999996 -0.001882
vn -0.000619 1.000000 -0.000342
vn -0.000031 1.000000 0.000070
vn -0.005117 0.999985 0.001901
vn -0.002497 0.999997 0.000472
vn -0.575557 -0.031710 0.817147
vn -0.094253 0.021955 0.995306
vn -0.999983 0.004939 0.003078
vn -0.353451 -0.011219 0.935386
vn -0.227898 0.002933 0.973681
vn -0.565466 -0.007388 0.824738
vn -0.856649 0.003990 0.515884
vn -0.984834 0.002851 0.173474
vn -0.981354 -0.001019 0.192208
vn -0.778122 -0.020087 0.627791
vn -0.288331 -0.009462 0.957484
vn -0.999931 0.009466 0.006893
vn -0.658289 0.007561 0.752727
vn -0.675419 0.010029 0.737366
vn -0.005258 0.999983 0.002560
vn -0.003800 0.999991 -0.001662
vn -0.000213 1.000000 -0.000457
vn -0.000000 1.000000 0.000000
vn 0.000001 1.000000 -0.000000
vn 0.000032 1.000000 0.000016
vn -0.000013 1.000000 0.000004
vn 0.000001 1.000000 0.000000
vn -0.000000 1.000000 -0.000000
vn -0.000293 1.000000 0.000658
vn 0.000026 1.000000 -0.000009
vn -0.000000 1.000000 0.000000
vn 0.000000 1.000000 0.000000
vn 0.000000 1.000000 0.000000
vn 0.000000 1.000000 0.000000
vn 0.000000 1.000000 0.000000
vn 0.000000 1.000000 0.000000
vn 0.000000 1.000000 0.000000
vn 0.000000 1.000000 0.000000
vn 0.000000 1.000000 0.000000
vn 0.000000 1.000000 0.000000
vn -0.000319 1.000000 0.000245
vn -0.000553 0.999999 0.001205
vn -0.000041 1.000000 -0.000007
vn 0.000000 1.000000 0.000000
vn 0.000000 1.000000 0.000000
vn -0.000037 1.000000 -0.000070
vn -0.000215 1.000000 -0.000171
vn -0.000136 1.000000 -0.000711
vn -0.000044 1.000000 -0.000113
vn 0.000000 1.000000 0.000000
vn 0.000000 1.000000 0.000000
vn 0.000000 1.000000 0.000000
vn -0.000081 1.000000 0.000176
vn -0.000072 1.000000 0.000648
vn -0.000568 1.000000 0.000426
vn 0.000000 1.000000 0.000000
vn 0.000000 1.000000 0.000000
vn 0.000000 1.000000 0.000000
vn 0.000000 1.000000 0.000000
vn -0.000078 1.000000 -0.000100
vn -0.000046 1.000000 -0.000485
vn 0.000001 1.000000 0.000305
vn -0.000044 1.000000 0.000716
vn 0.000020 1.000000 0.000214
vn -0.001495 0.999996 0.002206
vn -0.000221 0.999999 0.001155
vn 0.000161 0.999999 -0.001258
vn 0.000386 0.999999 0.001444
vn 0.000009 1.000000 -0.000729
vn -0.000227 1.000000 0.000587
vn -0.000077 1.000000 -0.000447
vn -0.000661 1.000000 -0.000245
vn 0.000258 1.000000 0.000831
vn -0.000529 0.999999 0.001092
vn 0.000023 1.000000 -0.000028
vn 0.000032 1.000000 -0.000015
vn 0.000015 1.000000 0.000008
vn 0.000019 1.000000 0.000017
vn -0.006329 0.999979 0.001155
vn -0.002968 0.999985 0.004613
vn -0.001809 0.999993 -0.003358
vn -0.004136 0.999991 -0.001210
vn 0.999861 0.013784 -0.009372
vn 0.349821 -0.011893 -0.936741
vn 0.054535 0.014646 -0.998404
vn 0.308009 -0.008475 -0.951346
vn 0.499205 -0.019125 -0.866273
vn 0.866864 -0.041384 -0.496823
vn 0.965564 0.001702 -0.260160
vn 0.578088 -0.028377 -0.815481
vn 0.077138 0.018093 -0.996856
vn 0.999938 0.009524 -0.005731
vn 0.951197 -0.020834 -0.307880
vn 0.990290 -0.002423 -0.138993
vn 0.878973 0.020227 -0.476443
vn 0.672812 0.037507 -0.738862
vn 0.722364 0.031429 -0.690799
vn -0.000876 0.007869 -0.999969
vn 0.111225 -0.013505 -0.993704
vn 0.680714 -0.016340 -0.732367
vn 0.728563 -0.024303 -0.684548
vn 0.800592 0.000000 -0.599210
vn 0.794957 -0.002037 -0.606663
vn 0.720156 -0.026927 -0.693290
vn -0.000000 0.707078 -0.707135
vn -0.000000 0.707078 -0.707135
vn -0.000000 0.707080 -0.707133
vn -0.000000 0.707080 -0.707133
vn -0.794971 -0.002037 -0.606644
vn -0.720160 -0.026931 -0.693285
vn -0.800607 -0.000000 -0.599190
vn -0.728569 -0.024307 -0.684541
vn 0.804749 0.000459 0.593614
vn 0.804757 0.000455 0.593604
vn 0.804787 0.000439 0.593563
vn 0.804780 0.000443 0.593573
vn -0.000004 1.000000 -0.000001
vn -0.000003 1.000000 -0.000001
vn 0.000004 1.000000 0.000001
vn 0.000004 1.000000 0.000002
vn 0.000002 1.000000 0.000002
vn 0.000001 1.000000 0.000002
vn 0.000009 1.000000 0.000006
vn 0.000017 1.000000 0.000006
vn 0.000021 1.000000 0.000001
vn 0.000000 1.000000 0.000000
vn 0.000000 1.000000 0.000000
vn 0.000000 1.000000 0.000000
vn 0.000000 1.000000 0.000000
vn 0.000000 1.000000 0.000000
vn 0.000000 1.000000 0.000000
vn -0.000001 1.000000 -0.000000
vn -0.000000 1.000000 -0.000001
vn 0.000000 1.000000 -0.000002
vn 0.000001 1.000000 -0.000003
vn 0.000002 1.000000 -0.000003
vn -0.000001 1.000000 0.000001
vn -0.000001 1.000000 0.000001
vn -0.000005 1.000000 0.000001
vn -0.000004 1.000000 0.000007
vn -0.000005 1.000000 0.000004
vn 0.000011 1.000000 -0.000016
vn 0.000002 1.000000 -0.000008
vn -0.000019 1.000000 0.000010
vn -0.000019 1.000000 0.000011
vn 0.000030 1.000000 -0.000008
vn 0.000039 1.000000 0.000001
vn -0.000027 1.000000 -0.000005
vn -0.000028 1.000000 -0.000006
vn 0.000099 1.000000 0.000017
vn 0.000080 1.000000 -0.000004
vn -0.000020 1.000000 0.000011
vn 0.000000 1.000000 -0.000004
vn 0.000000 1.000000 -0.000002
vn -0.000000 1.000000 0.000000
vn -0.000000 1.000000 0.000002
vn -0.000004 1.000000 0.000001
vn -0.000002 1.000000 0.000005
vn -0.000028 1.000000 -0.000042
vn -0.000020 1.000000 -0.000030
vn -0.000028 1.000000 -0.000042
vn 0.527038 0.007038 -0.849812
vn 0.107381 -0.002123 0.994216
vn 0.500643 0.007789 0.865619
vn 0.332920 0.010382 0.942898
vn 0.695999 0.001056 0.718042
vn 0.726713 0.002049 -0.686938
vn 0.871046 -0.001993 0.491197
vn 0.262994 0.007863 -0.964765
vn -0.837082 0.001761 0.547075
vn -0.958898 0.001285 0.283747
vn -0.533763 -0.004676 -0.845621
vn -0.106689 -0.007003 0.994268
vn 0.001655 -0.006038 -0.999980
vn -0.252139 -0.006783 -0.967667
vn -0.778067 -0.013450 -0.628038
vn -0.933228 -0.014735 -0.358983
vn -0.998632 -0.015795 -0.049837
vn -0.630132 -0.014366 0.776355
vn -0.364797 -0.013300 0.930992
vn 0.982764 -0.015720 0.184193
vn 0.991218 -0.014742 -0.131413
vn 0.902061 -0.014947 -0.431351
vn -0.036475 0.012633 -0.999255
vn 0.282507 0.014743 -0.959152
vn 0.557271 0.024659 -0.829964
vn 0.795375 0.019002 -0.605820
vn 0.942270 0.014766 -0.334529
vn 0.999524 0.014776 -0.027077
vn 0.959138 0.013718 0.282604
vn 0.826456 0.031834 0.562101
vn 0.607356 0.022699 0.794106
vn 0.330117 0.019751 0.943733
vn 0.042294 0.015890 0.998979
vn -0.261363 0.016338 0.965102
vn -0.545610 0.014812 0.837909
vn -0.775057 0.019802 0.631581
vn -0.934468 0.033852 0.354434
vn -0.998622 0.013816 0.050630
vn -0.965606 0.014766 -0.259588
vn -0.838185 0.014756 -0.545186
vn -0.633046 0.022370 -0.773791
vn -0.350694 0.024875 -0.936160
vn -0.949475 0.020572 0.313167
vn -0.472033 -0.012486 -0.881493
vn -0.896574 -0.012612 -0.442715
vn -0.994169 0.002371 0.107808
vn 0.992450 0.006370 0.122488
vn 0.920640 -0.010360 -0.390275
vn 0.598643 -0.010888 -0.800942
vn 0.103345 -0.014451 -0.994541
vn 0.938707 0.012208 0.344500
vn -0.893464 0.020956 0.448645
vn -0.506830 -0.006714 0.862020
vn 0.851685 -0.023309 0.523535
vn 0.489878 -0.015046 0.871661
vn -0.098456 -0.022445 0.994888
vn 0.326652 0.025838 -0.944791
vn -0.282791 0.027500 0.958787
vn -0.774068 0.020684 0.632764
vn -0.998988 0.014509 0.042578
vn -0.841660 0.012364 -0.539866
vn -0.364665 0.014882 -0.931020
vn 0.911572 0.031470 -0.409935
vn 0.888315 0.040008 0.457488
vn 0.295084 0.028580 0.955044
vn -0.367896 0.028606 -0.929427
vn -0.782598 0.022296 -0.622129
vn -0.540065 0.015327 -0.841484
vn -0.915073 -0.037199 -0.401569
vn -0.664498 -0.014329 -0.747153
vn -0.441636 0.087208 -0.892946
vn -0.356163 0.021918 -0.934167
vn 0.807438 0.000918 -0.589952
vn 0.807483 0.000943 -0.589890
vn 0.807628 0.001021 -0.589691
vn 0.807591 0.001001 -0.589742
vn 0.077119 0.018095 0.996858
vn 0.578074 -0.028377 0.815491
vn 0.999938 0.009523 0.005732
vn 0.951210 -0.020830 0.307839
vn 0.990294 -0.002419 0.138968
vn 0.879415 0.019869 0.475642
vn 0.067747 -0.020002 0.997502
vn 0.691604 -0.024073 0.721876
vn -0.005364 0.007779 0.999955
vn 0.053380 0.016498 0.998438
vn 0.523642 -0.027101 0.851507
vn 0.310680 -0.011436 0.950446
vn 0.675943 0.031413 0.736284
vn 0.719850 0.027253 0.693595
vn 0.868043 -0.038226 0.495016
vn 0.965795 0.002229 0.259296
vn 0.349807 -0.011887 0.936746
vn 0.999861 0.013785 0.009374
vn -0.870308 0.003374 0.492496
vn -0.884549 -0.005009 0.466420
vn -0.804336 0.037195 0.593010
vn -0.821994 0.028800 0.568768
vn 0.001657 0.999735 -0.022972
vn 0.010105 0.999948 0.000984
vn 0.002198 0.999997 0.001149
vn -0.000008 1.000000 0.000001
vn -0.011310 0.999534 -0.028364
vn 0.004217 0.999989 0.002115
vn 0.030603 0.999512 -0.006189
vn 0.747703 0.664033 0.000000
vn 0.627962 0.732226 0.263645
vn 0.263637 0.732228 0.627963
vn 0.000000 0.664094 0.747649
vn 0.744528 0.667591 0.000703
vn 0.624788 0.734500 0.264860
vn 0.264858 0.734496 0.624793
vn 0.000702 0.667646 0.744479
vn 0.707105 0.000000 0.707108
vn 0.707104 0.000000 0.707109
vn 0.707104 0.000000 0.707109
vn 0.707105 0.000000 0.707108
vn 0.627960 -0.732228 0.263644
vn 0.747703 -0.664033 -0.000001
vn 0.000000 -0.664094 0.747649
vn 0.263637 -0.732227 0.627965
vn 0.624785 -0.734502 0.264859
vn 0.264859 -0.734495 0.624794
vn 0.000702 -0.667646 0.744479
vn 0.744527 -0.667592 0.000702
vn -0.000859 -0.999999 -0.000889
vn -0.000783 -0.999999 -0.000910
vn -0.002489 -0.999994 0.002522
vn 0.003827 -0.999991 0.001990
vn 0.001891 -0.999998 0.000356
vn 0.003274 -0.999994 0.000573
vn -0.001009 -0.999999 -0.000753
vn -0.001907 -0.999996 -0.001846
vn -0.000698 -0.999999 -0.001492
vn -0.001474 -0.999989 0.004379
vn -0.001883 -0.999986 0.005004
vn -0.002659 -0.999995 0.001766
vn -0.000282 -1.000000 0.000732
vn 0.001282 -0.999998 -0.001175
vn -0.000254 -0.999998 0.002217
vn 0.002055 -0.999997 -0.001280
vn 0.002470 -0.999996 -0.001551
vn 0.001124 -0.999999 0.000198
vn 0.000394 -0.999998 0.001762
vn 0.000760 -0.999997 0.002195
vn 0.002406 -0.999996 -0.001679
vn 0.577662 0.028924 0.815764
vn 0.078054 -0.018804 0.996772
vn 0.996717 -0.018205 0.078895
vn 0.815418 0.028540 0.578169
vn 0.935239 0.007438 0.353938
vn 0.868042 0.038229 0.495017
vn 0.965796 -0.002227 0.259295
vn 0.523649 0.027104 0.851503
vn 0.053380 -0.016498 0.998438
vn 0.310681 0.011436 0.950445
vn 0.349344 0.011959 0.936918
vn -0.005070 -0.008130 0.999954
vn 0.067749 0.020003 0.997502
vn 0.879378 -0.019897 0.475708
vn 0.691606 0.024076 0.721874
vn 0.951194 0.020837 0.307890
vn 0.989884 -0.000705 0.141877
vn 0.675944 -0.031409 0.736283
vn 0.719849 -0.027249 0.693596
vn 0.019993 -0.999800 -0.000789
vn 0.058117 -0.998195 -0.015148
vn 0.035819 -0.999338 -0.006439
vn 0.007659 -0.999971 0.000269
vn 0.008044 -0.999957 -0.004654
vn -0.009254 0.004879 -0.999945
vn -0.005373 -0.005733 -0.999969
vn -0.004871 0.009400 -0.999944
vn 0.005637 -0.006584 -0.999962
vn 0.017600 0.000000 -0.999845
vn -0.001820 -0.000488 -0.999998
vn 0.000000 -1.000000 0.000000
vn 0.000000 -1.000000 0.000000
vn 0.000000 -1.000000 0.000000
vn 0.000000 -1.000000 0.000000
vn -0.000349 -0.000367 1.000000
vn -0.029422 -0.031213 0.999080
vn 0.000376 -0.000447 1.000000
vn -0.010262 -0.011197 0.999885
vn 0.001255 0.000000 0.999999
vn -0.059812 -0.064436 0.996128
vn 0.058989 -0.998144 0.015121
vn 0.020743 -0.999785 0.000302
vn 0.003941 -0.999990 -0.002193
vn -0.000003 -1.000000 0.000002
vn 0.036407 -0.999314 0.006734
vn 0.810367 -0.000930 0.585921
vn 0.809062 -0.000189 0.587723
vn 0.808729 0.000000 0.588181
vn 0.810032 -0.000740 0.586385
vn 0.000000 -1.000000 0.000000
vn 0.000000 -1.000000 0.000000
vn 0.000000 -1.000000 -0.000000
vn -0.000004 -1.000000 -0.000003
vn -0.000030 -1.000000 0.000048
vn -0.000003 -1.000000 0.000001
vn -0.000003 -1.000000 -0.000002
vn 0.000000 -1.000000 -0.000000
vn 0.000000 -1.000000 -0.000000
vn 0.000000 -1.000000 0.000000
vn 0.000000 -1.000000 0.000000
vn 0.000000 -1.000000 0.000000
vn 0.000000 -1.000000 -0.000000
vn -0.000000 -1.000000 -0.000000
vn 0.000000 -1.000000 -0.000000
vn 0.000000 -1.000000 0.000000
vn -0.000001 -1.000000 0.000000
vn 0.000000 -1.000000 0.000000
vn 0.000000 -1.000000 -0.000000
vn 0.000000 -1.000000 -0.000000
vn 0.000000 -1.000000 -0.000000
vn 0.000000 -1.000000 0.000000
vn 0.000000 -1.000000 0.000000
vn 0.000000 -1.000000 -0.000000
vn 0.000000 -1.000000 -0.000000
vn 0.000000 -1.000000 0.000000
vn -0.000008 -1.000000 0.000015
vn -0.000009 -1.000000 -0.000016
vn 0.000000 -1.000000 0.000000
vn -0.000030 -1.000000 -0.000045
vn -0.000004 -1.000000 0.000003
vn -0.000003 -1.000000 -0.000002
vn -0.000003 -1.000000 0.000002
vn 0.000000 -1.000000 0.000000
vn 0.000000 -1.000000 0.000000
vn 0.000000 -1.000000 -0.000000
vn 0.000000 -1.000000 -0.000000
vn 0.640651 0.002059 -0.767829
vn -0.385201 -0.007259 -0.922804
vn -0.021562 -0.009000 -0.999727
vn -0.241491 0.004410 -0.970393
vn 0.519520 -0.010026 -0.854399
vn 0.256127 0.002580 -0.966640
vn -0.390390 0.000000 -0.920650
vn 0.643609 0.010285 -0.765286
vn 0.032042 -0.000777 -0.999486
vn 0.326038 0.008137 -0.945322
vn 0.544338 0.000673 -0.838866
vn -0.269277 0.004681 -0.963051
vn 0.808743 -0.000463 -0.588162
vn 0.808911 -0.000370 -0.587931
vn 0.809570 0.000000 -0.587023
vn 0.809401 -0.000095 -0.587256
vn -0.001296 -0.999989 0.004533
vn 0.002191 -0.999990 0.004005
vn -0.000421 -0.999985 0.005464
vn 0.000000 -1.000000 0.000000
vn -0.000394 -0.999993 0.003662
vn -0.000358 -0.999984 0.005643
vn -0.001262 -0.999988 0.004725
vn -0.002336 -0.999991 0.003641
vn -0.000093 -0.999992 0.003934
vn 0.000000 -1.000000 0.000000
vn -0.000849 -0.999995 0.002970
vn -0.868634 -0.040796 0.493773
vn -0.865052 -0.042333 0.499893
vn -0.886386 -0.032834 0.461781
vn -0.883101 -0.034354 0.467924
vn -0.840527 0.055103 -0.538959
vn -0.823504 -0.032476 -0.566380
vn -0.817255 -0.057707 -0.573379
vn -0.836274 0.029351 -0.547526
vn 0.736831 -0.004252 -0.676063
vn 0.686452 -0.049921 -0.725459
vn 0.680497 -0.055023 -0.730682
vn 0.646961 -0.082759 -0.758019
vn -0.003087 -0.999987 -0.003937
vn -0.003614 -0.999986 -0.003771
vn -0.002403 -0.999988 -0.004152
vn -0.001822 -0.999989 -0.004335
vn -0.727795 0.003103 0.685788
vn -0.740250 -0.009450 0.672266
vn -0.727257 0.003638 0.686356
vn -0.718981 0.011773 0.694930
vn 0.707389 -0.696583 0.119885
vn -0.693387 -0.701358 -0.165261
vn -0.544861 -0.707956 -0.449360
vn -0.271936 -0.701679 -0.658557
vn 0.059595 -0.708225 -0.703467
vn 0.329965 -0.701935 -0.631197
vn 0.580296 -0.704586 -0.408431
vn 0.705034 -0.707127 -0.053839
vn 0.233722 -0.685034 0.690002
vn 0.010068 -0.704436 0.709696
vn -0.417508 -0.698161 0.581600
vn -0.674628 -0.702050 0.228040
vn 0.724765 -0.682048 0.097605
vn 0.091348 -0.721106 0.686776
vn -0.188872 -0.726876 0.660286
vn -0.533673 -0.733645 0.420664
vn -0.668986 -0.738731 -0.082055
vn -0.440700 -0.731911 -0.519702
vn -0.039776 -0.728482 -0.683909
vn 0.394149 -0.736290 -0.550022
vn 0.679788 -0.723024 -0.122982
vn 0.882465 0.002701 0.470370
vn 0.353498 0.002773 0.935431
vn -0.272132 0.001362 0.962259
vn -0.790355 0.001975 0.612646
vn -0.993854 0.002990 -0.110655
vn -0.646511 0.002270 -0.762901
vn -0.060254 0.002298 -0.998180
vn 0.591302 0.003410 -0.806443
vn 0.977363 0.002702 -0.211551
vn -0.714474 -0.001437 0.699660
vn -0.177345 -0.000976 0.984148
vn -0.320985 -0.001721 -0.947083
vn -0.786779 -0.002451 -0.617230
vn -0.997867 -0.002471 0.065241
vn 0.827909 -0.004382 -0.560845
vn 0.232795 -0.002707 -0.972522
vn 0.984705 -0.003395 0.174196
vn 0.326433 -0.000614 0.945220
vn 0.713714 -0.001114 0.700436
vn -0.488151 0.731456 0.476109
vn -0.105425 0.716740 0.689326
vn -0.219029 0.723235 -0.654948
vn -0.546766 0.722790 -0.422636
vn -0.680147 0.732320 0.033273
vn 0.563601 0.737608 -0.371872
vn 0.151190 0.730641 -0.665812
vn 0.699802 0.713985 -0.022420
vn 0.099759 0.682369 0.724169
vn -0.650695 0.701598 0.290442
vn -0.410243 0.704978 0.578539
vn -0.046829 0.706521 0.706141
vn 0.123513 0.697663 0.705699
vn 0.695092 0.718894 -0.006201
vn 0.622938 0.716951 -0.312937
vn 0.345993 0.702988 -0.621366
vn 0.007642 0.702894 -0.711254
vn -0.289502 0.707507 -0.644688
vn -0.572019 0.714360 -0.403094
vn -0.699774 0.710180 -0.077210
vn 0.709200 0.681717 0.179716
vn 0.000686 1.000000 0.000141
vn 0.001796 0.999991 0.003921
vn -0.000088 0.999997 0.002455
vn 0.000791 1.000000 0.000409
vn -0.000093 1.000000 0.000482
vn 0.002483 0.999995 -0.001910
vn -0.001899 0.999998 -0.000841
vn -0.000451 1.000000 -0.000681
vn 0.005758 0.999982 -0.001419
vn 0.001899 0.999997 -0.001829
vn 0.000278 1.000000 0.000889
vn 0.000503 0.999994 0.003344
vn -0.001261 0.999998 0.001212
vn -0.002345 0.999995 0.001942
vn -0.001874 0.999992 0.003555
vn -0.003052 0.999947 0.009783
vn 0.000099 0.999999 -0.001204
vn -0.004162 0.999984 -0.003830
vn 0.001703 0.999998 -0.001255
vn 0.000681 1.000000 0.000123
vn -0.002232 0.999995 0.002374
vn 0.800595 0.000000 0.599206
vn 0.728580 -0.024298 0.684529
vn 0.720175 -0.026922 0.693270
vn 0.794961 -0.002036 0.606657
vn 0.000000 0.707098 0.707116
vn -0.000000 0.707113 0.707100
vn -0.000000 0.707113 0.707100
vn 0.000000 0.707098 0.707115
vn -0.728595 -0.024298 0.684514
vn -0.800605 -0.000000 0.599193
vn -0.794971 -0.002036 0.606644
vn -0.720189 -0.026921 0.693255
vn -0.684337 0.099559 -0.722337
vn -0.692551 0.092675 -0.715391
vn -0.703743 0.083114 -0.705576
vn -0.691463 0.093593 -0.716323
vn 0.003534 0.999987 -0.003566
vn 0.003441 0.999988 -0.003591
vn 0.003336 0.999988 -0.003619
vn 0.003251 0.999988 -0.003641
vn 0.744122 -0.009316 0.667979
vn 0.748094 -0.005326 0.663571
vn 0.753717 0.000388 0.657199
vn 0.747754 -0.005669 0.663951
vn 0.711446 -0.010304 -0.702666
vn 0.694216 0.005913 -0.719743
vn 0.721083 -0.019629 -0.692571
vn 0.710307 -0.009214 -0.703832
vn -0.002140 0.999997 0.001103
vn 0.001387 0.999996 -0.002551
vn 0.007069 0.999890 -0.013009
vn -0.012095 0.999907 0.006234
vn -0.001992 0.999994 -0.002942
vn -0.687243 0.009600 0.726364
vn -0.715074 0.034393 0.698203
vn -0.729888 0.048160 0.681868
vn -0.712383 0.031938 0.701063
vn -0.526284 -0.020929 -0.850051
vn -0.505685 0.005144 -0.862703
vn -0.491028 -0.000447 -0.871143
vn -0.479899 -0.137907 -0.866417
vn -0.500690 0.006831 -0.865600
vn -0.479981 -0.009612 -0.877226
vn -0.509632 -0.054219 -0.858682
vn -0.543813 -0.005938 -0.839186
vn 0.000000 -1.000000 0.000000
vn 0.000000 -1.000000 0.000000
vn 0.000000 -1.000000 0.000000
vn 0.000000 -1.000000 0.000000
vn 0.000000 -1.000000 0.000000
vn 0.000000 -1.000000 0.000000
vn 0.000000 -1.000000 0.000000
vn 0.000000 -1.000000 0.000000
vn 0.000000 -1.000000 0.000000
vn 0.000000 -1.000000 0.000000
vn 0.000000 -1.000000 0.000000
vn 0.000000 -1.000000 0.000000
vn 0.000000 -1.000000 0.000000
vn 0.000000 -1.000000 0.000000
vn 0.000000 -1.000000 0.000000
vn 0.000000 -1.000000 0.000000
vn 0.000000 -1.000000 0.000000
vn 0.000000 -1.000000 0.000000
vn 0.000000 -1.000000 0.000000
vn 0.000000 -1.000000 0.000000
vn 0.000000 -1.000000 0.000000
vn 0.000000 -1.000000 0.000000
vn 0.000000 -1.000000 0.000000
vn 0.000000 -1.000000 0.000000
vn 0.000000 -1.000000 0.000000
vn 0.000000 -1.000000 0.000000
vn 0.000000 -1.000000 0.000000
vn 0.000000 -1.000000 0.000000
vn 0.000000 -1.000000 0.000000
vn 0.000000 -1.000000 0.000000
vn 0.003578 -0.036980 0.999310
vn -0.002894 -0.036752 0.999320
vn -0.019918 -0.004668 0.999791
vn -0.000751 -0.010860 0.999941
vn -0.012965 -0.014045 0.999817
vn 0.000480 -0.018233 -0.999834
vn -0.002148 -0.019881 -0.999800
vn -0.010396 -0.001380 -0.999945
vn -0.007128 -0.006580 -0.999953
vn -0.000702 -0.005427 -0.999985
vn -0.068959 -0.997619 0.000000
vn -0.103288 -0.993796 -0.041245
vn -0.127919 -0.989241 -0.070988
vn -0.095256 -0.994952 -0.031574
vn 0.992623 -0.121243 0.000024
vn 0.992576 -0.121624 0.000134
vn 0.992633 -0.121160 0.000000
vn 0.992586 -0.121541 0.000110
vn -0.970028 0.166031 0.177425
vn -0.238735 -0.009802 0.971035
vn -0.520057 -0.006059 0.854110
vn -0.726279 0.012709 0.687283
vn -0.920252 -0.101002 0.378067
vn 0.440345 0.008425 0.897789
vn 0.215130 -0.046580 0.975474
vn 0.444915 0.025334 0.895214
vn 0.370374 0.019471 0.928679
vn -0.965243 0.034582 0.259058
vn -0.792083 0.005139 0.610392
vn -0.484600 -0.016760 0.874576
vn -0.072770 0.055342 0.995812
vn -0.504081 0.010435 0.863594
vn -0.491033 -0.000462 0.871141
vn -0.527207 0.008341 0.849696
vn -0.498809 -0.009302 0.866662
vn -0.501045 0.010256 0.865361
vn -0.556082 0.029319 0.830610
vn -0.515092 0.002901 0.857130
vn -0.480003 -0.009612 0.877214
vn -0.390393 0.000000 0.920648
vn -0.385206 0.007258 0.922802
vn 0.640656 0.002057 0.767826
vn 0.015370 -0.003520 0.999876
vn 0.289620 -0.003932 0.957134
vn 0.521755 -0.006122 0.853074
vn -0.270812 -0.004441 0.962622
vn 0.643614 0.010285 0.765281
vn 0.049400 0.005069 0.998766
vn -0.240477 0.001952 0.970653
vn 0.544337 0.000664 0.838866
vn 0.315140 0.005059 0.949032
vn -0.000407 -0.999985 -0.005512
vn -0.001297 -0.999989 -0.004534
vn 0.002192 -0.999990 -0.004005
vn 0.000000 -1.000000 0.000000
vn -0.000641 -0.999996 -0.002878
vn 0.000000 -1.000000 0.000000
vn -0.000394 -0.999993 -0.003662
vn -0.000386 -0.999984 -0.005661
vn -0.000038 -0.999992 -0.004082
vn -0.002336 -0.999991 -0.003642
vn -0.001273 -0.999988 -0.004712
vn -0.990955 -0.031162 -0.130528
vn -0.932540 -0.051447 0.357382
vn -0.917266 0.000002 0.398275
vn -0.999213 0.002318 -0.039602
vn -0.903839 -0.009369 -0.427770
vn -0.792981 0.004644 0.609228
vn -0.795542 0.006900 0.605859
vn -0.887027 -0.004230 -0.461699
vn -0.998616 -0.004747 -0.052381
vn -0.914441 -0.000354 0.404720
vn -0.997135 0.029084 0.069829
vn -0.935033 0.020022 -0.353994
vn -0.999665 -0.008140 -0.024553
vn -0.999869 -0.015575 -0.004365
vn -0.997523 0.008562 -0.069821
vn -0.995774 0.016169 -0.090403
vn -0.991305 -0.131588 0.000003
vn -0.980229 -0.193866 0.039583
vn -0.971784 -0.227763 0.061325
vn -0.985205 -0.169668 0.024149
vn 0.443570 0.003045 -0.896235
vn 0.093007 0.014996 -0.995553
vn -0.964167 0.200430 -0.173811
vn -0.908817 -0.116419 -0.400622
vn -0.739350 0.023116 -0.672924
vn -0.383339 -0.002853 -0.923603
vn 0.474599 -0.073168 -0.877156
vn -0.355754 -0.015551 -0.934450
vn -0.722116 -0.005822 -0.691747
vn -0.958734 0.044342 -0.280825
vn 0.345338 0.127665 -0.929755
vn -0.030219 0.006503 -0.999522
vn 0.080468 0.013967 -0.996659
vn 0.726653 0.014956 -0.686842
vn 0.978863 0.010327 -0.204255
vn 0.941354 0.013627 0.337146
vn 0.448873 0.023658 0.893282
vn -0.325058 0.012546 0.945611
vn -0.840392 0.001293 0.541978
vn -0.963110 -0.000489 0.269106
vn -0.310027 0.008587 -0.950689
vn 0.172142 -0.017046 0.984925
vn -0.038360 -0.002838 -0.999260
vn -0.305101 0.007179 -0.952293
vn -0.965791 -0.002532 0.259308
vn -0.844344 0.001132 0.535800
vn -0.428550 -0.003528 0.903511
vn 0.813167 -0.025431 0.581474
vn 0.970325 -0.024286 -0.240581
vn 0.535161 -0.016095 -0.844597
vn -0.922875 0.002972 -0.385088
vn -0.920616 0.001492 -0.390467
vn -0.908873 -0.005880 -0.417032
vn -0.911228 -0.004442 -0.411877
vn 0.000000 -1.000000 0.000000
vn -0.000000 -1.000000 -0.000004
vn -0.000000 -1.000000 -0.000000
vn 0.000000 -1.000000 0.000000
vn 0.000000 -1.000000 0.000000
vn 0.000000 -1.000000 0.000000
vn 0.000000 -1.000000 0.000000
vn 0.000000 -1.000000 0.000000
vn -0.000000 -1.000000 -0.000000
vn 1.000000 0.000001 -0.000000
vn 1.000000 0.000000 0.000000
vn 1.000000 0.000004 -0.000001
vn 1.000000 0.000003 -0.000001
vn -0.840467 -0.058060 0.538743
vn -0.816181 0.057694 0.574909
vn -0.836135 -0.032150 0.547581
vn -0.822841 0.031284 0.567410
vn -0.846475 0.010862 -0.532318
vn -0.814070 0.025869 -0.580191
vn -0.977080 -0.081916 -0.196479
vn -0.960243 -0.062664 -0.272043
vn -0.740253 -0.009437 -0.672262
vn -0.744333 -0.013630 -0.667670
vn -0.744530 -0.013834 -0.667445
vn -0.747167 -0.016568 -0.664430
vn 0.259035 -0.686914 -0.679006
vn -0.714629 -0.699500 -0.002045
vn -0.621520 -0.702925 -0.345845
vn -0.323964 -0.700531 -0.635849
vn 0.069985 -0.701525 -0.709200
vn 0.699984 -0.708968 0.085950
vn 0.589489 -0.699447 0.404076
vn 0.340736 -0.709956 0.616329
vn 0.015254 -0.717590 0.696299
vn -0.360595 -0.702960 0.613040
vn -0.625682 -0.703619 0.336812
vn 0.723319 -0.674258 -0.148948
vn 0.129080 -0.716220 -0.685833
vn -0.438370 -0.730231 0.524017
vn -0.669525 -0.729191 0.141480
vn -0.651847 -0.722922 -0.229084
vn -0.434467 -0.724098 -0.535650
vn -0.101885 -0.722162 -0.684179
vn 0.708649 -0.684948 -0.169302
vn 0.700773 -0.713159 0.017933
vn 0.472794 -0.735745 0.484918
vn 0.001321 -0.723212 0.690624
vn 0.087926 0.000125 -0.996127
vn -0.647925 0.001151 0.761703
vn -0.975921 0.001800 0.218118
vn -0.941459 0.001389 -0.337126
vn -0.626820 0.001249 -0.779163
vn -0.148749 0.000732 -0.988875
vn -0.353706 0.000274 0.935357
vn -0.343130 0.000630 0.939288
vn -0.929779 -0.001597 0.368114
vn -0.589383 -0.000320 0.807854
vn -0.209268 -0.001121 -0.977858
vn -0.719435 -0.001515 -0.694558
vn -0.979985 -0.001517 -0.199068
vn 0.102790 -0.000310 -0.994703
vn 0.730973 0.000010 -0.682406
vn 0.885444 0.000163 -0.464745
vn 0.997924 0.001470 0.064385
vn 0.939422 0.002515 0.342753
vn 0.726434 -0.000248 -0.687236
vn 0.915361 -0.001134 -0.402632
vn 0.880865 -0.001623 0.473365
vn 0.977669 -0.001789 0.210145
vn 0.342640 0.001169 0.939466
vn 0.341738 0.001135 0.939794
vn 0.303600 -0.000299 0.952800
vn 0.304580 -0.000263 0.952487
vn -0.003255 -0.999989 0.003396
vn -0.003372 -0.999990 0.003016
vn -0.003520 -0.999991 0.002535
vn -0.003649 -0.999991 0.002115
vn 0.685617 -0.013803 0.727832
vn 0.694213 -0.005915 0.719745
vn 0.684939 -0.014419 0.728458
vn 0.679533 -0.019308 0.733391
vn 0.194602 0.685391 -0.701690
vn 0.022635 0.697671 -0.716061
vn -0.344223 0.700526 -0.625119
vn -0.631467 0.701743 -0.329858
vn -0.711507 0.702671 0.003496
vn -0.641264 0.708579 0.294442
vn -0.401946 0.710573 0.577517
vn 0.005160 0.714208 0.699915
vn 0.352765 0.706745 0.613244
vn 0.612105 0.700175 0.367537
vn 0.706010 0.708049 -0.014672
vn 0.687500 0.686380 -0.237121
vn -0.016907 0.718384 0.695441
vn -0.643414 0.717851 0.265909
vn -0.415995 0.713864 0.563334
vn -0.135554 0.729034 -0.670921
vn -0.496576 0.724612 -0.477859
vn -0.673051 0.727662 -0.132325
vn 0.125995 0.706164 -0.696747
vn 0.684215 0.719039 -0.121787
vn 0.428906 0.730962 0.530787
vn 0.667624 0.730216 0.145131
vn -0.735711 0.009453 -0.677230
vn -0.743228 0.016873 -0.668826
vn -0.743788 0.017431 -0.668188
vn -0.748513 0.022169 -0.662750
vn -0.003593 0.999987 0.003750
vn -0.003553 0.999986 0.003877
vn -0.003504 0.999986 0.004036
vn -0.003461 0.999985 0.004175
vn 0.683659 0.004770 0.729786
vn 0.681995 0.006367 0.731329
vn 0.683721 0.004710 0.729728
vn 0.684782 0.003689 0.728739
vn 0.000000 0.000000 -1.000000
vn -0.001554 0.001332 -0.999998
vn -0.002881 0.002469 -0.999993
vn -0.001258 0.001078 -0.999999
vn 0.000000 0.000000 -1.000000
vn 0.352185 0.851400 -0.388695
vn 0.181449 0.962794 -0.200261
vn -0.000003 1.000000 0.000000
vn 0.200652 0.954304 -0.221455
vn 0.869033 0.047352 0.492483
vn 1.000000 0.000000 0.000000
vn 0.883568 0.044820 0.466153
vn 0.999398 0.003320 0.034528
vn -0.001622 0.001326 0.999998
vn -0.000073 -0.000001 1.000000
vn -0.001012 0.001842 0.999998
vn 0.000784 0.008693 0.999962
vn -0.000197 0.006953 0.999976
vn 0.010104 0.999948 -0.000986
vn 0.078660 0.996860 -0.009147
vn 0.002199 0.999997 -0.001151
vn 0.090650 0.995782 -0.014163
vn -0.000008 1.000000 -0.000001
vn 0.037757 0.999282 0.003202
vn 0.004217 0.999989 -0.002117
vn -0.766423 0.072159 -0.638270
vn -0.762469 0.063903 0.643861
vn -0.877122 0.004998 0.480242
vn -0.982340 0.002058 0.187093
vn -0.996300 0.003868 -0.085853
vn -0.935591 0.000990 -0.353085
vn -0.847985 0.058908 -0.526737
vn -0.753239 0.044897 -0.656213
vn -0.998023 -0.011495 -0.061794
vn -0.820055 0.054285 -0.569704
vn -0.957088 -0.008583 -0.289671
vn -0.998204 0.046424 0.037857
vn -0.995640 0.003947 0.093192
vn -0.753229 0.045096 0.656211
vn -0.952090 0.004099 0.305791
vn -0.813916 0.030208 0.580197
vn -0.836000 0.001048 -0.548728
vn -0.925531 0.075809 -0.371007
vn -0.906598 0.056988 -0.418130
vn -0.806676 -0.018316 -0.590711
vn -0.000000 1.000000 0.000000
vn 0.000000 1.000000 -0.000002
vn -0.000001 1.000000 0.000001
vn -0.000001 1.000000 0.000000
vn -0.000001 1.000000 -0.000000
vn -0.000001 1.000000 -0.000001
vn -0.000000 1.000000 -0.000001
vn -0.000001 1.000000 0.000000
vn -0.000001 1.000000 0.000001
vn 0.890815 0.026306 -0.453604
vn 0.908350 0.015362 -0.417928
vn 0.962645 -0.028337 -0.269279
vn 0.952035 -0.017964 -0.305462
vn 0.272770 -0.010842 -0.962018
vn 0.056785 -0.000255 0.998386
vn 0.311339 -0.000962 0.950299
vn 0.594416 0.026855 0.803709
vn 0.842411 -0.004852 0.538813
vn 0.957758 -0.008120 0.287460
vn 0.999989 0.002187 0.004053
vn 0.959745 0.017962 -0.280298
vn 0.870468 0.042916 -0.490350
vn 0.683885 -0.002743 -0.729585
vn 0.414738 -0.006467 -0.909918
vn -0.342595 -0.006330 0.939462
vn -0.219808 0.030725 0.975059
vn -0.335120 0.008278 0.942139
vn -0.037574 0.011872 0.999223
vn -0.271860 0.058810 0.960538
vn 0.449059 0.000644 -0.893502
vn 0.711049 0.009558 -0.703078
vn 0.853338 0.058100 -0.518111
vn 0.942170 0.048971 -0.331538
vn 0.994096 0.009459 -0.108090
vn 0.983789 -0.002186 0.179317
vn 0.899440 0.008122 0.436968
vn 0.736361 -0.018482 0.676337
vn 0.498670 0.033473 0.866145
vn 0.273478 0.012742 0.961794
vn 0.278691 0.000079 -0.960381
vn 0.000377 0.999995 0.003039
vn -0.000554 1.000000 0.000469
vn 0.000000 1.000000 0.000000
vn 0.000000 1.000000 0.000000
vn -0.000205 1.000000 0.000213
vn -0.001165 0.999999 0.000049
vn -0.000144 1.000000 -0.000141
vn 0.000000 1.000000 0.000000
vn 0.000000 1.000000 0.000000
vn -0.000512 1.000000 -0.000522
vn -0.000542 0.999997 -0.002267
vn 0.000591 1.000000 -0.000334
vn 0.000000 1.000000 0.000000
vn -0.000000 1.000000 -0.000000
vn 0.000295 1.000000 -0.000514
vn 0.002287 0.999997 0.000367
vn 0.000177 1.000000 0.000194
vn -0.000001 1.000000 -0.000000
vn -0.000000 1.000000 0.000000
vn 0.000401 1.000000 0.000158
vn -0.000545 1.000000 0.000566
vn 0.000015 1.000000 0.000511
vn -0.000584 1.000000 -0.000503
vn -0.002105 0.999998 -0.000449
vn -0.000100 1.000000 -0.000328
vn -0.000683 1.000000 -0.000607
vn 0.000353 1.000000 0.000924
vn -0.000503 1.000000 -0.000255
vn -0.000507 0.999998 0.001959
vn 0.001070 0.999999 0.000987
vn 0.000755 1.000000 -0.000215
vn -0.000277 1.000000 -0.000009
vn 0.000324 1.000000 -0.000593
vn 0.000362 1.000000 -0.000094
vn 0.001353 0.999999 -0.000196
vn -0.000605 1.000000 -0.000679
vn -0.000085 1.000000 0.000399
vn 0.001089 0.999999 0.000697
vn -0.000041 1.000000 0.000020
vn 0.000374 1.000000 0.000406
vn -0.000301 1.000000 -0.000334
vn 0.000966 0.999999 0.000708
vn 0.000620 0.999999 -0.001471
vn -0.000774 0.999999 -0.001445
vn -0.000466 1.000000 0.000139
vn 0.000440 1.000000 0.000668
vn 0.000562 1.000000 0.000276
vn 0.000079 1.000000 0.000162
vn -0.000102 1.000000 -0.000162
vn -0.000009 1.000000 -0.000220
vn -0.000000 1.000000 -0.000000
vn 0.000000 1.000000 0.000000
vn 0.000000 1.000000 0.000000
vn 0.000038 1.000000 0.000017
vn 0.000000 1.000000 0.000000
vn -0.000313 1.000000 0.000009
vn 0.000000 1.000000 0.000000
vn 0.000000 1.000000 0.000000
vn 0.000000 1.000000 0.000000
vn 0.000028 1.000000 -0.000209
vn -0.000156 1.000000 0.000075
vn -0.000001 1.000000 0.000134
vn 0.000000 1.000000 0.000000
vn 0.000000 1.000000 0.000000
vn 0.000000 1.000000 0.000000
vn -0.000252 1.000000 -0.000054
vn 0.000000 1.000000 0.000000
vn 0.000076 1.000000 0.000103
vn 0.000189 1.000000 0.000049
vn 0.000000 1.000000 0.000000
vn -0.000001 1.000000 -0.000000
vn -0.000001 1.000000 0.000001
vn 0.000008 1.000000 0.000102
vn -0.000044 1.000000 0.000164
vn 0.000143 1.000000 -0.000081
vn -0.000167 1.000000 -0.000273
vn 0.000046 1.000000 -0.000268
vn -0.000246 1.000000 0.000060
vn -0.000609 1.000000 -0.000146
vn -0.000416 1.000000 0.000005
vn -0.000107 1.000000 -0.000032
vn 0.000029 1.000000 0.000090
vn 0.000238 1.000000 0.000439
vn -0.000049 1.000000 0.000237
vn 0.000545 1.000000 -0.000124
vn 0.000756 1.000000 0.000044
vn 0.000229 1.000000 0.000083
vn -0.000005 1.000000 -0.000198
vn -0.165239 0.401478 0.900839
vn 0.029995 0.775653 0.630447
vn 0.062802 0.820519 0.568159
vn -0.129634 0.484349 0.865218
vn -0.461829 0.753954 0.467191
vn -0.531497 0.697963 -0.479958
vn -0.679053 0.732102 0.053977
vn 0.358625 0.530259 -0.768254
vn 0.000697 0.720153 -0.693815
vn 0.337690 0.565595 -0.752375
vn -0.058324 0.744251 -0.665348
vn -0.421549 0.683505 -0.595917
vn -0.718442 0.664397 -0.205955
vn -0.683555 0.613226 0.395862
vn -0.358655 0.810801 0.462567
vn 0.297558 -0.015031 -0.954585
vn -0.040606 -0.014603 -0.999069
vn -0.646840 -0.015720 -0.762463
vn -0.982077 -0.015447 -0.187846
vn -0.984568 -0.018933 0.173973
vn -0.999670 0.017191 -0.019097
vn -0.902165 0.020353 -0.430912
vn -0.308570 0.019689 -0.950998
vn 0.131717 0.016159 -0.991156
vn -0.622434 0.011267 0.782592
vn -0.630083 0.008745 0.776479
vn -0.671974 -0.005483 0.740555
vn -0.665324 -0.003175 0.746548
vn 0.104231 -0.022031 0.994309
vn 0.083753 -0.018031 0.996323
vn -0.050938 0.008296 0.998667
vn -0.025719 0.003365 0.999664
vn 0.866131 -0.024169 0.499233
vn 0.908226 -0.025421 0.417707
vn 0.987594 0.018541 0.155930
vn 0.876331 0.017973 0.481374
vn 0.657701 0.025915 0.752833
vn 0.891687 -0.016735 -0.452344
vn 0.881449 -0.012130 -0.472123
vn 0.816382 0.013520 -0.577354
vn 0.829592 0.008722 -0.558302
vn 0.000000 1.000000 0.000000
vn 0.000000 1.000000 0.000000
vn 0.000000 1.000000 0.000000
vn 0.000000 1.000000 0.000000
vn 0.000000 1.000000 0.000000
vn 0.000000 1.000000 0.000000
vn 0.000000 1.000000 0.000000
vn 0.000000 1.000000 0.000000
vn 0.593736 0.769016 -0.236839
vn 0.728904 0.403091 -0.553368
vn 0.547062 0.820935 -0.163674
vn 0.713119 0.502384 -0.488949
vn 0.221670 0.771623 -0.596205
vn -0.187834 0.716425 -0.671903
vn -0.522021 0.478839 -0.705838
vn 0.267028 0.824235 -0.499333
vn 0.064832 0.654845 -0.752977
vn -0.436510 0.574512 -0.692383
vn -0.499738 0.794417 0.345201
vn -0.589260 0.526904 0.612490
vn -0.476478 0.828800 0.293359
vn -0.577442 0.591908 0.562321
vn 0.518268 0.748642 0.413440
vn 0.908423 0.330441 0.256077
vn 0.884833 0.383576 0.264459
vn 0.337193 0.806885 0.485012
vn 0.522668 0.764663 0.376973
vn -0.843058 -0.034171 0.536736
vn -0.819998 -0.025327 0.571806
vn -0.672251 0.022352 0.739985
vn -0.706376 0.012387 0.707728
vn 0.902822 -0.005883 0.429973
vn -0.096775 -0.012221 0.995231
vn 0.246498 -0.012991 0.969056
vn 0.761544 -0.007430 0.648070
vn 0.821737 0.024196 0.569354
vn 0.462518 0.019583 0.886394
vn 0.009489 0.008085 0.999922
vn 0.959424 -0.008238 -0.281846
vn 0.955076 -0.004515 -0.296327
vn 0.935210 0.010491 -0.353938
vn 0.930192 0.013889 -0.366809
vn 0.463998 -0.007384 -0.885806
vn 0.126270 -0.015123 -0.991881
vn -0.639116 -0.024781 -0.768711
vn -0.930293 -0.019370 -0.366304
vn -0.991401 0.029489 -0.127495
vn -0.842319 0.026802 -0.538313
vn -0.093444 0.021188 -0.995399
vn 0.371353 0.012489 -0.928408
vn 0.000000 1.000000 0.000000
vn 0.000000 1.000000 0.000000
vn 0.000000 1.000000 0.000000
vn 0.000000 1.000000 0.000000
vn 0.000000 1.000000 0.000000
vn 0.000000 1.000000 0.000000
vn 0.000000 1.000000 0.000000
vn 0.450597 0.766527 -0.457601
vn -0.066091 0.720293 -0.690514
vn -0.824957 0.564383 -0.030299
vn -0.641358 0.690907 -0.333627
vn 0.179728 0.671809 -0.718590
vn -0.469967 0.529047 -0.706570
vn -0.639850 0.727843 -0.246651
vn -0.814018 0.579781 -0.035049
vn 0.486436 0.823115 -0.293022
vn 0.390467 0.669676 -0.631719
vn -0.451863 0.755762 0.473967
vn -0.519187 0.470660 0.713389
vn -0.434197 0.793179 0.427014
vn -0.513353 0.521495 0.681551
vn 0.925769 0.350336 -0.142186
vn 0.371584 0.710660 0.597401
vn 0.684757 0.701670 0.196895
vn 0.086275 0.763386 0.640156
vn 0.069816 0.782963 0.618138
vn 0.293198 0.730189 0.617138
vn 0.613155 0.704183 0.358004
vn 0.893493 0.436846 -0.104099
vn 0.080592 -0.007411 -0.996720
vn -0.511392 -0.003925 -0.859338
vn -0.912968 -0.006484 -0.407979
vn -0.997475 -0.008607 -0.070499
vn 0.116427 -0.012278 0.993123
vn 0.443731 -0.009899 0.896105
vn 0.895731 -0.012485 0.444422
vn 0.980643 -0.016411 -0.195116
vn 0.656131 -0.014015 -0.754517
vn 0.226246 0.014513 -0.973962
vn 0.845973 0.019341 -0.532874
vn 0.975213 0.017681 0.220562
vn 0.566509 0.012944 0.823954
vn 0.209741 0.008545 0.977720
vn -0.998709 0.013961 0.048844
vn -0.951386 0.011189 -0.307798
vn -0.498373 0.010707 -0.866896
vn -0.717360 -0.014208 0.696558
vn -0.704947 -0.009798 0.709193
vn -0.641262 0.011683 0.767233
vn -0.655111 0.007162 0.755499
vn 0.000000 1.000000 0.000000
vn 0.000000 1.000000 0.000000
vn 0.000000 1.000000 0.000000
vn 0.000000 1.000000 0.000000
vn 0.000000 1.000000 0.000000
vn 0.000000 1.000000 0.000000
vn 0.000000 1.000000 0.000000
vn 0.000000 1.000000 0.000000
vn -0.622029 0.763480 0.173720
vn -0.722845 0.360783 0.589347
vn -0.602861 0.765400 0.225216
vn -0.715901 0.408229 0.566422
vn -0.567212 0.823515 -0.009696
vn 0.690291 0.702609 -0.172736
vn 0.365498 0.756916 -0.541747
vn -0.184374 0.754092 0.630358
vn 0.235616 0.722489 0.649996
vn 0.611836 0.707669 0.353358
vn -0.249524 0.810339 0.530177
vn -0.024365 0.660846 0.750126
vn 0.457973 0.672566 0.581305
vn 0.726911 0.663670 0.176474
vn 0.766867 0.523889 -0.370750
vn 0.609336 0.383653 -0.693916
vn 0.044153 0.126702 -0.990958
vn -0.564466 -0.013573 -0.825345
vn -0.792025 -0.014940 -0.610306
vn -0.660436 0.016211 -0.750707
vn -0.295612 0.018099 -0.955137
vn 0.448950 0.015637 -0.893420
vn 0.755639 0.012573 -0.654867
vn -0.051535 0.332512 -0.941690
vn -0.401666 0.685471 -0.607284
vn -0.872735 0.248265 -0.420354
vn -0.072950 0.401127 -0.913113
vn -0.378229 0.757203 -0.532529
vn -0.847543 0.314355 -0.427613
vn -0.969569 -0.001456 0.244814
vn -0.670032 -0.014724 0.742186
vn -0.075687 -0.015752 0.997007
vn 0.597772 -0.015656 0.801513
vn 0.956552 -0.005048 0.291520
vn 0.999663 0.002021 0.025875
vn -0.999858 0.015817 -0.005866
vn -0.999900 0.014065 0.001369
vn 0.997337 0.010727 0.072139
vn 0.900864 0.015424 0.433827
vn 0.368964 0.016651 0.929295
vn -0.315822 0.016343 0.948678
vn -0.897969 0.016181 0.439761
vn 0.000000 1.000000 0.000000
vn 0.000000 1.000000 0.000000
vn 0.000000 1.000000 0.000000
vn 0.000000 1.000000 0.000000
vn 0.000000 1.000000 0.000000
vn 0.000000 1.000000 0.000000
vn 0.000000 1.000000 0.000000
vn 0.000000 1.000000 0.000000
vn -0.738635 -0.015102 -0.673936
vn -0.752920 -0.019449 -0.657824
vn -0.659672 0.007325 -0.751518
vn -0.641293 0.012215 -0.767199
vn -0.062650 -0.014336 0.997933
vn 0.279437 -0.010119 0.960111
vn -0.973982 -0.018491 0.225871
vn -0.759321 -0.021748 0.650352
vn -0.397670 0.021938 0.917266
vn -0.947131 0.018065 0.320339
vn -0.998660 0.017142 -0.048821
vn 0.070326 0.019293 0.997337
vn 0.806707 0.002570 0.590946
vn 0.806799 0.002599 0.590820
vn 0.807475 0.002815 0.589895
vn 0.807393 0.002788 0.590008
vn 0.983777 -0.004603 -0.179337
vn 0.983125 -0.005425 -0.182853
vn 0.986834 -0.000493 -0.161735
vn 0.987432 0.000368 -0.158042
vn 0.276871 -0.007127 -0.960881
vn 0.268009 -0.009555 -0.963369
vn 0.311030 0.002304 -0.950397
vn 0.320096 0.004826 -0.947373
vn 0.000000 1.000000 0.000000
vn 0.000000 1.000000 0.000000
vn 0.000000 1.000000 0.000000
vn 0.000000 1.000000 0.000000
vn 0.000000 1.000000 0.000000
vn 0.000000 1.000000 0.000000
vn 0.000000 1.000000 0.000000
vn 0.852808 -0.034077 -0.521111
vn 0.021694 -0.027284 -0.999392
vn -0.808760 -0.027501 -0.587496
vn -0.937676 -0.028684 0.346325
vn -0.194758 -0.031686 0.980339
vn 0.821244 -0.035825 0.569451
vn 0.750240 0.009911 0.661091
vn 0.166047 0.010284 0.986064
vn -0.649991 0.028955 0.759390
vn -0.985305 0.030590 -0.168043
vn -0.412586 0.026773 -0.910525
vn 0.516848 0.028522 -0.855602
vn 0.998095 0.023209 -0.057159
vn -0.000001 1.000000 0.000000
vn -0.000001 1.000000 0.000003
vn -0.000001 1.000000 0.000000
vn 0.000000 1.000000 0.000000
vn -0.000001 1.000000 -0.000000
vn -0.000001 1.000000 0.000000
vn -0.000001 1.000000 0.000000
vn 0.244931 0.021627 0.969299
vn 0.490130 0.002944 0.871644
vn 0.936245 -0.015781 0.350993
vn 0.915386 -0.014455 -0.402317
vn 0.688291 -0.018360 -0.725202
vn 0.355399 -0.005645 0.934698
vn 0.797732 0.008497 -0.602952
vn 0.978525 0.016943 -0.205433
vn 0.752085 0.009352 0.659000
vn -0.292902 -0.033172 -0.955567
vn -0.249599 -0.024032 -0.968051
vn -0.006707 0.026174 -0.999635
vn -0.055008 0.016327 -0.998352
vn -0.985979 -0.025380 -0.164929
vn -0.903352 -0.029794 0.427864
vn -0.532631 -0.020355 0.846103
vn -0.354973 0.008303 0.934840
vn -0.666890 0.016065 0.744983
vn -0.999607 0.026237 -0.009824
vn -0.885410 0.031113 -0.463769
vn -0.000001 1.000000 0.000001
vn -0.000001 1.000000 0.000000
vn 0.000000 1.000000 0.000000
vn -0.000001 1.000000 0.000000
vn 0.000000 1.000000 0.000000
vn -0.000001 1.000000 0.000000
vn -0.000001 1.000000 -0.000000
vn 0.998474 -0.006181 0.054878
vn 0.998048 -0.004473 0.062291
vn 0.999828 -0.018513 0.001210
vn 0.999736 -0.020955 -0.009447
vn 0.739071 0.000469 -0.673627
vn 0.737809 0.000153 -0.675009
vn 0.747860 0.002687 -0.663851
vn 0.749019 0.002982 -0.662542
vn 0.155933 -0.002126 -0.987765
vn 0.147721 -0.000725 -0.989029
vn 0.089373 0.009186 -0.995956
vn 0.096586 0.007966 -0.995293
vn -0.596167 -0.014231 -0.802735
vn -0.606325 -0.011866 -0.795129
vn -0.680252 0.006182 -0.732953
vn -0.669488 0.003455 -0.742815
vn -0.998437 -0.025671 0.049649
vn -0.999310 -0.022067 0.029866
vn -0.992261 0.006197 -0.124015
vn -0.995254 0.001261 -0.097301
vn -0.501637 -0.018252 0.864886
vn -0.019876 -0.027848 0.999415
vn 0.479301 -0.026319 0.877256
vn 0.779067 0.028166 0.626308
vn 0.404828 0.023515 0.914091
vn -0.448290 0.022217 0.893612
vn -0.766692 0.024780 0.641536
vn 0.000000 1.000000 0.000000
vn 0.000000 1.000000 0.000000
vn 0.000000 1.000000 0.000000
vn 0.000000 1.000000 0.000000
vn 0.000000 1.000000 0.000000
vn 0.000000 1.000000 0.000000
vn 0.000000 1.000000 0.000000
vn 0.000000 1.000000 0.000000
vn 0.004080 -0.006980 -0.999967
vn -0.463139 -0.009522 -0.886234
vn -0.812346 -0.012591 -0.583040
vn -0.982223 -0.007410 -0.187572
vn -0.980708 -0.025289 0.193834
vn -0.759142 -0.001441 0.650923
vn -0.278683 -0.006330 0.960362
vn 0.159979 -0.019275 0.986932
vn 0.589142 -0.010055 0.807967
vn 0.910504 -0.019973 0.413017
vn 0.997473 -0.015449 -0.069353
vn 0.883555 -0.026112 -0.467599
vn 0.528081 -0.010480 -0.849130
vn 0.037117 0.414687 -0.909207
vn 0.432306 0.331358 -0.838638
vn 0.726414 0.412528 -0.549676
vn 0.900822 0.402473 -0.162897
vn 0.876488 0.404018 0.261798
vn 0.625186 0.389662 0.676244
vn 0.189193 0.383153 0.904102
vn 0.202344 0.880996 -0.427672
vn 0.444949 0.873439 -0.197800
vn 0.465821 0.884712 0.017182
vn 0.443063 0.850785 0.282594
vn 0.236158 0.876361 0.419786
vn 0.010343 0.897322 0.441256
vn -0.419468 0.906504 0.047933
vn -0.426454 0.887524 -0.174465
vn -0.290059 0.890465 -0.350625
vn -0.110973 0.861783 -0.494990
vn -0.125144 0.907708 0.400507
vn -0.339150 0.893183 0.295297
vn -0.894617 0.386057 -0.224990
vn -0.710542 0.398196 -0.580147
vn -0.407151 0.395630 -0.823228
vn -0.325707 0.369130 0.870436
vn -0.691048 0.360190 0.626670
vn -0.905881 0.380830 0.185331
vn -0.219246 0.426508 -0.877509
vn -0.876201 0.353111 -0.328000
vn -0.472971 0.697325 -0.538551
vn -0.435021 0.750613 -0.497329
vn -0.850861 0.405611 -0.333940
vn -0.226892 0.471159 -0.852367
vn 0.579971 0.710858 -0.397888
vn 0.254142 0.756722 -0.602316
vn 0.048638 0.716699 0.695684
vn 0.456436 0.731674 0.506281
vn 0.697060 0.710837 0.093905
vn -0.593001 0.777371 0.209867
vn -0.381775 0.701985 0.601220
vn -0.541050 0.830508 0.132366
vn -0.672922 0.576620 0.463342
vn -0.208072 0.697821 0.685385
vn 0.272227 0.688973 0.671720
vn 0.669664 0.668262 0.324000
vn 0.742656 0.643221 -0.186357
vn 0.440884 0.666817 -0.600813
vn 0.196105 0.798526 -0.569121
vn -0.002019 0.002033 0.999996
vn 0.003429 0.003255 0.999989
vn 0.029211 0.009035 0.999532
vn 0.033846 0.010074 0.999376
vn 0.716180 -0.007752 0.697873
vn 0.915788 -0.012687 0.401462
vn 0.962343 -0.010808 -0.271624
vn 0.831194 -0.008572 -0.555917
vn 0.927082 0.027136 -0.373875
vn 0.988620 0.024025 0.148504
vn 0.786768 0.013389 0.617104
vn -0.657377 -0.013292 -0.753444
vn -0.988580 -0.017437 -0.149687
vn -0.842193 -0.014413 0.538983
vn -0.620714 -0.010825 0.783962
vn 0.335561 -0.011103 -0.941953
vn -0.025213 -0.010218 -0.999630
vn -0.764341 0.021019 0.644469
vn 0.201316 0.016220 -0.979392
vn -0.976404 0.023260 0.214694
vn -0.814030 0.016637 -0.580584
vn -0.199936 0.015523 -0.979686
vn 0.000000 1.000000 0.000000
vn 0.000000 1.000000 0.000000
vn 0.000000 1.000000 0.000000
vn 0.000000 1.000000 0.000000
vn 0.000000 1.000000 0.000000
vn 0.000000 1.000000 0.000000
vn 0.000000 1.000000 0.000000
vn 0.663558 0.688977 -0.291551
vn 0.213882 0.711366 -0.669487
vn 0.281168 0.696857 0.659799
vn 0.642674 0.729407 0.234384
vn -0.013188 0.499490 0.866219
vn -0.193301 0.320301 -0.927384
vn -0.285714 0.179186 -0.941414
vn -0.868970 -0.009435 -0.494774
vn -0.995256 -0.006581 0.097065
vn -0.786685 -0.001462 0.617353
vn -0.186213 0.223086 0.956848
vn 0.196106 0.352740 0.914941
vn 0.604621 0.481883 0.634210
vn 0.865974 0.470445 -0.169617
vn 0.719451 0.360018 -0.593951
vn 0.256924 0.451510 -0.854475
vn -0.181497 0.016722 -0.983249
vn 0.613343 0.012397 -0.789719
vn 0.887745 0.002238 -0.460330
vn 0.376453 0.021284 0.926191
vn -0.116421 0.018314 0.993031
vn -0.804802 0.009721 0.593464
vn -0.999605 0.008799 -0.026692
vn -0.785354 0.010298 -0.618961
vn -0.725401 0.686680 0.047584
vn -0.785209 0.381739 0.487568
vn -0.501110 0.757540 -0.418356
vn -0.385415 0.818270 -0.426486
vn -0.735504 0.584986 -0.341797
vn -0.667304 0.739297 0.090256
vn -0.775501 0.430083 0.462198
vn 0.972222 -0.000998 0.234059
vn 0.973593 -0.002203 0.228282
vn 0.964418 0.005348 0.264329
vn 0.962917 0.006483 0.269721
vn 0.000000 1.000000 0.000000
vn 0.000000 1.000000 0.000000
vn 0.000000 1.000000 0.000000
vn 0.000000 1.000000 0.000000
vn 0.000000 1.000000 0.000000
vn 0.000000 1.000000 0.000000
vn 0.000000 1.000000 0.000000
vn 0.000000 1.000000 0.000000
vn -0.010335 -0.219756 0.975500
vn -0.003001 0.023831 0.999712
vn -0.010234 -0.216355 0.976261
vn -0.002860 0.028447 0.999591
vn -0.800913 -0.243500 0.547033
vn -0.712523 0.246476 0.656933
vn -0.681671 0.318269 0.658809
vn -0.800841 -0.166761 0.575191
vn 0.000000 1.000000 0.000000
vn 0.000000 1.000000 0.000000
vn 0.000000 1.000000 0.000000
vn 0.000000 1.000000 0.000000
vn 0.000000 1.000000 0.000000
vn 0.000000 1.000000 0.000000
vn 0.000000 1.000000 0.000000
vn 0.000000 1.000000 0.000000
vn -0.994346 0.106184 -0.001014
vn -0.999966 0.008256 0.000546
vn -0.994507 0.104669 -0.000989
vn -0.999974 0.007236 0.000563
vn -0.752453 -0.049114 -0.656813
vn -0.762673 0.008109 -0.646733
vn -0.764260 0.018603 -0.644640
vn -0.754407 -0.039232 -0.655233
vn -0.001328 0.044849 -0.998993
vn 0.003240 -0.109440 -0.993988
vn 0.003166 -0.106962 -0.994258
vn -0.001410 0.047627 -0.998864
vn 0.791808 -0.104223 -0.601812
vn 0.754315 0.117363 -0.645937
vn 0.788349 -0.066727 -0.611599
vn 0.744513 0.152720 -0.649906
vn 0.999491 0.031675 0.003731
vn 0.999928 0.011533 0.003415
vn 0.999930 0.011327 0.003412
vn 0.999499 0.031439 0.003727
vn 0.605068 -0.040154 0.795160
vn 0.616189 0.013991 0.787474
vn 0.618023 0.023933 0.785796
vn 0.607130 -0.030783 0.794006
vn -0.175866 0.690606 0.701522
vn -0.608069 0.379509 0.697299
vn -0.695804 -0.125558 0.707172
vn -0.409914 -0.560699 0.719435
vn 0.046977 -0.725022 0.687122
vn 0.445548 -0.544742 0.710453
vn 0.678785 -0.151009 0.718642
vn 0.676619 0.178233 0.714437
vn 0.362744 0.591625 0.719998
vn 0.186728 -0.695755 0.693584
vn 0.534161 -0.460319 0.709068
vn 0.691221 -0.100408 0.715634
vn 0.652387 0.393005 0.648026
vn 0.163489 0.766297 0.621338
vn -0.347474 0.640600 0.684758
vn -0.605380 0.340145 0.719595
vn -0.722666 0.031824 0.690464
vn -0.620659 -0.423070 0.660147
vn -0.204579 -0.726061 0.656493
vn 0.230706 -0.973013 -0.004536
vn 0.718789 -0.695221 -0.003180
vn 0.983679 -0.179448 -0.013199
vn 0.864641 0.502029 -0.019034
vn 0.284856 0.958424 -0.016757
vn -0.398535 0.917024 -0.015359
vn -0.865443 0.501005 -0.001409
vn -0.999227 -0.038905 0.005555
vn -0.792880 -0.609323 -0.008184
vn -0.316535 -0.948533 -0.009472
vn -0.070410 0.997374 0.016983
vn -0.656968 -0.753750 0.015925
vn -0.998748 -0.049665 0.005974
vn -0.746810 0.664935 0.011642
vn 0.596701 0.802246 0.018699
vn 0.990807 0.133847 0.019672
vn 0.795880 -0.605333 0.012094
vn 0.146405 -0.989111 0.014999
vn 0.000000 0.000000 1.000000
vn 0.000000 0.000000 1.000000
vn 0.000000 0.000000 1.000000
vn 0.000000 0.000000 1.000000
vn 0.000000 0.000000 1.000000
vn 0.000000 0.000000 1.000000
vn 0.000000 0.000000 1.000000
vn 0.000000 0.000000 1.000000
vn -0.375984 0.614066 0.693945
vn -0.673772 0.097652 0.732459
vn -0.522673 -0.481848 0.703303
vn -0.070583 -0.708689 0.701981
vn 0.423873 -0.553836 0.716657
vn 0.694503 -0.075607 0.715506
vn 0.556075 0.454690 0.695728
vn 0.112896 0.669366 0.734304
vn 0.161200 -0.870478 0.465062
vn 0.687298 -0.401757 0.605156
vn 0.734837 0.170616 0.656433
vn 0.481625 0.508410 0.713832
vn -0.004599 0.837445 0.546503
vn -0.336338 0.861096 0.381301
vn -0.790892 0.519877 0.322827
vn -0.924374 -0.124811 0.360493
vn -0.761388 -0.520381 0.386641
vn -0.298491 -0.871253 0.389643
vn -0.420926 -0.907003 0.012925
vn -0.938621 -0.344637 0.014689
vn -0.953077 0.302443 0.013097
vn -0.525303 0.850798 0.014136
vn -0.153396 0.988071 0.013609
vn -0.012592 -0.999890 0.007896
vn 0.655013 -0.755531 -0.011460
vn 0.863616 -0.504048 -0.010112
vn 0.991217 0.131765 -0.011231
vn 0.713903 0.700094 -0.014539
vn 0.462995 0.886112 -0.020985
vn 0.706279 0.707710 0.017777
vn 0.933872 0.357196 0.017139
vn 0.935420 -0.353308 0.012726
vn 0.746987 -0.664755 0.010554
vn 0.000000 0.000000 1.000000
vn 0.000000 0.000000 1.000000
vn 0.000000 0.000000 1.000000
vn 0.000000 0.000000 1.000000
vn 0.000000 0.000000 1.000000
vn 0.000000 0.000000 1.000000
vn 0.000000 0.000000 1.000000
vn 0.000000 0.000000 1.000000
vn -0.626279 -0.106324 0.772315
vn -0.518511 -0.449057 0.727663
vn -0.072291 -0.689263 0.720896
vn 0.423392 -0.575151 0.699957
vn 0.662869 -0.217178 0.716546
vn 0.652706 0.236130 0.719873
vn 0.332108 0.540987 0.772682
vn 0.251957 -0.718787 0.647968
vn 0.610772 -0.395534 0.685938
vn 0.709102 0.041883 0.703861
vn 0.573332 0.543140 0.613424
vn 0.229676 0.510391 0.828704
vn -0.585392 -0.062638 0.808327
vn -0.649737 -0.296677 0.699875
vn -0.306023 -0.676865 0.669480
vn -0.185167 0.876235 0.444888
vn -0.158885 0.945193 0.285245
vn 0.411589 0.911118 -0.021402
vn -0.030793 0.989270 0.142817
vn -0.398961 0.885967 0.236415
vn -0.958979 0.283029 -0.015946
vn -0.893174 -0.449487 -0.014193
vn -0.675447 -0.737350 -0.009316
vn -0.565209 -0.824843 0.013146
vn -0.793763 -0.608135 0.010634
vn -0.999794 -0.015347 0.013313
vn -0.814674 0.579768 0.013259
vn -0.279528 0.959989 0.016902
vn 0.132549 0.990985 0.019473
vn -0.532624 0.377322 0.757588
vn -0.834919 0.367289 0.409890
vn -0.460743 0.370036 0.806715
vn -0.787207 0.375838 0.488929
vn 0.373363 -0.927642 -0.008949
vn 0.853054 -0.521771 -0.007315
vn 0.972213 -0.234019 -0.006080
vn 0.048402 -0.998763 -0.011362
vn 0.152087 -0.988343 0.006863
vn 0.985502 -0.169609 0.004254
vn 0.896938 -0.442129 0.004901
vn 0.476801 -0.878978 0.007640
vn 0.886847 0.461926 0.011249
vn 0.890632 0.454530 0.013292
vn 0.867577 0.497302 0.001332
vn 0.864099 0.503321 -0.000379
vn 0.000000 0.000000 1.000000
vn 0.000000 0.000000 1.000000
vn 0.000000 0.000000 1.000000
vn 0.000000 0.000000 1.000000
vn 0.000000 0.000000 1.000000
vn 0.000000 0.000000 1.000000
vn 0.000000 0.000000 1.000000
vn 0.000000 0.000000 1.000000
vn 0.000000 0.000000 1.000000
vn -0.039024 0.712730 0.700352
vn -0.486919 0.476253 0.732183
vn -0.851220 0.327775 0.409863
vn -0.314660 -0.583406 0.748750
vn 0.061102 -0.724622 0.686432
vn 0.504117 -0.441321 0.742362
vn 0.683978 0.112820 0.720726
vn 0.394126 0.589344 0.705222
vn 0.211670 -0.702246 0.679740
vn 0.529422 -0.373596 0.761668
vn 0.706810 -0.059230 0.704919
vn 0.628374 0.467810 0.621530
vn 0.182342 0.718116 0.671610
vn -0.295838 0.706920 0.642451
vn -0.782908 0.351670 0.513209
vn -0.364633 -0.483256 0.795932
vn -0.206906 -0.697530 0.686033
vn 0.239974 -0.970727 -0.010079
vn 0.781174 -0.624150 -0.014292
vn 0.999584 0.024354 -0.015443
vn 0.770277 0.637580 -0.012837
vn 0.256028 0.966586 -0.012678
vn -0.408648 0.912575 -0.014633
vn -0.941146 0.337786 -0.011994
vn -0.883210 -0.468805 -0.012720
vn -0.339527 -0.940553 -0.009021
vn -0.538344 -0.842539 0.017707
vn -0.948187 -0.317711 0.001000
vn -0.964314 0.264754 -0.001953
vn -0.604898 0.796213 0.011968
vn -0.011054 0.999855 0.012965
vn 0.576924 0.816708 0.012120
vn 0.949085 0.314740 0.013261
vn 0.926588 -0.375573 0.019493
vn 0.288523 -0.957217 0.022121
vn 0.000000 0.000000 1.000000
vn 0.000000 0.000000 1.000000
vn 0.000000 0.000000 1.000000
vn 0.000000 0.000000 1.000000
vn 0.000000 0.000000 1.000000
vn 0.000000 0.000000 1.000000
vn 0.000000 0.000000 1.000000
vn 0.000000 0.000000 1.000000
vn 0.000000 0.000000 1.000000
vn 0.713751 -0.698781 -0.047582
vn 0.726819 -0.404130 -0.555349
vn 0.708759 0.185157 -0.680719
vn 0.705317 -0.100117 0.701787
vn 0.702982 -0.510183 0.495510
vn 0.731324 0.379309 0.566824
vn 0.700105 0.594636 -0.395299
vn 0.736643 0.667068 0.111253
vn 0.623517 -0.051126 -0.780136
vn 0.659045 0.477053 -0.581446
vn 0.637655 0.754058 -0.157459
vn 0.631037 0.640129 0.438209
vn 0.645534 0.131704 0.752290
vn 0.688715 -0.334436 0.643292
vn 0.607479 -0.724358 0.325997
vn 0.708615 -0.675520 -0.203808
vn 0.753609 -0.433640 -0.493994
vn -0.015185 0.030344 -0.999424
vn -0.013369 0.667375 -0.744601
vn -0.010937 0.871756 -0.489818
vn 0.001191 -0.220569 0.975371
vn -0.005319 -0.475982 0.879439
vn -0.013560 -0.886604 0.462331
vn -0.015704 -0.981498 -0.190826
vn -0.015078 -0.621849 -0.782992
vn 0.014899 -0.290390 0.956792
vn 0.012222 -0.229697 -0.973185
vn 0.014437 -0.787947 -0.615574
vn 0.017209 -0.995336 0.094923
vn 0.015944 -0.653286 0.756943
vn 0.018355 0.767071 -0.641299
vn 0.017800 0.435472 -0.900026
vn 0.005600 0.977932 0.208850
vn 0.003972 0.979297 0.202388
vn -0.005917 0.986615 0.162957
vn -0.004290 0.985526 0.169468
vn -0.008206 0.506461 0.862224
vn -0.011500 0.493243 0.869815
vn 0.007986 0.569519 0.821939
vn 0.011239 0.581808 0.813248
vn 1.000000 0.000000 0.000000
vn 1.000000 0.000000 0.000000
vn 1.000000 0.000000 0.000000
vn 1.000000 0.000000 0.000000
vn 1.000000 0.000000 0.000000
vn 1.000000 0.000000 0.000000
vn 1.000000 0.000000 0.000000
vn 1.000000 0.000000 0.000000
vn 0.699851 -0.686058 -0.198829
vn 0.738080 -0.311946 -0.598270
vn 0.722055 0.236321 -0.650222
vn 0.725224 -0.258105 0.638304
vn 0.702160 -0.663009 0.259598
vn 0.702341 0.357041 0.615824
vn 0.703871 0.596864 -0.385122
vn 0.740849 0.655500 0.146501
vn 0.708338 0.479405 -0.518100
vn 0.614328 0.776578 -0.139740
vn 0.607716 0.630581 0.482751
vn 0.536820 0.122316 0.834783
vn 0.767217 -0.289179 0.572497
vn 0.680884 -0.610309 0.404870
vn 0.706892 -0.704714 -0.060673
vn 0.653341 -0.563915 -0.505120
vn 0.599987 -0.005313 -0.799992
vn -0.009392 0.968137 0.250246
vn -0.013685 0.799831 0.600070
vn -0.014241 0.209299 0.977748
vn -0.012984 -0.418030 0.908340
vn -0.010310 -0.873860 0.486068
vn -0.007093 -0.979925 0.199241
vn 0.013046 -0.162507 0.986621
vn 0.013007 -0.946081 0.323668
vn 0.014432 -0.749168 0.662223
vn 0.012337 0.453464 0.891189
vn 0.008016 0.891695 0.452566
vn 0.002988 0.984221 0.176916
vn 0.003657 -0.899181 -0.437562
vn 0.002732 -0.901087 -0.433631
vn -0.003822 -0.914068 -0.405542
vn -0.002898 -0.912291 -0.409531
vn -0.004509 -0.350062 -0.936715
vn -0.006741 -0.340722 -0.940140
vn 0.006229 -0.394469 -0.918888
vn 0.008366 -0.403203 -0.915072
vn -0.002956 0.696471 -0.717578
vn -0.003315 0.889902 -0.456140
vn -0.003223 0.432922 -0.901426
vn 0.004683 0.467687 -0.883882
vn -0.000639 0.897025 -0.441979
vn 0.002495 0.720587 -0.693360
vn 1.000000 0.000000 0.000000
vn 1.000000 0.000000 0.000000
vn 1.000000 0.000000 0.000000
vn 1.000000 0.000000 0.000000
vn 1.000000 0.000000 0.000000
vn 1.000000 0.000000 0.000000
vn 1.000000 0.000000 0.000000
vn 1.000000 0.000000 0.000000
vn 1.000000 0.000000 0.000000
vn -0.103594 0.912240 -0.396341
vn 0.027139 0.667126 -0.744450
vn 0.048306 0.613763 -0.788011
vn -0.084331 0.885678 -0.456578
vn -0.229087 -0.682692 -0.693867
vn -0.576490 -0.389904 -0.718077
vn -0.670369 0.126587 -0.731150
vn -0.469667 0.468420 -0.748329
vn 0.621455 0.557319 -0.550626
vn 0.661909 0.275203 -0.697237
vn 0.683900 -0.178389 -0.707430
vn 0.303535 -0.619455 -0.723976
vn 0.613412 0.534912 -0.581029
vn 0.676372 0.175760 -0.715282
vn 0.654875 -0.382232 -0.651949
vn 0.235082 -0.632362 -0.738143
vn -0.262503 -0.654320 -0.709195
vn -0.731180 -0.196748 -0.653196
vn -0.664764 0.409816 -0.624612
vn -0.399240 0.456860 -0.794912
vn 0.491543 0.870678 0.017452
vn 0.962031 0.272469 0.016034
vn 0.905428 -0.424285 0.013536
vn 0.397970 -0.917249 0.016569
vn 0.014029 -0.999750 0.017423
vn 0.069305 0.997472 0.015681
vn 0.176151 -0.984259 -0.014287
vn -0.038410 0.999255 -0.003778
vn -0.206513 -0.978294 -0.017133
vn 0.776344 -0.630165 -0.013465
vn 0.998177 -0.059046 -0.012503
vn 0.839679 0.542875 -0.015027
vn 0.298456 0.954368 -0.010304
vn -0.655073 0.755560 0.003108
vn -0.653268 0.757122 0.002656
vn -0.639406 0.768869 -0.000788
vn -0.641335 0.767261 -0.000312
vn -0.988075 0.153968 -0.001479
vn -0.987767 0.155933 -0.001044
vn -0.989596 0.143828 -0.003720
vn -0.989864 0.141958 -0.004133
vn -0.754996 -0.655704 0.005839
vn -0.752550 -0.658517 0.004910
vn -0.767827 -0.640566 0.010781
vn -0.770698 -0.637089 0.011903
vn 0.000000 0.000000 -1.000000
vn 0.000000 0.000000 -1.000000
vn 0.000000 0.000000 -1.000000
vn 0.000000 0.000000 -1.000000
vn 0.000000 0.000000 -1.000000
vn 0.000000 0.000000 -1.000000
vn 0.000000 0.000000 -1.000000
vn 0.000000 0.000000 -1.000000
vn 0.000000 0.000000 -1.000000
vn -0.360530 -0.604279 -0.710539
vn -0.608471 -0.344554 -0.714874
vn -0.685920 0.064623 -0.724801
vn -0.542555 0.441337 -0.714742
vn -0.117329 0.670986 -0.732128
vn 0.350017 0.586104 -0.730732
vn 0.664798 0.206329 -0.717964
vn 0.618548 -0.184736 -0.763722
vn 0.124710 -0.618649 -0.775707
vn 0.139272 0.750370 -0.646180
vn 0.604550 0.450469 -0.656961
vn 0.737739 -0.039846 -0.673909
vn 0.359866 -0.397854 -0.843924
vn -0.063795 -0.806304 -0.588050
vn -0.417887 -0.545689 -0.726356
vn -0.667981 -0.241933 -0.703755
vn -0.664338 0.224818 -0.712820
vn -0.400551 0.636365 -0.659240
vn 0.196367 0.980363 0.018120
vn 0.809975 0.586290 0.014303
vn 0.995940 -0.089279 0.011566
vn 0.677309 -0.735490 0.017485
vn -0.003154 -0.999868 0.015915
vn -0.571152 -0.820802 0.008296
vn -0.940076 -0.340885 0.007444
vn -0.956202 0.292662 0.005248
vn -0.544446 0.838737 0.009938
vn 0.429808 -0.902626 -0.023039
vn -0.371201 0.928317 -0.020897
vn -0.964029 0.265328 -0.015800
vn -0.890441 -0.454996 -0.009618
vn -0.403958 -0.914661 -0.014599
vn 0.964823 -0.262478 -0.014888
vn 0.920077 0.391579 -0.011170
vn 0.471380 0.881742 -0.018228
vn 0.000000 0.000000 -1.000000
vn 0.000000 0.000000 -1.000000
vn 0.000000 0.000000 -1.000000
vn 0.000000 0.000000 -1.000000
vn 0.000000 0.000000 -1.000000
vn 0.000000 0.000000 -1.000000
vn 0.000000 0.000000 -1.000000
vn 0.000000 0.000000 -1.000000
vn 0.418489 0.470005 -0.777150
vn 0.681590 0.071430 -0.728240
vn 0.573787 -0.456847 -0.679749
vn 0.287080 -0.581583 -0.761148
vn 0.668312 0.414112 -0.617957
vn 0.716886 -0.157981 -0.679055
vn 0.508903 -0.491941 -0.706408
vn 0.258612 -0.563145 -0.784849
vn 0.323898 0.458698 -0.827458
vn -0.471177 -0.539203 -0.698035
vn -0.825914 -0.341588 -0.448535
vn -0.205329 -0.871943 -0.444472
vn -0.211206 -0.852384 -0.478365
vn -0.413453 -0.534296 -0.737282
vn -0.801685 -0.343955 -0.488872
vn -0.587921 0.286915 -0.756325
vn -0.761811 0.554078 -0.335622
vn -0.549209 0.241577 -0.800006
vn -0.749285 0.523668 -0.405392
vn 0.588155 0.808330 0.026010
vn -0.329802 -0.944017 0.007924
vn -0.638862 -0.769268 0.009026
vn -0.997915 -0.061769 0.018725
vn -0.652206 0.757579 0.026490
vn 0.183845 0.982664 0.023926
vn -0.182801 0.982756 -0.027841
vn -0.863606 0.503866 -0.017416
vn -0.987070 -0.160122 -0.007336
vn -0.704550 -0.709638 -0.004865
vn -0.417071 -0.908829 -0.009072
vn 0.330884 0.943338 -0.025079
vn 0.408117 -0.912925 -0.002881
vn 0.408616 -0.912701 -0.003009
vn 0.405735 -0.913988 -0.002272
vn 0.405274 -0.914193 -0.002154
vn 0.976179 0.216967 0.000730
vn 0.994680 -0.102991 0.002279
vn 0.917178 -0.398473 0.001876
vn 0.926973 -0.375120 -0.002537
vn 0.999112 -0.041382 -0.007948
vn 0.953702 0.300442 -0.013699
vn 0.000000 0.000000 -1.000000
vn 0.000000 0.000000 -1.000000
vn 0.000000 0.000000 -1.000000
vn 0.000000 0.000000 -1.000000
vn 0.000000 0.000000 -1.000000
vn 0.000000 0.000000 -1.000000
vn 0.000000 0.000000 -1.000000
vn 0.000000 0.000000 -1.000000
vn -0.255873 -0.645505 -0.719620
vn -0.698435 -0.192606 -0.689269
vn -0.580918 0.366103 -0.726982
vn -0.110843 0.684263 -0.720762
vn 0.338113 0.593055 -0.730729
vn 0.631777 0.237853 -0.737756
vn 0.676582 -0.208831 -0.706135
vn 0.371566 -0.624366 -0.687100
vn 0.548394 0.494697 -0.674195
vn 0.726634 0.019049 -0.686760
vn 0.625640 -0.460922 -0.629384
vn 0.169251 -0.766861 -0.619094
vn -0.250286 -0.593429 -0.764983
vn -0.653979 -0.492986 -0.573825
vn -0.784472 0.077753 -0.615271
vn -0.460894 0.614832 -0.639968
vn 0.060511 0.693467 -0.717943
vn -0.316930 0.948439 0.004276
vn -0.317892 0.948118 0.004073
vn -0.310366 0.950600 0.005660
vn -0.309201 0.950978 0.005905
vn -0.042783 -0.999020 0.011337
vn -0.372506 -0.927978 0.009793
vn -0.838353 -0.545023 0.010667
vn -0.998751 0.047979 0.013955
vn -0.910811 0.412571 0.014457
vn -0.172661 -0.984878 -0.014270
vn -0.830940 0.556236 -0.011857
vn -0.962005 0.272810 -0.010973
vn -0.944644 -0.327891 -0.011652
vn -0.539354 -0.841957 -0.014359
vn 0.715942 0.698008 0.014537
vn 0.999630 0.022288 0.015622
vn 0.815716 -0.578414 0.006654
vn 0.624175 -0.781283 0.001267
vn 0.378342 0.925605 0.010636
vn 0.696163 -0.717688 -0.016787
vn 0.285200 0.958455 -0.005092
vn 0.925635 -0.378036 -0.017005
vn 0.949009 0.314959 -0.013525
vn 0.575074 0.818052 -0.008924
vn 0.000000 0.000000 -1.000000
vn 0.000000 0.000000 -1.000000
vn 0.000000 0.000000 -1.000000
vn 0.000000 0.000000 -1.000000
vn 0.000000 0.000000 -1.000000
vn 0.000000 0.000000 -1.000000
vn 0.000000 0.000000 -1.000000
vn 0.000000 0.000000 -1.000000
vn 0.000000 0.000000 -1.000000
vn -0.376116 -0.310405 0.873032
vn -0.743136 -0.257219 -0.617727
vn -0.737668 -0.586178 -0.335024
vn -0.696909 -0.699162 0.159661
vn -0.705349 0.708634 -0.017875
vn -0.716931 0.488868 -0.497009
vn -0.648580 0.128985 -0.750138
vn -0.731773 0.438557 0.521705
vn -0.363994 0.147662 0.919622
vn -0.770818 0.404795 0.491915
vn -0.701293 0.701960 0.124255
vn -0.680287 0.625289 -0.382391
vn -0.692267 0.112887 -0.712757
vn -0.713554 -0.460879 -0.527665
vn -0.687990 -0.724027 -0.049547
vn -0.421403 -0.735362 0.530718
vn 0.017056 -0.073142 0.997176
vn 0.021141 0.289262 0.957016
vn 0.016218 -0.272810 -0.961931
vn 0.020922 -0.662398 -0.748860
vn 0.021490 -0.999691 -0.012477
vn 0.018679 -0.719158 0.694595
vn -0.015254 -0.089590 -0.995862
vn -0.020566 -0.364204 0.931092
vn -0.021310 -0.933203 0.358717
vn -0.018536 -0.907427 -0.419800
vn -0.014135 -0.417093 -0.908754
vn -0.015741 0.063306 0.997870
vn 0.004967 0.883175 0.469016
vn 0.009395 0.893382 0.449199
vn -0.015070 0.831358 0.555532
vn -0.018894 0.820417 0.571453
vn 0.002541 0.965647 -0.259845
vn 0.003649 0.963967 -0.265999
vn -0.004415 0.975266 -0.220992
vn -0.005486 0.976604 -0.214975
vn 0.010001 0.566477 -0.824017
vn 0.012143 0.556889 -0.830498
vn -0.002686 0.621523 -0.783392
vn -0.005059 0.631493 -0.775365
vn -1.000000 -0.000000 0.000000
vn -1.000000 -0.000000 0.000000
vn -1.000000 0.000000 0.000000
vn -1.000000 -0.000000 0.000000
vn -1.000000 0.000000 0.000000
vn -1.000000 -0.000000 0.000000
vn -1.000000 -0.000000 0.000000
vn -1.000000 0.000000 0.000000
vn -0.736019 -0.334951 0.588289
vn -0.726762 0.195548 0.658466
vn -0.466944 0.182985 -0.865147
vn -0.430847 -0.695916 0.574518
vn -0.684166 0.707727 -0.176180
vn -0.733271 0.378978 -0.564525
vn -0.688020 0.671948 0.274071
vn -0.630048 -0.119114 0.767366
vn -0.600955 0.498406 0.624856
vn -0.707657 0.636327 0.307099
vn -0.702176 0.704755 -0.101341
vn -0.681491 0.571643 -0.456941
vn -0.535721 0.198700 -0.820683
vn -0.522580 -0.631170 0.573180
vn -0.787831 -0.266005 -0.555485
vn -0.695061 -0.616266 -0.370279
vn -0.782972 -0.621106 0.034375
vn -0.827066 -0.212039 -0.520577
vn -0.648404 -0.500685 -0.573486
vn -0.652274 -0.744693 -0.141315
vn -0.830278 -0.550513 0.087031
vn -0.004619 0.995280 0.096936
vn 0.003276 0.986375 -0.164477
vn 0.016097 0.717812 -0.696051
vn 0.020694 0.033219 -0.999234
vn 0.016113 -0.682360 -0.730839
vn 0.014807 -0.893690 -0.448440
vn -0.021715 0.353202 -0.935295
vn -0.015612 -0.767456 -0.640911
vn -0.020005 -0.449136 -0.893240
vn -0.016676 0.938368 -0.345236
vn -0.011120 0.997994 0.062327
vn -0.011496 -0.985860 0.167178
vn -0.009546 -0.987192 0.159250
vn 0.001981 -0.993683 0.112210
vn 0.000244 -0.992856 0.119319
vn 0.016994 -0.154876 0.987788
vn 0.011948 0.518023 0.855284
vn 0.011070 0.749434 0.661986
vn 0.016016 -0.537978 0.842807
vn -0.009357 -0.380209 0.924853
vn -0.006292 -0.640728 0.767742
vn -0.015382 0.616318 0.787347
vn -0.016201 0.277755 0.960515
vn -1.000000 -0.000000 0.000000
vn -1.000000 0.000000 0.000000
vn -1.000000 0.000000 0.000000
vn -1.000000 0.000000 0.000000
vn -1.000000 0.000000 0.000000
vn -1.000000 -0.000000 0.000000
vn -1.000000 0.000000 0.000000
vn -1.000000 -0.000000 0.000000
vn -0.376750 -0.310587 0.872694
vn -0.743119 -0.257258 -0.617731
vn -0.737619 -0.586234 -0.335034
vn -0.696837 -0.699243 0.159617
vn -0.705382 0.708600 -0.017957
vn -0.716971 0.488799 -0.497019
vn -0.648562 0.128973 -0.750156
vn -0.731859 0.438436 0.521686
vn -0.364170 0.147865 0.919520
vn -0.770913 0.404718 0.491831
vn -0.701216 0.702019 0.124365
vn -0.680197 0.625396 -0.382377
vn -0.692257 0.112897 -0.712765
vn -0.713620 -0.460841 -0.527610
vn -0.688174 -0.723859 -0.049433
vn -0.422225 -0.735050 0.530497
vn 0.017056 -0.073142 0.997176
vn 0.021141 0.289262 0.957016
vn 0.016218 -0.272810 -0.961931
vn 0.020922 -0.662398 -0.748860
vn 0.021490 -0.999691 -0.012477
vn 0.018679 -0.719158 0.694595
vn -0.015254 -0.089590 -0.995862
vn -0.020566 -0.364204 0.931092
vn -0.021310 -0.933203 0.358717
vn -0.018536 -0.907428 -0.419799
vn -0.014135 -0.417094 -0.908754
vn -0.015741 0.063306 0.997870
vn 0.004967 0.883176 0.469016
vn 0.009395 0.893383 0.449198
vn -0.015070 0.831358 0.555532
vn -0.018894 0.820417 0.571453
vn 0.002541 0.965647 -0.259844
vn 0.003649 0.963967 -0.265998
vn -0.004415 0.975266 -0.220992
vn -0.005486 0.976604 -0.214975
vn 0.010001 0.566477 -0.824017
vn 0.012143 0.556889 -0.830498
vn -0.002686 0.621523 -0.783392
vn -0.005059 0.631493 -0.775365
vn -1.000000 -0.000000 0.000000
vn -1.000000 -0.000000 0.000000
vn -1.000000 -0.000000 0.000000
vn -1.000000 -0.000000 0.000000
vn -1.000000 0.000000 0.000000
vn -1.000000 -0.000000 0.000000
vn -1.000000 -0.000000 0.000000
vn -1.000000 0.000000 0.000000
vn -0.765285 -0.161546 0.623090
vn -0.466955 0.182894 -0.865160
vn -0.684168 0.707724 -0.176183
vn -0.733204 0.379051 -0.564563
vn -0.688851 0.344443 0.637842
vn -0.702675 0.661593 0.261808
vn -0.704092 -0.018858 0.709859
vn -0.696121 0.395513 0.599153
vn -0.707657 0.636332 0.307087
vn -0.702184 0.704745 -0.101349
vn -0.681553 0.571571 -0.456938
vn -0.535753 0.198641 -0.820677
vn -0.813711 -0.296944 0.499698
vn -0.787870 -0.265967 -0.555449
vn -0.695103 -0.616209 -0.370295
vn -0.783272 -0.620723 0.034473
vn -0.827089 -0.212026 -0.520546
vn -0.648301 -0.500724 -0.573568
vn -0.651962 -0.744960 -0.141352
vn -0.830545 -0.550120 0.086962
vn 0.016922 -0.155414 0.987704
vn 0.008731 0.521907 0.852957
vn 0.005283 0.914953 0.403525
vn 0.011270 0.985047 -0.171916
vn 0.015272 0.718576 -0.695281
vn 0.020694 0.033219 -0.999234
vn 0.016113 -0.682360 -0.730839
vn 0.014807 -0.893690 -0.448440
vn 0.016016 -0.537978 0.842807
vn -0.018126 0.331907 -0.943138
vn -0.011988 -0.349397 0.936898
vn -0.006292 -0.640728 0.767742
vn -0.015612 -0.767456 -0.640911
vn -0.020005 -0.449135 -0.893240
vn -0.013174 0.873411 -0.486805
vn -0.016555 0.978171 0.207140
vn -0.019909 0.452352 0.891617
vn -0.011496 -0.985860 0.167178
vn -0.009546 -0.987192 0.159250
vn 0.001981 -0.993683 0.112210
vn 0.000244 -0.992856 0.119319
vn -1.000000 0.000000 0.000000
vn -1.000000 -0.000000 0.000000
vn -1.000000 -0.000000 0.000000
vn -1.000000 0.000000 0.000000
vn -1.000000 -0.000000 0.000000
vn -1.000000 0.000000 0.000000
vn -1.000000 0.000000 0.000000
vn -1.000000 -0.000000 0.000000
vn -0.000025 1.000000 0.000037
vn -0.000025 1.000000 0.000037
vn -0.000025 1.000000 0.000037
vn -0.000002 -1.000000 -0.000002
vn -0.000002 -1.000000 -0.000002
vn -0.000002 -1.000000 -0.000002
vn 0.000000 1.000000 0.000000
vn 0.000000 1.000000 0.000000
vn 0.000000 1.000000 0.000000
vn 0.616086 0.361475 0.699838
vn 0.616086 0.361475 0.699838
vn 0.616086 0.361475 0.699838
vn 0.453091 0.859917 0.235055
vn 0.453091 0.859917 0.235055
vn 0.453091 0.859917 0.235055
vn 0.965435 0.231555 -0.119658
vn 0.965435 0.231555 -0.119658
vn 0.965435 0.231555 -0.119658
vn 0.486580 0.837777 -0.247730
vn 0.486580 0.837777 -0.247730
vn 0.486580 0.837777 -0.247730
vn -0.470718 0.857756 -0.206587
vn -0.470718 0.857756 -0.206587
vn -0.470718 0.857756 -0.206587
vn -0.954441 0.297398 -0.024450
vn -0.954441 0.297398 -0.024450
vn -0.954441 0.297398 -0.024450
vn -0.058764 0.810607 0.582635
vn -0.058764 0.810607 0.582635
vn -0.058764 0.810607 0.582635
vn 0.206387 0.281970 0.936962
vn 0.206387 0.281970 0.936962
vn 0.206387 0.281970 0.936962
vn -0.350770 0.804091 0.479999
vn -0.350770 0.804091 0.479999
vn -0.350770 0.804091 0.479999
vn -0.528258 -0.029160 0.848583
vn -0.528258 -0.029160 0.848583
vn -0.528258 -0.029160 0.848583
vn -0.796942 -0.517459 0.311640
vn -0.796942 -0.517459 0.311640
vn -0.796942 -0.517459 0.311640
vn 0.645344 -0.671663 -0.363867
vn 0.645344 -0.671663 -0.363867
vn 0.645344 -0.671663 -0.363867
vn 0.122981 0.981275 -0.148238
vn 0.122981 0.981275 -0.148238
vn 0.122981 0.981275 -0.148238
vn -0.134129 0.525390 -0.840223
vn -0.134129 0.525390 -0.840223
vn -0.134129 0.525390 -0.840223
vn -0.832149 -0.242404 0.498767
vn -0.832149 -0.242404 0.498767
vn -0.832149 -0.242404 0.498767
vn -0.832044 -0.242470 0.498910
vn -0.832044 -0.242470 0.498910
vn -0.832044 -0.242470 0.498910
vn -0.288650 -0.686403 0.667482
vn -0.288650 -0.686403 0.667482
vn -0.288650 -0.686403 0.667482
f 946//946 947//947 948//948
f 945//945 946//946 948//948
f 951//951 952//952 949//949
f 951//951 950//950 952//952
f 956//956 954//954 953//953
f 955//955 956//956 953//953
f 968//968 975//975 958//958
f 958//958 957//957 968//968
f 975//975 968//968 974//974
f 974//974 968//968 967//967
f 974//974 967//967 973//973
f 973//973 967//967 966//966
f 973//973 966//966 972//972
f 972//972 966//966 965//965
f 971//971 965//965 970//970
f 972//972 965//965 971//971
f 970//970 965//965 964//964
f 970//970 964//964 969//969
f 959//959 960//960 976//976
f 976//976 962//962 961//961
f 977//977 962//962 976//976
f 976//976 961//961 959//959
f 978//978 963//963 977//977
f 978//978 964//964 963//963
f 969//969 964//964 978//978
f 977//977 963//963 962//962
f 987//987 996//996 994//994
f 981//981 997//997 980//980
f 980//980 997//997 998//998
f 980//980 998//998 979//979
f 979//979 998//998 995//995
f 979//979 995//995 988//988
f 988//988 995//995 996//996
f 988//988 996//996 987//987
f 987//987 994//994 986//986
f 986//986 994//994 991//991
f 981//981 990//990 997//997
f 985//985 991//991 992//992
f 985//985 992//992 984//984
f 984//984 992//992 993//993
f 984//984 993//993 983//983
f 983//983 993//993 989//989
f 983//983 989//989 982//982
f 982//982 989//989 990//990
f 982//982 990//990 981//981
f 986//986 991//991 985//985
f 1018//1018 1002//1002 1017//1017
f 1008//1008 1003//1003 1018//1018
f 1008//1008 999//999 1003//1003
f 1009//1009 999//999 1008//1008
f 1016//1016 1002//1002 1015//1015
f 1010//1010 1000//1000 1009//1009
f 1010//1010 1007//1007 1000//1000
f 1007//1007 1010//1010 1011//1011
f 1009//1009 1000//1000 999//999
f 1018//1018 1003//1003 1002//1002
f 1015//1015 1004//1004 1014//1014
f 1015//1015 1002//1002 1001//1001
f 1015//1015 1001//1001 1004//1004
f 1014//1014 1004//1004 1013//1013
f 1013//1013 1004//1004 1006//1006
f 1013//1013 1006//1006 1012//1012
f 1005//1005 1019//1019 1012//1012
f 1012//1012 1006//1006 1005//1005
f 1017//1017 1002//1002 1016//1016
f 1036//1036 1031//1031 1037//1037
f 1036//1036 1024//1024 1031//1031
f 1035//1035 1025//1025 1024//1024
f 1027//1027 1034//1034 1028//1028
f 1035//1035 1027//1027 1026//1026
f 1035//1035 1024//1024 1036//1036
f 1035//1035 1026//1026 1025//1025
f 1034//1034 1032//1032 1029//1029
f 1035//1035 1034//1034 1027//1027
f 1029//1029 1032//1032 1030//1030
f 1023//1023 1039//1039 1038//1038
f 1032//1032 1020//1020 1030//1030
f 1032//1032 1033//1033 1020//1020
f 1023//1023 1022//1022 1039//1039
f 1022//1022 1033//1033 1039//1039
f 1022//1022 1021//1021 1033//1033
f 1034//1034 1029//1029 1028//1028
f 1020//1020 1033//1033 1021//1021
f 1047//1047 1043//1043 1046//1046
f 1047//1047 1042//1042 1043//1043
f 1042//1042 1045//1045 1040//1040
f 1044//1044 1041//1041 1045//1045
f 1041//1041 1040//1040 1045//1045
f 1042//1042 1047//1047 1045//1045
f 1067//1067 1070//1070 1076//1076
f 1067//1067 1089//1089 1070//1070
f 1067//1067 1076//1076 1079//1079
f 1064//1064 1067//1067 1079//1079
f 1060//1060 1089//1089 1067//1067
f 1064//1064 1079//1079 1078//1078
f 1065//1065 1064//1064 1078//1078
f 1065//1065 1078//1078 1077//1077
f 1066//1066 1065//1065 1077//1077
f 1056//1056 1066//1066 1077//1077
f 1057//1057 1048//1048 1085//1085
f 1057//1057 1063//1063 1062//1062
f 1057//1057 1085//1085 1060//1060
f 1058//1058 1059//1059 1048//1048
f 1058//1058 1048//1048 1057//1057
f 1048//1048 1087//1087 1086//1086
f 1056//1056 1061//1061 1066//1066
f 1056//1056 1062//1062 1061//1061
f 1056//1056 1057//1057 1062//1062
f 1056//1056 1077//1077 1055//1055
f 1057//1057 1060//1060 1063//1063
f 1048//1048 1086//1086 1085//1085
f 1060//1060 1085//1085 1089//1089
f 1077//1077 1082//1082 1055//1055
f 1073//1073 1075//1075 1051//1051
f 1048//1048 1049//1049 1087//1087
f 1075//1075 1050//1050 1051//1051
f 1075//1075 1069//1069 1050//1050
f 1074//1074 1073//1073 1051//1051
f 1054//1054 1051//1051 1052//1052
f 1054//1054 1052//1052 1053//1053
f 1090//1090 1068//1068 1072//1072
f 1091//1091 1090//1090 1072//1072
f 1084//1084 1069//1069 1068//1068
f 1084//1084 1068//1068 1090//1090
f 1088//1088 1091//1091 1072//1072
f 1084//1084 1050//1050 1069//1069
f 1089//1089 1088//1088 1071//1071
f 1082//1082 1081//1081 1055//1055
f 1081//1081 1080//1080 1055//1055
f 1049//1049 1084//1084 1087//1087
f 1049//1049 1050//1050 1084//1084
f 1088//1088 1072//1072 1071//1071
f 1076//1076 1070//1070 1074//1074
f 1080//1080 1054//1054 1055//1055
f 1080//1080 1083//1083 1054//1054
f 1083//1083 1051//1051 1054//1054
f 1083//1083 1074//1074 1051//1051
f 1089//1089 1071//1071 1070//1070
f 1076//1076 1074//1074 1083//1083
f 1104//1104 1095//1095 1103//1103
f 1105//1105 1093//1093 1104//1104
f 1104//1104 1093//1093 1094//1094
f 1104//1104 1094//1094 1095//1095
f 1100//1100 1092//1092 1099//1099
f 1103//1103 1102//1102 1101//1101
f 1092//1092 1098//1098 1099//1099
f 1100//1100 1097//1097 1092//1092
f 1100//1100 1096//1096 1097//1097
f 1103//1103 1095//1095 1102//1102
f 1103//1103 1101//1101 1096//1096
f 1103//1103 1096//1096 1100//1100
f 1108//1108 1109//1109 1107//1107
f 1107//1107 1109//1109 1106//1106
f 1114//1114 1112//1112 1113//1113
f 1114//1114 1110//1110 1112//1112
f 1113//1113 1112//1112 1111//1111
f 1115//1115 1118//1118 1116//1116
f 1116//1116 1118//1118 1117//1117
f 1119//1119 1121//1121 1122//1122
f 1119//1119 1122//1122 1120//1120
f 1123//1123 1129//1129 1124//1124
f 1123//1123 1126//1126 1129//1129
f 1130//1130 1128//1128 1125//1125
f 1128//1128 1127//1127 1125//1125
f 1123//1123 1125//1125 1127//1127
f 1126//1126 1123//1123 1127//1127
f 1142//1142 1150//1150 1143//1143
f 1144//1144 1143//1143 1150//1150
f 1147//1147 1148//1148 1141//1141
f 1147//1147 1138//1138 1146//1146
f 1147//1147 1141//1141 1140//1140
f 1147//1147 1140//1140 1139//1139
f 1147//1147 1139//1139 1138//1138
f 1148//1148 1131//1131 1141//1141
f 1142//1142 1149//1149 1150//1150
f 1138//1138 1137//1137 1146//1146
f 1134//1134 1149//1149 1142//1142
f 1145//1145 1135//1135 1144//1144
f 1145//1145 1144//1144 1150//1150
f 1148//1148 1132//1132 1131//1131
f 1136//1136 1135//1135 1145//1145
f 1146//1146 1137//1137 1136//1136
f 1146//1146 1136//1136 1145//1145
f 1134//1134 1133//1133 1149//1149
f 1161//1161 1162//1162 1157//1157
f 1158//1158 1162//1162 1151//1151
f 1151//1151 1162//1162 1163//1163
f 1151//1151 1163//1163 1153//1153
f 1153//1153 1163//1163 1152//1152
f 1152//1152 1163//1163 1154//1154
f 1154//1154 1164//1164 1159//1159
f 1157//1157 1165//1165 1161//1161
f 1162//1162 1158//1158 1157//1157
f 1154//1154 1163//1163 1164//1164
f 1156//1156 1155//1155 1160//1160
f 1164//1164 1160//1160 1159//1159
f 1164//1164 1156//1156 1160//1160
f 1177//1177 1173//1173 1172//1172
f 1183//1183 1169//1169 1168//1168
f 1182//1182 1170//1170 1169//1169
f 1182//1182 1169//1169 1183//1183
f 1167//1167 1166//1166 1171//1171
f 1172//1172 1167//1167 1171//1171
f 1177//1177 1174//1174 1173//1173
f 1182//1182 1171//1171 1170//1170
f 1177//1177 1172//1172 1171//1171
f 1176//1176 1174//1174 1177//1177
f 1176//1176 1175//1175 1174//1174
f 1178//1178 1177//1177 1179//1179
f 1179//1179 1177//1177 1182//1182
f 1180//1180 1182//1182 1181//1181
f 1179//1179 1182//1182 1180//1180
f 1177//1177 1171//1171 1182//1182
f 1228//1228 1227//1227 1207//1207
f 1227//1227 1200//1200 1207//1207
f 1225//1225 1215//1215 1214//1214
f 1226//1226 1201//1201 1200//1200
f 1226//1226 1214//1214 1196//1196
f 1226//1226 1196//1196 1201//1201
f 1229//1229 1228//1228 1207//1207
f 1225//1225 1214//1214 1226//1226
f 1227//1227 1226//1226 1200//1200
f 1185//1185 1230//1230 1229//1229
f 1184//1184 1225//1225 1224//1224
f 1184//1184 1215//1215 1225//1225
f 1197//1197 1215//1215 1184//1184
f 1197//1197 1198//1198 1216//1216
f 1185//1185 1229//1229 1206//1206
f 1185//1185 1206//1206 1186//1186
f 1185//1185 1231//1231 1230//1230
f 1185//1185 1184//1184 1231//1231
f 1206//1206 1205//1205 1186//1186
f 1184//1184 1224//1224 1231//1231
f 1205//1205 1204//1204 1186//1186
f 1197//1197 1216//1216 1215//1215
f 1201//1201 1196//1196 1202//1202
f 1194//1194 1192//1192 1193//1193
f 1218//1218 1192//1192 1219//1219
f 1219//1219 1192//1192 1194//1194
f 1218//1218 1191//1191 1192//1192
f 1217//1217 1191//1191 1218//1218
f 1195//1195 1220//1220 1219//1219
f 1195//1195 1219//1219 1194//1194
f 1204//1204 1189//1189 1186//1186
f 1221//1221 1220//1220 1195//1195
f 1212//1212 1211//1211 1217//1217
f 1210//1210 1190//1190 1191//1191
f 1210//1210 1191//1191 1217//1217
f 1210//1210 1217//1217 1211//1211
f 1212//1212 1217//1217 1223//1223
f 1196//1196 1222//1222 1221//1221
f 1229//1229 1207//1207 1206//1206
f 1213//1213 1212//1212 1223//1223
f 1199//1199 1210//1210 1209//1209
f 1199//1199 1190//1190 1210//1210
f 1213//1213 1223//1223 1222//1222
f 1208//1208 1199//1199 1209//1209
f 1214//1214 1213//1213 1222//1222
f 1204//1204 1203//1203 1189//1189
f 1202//1202 1196//1196 1203//1203
f 1203//1203 1196//1196 1189//1189
f 1189//1189 1188//1188 1187//1187
f 1189//1189 1196//1196 1188//1188
f 1198//1198 1199//1199 1216//1216
f 1216//1216 1199//1199 1208//1208
f 1196//1196 1221//1221 1195//1195
f 1214//1214 1222//1222 1196//1196
f 1237//1237 1238//1238 1239//1239
f 1237//1237 1236//1236 1238//1238
f 1236//1236 1237//1237 1235//1235
f 1237//1237 1232//1232 1235//1235
f 1233//1233 1234//1234 1232//1232
f 1234//1234 1235//1235 1232//1232
f 1243//1243 1249//1249 1244//1244
f 1256//1256 1260//1260 1257//1257
f 1248//1248 1247//1247 1245//1245
f 1247//1247 1246//1246 1245//1245
f 1257//1257 1260//1260 1258//1258
f 1248//1248 1245//1245 1244//1244
f 1249//1249 1248//1248 1244//1244
f 1258//1258 1260//1260 1259//1259
f 1242//1242 1251//1251 1243//1243
f 1241//1241 1253//1253 1242//1242
f 1241//1241 1254//1254 1253//1253
f 1241//1241 1240//1240 1254//1254
f 1242//1242 1253//1253 1252//1252
f 1242//1242 1252//1252 1251//1251
f 1254//1254 1240//1240 1255//1255
f 1250//1250 1249//1249 1243//1243
f 1255//1255 1240//1240 1256//1256
f 1251//1251 1250//1250 1243//1243
f 1240//1240 1260//1260 1256//1256
f 1286//1286 1288//1288 1280//1280
f 1267//1267 1268//1268 1269//1269
f 1267//1267 1269//1269 1266//1266
f 1262//1262 1264//1264 1265//1265
f 1262//1262 1282//1282 1281//1281
f 1261//1261 1262//1262 1281//1281
f 1263//1263 1264//1264 1262//1262
f 1261//1261 1285//1285 1284//1284
f 1261//1261 1281//1281 1285//1285
f 1261//1261 1284//1284 1286//1286
f 1261//1261 1286//1286 1280//1280
f 1282//1282 1265//1265 1283//1283
f 1262//1262 1265//1265 1282//1282
f 1288//1288 1279//1279 1280//1280
f 1287//1287 1275//1275 1276//1276
f 1283//1283 1265//1265 1266//1266
f 1274//1274 1272//1272 1273//1273
f 1275//1275 1272//1272 1274//1274
f 1279//1279 1276//1276 1277//1277
f 1279//1279 1277//1277 1278//1278
f 1291//1291 1271//1271 1295//1295
f 1296//1296 1295//1295 1271//1271
f 1296//1296 1271//1271 1272//1272
f 1270//1270 1290//1290 1289//1289
f 1270//1270 1291//1291 1290//1290
f 1283//1283 1292//1292 1294//1294
f 1270//1270 1271//1271 1291//1291
f 1269//1269 1270//1270 1289//1289
f 1266//1266 1293//1293 1292//1292
f 1266//1266 1269//1269 1293//1293
f 1287//1287 1294//1294 1296//1296
f 1287//1287 1296//1296 1275//1275
f 1283//1283 1294//1294 1287//1287
f 1288//1288 1287//1287 1276//1276
f 1288//1288 1276//1276 1279//1279
f 1283//1283 1266//1266 1292//1292
f 1269//1269 1289//1289 1293//1293
f 1296//1296 1272//1272 1275//1275
f 1297//1297 1300//1300 1298//1298
f 1297//1297 1299//1299 1300//1300
f 1301//1301 1307//1307 1302//1302
f 1306//1306 1301//1301 1304//1304
f 1306//1306 1304//1304 1305//1305
f 1303//1303 1308//1308 1304//1304
f 1308//1308 1305//1305 1304//1304
f 1301//1301 1306//1306 1307//1307
f 1327//1327 1328//1328 1329//1329
f 1320//1320 1314//1314 1316//1316
f 1320//1320 1315//1315 1314//1314
f 1321//1321 1327//1327 1329//1329
f 1317//1317 1312//1312 1318//1318
f 1309//1309 1312//1312 1317//1317
f 1320//1320 1313//1313 1315//1315
f 1310//1310 1326//1326 1325//1325
f 1309//1309 1317//1317 1326//1326
f 1310//1310 1324//1324 1311//1311
f 1324//1324 1323//1323 1311//1311
f 1323//1323 1322//1322 1311//1311
f 1318//1318 1312//1312 1319//1319
f 1311//1311 1321//1321 1329//1329
f 1310//1310 1309//1309 1326//1326
f 1311//1311 1322//1322 1321//1321
f 1312//1312 1313//1313 1319//1319
f 1310//1310 1325//1325 1324//1324
f 1319//1319 1313//1313 1320//1320
f 1337//1337 1344//1344 1345//1345
f 1331//1331 1330//1330 1334//1334
f 1337//1337 1345//1345 1346//1346
f 1336//1336 1341//1341 1344//1344
f 1336//1336 1344//1344 1338//1338
f 1341//1341 1336//1336 1335//1335
f 1332//1332 1341//1341 1335//1335
f 1335//1335 1333//1333 1332//1332
f 1338//1338 1344//1344 1337//1337
f 1348//1348 1334//1334 1340//1340
f 1340//1340 1342//1342 1348//1348
f 1340//1340 1343//1343 1342//1342
f 1345//1345 1343//1343 1340//1340
f 1339//1339 1345//1345 1340//1340
f 1347//1347 1345//1345 1339//1339
f 1346//1346 1345//1345 1347//1347
f 1348//1348 1331//1331 1334//1334
f 1354//1354 1351//1351 1349//1349
f 1356//1356 1355//1355 1349//1349
f 1355//1355 1354//1354 1349//1349
f 1351//1351 1353//1353 1352//1352
f 1349//1349 1351//1351 1350//1350
f 1354//1354 1353//1353 1351//1351
f 1357//1357 1360//1360 1358//1358
f 1357//1357 1359//1359 1360//1360
f 1364//1364 1361//1361 1362//1362
f 1363//1363 1361//1361 1364//1364
f 1368//1368 1369//1369 1370//1370
f 1366//1366 1367//1367 1368//1368
f 1366//1366 1368//1368 1365//1365
f 1365//1365 1368//1368 1370//1370
f 1372//1372 1376//1376 1371//1371
f 1372//1372 1375//1375 1376//1376
f 1376//1376 1375//1375 1373//1373
f 1376//1376 1373//1373 1374//1374
f 1378//1378 1380//1380 1377//1377
f 1377//1377 1380//1380 1379//1379
f 1381//1381 1382//1382 1385//1385
f 1381//1381 1385//1385 1384//1384
f 1382//1382 1383//1383 1385//1385
f 1386//1386 1387//1387 1390//1390
f 1386//1386 1390//1390 1388//1388
f 1399//1399 1398//1398 1402//1402
f 1401//1401 1399//1399 1402//1402
f 1387//1387 1389//1389 1390//1390
f 1392//1392 1395//1395 1387//1387
f 1392//1392 1391//1391 1395//1395
f 1387//1387 1398//1398 1389//1389
f 1387//1387 1395//1395 1394//1394
f 1387//1387 1394//1394 1398//1398
f 1394//1394 1393//1393 1398//1398
f 1393//1393 1396//1396 1398//1398
f 1393//1393 1397//1397 1396//1396
f 1398//1398 1399//1399 1400//1400
f 1389//1389 1398//1398 1400//1400
f 1403//1403 1405//1405 1406//1406
f 1403//1403 1404//1404 1405//1405
f 1407//1407 1409//1409 1411//1411
f 1408//1408 1410//1410 1409//1409
f 1407//1407 1408//1408 1409//1409
f 1413//1413 1414//1414 1412//1412
f 1417//1417 1416//1416 1414//1414
f 1416//1416 1415//1415 1414//1414
f 1412//1412 1414//1414 1415//1415
f 1419//1419 1422//1422 1418//1418
f 1419//1419 1420//1420 1422//1422
f 1418//1418 1422//1422 1421//1421
f 1422//1422 1420//1420 1423//1423
f 1426//1426 1424//1424 1425//1425
f 1426//1426 1427//1427 1424//1424
f 1428//1428 1429//1429 1430//1430
f 1429//1429 1431//1431 1430//1430
f 1438//1438 1435//1435 1434//1434
f 1438//1438 1434//1434 1432//1432
f 1435//1435 1437//1437 1433//1433
f 1435//1435 1433//1433 1434//1434
f 1438//1438 1436//1436 1435//1435
f 1438//1438 1432//1432 1439//1439
f 1443//1443 1442//1442 1440//1440
f 1441//1441 1443//1443 1440//1440
f 1455//1455 1456//1456 1470//1470
f 1455//1455 1470//1470 1479//1479
f 1455//1455 1479//1479 1454//1454
f 1457//1457 1472//1472 1456//1456
f 1457//1457 1473//1473 1472//1472
f 1457//1457 1458//1458 1473//1473
f 1456//1456 1472//1472 1471//1471
f 1456//1456 1471//1471 1470//1470
f 1470//1470 1469//1469 1479//1479
f 1473//1473 1458//1458 1459//1459
f 1469//1469 1480//1480 1479//1479
f 1473//1473 1459//1459 1474//1474
f 1474//1474 1459//1459 1487//1487
f 1491//1491 1465//1465 1492//1492
f 1476//1476 1481//1481 1480//1480
f 1469//1469 1476//1476 1480//1480
f 1449//1449 1450//1450 1491//1491
f 1449//1449 1491//1491 1490//1490
f 1487//1487 1486//1486 1446//1446
f 1486//1486 1463//1463 1446//1446
f 1486//1486 1485//1485 1463//1463
f 1485//1485 1464//1464 1463//1463
f 1485//1485 1492//1492 1464//1464
f 1491//1491 1450//1450 1466//1466
f 1492//1492 1465//1465 1464//1464
f 1491//1491 1466//1466 1465//1465
f 1446//1446 1463//1463 1462//1462
f 1446//1446 1451//1451 1445//1445
f 1446//1446 1462//1462 1461//1461
f 1446//1446 1461//1461 1460//1460
f 1446//1446 1460//1460 1451//1451
f 1466//1466 1450//1450 1467//1467
f 1460//1460 1468//1468 1451//1451
f 1468//1468 1450//1450 1451//1451
f 1467//1467 1450//1450 1468//1468
f 1445//1445 1451//1451 1444//1444
f 1459//1459 1488//1488 1487//1487
f 1459//1459 1489//1489 1488//1488
f 1459//1459 1449//1449 1490//1490
f 1483//1483 1447//1447 1484//1484
f 1482//1482 1447//1447 1483//1483
f 1484//1484 1447//1447 1448//1448
f 1482//1482 1446//1446 1447//1447
f 1474//1474 1446//1446 1475//1475
f 1474//1474 1487//1487 1446//1446
f 1475//1475 1446//1446 1482//1482
f 1475//1475 1482//1482 1481//1481
f 1476//1476 1475//1475 1481//1481
f 1454//1454 1479//1479 1478//1478
f 1454//1454 1478//1478 1453//1453
f 1453//1453 1478//1478 1477//1477
f 1453//1453 1484//1484 1448//1448
f 1453//1453 1477//1477 1484//1484
f 1459//1459 1490//1490 1489//1489
f 1453//1453 1448//1448 1452//1452
f 1493//1493 1500//1500 1494//1494
f 1497//1497 1498//1498 1495//1495
f 1496//1496 1497//1497 1495//1495
f 1499//1499 1495//1495 1498//1498
f 1499//1499 1493//1493 1495//1495
f 1493//1493 1499//1499 1500//1500
f 1503//1503 1502//1502 1501//1501
f 1503//1503 1501//1501 1504//1504
f 1507//1507 1512//1512 1508//1508
f 1507//1507 1506//1506 1510//1510
f 1509//1509 1507//1507 1510//1510
f 1505//1505 1511//1511 1506//1506
f 1511//1511 1510//1510 1506//1506
f 1507//1507 1509//1509 1512//1512
f 1530//1530 1531//1531 1529//1529
f 1516//1516 1518//1518 1517//1517
f 1517//1517 1518//1518 1521//1521
f 1517//1517 1521//1521 1515//1515
f 1531//1531 1523//1523 1522//1522
f 1531//1531 1532//1532 1523//1523
f 1521//1521 1520//1520 1515//1515
f 1515//1515 1519//1519 1514//1514
f 1531//1531 1522//1522 1529//1529
f 1515//1515 1520//1520 1519//1519
f 1532//1532 1513//1513 1525//1525
f 1532//1532 1524//1524 1523//1523
f 1519//1519 1528//1528 1514//1514
f 1525//1525 1513//1513 1526//1526
f 1528//1528 1527//1527 1514//1514
f 1527//1527 1526//1526 1514//1514
f 1532//1532 1525//1525 1524//1524
f 1526//1526 1513//1513 1514//1514
f 1543//1543 1536//1536 1537//1537
f 1543//1543 1537//1537 1544//1544
f 1538//1538 1539//1539 1545//1545
f 1537//1537 1545//1545 1544//1544
f 1537//1537 1538//1538 1545//1545
f 1535//1535 1542//1542 1540//1540
f 1533//1533 1535//1535 1540//1540
f 1540//1540 1534//1534 1533//1533
f 1547//1547 1536//1536 1543//1543
f 1546//1546 1536//1536 1547//1547
f 1542//1542 1535//1535 1541//1541
f 1541//1541 1535//1535 1536//1536
f 1541//1541 1536//1536 1546//1546
f 1551//1551 1549//1549 1550//1550
f 1549//1549 1548//1548 1550//1550
f 1556//1556 1552//1552 1553//1553
f 1556//1556 1554//1554 1552//1552
f 1553//1553 1555//1555 1556//1556
f 1557//1557 1560//1560 1559//1559
f 1558//1558 1557//1557 1559//1559
f 1562//1562 1577//1577 1576//1576
f 1573//1573 1564//1564 1561//1561
f 1564//1564 1573//1573 1578//1578
f 1564//1564 1578//1578 1563//1563
f 1563//1563 1578//1578 1562//1562
f 1562//1562 1578//1578 1577//1577
f 1562//1562 1576//1576 1571//1571
f 1571//1571 1576//1576 1570//1570
f 1570//1570 1576//1576 1575//1575
f 1570//1570 1575//1575 1569//1569
f 1568//1568 1575//1575 1581//1581
f 1568//1568 1581//1581 1567//1567
f 1567//1567 1581//1581 1566//1566
f 1566//1566 1581//1581 1580//1580
f 1566//1566 1579//1579 1565//1565
f 1566//1566 1580//1580 1579//1579
f 1574//1574 1572//1572 1565//1565
f 1565//1565 1579//1579 1574//1574
f 1569//1569 1575//1575 1568//1568
f 1586//1586 1594//1594 1585//1585
f 1589//1589 1598//1598 1588//1588
f 1585//1585 1594//1594 1591//1591
f 1589//1589 1597//1597 1598//1598
f 1585//1585 1592//1592 1590//1590
f 1582//1582 1595//1595 1587//1587
f 1585//1585 1591//1591 1592//1592
f 1584//1584 1595//1595 1582//1582
f 1587//1587 1595//1595 1593//1593
f 1583//1583 1596//1596 1584//1584
f 1584//1584 1596//1596 1595//1595
f 1590//1590 1597//1597 1589//1589
f 1588//1588 1599//1599 1583//1583
f 1590//1590 1592//1592 1597//1597
f 1583//1583 1599//1599 1596//1596
f 1588//1588 1598//1598 1599//1599
f 1601//1601 1604//1604 1605//1605
f 1602//1602 1604//1604 1601//1601
f 1602//1602 1603//1603 1604//1604
f 1601//1601 1605//1605 1600//1600
f 1617//1617 1610//1610 1627//1627
f 1611//1611 1624//1624 1625//1625
f 1625//1625 1608//1608 1611//1611
f 1626//1626 1608//1608 1625//1625
f 1626//1626 1609//1609 1608//1608
f 1627//1627 1609//1609 1626//1626
f 1627//1627 1610//1610 1609//1609
f 1620//1620 1607//1607 1619//1619
f 1619//1619 1606//1606 1618//1618
f 1619//1619 1607//1607 1606//1606
f 1621//1621 1607//1607 1620//1620
f 1621//1621 1613//1613 1607//1607
f 1622//1622 1613//1613 1621//1621
f 1622//1622 1614//1614 1613//1613
f 1623//1623 1614//1614 1622//1622
f 1623//1623 1615//1615 1614//1614
f 1616//1616 1612//1612 1615//1615
f 1615//1615 1623//1623 1616//1616
f 1618//1618 1610//1610 1617//1617
f 1618//1618 1606//1606 1610//1610
f 1643//1643 1642//1642 1641//1641
f 1643//1643 1630//1630 1642//1642
f 1644//1644 1641//1641 1640//1640
f 1646//1646 1631//1631 1647//1647
f 1644//1644 1640//1640 1639//1639
f 1647//1647 1638//1638 1628//1628
f 1638//1638 1637//1637 1628//1628
f 1628//1628 1637//1637 1636//1636
f 1644//1644 1643//1643 1641//1641
f 1628//1628 1636//1636 1629//1629
f 1636//1636 1635//1635 1629//1629
f 1632//1632 1630//1630 1633//1633
f 1635//1635 1634//1634 1629//1629
f 1645//1645 1644//1644 1639//1639
f 1633//1633 1630//1630 1634//1634
f 1634//1634 1630//1630 1629//1629
f 1642//1642 1630//1630 1632//1632
f 1647//1647 1631//1631 1638//1638
f 1649//1649 1651//1651 1658//1658
f 1658//1658 1651//1651 1652//1652
f 1656//1656 1650//1650 1659//1659
f 1656//1656 1654//1654 1655//1655
f 1657//1657 1654//1654 1656//1656
f 1657//1657 1661//1661 1654//1654
f 1657//1657 1660//1660 1661//1661
f 1657//1657 1653//1653 1660//1660
f 1658//1658 1653//1653 1657//1657
f 1658//1658 1652//1652 1653//1653
f 1649//1649 1648//1648 1651//1651
f 1656//1656 1655//1655 1650//1650
f 1675//1675 1674//1674 1676//1676
f 1675//1675 1676//1676 1678//1678
f 1675//1675 1681//1681 1680//1680
f 1675//1675 1678//1678 1681//1681
f 1673//1673 1675//1675 1680//1680
f 1672//1672 1685//1685 1711//1711
f 1673//1673 1680//1680 1679//1679
f 1668//1668 1667//1667 1704//1704
f 1672//1672 1673//1673 1685//1685
f 1685//1685 1684//1684 1711//1711
f 1673//1673 1679//1679 1685//1685
f 1681//1681 1678//1678 1677//1677
f 1688//1688 1708//1708 1689//1689
f 1684//1684 1683//1683 1716//1716
f 1669//1669 1719//1719 1670//1670
f 1672//1672 1719//1719 1669//1669
f 1690//1690 1709//1709 1703//1703
f 1691//1691 1703//1703 1702//1702
f 1691//1691 1690//1690 1703//1703
f 1690//1690 1707//1707 1709//1709
f 1691//1691 1702//1702 1717//1717
f 1689//1689 1707//1707 1690//1690
f 1692//1692 1691//1691 1717//1717
f 1689//1689 1708//1708 1707//1707
f 1684//1684 1716//1716 1711//1711
f 1719//1719 1671//1671 1670//1670
f 1693//1693 1692//1692 1717//1717
f 1668//1668 1688//1688 1699//1699
f 1668//1668 1704//1704 1708//1708
f 1668//1668 1708//1708 1688//1688
f 1694//1694 1693//1693 1720//1720
f 1701//1701 1668//1668 1699//1699
f 1698//1698 1701//1701 1699//1699
f 1695//1695 1694//1694 1720//1720
f 1700//1700 1701//1701 1698//1698
f 1712//1712 1695//1695 1713//1713
f 1712//1712 1696//1696 1695//1695
f 1713//1713 1695//1695 1720//1720
f 1693//1693 1717//1717 1720//1720
f 1715//1715 1696//1696 1712//1712
f 1719//1719 1722//1722 1671//1671
f 1706//1706 1718//1718 1717//1717
f 1683//1683 1714//1714 1716//1716
f 1683//1683 1682//1682 1697//1697
f 1683//1683 1697//1697 1714//1714
f 1682//1682 1686//1686 1697//1697
f 1682//1682 1687//1687 1686//1686
f 1714//1714 1697//1697 1715//1715
f 1711//1711 1710//1710 1672//1672
f 1697//1697 1696//1696 1715//1715
f 1710//1710 1719//1719 1672//1672
f 1710//1710 1720//1720 1719//1719
f 1723//1723 1663//1663 1724//1724
f 1702//1702 1706//1706 1717//1717
f 1710//1710 1713//1713 1720//1720
f 1718//1718 1664//1664 1723//1723
f 1718//1718 1665//1665 1664//1664
f 1718//1718 1666//1666 1665//1665
f 1718//1718 1667//1667 1666//1666
f 1662//1662 1721//1721 1724//1724
f 1662//1662 1724//1724 1663//1663
f 1722//1722 1721//1721 1662//1662
f 1671//1671 1722//1722 1662//1662
f 1706//1706 1705//1705 1667//1667
f 1704//1704 1667//1667 1705//1705
f 1706//1706 1667//1667 1718//1718
f 1664//1664 1663//1663 1723//1723
f 1733//1733 1726//1726 1740//1740
f 1740//1740 1726//1726 1727//1727
f 1733//1733 1732//1732 1726//1726
f 1741//1741 1729//1729 1742//1742
f 1729//1729 1738//1738 1742//1742
f 1736//1736 1725//1725 1734//1734
f 1728//1728 1729//1729 1741//1741
f 1741//1741 1727//1727 1728//1728
f 1740//1740 1727//1727 1741//1741
f 1742//1742 1730//1730 1731//1731
f 1742//1742 1731//1731 1737//1737
f 1737//1737 1731//1731 1735//1735
f 1735//1735 1731//1731 1736//1736
f 1736//1736 1731//1731 1725//1725
f 1742//1742 1738//1738 1739//1739
f 1742//1742 1739//1739 1730//1730
f 1745//1745 1744//1744 1743//1743
f 1745//1745 1743//1743 1746//1746
f 1748//1748 1747//1747 1749//1749
f 1747//1747 1750//1750 1749//1749
f 1752//1752 1754//1754 1751//1751
f 1754//1754 1753//1753 1751//1751
f 1755//1755 1758//1758 1756//1756
f 1756//1756 1758//1758 1757//1757
f 1764//1764 1763//1763 1765//1765
f 1765//1765 1763//1763 1762//1762
f 1766//1766 1765//1765 1762//1762
f 1760//1760 1767//1767 1761//1761
f 1766//1766 1762//1762 1761//1761
f 1767//1767 1766//1766 1761//1761
f 1759//1759 1767//1767 1760//1760
f 1769//1769 1768//1768 1772//1772
f 1772//1772 1768//1768 1773//1773
f 1768//1768 1771//1771 1773//1773
f 1773//1773 1771//1771 1770//1770
f 1775//1775 1776//1776 1777//1777
f 1775//1775 1774//1774 1776//1776
f 1781//1781 1783//1783 1782//1782
f 1783//1783 1785//1785 1782//1782
f 1784//1784 1780//1780 1779//1779
f 1778//1778 1784//1784 1779//1779
f 1782//1782 1785//1785 1778//1778
f 1785//1785 1784//1784 1778//1778
f 1789//1789 1788//1788 1793//1793
f 1793//1793 1788//1788 1794//1794
f 1787//1787 1786//1786 1794//1794
f 1790//1790 1789//1789 1792//1792
f 1791//1791 1790//1790 1792//1792
f 1788//1788 1787//1787 1794//1794
f 1792//1792 1789//1789 1793//1793
f 1797//1797 1796//1796 1795//1795
f 1798//1798 1796//1796 1797//1797
f 1802//1802 1803//1803 1799//1799
f 1801//1801 1803//1803 1802//1802
f 1800//1800 1802//1802 1799//1799
f 1826//1826 1811//1811 1816//1816
f 1837//1837 1822//1822 1815//1815
f 1836//1836 1815//1815 1805//1805
f 1836//1836 1837//1837 1815//1815
f 1835//1835 1836//1836 1805//1805
f 1835//1835 1805//1805 1807//1807
f 1826//1826 1827//1827 1811//1811
f 1827//1827 1804//1804 1811//1811
f 1827//1827 1828//1828 1804//1804
f 1828//1828 1809//1809 1804//1804
f 1828//1828 1829//1829 1809//1809
f 1829//1829 1830//1830 1825//1825
f 1837//1837 1838//1838 1822//1822
f 1830//1830 1824//1824 1825//1825
f 1830//1830 1831//1831 1824//1824
f 1831//1831 1823//1823 1824//1824
f 1831//1831 1832//1832 1823//1823
f 1832//1832 1810//1810 1823//1823
f 1832//1832 1833//1833 1810//1810
f 1833//1833 1808//1808 1810//1810
f 1833//1833 1834//1834 1808//1808
f 1834//1834 1806//1806 1808//1808
f 1829//1829 1825//1825 1809//1809
f 1838//1838 1821//1821 1822//1822
f 1839//1839 1812//1812 1821//1821
f 1834//1834 1835//1835 1806//1806
f 1826//1826 1816//1816 1817//1817
f 1845//1845 1826//1826 1817//1817
f 1845//1845 1817//1817 1814//1814
f 1838//1838 1839//1839 1821//1821
f 1844//1844 1814//1814 1818//1818
f 1843//1843 1844//1844 1818//1818
f 1843//1843 1818//1818 1819//1819
f 1844//1844 1845//1845 1814//1814
f 1842//1842 1819//1819 1820//1820
f 1841//1841 1842//1842 1820//1820
f 1841//1841 1820//1820 1813//1813
f 1840//1840 1841//1841 1813//1813
f 1840//1840 1813//1813 1812//1812
f 1839//1839 1840//1840 1812//1812
f 1842//1842 1843//1843 1819//1819
f 1835//1835 1807//1807 1806//1806
f 1848//1848 1863//1863 1864//1864
f 1858//1858 1868//1868 1859//1859
f 1849//1849 1862//1862 1863//1863
f 1855//1855 1862//1862 1849//1849
f 1846//1846 1855//1855 1849//1849
f 1856//1856 1862//1862 1855//1855
f 1856//1856 1861//1861 1862//1862
f 1849//1849 1863//1863 1848//1848
f 1853//1853 1865//1865 1860//1860
f 1847//1847 1865//1865 1853//1853
f 1853//1853 1860//1860 1852//1852
f 1852//1852 1860//1860 1866//1866
f 1852//1852 1866//1866 1851//1851
f 1851//1851 1866//1866 1850//1850
f 1850//1850 1866//1866 1867//1867
f 1850//1850 1857//1857 1854//1854
f 1850//1850 1867//1867 1857//1857
f 1857//1857 1867//1867 1858//1858
f 1858//1858 1867//1867 1868//1868
f 1847//1847 1864//1864 1865//1865
f 1859//1859 1861//1861 1856//1856
f 1859//1859 1868//1868 1861//1861
f 1848//1848 1864//1864 1847//1847
f 1869//1869 1874//1874 1875//1875
f 1869//1869 1875//1875 1871//1871
f 1871//1871 1875//1875 1873//1873
f 1870//1870 1873//1873 1872//1872
f 1870//1870 1871//1871 1873//1873
f 1876//1876 1879//1879 1877//1877
f 1877//1877 1879//1879 1878//1878
f 1896//1896 1881//1881 1880//1880
f 1888//1888 1896//1896 1880//1880
f 1888//1888 1889//1889 1896//1896
f 1884//1884 1895//1895 1883//1883
f 1883//1883 1895//1895 1885//1885
f 1885//1885 1895//1895 1887//1887
f 1887//1887 1893//1893 1892//1892
f 1894//1894 1893//1893 1887//1887
f 1886//1886 1891//1891 1889//1889
f 1887//1887 1892//1892 1890//1890
f 1887//1887 1890//1890 1886//1886
f 1886//1886 1890//1890 1891//1891
f 1895//1895 1894//1894 1887//1887
f 1882//1882 1897//1897 1884//1884
f 1886//1886 1889//1889 1888//1888
f 1884//1884 1897//1897 1895//1895
f 1901//1901 1898//1898 1900//1900
f 1901//1901 1899//1899 1898//1898
f 1908//1908 1902//1902 1906//1906
f 1904//1904 1907//1907 1905//1905
f 1903//1903 1908//1908 1907//1907
f 1903//1903 1907//1907 1904//1904
f 1903//1903 1902//1902 1908//1908
f 1911//1911 1916//1916 1912//1912
f 1913//1913 1914//1914 1910//1910
f 1911//1911 1915//1915 1916//1916
f 1915//1915 1910//1910 1914//1914
f 1915//1915 1911//1911 1910//1910
f 1909//1909 1913//1913 1910//1910
f 1917//1917 1920//1920 1919//1919
f 1917//1917 1919//1919 1918//1918
f 1923//1923 1927//1927 1924//1924
f 1927//1927 1926//1926 1924//1924
f 1921//1921 1925//1925 1928//1928
f 1921//1921 1928//1928 1922//1922
f 1921//1921 1924//1924 1926//1926
f 1925//1925 1921//1921 1926//1926
f 1947//1947 1944//1944 1943//1943
f 1949//1949 1944//1944 1947//1947
f 1949//1949 1929//1929 1945//1945
f 1949//1949 1945//1945 1944//1944
f 1939//1939 1931//1931 1940//1940
f 1940//1940 1931//1931 1933//1933
f 1941//1941 1940//1940 1933//1933
f 1947//1947 1943//1943 1948//1948
f 1934//1934 1941//1941 1933//1933
f 1930//1930 1931//1931 1938//1938
f 1930//1930 1938//1938 1937//1937
f 1934//1934 1933//1933 1932//1932
f 1936//1936 1930//1930 1937//1937
f 1945//1945 1929//1929 1935//1935
f 1946//1946 1943//1943 1942//1942
f 1948//1948 1943//1943 1946//1946
f 1929//1929 1936//1936 1935//1935
f 1929//1929 1930//1930 1936//1936
f 1938//1938 1931//1931 1939//1939
f 1957//1957 1962//1962 1959//1959
f 1966//1966 1956//1956 1954//1954
f 1958//1958 1962//1962 1961//1961
f 1959//1959 1962//1962 1958//1958
f 1964//1964 1962//1962 1957//1957
f 1956//1956 1964//1964 1955//1955
f 1968//1968 1964//1964 1967//1967
f 1955//1955 1964//1964 1968//1968
f 1956//1956 1963//1963 1964//1964
f 1956//1956 1965//1965 1963//1963
f 1956//1956 1966//1966 1965//1965
f 1967//1967 1964//1964 1957//1957
f 1954//1954 1953//1953 1952//1952
f 1961//1961 1951//1951 1960//1960
f 1951//1951 1950//1950 1960//1960
f 1961//1961 1960//1960 1958//1958
f 1952//1952 1966//1966 1954//1954
f 1969//1969 1973//1973 1972//1972
f 1969//1969 1971//1971 1970//1970
f 1969//1969 1972//1972 1971//1971
f 1978//1978 1977//1977 1979//1979
f 1976//1976 1979//1979 1974//1974
f 1979//1979 1975//1975 1974//1974
f 1979//1979 1977//1977 1975//1975
f 1981//1981 1982//1982 1983//1983
f 1981//1981 1980//1980 1982//1982
f 1985//1985 1987//1987 1989//1989
f 1987//1987 1986//1986 1988//1988
f 1987//1987 1984//1984 1986//1986
f 1985//1985 1984//1984 1987//1987
f 1991//1991 1994//1994 1992//1992
f 1990//1990 1994//1994 1991//1991
f 1994//1994 1993//1993 1992//1992
f 1998//1998 1995//1995 1996//1996
f 1998//1998 1996//1996 1997//1997
f 1999//1999 2010//2010 2009//2009
f 2021//2021 2019//2019 2022//2022
f 2013//2013 1999//1999 2009//2009
f 2021//2021 2014//2014 2019//2019
f 2024//2024 2014//2014 2021//2021
f 2001//2001 1999//1999 2013//2013
f 2001//2001 2017//2017 2016//2016
f 2001//2001 2013//2013 2017//2017
f 2022//2022 2019//2019 2023//2023
f 2024//2024 2015//2015 2014//2014
f 2025//2025 2000//2000 2001//2001
f 2004//2004 2015//2015 2005//2005
f 2004//2004 2016//2016 2015//2015
f 2025//2025 2001//2001 2016//2016
f 2002//2002 2004//2004 2005//2005
f 2025//2025 2016//2016 2004//2004
f 2005//2005 2015//2015 2024//2024
f 2025//2025 2004//2004 2003//2003
f 2023//2023 2019//2019 2018//2018
f 1999//1999 2011//2011 2010//2010
f 2006//2006 2034//2034 2007//2007
f 2006//2006 2035//2035 2034//2034
f 2008//2008 2035//2035 2006//2006
f 2008//2008 2032//2032 2035//2035
f 2008//2008 2033//2033 2032//2032
f 2030//2030 2029//2029 2031//2031
f 2012//2012 2033//2033 2008//2008
f 2012//2012 2031//2031 2033//2033
f 2012//2012 2030//2030 2031//2031
f 2011//2011 2030//2030 2012//2012
f 2026//2026 2028//2028 2030//2030
f 2026//2026 2030//2030 2011//2011
f 2023//2023 2018//2018 2020//2020
f 1999//1999 2027//2027 2026//2026
f 1999//1999 2026//2026 2011//2011
f 2044//2044 2039//2039 2047//2047
f 2044//2044 2038//2038 2039//2039
f 2046//2046 2040//2040 2045//2045
f 2047//2047 2037//2037 2042//2042
f 2045//2045 2041//2041 2044//2044
f 2047//2047 2039//2039 2037//2037
f 2045//2045 2040//2040 2041//2041
f 2044//2044 2041//2041 2038//2038
f 2046//2046 2036//2036 2040//2040
f 2043//2043 2036//2036 2046//2046
f 2051//2051 2050//2050 2049//2049
f 2051//2051 2049//2049 2048//2048
f 2054//2054 2052//2052 2057//2057
f 2054//2054 2060//2060 2062//2062
f 2054//2054 2057//2057 2060//2060
f 2061//2061 2060//2060 2055//2055
f 2062//2062 2060//2060 2061//2061
f 2058//2058 2052//2052 2059//2059
f 2052//2052 2053//2053 2056//2056
f 2052//2052 2056//2056 2059//2059
f 2057//2057 2052//2052 2058//2058
f 2063//2063 2064//2064 2066//2066
f 2063//2063 2066//2066 2065//2065
f 2068//2068 2070//2070 2067//2067
f 2068//2068 2069//2069 2070//2070
f 2072//2072 2071//2071 2073//2073
f 2074//2074 2072//2072 2073//2073
f 2078//2078 2077//2077 2075//2075
f 2077//2077 2076//2076 2075//2075
f 2079//2079 2082//2082 2081//2081
f 2080//2080 2079//2079 2081//2081
f 2090//2090 2103//2103 2089//2089
f 2096//2096 2091//2091 2092//2092
f 2092//2092 2097//2097 2096//2096
f 2093//2093 2097//2097 2092//2092
f 2093//2093 2098//2098 2097//2097
f 2094//2094 2098//2098 2093//2093
f 2094//2094 2099//2099 2098//2098
f 2084//2084 2099//2099 2094//2094
f 2083//2083 2103//2103 2090//2090
f 2085//2085 2100//2100 2099//2099
f 2083//2083 2095//2095 2103//2103
f 2086//2086 2101//2101 2100//2100
f 2087//2087 2101//2101 2086//2086
f 2087//2087 2102//2102 2101//2101
f 2088//2088 2102//2102 2087//2087
f 2089//2089 2102//2102 2088//2088
f 2089//2089 2103//2103 2102//2102
f 2085//2085 2099//2099 2084//2084
f 2086//2086 2100//2100 2085//2085
f 2107//2107 2113//2113 2106//2106
f 2109//2109 2116//2116 2108//2108
f 2110//2110 2115//2115 2109//2109
f 2109//2109 2115//2115 2116//2116
f 2111//2111 2118//2118 2119//2119
f 2108//2108 2116//2116 2117//2117
f 2108//2108 2117//2117 2107//2107
f 2107//2107 2117//2117 2113//2113
f 2106//2106 2113//2113 2114//2114
f 2112//2112 2118//2118 2111//2111
f 2112//2112 2120//2120 2118//2118
f 2104//2104 2120//2120 2112//2112
f 2104//2104 2122//2122 2120//2120
f 2105//2105 2122//2122 2104//2104
f 2105//2105 2121//2121 2122//2122
f 2105//2105 2114//2114 2121//2121
f 2106//2106 2114//2114 2105//2105
f 2110//2110 2119//2119 2115//2115
f 2111//2111 2119//2119 2110//2110
f 2140//2140 2126//2126 2125//2125
f 2140//2140 2125//2125 2139//2139
f 2127//2127 2142//2142 2132//2132
f 2141//2141 2126//2126 2140//2140
f 2141//2141 2127//2127 2126//2126
f 2142//2142 2127//2127 2141//2141
f 2132//2132 2123//2123 2127//2127
f 2133//2133 2123//2123 2132//2132
f 2133//2133 2124//2124 2123//2123
f 2134//2134 2124//2124 2133//2133
f 2135//2135 2124//2124 2134//2134
f 2135//2135 2131//2131 2124//2124
f 2139//2139 2129//2129 2138//2138
f 2139//2139 2125//2125 2129//2129
f 2137//2137 2130//2130 2136//2136
f 2138//2138 2128//2128 2137//2137
f 2137//2137 2128//2128 2130//2130
f 2130//2130 2143//2143 2136//2136
f 2138//2138 2129//2129 2128//2128
f 2146//2146 2145//2145 2155//2155
f 2150//2150 2161//2161 2151//2151
f 2150//2150 2162//2162 2161//2161
f 2161//2161 2160//2160 2151//2151
f 2163//2163 2147//2147 2148//2148
f 2151//2151 2160//2160 2159//2159
f 2151//2151 2159//2159 2158//2158
f 2151//2151 2158//2158 2164//2164
f 2163//2163 2148//2148 2156//2156
f 2156//2156 2148//2148 2157//2157
f 2157//2157 2164//2164 2158//2158
f 2149//2149 2152//2152 2162//2162
f 2149//2149 2162//2162 2150//2150
f 2149//2149 2153//2153 2152//2152
f 2149//2149 2144//2144 2153//2153
f 2144//2144 2154//2154 2153//2153
f 2144//2144 2146//2146 2154//2154
f 2146//2146 2155//2155 2154//2154
f 2157//2157 2148//2148 2164//2164
f 2167//2167 2166//2166 2168//2168
f 2166//2166 2165//2165 2168//2168
f 2172//2172 2171//2171 2170//2170
f 2169//2169 2172//2172 2170//2170
f 2175//2175 2173//2173 2176//2176
f 2175//2175 2174//2174 2173//2173
f 2178//2178 2180//2180 2177//2177
f 2179//2179 2180//2180 2178//2178
f 2182//2182 2184//2184 2183//2183
f 2182//2182 2183//2183 2181//2181
f 2186//2186 2188//2188 2187//2187
f 2185//2185 2188//2188 2186//2186
f 2192//2192 2189//2189 2190//2190
f 2191//2191 2189//2189 2192//2192
f 2195//2195 2197//2197 2194//2194
f 2196//2196 2193//2193 2197//2197
f 2197//2197 2193//2193 2194//2194
f 2201//2201 2199//2199 2200//2200
f 2198//2198 2199//2199 2201//2201
f 2208//2208 2202//2202 2209//2209
f 2203//2203 2202//2202 2208//2208
f 2206//2206 2208//2208 2205//2205
f 2206//2206 2203//2203 2208//2208
f 2204//2204 2206//2206 2207//2207
f 2204//2204 2203//2203 2206//2206
f 2217//2217 2215//2215 2214//2214
f 2226//2226 2237//2237 2236//2236
f 2232//2232 2216//2216 2220//2220
f 2217//2217 2214//2214 2210//2210
f 2226//2226 2229//2229 2237//2237
f 2231//2231 2216//2216 2232//2232
f 2231//2231 2217//2217 2216//2216
f 2226//2226 2225//2225 2229//2229
f 2227//2227 2236//2236 2228//2228
f 2228//2228 2236//2236 2221//2221
f 2228//2228 2221//2221 2224//2224
f 2229//2229 2238//2238 2237//2237
f 2229//2229 2230//2230 2238//2238
f 2224//2224 2221//2221 2223//2223
f 2230//2230 2239//2239 2238//2238
f 2230//2230 2212//2212 2239//2239
f 2230//2230 2213//2213 2212//2212
f 2233//2233 2232//2232 2220//2220
f 2236//2236 2235//2235 2221//2221
f 2222//2222 2235//2235 2218//2218
f 2235//2235 2234//2234 2218//2218
f 2239//2239 2212//2212 2211//2211
f 2239//2239 2211//2211 2231//2231
f 2234//2234 2219//2219 2218//2218
f 2231//2231 2211//2211 2215//2215
f 2234//2234 2233//2233 2219//2219
f 2231//2231 2215//2215 2217//2217
f 2233//2233 2220//2220 2219//2219
f 2235//2235 2222//2222 2221//2221
f 2226//2226 2236//2236 2227//2227
f 2244//2244 2243//2243 2240//2240
f 2244//2244 2241//2241 2242//2242
f 2244//2244 2240//2240 2241//2241
f 2246//2246 2248//2248 2247//2247
f 2245//2245 2248//2248 2246//2246
f 2249//2249 2248//2248 2245//2245
f 2253//2253 2250//2250 2251//2251
f 2253//2253 2251//2251 2252//2252
f 2257//2257 2255//2255 2254//2254
f 2257//2257 2254//2254 2256//2256
f 2264//2264 2265//2265 2263//2263
f 2258//2258 2267//2267 2262//2262
f 2262//2262 2267//2267 2268//2268
f 2262//2262 2268//2268 2261//2261
f 2261//2261 2268//2268 2260//2260
f 2264//2264 2266//2266 2265//2265
f 2260//2260 2269//2269 2259//2259
f 2259//2259 2269//2269 2270//2270
f 2259//2259 2270//2270 2264//2264
f 2264//2264 2270//2270 2266//2266
f 2260//2260 2268//2268 2269//2269
f 2272//2272 2275//2275 2271//2271
f 2278//2278 2275//2275 2272//2272
f 2277//2277 2273//2273 2271//2271
f 2277//2277 2271//2271 2275//2275
f 2274//2274 2277//2277 2275//2275
f 2276//2276 2273//2273 2277//2277
f 2289//2289 2284//2284 2281//2281
f 2290//2290 2283//2283 2284//2284
f 2289//2289 2281//2281 2286//2286
f 2280//2280 2279//2279 2285//2285
f 2280//2280 2285//2285 2288//2288
f 2287//2287 2283//2283 2290//2290
f 2288//2288 2285//2285 2282//2282
f 2287//2287 2282//2282 2283//2283
f 2290//2290 2284//2284 2289//2289
f 2288//2288 2282//2282 2287//2287
f 2297//2297 2293//2293 2292//2292
f 2301//2301 2300//2300 2292//2292
f 2298//2298 2301//2301 2292//2292
f 2291//2291 2298//2298 2292//2292
f 2299//2299 2298//2298 2291//2291
f 2295//2295 2299//2299 2291//2291
f 2294//2294 2299//2299 2295//2295
f 2296//2296 2299//2299 2294//2294
f 2300//2300 2297//2297 2292//2292
f 2310//2310 2311//2311 2304//2304
f 2312//2312 2302//2302 2303//2303
f 2313//2313 2302//2302 2312//2312
f 2313//2313 2306//2306 2302//2302
f 2309//2309 2306//2306 2313//2313
f 2310//2310 2304//2304 2305//2305
f 2308//2308 2307//2307 2311//2311
f 2311//2311 2307//2307 2304//2304
f 2310//2310 2305//2305 2306//2306
f 2309//2309 2310//2310 2306//2306
f 2316//2316 2314//2314 2315//2315
f 2317//2317 2314//2314 2316//2316
f 2321//2321 2320//2320 2319//2319
f 2321//2321 2319//2319 2318//2318
f 2323//2323 2333//2333 2327//2327
f 2325//2325 2331//2331 2324//2324
f 2325//2325 2330//2330 2331//2331
f 2326//2326 2330//2330 2325//2325
f 2327//2327 2330//2330 2326//2326
f 2327//2327 2329//2329 2330//2330
f 2327//2327 2333//2333 2329//2329
f 2323//2323 2332//2332 2333//2333
f 2322//2322 2332//2332 2323//2323
f 2322//2322 2328//2328 2332//2332
f 2335//2335 2351//2351 2334//2334
f 2335//2335 2350//2350 2351//2351
f 2336//2336 2350//2350 2335//2335
f 2339//2339 2343//2343 2338//2338
f 2337//2337 2349//2349 2350//2350
f 2338//2338 2349//2349 2337//2337
f 2334//2334 2351//2351 2344//2344
f 2337//2337 2350//2350 2336//2336
f 2334//2334 2344//2344 2345//2345
f 2339//2339 2347//2347 2348//2348
f 2341//2341 2346//2346 2347//2347
f 2341//2341 2347//2347 2340//2340
f 2340//2340 2347//2347 2339//2339
f 2338//2338 2343//2343 2349//2349
f 2339//2339 2348//2348 2343//2343
f 2334//2334 2345//2345 2342//2342
f 2353//2353 2355//2355 2352//2352
f 2353//2353 2354//2354 2355//2355
f 2358//2358 2357//2357 2364//2364
f 2360//2360 2356//2356 2361//2361
f 2360//2360 2364//2364 2363//2363
f 2360//2360 2358//2358 2364//2364
f 2360//2360 2363//2363 2362//2362
f 2360//2360 2362//2362 2356//2356
f 2360//2360 2359//2359 2358//2358
f 2368//2368 2365//2365 2366//2366
f 2368//2368 2367//2367 2365//2365
f 2371//2371 2372//2372 2370//2370
f 2371//2371 2369//2369 2372//2372
f 2373//2373 2376//2376 2375//2375
f 2373//2373 2374//2374 2376//2376
f 2378//2378 2377//2377 2379//2379
f 2380//2380 2378//2378 2379//2379
f 2396//2396 2382//2382 2383//2383
f 2389//2389 2401//2401 2388//2388
f 2390//2390 2394//2394 2402//2402
f 2390//2390 2402//2402 2389//2389
f 2391//2391 2394//2394 2390//2390
f 2391//2391 2395//2395 2394//2394
f 2382//2382 2395//2395 2391//2391
f 2382//2382 2396//2396 2395//2395
f 2383//2383 2397//2397 2396//2396
f 2387//2387 2401//2401 2386//2386
f 2384//2384 2398//2398 2397//2397
f 2385//2385 2398//2398 2384//2384
f 2385//2385 2393//2393 2398//2398
f 2393//2393 2385//2385 2381//2381
f 2388//2388 2401//2401 2387//2387
f 2386//2386 2401//2401 2400//2400
f 2400//2400 2399//2399 2392//2392
f 2400//2400 2392//2392 2386//2386
f 2384//2384 2397//2397 2383//2383
f 2389//2389 2402//2402 2401//2401
f 2403//2403 2416//2416 2413//2413
f 2404//2404 2412//2412 2410//2410
f 2408//2408 2413//2413 2407//2407
f 2407//2407 2413//2413 2414//2414
f 2407//2407 2414//2414 2406//2406
f 2406//2406 2414//2414 2415//2415
f 2406//2406 2415//2415 2405//2405
f 2405//2405 2415//2415 2411//2411
f 2405//2405 2411//2411 2404//2404
f 2404//2404 2411//2411 2412//2412
f 2403//2403 2413//2413 2408//2408
f 2404//2404 2410//2410 2409//2409
f 2420//2420 2423//2423 2424//2424
f 2420//2420 2424//2424 2419//2419
f 2417//2417 2422//2422 2421//2421
f 2419//2419 2422//2422 2418//2418
f 2419//2419 2424//2424 2422//2422
f 2418//2418 2422//2422 2417//2417
f 2426//2426 2428//2428 2425//2425
f 2426//2426 2427//2427 2428//2428
f 2431//2431 2430//2430 2432//2432
f 2429//2429 2430//2430 2431//2431
f 2434//2434 2433//2433 2435//2435
f 2433//2433 2436//2436 2435//2435
f 2456//2456 2447//2447 2448//2448
f 2443//2443 2449//2449 2451//2451
f 2443//2443 2450//2450 2442//2442
f 2443//2443 2451//2451 2450//2450
f 2442//2442 2450//2450 2441//2441
f 2441//2441 2450//2450 2454//2454
f 2441//2441 2454//2454 2440//2440
f 2445//2445 2457//2457 2444//2444
f 2446//2446 2457//2457 2445//2445
f 2446//2446 2458//2458 2457//2457
f 2447//2447 2458//2458 2446//2446
f 2447//2447 2456//2456 2458//2458
f 2444//2444 2457//2457 2449//2449
f 2440//2440 2454//2454 2453//2453
f 2440//2440 2453//2453 2439//2439
f 2439//2439 2453//2453 2452//2452
f 2439//2439 2452//2452 2438//2438
f 2455//2455 2437//2437 2438//2438
f 2438//2438 2452//2452 2455//2455
f 2444//2444 2449//2449 2443//2443
f 2462//2462 2461//2461 2460//2460
f 2460//2460 2461//2461 2459//2459
f 2465//2465 2466//2466 2464//2464
f 2463//2463 2465//2465 2464//2464
f 2468//2468 2469//2469 2467//2467
f 2467//2467 2469//2469 2470//2470
f 2472//2472 2475//2475 2474//2474
f 2472//2472 2471//2471 2475//2475
f 2472//2472 2474//2474 2473//2473
f 2477//2477 2479//2479 2476//2476
f 2477//2477 2478//2478 2479//2479
f 2482//2482 2483//2483 2481//2481
f 2482//2482 2480//2480 2483//2483
f 2488//2488 2486//2486 2484//2484
f 2488//2488 2487//2487 2486//2486
f 2486//2486 2485//2485 2484//2484
f 2490//2490 2489//2489 2494//2494
f 2490//2490 2494//2494 2492//2492
f 2494//2494 2489//2489 2495//2495
f 2489//2489 2491//2491 2495//2495
f 2495//2495 2491//2491 2493//2493
f 2508//2508 2499//2499 2507//2507
f 2510//2510 2499//2499 2508//2508
f 2506//2506 2500//2500 2501//2501
f 2510//2510 2498//2498 2499//2499
f 2509//2509 2497//2497 2511//2511
f 2507//2507 2499//2499 2500//2500
f 2507//2507 2500//2500 2504//2504
f 2511//2511 2498//2498 2510//2510
f 2511//2511 2497//2497 2498//2498
f 2505//2505 2501//2501 2502//2502
f 2506//2506 2501//2501 2505//2505
f 2505//2505 2496//2496 2503//2503
f 2505//2505 2502//2502 2496//2496
f 2504//2504 2500//2500 2506//2506
f 2512//2512 2514//2514 2515//2515
f 2512//2512 2513//2513 2514//2514
f 2518//2518 2517//2517 2524//2524
f 2518//2518 2524//2524 2523//2523
f 2520//2520 2523//2523 2522//2522
f 2520//2520 2519//2519 2523//2523
f 2520//2520 2522//2522 2516//2516
f 2520//2520 2516//2516 2521//2521
f 2519//2519 2518//2518 2523//2523
f 2528//2528 2525//2525 2526//2526
f 2527//2527 2528//2528 2526//2526
f 2541//2541 2542//2542 2540//2540
f 2539//2539 2555//2555 2545//2545
f 2537//2537 2548//2548 2536//2536
f 2529//2529 2555//2555 2539//2539
f 2536//2536 2549//2549 2535//2535
f 2535//2535 2549//2549 2550//2550
f 2535//2535 2550//2550 2534//2534
f 2534//2534 2550//2550 2551//2551
f 2534//2534 2551//2551 2533//2533
f 2533//2533 2551//2551 2552//2552
f 2533//2533 2552//2552 2532//2532
f 2532//2532 2552//2552 2553//2553
f 2532//2532 2553//2553 2531//2531
f 2536//2536 2548//2548 2549//2549
f 2531//2531 2554//2554 2530//2530
f 2531//2531 2553//2553 2554//2554
f 2539//2539 2545//2545 2538//2538
f 2538//2538 2546//2546 2537//2537
f 2537//2537 2546//2546 2547//2547
f 2538//2538 2545//2545 2546//2546
f 2541//2541 2544//2544 2542//2542
f 2541//2541 2543//2543 2544//2544
f 2530//2530 2543//2543 2541//2541
f 2530//2530 2554//2554 2543//2543
f 2537//2537 2547//2547 2548//2548
f 2561//2561 2576//2576 2579//2579
f 2580//2580 2582//2582 2641//2641
f 2561//2561 2560//2560 2576//2576
f 2567//2567 2598//2598 2597//2597
f 2601//2601 2639//2639 2638//2638
f 2576//2576 2560//2560 2577//2577
f 2580//2580 2641//2641 2640//2640
f 2601//2601 2638//2638 2602//2602
f 2577//2577 2617//2617 2623//2623
f 2597//2597 2609//2609 2567//2567
f 2597//2597 2603//2603 2609//2609
f 2577//2577 2560//2560 2617//2617
f 2582//2582 2642//2642 2641//2641
f 2603//2603 2637//2637 2609//2609
f 2602//2602 2637//2637 2603//2603
f 2577//2577 2642//2642 2582//2582
f 2577//2577 2623//2623 2642//2642
f 2566//2566 2598//2598 2567//2567
f 2602//2602 2638//2638 2637//2637
f 2616//2616 2640//2640 2639//2639
f 2565//2565 2599//2599 2566//2566
f 2566//2566 2599//2599 2598//2598
f 2564//2564 2563//2563 2613//2613
f 2564//2564 2613//2613 2612//2612
f 2563//2563 2614//2614 2613//2613
f 2564//2564 2612//2612 2611//2611
f 2564//2564 2611//2611 2565//2565
f 2563//2563 2562//2562 2615//2615
f 2563//2563 2615//2615 2614//2614
f 2562//2562 2581//2581 2615//2615
f 2615//2615 2640//2640 2616//2616
f 2565//2565 2611//2611 2600//2600
f 2565//2565 2600//2600 2599//2599
f 2562//2562 2578//2578 2581//2581
f 2562//2562 2561//2561 2578//2578
f 2561//2561 2579//2579 2578//2578
f 2615//2615 2581//2581 2580//2580
f 2611//2611 2616//2616 2601//2601
f 2611//2611 2601//2601 2600//2600
f 2616//2616 2639//2639 2601//2601
f 2567//2567 2609//2609 2608//2608
f 2567//2567 2608//2608 2568//2568
f 2615//2615 2580//2580 2640//2640
f 2559//2559 2618//2618 2617//2617
f 2633//2633 2629//2629 2594//2594
f 2632//2632 2630//2630 2633//2633
f 2633//2633 2630//2630 2629//2629
f 2557//2557 2583//2583 2589//2589
f 2591//2591 2590//2590 2570//2570
f 2570//2570 2590//2590 2571//2571
f 2583//2583 2557//2557 2584//2584
f 2587//2587 2624//2624 2630//2630
f 2587//2587 2586//2586 2624//2624
f 2594//2594 2629//2629 2595//2595
f 2584//2584 2557//2557 2556//2556
f 2626//2626 2574//2574 2573//2573
f 2595//2595 2629//2629 2628//2628
f 2625//2625 2574//2574 2626//2626
f 2627//2627 2626//2626 2573//2573
f 2624//2624 2574//2574 2625//2625
f 2624//2624 2575//2575 2574//2574
f 2628//2628 2627//2627 2573//2573
f 2628//2628 2573//2573 2572//2572
f 2593//2593 2572//2572 2571//2571
f 2593//2593 2592//2592 2572//2572
f 2585//2585 2556//2556 2575//2575
f 2595//2595 2572//2572 2592//2592
f 2584//2584 2556//2556 2585//2585
f 2586//2586 2585//2585 2575//2575
f 2590//2590 2593//2593 2571//2571
f 2595//2595 2628//2628 2572//2572
f 2586//2586 2575//2575 2624//2624
f 2634//2634 2633//2633 2594//2594
f 2632//2632 2587//2587 2630//2630
f 2635//2635 2634//2634 2594//2594
f 2637//2637 2636//2636 2609//2609
f 2636//2636 2610//2610 2609//2609
f 2568//2568 2608//2608 2607//2607
f 2568//2568 2607//2607 2569//2569
f 2642//2642 2623//2623 2643//2643
f 2623//2623 2622//2622 2643//2643
f 2559//2559 2558//2558 2618//2618
f 2618//2618 2558//2558 2619//2619
f 2610//2610 2636//2636 2604//2604
f 2607//2607 2606//2606 2569//2569
f 2622//2622 2621//2621 2643//2643
f 2621//2621 2589//2589 2643//2643
f 2604//2604 2636//2636 2596//2596
f 2631//2631 2587//2587 2632//2632
f 2604//2604 2596//2596 2591//2591
f 2604//2604 2591//2591 2605//2605
f 2621//2621 2557//2557 2589//2589
f 2605//2605 2591//2591 2570//2570
f 2606//2606 2605//2605 2570//2570
f 2606//2606 2570//2570 2569//2569
f 2620//2620 2558//2558 2621//2621
f 2621//2621 2558//2558 2557//2557
f 2636//2636 2635//2635 2596//2596
f 2643//2643 2588//2588 2631//2631
f 2643//2643 2589//2589 2588//2588
f 2635//2635 2594//2594 2596//2596
f 2631//2631 2588//2588 2587//2587
f 2619//2619 2558//2558 2620//2620
f 2560//2560 2559//2559 2617//2617
f 2645//2645 2646//2646 2647//2647
f 2647//2647 2644//2644 2645//2645
f 2652//2652 2653//2653 2651//2651
f 2652//2652 2654//2654 2653//2653
f 2655//2655 2652//2652 2649//2649
f 2650//2650 2656//2656 2649//2649
f 2650//2650 2657//2657 2656//2656
f 2648//2648 2657//2657 2650//2650
f 2648//2648 2658//2658 2657//2657
f 2655//2655 2654//2654 2652//2652
f 2649//2649 2656//2656 2655//2655
f 2661//2661 2665//2665 2666//2666
f 2662//2662 2664//2664 2665//2665
f 2660//2660 2666//2666 2667//2667
f 2660//2660 2667//2667 2659//2659
f 2663//2663 2664//2664 2662//2662
f 2662//2662 2665//2665 2661//2661
f 2661//2661 2666//2666 2660//2660
f 2669//2669 2671//2671 2668//2668
f 2669//2669 2670//2670 2671//2671
f 2672//2672 2675//2675 2673//2673
f 2673//2673 2675//2675 2674//2674
f 2677//2677 2679//2679 2676//2676
f 2677//2677 2678//2678 2679//2679
f 2676//2676 2679//2679 2680//2680
f 2682//2682 2683//2683 2684//2684
f 2682//2682 2684//2684 2681//2681
f 2687//2687 2689//2689 2688//2688
f 2687//2687 2690//2690 2689//2689
f 2687//2687 2686//2686 2690//2690
f 2686//2686 2692//2692 2691//2691
f 2686//2686 2691//2691 2690//2690
f 2686//2686 2685//2685 2692//2692
f 2693//2693 2696//2696 2695//2695
f 2696//2696 2693//2693 2694//2694
f 2697//2697 2701//2701 2700//2700
f 2699//2699 2702//2702 2698//2698
f 2698//2698 2702//2702 2701//2701
f 2701//2701 2697//2697 2698//2698
f 2703//2703 2706//2706 2705//2705
f 2704//2704 2706//2706 2703//2703
f 2709//2709 2707//2707 2708//2708
f 2707//2707 2709//2709 2711//2711
f 2707//2707 2711//2711 2710//2710
f 2713//2713 2714//2714 2715//2715
f 2713//2713 2715//2715 2712//2712
f 2718//2718 2721//2721 2722//2722
f 2718//2718 2722//2722 2717//2717
f 2719//2719 2721//2721 2718//2718
f 2719//2719 2720//2720 2721//2721
f 2716//2716 2720//2720 2719//2719
f 2724//2724 2725//2725 2723//2723
f 2724//2724 2726//2726 2725//2725
f 2728//2728 2733//2733 2734//2734
f 2730//2730 2731//2731 2732//2732
f 2730//2730 2732//2732 2729//2729
f 2729//2729 2732//2732 2733//2733
f 2729//2729 2733//2733 2728//2728
f 2728//2728 2734//2734 2727//2727
f 2737//2737 2740//2740 2739//2739
f 2737//2737 2736//2736 2740//2740
f 2736//2736 2741//2741 2740//2740
f 2736//2736 2735//2735 2741//2741
f 2738//2738 2737//2737 2739//2739
f 2745//2745 2749//2749 2748//2748
f 2743//2743 2746//2746 2742//2742
f 2743//2743 2747//2747 2746//2746
f 2747//2747 2743//2743 2745//2745
f 2745//2745 2748//2748 2747//2747
f 2749//2749 2745//2745 2744//2744
f 2742//2742 2751//2751 2750//2750
f 2742//2742 2746//2746 2751//2751
f 2752//2752 2755//2755 2754//2754
f 2755//2755 2752//2752 2753//2753
f 2759//2759 2761//2761 2760//2760
f 2757//2757 2761//2761 2759//2759
f 2757//2757 2762//2762 2761//2761
f 2758//2758 2762//2762 2757//2757
f 2758//2758 2763//2763 2762//2762
f 2763//2763 2758//2758 2756//2756
f 2770//2770 2775//2775 2776//2776
f 2769//2769 2777//2777 2768//2768
f 2767//2767 2778//2778 2779//2779
f 2767//2767 2779//2779 2766//2766
f 2766//2766 2779//2779 2780//2780
f 2766//2766 2780//2780 2765//2765
f 2765//2765 2780//2780 2764//2764
f 2764//2764 2780//2780 2773//2773
f 2764//2764 2773//2773 2772//2772
f 2772//2772 2773//2773 2774//2774
f 2772//2772 2774//2774 2771//2771
f 2771//2771 2774//2774 2775//2775
f 2769//2769 2776//2776 2777//2777
f 2770//2770 2776//2776 2769//2769
f 2771//2771 2775//2775 2770//2770
f 2782//2782 2783//2783 2784//2784
f 2782//2782 2784//2784 2781//2781
f 2786//2786 2785//2785 2792//2792
f 2788//2788 2790//2790 2789//2789
f 2786//2786 2792//2792 2791//2791
f 2788//2788 2786//2786 2791//2791
f 2788//2788 2787//2787 2786//2786
f 2788//2788 2791//2791 2790//2790
f 2796//2796 2793//2793 2794//2794
f 2795//2795 2797//2797 2793//2793
f 2793//2793 2796//2796 2795//2795
f 2806//2806 2798//2798 2807//2807
f 2806//2806 2802//2802 2798//2798
f 2806//2806 2805//2805 2802//2802
f 2802//2802 2805//2805 2801//2801
f 2801//2801 2805//2805 2804//2804
f 2801//2801 2804//2804 2800//2800
f 2800//2800 2804//2804 2803//2803
f 2809//2809 2813//2813 2814//2814
f 2811//2811 2812//2812 2810//2810
f 2810//2810 2812//2812 2813//2813
f 2810//2810 2813//2813 2809//2809
f 2799//2799 2808//2808 2807//2807
f 2809//2809 2814//2814 2808//2808
f 2808//2808 2814//2814 2815//2815
f 2808//2808 2815//2815 2807//2807
f 2799//2799 2807//2807 2798//2798
f 2799//2799 2809//2809 2808//2808
f 2819//2819 2816//2816 2817//2817
f 2817//2817 2820//2820 2819//2819
f 2817//2817 2821//2821 2820//2820
f 2821//2821 2817//2817 2818//2818
f 2828//2828 2834//2834 2829//2829
f 2822//2822 2834//2834 2828//2828
f 2823//2823 2834//2834 2822//2822
f 2823//2823 2833//2833 2834//2834
f 2824//2824 2833//2833 2823//2823
f 2824//2824 2832//2832 2833//2833
f 2825//2825 2831//2831 2832//2832
f 2826//2826 2831//2831 2825//2825
f 2826//2826 2830//2830 2831//2831
f 2827//2827 2830//2830 2826//2826
f 2825//2825 2832//2832 2824//2824
f 2836//2836 2842//2842 2841//2841
f 2836//2836 2835//2835 2842//2842
f 2836//2836 2841//2841 2840//2840
f 2837//2837 2836//2836 2840//2840
f 2837//2837 2839//2839 2838//2838
f 2837//2837 2840//2840 2839//2839
f 2843//2843 2845//2845 2846//2846
f 2844//2844 2845//2845 2843//2843
f 2849//2849 2852//2852 2853//2853
f 2850//2850 2852//2852 2849//2849
f 2850//2850 2851//2851 2852//2852
f 2847//2847 2851//2851 2850//2850
f 2847//2847 2854//2854 2851//2851
f 2848//2848 2854//2854 2847//2847
f 2856//2856 2858//2858 2855//2855
f 2856//2856 2857//2857 2858//2858
f 2859//2859 2861//2861 2862//2862
f 2860//2860 2861//2861 2859//2859
f 2863//2863 2865//2865 2866//2866
f 2864//2864 2865//2865 2863//2863
f 2869//2869 2871//2871 2870//2870
f 2869//2869 2873//2873 2872//2872
f 2869//2869 2867//2867 2873//2873
f 2869//2869 2872//2872 2871//2871
f 2869//2869 2868//2868 2867//2867
f 2876//2876 2883//2883 2884//2884
f 2876//2876 2884//2884 2875//2875
f 2875//2875 2884//2884 2885//2885
f 2875//2875 2885//2885 2874//2874
f 2874//2874 2885//2885 2886//2886
f 2874//2874 2886//2886 2879//2879
f 2879//2879 2886//2886 2880//2880
f 2879//2879 2880//2880 2881//2881
f 2879//2879 2881//2881 2878//2878
f 2878//2878 2881//2881 2882//2882
f 2878//2878 2882//2882 2877//2877
f 2877//2877 2882//2882 2883//2883
f 2877//2877 2883//2883 2876//2876
f 2889//2889 2892//2892 2891//2891
f 2889//2889 2888//2888 2887//2887
f 2889//2889 2893//2893 2892//2892
f 2889//2889 2891//2891 2890//2890
f 2889//2889 2887//2887 2893//2893
f 2897//2897 2900//2900 2901//2901
f 2894//2894 2902//2902 2899//2899
f 2895//2895 2902//2902 2894//2894
f 2896//2896 2902//2902 2895//2895
f 2896//2896 2901//2901 2902//2902
f 2897//2897 2901//2901 2896//2896
f 2898//2898 2900//2900 2897//2897
f 2903//2903 2906//2906 2904//2904
f 2904//2904 2906//2906 2905//2905
f 2907//2907 2912//2912 2913//2913
f 2908//2908 2912//2912 2907//2907
f 2908//2908 2911//2911 2912//2912
f 2909//2909 2911//2911 2908//2908
f 2909//2909 2910//2910 2911//2911
f 2917//2917 2915//2915 2920//2920
f 2917//2917 2919//2919 2914//2914
f 2917//2917 2920//2920 2919//2919
f 2917//2917 2916//2916 2915//2915
f 2914//2914 2919//2919 2918//2918
f 2922//2922 2923//2923 2921//2921
f 2921//2921 2923//2923 2924//2924
f 2925//2925 2927//2927 2928//2928
f 2926//2926 2927//2927 2925//2925
f 2930//2930 2932//2932 2929//2929
f 2930//2930 2931//2931 2932//2932
f 2934//2934 2936//2936 2933//2933
f 2934//2934 2935//2935 2936//2936
f 2937//2937 2940//2940 2938//2938
f 2938//2938 2940//2940 2939//2939
f 2943//2943 2944//2944 2945//2945
f 2943//2943 2945//2945 2942//2942
f 2942//2942 2945//2945 2946//2946
f 2942//2942 2946//2946 2941//2941
f 2941//2941 2946//2946 2947//2947
f 2950//2950 2953//2953 2951//2951
f 2950//2950 2948//2948 2955//2955
f 2951//2951 2953//2953 2952//2952
f 2950//2950 2949//2949 2948//2948
f 2950//2950 2955//2955 2954//2954
f 2950//2950 2954//2954 2953//2953
f 2988//2988 2993//2993 2983//2983
f 2989//2989 2988//2988 2983//2983
f 2993//2993 2982//2982 2983//2983
f 2989//2989 2983//2983 2984//2984
f 2990//2990 2989//2989 2984//2984
f 2990//2990 2984//2984 2985//2985
f 2969//2969 2990//2990 2985//2985
f 2990//2990 2969//2969 2956//2956
f 2989//2989 2957//2957 2958//2958
f 2991//2991 2961//2961 2962//2962
f 2988//2988 2989//2989 2958//2958
f 2988//2988 2958//2958 2959//2959
f 2993//2993 2988//2988 2959//2959
f 2993//2993 2959//2959 2960//2960
f 2993//2993 2960//2960 2961//2961
f 2992//2992 2993//2993 2961//2961
f 2991//2991 2992//2992 2961//2961
f 2975//2975 2991//2991 2962//2962
f 2975//2975 2962//2962 2963//2963
f 2989//2989 2990//2990 2957//2957
f 2993//2993 2987//2987 2982//2982
f 2990//2990 2956//2956 2957//2957
f 2992//2992 2991//2991 2987//2987
f 2971//2971 2976//2976 2977//2977
f 2971//2971 2970//2970 2976//2976
f 2970//2970 2969//2969 2976//2976
f 2969//2969 2985//2985 2976//2976
f 2969//2969 2968//2968 2956//2956
f 2969//2969 2970//2970 2968//2968
f 2970//2970 2971//2971 2968//2968
f 2993//2993 2992//2992 2987//2987
f 2971//2971 2967//2967 2968//2968
f 2972//2972 2966//2966 2967//2967
f 2972//2972 2973//2973 2966//2966
f 2973//2973 2965//2965 2966//2966
f 2973//2973 2974//2974 2965//2965
f 2974//2974 2964//2964 2965//2965
f 2974//2974 2975//2975 2964//2964
f 2975//2975 2963//2963 2964//2964
f 2971//2971 2972//2972 2967//2967
f 2972//2972 2971//2971 2977//2977
f 2991//2991 2981//2981 2986//2986
f 2973//2973 2972//2972 2978//2978
f 2974//2974 2973//2973 2979//2979
f 2974//2974 2979//2979 2980//2980
f 2975//2975 2974//2974 2980//2980
f 2975//2975 2980//2980 2981//2981
f 2976//2976 2985//2985 2984//2984
f 2976//2976 2984//2984 2983//2983
f 2987//2987 2983//2983 2982//2982
f 2981//2981 2987//2987 2986//2986
f 2973//2973 2978//2978 2979//2979
f 2979//2979 2987//2987 2981//2981
f 2979//2979 2978//2978 2977//2977
f 2979//2979 2981//2981 2980//2980
f 2979//2979 2983//2983 2987//2987
f 2991//2991 2986//2986 2987//2987
f 2991//2991 2975//2975 2981//2981
f 2972//2972 2977//2977 2978//2978
f 2979//2979 2977//2977 2976//2976
f 2979//2979 2976//2976 2983//2983
f 2998//2998 2996//2996 2995//2995
f 2999//2999 2994//2994 2996//2996
f 2996//2996 2997//2997 2999//2999
f 2996//2996 2998//2998 2997//2997
f 3006//3006 3008//3008 3005//3005
f 3006//3006 3009//3009 3008//3008
f 3009//3009 3006//3006 3002//3002
f 3009//3009 3002//3002 3010//3010
f 3003//3003 3011//3011 3010//3010
f 3003//3003 3010//3010 3002//3002
f 3004//3004 3012//3012 3011//3011
f 3000//3000 3012//3012 3004//3004
f 3013//3013 3012//3012 3000//3000
f 3001//3001 3013//3013 3000//3000
f 3014//3014 3013//3013 3001//3001
f 3005//3005 3008//3008 3007//3007
f 3004//3004 3011//3011 3003//3003
f 3016//3016 3018//3018 3017//3017
f 3016//3016 3017//3017 3015//3015
f 3020//3020 3025//3025 3019//3019
f 3021//3021 3023//3023 3024//3024
f 3020//3020 3024//3024 3025//3025
f 3022//3022 3023//3023 3021//3021
f 3021//3021 3024//3024 3020//3020
f 3029//3029 3032//3032 3028//3028
f 3026//3026 3036//3036 3031//3031
f 3031//3031 3033//3033 3030//3030
f 3031//3031 3036//3036 3033//3033
f 3026//3026 3035//3035 3036//3036
f 3028//3028 3032//3032 3034//3034
f 3028//3028 3034//3034 3027//3027
f 3027//3027 3034//3034 3035//3035
f 3027//3027 3035//3035 3026//3026
f 3042//3042 3041//3041 3037//3037
f 3042//3042 3039//3039 3038//3038
f 3037//3037 3040//3040 3039//3039
f 3042//3042 3038//3038 3043//3043
f 3042//3042 3037//3037 3039//3039
f 3054//3054 3064//3064 3065//3065
f 3054//3054 3065//3065 3053//3053
f 3053//3053 3065//3065 3052//3052
f 3052//3052 3065//3065 3066//3066
f 3052//3052 3066//3066 3051//3051
f 3051//3051 3066//3066 3067//3067
f 3051//3051 3067//3067 3050//3050
f 3050//3050 3067//3067 3060//3060
f 3056//3056 3063//3063 3055//3055
f 3059//3059 3060//3060 3061//3061
f 3050//3050 3059//3059 3045//3045
f 3049//3049 3050//3050 3045//3045
f 3055//3055 3048//3048 3046//3046
f 3046//3046 3056//3056 3055//3055
f 3047//3047 3056//3056 3046//3046
f 3047//3047 3057//3057 3056//3056
f 3057//3057 3047//3047 3044//3044
f 3058//3058 3057//3057 3044//3044
f 3045//3045 3058//3058 3044//3044
f 3045//3045 3059//3059 3058//3058
f 3055//3055 3064//3064 3054//3054
f 3050//3050 3060//3060 3059//3059
f 3055//3055 3054//3054 3048//3048
f 3057//3057 3061//3061 3062//3062
f 3059//3059 3061//3061 3058//3058
f 3058//3058 3061//3061 3057//3057
f 3055//3055 3063//3063 3064//3064
f 3070//3070 3072//3072 3071//3071
f 3068//3068 3072//3072 3070//3070
f 3068//3068 3073//3073 3072//3072
f 3074//3074 3073//3073 3068//3068
f 3069//3069 3074//3074 3068//3068
f 3076//3076 3077//3077 3075//3075
f 3075//3075 3077//3077 3078//3078
f 3086//3086 3080//3080 3079//3079
f 3080//3080 3082//3082 3081//3081
f 3086//3086 3084//3084 3083//3083
f 3086//3086 3083//3083 3082//3082
f 3086//3086 3085//3085 3084//3084
f 3086//3086 3082//3082 3080//3080
f 3088//3088 3090//3090 3089//3089
f 3088//3088 3089//3089 3087//3087
f 3094//3094 3092//3092 3093//3093
f 3094//3094 3091//3091 3092//3092
f 3102//3102 3099//3099 3100//3100
f 3095//3095 3098//3098 3097//3097
f 3096//3096 3095//3095 3097//3097
f 3101//3101 3097//3097 3099//3099
f 3101//3101 3096//3096 3097//3097
f 3102//3102 3101//3101 3099//3099
f 3103//3103 3105//3105 3104//3104
f 3105//3105 3106//3106 3104//3104
f 3110//3110 3107//3107 3108//3108
f 3110//3110 3108//3108 3109//3109
f 3111//3111 3113//3113 3112//3112
f 3111//3111 3114//3114 3113//3113
f 3117//3117 3116//3116 3118//3118
f 3117//3117 3115//3115 3116//3116
f 3119//3119 3122//3122 3120//3120
f 3122//3122 3121//3121 3120//3120
f 3126//3126 3124//3124 3125//3125
f 3126//3126 3123//3123 3124//3124
f 3128//3128 3141//3141 3127//3127
f 3132//3132 3137//3137 3136//3136
f 3136//3136 3131//3131 3132//3132
f 3127//3127 3141//3141 3140//3140
f 3133//3133 3139//3139 3138//3138
f 3134//3134 3139//3139 3133//3133
f 3139//3139 3134//3134 3135//3135
f 3135//3135 3140//3140 3139//3139
f 3140//3140 3135//3135 3127//3127
f 3133//3133 3137//3137 3132//3132
f 3133//3133 3138//3138 3137//3137
f 3128//3128 3142//3142 3141//3141
f 3145//3145 3131//3131 3136//3136
f 3145//3145 3130//3130 3131//3131
f 3130//3130 3145//3145 3144//3144
f 3130//3130 3144//3144 3129//3129
f 3129//3129 3144//3144 3143//3143
f 3143//3143 3128//3128 3129//3129
f 3128//3128 3143//3143 3142//3142
f 3153//3153 3158//3158 3159//3159
f 3152//3152 3159//3159 3151//3151
f 3153//3153 3159//3159 3152//3152
f 3151//3151 3159//3159 3156//3156
f 3151//3151 3156//3156 3150//3150
f 3154//3154 3157//3157 3158//3158
f 3147//3147 3162//3162 3163//3163
f 3154//3154 3158//3158 3153//3153
f 3155//3155 3157//3157 3154//3154
f 3155//3155 3163//3163 3157//3157
f 3146//3146 3163//3163 3155//3155
f 3147//3147 3163//3163 3146//3146
f 3150//3150 3156//3156 3160//3160
f 3150//3150 3160//3160 3149//3149
f 3149//3149 3160//3160 3161//3161
f 3149//3149 3161//3161 3148//3148
f 3148//3148 3161//3161 3162//3162
f 3148//3148 3162//3162 3147//3147
f 3165//3165 3170//3170 3169//3169
f 3167//3167 3169//3169 3168//3168
f 3167//3167 3166//3166 3165//3165
f 3167//3167 3165//3165 3169//3169
f 3167//3167 3168//3168 3164//3164
f 3165//3165 3171//3171 3170//3170
f 3187//3187 3192//3192 3186//3186
f 3180//3180 3190//3190 3189//3189
f 3180//3180 3195//3195 3190//3190
f 3189//3189 3190//3190 3188//3188
f 3188//3188 3190//3190 3191//3191
f 3188//3188 3191//3191 3187//3187
f 3187//3187 3191//3191 3192//3192
f 3186//3186 3192//3192 3193//3193
f 3185//3185 3193//3193 3194//3194
f 3185//3185 3194//3194 3184//3184
f 3172//3172 3184//3184 3179//3179
f 3172//3172 3185//3185 3184//3184
f 3172//3172 3186//3186 3185//3185
f 3173//3173 3186//3186 3172//3172
f 3187//3187 3186//3186 3173//3173
f 3178//3178 3183//3183 3182//3182
f 3178//3178 3182//3182 3177//3177
f 3186//3186 3193//3193 3185//3185
f 3182//3182 3181//3181 3177//3177
f 3177//3177 3181//3181 3176//3176
f 3176//3176 3181//3181 3180//3180
f 3179//3179 3184//3184 3183//3183
f 3179//3179 3183//3183 3178//3178
f 3173//3173 3188//3188 3187//3187
f 3174//3174 3188//3188 3173//3173
f 3174//3174 3189//3189 3188//3188
f 3175//3175 3189//3189 3174//3174
f 3175//3175 3180//3180 3189//3189
f 3180//3180 3175//3175 3176//3176
f 3199//3199 3202//3202 3198//3198
f 3198//3198 3202//3202 3203//3203
f 3198//3198 3203//3203 3197//3197
f 3197//3197 3203//3203 3204//3204
f 3197//3197 3204//3204 3196//3196
f 3199//3199 3201//3201 3202//3202
f 3200//3200 3201//3201 3199//3199
f 3208//3208 3206//3206 3205//3205
f 3208//3208 3210//3210 3209//3209
f 3208//3208 3205//3205 3211//3211
f 3208//3208 3211//3211 3210//3210
f 3205//3205 3212//3212 3211//3211
f 3208//3208 3207//3207 3206//3206
f 3227//3227 3214//3214 3215//3215
f 3214//3214 3227//3227 3226//3226
f 3218//3218 3222//3222 3217//3217
f 3213//3213 3226//3226 3225//3225
f 3216//3216 3221//3221 3220//3220
f 3220//3220 3215//3215 3216//3216
f 3214//3214 3226//3226 3213//3213
f 3220//3220 3227//3227 3215//3215
f 3218//3218 3223//3223 3222//3222
f 3219//3219 3223//3223 3218//3218
f 3219//3219 3224//3224 3223//3223
f 3221//3221 3216//3216 3217//3217
f 3217//3217 3222//3222 3221//3221
f 3232//3232 3240//3240 3231//3231
f 3232//3232 3239//3239 3240//3240
f 3233//3233 3239//3239 3232//3232
f 3233//3233 3238//3238 3239//3239
f 3235//3235 3236//3236 3237//3237
f 3234//3234 3238//3238 3233//3233
f 3231//3231 3241//3241 3230//3230
f 3231//3231 3240//3240 3241//3241
f 3234//3234 3237//3237 3238//3238
f 3232//3232 3231//3231 3228//3228
f 3231//3231 3229//3229 3228//3228
f 3235//3235 3237//3237 3234//3234
f 3242//3242 3245//3245 3244//3244
f 3245//3245 3242//3242 3243//3243
f 3246//3246 3253//3253 3250//3250
f 3248//3248 3251//3251 3252//3252
f 3248//3248 3252//3252 3247//3247
f 3247//3247 3252//3252 3253//3253
f 3247//3247 3253//3253 3246//3246
f 3246//3246 3250//3250 3249//3249
f 3255//3255 3256//3256 3254//3254
f 3254//3254 3256//3256 3257//3257
f 3259//3259 3265//3265 3264//3264
f 3261//3261 3260//3260 3259//3259
f 3261//3261 3259//3259 3264//3264
f 3261//3261 3263//3263 3262//3262
f 3259//3259 3266//3266 3265//3265
f 3259//3259 3258//3258 3266//3266
f 3261//3261 3264//3264 3263//3263
f 3283//3283 3271//3271 3275//3275
f 3272//3272 3276//3276 3275//3275
f 3270//3270 3283//3283 3282//3282
f 3269//3269 3281//3281 3268//3268
f 3268//3268 3281//3281 3280//3280
f 3280//3280 3267//3267 3268//3268
f 3279//3279 3267//3267 3280//3280
f 3279//3279 3274//3274 3267//3267
f 3274//3274 3279//3279 3278//3278
f 3278//3278 3273//3273 3274//3274
f 3273//3273 3278//3278 3277//3277
f 3273//3273 3277//3277 3272//3272
f 3272//3272 3277//3277 3276//3276
f 3275//3275 3271//3271 3272//3272
f 3283//3283 3270//3270 3271//3271
f 3288//3288 3297//3297 3298//3298
f 3288//3288 3298//3298 3287//3287
f 3289//3289 3297//3297 3288//3288
f 3287//3287 3299//3299 3286//3286
f 3289//3289 3296//3296 3297//3297
f 3290//3290 3296//3296 3289//3289
f 3290//3290 3295//3295 3296//3296
f 3291//3291 3294//3294 3295//3295
f 3291//3291 3295//3295 3290//3290
f 3291//3291 3293//3293 3294//3294
f 3292//3292 3293//3293 3291//3291
f 3287//3287 3298//3298 3299//3299
f 3292//3292 3301//3301 3293//3293
f 3284//3284 3301//3301 3292//3292
f 3285//3285 3300//3300 3301//3301
f 3286//3286 3300//3300 3285//3285
f 3286//3286 3299//3299 3300//3300
f 3285//3285 3301//3301 3284//3284
f 3302//3302 3310//3310 3309//3309
f 3305//3305 3307//3307 3306//3306
f 3305//3305 3309//3309 3308//3308
f 3305//3305 3302//3302 3309//3309
f 3305//3305 3303//3303 3302//3302
f 3305//3305 3308//3308 3307//3307
f 3305//3305 3304//3304 3303//3303
f 3319//3319 3312//3312 3313//3313
f 3312//3312 3319//3319 3327//3327
f 3312//3312 3327//3327 3326//3326
f 3312//3312 3326//3326 3311//3311
f 3325//3325 3315//3315 3311//3311
f 3315//3315 3325//3325 3324//3324
f 3315//3315 3324//3324 3314//3314
f 3314//3314 3324//3324 3323//3323
f 3323//3323 3316//3316 3314//3314
f 3316//3316 3323//3323 3322//3322
f 3316//3316 3322//3322 3318//3318
f 3318//3318 3322//3322 3321//3321
f 3321//3321 3317//3317 3318//3318
f 3321//3321 3320//3320 3317//3317
f 3320//3320 3313//3313 3317//3317
f 3313//3313 3320//3320 3319//3319
f 3311//3311 3326//3326 3325//3325
f 3330//3330 3341//3341 3329//3329
f 3329//3329 3341//3341 3342//3342
f 3328//3328 3337//3337 3335//3335
f 3328//3328 3342//3342 3337//3337
f 3333//3333 3340//3340 3332//3332
f 3333//3333 3339//3339 3340//3340
f 3334//3334 3339//3339 3333//3333
f 3334//3334 3338//3338 3339//3339
f 3335//3335 3338//3338 3334//3334
f 3335//3335 3337//3337 3338//3338
f 3329//3329 3342//3342 3328//3328
f 3332//3332 3340//3340 3336//3336
f 3332//3332 3336//3336 3331//3331
f 3344//3344 3346//3346 3343//3343
f 3344//3344 3345//3345 3346//3346
f 3348//3348 3349//3349 3347//3347
f 3347//3347 3349//3349 3350//3350
f 3355//3355 3354//3354 3353//3353
f 3351//3351 3357//3357 3356//3356
f 3351//3351 3352//3352 3357//3357
f 3352//3352 3358//3358 3357//3357
f 3351//3351 3353//3353 3352//3352
f 3355//3355 3353//3353 3351//3351
f 3374//3374 3359//3359 3360//3360
f 3360//3360 3361//3361 3375//3375
f 3359//3359 3374//3374 3373//3373
f 3360//3360 3375//3375 3374//3374
f 3363//3363 3373//3373 3372//3372
f 3364//3364 3370//3370 3369//3369
f 3364//3364 3369//3369 3366//3366
f 3359//3359 3373//3373 3363//3363
f 3369//3369 3368//3368 3366//3366
f 3368//3368 3365//3365 3366//3366
f 3370//3370 3364//3364 3362//3362
f 3365//3365 3367//3367 3361//3361
f 3361//3361 3367//3367 3375//3375
f 3362//3362 3371//3371 3370//3370
f 3362//3362 3372//3372 3371//3371
f 3363//3363 3372//3372 3362//3362
f 3365//3365 3368//3368 3367//3367
f 3377//3377 3385//3385 3386//3386
f 3378//3378 3382//3382 3385//3385
f 3378//3378 3385//3385 3377//3377
f 3377//3377 3386//3386 3376//3376
f 3381//3381 3383//3383 3380//3380
f 3380//3380 3383//3383 3384//3384
f 3380//3380 3384//3384 3379//3379
f 3379//3379 3384//3384 3382//3382
f 3379//3379 3382//3382 3378//3378
f 3376//3376 3386//3386 3387//3387
f 3389//3389 3390//3390 3391//3391
f 3389//3389 3391//3391 3388//3388
f 3393//3393 3394//3394 3392//3392
f 3392//3392 3394//3394 3395//3395
f 3397//3397 3400//3400 3401//3401
f 3396//3396 3399//3399 3398//3398
f 3396//3396 3401//3401 3399//3399
f 3397//3397 3401//3401 3396//3396
f 3406//3406 3408//3408 3402//3402
f 3406//3406 3403//3403 3408//3408
f 3402//3402 3408//3408 3407//3407
f 3405//3405 3404//3404 3403//3403
f 3408//3408 3410//3410 3409//3409
f 3408//3408 3403//3403 3410//3410
f 3406//3406 3405//3405 3403//3403
f 3412//3412 3413//3413 3414//3414
f 3414//3414 3411//3411 3412//3412
f 3418//3418 3430//3430 3429//3429
f 3417//3417 3429//3429 3428//3428
f 3429//3429 3417//3417 3418//3418
f 3416//3416 3428//3428 3427//3427
f 3423//3423 3419//3419 3420//3420
f 3420//3420 3424//3424 3423//3423
f 3421//3421 3424//3424 3420//3420
f 3425//3425 3421//3421 3422//3422
f 3422//3422 3426//3426 3425//3425
f 3417//3417 3428//3428 3416//3416
f 3421//3421 3425//3425 3424//3424
f 3427//3427 3415//3415 3416//3416
f 3422//3422 3415//3415 3427//3427
f 3422//3422 3427//3427 3426//3426
f 3442//3442 3432//3432 3441//3441
f 3438//3438 3436//3436 3443//3443
f 3443//3443 3436//3436 3431//3431
f 3443//3443 3431//3431 3442//3442
f 3442//3442 3431//3431 3432//3432
f 3440//3440 3434//3434 3437//3437
f 3441//3441 3433//3433 3440//3440
f 3440//3440 3433//3433 3434//3434
f 3437//3437 3434//3434 3435//3435
f 3437//3437 3435//3435 3439//3439
f 3441//3441 3432//3432 3433//3433
f 3447//3447 3444//3444 3445//3445
f 3447//3447 3445//3445 3446//3446
f 3450//3450 3448//3448 3449//3449
f 3451//3451 3448//3448 3450//3450
f 3455//3455 3452//3452 3454//3454
f 3454//3454 3452//3452 3453//3453
f 3458//3458 3457//3457 3464//3464
f 3458//3458 3461//3461 3456//3456
f 3458//3458 3464//3464 3463//3463
f 3458//3458 3463//3463 3461//3461
f 3459//3459 3456//3456 3460//3460
f 3463//3463 3462//3462 3461//3461
f 3458//3458 3456//3456 3459//3459
f 3474//3474 3469//3469 3470//3470
f 3469//3469 3474//3474 3482//3482
f 3469//3469 3482//3482 3468//3468
f 3468//3468 3482//3482 3481//3481
f 3468//3468 3481//3481 3467//3467
f 3470//3470 3475//3475 3474//3474
f 3467//3467 3480//3480 3466//3466
f 3472//3472 3477//3477 3476//3476
f 3476//3476 3471//3471 3472//3472
f 3478//3478 3473//3473 3465//3465
f 3471//3471 3476//3476 3475//3475
f 3475//3475 3470//3470 3471//3471
f 3473//3473 3478//3478 3477//3477
f 3467//3467 3481//3481 3480//3480
f 3466//3466 3480//3480 3465//3465
f 3465//3465 3480//3480 3479//3479
f 3465//3465 3479//3479 3478//3478
f 3495//3495 3489//3489 3494//3494
f 3493//3493 3491//3491 3483//3483
f 3494//3494 3491//3491 3493//3493
f 3493//3493 3483//3483 3499//3499
f 3499//3499 3483//3483 3484//3484
f 3499//3499 3484//3484 3498//3498
f 3498//3498 3485//3485 3497//3497
f 3498//3498 3484//3484 3485//3485
f 3497//3497 3485//3485 3486//3486
f 3497//3497 3486//3486 3492//3492
f 3494//3494 3490//3490 3491//3491
f 3492//3492 3487//3487 3496//3496
f 3496//3496 3487//3487 3488//3488
f 3496//3496 3488//3488 3495//3495
f 3495//3495 3488//3488 3489//3489
f 3494//3494 3489//3489 3490//3490
f 3492//3492 3486//3486 3487//3487
f 3502//3502 3506//3506 3505//3505
f 3502//3502 3500//3500 3504//3504
f 3502//3502 3504//3504 3503//3503
f 3502//3502 3505//3505 3500//3500
f 3502//3502 3507//3507 3506//3506
f 3501//3501 3507//3507 3502//3502
f 3508//3508 3512//3512 3516//3516
f 3509//3509 3512//3512 3508//3508
f 3509//3509 3513//3513 3512//3512
f 3510//3510 3513//3513 3509//3509
f 3510//3510 3514//3514 3513//3513
f 3511//3511 3514//3514 3510//3510
f 3511//3511 3515//3515 3514//3514
f 3518//3518 3522//3522 3517//3517
f 3517//3517 3521//3521 3520//3520
f 3517//3517 3522//3522 3521//3521
f 3520//3520 3519//3519 3517//3517
f 3523//3523 3526//3526 3525//3525
f 3526//3526 3523//3523 3524//3524
f 3533//3533 3532//3532 3538//3538
f 3538//3538 3532//3532 3527//3527
f 3537//3537 3528//3528 3529//3529
f 3537//3537 3529//3529 3536//3536
f 3536//3536 3529//3529 3530//3530
f 3536//3536 3530//3530 3535//3535
f 3534//3534 3530//3530 3531//3531
f 3534//3534 3531//3531 3533//3533
f 3533//3533 3531//3531 3532//3532
f 3535//3535 3530//3530 3534//3534
f 3541//3541 3539//3539 3540//3540
f 3542//3542 3539//3539 3541//3541
f 3547//3547 3543//3543 3544//3544
f 3548//3548 3543//3543 3547//3547
f 3547//3547 3544//3544 3546//3546
f 3546//3546 3544//3544 3545//3545
f 3550//3550 3554//3554 3553//3553
f 3551//3551 3553//3553 3552//3552
f 3556//3556 3555//3555 3554//3554
f 3550//3550 3553//3553 3551//3551
f 3550//3550 3556//3556 3554//3554
f 3550//3550 3549//3549 3556//3556
f 3567//3567 3563//3563 3564//3564
f 3561//3561 3573//3573 3560//3560
f 3561//3561 3565//3565 3573//3573
f 3565//3565 3561//3561 3562//3562
f 3562//3562 3566//3566 3565//3565
f 3560//3560 3573//3573 3572//3572
f 3563//3563 3567//3567 3566//3566
f 3572//3572 3559//3559 3560//3560
f 3571//3571 3558//3558 3559//3559
f 3558//3558 3571//3571 3570//3570
f 3563//3563 3566//3566 3562//3562
f 3557//3557 3570//3570 3569//3569
f 3557//3557 3569//3569 3568//3568
f 3568//3568 3564//3564 3557//3557
f 3564//3564 3568//3568 3567//3567
f 3559//3559 3572//3572 3571//3571
f 3570//3570 3557//3557 3558//3558
f 3576//3576 3574//3574 3575//3575
f 3577//3577 3574//3574 3576//3576
f 3583//3583 3578//3578 3579//3579
f 3585//3585 3582//3582 3584//3584
f 3585//3585 3581//3581 3582//3582
f 3586//3586 3581//3581 3585//3585
f 3586//3586 3580//3580 3581//3581
f 3587//3587 3580//3580 3586//3586
f 3587//3587 3579//3579 3580//3580
f 3583//3583 3579//3579 3587//3587
f 3593//3593 3590//3590 3591//3591
f 3595//3595 3590//3590 3593//3593
f 3595//3595 3589//3589 3590//3590
f 3596//3596 3589//3589 3595//3595
f 3596//3596 3588//3588 3589//3589
f 3597//3597 3588//3588 3596//3596
f 3597//3597 3592//3592 3588//3588
f 3594//3594 3592//3592 3597//3597
f 3600//3600 3604//3604 3598//3598
f 3600//3600 3602//3602 3601//3601
f 3600//3600 3599//3599 3606//3606
f 3600//3600 3606//3606 3605//3605
f 3600//3600 3605//3605 3604//3604
f 3602//3602 3598//3598 3603//3603
f 3600//3600 3598//3598 3602//3602
f 3619//3619 3613//3613 3608//3608
f 3610//3610 3622//3622 3621//3621
f 3610//3610 3621//3621 3609//3609
f 3609//3609 3621//3621 3620//3620
f 3609//3609 3620//3620 3608//3608
f 3608//3608 3620//3620 3619//3619
f 3619//3619 3612//3612 3613//3613
f 3622//3622 3610//3610 3607//3607
f 3618//3618 3611//3611 3612//3612
f 3611//3611 3618//3618 3617//3617
f 3611//3611 3617//3617 3614//3614
f 3614//3614 3617//3617 3616//3616
f 3614//3614 3616//3616 3615//3615
f 3615//3615 3607//3607 3614//3614
f 3612//3612 3619//3619 3618//3618
f 3623//3623 3634//3634 3630//3630
f 3623//3623 3630//3630 3628//3628
f 3628//3628 3630//3630 3631//3631
f 3628//3628 3631//3631 3627//3627
f 3624//3624 3634//3634 3623//3623
f 3627//3627 3632//3632 3626//3626
f 3626//3626 3632//3632 3633//3633
f 3626//3626 3633//3633 3625//3625
f 3625//3625 3633//3633 3629//3629
f 3627//3627 3631//3631 3632//3632
f 3635//3635 3637//3637 3638//3638
f 3636//3636 3637//3637 3635//3635
f 3639//3639 3641//3641 3642//3642
f 3640//3640 3641//3641 3639//3639
f 3644//3644 3645//3645 3643//3643
f 3643//3643 3645//3645 3646//3646
f 3648//3648 3654//3654 3653//3653
f 3650//3650 3648//3648 3653//3653
f 3650//3650 3653//3653 3652//3652
f 3650//3650 3652//3652 3647//3647
f 3650//3650 3649//3649 3648//3648
f 3650//3650 3647//3647 3651//3651
f 3660//3660 3667//3667 3666//3666
f 3662//3662 3655//3655 3656//3656
f 3655//3655 3662//3662 3668//3668
f 3668//3668 3658//3658 3655//3655
f 3666//3666 3665//3665 3659//3659
f 3657//3657 3667//3667 3660//3660
f 3665//3665 3664//3664 3661//3661
f 3666//3666 3659//3659 3660//3660
f 3663//3663 3656//3656 3661//3661
f 3664//3664 3663//3663 3661//3661
f 3656//3656 3663//3663 3662//3662
f 3665//3665 3661//3661 3659//3659
f 3670//3670 3674//3674 3673//3673
f 3671//3671 3674//3674 3670//3670
f 3675//3675 3674//3674 3671//3671
f 3669//3669 3673//3673 3672//3672
f 3670//3670 3673//3673 3669//3669
f 3677//3677 3686//3686 3676//3676
f 3678//3678 3685//3685 3677//3677
f 3678//3678 3682//3682 3685//3685
f 3680//3680 3683//3683 3684//3684
f 3680//3680 3684//3684 3679//3679
f 3679//3679 3684//3684 3682//3682
f 3679//3679 3682//3682 3678//3678
f 3681//3681 3683//3683 3680//3680
f 3677//3677 3685//3685 3686//3686
f 3688//3688 3689//3689 3690//3690
f 3688//3688 3690//3690 3687//3687
f 3692//3692 3698//3698 3691//3691
f 3692//3692 3697//3697 3698//3698
f 3691//3691 3698//3698 3695//3695
f 3691//3691 3695//3695 3694//3694
f 3694//3694 3695//3695 3696//3696
f 3693//3693 3697//3697 3692//3692
f 3703//3703 3704//3704 3699//3699
f 3703//3703 3702//3702 3701//3701
f 3703//3703 3701//3701 3706//3706
f 3701//3701 3700//3700 3706//3706
f 3704//3704 3706//3706 3705//3705
f 3703//3703 3706//3706 3704//3704
f 3708//3708 3720//3720 3719//3719
f 3710//3710 3722//3722 3721//3721
f 3710//3710 3721//3721 3709//3709
f 3709//3709 3721//3721 3720//3720
f 3722//3722 3710//3710 3707//3707
f 3709//3709 3720//3720 3708//3708
f 3719//3719 3713//3713 3708//3708
f 3711//3711 3717//3717 3714//3714
f 3712//3712 3719//3719 3718//3718
f 3715//3715 3707//3707 3714//3714
f 3714//3714 3716//3716 3715//3715
f 3719//3719 3712//3712 3713//3713
f 3711//3711 3718//3718 3717//3717
f 3718//3718 3711//3711 3712//3712
f 3714//3714 3717//3717 3716//3716
f 3723//3723 3734//3734 3730//3730
f 3723//3723 3730//3730 3728//3728
f 3728//3728 3730//3730 3731//3731
f 3728//3728 3731//3731 3727//3727
f 3724//3724 3734//3734 3723//3723
f 3727//3727 3732//3732 3726//3726
f 3726//3726 3732//3732 3733//3733
f 3726//3726 3733//3733 3725//3725
f 3725//3725 3733//3733 3729//3729
f 3727//3727 3731//3731 3732//3732
f 3736//3736 3737//3737 3735//3735
f 3735//3735 3737//3737 3738//3738
f 3739//3739 3741//3741 3742//3742
f 3740//3740 3741//3741 3739//3739
f 3743//3743 3745//3745 3746//3746
f 3744//3744 3745//3745 3743//3743
f 3748//3748 3754//3754 3753//3753
f 3750//3750 3748//3748 3753//3753
f 3750//3750 3753//3753 3752//3752
f 3750//3750 3752//3752 3747//3747
f 3750//3750 3749//3749 3748//3748
f 3750//3750 3747//3747 3751//3751
f 3755//3755 3761//3761 3767//3767
f 3765//3765 3757//3757 3758//3758
f 3756//3756 3766//3766 3758//3758
f 3758//3758 3766//3766 3765//3765
f 3765//3765 3764//3764 3757//3757
f 3764//3764 3760//3760 3757//3757
f 3763//3763 3762//3762 3760//3760
f 3762//3762 3759//3759 3760//3760
f 3759//3759 3761//3761 3755//3755
f 3759//3759 3762//3762 3761//3761
f 3764//3764 3763//3763 3760//3760
f 3770//3770 3773//3773 3769//3769
f 3774//3774 3773//3773 3770//3770
f 3769//3769 3772//3772 3768//3768
f 3768//3768 3772//3772 3771//3771
f 3769//3769 3773//3773 3772//3772
f 3780//3780 3784//3784 3779//3779
f 3779//3779 3784//3784 3789//3789
f 3779//3779 3789//3789 3778//3778
f 3778//3778 3789//3789 3790//3790
f 3778//3778 3790//3790 3777//3777
f 3777//3777 3790//3790 3791//3791
f 3777//3777 3791//3791 3776//3776
f 3776//3776 3791//3791 3775//3775
f 3783//3783 3785//3785 3786//3786
f 3775//3775 3785//3785 3783//3783
f 3782//3782 3787//3787 3781//3781
f 3781//3781 3787//3787 3788//3788
f 3781//3781 3788//3788 3780//3780
f 3780//3780 3788//3788 3784//3784
f 3775//3775 3791//3791 3785//3785
f 3793//3793 3795//3795 3792//3792
f 3793//3793 3794//3794 3795//3795
f 3800//3800 3799//3799 3798//3798
f 3801//3801 3803//3803 3802//3802
f 3798//3798 3797//3797 3803//3803
f 3800//3800 3803//3803 3801//3801
f 3800//3800 3798//3798 3803//3803
f 3800//3800 3801//3801 3796//3796
f 3806//3806 3804//3804 3805//3805
f 3807//3807 3808//3808 3809//3809
f 3810//3810 3812//3812 3811//3811
f 3814//3814 3815//3815 3813//3813
f 3816//3816 3818//3818 3817//3817
f 3821//3821 3820//3820 3819//3819
f 3822//3822 3824//3824 3823//3823
f 3825//3825 3827//3827 3826//3826
f 3830//3830 3829//3829 3828//3828
f 3833//3833 3832//3832 3831//3831
f 3835//3835 3836//3836 3834//3834
f 3837//3837 3839//3839 3838//3838
f 3840//3840 3842//3842 3841//3841
f 3845//3845 3843//3843 3844//3844
f 3848//3848 3846//3846 3847//3847
f 3851//3851 3849//3849 3850//3850
f 3852//3852 3854//3854 3853//3853
f 3855//3855 3856//3856 3857//3857
f 3858//3858 3859//3859 3860//3860
f 3863//3863 3862//3862 3861//3861
v 0.0380462 -0.0188000 0.1111138
v 0.0401433 -0.0188000 0.1093342
v 0.0429951 -0.0188000 0.1094191
v 0.0432613 -0.0188000 0.1100057
v 0.0439039 -0.0188000 0.1100157
v 0.0449274 -0.0188000 0.1110916
v 0.0452189 -0.0185953 0.1124069
v 0.0461942 -0.0187999 0.1118225
v 0.0447253 -0.0188016 0.1093687
v 0.0411858 -0.0188010 0.1082055
v 0.0383369 -0.0188003 0.1093995
v 0.0367483 -0.0188006 0.1118266
v 0.0368452 -0.0188003 0.1147066
v 0.0382226 -0.0188002 0.1167835
v 0.0406154 -0.0188006 0.1180030
v 0.0434848 -0.0187445 0.1177206
v 0.0452114 -0.0188002 0.1163458
v 0.0461942 -0.0187999 0.1144775
v 0.0452680 -0.0187007 0.1139201
v 0.0449291 -0.0188000 0.1151520
v 0.0439280 -0.0188000 0.1162684
v 0.0433144 -0.0188000 0.1162993
v 0.0429905 -0.0188000 0.1168045
v 0.0415609 -0.0188000 0.1171231
v 0.0397841 -0.0188000 0.1167579
v 0.0381912 -0.0188000 0.1153890
v 0.0375600 -0.0188000 0.1136718
v 0.0378923 -0.0188000 0.1132435
v 0.0375887 -0.0188000 0.1126342
v 0.0398811 -0.0185117 0.1082990
v 0.0429430 -0.0185181 0.1082296
v 0.0380462 -0.0188000 0.1111138
v 0.0401433 -0.0188000 0.1093342
v 0.0429951 -0.0188000 0.1094191
v 0.0375887 -0.0188000 0.1126342
v 0.0409524 -0.0200000 0.1091606
v 0.0387829 -0.0200000 0.1102211
v 0.0374941 -0.0200000 0.1125264
v 0.0429870 -0.0200000 0.1095493
v 0.0378923 -0.0188000 0.1132435
v 0.0375887 -0.0188000 0.1126342
v 0.0374941 -0.0200000 0.1125264
v 0.0378830 -0.0200000 0.1130322
v 0.0375600 -0.0188000 0.1136718
v 0.0378923 -0.0188000 0.1132435
v 0.0378830 -0.0200000 0.1130322
v 0.0374845 -0.0200000 0.1138167
v 0.0409524 -0.0200000 0.1091606
v 0.0387829 -0.0200000 0.1102211
v 0.0374941 -0.0200000 0.1125264
v 0.0378830 -0.0200000 0.1130322
v 0.0374845 -0.0200000 0.1138167
v 0.0453302 -0.0200000 0.1138991
v 0.0439197 -0.0200000 0.1162698
v 0.0449944 -0.0200000 0.1150654
v 0.0429849 -0.0200000 0.1168112
v 0.0433282 -0.0200000 0.1162914
v 0.0388329 -0.0200000 0.1161080
v 0.0408524 -0.0200000 0.1171241
v 0.0429870 -0.0200000 0.1095493
v 0.0436864 -0.0200000 0.1100906
v 0.0452932 -0.0200000 0.1124129
v 0.0449774 -0.0200000 0.1111773
v 0.0441539 -0.0199088 0.1124845
v 0.0425140 -0.0199901 0.1105502
v 0.0435500 -0.0199533 0.1112847
v 0.0401201 -0.0200000 0.1156140
v 0.0388666 -0.0200000 0.1140840
v 0.0389167 -0.0200000 0.1119591
v 0.0405000 -0.0200000 0.1105410
v 0.0441544 -0.0199107 0.1138160
v 0.0435478 -0.0200000 0.1150864
v 0.0419498 -0.0200000 0.1158949
v 0.0441544 -0.0199107 0.1138160
v 0.0459924 -0.0170385 0.1149190
v 0.0458134 -0.0175236 0.1142851
v 0.0447342 -0.0169803 0.1170278
v 0.0453153 -0.0170002 0.1161715
v 0.0425954 -0.0198418 0.1156741
v 0.0434381 -0.0197784 0.1151606
v 0.0461942 -0.0187999 0.1144775
v 0.0452680 -0.0187007 0.1139201
v 0.0459924 -0.0170385 0.1149190
v 0.0458134 -0.0175236 0.1142851
v 0.0466346 -0.0178391 0.1147483
v 0.0463687 -0.0177976 0.1145730
v 0.0463007 -0.0172853 0.1147215
v 0.0461110 -0.0169909 0.1152630
v 0.0452680 -0.0187007 0.1139201
v 0.0449291 -0.0188000 0.1151520
v 0.0439280 -0.0188000 0.1162684
v 0.0453302 -0.0200000 0.1138991
v 0.0439197 -0.0200000 0.1162698
v 0.0449944 -0.0200000 0.1150654
v 0.0433144 -0.0188000 0.1162993
v 0.0429905 -0.0188000 0.1168045
v 0.0429849 -0.0200000 0.1168112
v 0.0433282 -0.0200000 0.1162914
v 0.0439280 -0.0188000 0.1162684
v 0.0433144 -0.0188000 0.1162993
v 0.0439197 -0.0200000 0.1162698
v 0.0433282 -0.0200000 0.1162914
v 0.0429905 -0.0188000 0.1168045
v 0.0415609 -0.0188000 0.1171231
v 0.0397841 -0.0188000 0.1167579
v 0.0381912 -0.0188000 0.1153890
v 0.0375600 -0.0188000 0.1136718
v 0.0374845 -0.0200000 0.1138167
v 0.0429849 -0.0200000 0.1168112
v 0.0388329 -0.0200000 0.1161080
v 0.0408524 -0.0200000 0.1171241
v 0.0461942 -0.0187999 0.1118225
v 0.0447253 -0.0188016 0.1093687
v 0.0411858 -0.0188010 0.1082055
v 0.0383369 -0.0188003 0.1093995
v 0.0367483 -0.0188006 0.1118266
v 0.0368452 -0.0188003 0.1147066
v 0.0382226 -0.0188002 0.1167835
v 0.0406154 -0.0188006 0.1180030
v 0.0434848 -0.0187445 0.1177206
v 0.0452114 -0.0188002 0.1163458
v 0.0461942 -0.0187999 0.1144775
v 0.0447342 -0.0169803 0.1170278
v 0.0466346 -0.0178391 0.1147483
v 0.0463687 -0.0177976 0.1145730
v 0.0377993 -0.0182856 0.1169053
v 0.0361186 -0.0178356 0.1133177
v 0.0366294 -0.0178369 0.1154085
v 0.0375203 -0.0181172 0.1096139
v 0.0364363 -0.0181050 0.1114501
v 0.0398811 -0.0185117 0.1082990
v 0.0429430 -0.0185181 0.1082296
v 0.0455461 -0.0181125 0.1096562
v 0.0466273 -0.0178765 0.1115625
v 0.0456065 -0.0178784 0.1166361
v 0.0411268 -0.0184971 0.1182731
v 0.0378389 -0.0178000 0.1168465
v 0.0444544 -0.0178000 0.1172716
v 0.0454863 -0.0178000 0.1162688
v 0.0463007 -0.0172853 0.1147215
v 0.0461110 -0.0169909 0.1152630
v 0.0447338 -0.0148000 0.1170393
v 0.0430928 -0.0148000 0.1180038
v 0.0409260 -0.0148000 0.1181883
v 0.0386813 -0.0148000 0.1174323
v 0.0369542 -0.0148000 0.1154355
v 0.0365187 -0.0148922 0.1139964
v 0.0365063 -0.0158000 0.1139466
v 0.0364878 -0.0158000 0.1123697
v 0.0365187 -0.0148922 0.1123036
v 0.0369542 -0.0148000 0.1108645
v 0.0386813 -0.0148000 0.1088677
v 0.0409259 -0.0148000 0.1081117
v 0.0430928 -0.0148000 0.1082962
v 0.0447338 -0.0148000 0.1092607
v 0.0446560 -0.0169428 0.1093208
v 0.0461778 -0.0170089 0.1111822
v 0.0463777 -0.0177365 0.1117715
v 0.0454863 -0.0178000 0.1100312
v 0.0444533 -0.0178000 0.1090274
v 0.0381002 -0.0178000 0.1093195
v 0.0366583 -0.0178000 0.1115603
v 0.0364660 -0.0178000 0.1139093
v 0.0373500 -0.0178000 0.1161113
v 0.0370973 -0.0178000 0.1100243
v 0.0456659 -0.0178000 0.1097802
v 0.0361186 -0.0178356 0.1133177
v 0.0364363 -0.0181050 0.1114501
v 0.0366583 -0.0178000 0.1115603
v 0.0370973 -0.0178000 0.1100243
v 0.0361186 -0.0178356 0.1133177
v 0.0366294 -0.0178369 0.1154085
v 0.0378389 -0.0178000 0.1168465
v 0.0366583 -0.0178000 0.1115603
v 0.0364660 -0.0178000 0.1139093
v 0.0373500 -0.0178000 0.1161113
v 0.0466273 -0.0178765 0.1115625
v 0.0463777 -0.0177365 0.1117715
v 0.0454863 -0.0178000 0.1100312
v 0.0444533 -0.0178000 0.1090274
v 0.0456659 -0.0178000 0.1097802
v 0.0452189 -0.0185953 0.1124069
v 0.0461942 -0.0187999 0.1118225
v 0.0466273 -0.0178765 0.1115625
v 0.0463777 -0.0177365 0.1117715
v 0.0457620 -0.0176046 0.1120601
v 0.0452189 -0.0185953 0.1124069
v 0.0441539 -0.0199088 0.1124845
v 0.0425140 -0.0199901 0.1105502
v 0.0435500 -0.0199533 0.1112847
v 0.0446560 -0.0169428 0.1093208
v 0.0461778 -0.0170089 0.1111822
v 0.0460084 -0.0170648 0.1114712
v 0.0453735 -0.0170017 0.1102157
v 0.0457620 -0.0176046 0.1120601
v 0.0401201 -0.0200000 0.1156140
v 0.0388666 -0.0200000 0.1140840
v 0.0389167 -0.0200000 0.1119591
v 0.0405000 -0.0200000 0.1105410
v 0.0435478 -0.0200000 0.1150864
v 0.0419498 -0.0200000 0.1158949
v 0.0425954 -0.0198418 0.1156741
v 0.0434381 -0.0197784 0.1151606
v 0.0425933 -0.0166000 0.1156752
v 0.0415330 -0.0166000 0.1159395
v 0.0403622 -0.0166000 0.1105980
v 0.0392811 -0.0166000 0.1114975
v 0.0387296 -0.0166000 0.1127867
v 0.0391038 -0.0166000 0.1146183
v 0.0402449 -0.0166000 0.1156132
v 0.0425140 -0.0199901 0.1105502
v 0.0405000 -0.0200000 0.1105410
v 0.0447338 -0.0148000 0.1092607
v 0.0446560 -0.0169428 0.1093208
v 0.0403622 -0.0166000 0.1105980
v 0.0425484 -0.0166000 0.1105376
v 0.0428461 -0.0148000 0.1106797
v 0.0447342 -0.0169803 0.1170278
v 0.0425954 -0.0198418 0.1156741
v 0.0447338 -0.0148000 0.1170393
v 0.0425933 -0.0166000 0.1156752
v 0.0427854 -0.0148000 0.1156443
v 0.0459924 -0.0170385 0.1149190
v 0.0447342 -0.0169803 0.1170278
v 0.0453153 -0.0170002 0.1161715
v 0.0461110 -0.0169909 0.1152630
v 0.0447338 -0.0148000 0.1170393
v 0.0430928 -0.0148000 0.1180038
v 0.0409260 -0.0148000 0.1181883
v 0.0386813 -0.0148000 0.1174323
v 0.0369542 -0.0148000 0.1154355
v 0.0365187 -0.0148922 0.1139964
v 0.0365187 -0.0148922 0.1123036
v 0.0369542 -0.0148000 0.1108645
v 0.0386813 -0.0148000 0.1088677
v 0.0409259 -0.0148000 0.1081117
v 0.0430928 -0.0148000 0.1082962
v 0.0447338 -0.0148000 0.1092607
v 0.0387946 -0.0148114 0.1122369
v 0.0388281 -0.0148095 0.1140643
v 0.0428461 -0.0148000 0.1106797
v 0.0441600 -0.0148000 0.1122611
v 0.0441097 -0.0148000 0.1141772
v 0.0427854 -0.0148000 0.1156443
v 0.0426157 -0.0148000 0.1140529
v 0.0429274 -0.0148000 0.1129995
v 0.0423216 -0.0148000 0.1119541
v 0.0410718 -0.0148000 0.1117722
v 0.0402903 -0.0148000 0.1124087
v 0.0400775 -0.0148000 0.1133753
v 0.0406054 -0.0148000 0.1142559
v 0.0415947 -0.0148000 0.1145897
v 0.0365187 -0.0148922 0.1139964
v 0.0365063 -0.0158000 0.1139466
v 0.0388281 -0.0148095 0.1140643
v 0.0387138 -0.0158000 0.1139500
v 0.0365063 -0.0158000 0.1139466
v 0.0364878 -0.0158000 0.1123697
v 0.0387138 -0.0158000 0.1139500
v 0.0387138 -0.0158000 0.1123500
v 0.0364878 -0.0158000 0.1123697
v 0.0365187 -0.0148922 0.1123036
v 0.0387946 -0.0148114 0.1122369
v 0.0387138 -0.0158000 0.1123500
v 0.0387946 -0.0148114 0.1122369
v 0.0388281 -0.0148095 0.1140643
v 0.0387138 -0.0158000 0.1139500
v 0.0387138 -0.0158000 0.1123500
v 0.0461778 -0.0170089 0.1111822
v 0.0463777 -0.0177365 0.1117715
v 0.0460084 -0.0170648 0.1114712
v 0.0457620 -0.0176046 0.1120601
v 0.0425933 -0.0166000 0.1156752
v 0.0425484 -0.0166000 0.1105376
v 0.0428461 -0.0148000 0.1106797
v 0.0441600 -0.0148000 0.1122611
v 0.0441097 -0.0148000 0.1141772
v 0.0427854 -0.0148000 0.1156443
v 0.0434157 -0.0166000 0.1151776
v 0.0443203 -0.0166000 0.1134050
v 0.0436719 -0.0166000 0.1113757
v 0.0425933 -0.0166000 0.1156752
v 0.0415330 -0.0166000 0.1159395
v 0.0403622 -0.0166000 0.1105980
v 0.0392811 -0.0166000 0.1114975
v 0.0387296 -0.0166000 0.1127867
v 0.0391038 -0.0166000 0.1146183
v 0.0402449 -0.0166000 0.1156132
v 0.0425484 -0.0166000 0.1105376
v 0.0434157 -0.0166000 0.1151776
v 0.0443203 -0.0166000 0.1134050
v 0.0436719 -0.0166000 0.1113757
v 0.0416984 -0.0166000 0.1156699
v 0.0401651 -0.0166000 0.1153283
v 0.0391503 -0.0166000 0.1140893
v 0.0390035 -0.0166000 0.1127546
v 0.0397363 -0.0166000 0.1112903
v 0.0414676 -0.0166000 0.1105993
v 0.0428756 -0.0166000 0.1110360
v 0.0438442 -0.0166000 0.1121439
v 0.0439359 -0.0166000 0.1139074
v 0.0429892 -0.0166000 0.1151997
v 0.0401651 -0.0166000 0.1153283
v 0.0391503 -0.0166000 0.1140893
v 0.0390035 -0.0166000 0.1127546
v 0.0397363 -0.0166000 0.1112903
v 0.0414676 -0.0166000 0.1105993
v 0.0428756 -0.0166000 0.1110360
v 0.0438442 -0.0166000 0.1121439
v 0.0419274 -0.0161952 0.1156308
v 0.0429855 -0.0161955 0.1151946
v 0.0438873 -0.0162116 0.1140170
v 0.0439766 -0.0162097 0.1126730
v 0.0433572 -0.0162089 0.1114174
v 0.0420921 -0.0162120 0.1106900
v 0.0408520 -0.0162040 0.1107127
v 0.0394132 -0.0162341 0.1116338
v 0.0389861 -0.0162163 0.1135569
v 0.0396697 -0.0162006 0.1148858
v 0.0407137 -0.0161982 0.1155550
v 0.0407260 -0.0151043 0.1143580
v 0.0400449 -0.0150951 0.1132728
v 0.0405465 -0.0151043 0.1120779
v 0.0413537 -0.0150942 0.1117419
v 0.0423275 -0.0150946 0.1119772
v 0.0428876 -0.0151004 0.1128125
v 0.0428283 -0.0150996 0.1136301
v 0.0423834 -0.0151011 0.1142724
v 0.0415787 -0.0151046 0.1145602
v 0.0416984 -0.0166000 0.1156699
v 0.0401651 -0.0166000 0.1153283
v 0.0438442 -0.0166000 0.1121439
v 0.0439359 -0.0166000 0.1139074
v 0.0429892 -0.0166000 0.1151997
v 0.0419274 -0.0161952 0.1156308
v 0.0429855 -0.0161955 0.1151946
v 0.0438873 -0.0162116 0.1140170
v 0.0439766 -0.0162097 0.1126730
v 0.0407137 -0.0161982 0.1155550
v 0.0426157 -0.0148000 0.1140529
v 0.0406054 -0.0148000 0.1142559
v 0.0415947 -0.0148000 0.1145897
v 0.0407260 -0.0151043 0.1143580
v 0.0423834 -0.0151011 0.1142724
v 0.0415787 -0.0151046 0.1145602
v 0.0400775 -0.0148000 0.1133753
v 0.0406054 -0.0148000 0.1142559
v 0.0407260 -0.0151043 0.1143580
v 0.0400449 -0.0150951 0.1132728
v 0.0402903 -0.0148000 0.1124087
v 0.0400775 -0.0148000 0.1133753
v 0.0400449 -0.0150951 0.1132728
v 0.0405465 -0.0151043 0.1120779
v 0.0423216 -0.0148000 0.1119541
v 0.0410718 -0.0148000 0.1117722
v 0.0413537 -0.0150942 0.1117419
v 0.0423275 -0.0150946 0.1119772
v 0.0429274 -0.0148000 0.1129995
v 0.0423216 -0.0148000 0.1119541
v 0.0423275 -0.0150946 0.1119772
v 0.0428876 -0.0151004 0.1128125
v 0.0426157 -0.0148000 0.1140529
v 0.0429274 -0.0148000 0.1129995
v 0.0428876 -0.0151004 0.1128125
v 0.0428283 -0.0150996 0.1136301
v 0.0423834 -0.0151011 0.1142724
v 0.0439039 -0.0188000 0.1100157
v 0.0449274 -0.0188000 0.1110916
v 0.0436864 -0.0200000 0.1100906
v 0.0449774 -0.0200000 0.1111773
v 0.0449274 -0.0188000 0.1110916
v 0.0452189 -0.0185953 0.1124069
v 0.0452932 -0.0200000 0.1124129
v 0.0449774 -0.0200000 0.1111773
v 0.0429951 -0.0188000 0.1094191
v 0.0432613 -0.0188000 0.1100057
v 0.0429870 -0.0200000 0.1095493
v 0.0436864 -0.0200000 0.1100906
v 0.0466346 -0.0178391 0.1147483
v 0.0463687 -0.0177976 0.1145730
v 0.0456065 -0.0178784 0.1166361
v 0.0444544 -0.0178000 0.1172716
v 0.0454863 -0.0178000 0.1162688
v 0.0452680 -0.0187007 0.1139201
v 0.0453302 -0.0200000 0.1138991
v 0.0441544 -0.0199107 0.1138160
v 0.0452680 -0.0187007 0.1139201
v 0.0441544 -0.0199107 0.1138160
v 0.0458134 -0.0175236 0.1142851
v 0.0406154 -0.0188006 0.1180030
v 0.0434848 -0.0187445 0.1177206
v 0.0411268 -0.0184971 0.1182731
v 0.0381002 -0.0178000 0.1093195
v 0.0366583 -0.0178000 0.1115603
v 0.0370973 -0.0178000 0.1100243
v 0.0452189 -0.0185953 0.1124069
v 0.0452932 -0.0200000 0.1124129
v 0.0441539 -0.0199088 0.1124845
v 0.0441544 -0.0199107 0.1138160
v 0.0435478 -0.0200000 0.1150864
v 0.0434381 -0.0197784 0.1151606
v 0.0461778 -0.0170089 0.1111822
v 0.0460084 -0.0170648 0.1114712
v 0.0453735 -0.0170017 0.1102157
v 0.0391503 -0.0166000 0.1140893
v 0.0390035 -0.0166000 0.1127546
v 0.0389861 -0.0162163 0.1135569
v 0.0390035 -0.0166000 0.1127546
v 0.0397363 -0.0166000 0.1112903
v 0.0394132 -0.0162341 0.1116338
v 0.0397363 -0.0166000 0.1112903
v 0.0414676 -0.0166000 0.1105993
v 0.0408520 -0.0162040 0.1107127
v 0.0410718 -0.0148000 0.1117722
v 0.0402903 -0.0148000 0.1124087
v 0.0405465 -0.0151043 0.1120779
v 0.0410718 -0.0148000 0.1117722
v 0.0405465 -0.0151043 0.1120779
v 0.0413537 -0.0150942 0.1117419
v 0.0432613 -0.0188000 0.1100057
v 0.0439039 -0.0188000 0.1100157
v 0.0436864 -0.0200000 0.1100906
vn 0.000493 -1.000000 0.000232
vn 0.000144 -1.000000 0.000844
vn -0.000647 -0.999999 0.001542
vn 0.000000 -1.000000 0.000000
vn -0.000851 -0.999999 0.001055
vn -0.023492 -0.998897 0.040663
vn -0.100788 -0.979430 0.174808
vn -0.068846 -0.990451 0.119446
vn 0.014813 -0.998809 -0.046499
vn -0.011465 -0.993196 -0.115887
vn -0.021059 -0.998506 -0.050427
vn 0.000548 -1.000000 0.000129
vn 0.000362 -1.000000 -0.000074
vn 0.000166 -1.000000 -0.000225
vn 0.005607 -0.999970 0.005340
vn 0.014598 -0.998973 0.042887
vn -0.000755 -0.999950 0.009940
vn -0.031756 -0.997711 -0.059696
vn -0.049995 -0.994325 -0.093907
vn -0.011380 -0.999706 -0.021394
vn 0.003918 -0.999652 0.026078
vn 0.000000 -1.000000 0.000000
vn 0.016427 -0.998885 0.044250
vn 0.014577 -0.999671 0.021087
vn 0.000120 -1.000000 -0.000480
vn 0.000269 -1.000000 -0.000142
vn 0.000414 -1.000000 0.000059
vn 0.000364 -1.000000 0.000106
vn 0.001076 -0.999999 -0.000418
vn -0.219952 -0.822603 -0.524352
vn 0.147891 -0.880442 -0.450500
vn -0.849541 -0.024572 -0.526950
vn -0.347717 0.007277 -0.937571
vn 0.135060 -0.016524 -0.990700
vn -0.952707 0.100822 -0.286678
vn -0.093569 0.014757 -0.995503
vn -0.677918 0.011722 -0.735044
vn -0.927875 -0.011868 -0.372702
vn 0.186573 -0.107255 -0.976569
vn -0.892771 -0.071409 0.444816
vn -0.866662 -0.047831 0.496598
vn -0.792758 0.007738 0.609487
vn -0.828224 -0.017331 0.560129
vn -0.789879 -0.024284 -0.612782
vn -0.833370 0.019347 -0.552378
vn -0.888230 0.086309 -0.451218
vn -0.865359 0.056195 -0.497992
vn 0.001915 -0.999994 0.002716
vn 0.000000 -1.000000 0.000000
vn 0.000000 -1.000000 0.000000
vn 0.000000 -1.000000 0.000000
vn 0.000000 -1.000000 0.000000
vn -0.074249 -0.997011 -0.021379
vn -0.000002 -1.000000 -0.000004
vn -0.024471 -0.999155 -0.033024
vn 0.000006 -1.000000 0.000009
vn 0.000007 -1.000000 -0.000001
vn 0.000000 -1.000000 0.000000
vn -0.000004 -1.000000 0.000006
vn -0.003713 -0.999960 0.008185
vn -0.008906 -0.999577 0.027690
vn -0.078501 -0.996712 0.020059
vn -0.045218 -0.998311 0.036485
vn -0.052606 -0.997950 0.036459
vn 0.001110 -0.999880 0.015428
vn -0.018679 -0.998941 0.042055
vn -0.000002 -1.000000 0.000001
vn 0.000000 -1.000000 0.000000
vn 0.000000 -1.000000 0.000000
vn 0.001601 -0.999999 0.000525
vn -0.035241 -0.998240 -0.047694
vn -0.000301 -0.999786 -0.020683
vn 0.000002 -1.000000 0.000007
vn -0.692171 0.598089 -0.403966
vn -0.714821 0.602735 -0.354600
vn -0.777841 0.585489 -0.228400
vn -0.619835 0.613568 -0.489223
vn -0.671385 0.607886 -0.423930
vn -0.437911 0.630494 -0.640868
vn -0.575306 0.623300 -0.529641
vn 0.507913 0.013604 -0.861301
vn 0.517500 0.025450 -0.855304
vn 0.390973 0.821118 -0.415819
vn 0.475927 0.240536 -0.845953
vn 0.548488 -0.015872 -0.836008
vn 0.521297 0.074018 -0.850159
vn 0.393708 0.642609 -0.657303
vn 0.483315 0.828970 -0.281453
vn 0.961560 0.037319 0.272047
vn 0.873629 0.012449 0.486433
vn 0.745462 -0.005718 0.666523
vn 0.960130 0.041505 0.276454
vn 0.746124 -0.004397 0.665792
vn 0.882155 0.017205 0.470645
vn 0.839564 0.001170 0.543259
vn 0.841825 -0.000948 0.539749
vn 0.836561 0.003957 0.547860
vn 0.834322 0.006016 0.551245
vn 0.046183 -0.003942 0.998925
vn 0.050184 -0.005945 0.998722
vn 0.036484 0.000913 0.999334
vn 0.040602 -0.001148 0.999175
vn 0.217489 0.004378 0.976053
vn 0.046523 0.002847 0.998913
vn -0.444171 -0.002239 0.895939
vn -0.829847 -0.030939 0.557133
vn -0.933873 0.100182 0.343285
vn -0.913736 0.005802 0.406266
vn 0.185901 -0.034640 0.981958
vn -0.674799 -0.030622 0.737366
vn -0.155160 -0.013807 0.987793
vn 0.752880 -0.479949 -0.450357
vn 0.580793 -0.361383 -0.729440
vn -0.021656 0.217790 -0.975755
vn -0.557323 -0.446523 -0.700006
vn -0.818559 -0.536506 -0.205237
vn -0.841914 -0.471812 0.261866
vn -0.505428 -0.569262 0.648448
vn -0.386349 -0.188085 0.902972
vn 0.371982 -0.100051 0.922832
vn 0.673897 -0.469806 0.570214
vn 0.779782 -0.473027 0.410103
vn 0.691525 0.012238 0.722249
vn 0.780200 -0.470898 0.411756
vn 0.909384 -0.061431 0.411396
vn -0.644270 -0.274884 0.713691
vn -0.855653 -0.515067 0.050635
vn -0.826196 -0.404092 0.392569
vn -0.669225 -0.214596 -0.711397
vn -0.806481 -0.511857 -0.295957
vn -0.273074 -0.032264 -0.961452
vn 0.243658 -0.026385 -0.969502
vn 0.704898 -0.297269 -0.644011
vn 0.758084 -0.489040 -0.431448
vn 0.679336 -0.422421 0.600052
vn -0.118041 -0.046652 0.991912
vn -0.816093 0.131983 0.562648
vn 0.522013 -0.037473 0.852114
vn 0.790847 0.065783 0.608468
vn 0.948964 0.034994 0.313438
vn 0.877370 -0.031051 0.478809
vn 0.519663 0.017749 0.854187
vn 0.304810 0.004814 0.952401
vn -0.126947 0.015858 0.991783
vn -0.543098 0.016588 0.839505
vn -0.880288 0.014238 0.474226
vn -0.959181 0.008895 0.282654
vn -0.993239 0.022119 -0.113961
vn -0.987630 0.001112 -0.156795
vn -0.959926 0.025259 -0.279113
vn -0.876004 0.016016 -0.482039
vn -0.555183 0.031841 -0.831119
vn -0.110072 0.011656 -0.993855
vn 0.302211 0.013690 -0.953143
vn 0.540534 0.014870 -0.841191
vn 0.822484 0.027916 -0.568103
vn 0.866898 -0.034249 -0.497307
vn 0.885329 -0.120538 -0.449070
vn 0.775449 0.140305 -0.615624
vn 0.548813 -0.001987 -0.835943
vn -0.597199 0.035469 -0.801308
vn -0.945848 -0.033198 -0.322906
vn -0.988178 -0.023261 0.151534
vn -0.860560 0.037083 0.507997
vn -0.773161 -0.331682 -0.540564
vn 0.777425 -0.049224 -0.627047
vn -0.750354 0.624669 -0.216233
vn -0.754942 0.618616 -0.217662
vn -0.675627 0.711510 -0.193088
vn -0.750526 0.624444 -0.216287
vn -0.099237 0.995063 -0.001596
vn -0.090506 0.995230 0.036411
vn -0.143417 0.985057 0.095365
vn -0.089558 0.995955 -0.007334
vn -0.153104 0.987630 0.033870
vn -0.136024 0.986817 0.087692
vn 0.375280 0.912420 -0.163262
vn 0.339511 0.928405 -0.150985
vn -0.017551 0.999767 -0.012564
vn -0.000020 1.000000 -0.000022
vn 0.012798 0.999753 -0.018167
vn 0.516475 0.016520 0.856143
vn 0.507065 -0.011987 0.861824
vn 0.617362 -0.068947 0.783652
vn 0.513027 -0.047421 0.857062
vn 0.468154 -0.006411 0.883624
vn -0.624902 0.539968 0.563854
vn -0.725722 0.592882 0.349025
vn -0.478274 0.596312 0.644722
vn -0.614348 0.602761 0.509172
vn -0.594246 0.578518 0.558739
vn -0.711986 0.372406 0.595307
vn -0.734642 0.587047 0.340114
vn -0.695851 0.479186 0.534950
vn -0.776540 0.585034 0.233925
vn 0.491777 0.025978 -0.870334
vn 0.944953 0.034937 -0.325337
vn 0.903548 0.025884 0.427705
vn 0.667121 0.014529 0.744808
vn -0.509649 0.104403 -0.854024
vn -0.108209 0.057975 -0.992436
vn -0.383229 0.307512 -0.870960
vn -0.521646 0.027361 -0.852723
vn -0.252206 -0.014772 -0.967561
vn 0.005007 -0.006186 -0.999968
vn 0.649148 0.028306 0.760135
vn 0.786252 -0.000361 0.617906
vn 0.994892 -0.024758 0.097860
vn 0.861342 -0.018343 -0.507695
vn 0.459728 -0.017093 -0.887895
vn 0.149593 0.002148 0.988745
vn 0.007091 -0.003286 0.999969
vn 0.541267 -0.062310 0.838539
vn 0.500358 0.002804 0.865814
vn 0.027611 -0.015650 0.999496
vn 0.367036 -0.033671 0.929597
vn 0.593092 -0.160371 0.789001
vn 0.534485 0.002932 -0.845173
vn 0.534192 0.000608 -0.845363
vn 0.553374 -0.027172 -0.832490
vn 0.548068 -0.020283 -0.836188
vn 0.580461 -0.075861 -0.810746
vn -0.120442 0.988132 -0.095335
vn -0.165875 0.976829 -0.135246
vn -0.162723 0.977738 -0.132475
vn -0.121681 0.987875 -0.096423
vn -0.000005 1.000000 0.000001
vn -0.000002 1.000000 0.000001
vn -0.000000 1.000000 0.000000
vn -0.000063 0.999999 -0.001366
vn -0.013764 0.999574 -0.025756
vn -0.034134 0.997980 -0.053581
vn -0.033818 0.997985 0.053679
vn -0.013130 0.999577 0.025949
vn 0.000002 0.999998 0.001825
vn -0.000000 1.000000 -0.000000
vn -0.000002 1.000000 -0.000001
vn -0.000005 1.000000 -0.000001
vn -0.008202 0.999931 0.008379
vn -0.008342 0.999927 -0.008690
vn -0.000001 1.000000 -0.000000
vn 0.000000 1.000000 0.000000
vn 0.000000 1.000000 0.000000
vn -0.000001 1.000000 0.000000
vn 0.000000 1.000000 0.000000
vn 0.000000 1.000000 0.000000
vn 0.000000 1.000000 0.000000
vn -0.001990 0.999998 -0.000034
vn -0.006999 0.999959 -0.005696
vn -0.006956 0.999976 0.000683
vn -0.002858 0.999996 -0.000073
vn -0.000000 1.000000 0.000000
vn 0.007826 0.069908 -0.997523
vn 0.001544 0.054768 -0.998498
vn 0.025200 0.111709 -0.993421
vn 0.019696 0.098479 -0.994944
vn 0.000003 1.000000 0.000002
vn 0.000003 1.000000 0.000001
vn 0.000004 1.000000 0.000001
vn 0.000004 1.000000 0.000000
vn 0.008833 0.072319 0.997342
vn 0.013117 0.082633 0.996494
vn 0.025174 0.111630 0.993431
vn 0.021291 0.102298 0.994526
vn -0.995671 0.092717 0.006535
vn -0.993482 0.112547 0.018082
vn -0.994615 0.102884 0.012452
vn -0.996676 0.081473 0.000000
vn 0.650271 0.577970 0.493050
vn 0.498469 0.567187 0.655613
vn 0.589853 0.576923 0.565008
vn 0.447201 0.558303 0.698791
vn 0.517294 -0.040497 0.854849
vn 0.597520 -0.035579 -0.801064
vn 0.702996 0.048190 -0.709559
vn 0.944828 0.034728 -0.325722
vn 0.924321 0.038922 0.379627
vn 0.679388 0.048062 0.732204
vn 0.724164 -0.016642 0.689427
vn 0.995828 -0.037914 0.083000
vn 0.801214 -0.014396 -0.598205
vn 0.000002 -1.000000 0.000006
vn -0.000000 -1.000000 0.000006
vn -0.000000 -1.000000 0.000001
vn 0.000000 -1.000000 0.000000
vn 0.000000 -1.000000 0.000000
vn 0.000000 -1.000000 0.000000
vn 0.000001 -1.000000 -0.000000
vn -0.000003 -1.000000 0.000010
vn 0.000000 -1.000000 0.000001
vn 0.000000 -1.000000 0.000000
vn -0.000000 -1.000000 0.000001
vn 0.000001 -1.000000 0.000007
vn 0.000000 -1.000000 0.000000
vn 0.000000 -1.000000 0.000000
vn 0.000000 -1.000000 0.000000
vn 0.000000 -1.000000 0.000000
vn -0.000000 -1.000000 0.000049
vn -0.000004 -1.000000 0.000009
vn 0.000000 -1.000000 0.000000
vn 0.000000 -1.000000 0.000000
vn 0.000000 -1.000000 0.000003
vn 0.590720 -0.146435 -0.793478
vn 0.862007 -0.165876 -0.478987
vn 0.900300 -0.384784 0.203472
vn 0.519658 -0.294142 0.802145
vn -0.053277 -0.145355 0.987944
vn -0.522925 -0.069249 0.849561
vn -0.859784 -0.190123 0.473946
vn -0.118751 -0.709346 -0.694785
vn -0.428697 -0.708347 -0.560770
vn -0.663031 -0.708486 -0.241738
vn -0.746905 -0.636120 0.193608
vn -0.701086 -0.301600 0.646154
vn -0.247705 -0.309397 0.918104
vn 0.208743 -0.607737 0.766212
vn 0.626222 -0.610747 0.484596
vn 0.791000 -0.599757 -0.120876
vn 0.715023 -0.314123 -0.624555
vn 0.280679 -0.636517 -0.718377
vn 0.389082 -0.739870 -0.548824
vn 0.679491 -0.731957 -0.050313
vn 0.474850 -0.728792 0.493334
vn 0.062154 -0.729181 0.681492
vn -0.392634 -0.730970 0.558141
vn -0.675403 -0.718278 0.167054
vn -0.662535 -0.711946 -0.232765
vn -0.429918 -0.718291 -0.547019
vn -0.041219 -0.728349 -0.683966
vn -0.056518 -0.004696 -0.998391
vn 0.210736 0.246097 -0.946059
vn -0.964525 0.259180 0.050168
vn -0.959644 0.001030 -0.281214
vn -0.606273 0.004493 -0.795244
vn -0.214194 0.011194 -0.976727
vn -0.607763 -0.015591 -0.793965
vn -0.919003 -0.011554 -0.394081
vn -0.975746 0.215906 0.036116
vn 0.189721 0.189656 -0.963346
vn -0.447388 -0.275027 -0.851002
vn 0.313956 -0.187904 -0.930657
vn -0.069427 0.024121 -0.997295
vn 0.301929 -0.144717 -0.942282
vn -0.435373 -0.220574 -0.872810
vn -0.046196 0.098639 -0.994050
vn 0.854716 0.083394 -0.512353
vn 0.839717 0.146753 -0.522818
vn 0.837241 0.155879 -0.524146
vn 0.851383 0.098959 -0.515125
vn 0.896303 0.274483 0.348283
vn 0.960715 -0.179742 0.211469
vn 0.965722 -0.087288 0.244462
vn 0.868726 0.337919 0.362113
vn -0.218576 0.015585 0.975695
vn -0.139997 -0.233286 0.962278
vn -0.152725 -0.195996 0.968639
vn -0.234213 0.071463 0.969555
vn -0.848834 -0.193709 0.491892
vn -0.837278 -0.015737 0.546551
vn -0.830191 0.026978 0.556825
vn -0.848966 -0.164871 0.502070
vn -0.859766 0.097434 -0.501308
vn -0.989830 0.080652 -0.117187
vn -0.982052 0.174605 -0.071318
vn -0.943714 -0.120300 -0.308111
vn -0.803117 0.214586 -0.555838
vn 0.713769 -0.171716 -0.679004
vn 0.674104 -0.085044 -0.733724
vn 0.686040 -0.109433 -0.719287
vn 0.643732 -0.027753 -0.764748
vn 0.975181 0.024933 -0.220000
vn 0.971454 0.037975 -0.234168
vn 0.967654 0.050086 -0.247258
vn 0.971507 0.037800 -0.233978
vn 0.909427 -0.050920 -0.412735
vn 0.821371 0.028881 -0.569662
vn 0.717075 0.098481 -0.690003
vn 0.604232 0.158810 -0.780822
vn 0.123900 0.989956 0.068086
vn 0.114656 0.991527 0.061065
vn 0.173058 0.973237 0.151199
vn 0.153550 0.975420 0.158046
vn 0.189495 0.971849 0.140004
vn 0.071992 0.019573 -0.997213
vn 0.071992 0.019573 -0.997213
vn 0.071992 0.019573 -0.997213
vn -0.396394 0.434451 -0.808780
vn -0.396394 0.434451 -0.808780
vn -0.396394 0.434451 -0.808780
vn 0.080636 -0.735057 0.673193
vn 0.080636 -0.735057 0.673193
vn 0.080636 -0.735057 0.673193
vn -0.000004 1.000000 0.000003
vn -0.000004 1.000000 0.000003
vn -0.000004 1.000000 0.000003
vn 0.063267 0.007664 0.997967
vn 0.063267 0.007664 0.997967
vn 0.063267 0.007664 0.997967
vn -0.858280 -0.280755 -0.429571
vn -0.858280 -0.280755 -0.429571
vn -0.858280 -0.280755 -0.429571
vn -0.129216 0.984940 0.114877
vn -0.129216 0.984940 0.114877
vn -0.129216 0.984940 0.114877
vn 0.958798 0.263793 -0.105448
vn 0.958798 0.263793 -0.105448
vn 0.958798 0.263793 -0.105448
vn 0.838795 0.346703 0.419786
vn 0.838795 0.346703 0.419786
vn 0.838795 0.346703 0.419786
vn 0.354048 0.296344 0.887035
vn 0.354048 0.296344 0.887035
vn 0.354048 0.296344 0.887035
vn 0.602990 -0.297041 0.740385
vn 0.602990 -0.297041 0.740385
vn 0.602990 -0.297041 0.740385
vn 0.368172 0.260977 0.892379
vn 0.368172 0.260977 0.892379
vn 0.368172 0.260977 0.892379
vn 0.015526 -0.065085 -0.997759
vn 0.015526 -0.065085 -0.997759
vn 0.015526 -0.065085 -0.997759
f 3883//3883 3880//3880 3884//3884
f 3894//3894 3872//3872 3873//3873
f 3893//3893 3873//3873 3874//3874
f 3874//3874 3865//3865 3864//3864
f 3874//3874 3864//3864 3875//3875
f 3875//3875 3864//3864 3892//3892
f 3875//3875 3890//3890 3876//3876
f 3875//3875 3892//3892 3891//3891
f 3875//3875 3891//3891 3890//3890
f 3873//3873 3866//3866 3865//3865
f 3873//3873 3872//3872 3866//3866
f 3876//3876 3890//3890 3889//3889
f 3866//3866 3872//3872 3868//3868
f 3866//3866 3868//3868 3867//3867
f 3874//3874 3873//3873 3865//3865
f 3868//3868 3872//3872 3869//3869
f 3889//3889 3888//3888 3877//3877
f 3888//3888 3878//3878 3877//3877
f 3869//3869 3872//3872 3871//3871
f 3869//3869 3871//3871 3870//3870
f 3888//3888 3887//3887 3878//3878
f 3887//3887 3879//3879 3878//3878
f 3887//3887 3886//3886 3879//3879
f 3882//3882 3881//3881 3883//3883
f 3884//3884 3880//3880 3879//3879
f 3885//3885 3884//3884 3886//3886
f 3886//3886 3884//3884 3879//3879
f 3883//3883 3881//3881 3880//3880
f 3876//3876 3889//3889 3877//3877
f 3902//3902 3899//3899 3897//3897
f 3899//3899 3896//3896 3897//3897
f 3900//3900 3895//3895 3896//3896
f 3900//3900 3901//3901 3895//3895
f 3901//3901 3898//3898 3895//3895
f 3899//3899 3900//3900 3896//3896
f 3906//3906 3904//3904 3905//3905
f 3906//3906 3903//3903 3904//3904
f 3910//3910 3908//3908 3909//3909
f 3910//3910 3907//3907 3908//3908
f 3919//3919 3936//3936 3920//3920
f 3922//3922 3936//3936 3919//3919
f 3914//3914 3913//3913 3932//3932
f 3914//3914 3932//3932 3931//3931
f 3921//3921 3931//3931 3930//3930
f 3921//3921 3930//3930 3922//3922
f 3921//3921 3915//3915 3931//3931
f 3920//3920 3936//3936 3935//3935
f 3915//3915 3914//3914 3931//3931
f 3913//3913 3912//3912 3932//3932
f 3922//3922 3930//3930 3936//3936
f 3917//3917 3935//3935 3918//3918
f 3928//3928 3924//3924 3929//3929
f 3928//3928 3923//3923 3924//3924
f 3927//3927 3926//3926 3925//3925
f 3927//3927 3929//3929 3926//3926
f 3929//3929 3924//3924 3926//3926
f 3920//3920 3935//3935 3917//3917
f 3933//3933 3911//3911 3928//3928
f 3934//3934 3916//3916 3918//3918
f 3935//3935 3934//3934 3918//3918
f 3933//3933 3912//3912 3911//3911
f 3928//3928 3911//3911 3923//3923
f 3932//3932 3912//3912 3933//3933
f 3943//3943 3940//3940 3941//3941
f 3943//3943 3942//3942 3940//3940
f 3938//3938 3937//3937 3943//3943
f 3938//3938 3943//3943 3941//3941
f 3939//3939 3937//3937 3938//3938
f 3947//3947 3950//3950 3949//3949
f 3947//3947 3946//3946 3950//3950
f 3950//3950 3946//3946 3951//3951
f 3944//3944 3947//3947 3949//3949
f 3945//3945 3947//3947 3944//3944
f 3944//3944 3949//3949 3948//3948
f 3956//3956 3957//3957 3954//3954
f 3957//3957 3952//3952 3953//3953
f 3957//3957 3953//3953 3954//3954
f 3957//3957 3955//3955 3952//3952
f 3960//3960 3958//3958 3959//3959
f 3961//3961 3958//3958 3960//3960
f 3965//3965 3962//3962 3963//3963
f 3964//3964 3962//3962 3965//3965
f 3971//3971 3969//3969 3970//3970
f 3971//3971 3973//3973 3969//3969
f 3973//3973 3974//3974 3968//3968
f 3974//3974 3967//3967 3968//3968
f 3974//3974 3972//3972 3967//3967
f 3972//3972 3966//3966 3967//3967
f 3973//3973 3968//3968 3969//3969
f 3995//3995 3994//3994 4016//4016
f 3994//3994 4015//4015 4016//4016
f 3994//3994 4024//4024 4015//4015
f 4024//4024 4014//4014 4015//4015
f 4024//4024 4025//4025 4014//4014
f 4025//4025 4012//4012 4013//4013
f 4025//4025 4026//4026 4012//4012
f 4026//4026 4011//4011 4012//4012
f 4026//4026 4010//4010 4011//4011
f 4026//4026 4009//4009 4010//4010
f 4025//4025 4013//4013 4014//4014
f 3995//3995 4016//4016 4017//4017
f 4019//4019 4023//4023 4018//4018
f 4023//4023 4017//4017 4018//4018
f 4022//4022 4023//4023 4019//4019
f 4022//4022 4019//4019 4020//4020
f 4021//4021 4022//4022 4020//4020
f 4028//4028 3992//3992 3993//3993
f 4000//4000 3991//3991 3989//3989
f 4024//4024 3994//3994 3992//3992
f 4024//4024 3992//3992 4028//4028
f 4023//4023 3996//3996 3995//3995
f 4029//4029 3996//3996 4023//4023
f 4026//4026 4027//4027 4009//4009
f 4029//4029 3997//3997 3996//3996
f 4023//4023 3995//3995 4017//4017
f 4027//4027 4008//4008 4009//4009
f 4001//4001 3983//3983 3998//3998
f 4000//4000 3989//3989 4008//4008
f 3997//3997 3975//3975 3976//3976
f 4027//4027 4000//4000 4008//4008
f 3994//3994 3995//3995 3977//3977
f 3992//3992 3994//3994 3978//3978
f 3992//3992 3978//3978 3979//3979
f 3993//3993 3992//3992 3979//3979
f 3990//3990 3993//3993 3979//3979
f 3990//3990 3979//3979 3980//3980
f 3991//3991 3990//3990 3980//3980
f 3996//3996 3997//3997 3976//3976
f 3989//3989 3980//3980 3981//3981
f 3989//3989 3991//3991 3980//3980
f 3989//3989 3981//3981 3982//3982
f 3999//3999 3989//3989 3982//3982
f 3995//3995 3996//3996 3976//3976
f 3987//3987 3984//3984 3985//3985
f 3989//3989 3999//3999 4008//4008
f 3999//3999 4007//4007 4008//4008
f 3999//3999 4006//4006 4007//4007
f 3999//3999 3983//3983 4006//4006
f 3998//3998 3983//3983 3984//3984
f 4001//4001 3986//3986 4005//4005
f 4001//4001 4005//4005 4006//4006
f 4001//4001 4002//4002 3986//3986
f 3983//3983 4001//4001 4006//4006
f 3986//3986 4002//4002 4004//4004
f 3987//3987 3998//3998 3984//3984
f 3988//3988 4003//4003 4004//4004
f 4002//4002 3988//3988 4004//4004
f 4030//4030 4033//4033 4031//4031
f 4030//4030 4032//4032 4033//4033
f 4034//4034 4038//4038 4037//4037
f 4035//4035 4039//4039 4038//4038
f 4036//4036 4039//4039 4035//4035
f 4035//4035 4038//4038 4034//4034
f 4041//4041 4044//4044 4042//4042
f 4041//4041 4040//4040 4044//4044
f 4042//4042 4044//4044 4043//4043
f 4046//4046 4048//4048 4049//4049
f 4046//4046 4049//4049 4045//4045
f 4046//4046 4047//4047 4048//4048
f 4057//4057 4055//4055 4054//4054
f 4058//4058 4051//4051 4050//4050
f 4054//4054 4052//4052 4053//4053
f 4054//4054 4053//4053 4057//4057
f 4056//4056 4053//4053 4051//4051
f 4057//4057 4053//4053 4056//4056
f 4056//4056 4051//4051 4058//4058
f 4062//4062 4069//4069 4061//4061
f 4061//4061 4069//4069 4070//4070
f 4061//4061 4070//4070 4071//4071
f 4065//4065 4066//4066 4063//4063
f 4060//4060 4072//4072 4059//4059
f 4059//4059 4072//4072 4073//4073
f 4059//4059 4073//4073 4068//4068
f 4059//4059 4068//4068 4064//4064
f 4064//4064 4068//4068 4067//4067
f 4064//4064 4067//4067 4065//4065
f 4064//4064 4065//4065 4063//4063
f 4060//4060 4071//4071 4072//4072
f 4061//4061 4071//4071 4060//4060
f 4074//4074 4077//4077 4079//4079
f 4077//4077 4076//4076 4079//4079
f 4076//4076 4080//4080 4079//4079
f 4075//4075 4079//4079 4078//4078
f 4074//4074 4079//4079 4075//4075
f 4084//4084 4083//4083 4081//4081
f 4084//4084 4085//4085 4083//4083
f 4084//4084 4081//4081 4082//4082
f 4088//4088 4089//4089 4086//4086
f 4087//4087 4089//4089 4088//4088
f 4095//4095 4094//4094 4103//4103
f 4099//4099 4104//4104 4100//4100
f 4099//4099 4111//4111 4104//4104
f 4097//4097 4096//4096 4102//4102
f 4098//4098 4097//4097 4102//4102
f 4098//4098 4102//4102 4111//4111
f 4090//4090 4107//4107 4091//4091
f 4104//4104 4101//4101 4100//4100
f 4098//4098 4111//4111 4099//4099
f 4102//4102 4112//4112 4111//4111
f 4102//4102 4113//4113 4112//4112
f 4103//4103 4114//4114 4113//4113
f 4107//4107 4092//4092 4091//4091
f 4108//4108 4107//4107 4106//4106
f 4115//4115 4107//4107 4108//4108
f 4102//4102 4103//4103 4113//4113
f 4109//4109 4106//4106 4105//4105
f 4115//4115 4093//4093 4092//4092
f 4109//4109 4108//4108 4106//4106
f 4110//4110 4109//4109 4105//4105
f 4110//4110 4105//4105 4104//4104
f 4104//4104 4111//4111 4110//4110
f 4103//4103 4094//4094 4093//4093
f 4103//4103 4093//4093 4114//4114
f 4114//4114 4093//4093 4115//4115
f 4115//4115 4092//4092 4107//4107
f 4119//4119 4117//4117 4116//4116
f 4118//4118 4119//4119 4116//4116
f 4121//4121 4122//4122 4123//4123
f 4121//4121 4120//4120 4122//4122
f 4125//4125 4124//4124 4127//4127
f 4125//4125 4127//4127 4126//4126
f 4128//4128 4130//4130 4129//4129
f 4128//4128 4131//4131 4130//4130
f 4133//4133 4132//4132 4134//4134
f 4133//4133 4134//4134 4135//4135
f 4142//4142 4140//4140 4141//4141
f 4142//4142 4143//4143 4140//4140
f 4136//4136 4142//4142 4141//4141
f 4143//4143 4144//4144 4139//4139
f 4144//4144 4138//4138 4139//4139
f 4144//4144 4137//4137 4138//4138
f 4143//4143 4139//4139 4140//4140
f 4149//4149 4148//4148 4160//4160
f 4150//4150 4158//4158 4157//4157
f 4150//4150 4157//4157 4151//4151
f 4151//4151 4157//4157 4146//4146
f 4150//4150 4149//4149 4158//4158
f 4146//4146 4157//4157 4156//4156
f 4149//4149 4159//4159 4158//4158
f 4146//4146 4156//4156 4145//4145
f 4145//4145 4156//4156 4165//4165
f 4149//4149 4160//4160 4159//4159
f 4160//4160 4147//4147 4161//4161
f 4160//4160 4148//4148 4147//4147
f 4145//4145 4165//4165 4153//4153
f 4163//4163 4162//4162 4155//4155
f 4161//4161 4152//4152 4162//4162
f 4163//4163 4155//4155 4154//4154
f 4162//4162 4152//4152 4155//4155
f 4161//4161 4147//4147 4152//4152
f 4153//4153 4164//4164 4154//4154
f 4165//4165 4164//4164 4153//4153
f 4164//4164 4163//4163 4154//4154
f 4182//4182 4185//4185 4184//4184
f 4179//4179 4178//4178 4187//4187
f 4185//4185 4182//4182 4181//4181
f 4185//4185 4181//4181 4180//4180
f 4180//4180 4186//4186 4185//4185
f 4186//4186 4180//4180 4179//4179
f 4178//4178 4188//4188 4187//4187
f 4175//4175 4190//4190 4189//4189
f 4189//4189 4188//4188 4177//4177
f 4189//4189 4177//4177 4176//4176
f 4182//4182 4184//4184 4183//4183
f 4189//4189 4176//4176 4175//4175
f 4191//4191 4190//4190 4175//4175
f 4191//4191 4175//4175 4174//4174
f 4173//4173 4191//4191 4174//4174
f 4173//4173 4192//4192 4191//4191
f 4188//4188 4178//4178 4177//4177
f 4183//4183 4192//4192 4173//4173
f 4187//4187 4186//4186 4179//4179
f 4170//4170 4178//4178 4179//4179
f 4171//4171 4178//4178 4170//4170
f 4171//4171 4177//4177 4178//4178
f 4172//4172 4177//4177 4171//4171
f 4172//4172 4176//4176 4177//4177
f 4183//4183 4184//4184 4192//4192
f 4168//4168 4180//4180 4181//4181
f 4169//4169 4179//4179 4180//4180
f 4167//4167 4181//4181 4182//4182
f 4167//4167 4182//4182 4166//4166
f 4166//4166 4182//4182 4183//4183
f 4193//4193 4198//4198 4197//4197
f 4196//4196 4201//4201 4195//4195
f 4196//4196 4200//4200 4201//4201
f 4197//4197 4200//4200 4196//4196
f 4193//4193 4202//4202 4198//4198
f 4197//4197 4198//4198 4199//4199
f 4194//4194 4202//4202 4193//4193
f 4197//4197 4199//4199 4200//4200
f 4206//4206 4204//4204 4205//4205
f 4206//4206 4205//4205 4208//4208
f 4208//4208 4205//4205 4207//4207
f 4207//4207 4205//4205 4203//4203
f 4212//4212 4209//4209 4210//4210
f 4212//4212 4210//4210 4211//4211
f 4216//4216 4213//4213 4215//4215
f 4215//4215 4213//4213 4214//4214
f 4220//4220 4217//4217 4219//4219
f 4219//4219 4217//4217 4218//4218
f 4224//4224 4222//4222 4223//4223
f 4224//4224 4221//4221 4222//4222
f 4228//4228 4225//4225 4226//4226
f 4228//4228 4226//4226 4227//4227
f 4229//4229 4225//4225 4228//4228
f 4232//4232 4230//4230 4231//4231
f 4233//4233 4232//4232 4231//4231
f 4237//4237 4234//4234 4235//4235
f 4236//4236 4237//4237 4235//4235
f 4240//4240 4239//4239 4241//4241
f 4240//4240 4238//4238 4239//4239
f 4246//4246 4244//4244 4242//4242
f 4246//4246 4242//4242 4243//4243
f 4245//4245 4244//4244 4246//4246
f 4249//4249 4247//4247 4248//4248
f 4252//4252 4250//4250 4251//4251
f 4255//4255 4253//4253 4254//4254
f 4258//4258 4257//4257 4256//4256
f 4260//4260 4259//4259 4261//4261
f 4264//4264 4262//4262 4263//4263
f 4266//4266 4265//4265 4267//4267
f 4269//4269 4270//4270 4268//4268
f 4272//4272 4273//4273 4271//4271
f 4275//4275 4276//4276 4274//4274
f 4279//4279 4277//4277 4278//4278
f 4282//4282 4280//4280 4281//4281
f 4285//4285 4283//4283 4284//4284
