# OMX visual mesh; coordinates in metres
mtllib materials.mtl
usemtl black_fasteners
v -0.0010708 0.0049001 0.0001233
v -0.0009271 0.0048999 0.0005681
v -0.0006333 0.0049000 0.0008717
v -0.0002871 0.0048999 0.0010459
v 0.0002538 0.0048999 0.0010573
v 0.0007028 0.0049000 0.0008229
v 0.0009445 0.0049000 0.0005220
v 0.0010720 0.0049000 0.0001480
v 0.0010590 0.0049001 -0.0001986
v 0.0008809 0.0048999 -0.0006400
v 0.0003704 0.0048999 -0.0010275
v -0.0003043 0.0048999 -0.0010489
v -0.0007644 0.0049000 -0.0007644
v -0.0010389 0.0049000 -0.0003249
v -0.0010708 0.0049001 0.0001233
v -0.0009271 0.0048999 0.0005681
v -0.0006333 0.0049000 0.0008717
v -0.0002871 0.0048999 0.0010459
v 0.0002538 0.0048999 0.0010573
v 0.0007028 0.0049000 0.0008229
v 0.0009445 0.0049000 0.0005220
v 0.0010720 0.0049000 0.0001480
v 0.0010590 0.0049001 -0.0001986
v 0.0008809 0.0048999 -0.0006400
v 0.0003704 0.0048999 -0.0010275
v -0.0003043 0.0048999 -0.0010489
v -0.0007644 0.0049000 -0.0007644
v -0.0010389 0.0049000 -0.0003249
v -0.0012914 0.0051226 0.0002134
v 0.0012968 0.0051262 0.0001439
v 0.0012743 0.0051244 -0.0002807
v 0.0011107 0.0051266 -0.0006905
v 0.0008426 0.0051239 -0.0009933
v 0.0005301 0.0051242 -0.0011915
v 0.0002384 0.0051255 -0.0012793
v -0.0000737 0.0051250 -0.0013027
v -0.0005001 0.0051255 -0.0012073
v -0.0008463 0.0051245 -0.0009909
v -0.0010972 0.0051250 -0.0007061
v -0.0012692 0.0051255 -0.0003110
v -0.0011273 0.0051250 0.0006571
v -0.0008487 0.0051255 0.0009937
v -0.0004987 0.0051245 0.0012039
v -0.0000942 0.0051266 0.0013044
v 0.0002395 0.0051253 0.0012790
v 0.0005992 0.0051230 0.0011624
v 0.0009694 0.0051242 0.0008723
v 0.0011917 0.0051259 0.0005337
v -0.0012914 0.0051226 0.0002134
v 0.0012968 0.0051262 0.0001439
v 0.0012743 0.0051244 -0.0002807
v 0.0011107 0.0051266 -0.0006905
v 0.0008426 0.0051239 -0.0009933
v 0.0005301 0.0051242 -0.0011915
v 0.0002384 0.0051255 -0.0012793
v -0.0000737 0.0051250 -0.0013027
v -0.0005001 0.0051255 -0.0012073
v -0.0008463 0.0051245 -0.0009909
v -0.0010972 0.0051250 -0.0007061
v -0.0012692 0.0051255 -0.0003110
v -0.0011273 0.0051250 0.0006571
v -0.0008487 0.0051255 0.0009937
v -0.0004987 0.0051245 0.0012039
v -0.0000942 0.0051266 0.0013044
v 0.0002395 0.0051253 0.0012790
v 0.0005992 0.0051230 0.0011624
v 0.0009694 0.0051242 0.0008723
v 0.0011917 0.0051259 0.0005337
v 0.0012093 0.0129000 0.0005186
v 0.0008376 0.0129000 0.0010045
v 0.0004380 0.0129000 0.0012292
v -0.0000155 0.0129000 0.0013078
v -0.0004514 0.0129000 0.0012235
v -0.0009188 0.0129000 0.0009419
v -0.0012251 0.0129000 0.0004520
v -0.0013078 0.0129000 -0.0000154
v -0.0012235 0.0129000 -0.0004514
v -0.0009739 0.0129000 -0.0008785
v -0.0006358 0.0129000 -0.0011354
v -0.0002402 0.0129000 -0.0012894
v 0.0002688 0.0129000 -0.0012769
v 0.0006965 0.0129000 -0.0011070
v 0.0011304 0.0129000 -0.0006735
v 0.0013050 0.0129000 -0.0000872
v 0.0012093 0.0129000 0.0005186
v 0.0008376 0.0129000 0.0010045
v 0.0004380 0.0129000 0.0012292
v -0.0000155 0.0129000 0.0013078
v -0.0004514 0.0129000 0.0012235
v -0.0009188 0.0129000 0.0009419
v -0.0012251 0.0129000 0.0004520
v -0.0013078 0.0129000 -0.0000154
v -0.0012235 0.0129000 -0.0004514
v -0.0009739 0.0129000 -0.0008785
v -0.0006358 0.0129000 -0.0011354
v -0.0002402 0.0129000 -0.0012894
v 0.0002688 0.0129000 -0.0012769
v 0.0006965 0.0129000 -0.0011070
v 0.0011304 0.0129000 -0.0006735
v 0.0013050 0.0129000 -0.0000872
v 0.0023813 0.0129018 -0.0002915
v 0.0020925 0.0128999 -0.0011639
v 0.0014838 0.0129052 -0.0019008
v 0.0009386 0.0129032 -0.0022118
v 0.0000531 0.0129011 -0.0023922
v -0.0007308 0.0129022 -0.0022854
v -0.0011504 0.0129028 -0.0021040
v -0.0017406 0.0129013 -0.0016404
v -0.0020911 0.0129007 -0.0011705
v -0.0024016 0.0129007 -0.0000497
v -0.0022577 0.0129011 0.0008005
v -0.0014559 0.0129022 0.0019056
v -0.0004702 0.0129008 0.0023520
v 0.0005163 0.0129033 0.0023505
v 0.0013149 0.0129018 0.0020082
v 0.0019302 0.0128997 0.0014275
v 0.0023326 0.0129020 0.0005532
v 0.0024673 0.0139799 -0.0001174
v 0.0021500 0.0140066 0.0011188
v 0.0018016 0.0139738 0.0017050
v 0.0014436 0.0139743 0.0020148
v 0.0008760 0.0140075 0.0022524
v -0.0002754 0.0139930 0.0024321
v -0.0010291 0.0140014 0.0022009
v -0.0016184 0.0139800 0.0018615
v -0.0018748 0.0139832 0.0015934
v -0.0021584 0.0139881 0.0011735
v -0.0023692 0.0139828 0.0006658
v -0.0024700 0.0139805 0.0000742
v -0.0026409 0.0138138 -0.0001038
v -0.0027313 0.0136077 -0.0002017
v -0.0027480 0.0135263 0.0001192
v -0.0027447 0.0133631 -0.0001125
v -0.0026853 0.0131846 -0.0001412
v -0.0026205 0.0130824 0.0000986
v -0.0025401 0.0130017 -0.0001966
v 0.0027512 0.0134600 -0.0001081
v 0.0027300 0.0132896 0.0001084
v 0.0025891 0.0130409 0.0000483
v 0.0026409 0.0138138 0.0001038
v 0.0027254 0.0136408 -0.0001185
v 0.0024362 0.0139743 0.0004578
v 0.0025481 0.0138488 0.0006054
v 0.0026894 0.0136850 0.0003332
v 0.0027319 0.0135160 0.0003375
v 0.0026332 0.0136279 0.0007307
v 0.0024587 0.0137854 0.0010200
v 0.0022120 0.0139290 0.0012554
v 0.0026307 0.0131358 0.0004316
v 0.0026925 0.0132758 0.0004196
v 0.0026473 0.0133566 0.0007314
v 0.0025784 0.0134914 0.0009654
v 0.0024602 0.0136611 0.0011600
v 0.0024720 0.0129647 0.0004041
v 0.0025022 0.0131418 0.0009213
v 0.0021759 0.0137591 0.0015665
v 0.0024305 0.0132839 0.0012491
v 0.0023806 0.0134905 0.0013875
v 0.0022909 0.0129628 0.0010134
v 0.0021569 0.0135282 0.0017066
v 0.0018962 0.0136951 0.0019381
v 0.0023004 0.0130897 0.0012719
v 0.0018013 0.0138213 0.0019247
v 0.0021566 0.0133650 0.0016997
v 0.0021332 0.0131915 0.0016439
v 0.0020406 0.0129820 0.0014915
v 0.0018808 0.0134701 0.0020133
v 0.0014838 0.0137916 0.0022027
v 0.0018683 0.0131015 0.0018656
v 0.0018549 0.0132952 0.0020042
v 0.0015171 0.0136250 0.0022717
v 0.0011368 0.0138901 0.0023160
v 0.0015415 0.0134439 0.0022820
v 0.0015705 0.0132505 0.0022219
v 0.0010453 0.0137426 0.0024770
v 0.0016988 0.0129686 0.0018422
v 0.0006009 0.0138806 0.0025199
v 0.0012491 0.0135077 0.0024520
v 0.0004002 0.0139955 0.0024054
v 0.0014737 0.0130280 0.0021120
v 0.0009350 0.0135917 0.0025763
v 0.0012913 0.0131199 0.0023147
v 0.0011354 0.0133425 0.0024993
v 0.0005458 0.0136519 0.0026718
v 0.0001203 0.0138995 0.0025670
v 0.0007272 0.0133754 0.0026510
v 0.0009246 0.0132233 0.0025442
v 0.0010793 0.0129662 0.0022584
v 0.0008837 0.0130570 0.0024486
v 0.0000139 0.0137171 0.0027015
v 0.0003391 0.0134848 0.0027349
v 0.0004192 0.0132061 0.0026704
v -0.0003308 0.0138399 0.0026041
v -0.0001052 0.0136066 0.0027347
v -0.0006020 0.0139196 0.0024781
v 0.0004402 0.0130384 0.0025498
v 0.0000457 0.0133454 0.0027477
v 0.0002008 0.0131080 0.0026388
v -0.0004284 0.0135950 0.0027048
v -0.0003186 0.0134086 0.0027328
v -0.0007431 0.0137042 0.0026039
v -0.0003229 0.0132244 0.0026890
v 0.0000570 0.0129529 0.0024812
v -0.0011063 0.0138399 0.0023813
v -0.0007620 0.0134347 0.0026482
v -0.0003000 0.0130292 0.0025606
v -0.0006423 0.0132981 0.0026540
v -0.0011349 0.0136250 0.0024847
v -0.0014029 0.0138934 0.0021592
v -0.0006751 0.0130736 0.0025311
v -0.0011575 0.0134151 0.0024989
v -0.0009317 0.0131883 0.0025257
v -0.0015096 0.0137236 0.0022312
v -0.0017303 0.0138322 0.0019811
v -0.0007545 0.0129426 0.0023504
v -0.0014355 0.0135481 0.0023424
v -0.0013323 0.0131867 0.0023377
v -0.0011080 0.0130602 0.0023579
v -0.0015418 0.0133801 0.0022760
v -0.0016953 0.0136044 0.0021491
v -0.0019901 0.0137269 0.0018148
v -0.0021381 0.0138472 0.0015131
v -0.0013071 0.0129724 0.0021494
v -0.0017919 0.0134162 0.0020885
v -0.0016606 0.0131660 0.0021065
v -0.0020092 0.0135393 0.0018764
v -0.0022356 0.0137361 0.0014948
v -0.0020083 0.0133120 0.0018635
v -0.0022258 0.0135512 0.0016093
v -0.0018010 0.0130442 0.0018645
v -0.0024268 0.0138478 0.0009830
v -0.0021700 0.0131455 0.0015601
v -0.0022803 0.0133414 0.0015242
v -0.0024018 0.0135078 0.0013444
v -0.0024150 0.0136960 0.0012220
v -0.0020504 0.0130638 0.0016125
v -0.0018735 0.0129027 0.0015040
v -0.0025726 0.0137200 0.0008177
v -0.0025860 0.0135289 0.0009417
v -0.0024884 0.0133097 0.0011443
v -0.0025859 0.0138520 0.0003904
v -0.0021661 0.0129616 0.0012517
v -0.0023608 0.0130591 0.0011004
v -0.0026696 0.0137362 0.0003159
v -0.0025353 0.0131579 0.0008581
v -0.0026939 0.0135528 0.0005423
v -0.0026382 0.0133093 0.0007278
v -0.0027287 0.0133865 0.0003376
v -0.0024980 0.0130043 0.0005414
v -0.0026662 0.0131771 0.0003360
v -0.0023505 0.0139887 -0.0007142
v -0.0020397 0.0139954 -0.0013444
v -0.0015662 0.0139885 -0.0018868
v -0.0009375 0.0140204 -0.0022007
v 0.0002685 0.0139731 -0.0024635
v 0.0008252 0.0139964 -0.0022973
v 0.0013788 0.0139809 -0.0020426
v 0.0017099 0.0139979 -0.0017309
v 0.0020663 0.0139794 -0.0013556
v 0.0023391 0.0140040 -0.0006372
v -0.0025453 0.0138746 -0.0005098
v -0.0026452 0.0136565 -0.0006606
v -0.0024195 0.0138569 -0.0009835
v -0.0027035 0.0134835 -0.0005371
v -0.0026791 0.0133051 -0.0005685
v -0.0024307 0.0137570 -0.0011220
v -0.0025743 0.0130837 -0.0005101
v -0.0025787 0.0134216 -0.0009659
v -0.0024843 0.0135649 -0.0011704
v -0.0021552 0.0138726 -0.0014427
v -0.0025170 0.0132281 -0.0010104
v -0.0022485 0.0137235 -0.0014837
v -0.0023543 0.0129610 -0.0008488
v -0.0024133 0.0130812 -0.0010317
v -0.0018558 0.0139324 -0.0017188
v -0.0023897 0.0133469 -0.0013478
v -0.0022901 0.0134641 -0.0015383
v -0.0019617 0.0137862 -0.0017976
v -0.0021512 0.0135754 -0.0017022
v -0.0022276 0.0131791 -0.0015019
v -0.0016008 0.0138693 -0.0020435
v -0.0018392 0.0136394 -0.0020193
v -0.0020259 0.0133324 -0.0018525
v -0.0021279 0.0130153 -0.0014270
v -0.0012718 0.0139136 -0.0022175
v -0.0014985 0.0137145 -0.0022445
v -0.0018995 0.0130598 -0.0017907
v -0.0017030 0.0134045 -0.0021603
v -0.0015193 0.0135370 -0.0022913
v -0.0016849 0.0132318 -0.0021236
v -0.0009173 0.0139164 -0.0023811
v -0.0011158 0.0137633 -0.0024286
v -0.0011447 0.0136082 -0.0024855
v -0.0016160 0.0130650 -0.0020495
v -0.0012483 0.0133750 -0.0024537
v -0.0003018 0.0139877 -0.0024386
v -0.0007319 0.0138359 -0.0025228
v -0.0012483 0.0131609 -0.0023715
v -0.0014516 0.0129748 -0.0020594
v -0.0007467 0.0136408 -0.0026266
v -0.0002230 0.0138770 -0.0025858
v -0.0009422 0.0133169 -0.0025733
v -0.0005273 0.0135314 -0.0026992
v -0.0009673 0.0130196 -0.0023782
v -0.0002967 0.0136130 -0.0027239
v -0.0007231 0.0132007 -0.0025997
v -0.0005190 0.0133484 -0.0026944
v 0.0001109 0.0137803 -0.0026630
v -0.0005251 0.0130791 -0.0025672
v 0.0001032 0.0135818 -0.0027400
v -0.0002869 0.0132596 -0.0027104
v 0.0006449 0.0138448 -0.0025424
v -0.0004934 0.0129558 -0.0024378
v 0.0001081 0.0134202 -0.0027499
v 0.0005479 0.0136104 -0.0026848
v 0.0000871 0.0132421 -0.0027136
v 0.0000316 0.0131108 -0.0026477
v -0.0000050 0.0129911 -0.0025370
v 0.0005424 0.0133600 -0.0026924
v 0.0010953 0.0138544 -0.0023759
v 0.0005091 0.0132008 -0.0026495
v 0.0009409 0.0136281 -0.0025634
v 0.0009530 0.0134679 -0.0025831
v 0.0005227 0.0129852 -0.0024804
v 0.0009560 0.0132581 -0.0025496
v 0.0015840 0.0138579 -0.0020773
v 0.0013199 0.0136683 -0.0023783
v 0.0008966 0.0130605 -0.0024465
v 0.0014390 0.0134752 -0.0023523
v 0.0013203 0.0132602 -0.0023796
v 0.0017393 0.0136452 -0.0021027
v 0.0019405 0.0138199 -0.0017937
v 0.0013324 0.0130500 -0.0022337
v 0.0016786 0.0132888 -0.0021524
v 0.0018597 0.0134686 -0.0020329
v 0.0016468 0.0131125 -0.0020717
v 0.0021832 0.0138365 -0.0014543
v 0.0021402 0.0136474 -0.0016918
v 0.0020293 0.0133071 -0.0018393
v 0.0023149 0.0139094 -0.0010896
v 0.0022863 0.0135238 -0.0015287
v 0.0023553 0.0137125 -0.0013187
v 0.0019275 0.0130838 -0.0017817
v 0.0022868 0.0133610 -0.0015212
v 0.0019648 0.0129630 -0.0015514
v 0.0025194 0.0137530 -0.0009178
v 0.0024859 0.0136020 -0.0011474
v 0.0025002 0.0138745 -0.0006949
v 0.0022261 0.0131328 -0.0014637
v 0.0024993 0.0133903 -0.0011522
v 0.0024279 0.0131622 -0.0011255
v 0.0026166 0.0135077 -0.0008502
v 0.0026660 0.0136657 -0.0005424
v 0.0026028 0.0138431 -0.0002894
v 0.0023256 0.0130237 -0.0010982
v 0.0025735 0.0132734 -0.0008978
v 0.0027088 0.0134830 -0.0005047
v 0.0026684 0.0132715 -0.0005511
v 0.0025288 0.0130859 -0.0007088
v 0.0023660 0.0129507 -0.0007496
v 0.0026298 0.0131201 -0.0003291
v 0.0027178 0.0132788 -0.0002139
v 0.0025146 0.0129905 -0.0003059
v -0.0015319 0.0143045 -0.0002689
v -0.0002657 0.0144360 -0.0008866
v -0.0003802 0.0144660 -0.0005367
v -0.0007225 0.0144520 -0.0002870
v -0.0002624 0.0143115 -0.0015328
v 0.0002692 0.0143008 -0.0015264
v 0.0000143 0.0143010 -0.0015545
v 0.0008240 0.0144386 -0.0002737
v 0.0006066 0.0144606 -0.0003444
v 0.0003776 0.0144648 -0.0005464
v 0.0002668 0.0144383 -0.0008725
v 0.0015382 0.0143079 -0.0002662
v -0.0015358 0.0143020 0.0002682
v -0.0018407 0.0142227 -0.0001510
v -0.0009965 0.0143681 -0.0008210
v -0.0014514 0.0142273 -0.0011141
v -0.0007699 0.0142244 -0.0016599
v 0.0009970 0.0143677 -0.0008228
v 0.0004860 0.0142256 -0.0017563
v 0.0011808 0.0142290 -0.0013888
v 0.0017194 0.0142310 -0.0005917
v 0.0015304 0.0143038 0.0002690
v 0.0002735 0.0144385 0.0008256
v 0.0003692 0.0144657 0.0005568
v 0.0005995 0.0144610 0.0003491
v 0.0008175 0.0144394 0.0002741
v 0.0002694 0.0143048 0.0015292
v -0.0002678 0.0143032 0.0015399
v -0.0007164 0.0144525 0.0002899
v -0.0004150 0.0144662 0.0004990
v -0.0002786 0.0144449 0.0007777
v -0.0016851 0.0142085 0.0008604
v -0.0012977 0.0141354 0.0016355
v -0.0009636 0.0143545 0.0009555
v -0.0002977 0.0142100 0.0018647
v 0.0007349 0.0143649 0.0010601
v 0.0008650 0.0141454 0.0018720
v 0.0011517 0.0143687 0.0005368
v 0.0013589 0.0142051 0.0013174
v 0.0016483 0.0142387 0.0006718
v 0.0021393 0.0141171 0.0001452
v -0.0015319 0.0143045 -0.0002689
v -0.0015358 0.0143020 0.0002682
v -0.0015430 0.0137000 -0.0002623
v -0.0015286 0.0137000 0.0002691
v -0.0015358 0.0143020 0.0002682
v -0.0015286 0.0137000 0.0002691
v -0.0002678 0.0143032 0.0015399
v -0.0007164 0.0144525 0.0002899
v -0.0004150 0.0144662 0.0004990
v -0.0002786 0.0144449 0.0007777
v -0.0002689 0.0137000 0.0015295
v -0.0002758 0.0137000 0.0007920
v -0.0004166 0.0137000 0.0004947
v -0.0007381 0.0137000 0.0002834
v -0.0015430 0.0137000 -0.0002623
v -0.0015286 0.0137000 0.0002691
v 0.0002715 0.0137000 -0.0008425
v 0.0002692 0.0137000 -0.0015264
v 0.0003442 0.0137000 -0.0006038
v 0.0005147 0.0137000 -0.0004070
v 0.0007682 0.0137000 -0.0002790
v 0.0015430 0.0137000 -0.0002623
v 0.0015286 0.0137000 0.0002691
v 0.0007934 0.0137000 0.0002757
v 0.0005600 0.0137000 0.0003745
v 0.0003727 0.0137000 0.0005560
v 0.0002733 0.0137000 0.0008180
v 0.0002648 0.0137000 0.0015403
v -0.0002689 0.0137000 0.0015295
v -0.0002758 0.0137000 0.0007920
v -0.0004166 0.0137000 0.0004947
v -0.0007381 0.0137000 0.0002834
v -0.0008147 0.0137000 -0.0002735
v -0.0005520 0.0137000 -0.0003759
v -0.0003455 0.0137000 -0.0006016
v -0.0002718 0.0137000 -0.0008389
v -0.0002692 0.0137000 -0.0015264
v -0.0000154 0.0137000 -0.0015545
v -0.0015319 0.0143045 -0.0002689
v -0.0002657 0.0144360 -0.0008866
v -0.0003802 0.0144660 -0.0005367
v -0.0007225 0.0144520 -0.0002870
v -0.0002624 0.0143115 -0.0015328
v -0.0015430 0.0137000 -0.0002623
v -0.0008147 0.0137000 -0.0002735
v -0.0005520 0.0137000 -0.0003759
v -0.0003455 0.0137000 -0.0006016
v -0.0002718 0.0137000 -0.0008389
v -0.0002692 0.0137000 -0.0015264
v -0.0002624 0.0143115 -0.0015328
v 0.0002692 0.0143008 -0.0015264
v 0.0000143 0.0143010 -0.0015545
v 0.0002692 0.0137000 -0.0015264
v -0.0002692 0.0137000 -0.0015264
v -0.0000154 0.0137000 -0.0015545
v 0.0002692 0.0143008 -0.0015264
v 0.0008240 0.0144386 -0.0002737
v 0.0006066 0.0144606 -0.0003444
v 0.0003776 0.0144648 -0.0005464
v 0.0002668 0.0144383 -0.0008725
v 0.0015382 0.0143079 -0.0002662
v 0.0002715 0.0137000 -0.0008425
v 0.0002692 0.0137000 -0.0015264
v 0.0003442 0.0137000 -0.0006038
v 0.0005147 0.0137000 -0.0004070
v 0.0007682 0.0137000 -0.0002790
v 0.0015430 0.0137000 -0.0002623
v 0.0015382 0.0143079 -0.0002662
v 0.0015304 0.0143038 0.0002690
v 0.0015430 0.0137000 -0.0002623
v 0.0015286 0.0137000 0.0002691
v 0.0015304 0.0143038 0.0002690
v 0.0002735 0.0144385 0.0008256
v 0.0003692 0.0144657 0.0005568
v 0.0005995 0.0144610 0.0003491
v 0.0008175 0.0144394 0.0002741
v 0.0002694 0.0143048 0.0015292
v 0.0015286 0.0137000 0.0002691
v 0.0007934 0.0137000 0.0002757
v 0.0005600 0.0137000 0.0003745
v 0.0003727 0.0137000 0.0005560
v 0.0002733 0.0137000 0.0008180
v 0.0002648 0.0137000 0.0015403
v 0.0002694 0.0143048 0.0015292
v -0.0002678 0.0143032 0.0015399
v 0.0002648 0.0137000 0.0015403
v -0.0002689 0.0137000 0.0015295
vn -0.001342 -0.999999 0.000150
vn -0.000127 -1.000000 0.000032
vn -0.000503 -1.000000 0.000681
vn -0.000083 -1.000000 0.000118
vn 0.000050 -1.000000 -0.000054
vn 0.000053 -1.000000 -0.000032
vn 0.000027 -1.000000 0.000025
vn 0.000084 -1.000000 -0.000022
vn 0.000492 -1.000000 -0.000240
vn -0.000382 -1.000000 0.000486
vn -0.000011 -1.000000 0.000108
vn 0.000087 -1.000000 0.000577
vn 0.000013 -1.000000 0.000063
vn -0.000039 -1.000000 -0.000013
vn -0.695241 -0.715795 0.065398
vn -0.601028 -0.712306 0.362470
vn -0.407910 -0.718973 0.562749
vn -0.175719 -0.719393 0.672010
vn 0.156168 -0.723469 0.672462
vn 0.446232 -0.718634 0.533331
vn 0.609509 -0.717670 0.336822
vn 0.697296 -0.710268 0.096425
vn 0.686603 -0.713464 -0.139804
vn 0.557993 -0.722066 -0.408979
vn 0.229569 -0.730301 -0.643397
vn -0.189426 -0.721603 -0.665888
vn -0.481463 -0.724834 -0.492756
vn -0.670504 -0.713551 -0.203147
vn -0.688433 -0.717248 0.107774
vn 0.709562 -0.700889 0.072640
vn 0.683313 -0.712948 -0.157444
vn 0.614376 -0.702640 -0.358942
vn 0.438518 -0.724836 -0.531333
vn 0.310047 -0.695022 -0.648703
vn 0.105243 -0.712696 -0.693534
vn -0.024643 -0.727889 -0.685252
vn -0.291247 -0.705792 -0.645781
vn -0.441474 -0.712216 -0.545755
vn -0.591746 -0.712245 -0.377551
vn -0.696605 -0.702233 -0.147003
vn -0.623669 -0.695678 0.356467
vn -0.462402 -0.706419 0.535870
vn -0.280119 -0.699442 0.657506
vn -0.047158 -0.715691 0.696824
vn 0.127369 -0.691361 0.711194
vn 0.327323 -0.712419 0.620740
vn 0.531273 -0.700724 0.476167
vn 0.649581 -0.704582 0.285672
vn -0.987817 -0.002933 0.155595
vn 0.994457 -0.002037 0.105126
vn 0.976600 -0.001980 -0.215057
vn 0.851108 -0.001016 -0.524990
vn 0.648803 -0.001285 -0.760956
vn 0.415568 -0.001504 -0.909561
vn 0.182430 -0.000408 -0.983219
vn -0.071657 -0.001441 -0.997428
vn -0.380146 -0.002154 -0.924924
vn -0.646623 -0.002040 -0.762807
vn -0.843923 -0.002212 -0.536459
vn -0.974418 -0.002529 -0.224731
vn -0.866568 -0.002569 0.499053
vn -0.651003 -0.000826 0.759075
vn -0.382984 0.000045 0.923755
vn -0.083779 -0.001055 0.996484
vn 0.193676 -0.001436 0.981064
vn 0.469607 -0.002287 0.882873
vn 0.736287 -0.001787 0.676667
vn 0.911986 -0.001273 0.410220
vn 0.919104 0.003316 0.394002
vn 0.655473 0.002852 0.755213
vn 0.335103 0.002284 0.942179
vn -0.009849 0.001711 0.999950
vn -0.358564 0.001220 0.933505
vn -0.700719 0.002111 0.713435
vn -0.933473 0.003130 0.358634
vn -0.999963 0.002615 -0.008153
vn -0.935925 0.002389 -0.352190
vn -0.748347 0.002013 -0.663304
vn -0.488793 0.001900 -0.872398
vn -0.172450 0.002212 -0.985016
vn 0.199965 0.002188 -0.979801
vn 0.549071 0.002545 -0.835772
vn 0.858852 0.003075 -0.512215
vn 0.997784 0.003438 -0.066441
vn 0.001076 -0.999999 -0.000378
vn 0.000004 -0.999999 0.001030
vn 0.000350 -0.999997 0.002399
vn 0.000787 -0.999998 0.001790
vn -0.000875 -0.999999 0.001009
vn -0.001181 -0.999998 0.001543
vn -0.000812 -1.000000 0.000421
vn -0.000681 -1.000000 -0.000003
vn -0.000640 -1.000000 -0.000230
vn -0.000598 -0.999999 -0.001397
vn -0.001267 -0.999997 -0.002251
vn -0.000823 -0.999998 -0.001570
vn 0.001021 -0.999998 -0.001756
vn 0.002620 -0.999993 -0.002801
vn 0.000992 -0.999998 -0.001816
vn 0.001686 -0.999999 -0.000055
vn 0.303757 -0.952283 -0.029813
vn 0.273162 -0.949644 -0.153489
vn 0.226780 -0.932477 -0.281171
vn 0.134245 -0.941782 -0.308262
vn 0.009359 -0.956901 -0.290264
vn -0.098276 -0.949533 -0.297875
vn -0.146583 -0.949757 -0.276541
vn -0.231379 -0.948124 -0.218001
vn -0.277305 -0.948132 -0.155398
vn -0.330154 -0.943927 0.000761
vn -0.309014 -0.944441 0.111986
vn -0.199557 -0.947459 0.249998
vn -0.060271 -0.947664 0.313530
vn 0.077296 -0.942230 0.325928
vn 0.172987 -0.948787 0.264347
vn 0.239924 -0.954188 0.178781
vn 0.287850 -0.954778 0.074442
vn 0.541078 0.840589 -0.025393
vn 0.418239 0.886471 0.198104
vn 0.412897 0.828831 0.377564
vn 0.324377 0.832992 0.448222
vn 0.167744 0.877041 0.450178
vn -0.051247 0.862603 0.503279
vn -0.204425 0.871587 0.445585
vn -0.351465 0.845924 0.401106
vn -0.403403 0.846886 0.346482
vn -0.466428 0.847470 0.253457
vn -0.506208 0.851510 0.136691
vn -0.535744 0.844256 0.014507
vn -0.816552 0.576258 -0.034203
vn -0.966580 0.245728 -0.073078
vn -0.991105 0.125891 0.043162
vn -0.987508 -0.153148 -0.037051
vn -0.890234 -0.452862 -0.048984
vn -0.766234 -0.641821 0.030837
vn -0.666038 -0.743544 -0.059459
vn 0.999297 0.000435 -0.037476
vn 0.957020 -0.287809 0.035761
vn 0.734639 -0.678401 0.008761
vn 0.807064 0.589542 0.032978
vn 0.951498 0.304732 -0.042305
vn 0.532043 0.840460 0.102750
vn 0.755146 0.627556 0.189548
vn 0.919068 0.376908 0.115128
vn 0.989825 0.073629 0.121755
vn 0.930220 0.267860 0.250883
vn 0.772653 0.552590 0.312491
vn 0.585806 0.737339 0.336396
vn 0.826592 -0.541713 0.152615
vn 0.951982 -0.264185 0.154715
vn 0.950443 -0.171800 0.259119
vn 0.933234 0.038355 0.357217
vn 0.851367 0.319363 0.416151
vn 0.594304 -0.798196 0.098419
vn 0.803816 -0.526102 0.277662
vn 0.707902 0.489393 0.509283
vn 0.854364 -0.282225 0.436361
vn 0.858008 0.063855 0.509651
vn 0.536041 -0.813219 0.226569
vn 0.778041 0.131307 0.614338
vn 0.652169 0.361251 0.666463
vn 0.697083 -0.599527 0.393247
vn 0.534094 0.616150 0.578881
vn 0.774502 -0.163775 0.611003
vn 0.710493 -0.450204 0.540847
vn 0.537295 -0.745783 0.393854
vn 0.678046 0.027354 0.734510
vn 0.467369 0.553015 0.689740
vn 0.578197 -0.576891 0.576962
vn 0.651924 -0.280024 0.704686
vn 0.536164 0.274002 0.798405
vn 0.315150 0.705843 0.634402
vn 0.562660 -0.028758 0.826188
vn 0.544263 -0.351809 0.761583
vn 0.348671 0.458751 0.817298
vn 0.398034 -0.809690 0.431243
vn 0.173378 0.670481 0.721384
vn 0.453738 0.101454 0.885341
vn 0.076831 0.876556 0.475128
vn 0.418311 -0.692557 0.587691
vn 0.328207 0.190127 0.925274
vn 0.401882 -0.545369 0.735571
vn 0.408149 -0.195927 0.891643
vn 0.190172 0.321485 0.927622
vn 0.042328 0.710459 0.702465
vn 0.257459 -0.120602 0.958734
vn 0.307697 -0.397932 0.864276
vn 0.249401 -0.808851 0.532503
vn 0.244399 -0.663780 0.706870
vn 0.022344 0.424802 0.905011
vn 0.122764 0.036337 0.991770
vn 0.155859 -0.386315 0.909103
vn -0.097539 0.600622 0.793561
vn -0.044642 0.209735 0.976739
vn -0.171373 0.747708 0.641532
vn 0.138083 -0.693355 0.707242
vn 0.012751 -0.186312 0.982408
vn 0.038408 -0.573554 0.818267
vn -0.153292 0.233788 0.960128
vn -0.115789 -0.073396 0.990558
vn -0.256486 0.393627 0.882764
vn -0.106479 -0.399113 0.910698
vn 0.009083 -0.838679 0.544550
vn -0.329441 0.616825 0.714840
vn -0.288817 -0.025898 0.957034
vn -0.077092 -0.698202 0.711737
vn -0.221889 -0.289544 0.931091
vn -0.395348 0.275213 0.876332
vn -0.378864 0.713852 0.588963
vn -0.194108 -0.622998 0.757757
vn -0.414426 -0.089092 0.905712
vn -0.317240 -0.418064 0.851223
vn -0.497390 0.437580 0.749084
vn -0.533022 0.597529 0.599037
vn -0.176234 -0.868358 0.463569
vn -0.512245 0.148482 0.845907
vn -0.447904 -0.442905 0.776671
vn -0.317896 -0.660920 0.679799
vn -0.558026 -0.138854 0.818123
vn -0.608131 0.238091 0.757291
vn -0.662221 0.440325 0.606281
vn -0.618125 0.651774 0.439445
vn -0.311215 -0.793928 0.522325
vn -0.646262 -0.085179 0.758347
vn -0.542248 -0.479051 0.690274
vn -0.727620 0.126002 0.674309
vn -0.759883 0.427287 0.489902
vn -0.709650 -0.257842 0.655679
vn -0.797200 0.139971 0.587265
vn -0.515880 -0.675867 0.526376
vn -0.706471 0.645167 0.290959
vn -0.708828 -0.501441 0.496104
vn -0.815997 -0.191866 0.545286
vn -0.869822 0.082958 0.486341
vn -0.819760 0.390348 0.419073
vn -0.569581 -0.674439 0.469798
vn -0.255773 -0.942928 0.213231
vn -0.864956 0.426564 0.264377
vn -0.933995 0.099850 0.343049
vn -0.875175 -0.255364 0.410924
vn -0.746463 0.653875 0.123451
vn -0.508893 -0.808920 0.294407
vn -0.693230 -0.645089 0.321391
vn -0.901929 0.420769 0.097350
vn -0.817539 -0.504422 0.277830
vn -0.968521 0.149871 0.198762
vn -0.940883 -0.227532 0.250936
vn -0.984158 -0.130995 0.119469
vn -0.651755 -0.745807 0.137797
vn -0.884697 -0.452501 0.112047
vn -0.483427 0.862367 -0.150407
vn -0.420433 0.867529 -0.265763
vn -0.317295 0.867552 -0.382985
vn -0.172107 0.897070 -0.406995
vn 0.055203 0.836955 -0.544481
vn 0.169186 0.866124 -0.470325
vn 0.281378 0.855495 -0.434690
vn 0.357937 0.864377 -0.353178
vn 0.437006 0.850520 -0.292646
vn 0.463336 0.877124 -0.126381
vn -0.730979 0.669012 -0.134512
vn -0.911804 0.333710 -0.239270
vn -0.698968 0.657877 -0.280431
vn -0.980843 0.040654 -0.190512
vn -0.939199 -0.276974 -0.202954
vn -0.801025 0.465166 -0.376801
vn -0.772938 -0.613939 -0.160144
vn -0.938014 -0.044012 -0.343792
vn -0.890337 0.171547 -0.421748
vn -0.617238 0.673804 -0.406209
vn -0.861936 -0.374336 -0.341963
vn -0.763400 0.414420 -0.495455
vn -0.529273 -0.830267 -0.174722
vn -0.716393 -0.620682 -0.318645
vn -0.463715 0.775595 -0.428277
vn -0.857568 -0.196966 -0.475164
vn -0.830731 0.001792 -0.556671
vn -0.628428 0.526548 -0.572561
vn -0.757610 0.197126 -0.622229
vn -0.740901 -0.444938 -0.503086
vn -0.472432 0.651037 -0.594104
vn -0.648018 0.279138 -0.708628
vn -0.718437 -0.205007 -0.664695
vn -0.566057 -0.731337 -0.380429
vn -0.341259 0.735642 -0.585127
vn -0.499018 0.428696 -0.753127
vn -0.557959 -0.643798 -0.523646
vn -0.619983 -0.079235 -0.780604
vn -0.545619 0.116560 -0.829888
vn -0.573406 -0.373635 -0.729111
vn -0.235895 0.746016 -0.622747
vn -0.363926 0.503447 -0.783644
vn -0.395577 0.210568 -0.893969
vn -0.482179 -0.629490 -0.609299
vn -0.450348 -0.125272 -0.884021
vn -0.067166 0.865798 -0.495866
vn -0.199536 0.611916 -0.765339
vn -0.413108 -0.497428 -0.762829
vn -0.346111 -0.792521 -0.502113
vn -0.268373 0.274686 -0.923322
vn -0.071513 0.651389 -0.755367
vn -0.339717 -0.192139 -0.920692
vn -0.193213 0.079948 -0.977894
vn -0.264332 -0.709928 -0.652787
vn -0.103196 0.243559 -0.964380
vn -0.246705 -0.438150 -0.864385
vn -0.183707 -0.155724 -0.970568
vn 0.043777 0.531433 -0.845968
vn -0.149653 -0.624963 -0.766176
vn 0.040643 0.205552 -0.977802
vn -0.095271 -0.303068 -0.948195
vn 0.190676 0.621021 -0.760247
vn -0.102716 -0.824904 -0.555862
vn 0.038843 -0.065876 -0.997071
vn 0.188983 0.245164 -0.950884
vn 0.040987 -0.335724 -0.941068
vn 0.011217 -0.575546 -0.817692
vn -0.009645 -0.766384 -0.642310
vn 0.193880 -0.136996 -0.971413
vn 0.321800 0.638150 -0.699435
vn 0.166210 -0.447871 -0.878513
vn 0.333659 0.298793 -0.894088
vn 0.356531 -0.000924 -0.934283
vn 0.128719 -0.771945 -0.622521
vn 0.341449 -0.330457 -0.879892
vn 0.466016 0.638775 -0.612206
vn 0.452559 0.343365 -0.822977
vn 0.268598 -0.652064 -0.708991
vn 0.519584 0.017029 -0.854250
vn 0.445220 -0.326553 -0.833752
vn 0.604098 0.305464 -0.736042
vn 0.587868 0.595226 -0.547830
vn 0.376585 -0.668915 -0.640887
vn 0.590047 -0.273833 -0.759513
vn 0.682831 0.016277 -0.730395
vn 0.511742 -0.587137 -0.627208
vn 0.654255 0.613045 -0.442862
vn 0.747753 0.277126 -0.603379
vn 0.724632 -0.232633 -0.648683
vn 0.616292 0.732607 -0.288913
vn 0.825077 0.107018 -0.554793
vn 0.791601 0.419697 -0.444098
vn 0.567920 -0.614046 -0.548100
vn 0.820856 -0.178843 -0.542412
vn 0.450372 -0.816990 -0.360129
vn 0.832531 0.463565 -0.303314
vn 0.884808 0.222162 -0.409584
vn 0.714149 0.674440 -0.187411
vn 0.713301 -0.526154 -0.462994
vn 0.894739 -0.123405 -0.429202
vn 0.799193 -0.465749 -0.379960
vn 0.950082 0.077382 -0.302252
vn 0.916654 0.352890 -0.187654
vn 0.778603 0.620952 -0.090531
vn 0.627876 -0.718923 -0.298196
vn 0.904227 -0.300079 -0.303853
vn 0.983134 0.022579 -0.181488
vn 0.931502 -0.302946 -0.201314
vn 0.766789 -0.605563 -0.212903
vn 0.515727 -0.841056 -0.163249
vn 0.827712 -0.552116 -0.100301
vn 0.950771 -0.301461 -0.071799
vn 0.643052 -0.762109 -0.075332
vn -0.283891 0.950045 -0.129695
vn -0.108270 0.980799 -0.162204
vn -0.106402 0.988268 -0.109564
vn -0.141897 0.986468 -0.082136
vn -0.066330 0.958489 -0.277308
vn 0.078621 0.966999 -0.242348
vn 0.013689 0.946754 -0.321666
vn 0.151517 0.985255 -0.079463
vn 0.117358 0.988420 -0.096191
vn 0.105714 0.988296 -0.109978
vn 0.106427 0.980101 -0.167558
vn 0.268290 0.962131 -0.048213
vn -0.270359 0.960518 0.065652
vn -0.312241 0.949546 -0.029465
vn -0.164401 0.977052 -0.135430
vn -0.241220 0.953740 -0.179425
vn -0.133753 0.954123 -0.267881
vn 0.160950 0.976816 -0.141157
vn 0.082039 0.953447 -0.290187
vn 0.191078 0.954814 -0.227641
vn 0.288024 0.950931 -0.113017
vn 0.358148 0.932968 0.036064
vn 0.079225 0.984987 0.153373
vn 0.112380 0.986549 0.118709
vn 0.126612 0.985580 0.112261
vn 0.144649 0.986116 0.081558
vn 0.066793 0.959269 0.274485
vn -0.082454 0.964071 0.252523
vn -0.147807 0.984906 0.090069
vn -0.106986 0.987799 0.113166
vn -0.090108 0.984137 0.152822
vn -0.276131 0.951128 0.138226
vn -0.200518 0.944509 0.260182
vn -0.155815 0.974398 0.162080
vn -0.055909 0.949342 0.309231
vn 0.124973 0.976497 0.175599
vn 0.132086 0.944729 0.300067
vn 0.182036 0.978767 0.094222
vn 0.220399 0.951348 0.215318
vn 0.276960 0.954166 0.113404
vn 0.343194 0.938876 0.027007
vn 0.999810 -0.018137 0.007105
vn 0.999954 -0.004322 -0.008574
vn 0.999935 -0.001994 -0.011215
vn 0.999563 0.011958 -0.027043
vn 0.021363 0.003140 -0.999767
vn 0.018103 -0.001181 -0.999835
vn 0.999935 0.000888 -0.011389
vn 0.332876 0.003723 -0.942963
vn 0.757421 0.002184 -0.652923
vn 0.967896 0.001193 -0.251349
vn 0.999955 -0.001647 -0.009345
vn 0.974965 -0.001800 -0.222353
vn 0.755266 -0.004468 -0.655403
vn 0.292155 -0.002173 -0.956369
vn 0.000000 1.000000 0.000000
vn 0.000000 1.000000 0.000000
vn -0.000000 1.000000 -0.000002
vn 0.000000 1.000000 0.000000
vn -0.000002 1.000000 0.000004
vn -0.000002 1.000000 0.000001
vn -0.000001 1.000000 0.000001
vn 0.000000 1.000000 0.000001
vn 0.000000 1.000000 0.000000
vn 0.000001 1.000000 0.000001
vn 0.000003 1.000000 0.000000
vn -0.000001 1.000000 -0.000001
vn -0.000002 1.000000 0.000000
vn -0.000002 1.000000 0.000001
vn -0.000002 1.000000 0.000001
vn -0.000002 1.000000 -0.000001
vn -0.000002 1.000000 -0.000000
vn 0.000000 1.000000 0.000000
vn 0.000000 1.000000 0.000000
vn -0.000001 1.000000 -0.000000
vn -0.000002 1.000000 0.000001
vn -0.000002 1.000000 0.000001
vn -0.000004 1.000000 -0.000001
vn -0.000001 1.000000 -0.000001
vn 0.017391 0.013143 0.999762
vn 0.986246 0.003750 0.165240
vn 0.809547 0.021079 0.586677
vn 0.332883 0.021180 0.942730
vn 0.999912 -0.011114 0.007222
vn 0.015303 0.010665 0.999826
vn 0.179956 -0.005572 0.983659
vn 0.566412 -0.015140 0.823983
vn 0.872798 -0.004477 0.488061
vn 0.987441 0.002061 0.157974
vn 0.999941 -0.009451 0.005309
vn 0.086316 -0.000504 0.996268
vn -0.109622 0.000000 0.993973
vn -0.015985 -0.001200 0.999872
vn -0.101181 0.003622 0.994861
vn 0.110028 0.009158 0.993886
vn 0.004756 0.005311 0.999975
vn -0.999993 0.000003 -0.003782
vn -0.167923 0.005549 0.985785
vn -0.500706 0.013232 0.865516
vn -0.829316 0.014471 0.558593
vn -0.985407 0.006475 0.170089
vn -0.016753 0.000193 0.999860
vn -0.988287 -0.000168 0.152609
vn -0.999994 -0.003401 0.000061
vn -0.878717 -0.003062 0.477332
vn -0.615563 -0.013335 0.787975
vn -0.235573 -0.007056 0.971831
vn -0.021574 0.006302 0.999747
vn -0.999860 -0.007872 -0.014732
vn -0.999788 -0.002918 -0.020361
vn -0.999770 -0.002040 -0.021359
vn -0.999630 0.002961 -0.027040
vn -0.008331 -0.001036 -0.999965
vn -0.982294 0.002191 -0.187334
vn -0.828677 0.004852 -0.559707
vn -0.513075 0.007336 -0.858312
vn -0.179641 0.003680 -0.983725
vn -0.999954 0.003812 -0.008791
vn -0.009090 -0.000109 -0.999959
vn -0.200308 -0.004202 -0.979724
vn -0.554423 -0.004816 -0.832221
vn -0.835171 -0.003150 -0.549982
vn -0.983062 0.000686 -0.183273
vn -0.999903 0.007344 -0.011793
vn -0.019980 -0.018333 -0.999632
vn -0.001466 -0.001986 -0.999997
vn 0.001621 0.000739 -0.999998
vn 0.020249 0.017187 -0.999647
f 11//11 7//7 6//6
f 13//13 6//6 5//5
f 13//13 5//5 2//2
f 13//13 2//2 14//14
f 13//13 12//12 11//11
f 14//14 2//2 1//1
f 13//13 11//11 6//6
f 2//2 5//5 4//4
f 11//11 10//10 9//9
f 11//11 9//9 8//8
f 11//11 8//8 7//7
f 2//2 4//4 3//3
f 44//44 18//18 19//19
f 42//42 41//41 16//16
f 42//42 16//16 17//17
f 43//43 42//42 17//17
f 43//43 17//17 18//18
f 44//44 43//43 18//18
f 45//45 44//44 19//19
f 48//48 21//21 22//22
f 46//46 19//19 20//20
f 47//47 46//46 20//20
f 47//47 20//20 21//21
f 48//48 47//47 21//21
f 29//29 15//15 16//16
f 30//30 48//48 22//22
f 46//46 45//45 19//19
f 28//28 29//29 40//40
f 41//41 29//29 16//16
f 40//40 39//39 28//28
f 28//28 15//15 29//29
f 23//23 30//30 22//22
f 31//31 23//23 24//24
f 32//32 31//31 24//24
f 33//33 32//32 24//24
f 33//33 24//24 25//25
f 34//34 33//33 25//25
f 35//35 34//34 25//25
f 23//23 31//31 30//30
f 36//36 25//25 26//26
f 37//37 36//36 26//26
f 38//38 37//37 26//26
f 38//38 26//26 27//27
f 39//39 38//38 27//27
f 39//39 27//27 28//28
f 36//36 35//35 25//25
f 59//59 77//77 78//78
f 58//58 59//59 78//78
f 58//58 78//78 79//79
f 57//57 58//58 79//79
f 57//57 79//79 80//80
f 56//56 57//57 80//80
f 56//56 80//80 81//81
f 53//53 54//54 82//82
f 54//54 55//55 81//81
f 54//54 81//81 82//82
f 52//52 53//53 83//83
f 51//51 52//52 83//83
f 51//51 83//83 84//84
f 50//50 51//51 84//84
f 59//59 60//60 77//77
f 55//55 56//56 81//81
f 60//60 76//76 77//77
f 53//53 82//82 83//83
f 49//49 75//75 76//76
f 60//60 49//49 76//76
f 50//50 84//84 69//69
f 67//67 68//68 69//69
f 67//67 69//69 70//70
f 66//66 67//67 70//70
f 66//66 70//70 71//71
f 65//65 66//66 71//71
f 65//65 71//71 72//72
f 68//68 50//50 69//69
f 64//64 72//72 73//73
f 63//63 64//64 73//73
f 63//63 73//73 74//74
f 62//62 63//63 74//74
f 61//61 62//62 74//74
f 61//61 74//74 75//75
f 64//64 65//65 72//72
f 49//49 61//61 75//75
f 316//316 311//311 314//314
f 317//317 309//309 311//311
f 315//315 310//310 308//308
f 318//318 309//309 317//317
f 318//318 313//313 309//309
f 315//315 314//314 310//310
f 317//317 311//311 316//316
f 105//105 106//106 313//313
f 320//320 312//312 256//256
f 105//105 313//313 318//318
f 319//319 316//316 314//314
f 321//321 316//316 319//319
f 315//315 308//308 312//312
f 322//322 315//315 312//312
f 319//319 314//314 315//315
f 312//312 255//255 256//256
f 311//311 307//307 303//303
f 314//314 305//305 310//310
f 306//306 302//302 307//307
f 255//255 301//301 296//296
f 106//106 107//107 304//304
f 304//304 298//298 306//306
f 308//308 305//305 301//301
f 308//308 301//301 255//255
f 310//310 305//305 308//308
f 309//309 304//304 306//306
f 311//311 306//306 307//307
f 321//321 317//317 316//316
f 311//311 303//303 305//305
f 312//312 308//308 255//255
f 313//313 304//304 309//309
f 313//313 106//106 304//304
f 311//311 309//309 306//306
f 314//314 311//311 305//305
f 320//320 322//322 312//312
f 324//324 105//105 318//318
f 324//324 317//317 321//321
f 333//333 325//325 330//330
f 104//104 324//324 328//328
f 333//333 328//328 325//325
f 332//332 258//258 259//259
f 335//335 329//329 331//331
f 332//332 331//331 326//326
f 334//334 330//330 329//329
f 104//104 328//328 333//333
f 335//335 334//334 329//329
f 336//336 330//330 334//334
f 337//337 332//332 259//259
f 336//336 333//333 330//330
f 338//338 331//331 332//332
f 103//103 104//104 333//333
f 306//306 298//298 302//302
f 332//332 326//326 258//258
f 323//323 315//315 322//322
f 331//331 329//329 327//327
f 330//330 325//325 329//329
f 257//257 320//320 256//256
f 324//324 318//318 317//317
f 323//323 319//319 315//315
f 325//325 319//319 323//323
f 326//326 320//320 257//257
f 327//327 322//322 320//320
f 325//325 321//321 319//319
f 327//327 320//320 326//326
f 324//324 104//104 105//105
f 327//327 323//323 322//322
f 328//328 321//321 325//325
f 329//329 323//323 327//327
f 328//328 324//324 321//321
f 326//326 257//257 258//258
f 329//329 325//325 323//323
f 331//331 327//327 326//326
f 303//303 300//300 305//305
f 285//285 281//281 253//253
f 303//303 302//302 300//300
f 281//281 278//278 275//275
f 281//281 275//275 253//253
f 280//280 274//274 271//271
f 280//280 276//276 277//277
f 283//283 277//277 279//279
f 282//282 279//279 278//278
f 284//284 274//274 280//280
f 282//282 278//278 281//281
f 284//284 273//273 274//274
f 285//285 253//253 254//254
f 283//283 280//280 277//277
f 283//283 279//279 282//282
f 109//109 273//273 284//284
f 286//286 282//282 281//281
f 338//338 332//332 337//337
f 280//280 271//271 276//276
f 287//287 280//280 283//283
f 279//279 272//272 278//278
f 278//278 272//272 270//270
f 272//272 266//266 270//270
f 273//273 136//136 267//267
f 271//271 267//267 265//265
f 274//274 267//267 271//271
f 272//272 269//269 266//266
f 273//273 110//110 136//136
f 276//276 268//268 269//269
f 277//277 269//269 272//272
f 275//275 270//270 252//252
f 273//273 267//267 274//274
f 276//276 271//271 268//268
f 278//278 270//270 275//275
f 275//275 252//252 253//253
f 279//279 277//277 272//272
f 276//276 269//269 277//277
f 273//273 109//109 110//110
f 307//307 302//302 303//303
f 287//287 284//284 280//280
f 285//285 286//286 281//281
f 297//297 292//292 291//291
f 297//297 291//291 296//296
f 298//298 294//294 290//290
f 300//300 293//293 292//292
f 300//300 292//292 297//297
f 299//299 294//294 298//298
f 299//299 107//107 108//108
f 301//301 297//297 296//296
f 300//300 295//295 293//293
f 302//302 295//295 300//300
f 302//302 298//298 295//295
f 301//301 300//300 297//297
f 304//304 299//299 298//298
f 305//305 300//300 301//301
f 107//107 299//299 304//304
f 298//298 290//290 295//295
f 288//288 283//283 282//282
f 299//299 287//287 294//294
f 296//296 291//291 254//254
f 289//289 282//282 286//286
f 290//290 283//283 288//288
f 289//289 288//288 282//282
f 291//291 285//285 254//254
f 108//108 284//284 287//287
f 108//108 109//109 284//284
f 290//290 287//287 283//283
f 292//292 286//286 285//285
f 293//293 286//286 292//292
f 294//294 287//287 290//290
f 291//291 292//292 285//285
f 295//295 288//288 289//289
f 293//293 289//289 286//286
f 295//295 290//290 288//288
f 295//295 289//289 293//293
f 299//299 108//108 287//287
f 338//338 335//335 331//331
f 102//102 345//345 355//355
f 339//339 335//335 338//338
f 381//381 371//371 375//375
f 383//383 259//259 258//258
f 384//384 383//383 381//381
f 384//384 259//259 383//383
f 384//384 260//260 259//259
f 384//384 381//381 375//375
f 383//383 258//258 257//257
f 384//384 404//404 260//260
f 128//128 377//377 129//129
f 395//395 376//376 377//377
f 395//395 377//377 128//128
f 395//395 128//128 127//127
f 395//395 127//127 126//126
f 396//396 126//126 125//125
f 384//384 375//375 404//404
f 381//381 372//372 371//371
f 383//383 382//382 374//374
f 383//383 256//256 382//382
f 380//380 254//254 253//253
f 380//380 378//378 365//365
f 380//380 365//365 368//368
f 368//368 254//254 380//380
f 368//368 296//296 254//254
f 368//368 255//255 296//296
f 381//381 374//374 373//373
f 382//382 370//370 369//369
f 382//382 255//255 368//368
f 382//382 368//368 370//370
f 382//382 256//256 255//255
f 382//382 369//369 374//374
f 381//381 373//373 372//372
f 383//383 257//257 256//256
f 383//383 374//374 381//381
f 396//396 395//395 126//126
f 397//397 392//392 376//376
f 396//396 125//125 124//124
f 397//397 393//393 392//392
f 401//401 387//387 399//399
f 399//399 390//390 400//400
f 402//402 399//399 400//400
f 402//402 121//121 120//120
f 402//402 400//400 121//121
f 401//401 399//399 402//402
f 403//403 385//385 401//401
f 403//403 401//401 402//402
f 119//119 402//402 120//120
f 403//403 375//375 385//385
f 403//403 402//402 119//119
f 404//404 403//403 119//119
f 404//404 375//375 403//403
f 404//404 119//119 142//142
f 404//404 142//142 118//118
f 400//400 122//122 121//121
f 380//380 379//379 378//378
f 401//401 388//388 387//387
f 401//401 389//389 388//388
f 397//397 394//394 393//393
f 397//397 376//376 395//395
f 397//397 391//391 394//394
f 397//397 395//395 396//396
f 398//398 396//396 124//124
f 398//398 397//397 396//396
f 398//398 391//391 397//397
f 398//398 124//124 123//123
f 398//398 123//123 179//179
f 398//398 390//390 391//391
f 390//390 179//179 122//122
f 390//390 398//398 179//179
f 399//399 387//387 386//386
f 399//399 386//386 390//390
f 400//400 390//390 122//122
f 401//401 385//385 389//389
f 380//380 253//253 379//379
f 379//379 253//253 252//252
f 365//365 378//378 366//366
f 350//350 341//341 347//347
f 350//350 344//344 341//341
f 345//345 102//102 103//103
f 345//345 343//343 349//349
f 350//350 349//349 344//344
f 118//118 348//348 260//260
f 351//351 349//349 350//350
f 352//352 347//347 346//346
f 353//353 346//346 348//348
f 354//354 348//348 118//118
f 352//352 350//350 347//347
f 355//355 349//349 351//351
f 356//356 351//351 350//350
f 353//353 352//352 346//346
f 353//353 348//348 354//354
f 348//348 346//346 340//340
f 356//356 350//350 352//352
f 347//347 342//342 346//346
f 347//347 341//341 342//342
f 339//339 336//336 334//334
f 342//342 338//338 337//337
f 340//340 337//337 259//259
f 103//103 333//333 336//336
f 343//343 336//336 339//339
f 340//340 259//259 260//260
f 341//341 339//339 338//338
f 344//344 339//339 341//341
f 341//341 338//338 342//342
f 342//342 337//337 340//340
f 343//343 103//103 336//336
f 345//345 103//103 343//343
f 346//346 342//342 340//340
f 348//348 340//340 260//260
f 349//349 339//339 344//344
f 349//349 343//343 339//339
f 339//339 334//334 335//335
f 354//354 118//118 140//140
f 357//357 352//352 353//353
f 363//363 360//360 359//359
f 361//361 362//362 138//138
f 361//361 138//138 139//139
f 363//363 101//101 360//360
f 363//363 361//361 139//139
f 363//363 139//139 101//101
f 377//377 376//376 364//364
f 251//251 129//129 377//377
f 118//118 260//260 404//404
f 378//378 364//364 367//367
f 378//378 367//367 366//366
f 377//377 364//364 378//378
f 379//379 377//377 378//378
f 379//379 251//251 377//377
f 379//379 252//252 251//251
f 362//362 361//361 358//358
f 355//355 345//345 349//349
f 363//363 359//359 361//361
f 362//362 357//357 137//137
f 270//270 266//266 263//263
f 357//357 356//356 352//352
f 358//358 356//356 357//357
f 141//141 354//354 140//140
f 141//141 353//353 354//354
f 359//359 351//351 356//356
f 360//360 102//102 355//355
f 359//359 355//355 351//351
f 141//141 357//357 353//353
f 360//360 355//355 359//359
f 359//359 356//356 358//358
f 137//137 357//357 141//141
f 361//361 359//359 358//358
f 362//362 137//137 138//138
f 362//362 358//358 357//357
f 101//101 102//102 360//360
f 268//268 262//262 269//269
f 266//266 262//262 263//263
f 270//270 263//263 252//252
f 172//172 121//121 122//122
f 166//166 116//116 159//159
f 169//169 165//165 170//170
f 171//171 167//167 161//161
f 173//173 167//167 171//171
f 175//175 168//168 172//172
f 170//170 165//165 164//164
f 174//174 169//169 170//170
f 176//176 166//166 169//169
f 174//174 170//170 173//173
f 175//175 171//171 168//168
f 177//177 172//172 122//122
f 178//178 171//171 175//175
f 176//176 116//116 166//166
f 173//173 170//170 167//167
f 169//169 166//166 165//165
f 172//172 168//168 121//121
f 171//171 161//161 168//168
f 160//160 156//156 161//161
f 159//159 116//116 117//117
f 162//162 159//159 155//155
f 163//163 161//161 156//156
f 163//163 120//120 121//121
f 164//164 157//157 158//158
f 165//165 157//157 164//164
f 167//167 160//160 161//161
f 166//166 159//159 162//162
f 165//165 162//162 157//157
f 168//168 163//163 121//121
f 166//166 162//162 165//165
f 167//167 164//164 160//160
f 168//168 161//161 163//163
f 170//170 164//164 167//167
f 178//178 173//173 171//171
f 180//180 169//169 174//174
f 175//175 172//172 177//177
f 179//179 177//177 122//122
f 186//186 181//181 184//184
f 190//190 177//177 185//185
f 190//190 184//184 177//177
f 189//189 188//188 182//182
f 191//191 186//186 184//184
f 192//192 187//187 186//186
f 191//191 184//184 190//190
f 193//193 185//185 123//123
f 192//192 189//189 187//187
f 192//192 186//186 191//191
f 114//114 188//188 189//189
f 196//196 189//189 192//192
f 193//193 190//190 185//185
f 194//194 191//191 190//190
f 195//195 193//193 123//123
f 189//189 182//182 187//187
f 164//164 158//158 160//160
f 188//188 115//115 180//180
f 187//187 183//183 186//186
f 181//181 178//178 175//175
f 115//115 116//116 176//176
f 271//271 265//265 268//268
f 183//183 173//173 178//178
f 183//183 174//174 173//173
f 182//182 180//180 174//174
f 183//183 178//178 181//181
f 115//115 176//176 180//180
f 182//182 174//174 183//183
f 184//184 175//175 177//177
f 184//184 181//181 175//175
f 186//186 183//183 181//181
f 185//185 177//177 179//179
f 188//188 180//180 182//182
f 187//187 182//182 183//183
f 123//123 185//185 179//179
f 163//163 156//156 120//120
f 162//162 155//155 157//157
f 160//160 158//158 156//156
f 104//104 103//103 98//98
f 104//104 98//98 97//97
f 110//110 92//92 91//91
f 110//110 91//91 111//111
f 105//105 104//104 97//97
f 105//105 97//97 96//96
f 106//106 105//105 96//96
f 110//110 93//93 92//92
f 109//109 93//93 110//110
f 107//107 96//96 95//95
f 107//107 106//106 96//96
f 107//107 95//95 94//94
f 109//109 94//94 93//93
f 108//108 107//107 94//94
f 108//108 94//94 109//109
f 111//111 90//90 237//237
f 140//140 118//118 142//142
f 111//111 91//91 90//90
f 237//237 90//90 112//112
f 86//86 116//116 115//115
f 85//85 116//116 86//86
f 87//87 86//86 115//115
f 87//87 115//115 114//114
f 85//85 117//117 116//116
f 88//88 87//87 114//114
f 100//100 117//117 85//85
f 100//100 101//101 117//117
f 88//88 114//114 113//113
f 89//89 88//88 113//113
f 99//99 102//102 101//101
f 99//99 101//101 100//100
f 89//89 113//113 112//112
f 90//90 89//89 112//112
f 103//103 102//102 99//99
f 103//103 99//99 98//98
f 114//114 115//115 188//188
f 143//143 140//140 142//142
f 145//145 141//141 144//144
f 154//154 139//139 149//149
f 152//152 146//146 153//153
f 155//155 149//149 151//151
f 156//156 147//147 148//148
f 157//157 151//151 152//152
f 158//158 152//152 153//153
f 156//156 153//153 147//147
f 120//120 148//148 119//119
f 155//155 151//151 157//157
f 157//157 152//152 158//158
f 158//158 153//153 156//156
f 159//159 149//149 155//155
f 159//159 154//154 149//149
f 120//120 156//156 148//148
f 159//159 117//117 154//154
f 154//154 117//117 101//101
f 144//144 141//141 140//140
f 149//149 150//150 151//151
f 153//153 146//146 147//147
f 144//144 140//140 143//143
f 145//145 137//137 141//141
f 138//138 137//137 145//145
f 146//146 144//144 143//143
f 148//148 142//142 119//119
f 146//146 145//145 144//144
f 148//148 143//143 142//142
f 150//150 138//138 145//145
f 146//146 143//143 147//147
f 149//149 139//139 138//138
f 147//147 143//143 148//148
f 151//151 145//145 146//146
f 150//150 149//149 138//138
f 151//151 150//150 145//145
f 152//152 151//151 146//146
f 154//154 101//101 139//139
f 197//197 192//192 191//191
f 180//180 176//176 169//169
f 197//197 191//191 194//194
f 238//238 231//231 241//241
f 241//241 128//128 129//129
f 242//242 236//236 232//232
f 243//243 232//232 240//240
f 246//246 239//239 238//238
f 244//244 238//238 241//241
f 240//240 232//232 233//233
f 243//243 242//242 232//232
f 241//241 129//129 130//130
f 245//245 243//243 240//240
f 198//198 196//196 192//192
f 247//247 245//245 240//240
f 247//247 239//239 246//246
f 111//111 237//237 242//242
f 247//247 240//240 239//239
f 240//240 234//234 239//239
f 242//242 237//237 236//236
f 241//241 231//231 128//128
f 234//234 229//229 227//227
f 235//235 222//222 231//231
f 235//235 227//227 222//222
f 232//232 230//230 228//228
f 236//236 230//230 232//232
f 237//237 112//112 230//230
f 232//232 228//228 233//233
f 233//233 229//229 234//234
f 235//235 234//234 227//227
f 238//238 235//235 231//231
f 128//128 231//231 127//127
f 237//237 230//230 236//236
f 239//239 235//235 238//238
f 240//240 233//233 234//234
f 239//239 234//234 235//235
f 244//244 241//241 130//130
f 244//244 130//130 131//131
f 248//248 247//247 246//246
f 249//249 243//243 245//245
f 262//262 131//131 130//130
f 133//133 132//132 131//131
f 263//263 261//261 251//251
f 264//264 133//133 131//131
f 264//264 131//131 262//262
f 262//262 261//261 263//263
f 265//265 133//133 264//264
f 265//265 134//134 133//133
f 136//136 135//135 134//134
f 263//263 251//251 252//252
f 267//267 134//134 265//265
f 268//268 264//264 262//262
f 268//268 265//265 264//264
f 269//269 262//262 266//266
f 267//267 136//136 134//134
f 262//262 130//130 261//261
f 233//233 228//228 229//229
f 261//261 130//130 129//129
f 249//249 136//136 110//110
f 132//132 244//244 131//131
f 132//132 246//246 244//244
f 249//249 242//242 243//243
f 250//250 247//247 248//248
f 132//132 248//248 246//246
f 111//111 242//242 249//249
f 248//248 132//132 133//133
f 250//250 245//245 247//247
f 250//250 249//249 245//245
f 250//250 248//248 133//133
f 250//250 133//133 134//134
f 250//250 134//134 135//135
f 135//135 249//249 250//250
f 110//110 111//111 249//249
f 249//249 135//135 136//136
f 261//261 129//129 251//251
f 229//229 228//228 226//226
f 246//246 238//238 244//244
f 230//230 225//225 228//228
f 206//206 203//203 198//198
f 207//207 202//202 200//200
f 208//208 201//201 204//204
f 209//209 204//204 124//124
f 113//113 203//203 206//206
f 210//210 202//202 207//207
f 208//208 205//205 201//201
f 211//211 205//205 208//208
f 125//125 209//209 124//124
f 210//210 206//206 202//202
f 212//212 207//207 205//205
f 213//213 204//204 209//209
f 212//212 210//210 207//207
f 213//213 208//208 204//204
f 215//215 206//206 210//210
f 207//207 200//200 205//205
f 203//203 113//113 114//114
f 204//204 201//201 195//195
f 205//205 200//200 199//199
f 114//114 189//189 196//196
f 199//199 190//190 193//193
f 195//195 123//123 124//124
f 200//200 197//197 194//194
f 112//112 223//223 230//230
f 201//201 193//193 195//195
f 198//198 192//192 197//197
f 212//212 205//205 211//211
f 202//202 197//197 200//200
f 201//201 199//199 193//193
f 203//203 114//114 196//196
f 204//204 195//195 124//124
f 202//202 198//198 197//197
f 205//205 199//199 201//201
f 203//203 196//196 198//198
f 206//206 198//198 202//202
f 199//199 200//200 194//194
f 216//216 208//208 213//213
f 199//199 194//194 190//190
f 213//213 209//209 214//214
f 223//223 218//218 217//217
f 226//226 220//220 221//221
f 223//223 113//113 215//215
f 223//223 112//112 113//113
f 226//226 224//224 220//220
f 225//225 219//219 224//224
f 227//227 221//221 222//222
f 225//225 223//223 217//217
f 228//228 224//224 226//226
f 127//127 222//222 126//126
f 228//228 225//225 224//224
f 229//229 221//221 227//227
f 229//229 226//226 221//221
f 230//230 223//223 225//225
f 231//231 222//222 127//127
f 225//225 217//217 219//219
f 223//223 215//215 218//218
f 221//221 214//214 222//222
f 224//224 219//219 220//220
f 216//216 211//211 208//208
f 214//214 209//209 125//125
f 217//217 212//212 211//211
f 218//218 210//210 212//212
f 221//221 220//220 214//214
f 220//220 216//216 213//213
f 218//218 212//212 217//217
f 219//219 211//211 216//216
f 220//220 213//213 214//214
f 215//215 210//210 218//218
f 219//219 216//216 220//220
f 126//126 214//214 125//125
f 222//222 214//214 126//126
f 219//219 217//217 211//211
f 215//215 113//113 206//206
f 407//407 406//406 408//408
f 407//407 405//405 406//406
f 417//417 418//418 412//412
f 416//416 414//414 411//411
f 417//417 412//412 413//413
f 416//416 411//411 415//415
f 416//416 417//417 414//414
f 417//417 413//413 414//414
f 418//418 409//409 412//412
f 410//410 409//409 418//418
f 436//436 437//437 419//419
f 440//440 442//442 441//441
f 421//421 442//442 440//440
f 427//427 426//426 428//428
f 426//426 425//425 428//428
f 432//432 434//434 433//433
f 432//432 431//431 434//434
f 431//431 430//430 434//434
f 428//428 425//425 429//429
f 430//430 424//424 438//438
f 429//429 425//425 424//424
f 423//423 421//421 440//440
f 435//435 438//438 436//436
f 423//423 440//440 439//439
f 436//436 419//419 420//420
f 436//436 438//438 437//437
f 430//430 435//435 434//434
f 424//424 423//423 439//439
f 424//424 439//439 438//438
f 430//430 438//438 435//435
f 421//421 422//422 442//442
f 429//429 424//424 430//430
f 449//449 443//443 448//448
f 451//451 444//444 445//445
f 451//451 452//452 444//444
f 450//450 445//445 446//446
f 449//449 450//450 446//446
f 453//453 447//447 444//444
f 453//453 444//444 452//452
f 449//449 446//446 443//443
f 450//450 451//451 445//445
f 457//457 455//455 456//456
f 459//459 454//454 458//458
f 459//459 456//456 454//454
f 457//457 456//456 459//459
f 469//469 470//470 462//462
f 467//467 464//464 460//460
f 470//470 461//461 462//462
f 468//468 469//469 463//463
f 469//469 462//462 463//463
f 466//466 464//464 467//467
f 468//468 463//463 464//464
f 466//466 468//468 464//464
f 470//470 465//465 461//461
f 471//471 465//465 470//470
f 474//474 473//473 472//472
f 475//475 473//473 474//474
f 487//487 481//481 486//486
f 486//486 481//481 477//477
f 483//483 479//479 480//480
f 484//484 478//478 479//479
f 485//485 486//486 478//478
f 486//486 477//477 478//478
f 483//483 476//476 482//482
f 483//483 480//480 476//476
f 483//483 484//484 479//479
f 484//484 485//485 478//478
f 490//490 489//489 488//488
f 491//491 489//489 490//490
v 0.0420803 -0.0105000 0.0990973
v 0.0423494 -0.0105000 0.0990138
v 0.0425409 -0.0105000 0.0988491
v 0.0426885 -0.0105001 0.0985653
v 0.0426899 -0.0105000 0.0982668
v 0.0425736 -0.0105001 0.0979833
v 0.0423196 -0.0105000 0.0977728
v 0.0420000 -0.0105001 0.0976925
v 0.0416804 -0.0105000 0.0977728
v 0.0414264 -0.0105000 0.0979832
v 0.0413101 -0.0105000 0.0982668
v 0.0413104 -0.0105000 0.0985433
v 0.0414642 -0.0105000 0.0988600
v 0.0417884 -0.0105000 0.0990765
v 0.0420803 -0.0105000 0.0990973
v 0.0423494 -0.0105000 0.0990138
v 0.0425409 -0.0105000 0.0988491
v 0.0426885 -0.0105001 0.0985653
v 0.0426899 -0.0105000 0.0982668
v 0.0425736 -0.0105001 0.0979833
v 0.0423196 -0.0105000 0.0977728
v 0.0420000 -0.0105001 0.0976925
v 0.0416804 -0.0105000 0.0977728
v 0.0414264 -0.0105000 0.0979832
v 0.0413101 -0.0105000 0.0982668
v 0.0413104 -0.0105000 0.0985433
v 0.0414642 -0.0105000 0.0988600
v 0.0417884 -0.0105000 0.0990765
v 0.0421439 -0.0103501 0.0992482
v 0.0418164 -0.0103504 0.0975668
v 0.0415114 -0.0103501 0.0976954
v 0.0412448 -0.0103501 0.0979940
v 0.0411407 -0.0103490 0.0983958
v 0.0412432 -0.0103499 0.0988032
v 0.0414466 -0.0103503 0.0990479
v 0.0417043 -0.0103480 0.0992049
v 0.0425259 -0.0103502 0.0990775
v 0.0427416 -0.0103499 0.0988222
v 0.0428288 -0.0103507 0.0985961
v 0.0428515 -0.0103505 0.0983552
v 0.0427977 -0.0103494 0.0980958
v 0.0426195 -0.0103501 0.0978073
v 0.0423865 -0.0103498 0.0976416
v 0.0421395 -0.0103516 0.0975556
v 0.0421439 -0.0103501 0.0992482
v 0.0418164 -0.0103504 0.0975668
v 0.0415114 -0.0103501 0.0976954
v 0.0412448 -0.0103501 0.0979940
v 0.0411407 -0.0103490 0.0983958
v 0.0412432 -0.0103499 0.0988032
v 0.0414466 -0.0103503 0.0990479
v 0.0417043 -0.0103480 0.0992049
v 0.0425259 -0.0103502 0.0990775
v 0.0427416 -0.0103499 0.0988222
v 0.0428288 -0.0103507 0.0985961
v 0.0428515 -0.0103505 0.0983552
v 0.0427977 -0.0103494 0.0980958
v 0.0426195 -0.0103501 0.0978073
v 0.0423865 -0.0103498 0.0976416
v 0.0421395 -0.0103516 0.0975556
v 0.0418329 -0.0065000 0.0992403
v 0.0420770 -0.0065000 0.0975483
v 0.0424490 -0.0065000 0.0976673
v 0.0427099 -0.0065000 0.0979257
v 0.0428403 -0.0065000 0.0982329
v 0.0428416 -0.0065000 0.0985333
v 0.0427573 -0.0065000 0.0987972
v 0.0425051 -0.0065000 0.0990953
v 0.0421666 -0.0065000 0.0992374
v 0.0415548 -0.0065000 0.0991265
v 0.0413503 -0.0065000 0.0989550
v 0.0412029 -0.0065000 0.0987042
v 0.0411441 -0.0065000 0.0984000
v 0.0411904 -0.0065000 0.0981370
v 0.0413023 -0.0065000 0.0979056
v 0.0415257 -0.0065000 0.0976901
v 0.0417775 -0.0065000 0.0975763
v 0.0418329 -0.0065000 0.0992403
v 0.0420770 -0.0065000 0.0975483
v 0.0424490 -0.0065000 0.0976673
v 0.0427099 -0.0065000 0.0979257
v 0.0428403 -0.0065000 0.0982329
v 0.0428416 -0.0065000 0.0985333
v 0.0427573 -0.0065000 0.0987972
v 0.0425051 -0.0065000 0.0990953
v 0.0421666 -0.0065000 0.0992374
v 0.0415548 -0.0065000 0.0991265
v 0.0413503 -0.0065000 0.0989550
v 0.0412029 -0.0065000 0.0987042
v 0.0411441 -0.0065000 0.0984000
v 0.0411904 -0.0065000 0.0981370
v 0.0413023 -0.0065000 0.0979056
v 0.0415257 -0.0065000 0.0976901
v 0.0417775 -0.0065000 0.0975763
v 0.0427064 -0.0065000 0.0983723
v 0.0426237 -0.0065000 0.0980729
v 0.0424510 -0.0065000 0.0978591
v 0.0422174 -0.0065000 0.0977308
v 0.0419169 -0.0065000 0.0976980
v 0.0416498 -0.0065000 0.0977909
v 0.0414591 -0.0065000 0.0979490
v 0.0413412 -0.0065000 0.0981570
v 0.0412952 -0.0065000 0.0984000
v 0.0413803 -0.0065000 0.0987471
v 0.0416032 -0.0065000 0.0989799
v 0.0418890 -0.0065000 0.0991007
v 0.0422255 -0.0065000 0.0990672
v 0.0424789 -0.0065000 0.0989181
v 0.0426474 -0.0065000 0.0986772
v 0.0427064 -0.0065000 0.0983723
v 0.0426237 -0.0065000 0.0980729
v 0.0424510 -0.0065000 0.0978591
v 0.0422174 -0.0065000 0.0977308
v 0.0419169 -0.0065000 0.0976980
v 0.0416498 -0.0065000 0.0977909
v 0.0414591 -0.0065000 0.0979490
v 0.0413412 -0.0065000 0.0981570
v 0.0412952 -0.0065000 0.0984000
v 0.0413803 -0.0065000 0.0987471
v 0.0416032 -0.0065000 0.0989799
v 0.0418890 -0.0065000 0.0991007
v 0.0422255 -0.0065000 0.0990672
v 0.0424789 -0.0065000 0.0989181
v 0.0426474 -0.0065000 0.0986772
v 0.0413094 0.0100000 0.0982706
v 0.0413990 0.0100000 0.0980317
v 0.0415712 0.0100000 0.0978434
v 0.0418166 0.0100000 0.0977180
v 0.0420825 0.0100000 0.0977027
v 0.0423200 0.0100000 0.0977720
v 0.0425409 0.0100000 0.0979490
v 0.0426692 0.0100000 0.0981826
v 0.0427007 0.0100000 0.0985109
v 0.0425798 0.0100000 0.0987969
v 0.0424136 0.0100000 0.0989693
v 0.0421110 0.0100000 0.0991007
v 0.0417207 0.0100000 0.0990512
v 0.0414274 0.0100000 0.0988160
v 0.0413058 0.0100000 0.0985184
v 0.0413094 0.0100000 0.0982706
v 0.0413990 0.0100000 0.0980317
v 0.0415712 0.0100000 0.0978434
v 0.0418166 0.0100000 0.0977180
v 0.0420825 0.0100000 0.0977027
v 0.0423200 0.0100000 0.0977720
v 0.0425409 0.0100000 0.0979490
v 0.0426692 0.0100000 0.0981826
v 0.0427007 0.0100000 0.0985109
v 0.0425798 0.0100000 0.0987969
v 0.0424136 0.0100000 0.0989693
v 0.0421110 0.0100000 0.0991007
v 0.0417207 0.0100000 0.0990512
v 0.0414274 0.0100000 0.0988160
v 0.0413058 0.0100000 0.0985184
v 0.0421176 0.0100026 0.0971218
v 0.0417110 0.0100006 0.0971585
v 0.0412774 0.0100011 0.0973445
v 0.0410245 0.0100009 0.0975776
v 0.0407793 0.0100025 0.0980138
v 0.0407348 0.0100006 0.0982503
v 0.0407250 0.0100040 0.0985242
v 0.0408109 0.0100008 0.0988682
v 0.0409728 0.0100008 0.0991569
v 0.0420018 0.0100008 0.0996774
v 0.0422508 0.0100015 0.0996526
v 0.0427084 0.0100007 0.0994643
v 0.0429693 0.0100008 0.0992289
v 0.0432156 0.0100003 0.0987950
v 0.0432708 0.0100000 0.0983584
v 0.0431899 0.0100009 0.0979357
v 0.0429959 0.0100009 0.0975991
v 0.0428059 0.0100001 0.0974173
v 0.0421252 0.0108908 0.0971220
v 0.0425210 0.0108557 0.0971767
v 0.0427754 0.0108659 0.0973321
v 0.0430413 0.0108581 0.0975795
v 0.0432374 0.0108774 0.0979877
v 0.0432960 0.0108815 0.0984536
v 0.0432562 0.0108651 0.0987888
v 0.0431193 0.0108701 0.0990823
v 0.0428741 0.0108853 0.0993518
v 0.0426918 0.0108585 0.0995269
v 0.0424600 0.0109074 0.0995776
v 0.0421744 0.0108573 0.0997142
v 0.0419902 0.0108499 0.0997309
v 0.0419396 0.0104446 0.0999024
v 0.0420604 0.0102934 0.0998789
v 0.0420469 0.0103422 0.0969055
v 0.0419379 0.0101262 0.0970020
v 0.0420458 0.0107682 0.0969981
v 0.0420585 0.0105763 0.0969113
v 0.0422709 0.0107956 0.0970458
v 0.0422696 0.0106310 0.0969515
v 0.0424909 0.0106897 0.0970380
v 0.0423494 0.0105156 0.0969408
v 0.0422875 0.0103423 0.0969353
v 0.0427526 0.0107350 0.0971896
v 0.0421671 0.0101757 0.0969791
v 0.0426751 0.0105855 0.0970748
v 0.0425749 0.0104635 0.0970107
v 0.0425031 0.0103309 0.0969973
v 0.0423754 0.0101626 0.0970265
v 0.0429126 0.0106592 0.0972565
v 0.0428321 0.0104690 0.0971482
v 0.0430545 0.0107338 0.0974415
v 0.0427128 0.0102827 0.0971048
v 0.0426314 0.0101540 0.0971278
v 0.0425213 0.0100024 0.0972275
v 0.0430125 0.0104589 0.0972879
v 0.0431340 0.0105488 0.0974242
v 0.0431878 0.0107266 0.0976064
v 0.0429016 0.0102689 0.0972336
v 0.0430475 0.0102862 0.0973556
v 0.0433299 0.0107375 0.0978850
v 0.0432511 0.0105506 0.0975815
v 0.0429515 0.0101189 0.0973755
v 0.0432094 0.0103502 0.0975186
v 0.0433362 0.0106208 0.0977700
v 0.0433536 0.0107993 0.0981433
v 0.0433650 0.0104319 0.0977707
v 0.0434320 0.0105835 0.0979984
v 0.0432425 0.0102209 0.0976387
v 0.0433946 0.0107788 0.0983469
v 0.0434591 0.0106396 0.0982322
v 0.0432348 0.0101193 0.0977471
v 0.0434578 0.0103673 0.0980494
v 0.0433991 0.0102711 0.0979349
v 0.0434852 0.0104939 0.0981740
v 0.0434116 0.0107308 0.0986262
v 0.0434806 0.0105972 0.0984997
v 0.0433354 0.0100977 0.0980469
v 0.0434890 0.0103167 0.0984066
v 0.0434992 0.0104622 0.0985277
v 0.0434204 0.0101604 0.0982760
v 0.0432771 0.0107957 0.0989276
v 0.0433642 0.0106678 0.0989115
v 0.0434245 0.0105081 0.0988802
v 0.0434383 0.0103436 0.0988147
v 0.0432110 0.0107307 0.0991539
v 0.0433526 0.0100716 0.0984481
v 0.0434256 0.0101985 0.0986352
v 0.0432915 0.0106009 0.0991261
v 0.0433154 0.0104652 0.0991267
v 0.0429796 0.0107808 0.0993905
v 0.0433037 0.0100619 0.0987268
v 0.0431138 0.0106523 0.0993555
v 0.0433154 0.0101332 0.0989038
v 0.0432830 0.0102651 0.0991253
v 0.0431772 0.0104694 0.0993334
v 0.0431734 0.0102858 0.0993032
v 0.0428476 0.0106915 0.0995776
v 0.0430206 0.0105130 0.0994990
v 0.0425754 0.0107504 0.0996927
v 0.0431094 0.0100893 0.0992072
v 0.0430101 0.0103376 0.0994978
v 0.0426143 0.0106224 0.0997455
v 0.0427668 0.0104791 0.0996934
v 0.0428474 0.0103312 0.0996291
v 0.0429652 0.0101562 0.0994422
v 0.0423832 0.0107602 0.0997542
v 0.0427422 0.0101423 0.0996002
v 0.0425106 0.0104640 0.0998133
v 0.0421262 0.0107477 0.0998105
v 0.0426198 0.0102927 0.0997447
v 0.0421786 0.0106161 0.0998698
v 0.0422407 0.0105068 0.0998830
v 0.0423323 0.0102972 0.0998473
v 0.0424433 0.0101749 0.0997599
v 0.0422021 0.0104070 0.0998881
v 0.0424699 0.0100768 0.0996771
v 0.0420958 0.0101380 0.0998064
v 0.0416902 0.0108702 0.0996756
v 0.0413294 0.0108742 0.0995196
v 0.0410378 0.0108754 0.0992809
v 0.0408082 0.0108436 0.0990151
v 0.0407485 0.0108756 0.0987517
v 0.0406724 0.0108506 0.0985212
v 0.0407274 0.0108793 0.0981384
v 0.0408172 0.0108739 0.0978545
v 0.0409054 0.0108395 0.0976168
v 0.0412019 0.0108738 0.0973661
v 0.0415332 0.0108687 0.0971727
v 0.0418604 0.0108521 0.0970779
v 0.0418197 0.0107075 0.0998309
v 0.0415680 0.0107686 0.0997336
v 0.0417565 0.0105319 0.0998807
v 0.0413584 0.0107794 0.0996382
v 0.0414903 0.0106228 0.0997850
v 0.0418255 0.0102547 0.0998593
v 0.0415295 0.0104446 0.0998303
v 0.0412292 0.0106437 0.0996496
v 0.0416021 0.0102553 0.0998131
v 0.0411278 0.0107602 0.0995045
v 0.0417781 0.0100826 0.0997485
v 0.0413077 0.0104756 0.0997361
v 0.0413214 0.0102811 0.0997152
v 0.0409188 0.0107406 0.0993257
v 0.0410789 0.0105006 0.0995862
v 0.0414655 0.0101384 0.0997020
v 0.0409821 0.0106040 0.0994756
v 0.0414808 0.0100034 0.0995753
v 0.0410344 0.0103425 0.0995400
v 0.0408412 0.0104821 0.0993608
v 0.0407588 0.0106756 0.0991597
v 0.0411348 0.0101507 0.0995243
v 0.0409187 0.0102426 0.0993864
v 0.0407504 0.0104273 0.0992350
v 0.0406392 0.0107277 0.0988474
v 0.0411778 0.0100035 0.0993881
v 0.0406839 0.0105389 0.0991120
v 0.0407532 0.0102669 0.0991851
v 0.0405958 0.0105152 0.0989256
v 0.0405717 0.0106961 0.0986260
v 0.0408656 0.0101166 0.0992093
v 0.0406106 0.0103510 0.0989535
v 0.0405420 0.0105893 0.0986811
v 0.0406077 0.0107823 0.0983643
v 0.0407102 0.0101563 0.0989946
v 0.0405276 0.0104101 0.0987000
v 0.0405005 0.0105373 0.0984243
v 0.0406615 0.0108030 0.0980831
v 0.0405708 0.0102500 0.0987313
v 0.0405530 0.0106643 0.0982049
v 0.0406289 0.0101243 0.0986852
v 0.0405225 0.0102763 0.0984569
v 0.0406103 0.0106542 0.0979338
v 0.0405052 0.0104244 0.0982272
v 0.0407228 0.0107583 0.0978062
v 0.0405638 0.0105587 0.0979946
v 0.0405550 0.0102246 0.0982205
v 0.0405718 0.0103793 0.0979382
v 0.0406322 0.0100897 0.0983594
v 0.0407564 0.0106404 0.0976142
v 0.0406591 0.0104480 0.0977121
v 0.0405948 0.0102753 0.0979464
v 0.0410285 0.0107755 0.0973944
v 0.0406557 0.0101257 0.0979963
v 0.0409390 0.0106431 0.0973800
v 0.0408456 0.0104670 0.0974362
v 0.0407202 0.0102553 0.0976820
v 0.0412161 0.0107620 0.0972329
v 0.0408781 0.0103374 0.0974150
v 0.0408097 0.0100942 0.0977076
v 0.0409073 0.0101700 0.0974757
v 0.0411774 0.0106059 0.0971689
v 0.0410619 0.0104696 0.0972263
v 0.0414016 0.0107283 0.0971017
v 0.0411291 0.0103538 0.0971841
v 0.0417190 0.0107576 0.0970160
v 0.0413240 0.0104037 0.0970568
v 0.0411115 0.0101779 0.0972729
v 0.0413964 0.0105333 0.0970298
v 0.0417132 0.0106374 0.0969538
v 0.0413201 0.0101708 0.0971402
v 0.0415870 0.0105194 0.0969597
v 0.0416238 0.0103411 0.0969536
v 0.0415160 0.0102392 0.0970205
v 0.0418480 0.0104547 0.0969042
v 0.0415090 0.0100648 0.0971460
v 0.0418212 0.0103000 0.0969287
v 0.0416981 0.0101420 0.0970209
v 0.0418239 0.0111277 0.0992403
v 0.0418243 0.0110052 0.0994872
v 0.0414385 0.0112222 0.0985757
v 0.0416122 0.0112541 0.0986296
v 0.0417513 0.0112573 0.0987571
v 0.0418209 0.0112303 0.0989320
v 0.0409147 0.0110127 0.0982238
v 0.0409071 0.0110091 0.0985752
v 0.0418174 0.0112352 0.0978942
v 0.0417149 0.0112605 0.0980910
v 0.0415000 0.0112380 0.0982183
v 0.0418251 0.0110049 0.0973114
v 0.0418239 0.0111277 0.0975597
v 0.0421610 0.0110059 0.0994962
v 0.0413781 0.0110861 0.0991367
v 0.0414998 0.0112009 0.0988258
v 0.0415467 0.0110230 0.0993758
v 0.0411437 0.0110831 0.0988496
v 0.0415449 0.0112009 0.0979180
v 0.0411187 0.0110766 0.0979760
v 0.0413797 0.0110890 0.0976699
v 0.0415468 0.0110230 0.0974241
v 0.0421754 0.0110032 0.0973069
v 0.0421762 0.0111437 0.0975960
v 0.0424546 0.0112481 0.0982075
v 0.0422545 0.0112583 0.0980516
v 0.0421820 0.0112344 0.0978834
v 0.0430999 0.0110037 0.0982281
v 0.0427783 0.0111547 0.0982232
v 0.0430851 0.0110088 0.0985763
v 0.0427785 0.0111524 0.0985762
v 0.0421770 0.0112279 0.0989412
v 0.0422619 0.0112600 0.0987362
v 0.0424693 0.0112447 0.0985899
v 0.0421768 0.0111198 0.0992633
v 0.0426067 0.0111244 0.0990389
v 0.0429826 0.0110142 0.0988847
v 0.0426130 0.0111248 0.0977755
v 0.0428859 0.0110186 0.0977669
v 0.0424171 0.0110627 0.0974890
v 0.0418243 0.0110052 0.0994872
v 0.0421610 0.0110059 0.0994962
v 0.0418244 0.0106500 0.0994886
v 0.0421740 0.0106500 0.0994929
v 0.0421610 0.0110059 0.0994962
v 0.0421740 0.0106500 0.0994929
v 0.0430851 0.0110088 0.0985763
v 0.0427785 0.0111524 0.0985762
v 0.0421770 0.0112279 0.0989412
v 0.0422619 0.0112600 0.0987362
v 0.0424693 0.0112447 0.0985899
v 0.0421768 0.0111198 0.0992633
v 0.0430999 0.0106500 0.0985695
v 0.0425499 0.0106500 0.0985774
v 0.0423618 0.0106500 0.0986415
v 0.0421876 0.0106500 0.0988684
v 0.0418244 0.0106500 0.0994886
v 0.0421740 0.0106500 0.0994929
v 0.0418182 0.0106500 0.0989036
v 0.0417363 0.0106500 0.0987399
v 0.0416107 0.0106500 0.0986279
v 0.0414497 0.0106500 0.0985774
v 0.0409123 0.0106500 0.0985759
v 0.0409058 0.0106500 0.0982264
v 0.0414666 0.0106500 0.0982214
v 0.0416821 0.0106500 0.0981274
v 0.0418182 0.0106500 0.0978968
v 0.0418290 0.0106500 0.0973027
v 0.0421760 0.0106500 0.0973134
v 0.0421775 0.0106500 0.0978514
v 0.0422427 0.0106500 0.0980397
v 0.0424709 0.0106500 0.0982134
v 0.0430858 0.0106500 0.0982240
v 0.0430999 0.0106500 0.0985695
v 0.0425499 0.0106500 0.0985774
v 0.0423618 0.0106500 0.0986415
v 0.0421876 0.0106500 0.0988684
v 0.0418239 0.0111277 0.0992403
v 0.0418243 0.0110052 0.0994872
v 0.0414385 0.0112222 0.0985757
v 0.0416122 0.0112541 0.0986296
v 0.0417513 0.0112573 0.0987571
v 0.0418209 0.0112303 0.0989320
v 0.0409071 0.0110091 0.0985752
v 0.0418244 0.0106500 0.0994886
v 0.0418182 0.0106500 0.0989036
v 0.0417363 0.0106500 0.0987399
v 0.0416107 0.0106500 0.0986279
v 0.0414497 0.0106500 0.0985774
v 0.0409123 0.0106500 0.0985759
v 0.0409147 0.0110127 0.0982238
v 0.0409071 0.0110091 0.0985752
v 0.0409123 0.0106500 0.0985759
v 0.0409058 0.0106500 0.0982264
v 0.0409147 0.0110127 0.0982238
v 0.0418174 0.0112352 0.0978942
v 0.0417149 0.0112605 0.0980910
v 0.0415000 0.0112380 0.0982183
v 0.0418251 0.0110049 0.0973114
v 0.0418239 0.0111277 0.0975597
v 0.0409058 0.0106500 0.0982264
v 0.0414666 0.0106500 0.0982214
v 0.0416821 0.0106500 0.0981274
v 0.0418182 0.0106500 0.0978968
v 0.0418290 0.0106500 0.0973027
v 0.0418251 0.0110049 0.0973114
v 0.0421754 0.0110032 0.0973069
v 0.0418290 0.0106500 0.0973027
v 0.0421760 0.0106500 0.0973134
v 0.0421754 0.0110032 0.0973069
v 0.0421762 0.0111437 0.0975960
v 0.0424546 0.0112481 0.0982075
v 0.0422545 0.0112583 0.0980516
v 0.0421820 0.0112344 0.0978834
v 0.0430999 0.0110037 0.0982281
v 0.0427783 0.0111547 0.0982232
v 0.0421760 0.0106500 0.0973134
v 0.0421775 0.0106500 0.0978514
v 0.0422427 0.0106500 0.0980397
v 0.0424709 0.0106500 0.0982134
v 0.0430858 0.0106500 0.0982240
v 0.0430999 0.0110037 0.0982281
v 0.0430851 0.0110088 0.0985763
v 0.0430858 0.0106500 0.0982240
v 0.0430999 0.0106500 0.0985695
vn 0.000123 -0.999999 0.001277
vn -0.000031 -1.000000 -0.000099
vn 0.000072 -1.000000 0.000178
vn -0.000032 -1.000000 -0.000056
vn 0.000019 -1.000000 0.000026
vn -0.000010 -1.000000 0.000039
vn 0.000064 -1.000000 0.000055
vn 0.000062 -1.000000 0.000126
vn -0.000246 -1.000000 -0.000047
vn 0.000064 -1.000000 0.000021
vn -0.000345 -1.000000 -0.000030
vn -0.000074 -1.000000 0.000026
vn -0.000021 -1.000000 0.000027
vn -0.000005 -1.000000 0.000127
vn 0.060250 -0.720918 0.690397
vn 0.334290 -0.705609 0.624793
vn 0.544292 -0.716501 0.436318
vn 0.675081 -0.719267 0.164073
vn 0.677816 -0.723388 -0.131435
vn 0.567622 -0.714970 -0.408194
vn 0.315603 -0.722920 -0.614639
vn -0.004137 -0.720661 -0.693276
vn -0.306983 -0.723695 -0.618084
vn -0.563521 -0.708943 -0.424080
vn -0.690520 -0.708505 -0.145613
vn -0.686465 -0.709879 0.157600
vn -0.515876 -0.726064 0.454645
vn -0.205789 -0.707378 0.676215
vn 0.110983 -0.705704 0.699760
vn -0.158620 -0.706124 -0.690093
vn -0.411109 -0.705523 -0.577258
vn -0.636985 -0.695977 -0.331462
vn -0.715318 -0.698787 -0.004079
vn -0.627140 -0.710451 0.319305
vn -0.441201 -0.714358 0.543170
vn -0.240007 -0.700509 0.672074
vn 0.436445 -0.697095 0.568836
vn 0.610121 -0.709060 0.353533
vn 0.701539 -0.693191 0.165316
vn 0.704994 -0.708312 -0.035740
vn 0.662129 -0.703310 -0.258728
vn 0.505055 -0.707370 -0.494517
vn 0.329132 -0.700223 -0.633530
vn 0.120104 -0.712214 -0.691612
vn 0.162020 -0.003762 0.986780
vn -0.215136 -0.001990 -0.976582
vn -0.580681 -0.002784 -0.814127
vn -0.881657 -0.004220 -0.471871
vn -0.999986 -0.004021 -0.003343
vn -0.891442 -0.003757 0.453119
vn -0.653615 -0.003238 0.756820
vn -0.318264 -0.004241 0.947993
vn 0.601775 -0.000486 0.798665
vn 0.860009 -0.000211 0.510279
vn 0.973414 -0.001571 0.229047
vn 0.998517 -0.002580 -0.054378
vn 0.929149 -0.003543 -0.369688
vn 0.729691 -0.003675 -0.683767
vn 0.457032 -0.001479 -0.889449
vn 0.150341 -0.000666 -0.988634
vn -0.188192 0.003184 0.982127
vn 0.107347 0.002259 -0.994219
vn 0.517864 0.004093 -0.855453
vn 0.828015 0.004388 -0.560689
vn 0.979539 0.003171 -0.201229
vn 0.988368 0.002225 0.152068
vn 0.874737 0.001420 0.484595
vn 0.591342 0.000653 0.806420
vn 0.202404 0.001555 0.979301
vn -0.517282 0.003160 0.855809
vn -0.763188 0.003055 0.646169
vn -0.935890 0.002169 0.352286
vn -0.999963 0.000871 0.008540
vn -0.951878 0.002053 -0.306471
vn -0.809429 0.002344 -0.587213
vn -0.560830 0.000940 -0.827930
vn -0.256311 0.000849 -0.966594
vn 0.000000 1.000000 0.000000
vn 0.000000 1.000000 0.000000
vn 0.000000 1.000000 0.000000
vn 0.000000 1.000000 0.000000
vn 0.000000 1.000000 0.000000
vn 0.000000 1.000000 0.000000
vn 0.000000 1.000000 0.000000
vn 0.000000 1.000000 0.000000
vn 0.000000 1.000000 0.000000
vn 0.000000 1.000000 0.000000
vn 0.000000 1.000000 0.000000
vn 0.000000 1.000000 0.000000
vn 0.000000 1.000000 0.000000
vn 0.000000 1.000000 0.000000
vn 0.000000 1.000000 0.000000
vn 0.000000 1.000000 0.000000
vn 0.000000 1.000000 0.000000
vn 0.000000 1.000000 0.000000
vn 0.000000 1.000000 0.000000
vn 0.000000 1.000000 0.000000
vn 0.000000 1.000000 0.000000
vn 0.000000 1.000000 0.000000
vn 0.000000 1.000000 0.000000
vn 0.000000 1.000000 0.000000
vn 0.000000 1.000000 0.000000
vn 0.000000 1.000000 0.000000
vn 0.000000 1.000000 0.000000
vn 0.000000 1.000000 0.000000
vn 0.000000 1.000000 0.000000
vn 0.000000 1.000000 0.000000
vn 0.000000 1.000000 0.000000
vn 0.000000 1.000000 0.000000
vn 0.999224 -0.001088 -0.039365
vn 0.889509 -0.000863 -0.456917
vn 0.641867 -0.000816 -0.766816
vn 0.300797 -0.000813 -0.953688
vn -0.112816 -0.000839 -0.993616
vn -0.491353 -0.000724 -0.870960
vn -0.766675 -0.000647 -0.642035
vn -0.938854 -0.000656 -0.344316
vn -0.999649 -0.000860 0.026470
vn -0.876520 -0.000974 0.481365
vn -0.567594 -0.001023 0.823308
vn -0.149823 -0.001288 0.988712
vn 0.310415 -0.001012 0.950601
vn 0.678728 -0.000745 0.734389
vn 0.920729 -0.001038 0.390200
vn -0.982600 0.000685 -0.185734
vn -0.852634 0.000660 -0.522508
vn -0.606138 0.000685 -0.795359
vn -0.261902 0.000772 -0.965094
vn 0.113047 0.000762 -0.993589
vn 0.461578 0.000757 -0.887099
vn 0.765594 0.000819 -0.643324
vn 0.955611 0.000972 -0.294630
vn 0.988423 0.001067 0.151722
vn 0.834519 0.000828 0.550979
vn 0.570139 0.000806 0.821548
vn 0.141469 0.001325 0.989942
vn -0.390513 0.001425 0.920596
vn -0.801244 0.001097 0.598337
vn -0.982640 0.000911 0.185521
vn -0.002264 -0.999996 -0.001659
vn -0.002895 -0.999996 -0.000615
vn -0.000961 -0.999998 -0.001482
vn 0.000177 -0.999997 -0.002358
vn 0.000373 -0.999991 -0.004254
vn -0.000063 -0.999996 -0.002858
vn 0.001086 -0.999999 -0.000297
vn 0.000801 -0.999999 -0.000789
vn 0.000242 -1.000000 0.000179
vn 0.000665 -0.999999 0.000826
vn 0.000773 -0.999999 0.001054
vn 0.000307 -0.999998 0.001735
vn -0.003095 -0.999989 0.003578
vn -0.001368 -0.999995 0.003012
vn -0.002888 -0.999996 0.000476
vn 0.045845 -0.900921 -0.431555
vn -0.082282 -0.916193 -0.392198
vn -0.249149 -0.903207 -0.349488
vn -0.313172 -0.908066 -0.278099
vn -0.385718 -0.913728 -0.127760
vn -0.394154 -0.917607 -0.051385
vn -0.411789 -0.910180 0.044744
vn -0.389670 -0.907948 0.154232
vn -0.322534 -0.916005 0.238551
vn -0.001742 -0.913685 0.406420
vn 0.082628 -0.909804 0.406729
vn 0.235832 -0.908425 0.345178
vn 0.300387 -0.915533 0.267519
vn 0.374144 -0.917533 0.134722
vn 0.388808 -0.921022 -0.023372
vn 0.371161 -0.916680 -0.148112
vn 0.335262 -0.905593 -0.259809
vn 0.237616 -0.918093 -0.317246
vn 0.061032 0.783433 -0.618472
vn 0.264164 0.726418 -0.634455
vn 0.403925 0.742390 -0.534511
vn 0.536793 0.735412 -0.413548
vn 0.608786 0.763602 -0.215155
vn 0.644811 0.763848 0.027455
vn 0.637882 0.747881 0.183794
vn 0.555671 0.750995 0.356702
vn 0.416340 0.785976 0.457059
vn 0.355046 0.743893 0.566185
vn 0.227363 0.799744 0.555622
vn 0.095758 0.736634 0.669478
vn -0.025538 0.731958 0.680871
vn -0.046065 -0.000093 0.998938
vn 0.035626 -0.285026 0.957857
vn 0.037168 -0.190120 -0.981057
vn -0.036676 -0.580136 -0.813693
vn 0.021478 0.558312 -0.829353
vn 0.033939 0.223679 -0.974072
vn 0.160215 0.621842 -0.766579
vn 0.169207 0.347638 -0.922235
vn 0.305571 0.432274 -0.848390
vn 0.235016 0.105234 -0.966278
vn 0.184736 -0.190238 -0.964200
vn 0.452564 0.514632 -0.728245
vn 0.099766 -0.499620 -0.860480
vn 0.439188 0.251952 -0.862342
vn 0.382076 0.028278 -0.923698
vn 0.324661 -0.226449 -0.918322
vn 0.223913 -0.530547 -0.817547
vn 0.581630 0.380207 -0.719130
vn 0.555459 0.031155 -0.830960
vn 0.631635 0.507679 -0.585918
vn 0.464389 -0.279694 -0.840306
vn 0.375848 -0.546249 -0.748565
vn 0.175241 -0.901274 -0.396227
vn 0.669061 0.019709 -0.742947
vn 0.745939 0.185555 -0.639644
vn 0.720846 0.505906 -0.473750
vn 0.570287 -0.321772 -0.755801
vn 0.685795 -0.295538 -0.665089
vn 0.788295 0.532507 -0.308264
vn 0.821822 0.180061 -0.540543
vn 0.547599 -0.594595 -0.588721
vn 0.796638 -0.166129 -0.581179
vn 0.863829 0.292365 -0.410270
vn 0.748473 0.651615 -0.123232
vn 0.907741 -0.043526 -0.417266
vn 0.934173 0.239434 -0.264559
vn 0.778062 -0.404649 -0.480498
vn 0.803999 0.593520 -0.036325
vn 0.930321 0.351594 -0.104331
vn 0.703872 -0.604937 -0.372311
vn 0.962751 -0.150619 -0.224556
vn 0.890362 -0.335791 -0.307408
vn 0.988664 0.068573 -0.133573
vn 0.853298 0.500168 0.147360
vn 0.959166 0.275766 0.062882
vn 0.753527 -0.628505 -0.192820
vn 0.972184 -0.234209 -0.001964
vn 0.995553 0.012746 0.093332
vn 0.854387 -0.513095 -0.082197
vn 0.727951 0.615757 0.301547
vn 0.865009 0.392394 0.312709
vn 0.942484 0.107916 0.316350
vn 0.940011 -0.196116 0.279139
vn 0.723741 0.517519 0.456478
vn 0.730165 -0.682348 0.035513
vn 0.884416 -0.445140 0.140211
vn 0.837570 0.275186 0.471962
vn 0.880154 -0.000814 0.474687
vn 0.565788 0.600229 0.565339
vn 0.705397 -0.693338 0.147301
vn 0.709147 0.361206 0.605509
vn 0.770075 -0.557756 0.309667
vn 0.828328 -0.326122 0.455540
vn 0.786664 0.034598 0.616411
vn 0.755561 -0.297909 0.583420
vn 0.528841 0.429158 0.732223
vn 0.666915 0.117947 0.735740
vn 0.334598 0.564433 0.754625
vn 0.627045 -0.642465 0.440516
vn 0.664773 -0.203552 0.718780
vn 0.386507 0.299850 0.872183
vn 0.513516 0.060424 0.855950
vn 0.557783 -0.219697 0.800382
vn 0.571089 -0.537742 0.620235
vn 0.228158 0.549902 0.803462
vn 0.441379 -0.549303 0.709543
vn 0.331469 0.028054 0.943049
vn 0.067373 0.532450 0.843776
vn 0.403637 -0.279470 0.871191
vn 0.110728 0.306229 0.945496
vn 0.183058 0.106771 0.977287
vn 0.218233 -0.272433 0.937099
vn 0.264781 -0.492627 0.828981
vn 0.132989 -0.086494 0.987336
vn 0.255934 -0.686547 0.680552
vn 0.062383 -0.561180 0.825340
vn -0.147644 0.751240 0.643303
vn -0.336541 0.765914 0.547828
vn -0.475355 0.766095 0.432593
vn -0.618768 0.714509 0.326501
vn -0.621493 0.761248 0.185062
vn -0.688268 0.722719 0.062966
vn -0.617379 0.777189 -0.121737
vn -0.576624 0.772554 -0.265830
vn -0.572827 0.704785 -0.418507
vn -0.392852 0.768602 -0.504895
vn -0.238450 0.747020 -0.620567
vn -0.071738 0.736938 -0.672143
vn -0.103270 0.465207 0.879158
vn -0.254935 0.570083 0.781033
vn -0.157669 0.129334 0.978986
vn -0.363139 0.588905 0.722026
vn -0.328666 0.317646 0.889427
vn -0.120301 -0.335631 0.934280
vn -0.303137 -0.022977 0.952670
vn -0.491219 0.348581 0.798245
vn -0.247028 -0.345302 0.905397
vn -0.514970 0.564565 0.645037
vn -0.128587 -0.664064 0.736536
vn -0.467048 0.044005 0.883136
vn -0.445458 -0.302089 0.842798
vn -0.658644 0.509821 0.553417
vn -0.604871 0.085863 0.791681
vn -0.316891 -0.564595 0.762111
vn -0.662304 0.290130 0.690781
vn -0.179319 -0.901882 0.393005
vn -0.630470 -0.195732 0.751130
vn -0.767317 0.059345 0.638516
vn -0.775890 0.411251 0.478401
vn -0.510731 -0.535672 0.672465
vn -0.690531 -0.364913 0.624504
vn -0.827532 -0.067104 0.557394
vn -0.823512 0.494241 0.278485
vn -0.279423 -0.900039 0.334445
vn -0.872696 0.163173 0.460191
vn -0.800312 -0.318864 0.507766
vn -0.927350 0.136906 0.348252
vn -0.878737 0.461359 0.122350
vn -0.647130 -0.603078 0.466391
vn -0.909861 -0.186652 0.370559
vn -0.954100 0.230729 0.190939
vn -0.812681 0.582343 -0.020630
vn -0.771087 -0.532567 0.348996
vn -0.979599 -0.062808 0.190896
vn -0.986735 0.161407 0.017395
vn -0.761750 0.620446 -0.186506
vn -0.909994 -0.353171 0.217213
vn -0.920422 0.373006 -0.117007
vn -0.787645 -0.594581 0.161519
vn -0.950893 -0.307163 0.038116
vn -0.875131 0.372642 -0.308680
vn -0.991937 -0.040251 -0.120167
vn -0.751450 0.557471 -0.352915
vn -0.950148 0.172654 -0.259634
vn -0.907718 -0.403689 -0.114382
vn -0.947296 -0.106967 -0.301975
vn -0.774982 -0.631643 -0.020721
vn -0.791502 0.345912 -0.503855
vn -0.887491 0.003304 -0.460813
vn -0.897964 -0.327315 -0.294151
vn -0.564004 0.586133 -0.581676
vn -0.780182 -0.579797 -0.234844
vn -0.677549 0.344543 -0.649782
vn -0.772974 0.043302 -0.632958
vn -0.819042 -0.342610 -0.460204
vn -0.460956 0.562011 -0.686778
vn -0.732711 -0.210974 -0.647012
vn -0.661206 -0.648300 -0.377509
vn -0.648012 -0.514153 -0.561896
vn -0.533921 0.278440 -0.798373
vn -0.631508 0.047941 -0.773885
vn -0.359874 0.496416 -0.789976
vn -0.571578 -0.187527 -0.798832
vn -0.166330 0.564766 -0.808316
vn -0.450924 -0.095503 -0.887439
vn -0.546058 -0.502193 -0.670539
vn -0.390447 0.167197 -0.905316
vn -0.175663 0.326583 -0.928701
vn -0.414636 -0.495751 -0.763091
vn -0.285689 0.115089 -0.951387
vn -0.248844 -0.187991 -0.950124
vn -0.316262 -0.385125 -0.866982
vn -0.099619 0.025270 -0.994705
vn -0.266145 -0.698680 -0.664088
vn -0.109578 -0.290275 -0.950649
vn -0.172473 -0.553462 -0.814820
vn -0.149289 0.918018 0.367363
vn -0.082967 0.849471 0.521072
vn -0.288728 0.948990 0.126702
vn -0.196005 0.969009 0.150348
vn -0.163947 0.967280 0.193626
vn -0.164829 0.948480 0.270586
vn -0.512997 0.853201 -0.094244
vn -0.511543 0.854108 0.093928
vn -0.148229 0.951962 -0.267949
vn -0.165053 0.971160 -0.172062
vn -0.272688 0.952620 -0.134743
vn -0.095446 0.852925 -0.513234
vn -0.148416 0.919489 -0.364022
vn 0.093944 0.853834 0.511998
vn -0.281378 0.899783 0.333491
vn -0.228976 0.951700 0.204541
vn -0.203310 0.872247 0.444804
vn -0.393819 0.897346 0.199188
vn -0.210653 0.950246 -0.229474
vn -0.395877 0.898674 -0.188857
vn -0.288625 0.899162 -0.328944
vn -0.205539 0.872275 -0.443722
vn 0.102905 0.855472 -0.507522
vn 0.156186 0.924627 -0.347378
vn 0.239363 0.952496 -0.188302
vn 0.229987 0.944828 -0.233249
vn 0.186162 0.948629 -0.255826
vn 0.513269 0.851148 -0.110007
vn 0.353004 0.919697 -0.171891
vn 0.503621 0.857992 0.101069
vn 0.345961 0.924677 0.159006
vn 0.167920 0.948880 0.267264
vn 0.194259 0.958591 0.208245
vn 0.247970 0.952055 0.179170
vn 0.180311 0.904689 0.386038
vn 0.272782 0.915094 0.296973
vn 0.434930 0.872140 0.224071
vn 0.270236 0.920852 -0.281077
vn 0.404151 0.869801 -0.283035
vn 0.200718 0.889164 -0.411218
vn 0.026911 -0.004023 -0.999630
vn 0.019647 0.002850 -0.999803
vn 0.019312 0.003167 -0.999808
vn 0.012228 0.009868 -0.999877
vn -0.995725 -0.035787 -0.085152
vn -0.999088 -0.013888 -0.040373
vn -0.007626 0.008135 -0.999938
vn -0.019344 0.006400 -0.999792
vn -0.977657 0.008632 -0.210029
vn -0.776920 0.022083 -0.629212
vn -0.347873 0.020341 -0.937321
vn -0.999421 -0.016608 -0.029688
vn -0.014489 0.018372 -0.999726
vn -0.159229 -0.005094 -0.987228
vn -0.579763 -0.022144 -0.814484
vn -0.946082 -0.016630 -0.323500
vn 0.000000 1.000000 0.000000
vn 0.000000 1.000000 0.000000
vn 0.000000 1.000000 0.000000
vn 0.000000 1.000000 0.000000
vn 0.000000 1.000000 0.000000
vn 0.000000 1.000000 0.000000
vn 0.000000 1.000000 0.000000
vn 0.000000 1.000000 0.000000
vn 0.000000 1.000000 0.000000
vn 0.000000 1.000000 0.000000
vn 0.000000 1.000000 0.000000
vn 0.000000 1.000000 0.000000
vn 0.000000 1.000000 0.000000
vn 0.000000 1.000000 0.000000
vn -0.000001 1.000000 0.000000
vn -0.000002 1.000000 0.000001
vn 0.000002 1.000000 -0.000000
vn 0.000001 1.000000 0.000001
vn 0.000000 1.000000 0.000002
vn -0.000000 1.000000 0.000001
vn 0.000000 1.000000 0.000000
vn 0.999956 -0.003316 -0.008830
vn 0.999999 0.000108 -0.001727
vn 0.177046 -0.000001 -0.984203
vn 0.510659 0.001058 -0.859783
vn 0.815811 0.005110 -0.578296
vn 0.976600 0.006027 -0.214979
vn 0.002590 -0.002436 -0.999994
vn 0.999965 -0.003047 -0.007800
vn 0.972314 -0.004825 -0.233630
vn 0.791272 -0.002290 -0.611459
vn 0.493860 0.003391 -0.869535
vn 0.154504 0.000275 -0.987992
vn 0.002911 -0.001950 -0.999994
vn 0.999477 -0.024312 0.021312
vn 0.999984 -0.005424 0.001857
vn 0.999724 0.014388 -0.018545
vn 0.999988 -0.004693 0.001105
vn 0.008221 0.005977 0.999948
vn 0.960336 0.002551 0.278833
vn 0.728935 0.010800 0.684497
vn 0.301945 0.011009 0.953262
vn 0.999940 0.010925 -0.000334
vn 0.999887 0.003214 0.014711
vn 0.008902 0.007013 0.999936
vn 0.201157 -0.005832 0.979542
vn 0.662850 -0.012064 0.748655
vn 0.963597 -0.005475 0.267302
vn 0.999913 0.003966 0.012604
vn 0.012600 -0.024207 0.999628
vn -0.008782 -0.003241 0.999956
vn -0.009209 -0.002822 0.999954
vn -0.030773 0.018334 0.999358
vn -0.999994 -0.001470 0.003201
vn -0.999946 0.002397 0.010068
vn -0.383275 0.000956 0.923634
vn -0.784094 0.002998 0.620635
vn -0.971393 0.006427 0.237390
vn -0.018018 -0.009529 0.999792
vn -0.030738 -0.000783 0.999527
vn -0.999995 -0.001333 0.002962
vn -0.986423 -0.004534 0.164163
vn -0.809559 -0.007326 0.586993
vn -0.327574 -0.006060 0.944806
vn -0.017225 -0.010940 0.999792
vn -0.999998 -0.001634 -0.001518
vn -0.998302 -0.040537 -0.041825
vn -0.998399 0.039199 0.040787
vn -1.000000 -0.000259 -0.000093
f 503//503 502//502 501//501
f 504//504 503//503 501//501
f 504//504 500//500 499//499
f 504//504 501//501 500//500
f 504//504 498//498 497//497
f 504//504 495//495 505//505
f 504//504 499//499 498//498
f 504//504 496//496 495//495
f 505//505 494//494 493//493
f 505//505 495//495 494//494
f 505//505 493//493 492//492
f 504//504 497//497 496//496
f 531//531 530//530 509//509
f 508//508 528//528 507//507
f 529//529 528//528 508//508
f 529//529 508//508 509//509
f 530//530 529//529 509//509
f 531//531 509//509 510//510
f 535//535 534//534 512//512
f 532//532 510//510 511//511
f 533//533 532//532 511//511
f 533//533 511//511 512//512
f 534//534 533//533 512//512
f 528//528 520//520 507//507
f 532//532 531//531 510//510
f 520//520 506//506 507//507
f 535//535 512//512 513//513
f 519//519 506//506 520//520
f 519//519 520//520 527//527
f 513//513 521//521 535//535
f 521//521 513//513 514//514
f 522//522 521//521 514//514
f 523//523 522//522 515//515
f 523//523 515//515 516//516
f 522//522 514//514 515//515
f 524//524 516//516 517//517
f 525//525 524//524 517//517
f 525//525 517//517 518//518
f 526//526 525//525 518//518
f 526//526 518//518 519//519
f 527//527 526//526 519//519
f 524//524 523//523 516//516
f 539//539 540//540 565//565
f 538//538 567//567 568//568
f 538//538 566//566 567//567
f 538//538 539//539 566//566
f 539//539 565//565 566//566
f 540//540 564//564 565//565
f 543//543 552//552 561//561
f 540//540 541//541 563//563
f 541//541 562//562 563//563
f 541//541 542//542 562//562
f 542//542 561//561 562//562
f 542//542 543//543 561//561
f 537//537 538//538 568//568
f 543//543 536//536 552//552
f 540//540 563//563 564//564
f 537//537 568//568 553//553
f 544//544 545//545 558//558
f 536//536 560//560 552//552
f 551//551 553//553 554//554
f 550//550 551//551 554//554
f 549//549 550//550 554//554
f 551//551 537//537 553//553
f 548//548 549//549 555//555
f 548//548 555//555 556//556
f 547//547 548//548 556//556
f 549//549 554//554 555//555
f 546//546 547//547 557//557
f 546//546 557//557 558//558
f 545//545 546//546 558//558
f 544//544 558//558 559//559
f 536//536 544//544 559//559
f 536//536 559//559 560//560
f 547//547 556//556 557//557
f 574//574 586//586 600//600
f 576//576 575//575 599//599
f 575//575 600//600 599//599
f 576//576 599//599 598//598
f 576//576 598//598 577//577
f 575//575 574//574 600//600
f 577//577 598//598 597//597
f 593//593 592//592 583//583
f 574//574 573//573 586//586
f 592//592 584//584 583//583
f 591//591 584//584 592//592
f 591//591 585//585 584//584
f 593//593 583//583 582//582
f 577//577 597//597 569//569
f 594//594 593//593 582//582
f 594//594 582//582 581//581
f 590//590 570//570 585//585
f 589//589 570//570 590//590
f 595//595 581//581 580//580
f 595//595 594//594 581//581
f 590//590 585//585 591//591
f 595//595 580//580 579//579
f 588//588 571//571 589//589
f 572//572 571//571 588//588
f 579//579 596//596 595//595
f 572//572 588//588 587//587
f 578//578 596//596 579//579
f 597//597 596//596 578//578
f 569//569 597//597 578//578
f 573//573 572//572 587//587
f 573//573 587//587 586//586
f 589//589 571//571 570//570
f 613//613 626//626 627//627
f 614//614 615//615 625//625
f 615//615 601//601 624//624
f 613//613 614//614 626//626
f 615//615 624//624 625//625
f 612//612 613//613 627//627
f 610//610 629//629 630//630
f 611//611 612//612 628//628
f 611//611 628//628 629//629
f 610//610 611//611 629//629
f 609//609 610//610 630//630
f 601//601 623//623 624//624
f 612//612 627//627 628//628
f 601//601 602//602 623//623
f 614//614 625//625 626//626
f 602//602 603//603 622//622
f 602//602 622//622 623//623
f 609//609 630//630 616//616
f 608//608 616//616 617//617
f 607//607 608//608 617//617
f 607//607 617//617 618//618
f 606//606 607//607 618//618
f 606//606 618//618 619//619
f 608//608 609//609 616//616
f 605//605 619//619 620//620
f 604//604 605//605 620//620
f 604//604 620//620 621//621
f 603//603 604//604 621//621
f 605//605 606//606 619//619
f 603//603 621//621 622//622
f 821//821 816//816 818//818
f 822//822 818//818 820//820
f 771//771 819//819 770//770
f 823//823 815//815 816//816
f 823//823 652//652 815//815
f 824//824 817//817 819//819
f 824//824 819//819 771//771
f 825//825 820//820 817//817
f 820//820 818//818 814//814
f 826//826 821//821 818//818
f 821//821 823//823 816//816
f 652//652 653//653 815//815
f 817//817 814//814 812//812
f 816//816 815//815 813//813
f 818//818 816//816 811//811
f 820//820 814//814 817//817
f 819//819 812//812 770//770
f 818//818 811//811 814//814
f 770//770 812//812 769//769
f 826//826 818//818 822//822
f 816//816 813//813 810//810
f 815//815 653//653 809//809
f 816//816 810//810 811//811
f 814//814 808//808 812//812
f 814//814 811//811 808//808
f 819//819 817//817 812//812
f 825//825 817//817 824//824
f 651//651 823//823 828//828
f 828//828 821//821 826//826
f 837//837 833//833 830//830
f 836//836 837//837 829//829
f 838//838 832//832 773//773
f 837//837 830//830 829//829
f 834//834 650//650 828//828
f 834//834 649//649 650//650
f 835//835 834//834 831//831
f 773//773 832//832 772//772
f 836//836 829//829 827//827
f 836//836 827//827 832//832
f 835//835 831//831 833//833
f 833//833 831//831 825//825
f 834//834 828//828 831//831
f 833//833 825//825 830//830
f 831//831 828//828 826//826
f 832//832 827//827 772//772
f 829//829 830//830 824//824
f 831//831 826//826 822//822
f 831//831 822//822 825//825
f 830//830 825//825 824//824
f 650//650 651//651 828//828
f 829//829 824//824 771//771
f 815//815 809//809 813//813
f 829//829 771//771 827//827
f 827//827 771//771 772//772
f 651//651 652//652 823//823
f 828//828 823//823 821//821
f 825//825 822//822 820//820
f 813//813 806//806 810//810
f 808//808 804//804 768//768
f 653//653 805//805 809//809
f 800//800 792//792 796//796
f 794//794 788//788 795//795
f 796//796 792//792 790//790
f 793//793 789//789 794//794
f 795//795 788//788 766//766
f 796//796 787//787 793//793
f 796//796 790//790 787//787
f 794//794 791//791 788//788
f 794//794 789//789 791//791
f 766//766 788//788 765//765
f 793//793 787//787 786//786
f 793//793 786//786 789//789
f 801//801 794//794 795//795
f 791//791 784//784 788//788
f 792//792 785//785 790//790
f 790//790 783//783 787//787
f 789//789 786//786 782//782
f 791//791 782//782 784//784
f 790//790 785//785 783//783
f 785//785 792//792 655//655
f 788//788 784//784 765//765
f 787//787 783//783 781//781
f 785//785 780//780 783//783
f 787//787 781//781 786//786
f 784//784 782//782 778//778
f 838//838 836//836 832//832
f 789//789 782//782 791//791
f 797//797 796//796 793//793
f 799//799 795//795 766//766
f 801//801 798//798 794//794
f 653//653 654//654 805//805
f 813//813 809//809 806//806
f 811//811 804//804 808//808
f 812//812 808//808 769//769
f 811//811 807//807 804//804
f 809//809 802//802 806//806
f 810//810 806//806 803//803
f 810//810 803//803 807//807
f 809//809 805//805 802//802
f 769//769 808//808 768//768
f 807//807 803//803 799//799
f 654//654 800//800 805//805
f 807//807 799//799 804//804
f 802//802 798//798 806//806
f 804//804 799//799 768//768
f 803//803 806//806 801//801
f 805//805 797//797 802//802
f 806//806 798//798 801//801
f 805//805 800//800 796//796
f 805//805 796//796 797//797
f 768//768 799//799 767//767
f 803//803 801//801 799//799
f 799//799 801//801 795//795
f 802//802 797//797 794//794
f 802//802 794//794 798//798
f 799//799 766//766 767//767
f 797//797 793//793 794//794
f 811//811 810//810 807//807
f 839//839 833//833 837//837
f 872//872 859//859 863//863
f 841//841 837//837 836//836
f 674//674 887//887 866//866
f 880//880 882//882 669//669
f 866//866 675//675 674//674
f 866//866 676//676 675//675
f 874//874 864//864 773//773
f 874//874 865//865 864//864
f 874//874 873//873 865//865
f 874//874 773//773 772//772
f 865//865 873//873 861//861
f 874//874 772//772 873//873
f 873//873 871//871 861//861
f 873//873 772//772 771//771
f 672//672 674//674 673//673
f 873//873 771//771 872//872
f 871//871 862//862 861//861
f 873//873 872//872 871//871
f 872//872 769//769 859//859
f 872//872 770//770 769//769
f 872//872 863//863 871//871
f 871//871 863//863 862//862
f 784//784 764//764 765//765
f 860//860 767//767 870//870
f 870//870 767//767 766//766
f 860//860 870//870 855//855
f 870//870 766//766 765//765
f 870//870 765//765 867//867
f 872//872 771//771 770//770
f 888//888 674//674 672//672
f 888//888 887//887 674//674
f 888//888 884//884 887//887
f 875//875 665//665 664//664
f 875//875 892//892 665//665
f 875//875 876//876 892//892
f 892//892 666//666 665//665
f 892//892 890//890 666//666
f 666//666 890//890 891//891
f 891//891 667//667 666//666
f 892//892 879//879 890//890
f 892//892 876//876 879//879
f 891//891 668//668 667//667
f 890//890 881//881 891//891
f 891//891 880//880 668//668
f 879//879 877//877 890//890
f 891//891 881//881 880//880
f 890//890 877//877 881//881
f 879//879 878//878 877//877
f 669//669 668//668 880//880
f 882//882 889//889 670//670
f 882//882 670//670 669//669
f 883//883 888//888 889//889
f 883//883 889//889 882//882
f 883//883 886//886 888//888
f 889//889 671//671 670//670
f 886//886 885//885 888//888
f 885//885 884//884 888//888
f 889//889 888//888 672//672
f 889//889 672//672 671//671
f 870//870 868//868 855//855
f 840//840 838//838 773//773
f 867//867 765//765 764//764
f 855//855 868//868 856//856
f 849//849 844//844 682//682
f 849//849 847//847 846//846
f 849//849 846//846 844//844
f 848//848 841//841 847//847
f 844//844 840//840 681//681
f 844//844 681//681 682//682
f 845//845 648//648 842//842
f 848//848 845//845 841//841
f 847//847 841//841 843//843
f 847//847 843//843 846//846
f 840//840 774//774 681//681
f 845//845 839//839 841//841
f 851//851 847//847 849//849
f 648//648 835//835 842//842
f 774//774 664//664 681//681
f 846//846 843//843 844//844
f 845//845 842//842 839//839
f 844//844 843//843 838//838
f 774//774 840//840 773//773
f 844//844 838//838 840//840
f 839//839 837//837 841//841
f 843//843 841//841 836//836
f 649//649 834//834 835//835
f 842//842 835//835 833//833
f 843//843 836//836 838//838
f 842//842 833//833 839//839
f 648//648 649//649 835//835
f 849//849 682//682 679//679
f 850//850 648//648 845//845
f 852//852 845//845 848//848
f 870//870 867//867 868//868
f 867//867 858//858 868//868
f 869//869 764//764 763//763
f 869//869 853//853 867//867
f 868//868 857//857 856//856
f 869//869 763//763 854//854
f 869//869 854//854 853//853
f 868//868 858//858 857//857
f 867//867 853//853 858//858
f 664//664 774//774 864//864
f 664//664 864//864 875//875
f 774//774 773//773 864//864
f 769//769 860//860 859//859
f 769//769 768//768 860//860
f 768//768 767//767 860//860
f 763//763 866//866 854//854
f 763//763 676//676 866//866
f 646//646 647//647 680//680
f 680//680 647//647 852//852
f 680//680 852//852 851//851
f 680//680 851//851 679//679
f 647//647 850//850 852//852
f 851//851 849//849 679//679
f 852//852 847//847 851//851
f 850//850 647//647 648//648
f 852//852 848//848 847//847
f 852//852 850//850 845//845
f 867//867 764//764 869//869
f 786//786 781//781 779//779
f 759//759 752//752 755//755
f 785//785 655//655 762//762
f 786//786 779//779 782//782
f 709//709 702//702 705//705
f 708//708 700//700 701//701
f 707//707 698//698 703//703
f 703//703 698//698 697//697
f 706//706 701//701 696//696
f 706//706 696//696 702//702
f 705//705 667//667 668//668
f 705//705 702//702 667//667
f 704//704 703//703 700//700
f 700//700 703//703 695//695
f 703//703 697//697 695//695
f 708//708 704//704 700//700
f 701//701 700//700 694//694
f 702//702 696//696 667//667
f 701//701 694//694 696//696
f 700//700 695//695 694//694
f 699//699 646//646 693//693
f 697//697 698//698 692//692
f 695//695 697//697 691//691
f 695//695 690//690 694//694
f 696//696 694//694 666//666
f 698//698 693//693 692//692
f 695//695 691//691 690//690
f 697//697 692//692 691//691
f 693//693 646//646 689//689
f 698//698 699//699 693//693
f 696//696 666//666 667//667
f 709//709 706//706 702//702
f 663//663 699//699 707//707
f 722//722 716//716 718//718
f 721//721 715//715 714//714
f 716//716 713//713 718//718
f 720//720 714//714 669//669
f 719//719 717//717 712//712
f 717//717 718//718 711//711
f 719//719 712//712 715//715
f 714//714 715//715 710//710
f 718//718 713//713 711//711
f 662//662 707//707 716//716
f 717//717 711//711 712//712
f 716//716 707//707 713//713
f 707//707 703//703 704//704
f 715//715 712//712 705//705
f 713//713 708//708 711//711
f 712//712 711//711 709//709
f 714//714 710//710 668//668
f 714//714 668//668 669//669
f 662//662 663//663 707//707
f 713//713 707//707 704//704
f 713//713 704//704 708//708
f 712//712 709//709 705//705
f 711//711 708//708 706//706
f 710//710 705//705 668//668
f 711//711 706//706 709//709
f 706//706 708//708 701//701
f 715//715 705//705 710//710
f 694//694 690//690 688//688
f 694//694 688//688 666//666
f 692//692 693//693 687//687
f 655//655 642//642 656//656
f 651//651 650//650 631//631
f 650//650 632//632 631//631
f 656//656 642//642 657//657
f 657//657 642//642 641//641
f 650//650 649//649 632//632
f 657//657 641//641 658//658
f 649//649 648//648 633//633
f 649//649 633//633 632//632
f 658//658 641//641 640//640
f 633//633 648//648 634//634
f 640//640 659//659 658//658
f 651//651 631//631 645//645
f 634//634 648//648 647//647
f 634//634 647//647 646//646
f 639//639 660//660 659//659
f 634//634 646//646 635//635
f 639//639 638//638 660//660
f 635//635 646//646 699//699
f 638//638 661//661 660//660
f 635//635 699//699 636//636
f 638//638 662//662 661//661
f 638//638 637//637 662//662
f 636//636 699//699 663//663
f 636//636 663//663 637//637
f 637//637 663//663 662//662
f 640//640 639//639 659//659
f 652//652 651//651 645//645
f 655//655 643//643 642//642
f 653//653 652//652 645//645
f 693//693 689//689 687//687
f 646//646 680//680 689//689
f 692//692 686//686 691//691
f 692//692 687//687 686//686
f 666//666 688//688 665//665
f 691//691 686//686 690//690
f 689//689 679//679 687//687
f 690//690 685//685 688//688
f 690//690 686//686 685//685
f 689//689 680//680 679//679
f 688//688 685//685 665//665
f 686//686 684//684 685//685
f 687//687 679//679 686//686
f 686//686 679//679 682//682
f 686//686 682//682 684//684
f 685//685 684//684 683//683
f 685//685 683//683 665//665
f 684//684 682//682 681//681
f 665//665 683//683 664//664
f 684//684 681//681 683//683
f 683//683 681//681 664//664
f 654//654 644//644 800//800
f 800//800 644//644 643//643
f 654//654 653//653 644//644
f 800//800 643//643 792//792
f 653//653 645//645 644//644
f 792//792 643//643 655//655
f 661//661 662//662 716//716
f 720//720 721//721 714//714
f 707//707 699//699 698//698
f 670//670 720//720 669//669
f 759//759 755//755 758//758
f 760//760 758//758 757//757
f 761//761 657//657 752//752
f 758//758 753//753 757//757
f 756//756 754//754 775//775
f 758//758 755//755 753//753
f 757//757 753//753 747//747
f 657//657 750//750 752//752
f 755//755 752//752 749//749
f 755//755 748//748 753//753
f 757//757 747//747 756//756
f 754//754 756//756 751//751
f 757//757 756//756 677//677
f 675//675 676//676 754//754
f 756//756 747//747 751//751
f 755//755 749//749 748//748
f 754//754 751//751 675//675
f 753//753 748//748 747//747
f 752//752 750//750 749//749
f 658//658 745//745 750//750
f 749//749 750//750 746//746
f 747//747 744//744 751//751
f 751//751 674//674 675//675
f 750//750 745//745 741//741
f 749//749 746//746 743//743
f 751//751 744//744 674//674
f 657//657 658//658 750//750
f 748//748 742//742 747//747
f 721//721 719//719 715//715
f 760//760 677//677 678//678
f 784//784 778//778 764//764
f 785//785 762//762 780//780
f 783//783 780//780 781//781
f 782//782 779//779 778//778
f 781//781 780//780 777//777
f 781//781 777//777 779//779
f 778//778 779//779 776//776
f 780//780 762//762 678//678
f 780//780 677//677 777//777
f 779//779 777//777 775//775
f 780//780 678//678 677//677
f 779//779 775//775 776//776
f 760//760 757//757 677//677
f 778//778 763//763 764//764
f 777//777 677//677 756//756
f 776//776 775//775 763//763
f 777//777 756//756 775//775
f 775//775 676//676 763//763
f 775//775 754//754 676//676
f 656//656 762//762 655//655
f 762//762 656//656 761//761
f 762//762 758//758 678//678
f 762//762 761//761 759//759
f 762//762 759//759 758//758
f 656//656 657//657 761//761
f 678//678 758//758 760//760
f 778//778 776//776 763//763
f 750//750 741//741 746//746
f 761//761 752//752 759//759
f 747//747 742//742 744//744
f 735//735 671//671 672//672
f 734//734 728//728 733//733
f 733//733 728//728 727//727
f 731//731 660//660 725//725
f 733//733 727//727 730//730
f 732//732 731//731 725//725
f 730//730 726//726 671//671
f 732//732 723//723 729//729
f 660//660 722//722 725//725
f 730//730 727//727 726//726
f 732//732 725//725 723//723
f 729//729 724//724 728//728
f 729//729 723//723 724//724
f 735//735 730//730 671//671
f 722//722 660//660 661//661
f 728//728 724//724 721//721
f 728//728 721//721 720//720
f 727//727 720//720 726//726
f 671//671 726//726 670//670
f 726//726 720//720 670//670
f 725//725 717//717 723//723
f 725//725 722//722 718//718
f 724//724 723//723 719//719
f 725//725 718//718 717//717
f 722//722 661//661 716//716
f 724//724 719//719 721//721
f 723//723 717//717 719//719
f 749//749 743//743 748//748
f 728//728 720//720 727//727
f 737//737 733//733 730//730
f 736//736 731//731 732//732
f 742//742 735//735 673//673
f 748//748 743//743 742//742
f 745//745 659//659 738//738
f 745//745 739//739 741//741
f 746//746 741//741 740//740
f 746//746 740//740 743//743
f 745//745 738//738 739//739
f 744//744 742//742 673//673
f 659//659 736//736 738//738
f 742//742 743//743 737//737
f 743//743 740//740 737//737
f 741//741 739//739 734//734
f 738//738 732//732 729//729
f 742//742 737//737 735//735
f 741//741 734//734 740//740
f 673//673 735//735 672//672
f 739//739 738//738 729//729
f 740//740 734//734 733//733
f 740//740 733//733 737//737
f 739//739 728//728 734//734
f 739//739 729//729 728//728
f 736//736 732//732 738//738
f 659//659 660//660 731//731
f 659//659 731//731 736//736
f 737//737 730//730 735//735
f 744//744 673//673 674//674
f 745//745 658//658 659//659
f 895//895 893//893 894//894
f 895//895 894//894 896//896
f 906//906 899//899 905//905
f 906//906 900//900 899//899
f 907//907 908//908 902//902
f 908//908 901//901 902//902
f 906//906 903//903 900//900
f 898//898 897//897 904//904
f 906//906 907//907 903//903
f 907//907 902//902 903//903
f 908//908 904//904 901//901
f 898//898 904//904 908//908
f 911//911 909//909 910//910
f 914//914 916//916 915//915
f 929//929 911//911 910//910
f 925//925 924//924 926//926
f 921//921 920//920 922//922
f 926//926 924//924 927//927
f 920//920 919//919 922//922
f 917//917 916//916 914//914
f 924//924 928//928 927//927
f 923//923 919//919 918//918
f 924//924 923//923 928//928
f 923//923 918//918 912//912
f 918//918 913//913 912//912
f 928//928 912//912 929//929
f 929//929 912//912 911//911
f 918//918 917//917 913//913
f 917//917 914//914 913//913
f 923//923 912//912 928//928
f 922//922 919//919 923//923
f 942//942 936//936 941//941
f 941//941 936//936 932//932
f 938//938 934//934 935//935
f 939//939 940//940 934//934
f 940//940 933//933 934//934
f 940//940 941//941 932//932
f 940//940 932//932 933//933
f 938//938 930//930 937//937
f 938//938 935//935 930//930
f 937//937 930//930 931//931
f 938//938 939//939 934//934
f 946//946 944//944 945//945
f 946//946 943//943 944//944
f 957//957 952//952 956//956
f 956//956 952//952 948//948
f 954//954 950//950 947//947
f 954//954 947//947 953//953
f 956//956 948//948 949//949
f 955//955 956//956 949//949
f 955//955 949//949 950//950
f 954//954 955//955 950//950
f 957//957 951//951 952//952
f 960//960 959//959 958//958
f 961//961 959//959 960//960
f 970//970 971//971 966//966
f 972//972 967//967 968//968
f 971//971 972//972 964//964
f 973//973 967//967 972//972
f 971//971 964//964 965//965
f 970//970 963//963 969//969
f 970//970 966//966 963//963
f 969//969 963//963 962//962
f 971//971 965//965 966//966
f 972//972 968//968 964//964
f 977//977 974//974 976//976
f 977//977 975//975 974//974
v 0.0419197 -0.0105000 0.0822973
v 0.0421780 -0.0105000 0.0822815
v 0.0424124 -0.0105000 0.0821676
v 0.0426037 -0.0105001 0.0819700
v 0.0427055 -0.0105000 0.0816327
v 0.0426510 -0.0105000 0.0813304
v 0.0424817 -0.0105000 0.0810857
v 0.0422116 -0.0105000 0.0809235
v 0.0417916 -0.0105001 0.0809180
v 0.0414264 -0.0105000 0.0811832
v 0.0412941 -0.0105000 0.0815445
v 0.0413769 -0.0105000 0.0819429
v 0.0416506 -0.0105000 0.0822138
v 0.0419197 -0.0105000 0.0822973
v 0.0421780 -0.0105000 0.0822815
v 0.0424124 -0.0105000 0.0821676
v 0.0426037 -0.0105001 0.0819700
v 0.0427055 -0.0105000 0.0816327
v 0.0426510 -0.0105000 0.0813304
v 0.0424817 -0.0105000 0.0810857
v 0.0422116 -0.0105000 0.0809235
v 0.0417916 -0.0105001 0.0809180
v 0.0414264 -0.0105000 0.0811832
v 0.0412941 -0.0105000 0.0815445
v 0.0413769 -0.0105000 0.0819429
v 0.0416506 -0.0105000 0.0822138
v 0.0421424 -0.0103506 0.0824485
v 0.0419324 -0.0103508 0.0807482
v 0.0416115 -0.0103506 0.0808375
v 0.0413503 -0.0103496 0.0810451
v 0.0412128 -0.0103503 0.0812740
v 0.0411520 -0.0103505 0.0815111
v 0.0411581 -0.0103494 0.0817285
v 0.0412448 -0.0103501 0.0820060
v 0.0414466 -0.0103503 0.0822479
v 0.0417043 -0.0103480 0.0824050
v 0.0424642 -0.0103505 0.0823153
v 0.0426608 -0.0103500 0.0821397
v 0.0428139 -0.0103506 0.0818645
v 0.0428515 -0.0103505 0.0815552
v 0.0427977 -0.0103494 0.0812958
v 0.0426467 -0.0103490 0.0810405
v 0.0423228 -0.0103462 0.0808026
v 0.0421424 -0.0103506 0.0824485
v 0.0419324 -0.0103508 0.0807482
v 0.0416115 -0.0103506 0.0808375
v 0.0413503 -0.0103496 0.0810451
v 0.0412128 -0.0103503 0.0812740
v 0.0411520 -0.0103505 0.0815111
v 0.0411581 -0.0103494 0.0817285
v 0.0412448 -0.0103501 0.0820060
v 0.0414466 -0.0103503 0.0822479
v 0.0417043 -0.0103480 0.0824050
v 0.0424642 -0.0103505 0.0823153
v 0.0426608 -0.0103500 0.0821397
v 0.0428139 -0.0103506 0.0818645
v 0.0428515 -0.0103505 0.0815552
v 0.0427977 -0.0103494 0.0812958
v 0.0426467 -0.0103490 0.0810405
v 0.0423228 -0.0103462 0.0808026
v 0.0419230 -0.0065000 0.0824517
v 0.0420334 -0.0065000 0.0807480
v 0.0423594 -0.0065000 0.0808205
v 0.0426330 -0.0065000 0.0810279
v 0.0427894 -0.0065000 0.0812730
v 0.0428578 -0.0065000 0.0816337
v 0.0427573 -0.0065000 0.0819973
v 0.0425788 -0.0065000 0.0822262
v 0.0422972 -0.0065000 0.0824054
v 0.0415510 -0.0065000 0.0823328
v 0.0412383 -0.0065000 0.0820001
v 0.0411441 -0.0065000 0.0816000
v 0.0411904 -0.0065000 0.0813370
v 0.0413023 -0.0065000 0.0811056
v 0.0414992 -0.0065000 0.0809106
v 0.0417453 -0.0065000 0.0807837
v 0.0419230 -0.0065000 0.0824517
v 0.0420334 -0.0065000 0.0807480
v 0.0423594 -0.0065000 0.0808205
v 0.0426330 -0.0065000 0.0810279
v 0.0427894 -0.0065000 0.0812730
v 0.0428578 -0.0065000 0.0816337
v 0.0427573 -0.0065000 0.0819973
v 0.0425788 -0.0065000 0.0822262
v 0.0422972 -0.0065000 0.0824054
v 0.0415510 -0.0065000 0.0823328
v 0.0412383 -0.0065000 0.0820001
v 0.0411441 -0.0065000 0.0816000
v 0.0411904 -0.0065000 0.0813370
v 0.0413023 -0.0065000 0.0811056
v 0.0414992 -0.0065000 0.0809106
v 0.0417453 -0.0065000 0.0807837
v 0.0427072 -0.0065000 0.0815444
v 0.0425866 -0.0065000 0.0812080
v 0.0424124 -0.0065000 0.0810323
v 0.0421834 -0.0065000 0.0809180
v 0.0419174 -0.0065000 0.0809027
v 0.0416800 -0.0065000 0.0809720
v 0.0414843 -0.0065000 0.0811234
v 0.0413368 -0.0065000 0.0813553
v 0.0413016 -0.0065000 0.0817195
v 0.0414507 -0.0065000 0.0820439
v 0.0416634 -0.0065000 0.0822168
v 0.0419255 -0.0065000 0.0823023
v 0.0422255 -0.0065000 0.0822672
v 0.0424789 -0.0065000 0.0821181
v 0.0426474 -0.0065000 0.0818772
v 0.0427072 -0.0065000 0.0815444
v 0.0425866 -0.0065000 0.0812080
v 0.0424124 -0.0065000 0.0810323
v 0.0421834 -0.0065000 0.0809180
v 0.0419174 -0.0065000 0.0809027
v 0.0416800 -0.0065000 0.0809720
v 0.0414843 -0.0065000 0.0811234
v 0.0413368 -0.0065000 0.0813553
v 0.0413016 -0.0065000 0.0817195
v 0.0414507 -0.0065000 0.0820439
v 0.0416634 -0.0065000 0.0822168
v 0.0419255 -0.0065000 0.0823023
v 0.0422255 -0.0065000 0.0822672
v 0.0424789 -0.0065000 0.0821181
v 0.0426474 -0.0065000 0.0818772
v 0.0413235 0.0100000 0.0813895
v 0.0415393 0.0100000 0.0810606
v 0.0418893 0.0100000 0.0809010
v 0.0422715 0.0100000 0.0809446
v 0.0425409 0.0100000 0.0811490
v 0.0426692 0.0100000 0.0813826
v 0.0427007 0.0100000 0.0817110
v 0.0425493 0.0100000 0.0820439
v 0.0422630 0.0100000 0.0822580
v 0.0419448 0.0100000 0.0823015
v 0.0416800 0.0100000 0.0822280
v 0.0414274 0.0100000 0.0820160
v 0.0413058 0.0100000 0.0817184
v 0.0413235 0.0100000 0.0813895
v 0.0415393 0.0100000 0.0810606
v 0.0418893 0.0100000 0.0809010
v 0.0422715 0.0100000 0.0809446
v 0.0425409 0.0100000 0.0811490
v 0.0426692 0.0100000 0.0813826
v 0.0427007 0.0100000 0.0817110
v 0.0425493 0.0100000 0.0820439
v 0.0422630 0.0100000 0.0822580
v 0.0419448 0.0100000 0.0823015
v 0.0416800 0.0100000 0.0822280
v 0.0414274 0.0100000 0.0820160
v 0.0413058 0.0100000 0.0817184
v 0.0421105 0.0100011 0.0803250
v 0.0417110 0.0100006 0.0803585
v 0.0412774 0.0100011 0.0805446
v 0.0410245 0.0100009 0.0807776
v 0.0408010 0.0100001 0.0811664
v 0.0407304 0.0100000 0.0816000
v 0.0407985 0.0100001 0.0820303
v 0.0411123 0.0100029 0.0825260
v 0.0413342 0.0100024 0.0826959
v 0.0417943 0.0100019 0.0828629
v 0.0422067 0.0100004 0.0828657
v 0.0427265 0.0100012 0.0826515
v 0.0429693 0.0100008 0.0824290
v 0.0432156 0.0100003 0.0819950
v 0.0432708 0.0100000 0.0815584
v 0.0431899 0.0100009 0.0811357
v 0.0429959 0.0100009 0.0807991
v 0.0428059 0.0100001 0.0806173
v 0.0424955 0.0100000 0.0804257
v 0.0420662 0.0108614 0.0802831
v 0.0423219 0.0108705 0.0803301
v 0.0425981 0.0108534 0.0804141
v 0.0427525 0.0108972 0.0805660
v 0.0429634 0.0108610 0.0807006
v 0.0431552 0.0108824 0.0810077
v 0.0432712 0.0108975 0.0814884
v 0.0432754 0.0108702 0.0819083
v 0.0427284 0.0108739 0.0826854
v 0.0423380 0.0108854 0.0828478
v 0.0419499 0.0108684 0.0829111
v 0.0418927 0.0107222 0.0830298
v 0.0418769 0.0105295 0.0830959
v 0.0419415 0.0103571 0.0830947
v 0.0420691 0.0102295 0.0830570
v 0.0419964 0.0104552 0.0800947
v 0.0419396 0.0102933 0.0801212
v 0.0421005 0.0101584 0.0801804
v 0.0419526 0.0106343 0.0801300
v 0.0422278 0.0107238 0.0801870
v 0.0422414 0.0105840 0.0801310
v 0.0424395 0.0107321 0.0802404
v 0.0421888 0.0103755 0.0801113
v 0.0427480 0.0106906 0.0803565
v 0.0425726 0.0105443 0.0802177
v 0.0423958 0.0103710 0.0801548
v 0.0429085 0.0107542 0.0805193
v 0.0426281 0.0104054 0.0802372
v 0.0424403 0.0101918 0.0802283
v 0.0422711 0.0101051 0.0802450
v 0.0428408 0.0104839 0.0803539
v 0.0426583 0.0102526 0.0802877
v 0.0430332 0.0106476 0.0805550
v 0.0431331 0.0107870 0.0807983
v 0.0426023 0.0100817 0.0803731
v 0.0428655 0.0102722 0.0804039
v 0.0430124 0.0104361 0.0804895
v 0.0431390 0.0105373 0.0806282
v 0.0432093 0.0106526 0.0807751
v 0.0430475 0.0102862 0.0805557
v 0.0433064 0.0106933 0.0809776
v 0.0429515 0.0101189 0.0805755
v 0.0433406 0.0107592 0.0811614
v 0.0432094 0.0103502 0.0807186
v 0.0433282 0.0105289 0.0809053
v 0.0433536 0.0107993 0.0813434
v 0.0434489 0.0105633 0.0812383
v 0.0433313 0.0103074 0.0809365
v 0.0432202 0.0101794 0.0808472
v 0.0434139 0.0104732 0.0810934
v 0.0433946 0.0107788 0.0815469
v 0.0434829 0.0105712 0.0814208
v 0.0432348 0.0101193 0.0809471
v 0.0434338 0.0103111 0.0812076
v 0.0434116 0.0107308 0.0818262
v 0.0434806 0.0105972 0.0816997
v 0.0434877 0.0103341 0.0814753
v 0.0433354 0.0100977 0.0812470
v 0.0434992 0.0104622 0.0817277
v 0.0434204 0.0101604 0.0814760
v 0.0433463 0.0107098 0.0821081
v 0.0431607 0.0108667 0.0822199
v 0.0434245 0.0105081 0.0820802
v 0.0434712 0.0103210 0.0818495
v 0.0432026 0.0107456 0.0823503
v 0.0433756 0.0100970 0.0817042
v 0.0432606 0.0106322 0.0823640
v 0.0430011 0.0108539 0.0824743
v 0.0433867 0.0101882 0.0819814
v 0.0433165 0.0104885 0.0823253
v 0.0433748 0.0103213 0.0821728
v 0.0433037 0.0100619 0.0819268
v 0.0430653 0.0106837 0.0825847
v 0.0429177 0.0107518 0.0826760
v 0.0432835 0.0102156 0.0822788
v 0.0431772 0.0104694 0.0825335
v 0.0430591 0.0105162 0.0826632
v 0.0431905 0.0102881 0.0824829
v 0.0432574 0.0101049 0.0821745
v 0.0429149 0.0106066 0.0827630
v 0.0426514 0.0107299 0.0828737
v 0.0431094 0.0100893 0.0824073
v 0.0430101 0.0103376 0.0826978
v 0.0427666 0.0105487 0.0828839
v 0.0428474 0.0103312 0.0828291
v 0.0429652 0.0101562 0.0826422
v 0.0423832 0.0107602 0.0829542
v 0.0426634 0.0104511 0.0829497
v 0.0425135 0.0106013 0.0829893
v 0.0421798 0.0107751 0.0829865
v 0.0427422 0.0101423 0.0828002
v 0.0426198 0.0102928 0.0829447
v 0.0422237 0.0106335 0.0830553
v 0.0423970 0.0104838 0.0830496
v 0.0421778 0.0104760 0.0830937
v 0.0423284 0.0102899 0.0830455
v 0.0424433 0.0101748 0.0829599
v 0.0424222 0.0100578 0.0828775
v 0.0421249 0.0101087 0.0829804
v 0.0415821 0.0108778 0.0828296
v 0.0413079 0.0108796 0.0826965
v 0.0411406 0.0108472 0.0826239
v 0.0408841 0.0108749 0.0822833
v 0.0407205 0.0108823 0.0818174
v 0.0407274 0.0108793 0.0813384
v 0.0408030 0.0108430 0.0809947
v 0.0408947 0.0108278 0.0808130
v 0.0410511 0.0108610 0.0806795
v 0.0413695 0.0108678 0.0804469
v 0.0417410 0.0108735 0.0803187
v 0.0417292 0.0107956 0.0829543
v 0.0416235 0.0107265 0.0829809
v 0.0413734 0.0107806 0.0828451
v 0.0415929 0.0105152 0.0830431
v 0.0414376 0.0106437 0.0829562
v 0.0417124 0.0103423 0.0830648
v 0.0418442 0.0101625 0.0830153
v 0.0411318 0.0106736 0.0827715
v 0.0413646 0.0104884 0.0829617
v 0.0414969 0.0103309 0.0830028
v 0.0416246 0.0101626 0.0829735
v 0.0411827 0.0105032 0.0828614
v 0.0409455 0.0107683 0.0825252
v 0.0412871 0.0102827 0.0828952
v 0.0414983 0.0101101 0.0828990
v 0.0408735 0.0106061 0.0825622
v 0.0409224 0.0104702 0.0826515
v 0.0410715 0.0103609 0.0827742
v 0.0407964 0.0106859 0.0824083
v 0.0407440 0.0107940 0.0821817
v 0.0411626 0.0101609 0.0827518
v 0.0409618 0.0102397 0.0826351
v 0.0406362 0.0106926 0.0820917
v 0.0407130 0.0105232 0.0823718
v 0.0407568 0.0103423 0.0824262
v 0.0406002 0.0107553 0.0817935
v 0.0405958 0.0105152 0.0821256
v 0.0407654 0.0101990 0.0823487
v 0.0408819 0.0100871 0.0823916
v 0.0406233 0.0103475 0.0821837
v 0.0405420 0.0105893 0.0818811
v 0.0406077 0.0107823 0.0815643
v 0.0405276 0.0104101 0.0819000
v 0.0406301 0.0102324 0.0821028
v 0.0407224 0.0100782 0.0820785
v 0.0405005 0.0105373 0.0816243
v 0.0406615 0.0108030 0.0812831
v 0.0405530 0.0106643 0.0814049
v 0.0405679 0.0102280 0.0818726
v 0.0405252 0.0102674 0.0816688
v 0.0406082 0.0106667 0.0811561
v 0.0405052 0.0104244 0.0814272
v 0.0406464 0.0100748 0.0817080
v 0.0405525 0.0104736 0.0811955
v 0.0405754 0.0101945 0.0813580
v 0.0407334 0.0106859 0.0808945
v 0.0406522 0.0105392 0.0809461
v 0.0405962 0.0102971 0.0811171
v 0.0406722 0.0100662 0.0813439
v 0.0408848 0.0106637 0.0806539
v 0.0406896 0.0104052 0.0808659
v 0.0407029 0.0101201 0.0810871
v 0.0408109 0.0104146 0.0806786
v 0.0407324 0.0102164 0.0808888
v 0.0410586 0.0106911 0.0804977
v 0.0408991 0.0105152 0.0805821
v 0.0412161 0.0107620 0.0804329
v 0.0408889 0.0102347 0.0806519
v 0.0408433 0.0100719 0.0808972
v 0.0412520 0.0106223 0.0803256
v 0.0410671 0.0104921 0.0804229
v 0.0409930 0.0103144 0.0805060
v 0.0414717 0.0107662 0.0802998
v 0.0409415 0.0101252 0.0806866
v 0.0411554 0.0103285 0.0803704
v 0.0413264 0.0104500 0.0802541
v 0.0415850 0.0106239 0.0801808
v 0.0418151 0.0107706 0.0802085
v 0.0411244 0.0101403 0.0804968
v 0.0415965 0.0105128 0.0801558
v 0.0414071 0.0102773 0.0802481
v 0.0413387 0.0101461 0.0803499
v 0.0416455 0.0103281 0.0801505
v 0.0417513 0.0104701 0.0801146
v 0.0416001 0.0101911 0.0802190
v 0.0415757 0.0100700 0.0803152
v 0.0418311 0.0101373 0.0802019
v 0.0418239 0.0111277 0.0824404
v 0.0418426 0.0110069 0.0826979
v 0.0414386 0.0112222 0.0817758
v 0.0416122 0.0112541 0.0818296
v 0.0417513 0.0112573 0.0819571
v 0.0418209 0.0112303 0.0821320
v 0.0409147 0.0110127 0.0814238
v 0.0409055 0.0110043 0.0817686
v 0.0418203 0.0112340 0.0810835
v 0.0417149 0.0112605 0.0812910
v 0.0415000 0.0112380 0.0814184
v 0.0418251 0.0110049 0.0805114
v 0.0418234 0.0111318 0.0807654
v 0.0413781 0.0110861 0.0823367
v 0.0414042 0.0111751 0.0820485
v 0.0415467 0.0110230 0.0825759
v 0.0411521 0.0111258 0.0817762
v 0.0410216 0.0110212 0.0820497
v 0.0415449 0.0112009 0.0811180
v 0.0411187 0.0110766 0.0811760
v 0.0413412 0.0110842 0.0808963
v 0.0415467 0.0110230 0.0806242
v 0.0421758 0.0110050 0.0826867
v 0.0421678 0.0110047 0.0805064
v 0.0421762 0.0111437 0.0807961
v 0.0425287 0.0112295 0.0814204
v 0.0423552 0.0112577 0.0813504
v 0.0421926 0.0112461 0.0811471
v 0.0430999 0.0110037 0.0814281
v 0.0427783 0.0111547 0.0814232
v 0.0430851 0.0110088 0.0817763
v 0.0427785 0.0111524 0.0817763
v 0.0421770 0.0112279 0.0821412
v 0.0422524 0.0112584 0.0819514
v 0.0423798 0.0112545 0.0818360
v 0.0425170 0.0112347 0.0817821
v 0.0421768 0.0111198 0.0824633
v 0.0424267 0.0109976 0.0826320
v 0.0426067 0.0111244 0.0822389
v 0.0429826 0.0110142 0.0820847
v 0.0425654 0.0111874 0.0811734
v 0.0424601 0.0111672 0.0809850
v 0.0428848 0.0110175 0.0809610
v 0.0424171 0.0110627 0.0806890
v 0.0418426 0.0110069 0.0826979
v 0.0421758 0.0110050 0.0826867
v 0.0418240 0.0106500 0.0826866
v 0.0421710 0.0106500 0.0826973
v 0.0421758 0.0110050 0.0826867
v 0.0421710 0.0106500 0.0826973
v 0.0430851 0.0110088 0.0817763
v 0.0427785 0.0111524 0.0817763
v 0.0421770 0.0112279 0.0821412
v 0.0422524 0.0112584 0.0819514
v 0.0423798 0.0112545 0.0818360
v 0.0425170 0.0112347 0.0817821
v 0.0421768 0.0111198 0.0824633
v 0.0430999 0.0106500 0.0817695
v 0.0425338 0.0106500 0.0817786
v 0.0423634 0.0106500 0.0818443
v 0.0422271 0.0106500 0.0819910
v 0.0421775 0.0106500 0.0821502
v 0.0418240 0.0106500 0.0826866
v 0.0421710 0.0106500 0.0826973
v 0.0418182 0.0106500 0.0821036
v 0.0416833 0.0106500 0.0818736
v 0.0414676 0.0106500 0.0817787
v 0.0409123 0.0106500 0.0817759
v 0.0409058 0.0106500 0.0814265
v 0.0414666 0.0106500 0.0814215
v 0.0416821 0.0106500 0.0813274
v 0.0418182 0.0106500 0.0810969
v 0.0418241 0.0106500 0.0805129
v 0.0421722 0.0106500 0.0805043
v 0.0421816 0.0106500 0.0810953
v 0.0422844 0.0106500 0.0812883
v 0.0424863 0.0106500 0.0814159
v 0.0430858 0.0106500 0.0814240
v 0.0430999 0.0106500 0.0817695
v 0.0425338 0.0106500 0.0817786
v 0.0423634 0.0106500 0.0818443
v 0.0422271 0.0106500 0.0819910
v 0.0421775 0.0106500 0.0821502
v 0.0418239 0.0111277 0.0824404
v 0.0418426 0.0110069 0.0826979
v 0.0414386 0.0112222 0.0817758
v 0.0416122 0.0112541 0.0818296
v 0.0417513 0.0112573 0.0819571
v 0.0418209 0.0112303 0.0821320
v 0.0409055 0.0110043 0.0817686
v 0.0411521 0.0111258 0.0817762
v 0.0418240 0.0106500 0.0826866
v 0.0418182 0.0106500 0.0821036
v 0.0416833 0.0106500 0.0818736
v 0.0414676 0.0106500 0.0817787
v 0.0409123 0.0106500 0.0817759
v 0.0409147 0.0110127 0.0814238
v 0.0409055 0.0110043 0.0817686
v 0.0409123 0.0106500 0.0817759
v 0.0409058 0.0106500 0.0814265
v 0.0409147 0.0110127 0.0814238
v 0.0418203 0.0112340 0.0810835
v 0.0417149 0.0112605 0.0812910
v 0.0415000 0.0112380 0.0814184
v 0.0418251 0.0110049 0.0805114
v 0.0418234 0.0111318 0.0807654
v 0.0409058 0.0106500 0.0814265
v 0.0414666 0.0106500 0.0814215
v 0.0416821 0.0106500 0.0813274
v 0.0418182 0.0106500 0.0810969
v 0.0418241 0.0106500 0.0805129
v 0.0418251 0.0110049 0.0805114
v 0.0421678 0.0110047 0.0805064
v 0.0418241 0.0106500 0.0805129
v 0.0421722 0.0106500 0.0805043
v 0.0421678 0.0110047 0.0805064
v 0.0421762 0.0111437 0.0807961
v 0.0425287 0.0112295 0.0814204
v 0.0423552 0.0112577 0.0813504
v 0.0421926 0.0112461 0.0811471
v 0.0430999 0.0110037 0.0814281
v 0.0427783 0.0111547 0.0814232
v 0.0421722 0.0106500 0.0805043
v 0.0421816 0.0106500 0.0810953
v 0.0422844 0.0106500 0.0812883
v 0.0424863 0.0106500 0.0814159
v 0.0430858 0.0106500 0.0814240
v 0.0430999 0.0110037 0.0814281
v 0.0430851 0.0110088 0.0817763
v 0.0430858 0.0106500 0.0814240
v 0.0430999 0.0106500 0.0817695
vn 0.000031 -1.000000 0.000063
vn -0.000029 -1.000000 0.000055
vn 0.000029 -1.000000 0.000275
vn -0.000129 -1.000000 -0.000047
vn -0.000037 -1.000000 -0.000037
vn 0.000011 -1.000000 -0.000005
vn 0.000021 -1.000000 0.000027
vn 0.000076 -1.000000 0.000063
vn 0.000115 -1.000000 0.000136
vn -0.000190 -1.000000 -0.000000
vn 0.000101 -1.000000 0.000019
vn 0.000040 -1.000000 0.000035
vn 0.000279 -1.000000 -0.000275
vn -0.083489 -0.698867 0.710362
vn 0.190200 -0.720528 0.666831
vn 0.407943 -0.718764 0.562993
vn 0.597415 -0.716634 0.359905
vn 0.693487 -0.719704 0.033188
vn 0.644231 -0.716831 -0.266681
vn 0.474788 -0.706340 -0.525034
vn 0.192818 -0.714052 -0.673016
vn -0.206595 -0.722977 -0.659260
vn -0.547883 -0.728095 -0.411950
vn -0.681755 -0.729744 -0.051801
vn -0.604101 -0.724525 0.331852
vn -0.353631 -0.721906 0.594808
vn 0.108363 -0.703944 0.701940
vn -0.031793 -0.709835 -0.703650
vn -0.341554 -0.718759 -0.605579
vn -0.521364 -0.705079 -0.480669
vn -0.645253 -0.718227 -0.260384
vn -0.712882 -0.696336 -0.083159
vn -0.681895 -0.721459 0.120481
vn -0.630443 -0.698337 0.338920
vn -0.463738 -0.712574 0.526484
vn -0.230389 -0.696821 0.679236
vn 0.378236 -0.705286 0.599591
vn 0.549753 -0.699671 0.456324
vn 0.669361 -0.711377 0.214239
vn 0.707876 -0.704836 -0.046014
vn 0.663440 -0.704450 -0.252185
vn 0.534888 -0.701074 -0.471583
vn 0.277578 -0.694007 -0.664308
vn 0.147034 -0.005533 0.989116
vn -0.067026 -0.003820 -0.997744
vn -0.454270 -0.003619 -0.890857
vn -0.751880 -0.002861 -0.659294
vn -0.922758 -0.002024 -0.385375
vn -0.993728 -0.002066 -0.111806
vn -0.986272 -0.001737 0.165122
vn -0.877791 -0.000740 0.479043
vn -0.654225 -0.002304 0.756296
vn -0.318249 -0.005357 0.947992
vn 0.532395 -0.003640 0.846488
vn 0.780624 -0.003133 0.624993
vn 0.951001 -0.003786 0.309166
vn 0.999049 -0.000734 -0.043587
vn 0.933079 0.000670 -0.359671
vn 0.741837 -0.001453 -0.670578
vn 0.376636 -0.002704 -0.926357
vn -0.093098 0.005625 0.995641
vn 0.047975 0.002653 -0.998845
vn 0.421160 0.000973 -0.906986
vn 0.734682 0.000394 -0.678412
vn 0.929546 0.001089 -0.368704
vn 0.999198 0.002899 0.039941
vn 0.893089 0.003850 0.449864
vn 0.672636 0.003184 0.739967
vn 0.338946 0.004691 0.940794
vn -0.533922 0.005101 0.845519
vn -0.881076 0.004272 0.472956
vn -0.999605 0.003009 0.027932
vn -0.951635 0.001880 -0.307226
vn -0.813694 0.002057 -0.581290
vn -0.588030 0.002811 -0.808834
vn -0.295125 0.003182 -0.955454
vn 0.000000 1.000000 0.000000
vn 0.000000 1.000000 0.000000
vn 0.000000 1.000000 0.000000
vn 0.000000 1.000000 0.000000
vn 0.000000 1.000000 0.000000
vn 0.000000 1.000000 0.000000
vn 0.000000 1.000000 0.000000
vn 0.000000 1.000000 0.000000
vn 0.000000 1.000000 0.000000
vn 0.000000 1.000000 0.000000
vn 0.000000 1.000000 0.000000
vn 0.000000 1.000000 0.000000
vn 0.000000 1.000000 0.000000
vn 0.000000 1.000000 0.000000
vn 0.000000 1.000000 0.000000
vn 0.000000 1.000000 0.000000
vn 0.000000 1.000000 0.000000
vn 0.000000 1.000000 0.000000
vn 0.000000 1.000000 0.000000
vn 0.000000 1.000000 0.000000
vn 0.000000 1.000000 0.000000
vn 0.000000 1.000000 0.000000
vn 0.000000 1.000000 0.000000
vn 0.000000 1.000000 0.000000
vn 0.000000 1.000000 0.000000
vn 0.000000 1.000000 0.000000
vn 0.000000 1.000000 0.000000
vn 0.000000 1.000000 0.000000
vn 0.000000 1.000000 0.000000
vn 0.000000 1.000000 0.000000
vn 0.000000 1.000000 0.000000
vn 0.996532 -0.001296 -0.083204
vn 0.845779 -0.000858 -0.533532
vn 0.586216 -0.000744 -0.810154
vn 0.256891 -0.000473 -0.966440
vn -0.112827 -0.000295 -0.993615
vn -0.453940 -0.000773 -0.891032
vn -0.739219 -0.000102 -0.673465
vn -0.945431 0.000083 -0.325821
vn -0.986029 -0.000601 0.166571
vn -0.790089 -0.000241 0.612992
vn -0.478586 -0.000118 0.878041
vn -0.099065 -0.000022 0.995081
vn 0.318151 -0.000193 0.948040
vn 0.678716 -0.000799 0.734400
vn 0.923310 -0.001166 0.384054
vn -0.950117 0.000361 -0.311893
vn -0.651232 0.000932 -0.758878
vn -0.156321 0.001201 -0.987706
vn 0.372183 0.000990 -0.928159
vn 0.757001 0.000830 -0.653413
vn 0.955585 0.001038 -0.294715
vn 0.986297 0.001321 0.164974
vn 0.778923 0.001165 0.627118
vn 0.378962 0.000476 0.925412
vn -0.067130 0.000124 0.997744
vn -0.465822 0.000376 0.884878
vn -0.807928 0.000327 0.589281
vn -0.986068 0.000260 0.166343
vn -0.000291 -1.000000 -0.000604
vn -0.001085 -0.999999 -0.001111
vn 0.000071 -0.999999 -0.001366
vn -0.000273 -1.000000 -0.000838
vn 0.001077 -0.999999 -0.000297
vn 0.000801 -0.999999 -0.000789
vn 0.000241 -1.000000 0.000183
vn 0.000657 -0.999999 0.001203
vn 0.000943 -0.999999 0.001068
vn -0.001039 -0.999997 0.002098
vn -0.002049 -0.999993 0.003203
vn -0.001338 -0.999995 0.002813
vn -0.000122 -1.000000 0.000065
vn 0.031805 -0.908428 -0.416830
vn -0.078984 -0.918289 -0.387951
vn -0.237957 -0.907544 -0.346034
vn -0.302599 -0.915012 -0.266807
vn -0.368188 -0.919378 -0.138496
vn -0.373921 -0.927456 -0.002882
vn -0.359999 -0.923965 0.129188
vn -0.311512 -0.895782 0.317072
vn -0.220904 -0.904392 0.365070
vn -0.067153 -0.905557 0.418876
vn 0.060319 -0.910735 0.408563
vn 0.239954 -0.908245 0.342801
vn 0.300495 -0.915670 0.266929
vn 0.375431 -0.917653 0.130249
vn 0.394545 -0.918663 -0.019821
vn 0.371168 -0.916677 -0.148117
vn 0.335271 -0.905586 -0.259824
vn 0.239751 -0.921090 -0.306778
vn 0.134700 -0.915891 -0.378154
vn 0.025386 0.735661 -0.676874
vn 0.165772 0.752510 -0.637376
vn 0.306884 0.724688 -0.616968
vn 0.363514 0.786531 -0.499226
vn 0.494797 0.737884 -0.459024
vn 0.584647 0.758899 -0.286811
vn 0.617616 0.784789 -0.051539
vn 0.651063 0.742547 0.157294
vn 0.361289 0.760750 0.539194
vn 0.171123 0.769012 0.615903
vn -0.014612 0.753384 0.657419
vn -0.058135 0.476896 0.877035
vn -0.085510 0.155280 0.984163
vn -0.035107 -0.174358 0.984056
vn 0.053654 -0.375616 0.925221
vn -0.008125 0.018379 -0.999798
vn -0.050747 -0.281483 -0.958223
vn 0.062827 -0.513973 -0.855503
vn -0.029081 0.341785 -0.939328
vn 0.121725 0.510886 -0.850987
vn 0.165369 0.224205 -0.960409
vn 0.273551 0.500012 -0.821680
vn 0.136010 -0.149657 -0.979339
vn 0.465106 0.430854 -0.773331
vn 0.368420 0.182483 -0.911574
vn 0.259567 -0.136183 -0.956075
vn 0.528451 0.565082 -0.633579
vn 0.421138 -0.088187 -0.902699
vn 0.264323 -0.454614 -0.850564
vn 0.167122 -0.641427 -0.748760
vn 0.558401 0.067261 -0.826840
vn 0.429008 -0.359826 -0.828539
vn 0.652195 0.355696 -0.669419
vn 0.645564 0.609459 -0.460224
vn 0.348046 -0.648774 -0.676724
vn 0.540463 -0.332250 -0.772988
vn 0.670394 -0.011501 -0.741916
vn 0.759081 0.137878 -0.636227
vn 0.767912 0.365403 -0.526110
vn 0.684004 -0.302307 -0.663890
vn 0.809836 0.446278 -0.380791
vn 0.549353 -0.590575 -0.591128
vn 0.790580 0.558034 -0.252154
vn 0.795240 -0.173319 -0.580993
vn 0.877710 0.131439 -0.460813
vn 0.766706 0.623331 -0.153691
vn 0.951239 0.201134 -0.233858
vn 0.872419 -0.254753 -0.417115
vn 0.727490 -0.486175 -0.484142
vn 0.941543 0.033892 -0.335183
vn 0.813206 0.581416 -0.025510
vn 0.968372 0.219075 -0.119424
vn 0.712926 -0.599973 -0.363001
vn 0.933877 -0.252309 -0.253406
vn 0.855646 0.496887 0.144822
vn 0.957118 0.281712 0.067557
vn 0.977988 -0.192226 -0.081172
vn 0.759137 -0.618821 -0.201919
vn 0.996195 0.018904 0.085082
vn 0.851822 -0.519295 -0.068791
vn 0.828759 0.465922 0.309960
vn 0.595184 0.740225 0.312767
vn 0.943657 0.118187 0.309101
vn 0.958001 -0.239634 0.157512
vn 0.706661 0.548615 0.446823
vn 0.780771 -0.621647 0.062868
vn 0.812585 0.316162 0.489640
vn 0.508544 0.734964 0.448565
vn 0.852115 -0.468613 0.233027
vn 0.877514 0.058194 0.476006
vn 0.900723 -0.222043 0.373355
vn 0.701520 -0.695078 0.157278
vn 0.677168 0.420917 0.603550
vn 0.536615 0.550866 0.639212
vn 0.799722 -0.418273 0.430689
vn 0.785537 0.044812 0.617189
vn 0.698431 0.116586 0.706117
vn 0.768313 -0.291704 0.569740
vn 0.699299 -0.636176 0.325976
vn 0.587796 0.277267 0.760012
vn 0.387963 0.517530 0.762658
vn 0.621859 -0.644329 0.445119
vn 0.663366 -0.200579 0.720911
vn 0.516997 0.178365 0.837198
vn 0.561886 -0.203721 0.801737
vn 0.573489 -0.535481 0.619976
vn 0.239862 0.556844 0.795231
vn 0.428158 -0.005039 0.903690
vn 0.331464 0.281578 0.900470
vn 0.093898 0.594670 0.798468
vn 0.436930 -0.553107 0.709341
vn 0.392034 -0.284439 0.874874
vn 0.137918 0.332306 0.933033
vn 0.273281 0.046015 0.960833
vn 0.107257 0.029229 0.993802
vn 0.207358 -0.283004 0.936435
vn 0.272099 -0.490404 0.827929
vn 0.234232 -0.717080 0.656453
vn 0.067980 -0.611899 0.788009
vn -0.208788 0.760531 0.614817
vn -0.336433 0.774514 0.535669
vn -0.453987 0.718499 0.526930
vn -0.552100 0.756915 0.349664
vn -0.634284 0.764739 0.113392
vn -0.615639 0.778551 -0.121846
vn -0.626079 0.716859 -0.306820
vn -0.585097 0.693652 -0.420129
vn -0.481117 0.739582 -0.470685
vn -0.319248 0.755137 -0.572580
vn -0.135051 0.761789 -0.633592
vn -0.147357 0.653045 0.742845
vn -0.232243 0.480851 0.845485
vn -0.365261 0.593456 0.717213
vn -0.258912 0.125293 0.957740
vn -0.366718 0.347477 0.863005
vn -0.187318 -0.195651 0.962618
vn -0.093522 -0.520796 0.848543
vn -0.549099 0.403748 0.731764
vn -0.425209 0.060124 0.903096
vn -0.331405 -0.221152 0.917203
vn -0.215578 -0.506568 0.834814
vn -0.538566 0.098364 0.836822
vn -0.609836 0.579003 0.541161
vn -0.456607 -0.297099 0.838595
vn -0.292165 -0.608918 0.737468
vn -0.721702 0.286602 0.630084
vn -0.715062 0.032715 0.698295
vn -0.606026 -0.166614 0.777799
vn -0.754505 0.439658 0.487260
vn -0.707521 0.629518 0.321125
vn -0.503756 -0.527048 0.684434
vn -0.658291 -0.392662 0.642238
vn -0.847234 0.435620 0.304024
vn -0.853743 0.133121 0.503391
vn -0.812745 -0.184873 0.552511
vn -0.836148 0.536700 0.113182
vn -0.928627 0.122409 0.350239
vn -0.766208 -0.449050 0.459650
vn -0.598787 -0.673569 0.433311
vn -0.905091 -0.173271 0.388313
vn -0.950631 0.254075 0.178176
vn -0.801224 0.598187 -0.014580
vn -0.977619 -0.072633 0.197445
vn -0.864951 -0.396740 0.307337
vn -0.711394 -0.650138 0.266907
vn -0.986473 0.162619 0.020630
vn -0.759072 0.623083 -0.188619
vn -0.921754 0.368304 -0.121331
vn -0.893476 -0.411402 0.180136
vn -0.946777 -0.320110 0.033819
vn -0.875249 0.392931 -0.282037
vn -0.991752 -0.046934 -0.119266
vn -0.742290 -0.667026 0.063886
vn -0.962570 0.048970 -0.266574
vn -0.888275 -0.437733 -0.139134
vn -0.787566 0.426377 -0.444908
vn -0.888854 0.153493 -0.431716
vn -0.911396 -0.263716 -0.315928
vn -0.701006 -0.702257 -0.124201
vn -0.711804 0.384954 -0.587490
vn -0.869207 -0.090638 -0.486069
vn -0.752947 -0.587298 -0.296904
vn -0.797680 -0.049525 -0.601044
vn -0.791886 -0.410078 -0.452495
vn -0.591654 0.434918 -0.678816
vn -0.730125 0.119349 -0.672810
vn -0.456627 0.577229 -0.676977
vn -0.709231 -0.375823 -0.596446
vn -0.620765 -0.688023 -0.375866
vn -0.474087 0.308058 -0.824828
vn -0.622243 0.084091 -0.778294
vn -0.656521 -0.241833 -0.714491
vn -0.305530 0.570128 -0.762631
vn -0.599834 -0.599607 -0.529784
vn -0.548673 -0.230337 -0.803681
vn -0.438566 0.008238 -0.898661
vn -0.269306 0.331363 -0.904253
vn -0.103961 0.564051 -0.819169
vn -0.518432 -0.559644 -0.646550
vn -0.292060 0.082912 -0.952799
vn -0.381846 -0.301057 -0.873818
vn -0.396687 -0.551982 -0.733454
vn -0.229760 -0.222447 -0.947485
vn -0.145644 0.036891 -0.988649
vn -0.242250 -0.470622 -0.848428
vn -0.239537 -0.687848 -0.685191
vn -0.096662 -0.567286 -0.817828
vn -0.151478 0.918874 0.364314
vn -0.086359 0.848840 0.521548
vn -0.268177 0.954443 0.130844
vn -0.198146 0.966950 0.160455
vn -0.175284 0.963857 0.200638
vn -0.168847 0.948398 0.268388
vn -0.514080 0.852896 -0.091048
vn -0.516198 0.851938 0.087983
vn -0.147547 0.953325 -0.263443
vn -0.166050 0.971160 -0.171104
vn -0.272699 0.952617 -0.134745
vn -0.085998 0.852183 -0.516128
vn -0.156428 0.917673 -0.365249
vn -0.287994 0.897706 0.333442
vn -0.269915 0.940313 0.207262
vn -0.206006 0.873729 0.440635
vn -0.379505 0.913650 0.145671
vn -0.441731 0.871483 0.213052
vn -0.215185 0.949804 -0.227084
vn -0.399806 0.897127 -0.187932
vn -0.303562 0.895621 -0.325137
vn -0.211669 0.873172 -0.439053
vn 0.079414 0.846617 0.526244
vn 0.088900 0.853504 -0.513447
vn 0.125129 0.924802 -0.359282
vn 0.249219 0.960121 -0.126720
vn 0.184783 0.968289 -0.168141
vn 0.144909 0.962486 -0.229395
vn 0.505950 0.854324 -0.118932
vn 0.365549 0.916702 -0.161342
vn 0.506435 0.857046 0.094846
vn 0.349688 0.923019 0.160485
vn 0.167839 0.948823 0.267515
vn 0.195637 0.958326 0.208176
vn 0.219741 0.952729 0.209811
vn 0.253423 0.950197 0.181393
vn 0.158300 0.912190 0.377956
vn 0.206806 0.866167 0.454957
vn 0.277049 0.915137 0.292861
vn 0.433122 0.872478 0.226245
vn 0.264957 0.944634 -0.193555
vn 0.213855 0.933278 -0.288544
vn 0.391170 0.874665 -0.286263
vn 0.208048 0.885353 -0.415773
vn -0.002143 -0.000219 -0.999998
vn -0.033983 -0.029518 -0.998986
vn 0.030720 0.030019 -0.999077
vn -0.000214 0.001557 -0.999999
vn -0.999902 0.013703 0.002805
vn -0.999934 0.008455 -0.007733
vn -0.008940 0.007338 -0.999933
vn -0.010609 0.000510 -0.999944
vn -0.977299 0.006511 -0.211767
vn -0.815301 0.008955 -0.578968
vn -0.532127 0.002859 -0.846660
vn -0.224813 0.000408 -0.974402
vn -0.999980 0.004810 -0.004017
vn -0.016078 0.018306 -0.999703
vn -0.185757 0.001208 -0.982595
vn -0.558225 -0.007470 -0.829656
vn -0.866612 -0.007369 -0.498928
vn -0.988255 -0.000819 -0.152813
vn 0.000000 1.000000 0.000000
vn 0.000000 1.000000 0.000000
vn 0.000000 1.000000 0.000000
vn 0.000000 1.000000 0.000000
vn 0.000000 1.000000 0.000000
vn 0.000000 1.000000 0.000000
vn 0.000000 1.000000 0.000000
vn 0.000000 1.000000 0.000000
vn 0.000000 1.000000 0.000000
vn 0.000000 1.000000 0.000000
vn 0.000000 1.000000 0.000000
vn 0.000000 1.000000 0.000000
vn 0.000000 1.000000 0.000000
vn 0.000000 1.000000 0.000000
vn 0.000000 1.000000 0.000000
vn 0.000000 1.000000 0.000000
vn 0.000000 1.000000 0.000000
vn 0.000000 1.000000 0.000000
vn 0.000000 1.000000 0.000000
vn 0.000000 1.000000 0.000000
vn 0.000000 1.000000 0.000000
vn 0.999483 -0.014050 -0.028915
vn 0.994281 -0.048682 -0.095054
vn 0.168652 0.003517 -0.985669
vn 0.504728 0.014216 -0.863161
vn 0.820473 0.013692 -0.571522
vn 0.976598 0.006028 -0.214990
vn 0.040404 -0.019643 -0.998990
vn 0.010496 -0.007081 -0.999920
vn 0.999139 -0.018759 -0.037011
vn 0.965451 -0.012540 -0.260281
vn 0.663051 -0.019156 -0.748329
vn 0.203086 -0.008789 -0.979121
vn 0.015862 -0.007274 -0.999848
vn 0.999366 -0.024275 0.026029
vn 0.999986 -0.003270 0.004278
vn 0.999652 0.018770 -0.018544
vn 0.999992 -0.002379 0.003356
vn 0.008213 0.005965 0.999948
vn 0.963718 0.002530 0.266911
vn 0.731667 0.012303 0.681551
vn 0.301966 0.011008 0.953255
vn 0.999962 -0.002956 0.008150
vn 0.999944 -0.003537 0.010011
vn 0.008902 0.007013 0.999936
vn 0.201153 -0.005846 0.979542
vn 0.662847 -0.012062 0.748658
vn 0.964238 -0.007510 0.264932
vn 0.999948 -0.003659 0.009492
vn 0.019612 -0.000720 0.999807
vn 0.014609 -0.005614 0.999878
vn 0.024733 0.004291 0.999685
vn 0.019784 -0.000551 0.999804
vn -0.999304 -0.012681 0.035071
vn -0.999502 0.003537 0.031358
vn -0.213424 0.008178 0.976925
vn -0.601529 0.018121 0.798646
vn -0.924487 0.016407 0.380861
vn -0.015257 -0.007864 0.999853
vn -0.015553 -0.005437 0.999864
vn -0.999737 -0.005148 0.022331
vn -0.970121 -0.009292 0.242443
vn -0.732858 -0.017907 0.680145
vn -0.280142 -0.012308 0.959880
vn -0.013395 -0.011093 0.999849
vn -0.999998 -0.001634 -0.001518
vn -0.998302 -0.040537 -0.041826
vn -0.998399 0.039199 0.040787
vn -1.000000 -0.000259 -0.000093
f 978//978 980//980 979//979
f 989//989 978//978 990//990
f 989//989 988//988 987//987
f 989//989 986//986 985//985
f 989//989 985//985 984//984
f 989//989 987//987 986//986
f 989//989 982//982 978//978
f 989//989 983//983 982//982
f 978//978 981//981 980//980
f 978//978 982//982 981//981
f 989//989 984//984 983//983
f 1017//1017 1016//1016 995//995
f 1015//1015 1014//1014 993//993
f 1015//1015 993//993 994//994
f 1016//1016 1015//1015 994//994
f 1016//1016 994//994 995//995
f 1017//1017 995//995 996//996
f 1020//1020 997//997 998//998
f 1019//1019 1018//1018 996//996
f 1019//1019 996//996 997//997
f 997//997 1020//1020 1019//1019
f 1014//1014 992//992 993//993
f 998//998 999//999 1005//1005
f 1018//1018 1017//1017 996//996
f 1014//1014 1004//1004 992//992
f 998//998 1005//1005 1020//1020
f 991//991 1004//1004 1013//1013
f 992//992 1004//1004 991//991
f 1006//1006 1005//1005 999//999
f 1006//1006 999//999 1000//1000
f 1007//1007 1006//1006 1000//1000
f 1008//1008 1000//1000 1001//1001
f 1009//1009 1008//1008 1001//1001
f 1008//1008 1007//1007 1000//1000
f 1010//1010 1001//1001 1002//1002
f 1011//1011 1010//1010 1002//1002
f 1012//1012 1011//1011 1002//1002
f 1012//1012 1002//1002 1003//1003
f 1013//1013 1012//1012 1003//1003
f 1013//1013 1003//1003 991//991
f 1010//1010 1009//1009 1001//1001
f 1025//1025 1026//1026 1050//1050
f 1023//1023 1024//1024 1052//1052
f 1024//1024 1051//1051 1052//1052
f 1024//1024 1025//1025 1051//1051
f 1025//1025 1050//1050 1051//1051
f 1026//1026 1049//1049 1050//1050
f 1030//1030 1038//1038 1047//1047
f 1027//1027 1048//1048 1049//1049
f 1027//1027 1028//1028 1048//1048
f 1028//1028 1029//1029 1048//1048
f 1029//1029 1047//1047 1048//1048
f 1029//1029 1030//1030 1047//1047
f 1023//1023 1052//1052 1053//1053
f 1030//1030 1021//1021 1038//1038
f 1026//1026 1027//1027 1049//1049
f 1022//1022 1023//1023 1053//1053
f 1031//1031 1032//1032 1045//1045
f 1021//1021 1046//1046 1038//1038
f 1037//1037 1039//1039 1040//1040
f 1037//1037 1022//1022 1039//1039
f 1036//1036 1037//1037 1040//1040
f 1022//1022 1053//1053 1039//1039
f 1036//1036 1041//1041 1042//1042
f 1035//1035 1036//1036 1042//1042
f 1035//1035 1042//1042 1043//1043
f 1036//1036 1040//1040 1041//1041
f 1033//1033 1034//1034 1043//1043
f 1033//1033 1043//1043 1044//1044
f 1032//1032 1033//1033 1044//1044
f 1032//1032 1044//1044 1045//1045
f 1031//1031 1045//1045 1046//1046
f 1021//1021 1031//1031 1046//1046
f 1034//1034 1035//1035 1043//1043
f 1059//1059 1070//1070 1084//1084
f 1061//1061 1060//1060 1083//1083
f 1061//1061 1083//1083 1062//1062
f 1060//1060 1084//1084 1083//1083
f 1062//1062 1083//1083 1082//1082
f 1060//1060 1059//1059 1084//1084
f 1062//1062 1082//1082 1054//1054
f 1075//1075 1068//1068 1076//1076
f 1059//1059 1058//1058 1070//1070
f 1076//1076 1068//1068 1067//1067
f 1077//1077 1076//1076 1067//1067
f 1075//1075 1069//1069 1068//1068
f 1077//1077 1067//1067 1066//1066
f 1054//1054 1082//1082 1081//1081
f 1077//1077 1066//1066 1065//1065
f 1078//1078 1077//1077 1065//1065
f 1074//1074 1055//1055 1069//1069
f 1073//1073 1055//1055 1074//1074
f 1078//1078 1065//1065 1064//1064
f 1074//1074 1069//1069 1075//1075
f 1079//1079 1078//1078 1064//1064
f 1072//1072 1056//1056 1073//1073
f 1072//1072 1057//1057 1056//1056
f 1063//1063 1079//1079 1064//1064
f 1071//1071 1057//1057 1072//1072
f 1063//1063 1080//1080 1079//1079
f 1058//1058 1057//1057 1071//1071
f 1058//1058 1071//1071 1070//1070
f 1063//1063 1081//1081 1080//1080
f 1054//1054 1081//1081 1063//1063
f 1073//1073 1056//1056 1055//1055
f 1099//1099 1106//1106 1107//1107
f 1098//1098 1099//1099 1107//1107
f 1098//1098 1107//1107 1108//1108
f 1097//1097 1098//1098 1108//1108
f 1096//1096 1108//1108 1109//1109
f 1093//1093 1111//1111 1112//1112
f 1095//1095 1096//1096 1110//1110
f 1094//1094 1110//1110 1111//1111
f 1094//1094 1095//1095 1110//1110
f 1093//1093 1094//1094 1111//1111
f 1099//1099 1085//1085 1106//1106
f 1096//1096 1109//1109 1110//1110
f 1085//1085 1105//1105 1106//1106
f 1096//1096 1097//1097 1108//1108
f 1086//1086 1104//1104 1105//1105
f 1085//1085 1086//1086 1105//1105
f 1092//1092 1093//1093 1100//1100
f 1092//1092 1100//1100 1101//1101
f 1091//1091 1092//1092 1101//1101
f 1090//1090 1091//1091 1101//1101
f 1090//1090 1101//1101 1102//1102
f 1093//1093 1112//1112 1100//1100
f 1089//1089 1090//1090 1102//1102
f 1087//1087 1103//1103 1104//1104
f 1087//1087 1088//1088 1103//1103
f 1086//1086 1087//1087 1104//1104
f 1088//1088 1102//1102 1103//1103
f 1088//1088 1089//1089 1102//1102
f 1301//1301 1298//1298 1295//1295
f 1304//1304 1301//1301 1300//1300
f 1303//1303 1131//1131 1297//1297
f 1304//1304 1300//1300 1251//1251
f 1305//1305 1302//1302 1301//1301
f 1302//1302 1298//1298 1301//1301
f 1251//1251 1300//1300 1250//1250
f 1300//1300 1301//1301 1295//1295
f 1303//1303 1297//1297 1299//1299
f 1302//1302 1299//1299 1296//1296
f 1299//1299 1297//1297 1294//1294
f 1302//1302 1296//1296 1298//1298
f 1300//1300 1295//1295 1250//1250
f 1295//1295 1291//1291 1250//1250
f 1297//1297 1131//1131 1132//1132
f 1297//1297 1293//1293 1294//1294
f 1298//1298 1292//1292 1295//1295
f 1298//1298 1296//1296 1292//1292
f 1297//1297 1132//1132 1289//1289
f 1303//1303 1130//1130 1131//1131
f 1296//1296 1294//1294 1290//1290
f 1297//1297 1289//1289 1293//1293
f 1296//1296 1290//1290 1292//1292
f 1250//1250 1291//1291 1249//1249
f 1295//1295 1292//1292 1291//1291
f 1294//1294 1293//1293 1287//1287
f 1299//1299 1294//1294 1296//1296
f 1306//1306 1299//1299 1302//1302
f 1309//1309 1304//1304 1252//1252
f 1307//1307 1301//1301 1304//1304
f 1320//1320 1315//1315 1314//1314
f 1317//1317 1253//1253 1254//1254
f 1312//1312 1307//1307 1316//1316
f 1313//1313 1129//1129 1130//1130
f 1314//1314 1311//1311 1317//1317
f 1315//1315 1316//1316 1310//1310
f 1318//1318 1313//1313 1308//1308
f 1318//1318 1308//1308 1312//1312
f 1315//1315 1309//1309 1314//1314
f 1317//1317 1311//1311 1253//1253
f 1130//1130 1306//1306 1313//1313
f 1316//1316 1307//1307 1310//1310
f 1315//1315 1310//1310 1309//1309
f 1314//1314 1309//1309 1311//1311
f 1309//1309 1310//1310 1304//1304
f 1313//1313 1306//1306 1308//1308
f 1312//1312 1308//1308 1307//1307
f 1130//1130 1303//1303 1306//1306
f 1307//1307 1308//1308 1305//1305
f 1308//1308 1306//1306 1302//1302
f 1311//1311 1309//1309 1252//1252
f 1311//1311 1252//1252 1253//1253
f 1310//1310 1307//1307 1304//1304
f 1293//1293 1289//1289 1288//1288
f 1303//1303 1299//1299 1306//1306
f 1308//1308 1302//1302 1305//1305
f 1307//1307 1305//1305 1301//1301
f 1304//1304 1251//1251 1252//1252
f 1294//1294 1287//1287 1290//1290
f 1287//1287 1288//1288 1284//1284
f 1292//1292 1290//1290 1286//1286
f 1278//1278 1270//1270 1273//1273
f 1278//1278 1271//1271 1270//1270
f 1277//1277 1273//1273 1274//1274
f 1275//1275 1272//1272 1276//1276
f 1276//1276 1272//1272 1271//1271
f 1275//1275 1134//1134 1269//1269
f 1273//1273 1267//1267 1274//1274
f 1275//1275 1268//1268 1272//1272
f 1275//1275 1269//1269 1268//1268
f 1269//1269 1134//1134 1135//1135
f 1273//1273 1270//1270 1267//1267
f 1274//1274 1267//1267 1247//1247
f 1274//1274 1247//1247 1248//1248
f 1272//1272 1266//1266 1271//1271
f 1271//1271 1262//1262 1270//1270
f 1271//1271 1266//1266 1262//1262
f 1269//1269 1135//1135 1265//1265
f 1268//1268 1269//1269 1264//1264
f 1270//1270 1262//1262 1267//1267
f 1266//1266 1268//1268 1263//1263
f 1267//1267 1262//1262 1246//1246
f 1269//1269 1265//1265 1264//1264
f 1247//1247 1267//1267 1246//1246
f 1268//1268 1264//1264 1263//1263
f 1265//1265 1135//1135 1261//1261
f 1319//1319 1316//1316 1315//1315
f 1272//1272 1268//1268 1266//1266
f 1278//1278 1273//1273 1277//1277
f 1279//1279 1271//1271 1278//1278
f 1133//1133 1134//1134 1275//1275
f 1293//1293 1288//1288 1287//1287
f 1290//1290 1287//1287 1285//1285
f 1289//1289 1132//1132 1283//1283
f 1289//1289 1282//1282 1288//1288
f 1290//1290 1280//1280 1286//1286
f 1291//1291 1286//1286 1249//1249
f 1283//1283 1132//1132 1133//1133
f 1290//1290 1285//1285 1280//1280
f 1289//1289 1283//1283 1282//1282
f 1288//1288 1282//1282 1284//1284
f 1287//1287 1284//1284 1281//1281
f 1287//1287 1281//1281 1285//1285
f 1249//1249 1286//1286 1248//1248
f 1285//1285 1277//1277 1280//1280
f 1286//1286 1280//1280 1248//1248
f 1285//1285 1281//1281 1277//1277
f 1284//1284 1282//1282 1279//1279
f 1281//1281 1284//1284 1278//1278
f 1283//1283 1276//1276 1282//1282
f 1284//1284 1279//1279 1278//1278
f 1283//1283 1133//1133 1276//1276
f 1282//1282 1276//1276 1279//1279
f 1281//1281 1278//1278 1277//1277
f 1133//1133 1275//1275 1276//1276
f 1280//1280 1277//1277 1274//1274
f 1280//1280 1274//1274 1248//1248
f 1279//1279 1276//1276 1271//1271
f 1292//1292 1286//1286 1291//1291
f 1321//1321 1314//1314 1317//1317
f 1351//1351 1249//1249 1338//1338
f 1129//1129 1313//1313 1318//1318
f 1370//1370 1364//1364 1368//1368
f 1370//1370 1153//1153 1212//1212
f 1370//1370 1368//1368 1369//1369
f 1370//1370 1369//1369 1153//1153
f 1369//1369 1154//1154 1153//1153
f 1369//1369 1354//1354 1154//1154
f 1369//1369 1368//1368 1354//1354
f 1360//1360 1362//1362 1151//1151
f 1354//1354 1333//1333 1154//1154
f 1333//1333 1155//1155 1154//1154
f 1353//1353 1343//1343 1254//1254
f 1353//1353 1344//1344 1343//1343
f 1371//1371 1212//1212 1206//1206
f 1353//1353 1254//1254 1253//1253
f 1353//1353 1253//1253 1352//1352
f 1344//1344 1350//1350 1340//1340
f 1344//1344 1352//1352 1350//1350
f 1352//1352 1253//1253 1252//1252
f 1352//1352 1252//1252 1351//1351
f 1351//1351 1252//1252 1251//1251
f 1351//1351 1251//1251 1250//1250
f 1350//1350 1341//1341 1340//1340
f 1352//1352 1351//1351 1350//1350
f 1266//1266 1263//1263 1259//1259
f 1351//1351 1250//1250 1249//1249
f 1351//1351 1342//1342 1350//1350
f 1353//1353 1352//1352 1344//1344
f 1371//1371 1370//1370 1212//1212
f 1365//1365 1364//1364 1370//1370
f 1367//1367 1366//1366 1365//1365
f 1145//1145 1355//1355 1146//1146
f 1355//1355 1375//1375 1146//1146
f 1146//1146 1375//1375 1147//1147
f 1355//1355 1356//1356 1375//1375
f 1375//1375 1148//1148 1147//1147
f 1375//1375 1373//1373 1148//1148
f 1148//1148 1373//1373 1374//1374
f 1374//1374 1149//1149 1148//1148
f 1374//1374 1150//1150 1149//1149
f 1373//1373 1372//1372 1374//1374
f 1375//1375 1356//1356 1373//1373
f 1372//1372 1361//1361 1374//1374
f 1374//1374 1360//1360 1150//1150
f 1374//1374 1361//1361 1360//1360
f 1372//1372 1357//1357 1361//1361
f 1373//1373 1359//1359 1358//1358
f 1373//1373 1356//1356 1359//1359
f 1373//1373 1358//1358 1372//1372
f 1360//1360 1151//1151 1150//1150
f 1372//1372 1358//1358 1357//1357
f 1362//1362 1371//1371 1152//1152
f 1362//1362 1152//1152 1151//1151
f 1363//1363 1370//1370 1371//1371
f 1363//1363 1371//1371 1362//1362
f 1363//1363 1367//1367 1370//1370
f 1371//1371 1206//1206 1152//1152
f 1367//1367 1365//1365 1370//1370
f 1350//1350 1342//1342 1341//1341
f 1320//1320 1319//1319 1315//1315
f 1351//1351 1338//1338 1342//1342
f 1339//1339 1349//1349 1348//1348
f 1160//1160 1327//1327 1328//1328
f 1330//1330 1326//1326 1329//1329
f 1330//1330 1128//1128 1326//1326
f 1329//1329 1326//1326 1325//1325
f 1328//1328 1163//1163 1160//1160
f 1329//1329 1325//1325 1327//1327
f 1163//1163 1328//1328 1321//1321
f 1328//1328 1327//1327 1324//1324
f 1163//1163 1321//1321 1322//1322
f 1327//1327 1325//1325 1320//1320
f 1328//1328 1324//1324 1321//1321
f 1326//1326 1128//1128 1323//1323
f 1330//1330 1127//1127 1128//1128
f 1327//1327 1320//1320 1324//1324
f 1326//1326 1323//1323 1319//1319
f 1322//1322 1254//1254 1145//1145
f 1325//1325 1319//1319 1320//1320
f 1324//1324 1320//1320 1321//1321
f 1128//1128 1318//1318 1323//1323
f 1128//1128 1129//1129 1318//1318
f 1322//1322 1321//1321 1317//1317
f 1323//1323 1316//1316 1319//1319
f 1320//1320 1314//1314 1321//1321
f 1323//1323 1318//1318 1312//1312
f 1323//1323 1312//1312 1316//1316
f 1322//1322 1317//1317 1254//1254
f 1326//1326 1319//1319 1325//1325
f 1161//1161 1327//1327 1160//1160
f 1331//1331 1329//1329 1327//1327
f 1161//1161 1331//1331 1327//1327
f 1349//1349 1248//1248 1247//1247
f 1349//1349 1346//1346 1348//1348
f 1349//1349 1345//1345 1346//1346
f 1349//1349 1247//1247 1345//1345
f 1348//1348 1346//1346 1334//1334
f 1345//1345 1247//1247 1246//1246
f 1345//1345 1246//1246 1245//1245
f 1345//1345 1245//1245 1347//1347
f 1334//1334 1346//1346 1335//1335
f 1345//1345 1337//1337 1346//1346
f 1347//1347 1245//1245 1244//1244
f 1347//1347 1332//1332 1345//1345
f 1346//1346 1336//1336 1335//1335
f 1347//1347 1244//1244 1333//1333
f 1347//1347 1333//1333 1332//1332
f 1346//1346 1337//1337 1336//1336
f 1345//1345 1332//1332 1337//1337
f 1145//1145 1254//1254 1355//1355
f 1355//1355 1254//1254 1343//1343
f 1249//1249 1339//1339 1338//1338
f 1249//1249 1248//1248 1339//1339
f 1244//1244 1155//1155 1333//1333
f 1126//1126 1127//1127 1331//1331
f 1331//1331 1162//1162 1126//1126
f 1331//1331 1127//1127 1330//1330
f 1331//1331 1161//1161 1162//1162
f 1331//1331 1330//1330 1329//1329
f 1339//1339 1248//1248 1349//1349
f 1264//1264 1265//1265 1260//1260
f 1239//1239 1157//1157 1158//1158
f 1266//1266 1259//1259 1262//1262
f 1263//1263 1264//1264 1258//1258
f 1185//1185 1189//1189 1183//1183
f 1188//1188 1184//1184 1181//1181
f 1189//1189 1182//1182 1183//1183
f 1187//1187 1185//1185 1150//1150
f 1185//1185 1183//1183 1178//1178
f 1188//1188 1181//1181 1182//1182
f 1186//1186 1176//1176 1180//1180
f 1186//1186 1179//1179 1176//1176
f 1185//1185 1178//1178 1150//1150
f 1183//1183 1182//1182 1177//1177
f 1184//1184 1180//1180 1181//1181
f 1143//1143 1144//1144 1179//1179
f 1181//1181 1180//1180 1175//1175
f 1182//1182 1181//1181 1177//1177
f 1179//1179 1173//1173 1176//1176
f 1181//1181 1175//1175 1177//1177
f 1144//1144 1126//1126 1179//1179
f 1180//1180 1176//1176 1172//1172
f 1179//1179 1126//1126 1174//1174
f 1177//1177 1171//1171 1178//1178
f 1178//1178 1149//1149 1150//1150
f 1180//1180 1172//1172 1175//1175
f 1177//1177 1175//1175 1168//1168
f 1179//1179 1174//1174 1173//1173
f 1178//1178 1171//1171 1149//1149
f 1183//1183 1177//1177 1178//1178
f 1143//1143 1179//1179 1186//1186
f 1190//1190 1187//1187 1150//1150
f 1190//1190 1150//1150 1151//1151
f 1141//1141 1142//1142 1197//1197
f 1202//1202 1197//1197 1192//1192
f 1202//1202 1192//1192 1198//1198
f 1201//1201 1198//1198 1191//1191
f 1201//1201 1191//1191 1196//1196
f 1200//1200 1196//1196 1195//1195
f 1197//1197 1193//1193 1192//1192
f 1198//1198 1194//1194 1191//1191
f 1199//1199 1195//1195 1152//1152
f 1152//1152 1195//1195 1151//1151
f 1198//1198 1192//1192 1194//1194
f 1195//1195 1196//1196 1190//1190
f 1142//1142 1186//1186 1197//1197
f 1197//1197 1186//1186 1193//1193
f 1196//1196 1191//1191 1187//1187
f 1196//1196 1187//1187 1190//1190
f 1194//1194 1189//1189 1191//1191
f 1192//1192 1193//1193 1188//1188
f 1194//1194 1192//1192 1189//1189
f 1195//1195 1190//1190 1151//1151
f 1142//1142 1143//1143 1186//1186
f 1193//1193 1186//1186 1184//1184
f 1193//1193 1184//1184 1188//1188
f 1192//1192 1188//1188 1189//1189
f 1191//1191 1185//1185 1187//1187
f 1191//1191 1189//1189 1185//1185
f 1189//1189 1188//1188 1182//1182
f 1175//1175 1172//1172 1169//1169
f 1199//1199 1200//1200 1195//1195
f 1177//1177 1168//1168 1171//1171
f 1149//1149 1171//1171 1148//1148
f 1132//1132 1131//1131 1125//1125
f 1135//1135 1122//1122 1136//1136
f 1131//1131 1113//1113 1125//1125
f 1131//1131 1130//1130 1113//1113
f 1136//1136 1122//1122 1121//1121
f 1136//1136 1121//1121 1137//1137
f 1130//1130 1129//1129 1113//1113
f 1129//1129 1114//1114 1113//1113
f 1121//1121 1120//1120 1137//1137
f 1137//1137 1120//1120 1138//1138
f 1129//1129 1128//1128 1114//1114
f 1120//1120 1139//1139 1138//1138
f 1135//1135 1123//1123 1122//1122
f 1114//1114 1127//1127 1115//1115
f 1120//1120 1119//1119 1139//1139
f 1115//1115 1127//1127 1126//1126
f 1119//1119 1140//1140 1139//1139
f 1119//1119 1118//1118 1140//1140
f 1115//1115 1126//1126 1116//1116
f 1116//1116 1126//1126 1144//1144
f 1118//1118 1141//1141 1140//1140
f 1118//1118 1142//1142 1141//1141
f 1118//1118 1117//1117 1142//1142
f 1116//1116 1144//1144 1143//1143
f 1116//1116 1143//1143 1117//1117
f 1117//1117 1143//1143 1142//1142
f 1114//1114 1128//1128 1127//1127
f 1132//1132 1125//1125 1124//1124
f 1134//1134 1123//1123 1135//1135
f 1133//1133 1132//1132 1124//1124
f 1176//1176 1170//1170 1172//1172
f 1175//1175 1169//1169 1168//1168
f 1174//1174 1126//1126 1162//1162
f 1174//1174 1162//1162 1173//1173
f 1173//1173 1162//1162 1167//1167
f 1173//1173 1167//1167 1170//1170
f 1172//1172 1170//1170 1169//1169
f 1171//1171 1168//1168 1147//1147
f 1171//1171 1147//1147 1148//1148
f 1168//1168 1169//1169 1166//1166
f 1170//1170 1165//1165 1169//1169
f 1162//1162 1161//1161 1167//1167
f 1170//1170 1167//1167 1165//1165
f 1169//1169 1165//1165 1166//1166
f 1168//1168 1166//1166 1147//1147
f 1166//1166 1165//1165 1164//1164
f 1167//1167 1161//1161 1160//1160
f 1167//1167 1160//1160 1165//1165
f 1147//1147 1166//1166 1146//1146
f 1160//1160 1163//1163 1165//1165
f 1166//1166 1164//1164 1146//1146
f 1165//1165 1163//1163 1164//1164
f 1164//1164 1145//1145 1146//1146
f 1164//1164 1163//1163 1322//1322
f 1164//1164 1322//1322 1145//1145
f 1133//1133 1124//1124 1134//1134
f 1134//1134 1124//1124 1123//1123
f 1176//1176 1173//1173 1170//1170
f 1203//1203 1196//1196 1200//1200
f 1186//1186 1180//1180 1184//1184
f 1204//1204 1198//1198 1201//1201
f 1240//1240 1238//1238 1239//1239
f 1242//1242 1235//1235 1241//1241
f 1239//1239 1237//1237 1157//1157
f 1241//1241 1236//1236 1240//1240
f 1242//1242 1137//1137 1235//1235
f 1241//1241 1235//1235 1236//1236
f 1237//1237 1156//1156 1157//1157
f 1237//1237 1234//1234 1156//1156
f 1240//1240 1236//1236 1232//1232
f 1240//1240 1232//1232 1238//1238
f 1239//1239 1238//1238 1237//1237
f 1137//1137 1230//1230 1235//1235
f 1242//1242 1136//1136 1137//1137
f 1236//1236 1235//1235 1229//1229
f 1234//1234 1237//1237 1231//1231
f 1234//1234 1155//1155 1156//1156
f 1238//1238 1232//1232 1233//1233
f 1137//1137 1138//1138 1230//1230
f 1237//1237 1233//1233 1231//1231
f 1236//1236 1229//1229 1232//1232
f 1232//1232 1228//1228 1233//1233
f 1235//1235 1230//1230 1229//1229
f 1155//1155 1234//1234 1154//1154
f 1138//1138 1226//1226 1230//1230
f 1229//1229 1230//1230 1227//1227
f 1233//1233 1225//1225 1231//1231
f 1238//1238 1233//1233 1237//1237
f 1234//1234 1231//1231 1154//1154
f 1159//1159 1240//1240 1239//1239
f 1243//1243 1241//1241 1240//1240
f 1135//1135 1243//1243 1261//1261
f 1135//1135 1136//1136 1243//1243
f 1262//1262 1257//1257 1246//1246
f 1265//1265 1261//1261 1260//1260
f 1262//1262 1259//1259 1257//1257
f 1264//1264 1260//1260 1258//1258
f 1261//1261 1243//1243 1159//1159
f 1246//1246 1257//1257 1245//1245
f 1263//1263 1258//1258 1259//1259
f 1261//1261 1158//1158 1260//1260
f 1260//1260 1157//1157 1258//1258
f 1261//1261 1159//1159 1158//1158
f 1202//1202 1141//1141 1197//1197
f 1260//1260 1158//1158 1157//1157
f 1259//1259 1256//1256 1257//1257
f 1257//1257 1244//1244 1245//1245
f 1258//1258 1157//1157 1256//1256
f 1256//1256 1157//1157 1156//1156
f 1257//1257 1256//1256 1244//1244
f 1256//1256 1156//1156 1255//1255
f 1256//1256 1255//1255 1244//1244
f 1255//1255 1155//1155 1244//1244
f 1255//1255 1156//1156 1155//1155
f 1136//1136 1242//1242 1243//1243
f 1159//1159 1243//1243 1240//1240
f 1243//1243 1242//1242 1241//1241
f 1258//1258 1256//1256 1259//1259
f 1233//1233 1228//1228 1225//1225
f 1159//1159 1239//1239 1158//1158
f 1230//1230 1226//1226 1222//1222
f 1215//1215 1207//1207 1214//1214
f 1216//1216 1210//1210 1213//1213
f 1139//1139 1140//1140 1210//1210
f 1139//1139 1210//1210 1216//1216
f 1217//1217 1209//1209 1212//1212
f 1215//1215 1213//1213 1208//1208
f 1213//1213 1210//1210 1208//1208
f 1215//1215 1208//1208 1207//1207
f 1214//1214 1205//1205 1211//1211
f 1214//1214 1207//1207 1205//1205
f 1209//1209 1206//1206 1212//1212
f 1210//1210 1140//1140 1204//1204
f 1140//1140 1202//1202 1204//1204
f 1219//1219 1213//1213 1215//1215
f 1211//1211 1205//1205 1209//1209
f 1208//1208 1204//1204 1201//1201
f 1208//1208 1203//1203 1207//1207
f 1209//1209 1205//1205 1206//1206
f 1202//1202 1140//1140 1141//1141
f 1207//1207 1199//1199 1205//1205
f 1207//1207 1203//1203 1200//1200
f 1208//1208 1201//1201 1203//1203
f 1207//1207 1200//1200 1199//1199
f 1206//1206 1205//1205 1152//1152
f 1205//1205 1199//1199 1152//1152
f 1204//1204 1202//1202 1198//1198
f 1203//1203 1201//1201 1196//1196
f 1232//1232 1229//1229 1228//1228
f 1210//1210 1204//1204 1208//1208
f 1217//1217 1212//1212 1218//1218
f 1217//1217 1211//1211 1209//1209
f 1218//1218 1212//1212 1153//1153
f 1229//1229 1227//1227 1221//1221
f 1231//1231 1225//1225 1154//1154
f 1230//1230 1222//1222 1227//1227
f 1229//1229 1221//1221 1228//1228
f 1228//1228 1224//1224 1225//1225
f 1226//1226 1138//1138 1139//1139
f 1225//1225 1153//1153 1154//1154
f 1228//1228 1221//1221 1224//1224
f 1226//1226 1139//1139 1223//1223
f 1226//1226 1219//1219 1222//1222
f 1227//1227 1222//1222 1220//1220
f 1225//1225 1224//1224 1218//1218
f 1226//1226 1223//1223 1219//1219
f 1225//1225 1218//1218 1153//1153
f 1227//1227 1220//1220 1221//1221
f 1224//1224 1217//1217 1218//1218
f 1220//1220 1214//1214 1211//1211
f 1221//1221 1220//1220 1211//1211
f 1221//1221 1211//1211 1217//1217
f 1139//1139 1216//1216 1223//1223
f 1223//1223 1213//1213 1219//1219
f 1223//1223 1216//1216 1213//1213
f 1222//1222 1215//1215 1214//1214
f 1219//1219 1215//1215 1222//1222
f 1224//1224 1221//1221 1217//1217
f 1222//1222 1214//1214 1220//1220
f 1378//1378 1376//1376 1379//1379
f 1379//1379 1376//1376 1377//1377
f 1391//1391 1385//1385 1386//1386
f 1391//1391 1392//1392 1385//1385
f 1392//1392 1384//1384 1385//1385
f 1390//1390 1383//1383 1382//1382
f 1392//1392 1393//1393 1384//1384
f 1390//1390 1382//1382 1389//1389
f 1390//1390 1387//1387 1383//1383
f 1381//1381 1388//1388 1393//1393
f 1390//1390 1391//1391 1387//1387
f 1391//1391 1386//1386 1387//1387
f 1393//1393 1388//1388 1384//1384
f 1381//1381 1380//1380 1388//1388
f 1396//1396 1394//1394 1395//1395
f 1398//1398 1400//1400 1399//1399
f 1414//1414 1396//1396 1395//1395
f 1401//1401 1400//1400 1398//1398
f 1413//1413 1396//1396 1414//1414
f 1409//1409 1408//1408 1410//1410
f 1410//1410 1408//1408 1411//1411
f 1402//1402 1398//1398 1397//1397
f 1405//1405 1404//1404 1403//1403
f 1408//1408 1407//1407 1412//1412
f 1407//1407 1402//1402 1397//1397
f 1407//1407 1397//1397 1412//1412
f 1412//1412 1397//1397 1413//1413
f 1406//1406 1402//1402 1407//1407
f 1413//1413 1397//1397 1396//1396
f 1402//1402 1401//1401 1398//1398
f 1406//1406 1403//1403 1402//1402
f 1405//1405 1403//1403 1406//1406
f 1408//1408 1412//1412 1411//1411
f 1426//1426 1422//1422 1417//1417
f 1424//1424 1425//1425 1419//1419
f 1427//1427 1422//1422 1426//1426
f 1425//1425 1418//1418 1419//1419
f 1425//1425 1426//1426 1418//1418
f 1426//1426 1417//1417 1418//1418
f 1424//1424 1415//1415 1423//1423
f 1424//1424 1420//1420 1415//1415
f 1423//1423 1415//1415 1416//1416
f 1424//1424 1419//1419 1420//1420
f 1427//1427 1421//1421 1422//1422
f 1431//1431 1429//1429 1430//1430
f 1431//1431 1428//1428 1429//1429
f 1442//1442 1437//1437 1441//1441
f 1441//1441 1433//1433 1434//1434
f 1439//1439 1435//1435 1432//1432
f 1439//1439 1432//1432 1438//1438
f 1440//1440 1441//1441 1434//1434
f 1440//1440 1434//1434 1435//1435
f 1439//1439 1440//1440 1435//1435
f 1441//1441 1437//1437 1433//1433
f 1442//1442 1436//1436 1437//1437
f 1446//1446 1444//1444 1443//1443
f 1446//1446 1443//1443 1445//1445
f 1457//1457 1452//1452 1453//1453
f 1455//1455 1456//1456 1451//1451
f 1456//1456 1450//1450 1451//1451
f 1456//1456 1457//1457 1450//1450
f 1457//1457 1449//1449 1450//1450
f 1455//1455 1448//1448 1454//1454
f 1455//1455 1451//1451 1448//1448
f 1454//1454 1448//1448 1447//1447
f 1457//1457 1453//1453 1449//1449
f 1458//1458 1452//1452 1457//1457
f 1462//1462 1459//1459 1461//1461
f 1462//1462 1460//1460 1459//1459
v 0.0146802 -0.0105000 0.0955973
v 0.0149494 -0.0105000 0.0955138
v 0.0151834 -0.0105000 0.0952953
v 0.0153126 -0.0105001 0.0949561
v 0.0152037 -0.0105001 0.0945301
v 0.0149219 -0.0105001 0.0942683
v 0.0144867 -0.0105002 0.0941998
v 0.0141242 -0.0105000 0.0943781
v 0.0139256 -0.0105000 0.0946809
v 0.0139115 -0.0105000 0.0950653
v 0.0140986 -0.0105000 0.0954014
v 0.0144193 -0.0105000 0.0955820
v 0.0146802 -0.0105000 0.0955973
v 0.0149494 -0.0105000 0.0955138
v 0.0151834 -0.0105000 0.0952953
v 0.0153126 -0.0105001 0.0949561
v 0.0152037 -0.0105001 0.0945301
v 0.0149219 -0.0105001 0.0942683
v 0.0144867 -0.0105002 0.0941998
v 0.0141242 -0.0105000 0.0943781
v 0.0139256 -0.0105000 0.0946809
v 0.0139115 -0.0105000 0.0950653
v 0.0140986 -0.0105000 0.0954014
v 0.0144193 -0.0105000 0.0955820
v 0.0146745 -0.0103501 0.0957519
v 0.0145323 -0.0103508 0.0940482
v 0.0142740 -0.0103503 0.0941128
v 0.0140604 -0.0103500 0.0942392
v 0.0138448 -0.0103501 0.0944940
v 0.0137520 -0.0103505 0.0948111
v 0.0137581 -0.0103494 0.0950285
v 0.0138208 -0.0103494 0.0952490
v 0.0139543 -0.0103507 0.0954553
v 0.0141536 -0.0103496 0.0956285
v 0.0143902 -0.0103496 0.0957259
v 0.0149918 -0.0103513 0.0956601
v 0.0152364 -0.0103500 0.0954682
v 0.0153614 -0.0103503 0.0952816
v 0.0154340 -0.0103505 0.0950775
v 0.0154452 -0.0103506 0.0947661
v 0.0153285 -0.0103496 0.0944536
v 0.0150886 -0.0103502 0.0941954
v 0.0147932 -0.0103508 0.0940702
v 0.0146745 -0.0103501 0.0957519
v 0.0145323 -0.0103508 0.0940482
v 0.0142740 -0.0103503 0.0941128
v 0.0140604 -0.0103500 0.0942392
v 0.0138448 -0.0103501 0.0944940
v 0.0137520 -0.0103505 0.0948111
v 0.0137581 -0.0103494 0.0950285
v 0.0138208 -0.0103494 0.0952490
v 0.0139543 -0.0103507 0.0954553
v 0.0141536 -0.0103496 0.0956285
v 0.0143902 -0.0103496 0.0957259
v 0.0149918 -0.0103513 0.0956601
v 0.0152364 -0.0103500 0.0954682
v 0.0153614 -0.0103503 0.0952816
v 0.0154340 -0.0103505 0.0950775
v 0.0154452 -0.0103506 0.0947661
v 0.0153285 -0.0103496 0.0944536
v 0.0150886 -0.0103502 0.0941954
v 0.0147932 -0.0103508 0.0940702
v 0.0145666 -0.0065000 0.0957520
v 0.0149594 -0.0065000 0.0941204
v 0.0152568 -0.0065000 0.0943524
v 0.0154000 -0.0065000 0.0946049
v 0.0154578 -0.0065000 0.0949337
v 0.0153573 -0.0065000 0.0952973
v 0.0151476 -0.0065000 0.0955568
v 0.0148547 -0.0065000 0.0957164
v 0.0142406 -0.0065000 0.0956796
v 0.0138977 -0.0065000 0.0953970
v 0.0137637 -0.0065000 0.0950663
v 0.0137521 -0.0065000 0.0947997
v 0.0138427 -0.0065000 0.0945028
v 0.0141030 -0.0065000 0.0941977
v 0.0145326 -0.0065000 0.0940433
v 0.0145666 -0.0065000 0.0957520
v 0.0149594 -0.0065000 0.0941204
v 0.0152568 -0.0065000 0.0943524
v 0.0154000 -0.0065000 0.0946049
v 0.0154578 -0.0065000 0.0949337
v 0.0153573 -0.0065000 0.0952973
v 0.0151476 -0.0065000 0.0955568
v 0.0148547 -0.0065000 0.0957164
v 0.0142406 -0.0065000 0.0956796
v 0.0138977 -0.0065000 0.0953970
v 0.0137637 -0.0065000 0.0950663
v 0.0137521 -0.0065000 0.0947997
v 0.0138427 -0.0065000 0.0945028
v 0.0141030 -0.0065000 0.0941977
v 0.0145326 -0.0065000 0.0940433
v 0.0152655 -0.0065000 0.0946637
v 0.0151038 -0.0065000 0.0944080
v 0.0149012 -0.0065000 0.0942652
v 0.0146088 -0.0065000 0.0941915
v 0.0143057 -0.0065000 0.0942615
v 0.0140422 -0.0065000 0.0944603
v 0.0139038 -0.0065000 0.0947898
v 0.0139113 -0.0065000 0.0950370
v 0.0140081 -0.0065000 0.0952852
v 0.0142317 -0.0065000 0.0955010
v 0.0144706 -0.0065000 0.0955906
v 0.0147377 -0.0065000 0.0955920
v 0.0149667 -0.0065000 0.0954983
v 0.0151726 -0.0065000 0.0953160
v 0.0153003 -0.0065000 0.0949916
v 0.0152655 -0.0065000 0.0946637
v 0.0151038 -0.0065000 0.0944080
v 0.0149012 -0.0065000 0.0942652
v 0.0146088 -0.0065000 0.0941915
v 0.0143057 -0.0065000 0.0942615
v 0.0140422 -0.0065000 0.0944603
v 0.0139038 -0.0065000 0.0947898
v 0.0139113 -0.0065000 0.0950370
v 0.0140081 -0.0065000 0.0952852
v 0.0142317 -0.0065000 0.0955010
v 0.0144706 -0.0065000 0.0955906
v 0.0147377 -0.0065000 0.0955920
v 0.0149667 -0.0065000 0.0954983
v 0.0151726 -0.0065000 0.0953160
v 0.0153003 -0.0065000 0.0949916
v 0.0139328 0.0100000 0.0946745
v 0.0140873 0.0100000 0.0944143
v 0.0143060 0.0100000 0.0942623
v 0.0145364 0.0100000 0.0941986
v 0.0148715 0.0100000 0.0942446
v 0.0151599 0.0100000 0.0944696
v 0.0152758 0.0100000 0.0947094
v 0.0153027 0.0100000 0.0949553
v 0.0152377 0.0100000 0.0951940
v 0.0150984 0.0100000 0.0953984
v 0.0148105 0.0100000 0.0955765
v 0.0144816 0.0100000 0.0955942
v 0.0142323 0.0100000 0.0955000
v 0.0140176 0.0100000 0.0952995
v 0.0138980 0.0100000 0.0949831
v 0.0139328 0.0100000 0.0946745
v 0.0140873 0.0100000 0.0944143
v 0.0143060 0.0100000 0.0942623
v 0.0145364 0.0100000 0.0941986
v 0.0148715 0.0100000 0.0942446
v 0.0151599 0.0100000 0.0944696
v 0.0152758 0.0100000 0.0947094
v 0.0153027 0.0100000 0.0949553
v 0.0152377 0.0100000 0.0951940
v 0.0150984 0.0100000 0.0953984
v 0.0148105 0.0100000 0.0955765
v 0.0144816 0.0100000 0.0955942
v 0.0142323 0.0100000 0.0955000
v 0.0140176 0.0100000 0.0952995
v 0.0138980 0.0100000 0.0949831
v 0.0146765 0.0100020 0.0936203
v 0.0141733 0.0100000 0.0937021
v 0.0138184 0.0100011 0.0938922
v 0.0136007 0.0100000 0.0941122
v 0.0134736 0.0100006 0.0942976
v 0.0133256 0.0100005 0.0948223
v 0.0134027 0.0100010 0.0953486
v 0.0135637 0.0100004 0.0956442
v 0.0138882 0.0100001 0.0959528
v 0.0143569 0.0100020 0.0961583
v 0.0146000 0.0100000 0.0961736
v 0.0151029 0.0100004 0.0960737
v 0.0155063 0.0100007 0.0958048
v 0.0158156 0.0100003 0.0952950
v 0.0158708 0.0100000 0.0948584
v 0.0158024 0.0100010 0.0944753
v 0.0156235 0.0100000 0.0941410
v 0.0151793 0.0100002 0.0937588
v 0.0147669 0.0108736 0.0936051
v 0.0150752 0.0108827 0.0936977
v 0.0153163 0.0108676 0.0937982
v 0.0156485 0.0108511 0.0940753
v 0.0158374 0.0108774 0.0944877
v 0.0159287 0.0108563 0.0949616
v 0.0158560 0.0108592 0.0953137
v 0.0157518 0.0108642 0.0955413
v 0.0155108 0.0108765 0.0958282
v 0.0153086 0.0108733 0.0959981
v 0.0149380 0.0108854 0.0961478
v 0.0144794 0.0108554 0.0962246
v 0.0144974 0.0107284 0.0963252
v 0.0146651 0.0106179 0.0963743
v 0.0145954 0.0104240 0.0964049
v 0.0146227 0.0101909 0.0963393
v 0.0144938 0.0104578 0.0933988
v 0.0145397 0.0102933 0.0934212
v 0.0146157 0.0101777 0.0934678
v 0.0146544 0.0107922 0.0935173
v 0.0145527 0.0106344 0.0934300
v 0.0148757 0.0107602 0.0935199
v 0.0148214 0.0106517 0.0934512
v 0.0148264 0.0105229 0.0934171
v 0.0151133 0.0107564 0.0935823
v 0.0147751 0.0103399 0.0934180
v 0.0152441 0.0107727 0.0936582
v 0.0151734 0.0105180 0.0935112
v 0.0149889 0.0103730 0.0934524
v 0.0153309 0.0106300 0.0936203
v 0.0148306 0.0101601 0.0934946
v 0.0155083 0.0107894 0.0938526
v 0.0151105 0.0102757 0.0935144
v 0.0155249 0.0106838 0.0937809
v 0.0149542 0.0100913 0.0935740
v 0.0154257 0.0104125 0.0936442
v 0.0155858 0.0105009 0.0937653
v 0.0153130 0.0102925 0.0936026
v 0.0152854 0.0101407 0.0936656
v 0.0157758 0.0106771 0.0940420
v 0.0157374 0.0105621 0.0939313
v 0.0155229 0.0103178 0.0937326
v 0.0158509 0.0107723 0.0942737
v 0.0155825 0.0102170 0.0938311
v 0.0157064 0.0103587 0.0938949
v 0.0154425 0.0100728 0.0938393
v 0.0159397 0.0106319 0.0942879
v 0.0159024 0.0105133 0.0941574
v 0.0158374 0.0103574 0.0940585
v 0.0157573 0.0101798 0.0940496
v 0.0159852 0.0107060 0.0945058
v 0.0159536 0.0107993 0.0946433
v 0.0156100 0.0100660 0.0940054
v 0.0160375 0.0105548 0.0944988
v 0.0159907 0.0104271 0.0943277
v 0.0159946 0.0107788 0.0948469
v 0.0159334 0.0102638 0.0942789
v 0.0160591 0.0106396 0.0947322
v 0.0160179 0.0102946 0.0944649
v 0.0160889 0.0105046 0.0947182
v 0.0158592 0.0100968 0.0943344
v 0.0160681 0.0103660 0.0946057
v 0.0161009 0.0105263 0.0949515
v 0.0160143 0.0107232 0.0951208
v 0.0160890 0.0103167 0.0949066
v 0.0159630 0.0101017 0.0946659
v 0.0160591 0.0105825 0.0951946
v 0.0160453 0.0102105 0.0947916
v 0.0159217 0.0107300 0.0954387
v 0.0159714 0.0106068 0.0954614
v 0.0160706 0.0103834 0.0951923
v 0.0159526 0.0100716 0.0949481
v 0.0160256 0.0101985 0.0951352
v 0.0160083 0.0103851 0.0954241
v 0.0157108 0.0107828 0.0957403
v 0.0158699 0.0106113 0.0956665
v 0.0158965 0.0100643 0.0952697
v 0.0158850 0.0104005 0.0956795
v 0.0159512 0.0101680 0.0953599
v 0.0154841 0.0107492 0.0960097
v 0.0157803 0.0104926 0.0958298
v 0.0156879 0.0106015 0.0959063
v 0.0158433 0.0102167 0.0956571
v 0.0154722 0.0106036 0.0960987
v 0.0156175 0.0104297 0.0960060
v 0.0157336 0.0100920 0.0956797
v 0.0156889 0.0102696 0.0958937
v 0.0151897 0.0107441 0.0961914
v 0.0153672 0.0105399 0.0961862
v 0.0154708 0.0103241 0.0961117
v 0.0149832 0.0107602 0.0962542
v 0.0155395 0.0101347 0.0959441
v 0.0151135 0.0106013 0.0962893
v 0.0147797 0.0107751 0.0962865
v 0.0152182 0.0104417 0.0962691
v 0.0153247 0.0101245 0.0960980
v 0.0152199 0.0102927 0.0962446
v 0.0149509 0.0105813 0.0963480
v 0.0150221 0.0103696 0.0963381
v 0.0147985 0.0104979 0.0963883
v 0.0150321 0.0101641 0.0962605
v 0.0148363 0.0102879 0.0963621
v 0.0147750 0.0100698 0.0962450
v 0.0141401 0.0108741 0.0961214
v 0.0137532 0.0108658 0.0959097
v 0.0134823 0.0108817 0.0955617
v 0.0133203 0.0108753 0.0951534
v 0.0133184 0.0108849 0.0947404
v 0.0134155 0.0108783 0.0943640
v 0.0138019 0.0108738 0.0938661
v 0.0141318 0.0108674 0.0936715
v 0.0144604 0.0108521 0.0935779
v 0.0144158 0.0105950 0.0963719
v 0.0142107 0.0107229 0.0962767
v 0.0139760 0.0107571 0.0961675
v 0.0141947 0.0105586 0.0963363
v 0.0144066 0.0103966 0.0963891
v 0.0144440 0.0101814 0.0963280
v 0.0142042 0.0103710 0.0963452
v 0.0139750 0.0105587 0.0962552
v 0.0137018 0.0107616 0.0959832
v 0.0137039 0.0106736 0.0960509
v 0.0139876 0.0103700 0.0962676
v 0.0142086 0.0101747 0.0962776
v 0.0137270 0.0104997 0.0961246
v 0.0140142 0.0101648 0.0961991
v 0.0138230 0.0102758 0.0961555
v 0.0134371 0.0107247 0.0957378
v 0.0140407 0.0100536 0.0961150
v 0.0134723 0.0105951 0.0958651
v 0.0136296 0.0103029 0.0960270
v 0.0134935 0.0104457 0.0959180
v 0.0133477 0.0107975 0.0954827
v 0.0137722 0.0101302 0.0960332
v 0.0132355 0.0106919 0.0953916
v 0.0133504 0.0104273 0.0957350
v 0.0132602 0.0105278 0.0955739
v 0.0134573 0.0102436 0.0958155
v 0.0136427 0.0100801 0.0958712
v 0.0132381 0.0108110 0.0950573
v 0.0131715 0.0105514 0.0953471
v 0.0132964 0.0103184 0.0956178
v 0.0134509 0.0101162 0.0956817
v 0.0131412 0.0106601 0.0950396
v 0.0131870 0.0102950 0.0953574
v 0.0132993 0.0101613 0.0954855
v 0.0132025 0.0107602 0.0947335
v 0.0131117 0.0104403 0.0951242
v 0.0131262 0.0106126 0.0947435
v 0.0132771 0.0107768 0.0944443
v 0.0131435 0.0102543 0.0950765
v 0.0130993 0.0103770 0.0948976
v 0.0132392 0.0100990 0.0951305
v 0.0131099 0.0104483 0.0946970
v 0.0131471 0.0104854 0.0945146
v 0.0131920 0.0101351 0.0948361
v 0.0132160 0.0105661 0.0943365
v 0.0131544 0.0102474 0.0946609
v 0.0135093 0.0108359 0.0941058
v 0.0133423 0.0106932 0.0941869
v 0.0131837 0.0103463 0.0944244
v 0.0136285 0.0107755 0.0938944
v 0.0133872 0.0105967 0.0940433
v 0.0132802 0.0100810 0.0945571
v 0.0132896 0.0104052 0.0941659
v 0.0132486 0.0101947 0.0943992
v 0.0135350 0.0106838 0.0939145
v 0.0133752 0.0102408 0.0940950
v 0.0134991 0.0105152 0.0938820
v 0.0134588 0.0103829 0.0939256
v 0.0138161 0.0107620 0.0937329
v 0.0133673 0.0100984 0.0942848
v 0.0136840 0.0106331 0.0937497
v 0.0136619 0.0104696 0.0937262
v 0.0140134 0.0107283 0.0935987
v 0.0135597 0.0101029 0.0939850
v 0.0138504 0.0105592 0.0936062
v 0.0136814 0.0102796 0.0937405
v 0.0143059 0.0107503 0.0935136
v 0.0140810 0.0105524 0.0934976
v 0.0138787 0.0103479 0.0935919
v 0.0137044 0.0101328 0.0938182
v 0.0142959 0.0105885 0.0934452
v 0.0141387 0.0103742 0.0934730
v 0.0140034 0.0101941 0.0935852
v 0.0139395 0.0100701 0.0937205
v 0.0143014 0.0102609 0.0934576
v 0.0141619 0.0100746 0.0936150
v 0.0144016 0.0100716 0.0935589
v 0.0144239 0.0111277 0.0957403
v 0.0144426 0.0110069 0.0959979
v 0.0140385 0.0112221 0.0950757
v 0.0142122 0.0112541 0.0951296
v 0.0143513 0.0112573 0.0952571
v 0.0144209 0.0112303 0.0954320
v 0.0135147 0.0110126 0.0947238
v 0.0135071 0.0110091 0.0950752
v 0.0144174 0.0112352 0.0943942
v 0.0143149 0.0112605 0.0945910
v 0.0141000 0.0112380 0.0947183
v 0.0144251 0.0110049 0.0938114
v 0.0144239 0.0111277 0.0940596
v 0.0139797 0.0110890 0.0956302
v 0.0140998 0.0112009 0.0953258
v 0.0141467 0.0110230 0.0958758
v 0.0137187 0.0110766 0.0953240
v 0.0141449 0.0112009 0.0944180
v 0.0137187 0.0110766 0.0944760
v 0.0139798 0.0110890 0.0941698
v 0.0141468 0.0110230 0.0939242
v 0.0147758 0.0110050 0.0959867
v 0.0147677 0.0110047 0.0938064
v 0.0147762 0.0111437 0.0940960
v 0.0150547 0.0112481 0.0947075
v 0.0148545 0.0112583 0.0945516
v 0.0147808 0.0112306 0.0943792
v 0.0156999 0.0110037 0.0947281
v 0.0153783 0.0111547 0.0947232
v 0.0156851 0.0110088 0.0950763
v 0.0153785 0.0111524 0.0950762
v 0.0147749 0.0112206 0.0954686
v 0.0148585 0.0112612 0.0952343
v 0.0150860 0.0112388 0.0950864
v 0.0147768 0.0111198 0.0957633
v 0.0151549 0.0110424 0.0957948
v 0.0151545 0.0111802 0.0953889
v 0.0155826 0.0110142 0.0953847
v 0.0150338 0.0111772 0.0943052
v 0.0154051 0.0110905 0.0943864
v 0.0150171 0.0110627 0.0939890
v 0.0153194 0.0110187 0.0940883
v 0.0144426 0.0110069 0.0959979
v 0.0147758 0.0110050 0.0959867
v 0.0144240 0.0106500 0.0959866
v 0.0147710 0.0106500 0.0959973
v 0.0147758 0.0110050 0.0959867
v 0.0147710 0.0106500 0.0959973
v 0.0156851 0.0110088 0.0950763
v 0.0153785 0.0111524 0.0950762
v 0.0147749 0.0112206 0.0954686
v 0.0148585 0.0112612 0.0952343
v 0.0150860 0.0112388 0.0950864
v 0.0147768 0.0111198 0.0957633
v 0.0156999 0.0106500 0.0950695
v 0.0150836 0.0106500 0.0950849
v 0.0148974 0.0106500 0.0952001
v 0.0147846 0.0106500 0.0953856
v 0.0144240 0.0106500 0.0959866
v 0.0147710 0.0106500 0.0959973
v 0.0144158 0.0106500 0.0953863
v 0.0142995 0.0106500 0.0951968
v 0.0141125 0.0106500 0.0950841
v 0.0135142 0.0106500 0.0950760
v 0.0135001 0.0106500 0.0947305
v 0.0140665 0.0106500 0.0947214
v 0.0142821 0.0106500 0.0946274
v 0.0144182 0.0106500 0.0943968
v 0.0144241 0.0106500 0.0938129
v 0.0147722 0.0106500 0.0938043
v 0.0147775 0.0106500 0.0943513
v 0.0148506 0.0106500 0.0945541
v 0.0150863 0.0106500 0.0947159
v 0.0156858 0.0106500 0.0947240
v 0.0156999 0.0106500 0.0950695
v 0.0150836 0.0106500 0.0950849
v 0.0148974 0.0106500 0.0952001
v 0.0147846 0.0106500 0.0953856
v 0.0144239 0.0111277 0.0957403
v 0.0144426 0.0110069 0.0959979
v 0.0140385 0.0112221 0.0950757
v 0.0142122 0.0112541 0.0951296
v 0.0143513 0.0112573 0.0952571
v 0.0144209 0.0112303 0.0954320
v 0.0135071 0.0110091 0.0950752
v 0.0144240 0.0106500 0.0959866
v 0.0144158 0.0106500 0.0953863
v 0.0142995 0.0106500 0.0951968
v 0.0141125 0.0106500 0.0950841
v 0.0135142 0.0106500 0.0950760
v 0.0135147 0.0110126 0.0947238
v 0.0135071 0.0110091 0.0950752
v 0.0135142 0.0106500 0.0950760
v 0.0135001 0.0106500 0.0947305
v 0.0135147 0.0110126 0.0947238
v 0.0144174 0.0112352 0.0943942
v 0.0143149 0.0112605 0.0945910
v 0.0141000 0.0112380 0.0947183
v 0.0144251 0.0110049 0.0938114
v 0.0144239 0.0111277 0.0940596
v 0.0135001 0.0106500 0.0947305
v 0.0140665 0.0106500 0.0947214
v 0.0142821 0.0106500 0.0946274
v 0.0144182 0.0106500 0.0943968
v 0.0144241 0.0106500 0.0938129
v 0.0144251 0.0110049 0.0938114
v 0.0147677 0.0110047 0.0938064
v 0.0144241 0.0106500 0.0938129
v 0.0147722 0.0106500 0.0938043
v 0.0147677 0.0110047 0.0938064
v 0.0147762 0.0111437 0.0940960
v 0.0150547 0.0112481 0.0947075
v 0.0148545 0.0112583 0.0945516
v 0.0147808 0.0112306 0.0943792
v 0.0156999 0.0110037 0.0947281
v 0.0153783 0.0111547 0.0947232
v 0.0147722 0.0106500 0.0938043
v 0.0147775 0.0106500 0.0943513
v 0.0148506 0.0106500 0.0945541
v 0.0150863 0.0106500 0.0947159
v 0.0156858 0.0106500 0.0947240
v 0.0156999 0.0110037 0.0947281
v 0.0156851 0.0110088 0.0950763
v 0.0156858 0.0106500 0.0947240
v 0.0156999 0.0106500 0.0950695
vn 0.000100 -0.999999 0.001215
vn -0.000055 -1.000000 0.000008
vn 0.000087 -1.000000 0.000333
vn -0.000084 -1.000000 0.000014
vn -0.000089 -1.000000 -0.000058
vn 0.000067 -1.000000 0.000087
vn 0.000051 -1.000000 0.000104
vn -0.000496 -1.000000 -0.000335
vn -0.000160 -1.000000 0.000018
vn 0.000117 -1.000000 0.000004
vn -0.000031 -1.000000 0.000082
vn -0.000017 -1.000000 0.000256
vn 0.088326 -0.717020 0.691434
vn 0.346849 -0.717768 0.603743
vn 0.573385 -0.725133 0.381328
vn 0.696306 -0.715769 0.053212
vn 0.589627 -0.723377 -0.359256
vn 0.302554 -0.728643 -0.614443
vn -0.105673 -0.733342 -0.671597
vn -0.460806 -0.725446 -0.511260
vn -0.660442 -0.721569 -0.207738
vn -0.667062 -0.727740 0.159444
vn -0.489591 -0.724827 0.484692
vn -0.182667 -0.719250 0.670308
vn 0.064354 -0.710675 0.700571
vn -0.039644 -0.705783 -0.707318
vn -0.276182 -0.724440 -0.631593
vn -0.449618 -0.702341 -0.551870
vn -0.614409 -0.710191 -0.343700
vn -0.694176 -0.716560 -0.068276
vn -0.709017 -0.698547 0.096578
vn -0.628181 -0.718410 0.298790
vn -0.551166 -0.697880 0.457361
vn -0.358063 -0.717060 0.598010
vn -0.169624 -0.698403 0.695314
vn 0.317479 -0.706203 0.632839
vn 0.514512 -0.708646 0.482804
vn 0.628338 -0.720314 0.293834
vn 0.690921 -0.703510 0.166441
vn 0.681665 -0.720093 -0.129612
vn 0.609608 -0.697446 -0.376758
vn 0.416879 -0.710724 -0.566643
vn 0.145080 -0.729548 -0.668364
vn 0.094978 -0.003251 0.995474
vn -0.080376 -0.001274 -0.996764
vn -0.379049 -0.002153 -0.925374
vn -0.646533 -0.001066 -0.762885
vn -0.880390 0.000368 -0.474250
vn -0.991797 -0.000332 -0.127826
vn -0.988464 -0.000554 0.151454
vn -0.911030 -0.002532 0.412332
vn -0.754001 -0.001135 0.656872
vn -0.526869 -0.000814 0.849946
vn -0.238094 -0.002978 0.971237
vn 0.455964 -0.003852 0.889990
vn 0.733487 -0.002499 0.679699
vn 0.893564 -0.000869 0.448936
vn 0.981949 -0.002426 0.189133
vn 0.987078 -0.004068 -0.160190
vn 0.851044 -0.003844 -0.525080
vn 0.574079 -0.004328 -0.818789
vn 0.238918 -0.002809 -0.971036
vn -0.047737 0.003273 0.998855
vn 0.408288 0.005102 -0.912839
vn 0.757385 0.004080 -0.652956
vn 0.940986 0.003632 -0.338425
vn 0.998844 0.004031 0.047901
vn 0.889421 0.003645 0.457074
vn 0.640554 0.003701 0.767904
vn 0.305735 0.003648 0.952110
vn -0.438280 0.003673 0.898831
vn -0.806093 0.004008 0.591775
vn -0.977356 0.002497 0.211586
vn -0.991994 0.000557 -0.126286
vn -0.877151 0.000620 -0.480215
vn -0.569805 0.003351 -0.821773
vn -0.082840 0.005334 -0.996549
vn 0.000000 1.000000 0.000000
vn 0.000000 1.000000 0.000000
vn 0.000000 1.000000 0.000000
vn 0.000000 1.000000 0.000000
vn 0.000000 1.000000 0.000000
vn 0.000000 1.000000 0.000000
vn 0.000000 1.000000 0.000000
vn 0.000000 1.000000 0.000000
vn 0.000000 1.000000 0.000000
vn 0.000000 1.000000 0.000000
vn 0.000000 1.000000 0.000000
vn 0.000000 1.000000 0.000000
vn 0.000000 1.000000 0.000000
vn 0.000000 1.000000 0.000000
vn 0.000000 1.000000 0.000000
vn 0.000000 1.000000 0.000000
vn 0.000000 1.000000 0.000000
vn 0.000000 1.000000 0.000000
vn 0.000000 1.000000 0.000000
vn 0.000000 1.000000 0.000000
vn 0.000000 1.000000 0.000000
vn 0.000000 1.000000 0.000000
vn 0.000000 1.000000 0.000000
vn 0.000000 1.000000 0.000000
vn 0.000000 1.000000 0.000000
vn 0.000000 1.000000 0.000000
vn 0.000000 1.000000 0.000000
vn 0.000000 1.000000 0.000000
vn 0.000000 1.000000 0.000000
vn 0.000000 1.000000 0.000000
vn 0.944562 -0.000635 -0.328334
vn 0.724354 -0.000430 -0.689428
vn 0.417378 -0.000382 -0.908733
vn 0.009989 -0.000676 -0.999950
vn -0.422844 -0.000578 -0.906202
vn -0.789302 -0.000848 -0.614005
vn -0.983199 -0.000906 -0.182533
vn -0.979804 -0.000139 0.199958
vn -0.832449 0.000108 0.554102
vn -0.533892 -0.000096 0.845553
vn -0.181138 -0.000094 0.983458
vn 0.190209 -0.000514 0.981743
vn 0.528233 -0.000782 0.849099
vn 0.819342 -0.000878 0.573305
vn 0.990976 -0.000684 0.134037
vn -0.947913 0.000953 -0.318527
vn -0.731770 0.000498 -0.681551
vn -0.424584 0.000055 -0.905389
vn -0.066877 0.000545 -0.997761
vn 0.388921 0.000958 -0.921271
vn 0.778026 0.000760 -0.628232
vn 0.961276 0.000162 -0.275588
vn 0.996937 0.000057 0.078214
vn 0.908203 0.000668 0.418529
vn 0.691381 0.000937 0.722489
vn 0.299175 0.000841 0.954198
vn -0.153463 0.000387 0.988154
vn -0.528092 0.000070 0.849187
vn -0.830613 0.000154 0.556850
vn -0.992230 0.000610 0.124412
vn -0.000889 -1.000000 -0.000322
vn -0.000562 -0.999999 -0.001038
vn -0.000936 -0.999999 -0.000416
vn 0.001073 -0.999997 -0.002022
vn -0.000438 -0.999998 -0.001723
vn -0.000004 -1.000000 -0.000161
vn 0.000638 -1.000000 -0.000232
vn 0.000224 -1.000000 0.000150
vn 0.000550 -1.000000 0.000520
vn 0.000818 -0.999999 0.000655
vn 0.000407 -1.000000 0.000345
vn -0.001577 -0.999997 0.001749
vn 0.000104 -0.999999 0.001578
vn -0.001036 -0.999999 0.000288
vn -0.001200 -0.999999 0.000418
vn 0.025129 -0.903578 -0.427686
vn -0.122807 -0.930325 -0.345563
vn -0.245102 -0.916916 -0.314945
vn -0.302157 -0.923496 -0.236339
vn -0.353781 -0.916331 -0.187554
vn -0.402539 -0.915145 -0.021718
vn -0.394695 -0.906980 0.146981
vn -0.329984 -0.915429 0.230434
vn -0.218266 -0.922137 0.319411
vn -0.080531 -0.900355 0.427640
vn -0.013808 -0.906846 0.421235
vn 0.164555 -0.908318 0.384552
vn 0.294594 -0.907931 0.298121
vn 0.374419 -0.917103 0.136869
vn 0.376960 -0.926081 -0.016583
vn 0.371742 -0.919829 -0.125388
vn 0.323153 -0.917755 -0.230864
vn 0.184629 -0.909846 -0.371609
vn 0.086149 0.764909 -0.638351
vn 0.227095 0.774225 -0.590765
vn 0.362497 0.752991 -0.549182
vn 0.546041 0.721993 -0.424929
vn 0.616084 0.758093 -0.213858
vn 0.677815 0.734372 0.035552
vn 0.651592 0.731315 0.201511
vn 0.586981 0.737079 0.334915
vn 0.454064 0.770854 0.446777
vn 0.348973 0.749632 0.562379
vn 0.165956 0.774302 0.610668
vn -0.058309 0.730671 0.680235
vn -0.063044 0.501282 0.862984
vn 0.042921 0.307737 0.950503
vn -0.005779 -0.059191 0.998230
vn 0.012842 -0.453076 0.891380
vn -0.073335 0.014482 -0.997202
vn -0.041194 -0.272653 -0.961230
vn 0.008868 -0.504558 -0.863332
vn 0.022325 0.601312 -0.798702
vn -0.027017 0.339902 -0.940073
vn 0.174694 0.572451 -0.801113
vn 0.147136 0.366663 -0.918645
vn 0.149490 0.122943 -0.981090
vn 0.291884 0.535725 -0.792340
vn 0.110982 -0.198637 -0.973769
vn 0.377303 0.595851 -0.708946
vn 0.373436 0.124072 -0.919321
vn 0.254117 -0.139586 -0.957048
vn 0.477999 0.314065 -0.820293
vn 0.137810 -0.509644 -0.849277
vn 0.520714 0.623305 -0.583393
vn 0.331880 -0.318540 -0.887912
vn 0.579725 0.411689 -0.703158
vn 0.210380 -0.655427 -0.725366
vn 0.536525 -0.037087 -0.843069
vn 0.650290 0.097025 -0.753465
vn 0.457419 -0.272597 -0.846439
vn 0.405301 -0.551276 -0.729264
vn 0.731887 0.426003 -0.531848
vn 0.746512 0.191302 -0.637278
vn 0.599943 -0.250300 -0.759881
vn 0.716854 0.594958 -0.363518
vn 0.611001 -0.434757 -0.661562
vn 0.733750 -0.162549 -0.659688
vn 0.451123 -0.698332 -0.555716
vn 0.861342 0.323226 -0.391938
vn 0.859322 0.114444 -0.498465
vn 0.815774 -0.159803 -0.555855
vn 0.707094 -0.483998 -0.515523
vn 0.848185 0.469954 -0.244390
vn 0.738794 0.663506 -0.118078
vn 0.530269 -0.692893 -0.488584
vn 0.947828 0.178391 -0.264193
vn 0.923475 -0.028389 -0.382607
vn 0.818161 0.573695 -0.038549
vn 0.849210 -0.341224 -0.402999
vn 0.928172 0.359037 -0.097924
vn 0.910389 -0.308639 -0.275559
vn 0.989302 0.081930 -0.120704
vn 0.712384 -0.624474 -0.320220
vn 0.971634 -0.146217 -0.185871
vn 0.987803 0.151879 0.034320
vn 0.857335 0.497612 0.131751
vn 0.974102 -0.225955 0.008287
vn 0.768927 -0.622594 -0.145354
vn 0.951037 0.232413 0.203744
vn 0.898076 -0.433902 -0.072025
vn 0.793043 0.519723 0.317759
vn 0.898793 0.251112 0.359323
vn 0.972766 -0.122068 0.197044
vn 0.738332 -0.673333 0.038576
vn 0.882213 -0.447768 0.145616
vn 0.930250 -0.116188 0.348046
vn 0.641147 0.589857 0.490916
vn 0.821077 0.294496 0.488983
vn 0.705566 -0.681662 0.193683
vn 0.856597 -0.085337 0.508880
vn 0.821372 -0.487821 0.295600
vn 0.527930 0.539303 0.656081
vn 0.780637 0.051340 0.622872
vn 0.695150 0.296007 0.655092
vn 0.783649 -0.410416 0.466318
vn 0.569031 0.274755 0.775057
vn 0.677831 -0.025037 0.734791
vn 0.617636 -0.664683 0.420383
vn 0.703188 -0.322347 0.633735
vn 0.358900 0.536380 0.763863
vn 0.501143 0.160689 0.850314
vn 0.563943 -0.229419 0.793307
vn 0.228426 0.555072 0.799823
vn 0.549552 -0.560975 0.619112
vn 0.341996 0.270635 0.899886
vn 0.099697 0.586809 0.803564
vn 0.412189 -0.007759 0.911065
vn 0.421646 -0.588667 0.689700
vn 0.409617 -0.293912 0.863614
vn 0.230345 0.241813 0.942586
vn 0.280510 -0.135086 0.950298
vn 0.130331 0.070079 0.988991
vn 0.259836 -0.519854 0.813779
vn 0.143445 -0.297396 0.943917
vn 0.100833 -0.683014 0.723412
vn -0.232474 0.753689 0.614743
vn -0.428511 0.753380 0.498796
vn -0.539028 0.772597 0.335473
vn -0.635725 0.757661 0.147663
vn -0.633385 0.769297 -0.083703
vn -0.577134 0.771924 -0.266551
vn -0.392909 0.768824 -0.504512
vn -0.240329 0.744738 -0.622581
vn -0.069482 0.735982 -0.673427
vn -0.123841 0.250318 0.960211
vn -0.236219 0.501259 0.832430
vn -0.374628 0.548111 0.747816
vn -0.271621 0.192821 0.942890
vn -0.128522 -0.107353 0.985879
vn -0.092751 -0.483320 0.870517
vn -0.264080 -0.148416 0.953013
vn -0.411420 0.204515 0.888205
vn -0.536513 0.573244 0.619310
vn -0.567542 0.381419 0.729668
vn -0.400580 -0.143931 0.904886
vn -0.234775 -0.492311 0.838159
vn -0.574885 0.084649 0.813844
vn -0.355195 -0.492672 0.794425
vn -0.499450 -0.298620 0.813250
vn -0.702306 0.500555 0.506173
vn -0.278022 -0.736200 0.617020
vn -0.730042 0.266381 0.629349
vn -0.633303 -0.269833 0.725340
vn -0.733496 -0.012514 0.679578
vn -0.708926 0.627882 0.321230
vn -0.485878 -0.575517 0.657802
vn -0.839823 0.452502 0.299898
vn -0.825188 -0.031049 0.564005
vn -0.883436 0.144447 0.445732
vn -0.721960 -0.368297 0.585774
vn -0.527794 -0.659159 0.535671
vn -0.759352 0.645380 0.082888
vn -0.944196 0.154655 0.290818
vn -0.854355 -0.234894 0.463576
vn -0.665986 -0.600461 0.442616
vn -0.929622 0.358871 0.083757
vn -0.918991 -0.264673 0.292239
vn -0.771012 -0.532509 0.349248
vn -0.819385 0.564079 -0.102095
vn -0.989454 -0.005471 0.144743
vn -0.951810 0.291009 -0.096810
vn -0.778543 0.572716 -0.256645
vn -0.927395 -0.356168 0.114376
vn -0.992704 -0.120542 -0.002795
vn -0.756203 -0.640340 0.134615
vn -0.991592 -0.018239 -0.128110
vn -0.963727 0.076543 -0.255677
vn -0.833854 -0.551042 -0.032249
vn -0.906225 0.214663 -0.364248
vn -0.921407 -0.356683 -0.154230
vn -0.577039 0.700615 -0.419721
vn -0.770845 0.459169 -0.441545
vn -0.928017 -0.186173 -0.322681
vn -0.556759 0.594112 -0.580561
vn -0.788992 0.265942 -0.553866
vn -0.711116 -0.678732 -0.183404
vn -0.872256 -0.075637 -0.483165
vn -0.836343 -0.447860 -0.316153
vn -0.677167 0.415525 -0.607275
vn -0.772263 -0.378632 -0.510145
vn -0.726141 0.126716 -0.675767
vn -0.753262 -0.142044 -0.642199
vn -0.449731 0.559350 -0.696326
vn -0.697418 -0.623255 -0.353781
vn -0.587945 0.333327 -0.737031
vn -0.624456 0.028434 -0.780542
vn -0.355236 0.501656 -0.788764
vn -0.599593 -0.599151 -0.530572
vn -0.487557 0.195474 -0.850927
vn -0.596325 -0.303588 -0.743122
vn -0.180448 0.536408 -0.824442
vn -0.341676 0.188146 -0.920792
vn -0.473768 -0.169841 -0.864117
vn -0.523403 -0.567135 -0.635930
vn -0.203587 0.234434 -0.950575
vn -0.306054 -0.125596 -0.943693
vn -0.369107 -0.450860 -0.812703
vn -0.361503 -0.685355 -0.632142
vn -0.186465 -0.345321 -0.919774
vn -0.232955 -0.654833 -0.718976
vn -0.107555 -0.682236 -0.723178
vn -0.151225 0.918833 0.364524
vn -0.084056 0.848690 0.522169
vn -0.289107 0.948639 0.128457
vn -0.196004 0.969007 0.150356
vn -0.163948 0.967278 0.193635
vn -0.164338 0.948640 0.270325
vn -0.515490 0.846618 -0.132317
vn -0.511987 0.852736 0.103490
vn -0.148222 0.951962 -0.267953
vn -0.165066 0.971156 -0.172076
vn -0.272701 0.952617 -0.134742
vn -0.092500 0.850915 -0.517094
vn -0.148410 0.919488 -0.364027
vn -0.284688 0.900415 0.328947
vn -0.232136 0.951060 0.203956
vn -0.212682 0.871157 0.442552
vn -0.398936 0.897475 0.188117
vn -0.210651 0.950246 -0.229474
vn -0.397934 0.897935 -0.188045
vn -0.289110 0.899006 -0.328943
vn -0.205486 0.872164 -0.443965
vn 0.091013 0.847038 0.523683
vn 0.089176 0.853475 -0.513447
vn 0.128848 0.923464 -0.361404
vn 0.241936 0.954613 -0.173727
vn 0.170540 0.966082 -0.193909
vn 0.128755 0.959258 -0.251489
vn 0.519766 0.848044 -0.103275
vn 0.347734 0.925701 -0.148855
vn 0.508840 0.855025 0.100071
vn 0.355101 0.923725 0.143650
vn 0.159716 0.946199 0.281421
vn 0.166568 0.967939 0.188016
vn 0.239536 0.961878 0.131961
vn 0.155442 0.912016 0.379558
vn 0.253484 0.882661 0.395797
vn 0.257576 0.938137 0.231417
vn 0.431904 0.872369 0.228979
vn 0.204361 0.942468 -0.264557
vn 0.370789 0.899325 -0.231796
vn 0.195021 0.887739 -0.416997
vn 0.331554 0.866620 -0.372884
vn -0.002119 -0.000238 -0.999998
vn -0.033937 -0.029519 -0.998988
vn 0.030720 0.029979 -0.999078
vn -0.000193 0.001534 -0.999999
vn -0.999902 0.013698 0.002805
vn -0.999874 0.004754 -0.015150
vn -0.016068 0.002935 -0.999867
vn -0.018552 -0.006339 -0.999808
vn -0.983770 0.009469 -0.179184
vn -0.774735 0.013576 -0.632141
vn -0.332870 0.003812 -0.942965
vn -0.999965 -0.003540 -0.007622
vn -0.025010 0.017933 -0.999526
vn -0.287399 0.007385 -0.957783
vn -0.700906 -0.004716 -0.713238
vn -0.961803 -0.009099 -0.273592
vn 0.000000 1.000000 0.000000
vn 0.000000 1.000000 0.000000
vn -0.000001 1.000000 -0.000002
vn 0.000000 1.000000 -0.000000
vn 0.000002 1.000000 0.000001
vn 0.000000 1.000000 0.000000
vn 0.000000 1.000000 0.000000
vn 0.000000 1.000000 0.000000
vn 0.000001 1.000000 0.000001
vn 0.000000 1.000000 0.000000
vn 0.000000 1.000000 0.000000
vn 0.000000 1.000000 0.000000
vn 0.000000 1.000000 0.000000
vn -0.000000 1.000000 0.000000
vn 0.000000 1.000000 0.000000
vn 0.000000 1.000000 0.000000
vn 0.000000 1.000000 0.000000
vn 0.000000 1.000000 0.000000
vn -0.000001 1.000000 -0.000000
vn 0.000000 1.000000 0.000000
vn 0.999391 -0.016355 -0.030810
vn 0.994295 -0.048638 -0.094934
vn 0.165572 0.007063 -0.986172
vn 0.510836 0.014934 -0.859548
vn 0.817528 0.013520 -0.575730
vn 0.977370 0.008022 -0.211383
vn 0.010167 -0.007672 -0.999919
vn 0.999015 -0.020093 -0.039572
vn 0.961588 -0.010600 -0.274291
vn 0.704105 -0.017630 -0.709877
vn 0.270134 -0.011558 -0.962753
vn 0.013397 -0.002227 -0.999908
vn 0.998977 -0.039980 0.021146
vn 0.999898 -0.011181 -0.008885
vn 0.998977 0.019469 -0.040807
vn 0.999899 -0.009840 -0.010282
vn 0.011935 0.011629 0.999861
vn 0.960325 0.002548 0.278871
vn 0.728937 0.010805 0.684495
vn 0.301956 0.011003 0.953258
vn 0.999974 -0.002988 0.006542
vn 0.999913 -0.001777 0.013092
vn 0.016041 0.017878 0.999711
vn 0.202440 -0.003797 0.979287
vn 0.662841 -0.012064 0.748663
vn 0.964244 -0.007285 0.264917
vn 0.999950 -0.004259 0.009003
vn 0.019655 -0.000720 0.999807
vn 0.014653 -0.005613 0.999877
vn 0.024777 0.004291 0.999684
vn 0.019828 -0.000551 0.999803
vn -0.999302 -0.012691 0.035129
vn -0.999852 0.000595 0.017167
vn -0.380563 0.005276 0.924740
vn -0.786605 0.007466 0.617411
vn -0.971967 0.004281 0.235080
vn -0.015257 -0.007864 0.999853
vn -0.029621 0.002705 0.999558
vn -0.999828 -0.002754 0.018322
vn -0.984947 -0.003698 0.172815
vn -0.792728 -0.010001 0.609493
vn -0.299282 -0.009718 0.954115
vn -0.013395 -0.011093 0.999849
vn -0.999998 -0.001634 -0.001520
vn -0.998302 -0.040539 -0.041828
vn -0.998399 0.039199 0.040786
vn -1.000000 -0.000259 -0.000095
f 1471//1471 1470//1470 1469//1469
f 1474//1474 1464//1464 1463//1463
f 1474//1474 1466//1466 1465//1465
f 1474//1474 1465//1465 1464//1464
f 1473//1473 1467//1467 1466//1466
f 1473//1473 1466//1466 1474//1474
f 1473//1473 1468//1468 1467//1467
f 1473//1473 1469//1469 1468//1468
f 1473//1473 1471//1471 1469//1469
f 1473//1473 1472//1472 1471//1471
f 1498//1498 1475//1475 1476//1476
f 1499//1499 1498//1498 1476//1476
f 1499//1499 1476//1476 1477//1477
f 1477//1477 1500//1500 1499//1499
f 1501//1501 1500//1500 1477//1477
f 1501//1501 1477//1477 1478//1478
f 1504//1504 1479//1479 1480//1480
f 1502//1502 1478//1478 1479//1479
f 1503//1503 1502//1502 1479//1479
f 1504//1504 1503//1503 1479//1479
f 1498//1498 1487//1487 1475//1475
f 1505//1505 1504//1504 1480//1480
f 1505//1505 1481//1481 1488//1488
f 1502//1502 1501//1501 1478//1478
f 1486//1486 1487//1487 1497//1497
f 1505//1505 1480//1480 1481//1481
f 1497//1497 1496//1496 1486//1486
f 1486//1486 1475//1475 1487//1487
f 1489//1489 1488//1488 1481//1481
f 1489//1489 1481//1481 1482//1482
f 1490//1490 1489//1489 1482//1482
f 1491//1491 1490//1490 1482//1482
f 1492//1492 1491//1491 1483//1483
f 1491//1491 1482//1482 1483//1483
f 1493//1493 1492//1492 1484//1484
f 1494//1494 1493//1493 1484//1484
f 1494//1494 1484//1484 1485//1485
f 1495//1495 1494//1494 1485//1485
f 1496//1496 1495//1495 1485//1485
f 1496//1496 1485//1485 1486//1486
f 1492//1492 1483//1483 1484//1484
f 1511//1511 1512//1512 1536//1536
f 1508//1508 1509//1509 1538//1538
f 1509//1509 1510//1510 1538//1538
f 1510//1510 1537//1537 1538//1538
f 1510//1510 1511//1511 1536//1536
f 1510//1510 1536//1536 1537//1537
f 1512//1512 1535//1535 1536//1536
f 1516//1516 1506//1506 1525//1525
f 1513//1513 1534//1534 1535//1535
f 1513//1513 1514//1514 1534//1534
f 1514//1514 1515//1515 1534//1534
f 1515//1515 1533//1533 1534//1534
f 1515//1515 1516//1516 1533//1533
f 1508//1508 1538//1538 1539//1539
f 1516//1516 1525//1525 1533//1533
f 1512//1512 1513//1513 1535//1535
f 1507//1507 1508//1508 1539//1539
f 1518//1518 1530//1530 1531//1531
f 1506//1506 1517//1517 1532//1532
f 1524//1524 1539//1539 1526//1526
f 1524//1524 1507//1507 1539//1539
f 1523//1523 1524//1524 1526//1526
f 1523//1523 1526//1526 1527//1527
f 1506//1506 1532//1532 1525//1525
f 1522//1522 1527//1527 1528//1528
f 1521//1521 1522//1522 1528//1528
f 1522//1522 1523//1523 1527//1527
f 1520//1520 1521//1521 1529//1529
f 1520//1520 1529//1529 1530//1530
f 1519//1519 1520//1520 1530//1530
f 1518//1518 1519//1519 1530//1530
f 1517//1517 1518//1518 1531//1531
f 1517//1517 1531//1531 1532//1532
f 1521//1521 1528//1528 1529//1529
f 1545//1545 1569//1569 1568//1568
f 1546//1546 1568//1568 1567//1567
f 1546//1546 1545//1545 1568//1568
f 1546//1546 1567//1567 1547//1547
f 1547//1547 1567//1567 1566//1566
f 1545//1545 1544//1544 1569//1569
f 1559//1559 1553//1553 1560//1560
f 1540//1540 1566//1566 1565//1565
f 1560//1560 1553//1553 1552//1552
f 1561//1561 1560//1560 1552//1552
f 1559//1559 1554//1554 1553//1553
f 1547//1547 1566//1566 1540//1540
f 1558//1558 1554//1554 1559//1559
f 1562//1562 1561//1561 1551//1551
f 1562//1562 1551//1551 1550//1550
f 1558//1558 1541//1541 1554//1554
f 1562//1562 1550//1550 1549//1549
f 1557//1557 1541//1541 1558//1558
f 1561//1561 1552//1552 1551//1551
f 1556//1556 1541//1541 1557//1557
f 1563//1563 1562//1562 1549//1549
f 1544//1544 1543//1543 1555//1555
f 1540//1540 1565//1565 1548//1548
f 1548//1548 1565//1565 1564//1564
f 1544//1544 1555//1555 1569//1569
f 1555//1555 1542//1542 1556//1556
f 1548//1548 1564//1564 1549//1549
f 1549//1549 1564//1564 1563//1563
f 1556//1556 1542//1542 1541//1541
f 1543//1543 1542//1542 1555//1555
f 1581//1581 1595//1595 1596//1596
f 1583//1583 1593//1593 1594//1594
f 1582//1582 1583//1583 1594//1594
f 1582//1582 1594//1594 1595//1595
f 1581//1581 1582//1582 1595//1595
f 1579//1579 1596//1596 1597//1597
f 1577//1577 1578//1578 1599//1599
f 1579//1579 1597//1597 1598//1598
f 1578//1578 1579//1579 1598//1598
f 1578//1578 1598//1598 1599//1599
f 1576//1576 1577//1577 1599//1599
f 1583//1583 1584//1584 1593//1593
f 1579//1579 1580//1580 1596//1596
f 1584//1584 1592//1592 1593//1593
f 1580//1580 1581//1581 1596//1596
f 1570//1570 1591//1591 1592//1592
f 1584//1584 1570//1570 1592//1592
f 1576//1576 1599//1599 1585//1585
f 1575//1575 1585//1585 1586//1586
f 1574//1574 1575//1575 1586//1586
f 1574//1574 1586//1586 1587//1587
f 1574//1574 1587//1587 1588//1588
f 1573//1573 1574//1574 1588//1588
f 1575//1575 1576//1576 1585//1585
f 1573//1573 1588//1588 1589//1589
f 1570//1570 1571//1571 1590//1590
f 1571//1571 1589//1589 1590//1590
f 1570//1570 1590//1590 1591//1591
f 1572//1572 1573//1573 1589//1589
f 1571//1571 1572//1572 1589//1589
f 1787//1787 1786//1786 1781//1781
f 1793//1793 1790//1790 1786//1786
f 1788//1788 1620//1620 1785//1785
f 1793//1793 1786//1786 1787//1787
f 1793//1793 1787//1787 1789//1789
f 1791//1791 1792//1792 1782//1782
f 1792//1792 1789//1789 1782//1782
f 1791//1791 1782//1782 1741//1741
f 1790//1790 1784//1784 1786//1786
f 1790//1790 1788//1788 1784//1784
f 1789//1789 1787//1787 1781//1781
f 1785//1785 1620//1620 1621//1621
f 1788//1788 1783//1783 1784//1784
f 1784//1784 1783//1783 1780//1780
f 1788//1788 1785//1785 1783//1783
f 1781//1781 1779//1779 1782//1782
f 1785//1785 1621//1621 1778//1778
f 1786//1786 1784//1784 1781//1781
f 1785//1785 1777//1777 1783//1783
f 1795//1795 1792//1792 1791//1791
f 1785//1785 1778//1778 1777//1777
f 1741//1741 1782//1782 1740//1740
f 1784//1784 1780//1780 1781//1781
f 1782//1782 1779//1779 1740//1740
f 1783//1783 1777//1777 1780//1780
f 1781//1781 1780//1780 1776//1776
f 1789//1789 1781//1781 1782//1782
f 1795//1795 1789//1789 1792//1792
f 1799//1799 1795//1795 1791//1791
f 1796//1796 1788//1788 1790//1790
f 1808//1808 1804//1804 1800//1800
f 1809//1809 1805//1805 1803//1803
f 1809//1809 1806//1806 1805//1805
f 1807//1807 1803//1803 1743//1743
f 1743//1743 1803//1803 1742//1742
f 1806//1806 1801//1801 1805//1805
f 1805//1805 1794//1794 1803//1803
f 1805//1805 1801//1801 1799//1799
f 1619//1619 1796//1796 1804//1804
f 1800//1800 1797//1797 1802//1802
f 1801//1801 1802//1802 1795//1795
f 1805//1805 1799//1799 1794//1794
f 1804//1804 1798//1798 1800//1800
f 1804//1804 1796//1796 1798//1798
f 1803//1803 1794//1794 1742//1742
f 1802//1802 1797//1797 1795//1795
f 1801//1801 1795//1795 1799//1799
f 1800//1800 1798//1798 1793//1793
f 1800//1800 1793//1793 1797//1797
f 1796//1796 1619//1619 1620//1620
f 1796//1796 1620//1620 1788//1788
f 1797//1797 1789//1789 1795//1795
f 1781//1781 1776//1776 1779//1779
f 1798//1798 1796//1796 1790//1790
f 1797//1797 1793//1793 1789//1789
f 1799//1799 1791//1791 1794//1794
f 1798//1798 1790//1790 1793//1793
f 1794//1794 1791//1791 1742//1742
f 1621//1621 1775//1775 1778//1778
f 1777//1777 1769//1769 1773//1773
f 1779//1779 1776//1776 1772//1772
f 1766//1766 1761//1761 1758//1758
f 1761//1761 1623//1623 1624//1624
f 1764//1764 1763//1763 1757//1757
f 1766//1766 1758//1758 1759//1759
f 1765//1765 1760//1760 1738//1738
f 1764//1764 1757//1757 1762//1762
f 1762//1762 1754//1754 1760//1760
f 1763//1763 1759//1759 1757//1757
f 1762//1762 1757//1757 1754//1754
f 1758//1758 1761//1761 1756//1756
f 1760//1760 1754//1754 1753//1753
f 1760//1760 1737//1737 1738//1738
f 1766//1766 1759//1759 1763//1763
f 1761//1761 1624//1624 1756//1756
f 1759//1759 1755//1755 1757//1757
f 1760//1760 1753//1753 1737//1737
f 1758//1758 1756//1756 1755//1755
f 1757//1757 1755//1755 1752//1752
f 1756//1756 1624//1624 1750//1750
f 1755//1755 1756//1756 1751//1751
f 1757//1757 1752//1752 1754//1754
f 1624//1624 1625//1625 1735//1735
f 1753//1753 1754//1754 1747//1747
f 1754//1754 1752//1752 1747//1747
f 1624//1624 1735//1735 1750//1750
f 1806//1806 1802//1802 1801//1801
f 1758//1758 1755//1755 1759//1759
f 1767//1767 1760//1760 1765//1765
f 1768//1768 1764//1764 1762//1762
f 1769//1769 1762//1762 1760//1760
f 1780//1780 1773//1773 1776//1776
f 1780//1780 1777//1777 1773//1773
f 1779//1779 1772//1772 1740//1740
f 1778//1778 1774//1774 1777//1777
f 1776//1776 1773//1773 1767//1767
f 1622//1622 1771//1771 1775//1775
f 1778//1778 1775//1775 1770//1770
f 1772//1772 1739//1739 1740//1740
f 1778//1778 1770//1770 1774//1774
f 1777//1777 1774//1774 1769//1769
f 1776//1776 1767//1767 1772//1772
f 1775//1775 1771//1771 1770//1770
f 1774//1774 1768//1768 1769//1769
f 1774//1774 1770//1770 1768//1768
f 1770//1770 1771//1771 1763//1763
f 1772//1772 1767//1767 1765//1765
f 1771//1771 1622//1622 1623//1623
f 1773//1773 1769//1769 1767//1767
f 1772//1772 1765//1765 1739//1739
f 1770//1770 1764//1764 1768//1768
f 1771//1771 1623//1623 1766//1766
f 1771//1771 1766//1766 1763//1763
f 1623//1623 1761//1761 1766//1766
f 1769//1769 1760//1760 1767//1767
f 1765//1765 1738//1738 1739//1739
f 1770//1770 1763//1763 1764//1764
f 1769//1769 1768//1768 1762//1762
f 1621//1621 1622//1622 1775//1775
f 1807//1807 1809//1809 1803//1803
f 1840//1840 1832//1832 1839//1839
f 1810//1810 1802//1802 1806//1806
f 1858//1858 1853//1853 1856//1856
f 1857//1857 1642//1642 1641//1641
f 1857//1857 1643//1643 1642//1642
f 1857//1857 1843//1843 1643//1643
f 1857//1857 1856//1856 1843//1843
f 1849//1849 1851//1851 1638//1638
f 1843//1843 1823//1823 1643//1643
f 1823//1823 1644//1644 1643//1643
f 1842//1842 1833//1833 1743//1743
f 1842//1842 1834//1834 1833//1833
f 1842//1842 1841//1841 1834//1834
f 1842//1842 1743//1743 1742//1742
f 1858//1858 1856//1856 1857//1857
f 1834//1834 1841//1841 1830//1830
f 1841//1841 1839//1839 1830//1830
f 1841//1841 1742//1742 1791//1791
f 1841//1841 1791//1791 1840//1840
f 1840//1840 1791//1791 1741//1741
f 1839//1839 1831//1831 1830//1830
f 1841//1841 1840//1840 1839//1839
f 1840//1840 1740//1740 1828//1828
f 1840//1840 1741//1741 1740//1740
f 1756//1756 1750//1750 1751//1751
f 1839//1839 1832//1832 1831//1831
f 1840//1840 1828//1828 1832//1832
f 1829//1829 1739//1739 1838//1838
f 1842//1842 1742//1742 1841//1841
f 1859//1859 1641//1641 1640//1640
f 1859//1859 1857//1857 1641//1641
f 1854//1854 1853//1853 1858//1858
f 1844//1844 1634//1634 1633//1633
f 1844//1844 1862//1862 1634//1634
f 1844//1844 1845//1845 1862//1862
f 1862//1862 1635//1635 1634//1634
f 1862//1862 1863//1863 1635//1635
f 1862//1862 1860//1860 1863//1863
f 1863//1863 1636//1636 1635//1635
f 1863//1863 1860//1860 1861//1861
f 1863//1863 1861//1861 1636//1636
f 1862//1862 1845//1845 1860//1860
f 1861//1861 1637//1637 1636//1636
f 1861//1861 1849//1849 1637//1637
f 1860//1860 1846//1846 1861//1861
f 1861//1861 1850//1850 1849//1849
f 1861//1861 1846//1846 1850//1850
f 1860//1860 1848//1848 1847//1847
f 1860//1860 1845//1845 1848//1848
f 1860//1860 1847//1847 1846//1846
f 1638//1638 1637//1637 1849//1849
f 1851//1851 1859//1859 1639//1639
f 1851//1851 1639//1639 1638//1638
f 1852//1852 1858//1858 1859//1859
f 1852//1852 1859//1859 1851//1851
f 1859//1859 1640//1640 1639//1639
f 1858//1858 1852//1852 1855//1855
f 1858//1858 1855//1855 1854//1854
f 1858//1858 1857//1857 1859//1859
f 1838//1838 1739//1739 1738//1738
f 1829//1829 1838//1838 1824//1824
f 1838//1838 1738//1738 1835//1835
f 1838//1838 1836//1836 1824//1824
f 1649//1649 1815//1815 1653//1653
f 1649//1649 1816//1816 1815//1815
f 1816//1816 1812//1812 1815//1815
f 1653//1653 1815//1815 1811//1811
f 1818//1818 1617//1617 1814//1814
f 1817//1817 1813//1813 1816//1816
f 1811//1811 1652//1652 1653//1653
f 1818//1818 1814//1814 1817//1817
f 1811//1811 1744//1744 1652//1652
f 1817//1817 1810//1810 1813//1813
f 1617//1617 1618//1618 1808//1808
f 1817//1817 1814//1814 1810//1810
f 1816//1816 1813//1813 1812//1812
f 1617//1617 1808//1808 1814//1814
f 1812//1812 1813//1813 1809//1809
f 1815//1815 1812//1812 1811//1811
f 1744//1744 1633//1633 1652//1652
f 1812//1812 1807//1807 1811//1811
f 1744//1744 1811//1811 1743//1743
f 1808//1808 1618//1618 1619//1619
f 1814//1814 1808//1808 1810//1810
f 1813//1813 1810//1810 1806//1806
f 1813//1813 1806//1806 1809//1809
f 1812//1812 1809//1809 1807//1807
f 1808//1808 1800//1800 1810//1810
f 1811//1811 1807//1807 1743//1743
f 1808//1808 1619//1619 1804//1804
f 1820//1820 1818//1818 1817//1817
f 1810//1810 1800//1800 1802//1802
f 1818//1818 1616//1616 1617//1617
f 1819//1819 1816//1816 1649//1649
f 1835//1835 1738//1738 1737//1737
f 1838//1838 1835//1835 1836//1836
f 1835//1835 1737//1737 1837//1837
f 1824//1824 1836//1836 1825//1825
f 1837//1837 1737//1737 1736//1736
f 1835//1835 1827//1827 1836//1836
f 1837//1837 1822//1822 1835//1835
f 1836//1836 1826//1826 1825//1825
f 1837//1837 1736//1736 1823//1823
f 1837//1837 1823//1823 1822//1822
f 1836//1836 1827//1827 1826//1826
f 1835//1835 1822//1822 1827//1827
f 1633//1633 1744//1744 1844//1844
f 1844//1844 1744//1744 1833//1833
f 1744//1744 1743//1743 1833//1833
f 1740//1740 1829//1829 1828//1828
f 1740//1740 1739//1739 1829//1829
f 1736//1736 1644//1644 1823//1823
f 1821//1821 1651//1651 1615//1615
f 1821//1821 1615//1615 1616//1616
f 1651//1651 1821//1821 1819//1819
f 1821//1821 1616//1616 1820//1820
f 1651//1651 1819//1819 1650//1650
f 1821//1821 1820//1820 1819//1819
f 1650//1650 1819//1819 1649//1649
f 1819//1819 1820//1820 1817//1817
f 1820//1820 1616//1616 1818//1818
f 1819//1819 1817//1817 1816//1816
f 1755//1755 1751//1751 1748//1748
f 1646//1646 1726//1726 1645//1645
f 1750//1750 1735//1735 1648//1648
f 1678//1678 1632//1632 1671//1671
f 1676//1676 1674//1674 1677//1677
f 1679//1679 1672//1672 1675//1675
f 1676//1676 1671//1671 1674//1674
f 1677//1677 1669//1669 1673//1673
f 1677//1677 1674//1674 1669//1669
f 1671//1671 1670//1670 1674//1674
f 1675//1675 1636//1636 1637//1637
f 1675//1675 1672//1672 1636//1636
f 1674//1674 1670//1670 1668//1668
f 1674//1674 1668//1668 1669//1669
f 1632//1632 1667//1667 1671//1671
f 1680//1680 1673//1673 1672//1672
f 1673//1673 1666//1666 1672//1672
f 1672//1672 1666//1666 1664//1664
f 1671//1671 1665//1665 1670//1670
f 1672//1672 1664//1664 1636//1636
f 1671//1671 1667//1667 1665//1665
f 1668//1668 1662//1662 1669//1669
f 1667//1667 1632//1632 1615//1615
f 1668//1668 1670//1670 1660//1660
f 1667//1667 1663//1663 1665//1665
f 1670//1670 1665//1665 1660//1660
f 1669//1669 1662//1662 1666//1666
f 1667//1667 1615//1615 1663//1663
f 1668//1668 1660//1660 1662//1662
f 1673//1673 1669//1669 1666//1666
f 1755//1755 1748//1748 1752//1752
f 1678//1678 1671//1671 1676//1676
f 1679//1679 1680//1680 1672//1672
f 1694//1694 1691//1691 1687//1687
f 1693//1693 1685//1685 1682//1682
f 1694//1694 1687//1687 1686//1686
f 1693//1693 1682//1682 1689//1689
f 1691//1691 1689//1689 1687//1687
f 1692//1692 1686//1686 1690//1690
f 1688//1688 1690//1690 1684//1684
f 1690//1690 1686//1686 1683//1683
f 1689//1689 1682//1682 1681//1681
f 1690//1690 1683//1683 1684//1684
f 1689//1689 1681//1681 1687//1687
f 1686//1686 1687//1687 1679//1679
f 1688//1688 1684//1684 1637//1637
f 1688//1688 1637//1637 1638//1638
f 1687//1687 1680//1680 1679//1679
f 1685//1685 1631//1631 1678//1678
f 1687//1687 1681//1681 1680//1680
f 1686//1686 1679//1679 1683//1683
f 1682//1682 1685//1685 1676//1676
f 1684//1684 1683//1683 1637//1637
f 1681//1681 1682//1682 1677//1677
f 1678//1678 1631//1631 1632//1632
f 1683//1683 1679//1679 1675//1675
f 1685//1685 1678//1678 1676//1676
f 1680//1680 1681//1681 1673//1673
f 1683//1683 1675//1675 1637//1637
f 1682//1682 1676//1676 1677//1677
f 1636//1636 1664//1664 1635//1635
f 1631//1631 1685//1685 1693//1693
f 1665//1665 1661//1661 1660//1660
f 1666//1666 1662//1662 1659//1659
f 1621//1621 1620//1620 1614//1614
f 1625//1625 1611//1611 1610//1610
f 1620//1620 1600//1600 1614//1614
f 1625//1625 1610//1610 1626//1626
f 1620//1620 1619//1619 1600//1600
f 1619//1619 1601//1601 1600//1600
f 1619//1619 1618//1618 1601//1601
f 1626//1626 1609//1609 1627//1627
f 1626//1626 1610//1610 1609//1609
f 1601//1601 1618//1618 1617//1617
f 1609//1609 1608//1608 1627//1627
f 1601//1601 1617//1617 1602//1602
f 1624//1624 1611//1611 1625//1625
f 1602//1602 1617//1617 1616//1616
f 1602//1602 1616//1616 1603//1603
f 1608//1608 1607//1607 1628//1628
f 1603//1603 1616//1616 1615//1615
f 1607//1607 1629//1629 1628//1628
f 1607//1607 1606//1606 1629//1629
f 1603//1603 1615//1615 1604//1604
f 1604//1604 1615//1615 1632//1632
f 1606//1606 1630//1630 1629//1629
f 1606//1606 1631//1631 1630//1630
f 1606//1606 1605//1605 1631//1631
f 1604//1604 1632//1632 1605//1605
f 1605//1605 1632//1632 1631//1631
f 1608//1608 1628//1628 1627//1627
f 1621//1621 1614//1614 1613//1613
f 1624//1624 1612//1612 1611//1611
f 1623//1623 1612//1612 1624//1624
f 1666//1666 1659//1659 1664//1664
f 1663//1663 1658//1658 1661//1661
f 1663//1663 1615//1615 1651//1651
f 1662//1662 1660//1660 1657//1657
f 1664//1664 1659//1659 1635//1635
f 1663//1663 1651//1651 1658//1658
f 1661//1661 1656//1656 1660//1660
f 1662//1662 1657//1657 1659//1659
f 1661//1661 1658//1658 1656//1656
f 1651//1651 1650//1650 1658//1658
f 1660//1660 1656//1656 1655//1655
f 1659//1659 1657//1657 1635//1635
f 1660//1660 1655//1655 1657//1657
f 1657//1657 1655//1655 1654//1654
f 1635//1635 1657//1657 1634//1634
f 1658//1658 1650//1650 1649//1649
f 1658//1658 1649//1649 1656//1656
f 1657//1657 1654//1654 1633//1633
f 1657//1657 1633//1633 1634//1634
f 1656//1656 1649//1649 1653//1653
f 1656//1656 1653//1653 1655//1655
f 1654//1654 1655//1655 1652//1652
f 1655//1655 1653//1653 1652//1652
f 1654//1654 1652//1652 1633//1633
f 1622//1622 1612//1612 1623//1623
f 1622//1622 1613//1613 1612//1612
f 1622//1622 1621//1621 1613//1613
f 1665//1665 1663//1663 1661//1661
f 1695//1695 1690//1690 1688//1688
f 1681//1681 1677//1677 1673//1673
f 1696//1696 1688//1688 1638//1638
f 1733//1733 1728//1728 1729//1729
f 1646//1646 1730//1730 1726//1726
f 1731//1731 1729//1729 1727//1727
f 1627//1627 1724//1724 1728//1728
f 1729//1729 1728//1728 1722//1722
f 1731//1731 1727//1727 1730//1730
f 1726//1726 1730//1730 1723//1723
f 1726//1726 1644//1644 1645//1645
f 1730//1730 1727//1727 1725//1725
f 1730//1730 1725//1725 1723//1723
f 1729//1729 1722//1722 1727//1727
f 1727//1727 1721//1721 1725//1725
f 1626//1626 1627//1627 1728//1728
f 1728//1728 1724//1724 1722//1722
f 1727//1727 1722//1722 1721//1721
f 1627//1627 1718//1718 1724//1724
f 1725//1725 1720//1720 1723//1723
f 1726//1726 1723//1723 1643//1643
f 1724//1724 1719//1719 1722//1722
f 1725//1725 1721//1721 1720//1720
f 1724//1724 1718//1718 1719//1719
f 1721//1721 1716//1716 1720//1720
f 1723//1723 1720//1720 1643//1643
f 1722//1722 1719//1719 1717//1717
f 1722//1722 1717//1717 1721//1721
f 1720//1720 1716//1716 1712//1712
f 1644//1644 1726//1726 1643//1643
f 1692//1692 1694//1694 1686//1686
f 1732//1732 1731//1731 1730//1730
f 1733//1733 1729//1729 1731//1731
f 1751//1751 1750//1750 1749//1749
f 1753//1753 1747//1747 1737//1737
f 1752//1752 1748//1748 1746//1746
f 1752//1752 1746//1746 1747//1747
f 1751//1751 1749//1749 1748//1748
f 1737//1737 1747//1747 1736//1736
f 1750//1750 1647//1647 1749//1749
f 1750//1750 1648//1648 1647//1647
f 1748//1748 1749//1749 1745//1745
f 1747//1747 1746//1746 1736//1736
f 1749//1749 1647//1647 1745//1745
f 1748//1748 1745//1745 1746//1746
f 1746//1746 1745//1745 1645//1645
f 1746//1746 1644//1644 1736//1736
f 1745//1745 1647//1647 1646//1646
f 1746//1746 1645//1645 1644//1644
f 1745//1745 1646//1646 1645//1645
f 1735//1735 1625//1625 1626//1626
f 1648//1648 1735//1735 1734//1734
f 1735//1735 1626//1626 1733//1733
f 1735//1735 1733//1733 1734//1734
f 1734//1734 1647//1647 1648//1648
f 1647//1647 1734//1734 1732//1732
f 1626//1626 1728//1728 1733//1733
f 1734//1734 1731//1731 1732//1732
f 1733//1733 1731//1731 1734//1734
f 1732//1732 1646//1646 1647//1647
f 1718//1718 1715//1715 1719//1719
f 1718//1718 1627//1627 1628//1628
f 1646//1646 1732//1732 1730//1730
f 1721//1721 1717//1717 1716//1716
f 1706//1706 1703//1703 1699//1699
f 1705//1705 1704//1704 1700//1700
f 1707//1707 1701//1701 1640//1640
f 1705//1705 1697//1697 1703//1703
f 1706//1706 1699//1699 1702//1702
f 1705//1705 1700//1700 1697//1697
f 1704//1704 1698//1698 1700//1700
f 1703//1703 1697//1697 1695//1695
f 1640//1640 1701//1701 1639//1639
f 1698//1698 1629//1629 1630//1630
f 1703//1703 1695//1695 1699//1699
f 1702//1702 1699//1699 1701//1701
f 1701//1701 1699//1699 1696//1696
f 1704//1704 1629//1629 1698//1698
f 1698//1698 1630//1630 1693//1693
f 1700//1700 1694//1694 1697//1697
f 1700//1700 1698//1698 1691//1691
f 1695//1695 1697//1697 1692//1692
f 1699//1699 1695//1695 1696//1696
f 1700//1700 1691//1691 1694//1694
f 1698//1698 1693//1693 1691//1691
f 1696//1696 1638//1638 1639//1639
f 1697//1697 1694//1694 1692//1692
f 1695//1695 1692//1692 1690//1690
f 1696//1696 1695//1695 1688//1688
f 1693//1693 1630//1630 1631//1631
f 1691//1691 1693//1693 1689//1689
f 1720//1720 1642//1642 1643//1643
f 1701//1701 1696//1696 1639//1639
f 1708//1708 1701//1701 1707//1707
f 1641//1641 1707//1707 1640//1640
f 1715//1715 1706//1706 1710//1710
f 1628//1628 1709//1709 1718//1718
f 1720//1720 1712//1712 1642//1642
f 1719//1719 1715//1715 1710//1710
f 1719//1719 1710//1710 1713//1713
f 1718//1718 1709//1709 1711//1711
f 1718//1718 1711//1711 1715//1715
f 1717//1717 1713//1713 1714//1714
f 1716//1716 1714//1714 1712//1712
f 1642//1642 1712//1712 1641//1641
f 1715//1715 1711//1711 1706//1706
f 1714//1714 1713//1713 1708//1708
f 1708//1708 1702//1702 1701//1701
f 1713//1713 1710//1710 1708//1708
f 1712//1712 1714//1714 1707//1707
f 1714//1714 1708//1708 1707//1707
f 1709//1709 1705//1705 1711//1711
f 1628//1628 1629//1629 1704//1704
f 1628//1628 1704//1704 1709//1709
f 1712//1712 1707//1707 1641//1641
f 1711//1711 1705//1705 1706//1706
f 1710//1710 1706//1706 1708//1708
f 1709//1709 1704//1704 1705//1705
f 1706//1706 1705//1705 1703//1703
f 1708//1708 1706//1706 1702//1702
f 1717//1717 1714//1714 1716//1716
f 1717//1717 1719//1719 1713//1713
f 1867//1867 1864//1864 1865//1865
f 1866//1866 1864//1864 1867//1867
f 1877//1877 1870//1870 1876//1876
f 1877//1877 1871//1871 1870//1870
f 1878//1878 1879//1879 1873//1873
f 1879//1879 1872//1872 1873//1873
f 1877//1877 1874//1874 1871//1871
f 1879//1879 1875//1875 1872//1872
f 1877//1877 1873//1873 1874//1874
f 1877//1877 1878//1878 1873//1873
f 1869//1869 1868//1868 1875//1875
f 1869//1869 1875//1875 1879//1879
f 1882//1882 1880//1880 1881//1881
f 1884//1884 1886//1886 1885//1885
f 1899//1899 1882//1882 1881//1881
f 1895//1895 1894//1894 1896//1896
f 1896//1896 1894//1894 1897//1897
f 1891//1891 1889//1889 1892//1892
f 1891//1891 1890//1890 1889//1889
f 1887//1887 1886//1886 1884//1884
f 1893//1893 1889//1889 1888//1888
f 1893//1893 1883//1883 1898//1898
f 1888//1888 1884//1884 1883//1883
f 1898//1898 1883//1883 1882//1882
f 1898//1898 1882//1882 1899//1899
f 1893//1893 1888//1888 1883//1883
f 1888//1888 1887//1887 1884//1884
f 1892//1892 1889//1889 1893//1893
f 1894//1894 1893//1893 1898//1898
f 1894//1894 1898//1898 1897//1897
f 1909//1909 1903//1903 1904//1904
f 1908//1908 1909//1909 1904//1904
f 1908//1908 1904//1904 1905//1905
f 1911//1911 1906//1906 1910//1910
f 1910//1910 1902//1902 1903//1903
f 1908//1908 1900//1900 1907//1907
f 1908//1908 1905//1905 1900//1900
f 1907//1907 1900//1900 1901//1901
f 1909//1909 1910//1910 1903//1903
f 1910//1910 1906//1906 1902//1902
f 1915//1915 1913//1913 1914//1914
f 1915//1915 1912//1912 1913//1913
f 1926//1926 1921//1921 1925//1925
f 1926//1926 1920//1920 1921//1921
f 1923//1923 1916//1916 1922//1922
f 1923//1923 1919//1919 1916//1916
f 1925//1925 1917//1917 1918//1918
f 1924//1924 1925//1925 1918//1918
f 1924//1924 1918//1918 1919//1919
f 1923//1923 1924//1924 1919//1919
f 1925//1925 1921//1921 1917//1917
f 1930//1930 1928//1928 1927//1927
f 1930//1930 1927//1927 1929//1929
f 1939//1939 1940//1940 1935//1935
f 1941//1941 1936//1936 1937//1937
f 1940//1940 1933//1933 1934//1934
f 1942//1942 1936//1936 1941//1941
f 1940//1940 1941//1941 1933//1933
f 1939//1939 1932//1932 1938//1938
f 1939//1939 1935//1935 1932//1932
f 1938//1938 1932//1932 1931//1931
f 1940//1940 1934//1934 1935//1935
f 1941//1941 1937//1937 1933//1933
f 1946//1946 1943//1943 1945//1945
f 1946//1946 1944//1944 1943//1943
v 0.0180197 -0.0105000 0.0822973
v 0.0182780 -0.0105000 0.0822815
v 0.0186014 -0.0105000 0.0821014
v 0.0188047 -0.0105001 0.0817116
v 0.0187510 -0.0105000 0.0813303
v 0.0185817 -0.0105000 0.0810857
v 0.0183116 -0.0105000 0.0809235
v 0.0180197 -0.0104999 0.0809028
v 0.0177301 -0.0105001 0.0809963
v 0.0174992 -0.0105000 0.0812318
v 0.0173865 -0.0105001 0.0816000
v 0.0175101 -0.0105000 0.0819883
v 0.0177506 -0.0105000 0.0822138
v 0.0180197 -0.0105000 0.0822973
v 0.0182780 -0.0105000 0.0822815
v 0.0186014 -0.0105000 0.0821014
v 0.0188047 -0.0105001 0.0817116
v 0.0187510 -0.0105000 0.0813303
v 0.0185817 -0.0105000 0.0810857
v 0.0183116 -0.0105000 0.0809235
v 0.0180197 -0.0104999 0.0809028
v 0.0177301 -0.0105001 0.0809963
v 0.0174992 -0.0105000 0.0812318
v 0.0173865 -0.0105001 0.0816000
v 0.0175101 -0.0105000 0.0819883
v 0.0177506 -0.0105000 0.0822138
v 0.0181393 -0.0103496 0.0824524
v 0.0180324 -0.0103508 0.0807482
v 0.0177115 -0.0103506 0.0808375
v 0.0174503 -0.0103496 0.0810451
v 0.0173128 -0.0103503 0.0812740
v 0.0172520 -0.0103505 0.0815111
v 0.0172581 -0.0103494 0.0817286
v 0.0173448 -0.0103501 0.0820060
v 0.0175466 -0.0103503 0.0822479
v 0.0178043 -0.0103480 0.0824050
v 0.0184284 -0.0103501 0.0823888
v 0.0186534 -0.0103503 0.0822479
v 0.0188153 -0.0103505 0.0820642
v 0.0189302 -0.0103490 0.0818050
v 0.0189493 -0.0103507 0.0815361
v 0.0188977 -0.0103494 0.0812958
v 0.0187467 -0.0103490 0.0810405
v 0.0184228 -0.0103462 0.0808026
v 0.0181393 -0.0103496 0.0824524
v 0.0180324 -0.0103508 0.0807482
v 0.0177115 -0.0103506 0.0808375
v 0.0174503 -0.0103496 0.0810451
v 0.0173128 -0.0103503 0.0812740
v 0.0172520 -0.0103505 0.0815111
v 0.0172581 -0.0103494 0.0817286
v 0.0173448 -0.0103501 0.0820060
v 0.0175466 -0.0103503 0.0822479
v 0.0178043 -0.0103480 0.0824050
v 0.0184284 -0.0103501 0.0823888
v 0.0186534 -0.0103503 0.0822479
v 0.0188153 -0.0103505 0.0820642
v 0.0189302 -0.0103490 0.0818050
v 0.0189493 -0.0103507 0.0815361
v 0.0188977 -0.0103494 0.0812958
v 0.0187467 -0.0103490 0.0810405
v 0.0184228 -0.0103462 0.0808026
v 0.0180230 -0.0065000 0.0824517
v 0.0181334 -0.0065000 0.0807480
v 0.0184594 -0.0065000 0.0808205
v 0.0187329 -0.0065000 0.0810279
v 0.0188894 -0.0065000 0.0812730
v 0.0189578 -0.0065000 0.0816337
v 0.0188708 -0.0065000 0.0819658
v 0.0187042 -0.0065000 0.0822042
v 0.0183972 -0.0065000 0.0824054
v 0.0176510 -0.0065000 0.0823328
v 0.0173570 -0.0065000 0.0820281
v 0.0172521 -0.0065000 0.0817004
v 0.0172851 -0.0065000 0.0813240
v 0.0175256 -0.0065000 0.0809632
v 0.0178453 -0.0065000 0.0807837
v 0.0180230 -0.0065000 0.0824517
v 0.0181334 -0.0065000 0.0807480
v 0.0184594 -0.0065000 0.0808205
v 0.0187329 -0.0065000 0.0810279
v 0.0188894 -0.0065000 0.0812730
v 0.0189578 -0.0065000 0.0816337
v 0.0188708 -0.0065000 0.0819658
v 0.0187042 -0.0065000 0.0822042
v 0.0183972 -0.0065000 0.0824054
v 0.0176510 -0.0065000 0.0823328
v 0.0173570 -0.0065000 0.0820281
v 0.0172521 -0.0065000 0.0817004
v 0.0172851 -0.0065000 0.0813240
v 0.0175256 -0.0065000 0.0809632
v 0.0178453 -0.0065000 0.0807837
v 0.0187962 -0.0065000 0.0814898
v 0.0186866 -0.0065000 0.0812080
v 0.0185124 -0.0065000 0.0810323
v 0.0182834 -0.0065000 0.0809180
v 0.0179538 -0.0065000 0.0809091
v 0.0176794 -0.0065000 0.0810352
v 0.0174797 -0.0065000 0.0812625
v 0.0174014 -0.0065000 0.0815252
v 0.0174172 -0.0065000 0.0817725
v 0.0175507 -0.0065000 0.0820439
v 0.0178370 -0.0065000 0.0822580
v 0.0181636 -0.0065000 0.0823014
v 0.0184272 -0.0065000 0.0822237
v 0.0186726 -0.0065000 0.0820160
v 0.0187876 -0.0065000 0.0817447
v 0.0187962 -0.0065000 0.0814898
v 0.0186866 -0.0065000 0.0812080
v 0.0185124 -0.0065000 0.0810323
v 0.0182834 -0.0065000 0.0809180
v 0.0179538 -0.0065000 0.0809091
v 0.0176794 -0.0065000 0.0810352
v 0.0174797 -0.0065000 0.0812625
v 0.0174014 -0.0065000 0.0815252
v 0.0174172 -0.0065000 0.0817725
v 0.0175507 -0.0065000 0.0820439
v 0.0178370 -0.0065000 0.0822580
v 0.0181636 -0.0065000 0.0823014
v 0.0184272 -0.0065000 0.0822237
v 0.0186726 -0.0065000 0.0820160
v 0.0187876 -0.0065000 0.0817447
v 0.0174235 0.0100000 0.0813895
v 0.0176393 0.0100000 0.0810606
v 0.0179893 0.0100000 0.0809010
v 0.0183715 0.0100000 0.0809446
v 0.0186409 0.0100000 0.0811490
v 0.0187882 0.0100000 0.0814348
v 0.0187804 0.0100000 0.0817919
v 0.0186301 0.0100000 0.0820636
v 0.0183630 0.0100000 0.0822580
v 0.0180448 0.0100000 0.0823015
v 0.0177800 0.0100000 0.0822280
v 0.0175274 0.0100000 0.0820160
v 0.0174058 0.0100000 0.0817184
v 0.0174235 0.0100000 0.0813895
v 0.0176393 0.0100000 0.0810606
v 0.0179893 0.0100000 0.0809010
v 0.0183715 0.0100000 0.0809446
v 0.0186409 0.0100000 0.0811490
v 0.0187882 0.0100000 0.0814348
v 0.0187804 0.0100000 0.0817919
v 0.0186301 0.0100000 0.0820636
v 0.0183630 0.0100000 0.0822580
v 0.0180448 0.0100000 0.0823015
v 0.0177800 0.0100000 0.0822280
v 0.0175274 0.0100000 0.0820160
v 0.0174058 0.0100000 0.0817184
v 0.0182105 0.0100011 0.0803250
v 0.0178110 0.0100006 0.0803585
v 0.0173774 0.0100011 0.0805446
v 0.0171245 0.0100009 0.0807776
v 0.0168907 0.0100006 0.0811892
v 0.0168859 0.0100003 0.0819857
v 0.0171024 0.0100000 0.0823889
v 0.0174049 0.0100000 0.0826684
v 0.0178943 0.0100019 0.0828629
v 0.0183067 0.0100004 0.0828657
v 0.0188265 0.0100012 0.0826515
v 0.0190693 0.0100008 0.0824290
v 0.0193156 0.0100003 0.0819950
v 0.0193708 0.0100000 0.0815584
v 0.0193024 0.0100010 0.0811753
v 0.0190529 0.0100001 0.0807368
v 0.0185955 0.0100000 0.0804257
v 0.0181662 0.0108614 0.0802831
v 0.0184219 0.0108705 0.0803301
v 0.0186981 0.0108534 0.0804141
v 0.0188577 0.0108773 0.0805419
v 0.0191413 0.0108581 0.0807796
v 0.0193635 0.0108443 0.0811466
v 0.0193981 0.0108777 0.0814860
v 0.0193562 0.0108651 0.0819888
v 0.0188284 0.0108739 0.0826854
v 0.0184380 0.0108854 0.0828478
v 0.0180499 0.0108684 0.0829111
v 0.0179927 0.0107222 0.0830298
v 0.0179769 0.0105295 0.0830959
v 0.0180415 0.0103571 0.0830947
v 0.0181691 0.0102295 0.0830570
v 0.0180964 0.0104552 0.0800947
v 0.0180396 0.0102933 0.0801212
v 0.0182005 0.0101584 0.0801804
v 0.0180526 0.0106343 0.0801300
v 0.0183278 0.0107238 0.0801870
v 0.0183414 0.0105840 0.0801310
v 0.0185395 0.0107321 0.0802404
v 0.0182888 0.0103755 0.0801113
v 0.0188480 0.0106906 0.0803565
v 0.0186726 0.0105442 0.0802177
v 0.0184958 0.0103710 0.0801548
v 0.0189815 0.0107546 0.0804987
v 0.0187281 0.0104054 0.0802372
v 0.0185403 0.0101918 0.0802283
v 0.0183711 0.0101051 0.0802450
v 0.0189408 0.0104839 0.0803539
v 0.0187583 0.0102526 0.0802877
v 0.0191515 0.0107213 0.0806259
v 0.0190614 0.0106012 0.0804743
v 0.0187023 0.0100817 0.0803731
v 0.0190177 0.0102933 0.0804327
v 0.0191124 0.0104361 0.0804895
v 0.0193281 0.0107718 0.0809241
v 0.0192390 0.0105373 0.0806282
v 0.0193738 0.0106545 0.0808711
v 0.0190244 0.0100862 0.0805869
v 0.0193094 0.0103502 0.0807187
v 0.0191650 0.0102148 0.0806146
v 0.0194006 0.0105127 0.0808539
v 0.0194901 0.0105528 0.0810514
v 0.0194999 0.0107100 0.0812659
v 0.0194981 0.0103763 0.0810531
v 0.0193424 0.0102209 0.0808387
v 0.0195481 0.0106852 0.0814820
v 0.0192418 0.0100587 0.0808947
v 0.0195699 0.0105257 0.0813141
v 0.0194402 0.0108387 0.0817044
v 0.0194047 0.0101611 0.0810333
v 0.0195790 0.0103692 0.0813549
v 0.0195806 0.0105972 0.0816998
v 0.0195320 0.0102214 0.0813300
v 0.0195136 0.0107212 0.0818424
v 0.0196033 0.0104809 0.0815876
v 0.0194591 0.0101032 0.0813295
v 0.0194463 0.0107098 0.0821081
v 0.0195905 0.0103399 0.0816592
v 0.0192607 0.0108667 0.0822199
v 0.0195777 0.0104134 0.0818800
v 0.0195266 0.0105474 0.0820494
v 0.0195430 0.0102120 0.0817730
v 0.0193026 0.0107457 0.0823503
v 0.0194902 0.0104983 0.0821740
v 0.0194583 0.0100808 0.0817411
v 0.0193606 0.0106322 0.0823640
v 0.0191011 0.0108539 0.0824743
v 0.0194948 0.0103186 0.0821142
v 0.0194043 0.0103956 0.0823436
v 0.0194593 0.0101749 0.0820481
v 0.0191653 0.0106837 0.0825847
v 0.0190177 0.0107518 0.0826760
v 0.0192095 0.0104923 0.0826174
v 0.0193670 0.0102244 0.0823150
v 0.0193656 0.0100897 0.0821294
v 0.0192734 0.0102858 0.0825032
v 0.0190150 0.0106066 0.0827630
v 0.0187514 0.0107299 0.0828737
v 0.0192094 0.0100893 0.0824073
v 0.0191101 0.0103376 0.0826978
v 0.0188666 0.0105487 0.0828839
v 0.0189474 0.0103312 0.0828291
v 0.0190652 0.0101562 0.0826422
v 0.0183743 0.0107676 0.0829800
v 0.0187633 0.0104511 0.0829497
v 0.0186135 0.0106013 0.0829893
v 0.0188422 0.0101423 0.0828002
v 0.0187198 0.0102928 0.0829447
v 0.0183237 0.0106335 0.0830553
v 0.0184970 0.0104838 0.0830496
v 0.0182778 0.0104760 0.0830937
v 0.0184284 0.0102899 0.0830455
v 0.0185433 0.0101748 0.0829599
v 0.0185222 0.0100578 0.0828775
v 0.0182249 0.0101087 0.0829804
v 0.0176821 0.0108778 0.0828296
v 0.0174079 0.0108796 0.0826964
v 0.0172406 0.0108472 0.0826239
v 0.0170760 0.0108739 0.0824050
v 0.0169082 0.0108436 0.0822152
v 0.0167910 0.0108611 0.0818049
v 0.0168011 0.0108552 0.0813116
v 0.0169030 0.0108430 0.0809947
v 0.0169947 0.0108278 0.0808131
v 0.0171511 0.0108610 0.0806795
v 0.0174695 0.0108678 0.0804469
v 0.0178410 0.0108735 0.0803187
v 0.0178292 0.0107956 0.0829543
v 0.0177235 0.0107265 0.0829809
v 0.0174734 0.0107806 0.0828451
v 0.0176929 0.0105152 0.0830431
v 0.0175376 0.0106437 0.0829562
v 0.0178124 0.0103423 0.0830648
v 0.0179442 0.0101625 0.0830153
v 0.0172318 0.0106736 0.0827715
v 0.0174646 0.0104884 0.0829617
v 0.0175969 0.0103309 0.0830028
v 0.0177246 0.0101626 0.0829735
v 0.0172827 0.0105032 0.0828614
v 0.0170455 0.0107683 0.0825252
v 0.0174330 0.0102601 0.0829143
v 0.0175368 0.0100681 0.0828311
v 0.0169735 0.0106061 0.0825622
v 0.0170403 0.0104945 0.0826649
v 0.0172643 0.0102151 0.0827876
v 0.0171715 0.0103609 0.0827742
v 0.0168964 0.0106859 0.0824083
v 0.0170294 0.0103310 0.0826390
v 0.0172919 0.0100949 0.0827122
v 0.0167556 0.0106979 0.0821322
v 0.0168130 0.0105232 0.0823718
v 0.0170842 0.0101748 0.0826081
v 0.0167318 0.0107483 0.0819692
v 0.0168568 0.0103423 0.0824262
v 0.0170152 0.0100791 0.0824287
v 0.0166958 0.0105152 0.0821256
v 0.0168654 0.0101990 0.0823487
v 0.0167233 0.0103475 0.0821837
v 0.0166785 0.0107410 0.0816638
v 0.0166420 0.0105893 0.0818811
v 0.0167378 0.0108134 0.0814889
v 0.0166279 0.0104109 0.0819037
v 0.0167301 0.0102324 0.0821028
v 0.0168224 0.0100781 0.0820785
v 0.0166136 0.0105873 0.0815988
v 0.0166001 0.0104371 0.0817193
v 0.0166658 0.0106776 0.0813421
v 0.0166678 0.0102280 0.0818726
v 0.0166284 0.0102607 0.0816329
v 0.0166052 0.0104244 0.0814272
v 0.0167301 0.0106621 0.0810897
v 0.0167265 0.0100970 0.0816932
v 0.0168276 0.0100010 0.0817016
v 0.0166525 0.0104736 0.0811955
v 0.0166550 0.0102246 0.0814205
v 0.0168334 0.0106859 0.0808945
v 0.0166898 0.0102905 0.0811397
v 0.0167607 0.0105174 0.0809231
v 0.0167565 0.0100716 0.0814359
v 0.0169848 0.0106637 0.0806539
v 0.0167835 0.0101037 0.0811778
v 0.0167896 0.0104052 0.0808659
v 0.0168103 0.0102176 0.0809261
v 0.0169109 0.0104146 0.0806785
v 0.0171586 0.0106911 0.0804977
v 0.0169991 0.0105152 0.0805821
v 0.0173161 0.0107620 0.0804329
v 0.0169889 0.0102347 0.0806519
v 0.0169432 0.0100719 0.0808972
v 0.0173520 0.0106223 0.0803256
v 0.0171671 0.0104921 0.0804229
v 0.0170930 0.0103144 0.0805060
v 0.0175717 0.0107662 0.0802998
v 0.0170415 0.0101252 0.0806866
v 0.0172554 0.0103285 0.0803704
v 0.0174264 0.0104500 0.0802541
v 0.0176850 0.0106239 0.0801808
v 0.0179151 0.0107706 0.0802085
v 0.0172244 0.0101403 0.0804968
v 0.0176965 0.0105128 0.0801558
v 0.0175071 0.0102773 0.0802481
v 0.0174387 0.0101461 0.0803499
v 0.0177455 0.0103281 0.0801505
v 0.0178513 0.0104701 0.0801146
v 0.0177001 0.0101911 0.0802190
v 0.0176757 0.0100700 0.0803152
v 0.0179311 0.0101373 0.0802019
v 0.0179239 0.0111277 0.0824404
v 0.0179426 0.0110069 0.0826979
v 0.0175386 0.0112222 0.0817758
v 0.0177122 0.0112541 0.0818296
v 0.0178513 0.0112573 0.0819571
v 0.0179209 0.0112303 0.0821320
v 0.0170147 0.0110127 0.0814238
v 0.0170055 0.0110043 0.0817686
v 0.0179203 0.0112340 0.0810835
v 0.0178149 0.0112605 0.0812910
v 0.0176000 0.0112380 0.0814184
v 0.0179251 0.0110049 0.0805114
v 0.0179234 0.0111318 0.0807654
v 0.0174781 0.0110861 0.0823367
v 0.0175042 0.0111751 0.0820485
v 0.0176467 0.0110230 0.0825759
v 0.0172521 0.0111258 0.0817762
v 0.0171216 0.0110212 0.0820496
v 0.0176449 0.0112009 0.0811180
v 0.0172187 0.0110766 0.0811760
v 0.0174412 0.0110842 0.0808963
v 0.0176467 0.0110230 0.0806242
v 0.0182931 0.0110168 0.0826826
v 0.0182739 0.0110050 0.0805070
v 0.0182783 0.0111538 0.0808165
v 0.0186287 0.0112295 0.0814204
v 0.0184552 0.0112577 0.0813504
v 0.0183384 0.0112549 0.0812240
v 0.0182820 0.0112344 0.0810834
v 0.0191999 0.0110037 0.0814281
v 0.0188783 0.0111547 0.0814232
v 0.0191851 0.0110088 0.0817763
v 0.0188785 0.0111524 0.0817763
v 0.0182770 0.0112279 0.0821412
v 0.0183524 0.0112584 0.0819514
v 0.0184798 0.0112545 0.0818360
v 0.0186170 0.0112347 0.0817821
v 0.0182768 0.0111198 0.0824633
v 0.0187067 0.0111244 0.0822389
v 0.0190826 0.0110142 0.0820847
v 0.0186654 0.0111874 0.0811734
v 0.0189820 0.0110192 0.0809641
v 0.0185990 0.0110781 0.0807580
v 0.0179426 0.0110069 0.0826979
v 0.0182931 0.0110168 0.0826826
v 0.0179240 0.0106500 0.0826866
v 0.0182710 0.0106500 0.0826973
v 0.0182931 0.0110168 0.0826826
v 0.0182710 0.0106500 0.0826973
v 0.0191851 0.0110088 0.0817763
v 0.0188785 0.0111524 0.0817763
v 0.0182770 0.0112279 0.0821412
v 0.0183524 0.0112584 0.0819514
v 0.0184798 0.0112545 0.0818360
v 0.0186170 0.0112347 0.0817821
v 0.0182768 0.0111198 0.0824633
v 0.0191999 0.0106500 0.0817695
v 0.0186338 0.0106500 0.0817786
v 0.0184634 0.0106500 0.0818443
v 0.0183271 0.0106500 0.0819910
v 0.0182775 0.0106500 0.0821502
v 0.0179240 0.0106500 0.0826866
v 0.0182710 0.0106500 0.0826973
v 0.0179158 0.0106500 0.0820863
v 0.0177900 0.0106500 0.0818863
v 0.0175990 0.0106500 0.0817821
v 0.0170142 0.0106500 0.0817761
v 0.0170001 0.0106500 0.0814305
v 0.0175666 0.0106500 0.0814215
v 0.0177821 0.0106500 0.0813274
v 0.0179182 0.0106500 0.0810969
v 0.0179241 0.0106500 0.0805129
v 0.0182722 0.0106500 0.0805043
v 0.0182869 0.0106500 0.0811306
v 0.0184635 0.0106500 0.0813595
v 0.0186508 0.0106500 0.0814226
v 0.0191858 0.0106500 0.0814240
v 0.0191999 0.0106500 0.0817695
v 0.0186338 0.0106500 0.0817786
v 0.0184634 0.0106500 0.0818443
v 0.0183271 0.0106500 0.0819910
v 0.0182775 0.0106500 0.0821502
v 0.0179239 0.0111277 0.0824404
v 0.0179426 0.0110069 0.0826979
v 0.0175386 0.0112222 0.0817758
v 0.0177122 0.0112541 0.0818296
v 0.0178513 0.0112573 0.0819571
v 0.0179209 0.0112303 0.0821320
v 0.0170055 0.0110043 0.0817686
v 0.0172521 0.0111258 0.0817762
v 0.0179240 0.0106500 0.0826866
v 0.0179158 0.0106500 0.0820863
v 0.0177900 0.0106500 0.0818863
v 0.0175990 0.0106500 0.0817821
v 0.0170142 0.0106500 0.0817761
v 0.0170147 0.0110127 0.0814238
v 0.0170055 0.0110043 0.0817686
v 0.0170142 0.0106500 0.0817761
v 0.0170001 0.0106500 0.0814305
v 0.0170147 0.0110127 0.0814238
v 0.0179203 0.0112340 0.0810835
v 0.0178149 0.0112605 0.0812910
v 0.0176000 0.0112380 0.0814184
v 0.0179251 0.0110049 0.0805114
v 0.0179234 0.0111318 0.0807654
v 0.0170001 0.0106500 0.0814305
v 0.0175666 0.0106500 0.0814215
v 0.0177821 0.0106500 0.0813274
v 0.0179182 0.0106500 0.0810969
v 0.0179241 0.0106500 0.0805129
v 0.0179251 0.0110049 0.0805114
v 0.0182739 0.0110050 0.0805070
v 0.0179241 0.0106500 0.0805129
v 0.0182722 0.0106500 0.0805043
v 0.0182739 0.0110050 0.0805070
v 0.0182783 0.0111538 0.0808165
v 0.0186287 0.0112295 0.0814204
v 0.0184552 0.0112577 0.0813504
v 0.0183384 0.0112549 0.0812240
v 0.0182820 0.0112344 0.0810834
v 0.0191999 0.0110037 0.0814281
v 0.0188783 0.0111547 0.0814232
v 0.0182722 0.0106500 0.0805043
v 0.0182869 0.0106500 0.0811306
v 0.0184635 0.0106500 0.0813595
v 0.0186508 0.0106500 0.0814226
v 0.0191858 0.0106500 0.0814240
v 0.0191999 0.0110037 0.0814281
v 0.0191851 0.0110088 0.0817763
v 0.0191858 0.0106500 0.0814240
v 0.0191999 0.0106500 0.0817695
vn -0.000020 -1.000000 0.000159
vn -0.000015 -1.000000 0.000289
vn -0.000027 -1.000000 0.000254
vn -0.000130 -1.000000 -0.000130
vn -0.000067 -1.000000 -0.000119
vn 0.000011 -1.000000 0.000037
vn -0.000109 -1.000000 -0.000059
vn -0.000072 -1.000000 -0.000091
vn 0.000295 -1.000000 0.000114
vn -0.000069 -1.000000 -0.000000
vn 0.001006 -0.999999 -0.000016
vn 0.000099 -1.000000 -0.000010
vn 0.000334 -1.000000 -0.000451
vn -0.083906 -0.713742 0.695365
vn 0.185904 -0.722213 0.666219
vn 0.485884 -0.728800 0.482459
vn 0.681841 -0.722608 0.113711
vn 0.640400 -0.722577 -0.260327
vn 0.474778 -0.706341 -0.525042
vn 0.202260 -0.706083 -0.678629
vn -0.086397 -0.719124 -0.689490
vn -0.367543 -0.716322 -0.593124
vn -0.589553 -0.727063 -0.351862
vn -0.692499 -0.721399 0.005260
vn -0.579634 -0.724792 0.372426
vn -0.350166 -0.718955 0.600406
vn 0.026595 -0.699216 0.714416
vn -0.049845 -0.704740 -0.707713
vn -0.313468 -0.703461 -0.637872
vn -0.530261 -0.706945 -0.468029
vn -0.648001 -0.717514 -0.255478
vn -0.710330 -0.696973 -0.098288
vn -0.690504 -0.709245 0.142039
vn -0.620522 -0.718570 0.314023
vn -0.465151 -0.705106 0.535219
vn -0.236386 -0.701622 0.672197
vn 0.277611 -0.717267 0.639109
vn 0.450193 -0.699442 0.555074
vn 0.589344 -0.724971 0.356498
vn 0.693256 -0.694409 0.192851
vn 0.695431 -0.715595 -0.065572
vn 0.662606 -0.704254 -0.254911
vn 0.534878 -0.701074 -0.471594
vn 0.277578 -0.694006 -0.664309
vn 0.038748 -0.003096 0.999244
vn -0.067025 -0.003820 -0.997744
vn -0.453933 -0.004113 -0.891027
vn -0.752787 -0.001816 -0.658261
vn -0.922112 -0.001606 -0.386921
vn -0.993854 -0.002347 -0.110678
vn -0.986245 -0.000312 0.165291
vn -0.878213 -0.000256 0.478269
vn -0.653995 -0.002789 0.756494
vn -0.337190 -0.004154 0.941427
vn 0.379343 -0.000897 0.925256
vn 0.646573 -0.000813 0.762852
vn 0.841792 -0.002515 0.539795
vn 0.970291 -0.003242 0.241920
vn 0.997370 -0.000366 -0.072478
vn 0.931937 0.000960 -0.362618
vn 0.741828 -0.001453 -0.670588
vn 0.376634 -0.002704 -0.926358
vn -0.092373 0.004655 0.995714
vn 0.047977 0.002653 -0.998845
vn 0.421162 0.000974 -0.906985
vn 0.734676 0.000395 -0.678419
vn 0.929538 0.001090 -0.368724
vn 0.999439 0.002626 0.033378
vn 0.907495 0.003477 0.420049
vn 0.696303 0.002477 0.717743
vn 0.344875 0.002958 0.938644
vn -0.528449 0.004862 0.848951
vn -0.858920 0.002662 0.512104
vn -0.993725 0.002746 0.111817
vn -0.943527 0.004289 -0.331269
vn -0.679705 0.004527 -0.733472
vn -0.311667 0.003850 -0.950184
vn 0.000000 1.000000 0.000000
vn 0.000000 1.000000 0.000000
vn 0.000000 1.000000 0.000000
vn 0.000000 1.000000 0.000000
vn 0.000000 1.000000 0.000000
vn 0.000000 1.000000 0.000000
vn 0.000000 1.000000 0.000000
vn 0.000000 1.000000 0.000000
vn 0.000000 1.000000 0.000000
vn 0.000000 1.000000 0.000000
vn 0.000000 1.000000 0.000000
vn 0.000000 1.000000 0.000000
vn 0.000000 1.000000 0.000000
vn 0.000000 1.000000 0.000000
vn 0.000000 1.000000 0.000000
vn 0.000000 1.000000 0.000000
vn 0.000000 1.000000 0.000000
vn 0.000000 1.000000 0.000000
vn 0.000000 1.000000 0.000000
vn 0.000000 1.000000 0.000000
vn 0.000000 1.000000 0.000000
vn 0.000000 1.000000 0.000000
vn 0.000000 1.000000 0.000000
vn 0.000000 1.000000 0.000000
vn 0.000000 1.000000 0.000000
vn 0.000000 1.000000 0.000000
vn 0.000000 1.000000 0.000000
vn 0.000000 1.000000 0.000000
vn 0.000000 1.000000 0.000000
vn 0.000000 1.000000 0.000000
vn 0.985891 -0.000211 -0.167388
vn 0.838677 -0.000657 -0.544629
vn 0.586216 -0.000743 -0.810154
vn 0.242303 -0.000750 -0.970200
vn -0.200726 -0.000083 -0.979647
vn -0.597095 -0.000216 -0.802171
vn -0.874992 -0.000942 -0.484137
vn -0.993659 -0.000776 -0.112431
vn -0.966246 -0.000504 0.257619
vn -0.769350 -0.000579 0.638827
vn -0.377610 -0.000804 0.925964
vn 0.077194 -0.000934 0.997016
vn 0.474668 -0.000725 0.880165
vn 0.805194 -0.000636 0.593011
vn 0.976554 -0.000191 0.215274
vn -0.950141 0.001164 -0.311818
vn -0.650791 0.000934 -0.759257
vn -0.156603 0.000738 -0.987661
vn 0.372180 0.000990 -0.928160
vn 0.765606 0.000894 -0.643309
vn 0.974354 0.000704 -0.225018
vn 0.965505 0.000717 0.260382
vn 0.749410 0.000742 0.662106
vn 0.373364 0.000802 0.927684
vn -0.067328 0.000902 0.997731
vn -0.465961 0.000612 0.884805
vn -0.807871 0.000502 0.589359
vn -0.986053 0.000760 0.166432
vn -0.001311 -0.999999 -0.000369
vn -0.001085 -0.999999 -0.001111
vn 0.000071 -0.999999 -0.001366
vn -0.000300 -1.000000 -0.000824
vn 0.000164 -1.000000 -0.000134
vn 0.000680 -1.000000 -0.000377
vn 0.000275 -1.000000 0.000216
vn 0.000679 -0.999999 0.001268
vn 0.000937 -0.999999 0.001074
vn -0.001039 -0.999997 0.002098
vn 0.000397 -0.999999 0.001600
vn -0.000221 -1.000000 -0.000004
vn -0.001158 -0.999999 -0.000284
vn 0.031806 -0.908428 -0.416830
vn -0.078981 -0.918291 -0.387949
vn -0.237961 -0.907544 -0.346033
vn -0.302936 -0.915044 -0.266315
vn -0.375491 -0.917615 -0.130346
vn -0.366850 -0.923683 0.110594
vn -0.291228 -0.926599 0.237907
vn -0.216835 -0.922152 0.320342
vn -0.068441 -0.904891 0.420104
vn 0.060318 -0.910735 0.408563
vn 0.239949 -0.908243 0.342811
vn 0.300504 -0.915666 0.266933
vn 0.388278 -0.913173 0.123913
vn 0.392299 -0.919672 -0.017435
vn 0.385310 -0.912108 -0.139982
vn 0.320286 -0.903438 -0.284985
vn 0.140343 -0.915464 -0.377134
vn 0.025145 0.735849 -0.676679
vn 0.167306 0.754195 -0.634980
vn 0.303249 0.728721 -0.614008
vn 0.381424 0.765145 -0.518719
vn 0.532359 0.733943 -0.421808
vn 0.659549 0.712628 -0.239074
vn 0.665784 0.743696 -0.060398
vn 0.646689 0.737524 0.194554
vn 0.351592 0.767187 0.536477
vn 0.182796 0.767494 0.614442
vn -0.009449 0.749416 0.662032
vn -0.053409 0.479186 0.876087
vn -0.085515 0.155289 0.984161
vn -0.035118 -0.174325 0.984062
vn 0.053656 -0.375618 0.925220
vn -0.008125 0.018379 -0.999798
vn -0.050748 -0.281483 -0.958223
vn 0.062830 -0.513974 -0.855502
vn -0.029078 0.341784 -0.939328
vn 0.121724 0.510887 -0.850987
vn 0.165372 0.224205 -0.960408
vn 0.273552 0.500007 -0.821682
vn 0.136013 -0.149656 -0.979338
vn 0.459488 0.430909 -0.776652
vn 0.368420 0.182475 -0.911575
vn 0.259566 -0.136186 -0.956075
vn 0.521134 0.561007 -0.643188
vn 0.421882 -0.088819 -0.902290
vn 0.264327 -0.454610 -0.850565
vn 0.167127 -0.641427 -0.748759
vn 0.548592 0.060739 -0.833881
vn 0.434923 -0.359701 -0.825504
vn 0.642576 0.489487 -0.589490
vn 0.623821 0.275399 -0.731439
vn 0.353125 -0.654077 -0.668943
vn 0.578695 -0.303547 -0.756949
vn 0.682910 -0.028460 -0.729948
vn 0.708862 0.591873 -0.383668
vn 0.753946 0.160635 -0.636995
vn 0.806027 0.368205 -0.463405
vn 0.498978 -0.638489 -0.585963
vn 0.795277 -0.162325 -0.584111
vn 0.669669 -0.428098 -0.606857
vn 0.861030 0.083434 -0.501664
vn 0.918064 0.198916 -0.342914
vn 0.856556 0.472073 -0.208471
vn 0.924220 -0.143910 -0.353705
vn 0.775450 -0.415769 -0.475198
vn 0.898617 0.432731 -0.072328
vn 0.605675 -0.701900 -0.374824
vn 0.969203 0.139324 -0.203062
vn 0.711065 0.701152 0.052658
vn 0.789391 -0.518412 -0.328804
vn 0.976889 -0.138075 -0.163168
vn 0.961247 0.265257 0.075121
vn 0.901087 -0.402780 -0.160656
vn 0.860950 0.484556 0.154823
vn 0.998006 0.060621 -0.017603
vn 0.758355 -0.636353 -0.141253
vn 0.822457 0.475447 0.312273
vn 0.976618 -0.213611 0.024256
vn 0.593402 0.739920 0.316848
vn 0.979807 -0.065944 0.188760
vn 0.940848 0.194418 0.277501
vn 0.901594 -0.419852 0.104172
vn 0.706654 0.548628 0.446820
vn 0.916738 0.091408 0.388891
vn 0.740062 -0.669134 0.067580
vn 0.814641 0.295088 0.499283
vn 0.508539 0.734967 0.448566
vn 0.914157 -0.234858 0.330392
vn 0.861029 -0.080383 0.502162
vn 0.833708 -0.486537 0.261174
vn 0.673468 0.422451 0.606610
vn 0.536617 0.550868 0.639208
vn 0.736257 0.079769 0.671984
vn 0.795705 -0.412223 0.443763
vn 0.690341 -0.654207 0.308937
vn 0.754022 -0.295771 0.586490
vn 0.595544 0.257202 0.761035
vn 0.383991 0.517780 0.764497
vn 0.622581 -0.644688 0.443589
vn 0.657789 -0.193538 0.727912
vn 0.520197 0.177229 0.835455
vn 0.565090 -0.199344 0.800584
vn 0.571931 -0.536621 0.620430
vn 0.162228 0.574011 0.802617
vn 0.428156 -0.005030 0.903691
vn 0.329161 0.289693 0.898739
vn 0.436929 -0.553103 0.709345
vn 0.392034 -0.284437 0.874874
vn 0.133978 0.331374 0.933939
vn 0.273282 0.046023 0.960832
vn 0.107243 0.029241 0.993803
vn 0.207361 -0.283003 0.936435
vn 0.272098 -0.490403 0.827930
vn 0.234231 -0.717079 0.656455
vn 0.067982 -0.611899 0.788009
vn -0.208793 0.760528 0.614819
vn -0.336432 0.774525 0.535653
vn -0.450286 0.715651 0.533936
vn -0.497426 0.775375 0.389052
vn -0.627344 0.709763 0.320430
vn -0.660373 0.743872 0.102772
vn -0.670440 0.724178 -0.161483
vn -0.626637 0.717618 -0.303894
vn -0.585096 0.693658 -0.420121
vn -0.481129 0.739575 -0.470683
vn -0.319239 0.755144 -0.572577
vn -0.134952 0.761835 -0.633558
vn -0.147360 0.653044 0.742845
vn -0.232234 0.480843 0.845492
vn -0.365265 0.593471 0.717198
vn -0.258891 0.125297 0.957745
vn -0.366714 0.347483 0.863004
vn -0.187312 -0.195629 0.962623
vn -0.093524 -0.520795 0.848543
vn -0.546362 0.407087 0.731962
vn -0.427496 0.057921 0.902160
vn -0.323249 -0.208351 0.923093
vn -0.223903 -0.521159 0.823566
vn -0.535512 0.092303 0.839469
vn -0.615163 0.568712 0.546023
vn -0.429281 -0.335925 0.838375
vn -0.292443 -0.689723 0.662389
vn -0.725875 0.280886 0.627860
vn -0.706713 0.085484 0.702317
vn -0.519178 -0.423013 0.742640
vn -0.605911 -0.158771 0.779528
vn -0.754310 0.440148 0.487120
vn -0.717788 -0.213220 0.662811
vn -0.456865 -0.646892 0.610578
vn -0.831911 0.436408 0.342742
vn -0.850618 0.127877 0.509997
vn -0.619729 -0.494675 0.609289
vn -0.813359 0.539550 0.217561
vn -0.807858 -0.179231 0.561463
vn -0.596982 -0.662357 0.452653
vn -0.928872 0.127272 0.347848
vn -0.762505 -0.454077 0.460868
vn -0.904770 -0.173422 0.388995
vn -0.856503 0.514311 0.043446
vn -0.948241 0.259563 0.182939
vn -0.735236 0.675548 -0.055346
vn -0.975050 -0.079335 0.207326
vn -0.864636 -0.397217 0.307611
vn -0.699807 -0.661385 0.269888
vn -0.969381 0.245423 -0.008266
vn -0.996465 -0.029008 0.078844
vn -0.903104 0.395105 -0.168213
vn -0.898121 -0.403888 0.173935
vn -0.940103 -0.340216 0.021443
vn -0.992091 -0.034903 -0.120570
vn -0.862685 0.397688 -0.312441
vn -0.780525 -0.622455 0.057712
vn -0.394390 -0.918292 0.034576
vn -0.961121 0.054086 -0.270780
vn -0.905930 -0.406459 -0.118667
vn -0.787233 0.423472 -0.448258
vn -0.912518 -0.280776 -0.297449
vn -0.886830 0.126728 -0.444379
vn -0.717236 -0.691455 -0.086389
vn -0.711189 0.385503 -0.587875
vn -0.757853 -0.605896 -0.241970
vn -0.867890 -0.105529 -0.485418
vn -0.802231 -0.415973 -0.428243
vn -0.797289 -0.053234 -0.601245
vn -0.591662 0.434916 -0.678811
vn -0.730113 0.119368 -0.672820
vn -0.456635 0.577215 -0.676985
vn -0.711875 -0.376979 -0.592555
vn -0.624951 -0.685969 -0.372670
vn -0.474090 0.308045 -0.824832
vn -0.622238 0.084096 -0.778298
vn -0.656518 -0.241837 -0.714492
vn -0.305525 0.570136 -0.762627
vn -0.602236 -0.598364 -0.528462
vn -0.548672 -0.230334 -0.803682
vn -0.438565 0.008230 -0.898662
vn -0.269310 0.331366 -0.904251
vn -0.103958 0.564058 -0.819165
vn -0.518441 -0.559642 -0.646544
vn -0.292060 0.082902 -0.952800
vn -0.381845 -0.301057 -0.873819
vn -0.396691 -0.551979 -0.733454
vn -0.229759 -0.222442 -0.947486
vn -0.145643 0.036887 -0.988649
vn -0.242249 -0.470617 -0.848431
vn -0.239531 -0.687852 -0.685189
vn -0.096662 -0.567286 -0.817828
vn -0.151477 0.918876 0.364309
vn -0.087469 0.846181 0.525668
vn -0.268171 0.954445 0.130842
vn -0.198140 0.966953 0.160448
vn -0.175281 0.963860 0.200625
vn -0.168845 0.948400 0.268382
vn -0.522131 0.848024 -0.090746
vn -0.524307 0.846617 0.091336
vn -0.147553 0.953324 -0.263440
vn -0.166052 0.971160 -0.171100
vn -0.272697 0.952618 -0.134743
vn -0.085704 0.852141 -0.516247
vn -0.156430 0.917672 -0.365250
vn -0.286177 0.898552 0.332727
vn -0.269918 0.940312 0.207263
vn -0.206013 0.873727 0.440636
vn -0.379509 0.913647 0.145675
vn -0.445002 0.869341 0.214985
vn -0.215187 0.949804 -0.227082
vn -0.400419 0.896883 -0.187789
vn -0.303562 0.895620 -0.325138
vn -0.211670 0.873171 -0.439054
vn 0.123822 0.841908 0.525224
vn 0.101178 0.854079 -0.510208
vn 0.154360 0.924162 -0.349426
vn 0.249219 0.960121 -0.126720
vn 0.186632 0.967532 -0.170443
vn 0.223751 0.947700 -0.227596
vn 0.176309 0.951607 -0.251711
vn 0.504677 0.855434 -0.116333
vn 0.365632 0.916648 -0.161458
vn 0.511829 0.853547 0.097413
vn 0.349683 0.923020 0.160485
vn 0.167845 0.948819 0.267527
vn 0.195641 0.958326 0.208173
vn 0.219689 0.952763 0.209710
vn 0.253422 0.950198 0.181387
vn 0.184489 0.909700 0.372034
vn 0.274704 0.913820 0.299117
vn 0.432681 0.872792 0.225880
vn 0.258529 0.943311 -0.208153
vn 0.402017 0.871273 -0.281541
vn 0.230967 0.894814 -0.382051
vn -0.007219 -0.004889 -0.999962
vn -0.042500 -0.037355 -0.998398
vn 0.030721 0.030019 -0.999077
vn -0.005388 -0.003205 -0.999980
vn -0.992543 0.063919 0.103787
vn -0.999545 0.022379 0.020210
vn -0.008940 0.007338 -0.999933
vn -0.010610 0.000510 -0.999944
vn -0.977302 0.006517 -0.211751
vn -0.815333 0.008956 -0.578923
vn -0.532134 0.002844 -0.846655
vn -0.224780 0.000397 -0.974410
vn -0.999698 0.016114 0.018540
vn -0.016078 0.018306 -0.999703
vn -0.185756 0.001207 -0.982595
vn -0.558226 -0.007467 -0.829655
vn -0.866608 -0.007355 -0.498936
vn -0.988252 -0.000808 -0.152831
vn 0.000000 1.000000 0.000000
vn 0.000000 1.000000 0.000000
vn 0.000000 1.000000 0.000000
vn 0.000000 1.000000 0.000000
vn 0.000000 1.000000 0.000000
vn 0.000000 1.000000 0.000000
vn 0.000000 1.000000 0.000000
vn 0.000000 1.000000 0.000000
vn -0.000000 1.000000 0.000000
vn -0.000002 1.000000 -0.000001
vn 0.000000 1.000000 0.000000
vn -0.000001 1.000000 -0.000001
vn -0.000001 1.000000 0.000001
vn -0.000000 1.000000 0.000001
vn 0.000000 1.000000 0.000000
vn 0.000000 1.000000 0.000000
vn 0.000000 1.000000 0.000000
vn 0.000000 1.000000 0.000000
vn 0.000000 1.000000 0.000000
vn 0.000000 1.000000 0.000000
vn 0.000000 1.000000 0.000000
vn 0.999390 -0.016366 -0.030838
vn 0.994282 -0.048685 -0.095041
vn 0.163105 0.006290 -0.986589
vn 0.509356 0.014477 -0.860434
vn 0.817912 0.013920 -0.575175
vn 0.977368 0.008018 -0.211396
vn 0.040625 -0.019972 -0.998975
vn 0.013397 -0.010644 -0.999854
vn 0.999013 -0.020107 -0.039607
vn 0.960270 -0.011777 -0.278823
vn 0.684072 -0.018739 -0.729174
vn 0.247587 -0.010662 -0.968807
vn 0.019618 -0.009466 -0.999763
vn 0.998875 -0.039895 0.025649
vn 0.999936 -0.009185 -0.006554
vn 0.998891 0.023508 -0.040803
vn 0.999937 -0.007635 -0.008180
vn 0.011935 0.011629 0.999861
vn 0.963718 0.002528 0.266909
vn 0.731668 0.012300 0.681550
vn 0.301965 0.011007 0.953255
vn 0.999962 -0.002964 0.008139
vn 0.999944 -0.003543 0.010009
vn 0.016041 0.017878 0.999711
vn 0.202451 -0.003794 0.979285
vn 0.662844 -0.012066 0.748660
vn 0.964238 -0.007516 0.264933
vn 0.999948 -0.003668 0.009484
vn 0.018531 -0.001777 0.999827
vn 0.012478 -0.007698 0.999893
vn 0.024733 0.004291 0.999685
vn 0.018674 -0.001637 0.999824
vn -0.999787 -0.000568 0.020610
vn -0.999838 -0.006628 0.016731
vn -0.220253 0.004774 0.975431
vn -0.578078 0.004293 0.815970
vn -0.837127 0.005151 0.546985
vn -0.977203 0.008870 0.212120
vn -0.007854 -0.003226 0.999964
vn -0.011741 0.004112 0.999923
vn -0.999713 0.004568 0.023532
vn -0.945402 -0.012114 0.325680
vn -0.575782 -0.014041 0.817483
vn -0.162240 -0.004910 0.986739
vn -0.002506 -0.011527 0.999930
vn -0.999998 -0.001635 -0.001519
vn -0.998302 -0.040537 -0.041826
vn -0.998399 0.039196 0.040785
vn -1.000000 -0.000260 -0.000095
f 1947//1947 1949//1949 1948//1948
f 1958//1958 1947//1947 1959//1959
f 1958//1958 1957//1957 1956//1956
f 1958//1958 1956//1956 1955//1955
f 1958//1958 1954//1954 1953//1953
f 1958//1958 1955//1955 1954//1954
f 1958//1958 1952//1952 1951//1951
f 1958//1958 1950//1950 1947//1947
f 1958//1958 1951//1951 1950//1950
f 1947//1947 1950//1950 1949//1949
f 1958//1958 1953//1953 1952//1952
f 1987//1987 1986//1986 1963//1963
f 1984//1984 1983//1983 1962//1962
f 1985//1985 1984//1984 1962//1962
f 1985//1985 1962//1962 1963//1963
f 1986//1986 1985//1985 1963//1963
f 1987//1987 1963//1963 1964//1964
f 1966//1966 1967//1967 1974//1974
f 1989//1989 1988//1988 1964//1964
f 1989//1989 1964//1964 1965//1965
f 1965//1965 1990//1990 1989//1989
f 1990//1990 1965//1965 1966//1966
f 1961//1961 1973//1973 1960//1960
f 1966//1966 1974//1974 1990//1990
f 1988//1988 1987//1987 1964//1964
f 1961//1961 1983//1983 1973//1973
f 1983//1983 1961//1961 1962//1962
f 1982//1982 1972//1972 1960//1960
f 1960//1960 1973//1973 1982//1982
f 1975//1975 1974//1974 1967//1967
f 1975//1975 1967//1967 1968//1968
f 1976//1976 1975//1975 1968//1968
f 1976//1976 1968//1968 1969//1969
f 1977//1977 1969//1969 1970//1970
f 1978//1978 1977//1977 1970//1970
f 1977//1977 1976//1976 1969//1969
f 1980//1980 1979//1979 1970//1970
f 1980//1980 1970//1970 1971//1971
f 1981//1981 1980//1980 1971//1971
f 1981//1981 1971//1971 1972//1972
f 1982//1982 1981//1981 1972//1972
f 1979//1979 1978//1978 1970//1970
f 1996//1996 1997//1997 2020//2020
f 1999//1999 2000//2000 2018//2018
f 1999//1999 2018//2018 2019//2019
f 1998//1998 1999//1999 2019//2019
f 1998//1998 2019//2019 2020//2020
f 1997//1997 1998//1998 2020//2020
f 1996//1996 2020//2020 2021//2021
f 1992//1992 2023//2023 2010//2010
f 1994//1994 1995//1995 2021//2021
f 1994//1994 2021//2021 2022//2022
f 1993//1993 1994//1994 2022//2022
f 1993//1993 2022//2022 2023//2023
f 1992//1992 1993//1993 2023//2023
f 2000//2000 2009//2009 2018//2018
f 1995//1995 1996//1996 2021//2021
f 2000//2000 1991//1991 2009//2009
f 1991//1991 2017//2017 2009//2009
f 2003//2003 2004//2004 2015//2015
f 2001//2001 2002//2002 2017//2017
f 2002//2002 2016//2016 2017//2017
f 2002//2002 2003//2003 2016//2016
f 2003//2003 2015//2015 2016//2016
f 2004//2004 2014//2014 2015//2015
f 2004//2004 2005//2005 2014//2014
f 1991//1991 2001//2001 2017//2017
f 2005//2005 2006//2006 2014//2014
f 2006//2006 2007//2007 2013//2013
f 2007//2007 2012//2012 2013//2013
f 2007//2007 2011//2011 2012//2012
f 2007//2007 2008//2008 2011//2011
f 2008//2008 1992//1992 2010//2010
f 2008//2008 2010//2010 2011//2011
f 2006//2006 2013//2013 2014//2014
f 2032//2032 2051//2051 2050//2050
f 2030//2030 2053//2053 2052//2052
f 2045//2045 2044//2044 2037//2037
f 2031//2031 2051//2051 2032//2032
f 2030//2030 2029//2029 2053//2053
f 2031//2031 2030//2030 2052//2052
f 2032//2032 2050//2050 2024//2024
f 2031//2031 2052//2052 2051//2051
f 2024//2024 2050//2050 2049//2049
f 2045//2045 2037//2037 2036//2036
f 2044//2044 2038//2038 2037//2037
f 2043//2043 2038//2038 2044//2044
f 2046//2046 2045//2045 2036//2036
f 2029//2029 2039//2039 2053//2053
f 2046//2046 2036//2036 2035//2035
f 2042//2042 2025//2025 2043//2043
f 2047//2047 2046//2046 2035//2035
f 2042//2042 2026//2026 2025//2025
f 2047//2047 2035//2035 2034//2034
f 2043//2043 2025//2025 2038//2038
f 2041//2041 2026//2026 2042//2042
f 2041//2041 2027//2027 2026//2026
f 2033//2033 2048//2048 2034//2034
f 2040//2040 2027//2027 2041//2041
f 2033//2033 2049//2049 2048//2048
f 2028//2028 2027//2027 2040//2040
f 2028//2028 2040//2040 2039//2039
f 2024//2024 2049//2049 2033//2033
f 2029//2029 2028//2028 2039//2039
f 2048//2048 2047//2047 2034//2034
f 2067//2067 2075//2075 2076//2076
f 2066//2066 2076//2076 2077//2077
f 2066//2066 2067//2067 2076//2076
f 2065//2065 2066//2066 2077//2077
f 2064//2064 2065//2065 2078//2078
f 2062//2062 2080//2080 2081//2081
f 2063//2063 2079//2079 2080//2080
f 2063//2063 2064//2064 2079//2079
f 2062//2062 2063//2063 2080//2080
f 2061//2061 2062//2062 2081//2081
f 2067//2067 2068//2068 2075//2075
f 2064//2064 2078//2078 2079//2079
f 2068//2068 2054//2054 2075//2075
f 2065//2065 2077//2077 2078//2078
f 2054//2054 2055//2055 2074//2074
f 2054//2054 2074//2074 2075//2075
f 2061//2061 2081//2081 2069//2069
f 2060//2060 2069//2069 2070//2070
f 2059//2059 2060//2060 2070//2070
f 2058//2058 2059//2059 2070//2070
f 2058//2058 2070//2070 2071//2071
f 2060//2060 2061//2061 2069//2069
f 2055//2055 2073//2073 2074//2074
f 2057//2057 2058//2058 2071//2071
f 2056//2056 2057//2057 2072//2072
f 2056//2056 2072//2072 2073//2073
f 2055//2055 2056//2056 2073//2073
f 2057//2057 2071//2071 2072//2072
f 2269//2269 2266//2266 2263//2263
f 2272//2272 2268//2268 2265//2265
f 2271//2271 2269//2269 2264//2264
f 2273//2273 2266//2266 2269//2269
f 2272//2272 2265//2265 2270//2270
f 2275//2275 2269//2269 2271//2271
f 2271//2271 2268//2268 2272//2272
f 2274//2274 2270//2270 2218//2218
f 2273//2273 2267//2267 2266//2266
f 2271//2271 2264//2264 2268//2268
f 2218//2218 2270//2270 2217//2217
f 2268//2268 2261//2261 2265//2265
f 2266//2266 2262//2262 2263//2263
f 2269//2269 2263//2263 2264//2264
f 2268//2268 2264//2264 2261//2261
f 2267//2267 2100//2100 2258//2258
f 2267//2267 2258//2258 2266//2266
f 2265//2265 2216//2216 2217//2217
f 2275//2275 2273//2273 2269//2269
f 2264//2264 2263//2263 2260//2260
f 2266//2266 2258//2258 2262//2262
f 2264//2264 2259//2259 2261//2261
f 2265//2265 2261//2261 2216//2216
f 2264//2264 2260//2260 2259//2259
f 2263//2263 2262//2262 2260//2260
f 2270//2270 2265//2265 2217//2217
f 2274//2274 2272//2272 2270//2270
f 2277//2277 2271//2271 2276//2276
f 2273//2273 2099//2099 2267//2267
f 2287//2287 2220//2220 2221//2221
f 2282//2282 2278//2278 2286//2286
f 2283//2283 2098//2098 2099//2099
f 2284//2284 2281//2281 2287//2287
f 2285//2285 2286//2286 2280//2280
f 2288//2288 2283//2283 2277//2277
f 2288//2288 2277//2277 2282//2282
f 2285//2285 2279//2279 2284//2284
f 2287//2287 2281//2281 2220//2220
f 2099//2099 2275//2275 2283//2283
f 2286//2286 2278//2278 2280//2280
f 2285//2285 2280//2280 2279//2279
f 2284//2284 2279//2279 2281//2281
f 2279//2279 2280//2280 2274//2274
f 2283//2283 2275//2275 2277//2277
f 2282//2282 2277//2277 2278//2278
f 2278//2278 2277//2277 2276//2276
f 2281//2281 2279//2279 2219//2219
f 2281//2281 2219//2219 2220//2220
f 2280//2280 2278//2278 2274//2274
f 2279//2279 2274//2274 2219//2219
f 2277//2277 2275//2275 2271//2271
f 2262//2262 2258//2258 2257//2257
f 2278//2278 2276//2276 2272//2272
f 2278//2278 2272//2272 2274//2274
f 2099//2099 2273//2273 2275//2275
f 2274//2274 2218//2218 2219//2219
f 2276//2276 2271//2271 2272//2272
f 2261//2261 2255//2255 2216//2216
f 2258//2258 2100//2100 2101//2101
f 2261//2261 2253//2253 2255//2255
f 2247//2247 2244//2244 2214//2214
f 2247//2247 2214//2214 2215//2215
f 2246//2246 2239//2239 2242//2242
f 2245//2245 2242//2242 2238//2238
f 2246//2246 2243//2243 2239//2239
f 2245//2245 2237//2237 2241//2241
f 2245//2245 2238//2238 2237//2237
f 2244//2244 2241//2241 2214//2214
f 2239//2239 2240//2240 2242//2242
f 2242//2242 2240//2240 2238//2238
f 2243//2243 2236//2236 2239//2239
f 2241//2241 2234//2234 2214//2214
f 2245//2245 2241//2241 2244//2244
f 2239//2239 2236//2236 2235//2235
f 2236//2236 2102//2102 2103//2103
f 2241//2241 2237//2237 2234//2234
f 2214//2214 2234//2234 2213//2213
f 2240//2240 2233//2233 2238//2238
f 2240//2240 2235//2235 2233//2233
f 2238//2238 2229//2229 2237//2237
f 2236//2236 2232//2232 2235//2235
f 2238//2238 2233//2233 2229//2229
f 2236//2236 2103//2103 2232//2232
f 2237//2237 2229//2229 2234//2234
f 2233//2233 2235//2235 2230//2230
f 2290//2290 2285//2285 2284//2284
f 2240//2240 2239//2239 2235//2235
f 2248//2248 2242//2242 2245//2245
f 2102//2102 2236//2236 2243//2243
f 2249//2249 2243//2243 2246//2246
f 2261//2261 2259//2259 2253//2253
f 2262//2262 2257//2257 2256//2256
f 2260//2260 2256//2256 2254//2254
f 2258//2258 2101//2101 2249//2249
f 2258//2258 2251//2251 2257//2257
f 2256//2256 2257//2257 2252//2252
f 2260//2260 2254//2254 2259//2259
f 2259//2259 2254//2254 2253//2253
f 2258//2258 2249//2249 2251//2251
f 2253//2253 2215//2215 2255//2255
f 2257//2257 2251//2251 2252//2252
f 2256//2256 2252//2252 2250//2250
f 2256//2256 2250//2250 2254//2254
f 2216//2216 2255//2255 2215//2215
f 2254//2254 2247//2247 2253//2253
f 2254//2254 2250//2250 2244//2244
f 2252//2252 2251//2251 2248//2248
f 2254//2254 2244//2244 2247//2247
f 2253//2253 2247//2247 2215//2215
f 2250//2250 2252//2252 2245//2245
f 2249//2249 2246//2246 2251//2251
f 2249//2249 2102//2102 2243//2243
f 2249//2249 2101//2101 2102//2102
f 2252//2252 2248//2248 2245//2245
f 2251//2251 2242//2242 2248//2248
f 2251//2251 2246//2246 2242//2242
f 2250//2250 2245//2245 2244//2244
f 2262//2262 2256//2256 2260//2260
f 2289//2289 2286//2286 2285//2285
f 2321//2321 2217//2217 2216//2216
f 2290//2290 2289//2289 2285//2285
f 2340//2340 2335//2335 2339//2339
f 2340//2340 2120//2120 2181//2181
f 2340//2340 2339//2339 2324//2324
f 2340//2340 2324//2324 2120//2120
f 2324//2324 2121//2121 2120//2120
f 2331//2331 2333//2333 2118//2118
f 2324//2324 2303//2303 2121//2121
f 2303//2303 2122//2122 2121//2121
f 2323//2323 2313//2313 2221//2221
f 2323//2323 2314//2314 2313//2313
f 2323//2323 2221//2221 2220//2220
f 2323//2323 2322//2322 2314//2314
f 2341//2341 2181//2181 2173//2173
f 2323//2323 2220//2220 2322//2322
f 2314//2314 2322//2322 2320//2320
f 2322//2322 2220//2220 2219//2219
f 2322//2322 2219//2219 2321//2321
f 2321//2321 2219//2219 2218//2218
f 2321//2321 2218//2218 2217//2217
f 2320//2320 2311//2311 2310//2310
f 2322//2322 2321//2321 2320//2320
f 2321//2321 2216//2216 2308//2308
f 2234//2234 2229//2229 2212//2212
f 2321//2321 2312//2312 2320//2320
f 2320//2320 2312//2312 2311//2311
f 2321//2321 2308//2308 2312//2312
f 2314//2314 2320//2320 2310//2310
f 2341//2341 2340//2340 2181//2181
f 2336//2336 2335//2335 2340//2340
f 2338//2338 2337//2337 2336//2336
f 2112//2112 2325//2325 2113//2113
f 2325//2325 2344//2344 2113//2113
f 2113//2113 2344//2344 2114//2114
f 2344//2344 2115//2115 2114//2114
f 2115//2115 2344//2344 2343//2343
f 2344//2344 2325//2325 2326//2326
f 2343//2343 2116//2116 2115//2115
f 2344//2344 2342//2342 2343//2343
f 2326//2326 2330//2330 2344//2344
f 2343//2343 2117//2117 2116//2116
f 2344//2344 2330//2330 2342//2342
f 2342//2342 2332//2332 2343//2343
f 2343//2343 2331//2331 2117//2117
f 2343//2343 2332//2332 2331//2331
f 2342//2342 2327//2327 2332//2332
f 2330//2330 2329//2329 2328//2328
f 2330//2330 2328//2328 2342//2342
f 2331//2331 2118//2118 2117//2117
f 2342//2342 2328//2328 2327//2327
f 2333//2333 2341//2341 2119//2119
f 2333//2333 2119//2119 2163//2163
f 2333//2333 2163//2163 2118//2118
f 2334//2334 2340//2340 2341//2341
f 2334//2334 2341//2341 2333//2333
f 2334//2334 2338//2338 2340//2340
f 2341//2341 2173//2173 2119//2119
f 2338//2338 2336//2336 2340//2340
f 2309//2309 2215//2215 2319//2319
f 2291//2291 2284//2284 2287//2287
f 2309//2309 2319//2319 2318//2318
f 2319//2319 2316//2316 2318//2318
f 2300//2300 2296//2296 2299//2299
f 2300//2300 2097//2097 2296//2296
f 2299//2299 2296//2296 2295//2295
f 2298//2298 2130//2130 2127//2127
f 2299//2299 2295//2295 2297//2297
f 2130//2130 2298//2298 2291//2291
f 2298//2298 2297//2297 2294//2294
f 2130//2130 2291//2291 2292//2292
f 2297//2297 2295//2295 2290//2290
f 2298//2298 2294//2294 2291//2291
f 2296//2296 2097//2097 2293//2293
f 2297//2297 2290//2290 2294//2294
f 2127//2127 2297//2297 2298//2298
f 2296//2296 2289//2289 2295//2295
f 2292//2292 2221//2221 2112//2112
f 2295//2295 2289//2289 2290//2290
f 2294//2294 2290//2290 2291//2291
f 2097//2097 2288//2288 2293//2293
f 2097//2097 2098//2098 2288//2288
f 2292//2292 2291//2291 2287//2287
f 2293//2293 2286//2286 2289//2289
f 2290//2290 2284//2284 2291//2291
f 2293//2293 2288//2288 2282//2282
f 2293//2293 2282//2282 2286//2286
f 2292//2292 2287//2287 2221//2221
f 2098//2098 2283//2283 2288//2288
f 2296//2296 2293//2293 2289//2289
f 2300//2300 2096//2096 2097//2097
f 2128//2128 2297//2297 2127//2127
f 2301//2301 2299//2299 2297//2297
f 2319//2319 2214//2214 2213//2213
f 2319//2319 2315//2315 2316//2316
f 2319//2319 2213//2213 2315//2315
f 2318//2318 2316//2316 2304//2304
f 2315//2315 2213//2213 2212//2212
f 2315//2315 2212//2212 2211//2211
f 2315//2315 2211//2211 2317//2317
f 2304//2304 2316//2316 2305//2305
f 2315//2315 2307//2307 2316//2316
f 2317//2317 2211//2211 2210//2210
f 2317//2317 2302//2302 2315//2315
f 2316//2316 2306//2306 2305//2305
f 2317//2317 2210//2210 2303//2303
f 2317//2317 2303//2303 2302//2302
f 2316//2316 2307//2307 2306//2306
f 2315//2315 2302//2302 2307//2307
f 2112//2112 2221//2221 2325//2325
f 2325//2325 2221//2221 2313//2313
f 2216//2216 2309//2309 2308//2308
f 2216//2216 2215//2215 2309//2309
f 2210//2210 2122//2122 2303//2303
f 2095//2095 2096//2096 2301//2301
f 2301//2301 2129//2129 2095//2095
f 2301//2301 2096//2096 2300//2300
f 2301//2301 2128//2128 2129//2129
f 2301//2301 2300//2300 2299//2299
f 2128//2128 2301//2301 2297//2297
f 2319//2319 2215//2215 2214//2214
f 2235//2235 2232//2232 2231//2231
f 2209//2209 2208//2208 2207//2207
f 2235//2235 2231//2231 2230//2230
f 2154//2154 2152//2152 2147//2147
f 2213//2213 2234//2234 2212//2212
f 2154//2154 2147//2147 2153//2153
f 2110//2110 2146//2146 2152//2152
f 2110//2110 2111//2111 2146//2146
f 2153//2153 2147//2147 2148//2148
f 2155//2155 2150//2150 2151//2151
f 2153//2153 2148//2148 2150//2150
f 2152//2152 2143//2143 2147//2147
f 2152//2152 2146//2146 2143//2143
f 2151//2151 2150//2150 2144//2144
f 2149//2149 2116//2116 2117//2117
f 2155//2155 2153//2153 2150//2150
f 2148//2148 2147//2147 2142//2142
f 2150//2150 2148//2148 2145//2145
f 2146//2146 2140//2140 2143//2143
f 2150//2150 2145//2145 2144//2144
f 2149//2149 2144//2144 2116//2116
f 2148//2148 2142//2142 2145//2145
f 2111//2111 2095//2095 2146//2146
f 2147//2147 2143//2143 2139//2139
f 2146//2146 2095//2095 2141//2141
f 2144//2144 2145//2145 2138//2138
f 2147//2147 2139//2139 2142//2142
f 2145//2145 2142//2142 2135//2135
f 2146//2146 2141//2141 2140//2140
f 2151//2151 2144//2144 2149//2149
f 2157//2157 2151//2151 2149//2149
f 2157//2157 2149//2149 2117//2117
f 2156//2156 2151//2151 2157//2157
f 2119//2119 2168//2168 2163//2163
f 2166//2166 2169//2169 2160//2160
f 2109//2109 2161//2161 2164//2164
f 2169//2169 2165//2165 2162//2162
f 2168//2168 2166//2166 2160//2160
f 2170//2170 2164//2164 2167//2167
f 2167//2167 2158//2158 2165//2165
f 2161//2161 2109//2109 2110//2110
f 2169//2169 2162//2162 2160//2160
f 2168//2168 2160//2160 2163//2163
f 2167//2167 2164//2164 2158//2158
f 2164//2164 2161//2161 2159//2159
f 2164//2164 2159//2159 2158//2158
f 2165//2165 2158//2158 2156//2156
f 2165//2165 2156//2156 2162//2162
f 2163//2163 2160//2160 2118//2118
f 2161//2161 2110//2110 2152//2152
f 2160//2160 2162//2162 2157//2157
f 2162//2162 2156//2156 2157//2157
f 2161//2161 2152//2152 2159//2159
f 2160//2160 2157//2157 2118//2118
f 2159//2159 2152//2152 2154//2154
f 2159//2159 2153//2153 2158//2158
f 2157//2157 2117//2117 2118//2118
f 2158//2158 2155//2155 2156//2156
f 2159//2159 2154//2154 2153//2153
f 2158//2158 2153//2153 2155//2155
f 2142//2142 2139//2139 2136//2136
f 2170//2170 2109//2109 2164//2164
f 2145//2145 2135//2135 2138//2138
f 2143//2143 2140//2140 2137//2137
f 2103//2103 2092//2092 2091//2091
f 2100//2100 2267//2267 2094//2094
f 2103//2103 2091//2091 2104//2104
f 2267//2267 2082//2082 2094//2094
f 2267//2267 2099//2099 2082//2082
f 2104//2104 2091//2091 2090//2090
f 2104//2104 2090//2090 2105//2105
f 2099//2099 2098//2098 2082//2082
f 2098//2098 2083//2083 2082//2082
f 2090//2090 2089//2089 2105//2105
f 2105//2105 2089//2089 2106//2106
f 2098//2098 2097//2097 2083//2083
f 2100//2100 2094//2094 2093//2093
f 2089//2089 2107//2107 2106//2106
f 2083//2083 2096//2096 2084//2084
f 2083//2083 2097//2097 2096//2096
f 2084//2084 2096//2096 2095//2095
f 2088//2088 2108//2108 2107//2107
f 2088//2088 2087//2087 2108//2108
f 2084//2084 2095//2095 2085//2085
f 2085//2085 2095//2095 2111//2111
f 2087//2087 2109//2109 2108//2108
f 2087//2087 2110//2110 2109//2109
f 2087//2087 2086//2086 2110//2110
f 2085//2085 2111//2111 2110//2110
f 2085//2085 2110//2110 2086//2086
f 2089//2089 2088//2088 2107//2107
f 2102//2102 2092//2092 2103//2103
f 2101//2101 2100//2100 2093//2093
f 2102//2102 2093//2093 2092//2092
f 2116//2116 2138//2138 2115//2115
f 2143//2143 2137//2137 2139//2139
f 2142//2142 2136//2136 2135//2135
f 2141//2141 2095//2095 2129//2129
f 2141//2141 2129//2129 2140//2140
f 2140//2140 2129//2129 2134//2134
f 2140//2140 2134//2134 2137//2137
f 2139//2139 2137//2137 2136//2136
f 2138//2138 2135//2135 2114//2114
f 2138//2138 2114//2114 2115//2115
f 2135//2135 2136//2136 2133//2133
f 2137//2137 2132//2132 2136//2136
f 2129//2129 2128//2128 2134//2134
f 2137//2137 2134//2134 2132//2132
f 2136//2136 2132//2132 2133//2133
f 2135//2135 2133//2133 2114//2114
f 2133//2133 2132//2132 2131//2131
f 2134//2134 2128//2128 2127//2127
f 2134//2134 2127//2127 2132//2132
f 2114//2114 2133//2133 2113//2113
f 2127//2127 2130//2130 2132//2132
f 2133//2133 2131//2131 2113//2113
f 2132//2132 2130//2130 2131//2131
f 2131//2131 2112//2112 2113//2113
f 2131//2131 2130//2130 2292//2292
f 2131//2131 2292//2292 2112//2112
f 2101//2101 2093//2093 2102//2102
f 2144//2144 2138//2138 2116//2116
f 2171//2171 2168//2168 2119//2119
f 2156//2156 2155//2155 2151//2151
f 2173//2173 2171//2171 2119//2119
f 2209//2209 2207//2207 2206//2206
f 2126//2126 2205//2205 2125//2125
f 2126//2126 2206//2206 2205//2205
f 2208//2208 2104//2104 2105//2105
f 2205//2205 2124//2124 2125//2125
f 2206//2206 2204//2204 2205//2205
f 2208//2208 2201//2201 2207//2207
f 2205//2205 2203//2203 2124//2124
f 2207//2207 2202//2202 2206//2206
f 2208//2208 2105//2105 2201//2201
f 2207//2207 2201//2201 2202//2202
f 2203//2203 2123//2123 2124//2124
f 2126//2126 2209//2209 2206//2206
f 2203//2203 2198//2198 2123//2123
f 2206//2206 2199//2199 2204//2204
f 2205//2205 2204//2204 2203//2203
f 2105//2105 2197//2197 2201//2201
f 2202//2202 2201//2201 2196//2196
f 2204//2204 2200//2200 2203//2203
f 2198//2198 2122//2122 2123//2123
f 2204//2204 2199//2199 2200//2200
f 2105//2105 2106//2106 2197//2197
f 2203//2203 2200//2200 2198//2198
f 2202//2202 2196//2196 2199//2199
f 2199//2199 2195//2195 2200//2200
f 2201//2201 2197//2197 2196//2196
f 2206//2206 2202//2202 2199//2199
f 2122//2122 2198//2198 2121//2121
f 2104//2104 2208//2208 2209//2209
f 2172//2172 2165//2165 2169//2169
f 2232//2232 2103//2103 2228//2228
f 2233//2233 2230//2230 2226//2226
f 2231//2231 2232//2232 2227//2227
f 2230//2230 2231//2231 2225//2225
f 2233//2233 2226//2226 2229//2229
f 2103//2103 2209//2209 2228//2228
f 2103//2103 2104//2104 2209//2209
f 2229//2229 2224//2224 2212//2212
f 2232//2232 2228//2228 2227//2227
f 2229//2229 2226//2226 2224//2224
f 2231//2231 2227//2227 2225//2225
f 2228//2228 2209//2209 2126//2126
f 2222//2222 2123//2123 2122//2122
f 2212//2212 2224//2224 2211//2211
f 2228//2228 2125//2125 2227//2227
f 2227//2227 2124//2124 2225//2225
f 2228//2228 2126//2126 2125//2125
f 2227//2227 2125//2125 2124//2124
f 2225//2225 2223//2223 2226//2226
f 2226//2226 2223//2223 2224//2224
f 2224//2224 2210//2210 2211//2211
f 2225//2225 2124//2124 2223//2223
f 2223//2223 2124//2124 2123//2123
f 2224//2224 2223//2223 2210//2210
f 2223//2223 2123//2123 2222//2222
f 2223//2223 2222//2222 2210//2210
f 2230//2230 2225//2225 2226//2226
f 2106//2106 2193//2193 2197//2197
f 2222//2222 2122//2122 2210//2210
f 2200//2200 2192//2192 2198//2198
f 2185//2185 2180//2180 2177//2177
f 2183//2183 2182//2182 2178//2178
f 2183//2183 2178//2178 2180//2180
f 2107//2107 2108//2108 2179//2179
f 2185//2185 2177//2177 2181//2181
f 2184//2184 2176//2176 2182//2182
f 2184//2184 2179//2179 2176//2176
f 2182//2182 2176//2176 2174//2174
f 2182//2182 2174//2174 2178//2178
f 2178//2178 2171//2171 2180//2180
f 2178//2178 2175//2175 2171//2171
f 2177//2177 2173//2173 2181//2181
f 2179//2179 2108//2108 2170//2170
f 2186//2186 2181//2181 2120//2120
f 2178//2178 2174//2174 2175//2175
f 2180//2180 2171//2171 2177//2177
f 2179//2179 2170//2170 2176//2176
f 2176//2176 2170//2170 2167//2167
f 2177//2177 2171//2171 2173//2173
f 2170//2170 2108//2108 2109//2109
f 2174//2174 2172//2172 2169//2169
f 2175//2175 2168//2168 2171//2171
f 2175//2175 2174//2174 2166//2166
f 2176//2176 2167//2167 2172//2172
f 2175//2175 2166//2166 2168//2168
f 2172//2172 2167//2167 2165//2165
f 2174//2174 2169//2169 2166//2166
f 2196//2196 2197//2197 2194//2194
f 2176//2176 2172//2172 2174//2174
f 2187//2187 2183//2183 2180//2180
f 2185//2185 2181//2181 2186//2186
f 2188//2188 2182//2182 2183//2183
f 2200//2200 2195//2195 2192//2192
f 2199//2199 2196//2196 2195//2195
f 2197//2197 2193//2193 2190//2190
f 2196//2196 2194//2194 2187//2187
f 2198//2198 2192//2192 2121//2121
f 2197//2197 2190//2190 2194//2194
f 2196//2196 2187//2187 2195//2195
f 2195//2195 2191//2191 2192//2192
f 2193//2193 2106//2106 2107//2107
f 2192//2192 2120//2120 2121//2121
f 2195//2195 2187//2187 2191//2191
f 2193//2193 2107//2107 2189//2189
f 2194//2194 2190//2190 2187//2187
f 2192//2192 2191//2191 2186//2186
f 2193//2193 2188//2188 2190//2190
f 2192//2192 2186//2186 2120//2120
f 2189//2189 2179//2179 2184//2184
f 2187//2187 2180//2180 2185//2185
f 2188//2188 2184//2184 2182//2182
f 2193//2193 2189//2189 2188//2188
f 2190//2190 2183//2183 2187//2187
f 2189//2189 2184//2184 2188//2188
f 2189//2189 2107//2107 2179//2179
f 2191//2191 2185//2185 2186//2186
f 2190//2190 2188//2188 2183//2183
f 2191//2191 2187//2187 2185//2185
f 2347//2347 2345//2345 2348//2348
f 2348//2348 2345//2345 2346//2346
f 2360//2360 2354//2354 2355//2355
f 2360//2360 2361//2361 2354//2354
f 2361//2361 2353//2353 2354//2354
f 2361//2361 2362//2362 2353//2353
f 2359//2359 2352//2352 2351//2351
f 2359//2359 2351//2351 2358//2358
f 2359//2359 2356//2356 2352//2352
f 2359//2359 2360//2360 2356//2356
f 2360//2360 2355//2355 2356//2356
f 2362//2362 2357//2357 2353//2353
f 2350//2350 2349//2349 2357//2357
f 2350//2350 2357//2357 2362//2362
f 2371//2371 2370//2370 2367//2367
f 2367//2367 2369//2369 2368//2368
f 2383//2383 2365//2365 2364//2364
f 2370//2370 2369//2369 2367//2367
f 2382//2382 2365//2365 2383//2383
f 2378//2378 2377//2377 2379//2379
f 2379//2379 2377//2377 2380//2380
f 2365//2365 2363//2363 2364//2364
f 2374//2374 2373//2373 2372//2372
f 2375//2375 2371//2371 2376//2376
f 2376//2376 2371//2371 2366//2366
f 2376//2376 2366//2366 2381//2381
f 2381//2381 2366//2366 2382//2382
f 2376//2376 2381//2381 2380//2380
f 2382//2382 2366//2366 2365//2365
f 2371//2371 2367//2367 2366//2366
f 2375//2375 2372//2372 2371//2371
f 2374//2374 2372//2372 2375//2375
f 2377//2377 2376//2376 2380//2380
f 2395//2395 2391//2391 2386//2386
f 2393//2393 2394//2394 2388//2388
f 2396//2396 2391//2391 2395//2395
f 2394//2394 2387//2387 2388//2388
f 2394//2394 2395//2395 2387//2387
f 2395//2395 2386//2386 2387//2387
f 2393//2393 2384//2384 2392//2392
f 2393//2393 2389//2389 2384//2384
f 2392//2392 2384//2384 2385//2385
f 2393//2393 2388//2388 2389//2389
f 2396//2396 2390//2390 2391//2391
f 2400//2400 2398//2398 2399//2399
f 2400//2400 2397//2397 2398//2398
f 2411//2411 2406//2406 2410//2410
f 2410//2410 2402//2402 2403//2403
f 2408//2408 2404//2404 2401//2401
f 2408//2408 2401//2401 2407//2407
f 2409//2409 2410//2410 2403//2403
f 2409//2409 2403//2403 2404//2404
f 2408//2408 2409//2409 2404//2404
f 2410//2410 2406//2406 2402//2402
f 2411//2411 2405//2405 2406//2406
f 2415//2415 2413//2413 2412//2412
f 2415//2415 2412//2412 2414//2414
f 2427//2427 2423//2423 2418//2418
f 2425//2425 2420//2420 2421//2421
f 2425//2425 2426//2426 2420//2420
f 2426//2426 2419//2419 2420//2420
f 2426//2426 2418//2418 2419//2419
f 2426//2426 2427//2427 2418//2418
f 2425//2425 2416//2416 2424//2424
f 2425//2425 2417//2417 2416//2416
f 2425//2425 2421//2421 2417//2417
f 2427//2427 2422//2422 2423//2423
f 2428//2428 2422//2422 2427//2427
f 2432//2432 2429//2429 2431//2431
f 2432//2432 2430//2430 2429//2429
v 0.0373520 -0.0067000 0.0889280
v 0.0377774 -0.0067000 0.0889527
v 0.0382028 -0.0067000 0.0891772
v 0.0385219 -0.0066999 0.0896287
v 0.0385709 -0.0067000 0.0901329
v 0.0384036 -0.0066999 0.0906135
v 0.0379472 -0.0066999 0.0909881
v 0.0375397 -0.0066999 0.0910800
v 0.0369264 -0.0066998 0.0909360
v 0.0364578 -0.0066999 0.0903386
v 0.0364405 -0.0067000 0.0897955
v 0.0366190 -0.0067000 0.0893600
v 0.0369781 -0.0067000 0.0890555
v 0.0373520 -0.0067000 0.0889280
v 0.0377774 -0.0067000 0.0889527
v 0.0382028 -0.0067000 0.0891772
v 0.0385219 -0.0066999 0.0896287
v 0.0385709 -0.0067000 0.0901329
v 0.0384036 -0.0066999 0.0906135
v 0.0379472 -0.0066999 0.0909881
v 0.0375397 -0.0066999 0.0910800
v 0.0369264 -0.0066998 0.0909360
v 0.0364578 -0.0066999 0.0903386
v 0.0364405 -0.0067000 0.0897955
v 0.0366190 -0.0067000 0.0893600
v 0.0369781 -0.0067000 0.0890555
v 0.0375443 -0.0069223 0.0886891
v 0.0370073 -0.0069266 0.0887885
v 0.0366537 -0.0069245 0.0890091
v 0.0364467 -0.0069254 0.0892348
v 0.0362838 -0.0069250 0.0895274
v 0.0362110 -0.0069250 0.0898252
v 0.0362018 -0.0069250 0.0901311
v 0.0362737 -0.0069255 0.0904356
v 0.0364061 -0.0069242 0.0907100
v 0.0366747 -0.0069250 0.0910107
v 0.0369975 -0.0069239 0.0912017
v 0.0372872 -0.0069260 0.0912850
v 0.0377061 -0.0069213 0.0912916
v 0.0381762 -0.0069266 0.0911195
v 0.0384876 -0.0069239 0.0908493
v 0.0386572 -0.0069259 0.0905979
v 0.0387752 -0.0069250 0.0902765
v 0.0387989 -0.0069239 0.0899022
v 0.0387112 -0.0069256 0.0895065
v 0.0384732 -0.0069250 0.0891309
v 0.0380992 -0.0069230 0.0888376
v 0.0375443 -0.0069223 0.0886891
v 0.0370073 -0.0069266 0.0887885
v 0.0366537 -0.0069245 0.0890091
v 0.0364467 -0.0069254 0.0892348
v 0.0362838 -0.0069250 0.0895274
v 0.0362110 -0.0069250 0.0898252
v 0.0362018 -0.0069250 0.0901311
v 0.0362737 -0.0069255 0.0904356
v 0.0364061 -0.0069242 0.0907100
v 0.0366747 -0.0069250 0.0910107
v 0.0369975 -0.0069239 0.0912017
v 0.0372872 -0.0069260 0.0912850
v 0.0377061 -0.0069213 0.0912916
v 0.0381762 -0.0069266 0.0911195
v 0.0384876 -0.0069239 0.0908493
v 0.0386572 -0.0069259 0.0905979
v 0.0387752 -0.0069250 0.0902765
v 0.0387989 -0.0069239 0.0899022
v 0.0387112 -0.0069256 0.0895065
v 0.0384732 -0.0069250 0.0891309
v 0.0380992 -0.0069230 0.0888376
v 0.0372439 -0.0127000 0.0912877
v 0.0378052 -0.0127000 0.0912707
v 0.0383128 -0.0127000 0.0910311
v 0.0386723 -0.0127000 0.0905800
v 0.0388111 -0.0127000 0.0900355
v 0.0386843 -0.0127000 0.0894364
v 0.0382726 -0.0127000 0.0889367
v 0.0378043 -0.0127000 0.0887328
v 0.0374344 -0.0127000 0.0886968
v 0.0367319 -0.0127000 0.0910573
v 0.0364538 -0.0127000 0.0907759
v 0.0362551 -0.0127000 0.0904045
v 0.0361969 -0.0127000 0.0899488
v 0.0362859 -0.0127000 0.0895138
v 0.0365320 -0.0127000 0.0891250
v 0.0369364 -0.0127000 0.0888157
v 0.0372439 -0.0127000 0.0912877
v 0.0378052 -0.0127000 0.0912707
v 0.0383128 -0.0127000 0.0910311
v 0.0386723 -0.0127000 0.0905800
v 0.0388111 -0.0127000 0.0900355
v 0.0386843 -0.0127000 0.0894364
v 0.0382726 -0.0127000 0.0889367
v 0.0378043 -0.0127000 0.0887328
v 0.0374344 -0.0127000 0.0886968
v 0.0367319 -0.0127000 0.0910573
v 0.0364538 -0.0127000 0.0907759
v 0.0362551 -0.0127000 0.0904045
v 0.0361969 -0.0127000 0.0899488
v 0.0362859 -0.0127000 0.0895138
v 0.0365320 -0.0127000 0.0891250
v 0.0369364 -0.0127000 0.0888157
v 0.0376127 -0.0127085 0.0924143
v 0.0370813 -0.0127002 0.0923518
v 0.0361003 -0.0127001 0.0919581
v 0.0355739 -0.0127044 0.0914408
v 0.0351245 -0.0127007 0.0903654
v 0.0351037 -0.0127053 0.0897474
v 0.0358402 -0.0127007 0.0882644
v 0.0367408 -0.0127015 0.0877264
v 0.0374446 -0.0127001 0.0876169
v 0.0385787 -0.0127000 0.0921396
v 0.0393604 -0.0127002 0.0915101
v 0.0398744 -0.0127000 0.0903897
v 0.0397595 -0.0127000 0.0891945
v 0.0392084 -0.0127020 0.0883063
v 0.0385467 -0.0127019 0.0878471
v 0.0380584 -0.0127008 0.0876744
v 0.0381285 -0.0138135 0.0923185
v 0.0386819 -0.0138024 0.0921123
v 0.0391402 -0.0138013 0.0917940
v 0.0395503 -0.0137798 0.0913710
v 0.0397627 -0.0137698 0.0910263
v 0.0398919 -0.0137993 0.0904512
v 0.0398418 -0.0138034 0.0893667
v 0.0396465 -0.0137809 0.0887893
v 0.0394661 -0.0137665 0.0884663
v 0.0386111 -0.0137855 0.0878093
v 0.0382256 -0.0138104 0.0877055
v 0.0378200 -0.0137715 0.0875394
v 0.0375178 -0.0127568 0.0875084
v 0.0373721 -0.0129265 0.0873451
v 0.0373787 -0.0131524 0.0872569
v 0.0375000 -0.0133482 0.0872528
v 0.0375931 -0.0135435 0.0873177
v 0.0373887 -0.0136867 0.0874218
v 0.0372984 -0.0137872 0.0875559
v 0.0373784 -0.0129094 0.0926458
v 0.0376258 -0.0133132 0.0927535
v 0.0376996 -0.0135666 0.0926690
v 0.0375063 -0.0137740 0.0924785
v 0.0378885 -0.0137029 0.0925391
v 0.0383933 -0.0137342 0.0923690
v 0.0380216 -0.0133632 0.0926966
v 0.0382280 -0.0135569 0.0925763
v 0.0378012 -0.0130194 0.0926891
v 0.0380502 -0.0131808 0.0926933
v 0.0378008 -0.0128683 0.0925929
v 0.0384060 -0.0133169 0.0926018
v 0.0386019 -0.0135392 0.0924508
v 0.0387234 -0.0137018 0.0922558
v 0.0382441 -0.0130533 0.0926141
v 0.0389653 -0.0136079 0.0922034
v 0.0381201 -0.0127667 0.0924285
v 0.0382155 -0.0128991 0.0925381
v 0.0386595 -0.0131941 0.0924943
v 0.0389292 -0.0133956 0.0923424
v 0.0391623 -0.0137167 0.0919342
v 0.0386308 -0.0130269 0.0924606
v 0.0390345 -0.0132562 0.0922877
v 0.0385794 -0.0128769 0.0923860
v 0.0393142 -0.0135600 0.0919691
v 0.0391208 -0.0131458 0.0922195
v 0.0385252 -0.0127566 0.0922670
v 0.0395494 -0.0136787 0.0915851
v 0.0390676 -0.0129530 0.0921683
v 0.0393639 -0.0133563 0.0920180
v 0.0395930 -0.0135067 0.0917116
v 0.0390266 -0.0127901 0.0920281
v 0.0395289 -0.0132573 0.0918634
v 0.0398013 -0.0135758 0.0913545
v 0.0395680 -0.0130372 0.0917620
v 0.0397857 -0.0132534 0.0915467
v 0.0393841 -0.0128385 0.0917757
v 0.0398940 -0.0133157 0.0913560
v 0.0400087 -0.0134812 0.0910440
v 0.0399454 -0.0136592 0.0909014
v 0.0396543 -0.0128217 0.0914089
v 0.0398870 -0.0130944 0.0913330
v 0.0400299 -0.0136869 0.0904968
v 0.0400778 -0.0131627 0.0909571
v 0.0401542 -0.0133402 0.0907256
v 0.0401371 -0.0135438 0.0905063
v 0.0399278 -0.0129606 0.0911254
v 0.0399834 -0.0137720 0.0900320
v 0.0397899 -0.0127788 0.0910611
v 0.0401440 -0.0136052 0.0901201
v 0.0402295 -0.0133391 0.0903223
v 0.0401278 -0.0130092 0.0906441
v 0.0402179 -0.0134621 0.0900928
v 0.0402287 -0.0131647 0.0903219
v 0.0400043 -0.0137307 0.0896175
v 0.0399508 -0.0127982 0.0906865
v 0.0401351 -0.0135976 0.0896984
v 0.0402485 -0.0133538 0.0898931
v 0.0400966 -0.0128756 0.0903311
v 0.0401957 -0.0130048 0.0901000
v 0.0402432 -0.0131663 0.0898446
v 0.0400270 -0.0135953 0.0891746
v 0.0399866 -0.0127590 0.0901983
v 0.0401656 -0.0134467 0.0894316
v 0.0398793 -0.0137163 0.0890756
v 0.0402035 -0.0132764 0.0894651
v 0.0401426 -0.0129130 0.0898004
v 0.0401861 -0.0130951 0.0895079
v 0.0401145 -0.0133520 0.0891572
v 0.0398331 -0.0136058 0.0887431
v 0.0399664 -0.0127530 0.0897127
v 0.0399880 -0.0133634 0.0888369
v 0.0399596 -0.0127829 0.0894039
v 0.0400664 -0.0129498 0.0892633
v 0.0400661 -0.0131419 0.0890269
v 0.0396586 -0.0135115 0.0883720
v 0.0397787 -0.0134000 0.0884804
v 0.0399626 -0.0130595 0.0888312
v 0.0393643 -0.0136596 0.0881751
v 0.0390842 -0.0137880 0.0881276
v 0.0397921 -0.0132406 0.0884742
v 0.0398566 -0.0128455 0.0889208
v 0.0397617 -0.0130203 0.0885065
v 0.0396925 -0.0127414 0.0888698
v 0.0392400 -0.0135310 0.0879436
v 0.0395333 -0.0132506 0.0881403
v 0.0393513 -0.0133838 0.0879780
v 0.0395853 -0.0128086 0.0885211
v 0.0388640 -0.0136740 0.0877912
v 0.0395051 -0.0130569 0.0881639
v 0.0394361 -0.0129055 0.0882031
v 0.0392114 -0.0131555 0.0878528
v 0.0389384 -0.0133416 0.0876527
v 0.0388067 -0.0135246 0.0876449
v 0.0392274 -0.0128114 0.0881112
v 0.0391753 -0.0129904 0.0878947
v 0.0384142 -0.0136753 0.0875732
v 0.0388429 -0.0131409 0.0876059
v 0.0385487 -0.0134450 0.0874846
v 0.0388780 -0.0129173 0.0877333
v 0.0382254 -0.0135569 0.0874229
v 0.0379182 -0.0136660 0.0874316
v 0.0388245 -0.0127973 0.0878284
v 0.0384573 -0.0132223 0.0874177
v 0.0382348 -0.0133895 0.0873604
v 0.0384609 -0.0129772 0.0874919
v 0.0378606 -0.0134028 0.0872830
v 0.0382460 -0.0129781 0.0874141
v 0.0380456 -0.0131838 0.0873053
v 0.0383027 -0.0128026 0.0875789
v 0.0378451 -0.0129818 0.0873348
v 0.0377218 -0.0131687 0.0872624
v 0.0376952 -0.0128269 0.0874293
v 0.0370901 -0.0137773 0.0924383
v 0.0362596 -0.0137706 0.0921506
v 0.0355758 -0.0137926 0.0915150
v 0.0352468 -0.0137830 0.0909872
v 0.0351044 -0.0137781 0.0906106
v 0.0351471 -0.0138058 0.0894092
v 0.0356867 -0.0138060 0.0884043
v 0.0360030 -0.0137926 0.0880645
v 0.0363497 -0.0137881 0.0878335
v 0.0368956 -0.0137886 0.0876238
v 0.0371225 -0.0136154 0.0873797
v 0.0371772 -0.0133786 0.0872763
v 0.0367824 -0.0135505 0.0874176
v 0.0364905 -0.0136703 0.0876034
v 0.0369788 -0.0131494 0.0873032
v 0.0367742 -0.0133879 0.0873576
v 0.0368892 -0.0129280 0.0874098
v 0.0362797 -0.0134781 0.0875723
v 0.0365549 -0.0132151 0.0874110
v 0.0360231 -0.0136234 0.0878172
v 0.0370091 -0.0127667 0.0875448
v 0.0361712 -0.0133175 0.0875896
v 0.0363503 -0.0130670 0.0875307
v 0.0364937 -0.0128695 0.0875844
v 0.0357143 -0.0136549 0.0880898
v 0.0357986 -0.0134323 0.0878661
v 0.0359668 -0.0132123 0.0877099
v 0.0364008 -0.0127532 0.0877708
v 0.0354214 -0.0137089 0.0885051
v 0.0359887 -0.0130270 0.0877522
v 0.0354053 -0.0137947 0.0887499
v 0.0356372 -0.0132486 0.0879715
v 0.0354983 -0.0134215 0.0881399
v 0.0353715 -0.0135871 0.0883994
v 0.0360396 -0.0128421 0.0878588
v 0.0355866 -0.0130587 0.0880618
v 0.0357427 -0.0128437 0.0880919
v 0.0353385 -0.0132060 0.0882962
v 0.0352263 -0.0133699 0.0884645
v 0.0350911 -0.0136655 0.0890071
v 0.0351521 -0.0135334 0.0886875
v 0.0354429 -0.0128824 0.0883682
v 0.0352006 -0.0131091 0.0885087
v 0.0350099 -0.0133626 0.0888359
v 0.0355353 -0.0127837 0.0884152
v 0.0349605 -0.0137129 0.0896695
v 0.0349191 -0.0136093 0.0894065
v 0.0350067 -0.0131398 0.0888546
v 0.0351923 -0.0129089 0.0887101
v 0.0348576 -0.0133783 0.0892568
v 0.0352286 -0.0127912 0.0888714
v 0.0348509 -0.0132093 0.0892522
v 0.0348213 -0.0134416 0.0894938
v 0.0349283 -0.0129938 0.0891800
v 0.0353746 -0.0127009 0.0889016
v 0.0350497 -0.0137854 0.0901840
v 0.0349994 -0.0128904 0.0891779
v 0.0348501 -0.0135977 0.0898857
v 0.0347531 -0.0132106 0.0897611
v 0.0347559 -0.0133634 0.0898630
v 0.0348905 -0.0136372 0.0902972
v 0.0351115 -0.0127544 0.0893130
v 0.0347835 -0.0134599 0.0901185
v 0.0348068 -0.0129985 0.0898138
v 0.0349133 -0.0128645 0.0896582
v 0.0347649 -0.0132871 0.0903190
v 0.0348296 -0.0134626 0.0905154
v 0.0349771 -0.0136099 0.0908063
v 0.0347977 -0.0130581 0.0903344
v 0.0349336 -0.0128234 0.0902258
v 0.0348490 -0.0132197 0.0907590
v 0.0352410 -0.0136740 0.0912751
v 0.0349970 -0.0134954 0.0910411
v 0.0349235 -0.0129574 0.0907227
v 0.0350056 -0.0133335 0.0911628
v 0.0354852 -0.0136913 0.0916057
v 0.0350570 -0.0127819 0.0906401
v 0.0350145 -0.0131371 0.0911564
v 0.0352408 -0.0134943 0.0914997
v 0.0350773 -0.0129548 0.0911304
v 0.0352047 -0.0132633 0.0915283
v 0.0351771 -0.0127675 0.0909496
v 0.0355280 -0.0135416 0.0918239
v 0.0357582 -0.0136744 0.0919187
v 0.0359990 -0.0137859 0.0919424
v 0.0352371 -0.0130915 0.0915314
v 0.0355522 -0.0133317 0.0919465
v 0.0353080 -0.0128581 0.0914150
v 0.0354595 -0.0131422 0.0918361
v 0.0358968 -0.0136033 0.0921111
v 0.0358103 -0.0134246 0.0921460
v 0.0355302 -0.0128836 0.0917371
v 0.0363094 -0.0136287 0.0923484
v 0.0357105 -0.0129588 0.0919904
v 0.0357993 -0.0132047 0.0921641
v 0.0361673 -0.0134674 0.0923687
v 0.0366291 -0.0137834 0.0922996
v 0.0361577 -0.0132573 0.0924071
v 0.0359312 -0.0127668 0.0919580
v 0.0360972 -0.0130580 0.0923337
v 0.0360137 -0.0129148 0.0921944
v 0.0367988 -0.0136558 0.0925124
v 0.0366290 -0.0134848 0.0925718
v 0.0365736 -0.0133436 0.0925885
v 0.0365333 -0.0131519 0.0925683
v 0.0371995 -0.0136565 0.0925892
v 0.0363967 -0.0128575 0.0923578
v 0.0369675 -0.0133796 0.0926898
v 0.0365863 -0.0129807 0.0925276
v 0.0371977 -0.0134990 0.0926897
v 0.0365538 -0.0127611 0.0923118
v 0.0369444 -0.0132011 0.0926960
v 0.0369969 -0.0129731 0.0926371
v 0.0368013 -0.0128589 0.0925065
v 0.0373730 -0.0131976 0.0927529
v 0.0370946 -0.0127671 0.0924727
v 0.0372308 -0.0141060 0.0884730
v 0.0372207 -0.0142447 0.0892213
v 0.0370803 -0.0142668 0.0895081
v 0.0367668 -0.0142508 0.0897151
v 0.0363476 -0.0141896 0.0897305
v 0.0359672 -0.0141115 0.0897376
v 0.0359455 -0.0141010 0.0900144
v 0.0359736 -0.0141008 0.0902692
v 0.0363476 -0.0141896 0.0902695
v 0.0367301 -0.0142459 0.0902803
v 0.0370536 -0.0142682 0.0904567
v 0.0372216 -0.0142446 0.0907801
v 0.0372308 -0.0141060 0.0915271
v 0.0377664 -0.0141024 0.0915445
v 0.0375160 -0.0139953 0.0919170
v 0.0373488 -0.0140230 0.0881603
v 0.0366766 -0.0141674 0.0890020
v 0.0363859 -0.0140273 0.0885486
v 0.0358401 -0.0140244 0.0892301
v 0.0366747 -0.0141669 0.0909991
v 0.0357437 -0.0140256 0.0904860
v 0.0361112 -0.0140290 0.0911808
v 0.0369082 -0.0140310 0.0917194
v 0.0377664 -0.0141024 0.0884555
v 0.0377793 -0.0142447 0.0907787
v 0.0379197 -0.0142668 0.0904919
v 0.0382332 -0.0142508 0.0902849
v 0.0386524 -0.0141896 0.0902695
v 0.0390318 -0.0141104 0.0902731
v 0.0390550 -0.0141076 0.0899549
v 0.0390264 -0.0141008 0.0897308
v 0.0386524 -0.0141896 0.0897305
v 0.0382699 -0.0142459 0.0897197
v 0.0379867 -0.0142668 0.0895749
v 0.0377866 -0.0142509 0.0892699
v 0.0383234 -0.0141674 0.0909980
v 0.0381797 -0.0140222 0.0917085
v 0.0388889 -0.0140290 0.0911809
v 0.0383253 -0.0141669 0.0890009
v 0.0391599 -0.0140244 0.0892301
v 0.0387601 -0.0140251 0.0886835
v 0.0381798 -0.0140221 0.0882916
v 0.0372308 -0.0141060 0.0884730
v 0.0377664 -0.0141024 0.0884555
v 0.0377690 -0.0135000 0.0884709
v 0.0372359 -0.0135000 0.0884587
v 0.0377664 -0.0141024 0.0884555
v 0.0377690 -0.0135000 0.0884709
v 0.0390264 -0.0141008 0.0897308
v 0.0386524 -0.0141896 0.0897305
v 0.0382699 -0.0142459 0.0897197
v 0.0379867 -0.0142668 0.0895749
v 0.0377866 -0.0142509 0.0892699
v 0.0390264 -0.0135000 0.0897308
v 0.0382180 -0.0135000 0.0897128
v 0.0379246 -0.0135000 0.0895088
v 0.0377792 -0.0135000 0.0892341
v 0.0377690 -0.0135000 0.0884709
v 0.0372359 -0.0135000 0.0884587
v 0.0372170 -0.0135000 0.0892574
v 0.0370424 -0.0135000 0.0895446
v 0.0367545 -0.0135000 0.0897183
v 0.0359736 -0.0135000 0.0897308
v 0.0359455 -0.0135000 0.0899846
v 0.0359736 -0.0135000 0.0902692
v 0.0366832 -0.0135000 0.0902735
v 0.0369906 -0.0135000 0.0904007
v 0.0372176 -0.0135000 0.0907444
v 0.0372358 -0.0135000 0.0915413
v 0.0377690 -0.0135000 0.0915292
v 0.0377830 -0.0135000 0.0907426
v 0.0379576 -0.0135000 0.0904555
v 0.0382455 -0.0135000 0.0902817
v 0.0390264 -0.0135000 0.0902692
v 0.0390545 -0.0135000 0.0900154
v 0.0390264 -0.0135000 0.0897308
v 0.0382180 -0.0135000 0.0897128
v 0.0379246 -0.0135000 0.0895088
v 0.0377792 -0.0135000 0.0892341
v 0.0372308 -0.0141060 0.0884730
v 0.0372207 -0.0142447 0.0892213
v 0.0370803 -0.0142668 0.0895081
v 0.0367668 -0.0142508 0.0897151
v 0.0363476 -0.0141896 0.0897305
v 0.0359672 -0.0141115 0.0897376
v 0.0372359 -0.0135000 0.0884587
v 0.0372170 -0.0135000 0.0892574
v 0.0370424 -0.0135000 0.0895446
v 0.0367545 -0.0135000 0.0897183
v 0.0359736 -0.0135000 0.0897308
v 0.0359672 -0.0141115 0.0897376
v 0.0359455 -0.0141010 0.0900144
v 0.0359736 -0.0141008 0.0902692
v 0.0359736 -0.0135000 0.0897308
v 0.0359455 -0.0135000 0.0899846
v 0.0359736 -0.0135000 0.0902692
v 0.0359736 -0.0141008 0.0902692
v 0.0363476 -0.0141896 0.0902695
v 0.0367301 -0.0142459 0.0902803
v 0.0370536 -0.0142682 0.0904567
v 0.0372216 -0.0142446 0.0907801
v 0.0372308 -0.0141060 0.0915271
v 0.0359736 -0.0135000 0.0902692
v 0.0366832 -0.0135000 0.0902735
v 0.0369906 -0.0135000 0.0904007
v 0.0372176 -0.0135000 0.0907444
v 0.0372358 -0.0135000 0.0915413
v 0.0372308 -0.0141060 0.0915271
v 0.0377664 -0.0141024 0.0915445
v 0.0372358 -0.0135000 0.0915413
v 0.0377690 -0.0135000 0.0915292
v 0.0377664 -0.0141024 0.0915445
v 0.0377793 -0.0142447 0.0907787
v 0.0379197 -0.0142668 0.0904919
v 0.0382332 -0.0142508 0.0902849
v 0.0386524 -0.0141896 0.0902695
v 0.0390318 -0.0141104 0.0902731
v 0.0377690 -0.0135000 0.0915292
v 0.0377830 -0.0135000 0.0907426
v 0.0379576 -0.0135000 0.0904555
v 0.0382455 -0.0135000 0.0902817
v 0.0390264 -0.0135000 0.0902692
v 0.0390318 -0.0141104 0.0902731
v 0.0390550 -0.0141076 0.0899549
v 0.0390264 -0.0141008 0.0897308
v 0.0390264 -0.0135000 0.0902692
v 0.0390545 -0.0135000 0.0900154
v 0.0390264 -0.0135000 0.0897308
vn 0.000052 1.000000 0.000040
vn 0.000001 1.000000 -0.000021
vn 0.000138 1.000000 -0.000364
vn -0.000415 1.000000 0.000244
vn -0.000011 1.000000 -0.000097
vn 0.000041 1.000000 -0.000074
vn -0.000021 1.000000 0.000133
vn 0.000088 1.000000 -0.000089
vn 0.000300 1.000000 -0.000398
vn -0.000014 1.000000 -0.000087
vn -0.000572 1.000000 -0.000163
vn -0.000036 1.000000 -0.000084
vn -0.000106 1.000000 -0.000228
vn -0.105020 0.712949 -0.693307
vn 0.186576 0.713085 -0.675795
vn 0.455229 0.723354 -0.519158
vn 0.647204 0.723061 -0.241476
vn 0.681378 0.726932 0.085411
vn 0.571166 0.719765 0.394599
vn 0.300408 0.717882 0.628012
vn 0.000653 0.729922 0.683530
vn -0.363725 0.726931 0.582474
vn -0.648769 0.727715 0.222553
vn -0.674951 0.727587 -0.122712
vn -0.562604 0.718745 -0.408512
vn -0.341636 0.720995 -0.602869
vn 0.024519 0.702789 -0.710976
vn -0.262133 0.700419 -0.663852
vn -0.451009 0.708693 -0.542536
vn -0.589625 0.686855 -0.424937
vn -0.654183 0.711734 -0.255889
vn -0.703158 0.705680 -0.087087
vn -0.696705 0.715275 0.054624
vn -0.694711 0.674363 0.250220
vn -0.549776 0.739600 0.388251
vn -0.472131 0.703761 0.530860
vn -0.253860 0.704782 0.662449
vn -0.119009 0.727849 0.675332
vn 0.116508 0.705576 0.698991
vn 0.374853 0.714031 0.591307
vn 0.516728 0.704960 0.485822
vn 0.643820 0.701212 0.306264
vn 0.682064 0.713874 0.158656
vn 0.698056 0.713925 -0.055036
vn 0.655147 0.701270 -0.281075
vn 0.531427 0.713215 -0.457066
vn 0.321981 0.706801 -0.629889
vn 0.038942 0.003173 -0.999236
vn -0.361748 0.002256 -0.932273
vn -0.639125 0.002099 -0.769100
vn -0.811066 0.001320 -0.584953
vn -0.930992 0.000527 -0.365039
vn -0.990844 0.000942 -0.135010
vn -0.994911 0.001734 0.100745
vn -0.942341 0.001242 0.334653
vn -0.831439 0.000959 0.555615
vn -0.635108 0.001635 0.772422
vn -0.396313 0.002039 0.918113
vn -0.146482 0.001560 0.989212
vn 0.166281 0.001442 0.986077
vn 0.507359 0.003066 0.861729
vn 0.749301 0.002008 0.662227
vn 0.890144 0.000904 0.455678
vn 0.978463 0.002292 0.206412
vn 0.996845 0.000275 -0.079371
vn 0.925106 -0.000183 -0.379708
vn 0.741999 0.003522 -0.670392
vn 0.446352 0.004525 -0.894846
vn -0.194787 -0.003407 0.980840
vn 0.233259 -0.003318 0.972409
vn 0.620522 -0.003817 0.784180
vn 0.895462 -0.004078 0.445120
vn 0.999799 -0.003119 0.019822
vn 0.901422 -0.003658 -0.432925
vn 0.601661 -0.004455 -0.798739
vn 0.250980 -0.003252 -0.967987
vn -0.069039 -0.002357 -0.997611
vn -0.571079 -0.002581 0.820891
vn -0.804732 -0.001581 0.593637
vn -0.952490 -0.002440 0.304561
vn -0.999284 -0.002491 -0.037756
vn -0.927585 -0.002050 -0.373605
vn -0.737844 -0.002687 -0.674966
vn -0.428828 -0.002359 -0.903383
vn 0.002084 0.999993 0.003059
vn -0.001680 0.999989 0.004471
vn 0.000113 1.000000 0.000034
vn 0.000066 1.000000 0.000106
vn -0.000005 1.000000 0.000006
vn 0.000306 1.000000 -0.000859
vn 0.001188 0.999999 -0.001086
vn 0.000357 1.000000 -0.000469
vn -0.000478 1.000000 -0.000525
vn -0.000043 1.000000 0.000063
vn -0.003016 0.999995 0.000642
vn -0.001584 0.999997 0.001724
vn -0.002925 0.999995 -0.001552
vn -0.002684 0.999996 0.000377
vn -0.000566 1.000000 -0.000426
vn -0.000239 0.999999 -0.001102
vn 0.015492 0.932004 0.362116
vn -0.051053 0.962876 0.265073
vn -0.179255 0.944421 0.275567
vn -0.272116 0.939860 0.206437
vn -0.311601 0.949137 0.045218
vn -0.343853 0.938398 -0.034276
vn -0.219838 0.945950 -0.238431
vn -0.105608 0.945317 -0.308581
vn -0.012618 0.965960 -0.258384
vn 0.140511 0.954645 0.262507
vn 0.245276 0.948299 0.201419
vn 0.318189 0.946290 0.057367
vn 0.297171 0.948514 -0.109597
vn 0.233199 0.945452 -0.227461
vn 0.135304 0.951361 -0.276776
vn 0.066554 0.949968 -0.305173
vn 0.111943 -0.891197 0.439587
vn 0.237086 -0.886340 0.397733
vn 0.321095 -0.880857 0.347835
vn 0.446572 -0.849039 0.282322
vn 0.492560 -0.839418 0.229699
vn 0.468743 -0.877963 0.097266
vn 0.455560 -0.882328 -0.118167
vn 0.457399 -0.849462 -0.263060
vn 0.459121 -0.817421 -0.347895
vn 0.234283 -0.861350 -0.450763
vn 0.132691 -0.883111 -0.450009
vn 0.064796 -0.849455 -0.523668
vn -0.004334 0.815435 -0.578833
vn -0.048734 0.539755 -0.840410
vn -0.046898 0.186365 -0.981361
vn -0.004177 -0.151215 -0.988492
vn 0.028523 -0.466184 -0.884228
vn -0.021930 -0.697675 -0.716079
vn -0.045817 -0.861984 -0.504860
vn -0.034094 0.566907 0.823076
vn 0.048839 -0.084435 0.995231
vn 0.054896 -0.492587 0.868530
vn 0.004215 -0.830326 0.557262
vn 0.109889 -0.723955 0.681039
vn 0.228449 -0.760934 0.607281
vn 0.183928 -0.190893 0.964225
vn 0.239714 -0.484001 0.841594
vn 0.096267 0.367432 0.925055
vn 0.193288 0.134824 0.971835
vn 0.083528 0.657869 0.748486
vn 0.328029 -0.092595 0.940119
vn 0.360923 -0.448970 0.817411
vn 0.333309 -0.718129 0.610897
vn 0.268361 0.320632 0.908393
vn 0.467200 -0.555387 0.687945
vn 0.139962 0.821803 0.552313
vn 0.221504 0.588610 0.777480
vn 0.424248 0.095504 0.900496
vn 0.501977 -0.234295 0.832541
vn 0.433661 -0.738878 0.515750
vn 0.391189 0.379865 0.838256
vn 0.554383 -0.002321 0.832258
vn 0.325614 0.628354 0.706503
vn 0.590586 -0.483497 0.646095
vn 0.590619 0.195046 0.783023
vn 0.240144 0.804327 0.543498
vn 0.571862 -0.685896 0.450024
vn 0.506259 0.499897 0.702712
vn 0.662536 -0.154076 0.733012
vn 0.718310 -0.380021 0.582764
vn 0.375246 0.783216 0.495745
vn 0.734610 0.005897 0.678464
vn 0.739151 -0.510425 0.439456
vn 0.706893 0.368342 0.603842
vn 0.823603 -0.013747 0.567000
vn 0.527583 0.681889 0.506638
vn 0.868360 -0.119463 0.481330
vn 0.870584 -0.334590 0.360740
vn 0.715164 -0.652432 0.250744
vn 0.604337 0.691404 0.395901
vn 0.832716 0.289470 0.472007
vn 0.698667 -0.700872 0.143675
vn 0.926538 0.142569 0.348140
vn 0.959385 -0.115664 0.257296
vn 0.875887 -0.450936 0.171695
vn 0.788353 0.500240 0.358133
vn 0.549634 -0.835405 0.000495
vn 0.539386 0.806033 0.243665
vn 0.813687 -0.580290 0.034307
vn 0.983001 -0.138445 0.120589
vn 0.892363 0.392737 0.222362
vn 0.940296 -0.338821 0.032307
vn 0.979123 0.164500 0.119404
vn 0.636224 -0.765275 -0.097849
vn 0.646112 0.738145 0.194117
vn 0.837876 -0.538835 -0.087297
vn 0.985477 -0.164457 -0.042297
vn 0.778891 0.619297 0.098991
vn 0.910305 0.412486 0.034628
vn 0.983103 0.174917 -0.053972
vn 0.807822 -0.528329 -0.261329
vn 0.597098 0.801807 0.024070
vn 0.926301 -0.324777 -0.191012
vn 0.614345 -0.750780 -0.242713
vn 0.980663 -0.017059 -0.194962
vn 0.825060 0.561605 -0.062252
vn 0.941609 0.288020 -0.174403
vn 0.937294 -0.156360 -0.311498
vn 0.730068 -0.555250 -0.398369
vn 0.523835 0.850395 -0.049240
vn 0.891077 -0.169815 -0.420885
vn 0.628919 0.763215 -0.148201
vn 0.831789 0.501037 -0.238935
vn 0.923081 0.179143 -0.340337
vn 0.713518 -0.428727 -0.554153
vn 0.814909 -0.228769 -0.532530
vn 0.852787 0.317688 -0.414523
vn 0.549251 -0.642664 -0.534141
vn 0.327410 -0.858029 -0.395714
vn 0.830502 0.050875 -0.554688
vn 0.680898 0.663853 -0.309316
vn 0.764622 0.396140 -0.508356
vn 0.447549 0.860206 -0.244428
vn 0.568336 -0.448253 -0.689974
vn 0.744352 0.002673 -0.667782
vn 0.665823 -0.188091 -0.722012
vn 0.555917 0.733893 -0.390330
vn 0.396015 -0.673685 -0.623956
vn 0.701257 0.319231 -0.637440
vn 0.599756 0.579146 -0.552162
vn 0.616011 0.149922 -0.773340
vn 0.524891 -0.138216 -0.839873
vn 0.432678 -0.437707 -0.788164
vn 0.454099 0.724995 -0.517857
vn 0.554296 0.454729 -0.697120
vn 0.263529 -0.672757 -0.691340
vn 0.471333 0.204449 -0.857931
vn 0.371232 -0.305706 -0.876773
vn 0.433665 0.539502 -0.721715
vn 0.232863 -0.485907 -0.842419
vn 0.128278 -0.638146 -0.759154
vn 0.332754 0.772606 -0.540698
vn 0.352832 0.069245 -0.933121
vn 0.258962 -0.197810 -0.945415
vn 0.338324 0.457491 -0.822337
vn 0.132169 -0.241183 -0.961438
vn 0.238210 0.452840 -0.859181
vn 0.199284 0.123248 -0.972160
vn 0.211092 0.745083 -0.632686
vn 0.117667 0.453095 -0.883663
vn 0.074712 0.154685 -0.985135
vn 0.069188 0.703979 -0.706843
vn -0.091607 -0.848738 0.520819
vn -0.277085 -0.837687 0.470642
vn -0.390056 -0.868871 0.304827
vn -0.479663 -0.852006 0.209784
vn -0.524945 -0.840635 0.133290
vn -0.473718 -0.872126 -0.122421
vn -0.353241 -0.880591 -0.315881
vn -0.314037 -0.855593 -0.411511
vn -0.239564 -0.858551 -0.453320
vn -0.135133 -0.852535 -0.504899
vn -0.124263 -0.572210 -0.810638
vn -0.117622 -0.196269 -0.973470
vn -0.236337 -0.481992 -0.843699
vn -0.285843 -0.663834 -0.691100
vn -0.186846 0.178598 -0.966018
vn -0.255385 -0.200874 -0.945742
vn -0.200633 0.528667 -0.824777
vn -0.411547 -0.358946 -0.837727
vn -0.338955 0.077482 -0.937606
vn -0.448444 -0.593068 -0.668707
vn -0.109098 0.802296 -0.586872
vn -0.478199 -0.081638 -0.874449
vn -0.405321 0.318946 -0.856731
vn -0.292437 0.629078 -0.720237
vn -0.529474 -0.634332 -0.563275
vn -0.594488 -0.289777 -0.750075
vn -0.560772 0.068336 -0.825146
vn -0.247479 0.843103 -0.477421
vn -0.554088 -0.736176 -0.388628
vn -0.516523 0.397605 -0.758362
vn -0.430691 -0.869019 -0.243541
vn -0.672551 0.016028 -0.739877
vn -0.704950 -0.268916 -0.656300
vn -0.687279 -0.509985 -0.517265
vn -0.414325 0.684934 -0.599332
vn -0.658419 0.339044 -0.671963
vn -0.495958 0.662924 -0.560854
vn -0.775641 0.080378 -0.626035
vn -0.818466 -0.175063 -0.547235
vn -0.709072 -0.643990 -0.287216
vn -0.775997 -0.462327 -0.429048
vn -0.639625 0.585520 -0.498043
vn -0.816625 0.242990 -0.523526
vn -0.894752 -0.184861 -0.406504
vn -0.474335 0.800385 -0.366593
vn -0.662659 -0.744859 -0.077903
vn -0.800593 -0.563616 -0.203440
vn -0.887249 0.206762 -0.412357
vn -0.722930 0.559332 -0.405612
vn -0.934602 -0.222062 -0.277862
vn -0.580467 0.761773 -0.287683
vn -0.961155 0.105330 -0.255120
vn -0.944774 -0.283560 -0.164306
vn -0.874960 0.403476 -0.267680
vn -0.257913 0.956245 -0.138120
vn -0.513288 -0.857727 0.028988
vn -0.734250 0.633279 -0.244611
vn -0.839982 -0.541570 -0.033633
vn -0.990209 0.096726 -0.100649
vn -0.980180 -0.192922 -0.045030
vn -0.783116 -0.615410 0.089435
vn -0.530798 0.834113 -0.150031
vn -0.942876 -0.329972 0.045856
vn -0.904562 0.422451 -0.057465
vn -0.748428 0.654856 -0.104976
vn -0.993315 -0.034262 0.110230
vn -0.927353 -0.323086 0.188763
vn -0.778592 -0.577950 0.244474
vn -0.936112 0.334332 0.109162
vn -0.720228 0.691629 0.054039
vn -0.957788 0.059454 0.281262
vn -0.645185 -0.673468 0.360801
vn -0.855742 -0.380883 0.350190
vn -0.840728 0.482675 0.245358
vn -0.899723 -0.113560 0.421430
vn -0.569988 -0.685802 0.452536
vn -0.622773 0.764058 0.168431
vn -0.890654 0.213135 0.401633
vn -0.766410 -0.382087 0.516358
vn -0.789965 0.499838 0.355130
vn -0.830625 -0.025133 0.556265
vn -0.535104 0.815172 0.221716
vn -0.659653 -0.450177 0.601829
vn -0.491153 -0.689485 0.532334
vn -0.311010 -0.857874 0.409054
vn -0.787622 0.306670 0.534421
vn -0.704790 -0.124772 0.698357
vn -0.635732 0.652017 0.413180
vn -0.729150 0.212553 0.650509
vn -0.490931 -0.569333 0.659429
vn -0.592131 -0.262705 0.761818
vn -0.593002 0.617266 0.517041
vn -0.353828 -0.604355 0.713835
vn -0.584128 0.480850 0.653894
vn -0.611772 0.105392 0.783982
vn -0.461333 -0.325487 0.825366
vn -0.188516 -0.850831 0.490456
vn -0.479880 -0.007427 0.877302
vn -0.404104 0.776343 0.483726
vn -0.480116 0.327679 0.813705
vn -0.453856 0.580278 0.676234
vn -0.202598 -0.641916 0.739526
vn -0.301029 -0.384142 0.872821
vn -0.353548 -0.123233 0.927263
vn -0.347785 0.177642 0.920592
vn -0.084677 -0.643663 0.760611
vn -0.345722 0.656268 0.670663
vn -0.185632 -0.204459 0.961112
vn -0.302354 0.447526 0.841607
vn -0.095651 -0.370882 0.923741
vn -0.208281 0.836992 0.506027
vn -0.203122 0.115570 0.972309
vn -0.160282 0.462633 0.871941
vn -0.197969 0.664825 0.720289
vn -0.053790 0.107726 0.992724
vn -0.097075 0.780711 0.617306
vn -0.130573 -0.949931 -0.283871
vn -0.080158 -0.985686 -0.148318
vn -0.106047 -0.988312 -0.109511
vn -0.134123 -0.986082 -0.098255
vn -0.181094 -0.977240 -0.110482
vn -0.280162 -0.957817 -0.063994
vn -0.321643 -0.946762 0.013698
vn -0.255838 -0.964633 0.063489
vn -0.191077 -0.975788 0.106428
vn -0.136534 -0.985789 0.097866
vn -0.109340 -0.988103 0.108150
vn -0.080692 -0.985676 0.148090
vn -0.042012 -0.956991 0.287058
vn 0.053395 -0.963597 0.261973
vn -0.000482 -0.947404 0.320041
vn -0.033570 -0.949502 -0.311959
vn -0.135701 -0.976922 -0.164953
vn -0.176405 -0.954439 -0.240682
vn -0.268662 -0.953430 -0.137083
vn -0.136806 -0.977011 0.163503
vn -0.293965 -0.952096 0.084251
vn -0.228589 -0.953951 0.194229
vn -0.108531 -0.952105 0.285861
vn 0.059005 -0.961780 -0.267392
vn 0.080014 -0.985647 0.148653
vn 0.106047 -0.988313 0.109508
vn 0.134123 -0.986082 0.098251
vn 0.181563 -0.977094 0.111010
vn 0.286374 -0.954385 0.084493
vn 0.330802 -0.943506 -0.019154
vn 0.269898 -0.959989 -0.074674
vn 0.187978 -0.976726 -0.103299
vn 0.136930 -0.985738 -0.097829
vn 0.111980 -0.988058 -0.105838
vn 0.082084 -0.986243 -0.143479
vn 0.136063 -0.977258 0.162644
vn 0.122557 -0.952172 0.279908
vn 0.233280 -0.953718 0.189744
vn 0.135943 -0.977524 -0.161140
vn 0.272945 -0.953341 -0.129004
vn 0.213281 -0.951866 -0.220140
vn 0.117027 -0.951364 -0.284976
vn 0.032367 0.023219 0.999206
vn 0.007041 0.000908 0.999975
vn -0.022794 -0.025368 0.999418
vn 0.002727 -0.002892 0.999992
vn -0.999834 -0.002231 0.018105
vn -0.999903 0.003933 0.013337
vn -0.000757 0.000000 1.000000
vn -0.018977 0.006743 0.999797
vn -0.252968 -0.008688 0.967436
vn -0.669321 -0.015355 0.742815
vn -0.949415 -0.011128 0.313827
vn -0.015419 0.007953 0.999849
vn -0.306228 0.011971 0.951883
vn -0.751012 0.013949 0.660141
vn -0.969922 0.004879 0.243366
vn -0.000002 -1.000000 0.000000
vn -0.000001 -1.000000 -0.000000
vn -0.000000 -1.000000 -0.000000
vn 0.000000 -1.000000 0.000000
vn 0.000000 -1.000000 0.000000
vn 0.000000 -1.000000 0.000000
vn 0.000000 -1.000000 0.000000
vn 0.000000 -1.000000 0.000000
vn 0.000000 -1.000000 0.000000
vn 0.000000 -1.000000 0.000000
vn 0.000000 -1.000000 0.000000
vn -0.000001 -1.000000 0.000000
vn -0.000002 -1.000000 -0.000000
vn -0.000000 -1.000000 0.000000
vn -0.000000 -1.000000 0.000000
vn 0.000001 -1.000000 0.000001
vn 0.000000 -1.000000 0.000000
vn 0.000001 -1.000000 0.000000
vn 0.000001 -1.000000 -0.000000
vn -0.000001 -1.000000 0.000001
vn -0.000001 -1.000000 0.000000
vn -0.000000 -1.000000 -0.000000
vn 0.999814 -0.002068 0.019169
vn 0.969893 -0.006912 0.243431
vn 0.748961 -0.010235 0.662535
vn 0.318677 -0.006167 0.947843
vn 0.025085 0.004469 0.999675
vn 0.020966 0.010962 0.999720
vn 0.999690 -0.007831 0.023619
vn 0.961449 0.004346 0.274947
vn 0.702816 0.008553 0.711320
vn 0.276576 0.004656 0.960981
vn 0.017572 0.009121 0.999804
vn 0.996269 0.000498 0.086301
vn 0.999871 0.001196 -0.015987
vn 0.993974 0.000000 -0.109618
vn 0.993888 -0.009162 0.110008
vn 0.999975 -0.005316 0.004756
vn 0.994863 -0.003626 -0.101166
vn 0.000757 0.000000 -1.000000
vn 0.013327 -0.002189 -0.999909
vn 0.269986 -0.011730 -0.962793
vn 0.715967 -0.013639 -0.698001
vn 0.966958 -0.007039 -0.254837
vn 0.999831 -0.001899 -0.018289
vn 0.004359 0.001954 -0.999989
vn 0.193638 0.007410 -0.981045
vn 0.632715 0.016045 -0.774218
vn 0.957146 0.007936 -0.289497
vn 0.999707 -0.007839 -0.022886
vn 0.032367 0.023219 -0.999206
vn 0.007054 0.000919 -0.999975
vn 0.002742 -0.002879 -0.999992
vn -0.022766 -0.025344 -0.999420
vn -0.999835 0.003995 -0.017708
vn -0.969500 -0.006987 -0.244991
vn -0.748964 -0.010228 -0.662532
vn -0.318679 -0.006161 -0.947843
vn -0.016137 -0.000396 -0.999870
vn 0.010815 -0.006277 -0.999922
vn -0.999833 0.003812 -0.017845
vn -0.961518 0.006824 -0.274657
vn -0.702826 0.008559 -0.711310
vn -0.276577 0.004660 -0.960981
vn -0.007393 0.003600 -0.999966
vn -0.996607 0.002466 -0.082275
vn -0.999609 0.001550 0.027922
vn -0.991973 0.000000 0.126454
vn -0.993885 -0.009351 -0.110022
vn -0.999951 -0.007430 -0.006560
vn -0.994476 -0.008162 0.104643
f 2442//2442 2439//2439 2438//2438
f 2444//2444 2438//2438 2437//2437
f 2444//2444 2433//2433 2445//2445
f 2444//2444 2442//2442 2438//2438
f 2444//2444 2434//2434 2433//2433
f 2444//2444 2437//2437 2434//2434
f 2434//2434 2437//2437 2436//2436
f 2434//2434 2436//2436 2435//2435
f 2442//2442 2441//2441 2440//2440
f 2442//2442 2440//2440 2439//2439
f 2444//2444 2443//2443 2442//2442
f 2476//2476 2449//2449 2450//2450
f 2479//2479 2459//2459 2447//2447
f 2478//2478 2479//2479 2448//2448
f 2478//2478 2448//2448 2449//2449
f 2477//2477 2478//2478 2449//2449
f 2476//2476 2477//2477 2449//2449
f 2475//2475 2476//2476 2450//2450
f 2472//2472 2451//2451 2452//2452
f 2474//2474 2475//2475 2451//2451
f 2473//2473 2474//2474 2451//2451
f 2472//2472 2473//2473 2451//2451
f 2447//2447 2459//2459 2446//2446
f 2471//2471 2472//2472 2452//2452
f 2453//2453 2471//2471 2452//2452
f 2475//2475 2450//2450 2451//2451
f 2459//2459 2460//2460 2446//2446
f 2479//2479 2447//2447 2448//2448
f 2460//2460 2461//2461 2458//2458
f 2460//2460 2458//2458 2446//2446
f 2470//2470 2471//2471 2453//2453
f 2470//2470 2453//2453 2454//2454
f 2469//2469 2470//2470 2454//2454
f 2468//2468 2469//2469 2454//2454
f 2467//2467 2468//2468 2454//2454
f 2466//2466 2467//2467 2455//2455
f 2465//2465 2466//2466 2455//2455
f 2467//2467 2454//2454 2455//2455
f 2464//2464 2465//2465 2456//2456
f 2463//2463 2464//2464 2456//2456
f 2463//2463 2456//2456 2457//2457
f 2462//2462 2463//2463 2457//2457
f 2461//2461 2462//2462 2457//2457
f 2461//2461 2457//2457 2458//2458
f 2465//2465 2455//2455 2456//2456
f 2486//2486 2485//2485 2513//2513
f 2482//2482 2516//2516 2515//2515
f 2483//2483 2482//2482 2515//2515
f 2483//2483 2515//2515 2514//2514
f 2484//2484 2483//2483 2514//2514
f 2485//2485 2514//2514 2513//2513
f 2485//2485 2484//2484 2514//2514
f 2486//2486 2513//2513 2512//2512
f 2492//2492 2491//2491 2501//2501
f 2488//2488 2487//2487 2512//2512
f 2488//2488 2512//2512 2511//2511
f 2489//2489 2488//2488 2511//2511
f 2490//2490 2510//2510 2501//2501
f 2490//2490 2489//2489 2510//2510
f 2491//2491 2490//2490 2501//2501
f 2482//2482 2481//2481 2516//2516
f 2487//2487 2486//2486 2512//2512
f 2481//2481 2480//2480 2509//2509
f 2489//2489 2511//2511 2510//2510
f 2480//2480 2508//2508 2509//2509
f 2481//2481 2509//2509 2516//2516
f 2492//2492 2501//2501 2502//2502
f 2493//2493 2502//2502 2503//2503
f 2494//2494 2493//2493 2503//2503
f 2494//2494 2503//2503 2504//2504
f 2495//2495 2494//2494 2504//2504
f 2496//2496 2495//2495 2504//2504
f 2496//2496 2504//2504 2505//2505
f 2493//2493 2492//2492 2502//2502
f 2498//2498 2505//2505 2506//2506
f 2498//2498 2497//2497 2505//2505
f 2499//2499 2498//2498 2506//2506
f 2499//2499 2506//2506 2507//2507
f 2500//2500 2499//2499 2507//2507
f 2500//2500 2507//2507 2508//2508
f 2497//2497 2496//2496 2505//2505
f 2480//2480 2500//2500 2508//2508
f 2538//2538 2742//2742 2745//2745
f 2746//2746 2739//2739 2740//2740
f 2747//2747 2746//2746 2743//2743
f 2748//2748 2747//2747 2741//2741
f 2749//2749 2739//2739 2746//2746
f 2749//2749 2744//2744 2739//2739
f 2750//2750 2745//2745 2744//2744
f 2750//2750 2538//2538 2745//2745
f 2751//2751 2746//2746 2747//2747
f 2750//2750 2744//2744 2749//2749
f 2753//2753 2747//2747 2748//2748
f 2537//2537 2538//2538 2750//2750
f 2748//2748 2741//2741 2685//2685
f 2751//2751 2749//2749 2746//2746
f 2684//2684 2748//2748 2685//2685
f 2747//2747 2743//2743 2741//2741
f 2742//2742 2735//2735 2731//2731
f 2746//2746 2740//2740 2743//2743
f 2740//2740 2733//2733 2738//2738
f 2739//2739 2732//2732 2730//2730
f 2740//2740 2739//2739 2733//2733
f 2741//2741 2726//2726 2736//2736
f 2742//2742 2731//2731 2737//2737
f 2743//2743 2740//2740 2738//2738
f 2741//2741 2738//2738 2726//2726
f 2744//2744 2732//2732 2739//2739
f 2744//2744 2734//2734 2732//2732
f 2751//2751 2747//2747 2753//2753
f 2742//2742 2538//2538 2735//2735
f 2741//2741 2743//2743 2738//2738
f 2745//2745 2734//2734 2744//2744
f 2685//2685 2741//2741 2736//2736
f 2745//2745 2737//2737 2734//2734
f 2745//2745 2742//2742 2737//2737
f 2752//2752 2748//2748 2684//2684
f 2759//2759 2753//2753 2752//2752
f 2683//2683 2752//2752 2684//2684
f 2766//2766 2760//2760 2758//2758
f 2763//2763 2756//2756 2764//2764
f 2765//2765 2764//2764 2683//2683
f 2767//2767 2759//2759 2763//2763
f 2767//2767 2761//2761 2759//2759
f 2768//2768 2762//2762 2760//2760
f 2768//2768 2760//2760 2766//2766
f 2769//2769 2761//2761 2767//2767
f 2769//2769 2766//2766 2761//2761
f 2770//2770 2763//2763 2764//2764
f 2762//2762 2536//2536 2537//2537
f 2770//2770 2764//2764 2765//2765
f 2771//2771 2763//2763 2770//2770
f 2771//2771 2767//2767 2763//2763
f 2739//2739 2730//2730 2733//2733
f 2766//2766 2758//2758 2761//2761
f 2754//2754 2749//2749 2751//2751
f 2762//2762 2757//2757 2754//2754
f 2764//2764 2756//2756 2683//2683
f 2753//2753 2748//2748 2752//2752
f 2755//2755 2751//2751 2753//2753
f 2754//2754 2750//2750 2749//2749
f 2757//2757 2750//2750 2754//2754
f 2756//2756 2752//2752 2683//2683
f 2758//2758 2751//2751 2755//2755
f 2759//2759 2755//2755 2753//2753
f 2759//2759 2752//2752 2756//2756
f 2757//2757 2537//2537 2750//2750
f 2760//2760 2754//2754 2751//2751
f 2760//2760 2751//2751 2758//2758
f 2761//2761 2755//2755 2759//2759
f 2762//2762 2754//2754 2760//2760
f 2761//2761 2758//2758 2755//2755
f 2763//2763 2759//2759 2756//2756
f 2762//2762 2537//2537 2757//2757
f 2738//2738 2733//2733 2727//2727
f 2717//2717 2715//2715 2716//2716
f 2736//2736 2726//2726 2686//2686
f 2710//2710 2703//2703 2707//2707
f 2710//2710 2704//2704 2703//2703
f 2712//2712 2707//2707 2706//2706
f 2713//2713 2706//2706 2705//2705
f 2714//2714 2705//2705 2709//2709
f 2711//2711 2709//2709 2687//2687
f 2715//2715 2704//2704 2710//2710
f 2715//2715 2708//2708 2704//2704
f 2714//2714 2713//2713 2705//2705
f 2716//2716 2710//2710 2707//2707
f 2716//2716 2707//2707 2712//2712
f 2712//2712 2706//2706 2713//2713
f 2708//2708 2539//2539 2540//2540
f 2716//2716 2715//2715 2710//2710
f 2536//2536 2762//2762 2768//2768
f 2709//2709 2705//2705 2687//2687
f 2718//2718 2712//2712 2713//2713
f 2708//2708 2540//2540 2704//2704
f 2707//2707 2702//2702 2706//2706
f 2700//2700 2698//2698 2694//2694
f 2688//2688 2700//2700 2689//2689
f 2701//2701 2541//2541 2561//2561
f 2701//2701 2540//2540 2541//2541
f 2702//2702 2699//2699 2698//2698
f 2703//2703 2697//2697 2699//2699
f 2704//2704 2701//2701 2697//2697
f 2703//2703 2699//2699 2702//2702
f 2705//2705 2700//2700 2688//2688
f 2704//2704 2697//2697 2703//2703
f 2706//2706 2698//2698 2700//2700
f 2540//2540 2701//2701 2704//2704
f 2705//2705 2688//2688 2687//2687
f 2706//2706 2702//2702 2698//2698
f 2707//2707 2703//2703 2702//2702
f 2706//2706 2700//2700 2705//2705
f 2737//2737 2731//2731 2729//2729
f 2719//2719 2713//2713 2714//2714
f 2720//2720 2709//2709 2711//2711
f 2730//2730 2720//2720 2727//2727
f 2730//2730 2724//2724 2720//2720
f 2727//2727 2720//2720 2726//2726
f 2729//2729 2723//2723 2728//2728
f 2731//2731 2722//2722 2729//2729
f 2732//2732 2724//2724 2730//2730
f 2733//2733 2730//2730 2727//2727
f 2731//2731 2725//2725 2722//2722
f 2732//2732 2728//2728 2724//2724
f 2735//2735 2539//2539 2725//2725
f 2735//2735 2725//2725 2731//2731
f 2734//2734 2729//2729 2728//2728
f 2737//2737 2729//2729 2734//2734
f 2734//2734 2728//2728 2732//2732
f 2738//2738 2727//2727 2726//2726
f 2729//2729 2722//2722 2723//2723
f 2539//2539 2708//2708 2715//2715
f 2728//2728 2723//2723 2724//2724
f 2725//2725 2539//2539 2717//2717
f 2718//2718 2716//2716 2712//2712
f 2719//2719 2718//2718 2713//2713
f 2720//2720 2714//2714 2709//2709
f 2717//2717 2539//2539 2715//2715
f 2721//2721 2719//2719 2714//2714
f 2721//2721 2714//2714 2720//2720
f 2720//2720 2711//2711 2686//2686
f 2722//2722 2717//2717 2716//2716
f 2723//2723 2716//2716 2718//2718
f 2723//2723 2718//2718 2719//2719
f 2724//2724 2719//2719 2721//2721
f 2725//2725 2717//2717 2722//2722
f 2723//2723 2722//2722 2716//2716
f 2724//2724 2723//2723 2719//2719
f 2724//2724 2721//2721 2720//2720
f 2726//2726 2720//2720 2686//2686
f 2682//2682 2770//2770 2765//2765
f 2786//2786 2571//2571 2570//2570
f 2772//2772 2768//2768 2766//2766
f 2818//2818 2765//2765 2683//2683
f 2819//2819 2818//2818 2816//2816
f 2819//2819 2765//2765 2818//2818
f 2819//2819 2682//2682 2765//2765
f 2819//2819 2777//2777 2682//2682
f 2819//2819 2816//2816 2809//2809
f 2819//2819 2681//2681 2777//2777
f 2819//2819 2811//2811 2681//2681
f 2819//2819 2810//2810 2811//2811
f 2819//2819 2809//2809 2810//2810
f 2549//2549 2571//2571 2811//2811
f 2560//2560 2559//2559 2812//2812
f 2567//2567 2560//2560 2812//2812
f 2832//2832 2810//2810 2821//2821
f 2832//2832 2821//2821 2822//2822
f 2816//2816 2808//2808 2809//2809
f 2833//2833 2549//2549 2811//2811
f 2816//2816 2807//2807 2808//2808
f 2818//2818 2817//2817 2805//2805
f 2815//2815 2813//2813 2801//2801
f 2815//2815 2686//2686 2711//2711
f 2815//2815 2801//2801 2802//2802
f 2802//2802 2686//2686 2815//2815
f 2802//2802 2736//2736 2686//2686
f 2816//2816 2806//2806 2807//2807
f 2816//2816 2805//2805 2806//2806
f 2817//2817 2685//2685 2736//2736
f 2817//2817 2736//2736 2802//2802
f 2817//2817 2803//2803 2804//2804
f 2817//2817 2802//2802 2803//2803
f 2817//2817 2804//2804 2805//2805
f 2817//2817 2684//2684 2685//2685
f 2818//2818 2684//2684 2817//2817
f 2818//2818 2805//2805 2816//2816
f 2818//2818 2683//2683 2684//2684
f 2815//2815 2814//2814 2813//2813
f 2833//2833 2811//2811 2810//2810
f 2833//2833 2550//2550 2549//2549
f 2836//2836 2827//2827 2828//2828
f 2836//2836 2828//2828 2835//2835
f 2835//2835 2830//2830 2831//2831
f 2836//2836 2557//2557 2556//2556
f 2837//2837 2557//2557 2836//2836
f 2837//2837 2836//2836 2835//2835
f 2835//2835 2831//2831 2820//2820
f 2837//2837 2647//2647 2557//2557
f 2838//2838 2558//2558 2647//2647
f 2838//2838 2647//2647 2837//2837
f 2838//2838 2837//2837 2835//2835
f 2838//2838 2559//2559 2558//2558
f 2838//2838 2835//2835 2820//2820
f 2838//2838 2812//2812 2559//2559
f 2812//2812 2838//2838 2820//2820
f 2836//2836 2556//2556 2555//2555
f 2833//2833 2810//2810 2832//2832
f 2836//2836 2555//2555 2826//2826
f 2826//2826 2555//2555 2615//2615
f 2832//2832 2822//2822 2823//2823
f 2833//2833 2551//2551 2550//2550
f 2834//2834 2551//2551 2833//2833
f 2834//2834 2833//2833 2832//2832
f 2824//2824 2832//2832 2823//2823
f 2834//2834 2552//2552 2551//2551
f 2834//2834 2553//2553 2552//2552
f 2834//2834 2832//2832 2824//2824
f 2825//2825 2834//2834 2824//2824
f 2825//2825 2554//2554 2553//2553
f 2825//2825 2553//2553 2834//2834
f 2826//2826 2615//2615 2554//2554
f 2826//2826 2554//2554 2825//2825
f 2835//2835 2829//2829 2830//2830
f 2835//2835 2828//2828 2829//2829
f 2836//2836 2826//2826 2827//2827
f 2772//2772 2766//2766 2769//2769
f 2815//2815 2687//2687 2814//2814
f 2814//2814 2687//2687 2688//2688
f 2783//2783 2778//2778 2776//2776
f 2783//2783 2773//2773 2782//2782
f 2681//2681 2782//2782 2777//2777
f 2781//2781 2779//2779 2774//2774
f 2784//2784 2778//2778 2783//2783
f 2785//2785 2778//2778 2784//2784
f 2786//2786 2782//2782 2681//2681
f 2787//2787 2781//2781 2780//2780
f 2785//2785 2780//2780 2778//2778
f 2788//2788 2784//2784 2783//2783
f 2789//2789 2780//2780 2785//2785
f 2790//2790 2782//2782 2786//2786
f 2790//2790 2783//2783 2782//2782
f 2786//2786 2681//2681 2571//2571
f 2791//2791 2779//2779 2781//2781
f 2782//2782 2773//2773 2777//2777
f 2791//2791 2781//2781 2787//2787
f 2783//2783 2776//2776 2773//2773
f 2779//2779 2772//2772 2774//2774
f 2773//2773 2770//2770 2682//2682
f 2775//2775 2769//2769 2767//2767
f 2774//2774 2772//2772 2769//2769
f 2776//2776 2770//2770 2773//2773
f 2775//2775 2767//2767 2771//2771
f 2776//2776 2771//2771 2770//2770
f 2536//2536 2768//2768 2772//2772
f 2774//2774 2769//2769 2775//2775
f 2778//2778 2771//2771 2776//2776
f 2773//2773 2682//2682 2777//2777
f 2779//2779 2536//2536 2772//2772
f 2778//2778 2775//2775 2771//2771
f 2780//2780 2774//2774 2775//2775
f 2781//2781 2774//2774 2780//2780
f 2535//2535 2536//2536 2779//2779
f 2778//2778 2780//2780 2775//2775
f 2815//2815 2711//2711 2687//2687
f 2789//2789 2787//2787 2780//2780
f 2790//2790 2788//2788 2783//2783
f 2568//2568 2796//2796 2793//2793
f 2796//2796 2568//2568 2533//2533
f 2534//2534 2796//2796 2533//2533
f 2690//2690 2567//2567 2812//2812
f 2571//2571 2681//2681 2811//2811
f 2813//2813 2797//2797 2798//2798
f 2813//2813 2798//2798 2799//2799
f 2812//2812 2820//2820 2797//2797
f 2812//2812 2689//2689 2690//2690
f 2812//2812 2797//2797 2813//2813
f 2814//2814 2812//2812 2813//2813
f 2814//2814 2689//2689 2812//2812
f 2813//2813 2799//2799 2800//2800
f 2814//2814 2688//2688 2689//2689
f 2801//2801 2813//2813 2800//2800
f 2796//2796 2794//2794 2793//2793
f 2792//2792 2784//2784 2788//2788
f 2534//2534 2791//2791 2796//2796
f 2795//2795 2793//2793 2792//2792
f 2697//2697 2695//2695 2699//2699
f 2535//2535 2779//2779 2791//2791
f 2792//2792 2785//2785 2784//2784
f 2790//2790 2786//2786 2570//2570
f 2792//2792 2789//2789 2785//2785
f 2793//2793 2789//2789 2792//2792
f 2790//2790 2570//2570 2569//2569
f 2794//2794 2787//2787 2789//2789
f 2795//2795 2790//2790 2569//2569
f 2795//2795 2788//2788 2790//2790
f 2791//2791 2787//2787 2794//2794
f 2794//2794 2789//2789 2793//2793
f 2795//2795 2792//2792 2788//2788
f 2791//2791 2534//2534 2535//2535
f 2796//2796 2791//2791 2794//2794
f 2568//2568 2793//2793 2795//2795
f 2701//2701 2561//2561 2562//2562
f 2697//2697 2562//2562 2695//2695
f 2700//2700 2694//2694 2689//2689
f 2602//2602 2593//2593 2600//2600
f 2602//2602 2596//2596 2593//2593
f 2603//2603 2600//2600 2598//2598
f 2601//2601 2598//2598 2595//2595
f 2553//2553 2601//2601 2552//2552
f 2604//2604 2596//2596 2602//2602
f 2601//2601 2595//2595 2552//2552
f 2604//2604 2599//2599 2596//2596
f 2605//2605 2603//2603 2601//2601
f 2599//2599 2543//2543 2542//2542
f 2603//2603 2602//2602 2600//2600
f 2607//2607 2601//2601 2553//2553
f 2543//2543 2599//2599 2604//2604
f 2606//2606 2605//2605 2601//2601
f 2601//2601 2603//2603 2598//2598
f 2600//2600 2597//2597 2598//2598
f 2542//2542 2594//2594 2599//2599
f 2598//2598 2597//2597 2592//2592
f 2592//2592 2587//2587 2583//2583
f 2593//2593 2589//2589 2586//2586
f 2595//2595 2588//2588 2551//2551
f 2596//2596 2589//2589 2593//2593
f 2597//2597 2587//2587 2592//2592
f 2594//2594 2542//2542 2584//2584
f 2596//2596 2591//2591 2589//2589
f 2597//2597 2590//2590 2587//2587
f 2595//2595 2592//2592 2588//2588
f 2552//2552 2595//2595 2551//2551
f 2598//2598 2592//2592 2595//2595
f 2593//2593 2590//2590 2597//2597
f 2599//2599 2591//2591 2596//2596
f 2599//2599 2594//2594 2591//2591
f 2600//2600 2593//2593 2597//2597
f 2606//2606 2601//2601 2607//2607
f 2608//2608 2604//2604 2602//2602
f 2609//2609 2602//2602 2603//2603
f 2554//2554 2607//2607 2553//2553
f 2619//2619 2614//2614 2611//2611
f 2619//2619 2611//2611 2612//2612
f 2620//2620 2613//2613 2617//2617
f 2621//2621 2612//2612 2618//2618
f 2623//2623 2614//2614 2619//2619
f 2623//2623 2616//2616 2614//2614
f 2620//2620 2618//2618 2613//2613
f 2621//2621 2619//2619 2612//2612
f 2624//2624 2615//2615 2622//2622
f 2624//2624 2617//2617 2615//2615
f 2555//2555 2622//2622 2615//2615
f 2544//2544 2616//2616 2623//2623
f 2625//2625 2618//2618 2620//2620
f 2624//2624 2620//2620 2617//2617
f 2625//2625 2620//2620 2624//2624
f 2616//2616 2544//2544 2543//2543
f 2594//2594 2584//2584 2591//2591
f 2618//2618 2612//2612 2613//2613
f 2617//2617 2613//2613 2610//2610
f 2609//2609 2603//2603 2605//2605
f 2610//2610 2607//2607 2554//2554
f 2608//2608 2602//2602 2609//2609
f 2701//2701 2562//2562 2697//2697
f 2613//2613 2607//2607 2610//2610
f 2608//2608 2543//2543 2604//2604
f 2611//2611 2609//2609 2605//2605
f 2613//2613 2606//2606 2607//2607
f 2614//2614 2608//2608 2609//2609
f 2612//2612 2611//2611 2606//2606
f 2611//2611 2614//2614 2609//2609
f 2612//2612 2606//2606 2613//2613
f 2616//2616 2608//2608 2614//2614
f 2615//2615 2610//2610 2554//2554
f 2617//2617 2610//2610 2615//2615
f 2616//2616 2543//2543 2608//2608
f 2593//2593 2586//2586 2590//2590
f 2591//2591 2584//2584 2585//2585
f 2592//2592 2583//2583 2588//2588
f 2548//2548 2523//2523 2547//2547
f 2537//2537 2536//2536 2528//2528
f 2537//2537 2528//2528 2529//2529
f 2541//2541 2525//2525 2524//2524
f 2541//2541 2524//2524 2548//2548
f 2538//2538 2537//2537 2529//2529
f 2540//2540 2525//2525 2541//2541
f 2538//2538 2529//2529 2530//2530
f 2540//2540 2532//2532 2525//2525
f 2735//2735 2538//2538 2530//2530
f 2735//2735 2530//2530 2531//2531
f 2539//2539 2532//2532 2540//2540
f 2539//2539 2735//2735 2531//2531
f 2539//2539 2531//2531 2532//2532
f 2572//2572 2570//2570 2571//2571
f 2548//2548 2524//2524 2523//2523
f 2572//2572 2571//2571 2549//2549
f 2547//2547 2523//2523 2546//2546
f 2536//2536 2535//2535 2527//2527
f 2520//2520 2519//2519 2543//2543
f 2519//2519 2542//2542 2543//2543
f 2520//2520 2543//2543 2544//2544
f 2518//2518 2542//2542 2519//2519
f 2521//2521 2520//2520 2544//2544
f 2518//2518 2533//2533 2542//2542
f 2517//2517 2533//2533 2518//2518
f 2517//2517 2534//2534 2533//2533
f 2521//2521 2544//2544 2545//2545
f 2522//2522 2521//2521 2545//2545
f 2517//2517 2535//2535 2534//2534
f 2526//2526 2535//2535 2517//2517
f 2522//2522 2545//2545 2546//2546
f 2523//2523 2522//2522 2546//2546
f 2535//2535 2526//2526 2527//2527
f 2536//2536 2527//2527 2528//2528
f 2626//2626 2623//2623 2619//2619
f 2574//2574 2569//2569 2570//2570
f 2573//2573 2572//2572 2549//2549
f 2551//2551 2581//2581 2550//2550
f 2585//2585 2578//2578 2576//2576
f 2587//2587 2579//2579 2580//2580
f 2583//2583 2580//2580 2581//2581
f 2588//2588 2581//2581 2551//2551
f 2585//2585 2584//2584 2578//2578
f 2586//2586 2582//2582 2579//2579
f 2588//2588 2583//2583 2581//2581
f 2589//2589 2582//2582 2586//2586
f 2587//2587 2586//2586 2579//2579
f 2587//2587 2580//2580 2583//2583
f 2584//2584 2542//2542 2533//2533
f 2589//2589 2585//2585 2582//2582
f 2591//2591 2585//2585 2589//2589
f 2590//2590 2586//2586 2587//2587
f 2582//2582 2577//2577 2579//2579
f 2575//2575 2570//2570 2572//2572
f 2585//2585 2576//2576 2582//2582
f 2581//2581 2580//2580 2573//2573
f 2576//2576 2795//2795 2569//2569
f 2574//2574 2570//2570 2575//2575
f 2575//2575 2572//2572 2573//2573
f 2576//2576 2568//2568 2795//2795
f 2577//2577 2569//2569 2574//2574
f 2550//2550 2573//2573 2549//2549
f 2577//2577 2576//2576 2569//2569
f 2578//2578 2568//2568 2576//2576
f 2579//2579 2574//2574 2575//2575
f 2580//2580 2575//2575 2573//2573
f 2581//2581 2573//2573 2550//2550
f 2533//2533 2568//2568 2578//2578
f 2582//2582 2576//2576 2577//2577
f 2579//2579 2577//2577 2574//2574
f 2580//2580 2579//2579 2575//2575
f 2584//2584 2533//2533 2578//2578
f 2625//2625 2621//2621 2618//2618
f 2611//2611 2605//2605 2606//2606
f 2628//2628 2621//2621 2625//2625
f 2671//2671 2666//2666 2672//2672
f 2673//2673 2665//2665 2671//2671
f 2560//2560 2567//2567 2566//2566
f 2547//2547 2546//2546 2670//2670
f 2673//2673 2667//2667 2665//2665
f 2674//2674 2668//2668 2669//2669
f 2546//2546 2662//2662 2670//2670
f 2675//2675 2673//2673 2671//2671
f 2676//2676 2671//2671 2672//2672
f 2674//2674 2672//2672 2668//2668
f 2627//2627 2619//2619 2621//2621
f 2677//2677 2667//2667 2673//2673
f 2677//2677 2670//2670 2667//2667
f 2565//2565 2674//2674 2669//2669
f 2669//2669 2560//2560 2566//2566
f 2672//2672 2666//2666 2668//2668
f 2671//2671 2665//2665 2660//2660
f 2669//2669 2668//2668 2664//2664
f 2662//2662 2658//2658 2663//2663
f 2664//2664 2558//2558 2559//2559
f 2662//2662 2546//2546 2655//2655
f 2665//2665 2659//2659 2660//2660
f 2664//2664 2661//2661 2656//2656
f 2666//2666 2661//2661 2664//2664
f 2667//2667 2662//2662 2663//2663
f 2665//2665 2663//2663 2659//2659
f 2666//2666 2660//2660 2661//2661
f 2560//2560 2664//2664 2559//2559
f 2667//2667 2663//2663 2665//2665
f 2669//2669 2664//2664 2560//2560
f 2670//2670 2662//2662 2667//2667
f 2668//2668 2666//2666 2664//2664
f 2671//2671 2660//2660 2666//2666
f 2676//2676 2675//2675 2671//2671
f 2674//2674 2676//2676 2672//2672
f 2674//2674 2565//2565 2564//2564
f 2547//2547 2670//2670 2677//2677
f 2690//2690 2691//2691 2567//2567
f 2563//2563 2564//2564 2692//2692
f 2694//2694 2691//2691 2690//2690
f 2695//2695 2563//2563 2692//2692
f 2696//2696 2692//2692 2691//2691
f 2696//2696 2691//2691 2693//2693
f 2694//2694 2693//2693 2691//2691
f 2694//2694 2690//2690 2689//2689
f 2695//2695 2692//2692 2696//2696
f 2695//2695 2562//2562 2563//2563
f 2698//2698 2693//2693 2694//2694
f 2561//2561 2680//2680 2562//2562
f 2699//2699 2695//2695 2696//2696
f 2698//2698 2696//2696 2693//2693
f 2699//2699 2696//2696 2698//2698
f 2692//2692 2565//2565 2691//2691
f 2662//2662 2655//2655 2658//2658
f 2692//2692 2564//2564 2565//2565
f 2691//2691 2565//2565 2566//2566
f 2675//2675 2677//2677 2673//2673
f 2678//2678 2675//2675 2676//2676
f 2679//2679 2674//2674 2564//2564
f 2679//2679 2676//2676 2674//2674
f 2679//2679 2564//2564 2563//2563
f 2548//2548 2547//2547 2677//2677
f 2679//2679 2678//2678 2676//2676
f 2680//2680 2675//2675 2678//2678
f 2678//2678 2563//2563 2562//2562
f 2678//2678 2679//2679 2563//2563
f 2680//2680 2677//2677 2675//2675
f 2680//2680 2678//2678 2562//2562
f 2548//2548 2677//2677 2680//2680
f 2561//2561 2548//2548 2680//2680
f 2561//2561 2541//2541 2548//2548
f 2691//2691 2566//2566 2567//2567
f 2664//2664 2656//2656 2558//2558
f 2669//2669 2566//2566 2565//2565
f 2663//2663 2658//2658 2657//2657
f 2638//2638 2630//2630 2634//2634
f 2636//2636 2633//2633 2631//2631
f 2639//2639 2636//2636 2629//2629
f 2638//2638 2544//2544 2630//2630
f 2642//2642 2633//2633 2636//2636
f 2637//2637 2629//2629 2632//2632
f 2638//2638 2545//2545 2544//2544
f 2640//2640 2638//2638 2634//2634
f 2641//2641 2634//2634 2635//2635
f 2642//2642 2635//2635 2633//2633
f 2637//2637 2639//2639 2629//2629
f 2642//2642 2641//2641 2635//2635
f 2642//2642 2636//2636 2639//2639
f 2640//2640 2634//2634 2641//2641
f 2557//2557 2637//2637 2556//2556
f 2637//2637 2632//2632 2556//2556
f 2635//2635 2634//2634 2628//2628
f 2636//2636 2631//2631 2629//2629
f 2556//2556 2632//2632 2555//2555
f 2630//2630 2623//2623 2626//2626
f 2627//2627 2626//2626 2619//2619
f 2631//2631 2625//2625 2624//2624
f 2629//2629 2624//2624 2622//2622
f 2632//2632 2622//2622 2555//2555
f 2663//2663 2657//2657 2659//2659
f 2627//2627 2621//2621 2628//2628
f 2644//2644 2639//2639 2637//2637
f 2633//2633 2625//2625 2631//2631
f 2631//2631 2624//2624 2629//2629
f 2632//2632 2629//2629 2622//2622
f 2633//2633 2628//2628 2625//2625
f 2634//2634 2626//2626 2627//2627
f 2634//2634 2627//2627 2628//2628
f 2635//2635 2628//2628 2633//2633
f 2630//2630 2626//2626 2634//2634
f 2630//2630 2544//2544 2623//2623
f 2643//2643 2637//2637 2557//2557
f 2644//2644 2637//2637 2643//2643
f 2545//2545 2638//2638 2640//2640
f 2653//2653 2650//2650 2648//2648
f 2654//2654 2653//2653 2643//2643
f 2657//2657 2650//2650 2653//2653
f 2651//2651 2649//2649 2655//2655
f 2656//2656 2652//2652 2646//2646
f 2656//2656 2647//2647 2558//2558
f 2651//2651 2546//2546 2545//2545
f 2645//2645 2642//2642 2639//2639
f 2658//2658 2650//2650 2657//2657
f 2546//2546 2651//2651 2655//2655
f 2658//2658 2655//2655 2650//2650
f 2660//2660 2654//2654 2652//2652
f 2661//2661 2652//2652 2656//2656
f 2659//2659 2657//2657 2653//2653
f 2660//2660 2659//2659 2654//2654
f 2660//2660 2652//2652 2661//2661
f 2659//2659 2653//2653 2654//2654
f 2655//2655 2649//2649 2650//2650
f 2656//2656 2646//2646 2647//2647
f 2653//2653 2648//2648 2644//2644
f 2645//2645 2641//2641 2642//2642
f 2648//2648 2639//2639 2644//2644
f 2649//2649 2641//2641 2645//2645
f 2654//2654 2643//2643 2652//2652
f 2649//2649 2640//2640 2641//2641
f 2648//2648 2645//2645 2639//2639
f 2646//2646 2643//2643 2557//2557
f 2650//2650 2645//2645 2648//2648
f 2651//2651 2640//2640 2649//2649
f 2652//2652 2643//2643 2646//2646
f 2651//2651 2545//2545 2640//2640
f 2653//2653 2644//2644 2643//2643
f 2650//2650 2649//2649 2645//2645
f 2646//2646 2557//2557 2647//2647
f 2842//2842 2840//2840 2841//2841
f 2842//2842 2839//2839 2840//2840
f 2851//2851 2847//2847 2846//2846
f 2852//2852 2849//2849 2848//2848
f 2852//2852 2853//2853 2849//2849
f 2851//2851 2846//2846 2850//2850
f 2850//2850 2846//2846 2845//2845
f 2851//2851 2852//2852 2848//2848
f 2851//2851 2848//2848 2847//2847
f 2853//2853 2843//2843 2849//2849
f 2844//2844 2843//2843 2853//2853
f 2858//2858 2860//2860 2859//2859
f 2875//2875 2855//2855 2854//2854
f 2875//2875 2856//2856 2855//2855
f 2862//2862 2860//2860 2858//2858
f 2870//2870 2869//2869 2871//2871
f 2866//2866 2865//2865 2867//2867
f 2865//2865 2864//2864 2867//2867
f 2871//2871 2869//2869 2873//2873
f 2862//2862 2861//2861 2860//2860
f 2867//2867 2864//2864 2863//2863
f 2867//2867 2863//2863 2868//2868
f 2869//2869 2868//2868 2873//2873
f 2868//2868 2874//2874 2873//2873
f 2868//2868 2857//2857 2874//2874
f 2874//2874 2857//2857 2856//2856
f 2863//2863 2858//2858 2857//2857
f 2874//2874 2856//2856 2875//2875
f 2863//2863 2862//2862 2858//2858
f 2868//2868 2863//2863 2857//2857
f 2871//2871 2873//2873 2872//2872
f 2886//2886 2880//2880 2885//2885
f 2885//2885 2880//2880 2879//2879
f 2883//2883 2878//2878 2877//2877
f 2883//2883 2884//2884 2878//2878
f 2884//2884 2885//2885 2879//2879
f 2884//2884 2879//2879 2878//2878
f 2883//2883 2876//2876 2882//2882
f 2883//2883 2877//2877 2876//2876
f 2886//2886 2881//2881 2880//2880
f 2891//2891 2888//2888 2887//2887
f 2891//2891 2887//2887 2890//2890
f 2892//2892 2889//2889 2888//2888
f 2892//2892 2888//2888 2891//2891
f 2903//2903 2898//2898 2902//2902
f 2900//2900 2901//2901 2895//2895
f 2899//2899 2894//2894 2893//2893
f 2900//2900 2895//2895 2894//2894
f 2900//2900 2894//2894 2899//2899
f 2902//2902 2897//2897 2896//2896
f 2901//2901 2902//2902 2896//2896
f 2901//2901 2896//2896 2895//2895
f 2902//2902 2898//2898 2897//2897
f 2906//2906 2905//2905 2904//2904
f 2907//2907 2905//2905 2906//2906
f 2917//2917 2912//2912 2911//2911
f 2918//2918 2913//2913 2912//2912
f 2915//2915 2916//2916 2910//2910
f 2916//2916 2917//2917 2911//2911
f 2916//2916 2911//2911 2910//2910
f 2915//2915 2908//2908 2914//2914
f 2915//2915 2909//2909 2908//2908
f 2915//2915 2910//2910 2909//2909
f 2918//2918 2912//2912 2917//2917
f 2923//2923 2920//2920 2919//2919
f 2923//2923 2919//2919 2922//2922
f 2924//2924 2921//2921 2920//2920
f 2924//2924 2920//2920 2923//2923
