# OMX visual mesh; coordinates in metres
mtllib materials.mtl
usemtl printed_charcoal
v -0.0012679 -0.0120000 0.0175000
v -0.0025000 -0.0120000 0.0175000
v -0.0025000 -0.0133000 0.0175000
v -0.0035000 -0.0133000 0.0175000
v -0.0035000 -0.0120000 0.0175000
v -0.0052500 -0.0120000 0.0175000
v -0.0051525 -0.0114970 0.0175000
v -0.0064786 -0.0089793 0.0175000
v -0.0089992 -0.0095005 0.0175000
v -0.0082761 -0.0098113 0.0175000
v -0.0071256 -0.0096072 0.0175000
v -0.0090000 -0.0115000 0.0175000
v -0.0100000 -0.0115000 0.0175000
v -0.0100000 0.0115000 0.0175000
v -0.0090000 0.0115000 0.0175000
v -0.0089966 0.0095133 0.0175000
v -0.0065173 0.0090883 0.0175000
v -0.0078371 0.0098564 0.0175000
v -0.0051139 0.0114959 0.0175000
v -0.0052500 0.0120000 0.0175000
v -0.0035000 0.0120000 0.0175000
v -0.0035000 0.0133000 0.0175000
v -0.0025000 0.0133000 0.0175000
v -0.0025000 0.0120000 0.0175000
v -0.0012679 0.0120000 0.0175000
v -0.0000000 0.0098038 0.0175000
v 0.0012679 0.0120000 0.0175000
v 0.0025000 0.0120000 0.0175000
v 0.0025000 0.0133000 0.0175000
v 0.0035000 0.0133000 0.0175000
v 0.0035000 0.0120000 0.0175000
v 0.0052500 0.0120000 0.0175000
v 0.0051525 0.0114970 0.0175000
v 0.0064786 0.0089793 0.0175000
v 0.0089954 0.0095105 0.0175000
v 0.0082029 0.0098135 0.0175000
v 0.0071256 0.0096072 0.0175000
v 0.0090000 0.0115000 0.0175000
v 0.0100000 0.0115000 0.0175000
v 0.0100000 -0.0115000 0.0175000
v 0.0090000 -0.0115000 0.0175000
v 0.0089966 -0.0095133 0.0175000
v 0.0066501 -0.0092773 0.0175000
v 0.0080584 -0.0098340 0.0175000
v 0.0051139 -0.0114959 0.0175000
v 0.0052500 -0.0120000 0.0175000
v 0.0035000 -0.0120000 0.0175000
v 0.0035000 -0.0133000 0.0175000
v 0.0025000 -0.0133000 0.0175000
v 0.0025000 -0.0120000 0.0175000
v 0.0012679 -0.0120000 0.0175000
v -0.0000000 -0.0098038 0.0175000
v -0.0084059 0.0087248 0.0175000
v -0.0075803 0.0087272 0.0175000
v -0.0071773 0.0080541 0.0175000
v -0.0075872 0.0072399 0.0175000
v -0.0084931 0.0073393 0.0175000
v -0.0088371 0.0080329 0.0175000
v 0.0073393 0.0084931 0.0175000
v 0.0078515 0.0087991 0.0175000
v 0.0084695 0.0086834 0.0175000
v 0.0087991 0.0081485 0.0175000
v 0.0086526 0.0074717 0.0175000
v 0.0079896 0.0071838 0.0175000
v 0.0072399 0.0075872 0.0175000
v -0.0087129 -0.0075101 0.0175000
v -0.0077394 -0.0071978 0.0175000
v -0.0071744 -0.0078692 0.0175000
v -0.0074665 -0.0086412 0.0175000
v -0.0082246 -0.0087964 0.0175000
v -0.0087284 -0.0083712 0.0175000
v 0.0072335 -0.0076709 0.0175000
v 0.0079446 -0.0071564 0.0175000
v 0.0086732 -0.0075240 0.0175000
v 0.0087917 -0.0082572 0.0175000
v 0.0082648 -0.0087808 0.0175000
v 0.0073916 -0.0086084 0.0175000
v 0.0066694 0.0030857 0.0175000
v 0.0090000 0.0017321 0.0175000
v 0.0083604 0.0062328 0.0175000
v 0.0089891 0.0064701 0.0175000
v 0.0077854 0.0038467 0.0175000
v 0.0083804 0.0051570 0.0175000
v -0.0083823 0.0062321 0.0175000
v -0.0081453 0.0043111 0.0175000
v -0.0067019 0.0030782 0.0175000
v -0.0089847 0.0064725 0.0175000
v -0.0090000 0.0017321 0.0175000
v 0.0084049 -0.0062277 0.0175000
v 0.0081215 -0.0043240 0.0175000
v 0.0067464 -0.0030787 0.0175000
v 0.0089847 -0.0064725 0.0175000
v 0.0090000 -0.0017321 0.0175000
v -0.0067027 -0.0030858 0.0175000
v -0.0090000 -0.0017321 0.0175000
v -0.0089994 -0.0064977 0.0175000
v -0.0080163 -0.0041301 0.0175000
v -0.0084227 -0.0062234 0.0175000
v -0.0021786 -0.0037822 0.0174789
v -0.0017321 -0.0050000 0.0175000
v -0.0023094 -0.0060000 0.0175000
v -0.0021107 -0.0069781 0.0175000
v -0.0019346 -0.0067079 0.0175000
v -0.0030000 -0.0070000 0.0175000
v -0.0043300 -0.0068827 0.0175000
v -0.0047356 -0.0072327 0.0175000
v -0.0059960 -0.0074403 0.0175000
v -0.0071385 -0.0066412 0.0175000
v -0.0074362 -0.0054959 0.0175000
v -0.0069803 -0.0044786 0.0175000
v -0.0060015 -0.0039009 0.0175000
v -0.0046149 -0.0041830 0.0175000
v -0.0039851 -0.0051038 0.0175000
v -0.0039209 -0.0060793 0.0175000
v -0.0053094 -0.0090000 0.0175000
v -0.0047321 -0.0100000 0.0175000
v -0.0041547 -0.0110000 0.0175000
v -0.0018453 -0.0110000 0.0175000
v -0.0012679 -0.0100000 0.0175000
v -0.0006906 -0.0090000 0.0175000
v -0.0008547 -0.0080122 0.0175000
v -0.0010696 -0.0082546 0.0175000
v -0.0000000 -0.0080000 0.0175000
v 0.0010671 -0.0082681 0.0175000
v 0.0008674 -0.0080146 0.0175000
v 0.0006906 -0.0090000 0.0175000
v 0.0012679 -0.0100000 0.0175000
v 0.0018453 -0.0110000 0.0175000
v 0.0041547 -0.0110000 0.0175000
v 0.0047321 -0.0100000 0.0175000
v 0.0053094 -0.0090000 0.0175000
v 0.0045206 -0.0076337 0.0175000
v 0.0049136 -0.0073030 0.0175000
v 0.0043285 -0.0068477 0.0175000
v 0.0038693 -0.0058244 0.0175000
v 0.0042485 -0.0045575 0.0175000
v 0.0052275 -0.0039330 0.0175000
v 0.0065210 -0.0040722 0.0175000
v 0.0074502 -0.0053748 0.0175000
v 0.0071519 -0.0065968 0.0175000
v 0.0063738 -0.0072934 0.0175000
v 0.0030000 -0.0070000 0.0175000
v 0.0019329 -0.0067319 0.0175000
v 0.0021326 -0.0069854 0.0175000
v 0.0023094 -0.0060000 0.0175000
v 0.0017321 -0.0050000 0.0175000
v 0.0011922 -0.0040806 0.0174535
v 0.0029514 -0.0050960 0.0175000
v 0.0047608 -0.0029927 0.0175000
v 0.0033917 -0.0040546 0.0175000
v 0.0037824 -0.0021783 0.0174789
v 0.0050000 -0.0017321 0.0175000
v 0.0060000 -0.0023094 0.0175000
v 0.0080000 -0.0011547 0.0175000
v 0.0080000 0.0000000 0.0175000
v 0.0080000 0.0011547 0.0175000
v 0.0060000 0.0023094 0.0175000
v 0.0050000 0.0017321 0.0175000
v 0.0040806 0.0011922 0.0174535
v 0.0050960 0.0029514 0.0175000
v 0.0029536 0.0049650 0.0175000
v 0.0038695 0.0035089 0.0175000
v 0.0021786 0.0037822 0.0174789
v 0.0017321 0.0050000 0.0175000
v 0.0023094 0.0060000 0.0175000
v 0.0020876 0.0069698 0.0175000
v 0.0019392 0.0066838 0.0175000
v 0.0030000 0.0070000 0.0175000
v 0.0043300 0.0068827 0.0175000
v 0.0051195 0.0073721 0.0175000
v 0.0066499 0.0071526 0.0175000
v 0.0074615 0.0058543 0.0175000
v 0.0070316 0.0045280 0.0175000
v 0.0061568 0.0039569 0.0175000
v 0.0049510 0.0040027 0.0175000
v 0.0040100 0.0049640 0.0175000
v 0.0039465 0.0061457 0.0175000
v 0.0045206 0.0076337 0.0175000
v 0.0053094 0.0090000 0.0175000
v 0.0047321 0.0100000 0.0175000
v 0.0041547 0.0110000 0.0175000
v 0.0018453 0.0110000 0.0175000
v 0.0012679 0.0100000 0.0175000
v 0.0006906 0.0090000 0.0175000
v 0.0009239 0.0080348 0.0175000
v 0.0010581 0.0083280 0.0175000
v -0.0000000 0.0080000 0.0175000
v -0.0009021 0.0080251 0.0175000
v -0.0010620 0.0083050 0.0175000
v -0.0006906 0.0090000 0.0175000
v -0.0012679 0.0100000 0.0175000
v -0.0018453 0.0110000 0.0175000
v -0.0041547 0.0110000 0.0175000
v -0.0047321 0.0100000 0.0175000
v -0.0053094 0.0090000 0.0175000
v -0.0045206 0.0076337 0.0175000
v -0.0049136 0.0073030 0.0175000
v -0.0043285 0.0068477 0.0175000
v -0.0039047 0.0059635 0.0175000
v -0.0042171 0.0045324 0.0175000
v -0.0054368 0.0039007 0.0175000
v -0.0066443 0.0041460 0.0175000
v -0.0074304 0.0053782 0.0175000
v -0.0071935 0.0065392 0.0175000
v -0.0063738 0.0072934 0.0175000
v -0.0030000 0.0070000 0.0175000
v -0.0021095 0.0069787 0.0175000
v -0.0019360 0.0067071 0.0175000
v -0.0023094 0.0060000 0.0175000
v -0.0017321 0.0050000 0.0175000
v -0.0011922 0.0040806 0.0174535
v -0.0029514 0.0050960 0.0175000
v -0.0049650 0.0029536 0.0175000
v -0.0035089 0.0038695 0.0175000
v -0.0037824 0.0021783 0.0174789
v -0.0050000 0.0017321 0.0175000
v -0.0060000 0.0023094 0.0175000
v -0.0080000 0.0011547 0.0175000
v -0.0080000 0.0000000 0.0175000
v -0.0080000 -0.0011547 0.0175000
v -0.0060000 -0.0023094 0.0175000
v -0.0050000 -0.0017321 0.0175000
v -0.0040806 -0.0011922 0.0174535
v -0.0030261 -0.0046406 0.0175000
v -0.0046805 -0.0030145 0.0175000
v 0.0034706 0.0020194 0.0160000
v 0.0021121 0.0034551 0.0160000
v -0.0021121 0.0034551 0.0160000
v -0.0034706 0.0020194 0.0160000
v -0.0034706 -0.0020194 0.0160000
v -0.0021121 -0.0034551 0.0160000
v 0.0021121 -0.0034551 0.0160000
v 0.0034706 -0.0020194 0.0160000
v -0.0010921 0.0039242 0.0160000
v 0.0011319 0.0038553 0.0160000
v 0.0011319 -0.0038553 0.0160000
v -0.0010921 -0.0039242 0.0160000
v -0.0038476 0.0011547 0.0171630
v -0.0036838 0.0015894 0.0171219
v -0.0034973 0.0020192 0.0172406
v -0.0020293 0.0035157 0.0172779
v -0.0011716 0.0038741 0.0171939
v 0.0011613 0.0038662 0.0171473
v 0.0020192 0.0034973 0.0172406
v 0.0035157 0.0020293 0.0172779
v 0.0038741 0.0011716 0.0171939
v 0.0039242 0.0010921 0.0160000
v -0.0031633 0.0025043 0.0145000
v -0.0019289 0.0035245 0.0145000
v -0.0002712 0.0040381 0.0145000
v 0.0022854 0.0034017 0.0145000
v 0.0039199 0.0010860 0.0145000
v -0.0040699 0.0011899 0.0174297
v -0.0021990 0.0038101 0.0174900
v 0.0011899 0.0040699 0.0174297
v 0.0038101 0.0021990 0.0174900
v 0.0031633 -0.0025043 0.0145000
v 0.0017065 -0.0036560 0.0145000
v -0.0002712 -0.0040381 0.0145000
v -0.0024794 -0.0032254 0.0145000
v -0.0039199 -0.0010860 0.0145000
v -0.0011613 -0.0038662 0.0171473
v -0.0020192 -0.0034973 0.0172406
v -0.0035157 -0.0020293 0.0172779
v -0.0038741 -0.0011716 0.0171939
v -0.0039242 -0.0010921 0.0160000
v 0.0038476 -0.0011547 0.0171630
v 0.0036838 -0.0015894 0.0171219
v 0.0034973 -0.0020192 0.0172406
v 0.0020293 -0.0035157 0.0172779
v 0.0011716 -0.0038741 0.0171939
v -0.0011899 -0.0040699 0.0174297
v -0.0038101 -0.0021990 0.0174900
v 0.0021990 -0.0038101 0.0174900
v 0.0040699 -0.0011899 0.0174297
v -0.0035000 -0.0120000 0.0175000
v -0.0052500 -0.0120000 0.0175000
v -0.0035000 -0.0120000 0.0160000
v -0.0052500 -0.0120000 0.0160000
v -0.0012679 -0.0120000 0.0175000
v -0.0025000 -0.0120000 0.0175000
v -0.0025000 -0.0120000 0.0160000
v -0.0012679 -0.0120000 0.0160000
v 0.0034706 0.0020194 0.0160000
v 0.0051151 0.0029541 0.0160000
v 0.0038923 0.0034747 0.0160000
v 0.0029336 0.0050354 0.0160000
v 0.0021121 0.0034551 0.0160000
v -0.0021121 0.0034551 0.0160000
v -0.0029467 0.0050959 0.0160000
v -0.0035547 0.0038159 0.0160000
v -0.0050354 0.0029336 0.0160000
v -0.0034706 0.0020194 0.0160000
v -0.0034706 -0.0020194 0.0160000
v -0.0050959 -0.0029467 0.0160000
v -0.0038159 -0.0035547 0.0160000
v -0.0029336 -0.0050354 0.0160000
v -0.0021121 -0.0034551 0.0160000
v 0.0021121 -0.0034551 0.0160000
v 0.0029384 -0.0050646 0.0160000
v 0.0038537 -0.0034890 0.0160000
v 0.0051186 -0.0029558 0.0160000
v 0.0034706 -0.0020194 0.0160000
v -0.0090000 -0.0017321 0.0160000
v -0.0089847 -0.0064725 0.0160000
v -0.0083532 -0.0062306 0.0160000
v -0.0083465 -0.0048267 0.0160000
v -0.0068838 -0.0031043 0.0160000
v 0.0083978 -0.0062235 0.0160000
v 0.0089994 -0.0064977 0.0160000
v 0.0090000 -0.0017321 0.0160000
v 0.0069241 -0.0031461 0.0160000
v 0.0082047 -0.0045276 0.0160000
v -0.0083781 0.0062211 0.0160000
v -0.0089994 0.0064977 0.0160000
v -0.0090000 0.0017321 0.0160000
v -0.0067027 0.0030858 0.0160000
v -0.0081543 0.0043062 0.0160000
v 0.0090000 0.0017321 0.0160000
v 0.0089847 0.0064725 0.0160000
v 0.0084049 0.0062277 0.0160000
v 0.0081215 0.0043240 0.0160000
v 0.0067464 0.0030787 0.0160000
v 0.0050207 0.0115000 0.0160000
v 0.0064833 0.0090078 0.0160000
v 0.0073431 0.0097133 0.0160000
v 0.0088633 0.0096548 0.0160000
v 0.0090000 0.0115000 0.0160000
v 0.0052500 0.0120000 0.0160000
v 0.0052500 0.0133000 0.0160000
v 0.0035000 0.0133000 0.0160000
v 0.0035000 0.0120000 0.0160000
v 0.0025000 0.0133000 0.0160000
v -0.0025000 0.0133000 0.0160000
v -0.0025000 0.0120000 0.0160000
v -0.0012679 0.0120000 0.0160000
v -0.0000000 0.0098038 0.0160000
v 0.0012679 0.0120000 0.0160000
v 0.0025000 0.0120000 0.0160000
v -0.0035000 0.0133000 0.0160000
v -0.0035000 0.0120000 0.0160000
v -0.0052500 0.0133000 0.0160000
v -0.0052500 0.0120000 0.0160000
v -0.0090000 0.0115000 0.0160000
v -0.0089992 0.0095005 0.0160000
v -0.0082761 0.0098113 0.0160000
v -0.0071256 0.0096072 0.0160000
v -0.0064786 0.0089793 0.0160000
v -0.0050207 0.0115000 0.0160000
v 0.0035000 -0.0133000 0.0160000
v 0.0035000 -0.0120000 0.0160000
v 0.0052500 -0.0133000 0.0160000
v 0.0052500 -0.0120000 0.0160000
v 0.0090000 -0.0115000 0.0160000
v 0.0089954 -0.0095105 0.0160000
v 0.0077608 -0.0098678 0.0160000
v 0.0064779 -0.0090162 0.0160000
v 0.0050207 -0.0115000 0.0160000
v -0.0025000 -0.0120000 0.0160000
v -0.0012679 -0.0120000 0.0160000
v 0.0025000 -0.0120000 0.0160000
v 0.0012679 -0.0120000 0.0160000
v -0.0000000 -0.0098038 0.0160000
v -0.0025000 -0.0133000 0.0160000
v 0.0025000 -0.0133000 0.0160000
v -0.0050207 -0.0115000 0.0160000
v -0.0064833 -0.0090078 0.0160000
v -0.0073431 -0.0097133 0.0160000
v -0.0088633 -0.0096548 0.0160000
v -0.0090000 -0.0115000 0.0160000
v -0.0035000 -0.0120000 0.0160000
v -0.0052500 -0.0120000 0.0160000
v -0.0052500 -0.0133000 0.0160000
v -0.0035000 -0.0133000 0.0160000
v 0.0002500 0.0079202 0.0160007
v -0.0002500 0.0079602 0.0160007
v -0.0008547 0.0080122 0.0160000
v -0.0010696 0.0082546 0.0160000
v -0.0006906 0.0090000 0.0160000
v -0.0011947 0.0097536 0.0160005
v -0.0014447 0.0101866 0.0160010
v -0.0018453 0.0110000 0.0160000
v -0.0041547 0.0110000 0.0160000
v -0.0045379 0.0101766 0.0160006
v -0.0048226 0.0097636 0.0160006
v -0.0053094 0.0090000 0.0160000
v -0.0047638 0.0072832 0.0160000
v -0.0066057 0.0072179 0.0160000
v -0.0073830 0.0060573 0.0160000
v -0.0072251 0.0047423 0.0160000
v -0.0060907 0.0039317 0.0160000
v -0.0047540 0.0040900 0.0160000
v -0.0040034 0.0050365 0.0160000
v -0.0039130 0.0060082 0.0160000
v -0.0043382 0.0068780 0.0160000
v -0.0032500 0.0070798 0.0160006
v -0.0027500 0.0070398 0.0160007
v -0.0021107 0.0069781 0.0160000
v -0.0019346 0.0067079 0.0160000
v -0.0023094 0.0060000 0.0160000
v -0.0017879 0.0052564 0.0160006
v -0.0015812 0.0047984 0.0160007
v -0.0010921 0.0039242 0.0160000
v 0.0011319 0.0038553 0.0160000
v 0.0015812 0.0047984 0.0160007
v 0.0018053 0.0052464 0.0160010
v 0.0023094 0.0060000 0.0160000
v 0.0019329 0.0067319 0.0160000
v 0.0021326 0.0069854 0.0160000
v 0.0027500 0.0070798 0.0160007
v 0.0032500 0.0070398 0.0160006
v 0.0043106 0.0068632 0.0160000
v 0.0039461 0.0061722 0.0160000
v 0.0040284 0.0049219 0.0160000
v 0.0051463 0.0039069 0.0160000
v 0.0065704 0.0041305 0.0160000
v 0.0074221 0.0052331 0.0160000
v 0.0070603 0.0067919 0.0160000
v 0.0059632 0.0074021 0.0160000
v 0.0048587 0.0072531 0.0160000
v 0.0045206 0.0076337 0.0160000
v 0.0053094 0.0090000 0.0160000
v 0.0048053 0.0097536 0.0160005
v 0.0045553 0.0101866 0.0160010
v 0.0041547 0.0110000 0.0160000
v 0.0018453 0.0110000 0.0160000
v 0.0014447 0.0101866 0.0160010
v 0.0011774 0.0097636 0.0160006
v 0.0006906 0.0090000 0.0160000
v 0.0010671 0.0082681 0.0160000
v 0.0008674 0.0080146 0.0160000
v 0.0063870 0.0049080 0.0160000
v 0.0056433 0.0046006 0.0160000
v 0.0046708 0.0051705 0.0160000
v 0.0047494 0.0061651 0.0160000
v 0.0053176 0.0066572 0.0160000
v 0.0061586 0.0065802 0.0160000
v 0.0067275 0.0057836 0.0160000
v -0.0048811 0.0064128 0.0160000
v -0.0046838 0.0051450 0.0160000
v -0.0056704 0.0046006 0.0160000
v -0.0063734 0.0049011 0.0160000
v -0.0067255 0.0056707 0.0160000
v -0.0061008 0.0066536 0.0160000
v 0.0010043 0.0056146 0.0160000
v 0.0002334 0.0049698 0.0160000
v -0.0005829 0.0051277 0.0160000
v -0.0010971 0.0060720 0.0160000
v -0.0003805 0.0069918 0.0160000
v 0.0007425 0.0068032 0.0160000
v 0.0026704 0.0079856 0.0160000
v 0.0020745 0.0085284 0.0160000
v 0.0019720 0.0092182 0.0160000
v 0.0025985 0.0100060 0.0160000
v 0.0035082 0.0099075 0.0160000
v 0.0040003 0.0093393 0.0160000
v 0.0038032 0.0082575 0.0160000
v -0.0037165 0.0082442 0.0160000
v -0.0040540 0.0089306 0.0160000
v -0.0037866 0.0096893 0.0160000
v -0.0028285 0.0100831 0.0160000
v -0.0019997 0.0093393 0.0160000
v -0.0020667 0.0085245 0.0160000
v -0.0028444 0.0079280 0.0160000
v 0.0023094 -0.0060000 0.0160000
v 0.0017879 -0.0052564 0.0160006
v 0.0015812 -0.0047984 0.0160007
v 0.0011319 -0.0038553 0.0160000
v -0.0010921 -0.0039242 0.0160000
v -0.0015812 -0.0047984 0.0160007
v -0.0018053 -0.0052464 0.0160010
v -0.0023094 -0.0060000 0.0160000
v -0.0019360 -0.0067071 0.0160000
v -0.0021095 -0.0069787 0.0160000
v -0.0027500 -0.0070798 0.0160007
v -0.0032500 -0.0070398 0.0160006
v -0.0043196 -0.0068504 0.0160000
v -0.0039007 -0.0058929 0.0160000
v -0.0040920 -0.0047947 0.0160000
v -0.0050225 -0.0039895 0.0160000
v -0.0062530 -0.0039726 0.0160000
v -0.0072540 -0.0048368 0.0160000
v -0.0073837 -0.0060839 0.0160000
v -0.0068400 -0.0069760 0.0160000
v -0.0059632 -0.0074021 0.0160000
v -0.0048587 -0.0072531 0.0160000
v -0.0045206 -0.0076337 0.0160000
v -0.0053094 -0.0090000 0.0160000
v -0.0048053 -0.0097536 0.0160005
v -0.0045553 -0.0101866 0.0160010
v -0.0041547 -0.0110000 0.0160000
v -0.0018453 -0.0110000 0.0160000
v -0.0014621 -0.0101766 0.0160006
v -0.0011774 -0.0097636 0.0160006
v -0.0006906 -0.0090000 0.0160000
v -0.0010620 -0.0083050 0.0160000
v -0.0009021 -0.0080251 0.0160000
v -0.0000000 -0.0079402 0.0160008
v 0.0009239 -0.0080348 0.0160000
v 0.0010581 -0.0083280 0.0160000
v 0.0006906 -0.0090000 0.0160000
v 0.0011947 -0.0097536 0.0160005
v 0.0014447 -0.0101866 0.0160010
v 0.0018453 -0.0110000 0.0160000
v 0.0041547 -0.0110000 0.0160000
v 0.0045553 -0.0101866 0.0160010
v 0.0048226 -0.0097636 0.0160006
v 0.0053094 -0.0090000 0.0160000
v 0.0047382 -0.0072412 0.0160000
v 0.0062030 -0.0073772 0.0160000
v 0.0073976 -0.0062108 0.0160000
v 0.0071630 -0.0046958 0.0160000
v 0.0061614 -0.0039429 0.0160000
v 0.0046196 -0.0041483 0.0160000
v 0.0038429 -0.0057292 0.0160000
v 0.0043382 -0.0068780 0.0160000
v 0.0032500 -0.0070798 0.0160006
v 0.0027500 -0.0070398 0.0160007
v 0.0020876 -0.0069698 0.0160000
v 0.0019392 -0.0066838 0.0160000
v 0.0047072 -0.0061887 0.0160000
v 0.0047492 -0.0051165 0.0160000
v 0.0057289 -0.0045597 0.0160000
v 0.0066487 -0.0052764 0.0160000
v 0.0065592 -0.0062098 0.0160000
v 0.0057269 -0.0067233 0.0160000
v -0.0066597 -0.0053310 0.0160000
v -0.0060975 -0.0047009 0.0160000
v -0.0051726 -0.0047065 0.0160000
v -0.0046245 -0.0054515 0.0160000
v -0.0047494 -0.0061651 0.0160000
v -0.0053176 -0.0066572 0.0160000
v -0.0061586 -0.0065802 0.0160000
v -0.0066165 -0.0060544 0.0160000
v -0.0038449 -0.0096139 0.0160000
v -0.0040377 -0.0087073 0.0160000
v -0.0031556 -0.0079280 0.0160000
v -0.0021982 -0.0083152 0.0160000
v -0.0019623 -0.0092927 0.0160000
v -0.0029280 -0.0100971 0.0160000
v 0.0020665 -0.0095071 0.0160000
v 0.0020095 -0.0086642 0.0160000
v 0.0025677 -0.0080296 0.0160000
v 0.0036092 -0.0081134 0.0160000
v 0.0040673 -0.0092267 0.0160000
v 0.0030720 -0.0100971 0.0160000
v -0.0002334 -0.0049698 0.0160000
v 0.0007045 -0.0051963 0.0160000
v 0.0010462 -0.0063098 0.0160000
v 0.0002848 -0.0070098 0.0160000
v -0.0007425 -0.0068032 0.0160000
v -0.0010043 -0.0056146 0.0160000
v -0.0038476 0.0011547 0.0171630
v -0.0036838 0.0015894 0.0171219
v -0.0039063 0.0009639 0.0145000
v -0.0031633 0.0025043 0.0145000
v -0.0038553 0.0011319 0.0160000
v -0.0039199 -0.0010860 0.0145000
v -0.0039242 -0.0010921 0.0160000
v -0.0049650 0.0029536 0.0175000
v -0.0037824 0.0021783 0.0174789
v -0.0050354 0.0029336 0.0160000
v -0.0034706 0.0020194 0.0160000
v -0.0034973 0.0020192 0.0172406
v -0.0029514 0.0050960 0.0175000
v -0.0049650 0.0029536 0.0175000
v -0.0035089 0.0038695 0.0175000
v -0.0029467 0.0050959 0.0160000
v -0.0035547 0.0038159 0.0160000
v -0.0050354 0.0029336 0.0160000
v -0.0029514 0.0050960 0.0175000
v -0.0021121 0.0034551 0.0160000
v -0.0029467 0.0050959 0.0160000
v -0.0020293 0.0035157 0.0172779
v -0.0021990 0.0038101 0.0174900
v -0.0023094 0.0060000 0.0175000
v -0.0017321 0.0050000 0.0175000
v -0.0011922 0.0040806 0.0174535
v -0.0023094 0.0060000 0.0160000
v -0.0017879 0.0052564 0.0160006
v -0.0015812 0.0047984 0.0160007
v -0.0010921 0.0039242 0.0160000
v -0.0011716 0.0038741 0.0171939
v -0.0019360 0.0067071 0.0175000
v -0.0023094 0.0060000 0.0175000
v -0.0019346 0.0067079 0.0160000
v -0.0023094 0.0060000 0.0160000
v -0.0021095 0.0069787 0.0175000
v -0.0019360 0.0067071 0.0175000
v -0.0021107 0.0069781 0.0160000
v -0.0019346 0.0067079 0.0160000
v 0.0020876 0.0069698 0.0175000
v 0.0030000 0.0070000 0.0175000
v 0.0043300 0.0068827 0.0175000
v 0.0021326 0.0069854 0.0160000
v 0.0027500 0.0070798 0.0160007
v 0.0032500 0.0070398 0.0160006
v 0.0043106 0.0068632 0.0160000
v -0.0043285 0.0068477 0.0175000
v -0.0030000 0.0070000 0.0175000
v -0.0021095 0.0069787 0.0175000
v -0.0043382 0.0068780 0.0160000
v -0.0032500 0.0070798 0.0160006
v -0.0027500 0.0070398 0.0160007
v -0.0021107 0.0069781 0.0160000
v 0.0043300 0.0068827 0.0175000
v 0.0040100 0.0049640 0.0175000
v 0.0039465 0.0061457 0.0175000
v 0.0043106 0.0068632 0.0160000
v 0.0039461 0.0061722 0.0160000
v 0.0040284 0.0049219 0.0160000
v 0.0049510 0.0040027 0.0175000
v 0.0040100 0.0049640 0.0175000
v 0.0040284 0.0049219 0.0160000
v 0.0051463 0.0039069 0.0160000
v 0.0051195 0.0073721 0.0175000
v 0.0066499 0.0071526 0.0175000
v 0.0074615 0.0058543 0.0175000
v 0.0070316 0.0045280 0.0175000
v 0.0061568 0.0039569 0.0175000
v 0.0049510 0.0040027 0.0175000
v 0.0045206 0.0076337 0.0175000
v 0.0051463 0.0039069 0.0160000
v 0.0065704 0.0041305 0.0160000
v 0.0074221 0.0052331 0.0160000
v 0.0070603 0.0067919 0.0160000
v 0.0059632 0.0074021 0.0160000
v 0.0048587 0.0072531 0.0160000
v 0.0045206 0.0076337 0.0160000
v 0.0045206 0.0076337 0.0175000
v 0.0053094 0.0090000 0.0175000
v 0.0045206 0.0076337 0.0160000
v 0.0053094 0.0090000 0.0160000
v 0.0053094 0.0090000 0.0175000
v 0.0047321 0.0100000 0.0175000
v 0.0041547 0.0110000 0.0175000
v 0.0053094 0.0090000 0.0160000
v 0.0048053 0.0097536 0.0160005
v 0.0045553 0.0101866 0.0160010
v 0.0041547 0.0110000 0.0160000
v 0.0041547 0.0110000 0.0175000
v 0.0018453 0.0110000 0.0175000
v 0.0041547 0.0110000 0.0160000
v 0.0018453 0.0110000 0.0160000
v 0.0018453 0.0110000 0.0175000
v 0.0012679 0.0100000 0.0175000
v 0.0006906 0.0090000 0.0175000
v 0.0018453 0.0110000 0.0160000
v 0.0014447 0.0101866 0.0160010
v 0.0011774 0.0097636 0.0160006
v 0.0006906 0.0090000 0.0160000
v 0.0006906 0.0090000 0.0175000
v 0.0010581 0.0083280 0.0175000
v 0.0006906 0.0090000 0.0160000
v 0.0010671 0.0082681 0.0160000
v 0.0009239 0.0080348 0.0175000
v 0.0010581 0.0083280 0.0175000
v 0.0010671 0.0082681 0.0160000
v 0.0008674 0.0080146 0.0160000
v 0.0009239 0.0080348 0.0175000
v -0.0000000 0.0080000 0.0175000
v -0.0009021 0.0080251 0.0175000
v 0.0002500 0.0079202 0.0160007
v -0.0002500 0.0079602 0.0160007
v -0.0008547 0.0080122 0.0160000
v 0.0008674 0.0080146 0.0160000
v -0.0009021 0.0080251 0.0175000
v -0.0010620 0.0083050 0.0175000
v -0.0008547 0.0080122 0.0160000
v -0.0010696 0.0082546 0.0160000
v -0.0010620 0.0083050 0.0175000
v -0.0006906 0.0090000 0.0175000
v -0.0010696 0.0082546 0.0160000
v -0.0006906 0.0090000 0.0160000
v -0.0006906 0.0090000 0.0175000
v -0.0012679 0.0100000 0.0175000
v -0.0018453 0.0110000 0.0175000
v -0.0006906 0.0090000 0.0160000
v -0.0011947 0.0097536 0.0160005
v -0.0014447 0.0101866 0.0160010
v -0.0018453 0.0110000 0.0160000
v -0.0018453 0.0110000 0.0175000
v -0.0041547 0.0110000 0.0175000
v -0.0018453 0.0110000 0.0160000
v -0.0041547 0.0110000 0.0160000
v -0.0041547 0.0110000 0.0175000
v -0.0047321 0.0100000 0.0175000
v -0.0053094 0.0090000 0.0175000
v -0.0041547 0.0110000 0.0160000
v -0.0045379 0.0101766 0.0160006
v -0.0048226 0.0097636 0.0160006
v -0.0053094 0.0090000 0.0160000
v -0.0053094 0.0090000 0.0175000
v -0.0045206 0.0076337 0.0175000
v -0.0053094 0.0090000 0.0160000
v -0.0047638 0.0072832 0.0160000
v -0.0049136 0.0073030 0.0175000
v -0.0063738 0.0072934 0.0175000
v -0.0047638 0.0072832 0.0160000
v -0.0066057 0.0072179 0.0160000
v -0.0043285 0.0068477 0.0175000
v -0.0039047 0.0059635 0.0175000
v -0.0042171 0.0045324 0.0175000
v -0.0054368 0.0039007 0.0175000
v -0.0066443 0.0041460 0.0175000
v -0.0074304 0.0053782 0.0175000
v -0.0071935 0.0065392 0.0175000
v -0.0063738 0.0072934 0.0175000
v -0.0066057 0.0072179 0.0160000
v -0.0073830 0.0060573 0.0160000
v -0.0072251 0.0047423 0.0160000
v -0.0060907 0.0039317 0.0160000
v -0.0047540 0.0040900 0.0160000
v -0.0040034 0.0050365 0.0160000
v -0.0039130 0.0060082 0.0160000
v -0.0043382 0.0068780 0.0160000
v 0.0020876 0.0069698 0.0175000
v 0.0019392 0.0066838 0.0175000
v 0.0019329 0.0067319 0.0160000
v 0.0021326 0.0069854 0.0160000
v 0.0023094 0.0060000 0.0175000
v 0.0019392 0.0066838 0.0175000
v 0.0023094 0.0060000 0.0160000
v 0.0019329 0.0067319 0.0160000
v 0.0017321 0.0050000 0.0175000
v 0.0023094 0.0060000 0.0175000
v 0.0011319 0.0038553 0.0160000
v 0.0015812 0.0047984 0.0160007
v 0.0018053 0.0052464 0.0160010
v 0.0023094 0.0060000 0.0160000
v 0.0011613 0.0038662 0.0171473
v 0.0011899 0.0040699 0.0174297
v 0.0029536 0.0049650 0.0175000
v 0.0021786 0.0037822 0.0174789
v 0.0029336 0.0050354 0.0160000
v 0.0021121 0.0034551 0.0160000
v 0.0020192 0.0034973 0.0172406
v 0.0050960 0.0029514 0.0175000
v 0.0029536 0.0049650 0.0175000
v 0.0038695 0.0035089 0.0175000
v 0.0051151 0.0029541 0.0160000
v 0.0038923 0.0034747 0.0160000
v 0.0029336 0.0050354 0.0160000
v 0.0050960 0.0029514 0.0175000
v 0.0034706 0.0020194 0.0160000
v 0.0051151 0.0029541 0.0160000
v 0.0035157 0.0020293 0.0172779
v 0.0038101 0.0021990 0.0174900
v 0.0060000 0.0023094 0.0175000
v 0.0050000 0.0017321 0.0175000
v 0.0040806 0.0011922 0.0174535
v 0.0038741 0.0011716 0.0171939
v 0.0039242 0.0010921 0.0160000
v 0.0052564 0.0017879 0.0160006
v 0.0060000 0.0023094 0.0160000
v 0.0047984 0.0015812 0.0160007
v 0.0039242 0.0010921 0.0160000
v 0.0052564 0.0017879 0.0160006
v 0.0060000 0.0023094 0.0160000
v 0.0047984 0.0015812 0.0160007
v 0.0052464 -0.0018053 0.0160010
v 0.0060000 -0.0023094 0.0160000
v 0.0080000 -0.0011547 0.0160000
v 0.0079202 -0.0002500 0.0160006
v 0.0079602 0.0002500 0.0160006
v 0.0080000 0.0011547 0.0160000
v 0.0038553 -0.0011319 0.0160000
v 0.0047984 -0.0015812 0.0160007
v 0.0052293 -0.0007311 0.0160000
v 0.0049547 0.0001237 0.0160000
v 0.0054866 0.0009453 0.0160000
v 0.0064392 0.0009528 0.0160000
v 0.0070003 0.0003393 0.0160000
v 0.0069512 -0.0004241 0.0160000
v 0.0062665 -0.0010499 0.0160000
v 0.0054866 0.0009453 0.0160000
v 0.0064392 0.0009528 0.0160000
v 0.0070003 0.0003393 0.0160000
v 0.0069512 -0.0004241 0.0160000
v 0.0068256 0.0007052 0.0145000
v 0.0070003 -0.0003393 0.0145000
v 0.0057794 0.0010391 0.0145000
v 0.0069512 -0.0004241 0.0160000
v 0.0062665 -0.0010499 0.0160000
v 0.0070003 -0.0003393 0.0145000
v 0.0062914 -0.0010331 0.0145000
v 0.0052293 -0.0007311 0.0160000
v 0.0062665 -0.0010499 0.0160000
v 0.0062914 -0.0010331 0.0145000
v 0.0054324 -0.0008731 0.0145000
v 0.0052293 -0.0007311 0.0160000
v 0.0049547 0.0001237 0.0160000
v 0.0054866 0.0009453 0.0160000
v 0.0054324 -0.0008731 0.0145000
v 0.0049609 -0.0002206 0.0145000
v 0.0051269 0.0005676 0.0145000
v 0.0057794 0.0010391 0.0145000
v -0.0039063 0.0009639 0.0145000
v -0.0031633 0.0025043 0.0145000
v -0.0019289 0.0035245 0.0145000
v -0.0002712 0.0040381 0.0145000
v 0.0022854 0.0034017 0.0145000
v 0.0039199 0.0010860 0.0145000
v 0.0068256 0.0007052 0.0145000
v 0.0070003 -0.0003393 0.0145000
v 0.0062914 -0.0010331 0.0145000
v 0.0054324 -0.0008731 0.0145000
v 0.0049609 -0.0002206 0.0145000
v 0.0051269 0.0005676 0.0145000
v 0.0057794 0.0010391 0.0145000
v 0.0099322 0.0131921 0.0145043
v -0.0099130 0.0132351 0.0145036
v 0.0099131 -0.0132353 0.0145038
v -0.0099323 -0.0131923 0.0145046
v -0.0078158 -0.0088136 0.0145000
v -0.0085069 -0.0086431 0.0145000
v -0.0088469 -0.0079109 0.0145000
v -0.0083253 -0.0072424 0.0145000
v -0.0075734 -0.0072832 0.0145000
v -0.0071502 -0.0081346 0.0145000
v 0.0085504 0.0073556 0.0145000
v 0.0077030 0.0072259 0.0145000
v 0.0072036 0.0077754 0.0145000
v 0.0074557 0.0086723 0.0145000
v 0.0083129 0.0087553 0.0145000
v 0.0088063 0.0082274 0.0145000
v -0.0073916 0.0073916 0.0145000
v -0.0082648 0.0072192 0.0145000
v -0.0088063 0.0077726 0.0145000
v -0.0086505 0.0084995 0.0145000
v -0.0080432 0.0088280 0.0145000
v -0.0072625 0.0084257 0.0145000
v 0.0039063 -0.0009638 0.0145000
v 0.0031633 -0.0025043 0.0145000
v 0.0017065 -0.0036560 0.0145000
v -0.0002712 -0.0040381 0.0145000
v -0.0024794 -0.0032254 0.0145000
v -0.0039199 -0.0010860 0.0145000
v -0.0009704 -0.0055677 0.0145000
v -0.0002206 -0.0049609 0.0145000
v 0.0008145 -0.0052859 0.0145000
v 0.0009926 -0.0063962 0.0145000
v 0.0002077 -0.0070439 0.0145000
v -0.0008547 -0.0066738 0.0145000
v -0.0055950 0.0009777 0.0145000
v -0.0050555 0.0004354 0.0145000
v -0.0050552 -0.0005622 0.0145000
v -0.0060694 -0.0010540 0.0145000
v -0.0069407 -0.0005268 0.0145000
v -0.0069528 0.0004392 0.0145000
v -0.0064125 0.0009611 0.0145000
v 0.0009233 0.0054983 0.0145000
v 0.0000570 0.0049104 0.0145000
v -0.0009287 0.0054799 0.0145000
v -0.0009050 0.0066047 0.0145000
v 0.0001113 0.0070565 0.0145000
v 0.0009710 0.0064630 0.0145000
v -0.0065903 -0.0051498 0.0145000
v -0.0055848 -0.0045597 0.0145000
v -0.0047009 -0.0052162 0.0145000
v -0.0046862 -0.0060736 0.0145000
v -0.0051864 -0.0065802 0.0145000
v -0.0060300 -0.0066684 0.0145000
v -0.0066501 -0.0059796 0.0145000
v -0.0051361 0.0066157 0.0145000
v -0.0046006 0.0056704 0.0145000
v -0.0051114 0.0047119 0.0145000
v -0.0061586 0.0047335 0.0145000
v -0.0067275 0.0055301 0.0145000
v -0.0062838 0.0065197 0.0145000
v 0.0066853 0.0052925 0.0145000
v 0.0057545 0.0045926 0.0145000
v 0.0049267 0.0049080 0.0145000
v 0.0045845 0.0058996 0.0145000
v 0.0053332 0.0066531 0.0145000
v 0.0063307 0.0065116 0.0145000
v 0.0050842 -0.0065380 0.0145000
v 0.0046157 -0.0058355 0.0145000
v 0.0048094 -0.0050412 0.0145000
v 0.0056147 -0.0045843 0.0145000
v 0.0064835 -0.0050052 0.0145000
v 0.0066943 -0.0056698 0.0145000
v 0.0064587 -0.0063417 0.0145000
v 0.0057923 -0.0066895 0.0145000
v 0.0030138 -0.0100687 0.0145000
v 0.0020683 -0.0095377 0.0145000
v 0.0020713 -0.0084799 0.0145000
v 0.0027562 -0.0079845 0.0145000
v 0.0035017 -0.0080767 0.0145000
v 0.0040439 -0.0087923 0.0145000
v 0.0038239 -0.0096495 0.0145000
v -0.0032334 -0.0100302 0.0145000
v -0.0040657 -0.0092705 0.0145000
v -0.0037489 -0.0082699 0.0145000
v -0.0027866 -0.0079272 0.0145000
v -0.0020095 -0.0086489 0.0145000
v -0.0021661 -0.0097122 0.0145000
v 0.0025677 0.0080296 0.0145000
v 0.0020095 0.0086642 0.0145000
v 0.0020713 0.0095201 0.0145000
v 0.0029579 0.0100725 0.0145000
v 0.0039407 0.0095268 0.0145000
v 0.0039350 0.0085084 0.0145000
v 0.0033600 0.0080242 0.0145000
v -0.0034323 0.0080296 0.0145000
v -0.0039905 0.0086642 0.0145000
v -0.0039713 0.0093879 0.0145000
v -0.0031861 0.0100836 0.0145000
v -0.0020593 0.0095268 0.0145000
v -0.0020650 0.0085084 0.0145000
v -0.0026400 0.0080242 0.0145000
v 0.0087102 -0.0083977 0.0145000
v 0.0081319 -0.0088330 0.0145000
v 0.0074558 -0.0086038 0.0145000
v 0.0071659 -0.0080108 0.0145000
v 0.0075803 -0.0072728 0.0145000
v 0.0083439 -0.0072539 0.0145000
v 0.0087964 -0.0077754 0.0145000
v 0.0072335 -0.0076709 0.0175000
v 0.0079446 -0.0071564 0.0175000
v 0.0086732 -0.0075240 0.0175000
v 0.0087917 -0.0082572 0.0175000
v 0.0087102 -0.0083977 0.0145000
v 0.0071659 -0.0080108 0.0145000
v 0.0075803 -0.0072728 0.0145000
v 0.0083439 -0.0072539 0.0145000
v 0.0087964 -0.0077754 0.0145000
v 0.0072335 -0.0076709 0.0175000
v 0.0073916 -0.0086084 0.0175000
v 0.0074558 -0.0086038 0.0145000
v 0.0071659 -0.0080108 0.0145000
v 0.0082648 -0.0087808 0.0175000
v 0.0073916 -0.0086084 0.0175000
v 0.0081319 -0.0088330 0.0145000
v 0.0074558 -0.0086038 0.0145000
v 0.0087917 -0.0082572 0.0175000
v 0.0082648 -0.0087808 0.0175000
v 0.0087102 -0.0083977 0.0145000
v 0.0081319 -0.0088330 0.0145000
v -0.0077394 -0.0071978 0.0175000
v -0.0071744 -0.0078692 0.0175000
v -0.0075734 -0.0072832 0.0145000
v -0.0071502 -0.0081346 0.0145000
v -0.0087129 -0.0075101 0.0175000
v -0.0077394 -0.0071978 0.0175000
v -0.0088469 -0.0079109 0.0145000
v -0.0083253 -0.0072424 0.0145000
v -0.0075734 -0.0072832 0.0145000
v -0.0087129 -0.0075101 0.0175000
v -0.0071744 -0.0078692 0.0175000
v -0.0074665 -0.0086412 0.0175000
v -0.0082246 -0.0087964 0.0175000
v -0.0087284 -0.0083712 0.0175000
v -0.0078158 -0.0088136 0.0145000
v -0.0085069 -0.0086431 0.0145000
v -0.0088469 -0.0079109 0.0145000
v -0.0071502 -0.0081346 0.0145000
v 0.0084695 0.0086834 0.0175000
v 0.0087991 0.0081485 0.0175000
v 0.0083129 0.0087553 0.0145000
v 0.0088063 0.0082274 0.0145000
v 0.0073393 0.0084931 0.0175000
v 0.0078515 0.0087991 0.0175000
v 0.0084695 0.0086834 0.0175000
v 0.0074557 0.0086723 0.0145000
v 0.0083129 0.0087553 0.0145000
v 0.0073393 0.0084931 0.0175000
v 0.0072399 0.0075872 0.0175000
v 0.0072036 0.0077754 0.0145000
v 0.0074557 0.0086723 0.0145000
v 0.0079896 0.0071838 0.0175000
v 0.0072399 0.0075872 0.0175000
v 0.0077030 0.0072259 0.0145000
v 0.0072036 0.0077754 0.0145000
v 0.0086526 0.0074717 0.0175000
v 0.0079896 0.0071838 0.0175000
v 0.0085504 0.0073556 0.0145000
v 0.0077030 0.0072259 0.0145000
v 0.0087991 0.0081485 0.0175000
v 0.0086526 0.0074717 0.0175000
v 0.0085504 0.0073556 0.0145000
v 0.0088063 0.0082274 0.0145000
v -0.0084059 0.0087248 0.0175000
v -0.0075803 0.0087272 0.0175000
v -0.0071773 0.0080541 0.0175000
v -0.0088371 0.0080329 0.0175000
v -0.0088063 0.0077726 0.0145000
v -0.0086505 0.0084995 0.0145000
v -0.0080432 0.0088280 0.0145000
v -0.0072625 0.0084257 0.0145000
v -0.0084931 0.0073393 0.0175000
v -0.0088371 0.0080329 0.0175000
v -0.0082648 0.0072192 0.0145000
v -0.0088063 0.0077726 0.0145000
v -0.0075872 0.0072399 0.0175000
v -0.0084931 0.0073393 0.0175000
v -0.0073916 0.0073916 0.0145000
v -0.0082648 0.0072192 0.0145000
v -0.0071773 0.0080541 0.0175000
v -0.0075872 0.0072399 0.0175000
v -0.0073916 0.0073916 0.0145000
v -0.0072625 0.0084257 0.0145000
v 0.0039242 0.0010921 0.0160000
v 0.0039199 0.0010860 0.0145000
v 0.0038553 -0.0011319 0.0160000
v 0.0039063 -0.0009638 0.0145000
v 0.0031633 -0.0025043 0.0145000
v 0.0038476 -0.0011547 0.0171630
v 0.0036838 -0.0015894 0.0171219
v -0.0021786 -0.0037822 0.0174789
v -0.0030261 -0.0046406 0.0175000
v -0.0029336 -0.0050354 0.0160000
v -0.0021121 -0.0034551 0.0160000
v -0.0020192 -0.0034973 0.0172406
v -0.0030261 -0.0046406 0.0175000
v -0.0046805 -0.0030145 0.0175000
v -0.0050959 -0.0029467 0.0160000
v -0.0038159 -0.0035547 0.0160000
v -0.0029336 -0.0050354 0.0160000
v -0.0046805 -0.0030145 0.0175000
v -0.0034706 -0.0020194 0.0160000
v -0.0050959 -0.0029467 0.0160000
v -0.0035157 -0.0020293 0.0172779
v -0.0038101 -0.0021990 0.0174900
v -0.0060000 -0.0023094 0.0175000
v -0.0050000 -0.0017321 0.0175000
v -0.0040806 -0.0011922 0.0174535
v -0.0038741 -0.0011716 0.0171939
v -0.0039242 -0.0010921 0.0160000
v -0.0052564 -0.0017879 0.0160006
v -0.0060000 -0.0023094 0.0160000
v -0.0047984 -0.0015812 0.0160007
v -0.0038553 0.0011319 0.0160000
v -0.0039242 -0.0010921 0.0160000
v -0.0052564 -0.0017879 0.0160006
v -0.0060000 -0.0023094 0.0160000
v -0.0047984 -0.0015812 0.0160007
v -0.0052464 0.0018053 0.0160010
v -0.0060000 0.0023094 0.0160000
v -0.0080000 0.0011547 0.0160000
v -0.0079202 0.0002500 0.0160006
v -0.0079602 -0.0002500 0.0160006
v -0.0080000 -0.0011547 0.0160000
v -0.0047984 0.0015812 0.0160007
v -0.0054918 0.0009075 0.0160000
v -0.0049997 0.0003393 0.0160000
v -0.0051968 -0.0007425 0.0160000
v -0.0062878 -0.0010204 0.0160000
v -0.0068778 -0.0005530 0.0160000
v -0.0070344 0.0003213 0.0160000
v -0.0062470 0.0010290 0.0160000
v -0.0060694 -0.0010540 0.0145000
v -0.0069407 -0.0005268 0.0145000
v -0.0062878 -0.0010204 0.0160000
v -0.0068778 -0.0005530 0.0160000
v -0.0069407 -0.0005268 0.0145000
v -0.0069528 0.0004392 0.0145000
v -0.0068778 -0.0005530 0.0160000
v -0.0070344 0.0003213 0.0160000
v -0.0069528 0.0004392 0.0145000
v -0.0064125 0.0009611 0.0145000
v -0.0070344 0.0003213 0.0160000
v -0.0062470 0.0010290 0.0160000
v -0.0055950 0.0009777 0.0145000
v -0.0064125 0.0009611 0.0145000
v -0.0054918 0.0009075 0.0160000
v -0.0062470 0.0010290 0.0160000
v -0.0055950 0.0009777 0.0145000
v -0.0050555 0.0004354 0.0145000
v -0.0054918 0.0009075 0.0160000
v -0.0049997 0.0003393 0.0160000
v -0.0050555 0.0004354 0.0145000
v -0.0050552 -0.0005622 0.0145000
v -0.0049997 0.0003393 0.0160000
v -0.0051968 -0.0007425 0.0160000
v -0.0050552 -0.0005622 0.0145000
v -0.0060694 -0.0010540 0.0145000
v -0.0051968 -0.0007425 0.0160000
v -0.0062878 -0.0010204 0.0160000
v -0.0050000 0.0017321 0.0175000
v -0.0060000 0.0023094 0.0175000
v -0.0038476 0.0011547 0.0171630
v -0.0038553 0.0011319 0.0160000
v -0.0040699 0.0011899 0.0174297
v -0.0052464 0.0018053 0.0160010
v -0.0060000 0.0023094 0.0160000
v -0.0047984 0.0015812 0.0160007
v -0.0060000 0.0023094 0.0175000
v -0.0080000 0.0011547 0.0175000
v -0.0060000 0.0023094 0.0160000
v -0.0080000 0.0011547 0.0160000
v -0.0080000 0.0011547 0.0175000
v -0.0080000 0.0000000 0.0175000
v -0.0080000 -0.0011547 0.0175000
v -0.0080000 0.0011547 0.0160000
v -0.0079202 0.0002500 0.0160006
v -0.0079602 -0.0002500 0.0160006
v -0.0080000 -0.0011547 0.0160000
v -0.0080000 -0.0011547 0.0175000
v -0.0060000 -0.0023094 0.0175000
v -0.0060000 -0.0023094 0.0160000
v -0.0080000 -0.0011547 0.0160000
v -0.0017321 -0.0050000 0.0175000
v -0.0023094 -0.0060000 0.0175000
v -0.0010921 -0.0039242 0.0160000
v -0.0015812 -0.0047984 0.0160007
v -0.0018053 -0.0052464 0.0160010
v -0.0023094 -0.0060000 0.0160000
v -0.0011613 -0.0038662 0.0171473
v -0.0011899 -0.0040699 0.0174297
v -0.0023094 -0.0060000 0.0175000
v -0.0019346 -0.0067079 0.0175000
v -0.0023094 -0.0060000 0.0160000
v -0.0019360 -0.0067071 0.0160000
v -0.0021107 -0.0069781 0.0175000
v -0.0019346 -0.0067079 0.0175000
v -0.0019360 -0.0067071 0.0160000
v -0.0021095 -0.0069787 0.0160000
v 0.0043285 -0.0068477 0.0175000
v 0.0030000 -0.0070000 0.0175000
v 0.0021326 -0.0069854 0.0175000
v 0.0043382 -0.0068780 0.0160000
v 0.0032500 -0.0070798 0.0160006
v 0.0027500 -0.0070398 0.0160007
v 0.0020876 -0.0069698 0.0160000
v -0.0021107 -0.0069781 0.0175000
v -0.0030000 -0.0070000 0.0175000
v -0.0043300 -0.0068827 0.0175000
v -0.0021095 -0.0069787 0.0160000
v -0.0027500 -0.0070798 0.0160007
v -0.0032500 -0.0070398 0.0160006
v -0.0043196 -0.0068504 0.0160000
v 0.0049136 -0.0073030 0.0175000
v 0.0063738 -0.0072934 0.0175000
v 0.0047382 -0.0072412 0.0160000
v 0.0062030 -0.0073772 0.0160000
v 0.0071519 -0.0065968 0.0175000
v 0.0063738 -0.0072934 0.0175000
v 0.0062030 -0.0073772 0.0160000
v 0.0073976 -0.0062108 0.0160000
v 0.0038693 -0.0058244 0.0175000
v 0.0042485 -0.0045575 0.0175000
v 0.0052275 -0.0039330 0.0175000
v 0.0065210 -0.0040722 0.0175000
v 0.0074502 -0.0053748 0.0175000
v 0.0071519 -0.0065968 0.0175000
v 0.0073976 -0.0062108 0.0160000
v 0.0071630 -0.0046958 0.0160000
v 0.0061614 -0.0039429 0.0160000
v 0.0046196 -0.0041483 0.0160000
v 0.0038429 -0.0057292 0.0160000
v 0.0043285 -0.0068477 0.0175000
v 0.0038693 -0.0058244 0.0175000
v 0.0038429 -0.0057292 0.0160000
v 0.0043382 -0.0068780 0.0160000
v 0.0053094 -0.0090000 0.0175000
v 0.0045206 -0.0076337 0.0175000
v 0.0053094 -0.0090000 0.0160000
v 0.0047382 -0.0072412 0.0160000
v 0.0041547 -0.0110000 0.0175000
v 0.0047321 -0.0100000 0.0175000
v 0.0053094 -0.0090000 0.0175000
v 0.0041547 -0.0110000 0.0160000
v 0.0045553 -0.0101866 0.0160010
v 0.0048226 -0.0097636 0.0160006
v 0.0053094 -0.0090000 0.0160000
v 0.0018453 -0.0110000 0.0175000
v 0.0041547 -0.0110000 0.0175000
v 0.0018453 -0.0110000 0.0160000
v 0.0041547 -0.0110000 0.0160000
v 0.0006906 -0.0090000 0.0175000
v 0.0012679 -0.0100000 0.0175000
v 0.0018453 -0.0110000 0.0175000
v 0.0006906 -0.0090000 0.0160000
v 0.0011947 -0.0097536 0.0160005
v 0.0014447 -0.0101866 0.0160010
v 0.0018453 -0.0110000 0.0160000
v 0.0010671 -0.0082681 0.0175000
v 0.0006906 -0.0090000 0.0175000
v 0.0010581 -0.0083280 0.0160000
v 0.0006906 -0.0090000 0.0160000
v 0.0010671 -0.0082681 0.0175000
v 0.0008674 -0.0080146 0.0175000
v 0.0009239 -0.0080348 0.0160000
v 0.0010581 -0.0083280 0.0160000
v -0.0008547 -0.0080122 0.0175000
v -0.0000000 -0.0080000 0.0175000
v 0.0008674 -0.0080146 0.0175000
v -0.0009021 -0.0080251 0.0160000
v -0.0000000 -0.0079402 0.0160008
v 0.0009239 -0.0080348 0.0160000
v -0.0008547 -0.0080122 0.0175000
v -0.0010696 -0.0082546 0.0175000
v -0.0010620 -0.0083050 0.0160000
v -0.0009021 -0.0080251 0.0160000
v -0.0006906 -0.0090000 0.0175000
v -0.0010696 -0.0082546 0.0175000
v -0.0006906 -0.0090000 0.0160000
v -0.0010620 -0.0083050 0.0160000
v -0.0018453 -0.0110000 0.0175000
v -0.0012679 -0.0100000 0.0175000
v -0.0006906 -0.0090000 0.0175000
v -0.0018453 -0.0110000 0.0160000
v -0.0014621 -0.0101766 0.0160006
v -0.0011774 -0.0097636 0.0160006
v -0.0006906 -0.0090000 0.0160000
v -0.0041547 -0.0110000 0.0175000
v -0.0018453 -0.0110000 0.0175000
v -0.0041547 -0.0110000 0.0160000
v -0.0018453 -0.0110000 0.0160000
v -0.0053094 -0.0090000 0.0175000
v -0.0047321 -0.0100000 0.0175000
v -0.0041547 -0.0110000 0.0175000
v -0.0053094 -0.0090000 0.0160000
v -0.0048053 -0.0097536 0.0160005
v -0.0045553 -0.0101866 0.0160010
v -0.0041547 -0.0110000 0.0160000
v -0.0047356 -0.0072327 0.0175000
v -0.0053094 -0.0090000 0.0175000
v -0.0045206 -0.0076337 0.0160000
v -0.0053094 -0.0090000 0.0160000
v -0.0043300 -0.0068827 0.0175000
v -0.0047356 -0.0072327 0.0175000
v -0.0059960 -0.0074403 0.0175000
v -0.0071385 -0.0066412 0.0175000
v -0.0074362 -0.0054959 0.0175000
v -0.0069803 -0.0044786 0.0175000
v -0.0060015 -0.0039009 0.0175000
v -0.0046149 -0.0041830 0.0175000
v -0.0039851 -0.0051038 0.0175000
v -0.0039209 -0.0060793 0.0175000
v -0.0043196 -0.0068504 0.0160000
v -0.0039007 -0.0058929 0.0160000
v -0.0040920 -0.0047947 0.0160000
v -0.0050225 -0.0039895 0.0160000
v -0.0062530 -0.0039726 0.0160000
v -0.0072540 -0.0048368 0.0160000
v -0.0073837 -0.0060839 0.0160000
v -0.0068400 -0.0069760 0.0160000
v -0.0059632 -0.0074021 0.0160000
v -0.0048587 -0.0072531 0.0160000
v 0.0019329 -0.0067319 0.0175000
v 0.0021326 -0.0069854 0.0175000
v 0.0020876 -0.0069698 0.0160000
v 0.0019392 -0.0066838 0.0160000
v 0.0019329 -0.0067319 0.0175000
v 0.0023094 -0.0060000 0.0175000
v 0.0023094 -0.0060000 0.0160000
v 0.0019392 -0.0066838 0.0160000
v 0.0023094 -0.0060000 0.0175000
v 0.0017321 -0.0050000 0.0175000
v 0.0011922 -0.0040806 0.0174535
v 0.0023094 -0.0060000 0.0160000
v 0.0017879 -0.0052564 0.0160006
v 0.0015812 -0.0047984 0.0160007
v 0.0011319 -0.0038553 0.0160000
v 0.0011716 -0.0038741 0.0171939
v 0.0029514 -0.0050960 0.0175000
v 0.0021121 -0.0034551 0.0160000
v 0.0029384 -0.0050646 0.0160000
v 0.0020293 -0.0035157 0.0172779
v 0.0021990 -0.0038101 0.0174900
v 0.0029514 -0.0050960 0.0175000
v 0.0047608 -0.0029927 0.0175000
v 0.0033917 -0.0040546 0.0175000
v 0.0029384 -0.0050646 0.0160000
v 0.0038537 -0.0034890 0.0160000
v 0.0051186 -0.0029558 0.0160000
v 0.0047608 -0.0029927 0.0175000
v 0.0037824 -0.0021783 0.0174789
v 0.0051186 -0.0029558 0.0160000
v 0.0034706 -0.0020194 0.0160000
v 0.0034973 -0.0020192 0.0172406
v 0.0050000 -0.0017321 0.0175000
v 0.0060000 -0.0023094 0.0175000
v 0.0052464 -0.0018053 0.0160010
v 0.0060000 -0.0023094 0.0160000
v 0.0038553 -0.0011319 0.0160000
v 0.0047984 -0.0015812 0.0160007
v 0.0038476 -0.0011547 0.0171630
v 0.0040699 -0.0011899 0.0174297
v 0.0060000 -0.0023094 0.0175000
v 0.0080000 -0.0011547 0.0175000
v 0.0060000 -0.0023094 0.0160000
v 0.0080000 -0.0011547 0.0160000
v 0.0080000 -0.0011547 0.0175000
v 0.0080000 0.0000000 0.0175000
v 0.0080000 0.0011547 0.0175000
v 0.0080000 -0.0011547 0.0160000
v 0.0079202 -0.0002500 0.0160006
v 0.0079602 0.0002500 0.0160006
v 0.0080000 0.0011547 0.0160000
v 0.0080000 0.0011547 0.0175000
v 0.0060000 0.0023094 0.0175000
v 0.0060000 0.0023094 0.0160000
v 0.0080000 0.0011547 0.0160000
v 0.0010462 -0.0063098 0.0160000
v 0.0002848 -0.0070098 0.0160000
v 0.0009926 -0.0063962 0.0145000
v 0.0002077 -0.0070439 0.0145000
v 0.0002848 -0.0070098 0.0160000
v -0.0007425 -0.0068032 0.0160000
v 0.0002077 -0.0070439 0.0145000
v -0.0008547 -0.0066738 0.0145000
v -0.0007425 -0.0068032 0.0160000
v -0.0010043 -0.0056146 0.0160000
v -0.0009704 -0.0055677 0.0145000
v -0.0008547 -0.0066738 0.0145000
v -0.0002334 -0.0049698 0.0160000
v -0.0010043 -0.0056146 0.0160000
v -0.0009704 -0.0055677 0.0145000
v -0.0002206 -0.0049609 0.0145000
v -0.0002334 -0.0049698 0.0160000
v 0.0007045 -0.0051963 0.0160000
v -0.0002206 -0.0049609 0.0145000
v 0.0008145 -0.0052859 0.0145000
v 0.0007045 -0.0051963 0.0160000
v 0.0010462 -0.0063098 0.0160000
v 0.0008145 -0.0052859 0.0145000
v 0.0009926 -0.0063962 0.0145000
v -0.0010971 0.0060720 0.0160000
v -0.0003805 0.0069918 0.0160000
v -0.0009050 0.0066047 0.0145000
v 0.0001113 0.0070565 0.0145000
v -0.0003805 0.0069918 0.0160000
v 0.0007425 0.0068032 0.0160000
v 0.0001113 0.0070565 0.0145000
v 0.0009710 0.0064630 0.0145000
v 0.0010043 0.0056146 0.0160000
v 0.0007425 0.0068032 0.0160000
v 0.0009233 0.0054983 0.0145000
v 0.0009710 0.0064630 0.0145000
v 0.0010043 0.0056146 0.0160000
v 0.0002334 0.0049698 0.0160000
v 0.0009233 0.0054983 0.0145000
v 0.0000570 0.0049104 0.0145000
v 0.0002334 0.0049698 0.0160000
v -0.0005829 0.0051277 0.0160000
v -0.0010971 0.0060720 0.0160000
v 0.0000570 0.0049104 0.0145000
v -0.0009287 0.0054799 0.0145000
v -0.0009050 0.0066047 0.0145000
v -0.0046245 -0.0054515 0.0160000
v -0.0047494 -0.0061651 0.0160000
v -0.0047009 -0.0052162 0.0145000
v -0.0046862 -0.0060736 0.0145000
v -0.0047494 -0.0061651 0.0160000
v -0.0053176 -0.0066572 0.0160000
v -0.0046862 -0.0060736 0.0145000
v -0.0051864 -0.0065802 0.0145000
v -0.0053176 -0.0066572 0.0160000
v -0.0061586 -0.0065802 0.0160000
v -0.0051864 -0.0065802 0.0145000
v -0.0060300 -0.0066684 0.0145000
v -0.0061586 -0.0065802 0.0160000
v -0.0066165 -0.0060544 0.0160000
v -0.0060300 -0.0066684 0.0145000
v -0.0066501 -0.0059796 0.0145000
v -0.0066597 -0.0053310 0.0160000
v -0.0066165 -0.0060544 0.0160000
v -0.0065903 -0.0051498 0.0145000
v -0.0066501 -0.0059796 0.0145000
v -0.0066597 -0.0053310 0.0160000
v -0.0060975 -0.0047009 0.0160000
v -0.0051726 -0.0047065 0.0160000
v -0.0065903 -0.0051498 0.0145000
v -0.0055848 -0.0045597 0.0145000
v -0.0051726 -0.0047065 0.0160000
v -0.0046245 -0.0054515 0.0160000
v -0.0055848 -0.0045597 0.0145000
v -0.0047009 -0.0052162 0.0145000
v -0.0046838 0.0051450 0.0160000
v -0.0056704 0.0046006 0.0160000
v -0.0063734 0.0049011 0.0160000
v -0.0067255 0.0056707 0.0160000
v -0.0051114 0.0047119 0.0145000
v -0.0061586 0.0047335 0.0145000
v -0.0067275 0.0055301 0.0145000
v -0.0067255 0.0056707 0.0160000
v -0.0061008 0.0066536 0.0160000
v -0.0067275 0.0055301 0.0145000
v -0.0062838 0.0065197 0.0145000
v -0.0048811 0.0064128 0.0160000
v -0.0061008 0.0066536 0.0160000
v -0.0051361 0.0066157 0.0145000
v -0.0062838 0.0065197 0.0145000
v -0.0048811 0.0064128 0.0160000
v -0.0046838 0.0051450 0.0160000
v -0.0051361 0.0066157 0.0145000
v -0.0046006 0.0056704 0.0145000
v 0.0046708 0.0051705 0.0160000
v 0.0047494 0.0061651 0.0160000
v 0.0049267 0.0049080 0.0145000
v 0.0045845 0.0058996 0.0145000
v 0.0047494 0.0061651 0.0160000
v 0.0053176 0.0066572 0.0160000
v 0.0045845 0.0058996 0.0145000
v 0.0053332 0.0066531 0.0145000
v 0.0053176 0.0066572 0.0160000
v 0.0061586 0.0065802 0.0160000
v 0.0053332 0.0066531 0.0145000
v 0.0063307 0.0065116 0.0145000
v 0.0061586 0.0065802 0.0160000
v 0.0067275 0.0057836 0.0160000
v 0.0066853 0.0052925 0.0145000
v 0.0063307 0.0065116 0.0145000
v 0.0063870 0.0049080 0.0160000
v 0.0056433 0.0046006 0.0160000
v 0.0067275 0.0057836 0.0160000
v 0.0066853 0.0052925 0.0145000
v 0.0057545 0.0045926 0.0145000
v 0.0056433 0.0046006 0.0160000
v 0.0046708 0.0051705 0.0160000
v 0.0057545 0.0045926 0.0145000
v 0.0049267 0.0049080 0.0145000
v 0.0057289 -0.0045597 0.0160000
v 0.0066487 -0.0052764 0.0160000
v 0.0056147 -0.0045843 0.0145000
v 0.0064835 -0.0050052 0.0145000
v 0.0066487 -0.0052764 0.0160000
v 0.0065592 -0.0062098 0.0160000
v 0.0064835 -0.0050052 0.0145000
v 0.0066943 -0.0056698 0.0145000
v 0.0064587 -0.0063417 0.0145000
v 0.0065592 -0.0062098 0.0160000
v 0.0057269 -0.0067233 0.0160000
v 0.0064587 -0.0063417 0.0145000
v 0.0057923 -0.0066895 0.0145000
v 0.0047072 -0.0061887 0.0160000
v 0.0057269 -0.0067233 0.0160000
v 0.0050842 -0.0065380 0.0145000
v 0.0046157 -0.0058355 0.0145000
v 0.0057923 -0.0066895 0.0145000
v 0.0047072 -0.0061887 0.0160000
v 0.0047492 -0.0051165 0.0160000
v 0.0046157 -0.0058355 0.0145000
v 0.0048094 -0.0050412 0.0145000
v 0.0047492 -0.0051165 0.0160000
v 0.0057289 -0.0045597 0.0160000
v 0.0048094 -0.0050412 0.0145000
v 0.0056147 -0.0045843 0.0145000
v 0.0025677 -0.0080296 0.0160000
v 0.0036092 -0.0081134 0.0160000
v 0.0027562 -0.0079845 0.0145000
v 0.0035017 -0.0080767 0.0145000
v 0.0036092 -0.0081134 0.0160000
v 0.0040673 -0.0092267 0.0160000
v 0.0035017 -0.0080767 0.0145000
v 0.0040439 -0.0087923 0.0145000
v 0.0040673 -0.0092267 0.0160000
v 0.0030720 -0.0100971 0.0160000
v 0.0030138 -0.0100687 0.0145000
v 0.0038239 -0.0096495 0.0145000
v 0.0020665 -0.0095071 0.0160000
v 0.0030720 -0.0100971 0.0160000
v 0.0030138 -0.0100687 0.0145000
v 0.0020683 -0.0095377 0.0145000
v 0.0020665 -0.0095071 0.0160000
v 0.0020095 -0.0086642 0.0160000
v 0.0020683 -0.0095377 0.0145000
v 0.0020713 -0.0084799 0.0145000
v 0.0020095 -0.0086642 0.0160000
v 0.0025677 -0.0080296 0.0160000
v 0.0020713 -0.0084799 0.0145000
v 0.0027562 -0.0079845 0.0145000
v -0.0031556 -0.0079280 0.0160000
v -0.0021982 -0.0083152 0.0160000
v -0.0019623 -0.0092927 0.0160000
v -0.0027866 -0.0079272 0.0145000
v -0.0020095 -0.0086489 0.0145000
v -0.0021661 -0.0097122 0.0145000
v -0.0019623 -0.0092927 0.0160000
v -0.0029280 -0.0100971 0.0160000
v -0.0032334 -0.0100302 0.0145000
v -0.0021661 -0.0097122 0.0145000
v -0.0038449 -0.0096139 0.0160000
v -0.0029280 -0.0100971 0.0160000
v -0.0032334 -0.0100302 0.0145000
v -0.0040657 -0.0092705 0.0145000
v -0.0038449 -0.0096139 0.0160000
v -0.0040377 -0.0087073 0.0160000
v -0.0031556 -0.0079280 0.0160000
v -0.0040657 -0.0092705 0.0145000
v -0.0037489 -0.0082699 0.0145000
v -0.0027866 -0.0079272 0.0145000
v 0.0025985 0.0100060 0.0160000
v 0.0035082 0.0099075 0.0160000
v 0.0040003 0.0093393 0.0160000
v 0.0029579 0.0100725 0.0145000
v 0.0039407 0.0095268 0.0145000
v 0.0040003 0.0093393 0.0160000
v 0.0038032 0.0082575 0.0160000
v 0.0039407 0.0095268 0.0145000
v 0.0039350 0.0085084 0.0145000
v 0.0026704 0.0079856 0.0160000
v 0.0038032 0.0082575 0.0160000
v 0.0025677 0.0080296 0.0145000
v 0.0039350 0.0085084 0.0145000
v 0.0033600 0.0080242 0.0145000
v 0.0026704 0.0079856 0.0160000
v 0.0020745 0.0085284 0.0160000
v 0.0019720 0.0092182 0.0160000
v 0.0025677 0.0080296 0.0145000
v 0.0020095 0.0086642 0.0145000
v 0.0020713 0.0095201 0.0145000
v 0.0019720 0.0092182 0.0160000
v 0.0025985 0.0100060 0.0160000
v 0.0020713 0.0095201 0.0145000
v 0.0029579 0.0100725 0.0145000
v -0.0028285 0.0100831 0.0160000
v -0.0019997 0.0093393 0.0160000
v -0.0031861 0.0100836 0.0145000
v -0.0020593 0.0095268 0.0145000
v -0.0019997 0.0093393 0.0160000
v -0.0020667 0.0085245 0.0160000
v -0.0020593 0.0095268 0.0145000
v -0.0020650 0.0085084 0.0145000
v -0.0020667 0.0085245 0.0160000
v -0.0028444 0.0079280 0.0160000
v -0.0020650 0.0085084 0.0145000
v -0.0026400 0.0080242 0.0145000
v -0.0037165 0.0082442 0.0160000
v -0.0040540 0.0089306 0.0160000
v -0.0037866 0.0096893 0.0160000
v -0.0028285 0.0100831 0.0160000
v -0.0028444 0.0079280 0.0160000
v -0.0034323 0.0080296 0.0145000
v -0.0039905 0.0086642 0.0145000
v -0.0039713 0.0093879 0.0145000
v -0.0031861 0.0100836 0.0145000
v -0.0026400 0.0080242 0.0145000
v -0.0100000 -0.0115000 0.0175000
v -0.0100000 0.0115000 0.0175000
v -0.0099130 0.0132351 0.0145036
v -0.0099323 -0.0131923 0.0145046
v -0.0098958 -0.0142885 0.0155466
v -0.0099025 -0.0128000 0.0176373
v -0.0099444 -0.0115000 0.0200874
v -0.0099622 0.0140962 0.0174867
v -0.0099020 0.0142878 0.0155743
v -0.0099703 -0.0140973 0.0174636
v -0.0098786 -0.0128000 0.0203818
v -0.0099025 0.0128000 0.0176373
v -0.0099515 0.0128000 0.0200707
v -0.0098667 0.0115000 0.0203990
v 0.0099131 -0.0132353 0.0145038
v -0.0099323 -0.0131923 0.0145046
v -0.0098958 -0.0142885 0.0155466
v 0.0099020 -0.0142878 0.0155743
v -0.0098958 -0.0142885 0.0155466
v 0.0099020 -0.0142878 0.0155743
v -0.0097335 -0.0143021 0.0174700
v -0.0061813 -0.0142986 0.0186241
v -0.0073926 -0.0142996 0.0176073
v -0.0056239 -0.0143000 0.0206147
v -0.0059694 -0.0143023 0.0205710
v 0.0032163 -0.0142995 0.0190189
v -0.0007159 -0.0142296 0.0186304
v -0.0036119 -0.0142998 0.0192305
v 0.0058677 -0.0143103 0.0206666
v 0.0074274 -0.0142997 0.0176045
v 0.0061857 -0.0142981 0.0185900
v 0.0097350 -0.0143019 0.0174755
v 0.0061563 -0.0128000 0.0207086
v 0.0063466 -0.0128000 0.0187817
v 0.0073721 -0.0128000 0.0178233
v 0.0099025 -0.0128000 0.0176373
v 0.0061752 -0.0141063 0.0206605
v 0.0076411 -0.0141014 0.0177710
v 0.0067321 -0.0140988 0.0182430
v 0.0062720 -0.0140994 0.0191439
v 0.0096481 -0.0140979 0.0177356
v -0.0098958 -0.0142885 0.0155466
v -0.0099025 -0.0128000 0.0176373
v -0.0097335 -0.0143021 0.0174700
v -0.0073926 -0.0142996 0.0176073
v -0.0096612 -0.0140967 0.0177336
v -0.0099703 -0.0140973 0.0174636
v -0.0067987 -0.0140991 0.0181893
v -0.0076439 -0.0140994 0.0177720
v -0.0099025 -0.0128000 0.0176373
v -0.0076214 -0.0128000 0.0177763
v -0.0067767 -0.0128000 0.0182096
v -0.0062832 -0.0128000 0.0190751
v -0.0062155 -0.0128000 0.0205725
v -0.0056993 -0.0128000 0.0208756
v -0.0062404 -0.0128000 0.0214485
v -0.0086400 -0.0128000 0.0214337
v -0.0098786 -0.0128000 0.0203818
v -0.0090374 -0.0128000 0.0195129
v -0.0087459 -0.0128000 0.0202654
v -0.0078214 -0.0128000 0.0205411
v -0.0070415 -0.0128000 0.0199729
v -0.0070514 -0.0128000 0.0190479
v -0.0078309 -0.0128000 0.0184327
v -0.0088047 -0.0128000 0.0188127
v 0.0099416 -0.0128000 0.0201231
v 0.0088818 -0.0128000 0.0213786
v 0.0062326 -0.0128000 0.0214432
v 0.0055679 -0.0128000 0.0208191
v 0.0061563 -0.0128000 0.0207086
v 0.0063466 -0.0128000 0.0187817
v 0.0073721 -0.0128000 0.0178233
v 0.0099025 -0.0128000 0.0176373
v 0.0072541 -0.0128000 0.0202654
v 0.0083054 -0.0128000 0.0205315
v 0.0090932 -0.0128000 0.0195860
v 0.0085634 -0.0128000 0.0186065
v 0.0078505 -0.0128000 0.0184733
v 0.0071953 -0.0128000 0.0188127
v 0.0069626 -0.0128000 0.0195129
v 0.0072541 -0.0128000 0.0202654
v 0.0090932 -0.0128000 0.0195860
v 0.0085634 -0.0128000 0.0186065
v 0.0078505 -0.0128000 0.0184733
v 0.0071953 -0.0128000 0.0188127
v 0.0069626 -0.0128000 0.0195129
v 0.0089704 -0.0115000 0.0190677
v 0.0082981 -0.0115000 0.0184923
v 0.0075370 -0.0115000 0.0185622
v 0.0069641 -0.0115000 0.0192371
v 0.0071665 -0.0115000 0.0201400
v 0.0072541 -0.0128000 0.0202654
v 0.0083054 -0.0128000 0.0205315
v 0.0071665 -0.0115000 0.0201400
v 0.0079446 -0.0115000 0.0205609
v 0.0083054 -0.0128000 0.0205315
v 0.0090932 -0.0128000 0.0195860
v 0.0079446 -0.0115000 0.0205609
v 0.0088866 -0.0115000 0.0201092
v 0.0100000 -0.0115000 0.0175000
v 0.0090000 -0.0115000 0.0175000
v 0.0051139 -0.0114959 0.0175000
v 0.0090000 -0.0115000 0.0160000
v 0.0050207 -0.0115000 0.0160000
v 0.0089704 -0.0115000 0.0190677
v 0.0082981 -0.0115000 0.0184923
v 0.0075370 -0.0115000 0.0185622
v 0.0069641 -0.0115000 0.0192371
v 0.0071665 -0.0115000 0.0201400
v 0.0079446 -0.0115000 0.0205609
v 0.0088866 -0.0115000 0.0201092
v 0.0062540 -0.0115000 0.0214517
v 0.0052516 -0.0115000 0.0205589
v 0.0083335 -0.0115000 0.0214819
v 0.0093056 -0.0115000 0.0210685
v 0.0099582 -0.0115000 0.0200099
v -0.0051525 -0.0114970 0.0175000
v -0.0090000 -0.0115000 0.0175000
v -0.0100000 -0.0115000 0.0175000
v -0.0050207 -0.0115000 0.0160000
v -0.0090000 -0.0115000 0.0160000
v -0.0099444 -0.0115000 0.0200874
v -0.0089342 -0.0115000 0.0213626
v -0.0062455 -0.0115000 0.0214465
v -0.0052516 -0.0115000 0.0205589
v -0.0090512 -0.0115000 0.0195827
v -0.0085377 -0.0115000 0.0204317
v -0.0075723 -0.0115000 0.0204599
v -0.0069182 -0.0115000 0.0196423
v -0.0074958 -0.0115000 0.0185413
v -0.0086675 -0.0115000 0.0186533
v -0.0070415 -0.0128000 0.0199729
v -0.0070514 -0.0128000 0.0190479
v -0.0078309 -0.0128000 0.0184327
v -0.0069182 -0.0115000 0.0196423
v -0.0074958 -0.0115000 0.0185413
v -0.0078309 -0.0128000 0.0184327
v -0.0088047 -0.0128000 0.0188127
v -0.0074958 -0.0115000 0.0185413
v -0.0086675 -0.0115000 0.0186533
v -0.0090374 -0.0128000 0.0195129
v -0.0088047 -0.0128000 0.0188127
v -0.0090512 -0.0115000 0.0195827
v -0.0086675 -0.0115000 0.0186533
v -0.0090374 -0.0128000 0.0195129
v -0.0087459 -0.0128000 0.0202654
v -0.0090512 -0.0115000 0.0195827
v -0.0085377 -0.0115000 0.0204317
v -0.0087459 -0.0128000 0.0202654
v -0.0078214 -0.0128000 0.0205411
v -0.0085377 -0.0115000 0.0204317
v -0.0075723 -0.0115000 0.0204599
v -0.0078214 -0.0128000 0.0205411
v -0.0070415 -0.0128000 0.0199729
v -0.0075723 -0.0115000 0.0204599
v -0.0069182 -0.0115000 0.0196423
v 0.0051139 -0.0114959 0.0175000
v 0.0052500 -0.0120000 0.0175000
v 0.0052500 -0.0133000 0.0160000
v 0.0052500 -0.0120000 0.0160000
v 0.0052516 -0.0115000 0.0205589
v 0.0052500 -0.0133000 0.0205714
v 0.0032163 -0.0142995 0.0190189
v -0.0007159 -0.0142296 0.0186304
v -0.0056993 -0.0128000 0.0208756
v -0.0062404 -0.0128000 0.0214485
v 0.0062326 -0.0128000 0.0214432
v 0.0055679 -0.0128000 0.0208191
v 0.0062540 -0.0115000 0.0214517
v 0.0052516 -0.0115000 0.0205589
v -0.0062455 -0.0115000 0.0214465
v -0.0052516 -0.0115000 0.0205589
v 0.0052500 -0.0133000 0.0205714
v 0.0041506 -0.0140994 0.0197762
v 0.0017136 -0.0140991 0.0188471
v -0.0035126 -0.0140989 0.0194452
v -0.0056814 -0.0140965 0.0208612
v -0.0052500 -0.0133000 0.0205714
v 0.0039100 -0.0133000 0.0196440
v 0.0014969 -0.0133000 0.0188053
v -0.0012742 -0.0133000 0.0187556
v -0.0039100 -0.0133000 0.0196440
v 0.0056442 -0.0140970 0.0208477
v -0.0056239 -0.0143000 0.0206147
v -0.0059694 -0.0143023 0.0205710
v -0.0007159 -0.0142296 0.0186304
v -0.0036119 -0.0142998 0.0192305
v -0.0062155 -0.0128000 0.0205725
v -0.0056993 -0.0128000 0.0208756
v -0.0035126 -0.0140989 0.0194452
v -0.0056814 -0.0140965 0.0208612
v -0.0061913 -0.0141042 0.0206260
v 0.0032163 -0.0142995 0.0190189
v 0.0058677 -0.0143103 0.0206666
v 0.0041506 -0.0140994 0.0197762
v 0.0017136 -0.0140991 0.0188471
v 0.0056442 -0.0140970 0.0208477
v -0.0061813 -0.0142986 0.0186241
v -0.0059694 -0.0143023 0.0205710
v -0.0061913 -0.0141042 0.0206260
v -0.0062800 -0.0141015 0.0190743
v -0.0067987 -0.0140991 0.0181893
v -0.0099025 -0.0128000 0.0176373
v -0.0096612 -0.0140967 0.0177336
v -0.0076214 -0.0128000 0.0177763
v -0.0067767 -0.0128000 0.0182096
v -0.0062832 -0.0128000 0.0190751
v -0.0062155 -0.0128000 0.0205725
v -0.0061913 -0.0141042 0.0206260
v -0.0062800 -0.0141015 0.0190743
v -0.0067987 -0.0140991 0.0181893
v -0.0076439 -0.0140994 0.0177720
v 0.0058677 -0.0143103 0.0206666
v 0.0055679 -0.0128000 0.0208191
v 0.0061563 -0.0128000 0.0207086
v 0.0061752 -0.0141063 0.0206605
v 0.0056442 -0.0140970 0.0208477
v 0.0074274 -0.0142997 0.0176045
v 0.0061857 -0.0142981 0.0185900
v 0.0097350 -0.0143019 0.0174755
v 0.0099025 -0.0128000 0.0176373
v 0.0076411 -0.0141014 0.0177710
v 0.0067321 -0.0140988 0.0182430
v 0.0099622 -0.0140962 0.0174867
v 0.0096481 -0.0140979 0.0177356
v 0.0100000 0.0115000 0.0175000
v 0.0100000 -0.0115000 0.0175000
v 0.0099322 0.0131921 0.0145043
v 0.0099131 -0.0132353 0.0145038
v 0.0099020 -0.0142878 0.0155743
v 0.0099416 -0.0128000 0.0201231
v 0.0088818 -0.0128000 0.0213786
v 0.0062326 -0.0128000 0.0214432
v 0.0099025 -0.0128000 0.0176373
v 0.0062540 -0.0115000 0.0214517
v 0.0083335 -0.0115000 0.0214819
v 0.0093056 -0.0115000 0.0210685
v 0.0099582 -0.0115000 0.0200099
v 0.0099622 -0.0140962 0.0174867
v 0.0099025 0.0128000 0.0176373
v 0.0099641 0.0128000 0.0199937
v 0.0099337 0.0115000 0.0201400
v 0.0098958 0.0142885 0.0155466
v 0.0099656 0.0140984 0.0174732
v 0.0093056 0.0128000 0.0210685
v 0.0083187 0.0128000 0.0214853
v 0.0062326 0.0128000 0.0214432
v 0.0062540 0.0115000 0.0214517
v 0.0088990 0.0115000 0.0213667
v 0.0099025 0.0128000 0.0176373
v 0.0097336 0.0143018 0.0174759
v 0.0096612 0.0140967 0.0177336
v 0.0099656 0.0140984 0.0174732
v 0.0072416 0.0142991 0.0176418
v 0.0067987 0.0140991 0.0181893
v 0.0076439 0.0140994 0.0177720
v -0.0099020 0.0142878 0.0155743
v 0.0098958 0.0142885 0.0155466
v 0.0097336 0.0143018 0.0174759
v -0.0097351 0.0143019 0.0174755
v -0.0074274 0.0142997 0.0176045
v -0.0061857 0.0142981 0.0185900
v -0.0058677 0.0143103 0.0206666
v -0.0032163 0.0142995 0.0190189
v 0.0007159 0.0142296 0.0186304
v 0.0036119 0.0142998 0.0192305
v 0.0056239 0.0143000 0.0206147
v 0.0059694 0.0143023 0.0205710
v 0.0061382 0.0142993 0.0187759
v 0.0072416 0.0142991 0.0176418
v -0.0099025 0.0128000 0.0176373
v -0.0070994 0.0128000 0.0179048
v -0.0062865 0.0128000 0.0190539
v -0.0062155 0.0128000 0.0205725
v -0.0061752 0.0141063 0.0206605
v -0.0076411 0.0141014 0.0177710
v -0.0067876 0.0140991 0.0181996
v -0.0062812 0.0140991 0.0190773
v -0.0096481 0.0140979 0.0177356
v 0.0099025 0.0128000 0.0176373
v 0.0096612 0.0140967 0.0177336
v 0.0061563 0.0128000 0.0207086
v 0.0062832 0.0128000 0.0190751
v 0.0067767 0.0128000 0.0182096
v 0.0076214 0.0128000 0.0177763
v 0.0061913 0.0141042 0.0206260
v 0.0062800 0.0141015 0.0190743
v 0.0067987 0.0140991 0.0181893
v 0.0076439 0.0140994 0.0177720
v 0.0099025 0.0128000 0.0176373
v 0.0099641 0.0128000 0.0199937
v 0.0093056 0.0128000 0.0210685
v 0.0083187 0.0128000 0.0214853
v 0.0062326 0.0128000 0.0214432
v 0.0061563 0.0128000 0.0207086
v 0.0055679 0.0128000 0.0208191
v 0.0062832 0.0128000 0.0190751
v 0.0067767 0.0128000 0.0182096
v 0.0076214 0.0128000 0.0177763
v 0.0089704 0.0128000 0.0190677
v 0.0082981 0.0128000 0.0184923
v 0.0075370 0.0128000 0.0185622
v 0.0069641 0.0128000 0.0192371
v 0.0071665 0.0128000 0.0201400
v 0.0079446 0.0128000 0.0205609
v 0.0088866 0.0128000 0.0201092
v -0.0099025 0.0128000 0.0176373
v -0.0070994 0.0128000 0.0179048
v -0.0062865 0.0128000 0.0190539
v -0.0056993 0.0128000 0.0208756
v -0.0062155 0.0128000 0.0205725
v -0.0062404 0.0128000 0.0214485
v -0.0089513 0.0128000 0.0213500
v -0.0099515 0.0128000 0.0200707
v -0.0074958 0.0128000 0.0185413
v -0.0086675 0.0128000 0.0186533
v -0.0090512 0.0128000 0.0195827
v -0.0085377 0.0128000 0.0204317
v -0.0075723 0.0128000 0.0204599
v -0.0069182 0.0128000 0.0196423
v -0.0074958 0.0128000 0.0185413
v -0.0069182 0.0128000 0.0196423
v -0.0070514 0.0115000 0.0190479
v -0.0078309 0.0115000 0.0184327
v -0.0070415 0.0115000 0.0199729
v -0.0074958 0.0128000 0.0185413
v -0.0086675 0.0128000 0.0186533
v -0.0078309 0.0115000 0.0184327
v -0.0088047 0.0115000 0.0188127
v -0.0086675 0.0128000 0.0186533
v -0.0090512 0.0128000 0.0195827
v -0.0088047 0.0115000 0.0188127
v -0.0090374 0.0115000 0.0195129
v -0.0090512 0.0128000 0.0195827
v -0.0085377 0.0128000 0.0204317
v -0.0090374 0.0115000 0.0195129
v -0.0087459 0.0115000 0.0202654
v -0.0085377 0.0128000 0.0204317
v -0.0075723 0.0128000 0.0204599
v -0.0087459 0.0115000 0.0202654
v -0.0078214 0.0115000 0.0205411
v -0.0075723 0.0128000 0.0204599
v -0.0069182 0.0128000 0.0196423
v -0.0078214 0.0115000 0.0205411
v -0.0070415 0.0115000 0.0199729
v 0.0051525 0.0114970 0.0175000
v 0.0090000 0.0115000 0.0175000
v 0.0100000 0.0115000 0.0175000
v 0.0050207 0.0115000 0.0160000
v 0.0090000 0.0115000 0.0160000
v 0.0099337 0.0115000 0.0201400
v 0.0052516 0.0115000 0.0205589
v 0.0062540 0.0115000 0.0214517
v 0.0088990 0.0115000 0.0213667
v 0.0085634 0.0115000 0.0186065
v 0.0078505 0.0115000 0.0184733
v 0.0071953 0.0115000 0.0188127
v 0.0069626 0.0115000 0.0195129
v 0.0072541 0.0115000 0.0202654
v 0.0083054 0.0115000 0.0205315
v 0.0090932 0.0115000 0.0195860
v -0.0100000 0.0115000 0.0175000
v -0.0090000 0.0115000 0.0175000
v -0.0051139 0.0114959 0.0175000
v -0.0090000 0.0115000 0.0160000
v -0.0050207 0.0115000 0.0160000
v -0.0070514 0.0115000 0.0190479
v -0.0078309 0.0115000 0.0184327
v -0.0088047 0.0115000 0.0188127
v -0.0090374 0.0115000 0.0195129
v -0.0087459 0.0115000 0.0202654
v -0.0078214 0.0115000 0.0205411
v -0.0070415 0.0115000 0.0199729
v -0.0052516 0.0115000 0.0205589
v -0.0086231 0.0115000 0.0214416
v -0.0098667 0.0115000 0.0203990
v -0.0062455 0.0115000 0.0214465
v 0.0089704 0.0128000 0.0190677
v 0.0082981 0.0128000 0.0184923
v 0.0075370 0.0128000 0.0185622
v 0.0069641 0.0128000 0.0192371
v 0.0071665 0.0128000 0.0201400
v 0.0085634 0.0115000 0.0186065
v 0.0078505 0.0115000 0.0184733
v 0.0071953 0.0115000 0.0188127
v 0.0069626 0.0115000 0.0195129
v 0.0072541 0.0115000 0.0202654
v 0.0090932 0.0115000 0.0195860
v 0.0071665 0.0128000 0.0201400
v 0.0079446 0.0128000 0.0205609
v 0.0072541 0.0115000 0.0202654
v 0.0083054 0.0115000 0.0205315
v 0.0079446 0.0128000 0.0205609
v 0.0088866 0.0128000 0.0201092
v 0.0083054 0.0115000 0.0205315
v 0.0090932 0.0115000 0.0195860
v 0.0051525 0.0114970 0.0175000
v 0.0064786 0.0089793 0.0175000
v 0.0050207 0.0115000 0.0160000
v 0.0064833 0.0090078 0.0160000
v 0.0064786 0.0089793 0.0175000
v 0.0089954 0.0095105 0.0175000
v 0.0082029 0.0098135 0.0175000
v 0.0071256 0.0096072 0.0175000
v 0.0064833 0.0090078 0.0160000
v 0.0073431 0.0097133 0.0160000
v 0.0088633 0.0096548 0.0160000
v 0.0089954 0.0095105 0.0175000
v 0.0090000 0.0115000 0.0175000
v 0.0088633 0.0096548 0.0160000
v 0.0090000 0.0115000 0.0160000
v 0.0052500 0.0120000 0.0175000
v 0.0051525 0.0114970 0.0175000
v 0.0052500 0.0120000 0.0160000
v 0.0052500 0.0133000 0.0160000
v 0.0052516 0.0115000 0.0205589
v 0.0052500 0.0133000 0.0205714
v 0.0035000 0.0120000 0.0175000
v 0.0052500 0.0120000 0.0175000
v 0.0052500 0.0120000 0.0160000
v 0.0035000 0.0120000 0.0160000
v 0.0012679 0.0120000 0.0175000
v 0.0025000 0.0120000 0.0175000
v 0.0012679 0.0120000 0.0160000
v 0.0025000 0.0120000 0.0160000
v 0.0035000 0.0133000 0.0175000
v 0.0035000 0.0120000 0.0175000
v 0.0035000 0.0133000 0.0160000
v 0.0035000 0.0120000 0.0160000
v -0.0035000 0.0133000 0.0175000
v -0.0025000 0.0133000 0.0175000
v 0.0025000 0.0133000 0.0175000
v 0.0035000 0.0133000 0.0175000
v 0.0052500 0.0133000 0.0160000
v 0.0035000 0.0133000 0.0160000
v 0.0025000 0.0133000 0.0160000
v -0.0025000 0.0133000 0.0160000
v -0.0035000 0.0133000 0.0160000
v -0.0052500 0.0133000 0.0160000
v 0.0052500 0.0133000 0.0205714
v -0.0052500 0.0133000 0.0205714
v 0.0039100 0.0133000 0.0196440
v 0.0014969 0.0133000 0.0188053
v -0.0012742 0.0133000 0.0187556
v -0.0039100 0.0133000 0.0196440
v 0.0025000 0.0120000 0.0175000
v 0.0025000 0.0133000 0.0175000
v 0.0025000 0.0133000 0.0160000
v 0.0025000 0.0120000 0.0160000
v -0.0025000 0.0133000 0.0175000
v -0.0025000 0.0120000 0.0175000
v -0.0025000 0.0133000 0.0160000
v -0.0025000 0.0120000 0.0160000
v -0.0052500 0.0120000 0.0175000
v -0.0035000 0.0120000 0.0175000
v -0.0035000 0.0120000 0.0160000
v -0.0052500 0.0120000 0.0160000
v -0.0025000 0.0120000 0.0175000
v -0.0012679 0.0120000 0.0175000
v -0.0025000 0.0120000 0.0160000
v -0.0012679 0.0120000 0.0160000
v -0.0051139 0.0114959 0.0175000
v -0.0052500 0.0120000 0.0175000
v -0.0052500 0.0133000 0.0160000
v -0.0052500 0.0120000 0.0160000
v -0.0052516 0.0115000 0.0205589
v -0.0052500 0.0133000 0.0205714
v -0.0032163 0.0142995 0.0190189
v 0.0007159 0.0142296 0.0186304
v 0.0062326 0.0128000 0.0214432
v 0.0055679 0.0128000 0.0208191
v -0.0056993 0.0128000 0.0208756
v -0.0062404 0.0128000 0.0214485
v 0.0052516 0.0115000 0.0205589
v 0.0062540 0.0115000 0.0214517
v -0.0052516 0.0115000 0.0205589
v -0.0062455 0.0115000 0.0214465
v 0.0052500 0.0133000 0.0205714
v -0.0052500 0.0133000 0.0205714
v 0.0039100 0.0133000 0.0196440
v 0.0014969 0.0133000 0.0188053
v -0.0012742 0.0133000 0.0187556
v -0.0039100 0.0133000 0.0196440
v -0.0041506 0.0140994 0.0197762
v -0.0017136 0.0140991 0.0188471
v 0.0035126 0.0140989 0.0194452
v 0.0056814 0.0140965 0.0208612
v -0.0056442 0.0140970 0.0208477
v 0.0007159 0.0142296 0.0186304
v 0.0036119 0.0142998 0.0192305
v 0.0056239 0.0143000 0.0206147
v 0.0059694 0.0143023 0.0205710
v 0.0061563 0.0128000 0.0207086
v 0.0055679 0.0128000 0.0208191
v 0.0035126 0.0140989 0.0194452
v 0.0056814 0.0140965 0.0208612
v 0.0061913 0.0141042 0.0206260
v -0.0058677 0.0143103 0.0206666
v -0.0032163 0.0142995 0.0190189
v -0.0041506 0.0140994 0.0197762
v -0.0017136 0.0140991 0.0188471
v -0.0056442 0.0140970 0.0208477
v 0.0059694 0.0143023 0.0205710
v 0.0061382 0.0142993 0.0187759
v 0.0061913 0.0141042 0.0206260
v 0.0062800 0.0141015 0.0190743
v 0.0067987 0.0140991 0.0181893
v -0.0058677 0.0143103 0.0206666
v -0.0056993 0.0128000 0.0208756
v -0.0062155 0.0128000 0.0205725
v -0.0061752 0.0141063 0.0206605
v -0.0056442 0.0140970 0.0208477
v -0.0099622 0.0140962 0.0174867
v -0.0097351 0.0143019 0.0174755
v -0.0074274 0.0142997 0.0176045
v -0.0061857 0.0142981 0.0185900
v -0.0099025 0.0128000 0.0176373
v -0.0076411 0.0141014 0.0177710
v -0.0067876 0.0140991 0.0181996
v -0.0096481 0.0140979 0.0177356
v 0.0099322 0.0131921 0.0145043
v -0.0099130 0.0132351 0.0145036
v -0.0099020 0.0142878 0.0155743
v 0.0098958 0.0142885 0.0155466
v -0.0062404 0.0128000 0.0214485
v -0.0089513 0.0128000 0.0213500
v -0.0086231 0.0115000 0.0214416
v -0.0062455 0.0115000 0.0214465
v -0.0089513 0.0128000 0.0213500
v -0.0099515 0.0128000 0.0200707
v -0.0086231 0.0115000 0.0214416
v -0.0098667 0.0115000 0.0203990
v -0.0035000 0.0120000 0.0175000
v -0.0035000 0.0133000 0.0175000
v -0.0035000 0.0133000 0.0160000
v -0.0035000 0.0120000 0.0160000
v -0.0012679 0.0120000 0.0175000
v -0.0000000 0.0098038 0.0175000
v -0.0012679 0.0120000 0.0160000
v -0.0000000 0.0098038 0.0160000
v -0.0000000 0.0098038 0.0175000
v 0.0012679 0.0120000 0.0175000
v -0.0000000 0.0098038 0.0160000
v 0.0012679 0.0120000 0.0160000
v -0.0065173 0.0090883 0.0175000
v -0.0051139 0.0114959 0.0175000
v -0.0064786 0.0089793 0.0160000
v -0.0050207 0.0115000 0.0160000
v -0.0089966 0.0095133 0.0175000
v -0.0065173 0.0090883 0.0175000
v -0.0078371 0.0098564 0.0175000
v -0.0089992 0.0095005 0.0160000
v -0.0082761 0.0098113 0.0160000
v -0.0071256 0.0096072 0.0160000
v -0.0064786 0.0089793 0.0160000
v -0.0090000 0.0115000 0.0175000
v -0.0089966 0.0095133 0.0175000
v -0.0090000 0.0115000 0.0160000
v -0.0089992 0.0095005 0.0160000
v -0.0062404 -0.0128000 0.0214485
v -0.0086400 -0.0128000 0.0214337
v -0.0089342 -0.0115000 0.0213626
v -0.0062455 -0.0115000 0.0214465
v -0.0099444 -0.0115000 0.0200874
v -0.0086400 -0.0128000 0.0214337
v -0.0098786 -0.0128000 0.0203818
v -0.0089342 -0.0115000 0.0213626
v -0.0052500 -0.0120000 0.0175000
v -0.0051525 -0.0114970 0.0175000
v -0.0052500 -0.0120000 0.0160000
v -0.0052500 -0.0133000 0.0160000
v -0.0052516 -0.0115000 0.0205589
v -0.0052500 -0.0133000 0.0205714
v -0.0025000 -0.0133000 0.0175000
v -0.0035000 -0.0133000 0.0175000
v 0.0035000 -0.0133000 0.0175000
v 0.0025000 -0.0133000 0.0175000
v 0.0035000 -0.0133000 0.0160000
v 0.0052500 -0.0133000 0.0160000
v -0.0025000 -0.0133000 0.0160000
v 0.0025000 -0.0133000 0.0160000
v -0.0052500 -0.0133000 0.0160000
v -0.0035000 -0.0133000 0.0160000
v 0.0052500 -0.0133000 0.0205714
v -0.0052500 -0.0133000 0.0205714
v 0.0039100 -0.0133000 0.0196440
v 0.0014969 -0.0133000 0.0188053
v -0.0012742 -0.0133000 0.0187556
v -0.0039100 -0.0133000 0.0196440
v -0.0025000 -0.0120000 0.0175000
v -0.0025000 -0.0133000 0.0175000
v -0.0025000 -0.0120000 0.0160000
v -0.0025000 -0.0133000 0.0160000
v 0.0025000 -0.0133000 0.0175000
v 0.0025000 -0.0120000 0.0175000
v 0.0025000 -0.0120000 0.0160000
v 0.0025000 -0.0133000 0.0160000
v 0.0052500 -0.0120000 0.0175000
v 0.0035000 -0.0120000 0.0175000
v 0.0035000 -0.0120000 0.0160000
v 0.0052500 -0.0120000 0.0160000
v 0.0025000 -0.0120000 0.0175000
v 0.0012679 -0.0120000 0.0175000
v 0.0025000 -0.0120000 0.0160000
v 0.0012679 -0.0120000 0.0160000
v 0.0035000 -0.0120000 0.0175000
v 0.0035000 -0.0133000 0.0175000
v 0.0035000 -0.0133000 0.0160000
v 0.0035000 -0.0120000 0.0160000
v 0.0012679 -0.0120000 0.0175000
v -0.0000000 -0.0098038 0.0175000
v 0.0012679 -0.0120000 0.0160000
v -0.0000000 -0.0098038 0.0160000
v -0.0012679 -0.0120000 0.0175000
v -0.0000000 -0.0098038 0.0175000
v -0.0012679 -0.0120000 0.0160000
v -0.0000000 -0.0098038 0.0160000
v -0.0035000 -0.0133000 0.0175000
v -0.0035000 -0.0120000 0.0175000
v -0.0035000 -0.0120000 0.0160000
v -0.0035000 -0.0133000 0.0160000
v 0.0066501 -0.0092773 0.0175000
v 0.0051139 -0.0114959 0.0175000
v 0.0064779 -0.0090162 0.0160000
v 0.0050207 -0.0115000 0.0160000
v 0.0066501 -0.0092773 0.0175000
v 0.0080584 -0.0098340 0.0175000
v 0.0077608 -0.0098678 0.0160000
v 0.0064779 -0.0090162 0.0160000
v 0.0089966 -0.0095133 0.0175000
v 0.0080584 -0.0098340 0.0175000
v 0.0089954 -0.0095105 0.0160000
v 0.0077608 -0.0098678 0.0160000
v 0.0090000 -0.0115000 0.0175000
v 0.0089966 -0.0095133 0.0175000
v 0.0090000 -0.0115000 0.0160000
v 0.0089954 -0.0095105 0.0160000
v -0.0051525 -0.0114970 0.0175000
v -0.0064786 -0.0089793 0.0175000
v -0.0050207 -0.0115000 0.0160000
v -0.0064833 -0.0090078 0.0160000
v -0.0064786 -0.0089793 0.0175000
v -0.0089992 -0.0095005 0.0175000
v -0.0082761 -0.0098113 0.0175000
v -0.0071256 -0.0096072 0.0175000
v -0.0064833 -0.0090078 0.0160000
v -0.0073431 -0.0097133 0.0160000
v -0.0088633 -0.0096548 0.0160000
v -0.0089992 -0.0095005 0.0175000
v -0.0090000 -0.0115000 0.0175000
v -0.0088633 -0.0096548 0.0160000
v -0.0090000 -0.0115000 0.0160000
v -0.0067027 -0.0030858 0.0175000
v -0.0090000 -0.0017321 0.0175000
v -0.0090000 -0.0017321 0.0160000
v -0.0068838 -0.0031043 0.0160000
v -0.0067027 -0.0030858 0.0175000
v -0.0080163 -0.0041301 0.0175000
v -0.0084227 -0.0062234 0.0175000
v -0.0083532 -0.0062306 0.0160000
v -0.0083465 -0.0048267 0.0160000
v -0.0068838 -0.0031043 0.0160000
v -0.0089994 -0.0064977 0.0175000
v -0.0084227 -0.0062234 0.0175000
v -0.0089847 -0.0064725 0.0160000
v -0.0083532 -0.0062306 0.0160000
v -0.0090000 -0.0017321 0.0175000
v -0.0089994 -0.0064977 0.0175000
v -0.0090000 -0.0017321 0.0160000
v -0.0089847 -0.0064725 0.0160000
v 0.0084049 -0.0062277 0.0175000
v 0.0081215 -0.0043240 0.0175000
v 0.0067464 -0.0030787 0.0175000
v 0.0083978 -0.0062235 0.0160000
v 0.0069241 -0.0031461 0.0160000
v 0.0082047 -0.0045276 0.0160000
v 0.0067464 -0.0030787 0.0175000
v 0.0090000 -0.0017321 0.0175000
v 0.0090000 -0.0017321 0.0160000
v 0.0069241 -0.0031461 0.0160000
v 0.0089847 -0.0064725 0.0175000
v 0.0090000 -0.0017321 0.0175000
v 0.0089994 -0.0064977 0.0160000
v 0.0090000 -0.0017321 0.0160000
v 0.0084049 -0.0062277 0.0175000
v 0.0089847 -0.0064725 0.0175000
v 0.0083978 -0.0062235 0.0160000
v 0.0089994 -0.0064977 0.0160000
v -0.0083823 0.0062321 0.0175000
v -0.0081453 0.0043111 0.0175000
v -0.0083781 0.0062211 0.0160000
v -0.0081543 0.0043062 0.0160000
v -0.0081453 0.0043111 0.0175000
v -0.0067019 0.0030782 0.0175000
v -0.0067027 0.0030858 0.0160000
v -0.0081543 0.0043062 0.0160000
v -0.0067019 0.0030782 0.0175000
v -0.0090000 0.0017321 0.0175000
v -0.0090000 0.0017321 0.0160000
v -0.0067027 0.0030858 0.0160000
v -0.0089847 0.0064725 0.0175000
v -0.0090000 0.0017321 0.0175000
v -0.0089994 0.0064977 0.0160000
v -0.0090000 0.0017321 0.0160000
v -0.0083823 0.0062321 0.0175000
v -0.0089847 0.0064725 0.0175000
v -0.0083781 0.0062211 0.0160000
v -0.0089994 0.0064977 0.0160000
v 0.0066694 0.0030857 0.0175000
v 0.0090000 0.0017321 0.0175000
v 0.0090000 0.0017321 0.0160000
v 0.0067464 0.0030787 0.0160000
v 0.0066694 0.0030857 0.0175000
v 0.0083604 0.0062328 0.0175000
v 0.0077854 0.0038467 0.0175000
v 0.0083804 0.0051570 0.0175000
v 0.0084049 0.0062277 0.0160000
v 0.0081215 0.0043240 0.0160000
v 0.0067464 0.0030787 0.0160000
v 0.0083604 0.0062328 0.0175000
v 0.0089891 0.0064701 0.0175000
v 0.0089847 0.0064725 0.0160000
v 0.0084049 0.0062277 0.0160000
v 0.0090000 0.0017321 0.0175000
v 0.0089891 0.0064701 0.0175000
v 0.0090000 0.0017321 0.0160000
v 0.0089847 0.0064725 0.0160000
v -0.0034706 0.0020194 0.0160000
v -0.0036838 0.0015894 0.0171219
v -0.0031633 0.0025043 0.0145000
v -0.0045206 0.0076337 0.0175000
v -0.0049136 0.0073030 0.0175000
v -0.0047638 0.0072832 0.0160000
v 0.0034706 -0.0020194 0.0160000
v 0.0031633 -0.0025043 0.0145000
v 0.0036838 -0.0015894 0.0171219
v 0.0045206 -0.0076337 0.0175000
v 0.0049136 -0.0073030 0.0175000
v 0.0047382 -0.0072412 0.0160000
v -0.0047356 -0.0072327 0.0175000
v -0.0048587 -0.0072531 0.0160000
v -0.0045206 -0.0076337 0.0160000
v -0.0046838 0.0051450 0.0160000
v -0.0046006 0.0056704 0.0145000
v -0.0051114 0.0047119 0.0145000
v 0.0040673 -0.0092267 0.0160000
v 0.0040439 -0.0087923 0.0145000
v 0.0038239 -0.0096495 0.0145000
v 0.0090932 -0.0128000 0.0195860
v 0.0089704 -0.0115000 0.0190677
v 0.0088866 -0.0115000 0.0201092
v -0.0061813 -0.0142986 0.0186241
v -0.0073926 -0.0142996 0.0176073
v -0.0067987 -0.0140991 0.0181893
v 0.0098958 0.0142885 0.0155466
v 0.0097336 0.0143018 0.0174759
v 0.0099656 0.0140984 0.0174732
v 0.0089704 0.0128000 0.0190677
v 0.0088866 0.0128000 0.0201092
v 0.0090932 0.0115000 0.0195860
v 0.0061382 0.0142993 0.0187759
v 0.0072416 0.0142991 0.0176418
v 0.0067987 0.0140991 0.0181893
v -0.0099622 0.0140962 0.0174867
v -0.0099020 0.0142878 0.0155743
v -0.0097351 0.0143019 0.0174755
v 0.0099020 -0.0142878 0.0155743
v 0.0097350 -0.0143019 0.0174755
v 0.0099622 -0.0140962 0.0174867
vn -0.000000 0.000002 1.000000
vn 0.000000 0.000000 1.000000
vn 0.000000 0.000000 1.000000
vn 0.000000 0.000000 1.000000
vn 0.000000 0.000000 1.000000
vn 0.000000 0.000000 1.000000
vn 0.000001 0.000002 1.000000
vn 0.000001 -0.000000 1.000000
vn 0.000000 0.000000 1.000000
vn 0.000005 -0.000000 1.000000
vn 0.000000 0.000000 1.000000
vn 0.000000 -0.000004 1.000000
vn -0.000002 -0.000003 1.000000
vn 0.000000 0.000000 1.000000
vn 0.000000 0.000000 1.000000
vn 0.000000 0.000000 1.000000
vn 0.000000 0.000000 1.000000
vn 0.000000 0.000000 1.000000
vn 0.000001 -0.000001 1.000000
vn 0.000000 0.000000 1.000000
vn 0.000000 0.000000 1.000000
vn 0.000000 0.000000 1.000000
vn 0.000000 0.000000 1.000000
vn 0.000000 0.000000 1.000000
vn -0.000000 -0.000002 1.000000
vn 0.000000 0.000000 1.000000
vn -0.000000 -0.000002 1.000000
vn 0.000000 0.000000 1.000000
vn 0.000000 0.000000 1.000000
vn 0.000000 0.000000 1.000000
vn 0.000000 0.000000 1.000000
vn 0.000000 0.000000 1.000000
vn -0.000001 -0.000002 1.000000
vn -0.000001 -0.000000 1.000000
vn 0.000000 0.000000 1.000000
vn 0.000000 0.000000 1.000000
vn 0.000000 0.000000 1.000000
vn 0.000000 0.000000 1.000000
vn 0.000000 0.000000 1.000000
vn 0.000000 0.000000 1.000000
vn 0.000000 0.000000 1.000000
vn 0.000000 0.000000 1.000000
vn 0.000000 0.000000 1.000000
vn 0.000000 0.000000 1.000000
vn -0.000001 0.000001 1.000000
vn 0.000000 0.000000 1.000000
vn 0.000000 0.000000 1.000000
vn 0.000000 0.000000 1.000000
vn 0.000000 0.000000 1.000000
vn 0.000000 0.000000 1.000000
vn -0.000000 0.000002 1.000000
vn 0.000000 -0.000000 1.000000
vn 0.000000 0.000000 1.000000
vn 0.000000 0.000000 1.000000
vn 0.000000 0.000000 1.000000
vn 0.000000 0.000000 1.000000
vn 0.000000 0.000000 1.000000
vn 0.000000 0.000000 1.000000
vn 0.000000 0.000000 1.000000
vn 0.000000 0.000000 1.000000
vn 0.000000 0.000000 1.000000
vn 0.000000 0.000000 1.000000
vn 0.000000 0.000000 1.000000
vn 0.000000 0.000000 1.000000
vn 0.000000 0.000000 1.000000
vn 0.000019 -0.000000 1.000000
vn 0.000000 0.000000 1.000000
vn 0.000000 0.000000 1.000000
vn 0.000000 0.000000 1.000000
vn 0.000004 0.000002 1.000000
vn 0.000023 0.000001 1.000000
vn 0.000000 0.000000 1.000000
vn 0.000000 0.000000 1.000000
vn 0.000000 0.000000 1.000000
vn 0.000000 0.000000 1.000000
vn 0.000000 0.000000 1.000000
vn 0.000000 0.000000 1.000000
vn 0.000000 0.000000 1.000000
vn -0.000000 -0.000001 1.000000
vn 0.000000 0.000000 1.000000
vn 0.000000 0.000000 1.000000
vn 0.000000 0.000000 1.000000
vn 0.000000 0.000000 1.000000
vn 0.000000 0.000000 1.000000
vn 0.000000 0.000000 1.000000
vn 0.000000 0.000000 1.000000
vn 0.000000 0.000000 1.000000
vn 0.000000 -0.000001 1.000000
vn 0.000000 0.000000 1.000000
vn 0.000000 0.000000 1.000000
vn 0.000000 0.000000 1.000000
vn 0.000000 0.000000 1.000000
vn -0.000000 0.000001 1.000000
vn 0.000000 0.000000 1.000000
vn 0.000000 0.000001 1.000000
vn -0.000003 -0.000000 1.000000
vn 0.000000 0.000000 1.000000
vn 0.000003 -0.000001 1.000000
vn 0.103346 0.249703 0.962792
vn 0.018736 0.016925 0.999681
vn 0.000000 0.000000 1.000000
vn 0.000000 0.000000 1.000000
vn 0.000000 0.000000 1.000000
vn 0.000000 0.000000 1.000000
vn 0.000000 0.000000 1.000000
vn 0.000000 0.000000 1.000000
vn 0.000000 0.000000 1.000000
vn 0.000000 0.000000 1.000000
vn 0.000000 0.000000 1.000000
vn 0.000000 0.000000 1.000000
vn 0.000000 0.000000 1.000000
vn 0.000000 0.000000 1.000000
vn 0.000000 0.000000 1.000000
vn 0.000000 0.000000 1.000000
vn -0.000000 -0.000004 1.000000
vn 0.000003 0.000002 1.000000
vn -0.000001 0.000002 1.000000
vn 0.000003 0.000002 1.000000
vn -0.000004 0.000001 1.000000
vn -0.000002 -0.000001 1.000000
vn 0.000000 0.000000 1.000000
vn 0.000000 0.000000 1.000000
vn 0.000000 0.000000 1.000000
vn 0.000000 0.000000 1.000000
vn 0.000000 0.000000 1.000000
vn 0.000002 -0.000001 1.000000
vn 0.000004 0.000001 1.000000
vn -0.000003 0.000002 1.000000
vn 0.000001 0.000002 1.000000
vn -0.000011 0.000002 1.000000
vn -0.000002 0.000000 1.000000
vn 0.000000 0.000000 1.000000
vn 0.000000 0.000000 1.000000
vn 0.000000 0.000000 1.000000
vn 0.000000 0.000000 1.000000
vn 0.000000 0.000000 1.000000
vn 0.000000 0.000000 1.000000
vn 0.000000 0.000000 1.000000
vn 0.000000 0.000000 1.000000
vn 0.000000 0.000000 1.000000
vn 0.000000 0.000000 1.000000
vn 0.000000 0.000000 1.000000
vn 0.000000 0.000000 1.000000
vn 0.000000 0.000000 1.000000
vn 0.000000 0.000000 1.000000
vn -0.012100 0.010600 0.999871
vn -0.203660 0.403432 0.892057
vn 0.000116 0.001475 0.999999
vn -0.004017 0.000762 0.999992
vn 0.000000 0.000000 1.000000
vn -0.255449 0.105287 0.961073
vn -0.017213 0.018281 0.999685
vn 0.000000 0.000000 1.000000
vn 0.000002 0.000003 1.000000
vn -0.000004 -0.000000 1.000000
vn 0.000002 -0.000003 1.000000
vn 0.000000 0.000000 1.000000
vn -0.010600 -0.012100 0.999871
vn -0.403432 -0.203659 0.892057
vn -0.001482 0.000117 0.999999
vn -0.000099 -0.003470 0.999994
vn 0.000000 0.000000 1.000000
vn -0.107998 -0.263534 0.958585
vn -0.017311 -0.017737 0.999693
vn 0.000000 0.000000 1.000000
vn 0.000000 0.000000 1.000000
vn 0.000000 0.000000 1.000000
vn 0.000000 0.000000 1.000000
vn 0.000000 0.000000 1.000000
vn 0.000003 -0.000004 1.000000
vn -0.000002 -0.000000 1.000000
vn 0.000000 0.000000 1.000000
vn 0.000000 0.000000 1.000000
vn 0.000000 0.000000 1.000000
vn 0.000000 0.000000 1.000000
vn 0.000000 0.000000 1.000000
vn 0.000000 0.000000 1.000000
vn 0.000010 -0.000006 1.000000
vn 0.000001 0.000001 1.000000
vn -0.000003 -0.000002 1.000000
vn 0.000001 -0.000002 1.000000
vn -0.000003 -0.000002 1.000000
vn 0.000004 -0.000001 1.000000
vn 0.000002 0.000001 1.000000
vn 0.000000 0.000000 1.000000
vn 0.000000 0.000000 1.000000
vn 0.000000 0.000000 1.000000
vn 0.000000 0.000000 1.000000
vn 0.000000 0.000000 1.000000
vn -0.000002 0.000001 1.000000
vn -0.000004 -0.000001 1.000000
vn 0.000003 -0.000002 1.000000
vn -0.000001 -0.000002 1.000000
vn 0.000011 -0.000002 1.000000
vn 0.000002 -0.000000 1.000000
vn 0.000000 0.000000 1.000000
vn 0.000000 0.000000 1.000000
vn 0.000000 0.000000 1.000000
vn 0.000000 0.000000 1.000000
vn 0.000000 0.000000 1.000000
vn 0.000000 0.000000 1.000000
vn 0.000000 0.000000 1.000000
vn 0.000000 0.000000 1.000000
vn 0.000000 0.000000 1.000000
vn 0.000000 0.000000 1.000000
vn 0.000000 0.000000 1.000000
vn 0.000000 0.000000 1.000000
vn 0.000000 0.000000 1.000000
vn 0.000000 0.000000 1.000000
vn 0.012100 -0.010600 0.999871
vn 0.203660 -0.403432 0.892057
vn -0.000117 -0.001482 0.999999
vn 0.003469 -0.000099 0.999994
vn 0.000000 0.000000 1.000000
vn 0.263557 -0.108005 0.958578
vn 0.017732 -0.017312 0.999693
vn 0.000000 0.000000 1.000000
vn -0.000002 -0.000003 1.000000
vn 0.000004 0.000000 1.000000
vn -0.000002 0.000003 1.000000
vn 0.000000 0.000000 1.000000
vn 0.010113 0.013068 0.999863
vn 0.403431 0.203659 0.892057
vn 0.001208 0.004350 0.999990
vn 0.002093 0.000522 0.999998
vn -0.858342 -0.512114 0.031440
vn -0.517258 -0.855396 -0.027246
vn 0.507912 -0.861409 0.000850
vn 0.780394 -0.623205 -0.050997
vn 0.860673 0.508680 0.022036
vn 0.460978 0.887250 0.016899
vn -0.519401 0.854531 -0.000525
vn -0.780394 0.623204 -0.050996
vn 0.305995 -0.952015 -0.005877
vn -0.260746 -0.965056 0.026060
vn -0.210185 0.977589 0.011952
vn 0.323129 0.946350 0.002980
vn 0.735708 -0.216614 0.641726
vn 0.850616 -0.418759 0.317952
vn 0.814901 -0.355288 0.457937
vn 0.325260 -0.813153 0.482689
vn 0.400483 -0.860427 0.315085
vn -0.399119 -0.868399 0.294256
vn -0.345521 -0.827510 0.442542
vn -0.804251 -0.322089 0.499440
vn -0.856866 -0.404361 0.319800
vn -0.812816 -0.582502 0.004682
vn 0.689642 -0.723734 -0.024571
vn 0.485529 -0.872834 0.049219
vn 0.026428 -0.999403 0.022267
vn -0.570622 -0.820313 0.038428
vn -0.848347 -0.524804 0.069917
vn 0.438483 -0.190096 0.878405
vn 0.086080 -0.232755 0.968718
vn -0.227233 -0.426774 0.875345
vn -0.232749 -0.086079 0.968720
vn -0.683082 0.730168 -0.015894
vn -0.414855 0.908609 0.048229
vn 0.057940 0.998140 0.018944
vn 0.624731 0.780169 0.032351
vn 0.855941 0.513509 0.060613
vn 0.412481 0.863671 0.289710
vn 0.345521 0.827510 0.442541
vn 0.804251 0.322089 0.499439
vn 0.856866 0.404361 0.319800
vn 0.812812 0.582507 0.004682
vn -0.735707 0.216613 0.641727
vn -0.850616 0.418758 0.317955
vn -0.814901 0.355287 0.457939
vn -0.325260 0.813153 0.482689
vn -0.388333 0.863954 0.320595
vn 0.227233 0.426774 0.875345
vn 0.218222 0.081332 0.972504
vn -0.086080 0.232755 0.968718
vn -0.438483 0.190096 0.878406
vn 0.000000 -1.000000 0.000000
vn 0.000000 -1.000000 0.000000
vn 0.000000 -1.000000 0.000000
vn 0.000000 -1.000000 0.000000
vn 0.000000 -1.000000 0.000000
vn 0.000000 -1.000000 0.000000
vn 0.000000 -1.000000 0.000000
vn 0.000000 -1.000000 0.000000
vn 0.000002 -0.000001 1.000000
vn 0.000000 0.000000 1.000000
vn 0.000003 0.000000 1.000000
vn 0.000004 0.000003 1.000000
vn 0.000004 0.000001 1.000000
vn -0.000005 0.000001 1.000000
vn -0.000005 0.000002 1.000000
vn -0.000003 0.000001 1.000000
vn 0.000000 0.000000 1.000000
vn -0.000002 -0.000000 1.000000
vn -0.000002 0.000001 1.000000
vn 0.000000 0.000000 1.000000
vn -0.000003 -0.000000 1.000000
vn -0.000004 -0.000003 1.000000
vn -0.000004 -0.000001 1.000000
vn 0.000004 -0.000001 1.000000
vn 0.000004 -0.000002 1.000000
vn 0.000003 -0.000000 1.000000
vn 0.000000 0.000000 1.000000
vn 0.000002 0.000001 1.000000
vn 0.000000 0.000000 1.000000
vn 0.000000 0.000000 1.000000
vn 0.000000 0.000000 1.000000
vn 0.000000 0.000000 1.000000
vn 0.000000 0.000000 1.000000
vn 0.000000 0.000000 1.000000
vn 0.000000 0.000000 1.000000
vn 0.000000 0.000000 1.000000
vn 0.000000 0.000000 1.000000
vn 0.000000 0.000000 1.000000
vn 0.000000 0.000000 1.000000
vn 0.000000 0.000000 1.000000
vn 0.000000 0.000000 1.000000
vn 0.000000 0.000000 1.000000
vn 0.000000 0.000000 1.000000
vn 0.000000 0.000000 1.000000
vn 0.000000 0.000000 1.000000
vn 0.000000 0.000000 1.000000
vn 0.000000 0.000000 1.000000
vn 0.000000 0.000000 1.000000
vn 0.000000 0.000000 1.000000
vn 0.000000 0.000000 1.000000
vn 0.000000 0.000000 1.000000
vn 0.000000 0.000000 1.000000
vn 0.000000 0.000000 1.000000
vn 0.000000 0.000000 1.000000
vn 0.000000 0.000000 1.000000
vn 0.000000 0.000000 1.000000
vn 0.000000 0.000000 1.000000
vn 0.000000 0.000000 1.000000
vn 0.000000 0.000000 1.000000
vn 0.000000 0.000000 1.000000
vn 0.000000 0.000000 1.000000
vn 0.000000 0.000000 1.000000
vn 0.000000 0.000000 1.000000
vn 0.000000 0.000000 1.000000
vn 0.000000 0.000000 1.000000
vn 0.000000 0.000000 1.000000
vn 0.000000 0.000000 1.000000
vn 0.000000 0.000000 1.000000
vn 0.000000 0.000000 1.000000
vn 0.000000 0.000000 1.000000
vn 0.000000 0.000000 1.000000
vn 0.000000 0.000000 1.000000
vn 0.000000 0.000000 1.000000
vn 0.000000 0.000000 1.000000
vn 0.000000 0.000000 1.000000
vn 0.000000 0.000000 1.000000
vn 0.000000 0.000000 1.000000
vn 0.000000 0.000000 1.000000
vn 0.000000 0.000000 1.000000
vn 0.000000 0.000000 1.000000
vn 0.000000 0.000000 1.000000
vn 0.000000 0.000000 1.000000
vn 0.000000 0.000000 1.000000
vn 0.000000 0.000000 1.000000
vn 0.000000 0.000000 1.000000
vn 0.000000 0.000000 1.000000
vn 0.000000 0.000000 1.000000
vn 0.000000 0.000000 1.000000
vn 0.000000 0.000000 1.000000
vn 0.000000 0.000000 1.000000
vn 0.000000 0.000000 1.000000
vn 0.000000 0.000000 1.000000
vn 0.000000 0.000000 1.000000
vn 0.000000 0.000000 1.000000
vn 0.000000 0.000000 1.000000
vn 0.000000 0.000000 1.000000
vn 0.000000 0.000000 1.000000
vn 0.000000 0.000000 1.000000
vn 0.000000 0.000000 1.000000
vn 0.000399 -0.000478 1.000000
vn -0.000620 -0.000647 1.000000
vn -0.000328 -0.000153 1.000000
vn 0.000000 0.000000 1.000000
vn -0.000069 -0.000268 1.000000
vn -0.000114 -0.000930 1.000000
vn -0.000466 -0.000288 1.000000
vn -0.000472 0.000506 1.000000
vn 0.000369 0.000104 1.000000
vn 0.000820 -0.000051 1.000000
vn 0.000321 -0.000530 1.000000
vn -0.000021 -0.000374 1.000000
vn 0.000000 0.000000 1.000000
vn 0.000000 0.000000 1.000000
vn 0.000000 0.000000 1.000000
vn 0.000000 0.000000 1.000000
vn 0.000000 0.000000 1.000000
vn 0.000000 0.000000 1.000000
vn 0.000000 0.000000 1.000000
vn 0.000000 0.000000 1.000000
vn -0.000124 0.000056 1.000000
vn -0.000228 0.000554 1.000000
vn 0.000641 0.000865 0.999999
vn 0.000242 0.000187 1.000000
vn 0.000000 0.000000 1.000000
vn -0.000024 0.000412 1.000000
vn 0.000271 0.000556 1.000000
vn 0.000677 0.000032 1.000000
vn 0.000359 -0.000157 1.000000
vn -0.000336 -0.000271 1.000000
vn -0.000754 -0.000027 1.000000
vn -0.000796 0.000859 0.999999
vn -0.000156 0.000527 1.000000
vn 0.000000 0.000000 1.000000
vn -0.000297 0.000160 1.000000
vn -0.000496 0.000738 1.000000
vn 0.000278 0.000504 1.000000
vn 0.000133 0.000049 1.000000
vn 0.000000 0.000000 1.000000
vn 0.000000 0.000000 1.000000
vn 0.000000 0.000000 1.000000
vn 0.000000 0.000000 1.000000
vn 0.000000 0.000000 1.000000
vn 0.000000 0.000000 1.000000
vn 0.000000 0.000000 1.000000
vn 0.000000 0.000000 1.000000
vn 0.000000 0.000000 1.000000
vn -0.000071 -0.000275 1.000000
vn -0.000114 -0.000930 1.000000
vn -0.000638 -0.000255 1.000000
vn -0.000529 0.000313 1.000000
vn 0.000511 0.000387 1.000000
vn 0.000637 -0.000175 1.000000
vn 0.000176 -0.000904 1.000000
vn 0.000063 -0.000370 1.000000
vn 0.000000 0.000000 1.000000
vn 0.000394 -0.000041 1.000000
vn 0.000000 0.000000 1.000000
vn 0.000000 0.000000 1.000000
vn 0.000000 0.000000 1.000000
vn 0.000000 0.000000 1.000000
vn 0.000000 0.000000 1.000000
vn 0.000000 0.000000 1.000000
vn 0.000000 0.000000 1.000000
vn 0.000000 0.000000 1.000000
vn 0.000000 0.000000 1.000000
vn 0.000000 0.000000 1.000000
vn 0.000000 0.000000 1.000000
vn 0.000000 0.000000 1.000000
vn 0.000000 0.000000 1.000000
vn -0.000386 0.000468 1.000000
vn -0.000208 0.000020 1.000000
vn 0.000386 0.000036 1.000000
vn 0.000150 0.000252 1.000000
vn -0.000202 -0.000341 1.000000
vn 0.000113 -0.000171 1.000000
vn -0.000195 0.000363 1.000000
vn 0.000000 0.000000 1.000000
vn 0.000271 -0.000458 1.000000
vn 0.000360 -0.000017 1.000000
vn -0.000428 -0.000056 1.000000
vn -0.000276 -0.000486 1.000000
vn 0.000085 0.000165 1.000000
vn -0.000083 0.000199 1.000000
vn 0.000156 -0.000215 1.000000
vn 0.000458 -0.000069 1.000000
vn -0.000239 -0.000007 1.000000
vn -0.000260 -0.000526 1.000000
vn 0.000000 0.000000 1.000000
vn 0.000233 0.000457 1.000000
vn 0.000106 -0.000434 1.000000
vn -0.000319 -0.000471 1.000000
vn -0.000784 -0.000070 1.000000
vn -0.000364 0.000116 1.000000
vn 0.000336 0.000282 1.000000
vn 0.000758 0.000024 1.000000
vn 0.000796 -0.000859 0.999999
vn 0.000156 -0.000530 1.000000
vn 0.000000 0.000000 1.000000
vn 0.000195 -0.000215 1.000000
vn 0.000786 -0.001210 0.999999
vn -0.000508 -0.000767 1.000000
vn -0.000085 -0.000091 1.000000
vn 0.000000 0.000000 1.000000
vn 0.000000 0.000000 1.000000
vn 0.000000 0.000000 1.000000
vn 0.000000 0.000000 1.000000
vn 0.000000 0.000000 1.000000
vn 0.000000 0.000000 1.000000
vn 0.000000 0.000000 1.000000
vn 0.000000 0.000000 1.000000
vn 0.000000 0.000000 1.000000
vn 0.000000 0.000000 1.000000
vn -0.000075 0.000326 1.000000
vn 0.000186 0.000710 1.000000
vn 0.000471 0.000447 1.000000
vn 0.000435 -0.000591 1.000000
vn -0.000306 -0.000366 1.000000
vn -0.000487 0.000082 1.000000
vn -0.000397 0.000699 1.000000
vn -0.000084 0.000367 1.000000
vn 0.000000 0.000000 1.000000
vn -0.000294 0.000038 1.000000
vn 0.000131 0.000487 1.000000
vn 0.000201 0.000125 1.000000
vn 0.000000 0.000000 1.000000
vn 0.000095 0.000257 1.000000
vn 0.000265 0.000996 0.999999
vn 0.000440 0.000387 1.000000
vn 0.000435 -0.000591 1.000000
vn -0.000456 -0.000546 1.000000
vn -0.000509 0.000203 1.000000
vn -0.000190 0.000913 1.000000
vn -0.000062 0.000342 1.000000
vn 0.000000 0.000000 1.000000
vn 0.000000 0.000000 1.000000
vn 0.000000 0.000000 1.000000
vn 0.000000 0.000000 1.000000
vn 0.000000 0.000000 1.000000
vn 0.000000 0.000000 1.000000
vn 0.000000 0.000000 1.000000
vn 0.000114 -0.000068 1.000000
vn 0.000284 -0.000562 1.000000
vn -0.000489 -0.000625 1.000000
vn -0.000283 -0.000128 1.000000
vn 0.000000 0.000000 1.000000
vn 0.000000 0.000000 1.000000
vn 0.000000 0.000000 1.000000
vn 0.000000 0.000000 1.000000
vn 0.000000 0.000000 1.000000
vn 0.000000 0.000000 1.000000
vn 0.000000 0.000000 1.000000
vn 0.000000 0.000000 1.000000
vn 0.000000 0.000000 1.000000
vn 0.000000 0.000000 1.000000
vn 0.000000 0.000000 1.000000
vn 0.000000 0.000000 1.000000
vn 0.000000 0.000000 1.000000
vn 0.000000 0.000000 1.000000
vn 0.000000 0.000000 1.000000
vn 0.000483 0.000704 1.000000
vn 0.000075 0.000113 1.000000
vn -0.000029 -0.000364 1.000000
vn 0.000000 0.000000 1.000000
vn -0.000245 0.000386 1.000000
vn 0.000011 0.000013 1.000000
vn 0.000307 0.000688 1.000000
vn 0.000000 0.000000 1.000000
vn -0.000172 -0.000316 1.000000
vn 0.000121 -0.000254 1.000000
vn -0.000235 0.000476 1.000000
vn -0.000052 0.000010 1.000000
vn 0.000205 -0.000014 1.000000
vn -0.000438 -0.000043 1.000000
vn -0.000098 -0.000163 1.000000
vn 0.000251 0.000411 1.000000
vn -0.000118 0.000168 1.000000
vn 0.000386 -0.000468 1.000000
vn 0.935775 -0.352596 0.000715
vn 0.925061 -0.379695 0.009643
vn 0.976523 -0.215401 0.002318
vn 0.900388 -0.434236 0.027209
vn 0.963230 -0.268659 -0.003195
vn 0.999974 -0.006674 0.002825
vn 0.999809 -0.016445 -0.010569
vn 0.547414 0.836050 -0.036862
vn 0.515181 0.857081 0.001187
vn 0.525069 0.850985 -0.011298
vn 0.504421 0.863388 0.011002
vn 0.501712 0.864897 0.015474
vn 0.910363 -0.413802 0.002865
vn 0.521264 -0.853395 -0.000424
vn 0.756034 -0.654515 0.004739
vn 0.906606 -0.421945 -0.005201
vn 0.738197 -0.674566 -0.005169
vn 0.511835 -0.858993 -0.012507
vn -0.863114 -0.505002 -0.002622
vn -0.888520 -0.451988 0.078988
vn -0.874308 -0.484461 0.029722
vn -0.876988 -0.479068 0.037223
vn -0.864885 -0.501969 0.000884
vn 0.866025 0.500001 0.000000
vn 0.862674 0.505241 0.022917
vn 0.920348 0.390085 0.028159
vn 0.838612 0.543301 0.039418
vn 0.862736 0.502782 0.053818
vn 0.888654 0.458006 0.022897
vn 0.893610 0.448649 0.013240
vn 0.997637 0.014857 0.067078
vn 0.884266 -0.466983 0.000542
vn 0.884118 -0.467263 0.000373
vn 0.883940 -0.467601 0.000169
vn 0.883792 -0.467881 0.000000
vn 0.842080 0.539352 0.000766
vn 0.842750 0.538304 0.001034
vn 0.837745 0.546061 -0.000950
vn 0.838424 0.545019 -0.000683
vn -0.033037 0.999410 0.009387
vn 0.019290 0.999210 0.034745
vn 0.118172 0.992813 0.018896
vn -0.110308 0.992422 0.054137
vn -0.047825 0.996989 0.061034
vn 0.107172 0.993958 0.023683
vn 0.164211 0.986312 -0.014947
vn -0.113835 0.993283 0.020760
vn -0.044646 0.998260 0.038514
vn 0.042503 0.998842 0.022535
vn -0.150506 0.987135 0.053973
vn -0.065095 0.995834 0.063852
vn 0.075710 0.996861 0.023138
vn 0.096137 0.995368 -0.000521
vn 0.886292 -0.463067 -0.007444
vn 0.998248 0.058959 0.004984
vn 0.977990 -0.208616 -0.003916
vn 0.884530 -0.466453 -0.005390
vn 0.977103 -0.212769 -0.000110
vn 0.997790 0.065636 0.010381
vn 0.693687 0.720129 0.014595
vn 0.714573 0.699476 -0.010905
vn 0.692120 0.721594 0.016457
vn 0.671658 0.739771 0.040180
vn -0.202746 -0.978257 0.043663
vn -0.542061 -0.838085 -0.061511
vn -0.991231 -0.126653 -0.037695
vn -0.785836 0.617446 -0.034946
vn -0.264684 0.964099 -0.021339
vn 0.037927 0.997551 -0.058774
vn -0.475875 -0.872094 0.113997
vn -0.073505 0.997161 0.016309
vn -0.506835 0.860504 0.051484
vn -0.972909 0.226036 0.048536
vn -0.793729 -0.607001 0.039292
vn -0.178330 -0.983824 0.017002
vn -0.332140 -0.941921 0.049670
vn -0.747575 -0.664177 0.000000
vn -0.866026 0.500000 0.000000
vn -0.866026 0.500000 0.000000
vn -0.866026 0.500000 0.000000
vn -0.866026 0.500000 0.000000
vn -0.866025 -0.500000 0.000000
vn -0.860428 -0.508691 0.029964
vn -0.876918 -0.479932 0.026073
vn -0.845796 -0.532686 0.029577
vn -0.846332 -0.530676 0.045875
vn -0.876302 -0.481015 0.026826
vn -0.897104 -0.441820 0.000000
vn 0.000000 -1.000000 0.000000
vn 0.000000 -1.000000 0.000000
vn 0.000000 -1.000000 0.000000
vn 0.000000 -1.000000 0.000000
vn 0.876918 -0.479933 0.026073
vn 0.863442 -0.503354 0.033193
vn 0.858192 -0.513035 0.017371
vn 0.897103 -0.441821 0.000000
vn 0.867643 -0.496615 0.023844
vn 0.849267 -0.527553 0.020828
vn 0.843206 -0.537591 0.000000
vn 0.877382 0.479793 0.000000
vn 0.881196 0.472734 -0.004097
vn 0.885700 0.464169 -0.009037
vn 0.889167 0.457401 -0.012919
vn 0.895598 -0.444563 0.016384
vn 0.909014 -0.416181 0.022079
vn 0.804492 -0.593761 -0.015519
vn 0.785387 -0.618641 -0.021212
vn 0.037674 -0.999217 0.012069
vn 0.009152 -0.999473 0.031159
vn -0.042159 -0.998800 0.024938
vn 0.047832 -0.996989 0.061035
vn -0.072456 -0.997041 0.025673
vn -0.085782 -0.996297 0.005856
vn 0.111539 -0.992245 0.054850
vn -0.854255 -0.519612 0.015893
vn -0.868133 -0.495884 0.021072
vn -0.748027 -0.663425 -0.017967
vn -0.765966 -0.642754 -0.012802
vn -0.881913 0.471274 -0.011360
vn -0.885035 0.465462 -0.007683
vn -0.888509 0.458846 -0.003518
vn -0.891392 0.453233 0.000000
vn -0.866026 -0.500000 0.000000
vn -0.860428 -0.508690 0.029964
vn -0.876918 -0.479932 0.026074
vn -0.845796 -0.532685 0.029577
vn -0.846332 -0.530677 0.045876
vn -0.876302 -0.481016 0.026826
vn -0.897104 -0.441819 0.000000
vn 0.000000 -1.000000 0.000000
vn 0.000000 -1.000000 0.000000
vn 0.000000 -1.000000 0.000000
vn 0.000000 -1.000000 0.000000
vn 0.866026 -0.500000 0.000000
vn 0.868394 -0.495157 0.026671
vn 0.858191 -0.513036 0.017371
vn 0.889818 -0.454610 0.039417
vn 0.871061 -0.488054 0.055278
vn 0.839653 -0.542602 0.023784
vn 0.843205 -0.537592 0.000000
vn 0.866026 0.500000 0.000000
vn 0.912145 0.390728 -0.123785
vn 0.908102 0.404212 -0.109377
vn 0.929724 0.295472 -0.219796
vn 0.022920 -0.999262 0.030841
vn 0.006584 -0.998765 0.049240
vn 0.035456 -0.999232 0.016697
vn 0.021364 -0.999240 0.032594
vn -0.900534 -0.434743 -0.006086
vn -0.990909 -0.132130 -0.025316
vn -0.797754 0.601561 -0.041395
vn -0.129400 0.990688 -0.042344
vn 0.556053 0.830221 -0.039215
vn 0.985155 0.166130 -0.043246
vn 0.870251 -0.491887 -0.026666
vn 0.675508 -0.734257 -0.067502
vn 0.774873 -0.631868 0.017762
vn 0.970719 -0.235263 0.048540
vn 0.860824 0.507686 0.035175
vn 0.239990 0.969473 0.050275
vn -0.480259 0.876345 0.037037
vn -0.938191 0.345404 0.022230
vn -0.982988 -0.183661 0.001698
vn -0.898440 -0.439086 -0.003075
vn -0.875676 0.482703 0.013765
vn -0.887409 0.460612 0.018480
vn -0.800720 0.598910 -0.012402
vn -0.785451 0.618687 -0.017115
vn -0.879378 -0.476125 0.000000
vn -0.882547 -0.470210 -0.003478
vn -0.886254 -0.463138 -0.007617
vn -0.889187 -0.457414 -0.010950
vn -0.868217 0.495285 0.029876
vn -0.854093 0.519467 0.026073
vn -0.915040 0.402690 -0.023301
vn -0.891015 0.453898 0.008312
vn -0.868368 0.495417 0.022353
vn -0.831180 0.556004 0.000000
vn -0.994126 0.105419 0.024519
vn -0.915362 0.402580 0.006460
vn 0.836140 -0.547277 -0.036856
vn 0.856987 -0.515338 0.000850
vn 0.860994 -0.508340 0.016715
vn 0.884292 -0.459705 0.081851
vn 0.874575 -0.482685 0.046197
vn -0.403641 -0.914905 0.004728
vn -0.849628 -0.527325 -0.007720
vn -0.661494 -0.749917 0.007053
vn -0.391716 -0.920062 -0.006642
vn -0.651076 -0.759011 -0.001599
vn -0.852006 -0.523367 -0.013141
vn -0.504960 0.863129 -0.004876
vn -0.494099 0.869340 0.010708
vn -0.500208 0.865903 0.001827
vn -0.497265 0.867581 0.005472
vn -0.501490 0.865163 -0.000805
vn 0.500000 -0.866025 0.000000
vn 0.505241 -0.862674 0.022918
vn 0.390083 -0.920349 0.028159
vn 0.014845 -0.997637 0.067079
vn 0.448647 -0.893611 0.013239
vn 0.502782 -0.862737 0.053818
vn 0.543300 -0.838613 0.039417
vn 0.458007 -0.888654 0.022897
vn -0.000038 -0.000358 1.000000
vn 0.000865 -0.000524 0.999999
vn 0.000350 -0.000132 1.000000
vn 0.000097 -0.001020 0.999999
vn 0.000466 0.000467 1.000000
vn 0.000650 -0.000138 1.000000
vn -0.000229 -0.000329 1.000000
vn -0.000600 -0.000306 1.000000
vn -0.000624 0.000390 1.000000
vn -0.000243 0.000298 1.000000
vn -0.000106 0.000365 1.000000
vn -0.000189 0.000937 1.000000
vn 0.000015 0.000576 1.000000
vn -0.000008 -0.000001 1.000000
vn 0.000218 -0.000351 1.000000
vn 0.000000 0.000000 1.000000
vn -0.000376 0.000163 1.000000
vn -0.000333 -0.000137 1.000000
vn 0.000254 0.000159 1.000000
vn 0.007833 -0.998113 -0.060905
vn -0.392970 -0.918687 -0.039864
vn -0.948367 -0.315788 -0.029628
vn -0.997512 0.064232 -0.029058
vn -0.755347 -0.652848 0.056918
vn -0.994237 -0.097673 0.044186
vn -0.199101 -0.979482 0.031202
vn -0.674530 0.737987 0.019607
vn -0.683930 0.729465 0.010971
vn -0.690700 0.723126 0.004656
vn -0.699390 0.714731 -0.003572
vn 0.293430 0.954636 -0.050691
vn 0.256982 0.965978 -0.029086
vn 0.183008 0.983011 0.014058
vn 0.226397 0.973971 -0.011136
vn 0.918743 0.393680 -0.030438
vn 0.989930 -0.132440 -0.049985
vn 0.775228 -0.631103 -0.027012
vn 0.809351 0.584821 0.054179
vn 0.977646 0.207629 0.033152
vn 0.839920 -0.541591 0.034835
vn 0.584499 -0.808907 0.063492
vn -0.000001 0.000001 -1.000000
vn 0.000000 0.000000 -1.000000
vn 0.000001 -0.000001 -1.000000
vn -0.000001 -0.000005 -1.000000
vn -0.000001 0.000000 -1.000000
vn 0.000003 -0.000001 -1.000000
vn 0.000000 0.000000 -1.000000
vn 0.000000 0.000000 -1.000000
vn 0.000000 0.000000 -1.000000
vn 0.000000 0.000000 -1.000000
vn 0.000002 -0.000002 -1.000000
vn 0.000005 -0.000003 -1.000000
vn 0.000002 -0.000001 -1.000000
vn 0.000681 0.000822 -0.999999
vn -0.000591 0.000734 -1.000000
vn 0.000625 -0.000791 -0.999999
vn -0.000716 -0.000891 -0.999999
vn -0.000129 -0.000750 -1.000000
vn -0.000860 -0.000733 -0.999999
vn -0.002982 -0.000113 -0.999996
vn 0.000000 0.000000 -1.000000
vn 0.000000 0.000000 -1.000000
vn 0.000000 0.000000 -1.000000
vn 0.000000 0.000000 -1.000000
vn 0.000000 0.000000 -1.000000
vn 0.000000 0.000000 -1.000000
vn 0.000064 0.000575 -1.000000
vn 0.000324 0.000842 -1.000000
vn 0.002824 0.000159 -0.999996
vn 0.000000 0.000000 -1.000000
vn 0.000000 0.000000 -1.000000
vn -0.002423 0.000039 -0.999997
vn -0.001163 0.000443 -0.999999
vn -0.000191 0.000608 -1.000000
vn 0.000000 0.000000 -1.000000
vn 0.000001 -0.000001 -1.000000
vn 0.000001 0.000001 -1.000000
vn -0.000001 -0.000001 -1.000000
vn -0.000002 0.000004 -1.000000
vn 0.000002 0.000001 -1.000000
vn -0.000002 0.000001 -1.000000
vn -0.000000 0.000003 -1.000000
vn -0.000002 0.000008 -1.000000
vn -0.000002 -0.000000 -1.000000
vn 0.000000 0.000000 -1.000000
vn 0.000000 0.000000 -1.000000
vn 0.000000 0.000000 -1.000000
vn 0.000000 0.000000 -1.000000
vn 0.000000 0.000000 -1.000000
vn -0.000003 0.000005 -1.000000
vn -0.000002 0.000001 -1.000000
vn 0.000000 0.000000 -1.000000
vn 0.000000 0.000000 -1.000000
vn 0.000000 0.000000 -1.000000
vn 0.000000 0.000000 -1.000000
vn -0.000003 -0.000005 -1.000000
vn 0.000001 -0.000002 -1.000000
vn 0.000000 0.000000 -1.000000
vn 0.000000 0.000000 -1.000000
vn 0.000000 0.000000 -1.000000
vn 0.000000 0.000000 -1.000000
vn 0.000001 -0.000000 -1.000000
vn 0.000001 0.000002 -1.000000
vn 0.000000 0.000000 -1.000000
vn 0.000000 0.000000 -1.000000
vn 0.000000 0.000000 -1.000000
vn 0.000000 0.000000 -1.000000
vn 0.000000 0.000000 -1.000000
vn 0.000000 0.000000 -1.000000
vn 0.000000 0.000000 -1.000000
vn 0.000000 0.000000 -1.000000
vn 0.000000 0.000000 -1.000000
vn 0.000000 0.000000 -1.000000
vn 0.000000 0.000000 -1.000000
vn 0.000000 0.000000 -1.000000
vn 0.000000 0.000000 -1.000000
vn 0.000000 0.000000 -1.000000
vn 0.000000 0.000000 -1.000000
vn 0.000000 0.000000 -1.000000
vn 0.000000 0.000000 -1.000000
vn 0.000001 -0.000001 -1.000000
vn 0.000001 0.000000 -1.000000
vn 0.000000 0.000000 -1.000000
vn 0.000000 0.000000 -1.000000
vn 0.000000 0.000000 -1.000000
vn 0.000000 0.000000 -1.000000
vn 0.000000 0.000000 -1.000000
vn 0.000059 -0.000928 -1.000000
vn 0.000000 0.000000 -1.000000
vn 0.000000 0.000000 -1.000000
vn 0.000000 0.000000 -1.000000
vn 0.000000 0.000000 -1.000000
vn 0.000000 0.000000 -1.000000
vn 0.000184 -0.000448 -1.000000
vn -0.000151 -0.001008 -0.999999
vn -0.000210 -0.000371 -1.000000
vn 0.000000 0.000000 -1.000000
vn 0.000000 0.000000 -1.000000
vn 0.000000 0.000000 -1.000000
vn 0.000000 0.000000 -1.000000
vn 0.000000 0.000000 -1.000000
vn 0.000000 0.000000 -1.000000
vn 0.000000 0.000000 -1.000000
vn 0.000097 0.000955 -1.000000
vn 0.000205 0.000457 -1.000000
vn 0.000000 0.000000 -1.000000
vn 0.000000 0.000000 -1.000000
vn 0.000000 0.000000 -1.000000
vn 0.000000 0.000000 -1.000000
vn -0.000180 0.000320 -1.000000
vn -0.000092 0.000816 -1.000000
vn 0.000000 0.000000 -1.000000
vn 0.000000 0.000000 -1.000000
vn 0.000000 0.000000 -1.000000
vn 0.001579 -0.000396 -0.999999
vn 0.000288 -0.000642 -1.000000
vn 0.000000 0.000000 -1.000000
vn 0.000000 0.000000 -1.000000
vn 0.000000 0.000000 -1.000000
vn 0.000000 0.000000 -1.000000
vn 0.002743 -0.000014 -0.999996
vn 0.641758 -0.766414 -0.027501
vn 0.076541 -0.996480 -0.034199
vn -0.807262 -0.589528 -0.028019
vn -0.992294 -0.122083 -0.021180
vn -0.990315 0.137317 0.020487
vn 0.871368 -0.489323 0.035804
vn 0.515614 -0.856196 0.032706
vn -0.407141 -0.912967 0.026964
vn -0.958822 -0.283300 0.020012
vn 0.985248 0.166144 -0.041031
vn 0.978292 0.204610 -0.032845
vn 0.898217 0.439103 0.019891
vn 0.920516 0.390612 0.008554
vn 0.193612 0.980742 -0.025669
vn 0.212961 0.976843 -0.020602
vn 0.298466 0.954418 0.002177
vn 0.321118 0.947003 0.008322
vn -0.704769 0.709297 -0.014055
vn -0.690352 0.723403 -0.010114
vn -0.617811 0.786278 0.008682
vn -0.601438 0.798818 0.012714
vn -0.764899 -0.643703 -0.024011
vn -0.793139 -0.608893 -0.013455
vn -0.875824 -0.482115 0.022308
vn -0.895032 -0.444842 0.032144
vn 0.394329 -0.918446 -0.030998
vn 0.252626 -0.966932 -0.034969
vn 0.787487 -0.614542 0.046922
vn 0.407554 -0.912665 0.030683
vn -0.054121 -0.998211 0.025402
vn 0.998946 -0.018016 -0.042216
vn -0.934576 0.353640 -0.038804
vn -0.646793 0.762017 -0.031451
vn 0.250369 0.967815 -0.025498
vn 0.907590 0.418838 -0.029234
vn -0.268178 0.962785 0.033543
vn 0.635106 0.771955 0.026950
vn 0.935626 0.352577 0.017141
vn -0.759146 0.650239 0.029780
vn -0.835570 -0.549287 -0.010323
vn -0.851174 -0.524644 -0.015820
vn -0.730389 -0.682685 0.021762
vn -0.747843 -0.663661 0.016911
vn 0.512659 -0.858020 -0.031346
vn 0.170273 -0.985212 -0.019113
vn -0.184099 -0.982809 -0.013951
vn 0.148343 -0.988686 0.022243
vn 0.060781 -0.997864 0.023930
vn 0.993520 -0.109044 0.032038
vn 0.989822 -0.140864 0.020263
vn 0.962289 -0.270521 -0.028613
vn 0.970577 -0.240188 -0.017046
vn 0.473580 0.880137 -0.032881
vn 0.517611 0.855304 -0.023092
vn 0.700413 0.713392 0.022222
vn 0.739563 0.672267 0.033219
vn -0.398309 0.916989 -0.021921
vn -0.357981 0.933632 -0.013430
vn -0.188474 0.981853 0.021015
vn -0.151258 0.988088 0.028328
vn -0.977336 0.211667 0.003237
vn -0.974422 0.224628 0.006651
vn -0.959280 0.281616 0.021782
vn -0.962247 0.271509 0.019084
vn 0.487622 -0.872503 -0.031031
vn -0.490101 -0.871023 -0.033464
vn -0.857313 -0.513297 -0.039253
vn 0.874317 -0.484899 -0.021045
vn 0.977414 -0.209444 0.028209
vn 0.799907 -0.599606 0.024916
vn 0.014292 -0.999406 0.031348
vn -0.529681 -0.847699 0.029062
vn 0.873245 0.486835 -0.020842
vn 0.895494 0.444107 -0.029336
vn 0.714488 0.699150 0.026398
vn 0.747485 0.664038 0.017882
vn 0.055537 0.998268 -0.019404
vn 0.109044 0.993539 -0.031457
vn -0.193541 0.980395 0.036978
vn -0.139606 0.989898 0.024730
vn -0.921834 0.387087 -0.019639
vn -0.892665 0.449323 -0.035466
vn -0.982348 0.184745 0.029368
vn -0.991352 0.123823 0.043465
vn -0.999809 0.016444 -0.010570
vn -0.999974 0.006673 0.002825
vn -0.963230 0.268658 -0.003196
vn -0.976523 0.215400 0.002317
vn -0.900388 0.434237 0.027209
vn -0.935775 0.352596 0.000715
vn -0.925061 0.379695 0.009643
vn -0.821444 0.567009 -0.061079
vn -0.696430 0.682245 -0.222545
vn -0.816750 0.573817 -0.060444
vn -0.884292 0.459705 0.081850
vn -0.874575 0.482685 0.046197
vn 0.791946 0.610090 0.024719
vn 0.581926 0.812105 0.042981
vn 0.427732 0.900555 -0.077754
vn 0.675588 0.737134 0.014675
vn 0.856206 0.510174 -0.081444
vn 0.666137 -0.713652 -0.216706
vn 0.495551 -0.868512 0.010765
vn 0.576967 -0.811868 -0.089327
vn 0.498338 -0.866961 0.006204
vn 0.558457 -0.826824 -0.066990
vn -0.500000 0.866025 0.000000
vn -0.505241 0.862674 0.022918
vn -0.390081 0.920350 0.028160
vn -0.014840 0.997637 0.067080
vn -0.448647 0.893611 0.013240
vn -0.502782 0.862736 0.053819
vn -0.543301 0.838612 0.039418
vn -0.458006 0.888654 0.022898
vn 0.000239 -0.000345 1.000000
vn 0.000104 0.000361 1.000000
vn -0.000475 0.000331 1.000000
vn -0.000438 -0.000098 1.000000
vn -0.000093 0.000809 1.000000
vn -0.000461 -0.000565 1.000000
vn -0.000648 0.000125 1.000000
vn 0.000254 0.000294 1.000000
vn 0.000697 0.000327 1.000000
vn 0.000550 -0.000303 1.000000
vn 0.000194 -0.000362 1.000000
vn 0.000070 -0.000777 1.000000
vn -0.000309 -0.000798 1.000000
vn -0.000030 -0.000236 1.000000
vn -0.000042 0.000455 1.000000
vn -0.000165 0.000107 1.000000
vn 0.000255 -0.000110 1.000000
vn 0.000386 0.000170 1.000000
vn -0.000233 -0.000168 1.000000
vn 0.516869 0.854222 0.056139
vn 0.549030 0.835034 0.035826
vn 0.583705 0.811860 0.013107
vn 0.620895 0.783797 -0.012316
vn 0.997391 0.068165 0.023779
vn 0.998390 0.012486 0.055324
vn 0.983621 0.176164 -0.038148
vn 0.993027 0.117802 -0.004561
vn 0.694623 -0.719131 -0.018715
vn 0.684491 -0.728524 -0.026922
vn 0.676046 -0.736090 -0.033651
vn 0.667925 -0.743151 -0.040029
vn -0.032595 -0.999268 0.020017
vn 0.020260 -0.998871 0.042978
vn -0.158778 -0.986684 -0.035263
vn -0.103846 -0.994531 -0.011117
vn -0.723284 -0.690517 -0.006805
vn -0.708727 -0.705231 -0.018845
vn -0.755708 -0.654560 0.021368
vn -0.741946 -0.670397 0.009165
vn -0.999310 -0.000290 0.037153
vn -0.997476 0.070784 -0.005632
vn -0.993073 0.113252 -0.031319
vn -0.981308 0.178805 -0.071153
vn -0.435351 0.897780 0.066792
vn -0.361943 0.932046 0.016972
vn -0.324595 0.945822 -0.007616
vn -0.246461 0.967442 -0.057559
vn -0.495285 -0.868217 0.029876
vn -0.519467 -0.854093 0.026073
vn -0.132614 -0.990960 0.020309
vn -0.402127 -0.915290 -0.023207
vn -0.399714 -0.916620 0.006013
vn -0.495417 -0.868368 0.022353
vn -0.556004 -0.831180 0.000000
vn -0.453898 -0.891015 0.008312
vn 0.500000 -0.866026 0.000000
vn 0.500000 -0.866026 0.000000
vn 0.500000 -0.866026 0.000000
vn 0.500000 -0.866026 0.000000
vn 1.000000 0.000000 0.000000
vn 0.999630 0.005378 0.026670
vn 0.999733 -0.015206 0.017371
vn 0.997910 0.051204 0.039417
vn 0.998388 0.012863 0.055277
vn 0.998462 -0.050079 0.023784
vn 0.999033 -0.043963 0.000000
vn 0.500000 0.866026 0.000000
vn 0.500000 0.866026 0.000000
vn 0.500000 0.866026 0.000000
vn 0.500000 0.866026 0.000000
vn 0.868217 -0.495285 0.029876
vn 0.854092 -0.519468 0.026073
vn 0.892434 -0.450924 0.015116
vn 0.880737 -0.473143 0.020933
vn 0.868368 -0.495417 0.022353
vn 0.831180 -0.556004 0.000000
vn 0.996634 -0.052668 0.062822
vn 0.914705 -0.403205 0.027203
vn 0.883792 0.467881 0.000000
vn 0.883940 0.467601 -0.000169
vn 0.884118 0.467263 -0.000373
vn 0.884266 0.466983 -0.000542
vn 0.837745 -0.546061 0.000950
vn 0.838424 -0.545019 0.000683
vn 0.842750 -0.538304 -0.001034
vn 0.842080 -0.539352 -0.000766
vn 0.113836 -0.993283 0.020760
vn 0.047806 -0.998134 0.037981
vn -0.040120 -0.999000 0.019724
vn 0.150506 -0.987135 0.053973
vn 0.065095 -0.995834 0.063852
vn -0.078127 -0.996737 0.020303
vn -0.105045 -0.994442 -0.007177
vn 0.024656 -0.999696 0.000462
vn -0.021036 -0.999262 0.032152
vn -0.122461 -0.992348 0.015758
vn 0.111286 -0.992427 0.051997
vn 0.050445 -0.996834 0.061463
vn -0.110240 -0.993674 0.021443
vn -0.174309 -0.984436 -0.022417
vn 0.042054 0.999027 -0.013274
vn -0.006582 0.998462 -0.055053
vn 0.092372 0.995268 0.030164
vn 0.044101 0.998961 -0.011511
vn -0.664699 0.742573 0.082222
vn -0.682765 0.728210 0.059525
vn -0.698055 0.714953 0.039521
vn -0.685519 0.725900 0.055977
vn 0.957428 -0.286533 -0.035083
vn 0.812245 -0.583110 -0.015509
vn 0.214908 -0.976168 -0.030190
vn -0.495410 -0.867471 -0.045421
vn -0.981987 -0.184977 -0.038543
vn -0.966822 0.236054 -0.097636
vn -0.999524 0.011594 0.028600
vn -0.849331 -0.526588 0.036650
vn -0.253161 -0.966228 0.048084
vn 0.578836 -0.813563 0.055354
vn 0.927692 -0.371286 0.039163
vn 0.915003 0.403420 0.004598
vn 0.912325 0.409348 0.009886
vn 0.915885 0.401430 0.002829
vn 0.918293 0.395897 -0.002077
vn -0.866026 -0.500000 0.000000
vn -0.911657 -0.392432 -0.121977
vn -0.907167 -0.407144 -0.106215
vn -0.929117 -0.301734 -0.213773
vn -0.876918 0.479932 0.026073
vn -0.863442 0.503354 0.033193
vn -0.858191 0.513036 0.017371
vn -0.897103 0.441821 0.000000
vn -0.867644 0.496615 0.023845
vn -0.849266 0.527553 0.020828
vn -0.843205 0.537592 0.000000
vn 0.000000 1.000000 0.000000
vn 0.000000 1.000000 0.000000
vn 0.000000 1.000000 0.000000
vn 0.000000 1.000000 0.000000
vn 0.866026 0.500000 0.000000
vn 0.860428 0.508691 0.029963
vn 0.876918 0.479933 0.026073
vn 0.845797 0.532685 0.029576
vn 0.846332 0.530676 0.045875
vn 0.876301 0.481016 0.026826
vn 0.897103 0.441821 0.000000
vn 0.889167 -0.457401 0.012919
vn 0.885700 -0.464169 0.009037
vn 0.881196 -0.472734 0.004097
vn 0.877382 -0.479793 0.000000
vn 0.804492 0.593761 0.015519
vn 0.785387 0.618641 0.021212
vn 0.895598 0.444563 -0.016384
vn 0.909014 0.416181 -0.022079
vn -0.014327 0.999864 -0.008148
vn -0.012515 0.999631 0.024127
vn 0.046676 0.998656 0.022529
vn -0.067469 0.997436 0.023854
vn -0.010108 0.999676 0.023376
vn 0.101861 0.994752 -0.009593
vn -0.748027 0.663425 0.017967
vn -0.765966 0.642754 0.012802
vn -0.868133 0.495884 -0.021072
vn -0.854255 0.519612 -0.015893
vn -0.891392 -0.453233 0.000000
vn -0.888509 -0.458846 0.003518
vn -0.885035 -0.465462 0.007683
vn -0.881913 -0.471274 0.011360
vn -0.866026 0.500000 0.000000
vn -0.868394 0.495157 0.026671
vn -0.858192 0.513035 0.017371
vn -0.889818 0.454609 0.039418
vn -0.871062 0.488053 0.055280
vn -0.839653 0.542602 0.023785
vn -0.843206 0.537591 0.000000
vn 0.000000 1.000000 0.000000
vn 0.000000 1.000000 0.000000
vn 0.000000 1.000000 0.000000
vn 0.000000 1.000000 0.000000
vn 0.866025 0.500001 0.000000
vn 0.860428 0.508691 0.029963
vn 0.876918 0.479932 0.026073
vn 0.845796 0.532686 0.029576
vn 0.846332 0.530676 0.045874
vn 0.876301 0.481016 0.026826
vn 0.897103 0.441821 0.000000
vn 0.929124 -0.301665 0.213839
vn 0.907178 -0.407112 0.106250
vn 0.911749 -0.392112 0.122317
vn 0.866026 -0.500000 0.000000
vn -0.891112 0.453769 0.003637
vn -0.162553 0.986700 -0.000108
vn 0.202671 0.979169 -0.012352
vn 0.821583 0.568442 -0.043302
vn 0.996041 -0.082797 -0.032364
vn 0.738501 -0.673679 -0.027791
vn 0.170132 -0.984886 -0.032462
vn -0.558370 -0.828987 -0.031672
vn -0.948828 -0.314773 -0.025382
vn -0.977700 0.210004 -0.001120
vn -0.907597 0.419044 0.025870
vn -0.992731 0.117481 0.026128
vn -0.875429 -0.482322 0.031468
vn -0.343413 -0.938692 0.030409
vn 0.341335 -0.939297 0.034811
vn 0.884494 -0.464883 0.039425
vn 0.973387 0.226455 0.035162
vn 0.665788 0.746005 0.014241
vn 0.155217 0.987468 0.028533
vn -0.146581 0.989122 0.012304
vn -0.800720 -0.598910 0.012402
vn -0.785451 -0.618687 0.017115
vn -0.875676 -0.482703 -0.013765
vn -0.887409 -0.460612 -0.018480
vn -0.889187 0.457414 0.010950
vn -0.886254 0.463138 0.007617
vn -0.879378 0.476125 0.000000
vn -0.882547 0.470210 0.003478
vn -0.866025 -0.500000 0.000000
vn -0.862674 -0.505241 0.022918
vn -0.921107 -0.389227 0.007982
vn -0.838613 -0.543300 0.039418
vn -0.862736 -0.502782 0.053818
vn -0.898736 -0.438365 0.010488
vn -0.916498 -0.399324 -0.023903
vn -0.997759 -0.058603 0.032278
vn 0.863093 0.505035 0.003157
vn 0.886807 0.455332 0.079036
vn 0.873379 0.485921 0.033024
vn 0.875432 0.481773 0.038895
vn 0.864090 0.503312 0.005102
vn -0.920935 0.389384 0.016096
vn -0.514021 0.857347 0.027179
vn -0.810366 0.585649 0.017961
vn -0.888864 0.456525 -0.038803
vn -0.656734 0.753996 -0.013816
vn -0.387520 0.919215 -0.069794
vn -0.628398 -0.759405 -0.168583
vn -0.539724 -0.840596 -0.045785
vn -0.559087 -0.826075 -0.070871
vn -0.493991 -0.869400 0.010778
vn -0.494094 -0.869344 0.010601
vn 0.495284 0.868217 0.029876
vn 0.519467 0.854093 0.026073
vn 0.495417 0.868368 0.022353
vn 0.556003 0.831180 0.000000
vn 0.402128 0.915289 -0.023206
vn 0.453897 0.891015 0.008312
vn 0.132618 0.990959 0.020310
vn 0.399715 0.916620 0.006013
vn -0.500000 0.866025 0.000000
vn -0.500000 0.866025 0.000000
vn -0.500000 0.866025 0.000000
vn -0.500000 0.866025 0.000000
vn -1.000000 0.000000 0.000000
vn -0.999630 -0.005378 0.026671
vn -0.999733 0.015206 0.017371
vn -0.997910 -0.051205 0.039418
vn -0.998388 -0.012863 0.055279
vn -0.998462 0.050080 0.023784
vn -0.999033 0.043965 0.000000
vn -0.500000 -0.866025 0.000000
vn -0.500000 -0.866025 0.000000
vn -0.500000 -0.866025 0.000000
vn -0.500000 -0.866025 0.000000
vn -0.661626 0.749829 0.002871
vn -0.676671 0.736065 0.018018
vn -0.636313 0.771126 -0.021704
vn -0.652227 0.757996 -0.006381
vn 0.196993 0.979867 -0.032460
vn 0.250999 0.967980 0.003657
vn 0.278658 0.960128 0.022437
vn 0.328455 0.942813 0.056759
vn 0.975136 0.214819 -0.054436
vn 0.985137 0.170349 -0.022038
vn 0.994251 0.103928 0.025773
vn 0.988351 0.151939 -0.008717
vn 0.641587 -0.767050 0.000892
vn 0.637063 -0.770805 -0.003108
vn 0.629126 -0.777238 -0.010059
vn 0.633842 -0.773440 -0.005939
vn -0.234778 -0.972018 -0.007771
vn -0.260451 -0.965444 0.009096
vn -0.276123 -0.960925 0.019472
vn -0.299404 -0.953484 0.035000
vn -0.954690 -0.292940 -0.052466
vn -0.970943 -0.238952 -0.013105
vn -0.976576 -0.215133 0.004024
vn -0.986400 -0.158267 0.044357
vn 0.783483 -0.610412 -0.116415
vn 0.663331 -0.747306 -0.039072
vn 0.569808 -0.821677 0.012824
vn 0.404442 -0.909783 0.093386
vn -0.164844 -0.981604 -0.096338
vn -0.319166 -0.947353 -0.025613
vn -0.423004 -0.905780 0.025103
vn -0.565261 -0.818872 0.099640
vn -0.991540 -0.121182 -0.046502
vn -0.971740 -0.214071 -0.099476
vn -0.997530 0.049287 0.050041
vn -0.998062 -0.060990 -0.012315
vn -0.611043 0.791467 0.014323
vn -0.640937 0.766272 0.045032
vn -0.561188 0.826996 -0.033844
vn -0.592489 0.805569 -0.004016
vn 0.189543 0.979970 -0.061095
vn 0.581565 0.812429 -0.041723
vn 0.953502 0.301156 -0.011810
vn 0.407543 0.912233 0.041711
vn 0.864748 0.497449 0.068957
vn 0.992588 -0.020917 0.119710
vn -0.993619 0.112640 -0.005818
vn -0.984551 0.172342 -0.030951
vn -0.998690 -0.017150 0.048218
vn -0.999002 0.036273 0.026075
vn -0.654598 0.755750 0.018525
vn -0.671442 0.741035 0.005710
vn -0.695008 0.718888 -0.012826
vn -0.711414 0.702285 -0.026191
vn 0.028699 0.999366 -0.021079
vn 0.091059 0.994556 -0.050663
vn -0.103819 0.993713 0.041906
vn -0.041692 0.999054 0.012357
vn 0.753838 0.656546 0.026004
vn 0.750120 0.660909 0.022764
vn 0.746157 0.665489 0.019340
vn 0.743106 0.668964 0.016724
vn 0.999828 0.018485 -0.001600
vn 0.998038 0.059546 -0.019365
vn 0.996716 -0.071813 0.037424
vn 0.999166 -0.034756 0.021416
vn 0.745396 -0.665042 -0.045875
vn 0.420777 -0.906452 -0.035945
vn -0.006033 -0.995387 -0.095755
vn 0.587513 -0.807748 0.048694
vn 0.351096 -0.935795 0.031919
vn -0.733819 -0.679345 0.000042
vn -0.804356 -0.591881 -0.051856
vn -0.594055 -0.799925 0.084962
vn -0.673279 -0.738353 0.039129
vn -0.479941 0.869817 -0.114347
vn -0.029168 0.998337 -0.049722
vn 0.700494 0.713169 -0.026410
vn 0.908578 0.415779 -0.040170
vn -0.170743 0.985270 0.009447
vn 0.473728 0.879081 0.052889
vn 0.847571 0.530216 0.022228
vn 0.872946 -0.487454 -0.018823
vn 0.842658 -0.535631 -0.055013
vn 0.911822 -0.408907 0.037087
vn 0.886440 -0.462842 -0.000918
vn -0.192725 -0.976218 -0.099272
vn -0.081161 -0.996335 -0.027019
vn -0.035698 -0.999360 0.002294
vn 0.083063 -0.993446 0.078518
vn -0.956961 -0.287923 -0.036416
vn -0.982329 -0.152854 -0.108007
vn -0.867220 -0.491291 0.081012
vn -0.934744 -0.355320 0.001093
vn 0.997130 0.072381 -0.022183
vn 0.992367 -0.078391 -0.095197
vn 0.940198 0.324482 0.103633
vn 0.982232 0.184700 0.033270
vn 0.653464 -0.754440 0.061696
vn 0.676002 -0.735745 0.041240
vn 0.693093 -0.720410 0.025142
vn 0.709337 -0.704808 0.009323
vn -0.109736 -0.993710 0.022340
vn -0.091120 -0.995223 0.035060
vn -0.140410 -0.990093 0.001272
vn -0.124164 -0.992184 0.012447
vn -0.811941 -0.579923 -0.066643
vn -0.887897 -0.459893 0.011710
vn -0.953525 -0.277398 0.117646
vn -0.918195 -0.392652 0.052361
vn -0.700237 0.713218 -0.031438
vn -0.381744 0.923670 -0.033262
vn -0.928022 0.360973 -0.092053
vn -0.731918 0.680777 0.028944
vn -0.536507 0.842468 0.049072
vn 0.456658 0.888913 -0.036008
vn 0.504522 0.860979 -0.064596
vn 0.356012 0.934237 0.021358
vn 0.416076 0.909245 -0.012456
vn -0.552852 -0.832709 -0.030845
vn -0.612872 -0.786641 -0.074721
vn -0.435481 -0.898925 0.047866
vn -0.511476 -0.859295 -0.002134
vn -0.999567 -0.006863 -0.028597
vn -0.986517 0.160691 -0.031018
vn -0.951990 -0.301978 0.050245
vn -0.999479 0.020697 0.024767
vn -0.943109 0.330730 0.034111
vn -0.524724 0.850351 -0.039604
vn -0.506589 0.861737 -0.027860
vn -0.485480 0.874129 -0.014410
vn -0.462681 0.886525 -0.000134
vn 0.591034 0.805699 -0.039075
vn 0.394516 0.917198 -0.055711
vn 0.548496 0.835810 0.023957
vn 0.829322 0.553065 0.079652
vn 0.209089 0.977400 0.031176
vn 0.996786 -0.039012 -0.069974
vn 0.994045 -0.101440 -0.039809
vn 0.986552 -0.163167 -0.009557
vn 0.971178 -0.236809 0.027107
vn 0.493973 -0.869151 -0.023832
vn 0.493735 -0.869291 -0.023641
vn 0.493575 -0.869385 -0.023513
vn 0.493301 -0.869547 -0.023294
vn -0.080078 -0.995984 -0.040035
vn -0.092831 -0.995144 -0.032710
vn -0.106520 -0.994001 -0.024828
vn -0.122669 -0.992327 -0.015501
vn -0.887058 -0.459015 -0.049335
vn -0.920563 -0.378772 -0.095369
vn -0.796359 -0.603345 0.042285
vn -0.856137 -0.516551 -0.014329
vn -0.654668 0.748618 -0.104785
vn -0.592540 0.803503 -0.057264
vn -0.459266 0.887623 0.034643
vn -0.550209 0.834598 -0.026766
vn 0.506041 0.862341 -0.017027
vn 0.499518 0.866231 -0.011212
vn 0.489634 0.871925 -0.002475
vn 0.496564 0.867958 -0.008591
vn 0.997716 0.067541 -0.000207
vn 0.999056 0.040562 0.015557
vn 0.999420 0.020205 0.027426
vn 0.999162 -0.002847 0.040840
vn 0.749875 -0.659677 -0.050135
vn 0.702201 -0.711733 -0.018731
vn 0.641722 -0.766731 0.017793
vn 0.585389 -0.809258 0.049201
vn -0.373291 -0.923106 -0.092355
vn -0.759377 -0.648629 -0.051253
vn -0.995311 -0.096213 -0.009957
vn -0.577954 -0.815919 0.015656
vn -0.940679 -0.334170 0.058767
vn -0.985018 0.145054 0.093263
vn -0.634878 0.762119 -0.126902
vn -0.510479 0.859012 -0.038855
vn -0.284117 0.953521 0.100370
vn -0.443866 0.896082 0.004492
vn 0.551273 0.834297 -0.006831
vn 0.465530 0.883297 -0.055388
vn 0.601803 0.798291 0.023763
vn 0.672519 0.736794 0.069661
vn 0.973619 0.207050 -0.095902
vn 0.947503 -0.314141 -0.059619
vn 0.553447 -0.832372 -0.029218
vn 0.989725 -0.138950 0.033710
vn 0.714761 -0.697549 0.050414
vn 0.334387 -0.938887 0.081706
vn -0.107434 -0.991765 -0.069717
vn -0.468668 -0.882868 -0.029912
vn -0.754869 -0.653833 -0.051721
vn -0.368293 -0.929128 0.032885
vn -0.569106 -0.821071 0.044279
vn -0.993136 0.115155 -0.020491
vn -0.982240 0.178976 -0.056318
vn -0.999166 0.005631 0.040440
vn -0.997279 0.073671 0.002669
vn -0.161166 0.985722 -0.048754
vn -0.355452 0.933829 -0.040210
vn 0.006862 0.999560 0.028847
vn -0.642520 0.762954 0.071194
vn -0.326231 0.945061 0.020827
vn 0.673155 0.739099 -0.024408
vn 0.881042 0.472653 -0.019066
vn 0.996872 0.078914 -0.004263
vn 0.727789 0.685708 0.011311
vn 0.945136 0.325237 0.030645
vn 0.996080 -0.071965 0.051438
vn 0.780622 -0.620693 -0.073272
vn 0.698658 -0.715323 -0.013810
vn 0.628313 -0.777343 0.031005
vn 0.526783 -0.845357 0.088721
vn -0.576399 -0.817134 0.007497
vn -0.666461 -0.742583 -0.066333
vn -0.440566 -0.891587 0.104760
vn -0.537258 -0.842605 0.037014
vn -0.998464 0.053648 0.013812
vn -0.996630 0.082000 -0.001974
vn -0.999166 0.005631 0.040440
vn -0.999188 0.029940 0.026976
vn -0.608495 0.793505 -0.009162
vn -0.619282 0.784960 -0.018074
vn -0.630947 0.775326 -0.027862
vn -0.643672 0.764321 -0.038731
vn 0.674216 0.737445 -0.040086
vn 0.997576 0.061215 -0.033083
vn 0.731567 -0.680456 -0.042296
vn 0.378606 -0.921116 -0.090566
vn 0.244250 0.969246 -0.030077
vn 0.418654 0.907490 0.034500
vn 0.939486 0.340730 0.035628
vn 0.908571 -0.415478 0.043311
vn 0.566806 -0.823786 0.010364
vn 0.006850 0.997868 0.064898
vn -0.999260 -0.038430 -0.001569
vn -0.999533 0.029227 -0.008958
vn -0.999851 0.014838 -0.008865
vn -0.999788 -0.020428 -0.002479
vn -0.999995 -0.003076 -0.001016
vn -0.999013 -0.044322 0.002975
vn -0.998723 -0.045730 0.021454
vn -0.998070 -0.050271 -0.036459
vn -0.999962 -0.006965 -0.005228
vn -0.997314 0.058122 -0.044578
vn -0.998356 -0.054611 0.017432
vn -0.998938 0.045242 -0.008751
vn -0.999385 -0.019863 0.028912
vn -0.997518 -0.053435 0.045854
vn 0.000888 -0.711943 -0.702237
vn -0.001518 -0.688990 -0.724769
vn -0.001399 -0.690151 -0.723664
vn 0.001011 -0.713098 -0.701064
vn 0.004203 -0.999978 -0.005171
vn -0.003144 -0.999977 -0.006061
vn 0.001465 -0.999973 -0.007163
vn -0.000683 -0.999999 0.000896
vn 0.010836 -0.999762 -0.018919
vn 0.005544 -0.999954 0.007890
vn 0.001960 -0.999997 0.001585
vn -0.010618 -0.999652 -0.024144
vn 0.000782 -0.999985 0.005490
vn 0.011757 -0.999556 -0.027384
vn 0.317035 -0.947438 0.043012
vn -0.002687 -0.999960 -0.008477
vn 0.202842 -0.976096 0.078048
vn -0.001359 -0.999971 -0.007555
vn 0.996825 -0.006780 0.079335
vn 0.904522 -0.031524 0.425261
vn 0.382596 -0.031758 0.923370
vn 0.038674 0.035337 0.998627
vn 0.885376 -0.457898 0.080242
vn 0.237897 0.028558 0.970871
vn 0.718638 -0.139872 0.681172
vn 0.931537 -0.319398 0.173850
vn 0.017445 0.072084 0.997246
vn -0.654094 -0.754769 0.049853
vn -0.656472 -0.066329 0.751429
vn -0.453144 -0.771286 0.446967
vn -0.186939 -0.760112 0.622321
vn -0.390489 -0.547285 0.740268
vn -0.697993 -0.513982 0.498626
vn -0.270707 -0.790980 0.548697
vn -0.100496 -0.704146 0.702907
vn 0.000000 -1.000000 0.000000
vn 0.000000 -1.000000 0.000000
vn 0.000000 -1.000000 0.000000
vn 0.000000 -1.000000 0.000000
vn 0.000000 -1.000000 0.000000
vn 0.000000 -1.000000 0.000000
vn 0.000000 -1.000000 0.000000
vn 0.000000 -1.000000 0.000000
vn 0.000000 -1.000000 0.000000
vn 0.000000 -1.000000 0.000000
vn 0.000000 -1.000000 0.000000
vn 0.000000 -1.000000 0.000000
vn 0.000000 -1.000000 0.000000
vn 0.000000 -1.000000 0.000000
vn 0.000000 -1.000000 0.000000
vn 0.000000 -1.000000 0.000000
vn 0.000000 -1.000000 0.000000
vn 0.000000 -1.000000 0.000000
vn 0.000000 -1.000000 0.000000
vn 0.000000 -1.000000 0.000000
vn 0.000000 -1.000000 0.000000
vn 0.000000 -1.000000 0.000000
vn 0.000000 -1.000000 0.000000
vn 0.000000 -1.000000 0.000000
vn 0.000000 -1.000000 0.000000
vn 0.000000 -1.000000 0.000000
vn 0.000000 -1.000000 0.000000
vn 0.000000 -1.000000 0.000000
vn 0.000000 -1.000000 0.000000
vn 0.000000 -1.000000 0.000000
vn 0.000000 -1.000000 0.000000
vn 0.932113 0.027950 -0.361088
vn -0.874636 0.105937 0.473063
vn -0.575620 0.049954 0.816190
vn 0.145111 0.033712 0.988841
vn 0.757134 0.031882 0.652481
vn 0.998841 0.029849 -0.037762
vn -0.757617 0.005582 0.652676
vn -0.296441 -0.041021 0.954170
vn 0.452785 -0.043671 0.890550
vn 0.971882 -0.042327 0.231633
vn 0.963004 -0.021496 -0.268629
vn 0.333523 0.036904 -0.942020
vn 0.244356 0.089612 -0.965536
vn 0.475087 -0.052761 -0.878356
vn 0.380972 0.007730 -0.924554
vn -0.644314 0.039996 -0.763715
vn -0.761258 0.134296 -0.634390
vn -0.430226 -0.099112 -0.897264
vn -0.596199 0.005781 -0.802816
vn 0.000000 1.000000 0.000000
vn 0.000000 1.000000 0.000000
vn 0.000719 1.000000 -0.000478
vn 0.000594 1.000000 -0.000307
vn 0.000000 0.999996 -0.002758
vn 0.000000 1.000000 0.000000
vn 0.000000 1.000000 0.000000
vn 0.000991 0.999999 0.000679
vn 0.000816 0.999999 0.000849
vn -0.000000 1.000000 0.000000
vn -0.000000 1.000000 0.000000
vn 0.000000 1.000000 0.000000
vn -0.000000 1.000000 0.000001
vn 0.000413 1.000000 0.000535
vn -0.000000 1.000000 0.000000
vn 0.000000 1.000000 0.000000
vn 0.000000 1.000000 0.000000
vn -0.000504 1.000000 -0.000375
vn 0.000000 1.000000 0.000000
vn 0.000000 1.000000 0.000000
vn 0.000000 0.999998 -0.001976
vn -0.000424 1.000000 -0.000217
vn 0.000000 1.000000 0.000000
vn 0.000000 1.000000 0.000000
vn 0.000000 1.000000 0.000001
vn -0.000247 1.000000 0.000449
vn 0.000000 1.000000 0.000000
vn 0.000000 1.000000 0.000000
vn 0.000000 1.000000 0.000000
vn -0.000448 1.000000 0.000453
vn -0.000748 1.000000 0.000419
vn 0.000000 1.000000 0.000000
vn -0.995219 0.097093 0.010594
vn -0.896076 0.036977 0.442357
vn -0.616799 0.093688 0.781525
vn -0.951801 -0.041462 0.303902
vn -0.796872 -0.037440 0.602987
vn 0.244268 -0.007399 0.969680
vn 0.362562 0.075646 0.928885
vn 0.094578 -0.107128 0.989737
vn 0.210473 -0.030410 0.977127
vn 0.948928 -0.006899 0.315418
vn 0.939124 -0.024902 0.342675
vn 0.932377 -0.036246 0.359667
vn 0.923137 -0.050700 0.381113
vn 0.932076 0.029263 -0.361078
vn 0.904845 -0.011015 -0.425598
vn 0.885097 -0.035833 -0.464025
vn 0.853533 -0.070658 -0.516225
vn 0.284922 0.076569 -0.955488
vn 0.186328 0.019986 -0.982284
vn 0.131012 -0.011254 -0.991317
vn 0.029091 -0.067915 -0.997267
vn -0.587753 0.062220 -0.806644
vn -0.673838 0.001689 -0.738877
vn -0.711232 -0.027231 -0.702430
vn -0.778075 -0.084476 -0.622465
vn -0.964526 -0.260450 0.043074
vn -0.996823 -0.078568 0.013056
vn -1.000000 0.000000 0.000000
vn -1.000000 0.000000 0.000000
vn -0.999620 -0.027118 0.004952
vn -1.000000 0.000658 0.000279
vn -0.095122 0.132470 0.986612
vn 0.067691 -0.061571 0.995805
vn 0.635171 -0.032578 0.771684
vn 0.696178 -0.038971 0.716811
vn -0.674656 -0.006988 0.738099
vn -0.642783 -0.008103 0.766005
vn -0.665104 0.006088 0.746726
vn -0.662873 -0.002252 0.748728
vn 0.666084 0.003803 0.745867
vn 0.658103 -0.017816 0.752717
vn -0.592792 -0.012436 0.805260
vn -0.490762 0.002230 0.871291
vn -0.166640 0.063132 0.983995
vn 0.394047 -0.016251 0.918947
vn 0.560518 0.010069 0.828081
vn 0.564947 -0.003552 0.825120
vn -0.440687 0.005508 0.897644
vn -0.181377 -0.022337 0.983160
vn 0.189688 -0.033165 0.981284
vn 0.475574 0.007687 0.879642
vn -0.587571 -0.010044 0.809111
vn 0.236035 -0.721527 0.650912
vn -0.252366 -0.653269 0.713829
vn 0.150422 -0.755661 0.637456
vn 0.259782 -0.758400 0.597782
vn -0.506238 0.025964 0.862003
vn -0.484149 0.015172 0.874854
vn 0.255361 -0.762101 0.594972
vn -0.144242 -0.480124 0.865260
vn -0.420715 -0.229935 0.877570
vn -0.189388 -0.866106 0.462593
vn -0.363076 -0.775509 0.516489
vn -0.400120 -0.641155 0.654847
vn -0.167958 -0.881977 0.440348
vn -0.354500 -0.792744 0.495869
vn -0.546155 -0.804772 0.232500
vn -0.674959 -0.736701 0.041250
vn -0.660401 -0.750028 0.036442
vn -0.724741 -0.676844 0.128968
vn -0.462128 -0.845159 0.268597
vn -0.034692 0.043182 0.998465
vn -0.018871 0.070564 0.997329
vn -0.263469 -0.002084 0.964666
vn -0.692450 -0.002415 0.721461
vn -0.960577 -0.002568 0.278003
vn -0.998607 -0.010136 0.051774
vn -0.998241 -0.016199 0.057026
vn -0.958928 -0.003025 0.283632
vn -0.680694 0.003640 0.732559
vn -0.248026 0.013560 0.968659
vn 0.295274 -0.419636 0.858323
vn 0.184402 0.032532 0.982312
vn 0.223146 0.016412 0.974647
vn 0.326310 -0.151661 0.933017
vn 0.299258 -0.137178 0.944260
vn 0.234400 -0.721529 0.651500
vn 0.588383 -0.321644 0.741856
vn 0.274352 -0.704425 0.654611
vn 0.620015 -0.062316 0.782112
vn 0.128327 -0.721099 0.680844
vn 0.563721 -0.379987 0.733368
vn 0.596403 -0.283985 0.750770
vn 0.354822 -0.555538 0.751983
vn 0.999450 0.032111 -0.008337
vn 0.999303 -0.035678 -0.010982
vn 0.999789 0.020410 -0.002506
vn 0.999851 -0.014851 -0.008841
vn 0.999962 0.006936 -0.005206
vn 0.943979 -0.033624 0.328287
vn 0.416517 -0.036825 0.908382
vn 0.024403 -0.006904 0.999678
vn 0.998958 -0.045082 -0.007141
vn 0.013141 -0.029659 0.999474
vn 0.140015 -0.019594 0.989956
vn 0.668962 0.012003 0.743199
vn 0.963749 0.010873 0.266588
vn 0.998070 0.050272 -0.036458
vn 0.998886 0.046259 -0.009266
vn 0.965957 0.022916 0.257686
vn 0.939922 -0.025601 0.340429
vn 0.999992 0.004039 -0.000330
vn 0.997693 -0.053746 -0.041462
vn 0.667660 0.014856 0.744318
vn 0.156145 -0.000981 0.987734
vn -0.020156 0.006177 0.999778
vn -0.001654 -0.023207 0.999729
vn 0.430789 -0.043934 0.901383
vn 0.648582 0.064340 0.758420
vn 0.295434 0.705313 0.644400
vn 0.387645 0.539171 0.747681
vn 0.622383 0.284156 0.729311
vn 0.195881 0.789959 0.581029
vn 0.248138 0.827897 0.503006
vn 0.075935 0.647394 0.758364
vn 0.003144 0.999977 -0.006062
vn -0.004129 0.999979 -0.005026
vn -0.001552 0.999974 -0.007002
vn 0.001359 0.999971 -0.007555
vn 0.002687 0.999960 -0.008477
vn -0.204077 0.975257 0.085011
vn -0.317035 0.947438 0.043011
vn 0.010618 0.999652 -0.024144
vn -0.000798 0.999985 0.005492
vn -0.011827 0.999561 -0.027158
vn -0.005463 0.999955 0.007770
vn -0.002036 0.999996 0.001743
vn 0.000067 1.000000 -0.000616
vn -0.010894 0.999757 -0.019182
vn -0.046957 -0.020949 0.998677
vn -0.499615 0.030611 0.865707
vn -0.950663 0.020165 0.309570
vn -0.998186 0.016235 0.057979
vn -0.867665 0.490452 0.081329
vn -0.218075 -0.018748 0.975752
vn -0.718037 0.119466 0.685676
vn -0.914700 0.350924 0.200441
vn -0.017445 -0.072084 0.997246
vn 0.034692 -0.043182 0.998465
vn 0.018871 -0.070564 0.997329
vn 0.997740 -0.011698 0.066170
vn 0.955955 0.002566 0.293504
vn 0.692450 0.002416 0.721462
vn 0.263469 0.002084 0.964666
vn 0.998101 -0.023138 0.057087
vn 0.956293 -0.005828 0.292351
vn 0.680693 -0.003639 0.732560
vn 0.248026 -0.013560 0.968658
vn 0.000000 1.000000 0.000000
vn 0.000000 1.000000 0.000000
vn 0.000000 1.000000 0.000000
vn 0.000000 1.000000 0.000000
vn 0.000000 1.000000 0.000000
vn 0.000000 1.000000 0.000000
vn 0.000000 1.000000 0.000000
vn 0.000000 1.000000 0.000000
vn 0.000000 1.000000 0.000000
vn 0.000000 1.000000 0.000000
vn 0.000000 1.000000 0.000000
vn 0.000000 1.000000 0.000000
vn 0.000000 1.000000 0.000000
vn 0.000000 1.000000 0.000000
vn 0.000000 1.000000 0.000000
vn 0.000000 1.000000 0.000000
vn 0.000000 1.000000 0.000000
vn 0.000000 1.000000 0.000000
vn 0.000000 1.000000 0.000000
vn 0.000000 1.000000 0.000000
vn 0.000000 1.000000 0.000000
vn 0.000000 1.000000 0.000000
vn 0.000000 1.000000 0.000000
vn 0.000000 1.000000 0.000000
vn 0.000000 1.000000 0.000000
vn 0.000000 1.000000 0.000000
vn 0.000000 1.000000 0.000000
vn 0.000000 1.000000 0.000000
vn 0.000000 1.000000 0.000000
vn 0.000000 1.000000 0.000000
vn 0.000000 1.000000 0.000000
vn -0.796872 -0.037440 0.602987
vn -0.951801 -0.041462 0.303902
vn -0.896076 0.036977 0.442357
vn -0.616799 0.093688 0.781525
vn -0.995219 0.097093 0.010594
vn 0.094578 -0.107128 0.989737
vn 0.210473 -0.030410 0.977127
vn 0.244268 -0.007399 0.969680
vn 0.362562 0.075646 0.928885
vn 0.923137 -0.050700 0.381113
vn 0.932377 -0.036246 0.359667
vn 0.939124 -0.024902 0.342675
vn 0.948928 -0.006899 0.315418
vn 0.885097 -0.035833 -0.464025
vn 0.853533 -0.070658 -0.516225
vn 0.932076 0.029263 -0.361078
vn 0.904845 -0.011015 -0.425598
vn 0.131012 -0.011254 -0.991317
vn 0.029091 -0.067915 -0.997267
vn 0.284922 0.076569 -0.955488
vn 0.186328 0.019986 -0.982284
vn -0.711232 -0.027231 -0.702430
vn -0.778075 -0.084476 -0.622465
vn -0.587753 0.062220 -0.806644
vn -0.673838 0.001689 -0.738877
vn 0.000484 -1.000000 -0.000368
vn 0.000000 -1.000000 0.000000
vn 0.000000 -1.000000 0.000000
vn 0.000000 -0.999998 -0.001976
vn 0.000458 -1.000000 -0.000255
vn 0.000000 -1.000000 0.000000
vn 0.000263 -1.000000 0.000430
vn -0.000000 -1.000000 0.000001
vn -0.000000 -1.000000 0.000000
vn 0.000000 -1.000000 0.000000
vn 0.000551 -1.000000 0.000462
vn 0.000902 -0.999999 0.000853
vn 0.000539 -1.000000 0.000453
vn -0.000000 -1.000000 0.000000
vn 0.000000 -1.000000 0.000000
vn 0.000000 -1.000000 0.000000
vn 0.000000 -1.000000 0.000000
vn 0.000000 -1.000000 0.000000
vn -0.000700 -1.000000 -0.000467
vn -0.000628 -1.000000 -0.000345
vn 0.000000 -0.999996 -0.002758
vn -0.000846 -0.999999 0.001043
vn -0.000781 -1.000000 0.000575
vn 0.000000 -1.000000 0.000000
vn 0.000000 -1.000000 0.000000
vn 0.000000 -1.000000 0.000000
vn 0.000000 -1.000000 0.000000
vn 0.000000 -1.000000 0.000000
vn -0.000428 -1.000000 0.000510
vn 0.000000 -1.000000 0.000000
vn 0.000000 -1.000000 0.000000
vn 0.000000 -1.000000 0.000001
vn -0.757617 0.005582 0.652676
vn -0.296441 -0.041021 0.954170
vn 0.452785 -0.043671 0.890550
vn 0.971882 -0.042327 0.231633
vn 0.963004 -0.021496 -0.268629
vn -0.575620 0.049954 0.816190
vn 0.145111 0.033712 0.988841
vn 0.757134 0.031882 0.652481
vn 0.998841 0.029849 -0.037762
vn 0.932113 0.027950 -0.361088
vn -0.874636 0.105937 0.473063
vn 0.475087 -0.052761 -0.878356
vn 0.380972 0.007730 -0.924554
vn 0.333523 0.036904 -0.942020
vn 0.244356 0.089612 -0.965536
vn -0.430226 -0.099112 -0.897264
vn -0.596199 0.005781 -0.802816
vn -0.644314 0.039996 -0.763715
vn -0.761258 0.134296 -0.634390
vn 0.882173 0.464659 -0.076564
vn 0.869369 0.493938 -0.014919
vn 0.876948 0.478089 -0.048918
vn 0.862379 0.506113 0.012334
vn -0.696381 0.717581 0.011427
vn 0.356453 0.932494 0.058276
vn 0.081693 0.996613 0.009447
vn -0.471373 0.881802 0.015264
vn -0.656052 0.754436 -0.020565
vn -0.330586 0.942950 -0.039467
vn 0.141296 0.989058 -0.042427
vn -0.996121 0.002292 0.087962
vn -0.998348 0.042822 0.038308
vn -0.998144 0.031669 0.052009
vn -0.997267 0.073883 0.000000
vn -0.998324 0.057087 0.009547
vn -0.981224 0.190265 0.031610
vn -1.000000 0.000000 0.000000
vn -1.000000 0.000000 0.000000
vn -0.999809 0.019217 0.003660
vn -1.000000 -0.000658 0.000279
vn 0.000000 1.000000 0.000000
vn 0.000000 1.000000 0.000000
vn 0.000000 1.000000 0.000000
vn 0.000000 1.000000 0.000000
vn 0.000000 1.000000 0.000000
vn 0.000000 1.000000 0.000000
vn 0.000000 1.000000 0.000000
vn 0.000000 1.000000 0.000000
vn 1.000000 0.000000 0.000000
vn 1.000000 0.000000 0.000000
vn 1.000000 0.000000 0.000000
vn 1.000000 0.000000 0.000000
vn -0.000002 -1.000000 -0.000002
vn -0.000009 -1.000000 -0.000009
vn 0.000007 -1.000000 -0.000005
vn 0.000001 -1.000000 -0.000002
vn 0.000000 -1.000000 0.000000
vn 0.000000 -1.000000 0.000000
vn 0.000004 -1.000000 -0.000005
vn -0.000005 -1.000000 -0.000006
vn 0.000000 -1.000000 0.000000
vn 0.000000 -1.000000 0.000000
vn 0.000000 -1.000000 0.000000
vn 0.000000 -1.000000 0.000000
vn 0.000002 -1.000000 -0.000000
vn 0.000005 -1.000000 -0.000003
vn -0.000003 -1.000000 -0.000006
vn -0.000003 -1.000000 -0.000001
vn -1.000000 0.000000 0.000000
vn -1.000000 0.000000 0.000000
vn -1.000000 0.000000 0.000000
vn -1.000000 0.000000 0.000000
vn 1.000000 0.000000 0.000000
vn 1.000000 0.000000 0.000000
vn 1.000000 0.000000 0.000000
vn 1.000000 0.000000 0.000000
vn 0.000000 1.000000 0.000000
vn 0.000000 1.000000 0.000000
vn 0.000000 1.000000 0.000000
vn 0.000000 1.000000 0.000000
vn 0.000000 1.000000 0.000000
vn 0.000000 1.000000 0.000000
vn 0.000000 1.000000 0.000000
vn 0.000000 1.000000 0.000000
vn 0.964526 0.260451 0.043074
vn 0.996823 0.078568 0.013056
vn 1.000000 0.000000 0.000000
vn 1.000000 0.000000 0.000000
vn 0.999620 0.027118 0.004952
vn 1.000000 -0.000658 0.000279
vn 0.095121 -0.132477 0.986611
vn -0.072298 0.075765 0.994501
vn -0.674654 0.006990 0.738101
vn -0.641301 0.009430 0.767232
vn 0.636587 0.031463 0.770563
vn 0.696178 0.038971 0.716811
vn -0.662871 0.002254 0.748730
vn -0.665104 -0.006085 0.746726
vn 0.658104 0.017816 0.752717
vn 0.666084 -0.003802 0.745867
vn -0.584799 0.013385 0.811068
vn 0.571774 0.002737 0.820406
vn -0.478369 -0.009469 0.878108
vn -0.216338 0.021596 0.976080
vn 0.154952 0.013852 0.987825
vn 0.439804 -0.002595 0.898090
vn 0.490762 -0.002226 0.871291
vn 0.173812 -0.059199 0.982998
vn -0.398416 0.010107 0.917149
vn -0.570564 -0.003041 0.821247
vn 0.576605 0.001878 0.817021
vn -0.150423 0.755659 0.637458
vn -0.259783 0.758399 0.597782
vn -0.236035 0.721535 0.650903
vn 0.252378 0.653257 0.713835
vn 0.245708 -0.024009 0.969046
vn 0.184287 -0.047999 0.981700
vn -0.255361 0.762100 0.594974
vn 0.121252 0.470479 0.874041
vn 0.400795 0.263106 0.877575
vn 0.363075 0.775510 0.516488
vn 0.189389 0.866105 0.462594
vn 0.400120 0.641155 0.654847
vn 0.167959 0.881976 0.440350
vn 0.354500 0.792745 0.495868
vn 0.670831 0.740537 0.039884
vn 0.592761 0.771827 0.230037
vn 0.660385 0.750043 0.036441
vn 0.685919 0.714226 0.139271
vn 0.507612 0.809378 0.295358
vn -0.295275 0.419637 0.858323
vn -0.463153 -0.022835 0.885984
vn -0.505952 -0.042457 0.861516
vn -0.362236 0.135902 0.922126
vn -0.325996 0.156324 0.932357
vn -0.596413 0.283991 0.750760
vn -0.274357 0.704432 0.654602
vn -0.232623 0.717885 0.656146
vn -0.587851 0.324135 0.741193
vn -0.620027 0.062319 0.782102
vn -0.125473 0.719721 0.682831
vn -0.560743 0.385544 0.732750
vn -0.354829 0.555546 0.751974
vn 0.001518 0.689016 -0.724744
vn -0.000888 0.711957 -0.702223
vn -0.001011 0.713111 -0.701050
vn 0.001398 0.690176 -0.723640
vn -0.012972 0.018447 0.999746
vn -0.036258 0.061138 0.997471
vn -0.026876 0.043937 0.998673
vn -0.002043 -0.001585 0.999997
vn -0.709317 -0.016052 0.704707
vn -0.783572 0.103616 0.612600
vn -0.638721 -0.107588 0.761880
vn -0.728589 0.012048 0.684845
vn -1.000000 0.000000 0.000000
vn -1.000000 0.000000 0.000000
vn -1.000000 0.000000 0.000000
vn -1.000000 0.000000 0.000000
vn 0.866025 0.500000 0.000000
vn 0.866025 0.500000 0.000000
vn 0.866025 0.500000 0.000000
vn 0.866025 0.500000 0.000000
vn -0.866025 0.500000 0.000000
vn -0.866025 0.500000 0.000000
vn -0.866025 0.500000 0.000000
vn -0.866025 0.500000 0.000000
vn -0.862444 0.502731 -0.058755
vn -0.863856 0.500809 -0.054246
vn -0.863089 0.501858 -0.056704
vn -0.864459 0.499976 -0.052300
vn -0.318114 0.947392 0.035374
vn 0.571687 0.818860 0.051408
vn 0.109187 0.993234 0.039542
vn -0.394791 0.918743 -0.007147
vn -0.138575 0.990074 -0.023477
vn 0.468045 0.883617 -0.012489
vn 0.696020 0.717209 -0.034173
vn 0.999998 0.001734 0.000000
vn 0.999999 0.000938 -0.001053
vn 0.999999 0.001179 -0.000734
vn 0.999998 0.000387 -0.001784
vn -0.023988 0.016339 0.999579
vn -0.006151 0.053234 0.998563
vn -0.014498 0.035983 0.999247
vn -0.031162 0.001470 0.999513
vn -0.779903 0.100423 0.617791
vn -0.643817 -0.104249 0.758045
vn -0.728289 0.012100 0.685163
vn -0.709663 -0.015915 0.704361
vn 0.998324 -0.057087 0.009547
vn 0.981224 -0.190266 0.031610
vn 1.000000 0.000000 0.000000
vn 1.000000 0.000000 0.000000
vn 0.999809 -0.019217 0.003660
vn 1.000000 0.000658 0.000279
vn -0.000009 1.000000 -0.000009
vn -0.000002 1.000000 -0.000002
vn 0.000001 1.000000 -0.000002
vn 0.000007 1.000000 -0.000005
vn 0.000000 1.000000 0.000000
vn 0.000000 1.000000 0.000000
vn -0.000005 1.000000 -0.000006
vn 0.000004 1.000000 -0.000005
vn 0.000000 1.000000 0.000000
vn 0.000000 1.000000 0.000000
vn 0.000000 1.000000 0.000000
vn 0.000000 1.000000 0.000000
vn 0.000002 1.000000 -0.000000
vn 0.000005 1.000000 -0.000003
vn -0.000003 1.000000 -0.000006
vn -0.000003 1.000000 -0.000001
vn 1.000000 0.000000 0.000000
vn 1.000000 0.000000 0.000000
vn 1.000000 0.000000 0.000000
vn 1.000000 0.000000 0.000000
vn -1.000000 0.000000 0.000000
vn -1.000000 0.000000 0.000000
vn -1.000000 0.000000 0.000000
vn -1.000000 0.000000 0.000000
vn 0.000000 -1.000000 0.000000
vn 0.000000 -1.000000 0.000000
vn 0.000000 -1.000000 0.000000
vn 0.000000 -1.000000 0.000000
vn 0.000000 -1.000000 0.000000
vn 0.000000 -1.000000 0.000000
vn 0.000000 -1.000000 0.000000
vn 0.000000 -1.000000 0.000000
vn 1.000000 0.000000 0.000000
vn 1.000000 0.000000 0.000000
vn 1.000000 0.000000 0.000000
vn 1.000000 0.000000 0.000000
vn -0.866025 -0.500000 0.000000
vn -0.866025 -0.500000 0.000000
vn -0.866025 -0.500000 0.000000
vn -0.866025 -0.500000 0.000000
vn 0.866025 -0.500000 0.000000
vn 0.866025 -0.500000 0.000000
vn 0.866025 -0.500000 0.000000
vn 0.866025 -0.500000 0.000000
vn -1.000000 0.000000 0.000000
vn -1.000000 0.000000 0.000000
vn -1.000000 0.000000 0.000000
vn -1.000000 0.000000 0.000000
vn 0.807186 -0.558910 -0.189925
vn 0.846904 -0.523224 -0.094814
vn 0.827251 -0.542791 -0.145033
vn 0.861353 -0.505328 -0.052092
vn -0.463142 -0.886264 0.005918
vn -0.366003 -0.925909 0.093457
vn -0.463462 -0.886099 0.005616
vn -0.551187 -0.830415 -0.081266
vn 0.302905 -0.952707 -0.024434
vn 0.323121 -0.945389 -0.042817
vn 0.277940 -0.960596 -0.002004
vn 0.294972 -0.955350 -0.017274
vn -0.999998 -0.001733 0.000000
vn -0.999998 -0.002068 0.000443
vn -0.999998 -0.001967 0.000310
vn -0.999997 -0.002301 0.000752
vn -0.882173 -0.464659 -0.076564
vn -0.869369 -0.493938 -0.014918
vn -0.876948 -0.478089 -0.048918
vn -0.862379 -0.506113 0.012335
vn 0.696381 -0.717581 0.011427
vn -0.394122 -0.917187 0.058610
vn -0.108169 -0.994076 0.010639
vn 0.465951 -0.884660 0.016289
vn 0.656051 -0.754436 -0.020566
vn 0.330125 -0.943190 -0.037549
vn -0.146130 -0.988201 -0.045885
vn 0.995916 -0.000385 0.090289
vn 0.998344 -0.041990 0.039331
vn 0.998102 -0.030426 0.053534
vn 0.997267 -0.073883 0.000000
vn -0.506374 -0.859325 0.071743
vn -0.531589 -0.846646 0.024571
vn -0.544072 -0.839039 0.000000
vn -0.518906 -0.853444 0.048681
vn -0.620984 0.781095 0.065338
vn -0.840355 0.541956 0.009343
vn -0.993775 0.102115 0.044548
vn -0.998913 0.004750 -0.046369
vn -0.948455 0.316720 -0.010988
vn -0.690508 0.722821 -0.027006
vn -0.429493 0.903004 0.010903
vn -0.410643 0.911793 0.002382
vn -0.376300 0.926408 -0.012910
vn -0.357747 0.933581 -0.021051
vn 1.000000 0.000126 0.000000
vn 0.999965 0.002627 0.007945
vn 0.999998 0.000730 0.001919
vn 0.999946 0.003238 0.009885
vn 0.991575 0.128812 0.013638
vn 0.879796 0.475221 0.011157
vn 0.670552 0.740425 0.046161
vn 0.993570 0.113133 -0.004399
vn 0.698778 0.715328 0.003922
vn 0.916085 0.400733 -0.014173
vn 0.544528 -0.836018 0.067556
vn 0.512948 -0.858420 0.000000
vn 0.529384 -0.847688 0.034328
vn 0.559972 -0.822046 0.103302
vn -0.999946 0.003238 -0.009885
vn -0.999998 0.000730 -0.001919
vn -0.999965 0.002627 -0.007945
vn -1.000000 0.000126 0.000000
vn 0.389091 0.921199 0.000728
vn 0.395865 0.918306 -0.002402
vn 0.408244 0.912836 -0.008154
vn 0.414691 0.909894 -0.011164
vn -0.992919 -0.118780 0.001550
vn -0.992454 -0.122453 0.006337
vn -0.993235 -0.116105 -0.001932
vn -0.992795 -0.119790 0.002865
vn -0.649460 -0.760369 0.006349
vn -0.646072 -0.763276 0.000689
vn -0.643535 -0.765409 -0.003514
vn -0.646950 -0.762530 0.002149
vn -0.506948 0.861971 0.003113
vn -0.505439 0.862863 0.000000
vn -0.506171 0.862432 0.001508
vn -0.507676 0.861535 0.004619
vn 0.999946 -0.003238 -0.009885
vn 0.999998 -0.000730 -0.001919
vn 0.999965 -0.002627 -0.007945
vn 1.000000 -0.000126 0.000000
vn -0.370798 -0.928696 0.005751
vn -0.380550 -0.924759 0.001148
vn -0.397413 -0.917614 -0.006868
vn -0.406677 -0.913502 -0.011303
vn 0.502142 0.864513 0.021704
vn 0.509412 0.860493 0.007174
vn 0.512948 0.858420 0.000000
vn 0.505645 0.862616 0.014739
vn 0.563094 -0.825742 0.032791
vn 0.999388 0.018603 0.029625
vn 0.754305 -0.656474 0.008047
vn 0.981989 -0.188933 0.001127
vn 0.995752 -0.081867 -0.042150
vn 0.881518 -0.470105 -0.043902
vn 0.622228 -0.782244 -0.030438
vn 0.353091 -0.935489 0.013672
vn 0.362259 -0.932029 0.009542
vn 0.389090 -0.921196 -0.002659
vn 0.379567 -0.925163 0.001691
vn -0.999997 -0.002290 0.000000
vn -0.999992 -0.003053 0.002409
vn -0.999997 -0.002475 0.000584
vn -0.999990 -0.003238 0.002992
vn 0.936017 0.230279 0.266163
vn 0.936017 0.230279 0.266163
vn 0.936017 0.230279 0.266163
vn 0.642076 -0.763046 0.074160
vn 0.642076 -0.763046 0.074160
vn 0.642076 -0.763046 0.074160
vn -0.936014 -0.230288 0.266166
vn -0.936014 -0.230288 0.266166
vn -0.936014 -0.230288 0.266166
vn -0.640211 0.760830 0.106150
vn -0.640211 0.760830 0.106150
vn -0.640211 0.760830 0.106150
vn 0.745730 0.662537 -0.070228
vn 0.745730 0.662537 -0.070228
vn 0.745730 0.662537 -0.070228
vn -0.876662 0.467154 0.115021
vn -0.876662 0.467154 0.115021
vn -0.876662 0.467154 0.115021
vn -0.964947 0.247694 0.086743
vn -0.964947 0.247694 0.086743
vn -0.964947 0.247694 0.086743
vn -0.988942 -0.125181 -0.079519
vn -0.988942 -0.125181 -0.079519
vn -0.988942 -0.125181 -0.079519
vn -0.612210 -0.304633 0.729656
vn -0.612210 -0.304633 0.729656
vn -0.612210 -0.304633 0.729656
vn 0.658684 0.750743 0.050192
vn 0.658684 0.750743 0.050192
vn 0.658684 0.750743 0.050192
vn -0.988942 -0.125181 -0.079519
vn -0.988942 -0.125181 -0.079519
vn -0.988942 -0.125181 -0.079519
vn 0.682301 0.306425 0.663753
vn 0.682301 0.306425 0.663753
vn 0.682301 0.306425 0.663753
vn -0.668848 0.741491 0.053235
vn -0.668848 0.741491 0.053235
vn -0.668848 0.741491 0.053235
vn 0.668845 -0.741494 0.053236
vn 0.668845 -0.741494 0.053236
vn 0.668845 -0.741494 0.053236
f 58//58 53//53 16//16
f 73//73 92//92 89//89
f 43//43 72//72 141//141
f 43//43 141//141 131//131
f 43//43 77//77 72//72
f 73//73 89//89 140//140
f 73//73 140//140 72//72
f 47//47 129//129 128//128
f 72//72 140//140 141//141
f 50//50 128//128 51//51
f 131//131 141//141 133//133
f 131//131 133//133 132//132
f 89//89 90//90 139//139
f 51//51 128//128 127//127
f 51//51 127//127 52//52
f 89//89 139//139 140//140
f 47//47 128//128 50//50
f 74//74 92//92 73//73
f 49//49 47//47 50//50
f 9//9 13//13 12//12
f 116//116 115//115 8//8
f 7//7 116//116 8//8
f 40//40 92//92 42//42
f 40//40 93//93 92//92
f 42//42 92//92 75//75
f 42//42 75//75 76//76
f 42//42 76//76 44//44
f 44//44 76//76 77//77
f 46//46 45//45 47//47
f 44//44 77//77 43//43
f 48//48 47//47 49//49
f 75//75 92//92 74//74
f 45//45 129//129 47//47
f 45//45 130//130 129//129
f 90//90 138//138 139//139
f 138//138 90//90 91//91
f 127//127 126//126 52//52
f 3//3 2//2 4//4
f 2//2 118//118 117//117
f 2//2 117//117 5//5
f 124//124 125//125 123//123
f 135//135 136//136 148//148
f 136//136 150//150 148//148
f 137//137 149//149 136//136
f 136//136 149//149 150//150
f 5//5 7//7 6//6
f 5//5 117//117 7//7
f 145//145 148//148 146//146
f 153//153 152//152 149//149
f 120//120 123//123 122//122
f 123//123 121//121 122//122
f 155//155 79//79 156//156
f 79//79 39//39 81//81
f 135//135 148//148 145//145
f 13//13 88//88 14//14
f 126//126 124//124 123//123
f 91//91 153//153 149//149
f 93//93 155//155 154//154
f 93//93 79//79 155//155
f 1//1 119//119 118//118
f 1//1 118//118 2//2
f 1//1 52//52 119//119
f 134//134 135//135 142//142
f 142//142 135//135 145//145
f 52//52 120//120 119//119
f 52//52 126//126 120//120
f 4//4 2//2 5//5
f 138//138 91//91 149//149
f 138//138 149//149 137//137
f 142//142 143//143 144//144
f 142//142 145//145 143//143
f 91//91 154//154 153//153
f 126//126 123//123 120//120
f 13//13 95//95 88//88
f 15//15 14//14 16//16
f 17//17 195//195 19//19
f 147//147 270//270 271//271
f 147//147 274//274 270//270
f 275//275 267//267 268//268
f 275//275 268//268 269//269
f 275//275 269//269 151//151
f 159//159 256//256 245//245
f 159//159 245//245 246//246
f 255//255 244//244 163//163
f 255//255 243//243 244//244
f 211//211 254//254 241//241
f 211//211 241//241 242//242
f 253//253 240//240 215//215
f 253//253 239//239 240//240
f 253//253 238//238 239//239
f 247//247 246//246 252//252
f 223//223 273//273 264//264
f 252//252 246//246 226//226
f 223//223 264//264 265//265
f 272//272 263//263 99//99
f 261//261 265//265 230//230
f 261//261 230//230 260//260
f 265//265 264//264 230//230
f 260//260 230//230 231//231
f 260//260 231//231 262//262
f 231//231 263//263 262//262
f 260//260 237//237 259//259
f 260//260 262//262 237//237
f 259//259 237//237 236//236
f 259//259 236//236 258//258
f 236//236 271//271 258//258
f 258//258 271//271 232//232
f 271//271 270//270 232//232
f 258//258 232//232 257//257
f 257//257 232//232 233//233
f 233//233 269//269 268//268
f 117//117 116//116 7//7
f 252//252 226//226 251//251
f 251//251 226//226 227//227
f 149//149 152//152 151//151
f 274//274 146//146 148//148
f 94//94 220//220 95//95
f 93//93 154//154 91//91
f 88//88 218//218 86//86
f 78//78 156//156 79//79
f 131//131 130//130 45//45
f 43//43 131//131 45//45
f 41//41 40//40 42//42
f 39//39 79//79 93//93
f 39//39 93//93 40//40
f 35//35 39//39 38//38
f 180//180 179//179 34//34
f 33//33 180//180 34//34
f 195//195 194//194 19//19
f 256//256 158//158 160//160
f 246//246 245//245 226//226
f 161//161 164//164 163//163
f 213//213 216//216 215//215
f 251//251 227//227 243//243
f 227//227 244//244 243//243
f 251//251 243//243 235//235
f 251//251 235//235 250//250
f 250//250 235//235 234//234
f 250//250 234//234 249//249
f 234//234 242//242 249//249
f 249//249 242//242 228//228
f 242//242 241//241 228//228
f 249//249 228//228 248//248
f 248//248 228//228 229//229
f 229//229 240//240 239//239
f 266//266 265//265 261//261
f 224//224 100//100 99//99
f 273//273 222//222 225//225
f 254//254 210//210 212//212
f 156//156 78//78 157//157
f 272//272 262//262 263//263
f 146//146 274//274 147//147
f 212//212 199//199 200//200
f 212//212 209//209 199//199
f 53//53 18//18 16//16
f 54//54 18//18 53//53
f 54//54 17//17 18//18
f 87//87 16//16 14//14
f 187//187 184//184 190//190
f 87//87 58//58 16//16
f 21//21 20//20 19//19
f 17//17 54//54 55//55
f 193//193 21//21 19//19
f 194//194 193//193 19//19
f 84//84 57//57 87//87
f 84//84 56//56 57//57
f 87//87 57//57 58//58
f 214//214 212//212 200//200
f 213//213 200//200 201//201
f 214//214 200//200 213//213
f 94//94 221//221 220//220
f 165//165 168//168 167//167
f 168//168 166//166 167//167
f 180//180 33//33 181//181
f 211//211 210//210 254//254
f 209//209 206//206 199//199
f 33//33 31//31 181//181
f 33//33 32//32 31//31
f 220//220 219//219 95//95
f 181//181 31//31 182//182
f 210//210 209//209 212//212
f 216//216 213//213 217//217
f 185//185 186//186 187//187
f 95//95 219//219 88//88
f 186//186 184//184 187//187
f 24//24 21//21 193//193
f 24//24 22//22 21//21
f 24//24 23//23 22//22
f 205//205 56//56 204//204
f 28//28 30//30 29//29
f 182//182 28//28 27//27
f 183//183 182//182 27//27
f 183//183 27//27 26//26
f 208//208 207//207 206//206
f 31//31 30//30 28//28
f 31//31 28//28 182//182
f 217//217 86//86 218//218
f 213//213 201//201 86//86
f 213//213 86//86 217//217
f 219//219 218//218 88//88
f 187//187 190//190 189//189
f 187//187 189//189 188//188
f 184//184 183//183 26//26
f 184//184 26//26 190//190
f 190//190 26//26 191//191
f 163//163 164//164 255//255
f 86//86 201//201 202//202
f 206//206 198//198 199//199
f 205//205 55//55 56//56
f 204//204 56//56 84//84
f 205//205 17//17 55//55
f 203//203 204//204 84//84
f 205//205 195//195 17//17
f 197//197 195//195 205//205
f 203//203 84//84 85//85
f 192//192 24//24 193//193
f 192//192 25//25 24//24
f 196//196 195//195 197//197
f 202//202 203//203 85//85
f 191//191 25//25 192//192
f 88//88 87//87 14//14
f 86//86 202//202 85//85
f 152//152 275//275 151//151
f 26//26 25//25 191//191
f 273//273 223//223 222//222
f 253//253 215//215 216//216
f 177//177 169//169 168//168
f 8//8 107//107 68//68
f 81//81 63//63 64//64
f 81//81 64//64 80//80
f 160//160 174//174 175//175
f 224//224 113//113 114//114
f 11//11 70//70 10//10
f 11//11 69//69 70//70
f 80//80 64//64 172//172
f 160//160 175//175 162//162
f 13//13 9//9 96//96
f 13//13 96//96 95//95
f 224//224 112//112 113//113
f 10//10 70//70 9//9
f 172//172 64//64 65//65
f 172//172 65//65 171//171
f 9//9 66//66 96//96
f 9//9 71//71 66//66
f 9//9 70//70 71//71
f 107//107 108//108 68//68
f 8//8 68//68 69//69
f 62//62 35//35 61//61
f 81//81 39//39 35//35
f 81//81 35//35 62//62
f 102//102 103//103 104//104
f 103//103 101//101 104//104
f 82//82 173//173 78//78
f 78//78 173//173 174//174
f 104//104 101//101 114//114
f 104//104 114//114 105//105
f 115//115 107//107 8//8
f 115//115 106//106 107//107
f 101//101 224//224 114//114
f 101//101 100//100 224//224
f 157//157 160//160 158//158
f 157//157 78//78 160//160
f 82//82 172//172 173//173
f 82//82 83//83 172//172
f 78//78 174//174 160//160
f 158//158 256//256 159//159
f 100//100 272//272 99//99
f 83//83 80//80 172//172
f 11//11 8//8 69//69
f 81//81 62//62 63//63
f 110//110 94//94 97//97
f 68//68 108//108 67//67
f 175//175 176//176 162//162
f 67//67 98//98 66//66
f 60//60 37//37 59//59
f 66//66 98//98 96//96
f 59//59 37//37 34//34
f 108//108 109//109 98//98
f 171//171 34//34 170//170
f 112//112 225//225 111//111
f 176//176 177//177 161//161
f 170//170 34//34 179//179
f 177//177 165//165 161//161
f 111//111 225//225 94//94
f 109//109 97//97 98//98
f 177//177 168//168 165//165
f 170//170 179//179 178//178
f 161//161 165//165 164//164
f 225//225 221//221 94//94
f 225//225 222//222 221//221
f 109//109 110//110 97//97
f 111//111 94//94 110//110
f 60//60 36//36 37//37
f 224//224 225//225 112//112
f 65//65 59//59 34//34
f 209//209 208//208 206//206
f 61//61 35//35 36//36
f 176//176 161//161 162//162
f 61//61 36//36 60//60
f 67//67 108//108 98//98
f 65//65 34//34 171//171
f 277//277 279//279 278//278
f 277//277 278//278 276//276
f 281//281 282//282 283//283
f 281//281 283//283 280//280
f 288//288 286//286 287//287
f 284//284 286//286 288//288
f 284//284 285//285 286//286
f 291//291 289//289 290//290
f 293//293 289//289 291//291
f 292//292 293//293 291//291
f 297//297 298//298 296//296
f 295//295 296//296 294//294
f 296//296 298//298 294//294
f 303//303 301//301 302//302
f 299//299 301//301 303//303
f 299//299 300//300 301//301
f 305//305 306//306 307//307
f 305//305 307//307 304//304
f 307//307 308//308 304//304
f 310//310 313//313 309//309
f 310//310 311//311 313//313
f 313//313 311//311 312//312
f 318//318 314//314 315//315
f 316//316 317//317 318//318
f 316//316 318//318 315//315
f 319//319 322//322 323//323
f 319//319 320//320 322//322
f 322//322 320//320 321//321
f 326//326 327//327 328//328
f 324//324 326//326 328//328
f 325//325 326//326 324//324
f 332//332 330//330 331//331
f 332//332 329//329 330//330
f 338//338 339//339 333//333
f 336//336 333//333 334//334
f 336//336 338//338 333//333
f 337//337 338//338 336//336
f 335//335 336//336 334//334
f 343//343 341//341 340//340
f 343//343 340//340 342//342
f 348//348 349//349 347//347
f 347//347 349//349 344//344
f 346//346 347//347 344//344
f 345//345 346//346 344//344
f 350//350 352//352 353//353
f 350//350 353//353 351//351
f 358//358 354//354 356//356
f 354//354 355//355 356//356
f 358//358 356//356 357//357
f 360//360 362//362 363//363
f 360//360 365//365 362//362
f 364//364 360//360 359//359
f 364//364 365//365 360//360
f 365//365 361//361 362//362
f 366//366 367//367 368//368
f 370//370 368//368 369//369
f 370//370 366//366 368//368
f 373//373 374//374 371//371
f 373//373 371//371 372//372
f 402//402 448//448 401//401
f 387//387 459//459 386//386
f 387//387 458//458 459//459
f 395//395 458//458 387//387
f 395//395 396//396 458//458
f 403//403 447//447 402//402
f 439//439 395//395 387//387
f 439//439 394//394 395//395
f 440//440 394//394 439//439
f 444//444 439//439 387//387
f 444//444 387//387 388//388
f 440//440 393//393 394//394
f 440//440 392//392 393//393
f 388//388 443//443 444//444
f 389//389 443//443 388//388
f 392//392 440//440 441//441
f 391//391 392//392 441//441
f 390//390 443//443 389//389
f 391//391 441//441 442//442
f 390//390 442//442 443//443
f 390//390 391//391 442//442
f 402//402 447//447 448//448
f 401//401 448//448 400//400
f 438//438 418//418 437//437
f 400//400 448//448 399//399
f 412//412 436//436 420//420
f 428//428 453//453 427//427
f 413//413 435//435 412//412
f 416//416 432//432 433//433
f 411//411 457//457 451//451
f 411//411 412//412 457//457
f 386//386 459//459 385//385
f 415//415 416//416 433//433
f 410//410 411//411 451//451
f 429//429 453//453 428//428
f 430//430 452//452 453//453
f 430//430 453//453 429//429
f 414//414 434//434 413//413
f 409//409 410//410 451//451
f 430//430 451//451 452//452
f 412//412 435//435 436//436
f 409//409 451//451 430//430
f 412//412 420//420 421//421
f 416//416 417//417 432//432
f 456//456 424//424 455//455
f 456//456 423//423 424//424
f 455//455 424//424 425//425
f 454//454 455//455 425//425
f 456//456 422//422 423//423
f 457//457 422//422 456//456
f 426//426 454//454 425//425
f 437//437 418//418 419//419
f 438//438 417//417 418//418
f 436//436 437//437 419//419
f 436//436 419//419 420//420
f 421//421 422//422 457//457
f 432//432 417//417 438//438
f 427//427 454//454 426//426
f 427//427 453//453 454//454
f 412//412 421//421 457//457
f 409//409 430//430 431//431
f 413//413 434//434 435//435
f 408//408 409//409 431//431
f 384//384 460//460 383//383
f 404//404 405//405 446//446
f 385//385 460//460 384//384
f 398//398 377//377 378//378
f 399//399 449//449 377//377
f 399//399 377//377 398//398
f 398//398 378//378 463//463
f 415//415 433//433 434//434
f 399//399 448//448 449//449
f 398//398 463//463 464//464
f 397//397 398//398 464//464
f 403//403 404//404 446//446
f 396//396 464//464 458//458
f 396//396 397//397 464//464
f 403//403 446//446 447//447
f 446//446 405//405 445//445
f 460//460 461//461 383//383
f 385//385 459//459 460//460
f 449//449 376//376 377//377
f 415//415 434//434 414//414
f 450//450 408//408 431//431
f 462//462 381//381 461//461
f 445//445 405//405 406//406
f 461//461 381//381 382//382
f 450//450 431//431 375//375
f 445//445 408//408 450//450
f 462//462 379//379 380//380
f 462//462 380//380 381//381
f 445//445 407//407 408//408
f 449//449 450//450 375//375
f 463//463 378//378 462//462
f 383//383 461//461 382//382
f 449//449 375//375 376//376
f 462//462 378//378 379//379
f 445//445 406//406 407//407
f 485//485 532//532 533//533
f 486//486 477//477 532//532
f 540//540 493//493 539//539
f 487//487 537//537 477//477
f 487//487 536//536 537//537
f 487//487 477//477 486//486
f 492//492 493//493 540//540
f 485//485 486//486 532//532
f 483//483 527//527 482//482
f 483//483 534//534 527//527
f 539//539 493//493 494//494
f 484//484 534//534 483//483
f 484//484 533//533 534//534
f 488//488 536//536 487//487
f 489//489 536//536 488//488
f 489//489 535//535 536//536
f 490//490 540//540 535//535
f 490//490 535//535 489//489
f 491//491 492//492 540//540
f 491//491 540//540 490//490
f 484//484 485//485 533//533
f 537//537 476//476 477//477
f 497//497 551//551 473//473
f 532//532 477//477 531//531
f 510//510 511//511 525//525
f 522//522 523//523 514//514
f 525//525 511//511 524//524
f 523//523 513//513 514//514
f 524//524 511//511 512//512
f 543//543 518//518 519//519
f 545//545 506//506 507//507
f 523//523 512//512 513//513
f 549//549 519//519 520//520
f 523//523 524//524 512//512
f 546//546 506//506 545//545
f 470//470 552//552 547//547
f 470//470 547//547 469//469
f 543//543 517//517 518//518
f 471//471 552//552 470//470
f 510//510 525//525 526//526
f 515//515 522//522 514//514
f 515//515 521//521 522//522
f 509//509 510//510 526//526
f 543//543 544//544 517//517
f 549//549 520//520 465//465
f 527//527 528//528 482//482
f 549//549 465//465 466//466
f 547//547 548//548 469//469
f 548//548 468//468 469//469
f 549//549 466//466 548//548
f 499//499 543//543 519//519
f 545//545 508//508 509//509
f 544//544 516//516 517//517
f 548//548 466//466 467//467
f 544//544 509//509 516//516
f 548//548 467//467 468//468
f 516//516 509//509 521//521
f 516//516 521//521 515//515
f 509//509 526//526 521//521
f 545//545 509//509 544//544
f 499//499 519//519 549//549
f 505//505 506//506 546//546
f 500//500 542//542 499//499
f 497//497 473//473 474//474
f 504//504 505//505 546//546
f 504//504 546//546 503//503
f 529//529 479//479 480//480
f 530//530 479//479 529//529
f 530//530 478//478 479//479
f 529//529 480//480 481//481
f 528//528 529//529 481//481
f 538//538 497//497 474//474
f 538//538 496//496 497//497
f 531//531 478//478 530//530
f 537//537 474//474 475//475
f 537//537 538//538 474//474
f 531//531 477//477 478//478
f 539//539 496//496 538//538
f 539//539 495//495 496//496
f 537//537 475//475 476//476
f 539//539 494//494 495//495
f 482//482 528//528 481//481
f 497//497 498//498 551//551
f 499//499 542//542 543//543
f 545//545 507//507 508//508
f 499//499 549//549 550//550
f 503//503 541//541 502//502
f 498//498 499//499 550//550
f 503//503 546//546 541//541
f 473//473 552//552 472//472
f 473//473 551//551 552//552
f 502//502 541//541 501//501
f 498//498 550//550 551//551
f 501//501 541//541 542//542
f 501//501 542//542 500//500
f 472//472 552//552 471//471
f 555//555 557//557 559//559
f 555//555 559//559 558//558
f 554//554 553//553 557//557
f 556//556 554//554 555//555
f 555//555 554//554 557//557
f 561//561 562//562 560//560
f 564//564 563//563 562//562
f 561//561 564//564 562//562
f 567//567 566//566 569//569
f 567//567 569//569 568//568
f 565//565 567//567 568//568
f 566//566 570//570 569//569
f 575//575 573//573 574//574
f 573//573 572//572 574//574
f 571//571 573//573 575//575
f 577//577 580//580 579//579
f 578//578 581//581 577//577
f 578//578 582//582 581//581
f 578//578 583//583 582//582
f 580//580 577//577 581//581
f 577//577 579//579 576//576
f 585//585 586//586 584//584
f 585//585 587//587 586//586
f 588//588 591//591 590//590
f 588//588 589//589 591//591
f 596//596 593//593 597//597
f 593//593 596//596 595//595
f 593//593 595//595 592//592
f 594//594 598//598 597//597
f 594//594 597//597 593//593
f 600//600 602//602 599//599
f 600//600 603//603 602//602
f 601//601 604//604 600//600
f 603//603 600//600 604//604
f 601//601 605//605 604//604
f 606//606 610//610 609//609
f 608//608 610//610 606//606
f 607//607 610//610 608//608
f 607//607 611//611 610//610
f 612//612 615//615 614//614
f 612//612 614//614 613//613
f 619//619 625//625 624//624
f 620//620 623//623 621//621
f 620//620 624//624 623//623
f 619//619 624//624 620//620
f 618//618 625//625 619//619
f 622//622 629//629 628//628
f 622//622 628//628 616//616
f 616//616 628//628 627//627
f 616//616 627//627 617//617
f 617//617 627//627 626//626
f 617//617 626//626 618//618
f 618//618 626//626 625//625
f 631//631 632//632 630//630
f 631//631 633//633 632//632
f 636//636 640//640 639//639
f 635//635 637//637 634//634
f 635//635 638//638 637//637
f 638//638 635//635 639//639
f 636//636 639//639 635//635
f 642//642 644//644 643//643
f 642//642 643//643 641//641
f 647//647 650//650 646//646
f 647//647 651//651 650//650
f 645//645 649//649 648//648
f 646//646 649//649 645//645
f 649//649 646//646 650//650
f 653//653 654//654 652//652
f 653//653 655//655 654//654
f 658//658 657//657 656//656
f 659//659 658//658 656//656
f 663//663 661//661 664//664
f 662//662 665//665 664//664
f 662//662 664//664 661//661
f 661//661 663//663 666//666
f 661//661 666//666 660//660
f 667//667 670//670 669//669
f 667//667 668//668 670//670
f 672//672 674//674 673//673
f 672//672 673//673 671//671
f 679//679 676//676 680//680
f 676//676 679//679 678//678
f 676//676 678//678 675//675
f 677//677 681//681 680//680
f 677//677 680//680 676//676
f 683//683 684//684 682//682
f 683//683 685//685 684//684
f 690//690 687//687 691//691
f 687//687 690//690 689//689
f 687//687 689//689 686//686
f 688//688 692//692 691//691
f 688//688 691//691 687//687
f 694//694 696//696 695//695
f 694//694 695//695 693//693
f 697//697 700//700 699//699
f 698//698 700//700 697//697
f 702//702 714//714 703//703
f 702//702 715//715 714//714
f 707//707 709//709 708//708
f 707//707 710//710 709//709
f 706//706 710//710 707//707
f 706//706 711//711 710//710
f 705//705 711//711 706//706
f 705//705 712//712 711//711
f 704//704 712//712 705//705
f 704//704 713//713 712//712
f 703//703 713//713 704//704
f 703//703 714//714 713//713
f 701//701 716//716 715//715
f 701//701 715//715 702//702
f 719//719 718//718 717//717
f 720//720 719//719 717//717
f 722//722 723//723 721//721
f 722//722 724//724 723//723
f 728//728 725//725 729//729
f 725//725 728//728 732//732
f 732//732 728//728 727//727
f 726//726 730//730 729//729
f 727//727 731//731 732//732
f 726//726 729//729 725//725
f 737//737 736//736 735//735
f 734//734 735//735 733//733
f 734//734 737//737 735//735
f 739//739 743//743 742//742
f 740//740 739//739 742//742
f 738//738 742//742 741//741
f 738//738 740//740 742//742
f 744//744 746//746 748//748
f 748//748 746//746 747//747
f 746//746 745//745 747//747
f 751//751 752//752 753//753
f 754//754 750//750 756//756
f 751//751 753//753 756//756
f 751//751 756//756 750//750
f 750//750 754//754 755//755
f 750//750 755//755 749//749
f 764//764 773//773 774//774
f 771//771 760//760 757//757
f 769//769 770//770 757//757
f 768//768 769//769 767//767
f 766//766 772//772 773//773
f 766//766 759//759 772//772
f 761//761 769//769 768//768
f 761//761 775//775 769//769
f 765//765 766//766 773//773
f 764//764 765//765 773//773
f 771//771 759//759 758//758
f 762//762 775//775 761//761
f 763//763 775//775 762//762
f 763//763 764//764 774//774
f 763//763 774//774 775//775
f 770//770 771//771 757//757
f 771//771 758//758 760//760
f 769//769 757//757 767//767
f 772//772 759//759 771//771
f 782//782 777//777 776//776
f 780//780 777//777 782//782
f 780//780 778//778 777//777
f 781//781 778//778 780//780
f 781//781 779//779 778//778
f 785//785 784//784 783//783
f 786//786 784//784 785//785
f 790//790 787//787 788//788
f 790//790 788//788 789//789
f 795//795 792//792 791//791
f 796//796 792//792 795//795
f 795//795 791//791 794//794
f 796//796 793//793 792//792
f 797//797 793//793 796//796
f 886//886 843//843 887//887
f 886//886 896//896 843//843
f 888//888 842//842 878//878
f 888//888 887//887 842//842
f 887//887 843//843 842//842
f 878//878 842//842 841//841
f 878//878 841//841 835//835
f 880//880 807//807 806//806
f 880//880 834//834 807//807
f 878//878 835//835 879//879
f 879//879 835//835 834//834
f 880//880 879//879 834//834
f 808//808 833//833 803//803
f 805//805 804//804 821//821
f 807//807 834//834 833//833
f 804//804 871//871 821//821
f 892//892 814//814 893//893
f 844//844 896//896 895//895
f 893//893 814//814 815//815
f 807//807 833//833 808//808
f 841//841 836//836 835//835
f 804//804 872//872 871//871
f 893//893 815//815 820//820
f 841//841 840//840 836//836
f 804//804 810//810 872//872
f 844//844 895//895 861//861
f 844//844 861//861 839//839
f 881//881 880//880 806//806
f 896//896 844//844 843//843
f 886//886 897//897 896//896
f 917//917 881//881 805//805
f 889//889 878//878 877//877
f 839//839 861//861 860//860
f 817//817 812//812 829//829
f 814//814 812//812 817//817
f 813//813 892//892 885//885
f 813//813 814//814 892//892
f 811//811 918//918 826//826
f 811//811 813//813 918//918
f 813//813 891//891 913//913
f 813//813 913//913 912//912
f 813//813 912//912 918//918
f 813//813 885//885 891//891
f 918//918 821//821 826//826
f 913//913 891//891 914//914
f 889//889 888//888 878//878
f 918//918 805//805 821//821
f 914//914 891//891 890//890
f 914//914 890//890 915//915
f 917//917 882//882 881//881
f 915//915 890//890 884//884
f 917//917 916//916 882//882
f 916//916 883//883 882//882
f 915//915 884//884 883//883
f 915//915 883//883 916//916
f 885//885 892//892 897//897
f 890//890 877//877 884//884
f 885//885 897//897 886//886
f 890//890 889//889 877//877
f 881//881 806//806 805//805
f 918//918 917//917 805//805
f 893//893 820//820 863//863
f 875//875 874//874 903//903
f 839//839 860//860 837//837
f 856//856 910//910 909//909
f 899//899 909//909 900//900
f 899//899 856//856 909//909
f 845//845 851//851 868//868
f 808//808 803//803 809//809
f 845//845 868//868 867//867
f 849//849 829//829 850//850
f 854//854 866//866 855//855
f 899//899 857//857 856//856
f 857//857 899//899 898//898
f 800//800 867//867 866//866
f 800//800 799//799 867//867
f 799//799 845//845 867//867
f 800//800 866//866 854//854
f 798//798 845//845 799//799
f 801//801 800//800 854//854
f 798//798 846//846 845//845
f 801//801 854//854 853//853
f 798//798 847//847 846//846
f 855//855 866//866 911//911
f 838//838 847//847 798//798
f 901//901 908//908 812//812
f 850//850 829//829 828//828
f 831//831 830//830 812//812
f 829//829 812//812 830//830
f 907//907 832//832 831//831
f 907//907 812//812 908//908
f 907//907 831//831 812//812
f 906//906 832//832 907//907
f 869//869 828//828 827//827
f 870//870 827//827 832//832
f 865//865 870//870 832//832
f 865//865 832//832 906//906
f 865//865 906//906 905//905
f 866//866 865//865 905//905
f 866//866 905//905 911//911
f 850//850 869//869 868//868
f 851//851 850//850 868//868
f 855//855 911//911 910//910
f 901//901 900//900 909//909
f 850//850 828//828 869//869
f 901//901 909//909 908//908
f 856//856 855//855 910//910
f 811//811 901//901 812//812
f 869//869 827//827 870//870
f 802//802 853//853 852//852
f 814//814 817//817 816//816
f 814//814 816//816 815//815
f 803//803 802//802 872//872
f 871//871 822//822 821//821
f 802//802 873//873 872//872
f 871//871 876//876 822//822
f 820//820 819//819 863//863
f 837//837 860//860 859//859
f 810//810 809//809 803//803
f 826//826 825//825 811//811
f 863//863 819//819 864//864
f 873//873 802//802 874//874
f 859//859 838//838 837//837
f 819//819 818//818 864//864
f 825//825 824//824 811//811
f 859//859 848//848 838//838
f 874//874 802//802 852//852
f 823//823 876//876 875//875
f 876//876 823//823 822//822
f 894//894 862//862 861//861
f 840//840 839//839 836//836
f 823//823 903//903 824//824
f 802//802 801//801 853//853
f 838//838 848//848 847//847
f 874//874 904//904 903//903
f 858//858 849//849 848//848
f 859//859 858//858 848//848
f 874//874 898//898 904//904
f 874//874 857//857 898//898
f 817//817 849//849 818//818
f 818//818 849//849 858//858
f 817//817 829//829 849//849
f 824//824 902//902 811//811
f 824//824 903//903 902//902
f 874//874 852//852 857//857
f 823//823 875//875 903//903
f 810//810 803//803 872//872
f 893//893 863//863 862//862
f 893//893 862//862 894//894
f 895//895 894//894 861//861
f 839//839 837//837 836//836
f 818//818 858//858 864//864
f 811//811 902//902 901//901
f 919//919 924//924 925//925
f 922//922 927//927 923//923
f 921//921 927//927 922//922
f 921//921 926//926 927//927
f 920//920 926//926 921//921
f 920//920 925//925 926//926
f 919//919 925//925 920//920
f 929//929 931//931 928//928
f 929//929 930//930 931//931
f 933//933 934//934 935//935
f 932//932 934//934 933//933
f 937//937 938//938 939//939
f 936//936 938//938 937//937
f 941//941 942//942 943//943
f 940//940 942//942 941//941
f 945//945 947//947 948//948
f 944//944 947//947 945//945
f 944//944 946//946 947//947
f 950//950 957//957 951//951
f 951//951 957//957 954//954
f 951//951 954//954 952//952
f 952//952 954//954 955//955
f 953//953 955//955 956//956
f 953//953 956//956 949//949
f 952//952 955//955 953//953
f 958//958 961//961 959//959
f 958//958 960//960 961//961
f 963//963 965//965 966//966
f 963//963 966//966 964//964
f 962//962 965//965 963//963
f 968//968 969//969 970//970
f 968//968 970//970 967//967
f 971//971 973//973 972//972
f 972//972 973//973 974//974
f 975//975 977//977 976//976
f 976//976 977//977 978//978
f 979//979 982//982 980//980
f 980//980 982//982 981//981
f 986//986 987//987 988//988
f 986//986 988//988 983//983
f 983//983 988//988 989//989
f 983//983 989//989 984//984
f 984//984 989//989 990//990
f 984//984 990//990 985//985
f 991//991 994//994 992//992
f 991//991 993//993 994//994
f 995//995 997//997 998//998
f 995//995 998//998 996//996
f 999//999 1001//1001 1000//1000
f 999//999 1002//1002 1001//1001
f 1007//1007 1009//1009 1006//1006
f 1006//1006 1005//1005 1003//1003
f 1006//1006 1003//1003 1004//1004
f 1009//1009 1008//1008 1005//1005
f 1006//1006 1009//1009 1005//1005
f 1014//1014 1013//1013 1012//1012
f 1010//1010 1012//1012 1011//1011
f 1010//1010 1014//1014 1012//1012
f 1015//1015 1019//1019 1018//1018
f 1016//1016 1015//1015 1018//1018
f 1016//1016 1018//1018 1017//1017
f 1022//1022 1021//1021 1023//1023
f 1024//1024 1022//1022 1023//1023
f 1020//1020 1022//1022 1024//1024
f 1027//1027 1028//1028 1029//1029
f 1026//1026 1031//1031 1025//1025
f 1026//1026 1030//1030 1031//1031
f 1027//1027 1032//1032 1026//1026
f 1027//1027 1029//1029 1032//1032
f 1030//1030 1026//1026 1032//1032
f 1046//1046 1034//1034 1033//1033
f 1047//1047 1035//1035 1037//1037
f 1047//1047 1037//1037 1034//1034
f 1048//1048 1035//1035 1047//1047
f 1048//1048 1036//1036 1035//1035
f 1046//1046 1047//1047 1034//1034
f 1040//1040 1041//1041 1050//1050
f 1040//1040 1050//1050 1051//1051
f 1039//1039 1051//1051 1038//1038
f 1041//1041 1042//1042 1050//1050
f 1042//1042 1049//1049 1050//1050
f 1044//1044 1046//1046 1033//1033
f 1044//1044 1045//1045 1046//1046
f 1043//1043 1048//1048 1049//1049
f 1043//1043 1036//1036 1048//1048
f 1038//1038 1045//1045 1044//1044
f 1040//1040 1051//1051 1039//1039
f 1038//1038 1051//1051 1045//1045
f 1042//1042 1043//1043 1049//1049
f 1053//1053 1054//1054 1052//1052
f 1053//1053 1055//1055 1054//1054
f 1056//1056 1059//1059 1058//1058
f 1057//1057 1059//1059 1056//1056
f 1061//1061 1062//1062 1060//1060
f 1061//1061 1063//1063 1062//1062
f 1064//1064 1066//1066 1067//1067
f 1064//1064 1067//1067 1065//1065
f 1069//1069 1071//1071 1068//1068
f 1068//1068 1071//1071 1070//1070
f 1073//1073 1075//1075 1074//1074
f 1073//1073 1074//1074 1072//1072
f 1077//1077 1078//1078 1076//1076
f 1077//1077 1079//1079 1078//1078
f 1083//1083 1082//1082 1084//1084
f 1080//1080 1087//1087 1084//1084
f 1084//1084 1087//1087 1083//1083
f 1081//1081 1086//1086 1085//1085
f 1081//1081 1085//1085 1080//1080
f 1087//1087 1080//1080 1085//1085
f 1089//1089 1090//1090 1088//1088
f 1089//1089 1091//1091 1090//1090
f 1094//1094 1098//1098 1097//1097
f 1094//1094 1097//1097 1093//1093
f 1096//1096 1093//1093 1097//1097
f 1093//1093 1096//1096 1095//1095
f 1093//1093 1095//1095 1092//1092
f 1100//1100 1102//1102 1099//1099
f 1100//1100 1101//1101 1102//1102
f 1110//1110 1106//1106 1105//1105
f 1104//1104 1108//1108 1107//1107
f 1105//1105 1109//1109 1110//1110
f 1104//1104 1107//1107 1103//1103
f 1106//1106 1103//1103 1107//1107
f 1103//1103 1106//1106 1110//1110
f 1112//1112 1114//1114 1113//1113
f 1112//1112 1113//1113 1111//1111
f 1118//1118 1116//1116 1115//1115
f 1118//1118 1117//1117 1116//1116
f 1120//1120 1123//1123 1122//1122
f 1121//1121 1124//1124 1120//1120
f 1121//1121 1125//1125 1124//1124
f 1123//1123 1120//1120 1124//1124
f 1120//1120 1122//1122 1119//1119
f 1130//1130 1127//1127 1131//1131
f 1128//1128 1131//1131 1127//1127
f 1128//1128 1132//1132 1131//1131
f 1127//1127 1129//1129 1126//1126
f 1127//1127 1130//1130 1129//1129
f 1133//1133 1136//1136 1135//1135
f 1134//1134 1136//1136 1133//1133
f 1137//1137 1140//1140 1138//1138
f 1138//1138 1140//1140 1139//1139
f 1145//1145 1147//1147 1146//1146
f 1145//1145 1148//1148 1147//1147
f 1144//1144 1148//1148 1145//1145
f 1144//1144 1149//1149 1148//1148
f 1143//1143 1149//1149 1144//1144
f 1143//1143 1150//1150 1149//1149
f 1142//1142 1150//1150 1143//1143
f 1141//1141 1151//1151 1142//1142
f 1142//1142 1151//1151 1150//1150
f 1152//1152 1154//1154 1153//1153
f 1152//1152 1155//1155 1154//1154
f 1157//1157 1158//1158 1156//1156
f 1157//1157 1159//1159 1158//1158
f 1162//1162 1166//1166 1165//1165
f 1164//1164 1161//1161 1165//1165
f 1161//1161 1164//1164 1160//1160
f 1160//1160 1164//1164 1163//1163
f 1162//1162 1165//1165 1161//1161
f 1168//1168 1169//1169 1167//1167
f 1168//1168 1170//1170 1169//1169
f 1173//1173 1177//1177 1176//1176
f 1173//1173 1176//1176 1172//1172
f 1172//1172 1174//1174 1171//1171
f 1172//1172 1175//1175 1174//1174
f 1175//1175 1172//1172 1176//1176
f 1179//1179 1180//1180 1178//1178
f 1179//1179 1181//1181 1180//1180
f 1182//1182 1185//1185 1184//1184
f 1183//1183 1182//1182 1184//1184
f 1188//1188 1191//1191 1190//1190
f 1187//1187 1189//1189 1186//1186
f 1187//1187 1190//1190 1189//1189
f 1188//1188 1190//1190 1187//1187
f 1195//1195 1194//1194 1193//1193
f 1195//1195 1193//1193 1192//1192
f 1197//1197 1198//1198 1196//1196
f 1197//1197 1199//1199 1198//1198
f 1201//1201 1203//1203 1200//1200
f 1202//1202 1206//1206 1205//1205
f 1204//1204 1201//1201 1205//1205
f 1202//1202 1205//1205 1201//1201
f 1201//1201 1204//1204 1203//1203
f 1208//1208 1209//1209 1207//1207
f 1208//1208 1210//1210 1209//1209
f 1212//1212 1214//1214 1211//1211
f 1213//1213 1216//1216 1212//1212
f 1213//1213 1217//1217 1216//1216
f 1212//1212 1215//1215 1214//1214
f 1215//1215 1212//1212 1216//1216
f 1219//1219 1220//1220 1218//1218
f 1219//1219 1221//1221 1220//1220
f 1229//1229 1235//1235 1234//1234
f 1231//1231 1232//1232 1222//1222
f 1231//1231 1233//1233 1232//1232
f 1229//1229 1234//1234 1230//1230
f 1230//1230 1234//1234 1233//1233
f 1223//1223 1241//1241 1224//1224
f 1224//1224 1241//1241 1240//1240
f 1224//1224 1240//1240 1239//1239
f 1224//1224 1239//1239 1225//1225
f 1225//1225 1239//1239 1238//1238
f 1228//1228 1235//1235 1229//1229
f 1225//1225 1238//1238 1226//1226
f 1228//1228 1236//1236 1235//1235
f 1227//1227 1236//1236 1228//1228
f 1227//1227 1237//1237 1236//1236
f 1226//1226 1237//1237 1227//1227
f 1226//1226 1238//1238 1237//1237
f 1230//1230 1233//1233 1231//1231
f 1243//1243 1242//1242 1244//1244
f 1242//1242 1245//1245 1244//1244
f 1247//1247 1248//1248 1249//1249
f 1247//1247 1249//1249 1246//1246
f 1252//1252 1255//1255 1251//1251
f 1251//1251 1254//1254 1253//1253
f 1252//1252 1257//1257 1256//1256
f 1251//1251 1253//1253 1250//1250
f 1254//1254 1251//1251 1255//1255
f 1252//1252 1256//1256 1255//1255
f 1262//1262 1260//1260 1261//1261
f 1260//1260 1259//1259 1261//1261
f 1258//1258 1260//1260 1262//1262
f 1263//1263 1265//1265 1266//1266
f 1265//1265 1267//1267 1266//1266
f 1265//1265 1264//1264 1267//1267
f 1264//1264 1268//1268 1267//1267
f 1273//1273 1272//1272 1271//1271
f 1270//1270 1271//1271 1269//1269
f 1270//1270 1273//1273 1271//1271
f 1275//1275 1276//1276 1274//1274
f 1275//1275 1277//1277 1276//1276
f 1281//1281 1279//1279 1278//1278
f 1274//1274 1279//1279 1281//1281
f 1279//1279 1274//1274 1276//1276
f 1278//1278 1280//1280 1281//1281
f 1283//1283 1284//1284 1282//1282
f 1283//1283 1285//1285 1284//1284
f 1287//1287 1289//1289 1286//1286
f 1287//1287 1290//1290 1289//1289
f 1288//1288 1291//1291 1287//1287
f 1288//1288 1292//1292 1291//1291
f 1290//1290 1287//1287 1291//1291
f 1294//1294 1295//1295 1296//1296
f 1294//1294 1296//1296 1293//1293
f 1300//1300 1298//1298 1297//1297
f 1300//1300 1297//1297 1299//1299
f 1303//1303 1302//1302 1301//1301
f 1304//1304 1302//1302 1303//1303
f 1307//1307 1306//1306 1308//1308
f 1308//1308 1306//1306 1305//1305
f 1312//1312 1310//1310 1311//1311
f 1312//1312 1309//1309 1310//1310
f 1315//1315 1314//1314 1313//1313
f 1316//1316 1314//1314 1315//1315
f 1319//1319 1318//1318 1317//1317
f 1320//1320 1318//1318 1319//1319
f 1323//1323 1322//1322 1321//1321
f 1324//1324 1322//1322 1323//1323
f 1327//1327 1326//1326 1325//1325
f 1328//1328 1326//1326 1327//1327
f 1332//1332 1329//1329 1330//1330
f 1331//1331 1329//1329 1332//1332
f 1336//1336 1334//1334 1333//1333
f 1336//1336 1333//1333 1335//1335
f 1341//1341 1338//1338 1340//1340
f 1340//1340 1338//1338 1337//1337
f 1341//1341 1339//1339 1338//1338
f 1342//1342 1339//1339 1341//1341
f 1346//1346 1343//1343 1345//1345
f 1346//1346 1344//1344 1343//1343
f 1350//1350 1348//1348 1349//1349
f 1349//1349 1348//1348 1347//1347
f 1354//1354 1351//1351 1353//1353
f 1354//1354 1352//1352 1351//1351
f 1357//1357 1356//1356 1355//1355
f 1358//1358 1356//1356 1357//1357
f 1361//1361 1359//1359 1362//1362
f 1362//1362 1359//1359 1360//1360
f 1367//1367 1365//1365 1364//1364
f 1366//1366 1364//1364 1363//1363
f 1367//1367 1364//1364 1366//1366
f 1371//1371 1368//1368 1370//1370
f 1371//1371 1369//1369 1368//1368
f 1376//1376 1373//1373 1372//1372
f 1377//1377 1373//1373 1376//1376
f 1378//1378 1374//1374 1377//1377
f 1378//1378 1375//1375 1374//1374
f 1377//1377 1374//1374 1373//1373
f 1382//1382 1379//1379 1381//1381
f 1382//1382 1380//1380 1379//1379
f 1385//1385 1384//1384 1386//1386
f 1385//1385 1383//1383 1384//1384
f 1390//1390 1388//1388 1387//1387
f 1390//1390 1387//1387 1389//1389
f 1394//1394 1392//1392 1391//1391
f 1394//1394 1391//1391 1393//1393
f 1397//1397 1396//1396 1395//1395
f 1398//1398 1396//1396 1397//1397
f 1402//1402 1399//1399 1401//1401
f 1402//1402 1400//1400 1399//1399
f 1406//1406 1404//1404 1403//1403
f 1405//1405 1404//1404 1406//1406
f 1410//1410 1407//1407 1409//1409
f 1411//1411 1407//1407 1410//1410
f 1411//1411 1408//1408 1407//1407
f 1415//1415 1413//1413 1412//1412
f 1415//1415 1412//1412 1414//1414
f 1419//1419 1416//1416 1418//1418
f 1419//1419 1417//1417 1416//1416
f 1424//1424 1421//1421 1423//1423
f 1423//1423 1420//1420 1422//1422
f 1423//1423 1421//1421 1420//1420
f 1427//1427 1426//1426 1425//1425
f 1428//1428 1426//1426 1427//1427
f 1431//1431 1430//1430 1433//1433
f 1431//1431 1429//1429 1430//1430
f 1432//1432 1429//1429 1431//1431
f 1436//1436 1435//1435 1434//1434
f 1437//1437 1435//1435 1436//1436
f 1440//1440 1439//1439 1438//1438
f 1441//1441 1439//1439 1440//1440
f 1444//1444 1443//1443 1442//1442
f 1445//1445 1443//1443 1444//1444
f 1449//1449 1446//1446 1448//1448
f 1449//1449 1447//1447 1446//1446
f 1453//1453 1451//1451 1450//1450
f 1452//1452 1451//1451 1453//1453
f 1457//1457 1455//1455 1456//1456
f 1457//1457 1454//1454 1455//1455
f 1460//1460 1459//1459 1458//1458
f 1461//1461 1459//1459 1460//1460
f 1464//1464 1463//1463 1462//1462
f 1465//1465 1463//1463 1464//1464
f 1471//1471 1468//1468 1470//1470
f 1469//1469 1467//1467 1466//1466
f 1470//1470 1468//1468 1467//1467
f 1470//1470 1467//1467 1469//1469
f 1475//1475 1473//1473 1472//1472
f 1474//1474 1473//1473 1475//1475
f 1478//1478 1476//1476 1477//1477
f 1479//1479 1476//1476 1478//1478
f 1483//1483 1481//1481 1480//1480
f 1484//1484 1481//1481 1483//1483
f 1484//1484 1482//1482 1481//1481
f 1485//1485 1482//1482 1484//1484
f 1489//1489 1487//1487 1486//1486
f 1490//1490 1487//1487 1489//1489
f 1490//1490 1488//1488 1487//1487
f 1494//1494 1491//1491 1493//1493
f 1494//1494 1492//1492 1491//1491
f 1499//1499 1496//1496 1498//1498
f 1499//1499 1495//1495 1496//1496
f 1497//1497 1495//1495 1499//1499
f 1503//1503 1501//1501 1500//1500
f 1504//1504 1501//1501 1503//1503
f 1504//1504 1502//1502 1501//1501
f 1505//1505 1502//1502 1504//1504
f 1508//1508 1507//1507 1506//1506
f 1509//1509 1507//1507 1508//1508
f 1513//1513 1510//1510 1512//1512
f 1513//1513 1511//1511 1510//1510
f 1517//1517 1515//1515 1514//1514
f 1517//1517 1514//1514 1516//1516
f 1520//1520 1519//1519 1518//1518
f 1521//1521 1519//1519 1520//1520
f 1530//1530 1524//1524 1529//1529
f 1529//1529 1524//1524 1523//1523
f 1530//1530 1525//1525 1524//1524
f 1528//1528 1523//1523 1522//1522
f 1527//1527 1526//1526 1531//1531
f 1527//1527 1522//1522 1526//1526
f 1529//1529 1523//1523 1528//1528
f 1528//1528 1522//1522 1527//1527
f 1532//1532 1537//1537 1542//1542
f 1536//1536 1541//1541 1537//1537
f 1534//1534 1543//1543 1540//1540
f 1534//1534 1533//1533 1543//1543
f 1534//1534 1535//1535 1533//1533
f 1532//1532 1542//1542 1538//1538
f 1543//1543 1533//1533 1544//1544
f 1533//1533 1535//1535 1532//1532
f 1533//1533 1545//1545 1544//1544
f 1540//1540 1543//1543 1539//1539
f 1535//1535 1536//1536 1537//1537
f 1535//1535 1537//1537 1532//1532
f 1546//1546 1549//1549 1548//1548
f 1546//1546 1548//1548 1547//1547
f 1568//1568 1562//1562 1571//1571
f 1568//1568 1560//1560 1562//1562
f 1562//1562 1570//1570 1571//1571
f 1569//1569 1566//1566 1570//1570
f 1570//1570 1566//1566 1565//1565
f 1567//1567 1566//1566 1569//1569
f 1572//1572 1567//1567 1569//1569
f 1571//1571 1565//1565 1564//1564
f 1570//1570 1565//1565 1571//1571
f 1571//1571 1564//1564 1568//1568
f 1561//1561 1562//1562 1557//1557
f 1551//1551 1558//1558 1550//1550
f 1551//1551 1557//1557 1558//1558
f 1551//1551 1561//1561 1557//1557
f 1551//1551 1563//1563 1561//1561
f 1562//1562 1560//1560 1557//1557
f 1558//1558 1559//1559 1554//1554
f 1559//1559 1553//1553 1554//1554
f 1559//1559 1555//1555 1556//1556
f 1559//1559 1556//1556 1553//1553
f 1550//1550 1554//1554 1552//1552
f 1558//1558 1554//1554 1550//1550
f 1577//1577 1576//1576 1580//1580
f 1577//1577 1575//1575 1576//1576
f 1576//1576 1579//1579 1580//1580
f 1573//1573 1575//1575 1578//1578
f 1575//1575 1577//1577 1578//1578
f 1574//1574 1578//1578 1577//1577
f 1589//1589 1596//1596 1590//1590
f 1583//1583 1594//1594 1595//1595
f 1591//1591 1588//1588 1589//1589
f 1594//1594 1583//1583 1584//1584
f 1591//1591 1592//1592 1588//1588
f 1594//1594 1584//1584 1593//1593
f 1593//1593 1584//1584 1585//1585
f 1589//1589 1590//1590 1591//1591
f 1582//1582 1583//1583 1595//1595
f 1592//1592 1593//1593 1587//1587
f 1593//1593 1585//1585 1587//1587
f 1585//1585 1586//1586 1587//1587
f 1581//1581 1596//1596 1589//1589
f 1581//1581 1582//1582 1596//1596
f 1592//1592 1587//1587 1588//1588
f 1582//1582 1595//1595 1596//1596
f 1601//1601 1605//1605 1599//1599
f 1607//1607 1597//1597 1598//1598
f 1602//1602 1610//1610 1611//1611
f 1603//1603 1608//1608 1609//1609
f 1603//1603 1604//1604 1608//1608
f 1602//1602 1605//1605 1601//1601
f 1602//1602 1611//1611 1605//1605
f 1600//1600 1601//1601 1599//1599
f 1604//1604 1607//1607 1608//1608
f 1604//1604 1597//1597 1607//1607
f 1605//1605 1598//1598 1599//1599
f 1605//1605 1606//1606 1598//1598
f 1603//1603 1609//1609 1610//1610
f 1602//1602 1603//1603 1610//1610
f 1607//1607 1598//1598 1606//1606
f 1618//1618 1614//1614 1613//1613
f 1622//1622 1617//1617 1621//1621
f 1622//1622 1612//1612 1617//1617
f 1621//1621 1617//1617 1616//1616
f 1619//1619 1614//1614 1618//1618
f 1621//1621 1616//1616 1620//1620
f 1620//1620 1616//1616 1615//1615
f 1620//1620 1615//1615 1619//1619
f 1619//1619 1615//1615 1614//1614
f 1626//1626 1624//1624 1623//1623
f 1626//1626 1623//1623 1625//1625
f 1630//1630 1628//1628 1627//1627
f 1630//1630 1627//1627 1629//1629
f 1632//1632 1638//1638 1637//1637
f 1634//1634 1635//1635 1633//1633
f 1634//1634 1638//1638 1632//1632
f 1631//1631 1636//1636 1647//1647
f 1631//1631 1632//1632 1636//1636
f 1632//1632 1637//1637 1636//1636
f 1647//1647 1636//1636 1642//1642
f 1647//1647 1642//1642 1646//1646
f 1638//1638 1633//1633 1639//1639
f 1642//1642 1641//1641 1646//1646
f 1641//1641 1645//1645 1646//1646
f 1633//1633 1644//1644 1639//1639
f 1639//1639 1644//1644 1640//1640
f 1641//1641 1643//1643 1645//1645
f 1641//1641 1640//1640 1643//1643
f 1634//1634 1633//1633 1638//1638
f 1640//1640 1644//1644 1643//1643
f 1651//1651 1652//1652 1648//1648
f 1652//1652 1649//1649 1661//1661
f 1649//1649 1650//1650 1662//1662
f 1649//1649 1662//1662 1661//1661
f 1656//1656 1660//1660 1655//1655
f 1660//1660 1659//1659 1655//1655
f 1650//1650 1653//1653 1662//1662
f 1662//1662 1653//1653 1657//1657
f 1659//1659 1654//1654 1655//1655
f 1658//1658 1653//1653 1654//1654
f 1659//1659 1658//1658 1654//1654
f 1657//1657 1653//1653 1658//1658
f 1648//1648 1652//1652 1661//1661
f 1648//1648 1661//1661 1660//1660
f 1648//1648 1660//1660 1656//1656
f 1667//1667 1664//1664 1666//1666
f 1666//1666 1664//1664 1663//1663
f 1667//1667 1665//1665 1664//1664
f 1671//1671 1668//1668 1670//1670
f 1671//1671 1669//1669 1668//1668
f 1674//1674 1673//1673 1675//1675
f 1674//1674 1672//1672 1673//1673
f 1678//1678 1677//1677 1676//1676
f 1679//1679 1677//1677 1678//1678
f 1683//1683 1681//1681 1682//1682
f 1682//1682 1681//1681 1680//1680
f 1686//1686 1685//1685 1684//1684
f 1687//1687 1685//1685 1686//1686
f 1692//1692 1689//1689 1693//1693
f 1689//1689 1691//1691 1690//1690
f 1693//1693 1689//1689 1690//1690
f 1692//1692 1688//1688 1689//1689
f 1701//1701 1699//1699 1698//1698
f 1701//1701 1698//1698 1700//1700
f 1694//1694 1706//1706 1695//1695
f 1708//1708 1709//1709 1696//1696
f 1703//1703 1696//1696 1709//1709
f 1709//1709 1708//1708 1713//1713
f 1712//1712 1707//1707 1695//1695
f 1703//1703 1697//1697 1696//1696
f 1702//1702 1697//1697 1703//1703
f 1712//1712 1695//1695 1711//1711
f 1705//1705 1714//1714 1704//1704
f 1713//1713 1708//1708 1707//1707
f 1695//1695 1706//1706 1711//1711
f 1699//1699 1704//1704 1714//1714
f 1706//1706 1705//1705 1710//1710
f 1701//1701 1704//1704 1699//1699
f 1710//1710 1705//1705 1704//1704
f 1711//1711 1706//1706 1710//1710
f 1713//1713 1707//1707 1712//1712
f 1723//1723 1722//1722 1720//1720
f 1723//1723 1720//1720 1719//1719
f 1718//1718 1717//1717 1721//1721
f 1722//1722 1716//1716 1715//1715
f 1722//1722 1723//1723 1716//1716
f 1718//1718 1722//1722 1715//1715
f 1718//1718 1721//1721 1722//1722
f 1725//1725 1726//1726 1724//1724
f 1724//1724 1726//1726 1727//1727
f 1725//1725 1728//1728 1726//1726
f 1729//1729 1732//1732 1733//1733
f 1732//1732 1729//1729 1730//1730
f 1732//1732 1730//1730 1731//1731
f 1742//1742 1736//1736 1743//1743
f 1743//1743 1736//1736 1734//1734
f 1740//1740 1739//1739 1741//1741
f 1741//1741 1739//1739 1738//1738
f 1741//1741 1738//1738 1737//1737
f 1741//1741 1737//1737 1742//1742
f 1742//1742 1737//1737 1736//1736
f 1743//1743 1734//1734 1735//1735
f 1746//1746 1745//1745 1748//1748
f 1747//1747 1748//1748 1744//1744
f 1746//1746 1748//1748 1747//1747
f 1751//1751 1755//1755 1756//1756
f 1756//1756 1755//1755 1752//1752
f 1753//1753 1751//1751 1756//1756
f 1749//1749 1753//1753 1754//1754
f 1749//1749 1754//1754 1750//1750
f 1753//1753 1749//1749 1751//1751
f 1773//1773 1772//1772 1776//1776
f 1763//1763 1767//1767 1766//1766
f 1763//1763 1766//1766 1764//1764
f 1763//1763 1768//1768 1767//1767
f 1763//1763 1762//1762 1768//1768
f 1762//1762 1769//1769 1768//1768
f 1780//1780 1776//1776 1777//1777
f 1780//1780 1773//1773 1776//1776
f 1777//1777 1779//1779 1780//1780
f 1758//1758 1759//1759 1757//1757
f 1760//1760 1765//1765 1761//1761
f 1760//1760 1758//1758 1765//1765
f 1760//1760 1759//1759 1758//1758
f 1761//1761 1765//1765 1770//1770
f 1765//1765 1758//1758 1762//1762
f 1758//1758 1769//1769 1762//1762
f 1759//1759 1771//1771 1757//1757
f 1759//1759 1774//1774 1771//1771
f 1757//1757 1772//1772 1773//1773
f 1757//1757 1771//1771 1772//1772
f 1774//1774 1775//1775 1771//1771
f 1777//1777 1778//1778 1779//1779
f 1781//1781 1784//1784 1783//1783
f 1785//1785 1786//1786 1787//1787
f 1783//1783 1782//1782 1785//1785
f 1783//1783 1785//1785 1787//1787
f 1782//1782 1783//1783 1784//1784
f 1789//1789 1796//1796 1801//1801
f 1789//1789 1801//1801 1790//1790
f 1801//1801 1796//1796 1797//1797
f 1801//1801 1797//1797 1800//1800
f 1800//1800 1797//1797 1799//1799
f 1799//1799 1797//1797 1798//1798
f 1796//1796 1788//1788 1795//1795
f 1795//1795 1788//1788 1792//1792
f 1795//1795 1792//1792 1793//1793
f 1795//1795 1793//1793 1794//1794
f 1788//1788 1791//1791 1792//1792
f 1807//1807 1802//1802 1803//1803
f 1789//1789 1788//1788 1796//1796
f 1807//1807 1810//1810 1802//1802
f 1804//1804 1808//1808 1803//1803
f 1803//1803 1808//1808 1807//1807
f 1793//1793 1808//1808 1809//1809
f 1806//1806 1794//1794 1793//1793
f 1806//1806 1793//1793 1809//1809
f 1806//1806 1809//1809 1805//1805
f 1809//1809 1804//1804 1805//1805
f 1804//1804 1809//1809 1808//1808
f 1815//1815 1819//1819 1818//1818
f 1818//1818 1813//1813 1814//1814
f 1818//1818 1817//1817 1813//1813
f 1816//1816 1820//1820 1819//1819
f 1816//1816 1819//1819 1815//1815
f 1815//1815 1818//1818 1814//1814
f 1812//1812 1820//1820 1811//1811
f 1811//1811 1820//1820 1816//1816
f 1829//1829 1833//1833 1830//1830
f 1837//1837 1823//1823 1822//1822
f 1836//1836 1824//1824 1823//1823
f 1831//1831 1837//1837 1822//1822
f 1836//1836 1825//1825 1824//1824
f 1835//1835 1825//1825 1836//1836
f 1821//1821 1831//1831 1822//1822
f 1821//1821 1832//1832 1831//1831
f 1826//1826 1825//1825 1835//1835
f 1827//1827 1825//1825 1826//1826
f 1830//1830 1832//1832 1821//1821
f 1828//1828 1826//1826 1835//1835
f 1828//1828 1835//1835 1834//1834
f 1836//1836 1823//1823 1837//1837
f 1830//1830 1833//1833 1832//1832
f 1829//1829 1834//1834 1833//1833
f 1829//1829 1828//1828 1834//1834
f 1842//1842 1843//1843 1841//1841
f 1850//1850 1843//1843 1842//1842
f 1851//1851 1850//1850 1842//1842
f 1850//1850 1844//1844 1843//1843
f 1851//1851 1842//1842 1840//1840
f 1849//1849 1844//1844 1850//1850
f 1838//1838 1845//1845 1847//1847
f 1838//1838 1847//1847 1839//1839
f 1846//1846 1840//1840 1839//1839
f 1846//1846 1851//1851 1840//1840
f 1845//1845 1844//1844 1849//1849
f 1845//1845 1849//1849 1848//1848
f 1839//1839 1847//1847 1846//1846
f 1845//1845 1848//1848 1847//1847
f 1853//1853 1854//1854 1856//1856
f 1852//1852 1854//1854 1853//1853
f 1852//1852 1855//1855 1854//1854
f 1858//1858 1859//1859 1857//1857
f 1858//1858 1860//1860 1859//1859
f 1862//1862 1863//1863 1861//1861
f 1862//1862 1864//1864 1863//1863
f 1865//1865 1868//1868 1867//1867
f 1866//1866 1868//1868 1865//1865
f 1869//1869 1872//1872 1871//1871
f 1870//1870 1872//1872 1869//1869
f 1873//1873 1876//1876 1875//1875
f 1874//1874 1876//1876 1873//1873
f 1881//1881 1887//1887 1877//1877
f 1881//1881 1878//1878 1887//1887
f 1891//1891 1885//1885 1890//1890
f 1889//1889 1890//1890 1883//1883
f 1877//1877 1889//1889 1883//1883
f 1888//1888 1889//1889 1877//1877
f 1885//1885 1891//1891 1892//1892
f 1882//1882 1885//1885 1892//1892
f 1887//1887 1888//1888 1877//1877
f 1878//1878 1886//1886 1887//1887
f 1879//1879 1886//1886 1878//1878
f 1879//1879 1882//1882 1892//1892
f 1879//1879 1892//1892 1886//1886
f 1881//1881 1877//1877 1880//1880
f 1890//1890 1885//1885 1884//1884
f 1890//1890 1884//1884 1883//1883
f 1893//1893 1900//1900 1907//1907
f 1905//1905 1904//1904 1898//1898
f 1895//1895 1899//1899 1896//1896
f 1895//1895 1898//1898 1899//1899
f 1895//1895 1905//1905 1898//1898
f 1896//1896 1899//1899 1894//1894
f 1894//1894 1899//1899 1900//1900
f 1897//1897 1895//1895 1896//1896
f 1894//1894 1900//1900 1893//1893
f 1904//1904 1908//1908 1903//1903
f 1903//1903 1908//1908 1906//1906
f 1900//1900 1901//1901 1907//1907
f 1901//1901 1902//1902 1907//1907
f 1903//1903 1906//1906 1902//1902
f 1902//1902 1906//1906 1907//1907
f 1905//1905 1908//1908 1904//1904
f 1910//1910 1915//1915 1914//1914
f 1910//1910 1914//1914 1909//1909
f 1912//1912 1916//1916 1911//1911
f 1911//1911 1915//1915 1910//1910
f 1909//1909 1914//1914 1919//1919
f 1911//1911 1916//1916 1915//1915
f 1913//1913 1918//1918 1917//1917
f 1913//1913 1917//1917 1912//1912
f 1912//1912 1917//1917 1916//1916
f 1921//1921 1922//1922 1920//1920
f 1921//1921 1923//1923 1922//1922
f 1925//1925 1926//1926 1924//1924
f 1925//1925 1927//1927 1926//1926
f 1929//1929 1931//1931 1930//1930
f 1929//1929 1930//1930 1928//1928
f 1934//1934 1938//1938 1937//1937
f 1935//1935 1934//1934 1937//1937
f 1935//1935 1937//1937 1936//1936
f 1932//1932 1935//1935 1936//1936
f 1934//1934 1933//1933 1938//1938
f 1940//1940 1942//1942 1941//1941
f 1940//1940 1941//1941 1939//1939
f 1947//1947 1943//1943 1944//1944
f 1943//1943 1946//1946 1945//1945
f 1948//1948 1943//1943 1947//1947
f 1948//1948 1946//1946 1943//1943
f 1950//1950 1951//1951 1952//1952
f 1950//1950 1952//1952 1949//1949
f 1954//1954 1955//1955 1953//1953
f 1954//1954 1956//1956 1955//1955
f 1957//1957 1960//1960 1959//1959
f 1957//1957 1958//1958 1960//1960
f 1976//1976 1970//1970 1961//1961
f 1973//1973 1965//1965 1971//1971
f 1973//1973 1964//1964 1965//1965
f 1974//1974 1963//1963 1964//1964
f 1974//1974 1964//1964 1973//1973
f 1974//1974 1967//1967 1963//1963
f 1975//1975 1968//1968 1967//1967
f 1975//1975 1967//1967 1974//1974
f 1962//1962 1968//1968 1975//1975
f 1970//1970 1969//1969 1961//1961
f 1975//1975 1961//1961 1962//1962
f 1976//1976 1961//1961 1975//1975
f 1964//1964 1966//1966 1965//1965
f 1972//1972 1970//1970 1976//1976
f 1977//1977 1979//1979 1980//1980
f 1977//1977 1978//1978 1979//1979
f 1981//1981 1982//1982 1984//1984
f 1981//1981 1984//1984 1983//1983
f 1986//1986 1988//1988 1985//1985
f 1986//1986 1987//1987 1988//1988
f 1990//1990 1991//1991 1989//1989
f 1990//1990 1992//1992 1991//1991
f 1997//1997 1994//1994 1998//1998
f 1994//1994 1996//1996 1995//1995
f 1998//1998 1994//1994 1995//1995
f 1997//1997 1993//1993 1994//1994
f 2001//2001 2005//2005 2006//2006
f 2018//2018 2011//2011 2009//2009
f 2002//2002 2005//2005 2001//2001
f 2017//2017 2011//2011 2018//2018
f 2017//2017 2012//2012 2011//2011
f 2000//2000 2012//2012 2017//2017
f 2000//2000 2013//2013 2012//2012
f 2016//2016 2013//2013 2000//2000
f 2014//2014 2013//2013 2016//2016
f 2015//2015 2014//2014 2016//2016
f 2010//2010 2014//2014 2015//2015
f 2010//2010 2003//2003 2007//2007
f 2004//2004 2008//2008 2007//2007
f 2019//2019 2010//2010 2015//2015
f 2018//2018 2009//2009 2002//2002
f 2003//2003 2010//2010 2019//2019
f 2004//2004 2007//2007 2003//2003
f 2009//2009 2005//2005 2002//2002
f 1999//1999 2016//2016 2000//2000
f 2021//2021 2020//2020 2026//2026
f 2028//2028 2027//2027 2024//2024
f 2027//2027 2025//2025 2024//2024
f 2027//2027 2028//2028 2023//2023
f 2027//2027 2023//2023 2022//2022
f 2021//2021 2027//2027 2022//2022
f 2021//2021 2026//2026 2027//2027
f 2030//2030 2031//2031 2032//2032
f 2029//2029 2033//2033 2031//2031
f 2029//2029 2031//2031 2030//2030
f 2037//2037 2034//2034 2036//2036
f 2035//2035 2037//2037 2038//2038
f 2037//2037 2035//2035 2034//2034
f 2042//2042 2043//2043 2039//2039
f 2040//2040 2043//2043 2042//2042
f 2041//2041 2040//2040 2042//2042
f 2046//2046 2050//2050 2047//2047
f 2046//2046 2049//2049 2050//2050
f 2049//2049 2045//2045 2051//2051
f 2049//2049 2046//2046 2045//2045
f 2045//2045 2044//2044 2051//2051
f 2051//2051 2044//2044 2048//2048
f 2053//2053 2055//2055 2052//2052
f 2053//2053 2054//2054 2055//2055
f 2056//2056 2058//2058 2059//2059
f 2056//2056 2057//2057 2058//2058
f 2063//2063 2062//2062 2060//2060
f 2063//2063 2060//2060 2061//2061
f 2064//2064 2065//2065 2066//2066
f 2064//2064 2066//2066 2067//2067
f 2069//2069 2070//2070 2068//2068
f 2069//2069 2071//2071 2070//2070
f 2073//2073 2075//2075 2074//2074
f 2073//2073 2074//2074 2072//2072
f 2077//2077 2079//2079 2078//2078
f 2077//2077 2078//2078 2076//2076
f 2082//2082 2081//2081 2085//2085
f 2080//2080 2084//2084 2083//2083
f 2081//2081 2086//2086 2085//2085
f 2082//2082 2085//2085 2084//2084
f 2080//2080 2082//2082 2084//2084
f 2088//2088 2089//2089 2087//2087
f 2088//2088 2090//2090 2089//2089
f 2091//2091 2093//2093 2092//2092
f 2091//2091 2094//2094 2093//2093
f 2097//2097 2096//2096 2098//2098
f 2097//2097 2098//2098 2095//2095
f 2104//2104 2099//2099 2103//2103
f 2103//2103 2099//2099 2100//2100
f 2104//2104 2102//2102 2099//2099
f 2099//2099 2102//2102 2101//2101
f 2115//2115 2110//2110 2117//2117
f 2117//2117 2110//2110 2107//2107
f 2117//2117 2107//2107 2118//2118
f 2118//2118 2107//2107 2108//2108
f 2110//2110 2109//2109 2107//2107
f 2106//2106 2114//2114 2113//2113
f 2118//2118 2112//2112 2119//2119
f 2119//2119 2112//2112 2111//2111
f 2119//2119 2111//2111 2105//2105
f 2119//2119 2106//2106 2120//2120
f 2119//2119 2105//2105 2106//2106
f 2120//2120 2113//2113 2116//2116
f 2120//2120 2106//2106 2113//2113
f 2108//2108 2112//2112 2118//2118
f 2121//2121 2122//2122 2124//2124
f 2121//2121 2124//2124 2123//2123
f 2125//2125 2126//2126 2127//2127
f 2125//2125 2127//2127 2128//2128
f 2130//2130 2132//2132 2129//2129
f 2130//2130 2131//2131 2132//2132
f 2134//2134 2135//2135 2133//2133
f 2134//2134 2136//2136 2135//2135
f 2137//2137 2139//2139 2140//2140
f 2137//2137 2138//2138 2139//2139
f 2142//2142 2143//2143 2141//2141
f 2142//2142 2144//2144 2143//2143
f 2145//2145 2148//2148 2146//2146
f 2145//2145 2147//2147 2148//2148
f 2149//2149 2150//2150 2151//2151
f 2149//2149 2151//2151 2152//2152
f 2154//2154 2155//2155 2153//2153
f 2154//2154 2156//2156 2155//2155
f 2157//2157 2160//2160 2159//2159
f 2158//2158 2157//2157 2159//2159
f 2161//2161 2164//2164 2163//2163
f 2161//2161 2162//2162 2164//2164
f 2166//2166 2168//2168 2167//2167
f 2166//2166 2167//2167 2165//2165
f 2170//2170 2171//2171 2169//2169
f 2170//2170 2172//2172 2171//2171
f 2175//2175 2174//2174 2179//2179
f 2175//2175 2179//2179 2178//2178
f 2176//2176 2175//2175 2178//2178
f 2176//2176 2178//2178 2177//2177
f 2173//2173 2176//2176 2177//2177
f 2181//2181 2182//2182 2180//2180
f 2181//2181 2183//2183 2182//2182
f 2185//2185 2187//2187 2184//2184
f 2185//2185 2186//2186 2187//2187
f 2189//2189 2188//2188 2193//2193
f 2189//2189 2193//2193 2192//2192
f 2190//2190 2189//2189 2192//2192
f 2190//2190 2192//2192 2191//2191
f 2195//2195 2197//2197 2196//2196
f 2194//2194 2195//2195 2196//2196
f 2199//2199 2201//2201 2200//2200
f 2199//2199 2200//2200 2198//2198
f 2202//2202 2205//2205 2207//2207
f 2203//2203 2202//2202 2207//2207
f 2203//2203 2207//2207 2206//2206
f 2204//2204 2203//2203 2206//2206
f 2208//2208 2210//2210 2209//2209
f 2208//2208 2211//2211 2210//2210
f 2213//2213 2214//2214 2212//2212
f 2213//2213 2215//2215 2214//2214
f 2216//2216 2217//2217 2218//2218
f 2217//2217 2219//2219 2218//2218
f 2220//2220 2222//2222 2223//2223
f 2221//2221 2220//2220 2223//2223
f 2225//2225 2224//2224 2227//2227
f 2225//2225 2227//2227 2226//2226
f 2228//2228 2230//2230 2229//2229
f 2228//2228 2231//2231 2230//2230
f 2233//2233 2234//2234 2232//2232
f 2233//2233 2235//2235 2234//2234
f 2236//2236 2237//2237 2238//2238
f 2237//2237 2239//2239 2238//2238
f 2241//2241 2243//2243 2240//2240
f 2241//2241 2242//2242 2243//2243
f 2246//2246 2244//2244 2250//2250
f 2246//2246 2250//2250 2249//2249
f 2247//2247 2246//2246 2249//2249
f 2247//2247 2249//2249 2248//2248
f 2245//2245 2247//2247 2248//2248
f 2252//2252 2254//2254 2253//2253
f 2252//2252 2251//2251 2254//2254
f 2256//2256 2257//2257 2255//2255
f 2256//2256 2258//2258 2257//2257
f 2261//2261 2259//2259 2260//2260
f 2263//2263 2264//2264 2262//2262
f 2266//2266 2265//2265 2267//2267
f 2269//2269 2270//2270 2268//2268
f 2271//2271 2273//2273 2272//2272
f 2276//2276 2274//2274 2275//2275
f 2279//2279 2277//2277 2278//2278
f 2281//2281 2280//2280 2282//2282
f 2283//2283 2285//2285 2284//2284
f 2286//2286 2287//2287 2288//2288
f 2289//2289 2291//2291 2290//2290
f 2292//2292 2294//2294 2293//2293
f 2295//2295 2297//2297 2296//2296
f 2300//2300 2299//2299 2298//2298
