# OMX visual mesh; coordinates in metres
mtllib materials.mtl
usemtl black_fasteners
v -0.0001480 -0.0010720 0.0049000
v 0.0003568 -0.0010326 0.0048999
v 0.0008229 -0.0007028 0.0049000
v 0.0010727 -0.0002051 0.0048999
v 0.0010281 0.0003341 0.0049000
v 0.0008229 0.0007028 0.0049000
v 0.0003568 0.0010325 0.0048999
v -0.0001480 0.0010720 0.0049000
v -0.0006400 0.0008809 0.0048999
v -0.0010275 0.0003704 0.0048999
v -0.0010421 -0.0003386 0.0048998
v -0.0006401 -0.0008810 0.0049000
v -0.0001480 -0.0010720 0.0049000
v 0.0003568 -0.0010326 0.0048999
v 0.0008229 -0.0007028 0.0049000
v 0.0010727 -0.0002051 0.0048999
v 0.0010281 0.0003341 0.0049000
v 0.0008229 0.0007028 0.0049000
v 0.0003568 0.0010325 0.0048999
v -0.0001480 0.0010720 0.0049000
v -0.0006400 0.0008809 0.0048999
v -0.0010275 0.0003704 0.0048999
v -0.0010421 -0.0003386 0.0048998
v -0.0006401 -0.0008810 0.0049000
v 0.0002134 -0.0012914 0.0051226
v -0.0001153 0.0012981 0.0051257
v -0.0005082 0.0012050 0.0051266
v -0.0008723 0.0009694 0.0051242
v -0.0011624 0.0005992 0.0051230
v -0.0012983 0.0001393 0.0051259
v -0.0012752 -0.0002765 0.0051250
v -0.0011600 -0.0005911 0.0051254
v -0.0009909 -0.0008463 0.0051245
v -0.0007061 -0.0010972 0.0051250
v -0.0003033 -0.0012710 0.0051253
v 0.0006571 -0.0011273 0.0051250
v 0.0009937 -0.0008487 0.0051256
v 0.0012039 -0.0004987 0.0051245
v 0.0013044 -0.0000942 0.0051266
v 0.0012598 0.0003372 0.0051242
v 0.0011111 0.0006809 0.0051245
v 0.0008487 0.0009937 0.0051256
v 0.0003868 0.0012531 0.0051260
v 0.0002134 -0.0012914 0.0051226
v -0.0001153 0.0012981 0.0051257
v -0.0005082 0.0012050 0.0051266
v -0.0008723 0.0009694 0.0051242
v -0.0011624 0.0005992 0.0051230
v -0.0012983 0.0001393 0.0051259
v -0.0012752 -0.0002765 0.0051250
v -0.0011600 -0.0005911 0.0051254
v -0.0009909 -0.0008463 0.0051245
v -0.0007061 -0.0010972 0.0051250
v -0.0003033 -0.0012710 0.0051253
v 0.0006571 -0.0011273 0.0051250
v 0.0009937 -0.0008487 0.0051256
v 0.0012039 -0.0004987 0.0051245
v 0.0013044 -0.0000942 0.0051266
v 0.0012598 0.0003372 0.0051242
v 0.0011111 0.0006809 0.0051245
v 0.0008487 0.0009937 0.0051256
v 0.0003868 0.0012531 0.0051260
v 0.0003056 0.0012728 0.0129000
v 0.0007812 0.0010490 0.0129000
v 0.0010613 0.0007552 0.0129000
v 0.0012832 0.0002913 0.0129000
v 0.0012463 -0.0004221 0.0129000
v 0.0008421 -0.0010111 0.0129000
v 0.0002556 -0.0012851 0.0129000
v -0.0002547 -0.0012807 0.0129000
v -0.0007419 -0.0010815 0.0129000
v -0.0010930 -0.0007128 0.0129000
v -0.0012753 -0.0002903 0.0129000
v -0.0012950 0.0001533 0.0129000
v -0.0011455 0.0006415 0.0129000
v -0.0007153 0.0010993 0.0129000
v -0.0002044 0.0012908 0.0129000
v 0.0003056 0.0012728 0.0129000
v 0.0007812 0.0010490 0.0129000
v 0.0010613 0.0007552 0.0129000
v 0.0012832 0.0002913 0.0129000
v 0.0012463 -0.0004221 0.0129000
v 0.0008421 -0.0010111 0.0129000
v 0.0002556 -0.0012851 0.0129000
v -0.0002547 -0.0012807 0.0129000
v -0.0007419 -0.0010815 0.0129000
v -0.0010930 -0.0007128 0.0129000
v -0.0012753 -0.0002903 0.0129000
v -0.0012950 0.0001533 0.0129000
v -0.0011455 0.0006415 0.0129000
v -0.0007153 0.0010993 0.0129000
v -0.0002044 0.0012908 0.0129000
v -0.0000604 0.0023959 0.0129019
v -0.0007491 0.0022717 0.0129009
v -0.0011988 0.0020695 0.0129008
v -0.0018630 0.0015093 0.0128999
v -0.0023279 0.0005588 0.0129006
v -0.0023677 -0.0002968 0.0129000
v -0.0021679 -0.0010201 0.0129002
v -0.0015304 -0.0018437 0.0129002
v -0.0008875 -0.0022304 0.0129020
v 0.0002481 -0.0023796 0.0128999
v 0.0012362 -0.0020485 0.0129000
v 0.0017563 -0.0016229 0.0129015
v 0.0022680 -0.0008003 0.0129021
v 0.0023849 0.0002298 0.0129001
v 0.0019878 0.0013423 0.0129001
v 0.0013212 0.0019923 0.0129009
v 0.0005005 0.0023630 0.0129064
v 0.0002955 0.0024495 0.0139790
v 0.0006748 0.0023711 0.0139804
v 0.0011698 0.0021167 0.0140069
v 0.0017049 0.0018016 0.0139738
v 0.0019545 0.0014288 0.0140034
v 0.0022524 0.0008760 0.0140075
v 0.0024129 -0.0005355 0.0139770
v 0.0022009 -0.0010291 0.0140014
v 0.0015836 -0.0018910 0.0139803
v 0.0011800 -0.0021553 0.0139880
v 0.0006658 -0.0023692 0.0139828
v 0.0000742 -0.0024700 0.0139805
v -0.0001891 -0.0026204 0.0138367
v -0.0001019 -0.0027088 0.0136883
v -0.0001204 -0.0027486 0.0135187
v -0.0002070 -0.0027385 0.0133435
v 0.0001082 -0.0026744 0.0131566
v -0.0000731 -0.0024961 0.0129619
v 0.0000912 0.0027094 0.0132353
v 0.0000737 0.0025849 0.0130354
v 0.0001940 0.0026168 0.0138403
v 0.0000988 0.0027085 0.0136896
v 0.0001204 0.0027486 0.0135187
v 0.0005276 0.0026467 0.0137145
v 0.0007096 0.0025100 0.0138542
v 0.0003224 0.0027269 0.0133650
v 0.0005508 0.0026970 0.0135160
v 0.0010538 0.0023815 0.0138668
v 0.0010358 0.0024935 0.0137217
v 0.0004261 0.0025866 0.0130765
v 0.0004815 0.0026729 0.0132363
v 0.0010746 0.0025331 0.0135431
v 0.0009446 0.0025852 0.0134107
v 0.0014409 0.0021253 0.0139025
v 0.0009134 0.0025509 0.0132291
v 0.0015002 0.0022434 0.0137145
v 0.0009154 0.0024205 0.0130379
v 0.0012420 0.0024389 0.0133179
v 0.0015238 0.0022888 0.0135347
v 0.0019088 0.0018822 0.0137603
v 0.0015131 0.0022809 0.0133051
v 0.0013752 0.0022712 0.0131211
v 0.0018414 0.0020124 0.0136372
v 0.0019964 0.0016192 0.0138979
v 0.0010514 0.0022634 0.0129565
v 0.0018721 0.0020227 0.0134411
v 0.0021962 0.0014649 0.0138180
v 0.0022931 0.0011419 0.0139097
v 0.0018073 0.0019786 0.0131646
v 0.0016105 0.0020013 0.0130212
v 0.0020901 0.0017953 0.0134805
v 0.0020043 0.0018375 0.0132566
v 0.0022717 0.0015171 0.0136250
v 0.0022820 0.0015415 0.0134439
v 0.0024396 0.0011407 0.0137257
v 0.0017829 0.0017575 0.0129641
v 0.0021271 0.0015520 0.0130909
v 0.0023163 0.0014253 0.0132474
v 0.0024838 0.0007143 0.0138839
v 0.0024943 0.0011500 0.0135607
v 0.0024054 0.0004002 0.0139955
v 0.0025097 0.0011195 0.0133687
v 0.0026014 0.0007453 0.0136994
v 0.0021148 0.0013181 0.0129586
v 0.0026147 0.0003152 0.0138278
v 0.0026462 0.0007467 0.0135309
v 0.0023545 0.0011244 0.0130645
v 0.0024687 0.0000290 0.0139795
v 0.0025188 0.0009222 0.0131737
v 0.0026462 0.0007361 0.0133592
v 0.0027085 0.0003352 0.0136324
v 0.0025578 -0.0001032 0.0139064
v 0.0023273 0.0008723 0.0129544
v 0.0027500 0.0002161 0.0134426
v 0.0026332 -0.0002041 0.0138197
v 0.0025788 0.0005733 0.0130988
v 0.0027246 0.0002096 0.0132838
v 0.0027262 -0.0000933 0.0136372
v 0.0024840 0.0003215 0.0129627
v 0.0027296 -0.0003269 0.0135358
v 0.0026869 -0.0005447 0.0136065
v 0.0025282 -0.0007298 0.0138312
v 0.0026282 0.0000907 0.0130908
v 0.0027252 -0.0003375 0.0133549
v 0.0026369 -0.0003097 0.0131207
v 0.0023813 -0.0011063 0.0138399
v 0.0025625 -0.0009453 0.0136250
v 0.0026325 -0.0007323 0.0132817
v 0.0024685 -0.0002882 0.0129543
v 0.0025356 -0.0010766 0.0135250
v 0.0019909 -0.0014714 0.0139747
v 0.0021745 -0.0014405 0.0138542
v 0.0023074 -0.0014605 0.0136440
v 0.0025021 -0.0007242 0.0130586
v 0.0024531 -0.0012059 0.0132875
v 0.0020982 -0.0017129 0.0137009
v 0.0018196 -0.0018310 0.0138875
v 0.0023245 -0.0011456 0.0130383
v 0.0022845 -0.0015357 0.0134097
v 0.0021689 -0.0015867 0.0131726
v 0.0018209 -0.0019829 0.0137298
v 0.0020885 -0.0017919 0.0134162
v 0.0018764 -0.0020092 0.0135393
v 0.0014600 -0.0021850 0.0138319
v 0.0018425 -0.0020365 0.0133593
v 0.0020107 -0.0014945 0.0129651
v 0.0014006 -0.0023267 0.0136854
v 0.0018925 -0.0018909 0.0131532
v 0.0016288 -0.0022203 0.0134600
v 0.0010748 -0.0023673 0.0138648
v 0.0016720 -0.0019184 0.0129947
v 0.0013444 -0.0024018 0.0135078
v 0.0014358 -0.0023249 0.0132817
v 0.0008244 -0.0025769 0.0137088
v 0.0007018 -0.0025103 0.0138565
v 0.0014643 -0.0021687 0.0130751
v 0.0009510 -0.0025691 0.0135970
v 0.0012104 -0.0023912 0.0131620
v 0.0010505 -0.0025361 0.0133578
v 0.0002966 -0.0026061 0.0138407
v 0.0011484 -0.0021972 0.0129489
v 0.0011004 -0.0023608 0.0130591
v 0.0007442 -0.0026504 0.0135085
v 0.0007278 -0.0026382 0.0133093
v 0.0003208 -0.0027209 0.0136076
v 0.0007158 -0.0025379 0.0130979
v 0.0003376 -0.0027287 0.0133865
v 0.0006784 -0.0023886 0.0129530
v 0.0003618 -0.0026557 0.0131646
v 0.0002949 -0.0025254 0.0129979
v -0.0006672 -0.0023349 0.0140024
v -0.0012994 -0.0020974 0.0139806
v -0.0017849 -0.0016511 0.0140010
v -0.0021568 -0.0011921 0.0139809
v -0.0023427 -0.0007325 0.0139873
v -0.0024498 -0.0002239 0.0139846
v -0.0024214 0.0002668 0.0139950
v -0.0022630 0.0008619 0.0140056
v -0.0020426 0.0013787 0.0139809
v -0.0017309 0.0017099 0.0139979
v -0.0011387 0.0021100 0.0140157
v -0.0005668 0.0023623 0.0139997
v -0.0006447 -0.0024901 0.0138987
v -0.0005276 -0.0026467 0.0137145
v -0.0005508 -0.0026970 0.0135160
v -0.0003162 -0.0026802 0.0132056
v -0.0010443 -0.0023094 0.0139269
v -0.0010321 -0.0024869 0.0137370
v -0.0003049 -0.0025905 0.0130658
v -0.0010746 -0.0025331 0.0135431
v -0.0006287 -0.0026497 0.0132688
v -0.0013736 -0.0022088 0.0138680
v -0.0009446 -0.0025852 0.0134107
v -0.0004723 -0.0024401 0.0129544
v -0.0008060 -0.0025049 0.0130886
v -0.0009134 -0.0025509 0.0132291
v -0.0015002 -0.0022434 0.0137145
v -0.0017736 -0.0019187 0.0138578
v -0.0012420 -0.0024389 0.0133179
v -0.0015238 -0.0022888 0.0135347
v -0.0009609 -0.0023623 0.0130039
v -0.0015131 -0.0022809 0.0133051
v -0.0012821 -0.0023061 0.0131017
v -0.0017731 -0.0020753 0.0136248
v -0.0020202 -0.0015985 0.0138925
v -0.0018652 -0.0020222 0.0133694
v -0.0020075 -0.0018621 0.0136049
v -0.0021494 -0.0016562 0.0136872
v -0.0016544 -0.0021025 0.0131610
v -0.0013701 -0.0020736 0.0129544
v -0.0016885 -0.0019411 0.0130237
v -0.0022635 -0.0011629 0.0139251
v -0.0021639 -0.0017018 0.0133907
v -0.0023457 -0.0013188 0.0137342
v -0.0020000 -0.0017260 0.0130992
v -0.0023992 -0.0013436 0.0135315
v -0.0022836 -0.0015081 0.0133101
v -0.0024853 -0.0009269 0.0138000
v -0.0022447 -0.0013929 0.0131021
v -0.0020134 -0.0014628 0.0129553
v -0.0025774 -0.0009303 0.0135956
v -0.0025457 -0.0010400 0.0133499
v -0.0026018 -0.0003923 0.0138342
v -0.0024666 -0.0011218 0.0132294
v -0.0026603 -0.0006387 0.0136266
v -0.0022505 -0.0010372 0.0129465
v -0.0025068 -0.0008211 0.0130943
v -0.0027128 -0.0003204 0.0136250
v -0.0025835 0.0002308 0.0138787
v -0.0027246 -0.0004109 0.0134019
v -0.0026529 -0.0005400 0.0132253
v -0.0026924 0.0000902 0.0137236
v -0.0027518 0.0001969 0.0134981
v -0.0027244 -0.0001126 0.0132745
v -0.0024753 -0.0003855 0.0129656
v -0.0024095 0.0007739 0.0139340
v -0.0026182 -0.0001883 0.0130808
v -0.0027136 0.0003272 0.0136256
v -0.0025595 0.0007053 0.0137975
v -0.0026998 0.0004490 0.0132995
v -0.0026692 0.0006473 0.0135513
v -0.0026320 0.0002943 0.0131171
v -0.0024984 0.0001198 0.0129641
v -0.0025634 0.0009409 0.0136281
v -0.0023839 0.0010775 0.0138530
v -0.0025818 0.0009579 0.0133907
v -0.0023312 0.0013130 0.0137587
v -0.0025545 0.0008170 0.0131649
v -0.0025000 0.0005224 0.0130083
v -0.0020929 0.0015256 0.0138811
v -0.0023900 0.0013369 0.0136006
v -0.0024591 0.0008884 0.0130724
v -0.0023491 0.0014444 0.0134429
v -0.0024267 0.0012365 0.0132722
v -0.0022020 0.0015998 0.0136548
v -0.0022954 0.0009705 0.0129577
v -0.0019916 0.0018134 0.0137287
v -0.0017638 0.0019417 0.0138416
v -0.0022776 0.0013778 0.0131283
v -0.0013601 0.0021002 0.0139576
v -0.0020252 0.0018588 0.0135369
v -0.0021397 0.0017058 0.0133096
v -0.0014543 0.0021832 0.0138365
v -0.0020736 0.0013701 0.0129544
v -0.0016821 0.0021355 0.0136705
v -0.0018707 0.0020198 0.0133896
v -0.0019463 0.0016406 0.0129949
v -0.0018582 0.0018907 0.0131141
v -0.0016253 0.0021926 0.0132696
v -0.0015287 0.0022863 0.0135239
v -0.0013187 0.0023553 0.0137125
v -0.0010950 0.0024021 0.0138171
v -0.0008095 0.0024056 0.0139273
v -0.0015213 0.0022868 0.0133610
v -0.0011474 0.0024859 0.0136020
v -0.0014763 0.0020071 0.0129571
v -0.0014493 0.0021880 0.0130837
v -0.0007595 0.0025646 0.0137672
v -0.0011522 0.0024993 0.0133904
v -0.0001669 0.0024734 0.0139726
v -0.0011188 0.0024527 0.0132006
v -0.0006642 0.0026756 0.0135096
v -0.0005413 0.0026671 0.0136663
v -0.0002894 0.0026028 0.0138431
v -0.0010761 0.0023449 0.0130309
v -0.0007455 0.0026229 0.0132745
v -0.0002780 0.0027246 0.0136102
v -0.0007088 0.0025288 0.0130859
v -0.0002434 0.0027317 0.0133199
v -0.0006012 0.0024209 0.0129598
v -0.0003143 0.0025940 0.0130640
v -0.0002689 -0.0015319 0.0143045
v -0.0008866 -0.0002657 0.0144360
v -0.0005367 -0.0003802 0.0144660
v -0.0002870 -0.0007225 0.0144520
v -0.0015328 -0.0002624 0.0143115
v -0.0015115 0.0002697 0.0143179
v -0.0015545 0.0000144 0.0143010
v -0.0002902 0.0007163 0.0144524
v -0.0004967 0.0004177 0.0144663
v -0.0007743 0.0002789 0.0144455
v -0.0002662 0.0015382 0.0143079
v 0.0002682 -0.0015358 0.0143020
v -0.0001510 -0.0018407 0.0142227
v -0.0008211 -0.0009966 0.0143681
v -0.0011141 -0.0014514 0.0142273
v -0.0016598 -0.0007699 0.0142244
v -0.0008228 0.0009970 0.0143677
v -0.0017562 0.0004860 0.0142256
v -0.0013888 0.0011808 0.0142290
v -0.0005917 0.0017193 0.0142311
v 0.0002690 0.0015304 0.0143039
v 0.0008257 0.0002735 0.0144385
v 0.0005588 0.0003681 0.0144670
v 0.0003491 0.0005995 0.0144610
v 0.0002741 0.0008176 0.0144394
v 0.0015260 0.0002694 0.0143062
v 0.0015243 -0.0002694 0.0143074
v 0.0015545 -0.0000145 0.0143010
v 0.0002770 -0.0007922 0.0144430
v 0.0004211 -0.0004858 0.0144673
v 0.0007482 -0.0002831 0.0144487
v 0.0008605 -0.0016851 0.0142085
v 0.0016354 -0.0012978 0.0141354
v 0.0009555 -0.0009637 0.0143545
v 0.0018646 -0.0002977 0.0142100
v 0.0018720 0.0008649 0.0141454
v 0.0012633 0.0011546 0.0142668
v 0.0005367 0.0011517 0.0143687
v 0.0006718 0.0016483 0.0142387
v 0.0001452 0.0021393 0.0141171
v -0.0002689 -0.0015319 0.0143045
v 0.0002682 -0.0015358 0.0143020
v -0.0002691 -0.0015278 0.0137000
v 0.0002602 -0.0015456 0.0137000
v 0.0002682 -0.0015358 0.0143020
v 0.0002602 -0.0015456 0.0137000
v 0.0015243 -0.0002694 0.0143074
v 0.0002770 -0.0007922 0.0144430
v 0.0004211 -0.0004858 0.0144673
v 0.0007482 -0.0002831 0.0144487
v 0.0015264 -0.0002692 0.0137000
v 0.0007920 -0.0002758 0.0137000
v 0.0004947 -0.0004165 0.0137000
v 0.0002834 -0.0007381 0.0137000
v -0.0002691 -0.0015278 0.0137000
v 0.0002602 -0.0015456 0.0137000
v -0.0007687 0.0002785 0.0137000
v -0.0015295 0.0002689 0.0137000
v -0.0005149 0.0004068 0.0137000
v -0.0003453 0.0006020 0.0137000
v -0.0002718 0.0008390 0.0137000
v -0.0002623 0.0015430 0.0137000
v 0.0002691 0.0015286 0.0137000
v 0.0002757 0.0007934 0.0137000
v 0.0003745 0.0005600 0.0137000
v 0.0005560 0.0003727 0.0137000
v 0.0008180 0.0002733 0.0137000
v 0.0015264 0.0002692 0.0137000
v 0.0015545 0.0000154 0.0137000
v 0.0015264 -0.0002692 0.0137000
v 0.0007920 -0.0002758 0.0137000
v 0.0004947 -0.0004165 0.0137000
v 0.0002834 -0.0007381 0.0137000
v -0.0002735 -0.0008147 0.0137000
v -0.0003759 -0.0005520 0.0137000
v -0.0006016 -0.0003455 0.0137000
v -0.0008389 -0.0002718 0.0137000
v -0.0015403 -0.0002648 0.0137000
v -0.0002689 -0.0015319 0.0143045
v -0.0008866 -0.0002657 0.0144360
v -0.0005367 -0.0003802 0.0144660
v -0.0002870 -0.0007225 0.0144520
v -0.0015328 -0.0002624 0.0143115
v -0.0002691 -0.0015278 0.0137000
v -0.0002735 -0.0008147 0.0137000
v -0.0003759 -0.0005520 0.0137000
v -0.0006016 -0.0003455 0.0137000
v -0.0008389 -0.0002718 0.0137000
v -0.0015403 -0.0002648 0.0137000
v -0.0015328 -0.0002624 0.0143115
v -0.0015115 0.0002697 0.0143179
v -0.0015545 0.0000144 0.0143010
v -0.0015295 0.0002689 0.0137000
v -0.0015403 -0.0002648 0.0137000
v -0.0015115 0.0002697 0.0143179
v -0.0002902 0.0007163 0.0144524
v -0.0004967 0.0004177 0.0144663
v -0.0007743 0.0002789 0.0144455
v -0.0002662 0.0015382 0.0143079
v -0.0007687 0.0002785 0.0137000
v -0.0015295 0.0002689 0.0137000
v -0.0005149 0.0004068 0.0137000
v -0.0003453 0.0006020 0.0137000
v -0.0002718 0.0008390 0.0137000
v -0.0002623 0.0015430 0.0137000
v -0.0002662 0.0015382 0.0143079
v 0.0002690 0.0015304 0.0143039
v -0.0002623 0.0015430 0.0137000
v 0.0002691 0.0015286 0.0137000
v 0.0002690 0.0015304 0.0143039
v 0.0008257 0.0002735 0.0144385
v 0.0005588 0.0003681 0.0144670
v 0.0003491 0.0005995 0.0144610
v 0.0002741 0.0008176 0.0144394
v 0.0015260 0.0002694 0.0143062
v 0.0002691 0.0015286 0.0137000
v 0.0002757 0.0007934 0.0137000
v 0.0003745 0.0005600 0.0137000
v 0.0005560 0.0003727 0.0137000
v 0.0008180 0.0002733 0.0137000
v 0.0015264 0.0002692 0.0137000
v 0.0015260 0.0002694 0.0143062
v 0.0015243 -0.0002694 0.0143074
v 0.0015545 -0.0000145 0.0143010
v 0.0015264 0.0002692 0.0137000
v 0.0015545 0.0000154 0.0137000
v 0.0015264 -0.0002692 0.0137000
vn -0.000097 -0.000366 -1.000000
vn 0.000002 -0.000107 -1.000000
vn 0.000523 -0.000525 -1.000000
vn -0.000058 0.000090 -1.000000
vn -0.000058 0.000092 -1.000000
vn 0.000024 -0.000067 -1.000000
vn 0.000020 -0.000148 -1.000000
vn -0.000154 0.000246 -1.000000
vn 0.000137 -0.000118 -1.000000
vn 0.000102 0.000005 -1.000000
vn 0.000643 0.000181 -1.000000
vn 0.000063 0.000004 -1.000000
vn -0.098580 -0.688611 -0.718399
vn 0.237095 -0.654858 -0.717598
vn 0.521311 -0.448081 -0.726263
vn 0.685273 -0.126603 -0.717198
vn 0.665258 0.199227 -0.719542
vn 0.518237 0.455448 -0.723877
vn 0.231229 0.662845 -0.712159
vn -0.089395 0.689696 -0.718560
vn -0.416286 0.552189 -0.722353
vn -0.647444 0.230421 -0.726445
vn -0.652164 -0.208979 -0.728704
vn -0.407588 -0.554590 -0.725467
vn 0.101296 -0.703757 -0.703182
vn -0.044183 0.710961 -0.701842
vn -0.268459 0.649570 -0.711329
vn -0.490702 0.507477 -0.708293
vn -0.609870 0.343456 -0.714211
vn -0.683254 0.056860 -0.727964
vn -0.706386 -0.124086 -0.696865
vn -0.621251 -0.340443 -0.705794
vn -0.526585 -0.433916 -0.731044
vn -0.372401 -0.612059 -0.697640
vn -0.171905 -0.683502 -0.709418
vn 0.368353 -0.598871 -0.711104
vn 0.537085 -0.462192 -0.705633
vn 0.643810 -0.282057 -0.711303
vn 0.705077 -0.024131 -0.708720
vn 0.682881 0.161861 -0.712372
vn 0.606362 0.368863 -0.704461
vn 0.443071 0.544662 -0.712061
vn 0.202786 0.687456 -0.697339
vn 0.156725 -0.987642 -0.001041
vn -0.071418 0.997445 -0.001620
vn -0.392337 0.919819 -0.002299
vn -0.675127 0.737698 -0.002239
vn -0.889073 0.457766 -0.000555
vn -0.993246 0.116024 0.000219
vn -0.979443 -0.201722 -0.000368
vn -0.892542 -0.450963 -0.000997
vn -0.753835 -0.657062 -0.001426
vn -0.534901 -0.844914 -0.000756
vn -0.221601 -0.975137 -0.000464
vn 0.498377 -0.866958 -0.002279
vn 0.759134 -0.650933 -0.001506
vn 0.923599 -0.383358 -0.001260
vn 0.997548 -0.069942 -0.002460
vn 0.967273 0.253733 -0.001420
vn 0.851077 0.525040 -0.000792
vn 0.638588 0.769547 -0.001572
vn 0.295933 0.955207 -0.001723
vn 0.235063 0.971979 0.001719
vn 0.584941 0.811074 0.001706
vn 0.823067 0.567943 0.001488
vn 0.980375 0.197110 0.003412
vn 0.947026 -0.321122 0.004741
vn 0.646445 -0.762951 0.003856
vn 0.211734 -0.977325 0.002130
vn -0.196947 -0.980414 0.001014
vn -0.563493 -0.826119 0.001730
vn -0.834320 -0.551277 0.002011
vn -0.974675 -0.223624 0.001085
vn -0.992004 0.126205 0.000191
vn -0.865475 0.500949 0.001541
vn -0.554328 0.832292 0.003303
vn -0.160358 0.987056 0.002331
vn 0.000468 0.002828 -0.999996
vn 0.000145 0.000632 -1.000000
vn 0.000067 0.000047 -1.000000
vn 0.000094 0.000013 -1.000000
vn 0.001144 -0.001052 -0.999999
vn 0.001027 -0.000144 -0.999999
vn 0.000018 0.000061 -1.000000
vn -0.000823 -0.000844 -0.999999
vn -0.000008 -0.001032 -0.999999
vn -0.000127 -0.000107 -1.000000
vn -0.000069 -0.000055 -1.000000
vn -0.000299 0.000212 -1.000000
vn -0.000273 -0.000090 -1.000000
vn -0.000006 0.000557 -1.000000
vn 0.000115 0.001275 -0.999999
vn -0.010821 0.320630 -0.947143
vn -0.103417 0.281890 -0.953857
vn -0.148045 0.268727 -0.951771
vn -0.224214 0.187796 -0.956274
vn -0.294843 0.072293 -0.952807
vn -0.265918 -0.030655 -0.963508
vn -0.247345 -0.114980 -0.962081
vn -0.203464 -0.231433 -0.951336
vn -0.112645 -0.287887 -0.951016
vn 0.030918 -0.291664 -0.956021
vn 0.159330 -0.246156 -0.956045
vn 0.211219 -0.197038 -0.957373
vn 0.318433 -0.111697 -0.941342
vn 0.283072 0.019785 -0.958895
vn 0.245010 0.171986 -0.954144
vn 0.171626 0.255600 -0.951427
vn 0.074000 0.347116 -0.934898
vn 0.070334 0.537679 0.840211
vn 0.143193 0.501061 0.853483
vn 0.226145 0.413493 0.881976
vn 0.376737 0.409218 0.831029
vn 0.384802 0.275910 0.880796
vn 0.442420 0.162915 0.881886
vn 0.529986 -0.116646 0.839946
vn 0.451176 -0.207403 0.868000
vn 0.333200 -0.408280 0.849873
vn 0.255054 -0.459186 0.850938
vn 0.132150 -0.496218 0.858082
vn 0.017117 -0.532104 0.846506
vn -0.062045 -0.772026 0.632556
vn -0.030879 -0.928416 0.370258
vn -0.038670 -0.994817 0.094038
vn -0.066858 -0.980767 -0.183375
vn 0.028088 -0.872853 -0.487174
vn -0.020220 -0.577486 -0.816150
vn 0.027304 0.927863 -0.371920
vn 0.022384 0.725052 -0.688330
vn 0.058650 0.776255 0.627685
vn 0.031589 0.925837 0.376601
vn 0.042068 0.996181 0.076514
vn 0.182441 0.893146 0.411104
vn 0.200856 0.741514 0.640166
vn 0.112012 0.984074 -0.138025
vn 0.212088 0.973741 0.082751
vn 0.307235 0.668715 0.677072
vn 0.346824 0.843442 0.410266
vn 0.122786 0.762440 -0.635302
vn 0.181645 0.918664 -0.350800
vn 0.399423 0.906906 0.134103
vn 0.324512 0.941969 -0.085948
vn 0.399126 0.579433 0.710602
vn 0.303895 0.869391 -0.389625
vn 0.499054 0.755982 0.423600
vn 0.252757 0.698338 -0.669655
vn 0.452571 0.866367 -0.211158
vn 0.539391 0.834713 0.110956
vn 0.624036 0.607191 0.491832
vn 0.539732 0.807716 -0.237243
vn 0.423745 0.709247 -0.563391
vn 0.641905 0.714994 0.277023
vn 0.542298 0.441753 0.714680
vn 0.244266 0.504911 -0.827888
vn 0.669549 0.740982 -0.051469
vn 0.682683 0.455339 0.571499
vn 0.612673 0.304235 0.729433
vn 0.594143 0.651222 -0.472127
vn 0.430380 0.545387 -0.719254
vn 0.764204 0.643593 0.042196
vn 0.704210 0.629847 -0.327690
vn 0.797214 0.535296 0.279122
vn 0.823992 0.564653 -0.046956
vn 0.812044 0.374069 0.447946
vn 0.420833 0.412305 -0.808025
vn 0.639497 0.477854 -0.602245
vn 0.801256 0.489923 -0.343459
vn 0.695398 0.202365 0.689543
vn 0.896477 0.414206 0.157364
vn 0.491413 0.081034 0.867149
vn 0.901390 0.402190 -0.160435
vn 0.879444 0.254910 0.401994
vn 0.518084 0.312674 -0.796131
vn 0.793316 0.093471 0.601591
vn 0.956719 0.267715 0.114093
vn 0.694302 0.334420 -0.637266
vn 0.520098 0.014672 0.853980
vn 0.832479 0.305455 -0.462251
vn 0.949413 0.254209 -0.184370
vn 0.950196 0.121342 0.287062
vn 0.678113 -0.028518 0.734404
vn 0.501921 0.179672 -0.846045
vn 0.997109 0.075648 -0.007171
vn 0.817774 -0.076791 0.570394
vn 0.800286 0.182087 -0.571303
vn 0.947305 0.072072 -0.312118
vn 0.957460 -0.019542 0.287903
vn 0.602930 0.083717 -0.793390
vn 0.988742 -0.108883 0.102637
vn 0.951374 -0.205628 0.229355
vn 0.764910 -0.223037 0.604290
vn 0.796171 0.016295 -0.604853
vn 0.976071 -0.117275 -0.183115
vn 0.832266 -0.092183 -0.546658
vn 0.716692 -0.332725 0.612900
vn 0.897732 -0.320600 0.302147
vn 0.924967 -0.265065 -0.272352
vn 0.544719 -0.062718 -0.836270
vn 0.915650 -0.392196 0.088130
vn 0.437019 -0.324625 0.838828
vn 0.641750 -0.415863 0.644372
vn 0.810769 -0.505913 0.294459
vn 0.728328 -0.218575 -0.649433
vn 0.861219 -0.416344 -0.291478
vn 0.714395 -0.586861 0.381096
vn 0.513767 -0.507717 0.691568
vn 0.662417 -0.322119 -0.676346
vn 0.825836 -0.558258 -0.079638
vn 0.710049 -0.525765 -0.468403
vn 0.598799 -0.671476 0.436533
vn 0.758068 -0.647737 -0.075963
vn 0.674535 -0.724326 0.142671
vn 0.441005 -0.645551 0.623521
vn 0.657237 -0.728713 -0.192396
vn 0.482498 -0.349529 -0.803134
vn 0.480414 -0.797108 0.365815
vn 0.624542 -0.609382 -0.488467
vn 0.593364 -0.804561 0.024531
vn 0.312019 -0.692760 0.650175
vn 0.427491 -0.492627 -0.758004
vn 0.478325 -0.875693 0.066081
vn 0.513043 -0.808555 -0.288141
vn 0.270211 -0.868178 0.416236
vn 0.194333 -0.731615 0.653433
vn 0.447013 -0.644351 -0.620476
vn 0.365033 -0.909055 0.200923
vn 0.390813 -0.792092 -0.468887
vn 0.376049 -0.911149 -0.168511
vn 0.097727 -0.782631 0.614767
vn 0.251100 -0.499423 -0.829172
vn 0.299766 -0.678472 -0.670683
vn 0.258212 -0.962966 0.077605
vn 0.259318 -0.930944 -0.257094
vn 0.115059 -0.961693 0.248815
vn 0.227401 -0.779044 -0.584277
vn 0.114983 -0.985524 -0.124585
vn 0.153778 -0.512254 -0.844955
vn 0.124006 -0.872022 -0.473498
vn 0.078321 -0.662547 -0.744914
vn -0.128373 -0.449672 0.883921
vn -0.271806 -0.430648 0.860618
vn -0.352759 -0.330155 0.875533
vn -0.416581 -0.246932 0.874920
vn -0.506962 -0.150919 0.848654
vn -0.516529 -0.045212 0.855075
vn -0.472788 0.052487 0.879611
vn -0.431541 0.179242 0.884107
vn -0.428547 0.275960 0.860345
vn -0.351768 0.353861 0.866627
vn -0.204920 0.391491 0.897075
vn -0.105667 0.476509 0.872796
vn -0.172498 -0.692098 0.700889
vn -0.185976 -0.891774 0.412495
vn -0.205610 -0.974837 0.086126
vn -0.114379 -0.896156 -0.428744
vn -0.262711 -0.597906 0.757292
vn -0.338347 -0.822768 0.456699
vn -0.092800 -0.757103 -0.646671
vn -0.399831 -0.905735 0.140639
vn -0.214386 -0.927584 -0.305985
vn -0.399748 -0.642638 0.653619
vn -0.330103 -0.940369 -0.082086
vn -0.099190 -0.522390 -0.846918
vn -0.230674 -0.758418 -0.609583
vn -0.322502 -0.869384 -0.374386
vn -0.501438 -0.761702 0.410329
vn -0.520256 -0.567180 0.638467
vn -0.454916 -0.864656 -0.213123
vn -0.537681 -0.836061 0.109096
vn -0.259539 -0.616771 -0.743124
vn -0.528618 -0.813520 -0.242381
vn -0.396007 -0.710536 -0.581650
vn -0.628336 -0.729716 0.269646
vn -0.567421 -0.440380 0.695772
vn -0.673904 -0.722175 -0.155936
vn -0.706463 -0.665868 0.239853
vn -0.742250 -0.564237 0.361528
vn -0.543582 -0.684479 -0.485806
vn -0.311821 -0.489033 -0.814625
vn -0.464263 -0.524876 -0.713418
vn -0.608535 -0.309567 0.730653
vn -0.776705 -0.619461 -0.114001
vn -0.776985 -0.438594 0.451585
vn -0.621067 -0.543611 -0.564591
vn -0.867211 -0.486691 0.105243
vn -0.810719 -0.530431 -0.247745
vn -0.775835 -0.282713 0.564051
vn -0.692512 -0.423614 -0.583933
vn -0.436960 -0.323328 -0.839360
vn -0.921480 -0.331644 0.202204
vn -0.920277 -0.357118 -0.159864
vn -0.781973 -0.120356 0.611582
vn -0.827077 -0.387962 -0.406731
vn -0.938109 -0.235147 0.254280
vn -0.549550 -0.243935 -0.799056
vn -0.764113 -0.247817 -0.595582
vn -0.959188 -0.093708 0.266789
vn -0.739053 0.071390 0.669854
vn -0.984834 -0.151451 -0.084640
vn -0.900510 -0.194131 -0.389094
vn -0.903677 0.015257 0.427944
vn -0.997775 0.052945 0.040521
vn -0.955280 -0.027200 -0.294450
vn -0.597931 -0.110621 -0.793877
vn -0.607774 0.183327 0.772659
vn -0.790561 -0.055158 -0.609894
vn -0.941009 0.130955 0.312014
vn -0.819204 0.212528 0.532669
vn -0.953197 0.163341 -0.254433
vn -0.961556 0.232044 0.146854
vn -0.827854 0.082973 -0.554773
vn -0.577802 0.028022 -0.815696
vn -0.897567 0.342612 0.277471
vn -0.705340 0.325049 0.629952
vn -0.931300 0.348103 -0.107258
vn -0.770938 0.417669 0.480840
vn -0.847436 0.262809 -0.461284
vn -0.669233 0.141040 -0.729544
vn -0.597180 0.442196 0.669207
vn -0.861139 0.452360 0.231972
vn -0.711291 0.272498 -0.647928
vn -0.846326 0.529843 -0.054756
vn -0.848271 0.431190 -0.307428
vn -0.766060 0.559129 0.317060
vn -0.503377 0.229523 -0.833025
vn -0.664966 0.605505 0.437246
vn -0.518556 0.571676 0.635835
vn -0.722374 0.441266 -0.532411
vn -0.321280 0.488294 0.811387
vn -0.732457 0.670401 0.118611
vn -0.756627 0.602684 -0.253551
vn -0.442507 0.660614 0.606446
vn -0.489270 0.292692 -0.821551
vn -0.590689 0.738300 0.325575
vn -0.676319 0.728092 -0.111696
vn -0.514768 0.438725 -0.736569
vn -0.583828 0.597967 -0.549164
vn -0.564449 0.757745 -0.327446
vn -0.551068 0.826471 0.115190
vn -0.453914 0.795277 0.401866
vn -0.334671 0.736725 0.587564
vn -0.205967 0.610229 0.764982
vn -0.522293 0.836283 -0.166852
vn -0.397515 0.888433 0.229497
vn -0.348793 0.451718 -0.821154
vn -0.433376 0.665770 -0.607401
vn -0.250998 0.834352 0.490772
vn -0.417641 0.901841 -0.110720
vn -0.038042 0.546700 0.836464
vn -0.381265 0.821067 -0.424837
vn -0.253429 0.965168 0.064993
vn -0.184688 0.915473 0.357491
vn -0.089672 0.780009 0.619310
vn -0.295267 0.642600 -0.707024
vn -0.256353 0.918682 -0.300512
vn -0.088543 0.967404 0.237254
vn -0.215275 0.770865 -0.599520
vn -0.091227 0.969541 -0.227307
vn -0.132560 0.563164 -0.815644
vn -0.092768 0.766690 -0.635280
vn -0.129671 -0.283881 0.950051
vn -0.162193 -0.108270 0.980801
vn -0.109556 -0.106406 0.988269
vn -0.082139 -0.141894 0.986468
vn -0.276327 -0.067347 0.958701
vn -0.278325 0.061042 0.958545
vn -0.333490 0.007999 0.942720
vn -0.083259 0.139738 0.986682
vn -0.112288 0.104856 0.988128
vn -0.149851 0.096442 0.983994
vn -0.047203 0.267735 0.962336
vn 0.066410 -0.270930 0.960306
vn -0.028348 -0.310955 0.950002
vn -0.135439 -0.164401 0.977051
vn -0.178316 -0.241607 0.953850
vn -0.270602 -0.134181 0.953294
vn -0.136916 0.161457 0.977336
vn -0.304730 0.084781 0.948658
vn -0.228010 0.195144 0.953903
vn -0.109868 0.286333 0.951810
vn 0.036063 0.358186 0.932954
vn 0.182056 0.225493 0.957083
vn 0.147139 0.124913 0.981197
vn 0.108696 0.127856 0.985818
vn 0.081539 0.144648 0.986118
vn 0.267330 0.074040 0.960756
vn 0.250404 -0.088970 0.964045
vn 0.286533 0.005890 0.958052
vn 0.089290 -0.154589 0.983936
vn 0.108082 -0.112259 0.987783
vn 0.148810 -0.090860 0.984683
vn 0.138304 -0.276155 0.951110
vn 0.259492 -0.202628 0.944249
vn 0.162831 -0.155684 0.974294
vn 0.310735 -0.056178 0.948835
vn 0.304200 0.127331 0.944060
vn 0.202478 0.185139 0.961627
vn 0.093731 0.177918 0.979571
vn 0.115010 0.277821 0.953723
vn 0.023784 0.342684 0.939150
vn 0.019258 0.999799 -0.005645
vn 0.007113 0.999842 -0.016277
vn 0.033546 0.999414 0.006872
vn 0.021329 0.999765 -0.003831
vn -0.999765 0.021444 0.003240
vn -0.999508 0.028647 0.012790
vn -0.012479 0.999912 0.004475
vn -0.972738 0.231746 0.008611
vn -0.746360 0.665333 0.016684
vn -0.295909 0.955127 0.013045
vn -0.008956 0.999960 0.000228
vn -0.217774 0.975985 -0.005279
vn -0.652259 0.757813 -0.016653
vn -0.957091 0.289666 -0.008337
vn 0.000000 0.000000 1.000000
vn 0.000000 0.000000 1.000000
vn 0.000000 0.000000 1.000000
vn 0.000000 0.000000 1.000000
vn 0.000000 0.000000 1.000000
vn 0.000000 0.000000 1.000000
vn 0.000000 0.000000 1.000000
vn 0.000000 0.000000 1.000000
vn 0.000000 0.000000 1.000000
vn 0.000000 0.000000 1.000000
vn 0.000000 0.000000 1.000000
vn 0.000000 0.000000 1.000000
vn 0.000000 0.000000 1.000000
vn 0.000000 0.000000 1.000000
vn 0.000000 0.000000 1.000000
vn 0.000000 0.000000 1.000000
vn 0.000000 0.000000 1.000000
vn 0.000000 0.000000 1.000000
vn 0.000000 0.000000 1.000000
vn 0.000000 0.000000 1.000000
vn 0.000000 0.000000 1.000000
vn 0.000000 0.000000 1.000000
vn 0.000000 0.000000 1.000000
vn 0.000000 0.000000 1.000000
vn 0.999887 0.012858 0.007762
vn 0.166554 0.986017 0.005426
vn 0.586690 0.809538 0.021078
vn 0.942733 0.332876 0.021180
vn 0.005847 0.999975 -0.003975
vn 0.999981 0.006085 -0.000275
vn 0.984008 0.177945 -0.008048
vn 0.823979 0.566418 -0.015137
vn 0.488063 0.872797 -0.004481
vn 0.160941 0.986961 0.002254
vn 0.008076 0.999950 -0.005955
vn 0.996894 0.077753 -0.012546
vn 0.986006 -0.164253 -0.028527
vn 0.999182 -0.039838 -0.006935
vn 0.998193 -0.057579 0.017166
vn 0.999767 0.006764 0.020495
vn 0.012467 -0.999922 0.000739
vn 0.944609 -0.327660 0.018780
vn 0.652178 -0.757977 0.011607
vn 0.252107 -0.967696 0.002456
vn 0.999718 -0.019569 0.013424
vn 0.238523 -0.971135 0.001624
vn 0.012532 -0.999921 0.000817
vn 0.611926 -0.790908 -0.003304
vn 0.870931 -0.491282 -0.011026
vn 0.989326 -0.145682 -0.003224
vn 0.999890 -0.013422 0.006352
vn -0.014732 -0.999861 -0.007871
vn -0.020359 -0.999788 -0.002918
vn -0.021357 -0.999770 -0.002040
vn -0.027036 -0.999630 0.002960
vn -0.999965 -0.008327 -0.001038
vn -0.186659 -0.982422 0.002185
vn -0.558226 -0.829674 0.004906
vn -0.857672 -0.514144 0.007409
vn -0.983735 -0.179589 0.003692
vn -0.005792 -0.999983 0.000251
vn -0.999959 -0.009084 -0.000115
vn -0.979723 -0.200312 -0.004202
vn -0.832095 -0.554615 -0.004496
vn -0.550333 -0.834940 -0.003037
vn -0.181782 -0.983338 -0.001166
vn -0.005737 -0.999984 0.000187
vn -0.994725 -0.102508 -0.003860
vn -0.993065 0.117517 -0.003390
vn -0.999948 0.009707 -0.002991
vn -0.993929 -0.110017 -0.000677
vn -0.999969 -0.007760 0.001410
vn -0.994657 0.103197 0.002755
f 10//10 7//7 6//6
f 10//10 8//8 7//7
f 10//10 9//9 8//8
f 2//2 4//4 3//3
f 12//12 11//11 10//10
f 12//12 2//2 1//1
f 12//12 10//10 6//6
f 12//12 5//5 4//4
f 12//12 4//4 2//2
f 12//12 6//6 5//5
f 36//36 14//14 15//15
f 38//38 37//37 15//15
f 38//38 15//15 16//16
f 39//39 38//38 16//16
f 40//40 39//39 16//16
f 40//40 16//16 17//17
f 43//43 42//42 19//19
f 41//41 40//40 17//17
f 42//42 41//41 18//18
f 42//42 18//18 19//19
f 36//36 25//25 14//14
f 19//19 20//20 26//26
f 19//19 26//26 43//43
f 41//41 17//17 18//18
f 14//14 25//25 13//13
f 37//37 36//36 15//15
f 35//35 34//34 24//24
f 35//35 13//13 25//25
f 27//27 26//26 20//20
f 27//27 20//20 21//21
f 28//28 27//27 21//21
f 29//29 21//21 22//22
f 30//30 29//29 22//22
f 30//30 22//22 23//23
f 29//29 28//28 21//21
f 32//32 31//31 23//23
f 33//33 32//32 23//23
f 33//33 23//23 24//24
f 34//34 33//33 24//24
f 35//35 24//24 13//13
f 31//31 30//30 23//23
f 50//50 51//51 73//73
f 53//53 54//54 71//71
f 52//52 53//53 71//71
f 52//52 71//71 72//72
f 51//51 52//52 72//72
f 51//51 72//72 73//73
f 49//49 73//73 74//74
f 46//46 76//76 77//77
f 49//49 74//74 75//75
f 48//48 49//49 75//75
f 47//47 48//48 75//75
f 47//47 75//75 76//76
f 46//46 47//47 76//76
f 54//54 70//70 71//71
f 49//49 50//50 73//73
f 54//54 44//44 70//70
f 45//45 46//46 77//77
f 44//44 55//55 69//69
f 44//44 69//69 70//70
f 45//45 77//77 63//63
f 62//62 45//45 63//63
f 62//62 63//63 64//64
f 61//61 62//62 64//64
f 60//60 61//61 65//65
f 60//60 65//65 66//66
f 61//61 64//64 65//65
f 58//58 59//59 66//66
f 58//58 66//66 67//67
f 57//57 58//58 67//67
f 56//56 57//57 67//67
f 56//56 67//67 68//68
f 55//55 56//56 68//68
f 55//55 68//68 69//69
f 59//59 60//60 66//66
f 314//314 305//305 247//247
f 311//311 303//303 309//309
f 312//312 304//304 306//306
f 310//310 302//302 307//307
f 314//314 308//308 305//305
f 313//313 310//310 308//308
f 312//312 98//98 304//304
f 315//315 309//309 310//310
f 312//312 97//97 98//98
f 312//312 306//306 311//311
f 314//314 313//313 308//308
f 315//315 310//310 313//313
f 248//248 314//314 247//247
f 311//311 306//306 303//303
f 309//309 302//302 310//310
f 310//310 307//307 308//308
f 304//304 98//98 99//99
f 308//308 307//307 298//298
f 301//301 297//297 292//292
f 302//302 297//297 301//301
f 304//304 295//295 296//296
f 302//302 299//299 297//297
f 305//305 246//246 247//247
f 306//306 296//296 300//300
f 307//307 302//302 301//301
f 309//309 303//303 302//302
f 305//305 298//298 246//246
f 303//303 300//300 299//299
f 318//318 312//312 311//311
f 303//303 299//299 302//302
f 307//307 301//301 298//298
f 304//304 296//296 306//306
f 306//306 300//300 303//303
f 308//308 298//298 305//305
f 304//304 99//99 295//295
f 319//319 314//314 248//248
f 320//320 315//315 313//313
f 320//320 313//313 314//314
f 328//328 321//321 317//317
f 328//328 323//323 322//322
f 330//330 324//324 326//326
f 327//327 249//249 329//329
f 330//330 322//322 324//324
f 329//329 249//249 250//250
f 325//325 321//321 328//328
f 331//331 328//328 322//322
f 331//331 322//322 330//330
f 325//325 96//96 97//97
f 332//332 327//327 329//329
f 333//333 325//325 328//328
f 334//334 326//326 327//327
f 335//335 331//331 330//330
f 301//301 292//292 298//298
f 327//327 326//326 319//319
f 317//317 311//311 309//309
f 322//322 320//320 324//324
f 327//327 319//319 249//249
f 320//320 314//314 316//316
f 319//319 316//316 314//314
f 97//97 312//312 318//318
f 318//318 311//311 317//317
f 317//317 309//309 315//315
f 322//322 315//315 320//320
f 321//321 318//318 317//317
f 319//319 248//248 249//249
f 323//323 315//315 322//322
f 324//324 316//316 319//319
f 325//325 318//318 321//321
f 324//324 320//320 316//316
f 97//97 318//318 325//325
f 323//323 317//317 315//315
f 326//326 324//324 319//319
f 328//328 317//317 323//323
f 300//300 296//296 291//291
f 282//282 276//276 277//277
f 299//299 294//294 297//297
f 276//276 273//273 267//267
f 275//275 271//271 269//269
f 277//277 267//267 274//274
f 277//277 276//276 267//267
f 279//279 270//270 272//272
f 278//278 272//272 271//271
f 276//276 275//275 273//273
f 279//279 101//101 270//270
f 243//243 274//274 242//242
f 280//280 272//272 278//278
f 278//278 271//271 275//275
f 279//279 100//100 101//101
f 281//281 274//274 243//243
f 279//279 272//272 280//280
f 282//282 275//275 276//276
f 275//275 269//269 273//273
f 283//283 274//274 281//281
f 271//271 272//272 268//268
f 273//273 269//269 266//266
f 267//267 241//241 242//242
f 268//268 262//262 259//259
f 269//269 257//257 266//266
f 269//269 259//259 257//257
f 267//267 261//261 241//241
f 270//270 263//263 264//264
f 268//268 265//265 262//262
f 101//101 263//263 270//270
f 271//271 259//259 269//269
f 271//271 268//268 259//259
f 267//267 266//266 261//261
f 272//272 265//265 268//268
f 272//272 264//264 265//265
f 273//273 266//266 267//267
f 274//274 267//267 242//242
f 270//270 264//264 272//272
f 283//283 277//277 274//274
f 284//284 278//278 275//275
f 334//334 330//330 326//326
f 245//245 292//292 244//244
f 289//289 99//99 100//100
f 293//293 288//288 286//286
f 294//294 290//290 287//287
f 289//289 284//284 288//288
f 295//295 99//99 289//289
f 295//295 289//289 288//288
f 297//297 294//294 292//292
f 296//296 288//288 293//293
f 294//294 291//291 290//290
f 296//296 293//293 291//291
f 299//299 291//291 294//294
f 296//296 295//295 288//288
f 298//298 292//292 245//245
f 300//300 291//291 299//299
f 294//294 287//287 292//292
f 293//293 286//286 291//291
f 291//291 285//285 290//290
f 292//292 287//287 244//244
f 281//281 243//243 244//244
f 284//284 280//280 278//278
f 100//100 279//279 280//280
f 284//284 275//275 282//282
f 285//285 277//277 283//283
f 285//285 282//282 277//277
f 287//287 283//283 281//281
f 246//246 298//298 245//245
f 286//286 284//284 282//282
f 288//288 284//284 286//286
f 287//287 281//281 244//244
f 289//289 100//100 280//280
f 289//289 280//280 284//284
f 290//290 283//283 287//287
f 291//291 286//286 285//285
f 290//290 285//285 283//283
f 286//286 282//282 285//285
f 334//334 327//327 332//332
f 351//351 348//348 344//344
f 337//337 328//328 331//331
f 377//377 368//368 371//371
f 379//379 250//250 249//249
f 380//380 379//379 377//377
f 380//380 250//250 379//379
f 380//380 251//251 250//250
f 380//380 377//377 371//371
f 380//380 400//400 251//251
f 380//380 371//371 400//400
f 120//120 373//373 121//121
f 392//392 372//372 373//373
f 392//392 373//373 120//120
f 392//392 120//120 119//119
f 392//392 119//119 118//118
f 393//393 118//118 200//200
f 393//393 392//392 118//118
f 379//379 249//249 248//248
f 394//394 389//389 372//372
f 379//379 378//378 366//366
f 379//379 366//366 377//377
f 376//376 243//243 242//242
f 376//376 374//374 362//362
f 376//376 362//362 365//365
f 376//376 244//244 243//243
f 365//365 244//244 376//376
f 365//365 245//245 244//244
f 365//365 246//246 245//245
f 377//377 366//366 370//370
f 377//377 370//370 369//369
f 378//378 367//367 366//366
f 378//378 246//246 365//365
f 378//378 365//365 367//367
f 378//378 247//247 246//246
f 377//377 369//369 368//368
f 379//379 248//248 247//247
f 379//379 247//247 378//378
f 376//376 375//375 374//374
f 393//393 200//200 117//117
f 394//394 372//372 392//392
f 396//396 115//115 114//114
f 397//397 386//386 396//396
f 398//398 383//383 397//397
f 397//397 114//114 113//113
f 397//397 396//396 114//114
f 399//399 381//381 398//398
f 399//399 398//398 397//397
f 112//112 397//397 113//113
f 399//399 371//371 381//381
f 399//399 397//397 112//112
f 399//399 112//112 111//111
f 400//400 399//399 111//111
f 400//400 371//371 399//399
f 400//400 111//111 110//110
f 400//400 110//110 349//349
f 398//398 384//384 383//383
f 394//394 391//391 390//390
f 398//398 381//381 385//385
f 397//397 383//383 386//386
f 394//394 390//390 389//389
f 394//394 387//387 391//391
f 394//394 392//392 393//393
f 395//395 393//393 117//117
f 395//395 394//394 393//393
f 395//395 387//387 394//394
f 395//395 117//117 116//116
f 395//395 388//388 387//387
f 395//395 116//116 177//177
f 395//395 177//177 170//170
f 386//386 170//170 115//115
f 386//386 388//388 395//395
f 386//386 395//395 170//170
f 383//383 382//382 386//386
f 396//396 386//386 115//115
f 398//398 385//385 384//384
f 376//376 242//242 375//375
f 362//362 374//374 363//363
f 375//375 242//242 241//241
f 344//344 340//340 341//341
f 347//347 341//341 342//342
f 348//348 339//339 344//344
f 348//348 343//343 339//339
f 345//345 96//96 336//336
f 345//345 337//337 346//346
f 347//347 344//344 341//341
f 348//348 338//338 343//343
f 349//349 342//342 251//251
f 350//350 338//338 348//348
f 351//351 344//344 347//347
f 95//95 96//96 345//345
f 350//350 346//346 338//338
f 353//353 347//347 342//342
f 353//353 342//342 349//349
f 346//346 337//337 338//338
f 265//265 264//264 260//260
f 345//345 336//336 337//337
f 251//251 342//342 250//250
f 333//333 328//328 336//336
f 335//335 330//330 334//334
f 336//336 328//328 337//337
f 337//337 331//331 335//335
f 339//339 335//335 334//334
f 340//340 334//334 332//332
f 341//341 332//332 329//329
f 342//342 329//329 250//250
f 338//338 337//337 335//335
f 343//343 338//338 335//335
f 343//343 335//335 339//339
f 339//339 334//334 340//340
f 340//340 332//332 341//341
f 336//336 96//96 333//333
f 342//342 341//341 329//329
f 344//344 339//339 340//340
f 354//354 346//346 350//350
f 352//352 351//351 347//347
f 352//352 347//347 353//353
f 360//360 359//359 357//357
f 360//360 358//358 128//128
f 360//360 128//128 129//129
f 93//93 94//94 359//359
f 360//360 129//129 93//93
f 93//93 359//359 360//360
f 373//373 372//372 361//361
f 240//240 121//121 373//373
f 349//349 251//251 400//400
f 374//374 361//361 364//364
f 374//374 364//364 363//363
f 373//373 361//361 374//374
f 375//375 373//373 374//374
f 375//375 240//240 373//373
f 375//375 241//241 240//240
f 360//360 355//355 358//358
f 360//360 357//357 355//355
f 358//358 356//356 132//132
f 358//358 351//351 356//356
f 355//355 348//348 351//351
f 353//353 349//349 130//130
f 354//354 345//345 346//346
f 355//355 350//350 348//348
f 95//95 345//345 354//354
f 353//353 130//130 131//131
f 351//351 352//352 356//356
f 333//333 96//96 325//325
f 356//356 353//353 131//131
f 357//357 354//354 350//350
f 357//357 350//350 355//355
f 94//94 95//95 354//354
f 358//358 355//355 351//351
f 356//356 131//131 132//132
f 359//359 354//354 357//357
f 94//94 354//354 359//359
f 356//356 352//352 353//353
f 263//263 258//258 264//264
f 264//264 258//258 255//255
f 263//263 101//101 102//102
f 108//108 154//154 159//159
f 162//162 160//160 149//149
f 160//160 161//161 155//155
f 163//163 160//160 162//162
f 165//165 108//108 159//159
f 164//164 156//156 157//157
f 165//165 107//107 108//108
f 165//165 159//159 158//158
f 166//166 158//158 161//161
f 167//167 160//160 163//163
f 167//167 161//161 160//160
f 164//164 162//162 156//156
f 168//168 157//157 115//115
f 166//166 165//165 158//158
f 169//169 162//162 164//164
f 161//161 158//158 155//155
f 166//166 161//161 167//167
f 159//159 151//151 158//158
f 162//162 149//149 156//156
f 152//152 148//148 145//145
f 154//154 146//146 151//151
f 150//150 151//151 147//147
f 153//153 149//149 113//113
f 155//155 148//148 152//152
f 155//155 150//150 148//148
f 154//154 108//108 109//109
f 158//158 150//150 155//155
f 157//157 153//153 114//114
f 160//160 152//152 149//149
f 160//160 155//155 152//152
f 156//156 149//149 153//153
f 158//158 151//151 150//150
f 156//156 153//153 157//157
f 159//159 154//154 151//151
f 115//115 157//157 114//114
f 153//153 113//113 114//114
f 169//169 163//163 162//162
f 170//170 168//168 115//115
f 181//181 174//174 177//177
f 183//183 175//175 180//180
f 182//182 173//173 176//176
f 183//183 179//179 175//175
f 184//184 174//174 181//181
f 182//182 107//107 173//173
f 185//185 176//176 178//178
f 185//185 178//178 179//179
f 186//186 179//179 183//183
f 182//182 176//176 185//185
f 187//187 180//180 174//174
f 187//187 174//174 184//184
f 186//186 185//185 179//179
f 116//116 181//181 177//177
f 182//182 106//106 107//107
f 180//180 175//175 172//172
f 168//168 164//164 157//157
f 178//178 171//171 179//179
f 178//178 176//176 167//167
f 171//171 163//163 169//169
f 172//172 164//164 168//168
f 263//263 102//102 127//127
f 173//173 165//165 166//166
f 172//172 169//169 164//164
f 107//107 165//165 173//173
f 174//174 168//168 170//170
f 175//175 169//169 172//172
f 175//175 171//171 169//169
f 176//176 166//166 167//167
f 178//178 167//167 171//171
f 179//179 171//171 175//175
f 174//174 172//172 168//168
f 177//177 174//174 170//170
f 176//176 173//173 166//166
f 180//180 172//172 174//174
f 152//152 145//145 149//149
f 151//151 146//146 144//144
f 151//151 144//144 147//147
f 97//97 96//96 90//90
f 102//102 84//84 103//103
f 97//97 90//90 89//89
f 98//98 97//97 89//89
f 102//102 85//85 84//84
f 98//98 89//89 88//88
f 101//101 85//85 102//102
f 99//99 98//98 88//88
f 101//101 86//86 85//85
f 100//100 86//86 101//101
f 99//99 88//88 87//87
f 100//100 99//99 87//87
f 100//100 87//87 86//86
f 130//130 349//349 110//110
f 133//133 131//131 130//130
f 103//103 84//84 83//83
f 134//134 130//130 110//110
f 103//103 83//83 104//104
f 91//91 96//96 95//95
f 80//80 79//79 107//107
f 79//79 108//108 107//107
f 81//81 80//80 107//107
f 78//78 108//108 79//79
f 78//78 109//109 108//108
f 81//81 107//107 106//106
f 78//78 93//93 109//109
f 92//92 93//93 78//78
f 82//82 81//81 106//106
f 82//82 106//106 105//105
f 92//92 94//94 93//93
f 91//91 95//95 94//94
f 91//91 94//94 92//92
f 83//83 105//105 104//104
f 83//83 82//82 105//105
f 96//96 91//91 90//90
f 134//134 110//110 111//111
f 135//135 358//358 132//132
f 136//136 131//131 133//133
f 145//145 137//137 143//143
f 145//145 138//138 137//137
f 144//144 139//139 140//140
f 113//113 143//143 112//112
f 146//146 139//139 144//144
f 147//147 142//142 141//141
f 148//148 138//138 145//145
f 148//148 141//141 138//138
f 146//146 109//109 139//139
f 147//147 144//144 142//142
f 149//149 143//143 113//113
f 154//154 109//109 146//146
f 150//150 141//141 148//148
f 150//150 147//147 141//141
f 149//149 145//145 143//143
f 109//109 93//93 129//129
f 144//144 140//140 142//142
f 109//109 129//129 139//139
f 142//142 140//140 136//136
f 136//136 132//132 131//131
f 133//133 130//130 134//134
f 135//135 128//128 358//358
f 137//137 111//111 112//112
f 135//135 132//132 136//136
f 138//138 133//133 134//134
f 137//137 134//134 111//111
f 187//187 183//183 180//180
f 140//140 129//129 128//128
f 140//140 128//128 135//135
f 141//141 133//133 138//138
f 141//141 136//136 133//133
f 137//137 138//138 134//134
f 140//140 135//135 136//136
f 142//142 136//136 141//141
f 143//143 137//137 112//112
f 139//139 129//129 140//140
f 184//184 181//181 116//116
f 171//171 167//167 163//163
f 188//188 106//106 182//182
f 229//229 121//121 122//122
f 230//230 225//225 231//231
f 233//233 227//227 228//228
f 234//234 232//232 223//223
f 235//235 227//227 233//233
f 229//229 122//122 123//123
f 234//234 229//229 123//123
f 235//235 231//231 227//227
f 236//236 233//233 232//232
f 236//236 232//232 234//234
f 234//234 123//123 124//124
f 188//188 182//182 185//185
f 237//237 230//230 231//231
f 238//238 233//233 236//236
f 236//236 124//124 125//125
f 234//234 223//223 229//229
f 236//236 234//234 124//124
f 233//233 228//228 232//232
f 232//232 226//226 223//223
f 225//225 220//220 217//217
f 226//226 216//216 223//223
f 223//223 219//219 224//224
f 220//220 103//103 104//104
f 226//226 221//221 216//216
f 227//227 225//225 222//222
f 228//228 221//221 226//226
f 228//228 222//222 221//221
f 229//229 224//224 120//120
f 229//229 120//120 121//121
f 230//230 220//220 225//225
f 231//231 225//225 227//227
f 228//228 227//227 222//222
f 232//232 228//228 226//226
f 230//230 103//103 220//220
f 229//229 223//223 224//224
f 225//225 217//217 222//222
f 237//237 103//103 230//230
f 238//238 235//235 233//233
f 258//258 126//126 255//255
f 256//256 240//240 241//241
f 259//259 254//254 253//253
f 259//259 253//253 257//257
f 258//258 127//127 126//126
f 260//260 125//125 254//254
f 262//262 254//254 259//259
f 261//261 257//257 256//256
f 260//260 255//255 125//125
f 262//262 260//260 254//254
f 241//241 261//261 256//256
f 263//263 127//127 258//258
f 264//264 255//255 260//260
f 265//265 260//260 262//262
f 266//266 257//257 261//261
f 257//257 252//252 256//256
f 237//237 102//102 103//103
f 257//257 253//253 252//252
f 255//255 126//126 125//125
f 126//126 238//238 236//236
f 126//126 236//236 125//125
f 239//239 235//235 238//238
f 239//239 237//237 235//235
f 239//239 238//238 126//126
f 102//102 237//237 239//239
f 239//239 126//126 127//127
f 102//102 239//239 127//127
f 252//252 121//121 240//240
f 122//122 121//121 252//252
f 253//253 123//123 122//122
f 254//254 123//123 253//253
f 254//254 124//124 123//123
f 253//253 122//122 252//252
f 256//256 252//252 240//240
f 125//125 124//124 254//254
f 224//224 219//219 120//120
f 237//237 231//231 235//235
f 223//223 216//216 219//219
f 200//200 195//195 117//117
f 198//198 106//106 188//188
f 197//197 194//194 193//193
f 197//197 190//190 199//199
f 201//201 195//195 200//200
f 202//202 196//196 195//195
f 203//203 194//194 197//197
f 199//199 196//196 202//202
f 202//202 195//195 201//201
f 198//198 105//105 106//106
f 204//204 197//197 199//199
f 203//203 198//198 194//194
f 105//105 198//198 203//203
f 205//205 202//202 201//201
f 206//206 201//201 200//200
f 196//196 191//191 195//195
f 199//199 190//190 196//196
f 198//198 188//188 192//192
f 198//198 192//192 194//194
f 190//190 187//187 184//184
f 191//191 184//184 116//116
f 192//192 185//185 186//186
f 120//120 219//219 119//119
f 193//193 183//183 189//189
f 189//189 187//187 190//190
f 191//191 190//190 184//184
f 207//207 203//203 197//197
f 188//188 185//185 192//192
f 194//194 186//186 193//193
f 195//195 116//116 117//117
f 195//195 191//191 116//116
f 194//194 192//192 186//186
f 196//196 190//190 191//191
f 190//190 193//193 189//189
f 197//197 193//193 190//190
f 193//193 186//186 183//183
f 207//207 197//197 204//204
f 189//189 183//183 187//187
f 208//208 204//204 199//199
f 214//214 209//209 211//211
f 217//217 209//209 214//214
f 216//216 212//212 210//210
f 215//215 104//104 105//105
f 215//215 209//209 217//217
f 218//218 212//212 216//216
f 219//219 213//213 119//119
f 218//218 214//214 212//212
f 220//220 215//215 217//217
f 216//216 213//213 219//219
f 221//221 218//218 216//216
f 222//222 214//214 218//218
f 104//104 215//215 220//220
f 222//222 217//217 214//214
f 222//222 218//218 221//221
f 215//215 207//207 209//209
f 119//119 213//213 118//118
f 216//216 210//210 213//213
f 215//215 105//105 207//207
f 205//205 201//201 206//206
f 206//206 200//200 118//118
f 207//207 105//105 203//203
f 210//210 205//205 206//206
f 209//209 207//207 204//204
f 214//214 211//211 212//212
f 211//211 202//202 205//205
f 208//208 199//199 202//202
f 209//209 204//204 208//208
f 212//212 205//205 210//210
f 212//212 211//211 205//205
f 213//213 206//206 118//118
f 209//209 208//208 211//211
f 213//213 210//210 206//206
f 211//211 208//208 202//202
f 403//403 401//401 404//404
f 404//404 401//401 402//402
f 413//413 414//414 409//409
f 412//412 410//410 407//407
f 414//414 408//408 409//409
f 412//412 407//407 411//411
f 412//412 413//413 410//410
f 413//413 409//409 410//410
f 414//414 405//405 408//408
f 406//406 405//405 414//414
f 433//433 434//434 416//416
f 434//434 415//415 416//416
f 417//417 438//438 437//437
f 428//428 427//427 429//429
f 423//423 422//422 424//424
f 422//422 421//421 424//424
f 429//429 427//427 431//431
f 429//429 431//431 430//430
f 424//424 421//421 420//420
f 425//425 419//419 426//426
f 424//424 420//420 425//425
f 419//419 417//417 436//436
f 419//419 436//436 435//435
f 433//433 435//435 434//434
f 417//417 437//437 436//436
f 432//432 435//435 433//433
f 427//427 426//426 431//431
f 426//426 435//435 432//432
f 426//426 419//419 435//435
f 425//425 420//420 419//419
f 417//417 418//418 438//438
f 426//426 432//432 431//431
f 445//445 439//439 444//444
f 447//447 440//440 441//441
f 447//447 448//448 440//440
f 446//446 441//441 442//442
f 445//445 446//446 442//442
f 449//449 443//443 440//440
f 449//449 440//440 448//448
f 445//445 442//442 439//439
f 446//446 447//447 441//441
f 453//453 451//451 452//452
f 454//454 452//452 450//450
f 453//453 452//452 454//454
f 462//462 463//463 457//457
f 460//460 458//458 455//455
f 460//460 455//455 461//461
f 463//463 456//456 457//457
f 460//460 457//457 458//458
f 460//460 462//462 457//457
f 463//463 464//464 456//456
f 464//464 459//459 456//456
f 465//465 459//459 464//464
f 469//469 467//467 468//468
f 468//468 467//467 466//466
f 477//477 474//474 470//470
f 480//480 475//475 471//471
f 481//481 475//475 480//480
f 478//478 472//472 473//473
f 478//478 479//479 472//472
f 479//479 480//480 472//472
f 480//480 471//471 472//472
f 477//477 470//470 476//476
f 477//477 473//473 474//474
f 477//477 478//478 473//473
f 486//486 482//482 485//485
f 486//486 484//484 482//482
f 487//487 483//483 484//484
f 487//487 484//484 486//486
v -0.0091087 -0.0105001 0.0464852
v -0.0090138 -0.0105000 0.0468494
v -0.0087699 -0.0105001 0.0471037
v -0.0084000 -0.0105001 0.0472091
v -0.0080804 -0.0105000 0.0471272
v -0.0078264 -0.0105001 0.0469168
v -0.0076914 -0.0105002 0.0465148
v -0.0078228 -0.0105002 0.0460806
v -0.0081809 -0.0105000 0.0458256
v -0.0085981 -0.0105001 0.0458170
v -0.0089618 -0.0105000 0.0460639
v -0.0091087 -0.0105001 0.0464852
v -0.0090138 -0.0105000 0.0468494
v -0.0087699 -0.0105001 0.0471037
v -0.0084000 -0.0105001 0.0472091
v -0.0080804 -0.0105000 0.0471272
v -0.0078264 -0.0105001 0.0469168
v -0.0076914 -0.0105002 0.0465148
v -0.0078228 -0.0105002 0.0460806
v -0.0081809 -0.0105000 0.0458256
v -0.0085981 -0.0105001 0.0458170
v -0.0089618 -0.0105000 0.0460639
v -0.0092523 -0.0103496 0.0465394
v -0.0075710 -0.0103488 0.0462905
v -0.0076847 -0.0103505 0.0460358
v -0.0078942 -0.0103513 0.0458106
v -0.0081772 -0.0103494 0.0456758
v -0.0084671 -0.0103496 0.0456482
v -0.0088060 -0.0103501 0.0457448
v -0.0090894 -0.0103513 0.0459942
v -0.0092210 -0.0103484 0.0462657
v -0.0091894 -0.0103496 0.0468270
v -0.0090051 -0.0103506 0.0471051
v -0.0087270 -0.0103496 0.0472894
v -0.0084668 -0.0103503 0.0473494
v -0.0082192 -0.0103500 0.0473338
v -0.0079536 -0.0103496 0.0472285
v -0.0077521 -0.0103503 0.0470533
v -0.0076192 -0.0103500 0.0468438
v -0.0075516 -0.0103508 0.0465901
v -0.0092523 -0.0103496 0.0465394
v -0.0075710 -0.0103488 0.0462905
v -0.0076847 -0.0103505 0.0460358
v -0.0078942 -0.0103513 0.0458106
v -0.0081772 -0.0103494 0.0456758
v -0.0084671 -0.0103496 0.0456482
v -0.0088060 -0.0103501 0.0457448
v -0.0090894 -0.0103513 0.0459942
v -0.0092210 -0.0103484 0.0462657
v -0.0091894 -0.0103496 0.0468270
v -0.0090051 -0.0103506 0.0471051
v -0.0087270 -0.0103496 0.0472894
v -0.0084668 -0.0103503 0.0473494
v -0.0082192 -0.0103500 0.0473338
v -0.0079536 -0.0103496 0.0472285
v -0.0077521 -0.0103503 0.0470533
v -0.0076192 -0.0103500 0.0468438
v -0.0075516 -0.0103508 0.0465901
v -0.0092488 -0.0065000 0.0463656
v -0.0075775 -0.0065000 0.0467428
v -0.0077304 -0.0065000 0.0470279
v -0.0079719 -0.0065000 0.0472430
v -0.0083328 -0.0065000 0.0473532
v -0.0087066 -0.0065000 0.0473009
v -0.0090042 -0.0065000 0.0471042
v -0.0092054 -0.0065000 0.0467971
v -0.0090741 -0.0065000 0.0459686
v -0.0087587 -0.0065000 0.0457220
v -0.0084000 -0.0065000 0.0456441
v -0.0080315 -0.0065000 0.0457257
v -0.0077738 -0.0065000 0.0459212
v -0.0076292 -0.0065000 0.0461342
v -0.0075521 -0.0065000 0.0463997
v -0.0092488 -0.0065000 0.0463656
v -0.0075775 -0.0065000 0.0467428
v -0.0077304 -0.0065000 0.0470279
v -0.0079719 -0.0065000 0.0472430
v -0.0083328 -0.0065000 0.0473532
v -0.0087066 -0.0065000 0.0473009
v -0.0090042 -0.0065000 0.0471042
v -0.0092054 -0.0065000 0.0467971
v -0.0090741 -0.0065000 0.0459686
v -0.0087587 -0.0065000 0.0457220
v -0.0084000 -0.0065000 0.0456441
v -0.0080315 -0.0065000 0.0457257
v -0.0077738 -0.0065000 0.0459212
v -0.0076292 -0.0065000 0.0461342
v -0.0075521 -0.0065000 0.0463997
v -0.0083722 -0.0065000 0.0472064
v -0.0080729 -0.0065000 0.0471237
v -0.0078843 -0.0065000 0.0469766
v -0.0077405 -0.0065000 0.0467525
v -0.0076980 -0.0065000 0.0464169
v -0.0078039 -0.0065000 0.0461250
v -0.0080373 -0.0065000 0.0458913
v -0.0083447 -0.0065000 0.0457985
v -0.0086715 -0.0065000 0.0458446
v -0.0089906 -0.0065000 0.0461054
v -0.0091027 -0.0065000 0.0464447
v -0.0090758 -0.0065000 0.0466906
v -0.0089599 -0.0065000 0.0469304
v -0.0087035 -0.0065000 0.0471377
v -0.0083722 -0.0065000 0.0472064
v -0.0080729 -0.0065000 0.0471237
v -0.0078843 -0.0065000 0.0469766
v -0.0077405 -0.0065000 0.0467525
v -0.0076980 -0.0065000 0.0464169
v -0.0078039 -0.0065000 0.0461250
v -0.0080373 -0.0065000 0.0458913
v -0.0083447 -0.0065000 0.0457985
v -0.0086715 -0.0065000 0.0458446
v -0.0089906 -0.0065000 0.0461054
v -0.0091027 -0.0065000 0.0464447
v -0.0090758 -0.0065000 0.0466906
v -0.0089599 -0.0065000 0.0469304
v -0.0087035 -0.0065000 0.0471377
v -0.0081558 0.0100000 0.0458381
v -0.0079016 0.0100000 0.0460016
v -0.0077623 0.0100000 0.0462060
v -0.0076986 0.0100000 0.0464365
v -0.0077504 0.0100000 0.0467896
v -0.0080073 0.0100000 0.0470878
v -0.0083810 0.0100000 0.0472110
v -0.0087195 0.0100000 0.0471270
v -0.0089163 0.0100000 0.0469773
v -0.0090655 0.0100000 0.0467364
v -0.0091015 0.0100000 0.0464448
v -0.0090413 0.0100000 0.0462130
v -0.0089038 0.0100000 0.0460080
v -0.0086944 0.0100000 0.0458615
v -0.0084470 0.0100000 0.0457973
v -0.0081558 0.0100000 0.0458381
v -0.0079016 0.0100000 0.0460016
v -0.0077623 0.0100000 0.0462060
v -0.0076986 0.0100000 0.0464365
v -0.0077504 0.0100000 0.0467896
v -0.0080073 0.0100000 0.0470878
v -0.0083810 0.0100000 0.0472110
v -0.0087195 0.0100000 0.0471270
v -0.0089163 0.0100000 0.0469773
v -0.0090655 0.0100000 0.0467364
v -0.0091015 0.0100000 0.0464448
v -0.0090413 0.0100000 0.0462130
v -0.0089038 0.0100000 0.0460080
v -0.0086944 0.0100000 0.0458615
v -0.0084470 0.0100000 0.0457973
v -0.0071423 0.0100005 0.0462901
v -0.0072569 0.0100008 0.0459170
v -0.0077346 0.0099998 0.0454045
v -0.0083222 0.0100005 0.0452256
v -0.0087391 0.0100001 0.0452753
v -0.0091030 0.0100009 0.0454365
v -0.0093711 0.0100031 0.0456593
v -0.0096030 0.0100015 0.0460687
v -0.0096746 0.0100007 0.0464736
v -0.0095914 0.0100013 0.0469718
v -0.0094053 0.0100010 0.0472898
v -0.0090256 0.0100005 0.0476113
v -0.0085058 0.0100000 0.0477777
v -0.0078855 0.0100010 0.0476721
v -0.0075650 0.0100013 0.0474658
v -0.0071607 0.0100000 0.0467992
v -0.0071192 0.0108926 0.0464604
v -0.0071453 0.0108744 0.0468617
v -0.0072479 0.0108586 0.0471471
v -0.0073803 0.0109139 0.0472307
v -0.0075668 0.0108559 0.0475346
v -0.0079877 0.0108774 0.0477374
v -0.0084536 0.0108815 0.0477960
v -0.0088137 0.0108592 0.0477560
v -0.0092234 0.0108741 0.0475139
v -0.0094854 0.0108739 0.0472284
v -0.0095957 0.0109036 0.0469281
v -0.0096932 0.0108733 0.0466588
v -0.0097205 0.0108547 0.0463403
v -0.0098042 0.0107614 0.0465945
v -0.0098762 0.0106227 0.0464995
v -0.0099018 0.0104723 0.0464509
v -0.0098853 0.0103164 0.0464196
v -0.0098595 0.0102384 0.0465849
v -0.0097975 0.0101287 0.0464001
v -0.0068981 0.0104666 0.0465590
v -0.0069211 0.0102934 0.0464398
v -0.0069586 0.0102045 0.0466225
v -0.0070514 0.0100748 0.0466830
v -0.0070389 0.0108156 0.0466015
v -0.0069383 0.0106602 0.0465574
v -0.0070290 0.0107439 0.0468828
v -0.0069295 0.0105456 0.0467749
v -0.0070338 0.0106777 0.0469959
v -0.0069270 0.0103319 0.0467315
v -0.0069518 0.0104714 0.0469083
v -0.0071522 0.0107229 0.0471999
v -0.0070637 0.0105419 0.0471734
v -0.0073526 0.0107894 0.0474083
v -0.0070321 0.0103394 0.0471050
v -0.0070018 0.0102285 0.0469054
v -0.0071909 0.0106568 0.0473256
v -0.0073721 0.0106843 0.0475256
v -0.0071270 0.0101033 0.0470467
v -0.0071565 0.0103394 0.0473303
v -0.0072365 0.0104770 0.0474533
v -0.0076186 0.0107826 0.0476521
v -0.0073904 0.0105479 0.0476027
v -0.0072201 0.0101461 0.0472755
v -0.0075818 0.0106464 0.0477165
v -0.0073821 0.0103833 0.0476003
v -0.0073457 0.0102567 0.0475238
v -0.0077911 0.0107242 0.0477975
v -0.0073569 0.0100020 0.0472409
v -0.0075869 0.0104641 0.0477677
v -0.0074133 0.0101333 0.0475005
v -0.0080058 0.0107061 0.0478852
v -0.0078514 0.0105528 0.0478901
v -0.0081434 0.0107993 0.0478536
v -0.0076188 0.0102646 0.0477481
v -0.0078531 0.0103764 0.0478981
v -0.0083469 0.0107788 0.0478947
v -0.0077038 0.0101172 0.0477085
v -0.0077633 0.0101868 0.0477888
v -0.0082321 0.0106395 0.0479591
v -0.0081661 0.0105155 0.0479823
v -0.0081057 0.0103660 0.0479681
v -0.0085683 0.0107424 0.0479105
v -0.0084997 0.0105972 0.0479806
v -0.0080563 0.0101602 0.0478829
v -0.0084066 0.0103167 0.0479890
v -0.0084590 0.0104493 0.0480012
v -0.0087885 0.0107432 0.0478631
v -0.0082916 0.0102105 0.0479453
v -0.0082016 0.0100873 0.0478560
v -0.0087086 0.0105756 0.0479578
v -0.0090164 0.0107135 0.0477977
v -0.0091270 0.0107970 0.0476737
v -0.0089048 0.0105936 0.0478949
v -0.0086923 0.0103834 0.0479706
v -0.0084480 0.0100716 0.0478526
v -0.0086351 0.0101985 0.0479256
v -0.0089241 0.0103851 0.0479083
v -0.0092107 0.0106634 0.0477133
v -0.0091372 0.0105258 0.0478034
v -0.0094363 0.0107655 0.0474518
v -0.0087268 0.0100618 0.0478037
v -0.0091796 0.0103969 0.0477846
v -0.0088480 0.0101749 0.0478593
v -0.0093847 0.0106838 0.0475653
v -0.0093259 0.0105369 0.0476741
v -0.0092142 0.0102252 0.0477121
v -0.0090662 0.0101189 0.0477281
v -0.0096261 0.0106402 0.0473164
v -0.0094990 0.0105130 0.0475206
v -0.0093419 0.0103497 0.0476612
v -0.0096518 0.0107614 0.0471441
v -0.0094978 0.0103376 0.0475101
v -0.0096889 0.0104754 0.0472753
v -0.0092750 0.0100641 0.0475233
v -0.0094422 0.0101562 0.0474653
v -0.0097437 0.0107501 0.0469483
v -0.0096581 0.0103083 0.0472945
v -0.0097994 0.0105709 0.0470130
v -0.0098250 0.0106797 0.0467834
v -0.0096002 0.0101423 0.0472423
v -0.0097699 0.0103533 0.0470993
v -0.0098562 0.0104694 0.0468771
v -0.0098926 0.0104541 0.0467039
v -0.0098269 0.0102561 0.0468594
v -0.0097422 0.0101738 0.0469916
v -0.0097415 0.0100810 0.0467544
v -0.0095668 0.0108729 0.0459026
v -0.0092809 0.0108754 0.0455378
v -0.0089957 0.0108787 0.0453473
v -0.0086384 0.0108806 0.0452248
v -0.0081785 0.0108768 0.0452140
v -0.0078412 0.0108483 0.0452883
v -0.0076168 0.0108395 0.0454054
v -0.0073661 0.0108738 0.0457019
v -0.0071780 0.0108811 0.0460668
v -0.0098032 0.0107407 0.0462799
v -0.0098402 0.0106259 0.0461748
v -0.0097132 0.0107397 0.0459522
v -0.0098700 0.0104867 0.0461976
v -0.0098648 0.0103423 0.0462125
v -0.0095804 0.0107424 0.0457097
v -0.0097757 0.0105500 0.0459137
v -0.0098068 0.0103834 0.0459812
v -0.0098145 0.0102276 0.0461497
v -0.0094337 0.0107602 0.0455445
v -0.0096450 0.0105372 0.0456677
v -0.0097293 0.0100839 0.0461781
v -0.0096851 0.0103925 0.0457239
v -0.0096960 0.0102269 0.0458292
v -0.0094860 0.0105992 0.0454909
v -0.0092428 0.0107232 0.0453396
v -0.0096898 0.0101587 0.0459039
v -0.0095149 0.0104136 0.0454916
v -0.0095133 0.0102087 0.0455688
v -0.0089618 0.0107970 0.0452365
v -0.0092892 0.0105318 0.0452923
v -0.0095565 0.0100793 0.0457777
v -0.0094109 0.0103422 0.0454014
v -0.0089712 0.0106501 0.0451484
v -0.0092262 0.0103423 0.0452568
v -0.0092854 0.0101436 0.0453981
v -0.0089705 0.0105077 0.0451109
v -0.0086842 0.0107593 0.0451186
v -0.0089837 0.0103475 0.0451232
v -0.0090485 0.0101715 0.0452233
v -0.0084546 0.0107636 0.0450937
v -0.0086437 0.0105880 0.0450339
v -0.0086897 0.0104249 0.0450256
v -0.0087950 0.0102532 0.0450871
v -0.0082334 0.0107602 0.0451026
v -0.0083380 0.0105991 0.0450189
v -0.0084611 0.0104700 0.0449992
v -0.0089010 0.0100752 0.0452362
v -0.0085132 0.0102939 0.0450209
v -0.0079588 0.0107573 0.0451611
v -0.0086305 0.0100990 0.0451392
v -0.0080680 0.0106363 0.0450666
v -0.0082327 0.0104205 0.0450071
v -0.0080500 0.0105252 0.0450428
v -0.0083967 0.0101331 0.0450937
v -0.0082365 0.0102344 0.0450480
v -0.0077292 0.0106001 0.0451765
v -0.0076276 0.0106691 0.0452611
v -0.0080363 0.0102663 0.0450696
v -0.0078802 0.0104713 0.0450908
v -0.0078385 0.0103131 0.0451228
v -0.0073944 0.0107754 0.0455285
v -0.0080238 0.0100829 0.0451856
v -0.0076657 0.0104273 0.0451887
v -0.0074145 0.0106838 0.0454350
v -0.0074785 0.0104146 0.0453109
v -0.0076810 0.0102124 0.0452362
v -0.0073821 0.0105152 0.0453991
v -0.0071900 0.0107842 0.0458069
v -0.0072039 0.0105951 0.0456179
v -0.0076489 0.0100638 0.0453800
v -0.0072952 0.0103858 0.0454865
v -0.0074580 0.0101930 0.0454070
v -0.0070669 0.0106914 0.0459348
v -0.0071125 0.0104348 0.0457212
v -0.0072595 0.0102076 0.0456018
v -0.0070298 0.0107203 0.0460715
v -0.0069974 0.0105683 0.0459864
v -0.0071695 0.0102995 0.0456732
v -0.0070170 0.0107772 0.0463012
v -0.0074129 0.0100700 0.0455759
v -0.0069676 0.0104048 0.0460418
v -0.0070580 0.0102378 0.0459164
v -0.0072369 0.0100705 0.0458083
v -0.0069316 0.0106074 0.0463160
v -0.0070602 0.0101399 0.0460607
v -0.0069041 0.0104547 0.0463480
v -0.0069471 0.0102770 0.0462374
v -0.0070079 0.0101223 0.0463845
v -0.0089888 0.0112166 0.0463238
v -0.0092347 0.0111318 0.0463234
v -0.0094979 0.0110069 0.0463426
v -0.0085757 0.0112222 0.0459386
v -0.0086296 0.0112541 0.0461122
v -0.0088004 0.0112542 0.0462833
v -0.0082238 0.0110126 0.0454147
v -0.0085751 0.0110091 0.0454071
v -0.0079207 0.0112390 0.0463086
v -0.0080910 0.0112605 0.0462149
v -0.0082183 0.0112380 0.0460000
v -0.0073113 0.0110049 0.0463251
v -0.0076613 0.0111702 0.0463266
v -0.0088258 0.0112009 0.0459998
v -0.0093758 0.0110230 0.0460467
v -0.0091038 0.0110842 0.0458412
v -0.0088240 0.0110766 0.0456187
v -0.0079180 0.0112009 0.0460449
v -0.0078167 0.0110891 0.0457392
v -0.0079504 0.0110212 0.0455216
v -0.0075203 0.0110771 0.0460702
v -0.0094866 0.0110050 0.0466758
v -0.0073069 0.0110032 0.0466755
v -0.0075961 0.0111437 0.0466762
v -0.0082203 0.0112295 0.0470287
v -0.0081521 0.0112594 0.0468579
v -0.0079471 0.0112461 0.0466926
v -0.0082281 0.0110037 0.0475999
v -0.0082232 0.0111547 0.0472783
v -0.0085763 0.0110088 0.0475851
v -0.0089686 0.0112206 0.0466749
v -0.0087971 0.0112533 0.0467251
v -0.0086583 0.0112584 0.0468435
v -0.0085827 0.0112358 0.0470117
v -0.0092633 0.0111198 0.0466768
v -0.0090389 0.0111244 0.0471067
v -0.0090366 0.0109217 0.0475667
v -0.0085774 0.0110912 0.0474432
v -0.0077849 0.0111672 0.0469601
v -0.0078898 0.0111331 0.0471765
v -0.0077669 0.0110186 0.0473860
v -0.0074890 0.0110627 0.0469171
v -0.0094979 0.0110069 0.0463426
v -0.0094866 0.0110050 0.0466758
v -0.0094866 0.0106500 0.0463240
v -0.0094973 0.0106500 0.0466710
v -0.0094866 0.0110050 0.0466758
v -0.0094973 0.0106500 0.0466710
v -0.0085763 0.0110088 0.0475851
v -0.0089686 0.0112206 0.0466749
v -0.0087971 0.0112533 0.0467251
v -0.0086583 0.0112584 0.0468435
v -0.0085827 0.0112358 0.0470117
v -0.0092633 0.0111198 0.0466768
v -0.0085774 0.0110912 0.0474432
v -0.0085736 0.0106500 0.0475942
v -0.0085872 0.0106500 0.0469707
v -0.0087103 0.0106500 0.0467887
v -0.0088856 0.0106500 0.0466846
v -0.0094866 0.0106500 0.0463240
v -0.0094973 0.0106500 0.0466710
v -0.0088677 0.0106500 0.0463126
v -0.0086529 0.0106500 0.0461511
v -0.0085787 0.0106500 0.0459675
v -0.0085759 0.0106500 0.0454123
v -0.0082264 0.0106500 0.0454058
v -0.0082214 0.0106500 0.0459666
v -0.0081274 0.0106500 0.0461821
v -0.0078969 0.0106500 0.0463182
v -0.0073106 0.0106500 0.0463246
v -0.0073084 0.0106500 0.0466746
v -0.0079306 0.0106500 0.0466869
v -0.0081595 0.0106500 0.0468635
v -0.0082226 0.0106500 0.0470508
v -0.0082241 0.0106500 0.0475877
v -0.0085736 0.0106500 0.0475942
v -0.0085872 0.0106500 0.0469707
v -0.0087103 0.0106500 0.0467887
v -0.0088856 0.0106500 0.0466846
v -0.0089888 0.0112166 0.0463238
v -0.0092347 0.0111318 0.0463234
v -0.0094979 0.0110069 0.0463426
v -0.0085757 0.0112222 0.0459386
v -0.0086296 0.0112541 0.0461122
v -0.0088004 0.0112542 0.0462833
v -0.0085751 0.0110091 0.0454071
v -0.0094866 0.0106500 0.0463240
v -0.0088677 0.0106500 0.0463126
v -0.0086529 0.0106500 0.0461511
v -0.0085787 0.0106500 0.0459675
v -0.0085759 0.0106500 0.0454123
v -0.0082238 0.0110126 0.0454147
v -0.0085751 0.0110091 0.0454071
v -0.0085759 0.0106500 0.0454123
v -0.0082264 0.0106500 0.0454058
v -0.0082238 0.0110126 0.0454147
v -0.0079207 0.0112390 0.0463086
v -0.0080910 0.0112605 0.0462149
v -0.0082183 0.0112380 0.0460000
v -0.0073113 0.0110049 0.0463251
v -0.0076613 0.0111702 0.0463266
v -0.0082264 0.0106500 0.0454058
v -0.0082214 0.0106500 0.0459666
v -0.0081274 0.0106500 0.0461821
v -0.0078969 0.0106500 0.0463182
v -0.0073106 0.0106500 0.0463246
v -0.0073113 0.0110049 0.0463251
v -0.0073069 0.0110032 0.0466755
v -0.0073106 0.0106500 0.0463246
v -0.0073084 0.0106500 0.0466746
v -0.0073069 0.0110032 0.0466755
v -0.0075961 0.0111437 0.0466762
v -0.0079471 0.0112461 0.0466926
v -0.0073084 0.0106500 0.0466746
v -0.0079306 0.0106500 0.0466869
v -0.0082203 0.0112295 0.0470287
v -0.0081521 0.0112594 0.0468579
v -0.0079471 0.0112461 0.0466926
v -0.0082281 0.0110037 0.0475999
v -0.0082232 0.0111547 0.0472783
v -0.0079306 0.0106500 0.0466869
v -0.0081595 0.0106500 0.0468635
v -0.0082226 0.0106500 0.0470508
v -0.0082241 0.0106500 0.0475877
v -0.0082281 0.0110037 0.0475999
v -0.0085763 0.0110088 0.0475851
v -0.0082241 0.0106500 0.0475877
v -0.0085736 0.0106500 0.0475942
vn 0.000081 -1.000000 -0.000038
vn -0.000415 -1.000000 0.000303
vn -0.000081 -1.000000 0.000120
vn 0.000074 -1.000000 -0.000037
vn -0.000012 -1.000000 0.000021
vn -0.000142 -1.000000 0.000156
vn -0.000164 -1.000000 0.000134
vn -0.000104 -1.000000 -0.000098
vn -0.000080 -1.000000 -0.000233
vn 0.000064 -1.000000 0.000242
vn 0.000008 -1.000000 -0.000014
vn -0.686754 -0.726679 -0.017510
vn -0.604063 -0.721915 0.337560
vn -0.357517 -0.720544 0.594136
vn -0.008777 -0.722239 0.691587
vn 0.315639 -0.722435 0.615191
vn 0.560458 -0.724831 0.400633
vn 0.681752 -0.731468 0.013025
vn 0.557961 -0.726150 -0.401728
vn 0.210974 -0.727537 -0.652824
vn -0.191467 -0.722067 -0.664800
vn -0.541588 -0.726398 -0.423117
vn -0.713632 -0.698768 0.049523
vn 0.661576 -0.729285 -0.174529
vn 0.616438 -0.684876 -0.388522
vn 0.403117 -0.725559 -0.557729
vn 0.177644 -0.696256 -0.695464
vn -0.040782 -0.715362 -0.697563
vn -0.345496 -0.717911 -0.604349
vn -0.578480 -0.695753 -0.425781
vn -0.656273 -0.727506 -0.200100
vn -0.654457 -0.711564 0.255661
vn -0.500865 -0.709299 0.496013
vn -0.257256 -0.713072 0.652186
vn -0.074618 -0.699542 0.710685
vn 0.159916 -0.708599 0.687251
vn 0.375595 -0.710612 0.594945
vn 0.531127 -0.699531 0.478080
vn 0.636159 -0.726602 0.259522
vn 0.705135 -0.703661 0.087440
vn -0.998668 -0.003051 0.051498
vn 0.970751 -0.002803 -0.240074
vn 0.833782 -0.002954 -0.552085
vn 0.592069 -0.003800 -0.805878
vn 0.266048 -0.003451 -0.963953
vn -0.091454 -0.002407 -0.995806
vn -0.479317 -0.002229 -0.877639
vn -0.796301 -0.000864 -0.604900
vn -0.959811 -0.001649 -0.280642
vn -0.920502 -0.000794 0.390736
vn -0.707198 0.000622 0.707016
vn -0.395546 -0.000648 0.918446
vn -0.082193 -0.002286 0.996614
vn 0.218748 -0.002313 0.975779
vn 0.520289 -0.000747 0.853990
vn 0.757992 -0.000449 0.652264
vn 0.915708 -0.002354 0.401839
vn 0.995208 -0.003212 0.097727
vn -0.987600 0.004568 -0.156927
vn 0.960133 0.003243 0.279524
vn 0.785001 0.001975 0.619492
vn 0.490695 0.002393 0.871328
vn 0.078514 0.003758 0.996906
vn -0.354780 0.002027 0.934948
vn -0.708527 0.000339 0.705684
vn -0.942167 0.002795 0.335133
vn -0.789251 0.003215 -0.614062
vn -0.424625 0.002698 -0.905365
vn 0.001428 0.003477 -0.999993
vn 0.420208 0.004096 -0.907419
vn 0.725813 0.003083 -0.687885
vn 0.904822 0.002721 -0.425780
vn 0.994538 0.003391 -0.104320
vn 0.000000 1.000000 0.000000
vn 0.000000 1.000000 0.000000
vn -0.000002 1.000000 -0.000000
vn -0.000001 1.000000 -0.000000
vn 0.000000 1.000000 0.000000
vn 0.000000 1.000000 0.000000
vn 0.000000 1.000000 0.000000
vn 0.000000 1.000000 0.000000
vn 0.000000 1.000000 0.000000
vn 0.000000 1.000000 0.000000
vn 0.000000 1.000000 0.000000
vn -0.000001 1.000000 -0.000000
vn -0.000001 1.000000 -0.000000
vn 0.000000 1.000000 0.000000
vn 0.000000 1.000000 0.000000
vn 0.000000 1.000000 0.000000
vn 0.000000 1.000000 0.000000
vn -0.000002 1.000000 -0.000000
vn -0.000001 1.000000 0.000000
vn 0.000000 1.000000 0.000000
vn -0.000000 1.000000 -0.000000
vn -0.000001 1.000000 -0.000000
vn 0.000000 1.000000 0.000000
vn 0.000000 1.000000 0.000000
vn 0.000000 1.000000 0.000000
vn 0.000000 1.000000 0.000000
vn 0.000000 1.000000 0.000000
vn 0.000000 1.000000 0.000000
vn 0.000000 1.000000 0.000000
vn 0.032636 -0.000260 0.999467
vn 0.449130 -0.000429 0.893466
vn 0.738758 -0.000715 0.673971
vn 0.940055 -0.000200 0.341023
vn 0.993871 -0.000194 -0.110547
vn 0.843847 -0.000909 -0.536583
vn 0.513762 -0.001074 -0.857932
vn 0.076406 -0.000988 -0.997076
vn -0.400968 -0.001117 -0.916092
vn -0.824074 -0.001093 -0.566481
vn -0.994516 -0.000280 -0.104586
vn -0.961277 -0.000162 0.275584
vn -0.783394 -0.000602 0.621525
vn -0.427843 -0.000470 0.903853
vn 0.347791 0.000991 -0.937571
vn 0.697791 0.000932 -0.716301
vn 0.907387 0.000518 -0.420297
vn 0.998088 0.000114 -0.061811
vn 0.909847 0.000574 0.414943
vn 0.555450 0.001063 0.831549
vn 0.037397 0.000621 0.999300
vn -0.432190 0.000165 0.901783
vn -0.739997 0.000341 0.672610
vn -0.943266 0.000414 0.332039
vn -0.997852 0.000070 -0.065506
vn -0.912236 0.000572 -0.409664
vn -0.713722 0.000557 -0.700428
vn -0.418865 0.000347 -0.908048
vn -0.057399 0.000719 -0.998351
vn -0.000298 -1.000000 -0.000383
vn 0.000730 -1.000000 0.000046
vn 0.000967 -0.999999 -0.000653
vn 0.000481 -1.000000 -0.000317
vn 0.000919 -0.999998 0.001512
vn 0.001292 -0.999998 0.001466
vn 0.000615 -1.000000 0.000505
vn -0.000538 -1.000000 0.000401
vn -0.001445 -0.999999 0.000720
vn -0.002139 -0.999997 0.000720
vn -0.001904 -0.999998 -0.000280
vn -0.002903 -0.999993 -0.002357
vn -0.003669 -0.999992 -0.001643
vn -0.000781 -1.000000 -0.000508
vn 0.000263 -1.000000 -0.000555
vn 0.403708 -0.912257 -0.069335
vn 0.375129 -0.908729 -0.183002
vn 0.202750 -0.911926 -0.356769
vn 0.029234 -0.911867 -0.409444
vn -0.094674 -0.926867 -0.363255
vn -0.228047 -0.910798 -0.344152
vn -0.327949 -0.898555 -0.291630
vn -0.381135 -0.912870 -0.146304
vn -0.403456 -0.914986 -0.004853
vn -0.398456 -0.902697 0.162391
vn -0.330637 -0.908230 0.256509
vn -0.190570 -0.918460 0.346576
vn -0.034718 -0.913230 0.405963
vn 0.162226 -0.905291 0.392596
vn 0.267057 -0.911293 0.313411
vn 0.378722 -0.920164 0.099335
vn 0.618103 0.785697 -0.025095
vn 0.619460 0.762401 0.187118
vn 0.602129 0.731386 0.320181
vn 0.470174 0.812345 0.345009
vn 0.430228 0.730562 0.530268
vn 0.214635 0.756317 0.617994
vn -0.028234 0.766097 0.642104
vn -0.210751 0.740262 0.638432
vn -0.422201 0.761092 0.492428
vn -0.531225 0.766521 0.360896
vn -0.569275 0.794511 0.211373
vn -0.648165 0.756902 0.083557
vn -0.676796 0.730449 -0.091608
vn -0.821123 0.567976 0.056208
vn -0.949762 0.312970 -0.001356
vn -0.998206 0.044276 -0.040303
vn -0.967619 -0.246481 -0.054411
vn -0.922470 -0.380900 0.062966
vn -0.818033 -0.572647 -0.053831
vn 0.998832 0.034014 0.034304
vn 0.958885 -0.281498 -0.036026
vn 0.894707 -0.440191 0.075711
vn 0.729468 -0.677594 0.093502
vn 0.752224 0.656201 0.059666
vn 0.925644 0.376987 0.032633
vn 0.821403 0.525095 0.222646
vn 0.967347 0.183664 0.174664
vn 0.866742 0.376549 0.327061
vn 0.967225 -0.200588 0.155690
vn 0.959051 0.035722 0.280971
vn 0.758715 0.505502 0.410877
vn 0.881068 0.161052 0.444726
vn 0.593281 0.623354 0.509360
vn 0.892205 -0.211184 0.399213
vn 0.878821 -0.403370 0.254886
vn 0.764942 0.360179 0.533981
vn 0.640815 0.422486 0.640985
vn 0.720557 -0.617755 0.314923
vn 0.816761 -0.204699 0.539445
vn 0.773568 0.055353 0.631292
vn 0.441266 0.604819 0.662932
vn 0.663489 0.177187 0.726902
vn 0.705213 -0.538166 0.461575
vn 0.513658 0.340304 0.787622
vn 0.668705 -0.125113 0.732926
vn 0.677913 -0.339398 0.652107
vn 0.375237 0.490656 0.786418
vn 0.342358 -0.907546 0.243208
vn 0.532484 0.032238 0.845826
vn 0.567474 -0.579551 0.584888
vn 0.242050 0.453934 0.857529
vn 0.361246 0.188587 0.913201
vn 0.118043 0.663511 0.738796
vn 0.516117 -0.323512 0.793072
vn 0.351716 -0.143545 0.925036
vn 0.040173 0.593529 0.803809
vn 0.408193 -0.613414 0.676093
vn 0.365332 -0.460263 0.809130
vn 0.103543 0.352798 0.929953
vn 0.159285 0.113529 0.980683
vn 0.200944 -0.157828 0.966805
vn -0.106100 0.537099 0.836820
vn -0.053168 0.268548 0.961798
vn 0.228591 -0.507097 0.831023
vn -0.001246 -0.234095 0.972213
vn -0.032228 0.010306 0.999427
vn -0.230487 0.528225 0.817224
vn 0.066365 -0.430673 0.900065
vn 0.104701 -0.690742 0.715481
vn -0.206309 0.221710 0.953038
vn -0.373545 0.474778 0.796900
vn -0.409466 0.629695 0.660168
vn -0.332419 0.249388 0.909562
vn -0.197214 -0.123997 0.972487
vn -0.021908 -0.643927 0.764774
vn -0.144554 -0.445765 0.883401
vn -0.348300 -0.127180 0.928715
vn -0.514340 0.388571 0.764504
vn -0.474354 0.157000 0.866221
vn -0.605773 0.574966 0.549958
vn -0.181637 -0.714736 0.675396
vn -0.506851 -0.105162 0.855595
vn -0.285177 -0.473762 0.833201
vn -0.612690 0.414243 0.673063
vn -0.617661 0.151813 0.771652
vn -0.508788 -0.406636 0.758803
vn -0.373332 -0.591207 0.714910
vn -0.781422 0.345515 0.519614
vn -0.732870 0.114735 0.670625
vn -0.634792 -0.178074 0.751883
vn -0.747783 0.548985 0.373413
vn -0.726125 -0.203463 0.656768
vn -0.854383 0.050271 0.517207
vn -0.458988 -0.703716 0.542323
vn -0.627242 -0.520439 0.579405
vn -0.793443 0.546169 0.268602
vn -0.810942 -0.257872 0.525238
vn -0.909543 0.223104 0.350652
vn -0.901610 0.396612 0.172623
vn -0.706898 -0.561792 0.429750
vn -0.904852 -0.171392 0.389702
vn -0.966652 0.037295 0.253361
vn -0.991367 0.011109 0.130646
vn -0.914517 -0.338484 0.221557
vn -0.801693 -0.508482 0.314222
vn -0.732994 -0.667601 0.130490
vn -0.582680 0.755545 -0.299393
vn -0.435339 0.763937 -0.476320
vn -0.305535 0.774484 -0.553916
vn -0.118451 0.768976 -0.628207
vn 0.109549 0.756975 -0.644195
vn 0.297396 0.716174 -0.631388
vn 0.412401 0.707769 -0.573575
vn 0.500295 0.772475 -0.391136
vn 0.606073 0.765533 -0.215950
vn -0.837601 0.529413 -0.134706
vn -0.925213 0.315673 -0.210552
vn -0.789440 0.520399 -0.325528
vn -0.978455 0.067042 -0.195271
vn -0.965207 -0.185418 -0.184379
vn -0.708794 0.522905 -0.473477
vn -0.899067 0.191932 -0.393498
vn -0.930510 -0.125179 -0.344211
vn -0.886515 -0.404104 -0.225370
vn -0.608851 0.568273 -0.553504
vn -0.819940 0.184691 -0.541837
vn -0.731786 -0.658606 -0.175292
vn -0.849737 -0.115075 -0.514495
vn -0.818760 -0.378636 -0.431587
vn -0.702384 0.271812 -0.657856
vn -0.503932 0.500134 -0.704215
vn -0.765727 -0.552755 -0.328823
vn -0.744638 -0.060814 -0.664692
vn -0.690299 -0.436456 -0.577056
vn -0.317600 0.625656 -0.712520
vn -0.580467 0.146214 -0.801049
vn -0.629462 -0.669604 -0.394218
vn -0.651768 -0.203150 -0.730704
vn -0.364521 0.361726 -0.858067
vn -0.538638 -0.193788 -0.819949
vn -0.523283 -0.548832 -0.651888
vn -0.380897 0.100526 -0.919136
vn -0.176248 0.547043 -0.818340
vn -0.389881 -0.181790 -0.902743
vn -0.402715 -0.498171 -0.767884
vn -0.030128 0.569853 -0.821194
vn -0.162939 0.258964 -0.952044
vn -0.204801 -0.045607 -0.977741
vn -0.246410 -0.362415 -0.898854
vn 0.096295 0.553623 -0.827181
vn 0.040884 0.274565 -0.960699
vn -0.037367 0.034425 -0.998708
vn -0.271029 -0.673838 -0.687377
vn -0.075618 -0.284624 -0.955652
vn 0.270312 0.547991 -0.791604
vn -0.128108 -0.626605 -0.768736
vn 0.215170 0.349467 -0.911907
vn 0.112303 -0.053198 -0.992249
vn 0.236315 0.104333 -0.966059
vn 0.001901 -0.574916 -0.818210
vn 0.102791 -0.388684 -0.915619
vn 0.429896 0.270090 -0.861534
vn 0.494976 0.391992 -0.775462
vn 0.238838 -0.321083 -0.916440
vn 0.336237 0.042666 -0.940810
vn 0.362781 -0.250033 -0.897705
vn 0.588399 0.588636 -0.554341
vn 0.211010 -0.673231 -0.708685
vn 0.499901 -0.037791 -0.865258
vn 0.612991 0.408168 -0.676492
vn 0.600822 -0.064815 -0.796751
vn 0.443786 -0.426735 -0.788005
vn 0.670967 0.141015 -0.727955
vn 0.693847 0.596611 -0.403277
vn 0.775927 0.268116 -0.571009
vn 0.418156 -0.667010 -0.616639
vn 0.733692 -0.116337 -0.669449
vn 0.583834 -0.444568 -0.679335
vn 0.820995 0.424054 -0.382290
vn 0.862232 -0.013486 -0.506334
vn 0.703749 -0.440726 -0.557224
vn 0.830261 0.500660 -0.244960
vn 0.920301 0.196864 -0.338070
vn 0.807389 -0.263519 -0.527902
vn 0.794902 0.596072 -0.113269
vn 0.503268 -0.725760 -0.469035
vn 0.951044 -0.080334 -0.298431
vn 0.846181 -0.371738 -0.381822
vn 0.648167 -0.650082 -0.396577
vn 0.952172 0.279352 -0.123820
vn 0.782612 -0.571864 -0.245947
vn 0.993964 0.016649 -0.108432
vn 0.933667 -0.314180 -0.171920
vn 0.802244 -0.592967 -0.069251
vn -0.282460 0.943039 -0.175766
vn -0.365196 0.916374 -0.163982
vn -0.527204 0.843263 -0.104710
vn -0.128461 0.948643 -0.289092
vn -0.151689 0.969249 -0.193768
vn -0.205586 0.964987 -0.162891
vn 0.096652 0.861940 -0.497713
vn -0.103084 0.851280 -0.514486
vn 0.236408 0.962009 -0.136567
vn 0.172805 0.971154 -0.164314
vn 0.138466 0.949733 -0.280774
vn 0.504297 0.858123 -0.096488
vn 0.333517 0.932520 -0.138464
vn -0.205624 0.950793 -0.231757
vn -0.441594 0.871974 -0.211317
vn -0.324686 0.897648 -0.298007
vn -0.187776 0.896887 -0.400417
vn 0.222830 0.951139 -0.213733
vn 0.260869 0.900498 -0.347923
vn 0.195651 0.876912 -0.439029
vn 0.401077 0.892557 -0.206103
vn -0.502096 0.858769 0.102053
vn 0.510027 0.854863 0.095297
vn 0.359481 0.924769 0.124807
vn 0.163185 0.952702 0.256378
vn 0.182230 0.960484 0.210389
vn 0.232860 0.961989 0.142667
vn 0.110009 0.851145 0.513274
vn 0.161466 0.918892 0.359952
vn -0.122683 0.845013 0.520483
vn -0.274200 0.947165 0.166413
vn -0.214969 0.957505 0.192285
vn -0.231555 0.945033 0.230856
vn -0.181581 0.948319 0.260228
vn -0.389291 0.903192 0.180821
vn -0.294314 0.914431 0.277840
vn -0.282901 0.823645 0.491504
vn -0.188982 0.892318 0.409945
vn 0.280794 0.935564 0.214184
vn 0.225584 0.923830 0.309273
vn 0.284586 0.870101 0.402411
vn 0.415619 0.886247 0.204516
vn 0.999998 -0.000227 -0.002135
vn 0.998989 -0.029493 -0.033936
vn 0.999079 0.029976 0.030688
vn 0.999999 0.001544 -0.000210
vn -0.002794 0.013682 -0.999902
vn 0.015155 0.004742 -0.999874
vn 0.999850 -0.000742 -0.017303
vn 0.149680 0.005094 -0.988721
vn 0.489557 0.014486 -0.871851
vn 0.794745 0.012798 -0.606808
vn 0.971611 0.009052 -0.236409
vn 0.007630 -0.003548 -0.999965
vn 0.999879 -0.007904 -0.013365
vn 0.999737 0.007024 -0.021836
vn 0.954852 -0.007924 -0.296976
vn 0.685245 -0.016102 -0.728134
vn 0.270730 -0.008185 -0.962621
vn 0.000000 1.000000 0.000000
vn 0.000000 1.000000 0.000000
vn 0.000000 1.000000 0.000000
vn 0.000000 1.000000 0.000000
vn 0.000000 1.000000 0.000000
vn 0.000000 1.000000 0.000000
vn 0.000000 1.000000 0.000000
vn 0.000000 1.000000 0.000000
vn -0.000000 1.000000 -0.000000
vn 0.000001 1.000000 -0.000002
vn -0.000002 1.000000 0.000000
vn -0.000001 1.000000 -0.000001
vn -0.000002 1.000000 -0.000001
vn -0.000000 1.000000 -0.000000
vn 0.000002 1.000000 0.000001
vn 0.000000 1.000000 0.000000
vn 0.000001 1.000000 0.000001
vn 0.000001 1.000000 -0.000002
vn 0.000000 1.000000 -0.000001
vn 0.000000 1.000000 0.000000
vn 0.109282 0.003626 0.994004
vn 0.029316 -0.021316 0.999343
vn 0.095288 -0.048604 0.994262
vn 0.984894 0.003736 0.173118
vn 0.850703 0.012055 0.525509
vn 0.495605 0.014553 0.868426
vn 0.999986 -0.003413 0.004078
vn 0.043212 -0.021364 0.998837
vn 0.319828 -0.016343 0.947335
vn 0.795685 -0.015142 0.605522
vn 0.981586 -0.005934 0.190930
vn 0.999985 -0.001929 0.005029
vn -0.021312 -0.024302 0.999477
vn -0.001868 -0.005423 0.999984
vn 0.018524 0.014377 0.999725
vn -0.001116 -0.004694 0.999988
vn -0.999948 0.005978 0.008225
vn -0.313056 0.002701 0.949731
vn -0.690879 0.007389 0.722933
vn -0.953265 0.011015 0.301933
vn 0.003434 -0.001609 0.999993
vn -0.034218 0.002236 0.999412
vn -0.999936 0.007024 0.008912
vn -0.979547 -0.005832 0.201131
vn -0.748694 -0.012058 0.662806
vn -0.266982 -0.009138 0.963658
vn -0.005494 -0.007627 0.999956
vn -0.999917 -0.002251 0.012696
vn -0.999954 0.000930 0.009494
vn -0.999955 0.000974 0.009449
vn -0.999972 0.004166 0.006236
vn -0.001267 0.002431 -0.999996
vn -0.026536 0.000829 -0.999648
vn -0.044390 0.008293 -0.998980
vn -0.013552 -0.004728 -0.999897
vn -0.029406 -0.001873 -0.999566
vn -0.975595 0.004370 -0.219536
vn -0.797296 0.004157 -0.603574
vn -0.623062 -0.002260 -0.782169
vn -0.999964 -0.002989 -0.007990
vn -0.999923 0.004117 -0.011721
vn -0.610710 -0.009421 -0.791798
vn -0.814355 -0.006281 -0.580333
vn -0.986737 -0.004821 -0.162258
vn -0.999935 -0.011008 -0.002824
vn 0.012297 0.004143 -0.999916
vn 0.042074 -0.024961 -0.998803
vn -0.018536 0.034249 -0.999241
vn 0.011479 0.004942 -0.999922
f 488//488 491//491 490//490
f 488//488 490//490 489//489
f 498//498 492//492 491//491
f 498//498 491//491 488//488
f 498//498 493//493 492//492
f 498//498 494//494 493//493
f 498//498 496//496 495//495
f 498//498 495//495 494//494
f 498//498 497//497 496//496
f 520//520 519//519 500//500
f 521//521 520//520 501//501
f 521//521 501//501 502//502
f 522//522 521//521 502//502
f 523//523 522//522 502//502
f 523//523 502//502 503//503
f 526//526 525//525 504//504
f 524//524 503//503 504//504
f 525//525 524//524 504//504
f 519//519 499//499 500//500
f 526//526 504//504 505//505
f 505//505 527//527 526//526
f 524//524 523//523 503//503
f 499//499 519//519 510//510
f 520//520 500//500 501//501
f 518//518 517//517 509//509
f 499//499 510//510 518//518
f 505//505 511//511 527//527
f 511//511 505//505 506//506
f 512//512 511//511 506//506
f 513//513 506//506 507//507
f 514//514 513//513 507//507
f 513//513 512//512 506//506
f 515//515 507//507 508//508
f 516//516 515//515 508//508
f 516//516 508//508 509//509
f 517//517 516//516 509//509
f 518//518 509//509 499//499
f 515//515 514//514 507//507
f 532//532 556//556 557//557
f 529//529 530//530 559//559
f 530//530 558//558 559//559
f 530//530 531//531 558//558
f 531//531 557//557 558//558
f 531//531 532//532 557//557
f 532//532 533//533 556//556
f 536//536 528//528 546//546
f 533//533 534//534 555//555
f 534//534 554//554 555//555
f 534//534 535//535 554//554
f 535//535 536//536 554//554
f 536//536 546//546 554//554
f 529//529 559//559 560//560
f 533//533 555//555 556//556
f 545//545 529//529 560//560
f 545//545 560//560 547//547
f 528//528 537//537 553//553
f 544//544 545//545 547//547
f 544//544 547//547 548//548
f 543//543 544//544 548//548
f 543//543 548//548 549//549
f 528//528 553//553 546//546
f 541//541 542//542 549//549
f 541//541 549//549 550//550
f 542//542 543//543 549//549
f 540//540 550//550 551//551
f 539//539 540//540 551//551
f 538//538 551//551 552//552
f 538//538 539//539 551//551
f 538//538 552//552 553//553
f 537//537 538//538 553//553
f 540//540 541//541 550//550
f 566//566 576//576 589//589
f 567//567 589//589 588//588
f 567//567 588//588 568//568
f 567//567 566//566 589//589
f 568//568 588//588 587//587
f 568//568 587//587 561//561
f 582//582 573//573 572//572
f 561//561 587//587 586//586
f 581//581 573//573 582//582
f 581//581 574//574 573//573
f 580//580 574//574 581//581
f 566//566 565//565 576//576
f 580//580 575//575 574//574
f 583//583 572//572 571//571
f 580//580 562//562 575//575
f 584//584 583//583 571//571
f 579//579 562//562 580//580
f 584//584 571//571 570//570
f 583//583 582//582 572//572
f 578//578 563//563 579//579
f 585//585 584//584 570//570
f 585//585 570//570 569//569
f 564//564 563//563 578//578
f 564//564 578//578 577//577
f 561//561 585//585 569//569
f 561//561 586//586 585//585
f 565//565 564//564 577//577
f 565//565 577//577 576//576
f 579//579 563//563 562//562
f 603//603 611//611 612//612
f 602//602 603//603 612//612
f 602//602 612//612 613//613
f 601//601 602//602 613//613
f 600//600 613//613 614//614
f 600//600 601//601 613//613
f 598//598 617//617 618//618
f 599//599 600//600 615//615
f 598//598 599//599 616//616
f 598//598 616//616 617//617
f 597//597 598//598 618//618
f 603//603 610//610 611//611
f 600//600 614//614 615//615
f 603//603 590//590 610//610
f 599//599 615//615 616//616
f 591//591 609//609 610//610
f 590//590 591//591 610//610
f 596//596 597//597 604//604
f 596//596 604//604 605//605
f 595//595 596//596 605//605
f 595//595 605//605 606//606
f 594//594 595//595 606//606
f 597//597 618//618 604//604
f 594//594 607//607 608//608
f 593//593 594//594 608//608
f 592//592 593//593 608//608
f 592//592 608//608 609//609
f 591//591 592//592 609//609
f 594//594 606//606 607//607
f 809//809 805//805 803//803
f 810//810 803//803 807//807
f 805//805 637//637 638//638
f 811//811 806//806 804//804
f 810//810 809//809 803//803
f 812//812 811//811 804//804
f 813//813 807//807 808//808
f 762//762 812//812 761//761
f 811//811 808//808 806//806
f 808//808 807//807 800//800
f 809//809 637//637 805//805
f 812//812 804//804 761//761
f 638//638 802//802 805//805
f 806//806 800//800 799//799
f 808//808 800//800 806//806
f 761//761 804//804 760//760
f 807//807 801//801 800//800
f 806//806 799//799 804//804
f 805//805 798//798 803//803
f 814//814 808//808 811//811
f 805//805 802//802 798//798
f 804//804 799//799 760//760
f 802//802 638//638 639//639
f 803//803 797//797 801//801
f 803//803 798//798 797//797
f 800//800 801//801 796//796
f 807//807 803//803 801//801
f 813//813 810//810 807//807
f 813//813 817//817 810//810
f 815//815 813//813 814//814
f 826//826 822//822 824//824
f 827//827 821//821 820//820
f 636//636 817//817 825//825
f 826//826 820//820 822//822
f 824//824 816//816 823//823
f 823//823 763//763 764//764
f 824//824 822//822 819//819
f 825//825 817//817 821//821
f 820//820 821//821 818//818
f 824//824 819//819 816//816
f 823//823 816//816 763//763
f 821//821 815//815 818//818
f 822//822 820//820 812//812
f 821//821 817//817 813//813
f 822//822 812//812 819//819
f 820//820 818//818 811//811
f 817//817 636//636 637//637
f 821//821 813//813 815//815
f 820//820 811//811 812//812
f 819//819 812//812 762//762
f 818//818 815//815 814//814
f 637//637 809//809 817//817
f 819//819 762//762 816//816
f 800//800 795//795 799//799
f 816//816 762//762 763//763
f 818//818 814//814 811//811
f 817//817 809//809 810//810
f 814//814 813//813 808//808
f 802//802 794//794 798//798
f 639//639 790//790 794//794
f 800//800 796//796 795//795
f 785//785 782//782 779//779
f 786//786 781//781 778//778
f 782//782 783//783 777//777
f 786//786 641//641 781//781
f 783//783 778//778 777//777
f 782//782 777//777 775//775
f 785//785 779//779 780//780
f 784//784 780//780 757//757
f 784//784 757//757 758//758
f 780//780 779//779 774//774
f 781//781 641//641 776//776
f 782//782 775//775 779//779
f 781//781 776//776 773//773
f 781//781 773//773 778//778
f 779//779 775//775 770//770
f 780//780 774//774 757//757
f 778//778 772//772 777//777
f 775//775 777//777 771//771
f 779//779 770//770 774//774
f 778//778 773//773 772//772
f 776//776 641//641 642//642
f 776//776 642//642 668//668
f 777//777 772//772 771//771
f 776//776 668//668 773//773
f 773//773 769//769 772//772
f 775//775 771//771 767//767
f 827//827 825//825 821//821
f 786//786 778//778 783//783
f 801//801 797//797 796//796
f 787//787 782//782 785//785
f 786//786 640//640 641//641
f 798//798 793//793 797//797
f 802//802 639//639 794//794
f 798//798 794//794 793//793
f 799//799 795//795 760//760
f 797//797 793//793 791//791
f 795//795 796//796 792//792
f 797//797 791//791 796//796
f 639//639 640//640 790//790
f 795//795 759//759 760//760
f 796//796 791//791 788//788
f 793//793 794//794 789//789
f 796//796 788//788 792//792
f 795//795 792//792 759//759
f 794//794 790//790 789//789
f 793//793 789//789 791//791
f 790//790 640//640 783//783
f 792//792 788//788 784//784
f 790//790 787//787 789//789
f 791//791 789//789 785//785
f 792//792 784//784 759//759
f 791//791 785//785 788//788
f 790//790 783//783 787//787
f 640//640 786//786 783//783
f 789//789 787//787 785//785
f 788//788 785//785 780//780
f 784//784 758//758 759//759
f 787//787 783//783 782//782
f 788//788 780//780 784//784
f 828//828 824//824 823//823
f 851//851 860//860 847//847
f 827//827 820//820 826//826
f 879//879 878//878 660//660
f 879//879 660//660 659//659
f 660//660 878//878 865//865
f 871//871 873//873 656//656
f 865//865 846//846 661//661
f 865//865 661//661 660//660
f 846//846 662//662 661//661
f 864//864 855//855 764//764
f 864//864 856//856 855//855
f 864//864 764//764 763//763
f 864//864 763//763 862//862
f 864//864 861//861 856//856
f 862//862 763//763 762//762
f 856//856 861//861 852//852
f 864//864 862//862 861//861
f 862//862 762//762 863//863
f 863//863 762//762 761//761
f 861//861 853//853 852//852
f 863//863 850//850 862//862
f 863//863 760//760 850//850
f 863//863 761//761 760//760
f 862//862 854//854 861//861
f 861//861 854//854 853//853
f 862//862 850//850 854//854
f 851//851 759//759 860//860
f 860//860 759//759 758//758
f 775//775 767//767 770//770
f 879//879 659//659 658//658
f 860//860 758//758 757//757
f 879//879 874//874 878//878
f 875//875 874//874 879//879
f 650//650 866//866 651//651
f 866//866 885//885 651//651
f 651//651 885//885 652//652
f 866//866 867//867 885//885
f 885//885 653//653 652//652
f 885//885 882//882 653//653
f 653//653 882//882 884//884
f 884//884 654//654 653//653
f 882//882 883//883 884//884
f 885//885 867//867 882//882
f 884//884 655//655 654//654
f 883//883 872//872 884//884
f 884//884 871//871 655//655
f 882//882 869//869 883//883
f 884//884 872//872 871//871
f 883//883 869//869 868//868
f 883//883 868//868 872//872
f 882//882 870//870 869//869
f 882//882 867//867 870//870
f 656//656 655//655 871//871
f 873//873 881//881 657//657
f 873//873 657//657 656//656
f 881//881 877//877 879//879
f 881//881 880//880 657//657
f 881//881 879//879 880//880
f 877//877 875//875 879//879
f 877//877 876//876 875//875
f 880//880 879//879 658//658
f 829//829 826//826 824//824
f 860//860 757//757 859//859
f 860//860 859//859 857//857
f 838//838 830//830 837//837
f 839//839 836//836 832//832
f 839//839 834//834 674//674
f 635//635 835//835 838//838
f 839//839 832//832 831//831
f 836//836 837//837 829//829
f 834//834 673//673 674//674
f 837//837 830//830 833//833
f 839//839 831//831 834//834
f 838//838 835//835 830//830
f 835//835 635//635 636//636
f 834//834 650//650 673//673
f 837//837 833//833 829//829
f 836//836 829//829 832//832
f 835//835 636//636 825//825
f 831//831 832//832 828//828
f 834//834 764//764 650//650
f 835//835 825//825 827//827
f 835//835 827//827 830//830
f 834//834 831//831 764//764
f 833//833 830//830 826//826
f 832//832 829//829 824//824
f 828//828 823//823 831//831
f 833//833 826//826 829//829
f 832//832 824//824 828//828
f 830//830 827//827 826//826
f 831//831 823//823 764//764
f 841//841 836//836 839//839
f 860//860 857//857 847//847
f 841//841 674//674 669//669
f 842//842 837//837 836//836
f 859//859 757//757 756//756
f 859//859 756//756 858//858
f 847//847 857//857 848//848
f 858//858 845//845 859//859
f 859//859 844//844 857//857
f 857//857 849//849 848//848
f 859//859 845//845 844//844
f 858//858 756//756 662//662
f 858//858 662//662 846//846
f 858//858 846//846 845//845
f 857//857 844//844 849//849
f 650//650 855//855 866//866
f 650//650 764//764 855//855
f 760//760 851//851 850//850
f 760//760 759//759 851//851
f 634//634 843//843 672//672
f 843//843 634//634 840//840
f 843//843 842//842 670//670
f 843//843 670//670 671//671
f 634//634 635//635 840//840
f 843//843 840//840 842//842
f 670//670 842//842 841//841
f 841//841 669//669 670//670
f 840//840 837//837 842//842
f 635//635 838//838 840//840
f 842//842 836//836 841//841
f 840//840 838//838 837//837
f 841//841 839//839 674//674
f 774//774 756//756 757//757
f 664//664 752//752 748//748
f 773//773 668//668 666//666
f 700//700 696//696 655//655
f 696//696 698//698 693//693
f 698//698 694//694 691//691
f 699//699 692//692 695//695
f 696//696 693//693 690//690
f 695//695 692//692 688//688
f 698//698 691//691 693//693
f 697//697 687//687 692//692
f 694//694 695//695 689//689
f 687//687 697//697 649//649
f 693//693 691//691 686//686
f 696//696 690//690 655//655
f 695//695 688//688 689//689
f 694//694 689//689 691//691
f 693//693 686//686 690//690
f 655//655 690//690 654//654
f 692//692 687//687 683//683
f 692//692 683//683 688//688
f 690//690 686//686 654//654
f 691//691 689//689 686//686
f 649//649 672//672 687//687
f 686//686 682//682 654//654
f 688//688 681//681 689//689
f 689//689 685//685 686//686
f 687//687 684//684 683//683
f 689//689 681//681 685//685
f 688//688 683//683 681//681
f 774//774 770//770 756//756
f 687//687 672//672 684//684
f 701//701 698//698 696//696
f 703//703 695//695 694//694
f 713//713 706//706 707//707
f 657//657 711//711 656//656
f 712//712 709//709 708//708
f 711//711 712//712 705//705
f 713//713 704//704 710//710
f 713//713 707//707 704//704
f 712//712 708//708 705//705
f 711//711 705//705 656//656
f 647//647 648//648 706//706
f 707//707 703//703 704//704
f 710//710 704//704 701//701
f 710//710 701//701 709//709
f 705//705 708//708 702//702
f 708//708 709//709 700//700
f 648//648 699//699 706//706
f 707//707 706//706 703//703
f 709//709 701//701 700//700
f 708//708 700//700 702//702
f 703//703 698//698 704//704
f 706//706 699//699 703//703
f 705//705 702//702 655//655
f 705//705 655//655 656//656
f 704//704 698//698 701//701
f 703//703 699//699 695//695
f 701//701 696//696 700//700
f 648//648 697//697 699//699
f 702//702 700//700 655//655
f 703//703 694//694 698//698
f 714//714 710//710 709//709
f 686//686 685//685 682//682
f 654//654 682//682 653//653
f 641//641 630//630 629//629
f 641//641 629//629 642//642
f 638//638 633//633 632//632
f 638//638 637//637 633//633
f 637//637 619//619 633//633
f 642//642 629//629 643//643
f 643//643 629//629 628//628
f 637//637 636//636 619//619
f 643//643 627//627 644//644
f 643//643 628//628 627//627
f 636//636 620//620 619//619
f 620//620 636//636 635//635
f 627//627 645//645 644//644
f 627//627 626//626 645//645
f 620//620 635//635 621//621
f 621//621 635//635 634//634
f 626//626 646//646 645//645
f 621//621 634//634 622//622
f 626//626 625//625 646//646
f 622//622 634//634 649//649
f 622//622 649//649 623//623
f 625//625 647//647 646//646
f 625//625 624//624 647//647
f 623//623 649//649 697//697
f 624//624 648//648 647//647
f 623//623 648//648 624//624
f 623//623 697//697 648//648
f 639//639 638//638 632//632
f 672//672 671//671 684//684
f 640//640 630//630 641//641
f 640//640 631//631 630//630
f 684//684 678//678 683//683
f 685//685 681//681 680//680
f 683//683 678//678 679//679
f 685//685 680//680 682//682
f 684//684 671//671 678//678
f 683//683 679//679 681//681
f 682//682 680//680 652//652
f 681//681 677//677 680//680
f 672//672 843//843 671//671
f 682//682 652//652 653//653
f 681//681 679//679 677//677
f 680//680 677//677 675//675
f 679//679 678//678 676//676
f 679//679 676//676 677//677
f 680//680 675//675 652//652
f 671//671 670//670 678//678
f 678//678 669//669 676//676
f 677//677 676//676 675//675
f 652//652 675//675 651//651
f 678//678 670//670 669//669
f 676//676 669//669 674//674
f 676//676 674//674 675//675
f 675//675 673//673 651//651
f 675//675 674//674 673//673
f 651//651 673//673 650//650
f 649//649 634//634 672//672
f 640//640 639//639 631//631
f 639//639 632//632 631//631
f 715//715 709//709 712//712
f 699//699 697//697 692//692
f 713//713 647//647 706//706
f 754//754 749//749 746//746
f 754//754 746//746 750//750
f 664//664 748//748 663//663
f 753//753 750//750 751//751
f 752//752 751//751 748//748
f 644//644 744//744 749//749
f 751//751 750//750 747//747
f 751//751 747//747 748//748
f 663//663 661//661 662//662
f 644//644 743//743 744//744
f 748//748 745//745 663//663
f 750//750 742//742 747//747
f 643//643 644//644 749//749
f 748//748 747//747 745//745
f 749//749 744//744 746//746
f 663//663 745//745 661//661
f 747//747 742//742 737//737
f 746//746 744//744 741//741
f 661//661 745//745 660//660
f 743//743 644//644 645//645
f 747//747 737//737 745//745
f 744//744 743//743 735//735
f 745//745 737//737 740//740
f 746//746 738//738 742//742
f 746//746 741//741 738//738
f 743//743 736//736 735//735
f 750//750 746//746 742//742
f 716//716 711//711 657//657
f 752//752 664//664 665//665
f 643//643 749//749 754//754
f 772//772 769//769 768//768
f 773//773 666//666 769//769
f 772//772 768//768 771//771
f 770//770 767//767 756//756
f 668//668 667//667 666//666
f 771//771 766//766 767//767
f 771//771 768//768 766//766
f 769//769 665//665 768//768
f 769//769 666//666 665//665
f 768//768 665//665 766//766
f 767//767 766//766 765//765
f 766//766 665//665 664//664
f 767//767 765//765 662//662
f 767//767 662//662 756//756
f 766//766 664//664 765//765
f 664//664 663//663 765//765
f 765//765 663//663 662//662
f 642//642 643//643 755//755
f 755//755 668//668 642//642
f 755//755 667//667 668//668
f 667//667 755//755 753//753
f 755//755 754//754 753//753
f 667//667 752//752 666//666
f 667//667 753//753 752//752
f 752//752 665//665 666//666
f 755//755 643//643 754//754
f 752//752 753//753 751//751
f 745//745 740//740 660//660
f 743//743 645//645 736//736
f 754//754 750//750 753//753
f 744//744 735//735 739//739
f 728//728 726//726 722//722
f 728//728 722//722 720//720
f 727//727 720//720 721//721
f 724//724 646//646 718//718
f 726//726 723//723 719//719
f 725//725 724//724 717//717
f 725//725 714//714 723//723
f 726//726 719//719 722//722
f 725//725 717//717 714//714
f 724//724 718//718 717//717
f 720//720 722//722 716//716
f 721//721 880//880 658//658
f 723//723 714//714 715//715
f 727//727 728//728 720//720
f 720//720 657//657 721//721
f 723//723 715//715 719//719
f 722//722 719//719 716//716
f 718//718 713//713 717//717
f 721//721 657//657 880//880
f 720//720 716//716 657//657
f 719//719 715//715 712//712
f 719//719 712//712 711//711
f 718//718 647//647 713//713
f 719//719 711//711 716//716
f 717//717 710//710 714//714
f 715//715 714//714 709//709
f 717//717 713//713 710//710
f 744//744 739//739 741//741
f 718//718 646//646 647//647
f 729//729 721//721 658//658
f 726//726 725//725 723//723
f 730//730 724//724 725//725
f 740//740 659//659 660//660
f 742//742 738//738 737//737
f 740//740 737//737 729//729
f 741//741 739//739 738//738
f 738//738 739//739 734//734
f 740//740 729//729 659//659
f 645//645 730//730 736//736
f 645//645 646//646 730//730
f 737//737 738//738 733//733
f 739//739 735//735 731//731
f 739//739 731//731 734//734
f 738//738 734//734 733//733
f 737//737 733//733 729//729
f 736//736 730//730 732//732
f 736//736 732//732 735//735
f 731//731 728//728 734//734
f 731//731 726//726 728//728
f 732//732 725//725 726//726
f 733//733 721//721 729//729
f 733//733 727//727 721//721
f 735//735 732//732 726//726
f 730//730 725//725 732//732
f 646//646 724//724 730//730
f 734//734 728//728 727//727
f 729//729 658//658 659//659
f 735//735 726//726 731//731
f 734//734 727//727 733//733
f 889//889 886//886 887//887
f 888//888 886//886 889//889
f 901//901 894//894 895//895
f 900//900 898//898 892//892
f 901//901 902//902 894//894
f 902//902 893//893 894//894
f 900//900 892//892 899//899
f 900//900 896//896 898//898
f 902//902 897//897 893//893
f 900//900 895//895 896//896
f 900//900 901//901 895//895
f 891//891 890//890 897//897
f 891//891 897//897 902//902
f 905//905 903//903 904//904
f 907//907 909//909 908//908
f 922//922 905//905 904//904
f 910//910 909//909 907//907
f 918//918 917//917 919//919
f 919//919 917//917 920//920
f 914//914 912//912 915//915
f 911//911 907//907 906//906
f 917//917 916//916 920//920
f 916//916 911//911 906//906
f 916//916 906//906 921//921
f 921//921 906//906 905//905
f 915//915 911//911 916//916
f 921//921 905//905 922//922
f 911//911 910//910 907//907
f 916//916 921//921 920//920
f 914//914 913//913 912//912
f 915//915 912//912 911//911
f 931//931 928//928 923//923
f 932//932 927//927 928//928
f 934//934 929//929 933//933
f 932//932 933//933 927//927
f 933//933 926//926 927//927
f 931//931 924//924 930//930
f 931//931 923//923 924//924
f 930//930 924//924 925//925
f 931//931 932//932 928//928
f 933//933 929//929 926//926
f 938//938 936//936 937//937
f 938//938 935//935 936//936
f 949//949 944//944 948//948
f 948//948 944//944 940//940
f 946//946 942//942 939//939
f 946//946 939//939 945//945
f 948//948 940//940 941//941
f 947//947 948//948 941//941
f 947//947 941//941 942//942
f 946//946 947//947 942//942
f 949//949 943//943 944//944
f 952//952 951//951 950//950
f 953//953 951//951 952//952
f 958//958 955//955 957//957
f 958//958 956//956 955//955
f 957//957 955//955 954//954
f 966//966 962//962 963//963
f 965//965 960//960 961//961
f 967//967 962//962 966//966
f 965//965 959//959 960//960
f 965//965 966//966 959//959
f 964//964 965//965 961//961
f 966//966 963//963 959//959
f 971//971 968//968 970//970
f 971//971 969//969 968//968
v 0.0076924 -0.0105001 0.0465000
v 0.0078116 -0.0105001 0.0468995
v 0.0080804 -0.0105000 0.0471272
v 0.0084000 -0.0105001 0.0472091
v 0.0088194 -0.0105002 0.0470772
v 0.0090765 -0.0105000 0.0467116
v 0.0090973 -0.0104999 0.0464197
v 0.0089772 -0.0105002 0.0460806
v 0.0086191 -0.0105000 0.0458256
v 0.0082019 -0.0105001 0.0458170
v 0.0078227 -0.0105001 0.0460806
v 0.0076924 -0.0105001 0.0465000
v 0.0078116 -0.0105001 0.0468995
v 0.0080804 -0.0105000 0.0471272
v 0.0084000 -0.0105001 0.0472091
v 0.0088194 -0.0105002 0.0470772
v 0.0090765 -0.0105000 0.0467116
v 0.0090973 -0.0104999 0.0464197
v 0.0089772 -0.0105002 0.0460806
v 0.0086191 -0.0105000 0.0458256
v 0.0082019 -0.0105001 0.0458170
v 0.0078227 -0.0105001 0.0460806
v 0.0075477 -0.0103496 0.0465394
v 0.0092290 -0.0103488 0.0462905
v 0.0091153 -0.0103505 0.0460358
v 0.0089058 -0.0103513 0.0458106
v 0.0086228 -0.0103494 0.0456758
v 0.0083329 -0.0103496 0.0456482
v 0.0079940 -0.0103501 0.0457448
v 0.0077106 -0.0103513 0.0459942
v 0.0075790 -0.0103484 0.0462657
v 0.0076106 -0.0103496 0.0468270
v 0.0077949 -0.0103506 0.0471051
v 0.0080730 -0.0103496 0.0472894
v 0.0083332 -0.0103503 0.0473494
v 0.0085808 -0.0103500 0.0473338
v 0.0088464 -0.0103496 0.0472285
v 0.0090479 -0.0103503 0.0470533
v 0.0091808 -0.0103500 0.0468438
v 0.0092484 -0.0103508 0.0465901
v 0.0075477 -0.0103496 0.0465394
v 0.0092290 -0.0103488 0.0462905
v 0.0091153 -0.0103505 0.0460358
v 0.0089058 -0.0103513 0.0458106
v 0.0086228 -0.0103494 0.0456758
v 0.0083329 -0.0103496 0.0456482
v 0.0079940 -0.0103501 0.0457448
v 0.0077106 -0.0103513 0.0459942
v 0.0075790 -0.0103484 0.0462657
v 0.0076106 -0.0103496 0.0468270
v 0.0077949 -0.0103506 0.0471051
v 0.0080730 -0.0103496 0.0472894
v 0.0083332 -0.0103503 0.0473494
v 0.0085808 -0.0103500 0.0473338
v 0.0088464 -0.0103496 0.0472285
v 0.0090479 -0.0103503 0.0470533
v 0.0091808 -0.0103500 0.0468438
v 0.0092484 -0.0103508 0.0465901
v 0.0075512 -0.0065000 0.0463656
v 0.0092225 -0.0065000 0.0467428
v 0.0090696 -0.0065000 0.0470279
v 0.0088281 -0.0065000 0.0472430
v 0.0084672 -0.0065000 0.0473532
v 0.0080934 -0.0065000 0.0473009
v 0.0077958 -0.0065000 0.0471042
v 0.0075946 -0.0065000 0.0467971
v 0.0077259 -0.0065000 0.0459686
v 0.0080413 -0.0065000 0.0457220
v 0.0084000 -0.0065000 0.0456441
v 0.0087685 -0.0065000 0.0457257
v 0.0090262 -0.0065000 0.0459212
v 0.0091708 -0.0065000 0.0461342
v 0.0092479 -0.0065000 0.0463997
v 0.0075512 -0.0065000 0.0463656
v 0.0092225 -0.0065000 0.0467428
v 0.0090696 -0.0065000 0.0470279
v 0.0088281 -0.0065000 0.0472430
v 0.0084672 -0.0065000 0.0473532
v 0.0080934 -0.0065000 0.0473009
v 0.0077958 -0.0065000 0.0471042
v 0.0075946 -0.0065000 0.0467971
v 0.0077259 -0.0065000 0.0459686
v 0.0080413 -0.0065000 0.0457220
v 0.0084000 -0.0065000 0.0456441
v 0.0087685 -0.0065000 0.0457257
v 0.0090262 -0.0065000 0.0459212
v 0.0091708 -0.0065000 0.0461342
v 0.0092479 -0.0065000 0.0463997
v 0.0084278 -0.0065000 0.0472064
v 0.0087271 -0.0065000 0.0471237
v 0.0089157 -0.0065000 0.0469766
v 0.0090512 -0.0065000 0.0467697
v 0.0091037 -0.0065000 0.0465000
v 0.0090321 -0.0065000 0.0461779
v 0.0087627 -0.0065000 0.0458913
v 0.0084553 -0.0065000 0.0457985
v 0.0081285 -0.0065000 0.0458446
v 0.0078844 -0.0065000 0.0460234
v 0.0077488 -0.0065000 0.0462303
v 0.0076946 -0.0065000 0.0465835
v 0.0078401 -0.0065000 0.0469304
v 0.0080965 -0.0065000 0.0471377
v 0.0084278 -0.0065000 0.0472064
v 0.0087271 -0.0065000 0.0471237
v 0.0089157 -0.0065000 0.0469766
v 0.0090512 -0.0065000 0.0467697
v 0.0091037 -0.0065000 0.0465000
v 0.0090321 -0.0065000 0.0461779
v 0.0087627 -0.0065000 0.0458913
v 0.0084553 -0.0065000 0.0457985
v 0.0081285 -0.0065000 0.0458446
v 0.0078844 -0.0065000 0.0460234
v 0.0077488 -0.0065000 0.0462303
v 0.0076946 -0.0065000 0.0465835
v 0.0078401 -0.0065000 0.0469304
v 0.0080965 -0.0065000 0.0471377
v 0.0084088 0.0100000 0.0457915
v 0.0086940 0.0100000 0.0458623
v 0.0089394 0.0100000 0.0460393
v 0.0090867 0.0100000 0.0463437
v 0.0090942 0.0100000 0.0466184
v 0.0090000 0.0100000 0.0468677
v 0.0087927 0.0100000 0.0470878
v 0.0084190 0.0100000 0.0472110
v 0.0080805 0.0100000 0.0471270
v 0.0078837 0.0100000 0.0469773
v 0.0077462 0.0100000 0.0467618
v 0.0076946 0.0100000 0.0464165
v 0.0078555 0.0100000 0.0460466
v 0.0081056 0.0100000 0.0458615
v 0.0084088 0.0100000 0.0457915
v 0.0086940 0.0100000 0.0458623
v 0.0089394 0.0100000 0.0460393
v 0.0090867 0.0100000 0.0463437
v 0.0090942 0.0100000 0.0466184
v 0.0090000 0.0100000 0.0468677
v 0.0087927 0.0100000 0.0470878
v 0.0084190 0.0100000 0.0472110
v 0.0080805 0.0100000 0.0471270
v 0.0078837 0.0100000 0.0469773
v 0.0077462 0.0100000 0.0467618
v 0.0076946 0.0100000 0.0464165
v 0.0078555 0.0100000 0.0460466
v 0.0081056 0.0100000 0.0458615
v 0.0096548 0.0100007 0.0462752
v 0.0094798 0.0100017 0.0458122
v 0.0090654 0.0099998 0.0454045
v 0.0084778 0.0100005 0.0452256
v 0.0080609 0.0100001 0.0452753
v 0.0076558 0.0100004 0.0454637
v 0.0073617 0.0100001 0.0457655
v 0.0071602 0.0100002 0.0462034
v 0.0071214 0.0100013 0.0465316
v 0.0073947 0.0100010 0.0472898
v 0.0077744 0.0100005 0.0476113
v 0.0082942 0.0100000 0.0477777
v 0.0089145 0.0100010 0.0476721
v 0.0092350 0.0100013 0.0474658
v 0.0096509 0.0099999 0.0467579
v 0.0096808 0.0108926 0.0464604
v 0.0095847 0.0108829 0.0470223
v 0.0093899 0.0108331 0.0474230
v 0.0091963 0.0108833 0.0475186
v 0.0088123 0.0108774 0.0477374
v 0.0083464 0.0108815 0.0477960
v 0.0080112 0.0108650 0.0477562
v 0.0075766 0.0108741 0.0475139
v 0.0073146 0.0108739 0.0472284
v 0.0072043 0.0109036 0.0469281
v 0.0071068 0.0108733 0.0466588
v 0.0070841 0.0108654 0.0464338
v 0.0069958 0.0107614 0.0465945
v 0.0069171 0.0106026 0.0464984
v 0.0068944 0.0104582 0.0465690
v 0.0069387 0.0102302 0.0465307
v 0.0099019 0.0104666 0.0465590
v 0.0098720 0.0102612 0.0464984
v 0.0097666 0.0100855 0.0465537
v 0.0097348 0.0108422 0.0466516
v 0.0098617 0.0106602 0.0465574
v 0.0097700 0.0107463 0.0468771
v 0.0098546 0.0105591 0.0468483
v 0.0098734 0.0103823 0.0467945
v 0.0095791 0.0108033 0.0472090
v 0.0097413 0.0106316 0.0471096
v 0.0098319 0.0102346 0.0467864
v 0.0095972 0.0107032 0.0473007
v 0.0097619 0.0104671 0.0471348
v 0.0097856 0.0102757 0.0470105
v 0.0097248 0.0100932 0.0468770
v 0.0096407 0.0105587 0.0473294
v 0.0094899 0.0106319 0.0474908
v 0.0097014 0.0102768 0.0471967
v 0.0096468 0.0103834 0.0473329
v 0.0096357 0.0100588 0.0470208
v 0.0091814 0.0107826 0.0476521
v 0.0092607 0.0106772 0.0476743
v 0.0095040 0.0104490 0.0475207
v 0.0095634 0.0101281 0.0472843
v 0.0093443 0.0105343 0.0476613
v 0.0095189 0.0102713 0.0474628
v 0.0090089 0.0107242 0.0477975
v 0.0094431 0.0100020 0.0472409
v 0.0093943 0.0103130 0.0476065
v 0.0092090 0.0104623 0.0477705
v 0.0093217 0.0101332 0.0475606
v 0.0087942 0.0107061 0.0478852
v 0.0089486 0.0105528 0.0478901
v 0.0086566 0.0107993 0.0478536
v 0.0091812 0.0102646 0.0477481
v 0.0089469 0.0103764 0.0478981
v 0.0084531 0.0107788 0.0478947
v 0.0090308 0.0101527 0.0477717
v 0.0085679 0.0106395 0.0479591
v 0.0086339 0.0105155 0.0479823
v 0.0086943 0.0103660 0.0479681
v 0.0082317 0.0107424 0.0479105
v 0.0083003 0.0105972 0.0479806
v 0.0087437 0.0101602 0.0478829
v 0.0083934 0.0103167 0.0479890
v 0.0083410 0.0104493 0.0480012
v 0.0080115 0.0107432 0.0478631
v 0.0085084 0.0102105 0.0479453
v 0.0085984 0.0100873 0.0478560
v 0.0077741 0.0108800 0.0476430
v 0.0080914 0.0105756 0.0479578
v 0.0077836 0.0107135 0.0477977
v 0.0078952 0.0105936 0.0478949
v 0.0081077 0.0103834 0.0479706
v 0.0083520 0.0100716 0.0478526
v 0.0081649 0.0101985 0.0479256
v 0.0078759 0.0103851 0.0479083
v 0.0075975 0.0107003 0.0477009
v 0.0076628 0.0105258 0.0478034
v 0.0073637 0.0107655 0.0474518
v 0.0080732 0.0100618 0.0478037
v 0.0076204 0.0103969 0.0477846
v 0.0079520 0.0101749 0.0478593
v 0.0074153 0.0106838 0.0475653
v 0.0074741 0.0105369 0.0476741
v 0.0075858 0.0102252 0.0477121
v 0.0077339 0.0101189 0.0477281
v 0.0071739 0.0106402 0.0473164
v 0.0073010 0.0105130 0.0475206
v 0.0074581 0.0103497 0.0476612
v 0.0071482 0.0107614 0.0471441
v 0.0073022 0.0103376 0.0475101
v 0.0071111 0.0104754 0.0472753
v 0.0075250 0.0100641 0.0475233
v 0.0073578 0.0101562 0.0474653
v 0.0070563 0.0107501 0.0469483
v 0.0071419 0.0103083 0.0472945
v 0.0070006 0.0105710 0.0470130
v 0.0069750 0.0106797 0.0467834
v 0.0071999 0.0101423 0.0472423
v 0.0070301 0.0103533 0.0470993
v 0.0069170 0.0105068 0.0467407
v 0.0069495 0.0103421 0.0468655
v 0.0070578 0.0101738 0.0469916
v 0.0072328 0.0100024 0.0470268
v 0.0070080 0.0101360 0.0467135
v 0.0070915 0.0100639 0.0468178
v 0.0071043 0.0108365 0.0461191
v 0.0073103 0.0108803 0.0457994
v 0.0075191 0.0108754 0.0455378
v 0.0078043 0.0108787 0.0453473
v 0.0081616 0.0108806 0.0452248
v 0.0086216 0.0108768 0.0452140
v 0.0089588 0.0108483 0.0452883
v 0.0091832 0.0108395 0.0454054
v 0.0094339 0.0108738 0.0457019
v 0.0096220 0.0108811 0.0460668
v 0.0069797 0.0107229 0.0463337
v 0.0069521 0.0106159 0.0462008
v 0.0071517 0.0108149 0.0459440
v 0.0069193 0.0103884 0.0462416
v 0.0070514 0.0106729 0.0459492
v 0.0069590 0.0102148 0.0463302
v 0.0070220 0.0105525 0.0459198
v 0.0072196 0.0107424 0.0457097
v 0.0069932 0.0103834 0.0459812
v 0.0070324 0.0101095 0.0462713
v 0.0070514 0.0101753 0.0460114
v 0.0073663 0.0107602 0.0455445
v 0.0071599 0.0105862 0.0456835
v 0.0070892 0.0104280 0.0457661
v 0.0071007 0.0102671 0.0458038
v 0.0073140 0.0105991 0.0454909
v 0.0072075 0.0104441 0.0455831
v 0.0075572 0.0107232 0.0453396
v 0.0071850 0.0100536 0.0459407
v 0.0073483 0.0105309 0.0454296
v 0.0072874 0.0102153 0.0455619
v 0.0078382 0.0107970 0.0452365
v 0.0073123 0.0101011 0.0456430
v 0.0073891 0.0103421 0.0454014
v 0.0075641 0.0105174 0.0452555
v 0.0078288 0.0106501 0.0451484
v 0.0075738 0.0103423 0.0452568
v 0.0075146 0.0101436 0.0453981
v 0.0078295 0.0105077 0.0451109
v 0.0081158 0.0107593 0.0451186
v 0.0078163 0.0103475 0.0451232
v 0.0077515 0.0101715 0.0452233
v 0.0083454 0.0107636 0.0450937
v 0.0081563 0.0105880 0.0450339
v 0.0081103 0.0104249 0.0450256
v 0.0080050 0.0102532 0.0450871
v 0.0085666 0.0107602 0.0451026
v 0.0084620 0.0105991 0.0450189
v 0.0083389 0.0104700 0.0449992
v 0.0078990 0.0100752 0.0452362
v 0.0082868 0.0102939 0.0450209
v 0.0088412 0.0107573 0.0451611
v 0.0081695 0.0100990 0.0451392
v 0.0087320 0.0106363 0.0450666
v 0.0085673 0.0104205 0.0450071
v 0.0087500 0.0105252 0.0450428
v 0.0084033 0.0101331 0.0450937
v 0.0085635 0.0102344 0.0450480
v 0.0090708 0.0106001 0.0451765
v 0.0091724 0.0106691 0.0452611
v 0.0087637 0.0102663 0.0450696
v 0.0089198 0.0104713 0.0450908
v 0.0089615 0.0103131 0.0451228
v 0.0094056 0.0107754 0.0455284
v 0.0087762 0.0100829 0.0451856
v 0.0091343 0.0104273 0.0451887
v 0.0093855 0.0106838 0.0454350
v 0.0093215 0.0104146 0.0453109
v 0.0091190 0.0102124 0.0452362
v 0.0094179 0.0105152 0.0453991
v 0.0096100 0.0107842 0.0458069
v 0.0095631 0.0105731 0.0455684
v 0.0091511 0.0100638 0.0453800
v 0.0096480 0.0106620 0.0457395
v 0.0095048 0.0103857 0.0454865
v 0.0093420 0.0101930 0.0454070
v 0.0097077 0.0105198 0.0457677
v 0.0096416 0.0103728 0.0456628
v 0.0094826 0.0102267 0.0455239
v 0.0097488 0.0107353 0.0460405
v 0.0097830 0.0107772 0.0463012
v 0.0093871 0.0100700 0.0455759
v 0.0098229 0.0105421 0.0460310
v 0.0095960 0.0102034 0.0456868
v 0.0098189 0.0106234 0.0460953
v 0.0097779 0.0103555 0.0459153
v 0.0098684 0.0106074 0.0463160
v 0.0097177 0.0102148 0.0458941
v 0.0096365 0.0100758 0.0459312
v 0.0098663 0.0103581 0.0462015
v 0.0098959 0.0104547 0.0463480
v 0.0097787 0.0101762 0.0461053
v 0.0097982 0.0101374 0.0463310
v 0.0078112 0.0112166 0.0463238
v 0.0075653 0.0111318 0.0463234
v 0.0073025 0.0110029 0.0463360
v 0.0082243 0.0112222 0.0459386
v 0.0081704 0.0112541 0.0461122
v 0.0079996 0.0112542 0.0462833
v 0.0085762 0.0110126 0.0454147
v 0.0082249 0.0110091 0.0454071
v 0.0088793 0.0112390 0.0463086
v 0.0087090 0.0112605 0.0462149
v 0.0085817 0.0112380 0.0460000
v 0.0094887 0.0110049 0.0463251
v 0.0091388 0.0111702 0.0463266
v 0.0079742 0.0112009 0.0459998
v 0.0074242 0.0110230 0.0460467
v 0.0076962 0.0110842 0.0458412
v 0.0079760 0.0110766 0.0456187
v 0.0088820 0.0112009 0.0460449
v 0.0089833 0.0110891 0.0457392
v 0.0088496 0.0110212 0.0455216
v 0.0092797 0.0110771 0.0460702
v 0.0073134 0.0110050 0.0466758
v 0.0094931 0.0110032 0.0466755
v 0.0092040 0.0111437 0.0466762
v 0.0085797 0.0112295 0.0470287
v 0.0086479 0.0112594 0.0468579
v 0.0088529 0.0112461 0.0466926
v 0.0085719 0.0110037 0.0475999
v 0.0085768 0.0111547 0.0472783
v 0.0082237 0.0110088 0.0475851
v 0.0078314 0.0112206 0.0466749
v 0.0080029 0.0112533 0.0467251
v 0.0081223 0.0112588 0.0468224
v 0.0082136 0.0112388 0.0469860
v 0.0075367 0.0111198 0.0466768
v 0.0076356 0.0110561 0.0471633
v 0.0079111 0.0111802 0.0470545
v 0.0082226 0.0110912 0.0474432
v 0.0090151 0.0111672 0.0469601
v 0.0089136 0.0110905 0.0473051
v 0.0093110 0.0110627 0.0469171
v 0.0092445 0.0110008 0.0472303
v 0.0073025 0.0110029 0.0463360
v 0.0073134 0.0110050 0.0466758
v 0.0073134 0.0106500 0.0463240
v 0.0073027 0.0106500 0.0466710
v 0.0073134 0.0110050 0.0466758
v 0.0073027 0.0106500 0.0466710
v 0.0082237 0.0110088 0.0475851
v 0.0078314 0.0112206 0.0466749
v 0.0080029 0.0112533 0.0467251
v 0.0081223 0.0112588 0.0468224
v 0.0082136 0.0112388 0.0469860
v 0.0075367 0.0111198 0.0466768
v 0.0082226 0.0110912 0.0474432
v 0.0082264 0.0106500 0.0475942
v 0.0082128 0.0106500 0.0469707
v 0.0080898 0.0106500 0.0467887
v 0.0079144 0.0106500 0.0466846
v 0.0073134 0.0106500 0.0463240
v 0.0073027 0.0106500 0.0466710
v 0.0079323 0.0106500 0.0463126
v 0.0081471 0.0106500 0.0461511
v 0.0082213 0.0106500 0.0459675
v 0.0082241 0.0106500 0.0454123
v 0.0085736 0.0106500 0.0454058
v 0.0085786 0.0106500 0.0459666
v 0.0086726 0.0106500 0.0461821
v 0.0089031 0.0106500 0.0463182
v 0.0094871 0.0106500 0.0463241
v 0.0094957 0.0106500 0.0466722
v 0.0088694 0.0106500 0.0466869
v 0.0086405 0.0106500 0.0468635
v 0.0085774 0.0106500 0.0470508
v 0.0085759 0.0106500 0.0475877
v 0.0082264 0.0106500 0.0475942
v 0.0082128 0.0106500 0.0469707
v 0.0080898 0.0106500 0.0467887
v 0.0079144 0.0106500 0.0466846
v 0.0078112 0.0112166 0.0463238
v 0.0075653 0.0111318 0.0463234
v 0.0073025 0.0110029 0.0463360
v 0.0082243 0.0112222 0.0459386
v 0.0081704 0.0112541 0.0461122
v 0.0079996 0.0112542 0.0462833
v 0.0082249 0.0110091 0.0454071
v 0.0073134 0.0106500 0.0463240
v 0.0079323 0.0106500 0.0463126
v 0.0081471 0.0106500 0.0461511
v 0.0082213 0.0106500 0.0459675
v 0.0082241 0.0106500 0.0454123
v 0.0085762 0.0110126 0.0454147
v 0.0082249 0.0110091 0.0454071
v 0.0082241 0.0106500 0.0454123
v 0.0085736 0.0106500 0.0454058
v 0.0085762 0.0110126 0.0454147
v 0.0088793 0.0112390 0.0463086
v 0.0087090 0.0112605 0.0462149
v 0.0085817 0.0112380 0.0460000
v 0.0094887 0.0110049 0.0463251
v 0.0091388 0.0111702 0.0463266
v 0.0085736 0.0106500 0.0454058
v 0.0085786 0.0106500 0.0459666
v 0.0086726 0.0106500 0.0461821
v 0.0089031 0.0106500 0.0463182
v 0.0094871 0.0106500 0.0463241
v 0.0094887 0.0110049 0.0463251
v 0.0094931 0.0110032 0.0466755
v 0.0094871 0.0106500 0.0463241
v 0.0094957 0.0106500 0.0466722
v 0.0094931 0.0110032 0.0466755
v 0.0092040 0.0111437 0.0466762
v 0.0088529 0.0112461 0.0466926
v 0.0094957 0.0106500 0.0466722
v 0.0088694 0.0106500 0.0466869
v 0.0085797 0.0112295 0.0470287
v 0.0086479 0.0112594 0.0468579
v 0.0088529 0.0112461 0.0466926
v 0.0085719 0.0110037 0.0475999
v 0.0085768 0.0111547 0.0472783
v 0.0088694 0.0106500 0.0466869
v 0.0086405 0.0106500 0.0468635
v 0.0085774 0.0106500 0.0470508
v 0.0085759 0.0106500 0.0475877
v 0.0085719 0.0110037 0.0475999
v 0.0082237 0.0110088 0.0475851
v 0.0085759 0.0106500 0.0475877
v 0.0082264 0.0106500 0.0475942
vn 0.000048 -1.000000 -0.000013
vn 0.000319 -1.000000 -0.000118
vn -0.000109 -1.000000 0.000146
vn -0.000176 -1.000000 0.000108
vn -0.000013 -1.000000 -0.000095
vn 0.000152 -1.000000 -0.000267
vn 0.000072 -1.000000 0.000047
vn -0.000086 -1.000000 0.000407
vn -0.000067 -1.000000 -0.000259
vn 0.000066 -1.000000 0.000155
vn 0.000005 -1.000000 -0.000003
vn -0.683473 -0.729976 0.000178
vn -0.580022 -0.719316 0.382308
vn -0.316671 -0.720647 0.616756
vn 0.005356 -0.724869 0.688866
vn 0.404035 -0.726665 0.555620
vn 0.651437 -0.725491 0.222020
vn 0.684469 -0.723857 -0.086793
vn 0.559644 -0.720021 -0.410327
vn 0.210972 -0.727538 -0.652824
vn -0.193234 -0.723348 -0.662894
vn -0.554240 -0.724919 -0.409036
vn -0.714139 -0.698564 0.044870
vn 0.677266 -0.714206 -0.176692
vn 0.616435 -0.684881 -0.388517
vn 0.403113 -0.725563 -0.557725
vn 0.177641 -0.696256 -0.695465
vn -0.040781 -0.715362 -0.697563
vn -0.345862 -0.721340 -0.600040
vn -0.578019 -0.689247 -0.436844
vn -0.660844 -0.725349 -0.192754
vn -0.650558 -0.716843 0.250820
vn -0.491302 -0.706194 0.509817
vn -0.265614 -0.709710 0.652504
vn -0.074626 -0.699543 0.710683
vn 0.166223 -0.724743 0.668669
vn 0.358791 -0.692984 0.625333
vn 0.535504 -0.726949 0.429861
vn 0.636081 -0.709553 0.303208
vn 0.707674 -0.703667 0.063637
vn -0.998668 -0.003051 0.051508
vn 0.970751 -0.002803 -0.240074
vn 0.833783 -0.002953 -0.552084
vn 0.592070 -0.003799 -0.805877
vn 0.266046 -0.003451 -0.963954
vn -0.091453 -0.002407 -0.995807
vn -0.479316 -0.002229 -0.877639
vn -0.796305 -0.000863 -0.604895
vn -0.959814 -0.001649 -0.280631
vn -0.920501 -0.000793 0.390740
vn -0.707199 0.000622 0.707015
vn -0.395546 -0.000648 0.918446
vn -0.082207 -0.002285 0.996613
vn 0.218744 -0.002312 0.975779
vn 0.520290 -0.000747 0.853989
vn 0.757990 -0.000448 0.652266
vn 0.915711 -0.002353 0.401831
vn 0.995208 -0.003212 0.097726
vn -0.987600 0.004568 -0.156926
vn 0.960129 0.003243 0.279537
vn 0.784997 0.001976 0.619497
vn 0.490698 0.002394 0.871326
vn 0.078513 0.003759 0.996906
vn -0.354783 0.002027 0.934947
vn -0.708529 0.000340 0.705681
vn -0.942167 0.002795 0.335133
vn -0.789253 0.003215 -0.614060
vn -0.424624 0.002698 -0.905366
vn 0.001428 0.003477 -0.999993
vn 0.420213 0.004096 -0.907416
vn 0.725816 0.003084 -0.687882
vn 0.904823 0.002721 -0.425779
vn 0.994539 0.003391 -0.104313
vn 0.000000 1.000000 0.000000
vn 0.000000 1.000000 0.000000
vn -0.000002 1.000000 -0.000000
vn -0.000001 1.000000 -0.000000
vn 0.000000 1.000000 0.000000
vn 0.000000 1.000000 0.000000
vn 0.000000 1.000000 0.000000
vn 0.000000 1.000000 0.000000
vn 0.000000 1.000000 0.000000
vn 0.000000 1.000000 0.000000
vn 0.000000 1.000000 0.000000
vn -0.000001 1.000000 -0.000000
vn -0.000001 1.000000 0.000000
vn 0.000000 1.000000 0.000000
vn 0.000000 1.000000 0.000000
vn 0.000000 1.000000 0.000000
vn 0.000000 1.000000 0.000000
vn -0.000002 1.000000 -0.000000
vn -0.000001 1.000000 0.000000
vn 0.000000 1.000000 0.000000
vn -0.000000 1.000000 0.000000
vn -0.000001 1.000000 -0.000000
vn 0.000000 1.000000 0.000000
vn 0.000000 1.000000 0.000000
vn 0.000000 1.000000 0.000000
vn 0.000000 1.000000 0.000000
vn 0.000000 1.000000 0.000000
vn 0.000000 1.000000 0.000000
vn 0.000000 1.000000 0.000000
vn 0.032637 -0.000260 0.999467
vn 0.449129 -0.000429 0.893467
vn 0.735642 -0.000695 0.677370
vn 0.926376 -0.000738 0.376599
vn 0.999912 -0.000939 -0.013228
vn 0.884013 -0.001388 -0.467460
vn 0.526227 -0.000643 -0.850344
vn 0.076818 -0.000205 -0.997045
vn -0.376825 -0.000357 -0.926284
vn -0.725068 -0.000298 -0.688677
vn -0.933640 -0.001118 -0.358212
vn -0.992505 -0.001450 0.122191
vn -0.799542 -0.000941 0.600610
vn -0.427848 -0.000470 0.903850
vn 0.008688 -0.000011 -0.999962
vn 0.420044 0.000153 -0.907504
vn 0.765862 0.001218 -0.643004
vn 0.971620 0.001093 -0.236545
vn 0.986095 0.000794 0.166179
vn 0.848138 0.000813 0.529774
vn 0.537044 0.000831 0.843554
vn 0.037397 0.000621 0.999300
vn -0.432199 0.000165 0.901778
vn -0.735468 0.000315 0.677559
vn -0.936466 0.001104 0.350756
vn -0.991434 0.001531 -0.130599
vn -0.782299 0.000760 -0.622902
vn -0.418870 0.000347 -0.908046
vn 0.000307 -1.000000 -0.000615
vn -0.000293 -1.000000 -0.000306
vn 0.002001 -0.999998 -0.000208
vn 0.001159 -0.999998 -0.001308
vn -0.000179 -1.000000 -0.000028
vn 0.001181 -0.999998 0.001709
vn 0.001259 -0.999998 0.001498
vn 0.000615 -1.000000 0.000505
vn -0.000538 -1.000000 0.000401
vn -0.002198 -0.999997 0.000629
vn -0.003001 -0.999994 0.001815
vn -0.001266 -0.999999 0.000566
vn -0.000211 -1.000000 -0.000345
vn -0.000345 -1.000000 -0.000246
vn 0.402728 -0.911935 -0.078648
vn 0.357188 -0.903589 -0.236525
vn 0.201803 -0.911919 -0.357321
vn 0.029259 -0.911863 -0.409450
vn -0.095803 -0.926753 -0.363249
vn -0.241119 -0.909483 -0.338677
vn -0.306940 -0.925656 -0.221246
vn -0.389334 -0.916058 -0.096214
vn -0.433619 -0.901066 0.007437
vn -0.329031 -0.908692 0.256938
vn -0.190572 -0.918456 0.346584
vn -0.034723 -0.913228 0.405968
vn 0.172761 -0.904447 0.390038
vn 0.269636 -0.908915 0.318072
vn 0.385915 -0.919649 0.072906
vn 0.620684 0.783485 -0.030043
vn 0.587923 0.767764 0.254724
vn 0.542160 0.678474 0.495717
vn 0.369468 0.781542 0.502678
vn 0.215861 0.756624 0.617191
vn -0.026641 0.765959 0.642337
vn -0.200445 0.744078 0.637315
vn -0.413591 0.755923 0.507468
vn -0.538314 0.760238 0.363670
vn -0.571792 0.793140 0.209723
vn -0.646535 0.757358 0.091654
vn -0.667786 0.743411 -0.037442
vn -0.826992 0.558933 0.060650
vn -0.960317 0.278480 -0.015523
vn -0.999438 -0.012246 0.031195
vn -0.916465 -0.399664 0.019012
vn 0.998810 0.034275 0.034697
vn 0.943079 -0.332568 -0.000572
vn 0.752168 -0.658244 0.030948
vn 0.711011 0.698133 0.084098
vn 0.923100 0.382909 0.035594
vn 0.811774 0.538094 0.226888
vn 0.952553 0.199412 0.229952
vn 0.974149 -0.114308 0.194855
vn 0.656699 0.647212 0.387120
vn 0.855946 0.342048 0.387763
vn 0.898728 -0.405586 0.166697
vn 0.737163 0.457299 0.497462
vn 0.910157 0.020678 0.413748
vn 0.884948 -0.319261 0.339026
vn 0.753303 -0.618532 0.223501
vn 0.816270 0.190099 0.545496
vn 0.691694 0.342791 0.635653
vn 0.837821 -0.329988 0.434930
vn 0.826959 -0.110613 0.551275
vn 0.649110 -0.702676 0.291380
vn 0.433758 0.622435 0.651482
vn 0.541037 0.397470 0.741145
vn 0.734238 0.007728 0.678848
vn 0.679590 -0.573725 0.457162
vn 0.629391 0.140640 0.764256
vn 0.717328 -0.332057 0.612518
vn 0.377996 0.488979 0.786142
vn 0.332663 -0.909821 0.248113
vn 0.638531 -0.240044 0.731202
vn 0.528843 0.037134 0.847907
vn 0.532711 -0.577979 0.618191
vn 0.242059 0.453928 0.857530
vn 0.360988 0.188964 0.913225
vn 0.118033 0.663523 0.738787
vn 0.501926 -0.328701 0.800016
vn 0.352717 -0.149330 0.923738
vn 0.040166 0.593528 0.803810
vn 0.371990 -0.538167 0.756306
vn 0.103539 0.352789 0.929957
vn 0.159285 0.113529 0.980683
vn 0.200945 -0.157828 0.966805
vn -0.105694 0.536309 0.837378
vn -0.053167 0.268548 0.961798
vn 0.228759 -0.506148 0.831555
vn -0.001246 -0.234094 0.972213
vn -0.032228 0.010306 0.999427
vn -0.235282 0.532675 0.812958
vn 0.066365 -0.430673 0.900065
vn 0.104700 -0.690743 0.715480
vn -0.310632 0.763277 0.566494
vn -0.206310 0.221713 0.953037
vn -0.375032 0.484445 0.790357
vn -0.332410 0.249381 0.909567
vn -0.197213 -0.123995 0.972488
vn -0.021914 -0.643927 0.764773
vn -0.144557 -0.445772 0.883397
vn -0.348303 -0.127181 0.928714
vn -0.493485 0.461946 0.736938
vn -0.477082 0.161504 0.863892
vn -0.604935 0.575445 0.550379
vn -0.181639 -0.714739 0.675393
vn -0.506860 -0.105173 0.855589
vn -0.285173 -0.473776 0.833194
vn -0.616708 0.409022 0.672587
vn -0.614030 0.156881 0.773534
vn -0.508792 -0.406630 0.758804
vn -0.373329 -0.591205 0.714914
vn -0.781423 0.345509 0.519617
vn -0.732870 0.114725 0.670626
vn -0.634792 -0.178086 0.751880
vn -0.747779 0.548989 0.373413
vn -0.726115 -0.203460 0.656780
vn -0.854383 0.050267 0.517207
vn -0.458993 -0.703712 0.542324
vn -0.627240 -0.520439 0.579407
vn -0.793445 0.546169 0.268599
vn -0.810942 -0.257874 0.525238
vn -0.915208 0.209729 0.344104
vn -0.894847 0.410747 0.174746
vn -0.708167 -0.558740 0.431634
vn -0.906347 -0.169766 0.386930
vn -0.978125 0.112858 0.174741
vn -0.950465 -0.195703 0.241487
vn -0.810938 -0.498408 0.306544
vn -0.390042 -0.903967 0.175246
vn -0.826262 -0.551258 0.115783
vn -0.675182 -0.716857 0.173913
vn -0.696468 0.689356 -0.199300
vn -0.530543 0.772005 -0.350047
vn -0.430623 0.762768 -0.482441
vn -0.305539 0.774480 -0.553920
vn -0.118450 0.768977 -0.628207
vn 0.109548 0.756975 -0.644196
vn 0.297395 0.716173 -0.631389
vn 0.412400 0.707771 -0.573573
vn 0.500288 0.772481 -0.391133
vn 0.603437 0.768084 -0.214266
vn -0.857470 0.503455 -0.106202
vn -0.936180 0.288606 -0.200683
vn -0.680246 0.663504 -0.311494
vn -0.979466 -0.099655 -0.175258
vn -0.842431 0.418951 -0.338807
vn -0.904184 -0.411906 -0.113073
vn -0.910296 0.171593 -0.376720
vn -0.704626 0.527696 -0.474383
vn -0.937547 -0.122729 -0.325490
vn -0.773415 -0.622254 -0.120947
vn -0.825455 -0.483413 -0.291437
vn -0.608700 0.562267 -0.559768
vn -0.810146 0.254016 -0.528335
vn -0.868549 -0.038435 -0.494110
vn -0.821939 -0.344442 -0.453625
vn -0.706660 0.307765 -0.637113
vn -0.794388 -0.031788 -0.606579
vn -0.506661 0.494265 -0.706397
vn -0.627041 -0.720454 -0.296252
vn -0.680142 0.137665 -0.720039
vn -0.708007 -0.388227 -0.589920
vn -0.317600 0.625656 -0.712520
vn -0.608465 -0.637499 -0.472615
vn -0.657906 -0.196545 -0.727000
vn -0.548900 0.129293 -0.825828
vn -0.362851 0.363393 -0.858070
vn -0.541899 -0.198014 -0.816784
vn -0.519832 -0.547621 -0.655657
vn -0.377141 0.099295 -0.920818
vn -0.176246 0.547044 -0.818340
vn -0.389880 -0.181789 -0.902744
vn -0.402811 -0.499211 -0.767158
vn -0.030127 0.569852 -0.821195
vn -0.162938 0.258964 -0.952045
vn -0.204802 -0.045604 -0.977741
vn -0.246410 -0.362422 -0.898851
vn 0.096296 0.553622 -0.827182
vn 0.040885 0.274566 -0.960699
vn -0.037366 0.034425 -0.998709
vn -0.272308 -0.677630 -0.683129
vn -0.075617 -0.284624 -0.955652
vn 0.270311 0.547989 -0.791606
vn -0.128112 -0.626605 -0.768735
vn 0.215172 0.349465 -0.911908
vn 0.112304 -0.053197 -0.992249
vn 0.236313 0.104336 -0.966059
vn 0.001900 -0.574916 -0.818210
vn 0.102791 -0.388684 -0.915619
vn 0.429894 0.270085 -0.861537
vn 0.494971 0.391990 -0.775466
vn 0.238841 -0.321083 -0.916439
vn 0.336240 0.042666 -0.940809
vn 0.362790 -0.250048 -0.897697
vn 0.590428 0.585403 -0.555606
vn 0.211011 -0.673231 -0.708685
vn 0.499906 -0.037794 -0.865254
vn 0.612960 0.410679 -0.674998
vn 0.600813 -0.064826 -0.796757
vn 0.443789 -0.426736 -0.788003
vn 0.665883 0.138808 -0.733029
vn 0.688066 0.611155 -0.391222
vn 0.759318 0.227298 -0.609731
vn 0.418158 -0.667006 -0.616642
vn 0.789536 0.380716 -0.481340
vn 0.733283 -0.116645 -0.669844
vn 0.580269 -0.446302 -0.681250
vn 0.870301 0.121396 -0.477325
vn 0.822585 -0.136451 -0.552028
vn 0.681934 -0.399076 -0.612948
vn 0.807414 0.517020 -0.284204
vn 0.796151 0.594339 -0.113594
vn 0.523173 -0.701991 -0.483218
vn 0.934488 0.153242 -0.321322
vn 0.738864 -0.457965 -0.494315
vn 0.906997 0.335662 -0.254337
vn 0.908394 -0.163245 -0.384930
vn 0.951101 0.287268 -0.113505
vn 0.820733 -0.415856 -0.391741
vn 0.666333 -0.681306 -0.303022
vn 0.964038 -0.176484 -0.198709
vn 0.995665 0.010258 -0.092448
vn 0.838721 -0.493601 -0.230013
vn 0.825240 -0.554216 -0.108738
vn -0.282460 0.943039 -0.175766
vn -0.367838 0.915624 -0.162261
vn -0.516404 0.850998 -0.095553
vn -0.128466 0.948643 -0.289091
vn -0.151694 0.969249 -0.193768
vn -0.205591 0.964986 -0.162895
vn 0.096652 0.861940 -0.497713
vn -0.103083 0.851280 -0.514486
vn 0.236408 0.962009 -0.136565
vn 0.172804 0.971154 -0.164314
vn 0.138466 0.949733 -0.280776
vn 0.504295 0.858124 -0.096490
vn 0.333517 0.932520 -0.138465
vn -0.205625 0.950793 -0.231757
vn -0.442796 0.872071 -0.208385
vn -0.321138 0.899140 -0.297350
vn -0.187777 0.896887 -0.400416
vn 0.222831 0.951138 -0.213733
vn 0.260872 0.900498 -0.347922
vn 0.195649 0.876913 -0.439028
vn 0.401077 0.892558 -0.206102
vn -0.500397 0.859956 0.100390
vn 0.513525 0.851957 0.102278
vn 0.359481 0.924768 0.124808
vn 0.182608 0.949102 0.256633
vn 0.187217 0.957359 0.220031
vn 0.232860 0.961988 0.142669
vn 0.105434 0.849290 0.517292
vn 0.148630 0.925180 0.349216
vn -0.120315 0.846111 0.519250
vn -0.282880 0.945722 0.159966
vn -0.206719 0.965797 0.156538
vn -0.163118 0.970033 0.180078
vn -0.128214 0.958803 0.253491
vn -0.385227 0.904640 0.182282
vn -0.345024 0.888333 0.303023
vn -0.230222 0.936074 0.266015
vn -0.194312 0.890421 0.411575
vn 0.268526 0.939704 0.211778
vn 0.228995 0.900979 0.368508
vn 0.419601 0.886971 0.192920
vn 0.392289 0.858617 0.329978
vn 0.999999 -0.000319 -0.001016
vn 0.999059 -0.029527 -0.031780
vn 0.999085 0.029784 0.030691
vn 1.000000 0.000845 0.000210
vn -0.002794 0.013682 -0.999902
vn 0.015155 0.004742 -0.999874
vn 0.999850 -0.000738 -0.017306
vn 0.149684 0.005094 -0.988721
vn 0.480630 0.012503 -0.876835
vn 0.763129 0.007508 -0.646203
vn 0.956768 0.006310 -0.290784
vn 0.007630 -0.003548 -0.999965
vn 0.999865 -0.005754 -0.015372
vn 0.999737 0.007027 -0.021839
vn 0.954352 -0.004184 -0.298656
vn 0.686883 -0.013549 -0.726642
vn 0.270738 -0.008186 -0.962618
vn 0.000000 1.000000 0.000000
vn 0.000000 1.000000 0.000000
vn 0.000000 1.000000 0.000000
vn 0.000000 1.000000 0.000000
vn 0.000000 1.000000 0.000000
vn 0.000000 1.000000 0.000000
vn 0.000000 1.000000 0.000000
vn 0.000000 1.000000 0.000000
vn -0.000000 1.000000 -0.000000
vn 0.000001 1.000000 -0.000002
vn -0.000002 1.000000 0.000000
vn -0.000001 1.000000 -0.000001
vn -0.000002 1.000000 -0.000001
vn -0.000000 1.000000 -0.000000
vn 0.000002 1.000000 0.000001
vn 0.000000 1.000000 0.000000
vn 0.000001 1.000000 0.000001
vn 0.000001 1.000000 -0.000002
vn 0.000000 1.000000 -0.000001
vn 0.000000 1.000000 0.000000
vn 0.109284 0.003626 0.994004
vn 0.022270 -0.017663 0.999596
vn 0.063339 -0.031891 0.997482
vn 0.984893 0.003739 0.173121
vn 0.850702 0.012058 0.525510
vn 0.495608 0.014553 0.868424
vn 0.999986 -0.003412 0.004081
vn 0.032874 -0.015957 0.999332
vn 0.319827 -0.016344 0.947335
vn 0.795679 -0.015141 0.605529
vn 0.981583 -0.005932 0.190942
vn 0.999985 -0.001928 0.005032
vn -0.021312 -0.024302 0.999477
vn -0.001868 -0.005423 0.999984
vn 0.018524 0.014378 0.999725
vn -0.001116 -0.004693 0.999988
vn -0.999948 0.005975 0.008225
vn -0.313056 0.002700 0.949731
vn -0.690884 0.007388 0.722928
vn -0.953268 0.011014 0.301926
vn 0.002770 -0.003014 0.999992
vn -0.034050 0.001866 0.999418
vn -0.999936 0.007019 0.008911
vn -0.979546 -0.005832 0.201135
vn -0.748694 -0.012057 0.662806
vn -0.266701 -0.009275 0.963735
vn -0.005238 -0.008376 0.999951
vn -0.999825 -0.001664 0.018653
vn -0.999891 -0.007516 0.012671
vn -0.999685 0.004295 0.024744
vn -0.999823 -0.001562 0.018757
vn 0.002057 0.009275 -0.999955
vn -0.027334 0.003112 -0.999621
vn -0.044390 0.008293 -0.998980
vn -0.014920 -0.000760 -0.999888
vn -0.031676 -0.000333 -0.999498
vn -0.975593 0.004365 -0.219541
vn -0.797292 0.004150 -0.603580
vn -0.623057 -0.002264 -0.782173
vn -0.999964 -0.002990 -0.007992
vn -0.999923 0.004114 -0.011723
vn -0.610713 -0.009420 -0.791796
vn -0.814349 -0.006284 -0.580341
vn -0.986735 -0.004823 -0.162269
vn -0.999935 -0.011006 -0.002828
vn 0.012297 0.004143 -0.999916
vn 0.042074 -0.024961 -0.998803
vn -0.018536 0.034249 -0.999241
vn 0.011479 0.004942 -0.999922
f 972//972 974//974 973//973
f 972//972 975//975 974//974
f 982//982 976//976 975//975
f 982//982 975//975 972//972
f 982//982 977//977 976//976
f 982//982 978//978 977//977
f 982//982 980//980 979//979
f 982//982 979//979 978//978
f 982//982 981//981 980//980
f 1004//1004 1003//1003 984//984
f 1005//1005 1004//1004 985//985
f 1005//1005 985//985 986//986
f 1006//1006 1005//1005 986//986
f 1007//1007 1006//1006 986//986
f 1007//1007 986//986 987//987
f 1010//1010 1009//1009 988//988
f 1009//1009 1008//1008 987//987
f 1009//1009 987//987 988//988
f 1003//1003 983//983 984//984
f 988//988 989//989 1011//1011
f 988//988 1011//1011 1010//1010
f 1008//1008 1007//1007 987//987
f 983//983 1003//1003 994//994
f 1004//1004 984//984 985//985
f 1002//1002 1001//1001 993//993
f 983//983 994//994 1002//1002
f 989//989 995//995 1011//1011
f 995//995 989//989 990//990
f 996//996 995//995 990//990
f 997//997 990//990 991//991
f 998//998 997//997 991//991
f 997//997 996//996 990//990
f 999//999 991//991 992//992
f 1000//1000 999//999 992//992
f 1000//1000 992//992 993//993
f 1001//1001 1000//1000 993//993
f 1002//1002 993//993 983//983
f 999//999 998//998 991//991
f 1016//1016 1040//1040 1041//1041
f 1013//1013 1014//1014 1043//1043
f 1014//1014 1042//1042 1043//1043
f 1014//1014 1015//1015 1042//1042
f 1015//1015 1041//1041 1042//1042
f 1015//1015 1016//1016 1041//1041
f 1016//1016 1017//1017 1040//1040
f 1020//1020 1012//1012 1030//1030
f 1017//1017 1018//1018 1039//1039
f 1018//1018 1038//1038 1039//1039
f 1018//1018 1019//1019 1038//1038
f 1019//1019 1020//1020 1038//1038
f 1020//1020 1030//1030 1038//1038
f 1013//1013 1043//1043 1044//1044
f 1017//1017 1039//1039 1040//1040
f 1029//1029 1013//1013 1044//1044
f 1029//1029 1044//1044 1031//1031
f 1012//1012 1021//1021 1037//1037
f 1028//1028 1029//1029 1031//1031
f 1028//1028 1031//1031 1032//1032
f 1027//1027 1028//1028 1032//1032
f 1027//1027 1032//1032 1033//1033
f 1012//1012 1037//1037 1030//1030
f 1025//1025 1026//1026 1033//1033
f 1025//1025 1033//1033 1034//1034
f 1026//1026 1027//1027 1033//1033
f 1024//1024 1034//1034 1035//1035
f 1023//1023 1024//1024 1035//1035
f 1022//1022 1035//1035 1036//1036
f 1022//1022 1023//1023 1035//1035
f 1022//1022 1036//1036 1037//1037
f 1021//1021 1022//1022 1037//1037
f 1024//1024 1025//1025 1034//1034
f 1050//1050 1060//1060 1073//1073
f 1051//1051 1073//1073 1072//1072
f 1051//1051 1072//1072 1052//1052
f 1051//1051 1050//1050 1073//1073
f 1052//1052 1072//1072 1071//1071
f 1052//1052 1071//1071 1045//1045
f 1066//1066 1057//1057 1056//1056
f 1045//1045 1071//1071 1070//1070
f 1065//1065 1057//1057 1066//1066
f 1065//1065 1058//1058 1057//1057
f 1067//1067 1066//1066 1056//1056
f 1050//1050 1049//1049 1060//1060
f 1067//1067 1056//1056 1055//1055
f 1064//1064 1059//1059 1065//1065
f 1064//1064 1046//1046 1059//1059
f 1068//1068 1067//1067 1055//1055
f 1068//1068 1055//1055 1054//1054
f 1063//1063 1046//1046 1064//1064
f 1065//1065 1059//1059 1058//1058
f 1062//1062 1047//1047 1063//1063
f 1069//1069 1068//1068 1054//1054
f 1069//1069 1054//1054 1053//1053
f 1048//1048 1047//1047 1062//1062
f 1048//1048 1062//1062 1061//1061
f 1053//1053 1070//1070 1069//1069
f 1045//1045 1070//1070 1053//1053
f 1049//1049 1048//1048 1061//1061
f 1049//1049 1061//1061 1060//1060
f 1063//1063 1047//1047 1046//1046
f 1087//1087 1096//1096 1097//1097
f 1086//1086 1087//1087 1097//1097
f 1086//1086 1097//1097 1098//1098
f 1085//1085 1086//1086 1098//1098
f 1085//1085 1098//1098 1099//1099
f 1082//1082 1101//1101 1088//1088
f 1084//1084 1099//1099 1100//1100
f 1083//1083 1084//1084 1100//1100
f 1082//1082 1100//1100 1101//1101
f 1081//1081 1082//1082 1088//1088
f 1087//1087 1095//1095 1096//1096
f 1084//1084 1085//1085 1099//1099
f 1087//1087 1074//1074 1095//1095
f 1082//1082 1083//1083 1100//1100
f 1075//1075 1094//1094 1095//1095
f 1074//1074 1075//1075 1095//1095
f 1080//1080 1088//1088 1089//1089
f 1080//1080 1089//1089 1090//1090
f 1079//1079 1080//1080 1090//1090
f 1079//1079 1090//1090 1091//1091
f 1078//1078 1079//1079 1091//1091
f 1080//1080 1081//1081 1088//1088
f 1077//1077 1078//1078 1092//1092
f 1078//1078 1091//1091 1092//1092
f 1076//1076 1093//1093 1094//1094
f 1075//1075 1076//1076 1094//1094
f 1077//1077 1092//1092 1093//1093
f 1076//1076 1077//1077 1093//1093
f 1297//1297 1241//1241 1242//1242
f 1294//1294 1288//1288 1289//1289
f 1299//1299 1295//1295 1292//1292
f 1298//1298 1290//1290 1291//1291
f 1296//1296 1294//1294 1295//1295
f 1295//1295 1294//1294 1289//1289
f 1294//1294 1291//1291 1288//1288
f 1295//1295 1289//1289 1292//1292
f 1290//1290 1119//1119 1286//1286
f 1292//1292 1289//1289 1287//1287
f 1241//1241 1293//1293 1240//1240
f 1293//1293 1292//1292 1285//1285
f 1293//1293 1285//1285 1240//1240
f 1120//1120 1283//1283 1286//1286
f 1292//1292 1287//1287 1285//1285
f 1286//1286 1119//1119 1120//1120
f 1291//1291 1284//1284 1288//1288
f 1290//1290 1286//1286 1284//1284
f 1289//1289 1288//1288 1281//1281
f 1294//1294 1298//1298 1291//1291
f 1288//1288 1284//1284 1282//1282
f 1289//1289 1281//1281 1287//1287
f 1240//1240 1285//1285 1239//1239
f 1288//1288 1282//1282 1281//1281
f 1287//1287 1280//1280 1285//1285
f 1286//1286 1279//1279 1284//1284
f 1291//1291 1290//1290 1284//1284
f 1300//1300 1241//1241 1297//1297
f 1301//1301 1299//1299 1292//1292
f 1299//1299 1296//1296 1295//1295
f 1312//1312 1309//1309 1308//1308
f 1313//1313 1304//1304 1243//1243
f 1313//1313 1307//1307 1304//1304
f 1311//1311 1308//1308 1305//1305
f 1310//1310 1305//1305 1307//1307
f 1309//1309 1301//1301 1308//1308
f 1309//1309 1306//1306 1302//1302
f 1308//1308 1303//1303 1305//1305
f 1309//1309 1302//1302 1301//1301
f 1118//1118 1298//1298 1306//1306
f 1308//1308 1301//1301 1303//1303
f 1307//1307 1305//1305 1297//1297
f 1307//1307 1297//1297 1304//1304
f 1119//1119 1290//1290 1298//1298
f 1304//1304 1242//1242 1243//1243
f 1306//1306 1298//1298 1302//1302
f 1301//1301 1302//1302 1299//1299
f 1305//1305 1300//1300 1297//1297
f 1304//1304 1297//1297 1242//1242
f 1302//1302 1296//1296 1299//1299
f 1303//1303 1301//1301 1293//1293
f 1302//1302 1298//1298 1294//1294
f 1303//1303 1293//1293 1300//1300
f 1287//1287 1281//1281 1280//1280
f 1298//1298 1118//1118 1119//1119
f 1302//1302 1294//1294 1296//1296
f 1301//1301 1292//1292 1293//1293
f 1300//1300 1293//1293 1241//1241
f 1305//1305 1303//1303 1300//1300
f 1286//1286 1283//1283 1279//1279
f 1283//1283 1275//1275 1279//1279
f 1283//1283 1120//1120 1121//1121
f 1270//1270 1267//1267 1268//1268
f 1269//1269 1268//1268 1261//1261
f 1268//1268 1267//1267 1263//1263
f 1265//1265 1237//1237 1238//1238
f 1269//1269 1261//1261 1265//1265
f 1267//1267 1264//1264 1260//1260
f 1268//1268 1263//1263 1261//1261
f 1266//1266 1262//1262 1254//1254
f 1262//1262 1122//1122 1123//1123
f 1266//1266 1258//1258 1264//1264
f 1267//1267 1260//1260 1263//1263
f 1266//1266 1254//1254 1258//1258
f 1263//1263 1259//1259 1261//1261
f 1265//1265 1261//1261 1236//1236
f 1265//1265 1236//1236 1237//1237
f 1264//1264 1258//1258 1260//1260
f 1261//1261 1259//1259 1255//1255
f 1260//1260 1258//1258 1257//1257
f 1263//1263 1260//1260 1259//1259
f 1259//1259 1260//1260 1256//1256
f 1262//1262 1123//1123 1253//1253
f 1262//1262 1253//1253 1254//1254
f 1260//1260 1257//1257 1256//1256
f 1259//1259 1256//1256 1251//1251
f 1261//1261 1255//1255 1236//1236
f 1258//1258 1252//1252 1257//1257
f 1310//1310 1311//1311 1305//1305
f 1122//1122 1262//1262 1266//1266
f 1285//1285 1280//1280 1239//1239
f 1271//1271 1264//1264 1267//1267
f 1273//1273 1265//1265 1238//1238
f 1284//1284 1278//1278 1282//1282
f 1284//1284 1279//1279 1278//1278
f 1281//1281 1282//1282 1277//1277
f 1281//1281 1276//1276 1280//1280
f 1282//1282 1278//1278 1277//1277
f 1281//1281 1277//1277 1276//1276
f 1279//1279 1274//1274 1278//1278
f 1283//1283 1121//1121 1275//1275
f 1279//1279 1275//1275 1274//1274
f 1280//1280 1276//1276 1239//1239
f 1121//1121 1271//1271 1275//1275
f 1278//1278 1274//1274 1272//1272
f 1276//1276 1277//1277 1273//1273
f 1278//1278 1272//1272 1277//1277
f 1276//1276 1238//1238 1239//1239
f 1277//1277 1272//1272 1269//1269
f 1274//1274 1275//1275 1270//1270
f 1121//1121 1266//1266 1271//1271
f 1277//1277 1269//1269 1273//1273
f 1276//1276 1273//1273 1238//1238
f 1275//1275 1271//1271 1270//1270
f 1266//1266 1121//1121 1122//1122
f 1274//1274 1270//1270 1272//1272
f 1271//1271 1266//1266 1264//1264
f 1273//1273 1269//1269 1265//1265
f 1271//1271 1267//1267 1270//1270
f 1272//1272 1270//1270 1268//1268
f 1272//1272 1268//1268 1269//1269
f 1311//1311 1312//1312 1308//1308
f 1343//1343 1238//1238 1237//1237
f 1315//1315 1309//1309 1312//1312
f 1363//1363 1357//1357 1361//1361
f 1362//1362 1139//1139 1138//1138
f 1362//1362 1361//1361 1140//1140
f 1362//1362 1140//1140 1139//1139
f 1140//1140 1361//1361 1348//1348
f 1354//1354 1356//1356 1136//1136
f 1348//1348 1142//1142 1141//1141
f 1348//1348 1141//1141 1140//1140
f 1348//1348 1329//1329 1142//1142
f 1347//1347 1338//1338 1243//1243
f 1347//1347 1339//1339 1338//1338
f 1347//1347 1243//1243 1242//1242
f 1347//1347 1242//1242 1345//1345
f 1347//1347 1344//1344 1339//1339
f 1345//1345 1242//1242 1241//1241
f 1339//1339 1344//1344 1335//1335
f 1347//1347 1345//1345 1344//1344
f 1345//1345 1241//1241 1346//1346
f 1346//1346 1241//1241 1240//1240
f 1344//1344 1336//1336 1335//1335
f 1346//1346 1333//1333 1345//1345
f 1346//1346 1239//1239 1333//1333
f 1346//1346 1240//1240 1239//1239
f 1345//1345 1337//1337 1344//1344
f 1344//1344 1337//1337 1336//1336
f 1345//1345 1333//1333 1337//1337
f 1334//1334 1238//1238 1343//1343
f 1363//1363 1361//1361 1362//1362
f 1259//1259 1251//1251 1255//1255
f 1196//1196 1362//1362 1138//1138
f 1363//1363 1362//1362 1196//1196
f 1131//1131 1349//1349 1150//1150
f 1349//1349 1132//1132 1150//1150
f 1349//1349 1367//1367 1132//1132
f 1349//1349 1350//1350 1367//1367
f 1367//1367 1368//1368 1132//1132
f 1368//1368 1133//1133 1132//1132
f 1367//1367 1365//1365 1368//1368
f 1368//1368 1134//1134 1133//1133
f 1365//1365 1366//1366 1368//1368
f 1368//1368 1366//1366 1134//1134
f 1367//1367 1350//1350 1365//1365
f 1366//1366 1135//1135 1134//1134
f 1366//1366 1354//1354 1135//1135
f 1365//1365 1352//1352 1366//1366
f 1366//1366 1355//1355 1354//1354
f 1366//1366 1352//1352 1351//1351
f 1366//1366 1351//1351 1355//1355
f 1365//1365 1353//1353 1352//1352
f 1365//1365 1350//1350 1353//1353
f 1136//1136 1135//1135 1354//1354
f 1356//1356 1364//1364 1137//1137
f 1356//1356 1137//1137 1136//1136
f 1364//1364 1196//1196 1137//1137
f 1363//1363 1364//1364 1360//1360
f 1364//1364 1363//1363 1196//1196
f 1363//1363 1360//1360 1359//1359
f 1363//1363 1359//1359 1358//1358
f 1358//1358 1357//1357 1363//1363
f 1314//1314 1313//1313 1243//1243
f 1334//1334 1343//1343 1330//1330
f 1343//1343 1236//1236 1342//1342
f 1324//1324 1151//1151 1147//1147
f 1324//1324 1323//1323 1316//1316
f 1325//1325 1321//1321 1319//1319
f 1324//1324 1316//1316 1320//1320
f 1323//1323 1319//1319 1316//1316
f 1322//1322 1317//1317 1321//1321
f 1320//1320 1314//1314 1151//1151
f 1320//1320 1316//1316 1318//1318
f 1322//1322 1117//1117 1317//1317
f 1314//1314 1150//1150 1151//1151
f 1321//1321 1317//1317 1319//1319
f 1320//1320 1318//1318 1314//1314
f 1117//1117 1315//1315 1317//1317
f 1319//1319 1317//1317 1311//1311
f 1315//1315 1117//1117 1118//1118
f 1314//1314 1318//1318 1313//1313
f 1317//1317 1315//1315 1312//1312
f 1314//1314 1131//1131 1150//1150
f 1319//1319 1310//1310 1316//1316
f 1315//1315 1118//1118 1306//1306
f 1319//1319 1311//1311 1310//1310
f 1318//1318 1316//1316 1313//1313
f 1314//1314 1243//1243 1131//1131
f 1315//1315 1306//1306 1309//1309
f 1317//1317 1312//1312 1311//1311
f 1316//1316 1307//1307 1313//1313
f 1316//1316 1310//1310 1307//1307
f 1324//1324 1320//1320 1151//1151
f 1343//1343 1237//1237 1236//1236
f 1323//1323 1325//1325 1319//1319
f 1324//1324 1147//1147 1148//1148
f 1343//1343 1340//1340 1330//1330
f 1343//1343 1342//1342 1340//1340
f 1342//1342 1236//1236 1235//1235
f 1342//1342 1235//1235 1341//1341
f 1330//1330 1340//1340 1331//1331
f 1341//1341 1328//1328 1342//1342
f 1342//1342 1327//1327 1340//1340
f 1341//1341 1235//1235 1234//1234
f 1340//1340 1332//1332 1331//1331
f 1342//1342 1328//1328 1327//1327
f 1341//1341 1234//1234 1329//1329
f 1341//1341 1329//1329 1328//1328
f 1340//1340 1327//1327 1332//1332
f 1131//1131 1338//1338 1349//1349
f 1131//1131 1243//1243 1338//1338
f 1239//1239 1334//1334 1333//1333
f 1239//1239 1238//1238 1334//1334
f 1234//1234 1142//1142 1329//1329
f 1116//1116 1149//1149 1130//1130
f 1116//1116 1326//1326 1149//1149
f 1326//1326 1148//1148 1149//1149
f 1326//1326 1116//1116 1325//1325
f 1116//1116 1322//1322 1325//1325
f 1148//1148 1326//1326 1323//1323
f 1322//1322 1116//1116 1117//1117
f 1148//1148 1323//1323 1324//1324
f 1326//1326 1325//1325 1323//1323
f 1325//1325 1322//1322 1321//1321
f 1258//1258 1254//1254 1252//1252
f 1233//1233 1124//1124 1231//1231
f 1123//1123 1124//1124 1253//1253
f 1180//1180 1178//1178 1135//1135
f 1181//1181 1175//1175 1176//1176
f 1177//1177 1170//1170 1172//1172
f 1179//1179 1176//1176 1173//1173
f 1178//1178 1173//1173 1135//1135
f 1177//1177 1172//1172 1175//1175
f 1173//1173 1176//1176 1168//1168
f 1176//1176 1175//1175 1171//1171
f 1175//1175 1172//1172 1169//1169
f 1176//1176 1171//1171 1168//1168
f 1173//1173 1168//1168 1167//1167
f 1175//1175 1169//1169 1171//1171
f 1174//1174 1166//1166 1170//1170
f 1166//1166 1174//1174 1130//1130
f 1172//1172 1170//1170 1164//1164
f 1173//1173 1167//1167 1135//1135
f 1172//1172 1165//1165 1169//1169
f 1171//1171 1169//1169 1163//1163
f 1135//1135 1167//1167 1134//1134
f 1166//1166 1161//1161 1170//1170
f 1172//1172 1164//1164 1165//1165
f 1171//1171 1163//1163 1168//1168
f 1167//1167 1168//1168 1133//1133
f 1169//1169 1165//1165 1162//1162
f 1170//1170 1160//1160 1164//1164
f 1170//1170 1161//1161 1160//1160
f 1169//1169 1162//1162 1163//1163
f 1257//1257 1250//1250 1256//1256
f 1130//1130 1161//1161 1166//1166
f 1129//1129 1174//1174 1170//1170
f 1181//1181 1177//1177 1175//1175
f 1192//1192 1191//1191 1186//1186
f 1194//1194 1190//1190 1187//1187
f 1190//1190 1128//1128 1184//1184
f 1193//1193 1188//1188 1137//1137
f 1192//1192 1186//1186 1189//1189
f 1191//1191 1187//1187 1186//1186
f 1137//1137 1188//1188 1136//1136
f 1189//1189 1186//1186 1185//1185
f 1188//1188 1189//1189 1183//1183
f 1190//1190 1182//1182 1187//1187
f 1190//1190 1184//1184 1182//1182
f 1189//1189 1185//1185 1183//1183
f 1188//1188 1183//1183 1136//1136
f 1128//1128 1177//1177 1184//1184
f 1128//1128 1129//1129 1177//1177
f 1184//1184 1181//1181 1182//1182
f 1187//1187 1182//1182 1179//1179
f 1187//1187 1179//1179 1186//1186
f 1183//1183 1185//1185 1180//1180
f 1185//1185 1186//1186 1178//1178
f 1184//1184 1177//1177 1181//1181
f 1186//1186 1179//1179 1178//1178
f 1185//1185 1178//1178 1180//1180
f 1181//1181 1176//1176 1182//1182
f 1183//1183 1180//1180 1135//1135
f 1183//1183 1135//1135 1136//1136
f 1182//1182 1176//1176 1179//1179
f 1179//1179 1173//1173 1178//1178
f 1194//1194 1187//1187 1191//1191
f 1168//1168 1163//1163 1133//1133
f 1165//1165 1164//1164 1159//1159
f 1123//1123 1114//1114 1113//1113
f 1120//1120 1102//1102 1115//1115
f 1120//1120 1119//1119 1102//1102
f 1123//1123 1113//1113 1124//1124
f 1124//1124 1113//1113 1112//1112
f 1119//1119 1118//1118 1103//1103
f 1119//1119 1103//1103 1102//1102
f 1124//1124 1112//1112 1231//1231
f 1231//1231 1111//1111 1125//1125
f 1231//1231 1112//1112 1111//1111
f 1118//1118 1104//1104 1103//1103
f 1104//1104 1118//1118 1117//1117
f 1111//1111 1126//1126 1125//1125
f 1111//1111 1110//1110 1126//1126
f 1104//1104 1117//1117 1105//1105
f 1105//1105 1117//1117 1116//1116
f 1110//1110 1127//1127 1126//1126
f 1110//1110 1109//1109 1127//1127
f 1105//1105 1130//1130 1106//1106
f 1105//1105 1116//1116 1130//1130
f 1109//1109 1128//1128 1127//1127
f 1106//1106 1130//1130 1107//1107
f 1109//1109 1108//1108 1128//1128
f 1107//1107 1130//1130 1174//1174
f 1108//1108 1129//1129 1128//1128
f 1107//1107 1129//1129 1108//1108
f 1107//1107 1174//1174 1129//1129
f 1122//1122 1114//1114 1123//1123
f 1167//1167 1133//1133 1134//1134
f 1121//1121 1120//1120 1115//1115
f 1121//1121 1114//1114 1122//1122
f 1163//1163 1162//1162 1158//1158
f 1165//1165 1159//1159 1162//1162
f 1161//1161 1157//1157 1160//1160
f 1164//1164 1160//1160 1159//1159
f 1130//1130 1149//1149 1161//1161
f 1163//1163 1158//1158 1133//1133
f 1162//1162 1159//1159 1156//1156
f 1133//1133 1158//1158 1155//1155
f 1160//1160 1154//1154 1159//1159
f 1162//1162 1156//1156 1158//1158
f 1161//1161 1149//1149 1157//1157
f 1160//1160 1157//1157 1154//1154
f 1159//1159 1154//1154 1153//1153
f 1157//1157 1149//1149 1148//1148
f 1159//1159 1153//1153 1156//1156
f 1158//1158 1156//1156 1155//1155
f 1155//1155 1132//1132 1133//1133
f 1157//1157 1148//1148 1154//1154
f 1156//1156 1152//1152 1155//1155
f 1156//1156 1153//1153 1152//1152
f 1154//1154 1147//1147 1153//1153
f 1155//1155 1152//1152 1132//1132
f 1154//1154 1148//1148 1147//1147
f 1153//1153 1147//1147 1151//1151
f 1153//1153 1151//1151 1152//1152
f 1152//1152 1150//1150 1132//1132
f 1152//1152 1151//1151 1150//1150
f 1121//1121 1115//1115 1114//1114
f 1197//1197 1188//1188 1193//1193
f 1129//1129 1170//1170 1177//1177
f 1196//1196 1193//1193 1137//1137
f 1233//1233 1230//1230 1232//1232
f 1146//1146 1229//1229 1145//1145
f 1233//1233 1231//1231 1230//1230
f 1232//1232 1230//1230 1229//1229
f 1231//1231 1226//1226 1230//1230
f 1228//1228 1144//1144 1145//1145
f 1230//1230 1227//1227 1229//1229
f 1145//1145 1229//1229 1228//1228
f 1144//1144 1228//1228 1225//1225
f 1231//1231 1125//1125 1226//1226
f 1230//1230 1226//1226 1223//1223
f 1230//1230 1223//1223 1227//1227
f 1146//1146 1232//1232 1229//1229
f 1144//1144 1225//1225 1143//1143
f 1125//1125 1221//1221 1226//1226
f 1229//1229 1227//1227 1224//1224
f 1228//1228 1224//1224 1225//1225
f 1143//1143 1141//1141 1142//1142
f 1125//1125 1220//1220 1221//1221
f 1225//1225 1222//1222 1143//1143
f 1227//1227 1219//1219 1224//1224
f 1225//1225 1224//1224 1222//1222
f 1227//1227 1223//1223 1219//1219
f 1226//1226 1221//1221 1223//1223
f 1143//1143 1222//1222 1141//1141
f 1223//1223 1221//1221 1218//1218
f 1228//1228 1229//1229 1224//1224
f 1195//1195 1128//1128 1190//1190
f 1232//1232 1146//1146 1124//1124
f 1124//1124 1233//1233 1232//1232
f 1257//1257 1252//1252 1250//1250
f 1253//1253 1249//1249 1254//1254
f 1254//1254 1247//1247 1252//1252
f 1256//1256 1250//1250 1248//1248
f 1256//1256 1248//1248 1251//1251
f 1255//1255 1235//1235 1236//1236
f 1255//1255 1251//1251 1235//1235
f 1254//1254 1249//1249 1247//1247
f 1253//1253 1124//1124 1146//1146
f 1253//1253 1146//1146 1249//1249
f 1251//1251 1248//1248 1246//1246
f 1252//1252 1247//1247 1250//1250
f 1250//1250 1247//1247 1245//1245
f 1251//1251 1246//1246 1235//1235
f 1250//1250 1245//1245 1248//1248
f 1249//1249 1146//1146 1247//1247
f 1248//1248 1234//1234 1246//1246
f 1247//1247 1146//1146 1145//1145
f 1247//1247 1145//1145 1144//1144
f 1247//1247 1144//1144 1245//1245
f 1248//1248 1245//1245 1234//1234
f 1246//1246 1234//1234 1235//1235
f 1245//1245 1244//1244 1234//1234
f 1245//1245 1144//1144 1244//1244
f 1244//1244 1144//1144 1143//1143
f 1244//1244 1142//1142 1234//1234
f 1244//1244 1143//1143 1142//1142
f 1141//1141 1222//1222 1140//1140
f 1220//1220 1125//1125 1126//1126
f 1224//1224 1219//1219 1214//1214
f 1221//1221 1220//1220 1212//1212
f 1127//1127 1201//1201 1207//1207
f 1210//1210 1204//1204 1206//1206
f 1209//1209 1202//1202 1203//1203
f 1208//1208 1203//1203 1205//1205
f 1207//1207 1201//1201 1202//1202
f 1206//1206 1204//1204 1138//1138
f 1203//1203 1202//1202 1200//1200
f 1204//1204 1205//1205 1198//1198
f 1205//1205 1203//1203 1199//1199
f 1205//1205 1199//1199 1198//1198
f 1204//1204 1196//1196 1138//1138
f 1201//1201 1127//1127 1195//1195
f 1203//1203 1200//1200 1197//1197
f 1224//1224 1214//1214 1222//1222
f 1202//1202 1201//1201 1194//1194
f 1202//1202 1191//1191 1200//1200
f 1203//1203 1197//1197 1199//1199
f 1202//1202 1194//1194 1191//1191
f 1201//1201 1195//1195 1194//1194
f 1198//1198 1199//1199 1193//1193
f 1200//1200 1191//1191 1192//1192
f 1195//1195 1127//1127 1128//1128
f 1200//1200 1192//1192 1197//1197
f 1199//1199 1197//1197 1193//1193
f 1195//1195 1190//1190 1194//1194
f 1198//1198 1193//1193 1196//1196
f 1197//1197 1192//1192 1189//1189
f 1197//1197 1189//1189 1188//1188
f 1204//1204 1198//1198 1196//1196
f 1211//1211 1205//1205 1204//1204
f 1207//1207 1202//1202 1209//1209
f 1212//1212 1203//1203 1208//1208
f 1222//1222 1214//1214 1217//1217
f 1223//1223 1215//1215 1219//1219
f 1223//1223 1218//1218 1215//1215
f 1220//1220 1213//1213 1212//1212
f 1222//1222 1217//1217 1140//1140
f 1220//1220 1126//1126 1213//1213
f 1221//1221 1216//1216 1218//1218
f 1221//1221 1212//1212 1216//1216
f 1217//1217 1139//1139 1140//1140
f 1219//1219 1215//1215 1214//1214
f 1217//1217 1214//1214 1206//1206
f 1206//1206 1138//1138 1139//1139
f 1215//1215 1216//1216 1211//1211
f 1217//1217 1206//1206 1139//1139
f 1218//1218 1216//1216 1215//1215
f 1126//1126 1127//1127 1207//1207
f 1211//1211 1204//1204 1210//1210
f 1208//1208 1205//1205 1211//1211
f 1212//1212 1209//1209 1203//1203
f 1126//1126 1207//1207 1213//1213
f 1213//1213 1209//1209 1212//1212
f 1214//1214 1210//1210 1206//1206
f 1213//1213 1207//1207 1209//1209
f 1216//1216 1208//1208 1211//1211
f 1216//1216 1212//1212 1208//1208
f 1214//1214 1215//1215 1210//1210
f 1215//1215 1211//1211 1210//1210
f 1371//1371 1369//1369 1372//1372
f 1372//1372 1369//1369 1370//1370
f 1383//1383 1381//1381 1375//1375
f 1384//1384 1377//1377 1378//1378
f 1384//1384 1385//1385 1377//1377
f 1385//1385 1376//1376 1377//1377
f 1383//1383 1375//1375 1382//1382
f 1383//1383 1379//1379 1381//1381
f 1383//1383 1384//1384 1378//1378
f 1383//1383 1378//1378 1379//1379
f 1385//1385 1380//1380 1376//1376
f 1374//1374 1373//1373 1380//1380
f 1374//1374 1380//1380 1385//1385
f 1388//1388 1386//1386 1387//1387
f 1390//1390 1392//1392 1391//1391
f 1405//1405 1388//1388 1387//1387
f 1393//1393 1392//1392 1390//1390
f 1401//1401 1400//1400 1402//1402
f 1402//1402 1400//1400 1403//1403
f 1397//1397 1395//1395 1398//1398
f 1394//1394 1390//1390 1389//1389
f 1400//1400 1399//1399 1403//1403
f 1399//1399 1394//1394 1389//1389
f 1399//1399 1389//1389 1404//1404
f 1404//1404 1389//1389 1388//1388
f 1398//1398 1394//1394 1399//1399
f 1404//1404 1388//1388 1405//1405
f 1394//1394 1393//1393 1390//1390
f 1399//1399 1404//1404 1403//1403
f 1397//1397 1396//1396 1395//1395
f 1398//1398 1395//1395 1394//1394
f 1414//1414 1411//1411 1406//1406
f 1415//1415 1410//1410 1411//1411
f 1417//1417 1412//1412 1416//1416
f 1415//1415 1416//1416 1410//1410
f 1416//1416 1409//1409 1410//1410
f 1414//1414 1407//1407 1413//1413
f 1414//1414 1406//1406 1407//1407
f 1413//1413 1407//1407 1408//1408
f 1414//1414 1415//1415 1411//1411
f 1416//1416 1412//1412 1409//1409
f 1421//1421 1419//1419 1420//1420
f 1421//1421 1418//1418 1419//1419
f 1432//1432 1427//1427 1431//1431
f 1431//1431 1427//1427 1423//1423
f 1429//1429 1425//1425 1422//1422
f 1429//1429 1422//1422 1428//1428
f 1431//1431 1423//1423 1424//1424
f 1430//1430 1431//1431 1424//1424
f 1430//1430 1424//1424 1425//1425
f 1429//1429 1430//1430 1425//1425
f 1432//1432 1426//1426 1427//1427
f 1436//1436 1434//1434 1433//1433
f 1436//1436 1433//1433 1435//1435
f 1441//1441 1438//1438 1440//1440
f 1441//1441 1439//1439 1438//1438
f 1440//1440 1438//1438 1437//1437
f 1449//1449 1445//1445 1446//1446
f 1448//1448 1443//1443 1444//1444
f 1450//1450 1445//1445 1449//1449
f 1448//1448 1442//1442 1443//1443
f 1448//1448 1449//1449 1442//1442
f 1447//1447 1448//1448 1444//1444
f 1449//1449 1446//1446 1442//1442
f 1454//1454 1451//1451 1453//1453
f 1454//1454 1452//1452 1451//1451
v -0.0055973 -0.0105000 0.0191803
v -0.0054884 -0.0105001 0.0194995
v -0.0051912 -0.0105000 0.0197434
v -0.0048111 -0.0105001 0.0198056
v -0.0044134 -0.0105001 0.0196186
v -0.0042180 -0.0105000 0.0192807
v -0.0042027 -0.0104999 0.0190197
v -0.0043228 -0.0105002 0.0186806
v -0.0046809 -0.0105000 0.0184256
v -0.0050981 -0.0105001 0.0184170
v -0.0053978 -0.0105000 0.0186023
v -0.0055765 -0.0105000 0.0188884
v -0.0055973 -0.0105000 0.0191803
v -0.0054884 -0.0105001 0.0194995
v -0.0051912 -0.0105000 0.0197434
v -0.0048111 -0.0105001 0.0198056
v -0.0044134 -0.0105001 0.0196186
v -0.0042180 -0.0105000 0.0192807
v -0.0042027 -0.0104999 0.0190197
v -0.0043228 -0.0105002 0.0186806
v -0.0046809 -0.0105000 0.0184256
v -0.0050981 -0.0105001 0.0184170
v -0.0053978 -0.0105000 0.0186023
v -0.0055765 -0.0105000 0.0188884
v -0.0057523 -0.0103496 0.0191394
v -0.0040710 -0.0103488 0.0188904
v -0.0042106 -0.0103513 0.0185942
v -0.0044358 -0.0103505 0.0183847
v -0.0046772 -0.0103494 0.0182758
v -0.0050155 -0.0103501 0.0182504
v -0.0053886 -0.0103501 0.0183954
v -0.0056152 -0.0103505 0.0186358
v -0.0057210 -0.0103484 0.0188657
v -0.0056894 -0.0103496 0.0194270
v -0.0055051 -0.0103506 0.0197051
v -0.0052270 -0.0103496 0.0198894
v -0.0049668 -0.0103503 0.0199494
v -0.0047192 -0.0103500 0.0199338
v -0.0044536 -0.0103496 0.0198285
v -0.0042521 -0.0103503 0.0196533
v -0.0041192 -0.0103500 0.0194438
v -0.0040516 -0.0103508 0.0191901
v -0.0057523 -0.0103496 0.0191394
v -0.0040710 -0.0103488 0.0188904
v -0.0042106 -0.0103513 0.0185942
v -0.0044358 -0.0103505 0.0183847
v -0.0046772 -0.0103494 0.0182758
v -0.0050155 -0.0103501 0.0182504
v -0.0053886 -0.0103501 0.0183954
v -0.0056152 -0.0103505 0.0186358
v -0.0057210 -0.0103484 0.0188657
v -0.0056894 -0.0103496 0.0194270
v -0.0055051 -0.0103506 0.0197051
v -0.0052270 -0.0103496 0.0198894
v -0.0049668 -0.0103503 0.0199494
v -0.0047192 -0.0103500 0.0199338
v -0.0044536 -0.0103496 0.0198285
v -0.0042521 -0.0103503 0.0196533
v -0.0041192 -0.0103500 0.0194438
v -0.0040516 -0.0103508 0.0191901
v -0.0057340 -0.0065000 0.0188888
v -0.0041204 -0.0065000 0.0194594
v -0.0043279 -0.0065000 0.0197330
v -0.0045430 -0.0065000 0.0198743
v -0.0048558 -0.0065000 0.0199564
v -0.0052276 -0.0065000 0.0198907
v -0.0055042 -0.0065000 0.0197042
v -0.0057192 -0.0065000 0.0193662
v -0.0055437 -0.0065000 0.0185370
v -0.0053086 -0.0065000 0.0183510
v -0.0049568 -0.0065000 0.0182415
v -0.0046048 -0.0065000 0.0183000
v -0.0043442 -0.0065000 0.0184492
v -0.0041387 -0.0065000 0.0187121
v -0.0040436 -0.0065000 0.0190559
v -0.0057340 -0.0065000 0.0188888
v -0.0041204 -0.0065000 0.0194594
v -0.0043279 -0.0065000 0.0197330
v -0.0045430 -0.0065000 0.0198743
v -0.0048558 -0.0065000 0.0199564
v -0.0052276 -0.0065000 0.0198907
v -0.0055042 -0.0065000 0.0197042
v -0.0057192 -0.0065000 0.0193662
v -0.0055437 -0.0065000 0.0185370
v -0.0053086 -0.0065000 0.0183510
v -0.0049568 -0.0065000 0.0182415
v -0.0046048 -0.0065000 0.0183000
v -0.0043442 -0.0065000 0.0184492
v -0.0041387 -0.0065000 0.0187121
v -0.0040436 -0.0065000 0.0190559
v -0.0047553 -0.0065000 0.0197876
v -0.0045080 -0.0065000 0.0196866
v -0.0043154 -0.0065000 0.0194906
v -0.0041989 -0.0065000 0.0192021
v -0.0042259 -0.0065000 0.0189018
v -0.0043459 -0.0065000 0.0186632
v -0.0045800 -0.0065000 0.0184720
v -0.0048251 -0.0065000 0.0184014
v -0.0050725 -0.0065000 0.0184172
v -0.0053136 -0.0065000 0.0185307
v -0.0055010 -0.0065000 0.0187317
v -0.0055906 -0.0065000 0.0189706
v -0.0055920 -0.0065000 0.0192376
v -0.0054846 -0.0065000 0.0194906
v -0.0053288 -0.0065000 0.0196566
v -0.0050568 -0.0065000 0.0197910
v -0.0047553 -0.0065000 0.0197876
v -0.0045080 -0.0065000 0.0196866
v -0.0043154 -0.0065000 0.0194906
v -0.0041989 -0.0065000 0.0192021
v -0.0042259 -0.0065000 0.0189018
v -0.0043459 -0.0065000 0.0186632
v -0.0045800 -0.0065000 0.0184720
v -0.0048251 -0.0065000 0.0184014
v -0.0050725 -0.0065000 0.0184172
v -0.0053136 -0.0065000 0.0185307
v -0.0055010 -0.0065000 0.0187317
v -0.0055906 -0.0065000 0.0189706
v -0.0055920 -0.0065000 0.0192376
v -0.0054846 -0.0065000 0.0194906
v -0.0053288 -0.0065000 0.0196566
v -0.0050568 -0.0065000 0.0197910
v -0.0046623 0.0100000 0.0184297
v -0.0043448 0.0100000 0.0186624
v -0.0042133 0.0100000 0.0189437
v -0.0042164 0.0100000 0.0192928
v -0.0043962 0.0100000 0.0195921
v -0.0046475 0.0100000 0.0197595
v -0.0049554 0.0100000 0.0198027
v -0.0053025 0.0100000 0.0196863
v -0.0055579 0.0100000 0.0193630
v -0.0056015 0.0100000 0.0190448
v -0.0055413 0.0100000 0.0188129
v -0.0054038 0.0100000 0.0186080
v -0.0051017 0.0100000 0.0184180
v -0.0046623 0.0100000 0.0184297
v -0.0043448 0.0100000 0.0186624
v -0.0042133 0.0100000 0.0189437
v -0.0042164 0.0100000 0.0192928
v -0.0043962 0.0100000 0.0195921
v -0.0046475 0.0100000 0.0197595
v -0.0049554 0.0100000 0.0198027
v -0.0053025 0.0100000 0.0196863
v -0.0055579 0.0100000 0.0193630
v -0.0056015 0.0100000 0.0190448
v -0.0055413 0.0100000 0.0188129
v -0.0054038 0.0100000 0.0186080
v -0.0051017 0.0100000 0.0184180
v -0.0036479 0.0100008 0.0188440
v -0.0037455 0.0100026 0.0185467
v -0.0039010 0.0100013 0.0183072
v -0.0040776 0.0100009 0.0181245
v -0.0043916 0.0100002 0.0179350
v -0.0048252 0.0100007 0.0178250
v -0.0055980 0.0100019 0.0180240
v -0.0058449 0.0100024 0.0182346
v -0.0061031 0.0100017 0.0186679
v -0.0061760 0.0100001 0.0190407
v -0.0060816 0.0100002 0.0195762
v -0.0058048 0.0100007 0.0200063
v -0.0054083 0.0100002 0.0202650
v -0.0050385 0.0100000 0.0203637
v -0.0046867 0.0100001 0.0203551
v -0.0042007 0.0100002 0.0201700
v -0.0038472 0.0100001 0.0198118
v -0.0036607 0.0100000 0.0193992
v -0.0036192 0.0108926 0.0190604
v -0.0036453 0.0108744 0.0194617
v -0.0037538 0.0108503 0.0197788
v -0.0039523 0.0108711 0.0200031
v -0.0042820 0.0108848 0.0202358
v -0.0046185 0.0108381 0.0204176
v -0.0049616 0.0108563 0.0204287
v -0.0053137 0.0108592 0.0203560
v -0.0056046 0.0108386 0.0202470
v -0.0057982 0.0108647 0.0200602
v -0.0059854 0.0108739 0.0198284
v -0.0060957 0.0109036 0.0195281
v -0.0062036 0.0108696 0.0189910
v -0.0062378 0.0108419 0.0192092
v -0.0063686 0.0106317 0.0189756
v -0.0064019 0.0104666 0.0190410
v -0.0063720 0.0102612 0.0191016
v -0.0062622 0.0100858 0.0189473
v -0.0034043 0.0103571 0.0191588
v -0.0034897 0.0101440 0.0189889
v -0.0035529 0.0100745 0.0192927
v -0.0035215 0.0107947 0.0192322
v -0.0034407 0.0106660 0.0191445
v -0.0035458 0.0107602 0.0194831
v -0.0034220 0.0105721 0.0192913
v -0.0034738 0.0106014 0.0195027
v -0.0036218 0.0107551 0.0197037
v -0.0034291 0.0103551 0.0193722
v -0.0034707 0.0104065 0.0195682
v -0.0034791 0.0101757 0.0192672
v -0.0035448 0.0105587 0.0197251
v -0.0036712 0.0106629 0.0198898
v -0.0037955 0.0107602 0.0199722
v -0.0035514 0.0101753 0.0195886
v -0.0036247 0.0103446 0.0198837
v -0.0036862 0.0104943 0.0199857
v -0.0035958 0.0102451 0.0197665
v -0.0038990 0.0107049 0.0201364
v -0.0038483 0.0106082 0.0201442
v -0.0040891 0.0107561 0.0202571
v -0.0036848 0.0100542 0.0196601
v -0.0038408 0.0103831 0.0201637
v -0.0037656 0.0101200 0.0199122
v -0.0040137 0.0104490 0.0203177
v -0.0043850 0.0107375 0.0204299
v -0.0040815 0.0105506 0.0203511
v -0.0038311 0.0102169 0.0200825
v -0.0042701 0.0106209 0.0204362
v -0.0040148 0.0102140 0.0202512
v -0.0039542 0.0100646 0.0200608
v -0.0042708 0.0104320 0.0204650
v -0.0042237 0.0102191 0.0203897
v -0.0045041 0.0105974 0.0205290
v -0.0048469 0.0107788 0.0204947
v -0.0047321 0.0106395 0.0205591
v -0.0045069 0.0104117 0.0205506
v -0.0042731 0.0100478 0.0202822
v -0.0044379 0.0102641 0.0204976
v -0.0047756 0.0104897 0.0205983
v -0.0049532 0.0105912 0.0205832
v -0.0051208 0.0107232 0.0205143
v -0.0047753 0.0103341 0.0205877
v -0.0046295 0.0101032 0.0204591
v -0.0052548 0.0106539 0.0205212
v -0.0048625 0.0102145 0.0205539
v -0.0050885 0.0104827 0.0205914
v -0.0054462 0.0107329 0.0204166
v -0.0051337 0.0102863 0.0205617
v -0.0053053 0.0104727 0.0205486
v -0.0049480 0.0100716 0.0204526
v -0.0056212 0.0106048 0.0203976
v -0.0057405 0.0107244 0.0202577
v -0.0055316 0.0104640 0.0204636
v -0.0054806 0.0102843 0.0204624
v -0.0052851 0.0101504 0.0204651
v -0.0052260 0.0100639 0.0204063
v -0.0057736 0.0104237 0.0203265
v -0.0059776 0.0107579 0.0200080
v -0.0059498 0.0106192 0.0201420
v -0.0057688 0.0102457 0.0202791
v -0.0055929 0.0100982 0.0202947
v -0.0061788 0.0107458 0.0197154
v -0.0059736 0.0103946 0.0201526
v -0.0061198 0.0106427 0.0199168
v -0.0061868 0.0105375 0.0198663
v -0.0058745 0.0101153 0.0200924
v -0.0061804 0.0104073 0.0198879
v -0.0059943 0.0102326 0.0200656
v -0.0062542 0.0107602 0.0194831
v -0.0061604 0.0102749 0.0198685
v -0.0062893 0.0106014 0.0196135
v -0.0060736 0.0101403 0.0198788
v -0.0063366 0.0104778 0.0195479
v -0.0063450 0.0106692 0.0193061
v -0.0062882 0.0103037 0.0196228
v -0.0061172 0.0100962 0.0197468
v -0.0063937 0.0104760 0.0192778
v -0.0062599 0.0101748 0.0195433
v -0.0063545 0.0103064 0.0193955
v -0.0062085 0.0100639 0.0194178
v -0.0062982 0.0101374 0.0192690
v -0.0061403 0.0108799 0.0187182
v -0.0059579 0.0108743 0.0183291
v -0.0055834 0.0108741 0.0179832
v -0.0051533 0.0108753 0.0178203
v -0.0047404 0.0108849 0.0178184
v -0.0043640 0.0108783 0.0179155
v -0.0039795 0.0108610 0.0181511
v -0.0038159 0.0108752 0.0183810
v -0.0036715 0.0108674 0.0186318
v -0.0063063 0.0107574 0.0189907
v -0.0062242 0.0107604 0.0186106
v -0.0063262 0.0106014 0.0186973
v -0.0063625 0.0104713 0.0187480
v -0.0063724 0.0103344 0.0188605
v -0.0062315 0.0106436 0.0184834
v -0.0060804 0.0107424 0.0183097
v -0.0062722 0.0104883 0.0184868
v -0.0063053 0.0101796 0.0188205
v -0.0062908 0.0102827 0.0185986
v -0.0061742 0.0105593 0.0183211
v -0.0058443 0.0107626 0.0180541
v -0.0059333 0.0106698 0.0180710
v -0.0061953 0.0102827 0.0183872
v -0.0062020 0.0101384 0.0185655
v -0.0061165 0.0104375 0.0182146
v -0.0060070 0.0105218 0.0180905
v -0.0060747 0.0102335 0.0182297
v -0.0055319 0.0107408 0.0178266
v -0.0060544 0.0100692 0.0183955
v -0.0058793 0.0104940 0.0179584
v -0.0056690 0.0106198 0.0178387
v -0.0058580 0.0103074 0.0179623
v -0.0052637 0.0108103 0.0177780
v -0.0056368 0.0104599 0.0177859
v -0.0058446 0.0101258 0.0180628
v -0.0053627 0.0106473 0.0177042
v -0.0055699 0.0103354 0.0177663
v -0.0055999 0.0101758 0.0178522
v -0.0049910 0.0107623 0.0176937
v -0.0051383 0.0105647 0.0176262
v -0.0053219 0.0104296 0.0176577
v -0.0054194 0.0101684 0.0177687
v -0.0052950 0.0102532 0.0176871
v -0.0047334 0.0107602 0.0177025
v -0.0051078 0.0103083 0.0176259
v -0.0047898 0.0106054 0.0176219
v -0.0049611 0.0104700 0.0175992
v -0.0044443 0.0107768 0.0177771
v -0.0053020 0.0100008 0.0178891
v -0.0051305 0.0100990 0.0177392
v -0.0046970 0.0104483 0.0176099
v -0.0048408 0.0103399 0.0176095
v -0.0045012 0.0106037 0.0176736
v -0.0048483 0.0101516 0.0176820
v -0.0044296 0.0104793 0.0176722
v -0.0046524 0.0103105 0.0176329
v -0.0040970 0.0108093 0.0179888
v -0.0042298 0.0105912 0.0177725
v -0.0041945 0.0106859 0.0178334
v -0.0043192 0.0103591 0.0177194
v -0.0045132 0.0101987 0.0177110
v -0.0045238 0.0100829 0.0177856
v -0.0039505 0.0106468 0.0179772
v -0.0040651 0.0104273 0.0178504
v -0.0042565 0.0101983 0.0178061
v -0.0041260 0.0102484 0.0178537
v -0.0037558 0.0107573 0.0182751
v -0.0038410 0.0105069 0.0180365
v -0.0036786 0.0106237 0.0182678
v -0.0038927 0.0102964 0.0180092
v -0.0041972 0.0100719 0.0179432
v -0.0035678 0.0107119 0.0185562
v -0.0039865 0.0101252 0.0180415
v -0.0037187 0.0104306 0.0181715
v -0.0037288 0.0102607 0.0182085
v -0.0035455 0.0107987 0.0188339
v -0.0035581 0.0105044 0.0184211
v -0.0036061 0.0102949 0.0183792
v -0.0038146 0.0101191 0.0182286
v -0.0034499 0.0106563 0.0188837
v -0.0034596 0.0105342 0.0186974
v -0.0034717 0.0103808 0.0186390
v -0.0036576 0.0101361 0.0184399
v -0.0035114 0.0102417 0.0186386
v -0.0034000 0.0104622 0.0189828
v -0.0035458 0.0101385 0.0187181
v -0.0034286 0.0103001 0.0189212
v -0.0057403 0.0111277 0.0189239
v -0.0059979 0.0110069 0.0189426
v -0.0050757 0.0112222 0.0185385
v -0.0051296 0.0112541 0.0187122
v -0.0052571 0.0112573 0.0188513
v -0.0054320 0.0112303 0.0189209
v -0.0047243 0.0110051 0.0180124
v -0.0050686 0.0110043 0.0180055
v -0.0047231 0.0111378 0.0182747
v -0.0043943 0.0112352 0.0189174
v -0.0045910 0.0112605 0.0188149
v -0.0047183 0.0112380 0.0186000
v -0.0038113 0.0110049 0.0189251
v -0.0040597 0.0111277 0.0189239
v -0.0055613 0.0111280 0.0185383
v -0.0053258 0.0112009 0.0185998
v -0.0058758 0.0110230 0.0186467
v -0.0056421 0.0110225 0.0183240
v -0.0050769 0.0111378 0.0182747
v -0.0053496 0.0110212 0.0181216
v -0.0044180 0.0112009 0.0186449
v -0.0044504 0.0110212 0.0181216
v -0.0042387 0.0111280 0.0185383
v -0.0041579 0.0110225 0.0183240
v -0.0039242 0.0110230 0.0186467
v -0.0059866 0.0110050 0.0192759
v -0.0038069 0.0110032 0.0192755
v -0.0040960 0.0111437 0.0192762
v -0.0047203 0.0112295 0.0196287
v -0.0046504 0.0112577 0.0194552
v -0.0044471 0.0112461 0.0192926
v -0.0047281 0.0110037 0.0201999
v -0.0047232 0.0111547 0.0198783
v -0.0050763 0.0110088 0.0201851
v -0.0050762 0.0111524 0.0198785
v -0.0054412 0.0112279 0.0192770
v -0.0052514 0.0112584 0.0193524
v -0.0051400 0.0112550 0.0194739
v -0.0050827 0.0112358 0.0196117
v -0.0057633 0.0111198 0.0192768
v -0.0055389 0.0111244 0.0197067
v -0.0053863 0.0110161 0.0200754
v -0.0043824 0.0111867 0.0195990
v -0.0042609 0.0110175 0.0199848
v -0.0040071 0.0110538 0.0196018
v -0.0059979 0.0110069 0.0189426
v -0.0059866 0.0110050 0.0192759
v -0.0059886 0.0106500 0.0189244
v -0.0059929 0.0106500 0.0192740
v -0.0059866 0.0110050 0.0192759
v -0.0059929 0.0106500 0.0192740
v -0.0050763 0.0110088 0.0201851
v -0.0050762 0.0111524 0.0198785
v -0.0054412 0.0112279 0.0192770
v -0.0052514 0.0112584 0.0193524
v -0.0051400 0.0112550 0.0194739
v -0.0050827 0.0112358 0.0196117
v -0.0057633 0.0111198 0.0192768
v -0.0050695 0.0106500 0.0201999
v -0.0050774 0.0106500 0.0196499
v -0.0051415 0.0106500 0.0194618
v -0.0053684 0.0106500 0.0192876
v -0.0059886 0.0106500 0.0189244
v -0.0059929 0.0106500 0.0192740
v -0.0053677 0.0106500 0.0189126
v -0.0051529 0.0106500 0.0187511
v -0.0050787 0.0106500 0.0185675
v -0.0050759 0.0106500 0.0180123
v -0.0047264 0.0106500 0.0180058
v -0.0047214 0.0106500 0.0185666
v -0.0046274 0.0106500 0.0187821
v -0.0043968 0.0106500 0.0189182
v -0.0038129 0.0106500 0.0189241
v -0.0038043 0.0106500 0.0192722
v -0.0044306 0.0106500 0.0192869
v -0.0046595 0.0106500 0.0194635
v -0.0047226 0.0106500 0.0196508
v -0.0047240 0.0106500 0.0201858
v -0.0050695 0.0106500 0.0201999
v -0.0050774 0.0106500 0.0196499
v -0.0051415 0.0106500 0.0194618
v -0.0053684 0.0106500 0.0192876
v -0.0057403 0.0111277 0.0189239
v -0.0059979 0.0110069 0.0189426
v -0.0050757 0.0112222 0.0185385
v -0.0051296 0.0112541 0.0187122
v -0.0052571 0.0112573 0.0188513
v -0.0054320 0.0112303 0.0189209
v -0.0050686 0.0110043 0.0180055
v -0.0050769 0.0111378 0.0182747
v -0.0059886 0.0106500 0.0189244
v -0.0053677 0.0106500 0.0189126
v -0.0051529 0.0106500 0.0187511
v -0.0050787 0.0106500 0.0185675
v -0.0050759 0.0106500 0.0180123
v -0.0047243 0.0110051 0.0180124
v -0.0050686 0.0110043 0.0180055
v -0.0050759 0.0106500 0.0180123
v -0.0047264 0.0106500 0.0180058
v -0.0047243 0.0110051 0.0180124
v -0.0047231 0.0111378 0.0182747
v -0.0043943 0.0112352 0.0189174
v -0.0045910 0.0112605 0.0188149
v -0.0047183 0.0112380 0.0186000
v -0.0038113 0.0110049 0.0189251
v -0.0040597 0.0111277 0.0189239
v -0.0047264 0.0106500 0.0180058
v -0.0047214 0.0106500 0.0185666
v -0.0046274 0.0106500 0.0187821
v -0.0043968 0.0106500 0.0189182
v -0.0038129 0.0106500 0.0189241
v -0.0038113 0.0110049 0.0189251
v -0.0038069 0.0110032 0.0192755
v -0.0038129 0.0106500 0.0189241
v -0.0038043 0.0106500 0.0192722
v -0.0038069 0.0110032 0.0192755
v -0.0040960 0.0111437 0.0192762
v -0.0044471 0.0112461 0.0192926
v -0.0038043 0.0106500 0.0192722
v -0.0044306 0.0106500 0.0192869
v -0.0047203 0.0112295 0.0196287
v -0.0046504 0.0112577 0.0194552
v -0.0044471 0.0112461 0.0192926
v -0.0047281 0.0110037 0.0201999
v -0.0047232 0.0111547 0.0198783
v -0.0044306 0.0106500 0.0192869
v -0.0046595 0.0106500 0.0194635
v -0.0047226 0.0106500 0.0196508
v -0.0047240 0.0106500 0.0201858
v -0.0047281 0.0110037 0.0201999
v -0.0050763 0.0110088 0.0201851
v -0.0047240 0.0106500 0.0201858
v -0.0050695 0.0106500 0.0201999
vn -0.001475 -0.999999 0.000112
vn 0.000146 -1.000000 -0.000122
vn -0.000109 -1.000000 0.000032
vn -0.000084 -1.000000 -0.000022
vn 0.000056 -1.000000 -0.000153
vn 0.000134 -1.000000 -0.000215
vn 0.000012 -1.000000 0.000106
vn -0.000173 -1.000000 0.000473
vn -0.000100 -1.000000 -0.000201
vn 0.000060 -1.000000 0.000449
vn -0.000020 -1.000000 0.000019
vn -0.000135 -1.000000 -0.000042
vn -0.687008 -0.721648 0.085110
vn -0.576015 -0.716640 0.393236
vn -0.285696 -0.724551 0.627219
vn 0.092409 -0.725997 0.681461
vn 0.469291 -0.726038 0.502629
vn 0.661372 -0.725102 0.191869
vn 0.685642 -0.722435 -0.089348
vn 0.559018 -0.720545 -0.410261
vn 0.207646 -0.728179 -0.653176
vn -0.194220 -0.712546 -0.674208
vn -0.490516 -0.724019 -0.484965
vn -0.666531 -0.715951 -0.207727
vn -0.707374 -0.706231 0.029330
vn 0.679064 -0.711670 -0.179992
vn 0.585347 -0.689155 -0.427123
vn 0.383273 -0.725523 -0.571593
vn 0.165446 -0.697606 -0.697118
vn -0.077954 -0.711328 -0.698524
vn -0.396971 -0.707575 -0.584595
vn -0.588323 -0.709591 -0.387759
vn -0.696948 -0.692039 -0.188004
vn -0.658622 -0.705378 0.262028
vn -0.486338 -0.710503 0.508587
vn -0.273220 -0.702683 0.656954
vn -0.073508 -0.715410 0.694828
vn 0.175169 -0.699253 0.693081
vn 0.341039 -0.722563 0.601328
vn 0.554475 -0.701065 0.448404
vn 0.628509 -0.719702 0.294967
vn 0.708852 -0.702320 0.065389
vn -0.998722 -0.003088 0.050447
vn 0.968236 -0.003898 -0.250007
vn 0.807269 -0.003743 -0.590172
vn 0.553183 -0.002878 -0.833055
vn 0.247398 -0.002571 -0.968910
vn -0.147511 -0.003240 -0.989055
vn -0.558472 -0.003544 -0.829516
vn -0.829391 -0.002168 -0.558664
vn -0.962857 -0.001652 -0.270007
vn -0.920097 -0.000953 0.391690
vn -0.707705 0.000913 0.706508
vn -0.394913 -0.000381 0.918718
vn -0.082765 -0.001880 0.996567
vn 0.218656 -0.002936 0.975798
vn 0.519690 -0.002518 0.854351
vn 0.758458 -0.002163 0.651719
vn 0.916178 -0.001328 0.400770
vn 0.995077 -0.002340 0.099073
vn -0.972880 0.005320 -0.231248
vn 0.913524 0.003713 0.406767
vn 0.682811 0.002918 0.730590
vn 0.407013 0.002971 0.913417
vn 0.040777 0.003206 0.999163
vn -0.375540 0.001719 0.926804
vn -0.716459 0.000339 0.697629
vn -0.955088 0.003490 0.296302
vn -0.765579 0.003852 -0.643331
vn -0.466254 0.002942 -0.884646
vn -0.068677 0.002615 -0.997636
vn 0.335693 0.002855 -0.941967
vn 0.654117 0.003291 -0.756387
vn 0.893019 0.004224 -0.450000
vn 0.999160 0.004431 -0.040750
vn 0.000000 1.000000 0.000000
vn 0.000000 1.000000 0.000001
vn -0.000000 1.000000 0.000001
vn 0.000000 1.000000 0.000000
vn 0.000000 1.000000 0.000000
vn 0.000000 1.000000 0.000000
vn 0.000000 1.000000 0.000000
vn 0.000000 1.000000 0.000000
vn 0.000000 1.000000 0.000000
vn 0.000000 1.000000 0.000000
vn 0.000000 1.000000 0.000000
vn 0.000000 1.000000 0.000000
vn 0.000000 1.000000 -0.000002
vn 0.000000 1.000000 -0.000001
vn 0.000000 1.000000 0.000000
vn 0.000000 1.000000 0.000000
vn -0.000000 1.000000 0.000001
vn 0.000000 1.000000 0.000001
vn 0.000000 1.000000 0.000000
vn 0.000000 1.000000 0.000000
vn 0.000000 1.000000 -0.000002
vn -0.000000 1.000000 -0.000000
vn 0.000000 1.000000 0.000000
vn 0.000000 1.000000 0.000000
vn 0.000000 1.000000 0.000000
vn 0.000000 1.000000 0.000000
vn 0.000000 1.000000 0.000000
vn 0.000000 1.000000 0.000000
vn 0.000000 1.000000 0.000000
vn 0.000000 1.000000 0.000000
vn 0.000000 1.000000 0.000000
vn 0.198059 -0.000842 0.980190
vn 0.557056 -0.000863 0.830474
vn 0.836247 -0.000950 0.548353
vn 0.989236 -0.000814 0.146329
vn 0.961575 -0.000310 -0.274543
vn 0.780110 -0.000085 -0.625642
vn 0.464505 -0.000586 -0.885570
vn 0.107761 -0.000568 -0.994177
vn -0.249056 -0.000396 -0.968489
vn -0.589295 -0.000761 -0.807918
vn -0.850146 -0.000690 -0.526547
vn -0.983472 -0.000603 -0.181058
vn -0.980464 -0.000860 0.196698
vn -0.837617 -0.000566 0.546258
vn -0.595740 -0.000499 0.803177
vn -0.221878 -0.000853 0.975074
vn 0.323820 0.001209 -0.946118
vn 0.772772 0.000644 -0.634684
vn 0.977095 0.000708 -0.212802
vn 0.962455 0.001046 0.271438
vn 0.723430 0.001036 0.690397
vn 0.355472 0.000907 0.934687
vn -0.091756 0.001046 0.995781
vn -0.575152 0.001330 0.818045
vn -0.920194 0.001190 0.391461
vn -0.998253 0.000758 -0.059086
vn -0.912131 0.000604 -0.409898
vn -0.696675 0.000893 -0.717387
vn -0.264255 0.001291 -0.964452
vn 0.000394 -1.000000 -0.000812
vn 0.002748 -0.999996 -0.000875
vn 0.002155 -0.999996 -0.001607
vn 0.000398 -1.000000 -0.000282
vn 0.000078 -1.000000 0.000173
vn 0.000107 -1.000000 0.000234
vn 0.000062 -1.000000 0.000111
vn -0.000712 -1.000000 0.000335
vn -0.000311 -1.000000 0.000495
vn -0.001055 -0.999999 -0.001055
vn -0.002949 -0.999994 -0.001759
vn -0.002847 -0.999993 -0.002425
vn -0.001206 -0.999998 -0.001558
vn 0.408133 -0.909465 -0.079372
vn 0.379693 -0.907354 -0.180395
vn 0.319427 -0.914107 -0.249751
vn 0.263043 -0.915909 -0.303182
vn 0.152930 -0.923011 -0.353076
vn 0.022669 -0.910379 -0.413153
vn -0.229398 -0.900878 -0.368505
vn -0.312777 -0.908630 -0.276697
vn -0.391883 -0.909576 -0.138201
vn -0.398211 -0.917278 -0.005479
vn -0.362579 -0.920047 0.148494
vn -0.296969 -0.909110 0.292112
vn -0.156940 -0.921068 0.356376
vn -0.042256 -0.927803 0.370671
vn 0.066002 -0.923264 0.378453
vn 0.228359 -0.919121 0.321044
vn 0.315990 -0.923318 0.218250
vn 0.380958 -0.919649 0.095485
vn 0.625840 0.779604 -0.023279
vn 0.617372 0.765016 0.183311
vn 0.588153 0.728003 0.352261
vn 0.472180 0.753745 0.457072
vn 0.299929 0.766729 0.567599
vn 0.156661 0.689538 0.707103
vn -0.042992 0.734436 0.677315
vn -0.206278 0.733360 0.647790
vn -0.368236 0.709082 0.601336
vn -0.448053 0.752671 0.482427
vn -0.536918 0.764189 0.357399
vn -0.569703 0.794079 0.211842
vn -0.652470 0.755249 -0.062305
vn -0.704744 0.706583 0.063844
vn -0.943743 0.319899 -0.083747
vn -0.999107 0.028456 -0.031245
vn -0.943606 -0.331043 0.004320
vn -0.761548 -0.642405 -0.085792
vn 0.984515 -0.169873 0.043274
vn 0.829939 -0.554575 -0.060400
vn 0.717570 -0.690495 0.091157
vn 0.785600 0.613657 0.079103
vn 0.920133 0.391060 0.020695
vn 0.811417 0.541893 0.218985
vn 0.966321 0.220879 0.132043
vn 0.926425 0.278384 0.253453
vn 0.762269 0.540496 0.356105
vn 0.968574 -0.170450 0.181137
vn 0.946191 -0.083776 0.312577
vn 0.881401 -0.461087 0.102624
vn 0.890257 0.190069 0.413904
vn 0.776365 0.386330 0.498002
vn 0.650978 0.559518 0.512999
vn 0.827012 -0.482324 0.288815
vn 0.835387 -0.187495 0.516696
vn 0.804271 0.086073 0.587996
vn 0.824489 -0.378322 0.420821
vn 0.598500 0.484460 0.638041
vn 0.683816 0.262009 0.680989
vn 0.481542 0.550486 0.681969
vn 0.629148 -0.719966 0.292952
vn 0.701652 -0.114738 0.703221
vn 0.665803 -0.580452 0.468810
vn 0.590751 -0.033712 0.806149
vn 0.300038 0.534138 0.790363
vn 0.533442 0.215146 0.818017
vn 0.674201 -0.415127 0.610838
vn 0.411831 0.294840 0.862244
vn 0.548290 -0.421790 0.722130
vn 0.495215 -0.703151 0.510236
vn 0.419734 -0.039503 0.906787
vn 0.425219 -0.401678 0.811076
vn 0.252113 0.265968 0.930430
vn 0.039484 0.564613 0.824411
vn 0.118812 0.364248 0.923692
vn 0.259117 -0.059948 0.963984
vn 0.310839 -0.712862 0.628655
vn 0.291710 -0.352571 0.889157
vn 0.081963 0.070539 0.994136
vn -0.035951 0.276865 0.960236
vn -0.129938 0.503486 0.854177
vn 0.086900 -0.209781 0.973879
vn 0.165518 -0.603350 0.780111
vn -0.238358 0.355435 0.903798
vn 0.016926 -0.430178 0.902585
vn -0.120900 0.048895 0.991460
vn -0.325866 0.507323 0.797768
vn -0.146208 -0.294322 0.944456
vn -0.278653 0.036617 0.959694
vn -0.028880 -0.669008 0.742694
vn -0.468515 0.279514 0.838073
vn -0.522239 0.488146 0.699271
vn -0.412936 0.026176 0.910384
vn -0.377916 -0.299468 0.876070
vn -0.232244 -0.526073 0.818114
vn -0.168316 -0.712427 0.681262
vn -0.580399 -0.033184 0.813656
vn -0.632210 0.560871 0.534541
vn -0.677322 0.288087 0.676935
vn -0.547745 -0.373045 0.748874
vn -0.391544 -0.630115 0.670558
vn -0.760391 0.534753 0.368571
vn -0.717427 -0.083517 0.691610
vn -0.773640 0.356996 0.523484
vn -0.849859 0.165655 0.500298
vn -0.557492 -0.598147 0.575694
vn -0.845049 -0.073553 0.529606
vn -0.695051 -0.380541 0.609994
vn -0.793453 0.565375 0.225350
vn -0.809968 -0.322680 0.489724
vn -0.897447 0.286699 0.335250
vn -0.677358 -0.570336 0.464654
vn -0.954262 0.048393 0.295029
vn -0.912387 0.389468 0.125955
vn -0.900005 -0.253779 0.354383
vn -0.678539 -0.638764 0.362719
vn -0.992652 0.047147 0.111442
vn -0.823294 -0.496823 0.274508
vn -0.948234 -0.258390 0.184625
vn -0.676428 -0.719701 0.156448
vn -0.820885 -0.563381 0.093538
vn -0.622965 0.758276 -0.192176
vn -0.528500 0.754941 -0.388269
vn -0.349027 0.750948 -0.560587
vn -0.116718 0.770913 -0.626155
vn 0.077961 0.772272 -0.630490
vn 0.272874 0.767207 -0.580460
vn 0.475931 0.726993 -0.494946
vn 0.540441 0.764070 -0.352307
vn 0.624641 0.742419 -0.242153
vn -0.826465 0.557497 -0.078437
vn -0.774015 0.568158 -0.279460
vn -0.921068 0.298928 -0.249553
vn -0.971685 0.030822 -0.234261
vn -0.965304 -0.210648 -0.154324
vn -0.848193 0.352047 -0.395767
vn -0.709094 0.520139 -0.476068
vn -0.913739 0.045836 -0.403707
vn -0.856527 -0.484196 -0.178650
vn -0.902418 -0.284026 -0.323992
vn -0.828445 0.212073 -0.518367
vn -0.534664 0.584852 -0.609987
vn -0.660723 0.380955 -0.646775
vn -0.839007 -0.295484 -0.456899
vn -0.762802 -0.565929 -0.312822
vn -0.802923 -0.044580 -0.594413
vn -0.738103 0.125050 -0.662998
vn -0.732290 -0.392556 -0.556464
vn -0.379912 0.534563 -0.754923
vn -0.620186 -0.685003 -0.382284
vn -0.648746 0.080795 -0.756704
vn -0.500569 0.317316 -0.805445
vn -0.625151 -0.256886 -0.737019
vn -0.212989 0.640704 -0.737654
vn -0.485433 0.027824 -0.873831
vn -0.551967 -0.572077 -0.606680
vn -0.295379 0.339244 -0.893121
vn -0.433905 -0.220220 -0.873630
vn -0.432490 -0.506137 -0.746176
vn -0.053436 0.556977 -0.828807
vn -0.152259 0.210416 -0.965682
vn -0.289365 -0.026312 -0.956857
vn -0.315539 -0.523933 -0.791157
vn -0.252136 -0.349463 -0.902387
vn 0.106301 0.557870 -0.823092
vn -0.130947 -0.253210 -0.958508
vn 0.069047 0.286964 -0.955450
vn -0.046394 0.041164 -0.998075
vn 0.260759 0.582116 -0.770160
vn -0.135525 -0.910031 -0.391760
vn -0.122911 -0.633694 -0.763757
vn 0.142203 0.018219 -0.989670
vn 0.026353 -0.212212 -0.976868
vn 0.246787 0.299024 -0.921781
vn 0.028833 -0.534371 -0.844758
vn 0.309380 0.043545 -0.949941
vn 0.171416 -0.263414 -0.949331
vn 0.442377 0.653498 -0.614201
vn 0.435088 0.232908 -0.869743
vn 0.435036 0.456620 -0.776043
vn 0.384745 -0.157998 -0.909400
vn 0.241357 -0.437956 -0.865992
vn 0.199712 -0.670745 -0.714294
vn 0.604292 0.360842 -0.710369
vn 0.557424 -0.022096 -0.829934
vn 0.383990 -0.467320 -0.796344
vn 0.503300 -0.361432 -0.784893
vn 0.667042 0.561806 -0.489315
vn 0.700493 0.099370 -0.706707
vn 0.783302 0.306043 -0.541088
vn 0.653525 -0.273423 -0.705794
vn 0.381070 -0.676661 -0.630012
vn 0.816937 0.467389 -0.337877
vn 0.538178 -0.580199 -0.611338
vn 0.796859 -0.036578 -0.603057
vn 0.753366 -0.332861 -0.567136
vn 0.757796 0.636636 -0.142966
vn 0.887941 0.091843 -0.450695
vn 0.840290 -0.251445 -0.480300
vn 0.619997 -0.599812 -0.505795
vn 0.919780 0.370090 -0.130534
vn 0.950195 0.164791 -0.264523
vn 0.946335 -0.117325 -0.301138
vn 0.725764 -0.569290 -0.386232
vn 0.879152 -0.375693 -0.293166
vn 0.995983 0.039239 -0.080484
vn 0.789020 -0.574793 -0.216933
vn 0.953769 -0.273325 -0.124973
vn -0.368556 0.918025 -0.146278
vn -0.516593 0.852029 -0.084724
vn -0.147141 0.951457 -0.270332
vn -0.150347 0.969011 -0.195995
vn -0.193613 0.967282 -0.163947
vn -0.265614 0.951450 -0.155534
vn 0.104641 0.854185 -0.509332
vn -0.091833 0.852768 -0.514153
vn 0.168504 0.917269 -0.360865
vn 0.262551 0.954524 -0.141247
vn 0.172067 0.971157 -0.165065
vn 0.156223 0.953741 -0.256850
vn 0.509951 0.854329 -0.100357
vn 0.368642 0.918544 -0.142757
vn -0.294778 0.920727 -0.255670
vn -0.196463 0.950697 -0.239951
vn -0.439507 0.872613 -0.213024
vn -0.338173 0.868719 -0.361892
vn -0.169374 0.916012 -0.363641
vn -0.207955 0.875086 -0.437011
vn 0.217531 0.952016 -0.215281
vn 0.213819 0.873840 -0.436675
vn 0.295382 0.920241 -0.256720
vn 0.335355 0.868459 -0.365124
vn 0.439493 0.873531 -0.209262
vn -0.510074 0.854132 0.101406
vn 0.507100 0.856065 0.100013
vn 0.359235 0.922599 0.140577
vn 0.143620 0.955866 0.256308
vn 0.157140 0.969918 0.185919
vn 0.235436 0.962207 0.136850
vn 0.114297 0.850290 0.513755
vn 0.169856 0.917808 0.358857
vn -0.102174 0.855148 0.508215
vn -0.161114 0.922860 0.349815
vn -0.267513 0.948824 0.167841
vn -0.208241 0.958312 0.195638
vn -0.210545 0.952461 0.220204
vn -0.181169 0.950466 0.252571
vn -0.388014 0.903883 0.180114
vn -0.298075 0.914411 0.273870
vn -0.228519 0.870699 0.435502
vn 0.238556 0.942695 0.233275
vn 0.282128 0.874185 0.395228
vn 0.407033 0.883185 0.233043
vn 0.999931 0.003840 -0.011086
vn 0.999275 -0.017339 -0.033882
vn 0.999601 0.025475 0.012215
vn 0.999939 0.005002 -0.009835
vn 0.001642 0.005050 -0.999986
vn 0.016039 -0.001985 -0.999869
vn 0.999938 0.008143 -0.007617
vn 0.999938 0.002562 -0.010882
vn 0.202622 0.007666 -0.979227
vn 0.578654 0.012113 -0.815483
vn 0.839616 0.008816 -0.543109
vn 0.972297 0.004314 -0.233708
vn 0.011362 -0.007698 -0.999906
vn 0.999726 0.018378 -0.014479
vn 0.986646 -0.001774 -0.162872
vn 0.816126 -0.018249 -0.577585
vn 0.324233 -0.016216 -0.945838
vn 0.000000 1.000000 0.000000
vn 0.000000 1.000000 0.000000
vn 0.000000 1.000000 0.000000
vn 0.000000 1.000000 0.000000
vn 0.000000 1.000000 0.000000
vn 0.000000 1.000000 0.000000
vn 0.000000 1.000000 0.000000
vn 0.000000 1.000000 0.000000
vn -0.000000 1.000000 -0.000000
vn 0.000001 1.000000 -0.000002
vn -0.000002 1.000000 0.000000
vn -0.000001 1.000000 -0.000001
vn -0.000002 1.000000 -0.000001
vn -0.000001 1.000000 -0.000000
vn 0.000000 1.000000 0.000000
vn 0.000000 1.000000 0.000000
vn 0.000000 1.000000 0.000000
vn 0.000000 1.000000 0.000000
vn 0.000000 1.000000 0.000000
vn 0.000000 1.000000 0.000000
vn 0.033344 -0.018994 0.999263
vn 0.094746 -0.048211 0.994333
vn 0.986016 0.003405 0.166615
vn 0.861337 0.010400 0.507927
vn 0.577488 0.013865 0.816281
vn 0.207813 0.008972 0.978127
vn 0.998991 -0.019660 0.040384
vn 0.999938 -0.006628 0.008899
vn 0.043069 -0.021353 0.998844
vn 0.320029 -0.015375 0.947283
vn 0.795921 -0.017003 0.605162
vn 0.981704 -0.005101 0.190346
vn 0.999842 -0.006779 0.016437
vn -0.019774 -0.018234 0.999638
vn -0.000824 0.000066 1.000000
vn 0.018522 0.018749 0.999653
vn -0.000277 0.000595 1.000000
vn -0.999981 0.006110 0.001217
vn -0.999949 0.003913 0.009351
vn -0.278879 0.002545 0.960323
vn -0.684517 0.010806 0.728916
vn -0.954687 0.010728 0.297418
vn -0.006542 -0.002974 0.999974
vn -0.013102 -0.001774 0.999913
vn -0.999974 0.003195 0.006507
vn -0.979272 -0.007305 0.202416
vn -0.748695 -0.012061 0.662805
vn -0.264941 -0.007289 0.964237
vn -0.009016 -0.004252 0.999950
vn -0.999825 -0.001663 0.018650
vn -0.999892 -0.007515 0.012668
vn -0.999685 0.004296 0.024741
vn -0.999823 -0.001561 0.018754
vn 0.002072 0.009254 -0.999955
vn -0.027309 0.003105 -0.999622
vn -0.044370 0.008294 -0.998981
vn -0.014892 -0.000773 -0.999889
vn -0.031646 -0.000339 -0.999499
vn -0.975431 0.004772 -0.220252
vn -0.795012 0.003587 -0.606583
vn -0.620782 -0.003585 -0.783975
vn -0.999964 -0.003209 -0.007852
vn -0.999923 0.004115 -0.011726
vn -0.610717 -0.009413 -0.791793
vn -0.814377 -0.006423 -0.580301
vn -0.986744 -0.004912 -0.162208
vn -0.999931 -0.011500 -0.002510
vn 0.001512 -0.001628 -0.999998
vn 0.041803 -0.040517 -0.998304
vn -0.040776 0.039189 -0.998399
vn 0.000089 -0.000254 -1.000000
f 1466//1466 1457//1457 1456//1456
f 1466//1466 1456//1456 1455//1455
f 1466//1466 1458//1458 1457//1457
f 1465//1465 1459//1459 1458//1458
f 1465//1465 1458//1458 1466//1466
f 1465//1465 1460//1460 1459//1459
f 1465//1465 1461//1461 1460//1460
f 1465//1465 1463//1463 1462//1462
f 1465//1465 1462//1462 1461//1461
f 1465//1465 1464//1464 1463//1463
f 1489//1489 1488//1488 1468//1468
f 1489//1489 1468//1468 1469//1469
f 1490//1490 1489//1489 1469//1469
f 1491//1491 1490//1490 1469//1469
f 1491//1491 1469//1469 1470//1470
f 1492//1492 1491//1491 1470//1470
f 1495//1495 1471//1471 1472//1472
f 1493//1493 1492//1492 1470//1470
f 1494//1494 1493//1493 1471//1471
f 1495//1495 1494//1494 1471//1471
f 1488//1488 1467//1467 1468//1468
f 1472//1472 1473//1473 1496//1496
f 1493//1493 1470//1470 1471//1471
f 1467//1467 1488//1488 1479//1479
f 1472//1472 1496//1496 1495//1495
f 1478//1478 1467//1467 1479//1479
f 1478//1478 1479//1479 1487//1487
f 1473//1473 1480//1480 1496//1496
f 1480//1480 1473//1473 1474//1474
f 1481//1481 1480//1480 1474//1474
f 1482//1482 1481//1481 1474//1474
f 1483//1483 1482//1482 1475//1475
f 1482//1482 1474//1474 1475//1475
f 1484//1484 1475//1475 1476//1476
f 1485//1485 1484//1484 1476//1476
f 1485//1485 1476//1476 1477//1477
f 1486//1486 1485//1485 1477//1477
f 1486//1486 1477//1477 1478//1478
f 1487//1487 1486//1486 1478//1478
f 1484//1484 1483//1483 1475//1475
f 1500//1500 1526//1526 1527//1527
f 1498//1498 1499//1499 1528//1528
f 1499//1499 1527//1527 1528//1528
f 1499//1499 1500//1500 1527//1527
f 1500//1500 1501//1501 1526//1526
f 1501//1501 1525//1525 1526//1526
f 1504//1504 1505//1505 1515//1515
f 1502//1502 1524//1524 1525//1525
f 1502//1502 1503//1503 1524//1524
f 1503//1503 1523//1523 1524//1524
f 1503//1503 1504//1504 1523//1523
f 1504//1504 1515//1515 1523//1523
f 1498//1498 1528//1528 1529//1529
f 1505//1505 1497//1497 1515//1515
f 1501//1501 1502//1502 1525//1525
f 1514//1514 1498//1498 1529//1529
f 1507//1507 1508//1508 1520//1520
f 1497//1497 1506//1506 1522//1522
f 1514//1514 1529//1529 1516//1516
f 1513//1513 1514//1514 1516//1516
f 1512//1512 1513//1513 1516//1516
f 1497//1497 1522//1522 1515//1515
f 1511//1511 1512//1512 1517//1517
f 1511//1511 1517//1517 1518//1518
f 1510//1510 1511//1511 1518//1518
f 1512//1512 1516//1516 1517//1517
f 1509//1509 1510//1510 1519//1519
f 1509//1509 1519//1519 1520//1520
f 1508//1508 1509//1509 1520//1520
f 1507//1507 1520//1520 1521//1521
f 1507//1507 1521//1521 1522//1522
f 1506//1506 1507//1507 1522//1522
f 1510//1510 1518//1518 1519//1519
f 1535//1535 1534//1534 1560//1560
f 1536//1536 1559//1559 1558//1558
f 1536//1536 1558//1558 1537//1537
f 1536//1536 1535//1535 1559//1559
f 1535//1535 1560//1560 1559//1559
f 1537//1537 1558//1558 1557//1557
f 1537//1537 1557//1557 1530//1530
f 1550//1550 1543//1543 1542//1542
f 1534//1534 1545//1545 1560//1560
f 1551//1551 1550//1550 1542//1542
f 1551//1551 1542//1542 1541//1541
f 1549//1549 1543//1543 1550//1550
f 1530//1530 1557//1557 1556//1556
f 1549//1549 1544//1544 1543//1543
f 1552//1552 1541//1541 1540//1540
f 1548//1548 1544//1544 1549//1549
f 1553//1553 1552//1552 1540//1540
f 1548//1548 1531//1531 1544//1544
f 1553//1553 1540//1540 1539//1539
f 1552//1552 1551//1551 1541//1541
f 1554//1554 1553//1553 1539//1539
f 1547//1547 1531//1531 1548//1548
f 1534//1534 1533//1533 1545//1545
f 1533//1533 1546//1546 1545//1545
f 1530//1530 1555//1555 1538//1538
f 1530//1530 1556//1556 1555//1555
f 1538//1538 1555//1555 1554//1554
f 1546//1546 1532//1532 1547//1547
f 1554//1554 1539//1539 1538//1538
f 1547//1547 1532//1532 1531//1531
f 1533//1533 1532//1532 1546//1546
f 1573//1573 1585//1585 1586//1586
f 1575//1575 1576//1576 1584//1584
f 1574//1574 1575//1575 1584//1584
f 1574//1574 1584//1584 1585//1585
f 1573//1573 1574//1574 1585//1585
f 1572//1572 1573//1573 1586//1586
f 1569//1569 1570//1570 1589//1589
f 1571//1571 1587//1587 1588//1588
f 1570//1570 1571//1571 1588//1588
f 1570//1570 1588//1588 1589//1589
f 1568//1568 1569//1569 1589//1589
f 1576//1576 1583//1583 1584//1584
f 1571//1571 1572//1572 1587//1587
f 1576//1576 1561//1561 1583//1583
f 1572//1572 1586//1586 1587//1587
f 1561//1561 1562//1562 1582//1582
f 1561//1561 1582//1582 1583//1583
f 1567//1567 1568//1568 1577//1577
f 1567//1567 1577//1577 1578//1578
f 1566//1566 1567//1567 1578//1578
f 1565//1565 1566//1566 1578//1578
f 1565//1565 1578//1578 1579//1579
f 1568//1568 1589//1589 1577//1577
f 1564//1564 1565//1565 1579//1579
f 1562//1562 1563//1563 1581//1581
f 1563//1563 1580//1580 1581//1581
f 1562//1562 1581//1581 1582//1582
f 1564//1564 1579//1579 1580//1580
f 1563//1563 1564//1564 1580//1580
f 1777//1777 1773//1773 1772//1772
f 1784//1784 1780//1780 1778//1778
f 1782//1782 1775//1775 1777//1777
f 1781//1781 1777//1777 1776//1776
f 1782//1782 1783//1783 1775//1775
f 1776//1776 1774//1774 1779//1779
f 1608//1608 1771//1771 1775//1775
f 1778//1778 1780//1780 1769//1769
f 1780//1780 1779//1779 1769//1769
f 1778//1778 1727//1727 1728//1728
f 1777//1777 1772//1772 1776//1776
f 1778//1778 1769//1769 1727//1727
f 1777//1777 1775//1775 1773//1773
f 1773//1773 1768//1768 1772//1772
f 1776//1776 1772//1772 1774//1774
f 1771//1771 1608//1608 1770//1770
f 1774//1774 1772//1772 1767//1767
f 1775//1775 1766//1766 1773//1773
f 1775//1775 1771//1771 1766//1766
f 1781//1781 1776//1776 1779//1779
f 1774//1774 1767//1767 1765//1765
f 1774//1774 1765//1765 1769//1769
f 1773//1773 1766//1766 1768//1768
f 1771//1771 1770//1770 1763//1763
f 1772//1772 1768//1768 1767//1767
f 1771//1771 1764//1764 1766//1766
f 1779//1779 1774//1774 1769//1769
f 1782//1782 1777//1777 1781//1781
f 1783//1783 1607//1607 1608//1608
f 1784//1784 1779//1779 1780//1780
f 1796//1796 1791//1791 1795//1795
f 1794//1794 1787//1787 1791//1791
f 1795//1795 1789//1789 1790//1790
f 1792//1792 1606//1606 1607//1607
f 1793//1793 1790//1790 1788//1788
f 1795//1795 1791//1791 1789//1789
f 1794//1794 1792//1792 1786//1786
f 1794//1794 1786//1786 1787//1787
f 1793//1793 1788//1788 1730//1730
f 1607//1607 1783//1783 1792//1792
f 1730//1730 1788//1788 1729//1729
f 1791//1791 1787//1787 1785//1785
f 1790//1790 1789//1789 1784//1784
f 1792//1792 1783//1783 1786//1786
f 1791//1791 1785//1785 1789//1789
f 1790//1790 1784//1784 1788//1788
f 1789//1789 1785//1785 1784//1784
f 1788//1788 1728//1728 1729//1729
f 1787//1787 1781//1781 1785//1785
f 1788//1788 1784//1784 1728//1728
f 1786//1786 1783//1783 1782//1782
f 1787//1787 1786//1786 1781//1781
f 1785//1785 1779//1779 1784//1784
f 1771//1771 1763//1763 1764//1764
f 1784//1784 1778//1778 1728//1728
f 1785//1785 1781//1781 1779//1779
f 1786//1786 1782//1782 1781//1781
f 1608//1608 1775//1775 1783//1783
f 1727//1727 1769//1769 1726//1726
f 1766//1766 1762//1762 1761//1761
f 1767//1767 1768//1768 1761//1761
f 1750//1750 1610//1610 1611//1611
f 1754//1754 1749//1749 1724//1724
f 1753//1753 1746//1746 1751//1751
f 1753//1753 1748//1748 1746//1746
f 1751//1751 1743//1743 1752//1752
f 1752//1752 1742//1742 1749//1749
f 1751//1751 1746//1746 1747//1747
f 1750//1750 1745//1745 1748//1748
f 1752//1752 1743//1743 1742//1742
f 1748//1748 1745//1745 1744//1744
f 1751//1751 1747//1747 1743//1743
f 1750//1750 1611//1611 1745//1745
f 1752//1752 1755//1755 1751//1751
f 1749//1749 1742//1742 1724//1724
f 1611//1611 1612//1612 1638//1638
f 1744//1744 1745//1745 1740//1740
f 1747//1747 1746//1746 1741//1741
f 1747//1747 1741//1741 1743//1743
f 1611//1611 1638//1638 1745//1745
f 1746//1746 1744//1744 1738//1738
f 1743//1743 1741//1741 1737//1737
f 1745//1745 1638//1638 1739//1739
f 1746//1746 1738//1738 1741//1741
f 1745//1745 1739//1739 1740//1740
f 1724//1724 1742//1742 1723//1723
f 1797//1797 1793//1793 1730//1730
f 1748//1748 1744//1744 1746//1746
f 1754//1754 1724//1724 1725//1725
f 1756//1756 1750//1750 1748//1748
f 1753//1753 1751//1751 1755//1755
f 1770//1770 1609//1609 1763//1763
f 1768//1768 1766//1766 1761//1761
f 1767//1767 1760//1760 1765//1765
f 1763//1763 1609//1609 1759//1759
f 1767//1767 1761//1761 1760//1760
f 1764//1764 1762//1762 1766//1766
f 1764//1764 1763//1763 1758//1758
f 1765//1765 1760//1760 1726//1726
f 1764//1764 1758//1758 1762//1762
f 1763//1763 1759//1759 1758//1758
f 1609//1609 1756//1756 1759//1759
f 1762//1762 1758//1758 1755//1755
f 1761//1761 1762//1762 1757//1757
f 1761//1761 1757//1757 1760//1760
f 1760//1760 1725//1725 1726//1726
f 1762//1762 1755//1755 1757//1757
f 1609//1609 1610//1610 1756//1756
f 1759//1759 1756//1756 1753//1753
f 1760//1760 1754//1754 1725//1725
f 1760//1760 1757//1757 1754//1754
f 1759//1759 1753//1753 1758//1758
f 1758//1758 1753//1753 1755//1755
f 1757//1757 1755//1755 1752//1752
f 1757//1757 1752//1752 1749//1749
f 1610//1610 1750//1750 1756//1756
f 1757//1757 1749//1749 1754//1754
f 1756//1756 1748//1748 1753//1753
f 1769//1769 1765//1765 1726//1726
f 1798//1798 1795//1795 1790//1790
f 1830//1830 1815//1815 1817//1817
f 1798//1798 1790//1790 1793//1793
f 1849//1849 1848//1848 1632//1632
f 1849//1849 1632//1632 1631//1631
f 1632//1632 1848//1848 1834//1834
f 1840//1840 1842//1842 1627//1627
f 1834//1834 1810//1810 1634//1634
f 1834//1834 1634//1634 1632//1632
f 1810//1810 1633//1633 1634//1634
f 1833//1833 1821//1821 1730//1730
f 1833//1833 1822//1822 1821//1821
f 1833//1833 1831//1831 1822//1822
f 1833//1833 1730//1730 1729//1729
f 1822//1822 1831//1831 1818//1818
f 1849//1849 1631//1631 1630//1630
f 1833//1833 1729//1729 1832//1832
f 1831//1831 1829//1829 1818//1818
f 1832//1832 1729//1729 1728//1728
f 1832//1832 1830//1830 1831//1831
f 1832//1832 1728//1728 1830//1830
f 1830//1830 1817//1817 1831//1831
f 1830//1830 1728//1728 1727//1727
f 1829//1829 1819//1819 1818//1818
f 1831//1831 1817//1817 1829//1829
f 1830//1830 1726//1726 1815//1815
f 1744//1744 1740//1740 1738//1738
f 1830//1830 1727//1727 1726//1726
f 1817//1817 1820//1820 1829//1829
f 1833//1833 1832//1832 1831//1831
f 1849//1849 1844//1844 1848//1848
f 1850//1850 1630//1630 1629//1629
f 1850//1850 1849//1849 1630//1630
f 1621//1621 1835//1835 1622//1622
f 1835//1835 1853//1853 1622//1622
f 1622//1622 1853//1853 1623//1623
f 1835//1835 1836//1836 1853//1853
f 1853//1853 1624//1624 1623//1623
f 1853//1853 1852//1852 1624//1624
f 1853//1853 1851//1851 1852//1852
f 1852//1852 1625//1625 1624//1624
f 1853//1853 1836//1836 1851//1851
f 1851//1851 1841//1841 1852//1852
f 1852//1852 1840//1840 1625//1625
f 1852//1852 1841//1841 1840//1840
f 1625//1625 1840//1840 1626//1626
f 1851//1851 1837//1837 1841//1841
f 1851//1851 1839//1839 1838//1838
f 1851//1851 1836//1836 1839//1839
f 1851//1851 1838//1838 1837//1837
f 1627//1627 1626//1626 1840//1840
f 1842//1842 1850//1850 1628//1628
f 1842//1842 1628//1628 1627//1627
f 1843//1843 1849//1849 1850//1850
f 1843//1843 1850//1850 1842//1842
f 1843//1843 1847//1847 1849//1849
f 1847//1847 1845//1845 1849//1849
f 1847//1847 1846//1846 1845//1845
f 1850//1850 1629//1629 1628//1628
f 1845//1845 1844//1844 1849//1849
f 1829//1829 1820//1820 1819//1819
f 1606//1606 1792//1792 1794//1794
f 1816//1816 1725//1725 1828//1828
f 1828//1828 1725//1725 1724//1724
f 1807//1807 1804//1804 1805//1805
f 1808//1808 1803//1803 1806//1806
f 1806//1806 1801//1801 1643//1643
f 1806//1806 1803//1803 1802//1802
f 1806//1806 1802//1802 1801//1801
f 1805//1805 1804//1804 1799//1799
f 1604//1604 1605//1605 1804//1804
f 1804//1804 1605//1605 1800//1800
f 1805//1805 1799//1799 1803//1803
f 1801//1801 1797//1797 1642//1642
f 1801//1801 1642//1642 1643//1643
f 1803//1803 1798//1798 1802//1802
f 1808//1808 1805//1805 1803//1803
f 1804//1804 1800//1800 1796//1796
f 1804//1804 1796//1796 1799//1799
f 1801//1801 1802//1802 1793//1793
f 1797//1797 1621//1621 1642//1642
f 1605//1605 1794//1794 1800//1800
f 1605//1605 1606//1606 1794//1794
f 1802//1802 1798//1798 1793//1793
f 1801//1801 1793//1793 1797//1797
f 1800//1800 1794//1794 1791//1791
f 1800//1800 1791//1791 1796//1796
f 1797//1797 1730//1730 1621//1621
f 1799//1799 1796//1796 1798//1798
f 1798//1798 1796//1796 1795//1795
f 1803//1803 1799//1799 1798//1798
f 1807//1807 1604//1604 1804//1804
f 1640//1640 1805//1805 1808//1808
f 1603//1603 1604//1604 1807//1807
f 1828//1828 1826//1826 1823//1823
f 1828//1828 1724//1724 1826//1826
f 1828//1828 1823//1823 1827//1827
f 1827//1827 1823//1823 1824//1824
f 1827//1827 1824//1824 1811//1811
f 1826//1826 1724//1724 1723//1723
f 1826//1826 1723//1723 1825//1825
f 1826//1826 1825//1825 1823//1823
f 1811//1811 1824//1824 1812//1812
f 1823//1823 1814//1814 1824//1824
f 1825//1825 1723//1723 1722//1722
f 1825//1825 1809//1809 1823//1823
f 1824//1824 1813//1813 1812//1812
f 1825//1825 1722//1722 1810//1810
f 1825//1825 1810//1810 1809//1809
f 1824//1824 1814//1814 1813//1813
f 1823//1823 1809//1809 1814//1814
f 1621//1621 1821//1821 1835//1835
f 1621//1621 1730//1730 1821//1821
f 1726//1726 1816//1816 1815//1815
f 1726//1726 1725//1725 1816//1816
f 1722//1722 1633//1633 1810//1810
f 1603//1603 1640//1640 1641//1641
f 1640//1640 1603//1603 1807//1807
f 1808//1808 1639//1639 1640//1640
f 1640//1640 1807//1807 1805//1805
f 1808//1808 1806//1806 1639//1639
f 1816//1816 1828//1828 1827//1827
f 1743//1743 1737//1737 1742//1742
f 1720//1720 1716//1716 1718//1718
f 1742//1742 1737//1737 1723//1723
f 1626//1626 1665//1665 1625//1625
f 1668//1668 1666//1666 1660//1660
f 1668//1668 1660//1660 1665//1665
f 1667//1667 1663//1663 1655//1655
f 1664//1664 1659//1659 1666//1666
f 1663//1663 1661//1661 1654//1654
f 1667//1667 1655//1655 1662//1662
f 1664//1664 1662//1662 1659//1659
f 1661//1661 1619//1619 1620//1620
f 1663//1663 1657//1657 1655//1655
f 1666//1666 1659//1659 1660//1660
f 1665//1665 1660//1660 1625//1625
f 1740//1740 1734//1734 1738//1738
f 1660//1660 1659//1659 1658//1658
f 1662//1662 1655//1655 1656//1656
f 1662//1662 1656//1656 1659//1659
f 1620//1620 1641//1641 1661//1661
f 1658//1658 1659//1659 1653//1653
f 1660//1660 1624//1624 1625//1625
f 1659//1659 1656//1656 1652//1652
f 1661//1661 1641//1641 1654//1654
f 1660//1660 1658//1658 1624//1624
f 1657//1657 1649//1649 1655//1655
f 1655//1655 1651//1651 1656//1656
f 1659//1659 1652//1652 1653//1653
f 1658//1658 1653//1653 1624//1624
f 1663//1663 1654//1654 1657//1657
f 1669//1669 1667//1667 1662//1662
f 1670//1670 1619//1619 1663//1663
f 1669//1669 1662//1662 1664//1664
f 1680//1680 1679//1679 1675//1675
f 1681//1681 1680//1680 1674//1674
f 1683//1683 1672//1672 1678//1678
f 1682//1682 1676//1676 1679//1679
f 1681//1681 1674//1674 1627//1627
f 1680//1680 1675//1675 1674//1674
f 1679//1679 1676//1676 1673//1673
f 1676//1676 1678//1678 1671//1671
f 1679//1679 1673//1673 1675//1675
f 1677//1677 1618//1618 1670//1670
f 1674//1674 1675//1675 1626//1626
f 1677//1677 1669//1669 1672//1672
f 1678//1678 1672//1672 1671//1671
f 1677//1677 1670//1670 1669//1669
f 1676//1676 1671//1671 1673//1673
f 1675//1675 1673//1673 1665//1665
f 1675//1675 1665//1665 1626//1626
f 1672//1672 1664//1664 1671//1671
f 1673//1673 1671//1671 1668//1668
f 1674//1674 1626//1626 1627//1627
f 1673//1673 1668//1668 1665//1665
f 1672//1672 1669//1669 1664//1664
f 1671//1671 1664//1664 1666//1666
f 1669//1669 1670//1670 1667//1667
f 1671//1671 1666//1666 1668//1668
f 1670//1670 1618//1618 1619//1619
f 1670//1670 1663//1663 1667//1667
f 1657//1657 1654//1654 1649//1649
f 1683//1683 1677//1677 1672//1672
f 1656//1656 1651//1651 1652//1652
f 1641//1641 1650//1650 1654//1654
f 1611//1611 1600//1600 1599//1599
f 1770//1770 1608//1608 1602//1602
f 1608//1608 1590//1590 1602//1602
f 1612//1612 1598//1598 1613//1613
f 1612//1612 1599//1599 1598//1598
f 1608//1608 1607//1607 1590//1590
f 1607//1607 1606//1606 1590//1590
f 1613//1613 1598//1598 1614//1614
f 1598//1598 1597//1597 1614//1614
f 1590//1590 1606//1606 1591//1591
f 1606//1606 1605//1605 1591//1591
f 1591//1591 1605//1605 1604//1604
f 1611//1611 1599//1599 1612//1612
f 1597//1597 1615//1615 1614//1614
f 1592//1592 1604//1604 1603//1603
f 1597//1597 1616//1616 1615//1615
f 1597//1597 1596//1596 1616//1616
f 1592//1592 1603//1603 1593//1593
f 1593//1593 1603//1603 1620//1620
f 1596//1596 1617//1617 1616//1616
f 1596//1596 1595//1595 1617//1617
f 1595//1595 1618//1618 1617//1617
f 1593//1593 1620//1620 1619//1619
f 1595//1595 1594//1594 1618//1618
f 1593//1593 1619//1619 1594//1594
f 1594//1594 1619//1619 1618//1618
f 1591//1591 1604//1604 1592//1592
f 1609//1609 1770//1770 1602//1602
f 1610//1610 1600//1600 1611//1611
f 1609//1609 1602//1602 1601//1601
f 1654//1654 1648//1648 1649//1649
f 1652//1652 1651//1651 1647//1647
f 1653//1653 1623//1623 1624//1624
f 1653//1653 1652//1652 1623//1623
f 1654//1654 1650//1650 1648//1648
f 1641//1641 1640//1640 1650//1650
f 1651//1651 1649//1649 1646//1646
f 1652//1652 1647//1647 1623//1623
f 1650//1650 1639//1639 1648//1648
f 1651//1651 1646//1646 1647//1647
f 1650//1650 1640//1640 1639//1639
f 1649//1649 1648//1648 1645//1645
f 1647//1647 1646//1646 1644//1644
f 1649//1649 1645//1645 1646//1646
f 1648//1648 1639//1639 1645//1645
f 1647//1647 1622//1622 1623//1623
f 1647//1647 1644//1644 1622//1622
f 1639//1639 1806//1806 1645//1645
f 1646//1646 1645//1645 1642//1642
f 1646//1646 1642//1642 1644//1644
f 1645//1645 1806//1806 1643//1643
f 1645//1645 1643//1643 1642//1642
f 1644//1644 1642//1642 1622//1622
f 1622//1622 1642//1642 1621//1621
f 1620//1620 1603//1603 1641//1641
f 1609//1609 1601//1601 1610//1610
f 1610//1610 1601//1601 1600//1600
f 1655//1655 1649//1649 1651//1651
f 1682//1682 1678//1678 1676//1676
f 1619//1619 1661//1661 1663//1663
f 1685//1685 1678//1678 1682//1682
f 1719//1719 1718//1718 1715//1715
f 1719//1719 1713//1713 1717//1717
f 1717//1717 1635//1635 1636//1636
f 1717//1717 1714//1714 1635//1635
f 1719//1719 1715//1715 1713//1713
f 1716//1716 1613//1613 1614//1614
f 1718//1718 1716//1716 1710//1710
f 1718//1718 1710//1710 1715//1715
f 1716//1716 1614//1614 1712//1712
f 1714//1714 1731//1731 1635//1635
f 1717//1717 1713//1713 1714//1714
f 1716//1716 1712//1712 1710//1710
f 1717//1717 1636//1636 1637//1637
f 1614//1614 1706//1706 1712//1712
f 1715//1715 1710//1710 1707//1707
f 1715//1715 1707//1707 1713//1713
f 1713//1713 1711//1711 1714//1714
f 1712//1712 1706//1706 1708//1708
f 1714//1714 1709//1709 1634//1634
f 1714//1714 1711//1711 1709//1709
f 1713//1713 1707//1707 1705//1705
f 1713//1713 1705//1705 1711//1711
f 1712//1712 1708//1708 1710//1710
f 1711//1711 1702//1702 1709//1709
f 1634//1634 1709//1709 1632//1632
f 1711//1711 1705//1705 1702//1702
f 1714//1714 1634//1634 1731//1731
f 1720//1720 1613//1613 1716//1716
f 1681//1681 1627//1627 1628//1628
f 1721//1721 1718//1718 1719//1719
f 1740//1740 1739//1739 1735//1735
f 1741//1741 1736//1736 1737//1737
f 1741//1741 1738//1738 1736//1736
f 1737//1737 1736//1736 1732//1732
f 1739//1739 1638//1638 1637//1637
f 1740//1740 1735//1735 1734//1734
f 1738//1738 1734//1734 1733//1733
f 1739//1739 1637//1637 1735//1735
f 1738//1738 1733//1733 1736//1736
f 1737//1737 1732//1732 1723//1723
f 1736//1736 1733//1733 1732//1732
f 1735//1735 1636//1636 1734//1734
f 1732//1732 1722//1722 1723//1723
f 1733//1733 1734//1734 1635//1635
f 1735//1735 1637//1637 1636//1636
f 1734//1734 1636//1636 1635//1635
f 1733//1733 1635//1635 1732//1732
f 1732//1732 1635//1635 1731//1731
f 1732//1732 1633//1633 1722//1722
f 1732//1732 1731//1731 1633//1633
f 1731//1731 1634//1634 1633//1633
f 1612//1612 1720//1720 1721//1721
f 1721//1721 1638//1638 1612//1612
f 1720//1720 1612//1612 1613//1613
f 1721//1721 1637//1637 1638//1638
f 1721//1721 1720//1720 1718//1718
f 1637//1637 1721//1721 1719//1719
f 1710//1710 1708//1708 1707//1707
f 1614//1614 1701//1701 1706//1706
f 1637//1637 1719//1719 1717//1717
f 1708//1708 1706//1706 1700//1700
f 1692//1692 1629//1629 1630//1630
f 1693//1693 1694//1694 1689//1689
f 1695//1695 1690//1690 1685//1685
f 1692//1692 1691//1691 1687//1687
f 1695//1695 1685//1685 1688//1688
f 1694//1694 1688//1688 1689//1689
f 1693//1693 1689//1689 1691//1691
f 1690//1690 1616//1616 1617//1617
f 1692//1692 1687//1687 1629//1629
f 1690//1690 1617//1617 1683//1683
f 1689//1689 1688//1688 1686//1686
f 1691//1691 1689//1689 1684//1684
f 1691//1691 1684//1684 1687//1687
f 1695//1695 1688//1688 1694//1694
f 1690//1690 1683//1683 1685//1685
f 1685//1685 1682//1682 1688//1688
f 1689//1689 1686//1686 1684//1684
f 1688//1688 1682//1682 1686//1686
f 1617//1617 1677//1677 1683//1683
f 1684//1684 1681//1681 1687//1687
f 1686//1686 1682//1682 1679//1679
f 1686//1686 1680//1680 1684//1684
f 1687//1687 1681//1681 1628//1628
f 1686//1686 1679//1679 1680//1680
f 1677//1677 1617//1617 1618//1618
f 1685//1685 1683//1683 1678//1678
f 1684//1684 1680//1680 1681//1681
f 1707//1707 1708//1708 1703//1703
f 1629//1629 1687//1687 1628//1628
f 1616//1616 1690//1690 1696//1696
f 1696//1696 1690//1690 1695//1695
f 1702//1702 1698//1698 1631//1631
f 1708//1708 1700//1700 1703//1703
f 1707//1707 1703//1703 1705//1705
f 1706//1706 1701//1701 1700//1700
f 1701//1701 1614//1614 1615//1615
f 1702//1702 1631//1631 1632//1632
f 1705//1705 1703//1703 1699//1699
f 1705//1705 1699//1699 1704//1704
f 1704//1704 1698//1698 1702//1702
f 1703//1703 1700//1700 1697//1697
f 1704//1704 1699//1699 1698//1698
f 1697//1697 1693//1693 1691//1691
f 1703//1703 1697//1697 1699//1699
f 1615//1615 1696//1696 1701//1701
f 1701//1701 1694//1694 1700//1700
f 1701//1701 1695//1695 1694//1694
f 1701//1701 1696//1696 1695//1695
f 1700//1700 1694//1694 1697//1697
f 1699//1699 1697//1697 1691//1691
f 1696//1696 1615//1615 1616//1616
f 1699//1699 1692//1692 1698//1698
f 1697//1697 1694//1694 1693//1693
f 1698//1698 1630//1630 1631//1631
f 1699//1699 1691//1691 1692//1692
f 1698//1698 1692//1692 1630//1630
f 1709//1709 1702//1702 1632//1632
f 1705//1705 1704//1704 1702//1702
f 1857//1857 1854//1854 1855//1855
f 1856//1856 1854//1854 1857//1857
f 1868//1868 1860//1860 1867//1867
f 1869//1869 1863//1863 1864//1864
f 1869//1869 1870//1870 1863//1863
f 1868//1868 1861//1861 1860//1860
f 1870//1870 1862//1862 1863//1863
f 1868//1868 1865//1865 1861//1861
f 1859//1859 1866//1866 1870//1870
f 1868//1868 1869//1869 1865//1865
f 1869//1869 1864//1864 1865//1865
f 1870//1870 1866//1866 1862//1862
f 1859//1859 1858//1858 1866//1866
f 1873//1873 1871//1871 1872//1872
f 1875//1875 1877//1877 1876//1876
f 1890//1890 1873//1873 1872//1872
f 1878//1878 1877//1877 1875//1875
f 1886//1886 1885//1885 1887//1887
f 1887//1887 1885//1885 1888//1888
f 1882//1882 1880//1880 1883//1883
f 1879//1879 1875//1875 1874//1874
f 1885//1885 1884//1884 1888//1888
f 1883//1883 1879//1879 1884//1884
f 1884//1884 1879//1879 1874//1874
f 1884//1884 1874//1874 1889//1889
f 1889//1889 1874//1874 1873//1873
f 1883//1883 1880//1880 1879//1879
f 1889//1889 1873//1873 1890//1890
f 1879//1879 1878//1878 1875//1875
f 1882//1882 1881//1881 1880//1880
f 1884//1884 1889//1889 1888//1888
f 1900//1900 1895//1895 1896//1896
f 1902//1902 1898//1898 1893//1893
f 1903//1903 1898//1898 1902//1902
f 1901//1901 1894//1894 1895//1895
f 1901//1901 1902//1902 1894//1894
f 1902//1902 1893//1893 1894//1894
f 1900//1900 1891//1891 1899//1899
f 1900//1900 1896//1896 1891//1891
f 1899//1899 1891//1891 1892//1892
f 1900//1900 1901//1901 1895//1895
f 1903//1903 1897//1897 1898//1898
f 1907//1907 1905//1905 1906//1906
f 1907//1907 1904//1904 1905//1905
f 1919//1919 1914//1914 1918//1918
f 1919//1919 1913//1913 1914//1914
f 1916//1916 1909//1909 1915//1915
f 1915//1915 1909//1909 1908//1908
f 1916//1916 1912//1912 1909//1909
f 1918//1918 1910//1910 1911//1911
f 1917//1917 1918//1918 1911//1911
f 1917//1917 1911//1911 1912//1912
f 1916//1916 1917//1917 1912//1912
f 1918//1918 1914//1914 1910//1910
f 1923//1923 1921//1921 1920//1920
f 1923//1923 1920//1920 1922//1922
f 1928//1928 1925//1925 1927//1927
f 1928//1928 1926//1926 1925//1925
f 1927//1927 1925//1925 1924//1924
f 1936//1936 1932//1932 1933//1933
f 1935//1935 1930//1930 1931//1931
f 1937//1937 1932//1932 1936//1936
f 1935//1935 1929//1929 1930//1930
f 1935//1935 1936//1936 1929//1929
f 1934//1934 1935//1935 1931//1931
f 1936//1936 1933//1933 1929//1929
f 1941//1941 1938//1938 1940//1940
f 1941//1941 1939//1939 1938//1938
v 0.0076924 -0.0105001 0.0226000
v 0.0078116 -0.0105001 0.0229995
v 0.0080804 -0.0105000 0.0232272
v 0.0084000 -0.0105001 0.0233091
v 0.0087196 -0.0105000 0.0232272
v 0.0089736 -0.0105001 0.0230168
v 0.0091086 -0.0105002 0.0226148
v 0.0090037 -0.0105001 0.0222301
v 0.0087219 -0.0105000 0.0219682
v 0.0082884 -0.0105001 0.0218953
v 0.0078399 -0.0105001 0.0221514
v 0.0076924 -0.0105001 0.0226000
v 0.0078116 -0.0105001 0.0229995
v 0.0080804 -0.0105000 0.0232272
v 0.0084000 -0.0105001 0.0233091
v 0.0087196 -0.0105000 0.0232272
v 0.0089736 -0.0105001 0.0230168
v 0.0091086 -0.0105002 0.0226148
v 0.0090037 -0.0105001 0.0222301
v 0.0087219 -0.0105000 0.0219682
v 0.0082884 -0.0105001 0.0218953
v 0.0078399 -0.0105001 0.0221514
v 0.0075477 -0.0103496 0.0226394
v 0.0092290 -0.0103488 0.0223905
v 0.0091153 -0.0103505 0.0221358
v 0.0089396 -0.0103500 0.0219392
v 0.0086644 -0.0103506 0.0217861
v 0.0082845 -0.0103501 0.0217504
v 0.0079114 -0.0103501 0.0218954
v 0.0076847 -0.0103505 0.0221358
v 0.0075790 -0.0103484 0.0223657
v 0.0076106 -0.0103496 0.0229270
v 0.0077949 -0.0103506 0.0232051
v 0.0080730 -0.0103496 0.0233894
v 0.0083332 -0.0103503 0.0234494
v 0.0085808 -0.0103500 0.0234338
v 0.0088464 -0.0103496 0.0233285
v 0.0090479 -0.0103503 0.0231533
v 0.0091808 -0.0103500 0.0229438
v 0.0092484 -0.0103508 0.0226901
v 0.0075477 -0.0103496 0.0226394
v 0.0092290 -0.0103488 0.0223905
v 0.0091153 -0.0103505 0.0221358
v 0.0089396 -0.0103500 0.0219392
v 0.0086644 -0.0103506 0.0217861
v 0.0082845 -0.0103501 0.0217504
v 0.0079114 -0.0103501 0.0218954
v 0.0076847 -0.0103505 0.0221358
v 0.0075790 -0.0103484 0.0223657
v 0.0076106 -0.0103496 0.0229270
v 0.0077949 -0.0103506 0.0232051
v 0.0080730 -0.0103496 0.0233894
v 0.0083332 -0.0103503 0.0234494
v 0.0085808 -0.0103500 0.0234338
v 0.0088464 -0.0103496 0.0233285
v 0.0090479 -0.0103503 0.0231533
v 0.0091808 -0.0103500 0.0229438
v 0.0092484 -0.0103508 0.0226901
v 0.0075597 -0.0065000 0.0224329
v 0.0092225 -0.0065000 0.0228428
v 0.0090696 -0.0065000 0.0231279
v 0.0088281 -0.0065000 0.0233430
v 0.0084672 -0.0065000 0.0234532
v 0.0080934 -0.0065000 0.0234009
v 0.0077958 -0.0065000 0.0232042
v 0.0075808 -0.0065000 0.0228662
v 0.0077259 -0.0065000 0.0220686
v 0.0079914 -0.0065000 0.0218510
v 0.0083432 -0.0065000 0.0217415
v 0.0087366 -0.0065000 0.0218139
v 0.0090042 -0.0065000 0.0219958
v 0.0091708 -0.0065000 0.0222342
v 0.0092479 -0.0065000 0.0224996
v 0.0075597 -0.0065000 0.0224329
v 0.0092225 -0.0065000 0.0228428
v 0.0090696 -0.0065000 0.0231279
v 0.0088281 -0.0065000 0.0233430
v 0.0084672 -0.0065000 0.0234532
v 0.0080934 -0.0065000 0.0234009
v 0.0077958 -0.0065000 0.0232042
v 0.0075808 -0.0065000 0.0228662
v 0.0077259 -0.0065000 0.0220686
v 0.0079914 -0.0065000 0.0218510
v 0.0083432 -0.0065000 0.0217415
v 0.0087366 -0.0065000 0.0218139
v 0.0090042 -0.0065000 0.0219958
v 0.0091708 -0.0065000 0.0222342
v 0.0092479 -0.0065000 0.0224996
v 0.0087271 -0.0065000 0.0232237
v 0.0089157 -0.0065000 0.0230766
v 0.0090512 -0.0065000 0.0228697
v 0.0091056 -0.0065000 0.0225356
v 0.0089961 -0.0065000 0.0222250
v 0.0087627 -0.0065000 0.0219913
v 0.0084553 -0.0065000 0.0218985
v 0.0081285 -0.0065000 0.0219446
v 0.0078844 -0.0065000 0.0221234
v 0.0077488 -0.0065000 0.0223303
v 0.0076946 -0.0065000 0.0226835
v 0.0078401 -0.0065000 0.0230304
v 0.0080800 -0.0065000 0.0232280
v 0.0084088 -0.0065000 0.0233085
v 0.0087271 -0.0065000 0.0232237
v 0.0089157 -0.0065000 0.0230766
v 0.0090512 -0.0065000 0.0228697
v 0.0091056 -0.0065000 0.0225356
v 0.0089961 -0.0065000 0.0222250
v 0.0087627 -0.0065000 0.0219913
v 0.0084553 -0.0065000 0.0218985
v 0.0081285 -0.0065000 0.0219446
v 0.0078844 -0.0065000 0.0221234
v 0.0077488 -0.0065000 0.0223303
v 0.0076946 -0.0065000 0.0226835
v 0.0078401 -0.0065000 0.0230304
v 0.0080800 -0.0065000 0.0232280
v 0.0084088 -0.0065000 0.0233085
v 0.0084088 0.0100000 0.0218915
v 0.0086940 0.0100000 0.0219623
v 0.0089191 0.0100000 0.0221201
v 0.0090820 0.0100000 0.0224166
v 0.0090942 0.0100000 0.0227184
v 0.0090000 0.0100000 0.0229677
v 0.0087927 0.0100000 0.0231878
v 0.0084190 0.0100000 0.0233110
v 0.0080805 0.0100000 0.0232270
v 0.0078837 0.0100000 0.0230773
v 0.0077345 0.0100000 0.0228363
v 0.0076985 0.0100000 0.0225448
v 0.0077951 0.0100000 0.0222294
v 0.0080625 0.0100000 0.0219797
v 0.0084088 0.0100000 0.0218915
v 0.0086940 0.0100000 0.0219623
v 0.0089191 0.0100000 0.0221201
v 0.0090820 0.0100000 0.0224166
v 0.0090942 0.0100000 0.0227184
v 0.0090000 0.0100000 0.0229677
v 0.0087927 0.0100000 0.0231878
v 0.0084190 0.0100000 0.0233110
v 0.0080805 0.0100000 0.0232270
v 0.0078837 0.0100000 0.0230773
v 0.0077345 0.0100000 0.0228363
v 0.0076985 0.0100000 0.0225448
v 0.0077951 0.0100000 0.0222294
v 0.0080625 0.0100000 0.0219797
v 0.0096566 0.0100013 0.0223802
v 0.0095932 0.0100018 0.0221399
v 0.0094078 0.0100011 0.0218185
v 0.0090654 0.0099998 0.0215045
v 0.0084748 0.0100007 0.0213250
v 0.0080609 0.0100001 0.0213753
v 0.0076558 0.0100004 0.0215637
v 0.0074275 0.0100018 0.0217656
v 0.0071602 0.0100002 0.0223034
v 0.0071373 0.0100001 0.0227433
v 0.0072283 0.0100004 0.0230983
v 0.0074345 0.0100007 0.0234339
v 0.0077744 0.0100005 0.0237113
v 0.0082942 0.0100000 0.0238777
v 0.0087834 0.0100017 0.0238245
v 0.0091487 0.0100008 0.0236338
v 0.0096509 0.0099999 0.0228579
v 0.0096808 0.0108926 0.0225604
v 0.0095847 0.0108829 0.0231223
v 0.0093491 0.0108553 0.0235304
v 0.0090180 0.0108848 0.0237358
v 0.0087226 0.0108638 0.0238768
v 0.0083384 0.0108563 0.0239287
v 0.0079863 0.0108592 0.0238560
v 0.0077586 0.0108991 0.0236974
v 0.0074718 0.0108765 0.0235108
v 0.0073019 0.0108733 0.0233086
v 0.0072043 0.0109036 0.0230281
v 0.0071068 0.0108733 0.0227588
v 0.0070841 0.0108654 0.0225338
v 0.0069958 0.0107614 0.0226945
v 0.0068981 0.0104573 0.0227065
v 0.0069106 0.0103149 0.0226634
v 0.0069726 0.0101720 0.0225439
v 0.0070537 0.0100680 0.0224879
v 0.0099019 0.0104666 0.0226590
v 0.0098720 0.0102612 0.0225984
v 0.0097666 0.0100855 0.0226537
v 0.0097348 0.0108422 0.0227516
v 0.0098617 0.0106602 0.0226574
v 0.0097700 0.0107463 0.0229771
v 0.0098705 0.0105456 0.0228749
v 0.0098724 0.0103344 0.0228395
v 0.0095791 0.0108033 0.0233090
v 0.0097890 0.0106017 0.0231145
v 0.0098465 0.0104713 0.0230080
v 0.0096663 0.0106747 0.0233241
v 0.0098093 0.0101839 0.0228714
v 0.0097619 0.0104671 0.0232348
v 0.0097656 0.0102774 0.0231686
v 0.0094665 0.0107112 0.0235646
v 0.0097129 0.0100857 0.0229938
v 0.0096336 0.0105510 0.0234421
v 0.0096075 0.0104337 0.0234975
v 0.0094396 0.0105473 0.0236761
v 0.0095863 0.0102596 0.0234734
v 0.0090703 0.0107932 0.0238135
v 0.0092446 0.0106751 0.0237881
v 0.0096037 0.0101487 0.0233429
v 0.0095107 0.0100017 0.0232350
v 0.0094179 0.0103833 0.0237003
v 0.0092361 0.0104493 0.0238513
v 0.0093463 0.0102600 0.0237265
v 0.0094067 0.0100670 0.0235031
v 0.0090300 0.0106209 0.0239362
v 0.0093562 0.0101384 0.0236327
v 0.0088586 0.0106516 0.0239918
v 0.0087118 0.0107852 0.0239554
v 0.0089780 0.0104488 0.0239901
v 0.0091247 0.0102412 0.0238714
v 0.0084531 0.0107788 0.0239947
v 0.0090746 0.0100853 0.0237936
v 0.0085679 0.0106395 0.0240591
v 0.0086339 0.0105155 0.0240823
v 0.0088765 0.0102242 0.0239778
v 0.0087320 0.0103580 0.0240598
v 0.0083485 0.0105263 0.0241009
v 0.0081792 0.0107232 0.0240143
v 0.0083934 0.0103167 0.0240890
v 0.0086196 0.0101211 0.0239792
v 0.0081054 0.0105825 0.0240591
v 0.0085084 0.0102105 0.0240453
v 0.0078613 0.0107301 0.0239217
v 0.0076426 0.0108087 0.0237448
v 0.0078386 0.0106068 0.0239714
v 0.0081077 0.0103834 0.0240706
v 0.0083520 0.0100716 0.0239526
v 0.0081648 0.0101985 0.0240256
v 0.0078759 0.0103851 0.0240083
v 0.0075893 0.0106634 0.0238133
v 0.0076688 0.0104947 0.0239115
v 0.0074295 0.0106993 0.0236695
v 0.0080732 0.0100618 0.0239037
v 0.0079520 0.0101749 0.0239593
v 0.0073237 0.0107668 0.0235002
v 0.0074710 0.0104694 0.0237854
v 0.0076594 0.0103138 0.0238900
v 0.0077338 0.0101189 0.0238281
v 0.0072436 0.0106383 0.0235064
v 0.0073010 0.0105130 0.0236206
v 0.0074618 0.0102366 0.0237217
v 0.0071482 0.0107614 0.0232441
v 0.0073022 0.0103376 0.0236101
v 0.0070545 0.0106224 0.0232142
v 0.0071439 0.0104349 0.0234292
v 0.0075250 0.0100641 0.0236233
v 0.0070563 0.0107501 0.0230483
v 0.0072846 0.0101399 0.0234665
v 0.0070394 0.0104632 0.0232386
v 0.0071827 0.0102681 0.0234263
v 0.0069750 0.0106797 0.0228834
v 0.0070554 0.0102928 0.0232199
v 0.0069504 0.0104837 0.0229970
v 0.0071828 0.0100962 0.0232468
v 0.0069121 0.0105733 0.0227074
v 0.0069701 0.0103037 0.0229948
v 0.0070401 0.0101748 0.0230433
v 0.0070915 0.0100639 0.0229178
v 0.0070018 0.0101374 0.0227690
v 0.0071730 0.0108651 0.0221221
v 0.0073103 0.0108803 0.0218994
v 0.0075191 0.0108754 0.0216378
v 0.0078043 0.0108787 0.0214473
v 0.0081616 0.0108806 0.0213248
v 0.0085182 0.0108769 0.0213056
v 0.0088486 0.0108658 0.0213616
v 0.0091832 0.0108395 0.0215054
v 0.0094339 0.0108738 0.0218019
v 0.0096220 0.0108811 0.0221668
v 0.0070626 0.0108031 0.0222800
v 0.0069740 0.0107024 0.0223791
v 0.0069217 0.0105744 0.0224331
v 0.0069129 0.0104130 0.0223763
v 0.0069949 0.0106568 0.0221884
v 0.0071011 0.0107229 0.0220002
v 0.0069686 0.0104997 0.0221458
v 0.0072196 0.0107424 0.0218097
v 0.0070520 0.0105655 0.0219637
v 0.0069681 0.0102346 0.0223136
v 0.0069932 0.0103834 0.0220812
v 0.0073663 0.0107602 0.0216445
v 0.0071649 0.0105456 0.0217564
v 0.0070392 0.0102590 0.0220420
v 0.0071097 0.0100858 0.0221348
v 0.0070892 0.0104280 0.0218661
v 0.0073140 0.0105991 0.0215909
v 0.0075573 0.0107232 0.0214396
v 0.0071102 0.0101587 0.0220039
v 0.0071979 0.0102968 0.0217271
v 0.0073483 0.0105309 0.0215296
v 0.0078382 0.0107970 0.0213365
v 0.0072484 0.0100913 0.0218534
v 0.0073891 0.0103421 0.0215014
v 0.0076246 0.0105475 0.0213218
v 0.0073448 0.0101633 0.0216434
v 0.0078409 0.0106637 0.0212502
v 0.0075650 0.0104273 0.0213504
v 0.0074995 0.0102361 0.0214497
v 0.0081158 0.0107593 0.0212186
v 0.0078744 0.0105152 0.0211958
v 0.0078195 0.0103966 0.0212148
v 0.0077337 0.0102332 0.0212981
v 0.0075479 0.0101027 0.0215145
v 0.0083454 0.0107636 0.0211937
v 0.0081563 0.0105880 0.0211339
v 0.0077101 0.0101543 0.0213610
v 0.0081103 0.0104249 0.0211256
v 0.0080050 0.0102532 0.0211871
v 0.0085666 0.0107602 0.0212025
v 0.0078951 0.0100760 0.0213370
v 0.0083709 0.0105337 0.0211004
v 0.0085755 0.0105804 0.0211215
v 0.0082868 0.0102939 0.0211209
v 0.0088759 0.0107816 0.0212895
v 0.0081695 0.0100990 0.0212392
v 0.0088437 0.0106741 0.0212123
v 0.0085752 0.0103394 0.0211151
v 0.0088717 0.0105369 0.0211763
v 0.0084518 0.0101516 0.0211820
v 0.0087999 0.0103649 0.0211572
v 0.0090698 0.0106512 0.0212933
v 0.0087270 0.0101697 0.0212071
v 0.0094056 0.0107754 0.0216284
v 0.0090174 0.0103232 0.0212446
v 0.0093495 0.0106468 0.0214772
v 0.0091861 0.0104980 0.0213201
v 0.0088181 0.0100753 0.0213071
v 0.0092187 0.0103254 0.0213550
v 0.0090487 0.0101754 0.0213251
v 0.0096100 0.0107842 0.0219069
v 0.0094200 0.0104052 0.0214963
v 0.0095063 0.0105815 0.0216056
v 0.0091877 0.0100625 0.0215040
v 0.0096311 0.0106058 0.0217774
v 0.0093400 0.0101964 0.0215037
v 0.0095956 0.0103298 0.0217040
v 0.0097331 0.0106914 0.0220347
v 0.0096875 0.0104348 0.0218212
v 0.0097702 0.0107203 0.0221715
v 0.0098026 0.0105683 0.0220864
v 0.0097830 0.0107772 0.0224012
v 0.0094773 0.0101334 0.0216981
v 0.0098324 0.0104048 0.0221418
v 0.0097610 0.0102679 0.0220352
v 0.0096682 0.0101646 0.0219507
v 0.0098684 0.0106074 0.0224160
v 0.0095795 0.0100701 0.0219394
v 0.0098959 0.0104547 0.0224480
v 0.0098548 0.0103009 0.0223150
v 0.0097542 0.0101385 0.0222181
v 0.0097982 0.0101374 0.0224310
v 0.0078112 0.0112166 0.0224238
v 0.0075653 0.0111318 0.0224234
v 0.0073025 0.0110029 0.0224360
v 0.0082243 0.0112222 0.0220385
v 0.0081704 0.0112541 0.0222122
v 0.0079996 0.0112542 0.0223833
v 0.0085762 0.0110126 0.0215147
v 0.0082249 0.0110091 0.0215071
v 0.0088793 0.0112390 0.0224086
v 0.0087090 0.0112605 0.0223148
v 0.0085817 0.0112380 0.0221000
v 0.0094887 0.0110049 0.0224251
v 0.0091388 0.0111702 0.0224266
v 0.0079742 0.0112009 0.0220998
v 0.0074242 0.0110230 0.0221467
v 0.0076962 0.0110842 0.0219412
v 0.0079760 0.0110766 0.0217187
v 0.0088821 0.0112009 0.0221449
v 0.0089833 0.0110891 0.0218392
v 0.0088496 0.0110212 0.0216216
v 0.0092797 0.0110771 0.0221702
v 0.0073134 0.0110050 0.0227758
v 0.0094931 0.0110032 0.0227755
v 0.0092040 0.0111437 0.0227762
v 0.0085797 0.0112295 0.0231287
v 0.0086479 0.0112594 0.0229579
v 0.0088529 0.0112461 0.0227926
v 0.0085719 0.0110037 0.0236999
v 0.0085768 0.0111547 0.0233783
v 0.0082237 0.0110088 0.0236851
v 0.0082238 0.0111524 0.0233785
v 0.0078314 0.0112206 0.0227749
v 0.0080657 0.0112612 0.0228585
v 0.0082136 0.0112388 0.0230860
v 0.0075367 0.0111198 0.0227768
v 0.0076357 0.0110561 0.0232633
v 0.0079111 0.0111802 0.0231545
v 0.0079153 0.0110142 0.0235826
v 0.0090151 0.0111672 0.0230601
v 0.0088834 0.0111056 0.0233828
v 0.0093110 0.0110627 0.0230171
v 0.0092445 0.0110008 0.0233303
v 0.0073025 0.0110029 0.0224360
v 0.0073134 0.0110050 0.0227758
v 0.0073134 0.0106500 0.0224240
v 0.0073027 0.0106500 0.0227710
v 0.0073134 0.0110050 0.0227758
v 0.0073027 0.0106500 0.0227710
v 0.0082237 0.0110088 0.0236851
v 0.0082238 0.0111524 0.0233785
v 0.0078314 0.0112206 0.0227749
v 0.0080657 0.0112612 0.0228585
v 0.0082136 0.0112388 0.0230860
v 0.0075367 0.0111198 0.0227768
v 0.0082305 0.0106500 0.0236999
v 0.0082128 0.0106500 0.0230707
v 0.0080898 0.0106500 0.0228887
v 0.0079144 0.0106500 0.0227846
v 0.0073134 0.0106500 0.0224240
v 0.0073027 0.0106500 0.0227710
v 0.0078964 0.0106500 0.0224182
v 0.0081264 0.0106500 0.0222833
v 0.0082213 0.0106500 0.0220675
v 0.0082241 0.0106500 0.0215123
v 0.0085736 0.0106500 0.0215058
v 0.0085786 0.0106500 0.0220666
v 0.0086726 0.0106500 0.0222821
v 0.0089031 0.0106500 0.0224182
v 0.0094871 0.0106500 0.0224241
v 0.0094957 0.0106500 0.0227722
v 0.0088694 0.0106500 0.0227869
v 0.0086405 0.0106500 0.0229635
v 0.0085774 0.0106500 0.0231508
v 0.0085760 0.0106500 0.0236858
v 0.0082305 0.0106500 0.0236999
v 0.0082128 0.0106500 0.0230707
v 0.0080898 0.0106500 0.0228887
v 0.0079144 0.0106500 0.0227846
v 0.0078112 0.0112166 0.0224238
v 0.0075653 0.0111318 0.0224234
v 0.0073025 0.0110029 0.0224360
v 0.0082243 0.0112222 0.0220385
v 0.0081704 0.0112541 0.0222122
v 0.0079996 0.0112542 0.0223833
v 0.0082249 0.0110091 0.0215071
v 0.0073134 0.0106500 0.0224240
v 0.0078964 0.0106500 0.0224182
v 0.0081264 0.0106500 0.0222833
v 0.0082213 0.0106500 0.0220675
v 0.0082241 0.0106500 0.0215123
v 0.0085762 0.0110126 0.0215147
v 0.0082249 0.0110091 0.0215071
v 0.0082241 0.0106500 0.0215123
v 0.0085736 0.0106500 0.0215058
v 0.0085762 0.0110126 0.0215147
v 0.0088793 0.0112390 0.0224086
v 0.0087090 0.0112605 0.0223148
v 0.0085817 0.0112380 0.0221000
v 0.0094887 0.0110049 0.0224251
v 0.0091388 0.0111702 0.0224266
v 0.0085736 0.0106500 0.0215058
v 0.0085786 0.0106500 0.0220666
v 0.0086726 0.0106500 0.0222821
v 0.0089031 0.0106500 0.0224182
v 0.0094871 0.0106500 0.0224241
v 0.0094887 0.0110049 0.0224251
v 0.0094931 0.0110032 0.0227755
v 0.0094871 0.0106500 0.0224241
v 0.0094957 0.0106500 0.0227722
v 0.0094931 0.0110032 0.0227755
v 0.0092040 0.0111437 0.0227762
v 0.0088529 0.0112461 0.0227926
v 0.0094957 0.0106500 0.0227722
v 0.0088694 0.0106500 0.0227869
v 0.0085797 0.0112295 0.0231287
v 0.0086479 0.0112594 0.0229579
v 0.0088529 0.0112461 0.0227926
v 0.0085719 0.0110037 0.0236999
v 0.0085768 0.0111547 0.0233783
v 0.0088694 0.0106500 0.0227869
v 0.0086405 0.0106500 0.0229635
v 0.0085774 0.0106500 0.0231508
v 0.0085760 0.0106500 0.0236858
v 0.0085719 0.0110037 0.0236999
v 0.0082237 0.0110088 0.0236851
v 0.0085760 0.0106500 0.0236858
v 0.0082305 0.0106500 0.0236999
vn -0.000003 -1.000000 0.000037
vn 0.000319 -1.000000 -0.000118
vn -0.000109 -1.000000 0.000146
vn 0.000034 -1.000000 0.000027
vn 0.000008 -1.000000 0.000057
vn -0.000110 -1.000000 0.000177
vn -0.000082 -1.000000 0.000027
vn 0.000047 -1.000000 -0.000275
vn 0.000048 -1.000000 -0.000039
vn 0.000121 -1.000000 0.000314
vn 0.000002 -1.000000 0.000043
vn -0.681309 -0.731991 -0.002591
vn -0.580022 -0.719315 0.382309
vn -0.316673 -0.720646 0.616756
vn -0.005430 -0.718642 0.695359
vn 0.315640 -0.722442 0.615182
vn 0.560456 -0.724833 0.400632
vn 0.685207 -0.728131 0.017815
vn 0.585831 -0.727193 -0.357761
vn 0.308172 -0.726260 -0.614473
vn -0.113114 -0.724111 -0.680344
vn -0.536729 -0.724538 -0.432396
vn -0.714138 -0.698565 0.044873
vn 0.672629 -0.719710 -0.172013
vn 0.600349 -0.696058 -0.393807
vn 0.448137 -0.714966 -0.536653
vn 0.190546 -0.716069 -0.671519
vn -0.092893 -0.693000 -0.714928
vn -0.367499 -0.732522 -0.573024
vn -0.620075 -0.683327 -0.385451
vn -0.651998 -0.733769 -0.191000
vn -0.650557 -0.716844 0.250820
vn -0.491304 -0.706191 0.509818
vn -0.265617 -0.709710 0.652503
vn -0.074623 -0.699545 0.710681
vn 0.159913 -0.708611 0.687239
vn 0.375597 -0.710616 0.594939
vn 0.531119 -0.699536 0.478082
vn 0.636158 -0.726603 0.259522
vn 0.705139 -0.703657 0.087439
vn -0.998717 -0.003307 0.050541
vn 0.970750 -0.002803 -0.240075
vn 0.839274 -0.002627 -0.543703
vn 0.624665 -0.002650 -0.780888
vn 0.296435 -0.003088 -0.955048
vn -0.138109 -0.003389 -0.990411
vn -0.558441 -0.003568 -0.829537
vn -0.829945 -0.000878 -0.557845
vn -0.962574 -0.000255 -0.271018
vn -0.920098 -0.000953 0.391688
vn -0.707518 0.001304 0.706694
vn -0.395543 -0.000648 0.918447
vn -0.082204 -0.002285 0.996613
vn 0.218744 -0.002312 0.975780
vn 0.520295 -0.000748 0.853986
vn 0.757988 -0.000449 0.652268
vn 0.915708 -0.002354 0.401839
vn 0.995208 -0.003212 0.097726
vn -0.981875 0.004137 -0.189485
vn 0.960131 0.003243 0.279532
vn 0.785002 0.001976 0.619491
vn 0.490700 0.002394 0.871325
vn 0.078512 0.003759 0.996906
vn -0.354783 0.002027 0.934946
vn -0.713219 0.000340 0.700941
vn -0.952562 0.002967 0.304330
vn -0.792670 0.003324 -0.609642
vn -0.473675 0.003147 -0.880694
vn -0.060322 0.002870 -0.998175
vn 0.380000 0.003133 -0.924981
vn 0.702529 0.002696 -0.711650
vn 0.902030 0.002917 -0.431663
vn 0.994539 0.003391 -0.104312
vn 0.000000 1.000000 0.000000
vn 0.000000 1.000000 0.000000
vn -0.000002 1.000000 -0.000000
vn -0.000001 1.000000 -0.000000
vn 0.000000 1.000000 0.000000
vn 0.000000 1.000000 0.000000
vn 0.000000 1.000000 0.000000
vn 0.000000 1.000000 0.000000
vn 0.000000 1.000000 0.000000
vn 0.000000 1.000000 0.000000
vn 0.000000 1.000000 0.000000
vn -0.000001 1.000000 0.000000
vn -0.000001 1.000000 0.000000
vn 0.000000 1.000000 0.000000
vn 0.000000 1.000000 0.000000
vn 0.000000 1.000000 0.000000
vn -0.000002 1.000000 -0.000000
vn -0.000001 1.000000 0.000000
vn 0.000000 1.000000 0.000000
vn -0.000000 1.000000 -0.000000
vn -0.000001 1.000000 0.000000
vn 0.000000 1.000000 0.000000
vn 0.000000 1.000000 0.000000
vn 0.000000 1.000000 0.000000
vn 0.000000 1.000000 0.000000
vn 0.000000 1.000000 0.000000
vn 0.000000 1.000000 0.000000
vn 0.000000 1.000000 0.000000
vn 0.000000 1.000000 0.000000
vn 0.445060 -0.000519 0.895500
vn 0.735642 -0.000695 0.677370
vn 0.932022 -0.000888 0.362401
vn 0.996062 -0.001094 -0.088652
vn 0.846259 -0.001133 -0.532770
vn 0.513356 -0.000400 -0.858176
vn 0.076832 -0.000206 -0.997044
vn -0.376587 -0.000741 -0.926381
vn -0.725155 -0.000827 -0.688585
vn -0.933732 -0.001034 -0.357971
vn -0.992527 -0.001231 0.122018
vn -0.802288 -0.000950 0.596936
vn -0.447863 -0.000260 0.894102
vn 0.010103 -0.000157 0.999949
vn -0.002384 0.000186 -0.999997
vn 0.414017 0.000123 -0.910269
vn 0.744587 0.001002 -0.667525
vn 0.963377 0.001100 -0.268147
vn 0.987141 0.000977 0.159848
vn 0.848138 0.000813 0.529775
vn 0.537042 0.000831 0.843555
vn 0.037287 0.000454 0.999304
vn -0.432059 0.000070 0.901845
vn -0.740026 0.000412 0.672578
vn -0.943139 0.001013 0.332398
vn -0.996189 0.001087 -0.087219
vn -0.848113 0.000972 -0.529814
vn -0.479693 0.001061 -0.877436
vn 0.000389 -1.000000 -0.000759
vn -0.000329 -1.000000 -0.000413
vn 0.001758 -0.999998 -0.000057
vn 0.001774 -0.999997 -0.001528
vn -0.000179 -1.000000 -0.000027
vn 0.001144 -0.999998 0.001346
vn 0.000616 -0.999998 0.001923
vn 0.001149 -0.999999 0.001089
vn -0.000538 -1.000000 0.000401
vn -0.000649 -1.000000 0.000702
vn -0.000318 -1.000000 0.000319
vn -0.000200 -1.000000 -0.000102
vn -0.001153 -0.999999 -0.001039
vn -0.000389 -1.000000 -0.000258
vn 0.399758 -0.914053 -0.068554
vn 0.392281 -0.907569 -0.149779
vn 0.312694 -0.915879 -0.251771
vn 0.201768 -0.909625 -0.363142
vn 0.030080 -0.908680 -0.416409
vn -0.096362 -0.926501 -0.363744
vn -0.227967 -0.915140 -0.332489
vn -0.321390 -0.906836 -0.272684
vn -0.379118 -0.920613 -0.093498
vn -0.386754 -0.921479 0.036029
vn -0.357251 -0.921498 0.152356
vn -0.306266 -0.915986 0.259174
vn -0.189842 -0.918428 0.347060
vn -0.032472 -0.912573 0.407623
vn 0.131295 -0.897184 0.421690
vn 0.243358 -0.915868 0.319315
vn 0.388511 -0.918562 0.072821
vn 0.620683 0.783486 -0.030043
vn 0.587939 0.767715 0.254835
vn 0.486856 0.723691 0.489124
vn 0.295849 0.788817 0.538741
vn 0.168398 0.757470 0.630778
vn -0.040124 0.734179 0.677769
vn -0.206230 0.730803 0.650689
vn -0.311497 0.796422 0.518344
vn -0.451131 0.764891 0.459807
vn -0.543827 0.763491 0.348330
vn -0.571892 0.793252 0.209025
vn -0.646537 0.757357 0.091656
vn -0.671651 0.739756 -0.040564
vn -0.831642 0.553005 0.050560
vn -0.996751 -0.002225 0.080512
vn -0.966972 -0.250414 0.047508
vn -0.869856 -0.491362 -0.043747
vn -0.714579 -0.696589 -0.064354
vn 0.998979 0.032244 0.031647
vn 0.943336 -0.331838 -0.001115
vn 0.749910 -0.660988 0.027028
vn 0.711012 0.698133 0.084097
vn 0.921858 0.386120 0.032987
vn 0.814965 0.534281 0.224446
vn 0.967670 0.183572 0.172962
vn 0.966178 -0.200426 0.162263
vn 0.644987 0.654488 0.394509
vn 0.898262 0.281562 0.337413
vn 0.960307 0.011938 0.278691
vn 0.800066 0.398653 0.448298
vn 0.866078 -0.471302 0.166683
vn 0.900516 0.021963 0.434268
vn 0.876604 -0.311428 0.366848
vn 0.653634 0.470681 0.592640
vn 0.730084 -0.640425 0.238397
vn 0.809160 0.196478 0.553766
vn 0.804131 -0.042769 0.592911
vn 0.683470 0.182104 0.706899
vn 0.757068 -0.337776 0.559245
vn 0.382818 0.608194 0.695378
vn 0.536537 0.406409 0.739567
vn 0.714990 -0.553758 0.426780
vn 0.364884 -0.907725 0.207110
vn 0.680213 -0.117384 0.723554
vn 0.549801 0.000625 0.835295
vn 0.594521 -0.345904 0.725875
vn 0.534959 -0.701410 0.471001
vn 0.411190 0.309298 0.857472
vn 0.557824 -0.559609 0.612919
vn 0.287412 0.360548 0.887355
vn 0.183305 0.586965 0.788588
vn 0.382897 -0.013725 0.923689
vn 0.464066 -0.357708 0.810363
vn 0.033397 0.565410 0.824134
vn 0.372607 -0.645113 0.667078
vn 0.097691 0.361702 0.927161
vn 0.159300 0.103510 0.981789
vn 0.300923 -0.416885 0.857702
vn 0.213459 -0.168183 0.962367
vn -0.030828 0.150059 0.988196
vn -0.131757 0.497625 0.857327
vn -0.004292 -0.222924 0.974826
vn 0.134695 -0.604238 0.785337
vn -0.203737 0.232414 0.951039
vn 0.069152 -0.428492 0.900896
vn -0.319396 0.519580 0.792479
vn -0.424093 0.643504 0.637219
vn -0.357536 0.267187 0.894863
vn -0.197053 -0.122056 0.972765
vn -0.008777 -0.653220 0.757117
vn -0.144558 -0.445766 0.883400
vn -0.338849 -0.118655 0.933329
vn -0.513786 0.374354 0.771934
vn -0.486109 0.088184 0.869438
vn -0.599429 0.444282 0.665807
vn -0.181635 -0.714739 0.675394
vn -0.281405 -0.476130 0.833134
vn -0.627240 0.577533 0.522519
vn -0.619174 0.037818 0.784343
vn -0.481752 -0.256280 0.837995
vn -0.386064 -0.581467 0.716136
vn -0.753465 0.331434 0.567840
vn -0.724459 0.121299 0.678562
vn -0.590491 -0.383619 0.710040
vn -0.725533 0.569340 0.386593
vn -0.718289 -0.210087 0.663268
vn -0.864596 0.301399 0.402035
vn -0.835286 -0.008955 0.549743
vn -0.468260 -0.689509 0.552549
vn -0.793099 0.553863 0.253435
vn -0.656226 -0.552081 0.514368
vn -0.906901 0.014813 0.421083
vn -0.786548 -0.339273 0.515980
vn -0.896143 0.403794 0.184060
vn -0.866773 -0.290332 0.405478
vn -0.963521 0.063614 0.259964
vn -0.688819 -0.622099 0.372185
vn -0.965742 0.251971 0.062076
vn -0.937133 -0.250210 0.243262
vn -0.823382 -0.498308 0.271534
vn -0.690229 -0.702688 0.172668
vn -0.826170 -0.554292 0.101007
vn -0.624582 0.741734 -0.244392
vn -0.536670 0.765976 -0.353929
vn -0.430627 0.762764 -0.482442
vn -0.305533 0.774487 -0.553912
vn -0.124015 0.767858 -0.628501
vn 0.057627 0.760956 -0.646239
vn 0.225024 0.756034 -0.614636
vn 0.410846 0.701562 -0.582251
vn 0.500290 0.772480 -0.391134
vn 0.606067 0.765537 -0.215954
vn -0.741242 0.647263 -0.177797
vn -0.878937 0.462477 -0.116557
vn -0.970056 0.221856 -0.098846
vn -0.986632 -0.072101 -0.146144
vn -0.889561 0.374344 -0.261816
vn -0.782686 0.498783 -0.372315
vn -0.950931 0.096344 -0.294021
vn -0.710711 0.523032 -0.470454
vn -0.879728 0.216697 -0.423227
vn -0.901155 -0.393861 -0.181091
vn -0.931431 -0.121884 -0.342901
vn -0.608698 0.562268 -0.559769
vn -0.808370 0.171781 -0.563054
vn -0.869958 -0.339916 -0.357255
vn -0.700849 -0.666654 -0.253739
vn -0.871150 -0.055603 -0.487858
vn -0.701678 0.316358 -0.638408
vn -0.508815 0.496395 -0.703349
vn -0.772250 -0.511260 -0.377151
vn -0.779801 -0.262876 -0.568160
vn -0.690084 0.126880 -0.712521
vn -0.318345 0.627971 -0.710147
vn -0.642786 -0.650511 -0.404551
vn -0.674902 -0.186332 -0.713995
vn -0.507806 0.193700 -0.839412
vn -0.632537 -0.517154 -0.576583
vn -0.351559 0.381171 -0.855052
vn -0.556866 -0.062065 -0.828280
vn -0.566155 -0.377483 -0.732786
vn -0.175050 0.547632 -0.818203
vn -0.337651 0.132399 -0.931913
vn -0.388059 -0.105799 -0.915542
vn -0.417907 -0.366565 -0.831254
vn -0.481334 -0.628231 -0.611264
vn -0.028792 0.555344 -0.831122
vn -0.162999 0.261661 -0.951296
vn -0.409747 -0.568855 -0.713100
vn -0.195922 -0.049282 -0.979380
vn -0.250818 -0.360828 -0.898273
vn 0.105293 0.552994 -0.826505
vn -0.276682 -0.670782 -0.688112
vn -0.017062 0.150553 -0.988455
vn 0.119801 0.230060 -0.965774
vn -0.074516 -0.274893 -0.958583
vn 0.278110 0.596377 -0.752987
vn -0.124944 -0.625803 -0.769909
vn 0.259972 0.408924 -0.874755
vn 0.114697 -0.181529 -0.976674
vn 0.310169 0.132428 -0.941413
vn 0.033515 -0.541335 -0.840139
vn 0.260925 -0.151053 -0.953468
vn 0.434622 0.377375 -0.817736
vn 0.194134 -0.499571 -0.844240
vn 0.592147 0.579700 -0.559741
vn 0.396442 -0.215107 -0.892504
vn 0.597781 0.346430 -0.722941
vn 0.522809 0.083611 -0.848340
vn 0.219219 -0.706201 -0.673219
vn 0.536929 -0.228402 -0.812120
vn 0.390696 -0.503098 -0.770876
vn 0.690591 0.600749 -0.402722
vn 0.679152 -0.074677 -0.730189
vn 0.730832 0.229596 -0.642783
vn 0.439084 -0.678843 -0.588539
vn 0.792895 0.292456 -0.534590
vn 0.587424 -0.444412 -0.676336
vn 0.776377 -0.216636 -0.591868
vn 0.821339 0.429355 -0.375575
vn 0.860407 -0.019924 -0.509219
vn 0.830260 0.500663 -0.244958
vn 0.921631 0.195850 -0.335021
vn 0.795084 0.596397 -0.110233
vn 0.632644 -0.564413 -0.530283
vn 0.952063 -0.069653 -0.297868
vn 0.873625 -0.317819 -0.368471
vn 0.764489 -0.508101 -0.396723
vn 0.952174 0.279349 -0.123809
vn 0.635025 -0.687808 -0.351658
vn 0.994611 0.009213 -0.103268
vn 0.944435 -0.275033 -0.179996
vn 0.794540 -0.562916 -0.227665
vn 0.820539 -0.562226 -0.103042
vn -0.282461 0.943039 -0.175764
vn -0.367838 0.915624 -0.162259
vn -0.518450 0.849859 -0.094599
vn -0.128463 0.948643 -0.289092
vn -0.151696 0.969248 -0.193770
vn -0.205591 0.964986 -0.162893
vn 0.096764 0.862799 -0.496201
vn -0.106589 0.853212 -0.510557
vn 0.236412 0.962008 -0.136566
vn 0.172804 0.971153 -0.164317
vn 0.138468 0.949732 -0.280778
vn 0.504296 0.858123 -0.096489
vn 0.333518 0.932520 -0.138461
vn -0.205627 0.950793 -0.231756
vn -0.436031 0.875683 -0.207500
vn -0.321138 0.899141 -0.297348
vn -0.187775 0.896886 -0.400421
vn 0.222831 0.951138 -0.213734
vn 0.260873 0.900498 -0.347922
vn 0.198150 0.878631 -0.434448
vn 0.401077 0.892557 -0.206103
vn -0.500397 0.859956 0.100389
vn 0.513524 0.851958 0.102277
vn 0.359482 0.924768 0.124809
vn 0.174692 0.951039 0.254966
vn 0.185407 0.958488 0.216620
vn 0.232861 0.961988 0.142669
vn 0.108234 0.850417 0.514856
vn 0.143068 0.924828 0.352455
vn -0.100076 0.855028 0.508834
vn -0.143663 0.923722 0.355103
vn -0.281428 0.946198 0.159711
vn -0.188020 0.967940 0.166555
vn -0.131968 0.961877 0.239535
vn -0.385228 0.904640 0.182281
vn -0.356153 0.887261 0.293126
vn -0.230274 0.939856 0.252280
vn -0.221948 0.872952 0.434389
vn 0.270713 0.939274 0.210899
vn 0.221216 0.906356 0.359976
vn 0.419599 0.886972 0.192919
vn 0.385325 0.859045 0.336997
vn 0.999999 -0.000319 -0.001016
vn 0.999059 -0.029527 -0.031780
vn 0.999085 0.029784 0.030691
vn 1.000000 0.000845 0.000210
vn -0.002794 0.013682 -0.999902
vn 0.015155 0.004742 -0.999874
vn 0.999827 0.001402 -0.018556
vn 0.999759 -0.009728 -0.019673
vn 0.179163 0.009469 -0.983774
vn 0.630346 0.016441 -0.776140
vn 0.944282 0.007318 -0.329057
vn 0.007630 -0.003548 -0.999965
vn 0.999446 0.017809 -0.028132
vn 0.951969 0.004002 -0.306168
vn 0.692378 -0.008432 -0.721486
vn 0.269395 -0.007853 -0.962998
vn 0.000000 1.000000 0.000000
vn 0.000000 1.000000 0.000000
vn 0.000000 1.000000 0.000000
vn 0.000000 1.000000 0.000000
vn 0.000000 1.000000 0.000000
vn 0.000000 1.000000 0.000000
vn 0.000000 1.000000 0.000000
vn 0.000000 1.000000 0.000000
vn -0.000000 1.000000 -0.000000
vn 0.000001 1.000000 -0.000002
vn -0.000002 1.000000 0.000000
vn -0.000001 1.000000 -0.000001
vn -0.000002 1.000000 -0.000001
vn -0.000000 1.000000 -0.000000
vn 0.000002 1.000000 0.000001
vn 0.000000 1.000000 0.000000
vn 0.000001 1.000000 0.000001
vn 0.000001 1.000000 -0.000002
vn 0.000000 1.000000 -0.000001
vn 0.000000 1.000000 0.000000
vn 0.112287 0.007095 0.993650
vn 0.017604 -0.012254 0.999770
vn 0.063339 -0.031891 0.997482
vn 0.984893 0.003740 0.173126
vn 0.853019 0.017112 0.521600
vn 0.490781 0.018029 0.871096
vn 0.999986 -0.003412 0.004082
vn 0.027053 -0.012912 0.999551
vn 0.257158 -0.017144 0.966217
vn 0.750137 -0.021043 0.660948
vn 0.979073 -0.009209 0.203303
vn 0.999985 -0.001928 0.005033
vn -0.021292 -0.024282 0.999478
vn -0.001857 -0.005413 0.999984
vn 0.018524 0.014378 0.999725
vn -0.001106 -0.004683 0.999988
vn -0.999948 0.005975 0.008225
vn -0.313068 0.002702 0.949727
vn -0.690888 0.007393 0.722924
vn -0.953267 0.011016 0.301929
vn 0.002770 -0.003014 0.999992
vn -0.034051 0.001866 0.999418
vn -0.999936 0.007019 0.008911
vn -0.979548 -0.005834 0.201127
vn -0.748697 -0.012053 0.662803
vn -0.266705 -0.009271 0.963734
vn -0.005238 -0.008376 0.999951
vn -0.999825 -0.001664 0.018653
vn -0.999891 -0.007516 0.012671
vn -0.999685 0.004295 0.024744
vn -0.999823 -0.001562 0.018757
vn 0.002057 0.009275 -0.999955
vn -0.027329 0.003120 -0.999622
vn -0.044386 0.008306 -0.998980
vn -0.014912 -0.000755 -0.999889
vn -0.031667 -0.000324 -0.999498
vn -0.975593 0.004367 -0.219542
vn -0.797289 0.004152 -0.603584
vn -0.623057 -0.002259 -0.782173
vn -0.999964 -0.003209 -0.007851
vn -0.999923 0.004114 -0.011723
vn -0.610727 -0.009408 -0.791786
vn -0.814351 -0.006277 -0.580338
vn -0.986743 -0.004912 -0.162215
vn -0.999931 -0.011500 -0.002509
vn 0.001522 -0.001638 -0.999997
vn 0.041824 -0.040537 -0.998302
vn -0.040776 0.039189 -0.998399
vn 0.000099 -0.000264 -1.000000
f 1942//1942 1944//1944 1943//1943
f 1942//1942 1945//1945 1944//1944
f 1952//1952 1946//1946 1945//1945
f 1952//1952 1945//1945 1942//1942
f 1952//1952 1947//1947 1946//1946
f 1952//1952 1948//1948 1947//1947
f 1952//1952 1950//1950 1949//1949
f 1952//1952 1949//1949 1948//1948
f 1952//1952 1951//1951 1950//1950
f 1974//1974 1973//1973 1954//1954
f 1975//1975 1974//1974 1955//1955
f 1975//1975 1955//1955 1956//1956
f 1976//1976 1975//1975 1956//1956
f 1977//1977 1976//1976 1956//1956
f 1977//1977 1956//1956 1957//1957
f 1980//1980 1979//1979 1958//1958
f 1978//1978 1957//1957 1958//1958
f 1979//1979 1978//1978 1958//1958
f 1973//1973 1953//1953 1954//1954
f 1980//1980 1958//1958 1959//1959
f 1959//1959 1981//1981 1980//1980
f 1978//1978 1977//1977 1957//1957
f 1953//1953 1973//1973 1964//1964
f 1974//1974 1954//1954 1955//1955
f 1972//1972 1971//1971 1963//1963
f 1953//1953 1964//1964 1972//1972
f 1959//1959 1965//1965 1981//1981
f 1965//1965 1959//1959 1960//1960
f 1966//1966 1965//1965 1960//1960
f 1967//1967 1960//1960 1961//1961
f 1968//1968 1967//1967 1961//1961
f 1967//1967 1966//1966 1960//1960
f 1969//1969 1968//1968 1962//1962
f 1970//1970 1962//1962 1963//1963
f 1970//1970 1969//1969 1962//1962
f 1971//1971 1970//1970 1963//1963
f 1972//1972 1963//1963 1953//1953
f 1968//1968 1961//1961 1962//1962
f 1986//1986 2010//2010 2011//2011
f 1983//1983 1984//1984 2013//2013
f 1984//1984 2012//2012 2013//2013
f 1984//1984 1985//1985 2012//2012
f 1985//1985 2011//2011 2012//2012
f 1985//1985 1986//1986 2011//2011
f 1986//1986 1987//1987 2010//2010
f 1990//1990 1982//1982 2000//2000
f 1987//1987 1988//1988 2009//2009
f 1988//1988 2008//2008 2009//2009
f 1988//1988 1989//1989 2008//2008
f 1989//1989 1990//1990 2008//2008
f 1990//1990 2000//2000 2008//2008
f 1983//1983 2013//2013 2014//2014
f 1987//1987 2009//2009 2010//2010
f 1999//1999 1983//1983 2014//2014
f 1999//1999 2014//2014 2001//2001
f 1982//1982 1991//1991 2007//2007
f 1998//1998 1999//1999 2001//2001
f 1998//1998 2001//2001 2002//2002
f 1997//1997 1998//1998 2002//2002
f 1997//1997 2002//2002 2003//2003
f 1982//1982 2007//2007 2000//2000
f 1995//1995 1996//1996 2003//2003
f 1995//1995 2003//2003 2004//2004
f 1996//1996 1997//1997 2003//2003
f 1994//1994 2004//2004 2005//2005
f 1993//1993 1994//1994 2005//2005
f 1992//1992 2005//2005 2006//2006
f 1992//1992 1993//1993 2005//2005
f 1992//1992 2006//2006 2007//2007
f 1991//1991 1992//1992 2007//2007
f 1994//1994 1995//1995 2004//2004
f 2020//2020 2043//2043 2042//2042
f 2021//2021 2042//2042 2041//2041
f 2021//2021 2041//2041 2022//2022
f 2021//2021 2020//2020 2042//2042
f 2022//2022 2041//2041 2040//2040
f 2020//2020 2019//2019 2043//2043
f 2035//2035 2027//2027 2026//2026
f 2015//2015 2040//2040 2039//2039
f 2034//2034 2027//2027 2035//2035
f 2034//2034 2028//2028 2027//2027
f 2033//2033 2028//2028 2034//2034
f 2022//2022 2040//2040 2015//2015
f 2033//2033 2029//2029 2028//2028
f 2036//2036 2026//2026 2025//2025
f 2033//2033 2016//2016 2029//2029
f 2037//2037 2036//2036 2025//2025
f 2032//2032 2016//2016 2033//2033
f 2037//2037 2025//2025 2024//2024
f 2036//2036 2035//2035 2026//2026
f 2031//2031 2017//2017 2032//2032
f 2038//2038 2037//2037 2024//2024
f 2038//2038 2024//2024 2023//2023
f 2018//2018 2017//2017 2031//2031
f 2018//2018 2031//2031 2030//2030
f 2023//2023 2039//2039 2038//2038
f 2015//2015 2039//2039 2023//2023
f 2019//2019 2018//2018 2030//2030
f 2019//2019 2030//2030 2043//2043
f 2032//2032 2017//2017 2016//2016
f 2056//2056 2066//2066 2067//2067
f 2055//2055 2056//2056 2067//2067
f 2055//2055 2067//2067 2068//2068
f 2054//2054 2055//2055 2068//2068
f 2054//2054 2068//2068 2069//2069
f 2051//2051 2071//2071 2058//2058
f 2053//2053 2054//2054 2069//2069
f 2052//2052 2053//2053 2070//2070
f 2051//2051 2052//2052 2071//2071
f 2050//2050 2051//2051 2058//2058
f 2056//2056 2065//2065 2066//2066
f 2053//2053 2069//2069 2070//2070
f 2056//2056 2057//2057 2065//2065
f 2052//2052 2070//2070 2071//2071
f 2044//2044 2064//2064 2065//2065
f 2057//2057 2044//2044 2065//2065
f 2049//2049 2058//2058 2059//2059
f 2049//2049 2059//2059 2060//2060
f 2048//2048 2049//2049 2060//2060
f 2048//2048 2060//2060 2061//2061
f 2047//2047 2048//2048 2061//2061
f 2049//2049 2050//2050 2058//2058
f 2046//2046 2047//2047 2062//2062
f 2047//2047 2061//2061 2062//2062
f 2045//2045 2063//2063 2064//2064
f 2044//2044 2045//2045 2064//2064
f 2046//2046 2062//2062 2063//2063
f 2045//2045 2046//2046 2063//2063
f 2267//2267 2264//2264 2262//2262
f 2260//2260 2090//2090 2091//2091
f 2269//2269 2265//2265 2263//2263
f 2267//2267 2262//2262 2265//2265
f 2090//2090 2260//2260 2264//2264
f 2212//2212 2266//2266 2259//2259
f 2266//2266 2263//2263 2261//2261
f 2212//2212 2259//2259 2211//2211
f 2266//2266 2261//2261 2259//2259
f 2262//2262 2264//2264 2258//2258
f 2265//2265 2262//2262 2257//2257
f 2265//2265 2257//2257 2263//2263
f 2264//2264 2260//2260 2258//2258
f 2260//2260 2253//2253 2258//2258
f 2091//2091 2255//2255 2260//2260
f 2262//2262 2258//2258 2256//2256
f 2262//2262 2256//2256 2257//2257
f 2261//2261 2257//2257 2254//2254
f 2261//2261 2254//2254 2259//2259
f 2270//2270 2266//2266 2212//2212
f 2260//2260 2255//2255 2253//2253
f 2259//2259 2254//2254 2211//2211
f 2255//2255 2091//2091 2092//2092
f 2258//2258 2252//2252 2256//2256
f 2211//2211 2254//2254 2210//2210
f 2258//2258 2253//2253 2252//2252
f 2263//2263 2257//2257 2261//2261
f 2271//2271 2263//2263 2266//2266
f 2272//2272 2090//2090 2267//2267
f 2270//2270 2212//2212 2268//2268
f 2284//2284 2275//2275 2214//2214
f 2283//2283 2277//2277 2279//2279
f 2283//2283 2281//2281 2277//2277
f 2282//2282 2279//2279 2275//2275
f 2280//2280 2278//2278 2274//2274
f 2281//2281 2276//2276 2277//2277
f 2280//2280 2273//2273 2276//2276
f 2089//2089 2272//2272 2278//2278
f 2280//2280 2274//2274 2273//2273
f 2279//2279 2277//2277 2268//2268
f 2279//2279 2268//2268 2275//2275
f 2275//2275 2213//2213 2214//2214
f 2278//2278 2272//2272 2274//2274
f 2268//2268 2212//2212 2213//2213
f 2276//2276 2273//2273 2271//2271
f 2273//2273 2274//2274 2269//2269
f 2277//2277 2270//2270 2268//2268
f 2276//2276 2271//2271 2270//2270
f 2275//2275 2268//2268 2213//2213
f 2274//2274 2272//2272 2267//2267
f 2272//2272 2089//2089 2090//2090
f 2274//2274 2267//2267 2269//2269
f 2273//2273 2269//2269 2271//2271
f 2257//2257 2249//2249 2254//2254
f 2269//2269 2267//2267 2265//2265
f 2269//2269 2263//2263 2271//2271
f 2270//2270 2271//2271 2266//2266
f 2090//2090 2264//2264 2267//2267
f 2277//2277 2276//2276 2270//2270
f 2257//2257 2256//2256 2249//2249
f 2253//2253 2247//2247 2246//2246
f 2256//2256 2252//2252 2250//2250
f 2240//2240 2237//2237 2234//2234
f 2236//2236 2208//2208 2209//2209
f 2242//2242 2235//2235 2239//2239
f 2237//2237 2093//2093 2229//2229
f 2241//2241 2232//2232 2236//2236
f 2239//2239 2235//2235 2232//2232
f 2237//2237 2229//2229 2233//2233
f 2229//2229 2093//2093 2094//2094
f 2238//2238 2234//2234 2235//2235
f 2237//2237 2233//2233 2234//2234
f 2234//2234 2227//2227 2235//2235
f 2235//2235 2231//2231 2232//2232
f 2236//2236 2232//2232 2207//2207
f 2236//2236 2207//2207 2208//2208
f 2234//2234 2233//2233 2228//2228
f 2232//2232 2231//2231 2226//2226
f 2235//2235 2227//2227 2231//2231
f 2234//2234 2230//2230 2227//2227
f 2234//2234 2228//2228 2230//2230
f 2233//2233 2229//2229 2228//2228
f 2231//2231 2227//2227 2222//2222
f 2232//2232 2226//2226 2207//2207
f 2228//2228 2225//2225 2230//2230
f 2094//2094 2120//2120 2229//2229
f 2231//2231 2222//2222 2226//2226
f 2229//2229 2224//2224 2228//2228
f 2281//2281 2280//2280 2276//2276
f 2242//2242 2238//2238 2235//2235
f 2255//2255 2247//2247 2253//2253
f 2240//2240 2234//2234 2238//2238
f 2243//2243 2240//2240 2238//2238
f 2256//2256 2250//2250 2249//2249
f 2255//2255 2251//2251 2247//2247
f 2253//2253 2246//2246 2252//2252
f 2255//2255 2092//2092 2251//2251
f 2254//2254 2249//2249 2210//2210
f 2092//2092 2248//2248 2251//2251
f 2252//2252 2246//2246 2245//2245
f 2249//2249 2250//2250 2244//2244
f 2252//2252 2245//2245 2250//2250
f 2251//2251 2248//2248 2243//2243
f 2249//2249 2209//2209 2210//2210
f 2250//2250 2245//2245 2241//2241
f 2092//2092 2093//2093 2248//2248
f 2251//2251 2243//2243 2247//2247
f 2250//2250 2241//2241 2244//2244
f 2249//2249 2244//2244 2209//2209
f 2247//2247 2242//2242 2246//2246
f 2245//2245 2246//2246 2239//2239
f 2248//2248 2093//2093 2240//2240
f 2248//2248 2240//2240 2243//2243
f 2247//2247 2243//2243 2242//2242
f 2244//2244 2241//2241 2236//2236
f 2246//2246 2242//2242 2239//2239
f 2245//2245 2239//2239 2241//2241
f 2244//2244 2236//2236 2209//2209
f 2243//2243 2238//2238 2242//2242
f 2093//2093 2237//2237 2240//2240
f 2241//2241 2239//2239 2232//2232
f 2285//2285 2279//2279 2282//2282
f 2313//2313 2209//2209 2208//2208
f 2285//2285 2283//2283 2279//2279
f 2333//2333 2331//2331 2332//2332
f 2333//2333 2328//2328 2331//2331
f 2332//2332 2112//2112 2111//2111
f 2332//2332 2331//2331 2113//2113
f 2332//2332 2113//2113 2112//2112
f 2113//2113 2331//2331 2318//2318
f 2324//2324 2326//2326 2108//2108
f 2318//2318 2115//2115 2114//2114
f 2318//2318 2114//2114 2113//2113
f 2318//2318 2299//2299 2115//2115
f 2317//2317 2308//2308 2214//2214
f 2317//2317 2309//2309 2308//2308
f 2317//2317 2214//2214 2213//2213
f 2317//2317 2213//2213 2315//2315
f 2317//2317 2314//2314 2309//2309
f 2315//2315 2213//2213 2212//2212
f 2309//2309 2314//2314 2305//2305
f 2317//2317 2315//2315 2314//2314
f 2315//2315 2212//2212 2316//2316
f 2316//2316 2212//2212 2211//2211
f 2314//2314 2306//2306 2305//2305
f 2316//2316 2303//2303 2315//2315
f 2316//2316 2211//2211 2303//2303
f 2315//2315 2307//2307 2314//2314
f 2314//2314 2307//2307 2306//2306
f 2315//2315 2303//2303 2307//2307
f 2304//2304 2209//2209 2313//2313
f 2334//2334 2111//2111 2110//2110
f 2230//2230 2223//2223 2227//2227
f 2334//2334 2332//2332 2111//2111
f 2333//2333 2332//2332 2334//2334
f 2103//2103 2319//2319 2124//2124
f 2319//2319 2104//2104 2124//2124
f 2319//2319 2337//2337 2104//2104
f 2319//2319 2320//2320 2337//2337
f 2337//2337 2338//2338 2104//2104
f 2338//2338 2105//2105 2104//2104
f 2337//2337 2335//2335 2338//2338
f 2335//2335 2336//2336 2338//2338
f 2338//2338 2106//2106 2105//2105
f 2338//2338 2336//2336 2106//2106
f 2337//2337 2320//2320 2335//2335
f 2336//2336 2324//2324 2106//2106
f 2335//2335 2322//2322 2336//2336
f 2336//2336 2325//2325 2324//2324
f 2106//2106 2324//2324 2107//2107
f 2336//2336 2322//2322 2321//2321
f 2336//2336 2321//2321 2325//2325
f 2335//2335 2323//2323 2322//2322
f 2335//2335 2320//2320 2323//2323
f 2108//2108 2107//2107 2324//2324
f 2326//2326 2334//2334 2109//2109
f 2326//2326 2109//2109 2108//2108
f 2327//2327 2333//2333 2334//2334
f 2327//2327 2334//2334 2326//2326
f 2334//2334 2110//2110 2109//2109
f 2333//2333 2327//2327 2330//2330
f 2333//2333 2330//2330 2329//2329
f 2329//2329 2328//2328 2333//2333
f 2282//2282 2275//2275 2284//2284
f 2304//2304 2313//2313 2300//2300
f 2313//2313 2207//2207 2312//2312
f 2294//2294 2288//2288 2293//2293
f 2087//2087 2292//2292 2290//2290
f 2292//2292 2087//2087 2088//2088
f 2294//2294 2289//2289 2288//2288
f 2293//2293 2291//2291 2125//2125
f 2293//2293 2125//2125 2121//2121
f 2293//2293 2288//2288 2291//2291
f 2291//2291 2288//2288 2285//2285
f 2291//2291 2286//2286 2125//2125
f 2292//2292 2088//2088 2287//2287
f 2291//2291 2285//2285 2284//2284
f 2292//2292 2287//2287 2290//2290
f 2288//2288 2289//2289 2283//2283
f 2286//2286 2124//2124 2125//2125
f 2290//2290 2281//2281 2289//2289
f 2291//2291 2284//2284 2286//2286
f 2088//2088 2089//2089 2278//2278
f 2290//2290 2287//2287 2281//2281
f 2286//2286 2103//2103 2124//2124
f 2289//2289 2281//2281 2283//2283
f 2088//2088 2278//2278 2287//2287
f 2288//2288 2283//2283 2285//2285
f 2284//2284 2285//2285 2282//2282
f 2286//2286 2214//2214 2103//2103
f 2287//2287 2280//2280 2281//2281
f 2287//2287 2278//2278 2280//2280
f 2286//2286 2284//2284 2214//2214
f 2295//2295 2290//2290 2289//2289
f 2313//2313 2208//2208 2207//2207
f 2295//2295 2289//2289 2294//2294
f 2293//2293 2121//2121 2122//2122
f 2313//2313 2310//2310 2300//2300
f 2313//2313 2312//2312 2310//2310
f 2312//2312 2207//2207 2206//2206
f 2312//2312 2206//2206 2311//2311
f 2300//2300 2310//2310 2301//2301
f 2311//2311 2298//2298 2312//2312
f 2312//2312 2297//2297 2310//2310
f 2311//2311 2206//2206 2205//2205
f 2310//2310 2302//2302 2301//2301
f 2312//2312 2298//2298 2297//2297
f 2311//2311 2205//2205 2299//2299
f 2311//2311 2299//2299 2298//2298
f 2310//2310 2297//2297 2302//2302
f 2103//2103 2308//2308 2319//2319
f 2103//2103 2214//2214 2308//2308
f 2211//2211 2210//2210 2303//2303
f 2210//2210 2304//2304 2303//2303
f 2210//2210 2209//2209 2304//2304
f 2205//2205 2115//2115 2299//2299
f 2086//2086 2123//2123 2102//2102
f 2086//2086 2296//2296 2123//2123
f 2296//2296 2122//2122 2123//2123
f 2296//2296 2086//2086 2295//2295
f 2086//2086 2087//2087 2295//2295
f 2122//2122 2296//2296 2294//2294
f 2296//2296 2295//2295 2294//2294
f 2122//2122 2294//2294 2293//2293
f 2295//2295 2087//2087 2290//2290
f 2229//2229 2120//2120 2224//2224
f 2095//2095 2203//2203 2204//2204
f 2230//2230 2225//2225 2221//2221
f 2149//2149 2101//2101 2145//2145
f 2152//2152 2142//2142 2153//2153
f 2151//2151 2149//2149 2141//2141
f 2148//2148 2146//2146 2147//2147
f 2150//2150 2147//2147 2143//2143
f 2153//2153 2142//2142 2107//2107
f 2152//2152 2150//2150 2142//2142
f 2151//2151 2141//2141 2148//2148
f 2149//2149 2144//2144 2141//2141
f 2107//2107 2142//2142 2106//2106
f 2147//2147 2146//2146 2140//2140
f 2149//2149 2145//2145 2144//2144
f 2150//2150 2143//2143 2142//2142
f 2148//2148 2141//2141 2146//2146
f 2147//2147 2140//2140 2143//2143
f 2146//2146 2141//2141 2139//2139
f 2145//2145 2102//2102 2137//2137
f 2146//2146 2139//2139 2140//2140
f 2145//2145 2137//2137 2144//2144
f 2144//2144 2135//2135 2141//2141
f 2143//2143 2105//2105 2142//2142
f 2143//2143 2140//2140 2136//2136
f 2144//2144 2137//2137 2135//2135
f 2139//2139 2138//2138 2140//2140
f 2143//2143 2136//2136 2105//2105
f 2142//2142 2105//2105 2106//2106
f 2141//2141 2135//2135 2139//2139
f 2154//2154 2147//2147 2150//2150
f 2140//2140 2138//2138 2136//2136
f 2230//2230 2221//2221 2223//2223
f 2156//2156 2153//2153 2107//2107
f 2167//2167 2165//2165 2160//2160
f 2162//2162 2164//2164 2159//2159
f 2166//2166 2162//2162 2163//2163
f 2165//2165 2100//2100 2160//2160
f 2167//2167 2160//2160 2161//2161
f 2100//2100 2157//2157 2160//2160
f 2163//2163 2108//2108 2109//2109
f 2164//2164 2161//2161 2159//2159
f 2162//2162 2159//2159 2158//2158
f 2163//2163 2162//2162 2156//2156
f 2157//2157 2100//2100 2101//2101
f 2163//2163 2156//2156 2108//2108
f 2162//2162 2158//2158 2156//2156
f 2160//2160 2157//2157 2155//2155
f 2161//2161 2154//2154 2159//2159
f 2161//2161 2160//2160 2154//2154
f 2156//2156 2158//2158 2153//2153
f 2158//2158 2159//2159 2152//2152
f 2160//2160 2155//2155 2154//2154
f 2159//2159 2154//2154 2152//2152
f 2101//2101 2151//2151 2157//2157
f 2101//2101 2149//2149 2151//2151
f 2155//2155 2157//2157 2148//2148
f 2158//2158 2152//2152 2153//2153
f 2155//2155 2147//2147 2154//2154
f 2154//2154 2150//2150 2152//2152
f 2157//2157 2151//2151 2148//2148
f 2156//2156 2107//2107 2108//2108
f 2167//2167 2161//2161 2164//2164
f 2139//2139 2135//2135 2134//2134
f 2139//2139 2134//2134 2138//2138
f 2091//2091 2072//2072 2085//2085
f 2091//2091 2090//2090 2072//2072
f 2094//2094 2083//2083 2095//2095
f 2095//2095 2083//2083 2082//2082
f 2090//2090 2089//2089 2073//2073
f 2090//2090 2073//2073 2072//2072
f 2095//2095 2082//2082 2096//2096
f 2096//2096 2081//2081 2097//2097
f 2096//2096 2082//2082 2081//2081
f 2089//2089 2074//2074 2073//2073
f 2074//2074 2089//2089 2088//2088
f 2081//2081 2098//2098 2097//2097
f 2081//2081 2080//2080 2098//2098
f 2074//2074 2087//2087 2075//2075
f 2074//2074 2088//2088 2087//2087
f 2080//2080 2099//2099 2098//2098
f 2080//2080 2079//2079 2099//2099
f 2075//2075 2087//2087 2086//2086
f 2075//2075 2102//2102 2076//2076
f 2075//2075 2086//2086 2102//2102
f 2079//2079 2100//2100 2099//2099
f 2076//2076 2102//2102 2077//2077
f 2079//2079 2078//2078 2100//2100
f 2077//2077 2102//2102 2145//2145
f 2078//2078 2101//2101 2100//2100
f 2077//2077 2101//2101 2078//2078
f 2077//2077 2145//2145 2101//2101
f 2094//2094 2084//2084 2083//2083
f 2136//2136 2138//2138 2132//2132
f 2093//2093 2084//2084 2094//2094
f 2092//2092 2085//2085 2084//2084
f 2137//2137 2133//2133 2135//2135
f 2102//2102 2123//2123 2137//2137
f 2138//2138 2134//2134 2132//2132
f 2136//2136 2132//2132 2129//2129
f 2135//2135 2131//2131 2134//2134
f 2137//2137 2123//2123 2133//2133
f 2136//2136 2129//2129 2105//2105
f 2135//2135 2133//2133 2128//2128
f 2134//2134 2130//2130 2132//2132
f 2133//2133 2123//2123 2122//2122
f 2135//2135 2128//2128 2131//2131
f 2134//2134 2131//2131 2130//2130
f 2133//2133 2122//2122 2128//2128
f 2129//2129 2104//2104 2105//2105
f 2132//2132 2126//2126 2129//2129
f 2131//2131 2128//2128 2127//2127
f 2131//2131 2127//2127 2130//2130
f 2132//2132 2130//2130 2126//2126
f 2128//2128 2121//2121 2127//2127
f 2130//2130 2127//2127 2126//2126
f 2129//2129 2126//2126 2104//2104
f 2128//2128 2122//2122 2121//2121
f 2127//2127 2121//2121 2125//2125
f 2127//2127 2125//2125 2126//2126
f 2126//2126 2124//2124 2104//2104
f 2126//2126 2125//2125 2124//2124
f 2092//2092 2084//2084 2093//2093
f 2092//2092 2091//2091 2085//2085
f 2168//2168 2163//2163 2109//2109
f 2155//2155 2148//2148 2147//2147
f 2169//2169 2109//2109 2110//2110
f 2204//2204 2119//2119 2120//2120
f 2203//2203 2095//2095 2096//2096
f 2204//2204 2118//2118 2119//2119
f 2204//2204 2203//2203 2202//2202
f 2204//2204 2202//2202 2201//2201
f 2203//2203 2096//2096 2199//2199
f 2204//2204 2201//2201 2118//2118
f 2203//2203 2199//2199 2202//2202
f 2118//2118 2198//2198 2117//2117
f 2118//2118 2201//2201 2198//2198
f 2202//2202 2197//2197 2201//2201
f 2117//2117 2198//2198 2200//2200
f 2199//2199 2096//2096 2097//2097
f 2202//2202 2199//2199 2197//2197
f 2199//2199 2097//2097 2193//2193
f 2200//2200 2196//2196 2116//2116
f 2201//2201 2197//2197 2194//2194
f 2201//2201 2194//2194 2198//2198
f 2200//2200 2198//2198 2196//2196
f 2199//2199 2193//2193 2197//2197
f 2197//2197 2193//2193 2195//2195
f 2198//2198 2189//2189 2196//2196
f 2116//2116 2114//2114 2115//2115
f 2197//2197 2195//2195 2190//2190
f 2198//2198 2194//2194 2189//2189
f 2097//2097 2191//2191 2193//2193
f 2196//2196 2189//2189 2192//2192
f 2168//2168 2166//2166 2163//2163
f 2197//2197 2190//2190 2194//2194
f 2095//2095 2204//2204 2120//2120
f 2216//2216 2116//2116 2115//2115
f 2228//2228 2224//2224 2225//2225
f 2227//2227 2223//2223 2220//2220
f 2227//2227 2220//2220 2222//2222
f 2120//2120 2119//2119 2224//2224
f 2226//2226 2206//2206 2207//2207
f 2226//2226 2222//2222 2206//2206
f 2225//2225 2224//2224 2218//2218
f 2225//2225 2218//2218 2221//2221
f 2221//2221 2219//2219 2223//2223
f 2224//2224 2119//2119 2118//2118
f 2222//2222 2220//2220 2205//2205
f 2224//2224 2118//2118 2218//2218
f 2223//2223 2219//2219 2220//2220
f 2222//2222 2205//2205 2206//2206
f 2221//2221 2218//2218 2217//2217
f 2221//2221 2217//2217 2219//2219
f 2220//2220 2219//2219 2215//2215
f 2118//2118 2117//2117 2218//2218
f 2219//2219 2217//2217 2216//2216
f 2220//2220 2215//2215 2205//2205
f 2219//2219 2216//2216 2215//2215
f 2218//2218 2117//2117 2217//2217
f 2217//2217 2117//2117 2200//2200
f 2217//2217 2200//2200 2216//2216
f 2216//2216 2200//2200 2116//2116
f 2215//2215 2115//2115 2205//2205
f 2216//2216 2115//2115 2215//2215
f 2094//2094 2095//2095 2120//2120
f 2116//2116 2192//2192 2114//2114
f 2196//2196 2192//2192 2116//2116
f 2114//2114 2192//2192 2113//2113
f 2181//2181 2175//2175 2177//2177
f 2182//2182 2174//2174 2176//2176
f 2181//2181 2176//2176 2175//2175
f 2178//2178 2173//2173 2179//2179
f 2180//2180 2177//2177 2169//2169
f 2099//2099 2172//2172 2178//2178
f 2180//2180 2169//2169 2111//2111
f 2177//2177 2175//2175 2169//2169
f 2179//2179 2173//2173 2174//2174
f 2176//2176 2170//2170 2175//2175
f 2178//2178 2172//2172 2173//2173
f 2174//2174 2173//2173 2171//2171
f 2176//2176 2174//2174 2170//2170
f 2195//2195 2193//2193 2188//2188
f 2175//2175 2170//2170 2168//2168
f 2111//2111 2169//2169 2110//2110
f 2172//2172 2099//2099 2165//2165
f 2174//2174 2171//2171 2166//2166
f 2173//2173 2172//2172 2167//2167
f 2173//2173 2164//2164 2171//2171
f 2174//2174 2166//2166 2170//2170
f 2099//2099 2100//2100 2165//2165
f 2173//2173 2167//2167 2164//2164
f 2172//2172 2165//2165 2167//2167
f 2171//2171 2164//2164 2162//2162
f 2169//2169 2168//2168 2109//2109
f 2171//2171 2162//2162 2166//2166
f 2170//2170 2166//2166 2168//2168
f 2175//2175 2168//2168 2169//2169
f 2182//2182 2179//2179 2174//2174
f 2181//2181 2182//2182 2176//2176
f 2183//2183 2178//2178 2179//2179
f 2191//2191 2097//2097 2098//2098
f 2193//2193 2191//2191 2186//2186
f 2195//2195 2188//2188 2190//2190
f 2194//2194 2190//2190 2189//2189
f 2193//2193 2186//2186 2188//2188
f 2192//2192 2189//2189 2187//2187
f 2190//2190 2188//2188 2185//2185
f 2191//2191 2183//2183 2186//2186
f 2192//2192 2187//2187 2113//2113
f 2190//2190 2184//2184 2189//2189
f 2191//2191 2098//2098 2183//2183
f 2112//2112 2180//2180 2111//2111
f 2188//2188 2186//2186 2181//2181
f 2190//2190 2185//2185 2184//2184
f 2187//2187 2112//2112 2113//2113
f 2187//2187 2184//2184 2180//2180
f 2183//2183 2179//2179 2182//2182
f 2184//2184 2177//2177 2180//2180
f 2185//2185 2181//2181 2177//2177
f 2189//2189 2184//2184 2187//2187
f 2184//2184 2185//2185 2177//2177
f 2098//2098 2099//2099 2178//2178
f 2186//2186 2182//2182 2181//2181
f 2187//2187 2180//2180 2112//2112
f 2188//2188 2181//2181 2185//2185
f 2186//2186 2183//2183 2182//2182
f 2098//2098 2178//2178 2183//2183
f 2341//2341 2339//2339 2342//2342
f 2342//2342 2339//2339 2340//2340
f 2352//2352 2346//2346 2345//2345
f 2353//2353 2354//2354 2348//2348
f 2354//2354 2347//2347 2348//2348
f 2352//2352 2345//2345 2351//2351
f 2352//2352 2349//2349 2346//2346
f 2352//2352 2353//2353 2348//2348
f 2352//2352 2348//2348 2349//2349
f 2354//2354 2350//2350 2347//2347
f 2344//2344 2343//2343 2350//2350
f 2344//2344 2350//2350 2354//2354
f 2357//2357 2355//2355 2356//2356
f 2359//2359 2361//2361 2360//2360
f 2374//2374 2357//2357 2356//2356
f 2370//2370 2369//2369 2371//2371
f 2371//2371 2369//2369 2372//2372
f 2366//2366 2364//2364 2367//2367
f 2366//2366 2365//2365 2364//2364
f 2362//2362 2361//2361 2359//2359
f 2367//2367 2364//2364 2363//2363
f 2368//2368 2358//2358 2373//2373
f 2373//2373 2358//2358 2374//2374
f 2374//2374 2358//2358 2357//2357
f 2363//2363 2362//2362 2359//2359
f 2368//2368 2363//2363 2358//2358
f 2363//2363 2359//2359 2358//2358
f 2369//2369 2368//2368 2372//2372
f 2368//2368 2373//2373 2372//2372
f 2367//2367 2363//2363 2368//2368
f 2384//2384 2379//2379 2380//2380
f 2383//2383 2384//2384 2380//2380
f 2383//2383 2380//2380 2375//2375
f 2386//2386 2381//2381 2385//2385
f 2385//2385 2378//2378 2379//2379
f 2383//2383 2376//2376 2382//2382
f 2383//2383 2375//2375 2376//2376
f 2382//2382 2376//2376 2377//2377
f 2384//2384 2385//2385 2379//2379
f 2385//2385 2381//2381 2378//2378
f 2390//2390 2388//2388 2389//2389
f 2390//2390 2387//2387 2388//2388
f 2401//2401 2396//2396 2400//2400
f 2401//2401 2395//2395 2396//2396
f 2398//2398 2391//2391 2397//2397
f 2398//2398 2394//2394 2391//2391
f 2400//2400 2396//2396 2392//2392
f 2400//2400 2392//2392 2393//2393
f 2399//2399 2400//2400 2393//2393
f 2399//2399 2393//2393 2394//2394
f 2398//2398 2399//2399 2394//2394
f 2405//2405 2403//2403 2402//2402
f 2405//2405 2402//2402 2404//2404
f 2410//2410 2407//2407 2409//2409
f 2410//2410 2408//2408 2407//2407
f 2409//2409 2407//2407 2406//2406
f 2416//2416 2417//2417 2413//2413
f 2418//2418 2414//2414 2415//2415
f 2417//2417 2411//2411 2412//2412
f 2419//2419 2414//2414 2418//2418
f 2417//2417 2418//2418 2411//2411
f 2417//2417 2412//2412 2413//2413
f 2418//2418 2415//2415 2411//2411
f 2423//2423 2420//2420 2422//2422
f 2423//2423 2421//2421 2420//2420
v 0.0010720 -0.0067000 0.0421480
v 0.0008348 -0.0066998 0.0427130
v 0.0002538 -0.0066999 0.0430573
v -0.0002871 -0.0067000 0.0430459
v -0.0008347 -0.0066998 0.0427129
v -0.0010797 -0.0066999 0.0420874
v -0.0009360 -0.0066998 0.0414264
v -0.0003704 -0.0066999 0.0409725
v 0.0001691 -0.0067000 0.0409323
v 0.0007130 -0.0066999 0.0411652
v 0.0010473 -0.0067000 0.0417226
v 0.0010720 -0.0067000 0.0421480
v 0.0008348 -0.0066998 0.0427130
v 0.0002538 -0.0066999 0.0430573
v -0.0002871 -0.0067000 0.0430459
v -0.0008347 -0.0066998 0.0427129
v -0.0010797 -0.0066999 0.0420874
v -0.0009360 -0.0066998 0.0414264
v -0.0003704 -0.0066999 0.0409725
v 0.0001691 -0.0067000 0.0409323
v 0.0007130 -0.0066999 0.0411652
v 0.0010473 -0.0067000 0.0417226
v 0.0012998 -0.0069248 0.0419151
v 0.0012115 -0.0069266 0.0415073
v 0.0009909 -0.0069245 0.0411537
v 0.0006828 -0.0069255 0.0408858
v 0.0002766 -0.0069250 0.0407248
v -0.0001310 -0.0069250 0.0407018
v -0.0004356 -0.0069255 0.0407737
v -0.0007099 -0.0069242 0.0409061
v -0.0010106 -0.0069250 0.0411747
v -0.0012017 -0.0069239 0.0414975
v -0.0013097 -0.0069276 0.0419309
v -0.0012115 -0.0069266 0.0424927
v -0.0009291 -0.0069230 0.0429204
v -0.0005082 -0.0069266 0.0432050
v -0.0000737 -0.0069250 0.0433027
v 0.0003325 -0.0069250 0.0432618
v 0.0006162 -0.0069250 0.0431456
v 0.0008691 -0.0069250 0.0429733
v 0.0011111 -0.0069245 0.0426809
v 0.0012710 -0.0069253 0.0423033
v 0.0012998 -0.0069248 0.0419151
v 0.0012115 -0.0069266 0.0415073
v 0.0009909 -0.0069245 0.0411537
v 0.0006828 -0.0069255 0.0408858
v 0.0002766 -0.0069250 0.0407248
v -0.0001310 -0.0069250 0.0407018
v -0.0004356 -0.0069255 0.0407737
v -0.0007099 -0.0069242 0.0409061
v -0.0010106 -0.0069250 0.0411747
v -0.0012017 -0.0069239 0.0414975
v -0.0013097 -0.0069276 0.0419309
v -0.0012115 -0.0069266 0.0424927
v -0.0009291 -0.0069230 0.0429204
v -0.0005082 -0.0069266 0.0432050
v -0.0000737 -0.0069250 0.0433027
v 0.0003325 -0.0069250 0.0432618
v 0.0006162 -0.0069250 0.0431456
v 0.0008691 -0.0069250 0.0429733
v 0.0011111 -0.0069245 0.0426809
v 0.0012710 -0.0069253 0.0423033
v -0.0012995 -0.0127000 0.0419106
v -0.0012707 -0.0127000 0.0423051
v -0.0011112 -0.0127000 0.0426809
v -0.0007602 -0.0127000 0.0430741
v -0.0001893 -0.0127000 0.0432941
v 0.0002688 -0.0127000 0.0432769
v 0.0007419 -0.0127000 0.0430816
v 0.0011143 -0.0127000 0.0426828
v 0.0012672 -0.0127000 0.0423042
v 0.0013032 -0.0127000 0.0419343
v -0.0011977 -0.0127000 0.0414655
v -0.0008964 -0.0127000 0.0410517
v -0.0005595 -0.0127000 0.0408211
v -0.0000675 -0.0127000 0.0406902
v 0.0004862 -0.0127000 0.0407858
v 0.0008750 -0.0127000 0.0410320
v 0.0011843 -0.0127000 0.0414364
v -0.0012995 -0.0127000 0.0419106
v -0.0012707 -0.0127000 0.0423051
v -0.0011112 -0.0127000 0.0426809
v -0.0007602 -0.0127000 0.0430741
v -0.0001893 -0.0127000 0.0432941
v 0.0002688 -0.0127000 0.0432769
v 0.0007419 -0.0127000 0.0430816
v 0.0011143 -0.0127000 0.0426828
v 0.0012672 -0.0127000 0.0423042
v 0.0013032 -0.0127000 0.0419343
v -0.0011977 -0.0127000 0.0414655
v -0.0008964 -0.0127000 0.0410517
v -0.0005595 -0.0127000 0.0408211
v -0.0000675 -0.0127000 0.0406902
v 0.0004862 -0.0127000 0.0407858
v 0.0008750 -0.0127000 0.0410320
v 0.0011843 -0.0127000 0.0414364
v -0.0023871 -0.0127011 0.0421258
v -0.0023379 -0.0127002 0.0414894
v -0.0014529 -0.0127001 0.0400962
v -0.0008650 -0.0127056 0.0397496
v -0.0000819 -0.0127005 0.0396083
v 0.0010992 -0.0126997 0.0398687
v 0.0020471 -0.0126995 0.0407529
v 0.0023988 -0.0127003 0.0418899
v -0.0022627 -0.0127025 0.0427949
v -0.0020325 -0.0127010 0.0432623
v -0.0009880 -0.0127042 0.0441928
v -0.0003074 -0.0127064 0.0443942
v 0.0002989 -0.0127054 0.0443935
v 0.0018522 -0.0127004 0.0435175
v 0.0022108 -0.0127009 0.0429137
v -0.0023772 -0.0137840 0.0426547
v -0.0021473 -0.0137795 0.0432132
v -0.0017939 -0.0138013 0.0436402
v -0.0013711 -0.0137798 0.0440503
v -0.0008660 -0.0137840 0.0443087
v -0.0001413 -0.0137714 0.0444809
v 0.0002602 -0.0137976 0.0444247
v 0.0010623 -0.0137851 0.0442229
v 0.0015534 -0.0137763 0.0439279
v 0.0022184 -0.0137760 0.0430996
v 0.0023998 -0.0137955 0.0424530
v 0.0025743 -0.0128275 0.0420965
v 0.0026904 -0.0129944 0.0418797
v 0.0027445 -0.0131593 0.0418921
v 0.0027473 -0.0133481 0.0420000
v 0.0026636 -0.0135787 0.0420979
v 0.0024542 -0.0137819 0.0417989
v -0.0025501 -0.0128013 0.0418827
v -0.0026781 -0.0129706 0.0418806
v -0.0027495 -0.0131774 0.0420654
v -0.0027337 -0.0134104 0.0418777
v -0.0026395 -0.0136158 0.0419029
v -0.0024696 -0.0137788 0.0419774
v -0.0025810 -0.0136673 0.0422964
v -0.0026832 -0.0135022 0.0423436
v -0.0027336 -0.0133303 0.0423193
v -0.0025547 -0.0135993 0.0427230
v -0.0026990 -0.0130482 0.0423246
v -0.0026397 -0.0133675 0.0427546
v -0.0023408 -0.0136525 0.0431647
v -0.0025930 -0.0128684 0.0423008
v -0.0026455 -0.0131709 0.0427441
v -0.0026029 -0.0129687 0.0426549
v -0.0024709 -0.0134437 0.0431629
v -0.0024401 -0.0127544 0.0424723
v -0.0025187 -0.0128655 0.0426842
v -0.0024943 -0.0131941 0.0431594
v -0.0020007 -0.0137045 0.0435985
v -0.0021720 -0.0135424 0.0435868
v -0.0024532 -0.0129934 0.0431168
v -0.0023428 -0.0133110 0.0434434
v -0.0017314 -0.0137081 0.0438834
v -0.0023259 -0.0128136 0.0430693
v -0.0021600 -0.0133314 0.0437024
v -0.0022147 -0.0131316 0.0436208
v -0.0018581 -0.0135013 0.0439720
v -0.0021788 -0.0129607 0.0435611
v -0.0021327 -0.0128274 0.0434434
v -0.0015077 -0.0135906 0.0441938
v -0.0018561 -0.0132476 0.0440358
v -0.0019060 -0.0127767 0.0436477
v -0.0018559 -0.0130569 0.0439874
v -0.0018459 -0.0129090 0.0438951
v -0.0014494 -0.0133472 0.0443385
v -0.0013229 -0.0135170 0.0443511
v -0.0009922 -0.0136409 0.0444290
v -0.0015258 -0.0131650 0.0442830
v -0.0016691 -0.0127595 0.0438530
v -0.0014940 -0.0129932 0.0442415
v -0.0008735 -0.0134589 0.0445814
v -0.0014468 -0.0128382 0.0441415
v -0.0011561 -0.0132307 0.0444986
v -0.0004833 -0.0136428 0.0445772
v -0.0011537 -0.0129886 0.0444334
v -0.0013591 -0.0127023 0.0439803
v -0.0009329 -0.0131050 0.0445698
v -0.0007474 -0.0133069 0.0446495
v -0.0010735 -0.0128285 0.0443391
v -0.0003226 -0.0133840 0.0447258
v -0.0000858 -0.0135848 0.0446603
v -0.0005442 -0.0131178 0.0446844
v -0.0007081 -0.0129125 0.0445500
v 0.0003825 -0.0137307 0.0445043
v -0.0007089 -0.0127955 0.0444400
v 0.0003016 -0.0135976 0.0446352
v 0.0000971 -0.0133767 0.0447432
v -0.0001170 -0.0130814 0.0447299
v -0.0003423 -0.0128939 0.0446113
v 0.0007421 -0.0135977 0.0445483
v 0.0005261 -0.0134225 0.0446834
v 0.0002218 -0.0131680 0.0447380
v 0.0009291 -0.0136606 0.0444348
v 0.0000000 -0.0128273 0.0445784
v 0.0005502 -0.0132215 0.0446973
v 0.0002842 -0.0129115 0.0446329
v 0.0005430 -0.0130518 0.0446624
v 0.0008429 -0.0133520 0.0446145
v 0.0011322 -0.0135331 0.0444403
v 0.0014014 -0.0136233 0.0442356
v 0.0010411 -0.0131711 0.0445476
v 0.0011466 -0.0133550 0.0444965
v 0.0007328 -0.0129200 0.0445492
v 0.0015080 -0.0134868 0.0442528
v 0.0007212 -0.0127676 0.0443995
v 0.0011399 -0.0130524 0.0444692
v 0.0015261 -0.0132855 0.0442945
v 0.0017796 -0.0136341 0.0439315
v 0.0011234 -0.0128687 0.0443615
v 0.0018573 -0.0137833 0.0436167
v 0.0014943 -0.0130780 0.0442813
v 0.0018614 -0.0134029 0.0440137
v 0.0011091 -0.0127043 0.0441354
v 0.0014629 -0.0128827 0.0441802
v 0.0021651 -0.0135463 0.0435898
v 0.0020803 -0.0136965 0.0435148
v 0.0018677 -0.0131310 0.0440070
v 0.0021615 -0.0133509 0.0436969
v 0.0018060 -0.0129571 0.0439707
v 0.0023434 -0.0135707 0.0432849
v 0.0020852 -0.0131337 0.0437809
v 0.0016966 -0.0127769 0.0438695
v 0.0023965 -0.0133621 0.0433412
v 0.0022880 -0.0131705 0.0435229
v 0.0020907 -0.0129198 0.0436337
v 0.0024582 -0.0136727 0.0428411
v 0.0025154 -0.0134450 0.0430488
v 0.0023747 -0.0129642 0.0432482
v 0.0025580 -0.0135824 0.0427382
v 0.0024767 -0.0130985 0.0431600
v 0.0021636 -0.0128151 0.0433759
v 0.0025419 -0.0132123 0.0430529
v 0.0026396 -0.0133896 0.0427347
v 0.0025756 -0.0136874 0.0422068
v 0.0026772 -0.0134956 0.0424141
v 0.0026499 -0.0132197 0.0427482
v 0.0023229 -0.0128063 0.0430547
v 0.0025833 -0.0129752 0.0427460
v 0.0027390 -0.0132878 0.0422993
v 0.0024281 -0.0127659 0.0426182
v 0.0027098 -0.0130929 0.0423361
v 0.0026146 -0.0128906 0.0423190
v -0.0023754 -0.0138023 0.0415322
v -0.0021916 -0.0138052 0.0409692
v -0.0016215 -0.0137967 0.0401828
v -0.0012589 -0.0137988 0.0399205
v -0.0006948 -0.0137832 0.0396329
v -0.0000096 -0.0137690 0.0395104
v 0.0006851 -0.0138028 0.0396725
v 0.0016467 -0.0138124 0.0402478
v 0.0020091 -0.0137882 0.0405890
v 0.0023152 -0.0137992 0.0412506
v 0.0026241 -0.0136175 0.0417198
v 0.0025013 -0.0136956 0.0413972
v 0.0026693 -0.0135018 0.0415496
v 0.0027282 -0.0133389 0.0416632
v 0.0024485 -0.0136550 0.0410965
v 0.0026902 -0.0131414 0.0414654
v 0.0026469 -0.0133314 0.0412532
v 0.0024760 -0.0135555 0.0409653
v 0.0022021 -0.0137536 0.0408099
v 0.0025748 -0.0128455 0.0417019
v 0.0026160 -0.0129495 0.0414639
v 0.0024688 -0.0127677 0.0415625
v 0.0024958 -0.0133173 0.0408310
v 0.0026032 -0.0131180 0.0411548
v 0.0021828 -0.0136234 0.0405231
v 0.0024914 -0.0129352 0.0410634
v 0.0024770 -0.0130768 0.0408606
v 0.0022660 -0.0134588 0.0404948
v 0.0018982 -0.0136946 0.0402626
v 0.0023556 -0.0127684 0.0411406
v 0.0022799 -0.0132686 0.0404527
v 0.0022833 -0.0130947 0.0404971
v 0.0019549 -0.0135824 0.0401915
v 0.0023001 -0.0129020 0.0407072
v 0.0019870 -0.0134042 0.0401165
v 0.0016194 -0.0136784 0.0399763
v 0.0012680 -0.0137656 0.0398530
v 0.0020907 -0.0127621 0.0406234
v 0.0020223 -0.0132122 0.0401318
v 0.0016836 -0.0134943 0.0398791
v 0.0020669 -0.0129004 0.0403649
v 0.0020057 -0.0130408 0.0401725
v 0.0016665 -0.0133085 0.0398062
v 0.0013170 -0.0135628 0.0396700
v 0.0016946 -0.0130887 0.0398578
v 0.0017084 -0.0127754 0.0401441
v 0.0017900 -0.0129042 0.0400592
v 0.0007793 -0.0137150 0.0395684
v 0.0013485 -0.0133116 0.0396005
v 0.0011328 -0.0134211 0.0395112
v 0.0009274 -0.0136014 0.0395184
v 0.0013407 -0.0131245 0.0396109
v 0.0013838 -0.0129261 0.0397301
v 0.0008544 -0.0134480 0.0394134
v 0.0003036 -0.0137218 0.0394731
v 0.0009903 -0.0131135 0.0394461
v 0.0005237 -0.0135803 0.0393900
v 0.0011287 -0.0127912 0.0397286
v 0.0006129 -0.0132315 0.0393117
v 0.0005378 -0.0134278 0.0393224
v 0.0007893 -0.0129004 0.0394800
v 0.0001045 -0.0135156 0.0393004
v 0.0005322 -0.0130500 0.0393360
v 0.0001176 -0.0133076 0.0392511
v -0.0004410 -0.0136550 0.0394246
v 0.0004954 -0.0127547 0.0395559
v 0.0000362 -0.0131210 0.0392582
v -0.0003109 -0.0134868 0.0393062
v 0.0003419 -0.0128645 0.0394133
v -0.0000262 -0.0129943 0.0393039
v -0.0003370 -0.0132677 0.0392654
v -0.0007272 -0.0134745 0.0393843
v -0.0009672 -0.0136401 0.0395617
v -0.0002062 -0.0128201 0.0394359
v -0.0007551 -0.0133205 0.0393544
v -0.0005543 -0.0131025 0.0393222
v -0.0013524 -0.0137123 0.0398315
v -0.0011427 -0.0134737 0.0395330
v -0.0005053 -0.0129236 0.0393959
v -0.0009301 -0.0130680 0.0394367
v -0.0011450 -0.0132472 0.0394952
v -0.0014829 -0.0135039 0.0397319
v -0.0008097 -0.0128356 0.0395427
v -0.0017429 -0.0136912 0.0401054
v -0.0013522 -0.0131874 0.0396033
v -0.0016827 -0.0135272 0.0398971
v -0.0014047 -0.0129730 0.0397110
v -0.0016882 -0.0133399 0.0398303
v -0.0019424 -0.0137860 0.0404990
v -0.0012487 -0.0128452 0.0397299
v -0.0020121 -0.0136345 0.0403075
v -0.0016077 -0.0131110 0.0397872
v -0.0019265 -0.0134482 0.0400735
v -0.0018829 -0.0132123 0.0399920
v -0.0018471 -0.0130466 0.0400102
v -0.0021388 -0.0134671 0.0403226
v -0.0015134 -0.0127729 0.0399902
v -0.0022602 -0.0136676 0.0407110
v -0.0017835 -0.0129050 0.0400527
v -0.0021640 -0.0133039 0.0402999
v -0.0023791 -0.0137062 0.0410377
v -0.0021300 -0.0130832 0.0402890
v -0.0024233 -0.0134709 0.0407642
v -0.0023969 -0.0133177 0.0406513
v -0.0018566 -0.0127825 0.0402923
v -0.0021563 -0.0129235 0.0404485
v -0.0024009 -0.0131305 0.0406738
v -0.0025614 -0.0135918 0.0412874
v -0.0025240 -0.0137000 0.0415268
v -0.0019321 -0.0127009 0.0405902
v -0.0025839 -0.0133253 0.0410506
v -0.0021617 -0.0128103 0.0406306
v -0.0023966 -0.0129124 0.0408814
v -0.0025656 -0.0130905 0.0410610
v -0.0026864 -0.0134491 0.0415242
v -0.0022876 -0.0127612 0.0409925
v -0.0026747 -0.0132331 0.0413526
v -0.0025775 -0.0129184 0.0413700
v -0.0026629 -0.0130493 0.0414676
v -0.0027313 -0.0131771 0.0416849
v -0.0024806 -0.0128255 0.0413152
v 0.0015445 -0.0141024 0.0417336
v 0.0007653 -0.0142463 0.0417187
v 0.0005092 -0.0142655 0.0415901
v 0.0003372 -0.0142600 0.0413818
v 0.0002649 -0.0142292 0.0410746
v 0.0002624 -0.0141115 0.0404672
v -0.0000143 -0.0141010 0.0404455
v -0.0002692 -0.0141008 0.0404736
v -0.0002695 -0.0141896 0.0408476
v -0.0002803 -0.0142459 0.0412301
v -0.0004566 -0.0142682 0.0415536
v -0.0007801 -0.0142446 0.0417216
v -0.0015445 -0.0141024 0.0417336
v -0.0019170 -0.0139953 0.0420160
v 0.0018397 -0.0140229 0.0421512
v 0.0009980 -0.0141674 0.0411766
v 0.0017084 -0.0140222 0.0413203
v 0.0013165 -0.0140251 0.0407399
v 0.0007699 -0.0140244 0.0403401
v -0.0009991 -0.0141669 0.0411747
v -0.0004860 -0.0140256 0.0402437
v -0.0011808 -0.0140290 0.0406111
v -0.0017194 -0.0140310 0.0414082
v 0.0015270 -0.0141060 0.0422692
v -0.0015271 -0.0141059 0.0422692
v -0.0007653 -0.0142463 0.0422813
v -0.0005093 -0.0142655 0.0424099
v -0.0003372 -0.0142600 0.0426182
v -0.0002649 -0.0142292 0.0429254
v -0.0002731 -0.0141104 0.0435318
v 0.0000452 -0.0141076 0.0435550
v 0.0002692 -0.0141008 0.0435264
v 0.0002695 -0.0141896 0.0431524
v 0.0002803 -0.0142459 0.0427699
v 0.0004251 -0.0142668 0.0424867
v 0.0007301 -0.0142509 0.0422866
v -0.0009980 -0.0141674 0.0428235
v -0.0017085 -0.0140221 0.0426797
v -0.0011808 -0.0140290 0.0433889
v 0.0009991 -0.0141669 0.0428253
v 0.0007699 -0.0140244 0.0436599
v 0.0014514 -0.0140273 0.0431142
v 0.0015445 -0.0141024 0.0417336
v 0.0015270 -0.0141060 0.0422692
v 0.0015291 -0.0135000 0.0422690
v 0.0015413 -0.0135000 0.0417359
v 0.0015270 -0.0141060 0.0422692
v 0.0015291 -0.0135000 0.0422690
v 0.0002692 -0.0141008 0.0435264
v 0.0002695 -0.0141896 0.0431524
v 0.0002803 -0.0142459 0.0427699
v 0.0004251 -0.0142668 0.0424867
v 0.0007301 -0.0142509 0.0422866
v 0.0002689 -0.0135000 0.0435295
v 0.0002872 -0.0135000 0.0427180
v 0.0004912 -0.0135000 0.0424246
v 0.0007659 -0.0135000 0.0422792
v 0.0015291 -0.0135000 0.0422690
v 0.0015413 -0.0135000 0.0417359
v 0.0007649 -0.0135000 0.0417204
v 0.0004705 -0.0135000 0.0415592
v 0.0002817 -0.0135000 0.0412545
v 0.0002692 -0.0135000 0.0404736
v 0.0000154 -0.0135000 0.0404455
v -0.0002692 -0.0135000 0.0404736
v -0.0002735 -0.0135000 0.0411832
v -0.0004007 -0.0135000 0.0414906
v -0.0007444 -0.0135000 0.0417176
v -0.0015291 -0.0135000 0.0417310
v -0.0015413 -0.0135000 0.0422641
v -0.0007649 -0.0135000 0.0422796
v -0.0004705 -0.0135000 0.0424408
v -0.0002817 -0.0135000 0.0427455
v -0.0002648 -0.0135000 0.0435403
v 0.0002689 -0.0135000 0.0435295
v 0.0002872 -0.0135000 0.0427180
v 0.0004912 -0.0135000 0.0424246
v 0.0007659 -0.0135000 0.0422792
v 0.0015445 -0.0141024 0.0417336
v 0.0007653 -0.0142463 0.0417187
v 0.0005092 -0.0142655 0.0415901
v 0.0003372 -0.0142600 0.0413818
v 0.0002649 -0.0142292 0.0410746
v 0.0002624 -0.0141115 0.0404672
v 0.0015413 -0.0135000 0.0417359
v 0.0007649 -0.0135000 0.0417204
v 0.0004705 -0.0135000 0.0415592
v 0.0002817 -0.0135000 0.0412545
v 0.0002692 -0.0135000 0.0404736
v 0.0002624 -0.0141115 0.0404672
v -0.0000143 -0.0141010 0.0404455
v -0.0002692 -0.0141008 0.0404736
v 0.0002692 -0.0135000 0.0404736
v 0.0000154 -0.0135000 0.0404455
v -0.0002692 -0.0135000 0.0404736
v -0.0002692 -0.0141008 0.0404736
v -0.0002695 -0.0141896 0.0408476
v -0.0002803 -0.0142459 0.0412301
v -0.0004566 -0.0142682 0.0415536
v -0.0007801 -0.0142446 0.0417216
v -0.0015445 -0.0141024 0.0417336
v -0.0002692 -0.0135000 0.0404736
v -0.0002735 -0.0135000 0.0411832
v -0.0004007 -0.0135000 0.0414906
v -0.0007444 -0.0135000 0.0417176
v -0.0015291 -0.0135000 0.0417310
v -0.0015445 -0.0141024 0.0417336
v -0.0015271 -0.0141059 0.0422692
v -0.0015291 -0.0135000 0.0417310
v -0.0015413 -0.0135000 0.0422641
v -0.0015271 -0.0141059 0.0422692
v -0.0007653 -0.0142463 0.0422813
v -0.0005093 -0.0142655 0.0424099
v -0.0003372 -0.0142600 0.0426182
v -0.0002649 -0.0142292 0.0429254
v -0.0002731 -0.0141104 0.0435318
v -0.0015413 -0.0135000 0.0422641
v -0.0007649 -0.0135000 0.0422796
v -0.0004705 -0.0135000 0.0424408
v -0.0002817 -0.0135000 0.0427455
v -0.0002648 -0.0135000 0.0435403
v -0.0002731 -0.0141104 0.0435318
v 0.0000452 -0.0141076 0.0435550
v 0.0002692 -0.0141008 0.0435264
v -0.0002648 -0.0135000 0.0435403
v 0.0002689 -0.0135000 0.0435295
vn 0.000051 1.000000 -0.000030
vn -0.000496 1.000000 -0.000534
vn -0.000131 1.000000 -0.000206
vn 0.000137 1.000000 0.000082
vn 0.000080 1.000000 0.000035
vn -0.000073 1.000000 -0.000088
vn 0.000440 1.000000 0.000239
vn 0.000012 1.000000 -0.000109
vn 0.000027 1.000000 -0.000514
vn 0.000087 1.000000 -0.000044
vn 0.000584 1.000000 -0.000090
vn 0.681268 0.723474 0.111624
vn 0.527315 0.721602 0.448587
vn 0.166088 0.729105 0.663943
vn -0.190527 0.726017 0.660757
vn -0.528435 0.719314 0.450936
vn -0.684064 0.727182 0.057123
vn -0.586520 0.726492 -0.358055
vn -0.242246 0.729225 -0.639959
vn 0.120833 0.723982 -0.679153
vn 0.453727 0.717436 -0.528599
vn 0.662375 0.723435 -0.194682
vn 0.711014 0.701547 -0.047866
vn 0.632796 0.721354 -0.281455
vn 0.556022 0.709965 -0.432191
vn 0.334241 0.715160 -0.613865
vn 0.168726 0.714777 -0.678694
vn -0.058650 0.714947 -0.696715
vn -0.243489 0.679939 -0.691662
vn -0.392270 0.734240 -0.554090
vn -0.530853 0.703760 -0.472140
vn -0.662688 0.710404 -0.237004
vn -0.689513 0.722580 -0.049500
vn -0.645642 0.720967 0.251701
vn -0.496718 0.694051 0.521118
vn -0.292230 0.715496 0.634561
vn -0.037085 0.712130 0.701068
vn 0.179081 0.695115 0.696236
vn 0.329687 0.734653 0.592952
vn 0.460625 0.700446 0.545161
vn 0.616877 0.710111 0.339418
vn 0.671409 0.718252 0.182549
vn 0.997564 0.000363 -0.069760
vn 0.926919 0.001152 -0.375260
vn 0.760667 0.002487 -0.649138
vn 0.519945 0.003018 -0.854194
vn 0.214840 0.002901 -0.976645
vn -0.088571 0.001025 -0.996069
vn -0.333474 0.000610 -0.942759
vn -0.555635 0.002222 -0.831423
vn -0.772607 0.002323 -0.634880
vn -0.925280 0.001458 -0.379283
vn -0.999305 0.002463 -0.037188
vn -0.928955 0.003909 0.370173
vn -0.711512 0.004397 0.702661
vn -0.396090 0.004043 0.918203
vn -0.059611 0.002143 0.998219
vn 0.243158 -0.000272 0.969987
vn 0.472165 0.000491 0.881510
vn 0.674053 0.001738 0.738681
vn 0.854574 0.000644 0.519330
vn 0.971951 0.000690 0.235182
vn -0.997082 -0.001487 -0.076328
vn -0.972105 -0.002444 0.234533
vn -0.844636 -0.003512 0.535330
vn -0.569068 -0.004611 0.822278
vn -0.163414 -0.003746 0.986551
vn 0.213079 -0.001962 0.977033
vn 0.568834 -0.002505 0.822449
vn 0.843678 -0.001848 0.536846
vn 0.971216 -0.000605 0.238200
vn 0.997663 -0.001129 -0.068315
vn -0.910487 -0.002085 -0.413533
vn -0.696496 -0.002936 -0.717555
vn -0.416965 -0.002458 -0.908919
vn -0.045085 -0.003217 -0.998978
vn 0.359676 -0.003798 -0.933070
vn 0.675249 -0.003272 -0.737583
vn 0.903372 -0.002359 -0.428852
vn -0.000615 1.000000 0.000224
vn -0.001520 0.999998 0.000837
vn -0.001409 0.999999 0.000331
vn -0.000510 0.999997 0.002483
vn -0.000391 0.999989 0.004669
vn 0.001165 0.999988 0.004767
vn 0.000199 0.999995 0.003074
vn 0.000575 1.000000 0.000160
vn 0.000546 1.000000 0.000317
vn 0.000288 1.000000 -0.000021
vn -0.000372 1.000000 -0.000401
vn -0.000473 1.000000 -0.000143
vn 0.000318 0.999994 -0.003442
vn -0.001864 0.999997 -0.001634
vn -0.000107 1.000000 0.000308
vn -0.000294 1.000000 0.000256
vn -0.000077 1.000000 0.000304
vn -0.298514 0.954267 0.016228
vn -0.306354 0.949711 -0.064781
vn -0.171637 0.958557 -0.227398
vn -0.121212 0.941133 -0.315559
vn -0.010101 0.950260 -0.311295
vn 0.146143 0.951144 -0.271969
vn 0.249847 0.957405 -0.144749
vn 0.325602 0.945441 -0.011191
vn -0.308670 0.945188 0.106496
vn -0.262592 0.951393 0.160925
vn -0.136151 0.945522 0.295722
vn -0.046420 0.936183 0.348435
vn 0.048284 0.934295 0.353217
vn 0.247722 0.947929 0.200160
vn 0.275062 0.954246 0.117287
vn -0.516675 -0.844143 0.143069
vn -0.451950 -0.853870 0.258160
vn -0.352474 -0.880296 0.317556
vn -0.289862 -0.843128 0.452896
vn -0.178186 -0.854493 0.487946
vn -0.035264 -0.834247 0.550262
vn 0.050155 -0.883260 0.466194
vn 0.227278 -0.850377 0.474556
vn 0.333658 -0.843226 0.421477
vn 0.485621 -0.840610 0.239889
vn 0.491992 -0.864609 0.101953
vn 0.698135 0.715607 0.022662
vn 0.896734 0.440924 -0.038139
vn 0.986017 0.162055 -0.038832
vn 0.985441 -0.169970 -0.003974
vn 0.872739 -0.487830 0.018662
vn 0.522367 -0.851651 -0.042704
vn -0.665454 0.745611 -0.035148
vn -0.884463 0.464841 -0.040598
vn -0.991151 0.131662 0.016871
vn -0.970499 -0.237609 -0.040921
vn -0.814927 -0.578748 -0.030757
vn -0.535721 -0.844395 -0.000526
vn -0.732259 -0.675763 0.084500
vn -0.908232 -0.401998 0.116241
vn -0.988488 -0.089933 0.121672
vn -0.801618 -0.551386 0.231045
vn -0.937199 0.329437 0.114583
vn -0.944208 -0.183708 0.273356
vn -0.691228 -0.638022 0.339310
vn -0.761859 0.642944 0.078705
vn -0.951309 0.146469 0.271217
vn -0.862238 0.454317 0.223922
vn -0.867440 -0.294249 0.401205
vn -0.553222 0.826092 0.107324
vn -0.710677 0.667756 0.221448
vn -0.903042 0.103517 0.416892
vn -0.544952 -0.714886 0.438138
vn -0.718361 -0.459233 0.522555
vn -0.817434 0.438379 0.373664
vn -0.849828 -0.087978 0.519666
vn -0.471360 -0.718694 0.511175
vn -0.624947 0.725659 0.287854
vn -0.769905 -0.119438 0.626882
vn -0.788194 0.202393 0.581195
vn -0.633809 -0.388506 0.668841
vn -0.710872 0.488528 0.505965
vn -0.590358 0.711553 0.381012
vn -0.478776 -0.540555 0.691790
vn -0.672690 0.005255 0.739906
vn -0.457177 0.796532 0.395634
vn -0.648356 0.318531 0.691500
vn -0.571984 0.574517 0.585461
vn -0.525392 -0.145100 0.838397
vn -0.430213 -0.411287 0.803592
vn -0.303114 -0.620491 0.723266
vn -0.552073 0.156461 0.818984
vn -0.380382 0.827029 0.413923
vn -0.498974 0.436239 0.748812
vn -0.305996 -0.328068 0.893721
vn -0.398861 0.693184 0.600339
vn -0.424737 0.033047 0.904713
vn -0.150947 -0.614580 0.774278
vn -0.389741 0.436983 0.810646
vn -0.178199 0.946103 0.270435
vn -0.322277 0.253006 0.912209
vn -0.263964 -0.063551 0.962437
vn -0.295075 0.701377 0.648846
vn -0.118345 -0.193192 0.973998
vn -0.022908 -0.534712 0.844724
vn -0.184842 0.229276 0.955649
vn -0.231225 0.547710 0.804083
vn 0.112835 -0.758326 0.642036
vn -0.187022 0.764090 0.617406
vn 0.082493 -0.546204 0.833580
vn 0.031686 -0.185166 0.982196
vn -0.040919 0.276069 0.960266
vn -0.106482 0.599282 0.793425
vn 0.230929 -0.538877 0.810113
vn 0.176794 -0.265767 0.947688
vn 0.081354 0.152527 0.984945
vn 0.260359 -0.673058 0.692247
vn -0.002403 0.694662 0.719332
vn 0.197450 0.057095 0.978649
vn 0.090141 0.570546 0.816303
vn 0.193166 0.338628 0.920879
vn 0.301152 -0.166649 0.938901
vn 0.377387 -0.439013 0.815381
vn 0.425810 -0.610135 0.668147
vn 0.362159 0.149780 0.920004
vn 0.422547 -0.156612 0.892707
vn 0.235416 0.544893 0.804780
vn 0.533812 -0.369182 0.760756
vn 0.167545 0.805111 0.568968
vn 0.403168 0.354798 0.843548
vn 0.552059 -0.036129 0.833022
vn 0.543607 -0.598066 0.588904
vn 0.335884 0.644814 0.686584
vn 0.389159 -0.853444 0.346682
vn 0.519386 0.300248 0.800056
vn 0.661024 -0.232057 0.713580
vn 0.163057 0.939327 0.301789
vn 0.428893 0.626579 0.650730
vn 0.712958 -0.453972 0.534416
vn 0.566674 -0.713797 0.411552
vn 0.667045 0.189803 0.720435
vn 0.772297 -0.147708 0.617851
vn 0.585490 0.501002 0.637337
vn 0.751854 -0.518751 0.406956
vn 0.739866 0.203893 0.641113
vn 0.408366 0.791094 0.455421
vn 0.862405 -0.151484 0.483022
vn 0.822709 0.162324 0.544795
vn 0.655895 0.548903 0.518177
vn 0.693347 -0.677062 0.246692
vn 0.883232 -0.301089 0.359508
vn 0.769905 0.486695 0.412763
vn 0.826889 -0.513787 0.228641
vn 0.878357 0.242741 0.411784
vn 0.565648 0.742622 0.358545
vn 0.927821 0.056949 0.368654
vn 0.939529 -0.214344 0.267099
vn 0.705074 -0.706226 0.064150
vn 0.910259 -0.388847 0.142217
vn 0.958315 0.081732 0.273774
vn 0.617620 0.737228 0.273936
vn 0.849358 0.465312 0.249152
vn 0.992852 -0.047733 0.109391
vn 0.568539 0.810640 0.140091
vn 0.953366 0.277451 0.118802
vn 0.799341 0.592208 0.101700
vn -0.457553 -0.884171 -0.094271
vn -0.418034 -0.884305 -0.207971
vn -0.325249 -0.873595 -0.362000
vn -0.232038 -0.883660 -0.406575
vn -0.148790 -0.848230 -0.508299
vn -0.006043 -0.820702 -0.571324
vn 0.123703 -0.888134 -0.442624
vn 0.312202 -0.886681 -0.341066
vn 0.422865 -0.856888 -0.294836
vn 0.460803 -0.874496 -0.151389
vn 0.801533 -0.593459 -0.073151
vn 0.696732 -0.697735 -0.166522
vn 0.904182 -0.394378 -0.164076
vn 0.985762 -0.121717 -0.116012
vn 0.707761 -0.660134 -0.251590
vn 0.964289 0.188508 -0.186043
vn 0.952166 -0.133271 -0.274988
vn 0.813633 -0.466292 -0.347237
vn 0.535317 -0.797312 -0.278798
vn 0.737393 0.671123 -0.076452
vn 0.837871 0.514968 -0.181051
vn 0.570947 0.811073 -0.127200
vn 0.900599 -0.092696 -0.424652
vn 0.926805 0.224978 -0.300696
vn 0.666680 -0.597738 -0.445249
vn 0.787993 0.543770 -0.288758
vn 0.866146 0.288444 -0.408157
vn 0.788780 -0.324119 -0.522276
vn 0.506201 -0.727463 -0.463204
vn 0.542300 0.818878 -0.188014
vn 0.822330 -0.017854 -0.568731
vn 0.800181 0.281710 -0.529480
vn 0.634279 -0.507272 -0.583408
vn 0.709403 0.584506 -0.393827
vn 0.707028 -0.233310 -0.667591
vn 0.456116 -0.683402 -0.570017
vn 0.282588 -0.822018 -0.494400
vn 0.504727 0.791052 -0.345671
vn 0.735997 0.077266 -0.672561
vn 0.568824 -0.385757 -0.726382
vn 0.634910 0.590272 -0.498465
vn 0.695431 0.356446 -0.623957
vn 0.596499 -0.078079 -0.798807
vn 0.431681 -0.497028 -0.752738
vn 0.596099 0.282910 -0.751417
vn 0.382911 0.821845 -0.421840
vn 0.553534 0.566102 -0.610842
vn 0.211587 -0.733975 -0.645377
vn 0.492908 -0.098386 -0.864501
vn 0.390973 -0.235236 -0.889834
vn 0.304498 -0.566861 -0.765473
vn 0.471016 0.229911 -0.851637
vn 0.436228 0.552194 -0.710484
vn 0.302187 -0.275263 -0.912641
vn 0.076309 -0.744182 -0.663604
vn 0.357762 0.224447 -0.906438
vn 0.165070 -0.536386 -0.827673
vn 0.292240 0.745989 -0.598411
vn 0.226338 0.042584 -0.973117
vn 0.182213 -0.267008 -0.946311
vn 0.251736 0.584514 -0.771345
vn 0.022664 -0.431669 -0.901747
vn 0.171712 0.353229 -0.919644
vn 0.044287 -0.087109 -0.995214
vn -0.126371 -0.645349 -0.753363
vn 0.109573 0.848140 -0.518317
vn 0.020211 0.207599 -0.978005
vn -0.094750 -0.361542 -0.927529
vn 0.087701 0.632260 -0.769776
vn -0.014758 0.456107 -0.889803
vn -0.115541 -0.015733 -0.993178
vn -0.244360 -0.370829 -0.895976
vn -0.288167 -0.629657 -0.721452
vn -0.060668 0.720554 -0.690739
vn -0.274841 -0.076157 -0.958469
vn -0.195991 0.252230 -0.947612
vn -0.367609 -0.717072 -0.592175
vn -0.403813 -0.337969 -0.850124
vn -0.158200 0.545012 -0.823368
vn -0.326158 0.321636 -0.888916
vn -0.415119 0.003031 -0.909762
vn -0.494372 -0.389909 -0.776896
vn -0.228427 0.682772 -0.694005
vn -0.485018 -0.693872 -0.532258
vn -0.489249 0.094240 -0.867037
vn -0.553198 -0.467606 -0.689432
vn -0.460092 0.471631 -0.752249
vn -0.604921 -0.113692 -0.788128
vn -0.406326 -0.859919 -0.308931
vn -0.335971 0.685886 -0.645511
vn -0.604273 -0.614842 -0.506778
vn -0.577170 0.243115 -0.779596
vn -0.674475 -0.304444 -0.672605
vn -0.687858 0.059252 -0.723423
vn -0.634374 0.355929 -0.686210
vn -0.751141 -0.344545 -0.563095
vn -0.379640 0.767016 -0.517262
vn -0.649306 -0.657828 -0.381660
vn -0.546280 0.582746 -0.601652
vn -0.790747 -0.060175 -0.609178
vn -0.654636 -0.709367 -0.261249
vn -0.745927 0.280461 -0.604097
vn -0.832716 -0.359588 -0.421047
vn -0.858228 -0.095738 -0.504261
vn -0.462128 0.778766 -0.424219
vn -0.681376 0.543211 -0.490560
vn -0.852549 0.225739 -0.471384
vn -0.823120 -0.515820 -0.237494
vn -0.699821 -0.703674 -0.122856
vn -0.242471 0.954080 -0.175898
vn -0.931627 -0.124096 -0.341572
vn -0.570835 0.739807 -0.356137
vn -0.753239 0.555098 -0.352843
vn -0.899918 0.279390 -0.334797
vn -0.936939 -0.309462 -0.162417
vn -0.513946 0.827713 -0.225280
vn -0.971500 0.036703 -0.234181
vn -0.813635 0.547454 -0.195683
vn -0.924864 0.335367 -0.179319
vn -0.986351 0.122993 -0.109475
vn -0.658028 0.729333 -0.187277
vn 0.267647 -0.961692 -0.059277
vn 0.147371 -0.985824 -0.080202
vn 0.110861 -0.988452 -0.103305
vn 0.101864 -0.987807 -0.117733
vn 0.107841 -0.980495 -0.164315
vn 0.065843 -0.958528 -0.277288
vn -0.013697 -0.946762 -0.321643
vn -0.063490 -0.964632 -0.255840
vn -0.106431 -0.975788 -0.191077
vn -0.097868 -0.985790 -0.136532
vn -0.108150 -0.988103 -0.109340
vn -0.148430 -0.985637 -0.080552
vn -0.254917 -0.965530 -0.052625
vn -0.326993 -0.945001 0.006995
vn 0.312342 -0.949365 0.033904
vn 0.160463 -0.977465 -0.137167
vn 0.286662 -0.951022 -0.115682
vn 0.216819 -0.953471 -0.209480
vn 0.134483 -0.953208 -0.270755
vn -0.163557 -0.977020 -0.136678
vn -0.082094 -0.951730 -0.295753
vn -0.193935 -0.954562 -0.226277
vn -0.283052 -0.952573 -0.111742
vn 0.283382 -0.950180 0.129820
vn -0.256621 -0.964720 0.058828
vn -0.147040 -0.985861 0.080354
vn -0.110862 -0.988452 0.103307
vn -0.101865 -0.987807 0.117732
vn -0.108719 -0.980400 0.164302
vn -0.082730 -0.955235 0.284046
vn 0.018535 -0.944083 0.329187
vn 0.074680 -0.959994 0.269880
vn 0.103300 -0.976725 0.187980
vn 0.097830 -0.985738 0.136929
vn 0.105839 -0.988058 0.111977
vn 0.143142 -0.986278 0.082257
vn -0.161291 -0.977179 0.138226
vn -0.283613 -0.951073 0.122572
vn -0.189198 -0.954291 0.231373
vn 0.165050 -0.976985 0.135125
vn 0.130095 -0.952914 0.273915
vn 0.243154 -0.953208 0.179638
vn -0.999606 -0.000530 -0.028050
vn -0.999465 0.003438 -0.032510
vn -0.999627 -0.001201 -0.027295
vn -0.999727 -0.005199 -0.022800
vn -0.016638 -0.004511 -0.999851
vn -0.013343 -0.000372 -0.999911
vn -1.000000 -0.000522 -0.000636
vn -0.999797 0.006541 -0.019073
vn -0.967436 -0.008696 -0.252968
vn -0.742802 -0.015352 -0.669335
vn -0.312498 -0.011189 -0.949852
vn -0.999849 0.007654 -0.015586
vn -0.951865 0.011893 -0.306288
vn -0.660207 0.013939 -0.750955
vn -0.242492 0.003942 -0.970145
vn -0.000000 -1.000000 -0.000002
vn 0.000001 -1.000000 -0.000000
vn -0.000000 -1.000000 0.000001
vn -0.000002 -1.000000 0.000000
vn -0.000001 -1.000000 0.000000
vn 0.000000 -1.000000 0.000000
vn -0.000002 -1.000000 0.000000
vn -0.000003 -1.000000 -0.000000
vn -0.000002 -1.000000 -0.000000
vn -0.000001 -1.000000 -0.000000
vn -0.000000 -1.000000 -0.000000
vn 0.000000 -1.000000 0.000002
vn -0.000001 -1.000000 0.000000
vn 0.000001 -1.000000 -0.000002
vn -0.000000 -1.000000 -0.000000
vn -0.000003 -1.000000 0.000001
vn -0.000002 -1.000000 0.000001
vn -0.000002 -1.000000 0.000001
vn -0.000002 -1.000000 -0.000002
vn -0.000001 -1.000000 -0.000001
vn 0.000001 -1.000000 0.000001
vn -0.019314 -0.003120 0.999809
vn -0.257827 -0.002357 0.966188
vn -0.622841 -0.005982 0.782326
vn -0.889330 -0.016234 0.456977
vn -0.993605 -0.007291 0.112675
vn -0.999918 0.011128 0.006328
vn -0.019889 -0.003865 0.999795
vn -0.253200 0.002583 0.967411
vn -0.684507 0.014968 0.728853
vn -0.960126 0.015714 0.279126
vn -0.999811 0.015549 0.011692
vn -0.086317 0.000504 0.996268
vn 0.015983 0.001200 0.999872
vn 0.109621 0.000000 0.993973
vn -0.110028 -0.009158 0.993886
vn -0.004757 -0.005310 0.999975
vn 0.101180 -0.003621 0.994862
vn 1.000000 0.000000 0.000762
vn 0.999909 -0.002191 0.013307
vn 0.962804 -0.011732 0.269945
vn 0.698008 -0.013648 0.715960
vn 0.256402 -0.007116 0.966544
vn 0.016847 0.004175 0.999849
vn 0.999989 0.001947 0.004352
vn 0.981050 0.007406 0.193611
vn 0.774223 0.016037 0.632710
vn 0.289216 0.010433 0.957207
vn 0.017106 0.003831 0.999846
vn 0.999975 0.000917 -0.007044
vn 0.999206 0.023227 -0.032369
vn 0.999419 -0.025359 0.022791
vn 0.999992 -0.002884 -0.002729
vn 0.017740 -0.005225 -0.999829
vn 0.256341 -0.002351 -0.966584
vn 0.622835 -0.005981 -0.782331
vn 0.889328 -0.016235 -0.456982
vn 0.993905 -0.013280 -0.109433
vn 0.999772 -0.013892 0.016238
vn 0.019888 -0.007928 -0.999771
vn 0.252302 0.001688 -0.967647
vn 0.684507 0.014970 -0.728853
vn 0.959504 0.015129 -0.281290
vn 0.999982 0.003793 -0.004732
vn 0.072767 0.013041 -0.997264
vn -0.027778 -0.002570 -0.999611
vn -0.126634 0.005038 -0.991937
vn 0.008300 -0.019906 -0.999767
vn -0.044369 -0.025543 -0.998689
f 2431//2431 2429//2429 2428//2428
f 2431//2431 2430//2430 2429//2429
f 2424//2424 2427//2427 2426//2426
f 2424//2424 2426//2426 2425//2425
f 2433//2433 2432//2432 2431//2431
f 2433//2433 2424//2424 2434//2434
f 2433//2433 2431//2431 2428//2428
f 2433//2433 2427//2427 2424//2424
f 2433//2433 2428//2428 2427//2427
f 2465//2465 2435//2435 2436//2436
f 2464//2464 2465//2465 2436//2436
f 2462//2462 2463//2463 2436//2436
f 2462//2462 2436//2436 2437//2437
f 2461//2461 2462//2462 2437//2437
f 2460//2460 2461//2461 2437//2437
f 2457//2457 2458//2458 2439//2439
f 2459//2459 2460//2460 2438//2438
f 2459//2459 2438//2438 2439//2439
f 2458//2458 2459//2459 2439//2439
f 2465//2465 2446//2446 2435//2435
f 2457//2457 2439//2439 2440//2440
f 2440//2440 2456//2456 2457//2457
f 2460//2460 2437//2437 2438//2438
f 2445//2445 2446//2446 2447//2447
f 2463//2463 2464//2464 2436//2436
f 2447//2447 2444//2444 2445//2445
f 2445//2445 2435//2435 2446//2446
f 2456//2456 2440//2440 2441//2441
f 2455//2455 2456//2456 2441//2441
f 2454//2454 2455//2455 2441//2441
f 2453//2453 2454//2454 2441//2441
f 2452//2452 2453//2453 2442//2442
f 2451//2451 2452//2452 2442//2442
f 2453//2453 2441//2441 2442//2442
f 2450//2450 2451//2451 2443//2443
f 2450//2450 2443//2443 2444//2444
f 2449//2449 2450//2450 2444//2444
f 2448//2448 2449//2449 2444//2444
f 2447//2447 2448//2448 2444//2444
f 2451//2451 2442//2442 2443//2443
f 2470//2470 2500//2500 2499//2499
f 2467//2467 2466//2466 2495//2495
f 2468//2468 2467//2467 2502//2502
f 2468//2468 2502//2502 2501//2501
f 2469//2469 2468//2468 2501//2501
f 2469//2469 2501//2501 2500//2500
f 2470//2470 2469//2469 2500//2500
f 2471//2471 2470//2470 2499//2499
f 2475//2475 2474//2474 2496//2496
f 2472//2472 2471//2471 2499//2499
f 2473//2473 2472//2472 2498//2498
f 2473//2473 2498//2498 2497//2497
f 2474//2474 2473//2473 2497//2497
f 2474//2474 2497//2497 2496//2496
f 2476//2476 2496//2496 2486//2486
f 2467//2467 2495//2495 2502//2502
f 2472//2472 2499//2499 2498//2498
f 2466//2466 2485//2485 2495//2495
f 2476//2476 2475//2475 2496//2496
f 2485//2485 2493//2493 2494//2494
f 2476//2476 2486//2486 2487//2487
f 2477//2477 2476//2476 2487//2487
f 2477//2477 2487//2487 2488//2488
f 2478//2478 2477//2477 2488//2488
f 2485//2485 2494//2494 2495//2495
f 2479//2479 2478//2478 2489//2489
f 2479//2479 2489//2489 2490//2490
f 2480//2480 2479//2479 2490//2490
f 2478//2478 2488//2488 2489//2489
f 2481//2481 2480//2480 2491//2491
f 2481//2481 2491//2491 2492//2492
f 2482//2482 2481//2481 2492//2492
f 2483//2483 2482//2482 2492//2492
f 2483//2483 2492//2492 2493//2493
f 2484//2484 2483//2483 2493//2493
f 2485//2485 2484//2484 2493//2493
f 2480//2480 2490//2490 2491//2491
f 2736//2736 2732//2732 2729//2729
f 2731//2731 2524//2524 2525//2525
f 2737//2737 2733//2733 2730//2730
f 2738//2738 2730//2730 2670//2670
f 2739//2739 2734//2734 2735//2735
f 2740//2740 2733//2733 2737//2737
f 2740//2740 2736//2736 2733//2733
f 2741//2741 2736//2736 2740//2740
f 2739//2739 2731//2731 2734//2734
f 2741//2741 2732//2732 2736//2736
f 2741//2741 2735//2735 2732//2732
f 2742//2742 2670//2670 2669//2669
f 2524//2524 2731//2731 2739//2739
f 2735//2735 2734//2734 2728//2728
f 2737//2737 2730//2730 2738//2738
f 2734//2734 2731//2731 2726//2726
f 2731//2731 2525//2525 2723//2723
f 2736//2736 2729//2729 2727//2727
f 2726//2726 2723//2723 2718//2718
f 2727//2727 2725//2725 2722//2722
f 2728//2728 2721//2721 2724//2724
f 2727//2727 2720//2720 2671//2671
f 2728//2728 2726//2726 2721//2721
f 2729//2729 2725//2725 2727//2727
f 2729//2729 2724//2724 2725//2725
f 2736//2736 2727//2727 2733//2733
f 2731//2731 2723//2723 2726//2726
f 2744//2744 2735//2735 2741//2741
f 2732//2732 2724//2724 2729//2729
f 2733//2733 2727//2727 2730//2730
f 2730//2730 2671//2671 2670//2670
f 2734//2734 2726//2726 2728//2728
f 2732//2732 2728//2728 2724//2724
f 2735//2735 2728//2728 2732//2732
f 2730//2730 2727//2727 2671//2671
f 2743//2743 2737//2737 2738//2738
f 2748//2748 2739//2739 2744//2744
f 2744//2744 2739//2739 2735//2735
f 2753//2753 2750//2750 2747//2747
f 2755//2755 2745//2745 2752//2752
f 2755//2755 2748//2748 2745//2745
f 2756//2756 2751//2751 2749//2749
f 2754//2754 2749//2749 2668//2668
f 2757//2757 2750//2750 2753//2753
f 2756//2756 2749//2749 2754//2754
f 2758//2758 2751//2751 2756//2756
f 2757//2757 2752//2752 2750//2750
f 2523//2523 2748//2748 2755//2755
f 2758//2758 2753//2753 2751//2751
f 2759//2759 2757//2757 2753//2753
f 2760//2760 2757//2757 2759//2759
f 2759//2759 2753//2753 2758//2758
f 2727//2727 2722//2722 2720//2720
f 2753//2753 2747//2747 2751//2751
f 2742//2742 2738//2738 2670//2670
f 2752//2752 2745//2745 2750//2750
f 2749//2749 2747//2747 2742//2742
f 2745//2745 2741//2741 2740//2740
f 2743//2743 2740//2740 2737//2737
f 2746//2746 2740//2740 2743//2743
f 2747//2747 2738//2738 2742//2742
f 2747//2747 2743//2743 2738//2738
f 2746//2746 2745//2745 2740//2740
f 2745//2745 2744//2744 2741//2741
f 2748//2748 2744//2744 2745//2745
f 2668//2668 2742//2742 2669//2669
f 2523//2523 2524//2524 2739//2739
f 2523//2523 2739//2739 2748//2748
f 2749//2749 2742//2742 2668//2668
f 2747//2747 2746//2746 2743//2743
f 2750//2750 2745//2745 2746//2746
f 2750//2750 2746//2746 2747//2747
f 2751//2751 2747//2747 2749//2749
f 2726//2726 2718//2718 2721//2721
f 2708//2708 2700//2700 2705//2705
f 2721//2721 2718//2718 2717//2717
f 2700//2700 2693//2693 2698//2698
f 2701//2701 2694//2694 2673//2673
f 2699//2699 2695//2695 2691//2691
f 2699//2699 2692//2692 2697//2697
f 2700//2700 2696//2696 2693//2693
f 2701//2701 2698//2698 2694//2694
f 2703//2703 2695//2695 2699//2699
f 2704//2704 2696//2696 2700//2700
f 2702//2702 2701//2701 2673//2673
f 2526//2526 2695//2695 2703//2703
f 2705//2705 2698//2698 2701//2701
f 2705//2705 2700//2700 2698//2698
f 2706//2706 2699//2699 2697//2697
f 2707//2707 2697//2697 2696//2696
f 2707//2707 2696//2696 2704//2704
f 2698//2698 2693//2693 2690//2690
f 2703//2703 2699//2699 2706//2706
f 2697//2697 2692//2692 2688//2688
f 2695//2695 2527//2527 2687//2687
f 2674//2674 2690//2690 2684//2684
f 2687//2687 2685//2685 2686//2686
f 2691//2691 2686//2686 2689//2689
f 2692//2692 2689//2689 2688//2688
f 2693//2693 2683//2683 2690//2690
f 2693//2693 2688//2688 2683//2683
f 2691//2691 2689//2689 2692//2692
f 2695//2695 2686//2686 2691//2691
f 2695//2695 2687//2687 2686//2686
f 2696//2696 2688//2688 2693//2693
f 2694//2694 2690//2690 2674//2674
f 2694//2694 2674//2674 2673//2673
f 2697//2697 2688//2688 2696//2696
f 2698//2698 2690//2690 2694//2694
f 2695//2695 2526//2526 2527//2527
f 2699//2699 2691//2691 2692//2692
f 2707//2707 2706//2706 2697//2697
f 2761//2761 2758//2758 2756//2756
f 2708//2708 2704//2704 2700//2700
f 2711//2711 2525//2525 2526//2526
f 2711//2711 2712//2712 2718//2718
f 2719//2719 2715//2715 2716//2716
f 2721//2721 2714//2714 2715//2715
f 2722//2722 2716//2716 2713//2713
f 2720//2720 2713//2713 2672//2672
f 2721//2721 2717//2717 2714//2714
f 2722//2722 2719//2719 2716//2716
f 2671//2671 2720//2720 2672//2672
f 2723//2723 2711//2711 2718//2718
f 2724//2724 2715//2715 2719//2719
f 2725//2725 2719//2719 2722//2722
f 2720//2720 2722//2722 2713//2713
f 2724//2724 2721//2721 2715//2715
f 2525//2525 2711//2711 2723//2723
f 2718//2718 2710//2710 2717//2717
f 2718//2718 2712//2712 2710//2710
f 2716//2716 2715//2715 2709//2709
f 2717//2717 2710//2710 2708//2708
f 2709//2709 2701//2701 2702//2702
f 2710//2710 2704//2704 2708//2708
f 2709//2709 2705//2705 2701//2701
f 2711//2711 2703//2703 2706//2706
f 2712//2712 2706//2706 2707//2707
f 2710//2710 2707//2707 2704//2704
f 2709//2709 2708//2708 2705//2705
f 2725//2725 2724//2724 2719//2719
f 2713//2713 2702//2702 2672//2672
f 2712//2712 2711//2711 2706//2706
f 2712//2712 2707//2707 2710//2710
f 2713//2713 2709//2709 2702//2702
f 2716//2716 2709//2709 2713//2713
f 2717//2717 2708//2708 2714//2714
f 2715//2715 2714//2714 2709//2709
f 2711//2711 2526//2526 2703//2703
f 2714//2714 2708//2708 2709//2709
f 2762//2762 2523//2523 2755//2755
f 2778//2778 2777//2777 2771//2771
f 2762//2762 2755//2755 2752//2752
f 2808//2808 2807//2807 2795//2795
f 2808//2808 2668//2668 2669//2669
f 2806//2806 2797//2797 2798//2798
f 2806//2806 2798//2798 2799//2799
f 2808//2808 2754//2754 2668//2668
f 2809//2809 2808//2808 2806//2806
f 2809//2809 2754//2754 2808//2808
f 2809//2809 2667//2667 2754//2754
f 2809//2809 2806//2806 2799//2799
f 2809//2809 2666//2666 2667//2667
f 2809//2809 2800//2800 2666//2666
f 2809//2809 2799//2799 2800//2800
f 2535//2535 2557//2557 2800//2800
f 2551//2551 2545//2545 2801//2801
f 2823//2823 2811//2811 2812//2812
f 2808//2808 2795//2795 2806//2806
f 2800//2800 2799//2799 2811//2811
f 2808//2808 2669//2669 2807//2807
f 2807//2807 2794//2794 2795//2795
f 2791//2791 2802//2802 2790//2790
f 2805//2805 2702//2702 2673//2673
f 2805//2805 2673//2673 2804//2804
f 2805//2805 2804//2804 2802//2802
f 2805//2805 2802//2802 2791//2791
f 2805//2805 2672//2672 2702//2702
f 2805//2805 2791//2791 2792//2792
f 2792//2792 2671//2671 2672//2672
f 2792//2792 2672//2672 2805//2805
f 2806//2806 2796//2796 2797//2797
f 2806//2806 2795//2795 2796//2796
f 2807//2807 2670//2670 2671//2671
f 2807//2807 2671//2671 2792//2792
f 2807//2807 2793//2793 2794//2794
f 2807//2807 2792//2792 2793//2793
f 2807//2807 2669//2669 2670//2670
f 2804//2804 2674//2674 2803//2803
f 2823//2823 2812//2812 2813//2813
f 2824//2824 2800//2800 2811//2811
f 2827//2827 2541//2541 2817//2817
f 2827//2827 2818//2818 2819//2819
f 2827//2827 2819//2819 2826//2826
f 2826//2826 2821//2821 2822//2822
f 2827//2827 2543//2543 2542//2542
f 2828//2828 2543//2543 2827//2827
f 2828//2828 2827//2827 2826//2826
f 2826//2826 2822//2822 2810//2810
f 2828//2828 2633//2633 2543//2543
f 2828//2828 2544//2544 2633//2633
f 2801//2801 2828//2828 2826//2826
f 2801//2801 2545//2545 2544//2544
f 2801//2801 2826//2826 2810//2810
f 2801//2801 2544//2544 2828//2828
f 2801//2801 2810//2810 2787//2787
f 2827//2827 2542//2542 2541//2541
f 2824//2824 2535//2535 2800//2800
f 2827//2827 2817//2817 2818//2818
f 2826//2826 2820//2820 2821//2821
f 2824//2824 2811//2811 2823//2823
f 2823//2823 2813//2813 2814//2814
f 2824//2824 2536//2536 2535//2535
f 2824//2824 2537//2537 2536//2536
f 2825//2825 2537//2537 2824//2824
f 2825//2825 2824//2824 2823//2823
f 2815//2815 2823//2823 2814//2814
f 2825//2825 2538//2538 2537//2537
f 2825//2825 2539//2539 2538//2538
f 2825//2825 2823//2823 2815//2815
f 2816//2816 2825//2825 2815//2815
f 2816//2816 2539//2539 2825//2825
f 2816//2816 2540//2540 2539//2539
f 2817//2817 2541//2541 2540//2540
f 2817//2817 2540//2540 2816//2816
f 2826//2826 2819//2819 2820//2820
f 2804//2804 2803//2803 2802//2802
f 2804//2804 2673//2673 2674//2674
f 2803//2803 2674//2674 2675//2675
f 2522//2522 2762//2762 2770//2770
f 2770//2770 2764//2764 2771//2771
f 2768//2768 2763//2763 2766//2766
f 2666//2666 2766//2766 2667//2667
f 2774//2774 2766//2766 2666//2666
f 2772//2772 2771//2771 2767//2767
f 2773//2773 2768//2768 2766//2766
f 2775//2775 2522//2522 2770//2770
f 2776//2776 2769//2769 2768//2768
f 2773//2773 2766//2766 2774//2774
f 2777//2777 2770//2770 2771//2771
f 2776//2776 2772//2772 2769//2769
f 2776//2776 2768//2768 2773//2773
f 2775//2775 2770//2770 2777//2777
f 2778//2778 2771//2771 2772//2772
f 2772//2772 2765//2765 2769//2769
f 2779//2779 2772//2772 2776//2776
f 2772//2772 2767//2767 2765//2765
f 2767//2767 2764//2764 2760//2760
f 2763//2763 2756//2756 2754//2754
f 2522//2522 2523//2523 2762//2762
f 2764//2764 2757//2757 2760//2760
f 2764//2764 2752//2752 2757//2757
f 2765//2765 2758//2758 2761//2761
f 2765//2765 2759//2759 2758//2758
f 2766//2766 2763//2763 2667//2667
f 2764//2764 2762//2762 2752//2752
f 2767//2767 2759//2759 2765//2765
f 2763//2763 2761//2761 2756//2756
f 2768//2768 2761//2761 2763//2763
f 2767//2767 2760//2760 2759//2759
f 2768//2768 2765//2765 2761//2761
f 2769//2769 2765//2765 2768//2768
f 2770//2770 2762//2762 2764//2764
f 2771//2771 2764//2764 2767//2767
f 2688//2688 2689//2689 2682//2682
f 2780//2780 2776//2776 2773//2773
f 2557//2557 2774//2774 2666//2666
f 2553//2553 2784//2784 2785//2785
f 2553//2553 2785//2785 2554//2554
f 2552//2552 2786//2786 2783//2783
f 2553//2553 2783//2783 2784//2784
f 2552//2552 2521//2521 2786//2786
f 2552//2552 2783//2783 2553//2553
f 2521//2521 2552//2552 2520//2520
f 2675//2675 2551//2551 2801//2801
f 2557//2557 2666//2666 2800//2800
f 2802//2802 2787//2787 2788//2788
f 2802//2802 2788//2788 2789//2789
f 2803//2803 2801//2801 2787//2787
f 2803//2803 2675//2675 2801//2801
f 2803//2803 2787//2787 2802//2802
f 2802//2802 2789//2789 2790//2790
f 2521//2521 2781//2781 2786//2786
f 2785//2785 2780//2780 2555//2555
f 2785//2785 2555//2555 2554//2554
f 2785//2785 2784//2784 2782//2782
f 2780//2780 2773//2773 2774//2774
f 2781//2781 2777//2777 2778//2778
f 2779//2779 2778//2778 2772//2772
f 2556//2556 2774//2774 2557//2557
f 2782//2782 2776//2776 2780//2780
f 2556//2556 2780//2780 2774//2774
f 2782//2782 2779//2779 2776//2776
f 2763//2763 2754//2754 2667//2667
f 2781//2781 2521//2521 2775//2775
f 2783//2783 2778//2778 2779//2779
f 2784//2784 2779//2779 2782//2782
f 2555//2555 2780//2780 2556//2556
f 2785//2785 2782//2782 2780//2780
f 2786//2786 2778//2778 2783//2783
f 2786//2786 2781//2781 2778//2778
f 2783//2783 2779//2779 2784//2784
f 2781//2781 2775//2775 2777//2777
f 2689//2689 2686//2686 2681//2681
f 2683//2683 2680//2680 2684//2684
f 2688//2688 2682//2682 2683//2683
f 2586//2586 2581//2581 2579//2579
f 2585//2585 2529//2529 2582//2582
f 2588//2588 2580//2580 2583//2583
f 2585//2585 2582//2582 2587//2587
f 2588//2588 2584//2584 2580//2580
f 2590//2590 2583//2583 2538//2538
f 2590//2590 2538//2538 2539//2539
f 2587//2587 2581//2581 2586//2586
f 2589//2589 2588//2588 2583//2583
f 2590//2590 2589//2589 2583//2583
f 2591//2591 2584//2584 2588//2588
f 2591//2591 2586//2586 2584//2584
f 2593//2593 2586//2586 2591//2591
f 2592//2592 2599//2599 2529//2529
f 2592//2592 2529//2529 2585//2585
f 2587//2587 2582//2582 2581//2581
f 2592//2592 2585//2585 2587//2587
f 2586//2586 2579//2579 2584//2584
f 2583//2583 2580//2580 2576//2576
f 2579//2579 2571//2571 2575//2575
f 2577//2577 2528//2528 2570//2570
f 2579//2579 2574//2574 2571//2571
f 2580//2580 2573//2573 2572//2572
f 2580//2580 2572//2572 2576//2576
f 2581//2581 2574//2574 2579//2579
f 2579//2579 2575//2575 2578//2578
f 2538//2538 2576//2576 2537//2537
f 2580//2580 2578//2578 2573//2573
f 2529//2529 2528//2528 2577//2577
f 2581//2581 2577//2577 2574//2574
f 2582//2582 2577//2577 2581//2581
f 2583//2583 2576//2576 2538//2538
f 2584//2584 2578//2578 2580//2580
f 2584//2584 2579//2579 2578//2578
f 2529//2529 2577//2577 2582//2582
f 2578//2578 2575//2575 2573//2573
f 2593//2593 2587//2587 2586//2586
f 2595//2595 2587//2587 2593//2593
f 2605//2605 2600//2600 2601//2601
f 2603//2603 2601//2601 2594//2594
f 2606//2606 2598//2598 2600//2600
f 2603//2603 2597//2597 2604//2604
f 2607//2607 2540//2540 2541//2541
f 2608//2608 2598//2598 2606//2606
f 2608//2608 2602//2602 2598//2598
f 2605//2605 2606//2606 2600//2600
f 2605//2605 2601//2601 2603//2603
f 2609//2609 2540//2540 2607//2607
f 2609//2609 2604//2604 2540//2540
f 2608//2608 2530//2530 2602//2602
f 2610//2610 2603//2603 2604//2604
f 2611//2611 2605//2605 2603//2603
f 2612//2612 2606//2606 2605//2605
f 2530//2530 2595//2595 2602//2602
f 2594//2594 2589//2589 2590//2590
f 2530//2530 2599//2599 2595//2595
f 2603//2603 2594//2594 2597//2597
f 2594//2594 2588//2588 2589//2589
f 2596//2596 2591//2591 2588//2588
f 2595//2595 2592//2592 2587//2587
f 2597//2597 2590//2590 2539//2539
f 2690//2690 2683//2683 2684//2684
f 2596//2596 2588//2588 2594//2594
f 2599//2599 2592//2592 2595//2595
f 2598//2598 2593//2593 2591//2591
f 2597//2597 2539//2539 2540//2540
f 2594//2594 2590//2590 2597//2597
f 2600//2600 2598//2598 2596//2596
f 2601//2601 2596//2596 2594//2594
f 2598//2598 2595//2595 2593//2593
f 2602//2602 2595//2595 2598//2598
f 2600//2600 2596//2596 2601//2601
f 2604//2604 2597//2597 2540//2540
f 2577//2577 2567//2567 2574//2574
f 2577//2577 2570//2570 2567//2567
f 2576//2576 2572//2572 2537//2537
f 2533//2533 2510//2510 2509//2509
f 2522//2522 2514//2514 2515//2515
f 2534//2534 2510//2510 2533//2533
f 2534//2534 2511//2511 2510//2510
f 2523//2523 2522//2522 2515//2515
f 2523//2523 2515//2515 2516//2516
f 2527//2527 2511//2511 2534//2534
f 2524//2524 2523//2523 2516//2516
f 2527//2527 2512//2512 2511//2511
f 2525//2525 2516//2516 2517//2517
f 2525//2525 2524//2524 2516//2516
f 2527//2527 2519//2519 2512//2512
f 2526//2526 2519//2519 2527//2527
f 2525//2525 2517//2517 2518//2518
f 2526//2526 2518//2518 2519//2519
f 2514//2514 2522//2522 2775//2775
f 2526//2526 2525//2525 2518//2518
f 2514//2514 2775//2775 2513//2513
f 2513//2513 2775//2775 2521//2521
f 2506//2506 2529//2529 2599//2599
f 2505//2505 2529//2529 2506//2506
f 2506//2506 2599//2599 2530//2530
f 2505//2505 2528//2528 2529//2529
f 2504//2504 2528//2528 2505//2505
f 2507//2507 2530//2530 2531//2531
f 2507//2507 2506//2506 2530//2530
f 2504//2504 2520//2520 2528//2528
f 2507//2507 2531//2531 2532//2532
f 2503//2503 2520//2520 2504//2504
f 2508//2508 2507//2507 2532//2532
f 2503//2503 2521//2521 2520//2520
f 2513//2513 2521//2521 2503//2503
f 2509//2509 2508//2508 2532//2532
f 2509//2509 2532//2532 2636//2636
f 2509//2509 2636//2636 2533//2533
f 2558//2558 2556//2556 2557//2557
f 2559//2559 2556//2556 2558//2558
f 2535//2535 2558//2558 2557//2557
f 2570//2570 2565//2565 2567//2567
f 2571//2571 2563//2563 2568//2568
f 2571//2571 2566//2566 2563//2563
f 2572//2572 2536//2536 2537//2537
f 2569//2569 2520//2520 2552//2552
f 2573//2573 2568//2568 2564//2564
f 2570//2570 2569//2569 2565//2565
f 2572//2572 2564//2564 2536//2536
f 2574//2574 2566//2566 2571//2571
f 2573//2573 2564//2564 2572//2572
f 2574//2574 2567//2567 2566//2566
f 2575//2575 2568//2568 2573//2573
f 2569//2569 2528//2528 2520//2520
f 2528//2528 2569//2569 2570//2570
f 2575//2575 2571//2571 2568//2568
f 2569//2569 2552//2552 2565//2565
f 2568//2568 2563//2563 2561//2561
f 2567//2567 2562//2562 2566//2566
f 2565//2565 2562//2562 2567//2567
f 2559//2559 2555//2555 2556//2556
f 2560//2560 2555//2555 2559//2559
f 2561//2561 2558//2558 2535//2535
f 2560//2560 2554//2554 2555//2555
f 2561//2561 2559//2559 2558//2558
f 2563//2563 2559//2559 2561//2561
f 2562//2562 2553//2553 2554//2554
f 2610//2610 2604//2604 2609//2609
f 2562//2562 2554//2554 2560//2560
f 2564//2564 2561//2561 2535//2535
f 2565//2565 2552//2552 2553//2553
f 2565//2565 2553//2553 2562//2562
f 2566//2566 2560//2560 2563//2563
f 2536//2536 2564//2564 2535//2535
f 2566//2566 2562//2562 2560//2560
f 2568//2568 2561//2561 2564//2564
f 2563//2563 2560//2560 2559//2559
f 2610//2610 2611//2611 2603//2603
f 2598//2598 2591//2591 2596//2596
f 2531//2531 2530//2530 2608//2608
f 2545//2545 2551//2551 2657//2657
f 2658//2658 2652//2652 2657//2657
f 2660//2660 2654//2654 2651//2651
f 2661//2661 2653//2653 2655//2655
f 2661//2661 2655//2655 2659//2659
f 2550//2550 2658//2658 2657//2657
f 2534//2534 2654//2654 2660//2660
f 2534//2534 2533//2533 2654//2654
f 2661//2661 2651//2651 2653//2653
f 2662//2662 2656//2656 2658//2658
f 2662//2662 2659//2659 2656//2656
f 2611//2611 2612//2612 2605//2605
f 2661//2661 2660//2660 2651//2651
f 2662//2662 2658//2658 2549//2549
f 2663//2663 2660//2660 2661//2661
f 2657//2657 2652//2652 2649//2649
f 2664//2664 2659//2659 2662//2662
f 2658//2658 2656//2656 2652//2652
f 2659//2659 2655//2655 2650//2650
f 2649//2649 2544//2544 2545//2545
f 2648//2648 2644//2644 2647//2647
f 2650//2650 2643//2643 2649//2649
f 2651//2651 2648//2648 2647//2647
f 2650//2650 2646//2646 2643//2643
f 2653//2653 2647//2647 2646//2646
f 2652//2652 2650//2650 2649//2649
f 2654//2654 2645//2645 2648//2648
f 2655//2655 2646//2646 2650//2650
f 2654//2654 2648//2648 2651//2651
f 2653//2653 2651//2651 2647//2647
f 2655//2655 2653//2653 2646//2646
f 2656//2656 2650//2650 2652//2652
f 2533//2533 2645//2645 2654//2654
f 2657//2657 2649//2649 2545//2545
f 2659//2659 2650//2650 2656//2656
f 2647//2647 2641//2641 2646//2646
f 2664//2664 2661//2661 2659//2659
f 2662//2662 2549//2549 2548//2548
f 2682//2682 2679//2679 2678//2678
f 2680//2680 2678//2678 2677//2677
f 2680//2680 2677//2677 2675//2675
f 2683//2683 2678//2678 2680//2680
f 2684//2684 2675//2675 2674//2674
f 2685//2685 2546//2546 2547//2547
f 2681//2681 2547//2547 2548//2548
f 2686//2686 2547//2547 2681//2681
f 2681//2681 2679//2679 2682//2682
f 2682//2682 2678//2678 2683//2683
f 2684//2684 2680//2680 2675//2675
f 2687//2687 2546//2546 2685//2685
f 2685//2685 2547//2547 2686//2686
f 2687//2687 2527//2527 2546//2546
f 2689//2689 2681//2681 2682//2682
f 2681//2681 2548//2548 2679//2679
f 2663//2663 2534//2534 2660//2660
f 2678//2678 2676//2676 2677//2677
f 2679//2679 2549//2549 2678//2678
f 2665//2665 2661//2661 2664//2664
f 2664//2664 2662//2662 2548//2548
f 2664//2664 2548//2548 2547//2547
f 2663//2663 2527//2527 2534//2534
f 2665//2665 2663//2663 2661//2661
f 2665//2665 2664//2664 2547//2547
f 2546//2546 2665//2665 2547//2547
f 2546//2546 2663//2663 2665//2665
f 2527//2527 2663//2663 2546//2546
f 2676//2676 2657//2657 2551//2551
f 2676//2676 2550//2550 2657//2657
f 2677//2677 2676//2676 2551//2551
f 2678//2678 2550//2550 2676//2676
f 2678//2678 2549//2549 2550//2550
f 2677//2677 2551//2551 2675//2675
f 2548//2548 2549//2549 2679//2679
f 2648//2648 2645//2645 2642//2642
f 2658//2658 2550//2550 2549//2549
f 2643//2643 2646//2646 2638//2638
f 2623//2623 2616//2616 2542//2542
f 2532//2532 2617//2617 2619//2619
f 2621//2621 2618//2618 2614//2614
f 2622//2622 2621//2621 2613//2613
f 2622//2622 2616//2616 2623//2623
f 2624//2624 2618//2618 2621//2621
f 2625//2625 2621//2621 2622//2622
f 2626//2626 2619//2619 2620//2620
f 2624//2624 2620//2620 2618//2618
f 2626//2626 2620//2620 2624//2624
f 2624//2624 2621//2621 2625//2625
f 2627//2627 2622//2622 2623//2623
f 2543//2543 2623//2623 2542//2542
f 2628//2628 2619//2619 2626//2626
f 2628//2628 2532//2532 2619//2619
f 2622//2622 2613//2613 2616//2616
f 2532//2532 2531//2531 2617//2617
f 2620//2620 2619//2619 2615//2615
f 2621//2621 2614//2614 2613//2613
f 2612//2612 2608//2608 2606//2606
f 2531//2531 2608//2608 2612//2612
f 2614//2614 2610//2610 2609//2609
f 2613//2613 2609//2609 2607//2607
f 2542//2542 2607//2607 2541//2541
f 2649//2649 2643//2643 2544//2544
f 2616//2616 2607//2607 2542//2542
f 2627//2627 2625//2625 2622//2622
f 2614//2614 2609//2609 2613//2613
f 2614//2614 2615//2615 2610//2610
f 2617//2617 2612//2612 2611//2611
f 2618//2618 2615//2615 2614//2614
f 2619//2619 2611//2611 2615//2615
f 2617//2617 2531//2531 2612//2612
f 2619//2619 2617//2617 2611//2611
f 2620//2620 2615//2615 2618//2618
f 2616//2616 2613//2613 2607//2607
f 2629//2629 2626//2626 2624//2624
f 2615//2615 2611//2611 2610//2610
f 2630//2630 2624//2624 2625//2625
f 2636//2636 2632//2632 2637//2637
f 2641//2641 2635//2635 2638//2638
f 2642//2642 2634//2634 2640//2640
f 2642//2642 2637//2637 2634//2634
f 2645//2645 2636//2636 2637//2637
f 2644//2644 2640//2640 2635//2635
f 2644//2644 2635//2635 2641//2641
f 2645//2645 2637//2637 2642//2642
f 2638//2638 2639//2639 2643//2643
f 2645//2645 2533//2533 2636//2636
f 2544//2544 2643//2643 2639//2639
f 2646//2646 2641//2641 2638//2638
f 2644//2644 2642//2642 2640//2640
f 2647//2647 2644//2644 2641//2641
f 2648//2648 2642//2642 2644//2644
f 2638//2638 2635//2635 2631//2631
f 2640//2640 2634//2634 2630//2630
f 2544//2544 2639//2639 2633//2633
f 2638//2638 2631//2631 2639//2639
f 2631//2631 2623//2623 2543//2543
f 2632//2632 2626//2626 2629//2629
f 2632//2632 2628//2628 2626//2626
f 2628//2628 2636//2636 2532//2532
f 2640//2640 2630//2630 2635//2635
f 2634//2634 2624//2624 2630//2630
f 2635//2635 2623//2623 2631//2631
f 2634//2634 2629//2629 2624//2624
f 2635//2635 2627//2627 2623//2623
f 2636//2636 2628//2628 2632//2632
f 2634//2634 2632//2632 2629//2629
f 2635//2635 2630//2630 2627//2627
f 2639//2639 2631//2631 2633//2633
f 2637//2637 2632//2632 2634//2634
f 2631//2631 2543//2543 2633//2633
f 2630//2630 2625//2625 2627//2627
f 2831//2831 2829//2829 2830//2830
f 2832//2832 2829//2829 2831//2831
f 2842//2842 2839//2839 2838//2838
f 2840//2840 2836//2836 2835//2835
f 2842//2842 2843//2843 2839//2839
f 2841//2841 2836//2836 2840//2840
f 2841//2841 2837//2837 2836//2836
f 2841//2841 2838//2838 2837//2837
f 2841//2841 2842//2842 2838//2838
f 2843//2843 2833//2833 2839//2839
f 2834//2834 2833//2833 2843//2843
f 2852//2852 2851//2851 2850//2850
f 2848//2848 2850//2850 2849//2849
f 2864//2864 2845//2845 2844//2844
f 2852//2852 2850//2850 2848//2848
f 2856//2856 2854//2854 2857//2857
f 2860//2860 2859//2859 2862//2862
f 2860//2860 2862//2862 2861//2861
f 2856//2856 2855//2855 2854//2854
f 2858//2858 2853//2853 2847//2847
f 2858//2858 2854//2854 2853//2853
f 2859//2859 2858//2858 2862//2862
f 2858//2858 2863//2863 2862//2862
f 2858//2858 2847//2847 2863//2863
f 2853//2853 2848//2848 2847//2847
f 2863//2863 2846//2846 2864//2864
f 2863//2863 2847//2847 2846//2846
f 2853//2853 2852//2852 2848//2848
f 2864//2864 2846//2846 2845//2845
f 2857//2857 2854//2854 2858//2858
f 2875//2875 2869//2869 2874//2874
f 2872//2872 2867//2867 2866//2866
f 2872//2872 2873//2873 2867//2867
f 2873//2873 2868//2868 2867//2867
f 2873//2873 2874//2874 2868//2868
f 2874//2874 2869//2869 2868//2868
f 2872//2872 2865//2865 2871//2871
f 2872//2872 2866//2866 2865//2865
f 2875//2875 2870//2870 2869//2869
f 2880//2880 2877//2877 2876//2876
f 2880//2880 2876//2876 2879//2879
f 2881//2881 2878//2878 2877//2877
f 2881//2881 2877//2877 2880//2880
f 2892//2892 2887//2887 2891//2891
f 2889//2889 2890//2890 2884//2884
f 2888//2888 2883//2883 2882//2882
f 2889//2889 2884//2884 2883//2883
f 2889//2889 2883//2883 2888//2888
f 2891//2891 2886//2886 2885//2885
f 2890//2890 2891//2891 2885//2885
f 2890//2890 2885//2885 2884//2884
f 2891//2891 2887//2887 2886//2886
f 2896//2896 2893//2893 2895//2895
f 2896//2896 2894//2894 2893//2893
f 2904//2904 2899//2899 2898//2898
f 2907//2907 2902//2902 2901//2901
f 2905//2905 2900//2900 2899//2899
f 2905//2905 2906//2906 2900//2900
f 2906//2906 2901//2901 2900//2900
f 2904//2904 2897//2897 2903//2903
f 2904//2904 2898//2898 2897//2897
f 2904//2904 2905//2905 2899//2899
f 2907//2907 2901//2901 2906//2906
f 2911//2911 2909//2909 2908//2908
f 2912//2912 2909//2909 2911//2911
f 2912//2912 2910//2910 2909//2909
