# OMX visual mesh; coordinates in metres
mtllib materials.mtl
usemtl motor_housing
v -0.0004500 -0.0088136 0.0625000
v -0.0011864 -0.0095500 0.0625000
v -0.0004500 0.0088136 0.0625000
v -0.0011864 0.0095500 0.0625000
v -0.0328136 0.0095500 0.0625000
v -0.0335500 0.0088136 0.0625000
v -0.0335500 -0.0088136 0.0625000
v -0.0328136 -0.0095500 0.0625000
v -0.0021255 -0.0072079 0.0625000
v -0.0023140 -0.0072625 0.0625000
v -0.0024968 -0.0073698 0.0625000
v -0.0026438 -0.0075225 0.0625000
v -0.0027625 -0.0077423 0.0625000
v -0.0028027 -0.0080226 0.0625000
v -0.0027647 -0.0082402 0.0625000
v -0.0026875 -0.0084121 0.0625000
v -0.0025880 -0.0085436 0.0625000
v -0.0024459 -0.0086673 0.0625000
v -0.0022552 -0.0087599 0.0625000
v -0.0020315 -0.0088029 0.0625000
v -0.0017822 -0.0087724 0.0625000
v -0.0015879 -0.0086875 0.0625000
v -0.0013942 -0.0085299 0.0625000
v -0.0012625 -0.0083140 0.0625000
v -0.0012037 -0.0081033 0.0625000
v -0.0012152 -0.0078214 0.0625000
v -0.0013125 -0.0075879 0.0625000
v -0.0014546 -0.0074099 0.0625000
v -0.0016431 -0.0072822 0.0625000
v -0.0018742 -0.0072057 0.0625000
v -0.0020945 0.0087980 0.0625000
v -0.0023140 0.0087375 0.0625000
v -0.0024968 0.0086302 0.0625000
v -0.0026627 0.0084535 0.0625000
v -0.0027704 0.0082266 0.0625000
v -0.0028020 0.0080000 0.0625000
v -0.0027724 0.0077822 0.0625000
v -0.0026875 0.0075879 0.0625000
v -0.0025516 0.0074164 0.0625000
v -0.0023641 0.0072854 0.0625000
v -0.0021258 0.0072057 0.0625000
v -0.0018745 0.0072079 0.0625000
v -0.0016860 0.0072625 0.0625000
v -0.0015032 0.0073698 0.0625000
v -0.0013319 0.0075536 0.0625000
v -0.0012276 0.0077822 0.0625000
v -0.0011969 0.0080537 0.0625000
v -0.0012591 0.0083069 0.0625000
v -0.0013885 0.0085223 0.0625000
v -0.0015745 0.0086793 0.0625000
v -0.0018029 0.0087803 0.0625000
v -0.0325255 -0.0041079 0.0625000
v -0.0327140 -0.0041625 0.0625000
v -0.0328710 -0.0042518 0.0625000
v -0.0330044 -0.0043735 0.0625000
v -0.0331298 -0.0045636 0.0625000
v -0.0331970 -0.0048057 0.0625000
v -0.0331921 -0.0050254 0.0625000
v -0.0331166 -0.0052651 0.0625000
v -0.0329516 -0.0054835 0.0625000
v -0.0327641 -0.0056146 0.0625000
v -0.0325870 -0.0056791 0.0625000
v -0.0324000 -0.0057020 0.0625000
v -0.0322384 -0.0056841 0.0625000
v -0.0320860 -0.0056375 0.0625000
v -0.0319032 -0.0055302 0.0625000
v -0.0317747 -0.0053999 0.0625000
v -0.0316746 -0.0052443 0.0625000
v -0.0316079 -0.0050254 0.0625000
v -0.0316030 -0.0048057 0.0625000
v -0.0316470 -0.0046282 0.0625000
v -0.0317125 -0.0044879 0.0625000
v -0.0318546 -0.0043099 0.0625000
v -0.0320431 -0.0041822 0.0625000
v -0.0322742 -0.0041057 0.0625000
v -0.0289314 0.0092002 0.0625000
v -0.0291178 0.0091724 0.0625000
v -0.0293654 0.0090567 0.0625000
v -0.0295438 0.0088775 0.0625000
v -0.0296625 0.0086577 0.0625000
v -0.0296997 0.0084370 0.0625000
v -0.0296921 0.0082745 0.0625000
v -0.0296375 0.0080860 0.0625000
v -0.0295250 0.0078959 0.0625000
v -0.0293124 0.0077088 0.0625000
v -0.0290870 0.0076209 0.0625000
v -0.0289000 0.0075980 0.0625000
v -0.0286423 0.0076375 0.0625000
v -0.0284291 0.0077518 0.0625000
v -0.0282750 0.0078959 0.0625000
v -0.0281625 0.0080860 0.0625000
v -0.0281037 0.0082967 0.0625000
v -0.0281071 0.0085176 0.0625000
v -0.0281591 0.0087069 0.0625000
v -0.0282518 0.0088709 0.0625000
v -0.0283792 0.0090098 0.0625000
v -0.0285431 0.0091178 0.0625000
v -0.0287434 0.0091871 0.0625000
v -0.0050944 -0.0076020 0.0625000
v -0.0053140 -0.0076625 0.0625000
v -0.0055223 -0.0077885 0.0625000
v -0.0056793 -0.0079745 0.0625000
v -0.0057704 -0.0081734 0.0625000
v -0.0058020 -0.0084000 0.0625000
v -0.0057724 -0.0086178 0.0625000
v -0.0056875 -0.0088121 0.0625000
v -0.0055880 -0.0089436 0.0625000
v -0.0054459 -0.0090673 0.0625000
v -0.0052552 -0.0091599 0.0625000
v -0.0050315 -0.0092029 0.0625000
v -0.0048384 -0.0091841 0.0625000
v -0.0046349 -0.0091166 0.0625000
v -0.0044388 -0.0089723 0.0625000
v -0.0042989 -0.0087926 0.0625000
v -0.0042107 -0.0085479 0.0625000
v -0.0042003 -0.0083630 0.0625000
v -0.0042276 -0.0081822 0.0625000
v -0.0043125 -0.0079879 0.0625000
v -0.0044546 -0.0078099 0.0625000
v -0.0046431 -0.0076822 0.0625000
v -0.0048434 -0.0076129 0.0625000
v -0.0049685 0.0092029 0.0625000
v -0.0052178 0.0091724 0.0625000
v -0.0054121 0.0090875 0.0625000
v -0.0055612 0.0089723 0.0625000
v -0.0056962 0.0088001 0.0625000
v -0.0057775 0.0085948 0.0625000
v -0.0058027 0.0083774 0.0625000
v -0.0057647 0.0081598 0.0625000
v -0.0056875 0.0079879 0.0625000
v -0.0055880 0.0078564 0.0625000
v -0.0054459 0.0077327 0.0625000
v -0.0052552 0.0076401 0.0625000
v -0.0050315 0.0075971 0.0625000
v -0.0047822 0.0076276 0.0625000
v -0.0045879 0.0077125 0.0625000
v -0.0044164 0.0078484 0.0625000
v -0.0042854 0.0080359 0.0625000
v -0.0042057 0.0082742 0.0625000
v -0.0042071 0.0085176 0.0625000
v -0.0042591 0.0087069 0.0625000
v -0.0043885 0.0089223 0.0625000
v -0.0045745 0.0090793 0.0625000
v -0.0047448 0.0091599 0.0625000
v -0.0319685 0.0088029 0.0625000
v -0.0322577 0.0087625 0.0625000
v -0.0324968 0.0086302 0.0625000
v -0.0326627 0.0084535 0.0625000
v -0.0327704 0.0082266 0.0625000
v -0.0328020 0.0080000 0.0625000
v -0.0327724 0.0077822 0.0625000
v -0.0326875 0.0075879 0.0625000
v -0.0325516 0.0074164 0.0625000
v -0.0323641 0.0072854 0.0625000
v -0.0321871 0.0072209 0.0625000
v -0.0320000 0.0071980 0.0625000
v -0.0317423 0.0072375 0.0625000
v -0.0315032 0.0073698 0.0625000
v -0.0313748 0.0075000 0.0625000
v -0.0312854 0.0076359 0.0625000
v -0.0312057 0.0078742 0.0625000
v -0.0312071 0.0081176 0.0625000
v -0.0312591 0.0083069 0.0625000
v -0.0313885 0.0085223 0.0625000
v -0.0315745 0.0086793 0.0625000
v -0.0317448 0.0087599 0.0625000
v -0.0320314 -0.0071998 0.0625000
v -0.0322178 -0.0072276 0.0625000
v -0.0324654 -0.0073433 0.0625000
v -0.0326627 -0.0075465 0.0625000
v -0.0327513 -0.0077228 0.0625000
v -0.0327970 -0.0079057 0.0625000
v -0.0327921 -0.0081254 0.0625000
v -0.0327375 -0.0083140 0.0625000
v -0.0326250 -0.0085041 0.0625000
v -0.0324459 -0.0086673 0.0625000
v -0.0322552 -0.0087599 0.0625000
v -0.0320315 -0.0088029 0.0625000
v -0.0317423 -0.0087625 0.0625000
v -0.0315032 -0.0086302 0.0625000
v -0.0313562 -0.0084775 0.0625000
v -0.0312498 -0.0082863 0.0625000
v -0.0312048 -0.0080941 0.0625000
v -0.0312031 -0.0079057 0.0625000
v -0.0312591 -0.0076931 0.0625000
v -0.0313518 -0.0075291 0.0625000
v -0.0314792 -0.0073902 0.0625000
v -0.0316431 -0.0072822 0.0625000
v -0.0318434 -0.0072129 0.0625000
v -0.0096156 0.0024991 0.0625000
v -0.0099880 0.0024531 0.0625000
v -0.0102725 0.0023776 0.0625000
v -0.0105631 0.0022646 0.0625000
v -0.0109717 0.0020256 0.0625000
v -0.0113253 0.0017109 0.0625000
v -0.0115225 0.0014695 0.0625000
v -0.0116822 0.0012221 0.0625000
v -0.0118478 0.0008661 0.0625000
v -0.0119531 0.0004880 0.0625000
v -0.0120005 0.0000982 0.0625000
v -0.0119838 -0.0002940 0.0625000
v -0.0119125 -0.0006623 0.0625000
v -0.0117792 -0.0010316 0.0625000
v -0.0115807 -0.0013903 0.0625000
v -0.0113367 -0.0016978 0.0625000
v -0.0110493 -0.0019652 0.0625000
v -0.0107221 -0.0021822 0.0625000
v -0.0103822 -0.0023411 0.0625000
v -0.0100836 -0.0024309 0.0625000
v -0.0097768 -0.0024864 0.0625000
v -0.0093844 -0.0024991 0.0625000
v -0.0090120 -0.0024531 0.0625000
v -0.0087275 -0.0023776 0.0625000
v -0.0084369 -0.0022646 0.0625000
v -0.0080283 -0.0020256 0.0625000
v -0.0077322 -0.0017678 0.0625000
v -0.0075246 -0.0015351 0.0625000
v -0.0072691 -0.0011367 0.0625000
v -0.0071224 -0.0007725 0.0625000
v -0.0070469 -0.0004879 0.0625000
v -0.0070009 -0.0001156 0.0625000
v -0.0070077 0.0001961 0.0625000
v -0.0070498 0.0005051 0.0625000
v -0.0071589 0.0008822 0.0625000
v -0.0073651 0.0013083 0.0625000
v -0.0075990 0.0016236 0.0625000
v -0.0078146 0.0018488 0.0625000
v -0.0081104 0.0020796 0.0625000
v -0.0083650 0.0022275 0.0625000
v -0.0086343 0.0023466 0.0625000
v -0.0089164 0.0024309 0.0625000
v -0.0092232 0.0024864 0.0625000
v -0.0011864 -0.0095500 0.0625000
v -0.0328136 -0.0095500 0.0625000
v -0.0011864 -0.0095500 0.0619500
v -0.0328136 -0.0095500 0.0619500
v -0.0004500 -0.0088136 0.0625000
v -0.0011864 -0.0095500 0.0625000
v -0.0011864 -0.0095500 0.0619500
v -0.0004500 -0.0088136 0.0619500
v -0.0004500 -0.0088136 0.0625000
v -0.0004500 0.0088136 0.0625000
v -0.0004500 -0.0088136 0.0619500
v -0.0004500 0.0088136 0.0619500
v -0.0004500 0.0088136 0.0625000
v -0.0011864 0.0095500 0.0625000
v -0.0004500 0.0088136 0.0619500
v -0.0011864 0.0095500 0.0619500
v -0.0011864 0.0095500 0.0625000
v -0.0328136 0.0095500 0.0625000
v -0.0011864 0.0095500 0.0619500
v -0.0328136 0.0095500 0.0619500
v -0.0328136 0.0095500 0.0625000
v -0.0335500 0.0088136 0.0625000
v -0.0328136 0.0095500 0.0619500
v -0.0335500 0.0088136 0.0619500
v -0.0335500 0.0088136 0.0625000
v -0.0335500 -0.0088136 0.0625000
v -0.0335500 0.0088136 0.0619500
v -0.0335500 -0.0088136 0.0619500
v -0.0335500 -0.0088136 0.0625000
v -0.0328136 -0.0095500 0.0625000
v -0.0328136 -0.0095500 0.0619500
v -0.0335500 -0.0088136 0.0619500
v -0.0011864 -0.0095500 0.0619500
v -0.0328136 -0.0095500 0.0619500
v -0.0004500 -0.0088136 0.0619500
v -0.0004500 0.0088136 0.0619500
v -0.0011864 0.0095500 0.0619500
v -0.0328136 0.0095500 0.0619500
v -0.0335500 0.0088136 0.0619500
v -0.0335500 -0.0088136 0.0619500
v -0.0330000 -0.0100000 0.0619500
v -0.0340000 -0.0090000 0.0619500
v -0.0010000 -0.0100000 0.0619500
v -0.0000000 -0.0090000 0.0619500
v 0.0000000 0.0090000 0.0619500
v -0.0010000 0.0100000 0.0619500
v -0.0330000 0.0100000 0.0619500
v -0.0340000 0.0090000 0.0619500
v -0.0340000 -0.0090000 0.0619500
v -0.0340000 0.0090000 0.0619500
v -0.0340000 -0.0090000 0.0480500
v -0.0340000 0.0090000 0.0480500
v -0.0340000 -0.0090000 0.0480500
v -0.0340000 0.0090000 0.0480500
v -0.0328136 0.0095500 0.0480500
v -0.0237500 0.0095500 0.0480500
v -0.0335500 0.0088136 0.0480500
v -0.0335500 -0.0088136 0.0480500
v -0.0328136 -0.0095500 0.0480500
v -0.0237500 -0.0095500 0.0480500
v -0.0237500 -0.0100000 0.0480500
v -0.0330000 -0.0100000 0.0480500
v -0.0330000 0.0100000 0.0480500
v -0.0237500 0.0100000 0.0480500
v -0.0237500 0.0095500 0.0480500
v -0.0237500 0.0100000 0.0480500
v -0.0237500 0.0063000 0.0475000
v -0.0237500 0.0063000 0.0523000
v -0.0237500 0.0100000 0.0523000
v -0.0237500 0.0095500 0.0475000
v -0.0237500 0.0063000 0.0475000
v -0.0237500 0.0063000 0.0523000
v -0.0234500 0.0060000 0.0475000
v -0.0234500 0.0060000 0.0523000
v -0.0234500 0.0060000 0.0475000
v -0.0234500 0.0060000 0.0523000
v -0.0135500 0.0060000 0.0523000
v -0.0135500 0.0060000 0.0475000
v -0.0237500 0.0063000 0.0475000
v -0.0237500 0.0095500 0.0475000
v -0.0234500 0.0060000 0.0475000
v -0.0135500 0.0060000 0.0475000
v -0.0132500 0.0063000 0.0475000
v -0.0132500 0.0095500 0.0475000
v -0.0328136 0.0095500 0.0475000
v -0.0335500 0.0088136 0.0475000
v -0.0335500 -0.0088136 0.0475000
v -0.0328136 -0.0095500 0.0475000
v -0.0237500 -0.0095500 0.0475000
v -0.0237500 -0.0063000 0.0475000
v -0.0234500 -0.0060000 0.0475000
v -0.0135500 -0.0060000 0.0475000
v -0.0132500 -0.0063000 0.0475000
v -0.0132500 -0.0095500 0.0475000
v -0.0011864 -0.0095500 0.0475000
v -0.0004500 -0.0088136 0.0475000
v -0.0004500 0.0088136 0.0475000
v -0.0011864 0.0095500 0.0475000
v -0.0017603 -0.0072317 0.0475000
v -0.0014846 -0.0073819 0.0475000
v -0.0013342 -0.0075551 0.0475000
v -0.0012471 -0.0077222 0.0475000
v -0.0012005 -0.0079371 0.0475000
v -0.0012197 -0.0081971 0.0475000
v -0.0013168 -0.0084186 0.0475000
v -0.0014484 -0.0085836 0.0475000
v -0.0016359 -0.0087146 0.0475000
v -0.0018742 -0.0087943 0.0475000
v -0.0021568 -0.0087881 0.0475000
v -0.0023921 -0.0087002 0.0475000
v -0.0025612 -0.0085723 0.0475000
v -0.0026658 -0.0084449 0.0475000
v -0.0027529 -0.0082778 0.0475000
v -0.0027985 -0.0080707 0.0475000
v -0.0027921 -0.0078745 0.0475000
v -0.0027402 -0.0076934 0.0475000
v -0.0026361 -0.0075099 0.0475000
v -0.0024714 -0.0073512 0.0475000
v -0.0022995 -0.0072565 0.0475000
v -0.0020631 -0.0071983 0.0475000
v -0.0018432 0.0087881 0.0475000
v -0.0016079 0.0087002 0.0475000
v -0.0014388 0.0085724 0.0475000
v -0.0013342 0.0084449 0.0475000
v -0.0012471 0.0082778 0.0475000
v -0.0012005 0.0080629 0.0475000
v -0.0012197 0.0078029 0.0475000
v -0.0013327 0.0075541 0.0475000
v -0.0015025 0.0073690 0.0475000
v -0.0017005 0.0072565 0.0475000
v -0.0019369 0.0071983 0.0475000
v -0.0022397 0.0072317 0.0475000
v -0.0025154 0.0073819 0.0475000
v -0.0026658 0.0075551 0.0475000
v -0.0027529 0.0077222 0.0475000
v -0.0027984 0.0079293 0.0475000
v -0.0027848 0.0081786 0.0475000
v -0.0026875 0.0084121 0.0475000
v -0.0025516 0.0085836 0.0475000
v -0.0023641 0.0087146 0.0475000
v -0.0021258 0.0087943 0.0475000
v -0.0323369 -0.0040983 0.0475000
v -0.0321006 -0.0041565 0.0475000
v -0.0319599 -0.0042313 0.0475000
v -0.0318388 -0.0043277 0.0475000
v -0.0317342 -0.0044551 0.0475000
v -0.0316471 -0.0046222 0.0475000
v -0.0316005 -0.0048371 0.0475000
v -0.0316197 -0.0050971 0.0475000
v -0.0317327 -0.0053458 0.0475000
v -0.0319025 -0.0055310 0.0475000
v -0.0321305 -0.0056564 0.0475000
v -0.0323685 -0.0057019 0.0475000
v -0.0325507 -0.0056862 0.0475000
v -0.0327569 -0.0056214 0.0475000
v -0.0329612 -0.0054723 0.0475000
v -0.0330658 -0.0053449 0.0475000
v -0.0331529 -0.0051778 0.0475000
v -0.0331985 -0.0049708 0.0475000
v -0.0331957 -0.0048114 0.0475000
v -0.0331647 -0.0046598 0.0475000
v -0.0330567 -0.0044346 0.0475000
v -0.0328714 -0.0042512 0.0475000
v -0.0326995 -0.0041565 0.0475000
v -0.0325507 -0.0041138 0.0475000
v -0.0289629 0.0091988 0.0475000
v -0.0287432 0.0091881 0.0475000
v -0.0285079 0.0091002 0.0475000
v -0.0283388 0.0089723 0.0475000
v -0.0282038 0.0088001 0.0475000
v -0.0281202 0.0085872 0.0475000
v -0.0280983 0.0083369 0.0475000
v -0.0281487 0.0081228 0.0475000
v -0.0282494 0.0079273 0.0475000
v -0.0284286 0.0077512 0.0475000
v -0.0286603 0.0076317 0.0475000
v -0.0289631 0.0075983 0.0475000
v -0.0292569 0.0076786 0.0475000
v -0.0294612 0.0078277 0.0475000
v -0.0295658 0.0079551 0.0475000
v -0.0296435 0.0081005 0.0475000
v -0.0296970 0.0083057 0.0475000
v -0.0296921 0.0085255 0.0475000
v -0.0296402 0.0087066 0.0475000
v -0.0295531 0.0088648 0.0475000
v -0.0293807 0.0090455 0.0475000
v -0.0291478 0.0091627 0.0475000
v -0.0049685 -0.0075981 0.0475000
v -0.0047826 -0.0076293 0.0475000
v -0.0046079 -0.0076998 0.0475000
v -0.0044388 -0.0078276 0.0475000
v -0.0043342 -0.0079551 0.0475000
v -0.0042471 -0.0081222 0.0475000
v -0.0041952 -0.0083905 0.0475000
v -0.0042293 -0.0086174 0.0475000
v -0.0042998 -0.0087921 0.0475000
v -0.0044084 -0.0089393 0.0475000
v -0.0045286 -0.0090488 0.0475000
v -0.0046699 -0.0091293 0.0475000
v -0.0048434 -0.0091871 0.0475000
v -0.0050855 -0.0091984 0.0475000
v -0.0053569 -0.0091214 0.0475000
v -0.0055612 -0.0089723 0.0475000
v -0.0056658 -0.0088449 0.0475000
v -0.0057435 -0.0086995 0.0475000
v -0.0057970 -0.0084943 0.0475000
v -0.0057921 -0.0082745 0.0475000
v -0.0057402 -0.0080934 0.0475000
v -0.0056361 -0.0079099 0.0475000
v -0.0054714 -0.0077512 0.0475000
v -0.0052995 -0.0076565 0.0475000
v -0.0051507 -0.0076138 0.0475000
v -0.0050629 0.0091988 0.0475000
v -0.0048432 0.0091881 0.0475000
v -0.0046079 0.0091002 0.0475000
v -0.0044388 0.0089723 0.0475000
v -0.0043342 0.0088449 0.0475000
v -0.0042471 0.0086778 0.0475000
v -0.0041952 0.0084095 0.0475000
v -0.0042528 0.0081008 0.0475000
v -0.0044242 0.0078376 0.0475000
v -0.0046359 0.0076854 0.0475000
v -0.0048742 0.0076057 0.0475000
v -0.0051568 0.0076119 0.0475000
v -0.0053921 0.0076998 0.0475000
v -0.0055612 0.0078276 0.0475000
v -0.0056658 0.0079551 0.0475000
v -0.0057529 0.0081222 0.0475000
v -0.0057984 0.0083292 0.0475000
v -0.0057921 0.0085255 0.0475000
v -0.0057166 0.0087651 0.0475000
v -0.0055723 0.0089612 0.0475000
v -0.0054449 0.0090658 0.0475000
v -0.0052695 0.0091564 0.0475000
v -0.0318432 0.0087881 0.0475000
v -0.0316079 0.0087002 0.0475000
v -0.0314388 0.0085724 0.0475000
v -0.0313342 0.0084449 0.0475000
v -0.0312471 0.0082778 0.0475000
v -0.0311952 0.0080095 0.0475000
v -0.0312528 0.0077008 0.0475000
v -0.0314043 0.0074615 0.0475000
v -0.0316074 0.0072989 0.0475000
v -0.0318206 0.0072188 0.0475000
v -0.0320631 0.0071983 0.0475000
v -0.0322994 0.0072565 0.0475000
v -0.0325154 0.0073819 0.0475000
v -0.0326658 0.0075551 0.0475000
v -0.0327436 0.0077006 0.0475000
v -0.0327970 0.0079057 0.0475000
v -0.0327921 0.0081255 0.0475000
v -0.0327166 0.0083651 0.0475000
v -0.0325723 0.0085612 0.0475000
v -0.0324449 0.0086658 0.0475000
v -0.0322695 0.0087564 0.0475000
v -0.0320629 0.0087988 0.0475000
v -0.0320629 -0.0072012 0.0475000
v -0.0318432 -0.0072119 0.0475000
v -0.0316079 -0.0072998 0.0475000
v -0.0314388 -0.0074277 0.0475000
v -0.0313038 -0.0075998 0.0475000
v -0.0312202 -0.0078128 0.0475000
v -0.0311981 -0.0080315 0.0475000
v -0.0312528 -0.0082992 0.0475000
v -0.0314043 -0.0085385 0.0475000
v -0.0315745 -0.0086793 0.0475000
v -0.0317522 -0.0087627 0.0475000
v -0.0319685 -0.0088019 0.0475000
v -0.0322397 -0.0087683 0.0475000
v -0.0325154 -0.0086181 0.0475000
v -0.0326658 -0.0084449 0.0475000
v -0.0327529 -0.0082778 0.0475000
v -0.0327985 -0.0080708 0.0475000
v -0.0327957 -0.0079114 0.0475000
v -0.0327647 -0.0077598 0.0475000
v -0.0326726 -0.0075613 0.0475000
v -0.0324807 -0.0073545 0.0475000
v -0.0322478 -0.0072373 0.0475000
v -0.0094567 0.0011026 0.0475000
v -0.0091294 0.0010401 0.0475000
v -0.0088160 0.0008677 0.0475000
v -0.0085825 0.0006131 0.0475000
v -0.0084552 0.0003509 0.0475000
v -0.0084078 0.0001370 0.0475000
v -0.0084004 -0.0000757 0.0475000
v -0.0084385 -0.0002914 0.0475000
v -0.0085175 -0.0005006 0.0475000
v -0.0086690 -0.0007240 0.0475000
v -0.0088610 -0.0008980 0.0475000
v -0.0090784 -0.0010178 0.0475000
v -0.0093275 -0.0010891 0.0475000
v -0.0095864 -0.0010983 0.0475000
v -0.0098706 -0.0010401 0.0475000
v -0.0101390 -0.0008980 0.0475000
v -0.0103310 -0.0007240 0.0475000
v -0.0104771 -0.0005100 0.0475000
v -0.0105722 -0.0002574 0.0475000
v -0.0106026 0.0000433 0.0475000
v -0.0105366 0.0003824 0.0475000
v -0.0103913 0.0006476 0.0475000
v -0.0102528 0.0008031 0.0475000
v -0.0100851 0.0009340 0.0475000
v -0.0097999 0.0010634 0.0475000
v -0.0132500 0.0063000 0.0475000
v -0.0132500 0.0095500 0.0475000
v -0.0132500 0.0063000 0.0523000
v -0.0132500 0.0095500 0.0480500
v -0.0132500 0.0100000 0.0480500
v -0.0132500 0.0100000 0.0523000
v -0.0135500 0.0060000 0.0523000
v -0.0135500 0.0060000 0.0475000
v -0.0132500 0.0063000 0.0475000
v -0.0132500 0.0063000 0.0523000
v -0.0237500 0.0063000 0.0523000
v -0.0237500 0.0100000 0.0523000
v -0.0234500 0.0060000 0.0523000
v -0.0135500 0.0060000 0.0523000
v -0.0132500 0.0063000 0.0523000
v -0.0132500 0.0100000 0.0523000
v -0.0010000 0.0100000 0.0619500
v -0.0330000 0.0100000 0.0619500
v -0.0330000 0.0100000 0.0480500
v -0.0237500 0.0100000 0.0480500
v -0.0237500 0.0100000 0.0523000
v -0.0132500 0.0100000 0.0480500
v -0.0132500 0.0100000 0.0523000
v -0.0010000 0.0100000 0.0480500
v -0.0132500 0.0095500 0.0480500
v -0.0132500 0.0100000 0.0480500
v -0.0010000 0.0100000 0.0480500
v 0.0000000 0.0090000 0.0480500
v -0.0000000 -0.0090000 0.0480500
v -0.0010000 -0.0100000 0.0480500
v -0.0132500 -0.0100000 0.0480500
v -0.0132500 -0.0095500 0.0480500
v -0.0011864 -0.0095500 0.0480500
v -0.0004500 -0.0088136 0.0480500
v -0.0004500 0.0088136 0.0480500
v -0.0011864 0.0095500 0.0480500
v -0.0132500 0.0095500 0.0475000
v -0.0011864 0.0095500 0.0475000
v -0.0132500 0.0095500 0.0480500
v -0.0011864 0.0095500 0.0480500
v -0.0004500 0.0088136 0.0475000
v -0.0011864 0.0095500 0.0475000
v -0.0004500 0.0088136 0.0480500
v -0.0011864 0.0095500 0.0480500
v -0.0004500 -0.0088136 0.0475000
v -0.0004500 0.0088136 0.0475000
v -0.0004500 -0.0088136 0.0480500
v -0.0004500 0.0088136 0.0480500
v -0.0011864 -0.0095500 0.0475000
v -0.0004500 -0.0088136 0.0475000
v -0.0011864 -0.0095500 0.0480500
v -0.0004500 -0.0088136 0.0480500
v -0.0132500 -0.0095500 0.0475000
v -0.0011864 -0.0095500 0.0475000
v -0.0132500 -0.0095500 0.0480500
v -0.0011864 -0.0095500 0.0480500
v -0.0132500 -0.0063000 0.0475000
v -0.0132500 -0.0095500 0.0475000
v -0.0132500 -0.0100000 0.0480500
v -0.0132500 -0.0095500 0.0480500
v -0.0132500 -0.0063000 0.0523000
v -0.0132500 -0.0100000 0.0523000
v -0.0135500 -0.0060000 0.0475000
v -0.0132500 -0.0063000 0.0475000
v -0.0132500 -0.0063000 0.0523000
v -0.0135500 -0.0060000 0.0523000
v -0.0132500 -0.0063000 0.0523000
v -0.0132500 -0.0100000 0.0523000
v -0.0135500 -0.0060000 0.0523000
v -0.0234500 -0.0060000 0.0523000
v -0.0237500 -0.0100000 0.0523000
v -0.0237500 -0.0063000 0.0523000
v -0.0237500 -0.0063000 0.0475000
v -0.0234500 -0.0060000 0.0475000
v -0.0234500 -0.0060000 0.0523000
v -0.0237500 -0.0063000 0.0523000
v -0.0234500 -0.0060000 0.0475000
v -0.0135500 -0.0060000 0.0475000
v -0.0135500 -0.0060000 0.0523000
v -0.0234500 -0.0060000 0.0523000
v -0.0237500 -0.0095500 0.0480500
v -0.0237500 -0.0100000 0.0480500
v -0.0237500 -0.0095500 0.0475000
v -0.0237500 -0.0063000 0.0475000
v -0.0237500 -0.0100000 0.0523000
v -0.0237500 -0.0063000 0.0523000
v -0.0328136 -0.0095500 0.0480500
v -0.0237500 -0.0095500 0.0480500
v -0.0328136 -0.0095500 0.0475000
v -0.0237500 -0.0095500 0.0475000
v -0.0335500 -0.0088136 0.0480500
v -0.0328136 -0.0095500 0.0480500
v -0.0335500 -0.0088136 0.0475000
v -0.0328136 -0.0095500 0.0475000
v -0.0335500 0.0088136 0.0480500
v -0.0335500 -0.0088136 0.0480500
v -0.0335500 0.0088136 0.0475000
v -0.0335500 -0.0088136 0.0475000
v -0.0328136 0.0095500 0.0480500
v -0.0335500 0.0088136 0.0480500
v -0.0328136 0.0095500 0.0475000
v -0.0335500 0.0088136 0.0475000
v -0.0328136 0.0095500 0.0480500
v -0.0237500 0.0095500 0.0480500
v -0.0237500 0.0095500 0.0475000
v -0.0328136 0.0095500 0.0475000
v -0.0330000 -0.0100000 0.0619500
v -0.0010000 -0.0100000 0.0619500
v -0.0237500 -0.0100000 0.0480500
v -0.0330000 -0.0100000 0.0480500
v -0.0010000 -0.0100000 0.0480500
v -0.0132500 -0.0100000 0.0480500
v -0.0132500 -0.0100000 0.0523000
v -0.0237500 -0.0100000 0.0523000
v -0.0330000 -0.0100000 0.0619500
v -0.0340000 -0.0090000 0.0619500
v -0.0340000 -0.0090000 0.0480500
v -0.0330000 -0.0100000 0.0480500
v -0.0010000 -0.0100000 0.0619500
v -0.0000000 -0.0090000 0.0619500
v -0.0000000 -0.0090000 0.0480500
v -0.0010000 -0.0100000 0.0480500
v -0.0000000 -0.0090000 0.0619500
v 0.0000000 0.0090000 0.0619500
v 0.0000000 0.0090000 0.0480500
v -0.0000000 -0.0090000 0.0480500
v 0.0000000 0.0090000 0.0619500
v -0.0010000 0.0100000 0.0619500
v -0.0010000 0.0100000 0.0480500
v 0.0000000 0.0090000 0.0480500
v -0.0330000 0.0100000 0.0619500
v -0.0340000 0.0090000 0.0619500
v -0.0340000 0.0090000 0.0480500
v -0.0330000 0.0100000 0.0480500
v -0.0021255 -0.0072079 0.0625000
v -0.0023140 -0.0072625 0.0625000
v -0.0024968 -0.0073698 0.0625000
v -0.0026438 -0.0075225 0.0625000
v -0.0027625 -0.0077423 0.0625000
v -0.0028027 -0.0080226 0.0625000
v -0.0027647 -0.0082402 0.0625000
v -0.0026875 -0.0084121 0.0625000
v -0.0025880 -0.0085436 0.0625000
v -0.0024459 -0.0086673 0.0625000
v -0.0022552 -0.0087599 0.0625000
v -0.0020315 -0.0088029 0.0625000
v -0.0017822 -0.0087724 0.0625000
v -0.0015879 -0.0086875 0.0625000
v -0.0013942 -0.0085299 0.0625000
v -0.0012625 -0.0083140 0.0625000
v -0.0012037 -0.0081033 0.0625000
v -0.0012152 -0.0078214 0.0625000
v -0.0013125 -0.0075879 0.0625000
v -0.0014546 -0.0074099 0.0625000
v -0.0016431 -0.0072822 0.0625000
v -0.0018742 -0.0072057 0.0625000
v -0.0017603 -0.0072317 0.0475000
v -0.0014846 -0.0073819 0.0475000
v -0.0013342 -0.0075551 0.0475000
v -0.0012471 -0.0077222 0.0475000
v -0.0012005 -0.0079371 0.0475000
v -0.0012197 -0.0081971 0.0475000
v -0.0013168 -0.0084186 0.0475000
v -0.0014484 -0.0085836 0.0475000
v -0.0016359 -0.0087146 0.0475000
v -0.0018742 -0.0087943 0.0475000
v -0.0021568 -0.0087881 0.0475000
v -0.0023921 -0.0087002 0.0475000
v -0.0025612 -0.0085723 0.0475000
v -0.0026658 -0.0084449 0.0475000
v -0.0027529 -0.0082778 0.0475000
v -0.0027985 -0.0080707 0.0475000
v -0.0027921 -0.0078745 0.0475000
v -0.0027402 -0.0076934 0.0475000
v -0.0026361 -0.0075099 0.0475000
v -0.0024714 -0.0073512 0.0475000
v -0.0022995 -0.0072565 0.0475000
v -0.0020631 -0.0071983 0.0475000
v -0.0020945 0.0087980 0.0625000
v -0.0023140 0.0087375 0.0625000
v -0.0024968 0.0086302 0.0625000
v -0.0026627 0.0084535 0.0625000
v -0.0027704 0.0082266 0.0625000
v -0.0028020 0.0080000 0.0625000
v -0.0027724 0.0077822 0.0625000
v -0.0026875 0.0075879 0.0625000
v -0.0025516 0.0074164 0.0625000
v -0.0023641 0.0072854 0.0625000
v -0.0021258 0.0072057 0.0625000
v -0.0018745 0.0072079 0.0625000
v -0.0016860 0.0072625 0.0625000
v -0.0015032 0.0073698 0.0625000
v -0.0013319 0.0075536 0.0625000
v -0.0012276 0.0077822 0.0625000
v -0.0011969 0.0080537 0.0625000
v -0.0012591 0.0083069 0.0625000
v -0.0013885 0.0085223 0.0625000
v -0.0015745 0.0086793 0.0625000
v -0.0018029 0.0087803 0.0625000
v -0.0018432 0.0087881 0.0475000
v -0.0016079 0.0087002 0.0475000
v -0.0014388 0.0085724 0.0475000
v -0.0013342 0.0084449 0.0475000
v -0.0012471 0.0082778 0.0475000
v -0.0012005 0.0080629 0.0475000
v -0.0012197 0.0078029 0.0475000
v -0.0013327 0.0075541 0.0475000
v -0.0015025 0.0073690 0.0475000
v -0.0017005 0.0072565 0.0475000
v -0.0019369 0.0071983 0.0475000
v -0.0022397 0.0072317 0.0475000
v -0.0025154 0.0073819 0.0475000
v -0.0026658 0.0075551 0.0475000
v -0.0027529 0.0077222 0.0475000
v -0.0027984 0.0079293 0.0475000
v -0.0027848 0.0081786 0.0475000
v -0.0026875 0.0084121 0.0475000
v -0.0025516 0.0085836 0.0475000
v -0.0023641 0.0087146 0.0475000
v -0.0021258 0.0087943 0.0475000
v -0.0325255 -0.0041079 0.0625000
v -0.0327140 -0.0041625 0.0625000
v -0.0328710 -0.0042518 0.0625000
v -0.0330044 -0.0043735 0.0625000
v -0.0331298 -0.0045636 0.0625000
v -0.0331970 -0.0048057 0.0625000
v -0.0331921 -0.0050254 0.0625000
v -0.0331166 -0.0052651 0.0625000
v -0.0329516 -0.0054835 0.0625000
v -0.0327641 -0.0056146 0.0625000
v -0.0325870 -0.0056791 0.0625000
v -0.0324000 -0.0057020 0.0625000
v -0.0322384 -0.0056841 0.0625000
v -0.0320860 -0.0056375 0.0625000
v -0.0319032 -0.0055302 0.0625000
v -0.0317747 -0.0053999 0.0625000
v -0.0316746 -0.0052443 0.0625000
v -0.0316079 -0.0050254 0.0625000
v -0.0316030 -0.0048057 0.0625000
v -0.0316470 -0.0046282 0.0625000
v -0.0317125 -0.0044879 0.0625000
v -0.0318546 -0.0043099 0.0625000
v -0.0320431 -0.0041822 0.0625000
v -0.0322742 -0.0041057 0.0625000
v -0.0323369 -0.0040983 0.0475000
v -0.0321006 -0.0041565 0.0475000
v -0.0319599 -0.0042313 0.0475000
v -0.0318388 -0.0043277 0.0475000
v -0.0317342 -0.0044551 0.0475000
v -0.0316471 -0.0046222 0.0475000
v -0.0316005 -0.0048371 0.0475000
v -0.0316197 -0.0050971 0.0475000
v -0.0317327 -0.0053458 0.0475000
v -0.0319025 -0.0055310 0.0475000
v -0.0321305 -0.0056564 0.0475000
v -0.0323685 -0.0057019 0.0475000
v -0.0325507 -0.0056862 0.0475000
v -0.0327569 -0.0056214 0.0475000
v -0.0329612 -0.0054723 0.0475000
v -0.0330658 -0.0053449 0.0475000
v -0.0331529 -0.0051778 0.0475000
v -0.0331985 -0.0049708 0.0475000
v -0.0331957 -0.0048114 0.0475000
v -0.0331647 -0.0046598 0.0475000
v -0.0330567 -0.0044346 0.0475000
v -0.0328714 -0.0042512 0.0475000
v -0.0326995 -0.0041565 0.0475000
v -0.0325507 -0.0041138 0.0475000
v -0.0289314 0.0092002 0.0625000
v -0.0291178 0.0091724 0.0625000
v -0.0293654 0.0090567 0.0625000
v -0.0295438 0.0088775 0.0625000
v -0.0296625 0.0086577 0.0625000
v -0.0296997 0.0084370 0.0625000
v -0.0296921 0.0082745 0.0625000
v -0.0296375 0.0080860 0.0625000
v -0.0295250 0.0078959 0.0625000
v -0.0293124 0.0077088 0.0625000
v -0.0290870 0.0076209 0.0625000
v -0.0289000 0.0075980 0.0625000
v -0.0286423 0.0076375 0.0625000
v -0.0284291 0.0077518 0.0625000
v -0.0282750 0.0078959 0.0625000
v -0.0281625 0.0080860 0.0625000
v -0.0281037 0.0082967 0.0625000
v -0.0281071 0.0085176 0.0625000
v -0.0281591 0.0087069 0.0625000
v -0.0282518 0.0088709 0.0625000
v -0.0283792 0.0090098 0.0625000
v -0.0285431 0.0091178 0.0625000
v -0.0287434 0.0091871 0.0625000
v -0.0289629 0.0091988 0.0475000
v -0.0287432 0.0091881 0.0475000
v -0.0285079 0.0091002 0.0475000
v -0.0283388 0.0089723 0.0475000
v -0.0282038 0.0088001 0.0475000
v -0.0281202 0.0085872 0.0475000
v -0.0280983 0.0083369 0.0475000
v -0.0281487 0.0081228 0.0475000
v -0.0282494 0.0079273 0.0475000
v -0.0284286 0.0077512 0.0475000
v -0.0286603 0.0076317 0.0475000
v -0.0289631 0.0075983 0.0475000
v -0.0292569 0.0076786 0.0475000
v -0.0294612 0.0078277 0.0475000
v -0.0295658 0.0079551 0.0475000
v -0.0296435 0.0081005 0.0475000
v -0.0296970 0.0083057 0.0475000
v -0.0296921 0.0085255 0.0475000
v -0.0296402 0.0087066 0.0475000
v -0.0295531 0.0088648 0.0475000
v -0.0293807 0.0090455 0.0475000
v -0.0291478 0.0091627 0.0475000
v -0.0050944 -0.0076020 0.0625000
v -0.0053140 -0.0076625 0.0625000
v -0.0055223 -0.0077885 0.0625000
v -0.0056793 -0.0079745 0.0625000
v -0.0057704 -0.0081734 0.0625000
v -0.0058020 -0.0084000 0.0625000
v -0.0057724 -0.0086178 0.0625000
v -0.0056875 -0.0088121 0.0625000
v -0.0055880 -0.0089436 0.0625000
v -0.0054459 -0.0090673 0.0625000
v -0.0052552 -0.0091599 0.0625000
v -0.0050315 -0.0092029 0.0625000
v -0.0048384 -0.0091841 0.0625000
v -0.0046349 -0.0091166 0.0625000
v -0.0044388 -0.0089723 0.0625000
v -0.0042989 -0.0087926 0.0625000
v -0.0042107 -0.0085479 0.0625000
v -0.0042003 -0.0083630 0.0625000
v -0.0042276 -0.0081822 0.0625000
v -0.0043125 -0.0079879 0.0625000
v -0.0044546 -0.0078099 0.0625000
v -0.0046431 -0.0076822 0.0625000
v -0.0048434 -0.0076129 0.0625000
v -0.0049685 -0.0075981 0.0475000
v -0.0047826 -0.0076293 0.0475000
v -0.0046079 -0.0076998 0.0475000
v -0.0044388 -0.0078276 0.0475000
v -0.0043342 -0.0079551 0.0475000
v -0.0042471 -0.0081222 0.0475000
v -0.0041952 -0.0083905 0.0475000
v -0.0042293 -0.0086174 0.0475000
v -0.0042998 -0.0087921 0.0475000
v -0.0044084 -0.0089393 0.0475000
v -0.0045286 -0.0090488 0.0475000
v -0.0046699 -0.0091293 0.0475000
v -0.0048434 -0.0091871 0.0475000
v -0.0050855 -0.0091984 0.0475000
v -0.0053569 -0.0091214 0.0475000
v -0.0055612 -0.0089723 0.0475000
v -0.0056658 -0.0088449 0.0475000
v -0.0057435 -0.0086995 0.0475000
v -0.0057970 -0.0084943 0.0475000
v -0.0057921 -0.0082745 0.0475000
v -0.0057402 -0.0080934 0.0475000
v -0.0056361 -0.0079099 0.0475000
v -0.0054714 -0.0077512 0.0475000
v -0.0052995 -0.0076565 0.0475000
v -0.0051507 -0.0076138 0.0475000
v -0.0049685 0.0092029 0.0625000
v -0.0052178 0.0091724 0.0625000
v -0.0054121 0.0090875 0.0625000
v -0.0055612 0.0089723 0.0625000
v -0.0056962 0.0088001 0.0625000
v -0.0057775 0.0085948 0.0625000
v -0.0058027 0.0083774 0.0625000
v -0.0057647 0.0081598 0.0625000
v -0.0056875 0.0079879 0.0625000
v -0.0055880 0.0078564 0.0625000
v -0.0054459 0.0077327 0.0625000
v -0.0052552 0.0076401 0.0625000
v -0.0050315 0.0075971 0.0625000
v -0.0047822 0.0076276 0.0625000
v -0.0045879 0.0077125 0.0625000
v -0.0044164 0.0078484 0.0625000
v -0.0042854 0.0080359 0.0625000
v -0.0042057 0.0082742 0.0625000
v -0.0042071 0.0085176 0.0625000
v -0.0042591 0.0087069 0.0625000
v -0.0043885 0.0089223 0.0625000
v -0.0045745 0.0090793 0.0625000
v -0.0047448 0.0091599 0.0625000
v -0.0050629 0.0091988 0.0475000
v -0.0048432 0.0091881 0.0475000
v -0.0046079 0.0091002 0.0475000
v -0.0044388 0.0089723 0.0475000
v -0.0043342 0.0088449 0.0475000
v -0.0042471 0.0086778 0.0475000
v -0.0041952 0.0084095 0.0475000
v -0.0042528 0.0081008 0.0475000
v -0.0044242 0.0078376 0.0475000
v -0.0046359 0.0076854 0.0475000
v -0.0048742 0.0076057 0.0475000
v -0.0051568 0.0076119 0.0475000
v -0.0053921 0.0076998 0.0475000
v -0.0055612 0.0078276 0.0475000
v -0.0056658 0.0079551 0.0475000
v -0.0057529 0.0081222 0.0475000
v -0.0057984 0.0083292 0.0475000
v -0.0057921 0.0085255 0.0475000
v -0.0057166 0.0087651 0.0475000
v -0.0055723 0.0089612 0.0475000
v -0.0054449 0.0090658 0.0475000
v -0.0052695 0.0091564 0.0475000
v -0.0319685 0.0088029 0.0625000
v -0.0322577 0.0087625 0.0625000
v -0.0324968 0.0086302 0.0625000
v -0.0326627 0.0084535 0.0625000
v -0.0327704 0.0082266 0.0625000
v -0.0328020 0.0080000 0.0625000
v -0.0327724 0.0077822 0.0625000
v -0.0326875 0.0075879 0.0625000
v -0.0325516 0.0074164 0.0625000
v -0.0323641 0.0072854 0.0625000
v -0.0321871 0.0072209 0.0625000
v -0.0320000 0.0071980 0.0625000
v -0.0317423 0.0072375 0.0625000
v -0.0315032 0.0073698 0.0625000
v -0.0313748 0.0075000 0.0625000
v -0.0312854 0.0076359 0.0625000
v -0.0312057 0.0078742 0.0625000
v -0.0312071 0.0081176 0.0625000
v -0.0312591 0.0083069 0.0625000
v -0.0313885 0.0085223 0.0625000
v -0.0315745 0.0086793 0.0625000
v -0.0317448 0.0087599 0.0625000
v -0.0318432 0.0087881 0.0475000
v -0.0316079 0.0087002 0.0475000
v -0.0314388 0.0085724 0.0475000
v -0.0313342 0.0084449 0.0475000
v -0.0312471 0.0082778 0.0475000
v -0.0311952 0.0080095 0.0475000
v -0.0312528 0.0077008 0.0475000
v -0.0314043 0.0074615 0.0475000
v -0.0316074 0.0072989 0.0475000
v -0.0318206 0.0072188 0.0475000
v -0.0320631 0.0071983 0.0475000
v -0.0322994 0.0072565 0.0475000
v -0.0325154 0.0073819 0.0475000
v -0.0326658 0.0075551 0.0475000
v -0.0327436 0.0077006 0.0475000
v -0.0327970 0.0079057 0.0475000
v -0.0327921 0.0081255 0.0475000
v -0.0327166 0.0083651 0.0475000
v -0.0325723 0.0085612 0.0475000
v -0.0324449 0.0086658 0.0475000
v -0.0322695 0.0087564 0.0475000
v -0.0320629 0.0087988 0.0475000
v -0.0320314 -0.0071998 0.0625000
v -0.0322178 -0.0072276 0.0625000
v -0.0324654 -0.0073433 0.0625000
v -0.0326627 -0.0075465 0.0625000
v -0.0327513 -0.0077228 0.0625000
v -0.0327970 -0.0079057 0.0625000
v -0.0327921 -0.0081254 0.0625000
v -0.0327375 -0.0083140 0.0625000
v -0.0326250 -0.0085041 0.0625000
v -0.0324459 -0.0086673 0.0625000
v -0.0322552 -0.0087599 0.0625000
v -0.0320315 -0.0088029 0.0625000
v -0.0317423 -0.0087625 0.0625000
v -0.0315032 -0.0086302 0.0625000
v -0.0313562 -0.0084775 0.0625000
v -0.0312498 -0.0082863 0.0625000
v -0.0312048 -0.0080941 0.0625000
v -0.0312031 -0.0079057 0.0625000
v -0.0312591 -0.0076931 0.0625000
v -0.0313518 -0.0075291 0.0625000
v -0.0314792 -0.0073902 0.0625000
v -0.0316431 -0.0072822 0.0625000
v -0.0318434 -0.0072129 0.0625000
v -0.0320629 -0.0072012 0.0475000
v -0.0318432 -0.0072119 0.0475000
v -0.0316079 -0.0072998 0.0475000
v -0.0314388 -0.0074277 0.0475000
v -0.0313038 -0.0075998 0.0475000
v -0.0312202 -0.0078128 0.0475000
v -0.0311981 -0.0080315 0.0475000
v -0.0312528 -0.0082992 0.0475000
v -0.0314043 -0.0085385 0.0475000
v -0.0315745 -0.0086793 0.0475000
v -0.0317522 -0.0087627 0.0475000
v -0.0319685 -0.0088019 0.0475000
v -0.0322397 -0.0087683 0.0475000
v -0.0325154 -0.0086181 0.0475000
v -0.0326658 -0.0084449 0.0475000
v -0.0327529 -0.0082778 0.0475000
v -0.0327985 -0.0080708 0.0475000
v -0.0327957 -0.0079114 0.0475000
v -0.0327647 -0.0077598 0.0475000
v -0.0326726 -0.0075613 0.0475000
v -0.0324807 -0.0073545 0.0475000
v -0.0322478 -0.0072373 0.0475000
v -0.0094567 0.0011026 0.0475000
v -0.0091294 0.0010401 0.0475000
v -0.0088160 0.0008677 0.0475000
v -0.0085825 0.0006131 0.0475000
v -0.0084552 0.0003509 0.0475000
v -0.0084078 0.0001370 0.0475000
v -0.0084004 -0.0000757 0.0475000
v -0.0084385 -0.0002914 0.0475000
v -0.0085175 -0.0005006 0.0475000
v -0.0086690 -0.0007240 0.0475000
v -0.0088610 -0.0008980 0.0475000
v -0.0090784 -0.0010178 0.0475000
v -0.0093275 -0.0010891 0.0475000
v -0.0095864 -0.0010983 0.0475000
v -0.0098706 -0.0010401 0.0475000
v -0.0101390 -0.0008980 0.0475000
v -0.0103310 -0.0007240 0.0475000
v -0.0104771 -0.0005100 0.0475000
v -0.0105722 -0.0002574 0.0475000
v -0.0106026 0.0000433 0.0475000
v -0.0105366 0.0003824 0.0475000
v -0.0103913 0.0006476 0.0475000
v -0.0102528 0.0008031 0.0475000
v -0.0100851 0.0009340 0.0475000
v -0.0097999 0.0010634 0.0475000
v -0.0094491 0.0010996 0.0482000
v -0.0095432 -0.0011002 0.0482000
v -0.0093277 -0.0010881 0.0482000
v -0.0090780 -0.0010188 0.0482000
v -0.0088434 -0.0008853 0.0482000
v -0.0086549 -0.0007075 0.0482000
v -0.0084979 -0.0004620 0.0482000
v -0.0084219 -0.0002222 0.0482000
v -0.0083979 -0.0000108 0.0482000
v -0.0084201 0.0002148 0.0482000
v -0.0084979 0.0004620 0.0482000
v -0.0086353 0.0006817 0.0482000
v -0.0088169 0.0008666 0.0482000
v -0.0090322 0.0009964 0.0482000
v -0.0092322 0.0010691 0.0482000
v -0.0096617 0.0010902 0.0482000
v -0.0099626 0.0010034 0.0482000
v -0.0102155 0.0008377 0.0482000
v -0.0103921 0.0006482 0.0482000
v -0.0105178 0.0004216 0.0482000
v -0.0105781 0.0002223 0.0482000
v -0.0106027 0.0000000 0.0482000
v -0.0105620 -0.0002995 0.0482000
v -0.0104641 -0.0005312 0.0482000
v -0.0103451 -0.0007075 0.0482000
v -0.0101236 -0.0009112 0.0482000
v -0.0098115 -0.0010593 0.0482000
v -0.0094491 0.0010996 0.0482000
v -0.0095432 -0.0011002 0.0482000
v -0.0093277 -0.0010881 0.0482000
v -0.0090780 -0.0010188 0.0482000
v -0.0088434 -0.0008853 0.0482000
v -0.0086549 -0.0007075 0.0482000
v -0.0084979 -0.0004620 0.0482000
v -0.0084219 -0.0002222 0.0482000
v -0.0083979 -0.0000108 0.0482000
v -0.0084201 0.0002148 0.0482000
v -0.0084979 0.0004620 0.0482000
v -0.0086353 0.0006817 0.0482000
v -0.0088169 0.0008666 0.0482000
v -0.0090322 0.0009964 0.0482000
v -0.0092322 0.0010691 0.0482000
v -0.0096617 0.0010902 0.0482000
v -0.0099626 0.0010034 0.0482000
v -0.0102155 0.0008377 0.0482000
v -0.0103921 0.0006482 0.0482000
v -0.0105178 0.0004216 0.0482000
v -0.0105781 0.0002223 0.0482000
v -0.0106027 0.0000000 0.0482000
v -0.0105620 -0.0002995 0.0482000
v -0.0104641 -0.0005312 0.0482000
v -0.0103451 -0.0007075 0.0482000
v -0.0101236 -0.0009112 0.0482000
v -0.0098115 -0.0010593 0.0482000
v -0.0096156 0.0024991 0.0625000
v -0.0099880 0.0024531 0.0625000
v -0.0102725 0.0023776 0.0625000
v -0.0105631 0.0022646 0.0625000
v -0.0109717 0.0020256 0.0625000
v -0.0113253 0.0017109 0.0625000
v -0.0115225 0.0014695 0.0625000
v -0.0116822 0.0012221 0.0625000
v -0.0118478 0.0008661 0.0625000
v -0.0119531 0.0004880 0.0625000
v -0.0120005 0.0000982 0.0625000
v -0.0119838 -0.0002940 0.0625000
v -0.0119125 -0.0006623 0.0625000
v -0.0117792 -0.0010316 0.0625000
v -0.0115807 -0.0013903 0.0625000
v -0.0113367 -0.0016978 0.0625000
v -0.0110493 -0.0019652 0.0625000
v -0.0107221 -0.0021822 0.0625000
v -0.0103822 -0.0023411 0.0625000
v -0.0100836 -0.0024309 0.0625000
v -0.0097768 -0.0024864 0.0625000
v -0.0093844 -0.0024991 0.0625000
v -0.0090120 -0.0024531 0.0625000
v -0.0087275 -0.0023776 0.0625000
v -0.0084369 -0.0022646 0.0625000
v -0.0080283 -0.0020256 0.0625000
v -0.0077322 -0.0017678 0.0625000
v -0.0075246 -0.0015351 0.0625000
v -0.0072691 -0.0011367 0.0625000
v -0.0071224 -0.0007725 0.0625000
v -0.0070469 -0.0004879 0.0625000
v -0.0070009 -0.0001156 0.0625000
v -0.0070077 0.0001961 0.0625000
v -0.0070498 0.0005051 0.0625000
v -0.0071589 0.0008822 0.0625000
v -0.0073651 0.0013083 0.0625000
v -0.0075990 0.0016236 0.0625000
v -0.0078146 0.0018488 0.0625000
v -0.0081104 0.0020796 0.0625000
v -0.0083650 0.0022275 0.0625000
v -0.0086343 0.0023466 0.0625000
v -0.0089164 0.0024309 0.0625000
v -0.0092232 0.0024864 0.0625000
v -0.0093844 0.0024991 0.0660000
v -0.0090120 0.0024531 0.0660000
v -0.0087275 0.0023776 0.0660000
v -0.0084529 0.0022714 0.0660000
v -0.0081938 0.0021316 0.0660000
v -0.0079515 0.0019642 0.0660000
v -0.0077322 0.0017678 0.0660000
v -0.0075358 0.0015484 0.0660000
v -0.0073166 0.0012228 0.0660000
v -0.0071469 0.0008496 0.0660000
v -0.0070270 0.0003917 0.0660000
v -0.0070000 -0.0000000 0.0660000
v -0.0070162 -0.0002940 0.0660000
v -0.0070875 -0.0006623 0.0660000
v -0.0072274 -0.0010477 0.0660000
v -0.0074296 -0.0014043 0.0660000
v -0.0076633 -0.0016978 0.0660000
v -0.0078764 -0.0019010 0.0660000
v -0.0081246 -0.0020897 0.0660000
v -0.0085418 -0.0023132 0.0660000
v -0.0089164 -0.0024309 0.0660000
v -0.0092232 -0.0024864 0.0660000
v -0.0096156 -0.0024991 0.0660000
v -0.0099880 -0.0024531 0.0660000
v -0.0103496 -0.0023531 0.0660000
v -0.0107228 -0.0021834 0.0660000
v -0.0110485 -0.0019642 0.0660000
v -0.0113376 -0.0016987 0.0660000
v -0.0115796 -0.0013896 0.0660000
v -0.0117646 -0.0010631 0.0660000
v -0.0119031 -0.0006958 0.0660000
v -0.0119851 -0.0002941 0.0660000
v -0.0119992 0.0000982 0.0660000
v -0.0119544 0.0004882 0.0660000
v -0.0118466 0.0008657 0.0660000
v -0.0117275 0.0011350 0.0660000
v -0.0115796 0.0013896 0.0660000
v -0.0114010 0.0016236 0.0660000
v -0.0111854 0.0018488 0.0660000
v -0.0108754 0.0020897 0.0660000
v -0.0104582 0.0023132 0.0660000
v -0.0100836 0.0024309 0.0660000
v -0.0097768 0.0024864 0.0660000
v -0.0093844 0.0024991 0.0660000
v -0.0090120 0.0024531 0.0660000
v -0.0087275 0.0023776 0.0660000
v -0.0084529 0.0022714 0.0660000
v -0.0081938 0.0021316 0.0660000
v -0.0079515 0.0019642 0.0660000
v -0.0077322 0.0017678 0.0660000
v -0.0075358 0.0015484 0.0660000
v -0.0073166 0.0012228 0.0660000
v -0.0071469 0.0008496 0.0660000
v -0.0070270 0.0003917 0.0660000
v -0.0070000 -0.0000000 0.0660000
v -0.0070162 -0.0002940 0.0660000
v -0.0070875 -0.0006623 0.0660000
v -0.0072274 -0.0010477 0.0660000
v -0.0074296 -0.0014043 0.0660000
v -0.0076633 -0.0016978 0.0660000
v -0.0078764 -0.0019010 0.0660000
v -0.0081246 -0.0020897 0.0660000
v -0.0085418 -0.0023132 0.0660000
v -0.0089164 -0.0024309 0.0660000
v -0.0092232 -0.0024864 0.0660000
v -0.0096156 -0.0024991 0.0660000
v -0.0099880 -0.0024531 0.0660000
v -0.0103496 -0.0023531 0.0660000
v -0.0107228 -0.0021834 0.0660000
v -0.0110485 -0.0019642 0.0660000
v -0.0113376 -0.0016987 0.0660000
v -0.0115796 -0.0013896 0.0660000
v -0.0117646 -0.0010631 0.0660000
v -0.0119031 -0.0006958 0.0660000
v -0.0119851 -0.0002941 0.0660000
v -0.0119992 0.0000982 0.0660000
v -0.0119544 0.0004882 0.0660000
v -0.0118466 0.0008657 0.0660000
v -0.0117275 0.0011350 0.0660000
v -0.0115796 0.0013896 0.0660000
v -0.0114010 0.0016236 0.0660000
v -0.0111854 0.0018488 0.0660000
v -0.0108754 0.0020897 0.0660000
v -0.0104582 0.0023132 0.0660000
v -0.0100836 0.0024309 0.0660000
v -0.0097768 0.0024864 0.0660000
vn 0.000000 0.000000 1.000000
vn 0.000000 0.000000 1.000000
vn 0.000000 0.000000 1.000000
vn 0.000000 0.000000 1.000000
vn 0.000000 0.000000 1.000000
vn 0.000000 0.000000 1.000000
vn 0.000000 0.000000 1.000000
vn 0.000000 0.000000 1.000000
vn 0.000000 0.000000 1.000000
vn 0.000000 0.000000 1.000000
vn 0.000000 0.000000 1.000000
vn 0.000000 0.000000 1.000000
vn 0.000000 0.000000 1.000000
vn 0.000000 0.000000 1.000000
vn 0.000000 0.000000 1.000000
vn 0.000000 0.000000 1.000000
vn 0.000000 0.000000 1.000000
vn 0.000000 0.000000 1.000000
vn 0.000000 0.000000 1.000000
vn 0.000000 0.000000 1.000000
vn 0.000000 0.000000 1.000000
vn 0.000000 0.000000 1.000000
vn 0.000000 0.000000 1.000000
vn 0.000000 0.000000 1.000000
vn 0.000000 0.000000 1.000000
vn 0.000000 0.000000 1.000000
vn 0.000000 0.000000 1.000000
vn 0.000000 0.000000 1.000000
vn 0.000000 0.000000 1.000000
vn 0.000000 0.000000 1.000000
vn 0.000000 0.000000 1.000000
vn 0.000000 0.000000 1.000000
vn 0.000000 0.000000 1.000000
vn 0.000000 0.000000 1.000000
vn 0.000000 0.000000 1.000000
vn 0.000000 0.000000 1.000000
vn 0.000000 0.000000 1.000000
vn 0.000000 0.000000 1.000000
vn 0.000000 0.000000 1.000000
vn 0.000000 0.000000 1.000000
vn 0.000000 0.000000 1.000000
vn 0.000000 0.000000 1.000000
vn 0.000000 0.000000 1.000000
vn 0.000000 0.000000 1.000000
vn 0.000000 0.000000 1.000000
vn 0.000000 0.000000 1.000000
vn 0.000000 0.000000 1.000000
vn 0.000000 0.000000 1.000000
vn 0.000000 0.000000 1.000000
vn 0.000000 0.000000 1.000000
vn 0.000000 0.000000 1.000000
vn 0.000000 0.000000 1.000000
vn 0.000000 0.000000 1.000000
vn 0.000000 0.000000 1.000000
vn 0.000000 0.000000 1.000000
vn 0.000000 0.000000 1.000000
vn 0.000000 0.000000 1.000000
vn 0.000000 0.000000 1.000000
vn 0.000000 0.000000 1.000000
vn 0.000000 0.000000 1.000000
vn 0.000000 0.000000 1.000000
vn 0.000000 0.000000 1.000000
vn 0.000000 0.000000 1.000000
vn 0.000000 0.000000 1.000000
vn 0.000000 0.000000 1.000000
vn 0.000000 0.000000 1.000000
vn 0.000000 0.000000 1.000000
vn 0.000000 0.000000 1.000000
vn 0.000000 0.000000 1.000000
vn 0.000000 0.000000 1.000000
vn 0.000000 0.000000 1.000000
vn 0.000000 0.000000 1.000000
vn 0.000000 0.000000 1.000000
vn 0.000000 0.000000 1.000000
vn 0.000000 0.000000 1.000000
vn 0.000000 0.000000 1.000000
vn 0.000000 0.000000 1.000000
vn 0.000000 0.000000 1.000000
vn 0.000000 0.000000 1.000000
vn 0.000000 0.000000 1.000000
vn 0.000000 0.000000 1.000000
vn 0.000000 0.000000 1.000000
vn 0.000000 0.000000 1.000000
vn 0.000000 0.000000 1.000000
vn 0.000000 0.000000 1.000000
vn 0.000000 0.000000 1.000000
vn 0.000000 0.000000 1.000000
vn 0.000000 0.000000 1.000000
vn 0.000000 0.000000 1.000000
vn 0.000000 0.000000 1.000000
vn 0.000000 0.000000 1.000000
vn 0.000000 0.000000 1.000000
vn 0.000000 0.000000 1.000000
vn 0.000000 0.000000 1.000000
vn 0.000000 0.000000 1.000000
vn 0.000000 0.000000 1.000000
vn 0.000000 0.000000 1.000000
vn 0.000000 0.000000 1.000000
vn 0.000000 0.000000 1.000000
vn 0.000000 0.000000 1.000000
vn 0.000000 0.000000 1.000000
vn 0.000000 0.000000 1.000000
vn 0.000000 0.000000 1.000000
vn 0.000000 0.000000 1.000000
vn 0.000000 0.000000 1.000000
vn 0.000000 0.000000 1.000000
vn 0.000000 0.000000 1.000000
vn 0.000000 0.000000 1.000000
vn 0.000000 0.000000 1.000000
vn 0.000000 0.000000 1.000000
vn 0.000000 0.000000 1.000000
vn 0.000000 0.000000 1.000000
vn 0.000000 0.000000 1.000000
vn 0.000000 0.000000 1.000000
vn 0.000000 0.000000 1.000000
vn 0.000000 0.000000 1.000000
vn 0.000000 0.000000 1.000000
vn 0.000000 0.000000 1.000000
vn 0.000000 0.000000 1.000000
vn 0.000000 0.000000 1.000000
vn 0.000000 0.000000 1.000000
vn 0.000000 0.000000 1.000000
vn 0.000000 0.000000 1.000000
vn 0.000000 0.000000 1.000000
vn 0.000000 0.000000 1.000000
vn 0.000000 0.000000 1.000000
vn 0.000000 0.000000 1.000000
vn 0.000000 0.000000 1.000000
vn 0.000000 0.000000 1.000000
vn 0.000000 0.000000 1.000000
vn 0.000000 0.000000 1.000000
vn 0.000000 0.000000 1.000000
vn 0.000000 0.000000 1.000000
vn 0.000000 0.000000 1.000000
vn 0.000000 0.000000 1.000000
vn 0.000000 0.000000 1.000000
vn 0.000000 0.000000 1.000000
vn 0.000000 0.000000 1.000000
vn 0.000000 0.000000 1.000000
vn 0.000000 0.000000 1.000000
vn 0.000000 0.000000 1.000000
vn 0.000000 0.000000 1.000000
vn 0.000000 0.000000 1.000000
vn 0.000000 0.000000 1.000000
vn 0.000000 0.000000 1.000000
vn 0.000000 0.000000 1.000000
vn 0.000000 0.000000 1.000000
vn 0.000000 0.000000 1.000000
vn 0.000000 0.000000 1.000000
vn 0.000000 0.000000 1.000000
vn 0.000000 0.000000 1.000000
vn 0.000000 0.000000 1.000000
vn 0.000000 0.000000 1.000000
vn 0.000000 0.000000 1.000000
vn 0.000000 0.000000 1.000000
vn 0.000000 0.000000 1.000000
vn 0.000000 0.000000 1.000000
vn 0.000000 0.000000 1.000000
vn 0.000000 0.000000 1.000000
vn 0.000000 0.000000 1.000000
vn 0.000000 0.000000 1.000000
vn 0.000000 0.000000 1.000000
vn 0.000000 0.000000 1.000000
vn 0.000000 0.000000 1.000000
vn 0.000000 0.000000 1.000000
vn 0.000000 0.000000 1.000000
vn 0.000000 0.000000 1.000000
vn 0.000000 0.000000 1.000000
vn 0.000000 0.000000 1.000000
vn 0.000000 0.000000 1.000000
vn 0.000000 0.000000 1.000000
vn 0.000000 0.000000 1.000000
vn 0.000000 0.000000 1.000000
vn 0.000000 0.000000 1.000000
vn 0.000000 0.000000 1.000000
vn 0.000000 0.000000 1.000000
vn 0.000000 0.000000 1.000000
vn 0.000000 0.000000 1.000000
vn 0.000000 0.000000 1.000000
vn 0.000000 0.000000 1.000000
vn 0.000000 0.000000 1.000000
vn 0.000000 0.000000 1.000000
vn 0.000000 0.000000 1.000000
vn 0.000000 0.000000 1.000000
vn 0.000000 0.000000 1.000000
vn 0.000000 0.000000 1.000000
vn 0.000000 0.000000 1.000000
vn 0.000000 0.000000 1.000000
vn 0.000000 0.000000 1.000000
vn 0.000000 0.000000 1.000000
vn 0.000000 0.000000 1.000000
vn 0.000000 0.000000 1.000000
vn 0.000000 0.000000 1.000000
vn 0.000000 0.000000 1.000000
vn 0.000000 0.000000 1.000000
vn 0.000000 0.000000 1.000000
vn 0.000000 0.000000 1.000000
vn 0.000000 0.000000 1.000000
vn 0.000000 0.000000 1.000000
vn 0.000000 0.000000 1.000000
vn 0.000000 0.000000 1.000000
vn 0.000000 0.000000 1.000000
vn 0.000000 0.000000 1.000000
vn 0.000000 0.000000 1.000000
vn 0.000000 0.000000 1.000000
vn 0.000000 0.000000 1.000000
vn 0.000000 0.000000 1.000000
vn 0.000000 0.000000 1.000000
vn 0.000000 0.000000 1.000000
vn 0.000000 0.000000 1.000000
vn 0.000000 0.000000 1.000000
vn 0.000000 0.000000 1.000000
vn 0.000000 0.000000 1.000000
vn 0.000000 0.000000 1.000000
vn 0.000000 0.000000 1.000000
vn 0.000000 0.000000 1.000000
vn 0.000000 0.000000 1.000000
vn 0.000000 0.000000 1.000000
vn 0.000000 0.000000 1.000000
vn 0.000000 0.000000 1.000000
vn 0.000000 0.000000 1.000000
vn 0.000000 0.000000 1.000000
vn 0.000000 0.000000 1.000000
vn 0.000000 0.000000 1.000000
vn 0.000000 0.000000 1.000000
vn 0.000000 0.000000 1.000000
vn 0.000000 0.000000 1.000000
vn 0.000000 0.000000 1.000000
vn 0.000000 0.000000 1.000000
vn 0.000000 0.000000 1.000000
vn 0.000000 0.000000 1.000000
vn 0.000000 0.000000 1.000000
vn -0.000000 -1.000000 0.000000
vn -0.000000 -1.000000 0.000000
vn -0.000000 -1.000000 0.000000
vn -0.000000 -1.000000 0.000000
vn 0.707106 -0.707107 0.000000
vn 0.707106 -0.707107 0.000000
vn 0.707106 -0.707107 0.000000
vn 0.707106 -0.707107 0.000000
vn 1.000000 -0.000000 0.000000
vn 1.000000 -0.000000 0.000000
vn 1.000000 -0.000000 0.000000
vn 1.000000 -0.000000 0.000000
vn 0.707107 0.707107 0.000000
vn 0.707107 0.707107 0.000000
vn 0.707107 0.707107 0.000000
vn 0.707107 0.707107 0.000000
vn 0.000000 1.000000 0.000000
vn 0.000000 1.000000 0.000000
vn 0.000000 1.000000 0.000000
vn 0.000000 1.000000 0.000000
vn -0.707106 0.707107 0.000000
vn -0.707106 0.707107 0.000000
vn -0.707106 0.707107 0.000000
vn -0.707106 0.707107 0.000000
vn -1.000000 0.000000 0.000000
vn -1.000000 0.000000 0.000000
vn -1.000000 0.000000 0.000000
vn -1.000000 0.000000 0.000000
vn -0.707108 -0.707105 0.000000
vn -0.707108 -0.707105 0.000000
vn -0.707108 -0.707105 0.000000
vn -0.707108 -0.707105 0.000000
vn 0.000000 0.000000 1.000000
vn 0.000000 0.000000 1.000000
vn 0.000000 0.000000 1.000000
vn 0.000000 0.000000 1.000000
vn 0.000000 0.000000 1.000000
vn 0.000000 0.000000 1.000000
vn 0.000000 0.000000 1.000000
vn 0.000000 0.000000 1.000000
vn 0.000000 0.000000 1.000000
vn 0.000000 0.000000 1.000000
vn 0.000000 0.000000 1.000000
vn 0.000000 0.000000 1.000000
vn 0.000000 0.000000 1.000000
vn 0.000000 0.000000 1.000000
vn 0.000000 0.000000 1.000000
vn 0.000000 0.000000 1.000000
vn -1.000000 0.000000 0.000000
vn -1.000000 0.000000 0.000000
vn -1.000000 0.000000 0.000000
vn -1.000000 0.000000 0.000000
vn 0.000000 0.000000 -1.000000
vn 0.000000 0.000000 -1.000000
vn 0.000000 0.000000 -1.000000
vn 0.000000 0.000000 -1.000000
vn 0.000000 0.000000 -1.000000
vn 0.000000 0.000000 -1.000000
vn 0.000000 0.000000 -1.000000
vn 0.000000 0.000000 -1.000000
vn 0.000000 0.000000 -1.000000
vn 0.000000 0.000000 -1.000000
vn 0.000000 0.000000 -1.000000
vn 0.000000 0.000000 -1.000000
vn 1.000000 0.000000 0.000000
vn 1.000000 0.000000 0.000000
vn 1.000000 0.000000 0.000000
vn 1.000000 0.000000 0.000000
vn 1.000000 0.000000 0.000000
vn 1.000000 0.000000 0.000000
vn 0.707108 0.707105 0.000000
vn 0.707108 0.707105 0.000000
vn 0.707108 0.707105 0.000000
vn 0.707108 0.707105 0.000000
vn 0.000000 1.000000 0.000000
vn 0.000000 1.000000 0.000000
vn 0.000000 1.000000 0.000000
vn 0.000000 1.000000 0.000000
vn 0.000000 0.000000 -1.000000
vn 0.000000 0.000000 -1.000000
vn 0.000000 0.000000 -1.000000
vn 0.000000 0.000000 -1.000000
vn 0.000000 0.000000 -1.000000
vn 0.000000 0.000000 -1.000000
vn 0.000000 0.000000 -1.000000
vn 0.000000 0.000000 -1.000000
vn 0.000000 0.000000 -1.000000
vn 0.000000 0.000000 -1.000000
vn 0.000000 0.000000 -1.000000
vn 0.000000 0.000000 -1.000000
vn 0.000000 0.000000 -1.000000
vn 0.000000 0.000000 -1.000000
vn 0.000000 0.000000 -1.000000
vn 0.000000 0.000000 -1.000000
vn 0.000000 0.000000 -1.000000
vn 0.000000 0.000000 -1.000000
vn 0.000000 0.000000 -1.000000
vn 0.000000 0.000000 -1.000000
vn 0.000000 0.000000 -1.000000
vn 0.000000 0.000000 -1.000000
vn 0.000000 0.000000 -1.000000
vn 0.000000 0.000000 -1.000000
vn 0.000000 0.000000 -1.000000
vn 0.000000 0.000000 -1.000000
vn 0.000000 0.000000 -1.000000
vn 0.000000 0.000000 -1.000000
vn 0.000000 0.000000 -1.000000
vn 0.000000 0.000000 -1.000000
vn 0.000000 0.000000 -1.000000
vn 0.000000 0.000000 -1.000000
vn 0.000000 0.000000 -1.000000
vn 0.000000 0.000000 -1.000000
vn 0.000000 0.000000 -1.000000
vn 0.000000 0.000000 -1.000000
vn 0.000000 0.000000 -1.000000
vn 0.000000 0.000000 -1.000000
vn 0.000000 0.000000 -1.000000
vn 0.000000 0.000000 -1.000000
vn 0.000000 0.000000 -1.000000
vn 0.000000 0.000000 -1.000000
vn 0.000000 0.000000 -1.000000
vn 0.000000 0.000000 -1.000000
vn 0.000000 0.000000 -1.000000
vn 0.000000 0.000000 -1.000000
vn 0.000000 0.000000 -1.000000
vn 0.000000 0.000000 -1.000000
vn 0.000000 0.000000 -1.000000
vn 0.000000 0.000000 -1.000000
vn 0.000000 0.000000 -1.000000
vn 0.000000 0.000000 -1.000000
vn 0.000000 0.000000 -1.000000
vn 0.000000 0.000000 -1.000000
vn 0.000000 0.000000 -1.000000
vn 0.000000 0.000000 -1.000000
vn 0.000000 0.000000 -1.000000
vn 0.000000 0.000000 -1.000000
vn 0.000000 0.000000 -1.000000
vn 0.000000 0.000000 -1.000000
vn 0.000000 0.000000 -1.000000
vn 0.000000 0.000000 -1.000000
vn 0.000000 0.000000 -1.000000
vn 0.000000 0.000000 -1.000000
vn 0.000000 0.000000 -1.000000
vn 0.000000 0.000000 -1.000000
vn 0.000000 0.000000 -1.000000
vn 0.000000 0.000000 -1.000000
vn 0.000000 0.000000 -1.000000
vn 0.000000 0.000000 -1.000000
vn 0.000000 0.000000 -1.000000
vn 0.000000 0.000000 -1.000000
vn 0.000000 0.000000 -1.000000
vn 0.000000 0.000000 -1.000000
vn 0.000000 0.000000 -1.000000
vn 0.000000 0.000000 -1.000000
vn 0.000000 0.000000 -1.000000
vn 0.000000 0.000000 -1.000000
vn 0.000000 0.000000 -1.000000
vn 0.000000 0.000000 -1.000000
vn 0.000000 0.000000 -1.000000
vn 0.000000 0.000000 -1.000000
vn 0.000000 0.000000 -1.000000
vn 0.000000 0.000000 -1.000000
vn 0.000000 0.000000 -1.000000
vn 0.000000 0.000000 -1.000000
vn 0.000000 0.000000 -1.000000
vn 0.000000 0.000000 -1.000000
vn 0.000000 0.000000 -1.000000
vn 0.000000 0.000000 -1.000000
vn 0.000000 0.000000 -1.000000
vn 0.000000 0.000000 -1.000000
vn 0.000000 0.000000 -1.000000
vn 0.000000 0.000000 -1.000000
vn 0.000000 0.000000 -1.000000
vn 0.000000 0.000000 -1.000000
vn 0.000000 0.000000 -1.000000
vn 0.000000 0.000000 -1.000000
vn 0.000000 0.000000 -1.000000
vn 0.000000 0.000000 -1.000000
vn 0.000000 0.000000 -1.000000
vn 0.000000 0.000000 -1.000000
vn 0.000000 0.000000 -1.000000
vn 0.000000 0.000000 -1.000000
vn 0.000000 0.000000 -1.000000
vn 0.000000 0.000000 -1.000000
vn 0.000000 0.000000 -1.000000
vn 0.000000 0.000000 -1.000000
vn 0.000000 0.000000 -1.000000
vn 0.000000 0.000000 -1.000000
vn 0.000000 0.000000 -1.000000
vn 0.000000 0.000000 -1.000000
vn 0.000000 0.000000 -1.000000
vn 0.000000 0.000000 -1.000000
vn 0.000000 0.000000 -1.000000
vn 0.000000 0.000000 -1.000000
vn 0.000000 0.000000 -1.000000
vn 0.000000 0.000000 -1.000000
vn 0.000000 0.000000 -1.000000
vn 0.000000 0.000000 -1.000000
vn 0.000000 0.000000 -1.000000
vn 0.000000 0.000000 -1.000000
vn 0.000000 0.000000 -1.000000
vn 0.000000 0.000000 -1.000000
vn 0.000000 0.000000 -1.000000
vn 0.000000 0.000000 -1.000000
vn 0.000000 0.000000 -1.000000
vn 0.000000 0.000000 -1.000000
vn 0.000000 0.000000 -1.000000
vn 0.000000 0.000000 -1.000000
vn 0.000000 0.000000 -1.000000
vn 0.000000 0.000000 -1.000000
vn 0.000000 0.000000 -1.000000
vn 0.000000 0.000000 -1.000000
vn 0.000000 0.000000 -1.000000
vn 0.000000 0.000000 -1.000000
vn 0.000000 0.000000 -1.000000
vn 0.000000 0.000000 -1.000000
vn 0.000000 0.000000 -1.000000
vn 0.000000 0.000000 -1.000000
vn 0.000000 0.000000 -1.000000
vn 0.000000 0.000000 -1.000000
vn 0.000000 0.000000 -1.000000
vn 0.000000 0.000000 -1.000000
vn 0.000000 0.000000 -1.000000
vn 0.000000 0.000000 -1.000000
vn 0.000000 0.000000 -1.000000
vn 0.000000 0.000000 -1.000000
vn 0.000000 0.000000 -1.000000
vn 0.000000 0.000000 -1.000000
vn 0.000000 0.000000 -1.000000
vn 0.000000 0.000000 -1.000000
vn 0.000000 0.000000 -1.000000
vn 0.000000 0.000000 -1.000000
vn 0.000000 0.000000 -1.000000
vn 0.000000 0.000000 -1.000000
vn 0.000000 0.000000 -1.000000
vn 0.000000 0.000000 -1.000000
vn 0.000000 0.000000 -1.000000
vn 0.000000 0.000000 -1.000000
vn 0.000000 0.000000 -1.000000
vn 0.000000 0.000000 -1.000000
vn 0.000000 0.000000 -1.000000
vn 0.000000 0.000000 -1.000000
vn 0.000000 0.000000 -1.000000
vn 0.000000 0.000000 -1.000000
vn 0.000000 0.000000 -1.000000
vn 0.000000 0.000000 -1.000000
vn 0.000000 0.000000 -1.000000
vn 0.000000 0.000000 -1.000000
vn 0.000000 0.000000 -1.000000
vn 0.000000 0.000000 -1.000000
vn 0.000000 0.000000 -1.000000
vn 0.000000 0.000000 -1.000000
vn 0.000000 0.000000 -1.000000
vn 0.000000 0.000000 -1.000000
vn 0.000000 0.000000 -1.000000
vn 0.000000 0.000000 -1.000000
vn 0.000000 0.000000 -1.000000
vn 0.000000 0.000000 -1.000000
vn 0.000000 0.000000 -1.000000
vn 0.000000 0.000000 -1.000000
vn 0.000000 0.000000 -1.000000
vn 0.000000 0.000000 -1.000000
vn 0.000000 0.000000 -1.000000
vn 0.000000 0.000000 -1.000000
vn 0.000000 0.000000 -1.000000
vn 0.000000 0.000000 -1.000000
vn 0.000000 0.000000 -1.000000
vn 0.000000 0.000000 -1.000000
vn 0.000000 0.000000 -1.000000
vn 0.000000 0.000000 -1.000000
vn 0.000000 0.000000 -1.000000
vn 0.000000 0.000000 -1.000000
vn 0.000000 0.000000 -1.000000
vn 0.000000 0.000000 -1.000000
vn 0.000000 0.000000 -1.000000
vn 0.000000 0.000000 -1.000000
vn 0.000000 0.000000 -1.000000
vn 0.000000 0.000000 -1.000000
vn 0.000000 0.000000 -1.000000
vn 0.000000 0.000000 -1.000000
vn 0.000000 0.000000 -1.000000
vn 0.000000 0.000000 -1.000000
vn 0.000000 0.000000 -1.000000
vn 0.000000 0.000000 -1.000000
vn 0.000000 0.000000 -1.000000
vn 0.000000 0.000000 -1.000000
vn 0.000000 0.000000 -1.000000
vn 0.000000 0.000000 -1.000000
vn 0.000000 0.000000 -1.000000
vn 0.000000 0.000000 -1.000000
vn 0.000000 0.000000 -1.000000
vn 0.000000 0.000000 -1.000000
vn 0.000000 0.000000 -1.000000
vn 0.000000 0.000000 -1.000000
vn 0.000000 0.000000 -1.000000
vn 0.000000 0.000000 -1.000000
vn 0.000000 0.000000 -1.000000
vn 0.000000 0.000000 -1.000000
vn 0.000000 0.000000 -1.000000
vn 0.000000 0.000000 -1.000000
vn 0.000000 0.000000 -1.000000
vn 0.000000 0.000000 -1.000000
vn 0.000000 0.000000 -1.000000
vn -1.000000 0.000000 0.000000
vn -1.000000 0.000000 0.000000
vn -1.000000 0.000000 -0.000000
vn -1.000000 0.000000 -0.000000
vn -1.000000 0.000000 0.000000
vn -1.000000 0.000000 -0.000000
vn -0.707106 0.707108 0.000000
vn -0.707106 0.707108 0.000000
vn -0.707106 0.707108 0.000000
vn -0.707106 0.707108 0.000000
vn 0.000000 0.000000 -1.000000
vn 0.000000 0.000000 -1.000000
vn 0.000000 0.000000 -1.000000
vn 0.000000 0.000000 -1.000000
vn 0.000000 0.000000 -1.000000
vn 0.000000 0.000000 -1.000000
vn 0.000000 1.000000 -0.000000
vn 0.000000 1.000000 0.000000
vn 0.000000 1.000000 0.000000
vn 0.000000 1.000000 0.000000
vn 0.000000 1.000000 0.000000
vn 0.000000 1.000000 0.000000
vn 0.000000 1.000000 -0.000000
vn 0.000000 1.000000 0.000000
vn 0.000000 0.000000 -1.000000
vn 0.000000 0.000000 -1.000000
vn 0.000000 0.000000 -1.000000
vn 0.000000 0.000000 -1.000000
vn 0.000000 0.000000 -1.000000
vn 0.000000 0.000000 -1.000000
vn 0.000000 0.000000 -1.000000
vn 0.000000 0.000000 -1.000000
vn 0.000000 0.000000 -1.000000
vn 0.000000 0.000000 -1.000000
vn 0.000000 0.000000 -1.000000
vn 0.000000 0.000000 -1.000000
vn 0.000000 1.000000 0.000000
vn 0.000000 1.000000 0.000000
vn 0.000000 1.000000 0.000000
vn 0.000000 1.000000 0.000000
vn 0.707107 0.707107 0.000000
vn 0.707107 0.707107 0.000000
vn 0.707107 0.707107 0.000000
vn 0.707107 0.707107 0.000000
vn 1.000000 -0.000000 0.000000
vn 1.000000 -0.000000 0.000000
vn 1.000000 -0.000000 0.000000
vn 1.000000 -0.000000 0.000000
vn 0.707106 -0.707107 0.000000
vn 0.707106 -0.707107 0.000000
vn 0.707106 -0.707107 0.000000
vn 0.707106 -0.707107 0.000000
vn -0.000000 -1.000000 0.000000
vn -0.000000 -1.000000 0.000000
vn -0.000000 -1.000000 0.000000
vn -0.000000 -1.000000 0.000000
vn -1.000000 0.000000 0.000000
vn -1.000000 0.000000 0.000000
vn -1.000000 0.000000 0.000000
vn -1.000000 0.000000 0.000000
vn -1.000000 0.000000 0.000000
vn -1.000000 0.000000 0.000000
vn -0.707107 -0.707106 0.000000
vn -0.707107 -0.707106 0.000000
vn -0.707107 -0.707106 0.000000
vn -0.707107 -0.707106 0.000000
vn 0.000000 0.000000 -1.000000
vn 0.000000 0.000000 -1.000000
vn 0.000000 0.000000 -1.000000
vn 0.000000 0.000000 -1.000000
vn 0.000000 0.000000 -1.000000
vn 0.000000 0.000000 -1.000000
vn 0.707105 -0.707109 0.000000
vn 0.707105 -0.707109 0.000000
vn 0.707105 -0.707109 0.000000
vn 0.707105 -0.707109 0.000000
vn -0.000000 -1.000000 0.000000
vn -0.000000 -1.000000 0.000000
vn -0.000000 -1.000000 0.000000
vn -0.000000 -1.000000 0.000000
vn 1.000000 0.000000 0.000000
vn 1.000000 0.000000 0.000000
vn 1.000000 0.000000 0.000000
vn 1.000000 0.000000 0.000000
vn 1.000000 0.000000 0.000000
vn 1.000000 0.000000 0.000000
vn -0.000000 -1.000000 0.000000
vn -0.000000 -1.000000 0.000000
vn -0.000000 -1.000000 0.000000
vn -0.000000 -1.000000 0.000000
vn -0.707108 -0.707105 0.000000
vn -0.707108 -0.707105 0.000000
vn -0.707108 -0.707105 0.000000
vn -0.707108 -0.707105 0.000000
vn -1.000000 0.000000 0.000000
vn -1.000000 0.000000 0.000000
vn -1.000000 0.000000 0.000000
vn -1.000000 0.000000 0.000000
vn -0.707106 0.707107 0.000000
vn -0.707106 0.707107 0.000000
vn -0.707106 0.707107 0.000000
vn -0.707106 0.707107 0.000000
vn 0.000000 1.000000 0.000000
vn 0.000000 1.000000 0.000000
vn 0.000000 1.000000 0.000000
vn 0.000000 1.000000 0.000000
vn -0.000000 -1.000000 -0.000000
vn -0.000000 -1.000000 -0.000000
vn -0.000000 -1.000000 0.000000
vn -0.000000 -1.000000 0.000000
vn -0.000000 -1.000000 0.000000
vn -0.000000 -1.000000 0.000000
vn -0.000000 -1.000000 -0.000000
vn -0.000000 -1.000000 -0.000000
vn -0.707107 -0.707106 0.000000
vn -0.707107 -0.707106 0.000000
vn -0.707107 -0.707106 0.000000
vn -0.707107 -0.707106 0.000000
vn 0.707107 -0.707107 0.000000
vn 0.707107 -0.707107 0.000000
vn 0.707107 -0.707107 0.000000
vn 0.707107 -0.707107 0.000000
vn 1.000000 -0.000000 0.000000
vn 1.000000 -0.000000 0.000000
vn 1.000000 -0.000000 0.000000
vn 1.000000 -0.000000 0.000000
vn 0.707107 0.707106 0.000000
vn 0.707107 0.707106 0.000000
vn 0.707107 0.707106 0.000000
vn 0.707107 0.707106 0.000000
vn -0.707106 0.707108 0.000000
vn -0.707106 0.707108 0.000000
vn -0.707106 0.707108 0.000000
vn -0.707106 0.707108 0.000000
vn 0.144954 -0.989438 -0.000361
vn 0.395127 -0.918627 -0.000163
vn 0.619093 -0.785318 -0.000210
vn 0.807687 -0.589611 -0.000079
vn 0.949546 -0.313627 -0.000327
vn 0.999884 0.015206 -0.000490
vn 0.956108 0.293016 -0.000290
vn 0.860273 0.509833 -0.000236
vn 0.730818 0.682572 -0.000219
vn 0.551430 0.834221 -0.000341
vn 0.315736 0.948847 -0.000508
vn 0.034186 0.999415 -0.000656
vn -0.263792 0.964580 -0.000537
vn -0.520467 0.853882 -0.000432
vn -0.753271 0.657710 -0.000520
vn -0.917101 0.398655 -0.000597
vn -0.993324 0.115359 -0.000661
vn -0.976361 -0.216144 -0.000626
vn -0.860621 -0.509246 -0.000408
vn -0.678844 -0.734283 -0.000332
vn -0.441853 -0.897087 -0.000583
vn -0.154892 -0.987931 -0.000674
vn -0.299641 -0.954052 0.000840
vn -0.626821 -0.779163 0.000532
vn -0.826690 -0.562657 0.000277
vn -0.940379 -0.340127 0.000473
vn -0.997553 -0.069916 0.000639
vn -0.970499 0.241105 0.000562
vn -0.855992 0.516989 0.000553
vn -0.684234 0.729263 0.000474
vn -0.449707 0.893176 0.000459
vn -0.150029 0.988681 0.000685
vn 0.188678 0.982039 0.000672
vn 0.481625 0.876377 0.000472
vn 0.692887 0.721046 0.000287
vn 0.834320 0.551280 0.000219
vn 0.939919 0.341399 0.000252
vn 0.995759 0.091995 0.000309
vn 0.987928 -0.154911 0.000454
vn 0.921924 -0.387370 0.000104
vn 0.790057 -0.613034 -0.000017
vn 0.593311 -0.804973 0.000201
vn 0.364028 -0.931388 0.000243
vn 0.065897 -0.997826 0.000632
vn 0.103991 -0.994578 -0.000338
vn 0.389140 -0.921179 -0.000344
vn 0.623976 -0.781443 -0.000452
vn 0.826271 -0.563273 -0.000425
vn 0.957993 -0.286792 -0.000412
vn 0.999998 -0.001729 -0.000455
vn 0.962859 0.270004 -0.000406
vn 0.857150 0.515067 -0.000317
vn 0.685466 0.728105 -0.000368
vn 0.449719 0.893170 -0.000635
vn 0.156381 0.987697 -0.000686
vn -0.144955 0.989438 -0.000361
vn -0.395169 0.918608 -0.000092
vn -0.625393 0.780310 -0.000069
vn -0.831497 0.555529 0.000012
vn -0.963677 0.267072 -0.000142
vn -0.997948 -0.064031 -0.000342
vn -0.924625 -0.380878 -0.000382
vn -0.761376 -0.648311 -0.000418
vn -0.530139 -0.847911 -0.000380
vn -0.236193 -0.971706 -0.000365
vn -0.188538 -0.982066 0.000374
vn -0.481646 -0.876366 0.000344
vn -0.692772 -0.721157 0.000353
vn -0.834391 -0.551174 0.000330
vn -0.940433 -0.339978 0.000144
vn -0.997547 -0.069996 0.000194
vn -0.968869 0.247572 0.000174
vn -0.834063 0.551669 0.000069
vn -0.623109 0.782135 0.000099
vn -0.370091 0.928996 0.000250
vn -0.065898 0.997826 0.000632
vn 0.299626 0.954056 0.000861
vn 0.626826 0.779159 0.000567
vn 0.826697 0.562647 0.000291
vn 0.939900 0.341450 0.000341
vn 0.996729 0.080816 0.000451
vn 0.974848 -0.222872 0.000419
vn 0.861574 -0.507632 0.000380
vn 0.685407 -0.728160 0.000438
vn 0.449627 -0.893217 0.000426
vn 0.149918 -0.988698 0.000342
vn 0.144930 -0.989442 -0.000324
vn 0.389042 -0.921220 -0.000083
vn 0.587790 -0.809013 -0.000049
vn 0.760072 -0.649838 -0.000356
vn 0.910298 -0.413954 -0.000599
vn 0.992285 -0.123981 -0.000439
vn 0.986641 0.162906 -0.000452
vn 0.888816 0.458264 -0.000537
vn 0.693830 0.720139 -0.000303
vn 0.461516 0.887132 -0.000183
vn 0.233420 0.972376 -0.000221
vn 0.005734 0.999984 -0.000203
vn -0.201998 0.979386 -0.000280
vn -0.402018 0.915632 -0.000203
vn -0.614395 0.788999 -0.000069
vn -0.780589 0.625044 -0.000234
vn -0.907355 0.420364 -0.000520
vn -0.987432 0.158046 -0.000429
vn -0.993917 -0.110131 -0.000152
vn -0.942874 -0.333151 -0.000127
vn -0.849817 -0.527077 -0.000198
vn -0.678835 -0.734291 -0.000321
vn -0.441782 -0.897122 -0.000418
vn -0.154980 -0.987917 -0.000481
vn -0.084368 -0.996435 0.000393
vn -0.357120 -0.934059 0.000398
vn -0.548494 -0.836155 0.000273
vn -0.701820 -0.712355 0.000105
vn -0.834274 -0.551350 0.000105
vn -0.940422 -0.340009 0.000275
vn -0.997548 -0.069989 0.000355
vn -0.968914 0.247397 0.000583
vn -0.834012 0.551747 0.000554
vn -0.617688 0.786423 0.000350
vn -0.339011 0.940782 0.000395
vn -0.051436 0.998676 0.000324
vn 0.193942 0.981013 0.000228
vn 0.450685 0.892683 0.000249
vn 0.686680 0.726959 0.000105
vn 0.834239 0.551403 0.000258
vn 0.939930 0.341368 0.000454
vn 0.995065 0.099230 0.000231
vn 0.994032 -0.109092 0.000128
vn 0.947930 -0.318479 0.000415
vn 0.814441 -0.580246 0.000561
vn 0.598702 -0.800972 0.000281
vn 0.381607 -0.924325 0.000013
vn 0.175164 -0.984539 0.000089
vn 0.039215 -0.999231 -0.000142
vn 0.288458 -0.957492 -0.000240
vn 0.574773 -0.818313 -0.000233
vn 0.802568 -0.596561 -0.000170
vn 0.945664 -0.325146 -0.000311
vn 0.998197 -0.060019 -0.000352
vn 0.986523 0.163623 -0.000171
vn 0.917936 0.396728 -0.000223
vn 0.770163 0.637847 -0.000469
vn 0.519858 0.854253 -0.000571
vn 0.244337 0.969690 -0.000510
vn -0.015273 0.999883 -0.000348
vn -0.316522 0.948585 -0.000127
vn -0.582566 0.812783 -0.000049
vn -0.779637 0.626232 -0.000225
vn -0.919825 0.392328 -0.000312
vn -0.991771 0.128025 -0.000314
vn -0.989967 -0.141301 -0.000393
vn -0.924467 -0.381263 -0.000424
vn -0.808992 -0.587820 -0.000378
vn -0.648314 -0.761373 -0.000304
vn -0.441811 -0.897108 -0.000191
vn -0.199999 -0.979796 -0.000069
vn 0.071919 -0.997410 0.000223
vn -0.201555 -0.979477 0.000235
vn -0.481558 -0.876414 0.000323
vn -0.700889 -0.713270 0.000382
vn -0.868034 -0.496504 0.000449
vn -0.973497 -0.228699 0.000485
vn -0.997403 0.072019 0.000365
vn -0.938194 0.346109 0.000285
vn -0.805160 0.593058 0.000304
vn -0.586208 0.810160 0.000252
vn -0.288951 0.957344 0.000343
vn 0.078381 0.996923 0.000606
vn 0.433763 0.901027 0.000642
vn 0.686658 0.726981 0.000475
vn 0.831515 0.555502 0.000252
vn 0.931324 0.364191 0.000156
vn 0.993235 0.116118 0.000294
vn 0.988710 -0.149842 0.000452
vn 0.924337 -0.381576 0.000126
vn 0.806540 -0.591180 -0.000068
vn 0.595362 -0.803458 0.000173
vn 0.323426 -0.946253 0.000227
vn 0.112624 -0.993638 -0.000379
vn 0.395208 -0.918592 -0.000250
vn 0.649399 -0.760448 -0.000474
vn 0.844519 -0.535525 -0.000486
vn 0.959956 -0.280151 -0.000450
vn 0.999998 -0.001770 -0.000509
vn 0.962851 0.270033 -0.000465
vn 0.862876 0.505416 -0.000291
vn 0.730814 0.682576 -0.000219
vn 0.551495 0.834178 -0.000462
vn 0.315607 0.948890 -0.000518
vn 0.046371 0.998924 -0.000276
vn -0.207357 0.978265 -0.000127
vn -0.459207 0.888329 -0.000323
vn -0.697451 0.716632 -0.000405
vn -0.875813 0.482650 -0.000329
vn -0.979847 0.199748 -0.000424
vn -0.998900 -0.046886 -0.000253
vn -0.960845 -0.277086 -0.000234
vn -0.856256 -0.516551 -0.000322
vn -0.678827 -0.734298 -0.000291
vn -0.447712 -0.894178 -0.000322
vn -0.187297 -0.982303 -0.000461
vn -0.040244 -0.999190 0.000430
vn -0.271497 -0.962439 0.000305
vn -0.492957 -0.870054 0.000257
vn -0.692914 -0.721021 0.000124
vn -0.834280 -0.551341 0.000105
vn -0.944159 -0.329489 0.000395
vn -0.999779 -0.020999 0.000527
vn -0.964701 0.263348 0.000300
vn -0.872971 0.487773 0.000069
vn -0.742653 0.669676 0.000164
vn -0.587825 0.808988 0.000336
vn -0.407326 0.913283 0.000173
vn -0.183208 0.983074 0.000197
vn 0.114581 0.993414 0.000544
vn 0.438085 0.898933 0.000602
vn 0.686725 0.726917 0.000373
vn 0.831456 0.555591 0.000206
vn 0.931317 0.364210 0.000367
vn 0.993243 0.116049 0.000482
vn 0.988704 -0.149882 0.000467
vn 0.922020 -0.387141 0.000421
vn 0.789980 -0.613133 0.000472
vn 0.593242 -0.805024 0.000341
vn 0.381554 -0.924347 -0.000083
vn 0.181861 -0.983324 0.000087
vn -0.034116 -0.999418 -0.000550
vn 0.263716 -0.964600 -0.000448
vn 0.509705 -0.860349 -0.000298
vn 0.704583 -0.709621 -0.000159
vn 0.867267 -0.497842 -0.000264
vn 0.969859 -0.243668 -0.000416
vn 0.999585 0.028800 -0.000353
vn 0.956107 0.293017 -0.000290
vn 0.860270 0.509838 -0.000236
vn 0.730816 0.682574 -0.000219
vn 0.551434 0.834219 -0.000341
vn 0.315742 0.948845 -0.000508
vn 0.034189 0.999415 -0.000656
vn -0.263791 0.964580 -0.000538
vn -0.515049 0.857161 -0.000304
vn -0.728222 0.685341 -0.000114
vn -0.893107 0.449844 -0.000336
vn -0.987447 0.157946 -0.000718
vn -0.990624 -0.136616 -0.000502
vn -0.919336 -0.393473 -0.000352
vn -0.761371 -0.648317 -0.000418
vn -0.540814 -0.841142 -0.000346
vn -0.310869 -0.950453 -0.000456
vn 0.076797 -0.997047 0.000465
vn -0.201596 -0.979469 0.000559
vn -0.481665 -0.876355 0.000383
vn -0.692780 -0.721149 0.000353
vn -0.834396 -0.551165 0.000330
vn -0.944144 -0.329532 0.000390
vn -0.999994 -0.003372 0.000785
vn -0.928282 0.371875 0.000760
vn -0.723178 0.690661 0.000474
vn -0.455737 0.890114 0.000484
vn -0.150028 0.988682 0.000685
vn 0.188672 0.982040 0.000672
vn 0.481615 0.876383 0.000472
vn 0.692883 0.721050 0.000287
vn 0.834322 0.551278 0.000219
vn 0.939920 0.341396 0.000252
vn 0.995759 0.091997 0.000309
vn 0.985783 -0.168022 0.000426
vn 0.891668 -0.452689 0.000379
vn 0.725653 -0.688061 0.000197
vn 0.549832 -0.835275 0.000192
vn 0.332969 -0.942938 0.000316
vn -0.025622 -0.999672 -0.000605
vn 0.316594 -0.948561 -0.000502
vn 0.613989 -0.789315 -0.000464
vn 0.826205 -0.563369 -0.000621
vn 0.958037 -0.286645 -0.000611
vn 0.999998 -0.001768 -0.000509
vn 0.962853 0.270025 -0.000465
vn 0.857142 0.515079 -0.000321
vn 0.685453 0.728116 -0.000368
vn 0.461414 0.887185 -0.000423
vn 0.233504 0.972356 -0.000415
vn -0.015192 0.999884 -0.000471
vn -0.322664 0.946513 -0.000612
vn -0.604386 0.796691 -0.000585
vn -0.777773 0.628545 -0.000082
vn -0.899337 0.437256 -0.000226
vn -0.987446 0.157953 -0.000718
vn -0.990622 -0.136627 -0.000502
vn -0.919332 -0.393482 -0.000352
vn -0.761371 -0.648316 -0.000418
vn -0.540819 -0.841139 -0.000346
vn -0.310874 -0.950451 -0.000456
vn -0.201599 -0.979468 0.000559
vn -0.481669 -0.876353 0.000383
vn -0.692776 -0.721153 0.000353
vn -0.834393 -0.551170 0.000330
vn -0.944143 -0.329537 0.000390
vn -0.999994 -0.003379 0.000785
vn -0.930655 0.365897 0.000727
vn -0.745235 0.666801 0.000568
vn -0.494610 0.869115 0.000660
vn -0.220038 0.975491 0.000518
vn 0.078411 0.996921 0.000442
vn 0.374352 0.927287 0.000503
vn 0.637306 0.770611 0.000402
vn 0.823772 0.566922 0.000277
vn 0.931323 0.364195 0.000367
vn 0.993245 0.116037 0.000482
vn 0.986637 -0.162936 0.000560
vn 0.891677 -0.452671 0.000623
vn 0.725637 -0.688077 0.000479
vn 0.549691 -0.835368 0.000178
vn 0.333014 -0.942922 0.000118
vn 0.076834 -0.997044 0.000407
vn 0.039216 -0.999231 -0.000142
vn 0.288465 -0.957490 -0.000240
vn 0.579921 -0.814673 -0.000241
vn 0.814901 -0.579601 -0.000181
vn 0.937562 -0.347818 -0.000209
vn 0.993809 -0.111101 -0.000308
vn 0.988478 0.151363 -0.000328
vn 0.917923 0.396759 -0.000323
vn 0.775617 0.631203 -0.000516
vn 0.560618 0.828074 -0.000377
vn 0.315763 0.948838 -0.000209
vn 0.025666 0.999670 -0.000437
vn -0.316530 0.948582 -0.000541
vn -0.609063 0.793122 -0.000536
vn -0.803900 0.594765 -0.000372
vn -0.932733 0.360567 -0.000120
vn -0.992844 0.119414 -0.000200
vn -0.992283 -0.123994 -0.000439
vn -0.926396 -0.376549 -0.000467
vn -0.808996 -0.587814 -0.000378
vn -0.648314 -0.761373 -0.000304
vn -0.441812 -0.897108 -0.000191
vn -0.199999 -0.979796 -0.000069
vn 0.071922 -0.997410 0.000223
vn -0.201556 -0.979477 0.000235
vn -0.481560 -0.876413 0.000323
vn -0.700883 -0.713276 0.000382
vn -0.868030 -0.496512 0.000449
vn -0.971957 -0.235158 0.000509
vn -0.998722 0.050542 0.000460
vn -0.927562 0.373670 0.000471
vn -0.750535 0.660831 0.000525
vn -0.535432 0.844578 0.000386
vn -0.304078 0.952647 0.000185
vn -0.028172 0.999603 0.000342
vn 0.305900 0.952063 0.000624
vn 0.626729 0.779237 0.000599
vn 0.826744 0.562578 0.000370
vn 0.939892 0.341473 0.000288
vn 0.995065 0.099222 0.000231
vn 0.994031 -0.109099 0.000128
vn 0.949908 -0.312529 0.000193
vn 0.830233 -0.557416 0.000208
vn 0.600869 -0.799348 0.000197
vn 0.323432 -0.946251 0.000227
vn -0.038282 -0.999205 0.011104
vn -0.339232 -0.940644 0.010563
vn -0.618067 -0.786079 0.008575
vn -0.826332 -0.563100 0.009726
vn -0.945132 -0.326584 0.008290
vn -0.992029 -0.125890 0.005526
vn -0.997516 0.070243 0.005274
vn -0.964359 0.264552 0.004898
vn -0.887169 0.461430 0.003778
vn -0.754869 0.655870 0.002640
vn -0.580481 0.814272 0.001809
vn -0.381332 0.924437 0.001456
vn -0.157517 0.987514 0.002283
vn 0.081839 0.996630 0.005599
vn 0.338987 0.940776 0.005402
vn 0.576005 0.817442 0.002685
vn 0.753075 0.657934 0.000831
vn 0.886599 0.462521 0.003938
vn 0.973667 0.227914 0.005291
vn 0.999023 -0.043358 0.008552
vn 0.939085 -0.343628 0.006305
vn 0.817136 -0.576443 0.001456
vn 0.685058 -0.728482 0.002942
vn 0.521020 -0.853500 0.008763
vn 0.265903 -0.963924 0.012052
vn -0.048376 -0.998822 -0.003775
vn 0.045981 0.998937 -0.003188
vn -0.162830 0.986653 -0.001456
vn -0.383508 0.923536 -0.001594
vn -0.594620 0.804003 -0.002640
vn -0.769555 0.638570 -0.003675
vn -0.905501 0.424310 -0.005388
vn -0.978039 0.208342 -0.005770
vn -0.999958 0.007430 -0.005447
vn -0.979978 -0.198984 -0.007020
vn -0.908263 -0.418324 -0.007940
vn -0.783260 -0.621676 -0.004697
vn -0.619854 -0.784714 -0.002035
vn -0.433803 -0.900999 -0.003917
vn -0.238982 -0.971015 -0.004222
vn 0.157614 -0.987473 -0.007417
vn 0.418582 -0.908114 -0.010868
vn 0.646250 -0.763088 -0.007554
vn 0.810639 -0.585546 -0.000461
vn 0.919374 -0.393375 -0.002625
vn 0.979847 -0.199696 -0.004615
vn 0.999909 0.012619 -0.004857
vn 0.964322 0.264698 -0.004292
vn 0.878069 0.478530 -0.001756
vn 0.759123 0.650947 -0.000816
vn 0.560917 0.827857 -0.005035
vn 0.291312 0.956604 -0.006803
vn 0.000000 0.000000 -1.000000
vn 0.000000 0.000000 -1.000000
vn 0.000000 0.000000 -1.000000
vn 0.000000 0.000000 -1.000000
vn 0.000000 0.000000 -1.000000
vn 0.000000 0.000000 -1.000000
vn 0.000000 0.000000 -1.000000
vn 0.000000 0.000000 -1.000000
vn 0.000000 0.000000 -1.000000
vn 0.000000 0.000000 -1.000000
vn 0.000000 0.000000 -1.000000
vn 0.000000 0.000000 -1.000000
vn 0.000000 0.000000 -1.000000
vn 0.000000 0.000000 -1.000000
vn 0.000000 0.000000 -1.000000
vn 0.000000 0.000000 -1.000000
vn 0.000000 0.000000 -1.000000
vn 0.000000 0.000000 -1.000000
vn 0.000000 0.000000 -1.000000
vn 0.000000 0.000000 -1.000000
vn 0.000000 0.000000 -1.000000
vn 0.000000 0.000000 -1.000000
vn 0.000000 0.000000 -1.000000
vn 0.000000 0.000000 -1.000000
vn 0.000000 0.000000 -1.000000
vn 0.000000 0.000000 -1.000000
vn 0.000000 0.000000 -1.000000
vn -0.045292 0.998972 -0.001946
vn -0.190228 0.981739 -0.001382
vn -0.309489 0.950902 -0.001370
vn -0.435080 0.900390 -0.001836
vn -0.587542 0.809191 -0.002221
vn -0.722327 0.691549 -0.001821
vn -0.808437 0.588582 -0.001100
vn -0.875514 0.483191 -0.001208
vn -0.938285 0.345864 -0.000736
vn -0.980785 0.195092 -0.000378
vn -0.999229 0.039262 -0.000325
vn -0.993169 -0.116685 -0.000378
vn -0.964098 -0.265547 -0.000503
vn -0.910675 -0.413123 -0.000670
vn -0.831923 -0.554890 -0.000489
vn -0.734322 -0.678801 -0.000378
vn -0.619095 -0.785316 -0.000325
vn -0.489371 -0.872076 -0.000378
vn -0.356749 -0.934200 -0.000451
vn -0.233683 -0.972312 -0.000921
vn -0.105641 -0.994403 -0.001629
vn 0.045292 -0.998972 -0.001946
vn 0.190228 -0.981739 -0.001382
vn 0.309489 -0.950902 -0.001370
vn 0.435080 -0.900390 -0.001836
vn 0.583477 -0.812128 -0.001684
vn 0.702904 -0.711283 -0.001450
vn 0.796141 -0.605108 -0.001894
vn 0.888706 -0.458473 -0.001945
vn 0.948901 -0.315571 -0.001439
vn 0.981787 -0.189976 -0.001615
vn 0.998737 -0.050234 -0.001370
vn 0.996944 0.078111 -0.001418
vn 0.978238 0.207484 -0.001270
vn 0.933800 0.357794 -0.001187
vn 0.855423 0.517927 -0.001642
vn 0.764148 0.645039 -0.001290
vn 0.670692 0.741735 -0.001370
vn 0.559717 0.828682 -0.001326
vn 0.454114 0.890943 -0.001052
vn 0.345986 0.938239 -0.001037
vn 0.232744 0.972537 -0.001076
vn 0.105641 0.994403 -0.001629
vn 0.045293 0.998972 0.001946
vn 0.190228 0.981739 0.001382
vn 0.308885 0.951099 0.001052
vn 0.418786 0.908084 0.001037
vn 0.522381 0.852712 0.001052
vn 0.619036 0.785361 0.001326
vn 0.707258 0.706955 0.001160
vn 0.788887 0.614537 0.001387
vn 0.873169 0.487416 0.001314
vn 0.942141 0.335216 0.001235
vn 0.986842 0.161680 0.001683
vn 0.999975 0.006860 0.001534
vn 0.992441 -0.122710 0.001615
vn 0.963794 -0.266644 0.001569
vn 0.908249 -0.418427 0.001682
vn 0.828572 -0.559879 0.001917
vn 0.737677 -0.675152 0.001382
vn 0.649071 -0.760727 0.001370
vn 0.540380 -0.841419 0.001835
vn 0.387588 -0.921831 0.001683
vn 0.239202 -0.970969 0.001450
vn 0.105642 -0.994403 0.001629
vn -0.045293 -0.998972 0.001946
vn -0.195361 -0.980730 0.001530
vn -0.341416 -0.939912 0.000908
vn -0.487908 -0.872895 0.000489
vn -0.619095 -0.785316 0.000378
vn -0.734322 -0.678801 0.000325
vn -0.830992 -0.556284 0.000378
vn -0.905564 -0.424209 0.000503
vn -0.960784 -0.277295 0.000670
vn -0.992972 -0.118348 0.000489
vn -0.999229 0.039261 0.000378
vn -0.980785 0.195092 0.000325
vn -0.940314 0.340309 0.000378
vn -0.891143 0.453722 0.000785
vn -0.831392 0.555685 0.001037
vn -0.759987 0.649937 0.001189
vn -0.669971 0.742385 0.001811
vn -0.544715 0.838619 0.002007
vn -0.387587 0.921831 0.001683
vn -0.239203 0.970969 0.001450
vn -0.105642 0.994403 0.001629
vn 0.000000 0.000000 1.000000
vn 0.000000 0.000000 1.000000
vn 0.000000 0.000000 1.000000
vn 0.000000 0.000000 1.000000
vn 0.000000 0.000000 1.000000
vn 0.000000 0.000000 1.000000
vn 0.000000 0.000000 1.000000
vn 0.000000 0.000000 1.000000
vn 0.000000 0.000000 1.000000
vn 0.000000 0.000000 1.000000
vn 0.000000 0.000000 1.000000
vn 0.000000 0.000000 1.000000
vn 0.000000 0.000000 1.000000
vn 0.000000 0.000000 1.000000
vn 0.000000 0.000000 1.000000
vn 0.000000 0.000000 1.000000
vn 0.000000 0.000000 1.000000
vn 0.000000 0.000000 1.000000
vn 0.000000 0.000000 1.000000
vn 0.000000 0.000000 1.000000
vn 0.000000 0.000000 1.000000
vn 0.000000 0.000000 1.000000
vn 0.000000 0.000000 1.000000
vn 0.000000 0.000000 1.000000
vn 0.000000 0.000000 1.000000
vn 0.000000 0.000000 1.000000
vn 0.000000 0.000000 1.000000
vn 0.000000 0.000000 1.000000
vn 0.000000 0.000000 1.000000
vn 0.000000 0.000000 1.000000
vn 0.000000 0.000000 1.000000
vn 0.000000 0.000000 1.000000
vn 0.000000 0.000000 1.000000
vn 0.000000 0.000000 1.000000
vn 0.000000 0.000000 1.000000
vn 0.000000 0.000000 1.000000
vn 0.000000 0.000000 1.000000
vn 0.000000 0.000000 1.000000
vn 0.000000 0.000000 1.000000
vn 0.000000 0.000000 1.000000
vn 0.000000 0.000000 1.000000
vn 0.000000 0.000000 1.000000
vn 0.000000 0.000000 1.000000
f 147//147 5//5 6//6
f 206//206 205//205 182//182
f 46//46 3//3 47//47
f 225//225 135//135 134//134
f 225//225 134//134 226//226
f 225//225 40//40 135//135
f 45//45 3//3 46//46
f 225//225 41//41 40//40
f 224//224 41//41 225//225
f 223//223 41//41 224//224
f 223//223 42//42 41//41
f 222//222 42//42 223//223
f 221//221 43//43 42//42
f 221//221 42//42 222//222
f 101//101 213//213 212//212
f 101//101 214//214 213//213
f 102//102 101//101 212//212
f 102//102 212//212 211//211
f 100//100 214//214 101//101
f 100//100 215//215 214//214
f 103//103 102//102 211//211
f 103//103 211//211 210//210
f 99//99 215//215 100//100
f 103//103 210//210 209//209
f 99//99 216//216 215//215
f 104//104 103//103 209//209
f 104//104 209//209 208//208
f 99//99 217//217 216//216
f 226//226 134//134 227//227
f 121//121 217//217 99//99
f 3//3 4//4 49//49
f 3//3 48//48 47//47
f 35//35 140//140 139//139
f 36//36 35//35 139//139
f 203//203 70//70 184//184
f 203//203 202//202 70//70
f 4//4 143//143 32//32
f 4//4 144//144 143//143
f 4//4 122//122 144//144
f 4//4 32//32 31//31
f 36//36 139//139 138//138
f 51//51 4//4 31//31
f 37//37 36//36 138//138
f 229//229 132//132 230//230
f 37//37 138//138 137//137
f 38//38 37//37 137//137
f 50//50 4//4 51//51
f 228//228 133//133 132//132
f 228//228 132//132 229//229
f 204//204 203//203 184//184
f 38//38 137//137 136//136
f 39//39 38//38 136//136
f 49//49 4//4 50//50
f 39//39 136//136 135//135
f 205//205 204//204 184//184
f 227//227 134//134 133//133
f 227//227 133//133 228//228
f 40//40 39//39 135//135
f 205//205 183//183 182//182
f 3//3 49//49 48//48
f 105//105 208//208 207//207
f 105//105 104//104 208//208
f 105//105 206//206 182//182
f 17//17 16//16 114//114
f 28//28 45//45 44//44
f 18//18 17//17 114//114
f 18//18 114//114 113//113
f 27//27 45//45 28//28
f 27//27 3//3 45//45
f 19//19 18//18 113//113
f 19//19 113//113 112//112
f 1//1 24//24 23//23
f 1//1 25//25 24//24
f 1//1 26//26 25//25
f 1//1 27//27 26//26
f 1//1 3//3 27//27
f 2//2 19//19 112//112
f 2//2 1//1 23//23
f 2//2 20//20 19//19
f 2//2 21//21 20//20
f 2//2 22//22 21//21
f 2//2 23//23 22//22
f 2//2 111//111 110//110
f 2//2 112//112 111//111
f 4//4 5//5 76//76
f 4//4 76//76 98//98
f 4//4 98//98 122//122
f 122//122 98//98 123//123
f 8//8 2//2 110//110
f 8//8 110//110 109//109
f 16//16 115//115 114//114
f 28//28 44//44 29//29
f 29//29 44//44 43//43
f 16//16 15//15 115//115
f 105//105 207//207 206//206
f 106//106 182//182 181//181
f 106//106 105//105 182//182
f 107//107 181//181 180//180
f 107//107 106//106 181//181
f 108//108 107//107 180//180
f 108//108 180//180 8//8
f 109//109 108//108 8//8
f 12//12 11//11 120//120
f 12//12 120//120 119//119
f 11//11 121//121 120//120
f 10//10 217//217 121//121
f 10//10 121//121 11//11
f 32//32 143//143 142//142
f 10//10 218//218 217//217
f 13//13 119//119 118//118
f 9//9 218//218 10//10
f 13//13 118//118 117//117
f 9//9 219//219 218//218
f 14//14 13//13 117//117
f 30//30 219//219 9//9
f 30//30 220//220 219//219
f 14//14 117//117 116//116
f 30//30 221//221 220//220
f 15//15 14//14 116//116
f 30//30 43//43 221//221
f 15//15 116//116 115//115
f 29//29 43//43 30//30
f 13//13 12//12 119//119
f 35//35 34//34 140//140
f 205//205 184//184 183//183
f 34//34 141//141 140//140
f 54//54 154//154 153//153
f 56//56 55//55 6//6
f 53//53 154//154 54//54
f 53//53 155//155 154//154
f 57//57 56//56 6//6
f 32//32 142//142 33//33
f 52//52 156//156 155//155
f 75//75 156//156 52//52
f 75//75 157//157 156//156
f 74//74 87//87 157//157
f 74//74 157//157 75//75
f 73//73 87//87 74//74
f 73//73 88//88 87//87
f 72//72 88//88 73//73
f 72//72 89//89 88//88
f 71//71 89//89 72//72
f 170//170 169//169 61//61
f 170//170 61//61 60//60
f 169//169 62//62 61//61
f 168//168 63//63 62//62
f 168//168 62//62 169//169
f 171//171 170//170 60//60
f 171//171 60//60 59//59
f 168//168 64//64 63//63
f 167//167 64//64 168//168
f 167//167 65//65 64//64
f 7//7 171//171 59//59
f 55//55 152//152 6//6
f 55//55 153//153 152//152
f 54//54 153//153 55//55
f 87//87 86//86 157//157
f 148//148 147//147 6//6
f 146//146 5//5 147//147
f 149//149 148//148 6//6
f 150//150 149//149 6//6
f 145//145 5//5 146//146
f 151//151 150//150 6//6
f 166//166 5//5 145//145
f 152//152 151//151 6//6
f 78//78 166//166 165//165
f 79//79 78//78 165//165
f 79//79 165//165 164//164
f 78//78 5//5 166//166
f 80//80 79//79 164//164
f 7//7 57//57 6//6
f 77//77 5//5 78//78
f 76//76 5//5 77//77
f 81//81 80//80 163//163
f 81//81 163//163 162//162
f 82//82 81//81 162//162
f 82//82 162//162 161//161
f 83//83 82//82 161//161
f 84//84 83//83 161//161
f 84//84 161//161 160//160
f 85//85 160//160 159//159
f 85//85 84//84 160//160
f 85//85 159//159 158//158
f 86//86 85//85 158//158
f 86//86 158//158 157//157
f 80//80 164//164 163//163
f 7//7 172//172 171//171
f 52//52 155//155 53//53
f 7//7 59//59 58//58
f 197//197 92//92 91//91
f 197//197 196//196 92//92
f 194//194 94//94 93//93
f 194//194 127//127 94//94
f 193//193 127//127 194//194
f 193//193 128//128 127//127
f 198//198 197//197 91//91
f 198//198 91//91 90//90
f 192//192 128//128 193//193
f 199//199 198//198 90//90
f 191//191 128//128 192//192
f 191//191 129//129 128//128
f 200//200 199//199 90//90
f 200//200 90//90 89//89
f 190//190 129//129 191//191
f 200//200 89//89 71//71
f 190//190 130//130 129//129
f 201//201 200//200 71//71
f 232//232 130//130 190//190
f 201//201 71//71 70//70
f 231//231 131//131 130//130
f 7//7 58//58 57//57
f 202//202 201//201 70//70
f 33//33 142//142 141//141
f 34//34 33//33 141//141
f 230//230 132//132 131//131
f 230//230 131//131 231//231
f 196//196 195//195 92//92
f 194//194 93//93 195//195
f 231//231 130//130 232//232
f 127//127 126//126 94//94
f 189//189 65//65 167//167
f 173//173 172//172 7//7
f 189//189 66//66 65//65
f 174//174 173//173 7//7
f 188//188 66//66 189//189
f 188//188 67//67 66//66
f 175//175 174//174 7//7
f 187//187 67//67 188//188
f 187//187 68//68 67//67
f 186//186 68//68 187//187
f 185//185 69//69 186//186
f 185//185 70//70 69//69
f 184//184 70//70 185//185
f 186//186 69//69 68//68
f 8//8 175//175 7//7
f 123//123 97//97 124//124
f 123//123 98//98 97//97
f 124//124 97//97 96//96
f 8//8 178//178 177//177
f 124//124 96//96 125//125
f 195//195 93//93 92//92
f 126//126 95//95 94//94
f 125//125 96//96 95//95
f 180//180 179//179 8//8
f 179//179 178//178 8//8
f 8//8 177//177 176//176
f 8//8 176//176 175//175
f 126//126 125//125 95//95
f 234//234 235//235 233//233
f 234//234 236//236 235//235
f 238//238 240//240 237//237
f 238//238 239//239 240//240
f 243//243 244//244 242//242
f 241//241 243//243 242//242
f 245//245 248//248 246//246
f 245//245 247//247 248//248
f 249//249 251//251 250//250
f 251//251 252//252 250//250
f 253//253 256//256 254//254
f 253//253 255//255 256//256
f 259//259 260//260 258//258
f 257//257 259//259 258//258
f 261//261 263//263 262//262
f 261//261 264//264 263//263
f 276//276 268//268 267//267
f 276//276 277//277 268//268
f 276//276 265//265 275//275
f 276//276 267//267 265//265
f 275//275 266//266 273//273
f 277//277 278//278 269//269
f 277//277 269//269 268//268
f 275//275 265//265 266//266
f 278//278 279//279 270//270
f 273//273 272//272 274//274
f 273//273 266//266 272//272
f 272//272 271//271 280//280
f 272//272 280//280 274//274
f 270//270 279//279 271//271
f 271//271 279//279 280//280
f 269//269 278//278 270//270
f 281//281 282//282 284//284
f 281//281 284//284 283//283
f 296//296 288//288 287//287
f 295//295 289//289 286//286
f 295//295 287//287 289//289
f 289//289 290//290 285//285
f 290//290 294//294 285//285
f 292//292 293//293 291//291
f 293//293 294//294 291//291
f 291//291 294//294 290//290
f 296//296 287//287 295//295
f 289//289 285//285 286//286
f 298//298 301//301 297//297
f 302//302 297//297 299//299
f 297//297 300//300 299//299
f 297//297 301//301 300//300
f 305//305 304//304 306//306
f 305//305 303//303 304//304
f 310//310 308//308 309//309
f 310//310 307//307 308//308
f 329//329 356//356 355//355
f 329//329 357//357 356//356
f 329//329 358//358 357//357
f 329//329 355//355 330//330
f 514//514 456//456 455//455
f 359//359 358//358 329//329
f 514//514 455//455 364//364
f 360//360 359//359 329//329
f 515//515 514//514 364//364
f 515//515 364//364 363//363
f 516//516 515//515 363//363
f 517//517 516//516 363//363
f 324//324 526//526 525//525
f 324//324 527//527 526//526
f 324//324 528//528 527//527
f 324//324 529//529 528//528
f 324//324 530//530 529//529
f 324//324 314//314 530//530
f 324//324 323//323 314//314
f 325//325 324//324 525//525
f 325//325 524//524 523//523
f 325//325 525//525 524//524
f 442//442 441//441 523//523
f 442//442 523//523 522//522
f 441//441 325//325 523//523
f 443//443 522//522 521//521
f 514//514 513//513 456//456
f 364//364 455//455 365//365
f 513//513 457//457 456//456
f 365//365 455//455 454//454
f 369//369 451//451 370//370
f 372//372 448//448 447//447
f 534//534 533//533 314//314
f 373//373 372//372 447//447
f 531//531 314//314 532//532
f 535//535 314//314 315//315
f 535//535 534//534 314//314
f 369//369 452//452 451//451
f 368//368 452//452 369//369
f 530//530 314//314 531//531
f 330//330 446//446 445//445
f 330//330 447//447 446//446
f 330//330 445//445 316//316
f 330//330 373//373 447//447
f 353//353 373//373 330//330
f 511//511 535//535 315//315
f 367//367 452//452 368//368
f 367//367 453//453 452//452
f 511//511 315//315 459//459
f 511//511 459//459 458//458
f 354//354 353//353 330//330
f 512//512 511//511 458//458
f 366//366 453//453 367//367
f 355//355 354//354 330//330
f 365//365 454//454 453//453
f 365//365 453//453 366//366
f 513//513 512//512 457//457
f 443//443 442//442 522//522
f 440//440 325//325 441//441
f 444//444 443//443 521//521
f 444//444 521//521 520//520
f 332//332 331//331 362//362
f 344//344 427//427 345//345
f 344//344 428//428 427//427
f 343//343 428//428 344//344
f 332//332 361//361 360//360
f 342//342 429//429 428//428
f 342//342 428//428 343//343
f 333//333 332//332 360//360
f 342//342 430//430 429//429
f 341//341 430//430 342//342
f 328//328 360//360 329//329
f 328//328 333//333 360//360
f 332//332 362//362 361//361
f 328//328 334//334 333//333
f 328//328 336//336 335//335
f 328//328 337//337 336//336
f 328//328 338//338 337//337
f 327//327 430//430 341//341
f 327//327 339//339 338//338
f 327//327 340//340 339//339
f 327//327 341//341 340//340
f 327//327 338//338 328//328
f 327//327 431//431 430//430
f 327//327 432//432 431//431
f 327//327 433//433 432//432
f 327//327 326//326 433//433
f 328//328 335//335 334//334
f 345//345 427//427 426//426
f 345//345 426//426 346//346
f 331//331 363//363 362//362
f 439//439 325//325 440//440
f 420//420 444//444 520//520
f 439//439 326//326 325//325
f 438//438 326//326 439//439
f 420//420 520//520 519//519
f 437//437 326//326 438//438
f 436//436 326//326 437//437
f 435//435 326//326 436//436
f 434//434 326//326 435//435
f 433//433 326//326 434//434
f 350//350 349//349 422//422
f 350//350 422//422 421//421
f 349//349 423//423 422//422
f 351//351 421//421 420//420
f 351//351 350//350 421//421
f 348//348 423//423 349//349
f 351//351 420//420 519//519
f 348//348 424//424 423//423
f 352//352 351//351 519//519
f 352//352 519//519 518//518
f 347//347 425//425 424//424
f 347//347 424//424 348//348
f 352//352 518//518 517//517
f 346//346 425//425 347//347
f 352//352 517//517 363//363
f 346//346 426//426 425//425
f 331//331 352//352 363//363
f 532//532 314//314 533//533
f 370//370 451//451 450//450
f 512//512 458//458 457//457
f 371//371 449//449 448//448
f 312//312 399//399 398//398
f 312//312 400//400 399//399
f 312//312 401//401 400//400
f 372//372 371//371 448//448
f 312//312 403//403 402//402
f 312//312 404//404 403//403
f 311//311 404//404 312//312
f 311//311 405//405 404//404
f 311//311 406//406 405//405
f 311//311 407//407 406//406
f 311//311 408//408 407//407
f 313//313 408//408 311//311
f 312//312 398//398 317//317
f 395//395 394//394 479//479
f 394//394 318//318 480//480
f 396//396 479//479 478//478
f 396//396 395//395 479//479
f 393//393 318//318 394//394
f 397//397 478//478 477//477
f 397//397 396//396 478//478
f 392//392 318//318 393//393
f 374//374 397//397 477//477
f 374//374 477//477 476//476
f 375//375 374//374 476//476
f 375//375 475//475 409//409
f 375//375 476//476 475//475
f 394//394 480//480 479//479
f 409//409 475//475 410//410
f 410//410 475//475 474//474
f 410//410 474//474 411//411
f 485//485 318//318 317//317
f 484//484 318//318 485//485
f 486//486 485//485 317//317
f 487//487 486//486 317//317
f 483//483 318//318 484//484
f 488//488 487//487 317//317
f 482//482 318//318 483//483
f 467//467 488//488 317//317
f 481//481 318//318 482//482
f 468//468 467//467 317//317
f 480//480 318//318 481//481
f 417//417 468//468 418//418
f 417//417 469//469 468//468
f 418//418 468//468 317//317
f 416//416 469//469 417//417
f 419//419 418//418 317//317
f 416//416 470//470 469//469
f 415//415 471//471 470//470
f 415//415 470//470 416//416
f 398//398 419//419 317//317
f 414//414 471//471 415//415
f 414//414 472//472 471//471
f 413//413 472//472 414//414
f 413//413 473//473 472//472
f 412//412 473//473 413//413
f 411//411 473//473 412//412
f 411//411 474//474 473//473
f 376//376 375//375 409//409
f 376//376 408//408 313//313
f 312//312 402//402 401//401
f 377//377 376//376 313//313
f 323//323 313//313 314//314
f 323//323 377//377 313//313
f 323//323 378//378 377//377
f 323//323 379//379 378//378
f 322//322 493//493 381//381
f 322//322 379//379 323//323
f 322//322 494//494 493//493
f 322//322 495//495 494//494
f 322//322 380//380 379//379
f 322//322 381//381 380//380
f 465//465 464//464 316//316
f 463//463 316//316 464//464
f 498//498 320//320 499//499
f 466//466 465//465 316//316
f 445//445 466//466 316//316
f 461//461 316//316 462//462
f 321//321 497//497 496//496
f 321//321 498//498 497//497
f 321//321 320//320 498//498
f 321//321 495//495 322//322
f 321//321 496//496 495//495
f 461//461 315//315 316//316
f 376//376 409//409 408//408
f 459//459 315//315 460//460
f 371//371 450//450 449//449
f 370//370 450//450 371//371
f 462//462 316//316 463//463
f 499//499 320//320 500//500
f 460//460 315//315 461//461
f 320//320 501//501 500//500
f 508//508 387//387 509//509
f 508//508 388//388 387//387
f 509//509 387//387 386//386
f 510//510 386//386 385//385
f 510//510 509//509 386//386
f 507//507 389//389 388//388
f 507//507 388//388 508//508
f 489//489 510//510 385//385
f 320//320 502//502 501//501
f 319//319 389//389 507//507
f 319//319 390//390 389//389
f 319//319 506//506 505//505
f 319//319 391//391 390//390
f 319//319 507//507 506//506
f 489//489 385//385 384//384
f 319//319 318//318 392//392
f 319//319 392//392 391//391
f 493//493 492//492 381//381
f 492//492 382//382 381//381
f 492//492 491//491 382//382
f 502//502 319//319 503//503
f 320//320 319//319 502//502
f 491//491 383//383 382//382
f 503//503 319//319 504//504
f 491//491 490//490 383//383
f 504//504 319//319 505//505
f 490//490 384//384 383//383
f 490//490 489//489 384//384
f 536//536 539//539 537//537
f 536//536 538//538 539//539
f 539//539 541//541 540//540
f 539//539 538//538 541//541
f 544//544 543//543 542//542
f 544//544 542//542 545//545
f 547//547 548//548 546//546
f 551//551 550//550 549//549
f 551//551 549//549 548//548
f 551//551 548//548 547//547
f 553//553 556//556 554//554
f 553//553 552//552 558//558
f 553//553 558//558 556//556
f 558//558 559//559 557//557
f 558//558 552//552 559//559
f 554//554 556//556 555//555
f 568//568 565//565 566//566
f 562//562 563//563 570//570
f 563//563 564//564 569//569
f 563//563 569//569 570//570
f 562//562 571//571 561//561
f 564//564 565//565 568//568
f 564//564 568//568 569//569
f 568//568 566//566 567//567
f 571//571 560//560 561//561
f 562//562 570//570 571//571
f 572//572 575//575 573//573
f 572//572 574//574 575//575
f 577//577 578//578 576//576
f 577//577 579//579 578//578
f 581//581 583//583 580//580
f 583//583 582//582 580//580
f 585//585 587//587 586//586
f 585//585 586//586 584//584
f 589//589 590//590 588//588
f 589//589 591//591 590//590
f 595//595 596//596 592//592
f 595//595 597//597 596//596
f 594//594 597//597 595//595
f 593//593 595//595 592//592
f 600//600 601//601 598//598
f 600//600 598//598 599//599
f 602//602 603//603 604//604
f 604//604 606//606 605//605
f 605//605 606//606 607//607
f 604//604 603//603 606//606
f 610//610 611//611 608//608
f 610//610 608//608 609//609
f 613//613 615//615 612//612
f 613//613 614//614 615//615
f 619//619 621//621 616//616
f 619//619 616//616 618//618
f 616//616 621//621 620//620
f 616//616 620//620 617//617
f 625//625 622//622 624//624
f 625//625 623//623 622//622
f 627//627 626//626 628//628
f 629//629 627//627 628//628
f 631//631 630//630 632//632
f 633//633 631//631 632//632
f 637//637 634//634 636//636
f 637//637 635//635 634//634
f 641//641 639//639 640//640
f 641//641 638//638 639//639
f 643//643 642//642 648//648
f 643//643 648//648 646//646
f 646//646 648//648 647//647
f 649//649 645//645 644//644
f 642//642 645//645 649//649
f 648//648 642//642 649//649
f 652//652 653//653 650//650
f 652//652 650//650 651//651
f 656//656 655//655 654//654
f 657//657 656//656 654//654
f 659//659 661//661 660//660
f 659//659 658//658 661//661
f 665//665 664//664 662//662
f 664//664 663//663 662//662
f 669//669 668//668 667//667
f 669//669 667//667 666//666
f 672//672 711//711 671//671
f 672//672 710//710 711//711
f 673//673 710//710 672//672
f 674//674 710//710 673//673
f 674//674 709//709 710//710
f 674//674 708//708 709//709
f 675//675 708//708 674//674
f 675//675 707//707 708//708
f 676//676 706//706 707//707
f 676//676 707//707 675//675
f 677//677 705//705 706//706
f 677//677 706//706 676//676
f 678//678 705//705 677//677
f 678//678 704//704 705//705
f 679//679 704//704 678//678
f 679//679 703//703 704//704
f 680//680 702//702 703//703
f 681//681 702//702 680//680
f 681//681 701//701 702//702
f 671//671 711//711 712//712
f 671//671 712//712 670//670
f 680//680 703//703 679//679
f 670//670 713//713 691//691
f 682//682 701//701 681//681
f 683//683 700//700 682//682
f 683//683 699//699 700//700
f 684//684 699//699 683//683
f 684//684 698//698 699//699
f 685//685 698//698 684//684
f 685//685 697//697 698//698
f 686//686 697//697 685//685
f 686//686 696//696 697//697
f 682//682 700//700 701//701
f 687//687 695//695 696//696
f 687//687 696//696 686//686
f 691//691 713//713 692//692
f 691//691 692//692 690//690
f 690//690 692//692 693//693
f 670//670 712//712 713//713
f 689//689 693//693 694//694
f 689//689 694//694 688//688
f 688//688 695//695 687//687
f 688//688 694//694 695//695
f 690//690 693//693 689//689
f 715//715 755//755 714//714
f 716//716 754//754 715//715
f 716//716 753//753 754//754
f 717//717 753//753 716//716
f 717//717 752//752 753//753
f 718//718 752//752 717//717
f 718//718 751//751 752//752
f 719//719 751//751 718//718
f 719//719 750//750 751//751
f 720//720 749//749 750//750
f 721//721 748//748 749//749
f 721//721 749//749 720//720
f 722//722 747//747 748//748
f 723//723 747//747 722//722
f 723//723 746//746 747//747
f 724//724 746//746 723//723
f 715//715 754//754 755//755
f 724//724 745//745 746//746
f 720//720 750//750 719//719
f 722//722 748//748 721//721
f 714//714 735//735 734//734
f 734//734 735//735 736//736
f 714//714 755//755 735//735
f 725//725 745//745 724//724
f 725//725 744//744 745//745
f 726//726 744//744 725//725
f 726//726 743//743 744//744
f 728//728 743//743 727//727
f 728//728 742//742 743//743
f 728//728 741//741 742//742
f 729//729 741//741 728//728
f 727//727 743//743 726//726
f 730//730 741//741 729//729
f 730//730 739//739 740//740
f 731//731 739//739 730//730
f 731//731 738//738 739//739
f 732//732 738//738 731//731
f 732//732 737//737 738//738
f 733//733 737//737 732//732
f 733//733 736//736 737//737
f 730//730 740//740 741//741
f 734//734 736//736 733//733
f 761//761 798//798 799//799
f 761//761 799//799 760//760
f 760//760 799//799 800//800
f 760//760 800//800 759//759
f 757//757 801//801 802//802
f 759//759 801//801 758//758
f 758//758 801//801 757//757
f 761//761 797//797 798//798
f 759//759 800//800 801//801
f 762//762 797//797 761//761
f 767//767 792//792 766//766
f 763//763 796//796 762//762
f 763//763 795//795 796//796
f 764//764 795//795 763//763
f 764//764 794//794 795//795
f 764//764 793//793 794//794
f 765//765 793//793 764//764
f 766//766 793//793 765//765
f 766//766 792//792 793//793
f 767//767 791//791 792//792
f 757//757 802//802 756//756
f 762//762 796//796 797//797
f 756//756 802//802 803//803
f 756//756 803//803 780//780
f 768//768 791//791 767//767
f 756//756 780//780 779//779
f 768//768 790//790 791//791
f 769//769 790//790 768//768
f 769//769 789//789 790//790
f 770//770 789//789 769//769
f 771//771 789//789 770//770
f 771//771 788//788 789//789
f 772//772 787//787 788//788
f 773//773 787//787 772//772
f 773//773 786//786 787//787
f 774//774 786//786 773//773
f 772//772 788//788 771//771
f 775//775 785//785 774//774
f 779//779 780//780 781//781
f 774//774 785//785 786//786
f 778//778 781//781 782//782
f 778//778 782//782 777//777
f 777//777 782//782 783//783
f 779//779 781//781 778//778
f 777//777 784//784 776//776
f 776//776 785//785 775//775
f 776//776 784//784 785//785
f 777//777 783//783 784//784
f 809//809 843//843 844//844
f 806//806 848//848 805//805
f 806//806 847//847 848//848
f 807//807 847//847 806//806
f 807//807 846//846 847//847
f 808//808 846//846 807//807
f 808//808 845//845 846//846
f 808//808 844//844 845//845
f 809//809 844//844 808//808
f 810//810 843//843 809//809
f 812//812 840//840 841//841
f 811//811 842//842 810//810
f 811//811 841//841 842//842
f 812//812 841//841 811//811
f 813//813 840//840 812//812
f 813//813 839//839 840//840
f 814//814 839//839 813//813
f 814//814 838//838 839//839
f 815//815 838//838 814//814
f 805//805 827//827 804//804
f 810//810 842//842 843//843
f 805//805 848//848 827//827
f 804//804 828//828 826//826
f 804//804 827//827 828//828
f 816//816 837//837 815//815
f 816//816 836//836 837//837
f 817//817 836//836 816//816
f 818//818 836//836 817//817
f 818//818 835//835 836//836
f 819//819 835//835 818//818
f 819//819 834//834 835//835
f 820//820 834//834 819//819
f 820//820 833//833 834//834
f 821//821 832//832 833//833
f 815//815 837//837 838//838
f 822//822 832//832 821//821
f 822//822 831//831 832//832
f 823//823 831//831 822//822
f 823//823 830//830 831//831
f 824//824 830//830 823//823
f 824//824 829//829 830//830
f 825//825 829//829 824//824
f 825//825 828//828 829//829
f 826//826 828//828 825//825
f 821//821 833//833 820//820
f 853//853 891//891 892//892
f 853//853 892//892 852//852
f 852//852 892//892 893//893
f 852//852 893//893 851//851
f 850//850 895//895 849//849
f 851//851 894//894 850//850
f 850//850 894//894 895//895
f 854//854 891//891 853//853
f 849//849 895//895 896//896
f 851//851 893//893 894//894
f 854//854 890//890 891//891
f 857//857 888//888 856//856
f 855//855 889//889 890//890
f 856//856 888//888 889//889
f 856//856 889//889 855//855
f 857//857 887//887 888//888
f 858//858 887//887 857//857
f 858//858 886//886 887//887
f 859//859 886//886 858//858
f 859//859 885//885 886//886
f 849//849 896//896 872//872
f 860//860 885//885 859//859
f 855//855 890//890 854//854
f 849//849 872//872 871//871
f 860//860 884//884 885//885
f 871//871 873//873 870//870
f 861//861 884//884 860//860
f 862//862 883//883 884//884
f 862//862 884//884 861//861
f 862//862 882//882 883//883
f 863//863 882//882 862//862
f 871//871 872//872 873//873
f 864//864 881//881 863//863
f 864//864 880//880 881//881
f 864//864 879//879 880//880
f 865//865 879//879 864//864
f 863//863 881//881 882//882
f 866//866 878//878 865//865
f 867//867 878//878 866//866
f 867//867 877//877 878//878
f 868//868 876//876 877//877
f 868//868 877//877 867//867
f 869//869 876//876 868//868
f 869//869 875//875 876//876
f 869//869 874//874 875//875
f 870//870 874//874 869//869
f 870//870 873//873 874//874
f 865//865 878//878 879//879
f 903//903 937//937 902//902
f 902//902 937//937 938//938
f 902//902 938//938 901//901
f 901//901 938//938 939//939
f 903//903 936//936 937//937
f 900//900 939//939 940//940
f 900//900 940//940 899//899
f 899//899 940//940 941//941
f 901//901 939//939 900//900
f 904//904 935//935 936//936
f 899//899 941//941 898//898
f 905//905 934//934 935//935
f 905//905 935//935 904//904
f 906//906 934//934 905//905
f 906//906 933//933 934//934
f 907//907 933//933 906//906
f 907//907 932//932 933//933
f 908//908 931//931 932//932
f 909//909 931//931 908//908
f 909//909 930//930 931//931
f 904//904 936//936 903//903
f 898//898 920//920 897//897
f 908//908 932//932 907//907
f 897//897 920//920 921//921
f 910//910 929//929 930//930
f 911//911 929//929 910//910
f 898//898 941//941 920//920
f 911//911 928//928 929//929
f 912//912 928//928 911//911
f 913//913 928//928 912//912
f 913//913 927//927 928//928
f 914//914 927//927 913//913
f 914//914 926//926 927//927
f 915//915 926//926 914//914
f 910//910 930//930 909//909
f 916//916 925//925 915//915
f 916//916 924//924 925//925
f 917//917 924//924 916//916
f 917//917 923//923 924//924
f 918//918 923//923 917//917
f 918//918 922//922 923//923
f 919//919 922//922 918//918
f 919//919 921//921 922//922
f 897//897 921//921 919//919
f 915//915 925//925 926//926
f 947//947 980//980 946//946
f 946//946 980//980 981//981
f 946//946 981//981 945//945
f 943//943 983//983 984//984
f 945//945 982//982 944//944
f 944//944 982//982 983//983
f 944//944 983//983 943//943
f 947//947 979//979 980//980
f 945//945 981//981 982//982
f 948//948 979//979 947//947
f 950//950 976//976 977//977
f 949//949 977//977 978//978
f 949//949 978//978 948//948
f 950//950 977//977 949//949
f 951//951 976//976 950//950
f 951//951 975//975 976//976
f 952//952 975//975 951//951
f 952//952 974//974 975//975
f 953//953 974//974 952//952
f 943//943 985//985 942//942
f 948//948 978//978 979//979
f 943//943 984//984 985//985
f 942//942 985//985 964//964
f 942//942 964//964 963//963
f 953//953 973//973 974//974
f 954//954 973//973 953//953
f 954//954 972//972 973//973
f 955//955 972//972 954//954
f 955//955 971//971 972//972
f 957//957 971//971 956//956
f 957//957 970//970 971//971
f 958//958 970//970 957//957
f 958//958 969//969 970//970
f 956//956 971//971 955//955
f 959//959 968//968 969//969
f 959//959 969//969 958//958
f 963//963 965//965 962//962
f 962//962 965//965 966//966
f 962//962 966//966 961//961
f 963//963 964//964 965//965
f 961//961 967//967 960//960
f 960//960 967//967 968//968
f 960//960 968//968 959//959
f 961//961 966//966 967//967
f 991//991 1025//1025 1026//1026
f 988//988 1030//1030 987//987
f 988//988 1029//1029 1030//1030
f 989//989 1029//1029 988//988
f 989//989 1028//1028 1029//1029
f 990//990 1028//1028 989//989
f 990//990 1027//1027 1028//1028
f 991//991 1027//1027 990//990
f 991//991 1026//1026 1027//1027
f 992//992 1025//1025 991//991
f 997//997 1020//1020 1021//1021
f 993//993 1024//1024 992//992
f 993//993 1023//1023 1024//1024
f 994//994 1023//1023 993//993
f 994//994 1022//1022 1023//1023
f 995//995 1022//1022 994//994
f 995//995 1021//1021 1022//1022
f 996//996 1021//1021 995//995
f 997//997 1021//1021 996//996
f 987//987 1009//1009 986//986
f 992//992 1024//1024 1025//1025
f 987//987 1030//1030 1009//1009
f 998//998 1020//1020 997//997
f 986//986 1009//1009 1010//1010
f 986//986 1010//1010 1008//1008
f 998//998 1019//1019 1020//1020
f 998//998 1018//1018 1019//1019
f 999//999 1018//1018 998//998
f 999//999 1017//1017 1018//1018
f 1000//1000 1016//1016 1017//1017
f 1001//1001 1016//1016 1000//1000
f 1002//1002 1016//1016 1001//1001
f 1002//1002 1015//1015 1016//1016
f 1003//1003 1015//1015 1002//1002
f 1000//1000 1017//1017 999//999
f 1004//1004 1014//1014 1003//1003
f 1004//1004 1013//1013 1014//1014
f 1005//1005 1013//1013 1004//1004
f 1005//1005 1012//1012 1013//1013
f 1006//1006 1012//1012 1005//1005
f 1006//1006 1011//1011 1012//1012
f 1007//1007 1011//1011 1006//1006
f 1007//1007 1010//1010 1011//1011
f 1003//1003 1014//1014 1015//1015
f 1008//1008 1010//1010 1007//1007
f 1049//1049 1078//1078 1048//1048
f 1048//1048 1078//1078 1079//1079
f 1048//1048 1079//1079 1080//1080
f 1048//1048 1080//1080 1047//1047
f 1045//1045 1081//1081 1082//1082
f 1047//1047 1081//1081 1046//1046
f 1046//1046 1081//1081 1045//1045
f 1045//1045 1082//1082 1044//1044
f 1049//1049 1077//1077 1078//1078
f 1047//1047 1080//1080 1081//1081
f 1050//1050 1077//1077 1049//1049
f 1055//1055 1071//1071 1072//1072
f 1051//1051 1076//1076 1050//1050
f 1051//1051 1075//1075 1076//1076
f 1051//1051 1074//1074 1075//1075
f 1052//1052 1074//1074 1051//1051
f 1053//1053 1074//1074 1052//1052
f 1053//1053 1073//1073 1074//1074
f 1031//1031 1056//1056 1071//1071
f 1054//1054 1072//1072 1073//1073
f 1055//1055 1072//1072 1054//1054
f 1031//1031 1071//1071 1055//1055
f 1044//1044 1082//1082 1057//1057
f 1050//1050 1076//1076 1077//1077
f 1044//1044 1057//1057 1043//1043
f 1054//1054 1073//1073 1053//1053
f 1043//1043 1058//1058 1059//1059
f 1043//1043 1057//1057 1058//1058
f 1031//1031 1070//1070 1056//1056
f 1032//1032 1070//1070 1031//1031
f 1032//1032 1069//1069 1070//1070
f 1033//1033 1069//1069 1032//1032
f 1033//1033 1068//1068 1069//1069
f 1033//1033 1067//1067 1068//1068
f 1034//1034 1066//1066 1067//1067
f 1035//1035 1066//1066 1034//1034
f 1035//1035 1065//1065 1066//1066
f 1036//1036 1065//1065 1035//1035
f 1036//1036 1064//1064 1065//1065
f 1034//1034 1067//1067 1033//1033
f 1037//1037 1063//1063 1064//1064
f 1037//1037 1064//1064 1036//1036
f 1042//1042 1059//1059 1041//1041
f 1041//1041 1059//1059 1060//1060
f 1041//1041 1060//1060 1040//1040
f 1040//1040 1060//1060 1061//1061
f 1043//1043 1059//1059 1042//1042
f 1039//1039 1061//1061 1062//1062
f 1039//1039 1062//1062 1038//1038
f 1038//1038 1062//1062 1063//1063
f 1038//1038 1063//1063 1037//1037
f 1040//1040 1061//1061 1039//1039
f 1095//1095 1086//1086 1085//1085
f 1095//1095 1085//1085 1084//1084
f 1095//1095 1107//1107 1106//1106
f 1095//1095 1092//1092 1086//1086
f 1095//1095 1108//1108 1107//1107
f 1095//1095 1084//1084 1109//1109
f 1095//1095 1093//1093 1092//1092
f 1095//1095 1097//1097 1096//1096
f 1095//1095 1105//1105 1097//1097
f 1095//1095 1106//1106 1105//1105
f 1095//1095 1109//1109 1108//1108
f 1097//1097 1098//1098 1083//1083
f 1095//1095 1094//1094 1093//1093
f 1097//1097 1100//1100 1098//1098
f 1097//1097 1102//1102 1100//1100
f 1100//1100 1102//1102 1101//1101
f 1089//1089 1088//1088 1087//1087
f 1092//1092 1089//1089 1087//1087
f 1092//1092 1090//1090 1089//1089
f 1098//1098 1100//1100 1099//1099
f 1092//1092 1091//1091 1090//1090
f 1097//1097 1104//1104 1103//1103
f 1097//1097 1103//1103 1102//1102
f 1097//1097 1105//1105 1104//1104
f 1092//1092 1087//1087 1086//1086
f 1186//1186 1187//1187 1118//1118
f 1190//1190 1115//1115 1116//1116
f 1187//1187 1188//1188 1118//1118
f 1188//1188 1117//1117 1118//1118
f 1188//1188 1189//1189 1117//1117
f 1189//1189 1116//1116 1117//1117
f 1189//1189 1190//1190 1116//1116
f 1190//1190 1191//1191 1115//1115
f 1193//1193 1194//1194 1112//1112
f 1191//1191 1192//1192 1114//1114
f 1192//1192 1113//1113 1114//1114
f 1192//1192 1193//1193 1113//1113
f 1193//1193 1112//1112 1113//1113
f 1186//1186 1118//1118 1119//1119
f 1175//1175 1130//1130 1131//1131
f 1194//1194 1195//1195 1111//1111
f 1194//1194 1111//1111 1112//1112
f 1195//1195 1110//1110 1111//1111
f 1191//1191 1114//1114 1115//1115
f 1186//1186 1119//1119 1120//1120
f 1183//1183 1122//1122 1123//1123
f 1184//1184 1120//1120 1121//1121
f 1195//1195 1153//1153 1110//1110
f 1175//1175 1176//1176 1130//1130
f 1176//1176 1129//1129 1130//1130
f 1176//1176 1177//1177 1129//1129
f 1177//1177 1128//1128 1129//1129
f 1177//1177 1178//1178 1128//1128
f 1178//1178 1127//1127 1128//1128
f 1178//1178 1126//1126 1127//1127
f 1178//1178 1179//1179 1126//1126
f 1179//1179 1180//1180 1126//1126
f 1180//1180 1125//1125 1126//1126
f 1180//1180 1181//1181 1124//1124
f 1180//1180 1124//1124 1125//1125
f 1181//1181 1182//1182 1124//1124
f 1182//1182 1123//1123 1124//1124
f 1182//1182 1183//1183 1123//1123
f 1183//1183 1184//1184 1122//1122
f 1184//1184 1121//1121 1122//1122
f 1184//1184 1185//1185 1120//1120
f 1185//1185 1186//1186 1120//1120
f 1153//1153 1152//1152 1110//1110
f 1156//1156 1149//1149 1150//1150
f 1154//1154 1151//1151 1152//1152
f 1166//1166 1139//1139 1140//1140
f 1166//1166 1167//1167 1139//1139
f 1167//1167 1138//1138 1139//1139
f 1167//1167 1168//1168 1138//1138
f 1168//1168 1137//1137 1138//1138
f 1168//1168 1169//1169 1137//1137
f 1169//1169 1136//1136 1137//1137
f 1170//1170 1135//1135 1136//1136
f 1165//1165 1140//1140 1141//1141
f 1170//1170 1171//1171 1135//1135
f 1171//1171 1172//1172 1134//1134
f 1172//1172 1133//1133 1134//1134
f 1172//1172 1173//1173 1133//1133
f 1173//1173 1174//1174 1132//1132
f 1173//1173 1132//1132 1133//1133
f 1174//1174 1131//1131 1132//1132
f 1174//1174 1175//1175 1131//1131
f 1153//1153 1154//1154 1152//1152
f 1171//1171 1134//1134 1135//1135
f 1165//1165 1166//1166 1140//1140
f 1169//1169 1170//1170 1136//1136
f 1164//1164 1141//1141 1142//1142
f 1164//1164 1165//1165 1141//1141
f 1155//1155 1150//1150 1151//1151
f 1155//1155 1156//1156 1150//1150
f 1156//1156 1157//1157 1149//1149
f 1157//1157 1148//1148 1149//1149
f 1157//1157 1158//1158 1148//1148
f 1158//1158 1147//1147 1148//1148
f 1158//1158 1159//1159 1147//1147
f 1159//1159 1146//1146 1147//1147
f 1154//1154 1155//1155 1151//1151
f 1160//1160 1161//1161 1145//1145
f 1159//1159 1160//1160 1146//1146
f 1163//1163 1142//1142 1143//1143
f 1162//1162 1143//1143 1144//1144
f 1162//1162 1163//1163 1143//1143
f 1163//1163 1164//1164 1142//1142
f 1161//1161 1162//1162 1144//1144
f 1160//1160 1145//1145 1146//1146
f 1161//1161 1144//1144 1145//1145
f 1216//1216 1223//1223 1221//1221
f 1206//1206 1205//1205 1203//1203
f 1218//1218 1220//1220 1219//1219
f 1217//1217 1220//1220 1218//1218
f 1217//1217 1221//1221 1220//1220
f 1205//1205 1204//1204 1203//1203
f 1216//1216 1221//1221 1217//1217
f 1209//1209 1207//1207 1206//1206
f 1211//1211 1203//1203 1202//1202
f 1214//1214 1216//1216 1215//1215
f 1211//1211 1209//1209 1206//1206
f 1211//1211 1210//1210 1209//1209
f 1211//1211 1202//1202 1223//1223
f 1211//1211 1206//1206 1203//1203
f 1213//1213 1216//1216 1214//1214
f 1212//1212 1223//1223 1216//1216
f 1221//1221 1223//1223 1222//1222
f 1209//1209 1208//1208 1207//1207
f 1223//1223 1201//1201 1198//1198
f 1212//1212 1211//1211 1223//1223
f 1223//1223 1227//1227 1224//1224
f 1238//1238 1237//1237 1236//1236
f 1227//1227 1229//1229 1228//1228
f 1227//1227 1230//1230 1229//1229
f 1227//1227 1231//1231 1230//1230
f 1227//1227 1232//1232 1231//1231
f 1198//1198 1236//1236 1235//1235
f 1198//1198 1197//1197 1196//1196
f 1198//1198 1196//1196 1238//1238
f 1223//1223 1202//1202 1201//1201
f 1198//1198 1233//1233 1232//1232
f 1198//1198 1235//1235 1234//1234
f 1198//1198 1238//1238 1236//1236
f 1225//1225 1227//1227 1226//1226
f 1224//1224 1227//1227 1225//1225
f 1201//1201 1199//1199 1198//1198
f 1201//1201 1200//1200 1199//1199
f 1223//1223 1198//1198 1232//1232
f 1223//1223 1232//1232 1227//1227
f 1198//1198 1234//1234 1233//1233
f 1212//1212 1216//1216 1213//1213
v -0.0096979 0.0050357 0.0660000
v -0.0070143 0.0044385 0.0660000
v -0.0052962 0.0027416 0.0660000
v -0.0044918 0.0007295 0.0660000
v -0.0047346 -0.0016108 0.0660000
v -0.0059661 -0.0036229 0.0660000
v -0.0085717 -0.0049947 0.0660000
v -0.0118737 -0.0045160 0.0660000
v -0.0137857 -0.0026263 0.0660000
v -0.0145018 -0.0006539 0.0660000
v -0.0141814 0.0019391 0.0660000
v -0.0122690 0.0042592 0.0660000
v -0.0049576 0.0001769 0.0659992
v -0.0059731 0.0029060 0.0659984
v -0.0081940 0.0043659 0.0659992
v -0.0084987 -0.0044677 0.0659989
v -0.0063271 -0.0032491 0.0659993
v -0.0052990 -0.0016571 0.0659996
v -0.0137141 -0.0017452 0.0659987
v -0.0118223 -0.0039554 0.0659978
v -0.0112055 0.0042334 0.0659986
v -0.0131669 0.0026641 0.0659994
v -0.0139697 0.0007882 0.0659993
v -0.0096979 0.0050357 0.0660000
v -0.0070143 0.0044385 0.0660000
v -0.0141814 0.0019391 0.0660000
v -0.0122690 0.0042592 0.0660000
v -0.0099539 0.0050098 0.0657000
v -0.0123754 0.0041882 0.0657000
v -0.0140087 0.0022306 0.0657000
v -0.0073702 0.0046198 0.0657000
v -0.0137857 -0.0026263 0.0660000
v -0.0145018 -0.0006539 0.0660000
v -0.0145697 -0.0001992 0.0657000
v -0.0139660 -0.0022755 0.0657000
v -0.0125947 -0.0040288 0.0657000
v -0.0059661 -0.0036229 0.0660000
v -0.0085717 -0.0049947 0.0660000
v -0.0080717 -0.0048380 0.0657000
v -0.0063492 -0.0039065 0.0657000
v -0.0070143 0.0044385 0.0660000
v -0.0052962 0.0027416 0.0660000
v -0.0044918 0.0007295 0.0660000
v -0.0046620 0.0014283 0.0657000
v -0.0055611 0.0031052 0.0657000
v -0.0073702 0.0046198 0.0657000
v -0.0099539 0.0050098 0.0657000
v -0.0123754 0.0041882 0.0657000
v -0.0140087 0.0022306 0.0657000
v -0.0145697 -0.0001992 0.0657000
v -0.0139660 -0.0022755 0.0657000
v -0.0125947 -0.0040288 0.0657000
v -0.0102282 -0.0049773 0.0657000
v -0.0080717 -0.0048380 0.0657000
v -0.0063492 -0.0039065 0.0657000
v -0.0050691 -0.0024110 0.0657000
v -0.0045097 -0.0005343 0.0657000
v -0.0046620 0.0014283 0.0657000
v -0.0055611 0.0031052 0.0657000
v -0.0073702 0.0046198 0.0657000
v -0.0105206 -0.0069681 0.0657000
v -0.0131828 -0.0060098 0.0657000
v -0.0154194 -0.0038517 0.0657000
v -0.0165228 -0.0007445 0.0657000
v -0.0162584 0.0019061 0.0657000
v -0.0152460 0.0040719 0.0657000
v -0.0134685 0.0057983 0.0657000
v -0.0112248 0.0068280 0.0657000
v -0.0078588 0.0069001 0.0657001
v -0.0051139 0.0054892 0.0657000
v -0.0036399 0.0038769 0.0657000
v -0.0027325 0.0018900 0.0657000
v -0.0025004 0.0002492 0.0657545
v -0.0027521 -0.0021609 0.0656998
v -0.0043138 -0.0047406 0.0657000
v -0.0060206 -0.0061043 0.0657000
v -0.0080641 -0.0068778 0.0657000
v -0.0043138 -0.0047406 0.0657000
v -0.0060206 -0.0061043 0.0657000
v -0.0080641 -0.0068778 0.0657000
v -0.0071822 -0.0066324 0.0660000
v -0.0052747 -0.0056134 0.0660000
v -0.0051139 0.0054892 0.0657000
v -0.0036399 0.0038769 0.0657000
v -0.0027325 0.0018900 0.0657000
v -0.0037013 0.0041133 0.0660000
v -0.0025004 0.0002492 0.0657545
v -0.0024298 0.0002841 0.0659999
v -0.0001000 0.0002500 0.0620000
v -0.0002923 0.0002500 0.0657538
v -0.0001147 0.0002500 0.0659912
v -0.0001000 0.0002500 0.0620000
v -0.0002923 0.0002500 0.0657538
v -0.0002667 -0.0002500 0.0657556
v -0.0001000 -0.0002500 0.0620000
v -0.0025004 0.0002492 0.0657545
v -0.0024971 -0.0002513 0.0659500
v -0.0002923 0.0002500 0.0657538
v -0.0002667 -0.0002500 0.0657556
v -0.0024971 -0.0002513 0.0659500
v -0.0002667 -0.0002500 0.0657556
v -0.0001000 -0.0002500 0.0620000
v -0.0000804 -0.0002500 0.0659876
v -0.0001000 0.0002500 0.0620000
v -0.0001000 -0.0002500 0.0620000
v -0.0000000 -0.0090000 0.0620000
v -0.0010000 -0.0100000 0.0620000
v -0.0330000 -0.0100000 0.0620000
v -0.0340000 -0.0090000 0.0620000
v -0.0340000 0.0090000 0.0620000
v -0.0330000 0.0100000 0.0620000
v -0.0010000 0.0100000 0.0620000
v 0.0000000 0.0090000 0.0620000
v -0.0004209 0.0086750 0.0620000
v -0.0010322 0.0095002 0.0620000
v -0.0328146 0.0095523 0.0620000
v -0.0335546 0.0088049 0.0620000
v -0.0335496 -0.0088134 0.0620000
v -0.0328230 -0.0095471 0.0620000
v -0.0011951 -0.0095546 0.0620000
v -0.0004477 -0.0088146 0.0620000
v -0.0001000 0.0002500 0.0620000
v -0.0001147 0.0002500 0.0659912
v 0.0000000 0.0090000 0.0620000
v -0.0000793 0.0089223 0.0659850
v -0.0024298 0.0002841 0.0659999
v -0.0024971 -0.0002513 0.0659500
v -0.0098732 -0.0070516 0.0660000
v -0.0071822 -0.0066324 0.0660000
v -0.0052747 -0.0056134 0.0660000
v -0.0031368 -0.0031708 0.0660000
v -0.0037013 0.0041133 0.0660000
v -0.0061891 0.0061968 0.0660000
v -0.0084212 0.0069527 0.0660000
v -0.0001147 0.0002500 0.0659912
v -0.0000804 -0.0002500 0.0659876
v -0.0000793 0.0089223 0.0659850
v -0.0306091 0.0098909 0.0659818
v -0.0306001 0.0076614 0.0659994
v -0.0329245 0.0099229 0.0659798
v -0.0339217 0.0089676 0.0659826
v -0.0338895 -0.0031895 0.0659842
v -0.0307375 -0.0040796 0.0659989
v -0.0318015 -0.0031648 0.0659997
v -0.0320106 -0.0066729 0.0660000
v -0.0307841 -0.0058902 0.0659976
v -0.0338909 -0.0066091 0.0659818
v -0.0339229 -0.0089245 0.0659798
v -0.0329672 -0.0099208 0.0659849
v -0.0067099 -0.0098901 0.0659831
v -0.0032502 -0.0078714 0.0659999
v -0.0042117 -0.0066900 0.0659981
v -0.0060156 -0.0068369 0.0659986
v -0.0067623 -0.0079411 0.0659999
v -0.0032909 -0.0098909 0.0659818
v -0.0010755 -0.0099229 0.0659798
v -0.0001110 -0.0089989 0.0659850
v -0.0110631 0.0068668 0.0660000
v -0.0140343 0.0054446 0.0660000
v -0.0161324 0.0024468 0.0660000
v -0.0165026 -0.0009155 0.0660000
v -0.0150781 -0.0043975 0.0660000
v -0.0125125 -0.0063478 0.0660000
v -0.0010314 0.0099243 0.0659767
v -0.0032909 0.0098909 0.0659818
v -0.0066998 0.0076615 0.0659991
v -0.0053673 0.0065536 0.0659977
v -0.0038252 0.0069886 0.0659997
v -0.0032377 0.0079411 0.0659999
v -0.0067043 0.0098957 0.0659739
v -0.0272294 0.0099294 0.0659647
v -0.0293142 0.0065710 0.0659985
v -0.0279288 0.0068585 0.0659999
v -0.0271759 0.0077543 0.0659994
v -0.0221038 0.0065375 0.0660000
v -0.0221125 -0.0065463 0.0660000
v -0.0276963 -0.0065375 0.0660000
v -0.0276875 0.0065463 0.0660000
v -0.0028976 0.0085180 0.0660000
v -0.0029081 0.0074596 0.0660000
v -0.0020802 0.0069812 0.0660000
v -0.0011983 0.0073153 0.0660000
v -0.0010646 0.0085080 0.0660000
v -0.0020684 0.0090405 0.0660000
v -0.0023554 -0.0070365 0.0660000
v -0.0029295 -0.0075715 0.0660000
v -0.0028927 -0.0085799 0.0660000
v -0.0017948 -0.0090317 0.0660000
v -0.0010922 -0.0084626 0.0660000
v -0.0010413 -0.0075730 0.0660000
v -0.0016753 -0.0070413 0.0660000
v -0.0329295 0.0084285 0.0660000
v -0.0329813 0.0077365 0.0660000
v -0.0325180 0.0071024 0.0660000
v -0.0316446 0.0070365 0.0660000
v -0.0309693 0.0077667 0.0660000
v -0.0312726 0.0087274 0.0660000
v -0.0322052 0.0090317 0.0660000
v -0.0329553 -0.0075596 0.0660000
v -0.0329032 -0.0084747 0.0660000
v -0.0323179 -0.0089784 0.0660000
v -0.0312514 -0.0087683 0.0660000
v -0.0310159 -0.0076941 0.0660000
v -0.0314705 -0.0071359 0.0660000
v -0.0321609 -0.0069839 0.0660000
v -0.0134685 0.0057983 0.0657000
v -0.0112248 0.0068280 0.0657000
v -0.0078588 0.0069001 0.0657001
v -0.0084212 0.0069527 0.0660000
v -0.0110631 0.0068668 0.0660000
v -0.0140343 0.0054446 0.0660000
v -0.0154194 -0.0038517 0.0657000
v -0.0165228 -0.0007445 0.0657000
v -0.0162584 0.0019061 0.0657000
v -0.0161324 0.0024468 0.0660000
v -0.0165026 -0.0009155 0.0660000
v -0.0150781 -0.0043975 0.0660000
v -0.0105206 -0.0069681 0.0657000
v -0.0131828 -0.0060098 0.0657000
v -0.0098732 -0.0070516 0.0660000
v -0.0125125 -0.0063478 0.0660000
v -0.0001000 -0.0002500 0.0620000
v -0.0000804 -0.0002500 0.0659876
v -0.0000000 -0.0090000 0.0620000
v -0.0001110 -0.0089989 0.0659850
v -0.0000000 -0.0090000 0.0620000
v -0.0010000 -0.0100000 0.0620000
v -0.0010755 -0.0099229 0.0659798
v -0.0001110 -0.0089989 0.0659850
v -0.0010000 -0.0100000 0.0620000
v -0.0330000 -0.0100000 0.0620000
v -0.0329672 -0.0099208 0.0659849
v -0.0067099 -0.0098901 0.0659831
v -0.0032909 -0.0098909 0.0659818
v -0.0010755 -0.0099229 0.0659798
v -0.0034000 -0.0100000 0.0645000
v -0.0066000 -0.0100000 0.0645000
v -0.0330000 -0.0100000 0.0620000
v -0.0340000 -0.0090000 0.0620000
v -0.0339229 -0.0089245 0.0659798
v -0.0329672 -0.0099208 0.0659849
v -0.0340000 -0.0090000 0.0620000
v -0.0340000 0.0090000 0.0620000
v -0.0339217 0.0089676 0.0659826
v -0.0338895 -0.0031895 0.0659842
v -0.0338909 -0.0066091 0.0659818
v -0.0339229 -0.0089245 0.0659798
v -0.0340000 -0.0065000 0.0645000
v -0.0340000 -0.0033000 0.0645000
v -0.0340000 0.0090000 0.0620000
v -0.0330000 0.0100000 0.0620000
v -0.0329245 0.0099229 0.0659798
v -0.0339217 0.0089676 0.0659826
v -0.0330000 0.0100000 0.0620000
v -0.0010000 0.0100000 0.0620000
v -0.0306091 0.0098909 0.0659818
v -0.0329245 0.0099229 0.0659798
v -0.0010314 0.0099243 0.0659767
v -0.0032909 0.0098909 0.0659818
v -0.0067043 0.0098957 0.0659739
v -0.0272294 0.0099294 0.0659647
v -0.0305000 0.0100000 0.0645000
v -0.0273000 0.0100000 0.0645000
v -0.0066000 0.0100000 0.0645000
v -0.0034000 0.0100000 0.0645000
v -0.0306091 0.0098909 0.0659818
v -0.0306001 0.0076614 0.0659994
v -0.0293142 0.0065710 0.0659985
v -0.0304248 0.0077776 0.0657982
v -0.0295438 0.0069000 0.0657991
v -0.0306091 0.0098909 0.0659818
v -0.0305000 0.0100000 0.0645000
v -0.0304248 0.0077776 0.0657982
v -0.0304117 0.0077433 0.0645000
v -0.0305000 0.0100000 0.0645000
v -0.0273000 0.0100000 0.0645000
v -0.0304117 0.0077433 0.0645000
v -0.0273287 0.0080051 0.0645000
v -0.0279010 0.0070989 0.0645000
v -0.0292887 0.0067811 0.0645000
v -0.0291784 0.0092962 0.0645000
v -0.0297439 0.0087622 0.0645000
v -0.0297585 0.0080444 0.0645000
v -0.0290839 0.0074756 0.0645000
v -0.0282137 0.0077656 0.0645000
v -0.0279894 0.0086186 0.0645000
v -0.0284432 0.0091922 0.0645000
v -0.0272294 0.0099294 0.0659647
v -0.0273000 0.0100000 0.0645000
v -0.0273287 0.0080051 0.0645000
v -0.0279010 0.0070989 0.0645000
v -0.0278792 0.0071166 0.0657984
v -0.0273310 0.0080093 0.0657966
v -0.0293142 0.0065710 0.0659985
v -0.0304248 0.0077776 0.0657982
v -0.0304117 0.0077433 0.0645000
v -0.0279010 0.0070989 0.0645000
v -0.0292887 0.0067811 0.0645000
v -0.0287162 0.0068035 0.0658010
v -0.0278792 0.0071166 0.0657984
v -0.0295438 0.0069000 0.0657991
v -0.0272294 0.0099294 0.0659647
v -0.0293142 0.0065710 0.0659985
v -0.0279288 0.0068585 0.0659999
v -0.0271759 0.0077543 0.0659994
v -0.0278792 0.0071166 0.0657984
v -0.0273310 0.0080093 0.0657966
v -0.0066998 0.0076615 0.0659991
v -0.0067043 0.0098957 0.0659739
v -0.0066000 0.0100000 0.0645000
v -0.0065882 0.0081450 0.0657999
v -0.0058290 0.0070087 0.0645000
v -0.0065281 0.0078056 0.0645000
v -0.0035490 0.0075561 0.0645000
v -0.0048075 0.0067737 0.0645000
v -0.0042988 0.0068948 0.0658002
v -0.0034470 0.0079016 0.0657992
v -0.0062546 0.0073558 0.0657991
v -0.0054501 0.0068499 0.0657981
v -0.0066000 0.0100000 0.0645000
v -0.0034000 0.0100000 0.0645000
v -0.0058290 0.0070087 0.0645000
v -0.0065281 0.0078056 0.0645000
v -0.0035490 0.0075561 0.0645000
v -0.0048075 0.0067737 0.0645000
v -0.0057517 0.0089462 0.0645000
v -0.0058887 0.0080985 0.0645000
v -0.0053509 0.0075528 0.0645000
v -0.0046561 0.0075386 0.0645000
v -0.0041744 0.0080067 0.0645000
v -0.0041232 0.0087235 0.0645000
v -0.0048877 0.0093490 0.0645000
v -0.0032909 0.0098909 0.0659818
v -0.0034000 0.0100000 0.0645000
v -0.0035490 0.0075561 0.0645000
v -0.0034470 0.0079016 0.0657992
v -0.0066998 0.0076615 0.0659991
v -0.0053673 0.0065536 0.0659977
v -0.0042988 0.0068948 0.0658002
v -0.0062546 0.0073558 0.0657991
v -0.0054501 0.0068499 0.0657981
v -0.0032909 0.0098909 0.0659818
v -0.0038252 0.0069886 0.0659997
v -0.0032377 0.0079411 0.0659999
v -0.0042988 0.0068948 0.0658002
v -0.0034470 0.0079016 0.0657992
v -0.0010000 0.0100000 0.0620000
v 0.0000000 0.0090000 0.0620000
v -0.0000793 0.0089223 0.0659850
v -0.0010314 0.0099243 0.0659767
v -0.0041232 0.0087235 0.0645000
v -0.0048877 0.0093490 0.0645000
v -0.0041582 0.0088427 0.0625000
v -0.0049754 0.0093324 0.0625000
v -0.0041744 0.0080067 0.0645000
v -0.0041232 0.0087235 0.0645000
v -0.0041582 0.0088427 0.0625000
v -0.0043086 0.0077263 0.0625000
v -0.0053509 0.0075528 0.0645000
v -0.0046561 0.0075386 0.0645000
v -0.0041744 0.0080067 0.0645000
v -0.0052391 0.0075088 0.0625000
v -0.0043086 0.0077263 0.0625000
v -0.0058887 0.0080985 0.0645000
v -0.0053509 0.0075528 0.0645000
v -0.0052391 0.0075088 0.0625000
v -0.0057769 0.0079103 0.0625000
v -0.0057517 0.0089462 0.0645000
v -0.0058887 0.0080985 0.0645000
v -0.0057769 0.0079103 0.0625000
v -0.0058658 0.0088271 0.0625000
v -0.0057517 0.0089462 0.0645000
v -0.0048877 0.0093490 0.0645000
v -0.0058658 0.0088271 0.0625000
v -0.0049754 0.0093324 0.0625000
v -0.0052391 0.0075088 0.0625000
v -0.0041582 0.0088427 0.0625000
v -0.0043086 0.0077263 0.0625000
v -0.0057769 0.0079103 0.0625000
v -0.0058658 0.0088271 0.0625000
v -0.0049754 0.0093324 0.0625000
v -0.0011770 -0.0095471 0.0625000
v -0.0004504 -0.0088134 0.0625000
v -0.0004454 0.0088049 0.0625000
v -0.0011854 0.0095523 0.0625000
v -0.0328134 0.0095496 0.0625000
v -0.0335471 0.0088230 0.0625000
v -0.0335523 -0.0088146 0.0625000
v -0.0328049 -0.0095546 0.0625000
v -0.0047951 -0.0074954 0.0625000
v -0.0040643 -0.0081625 0.0625000
v -0.0045211 -0.0092297 0.0625000
v -0.0054405 -0.0092107 0.0625000
v -0.0059471 -0.0084869 0.0625000
v -0.0055548 -0.0076567 0.0625000
v -0.0316461 -0.0043824 0.0625000
v -0.0314917 -0.0051821 0.0625000
v -0.0321382 -0.0057848 0.0625000
v -0.0328405 -0.0057107 0.0625000
v -0.0333035 -0.0051169 0.0625000
v -0.0330921 -0.0042602 0.0625000
v -0.0322298 -0.0039829 0.0625000
v -0.0283472 0.0091608 0.0625000
v -0.0280013 0.0085424 0.0625000
v -0.0281178 0.0078918 0.0625000
v -0.0287799 0.0074852 0.0625000
v -0.0295852 0.0077499 0.0625000
v -0.0298088 0.0085321 0.0625000
v -0.0293427 0.0092418 0.0625000
v -0.0108449 -0.0027226 0.0625000
v -0.0122096 -0.0014242 0.0625000
v -0.0124854 0.0006768 0.0625000
v -0.0115007 0.0022844 0.0625000
v -0.0101266 0.0029611 0.0625000
v -0.0085976 0.0028994 0.0625000
v -0.0072156 0.0020007 0.0625000
v -0.0065389 0.0006266 0.0625000
v -0.0065772 -0.0007860 0.0625000
v -0.0073263 -0.0021204 0.0625000
v -0.0089828 -0.0030171 0.0625000
v -0.0013198 0.0087547 0.0625000
v -0.0009737 0.0080940 0.0625000
v -0.0012229 0.0073363 0.0625000
v -0.0020411 0.0069536 0.0625000
v -0.0029473 0.0075483 0.0625000
v -0.0029105 0.0084639 0.0625000
v -0.0021649 0.0090413 0.0625000
v -0.0021207 -0.0069802 0.0625000
v -0.0013319 -0.0072178 0.0625000
v -0.0009762 -0.0079467 0.0625000
v -0.0013397 -0.0088157 0.0625000
v -0.0023462 -0.0089769 0.0625000
v -0.0029572 -0.0083671 0.0625000
v -0.0028960 -0.0074667 0.0625000
v -0.0313319 0.0087823 0.0625000
v -0.0309762 0.0080533 0.0625000
v -0.0312951 0.0072375 0.0625000
v -0.0320126 0.0069879 0.0625000
v -0.0326793 0.0072250 0.0625000
v -0.0330287 0.0080000 0.0625000
v -0.0327778 0.0086478 0.0625000
v -0.0321615 0.0090197 0.0625000
v -0.0312250 -0.0073207 0.0625000
v -0.0309843 -0.0080271 0.0625000
v -0.0312620 -0.0087193 0.0625000
v -0.0321498 -0.0090319 0.0625000
v -0.0328376 -0.0085751 0.0625000
v -0.0330034 -0.0076446 0.0625000
v -0.0320952 -0.0069617 0.0625000
v -0.0011951 -0.0095546 0.0620000
v -0.0004477 -0.0088146 0.0620000
v -0.0011770 -0.0095471 0.0625000
v -0.0004504 -0.0088134 0.0625000
v -0.0004209 0.0086750 0.0620000
v -0.0004477 -0.0088146 0.0620000
v -0.0004504 -0.0088134 0.0625000
v -0.0004454 0.0088049 0.0625000
v -0.0004209 0.0086750 0.0620000
v -0.0010322 0.0095002 0.0620000
v -0.0004454 0.0088049 0.0625000
v -0.0011854 0.0095523 0.0625000
v -0.0010322 0.0095002 0.0620000
v -0.0328146 0.0095523 0.0620000
v -0.0011854 0.0095523 0.0625000
v -0.0328134 0.0095496 0.0625000
v -0.0328146 0.0095523 0.0620000
v -0.0335546 0.0088049 0.0620000
v -0.0328134 0.0095496 0.0625000
v -0.0335471 0.0088230 0.0625000
v -0.0335546 0.0088049 0.0620000
v -0.0335496 -0.0088134 0.0620000
v -0.0335471 0.0088230 0.0625000
v -0.0335523 -0.0088146 0.0625000
v -0.0335496 -0.0088134 0.0620000
v -0.0328230 -0.0095471 0.0620000
v -0.0335523 -0.0088146 0.0625000
v -0.0328049 -0.0095546 0.0625000
v -0.0328230 -0.0095471 0.0620000
v -0.0011951 -0.0095546 0.0620000
v -0.0011770 -0.0095471 0.0625000
v -0.0328049 -0.0095546 0.0625000
v -0.0047951 -0.0074954 0.0625000
v -0.0040643 -0.0081625 0.0625000
v -0.0055548 -0.0076567 0.0625000
v -0.0040584 -0.0085491 0.0645000
v -0.0044237 -0.0076689 0.0645000
v -0.0053277 -0.0075118 0.0645000
v -0.0040643 -0.0081625 0.0625000
v -0.0045211 -0.0092297 0.0625000
v -0.0046143 -0.0092366 0.0645000
v -0.0040584 -0.0085491 0.0645000
v -0.0045211 -0.0092297 0.0625000
v -0.0054405 -0.0092107 0.0625000
v -0.0046143 -0.0092366 0.0645000
v -0.0054981 -0.0092129 0.0645000
v -0.0034000 -0.0100000 0.0645000
v -0.0066000 -0.0100000 0.0645000
v -0.0046143 -0.0092366 0.0645000
v -0.0040584 -0.0085491 0.0645000
v -0.0044237 -0.0076689 0.0645000
v -0.0053277 -0.0075118 0.0645000
v -0.0041566 -0.0069832 0.0645000
v -0.0034445 -0.0079301 0.0645000
v -0.0065427 -0.0078679 0.0645000
v -0.0056371 -0.0068619 0.0645000
v -0.0059359 -0.0082892 0.0645000
v -0.0054981 -0.0092129 0.0645000
v -0.0067099 -0.0098901 0.0659831
v -0.0066000 -0.0100000 0.0645000
v -0.0041566 -0.0069832 0.0645000
v -0.0065427 -0.0078679 0.0645000
v -0.0056371 -0.0068619 0.0645000
v -0.0050634 -0.0067855 0.0657998
v -0.0060316 -0.0071253 0.0657986
v -0.0065740 -0.0080245 0.0657997
v -0.0040716 -0.0070483 0.0657986
v -0.0032909 -0.0098909 0.0659818
v -0.0034000 -0.0100000 0.0645000
v -0.0041566 -0.0069832 0.0645000
v -0.0034445 -0.0079301 0.0645000
v -0.0034356 -0.0079632 0.0657995
v -0.0040716 -0.0070483 0.0657986
v -0.0032502 -0.0078714 0.0659999
v -0.0042117 -0.0066900 0.0659981
v -0.0032909 -0.0098909 0.0659818
v -0.0034356 -0.0079632 0.0657995
v -0.0040716 -0.0070483 0.0657986
v -0.0067099 -0.0098901 0.0659831
v -0.0060156 -0.0068369 0.0659986
v -0.0067623 -0.0079411 0.0659999
v -0.0050634 -0.0067855 0.0657998
v -0.0060316 -0.0071253 0.0657986
v -0.0065740 -0.0080245 0.0657997
v -0.0054405 -0.0092107 0.0625000
v -0.0059471 -0.0084869 0.0625000
v -0.0059359 -0.0082892 0.0645000
v -0.0054981 -0.0092129 0.0645000
v -0.0059471 -0.0084869 0.0625000
v -0.0055548 -0.0076567 0.0625000
v -0.0053277 -0.0075118 0.0645000
v -0.0059359 -0.0082892 0.0645000
v -0.0316461 -0.0043824 0.0625000
v -0.0314917 -0.0051821 0.0625000
v -0.0321382 -0.0057848 0.0625000
v -0.0328405 -0.0057107 0.0625000
v -0.0333035 -0.0051169 0.0625000
v -0.0330921 -0.0042602 0.0625000
v -0.0322298 -0.0039829 0.0625000
v -0.0325123 -0.0058490 0.0645000
v -0.0316742 -0.0054722 0.0645000
v -0.0314875 -0.0048641 0.0645000
v -0.0317814 -0.0041943 0.0645000
v -0.0325321 -0.0039912 0.0645000
v -0.0331517 -0.0043538 0.0645000
v -0.0332887 -0.0052015 0.0645000
v -0.0340000 -0.0065000 0.0645000
v -0.0340000 -0.0033000 0.0645000
v -0.0325123 -0.0058490 0.0645000
v -0.0316742 -0.0054722 0.0645000
v -0.0314875 -0.0048641 0.0645000
v -0.0317814 -0.0041943 0.0645000
v -0.0325321 -0.0039912 0.0645000
v -0.0317432 -0.0033883 0.0645000
v -0.0308839 -0.0042944 0.0645000
v -0.0309166 -0.0056558 0.0645000
v -0.0319301 -0.0064555 0.0645000
v -0.0331517 -0.0043538 0.0645000
v -0.0332887 -0.0052015 0.0645000
v -0.0338895 -0.0031895 0.0659842
v -0.0340000 -0.0033000 0.0645000
v -0.0317432 -0.0033883 0.0645000
v -0.0317154 -0.0033921 0.0657974
v -0.0309166 -0.0056558 0.0645000
v -0.0319301 -0.0064555 0.0645000
v -0.0318255 -0.0064375 0.0658013
v -0.0308721 -0.0055179 0.0657947
v -0.0308839 -0.0042944 0.0645000
v -0.0309166 -0.0056558 0.0645000
v -0.0308822 -0.0043182 0.0657994
v -0.0308721 -0.0055179 0.0657947
v -0.0317432 -0.0033883 0.0645000
v -0.0308839 -0.0042944 0.0645000
v -0.0308822 -0.0043182 0.0657994
v -0.0317154 -0.0033921 0.0657974
v -0.0338909 -0.0066091 0.0659818
v -0.0340000 -0.0065000 0.0645000
v -0.0319301 -0.0064555 0.0645000
v -0.0318255 -0.0064375 0.0658013
v -0.0320106 -0.0066729 0.0660000
v -0.0307841 -0.0058902 0.0659976
v -0.0318255 -0.0064375 0.0658013
v -0.0308721 -0.0055179 0.0657947
v -0.0307375 -0.0040796 0.0659989
v -0.0318015 -0.0031648 0.0659997
v -0.0307841 -0.0058902 0.0659976
v -0.0308822 -0.0043182 0.0657994
v -0.0317154 -0.0033921 0.0657974
v -0.0308721 -0.0055179 0.0657947
v -0.0333035 -0.0051169 0.0625000
v -0.0330921 -0.0042602 0.0625000
v -0.0331517 -0.0043538 0.0645000
v -0.0332887 -0.0052015 0.0645000
v -0.0291784 0.0092962 0.0645000
v -0.0284432 0.0091922 0.0645000
v -0.0283472 0.0091608 0.0625000
v -0.0293427 0.0092418 0.0625000
v -0.0279894 0.0086186 0.0645000
v -0.0284432 0.0091922 0.0645000
v -0.0283472 0.0091608 0.0625000
v -0.0280013 0.0085424 0.0625000
v -0.0282137 0.0077656 0.0645000
v -0.0279894 0.0086186 0.0645000
v -0.0280013 0.0085424 0.0625000
v -0.0281178 0.0078918 0.0625000
v -0.0290839 0.0074756 0.0645000
v -0.0282137 0.0077656 0.0645000
v -0.0281178 0.0078918 0.0625000
v -0.0287799 0.0074852 0.0625000
v -0.0291784 0.0092962 0.0645000
v -0.0297439 0.0087622 0.0645000
v -0.0297585 0.0080444 0.0645000
v -0.0290839 0.0074756 0.0645000
v -0.0287799 0.0074852 0.0625000
v -0.0295852 0.0077499 0.0625000
v -0.0298088 0.0085321 0.0625000
v -0.0293427 0.0092418 0.0625000
v -0.0115007 0.0022844 0.0625000
v -0.0101266 0.0029611 0.0625000
v -0.0085976 0.0028994 0.0625000
v -0.0100614 0.0030240 0.0630000
v -0.0117844 0.0020007 0.0630000
v -0.0079773 0.0026405 0.0630000
v -0.0124854 0.0006768 0.0625000
v -0.0115007 0.0022844 0.0625000
v -0.0117844 0.0020007 0.0630000
v -0.0125715 0.0001600 0.0630000
v -0.0122096 -0.0014242 0.0625000
v -0.0124854 0.0006768 0.0625000
v -0.0125715 0.0001600 0.0630000
v -0.0120369 -0.0016507 0.0630000
v -0.0108449 -0.0027226 0.0625000
v -0.0122096 -0.0014242 0.0625000
v -0.0085976 0.0028994 0.0625000
v -0.0072156 0.0020007 0.0625000
v -0.0065389 0.0006266 0.0625000
v -0.0065772 -0.0007860 0.0625000
v -0.0073263 -0.0021204 0.0625000
v -0.0089828 -0.0030171 0.0625000
v -0.0120369 -0.0016507 0.0630000
v -0.0109121 -0.0026883 0.0630000
v -0.0094181 -0.0030255 0.0630000
v -0.0080534 -0.0026586 0.0630000
v -0.0070041 -0.0017121 0.0630000
v -0.0064391 -0.0000389 0.0630000
v -0.0069081 0.0015465 0.0630000
v -0.0079773 0.0026405 0.0630000
v -0.0100614 0.0030240 0.0630000
v -0.0117844 0.0020007 0.0630000
v -0.0125715 0.0001600 0.0630000
v -0.0120369 -0.0016507 0.0630000
v -0.0109121 -0.0026883 0.0630000
v -0.0094181 -0.0030255 0.0630000
v -0.0102684 -0.0038630 0.0630000
v -0.0119336 -0.0030870 0.0630000
v -0.0132001 -0.0014182 0.0630000
v -0.0133630 0.0007684 0.0630000
v -0.0123757 0.0027262 0.0630000
v -0.0106683 0.0037457 0.0630000
v -0.0085220 0.0038574 0.0630000
v -0.0065784 0.0026354 0.0630000
v -0.0056658 0.0009205 0.0630000
v -0.0057003 -0.0010218 0.0630000
v -0.0068773 -0.0029930 0.0630000
v -0.0086936 -0.0038307 0.0630000
v -0.0080534 -0.0026586 0.0630000
v -0.0070041 -0.0017121 0.0630000
v -0.0064391 -0.0000389 0.0630000
v -0.0069081 0.0015465 0.0630000
v -0.0079773 0.0026405 0.0630000
v -0.0102684 -0.0038630 0.0630000
v -0.0119336 -0.0030870 0.0630000
v -0.0132001 -0.0014182 0.0630000
v -0.0133630 0.0007684 0.0630000
v -0.0123757 0.0027262 0.0630000
v -0.0106683 0.0037457 0.0630000
v -0.0085220 0.0038574 0.0630000
v -0.0065784 0.0026354 0.0630000
v -0.0056658 0.0009205 0.0630000
v -0.0057003 -0.0010218 0.0630000
v -0.0068773 -0.0029930 0.0630000
v -0.0086936 -0.0038307 0.0630000
v -0.0055861 -0.0002762 0.0653975
v -0.0058239 0.0014024 0.0654101
v -0.0070818 0.0031386 0.0653984
v -0.0087843 0.0038487 0.0654054
v -0.0106200 0.0038005 0.0654075
v -0.0084458 -0.0037948 0.0654070
v -0.0070572 -0.0030591 0.0653994
v -0.0060599 -0.0019098 0.0654017
v -0.0125964 0.0024725 0.0653760
v -0.0134355 0.0002453 0.0653816
v -0.0130905 -0.0016090 0.0653993
v -0.0117377 -0.0032698 0.0653984
v -0.0099960 -0.0038832 0.0654048
v -0.0049576 0.0001769 0.0659992
v -0.0059731 0.0029060 0.0659984
v -0.0081940 0.0043659 0.0659992
v -0.0084987 -0.0044677 0.0659989
v -0.0063271 -0.0032491 0.0659993
v -0.0052990 -0.0016571 0.0659996
v -0.0137141 -0.0017452 0.0659987
v -0.0118223 -0.0039554 0.0659978
v -0.0112055 0.0042334 0.0659986
v -0.0131669 0.0026641 0.0659994
v -0.0139697 0.0007882 0.0659993
v -0.0055861 -0.0002762 0.0653975
v -0.0058239 0.0014024 0.0654101
v -0.0070818 0.0031386 0.0653984
v -0.0087843 0.0038487 0.0654054
v -0.0106200 0.0038005 0.0654075
v -0.0084458 -0.0037948 0.0654070
v -0.0070572 -0.0030591 0.0653994
v -0.0060599 -0.0019098 0.0654017
v -0.0125964 0.0024725 0.0653760
v -0.0134355 0.0002453 0.0653816
v -0.0130905 -0.0016090 0.0653993
v -0.0117377 -0.0032698 0.0653984
v -0.0099960 -0.0038832 0.0654048
v -0.0011983 0.0073153 0.0660000
v -0.0010646 0.0085080 0.0660000
v -0.0020684 0.0090405 0.0660000
v -0.0013198 0.0087547 0.0625000
v -0.0009737 0.0080940 0.0625000
v -0.0012229 0.0073363 0.0625000
v -0.0021649 0.0090413 0.0625000
v -0.0020802 0.0069812 0.0660000
v -0.0011983 0.0073153 0.0660000
v -0.0012229 0.0073363 0.0625000
v -0.0020411 0.0069536 0.0625000
v -0.0029081 0.0074596 0.0660000
v -0.0020802 0.0069812 0.0660000
v -0.0020411 0.0069536 0.0625000
v -0.0029473 0.0075483 0.0625000
v -0.0028976 0.0085180 0.0660000
v -0.0029081 0.0074596 0.0660000
v -0.0029473 0.0075483 0.0625000
v -0.0029105 0.0084639 0.0625000
v -0.0028976 0.0085180 0.0660000
v -0.0020684 0.0090405 0.0660000
v -0.0029105 0.0084639 0.0625000
v -0.0021649 0.0090413 0.0625000
v -0.0023554 -0.0070365 0.0660000
v -0.0029295 -0.0075715 0.0660000
v -0.0028927 -0.0085799 0.0660000
v -0.0017948 -0.0090317 0.0660000
v -0.0010922 -0.0084626 0.0660000
v -0.0010413 -0.0075730 0.0660000
v -0.0016753 -0.0070413 0.0660000
v -0.0021207 -0.0069802 0.0625000
v -0.0013319 -0.0072178 0.0625000
v -0.0009762 -0.0079467 0.0625000
v -0.0013397 -0.0088157 0.0625000
v -0.0023462 -0.0089769 0.0625000
v -0.0029572 -0.0083671 0.0625000
v -0.0028960 -0.0074667 0.0625000
v -0.0029295 -0.0075715 0.0660000
v -0.0028927 -0.0085799 0.0660000
v -0.0029572 -0.0083671 0.0625000
v -0.0028960 -0.0074667 0.0625000
v -0.0312726 0.0087274 0.0660000
v -0.0322052 0.0090317 0.0660000
v -0.0313319 0.0087823 0.0625000
v -0.0321615 0.0090197 0.0625000
v -0.0309693 0.0077667 0.0660000
v -0.0312726 0.0087274 0.0660000
v -0.0313319 0.0087823 0.0625000
v -0.0309762 0.0080533 0.0625000
v -0.0329295 0.0084285 0.0660000
v -0.0329813 0.0077365 0.0660000
v -0.0325180 0.0071024 0.0660000
v -0.0316446 0.0070365 0.0660000
v -0.0309693 0.0077667 0.0660000
v -0.0322052 0.0090317 0.0660000
v -0.0309762 0.0080533 0.0625000
v -0.0312951 0.0072375 0.0625000
v -0.0320126 0.0069879 0.0625000
v -0.0326793 0.0072250 0.0625000
v -0.0330287 0.0080000 0.0625000
v -0.0327778 0.0086478 0.0625000
v -0.0321615 0.0090197 0.0625000
v -0.0312514 -0.0087683 0.0660000
v -0.0310159 -0.0076941 0.0660000
v -0.0314705 -0.0071359 0.0660000
v -0.0321609 -0.0069839 0.0660000
v -0.0312250 -0.0073207 0.0625000
v -0.0309843 -0.0080271 0.0625000
v -0.0312620 -0.0087193 0.0625000
v -0.0320952 -0.0069617 0.0625000
v -0.0323179 -0.0089784 0.0660000
v -0.0312514 -0.0087683 0.0660000
v -0.0312620 -0.0087193 0.0625000
v -0.0321498 -0.0090319 0.0625000
v -0.0329032 -0.0084747 0.0660000
v -0.0323179 -0.0089784 0.0660000
v -0.0321498 -0.0090319 0.0625000
v -0.0328376 -0.0085751 0.0625000
v -0.0329553 -0.0075596 0.0660000
v -0.0329032 -0.0084747 0.0660000
v -0.0328376 -0.0085751 0.0625000
v -0.0330034 -0.0076446 0.0625000
v -0.0329553 -0.0075596 0.0660000
v -0.0321609 -0.0069839 0.0660000
v -0.0330034 -0.0076446 0.0625000
v -0.0320952 -0.0069617 0.0625000
v -0.0221038 0.0065375 0.0660000
v -0.0276875 0.0065463 0.0660000
v -0.0221125 0.0065463 0.0658000
v -0.0276963 0.0065375 0.0658000
v -0.0221038 0.0065375 0.0660000
v -0.0221125 -0.0065463 0.0660000
v -0.0221125 0.0065463 0.0658000
v -0.0221038 -0.0065375 0.0658000
v -0.0221125 -0.0065463 0.0660000
v -0.0276963 -0.0065375 0.0660000
v -0.0221038 -0.0065375 0.0658000
v -0.0276875 -0.0065462 0.0658000
v -0.0276963 -0.0065375 0.0660000
v -0.0276875 0.0065463 0.0660000
v -0.0276963 0.0065375 0.0658000
v -0.0276875 -0.0065462 0.0658000
v -0.0221125 0.0065463 0.0658000
v -0.0276963 0.0065375 0.0658000
v -0.0221038 -0.0065375 0.0658000
v -0.0276875 -0.0065462 0.0658000
v -0.0141814 0.0019391 0.0660000
v -0.0140087 0.0022306 0.0657000
v -0.0145697 -0.0001992 0.0657000
v -0.0145018 -0.0006539 0.0660000
v -0.0141814 0.0019391 0.0660000
v -0.0145697 -0.0001992 0.0657000
v -0.0118737 -0.0045160 0.0660000
v -0.0137857 -0.0026263 0.0660000
v -0.0125947 -0.0040288 0.0657000
v -0.0118737 -0.0045160 0.0660000
v -0.0125947 -0.0040288 0.0657000
v -0.0102282 -0.0049773 0.0657000
v -0.0085717 -0.0049947 0.0660000
v -0.0118737 -0.0045160 0.0660000
v -0.0102282 -0.0049773 0.0657000
v -0.0085717 -0.0049947 0.0660000
v -0.0102282 -0.0049773 0.0657000
v -0.0080717 -0.0048380 0.0657000
v -0.0059661 -0.0036229 0.0660000
v -0.0063492 -0.0039065 0.0657000
v -0.0050691 -0.0024110 0.0657000
v -0.0047346 -0.0016108 0.0660000
v -0.0059661 -0.0036229 0.0660000
v -0.0050691 -0.0024110 0.0657000
v -0.0047346 -0.0016108 0.0660000
v -0.0050691 -0.0024110 0.0657000
v -0.0045097 -0.0005343 0.0657000
v -0.0044918 0.0007295 0.0660000
v -0.0047346 -0.0016108 0.0660000
v -0.0045097 -0.0005343 0.0657000
v -0.0044918 0.0007295 0.0660000
v -0.0045097 -0.0005343 0.0657000
v -0.0046620 0.0014283 0.0657000
v -0.0105206 -0.0069681 0.0657000
v -0.0080641 -0.0068778 0.0657000
v -0.0098732 -0.0070516 0.0660000
v -0.0080641 -0.0068778 0.0657000
v -0.0098732 -0.0070516 0.0660000
v -0.0071822 -0.0066324 0.0660000
v -0.0043138 -0.0047406 0.0657000
v -0.0052747 -0.0056134 0.0660000
v -0.0031368 -0.0031708 0.0660000
v -0.0027521 -0.0021609 0.0656998
v -0.0043138 -0.0047406 0.0657000
v -0.0031368 -0.0031708 0.0660000
v -0.0025004 0.0002492 0.0657545
v -0.0027521 -0.0021609 0.0656998
v -0.0024971 -0.0002513 0.0659500
v -0.0027521 -0.0021609 0.0656998
v -0.0024971 -0.0002513 0.0659500
v -0.0031368 -0.0031708 0.0660000
v -0.0027325 0.0018900 0.0657000
v -0.0025004 0.0002492 0.0657545
v -0.0024298 0.0002841 0.0659999
v -0.0027325 0.0018900 0.0657000
v -0.0024298 0.0002841 0.0659999
v -0.0037013 0.0041133 0.0660000
v -0.0051139 0.0054892 0.0657000
v -0.0037013 0.0041133 0.0660000
v -0.0061891 0.0061968 0.0660000
v -0.0078588 0.0069001 0.0657001
v -0.0051139 0.0054892 0.0657000
v -0.0061891 0.0061968 0.0660000
v -0.0078588 0.0069001 0.0657001
v -0.0061891 0.0061968 0.0660000
v -0.0084212 0.0069527 0.0660000
v -0.0152460 0.0040719 0.0657000
v -0.0134685 0.0057983 0.0657000
v -0.0140343 0.0054446 0.0660000
v -0.0152460 0.0040719 0.0657000
v -0.0140343 0.0054446 0.0660000
v -0.0161324 0.0024468 0.0660000
v -0.0162584 0.0019061 0.0657000
v -0.0152460 0.0040719 0.0657000
v -0.0161324 0.0024468 0.0660000
v -0.0131828 -0.0060098 0.0657000
v -0.0154194 -0.0038517 0.0657000
v -0.0150781 -0.0043975 0.0660000
v -0.0131828 -0.0060098 0.0657000
v -0.0150781 -0.0043975 0.0660000
v -0.0125125 -0.0063478 0.0660000
v -0.0293142 0.0065710 0.0659985
v -0.0287162 0.0068035 0.0658010
v -0.0295438 0.0069000 0.0657991
v -0.0053673 0.0065536 0.0659977
v -0.0038252 0.0069886 0.0659997
v -0.0042988 0.0068948 0.0658002
v -0.0042117 -0.0066900 0.0659981
v -0.0050634 -0.0067855 0.0657998
v -0.0040716 -0.0070483 0.0657986
v -0.0042117 -0.0066900 0.0659981
v -0.0060156 -0.0068369 0.0659986
v -0.0050634 -0.0067855 0.0657998
v -0.0320106 -0.0066729 0.0660000
v -0.0338909 -0.0066091 0.0659818
v -0.0318255 -0.0064375 0.0658013
v -0.0338895 -0.0031895 0.0659842
v -0.0318015 -0.0031648 0.0659997
v -0.0317154 -0.0033921 0.0657974
vn -0.000054 -0.001750 0.999998
vn -0.000786 -0.001674 0.999998
vn -0.002673 -0.001442 0.999995
vn -0.001593 -0.000193 0.999999
vn -0.000814 0.000332 1.000000
vn -0.001001 0.000962 0.999999
vn -0.000260 0.002100 0.999998
vn 0.001414 0.003635 0.999992
vn 0.002294 0.001431 0.999996
vn 0.001743 0.000041 0.999998
vn 0.001091 -0.000494 0.999999
vn 0.001273 -0.001458 0.999998
vn -0.001636 0.000088 0.999999
vn -0.002615 -0.002351 0.999994
vn -0.000503 -0.002157 0.999998
vn -0.000544 0.002165 0.999998
vn -0.000946 0.000867 0.999999
vn -0.000669 0.000272 1.000000
vn 0.002757 0.001034 0.999996
vn 0.002136 0.003517 0.999992
vn 0.001057 -0.003147 0.999994
vn 0.001348 -0.001070 0.999999
vn 0.001750 -0.000255 0.999998
vn 0.028891 0.995936 -0.085299
vn 0.206145 0.926306 0.315376
vn -0.757180 0.630689 0.170027
vn -0.508000 0.861271 -0.012174
vn -0.170805 0.984097 0.048770
vn -0.623581 0.780826 0.038182
vn -0.755570 0.630447 0.177906
vn 0.204407 0.934984 0.289865
vn -0.819478 -0.552296 -0.153053
vn -0.943767 -0.279056 -0.177291
vn -0.940485 -0.273439 -0.201791
vn -0.915299 -0.398497 0.058553
vn -0.764740 -0.598148 -0.239564
vn 0.460065 -0.855718 0.236826
vn 0.444414 -0.844153 0.299837
vn 0.445447 -0.844982 0.295944
vn 0.464161 -0.858333 0.218675
vn 0.624603 0.738177 -0.254884
vn 0.853749 0.513839 -0.084159
vn 0.879697 0.351681 0.320085
vn 0.887382 0.363824 0.283170
vn 0.733488 0.667422 0.128621
vn 0.615178 0.734824 -0.285639
vn -0.000006 -0.000009 1.000000
vn 0.000000 0.000000 1.000000
vn 0.000000 0.000000 1.000000
vn 0.000000 0.000000 1.000000
vn 0.000000 0.000000 1.000000
vn 0.000000 -0.000001 1.000000
vn -0.000002 -0.000002 1.000000
vn 0.000001 0.000003 1.000000
vn 0.000002 -0.000001 1.000000
vn 0.000079 0.000000 1.000000
vn -0.015619 -0.007366 0.999851
vn -0.008948 0.006067 0.999942
vn 0.000003 0.000002 1.000000
vn 0.000003 -0.000013 1.000000
vn -0.000003 -0.000003 1.000000
vn 0.000002 -0.000000 1.000000
vn 0.000000 0.000000 1.000000
vn 0.000000 0.000000 1.000000
vn 0.000000 0.000000 1.000000
vn 0.000000 0.000000 1.000000
vn 0.000000 0.000000 1.000000
vn -0.000005 -0.000003 1.000000
vn -0.000001 -0.000016 1.000000
vn 0.000005 -0.000003 1.000000
vn 0.000003 0.000002 1.000000
vn -0.003975 0.016631 0.999854
vn -0.017593 0.001876 0.999843
vn -0.006474 -0.007127 0.999954
vn 0.000035 0.000009 1.000000
vn 0.000002 0.000001 1.000000
vn -0.000001 0.000002 1.000000
vn -0.602062 0.753569 0.263924
vn -0.472846 0.864692 -0.169485
vn -0.341280 0.901590 0.265824
vn -0.355029 0.907758 0.223448
vn -0.594452 0.777214 0.206313
vn -0.689746 -0.630556 0.355877
vn -0.849173 -0.485157 0.208634
vn -0.900670 -0.411358 0.139920
vn -0.759352 -0.577495 0.299805
vn 0.000415 -0.990064 0.140617
vn -0.000492 -0.991131 0.132887
vn -0.000000 -1.000000 -0.000000
vn -0.006594 -0.999943 0.008425
vn -0.008663 -0.999941 0.006483
vn 0.998982 0.004326 0.044910
vn 0.997374 0.051323 0.051095
vn 0.997616 0.047005 0.050531
vn 0.999017 -0.000000 0.044335
vn 0.070092 0.315578 0.946307
vn 0.080702 0.363019 0.928280
vn 0.000316 0.003443 0.999994
vn 0.012825 0.059417 0.998151
vn -0.000524 1.000000 0.000421
vn -0.000247 1.000000 0.000198
vn 0.000000 1.000000 -0.000000
vn -0.000297 1.000000 0.000239
vn 0.000000 0.000000 -1.000000
vn 0.000000 0.000000 -1.000000
vn 0.000000 0.000000 -1.000000
vn 0.000000 0.000000 -1.000000
vn 0.000000 0.000000 -1.000000
vn 0.000000 0.000000 -1.000000
vn 0.000000 0.000000 -1.000000
vn 0.000000 0.000000 -1.000000
vn 0.000000 0.000000 -1.000000
vn 0.000000 0.000000 -1.000000
vn 0.000000 0.000000 -1.000000
vn 0.000000 0.000000 -1.000000
vn 0.000000 0.000000 -1.000000
vn 0.000000 0.000000 -1.000000
vn 0.000000 0.000000 -1.000000
vn 0.000000 0.000000 -1.000000
vn 0.000000 0.000000 -1.000000
vn 0.000000 0.000000 -1.000000
vn 0.999949 -0.006095 0.008068
vn 0.999985 -0.004081 0.003684
vn 0.999741 -0.011426 0.019670
vn 0.999838 -0.009434 0.015335
vn 0.003806 0.001252 0.999992
vn -0.015596 0.020548 0.999667
vn -0.002017 -0.007501 0.999970
vn 0.000576 -0.000286 1.000000
vn 0.000746 -0.001177 0.999999
vn -0.000964 0.003823 0.999992
vn 0.000980 -0.000158 1.000000
vn 0.001567 0.001460 0.999998
vn -0.000896 0.007752 0.999970
vn 0.003726 0.000315 0.999993
vn -0.005153 0.010481 0.999932
vn 0.011200 0.008007 0.999905
vn 0.005754 0.014336 0.999881
vn 0.002712 0.000904 0.999996
vn -0.006914 0.016738 0.999836
vn -0.013664 0.007567 0.999878
vn -0.007821 -0.000537 0.999969
vn -0.000240 -0.000226 1.000000
vn -0.002645 -0.000326 0.999996
vn -0.001604 0.002616 0.999995
vn -0.000307 0.000475 1.000000
vn -0.014771 0.004583 0.999880
vn -0.017497 -0.005439 0.999832
vn -0.006214 -0.011930 0.999910
vn -0.001513 -0.007218 0.999973
vn -0.002823 -0.000841 0.999996
vn -0.000203 -0.000451 1.000000
vn 0.000886 -0.001058 0.999999
vn -0.000900 -0.004277 0.999990
vn -0.005302 -0.015032 0.999873
vn 0.006031 -0.016837 0.999840
vn 0.011184 -0.007682 0.999908
vn -0.000353 0.008167 0.999967
vn 0.000000 0.000000 1.000000
vn 0.000000 0.000000 1.000000
vn 0.000000 0.000000 1.000000
vn 0.000000 0.000000 1.000000
vn -0.000116 -0.004054 0.999992
vn 0.006529 0.018596 0.999806
vn -0.004806 0.015991 0.999861
vn -0.001611 0.005948 0.999981
vn 0.000979 0.001321 0.999999
vn -0.000583 0.000012 1.000000
vn -0.002533 0.001318 0.999996
vn -0.001630 0.009865 0.999950
vn 0.002200 0.013667 0.999904
vn -0.000148 0.000102 1.000000
vn -0.000434 -0.000049 1.000000
vn 0.001784 0.007847 0.999968
vn 0.000118 0.006553 0.999979
vn 0.000113 -0.003129 0.999995
vn -0.000215 0.000090 1.000000
vn -0.000391 0.000207 1.000000
vn -0.010827 0.008476 0.999905
vn -0.000246 -0.000186 1.000000
vn -0.000073 -0.000017 1.000000
vn 0.009112 -0.000041 0.999958
vn 0.012068 0.007595 0.999898
vn 0.001314 0.018273 0.999832
vn -0.000534 0.000159 1.000000
vn -0.000833 0.000632 0.999999
vn -0.011449 -0.009008 0.999894
vn 0.003273 -0.016862 0.999852
vn 0.012081 -0.007186 0.999901
vn 0.011919 0.000032 0.999929
vn 0.001137 0.000984 0.999999
vn -0.013786 0.007324 0.999878
vn -0.015008 0.000049 0.999887
vn -0.001428 -0.000809 0.999999
vn 0.000420 -0.000134 1.000000
vn 0.001418 -0.000265 0.999999
vn 0.008734 0.009752 0.999914
vn -0.003699 0.017115 0.999847
vn -0.015166 0.003420 0.999879
vn -0.015771 -0.005589 0.999860
vn -0.001451 -0.015016 0.999886
vn 0.003572 -0.015014 0.999881
vn 0.000149 0.000607 1.000000
vn 0.001098 0.001076 0.999999
vn -0.000097 0.000191 1.000000
vn 0.401120 -0.874066 -0.274062
vn 0.296371 -0.954157 -0.041827
vn 0.029716 -0.977502 0.208824
vn 0.031627 -0.972732 0.229766
vn 0.165643 -0.985290 0.042012
vn 0.408150 -0.880888 -0.239685
vn 0.875505 0.356336 -0.326367
vn 0.998013 0.042233 -0.046763
vn 0.967866 -0.096566 -0.232185
vn 0.971991 -0.098853 -0.213219
vn 0.981469 0.189878 0.025791
vn 0.869741 0.355805 -0.341985
vn 0.254104 0.935224 -0.246552
vn 0.324101 0.900408 0.290215
vn 0.247682 0.928753 -0.275811
vn 0.322676 0.909599 0.261744
vn 0.999923 0.011428 -0.004912
vn 0.999965 0.007365 0.004004
vn 0.999821 0.000561 0.018930
vn 0.999606 -0.003505 0.027847
vn 0.706967 -0.706967 0.019894
vn 0.703806 -0.710070 0.021379
vn 0.691469 -0.721897 0.027102
vn 0.694850 -0.718701 0.025545
vn 0.009892 -0.999906 0.009496
vn -0.001771 -0.999824 0.018695
vn -0.001776 -0.999760 0.021827
vn 0.001168 -0.997261 0.073955
vn -0.014343 -0.997121 0.074462
vn 0.008089 -0.999193 0.039336
vn 0.003214 -0.999779 0.020785
vn 0.000302 -0.999721 0.023630
vn -0.706967 -0.706967 0.019882
vn -0.710068 -0.703808 0.021415
vn -0.721436 -0.691951 0.027101
vn -0.718327 -0.695237 0.025536
vn -0.999905 -0.009748 0.009748
vn -0.999847 0.003487 0.017154
vn -0.999709 0.003493 0.023869
vn -0.997221 -0.002637 0.074454
vn -0.997133 0.013724 0.074416
vn -0.999219 -0.008169 0.038657
vn -0.999777 -0.002866 0.020907
vn -0.999724 -0.000506 0.023467
vn -0.706969 0.706971 0.019646
vn -0.703707 0.710173 0.021231
vn -0.691471 0.721896 0.027102
vn -0.694862 0.718691 0.025486
vn -0.009748 0.999905 0.009748
vn 0.009687 0.999910 0.009299
vn 0.013724 0.997133 0.074418
vn -0.008169 0.999219 0.038657
vn 0.007741 0.999216 0.038822
vn -0.014554 0.997117 0.074476
vn 0.001609 0.997494 0.070730
vn 0.000071 0.998792 0.049133
vn -0.002866 0.999777 0.020908
vn 0.000000 0.999876 0.015718
vn 0.000496 0.999746 0.022528
vn 0.002929 0.999781 0.020736
vn 0.751671 0.008233 0.659487
vn 0.645032 0.298516 0.703436
vn 0.575550 0.678406 0.456627
vn 0.652974 0.251879 0.714270
vn 0.571032 0.665991 0.479978
vn 0.993676 0.079773 0.079024
vn 0.996365 0.065509 0.054450
vn 0.997937 0.054020 0.034691
vn 0.999194 0.039097 0.009070
vn 0.000000 0.000000 1.000000
vn 0.000000 0.000000 1.000000
vn 0.000000 0.000000 1.000000
vn 0.000000 0.000000 1.000000
vn 0.000000 0.000000 1.000000
vn 0.000000 0.000000 1.000000
vn 0.000000 0.000000 1.000000
vn 0.000000 0.000000 1.000000
vn 0.000000 0.000000 1.000000
vn 0.000000 0.000000 1.000000
vn 0.000000 0.000000 1.000000
vn 0.000000 0.000000 1.000000
vn 0.000000 0.000000 1.000000
vn -0.999136 0.028591 0.030157
vn -0.998704 0.014363 0.048820
vn -0.955904 0.293465 0.011204
vn -0.845454 0.534003 0.006980
vn -0.849258 0.527976 0.001244
vn -0.956881 0.290469 -0.002672
vn -0.349961 0.935839 0.041628
vn 0.705670 0.708445 -0.011627
vn 0.677650 0.734983 0.024320
vn -0.272060 0.961091 0.047818
vn 0.244178 0.968627 0.046249
vn -0.242893 0.969860 0.019331
vn -0.350384 0.936601 -0.003170
vn 0.454023 0.890850 -0.015804
vn -0.800487 -0.010124 0.599265
vn -0.130655 0.625721 0.769027
vn -0.295393 0.622709 0.724552
vn -0.629378 0.251905 0.735137
vn -0.496031 0.567055 0.657573
vn -0.721374 0.105738 0.684427
vn 0.601710 0.181510 0.777817
vn 0.992608 0.055101 0.108133
vn 0.997065 0.048089 0.059580
vn 0.941141 0.126352 0.313510
vn 0.508808 0.860049 0.037803
vn 0.932792 0.359000 0.031912
vn -0.651708 0.758405 0.009912
vn -0.140683 0.988792 0.049978
vn -0.435740 0.899772 -0.023265
vn -0.758762 0.641822 -0.111106
vn 0.774333 0.617797 0.136872
vn 0.264186 0.963773 -0.036704
vn 0.000000 0.000000 1.000000
vn 0.000000 0.000000 1.000000
vn 0.000000 0.000000 1.000000
vn 0.000000 0.000000 1.000000
vn 0.000000 0.000000 1.000000
vn 0.000000 0.000000 1.000000
vn 0.000000 0.000000 1.000000
vn 0.000000 0.000000 1.000000
vn 0.000000 0.000000 1.000000
vn 0.000000 0.000000 1.000000
vn 0.000000 0.000000 1.000000
vn 0.000000 0.000000 1.000000
vn 0.000000 0.000000 1.000000
vn -0.994402 0.070817 0.078419
vn -0.995117 0.067099 0.072388
vn -0.996219 0.060753 0.062099
vn -0.995649 0.064139 0.067589
vn 0.620633 0.746183 0.240887
vn 0.145015 0.601741 0.785416
vn -0.023165 0.554201 0.832060
vn 0.607038 0.741968 0.284586
vn 0.225489 0.587010 0.777543
vn -0.690852 -0.012157 0.722894
vn -0.452237 0.365928 0.813375
vn -0.698813 0.155712 0.698151
vn -0.421747 0.357649 0.833197
vn -0.669496 0.254555 0.697837
vn 0.706979 0.706978 0.019039
vn 0.710759 0.703124 0.020915
vn 0.724531 0.688679 0.027844
vn 0.720783 0.692675 0.025943
vn -0.632896 -0.773444 -0.035023
vn -0.601029 -0.799048 -0.016918
vn -0.549588 -0.835363 0.011036
vn -0.513807 -0.857393 0.029663
vn -0.995842 0.071235 0.056785
vn -0.994728 0.091315 0.046671
vn -0.990741 0.133384 0.025326
vn -0.992320 0.119358 0.032465
vn 0.020408 0.999574 -0.020842
vn -0.356434 0.933950 -0.026315
vn -0.695962 0.716065 -0.053740
vn -0.176699 0.983575 0.036854
vn -0.325673 0.944938 0.032083
vn 0.712026 0.701663 -0.026230
vn 0.690428 0.723182 -0.017784
vn 0.598132 0.801241 0.015823
vn 0.625013 0.780588 0.006407
vn 0.986120 -0.159319 -0.046749
vn 0.995535 -0.091788 -0.022042
vn 0.994251 0.096447 0.046513
vn 0.999220 0.032017 0.023100
vn 0.422399 -0.905918 0.029863
vn 0.444371 -0.895692 0.016449
vn 0.473535 -0.880774 -0.001708
vn 0.493555 -0.869595 -0.014416
vn 0.000000 0.000000 -1.000000
vn 0.000000 0.000000 -1.000000
vn 0.000000 0.000000 -1.000000
vn 0.000000 0.000000 -1.000000
vn 0.000000 0.000000 -1.000000
vn 0.000000 0.000000 -1.000000
vn 0.000000 0.000000 -1.000000
vn 0.000000 0.000000 -1.000000
vn 0.000000 0.000000 -1.000000
vn 0.000000 0.000000 -1.000000
vn 0.000000 0.000000 -1.000000
vn 0.000000 0.000000 -1.000000
vn 0.000000 0.000000 -1.000000
vn 0.000000 0.000000 -1.000000
vn 0.000000 0.000000 -1.000000
vn 0.000000 0.000000 -1.000000
vn 0.000000 0.000000 -1.000000
vn 0.000000 0.000000 -1.000000
vn 0.000000 0.000000 -1.000000
vn 0.000000 0.000000 -1.000000
vn 0.000000 0.000000 -1.000000
vn 0.000000 0.000000 -1.000000
vn 0.000000 0.000000 -1.000000
vn 0.000000 0.000000 -1.000000
vn 0.000000 0.000000 -1.000000
vn 0.000000 0.000000 -1.000000
vn 0.000000 0.000000 -1.000000
vn 0.000000 0.000000 -1.000000
vn 0.000000 0.000000 -1.000000
vn 0.000000 0.000000 -1.000000
vn 0.000000 0.000000 -1.000000
vn 0.000000 0.000000 -1.000000
vn 0.000000 0.000000 -1.000000
vn 0.000000 0.000000 -1.000000
vn 0.000000 0.000000 -1.000000
vn 0.000000 0.000000 -1.000000
vn 0.000000 0.000000 -1.000000
vn 0.000000 0.000000 -1.000000
vn 0.000000 0.000000 -1.000000
vn 0.000000 0.000000 -1.000000
vn 0.000000 0.000000 -1.000000
vn 0.000000 0.000000 -1.000000
vn 0.000000 0.000000 -1.000000
vn 0.000000 0.000000 -1.000000
vn 0.000000 0.000000 -1.000000
vn 0.000000 0.000000 -1.000000
vn 0.000000 0.000000 -1.000000
vn 0.000000 0.000000 -1.000000
vn 0.000000 0.000000 -1.000000
vn 0.000000 0.000000 -1.000000
vn 0.000000 0.000000 -1.000000
vn 0.000000 0.000000 -1.000000
vn 0.000000 0.000000 -1.000000
vn 0.000000 0.000000 -1.000000
vn 0.000000 0.000000 -1.000000
vn 0.000000 0.000000 -1.000000
vn 0.000000 0.000000 -1.000000
vn 0.000000 0.000000 -1.000000
vn 0.000000 0.000000 -1.000000
vn 0.000000 0.000000 -1.000000
vn 0.000000 0.000000 -1.000000
vn 0.000000 0.000000 -1.000000
vn 0.000000 0.000000 -1.000000
vn 0.000000 0.000000 -1.000000
vn 0.000000 0.000000 -1.000000
vn 0.000000 0.000000 -1.000000
vn 0.000000 0.000000 -1.000000
vn 0.000000 0.000000 -1.000000
vn 0.000000 0.000000 -1.000000
vn 0.000000 0.000000 -1.000000
vn 0.000000 0.000000 -1.000000
vn 0.000000 0.000000 -1.000000
vn 0.000000 0.000000 -1.000000
vn 0.000000 0.000000 -1.000000
vn -0.703554 0.710488 0.014797
vn -0.708562 0.705648 0.000403
vn -0.705545 0.708606 0.009136
vn -0.710529 0.703647 -0.005398
vn -0.998782 0.001532 -0.049309
vn -0.999981 0.000308 -0.006183
vn -0.999985 0.000285 -0.005388
vn -0.998829 0.001505 -0.048364
vn -0.798228 -0.591364 0.114542
vn -0.735620 -0.673442 -0.073065
vn -0.778318 -0.626437 0.042405
vn -0.703266 -0.696404 -0.142965
vn -0.001632 -0.994659 0.103199
vn 0.000068 -0.999991 -0.004289
vn -0.001617 -0.994754 0.102284
vn 0.000085 -0.999985 -0.005389
vn 0.705648 -0.708563 0.000400
vn 0.710488 -0.703554 0.014797
vn 0.703646 -0.710530 -0.005402
vn 0.708606 -0.705545 0.009135
vn 0.999893 -0.000282 -0.014604
vn 0.999985 0.000285 0.005387
vn 0.999888 -0.000292 -0.014963
vn 0.999987 0.000275 0.005019
vn 0.710528 0.703649 0.005396
vn 0.705544 0.708607 -0.009136
vn 0.708561 0.705650 -0.000404
vn 0.703553 0.710488 -0.014797
vn 0.000237 0.999888 0.014967
vn -0.000232 0.999892 -0.014675
vn -0.000237 0.999888 -0.014969
vn 0.000232 0.999892 0.014673
vn -0.257410 -0.965347 0.042950
vn -0.754360 -0.655933 0.026323
vn 0.207432 -0.977109 0.047221
vn -0.921287 -0.382311 -0.071192
vn -0.620076 -0.783056 -0.048264
vn -0.087078 -0.995708 -0.031358
vn -0.916502 0.392242 0.078549
vn -0.887602 0.457942 0.049506
vn -0.777099 0.628455 -0.034084
vn -0.829735 0.558155 0.002016
vn 0.022304 0.999748 0.002466
vn 0.020654 0.999785 0.001660
vn 0.026819 0.999629 0.004673
vn 0.025117 0.999677 0.003841
vn 0.000000 0.000000 1.000000
vn 0.000000 0.000000 1.000000
vn 0.000000 0.000000 1.000000
vn 0.000000 0.000000 1.000000
vn 0.000000 0.000000 1.000000
vn 0.000000 0.000000 1.000000
vn 0.000000 0.000000 1.000000
vn 0.000000 0.000000 1.000000
vn 0.000000 0.000000 1.000000
vn 0.000000 0.000000 1.000000
vn 0.000000 0.000000 1.000000
vn 0.000000 0.000000 1.000000
vn 0.994812 -0.064728 0.078483
vn 0.997167 -0.050059 0.056140
vn -0.155717 -0.986931 0.041461
vn 0.934478 -0.354814 0.029284
vn 0.368926 -0.927958 0.052804
vn 0.018623 -0.999745 -0.012776
vn 0.645165 -0.763712 -0.022504
vn 0.964916 -0.262509 0.005136
vn -0.256022 -0.966152 -0.031683
vn -0.994667 -0.067273 0.078177
vn -0.997447 -0.049986 0.051007
vn -0.799037 -0.600873 0.022165
vn -0.946111 -0.323755 0.007558
vn -0.952121 -0.305387 0.014331
vn -0.810993 -0.585029 0.005632
vn -0.675567 -0.226935 0.701506
vn -0.669072 -0.543811 0.506569
vn -0.735828 0.008798 0.677112
vn -0.674021 -0.193901 0.712810
vn -0.662312 -0.531911 0.527650
vn 0.731145 0.013801 0.682083
vn 0.367626 -0.543744 0.754449
vn 0.681069 -0.198739 0.704733
vn 0.197707 -0.566087 0.800286
vn 0.516560 -0.498985 0.695830
vn 0.680611 -0.172429 0.712065
vn 0.819047 0.573215 0.024199
vn 0.846578 0.532256 0.003151
vn 0.902618 0.427832 -0.047333
vn 0.883461 0.467632 -0.028586
vn 0.903495 -0.426984 0.037156
vn 0.875621 -0.482791 0.014193
vn 0.786777 -0.615613 -0.044746
vn 0.822395 -0.568451 -0.023042
vn -0.837124 -0.546120 0.031235
vn -0.951435 0.306023 0.033495
vn -0.319548 0.946845 0.037062
vn 0.494455 0.868855 0.024601
vn 0.788470 0.614743 0.020150
vn 0.350350 -0.936205 0.027851
vn -0.145182 -0.988832 0.033662
vn 0.134255 0.989950 -0.044432
vn -0.749542 0.660957 -0.036366
vn -0.997534 -0.064467 -0.027734
vn -0.656532 -0.753789 -0.027715
vn 0.138432 -0.990035 -0.025818
vn 0.504937 -0.862785 -0.025305
vn 0.676287 0.735767 -0.035804
vn 0.000000 0.000000 1.000000
vn 0.000000 0.000000 1.000000
vn 0.000000 0.000000 1.000000
vn 0.000000 0.000000 1.000000
vn 0.000000 0.000000 1.000000
vn 0.000000 0.000000 1.000000
vn 0.000000 0.000000 1.000000
vn 0.000000 0.000000 1.000000
vn 0.000000 0.000000 1.000000
vn 0.000000 0.000000 1.000000
vn 0.000000 0.000000 1.000000
vn 0.000000 0.000000 1.000000
vn 0.000000 0.000000 1.000000
vn -0.085661 -0.993081 0.080330
vn -0.069726 -0.996207 0.052049
vn -0.039099 -0.999233 -0.002098
vn -0.056329 -0.998010 0.028330
vn -0.658034 0.752952 -0.007311
vn -0.618962 0.784457 0.038903
vn -0.657901 0.753070 -0.007147
vn -0.693474 0.718550 -0.052728
vn -0.999815 0.008602 0.017179
vn -0.999207 0.024023 0.031746
vn -0.999964 -0.008398 0.001116
vn -0.999824 0.008257 0.016853
vn -0.725509 -0.688080 0.013537
vn -0.734320 -0.678802 0.001437
vn -0.743358 -0.668798 -0.011313
vn -0.734781 -0.678304 0.000795
vn -0.075697 0.994016 0.078750
vn -0.056301 0.997345 0.046177
vn -0.021474 0.999696 -0.012133
vn -0.043098 0.998781 0.024045
vn -0.480767 0.754756 0.446325
vn -0.377310 0.422320 0.824186
vn -0.474002 0.720327 0.506410
vn -0.360024 0.379321 0.852349
vn -0.601352 -0.308997 0.736815
vn -0.564973 -0.657476 0.498529
vn -0.901068 0.022853 0.433075
vn -0.700807 -0.156874 0.695888
vn -0.556071 -0.633103 0.538485
vn -0.895754 0.020796 0.444063
vn 0.975606 -0.219319 0.009634
vn 0.970707 -0.239608 0.017747
vn 0.983558 -0.180502 -0.005779
vn 0.987101 -0.159482 -0.014068
vn -0.123048 -0.992271 0.016016
vn -0.140073 -0.990102 0.008794
vn -0.094563 -0.995124 0.028048
vn -0.080993 -0.996143 0.033756
vn -0.804809 -0.593294 -0.016840
vn -0.783911 -0.620247 -0.027886
vn -0.855038 -0.518417 0.012446
vn -0.872473 -0.488083 0.023789
vn -0.966674 0.254212 -0.030293
vn -0.970870 0.238373 -0.024268
vn -0.984316 0.176412 -0.000888
vn -0.980428 0.196694 -0.008508
vn -0.315833 0.947817 -0.043499
vn -0.365360 0.930473 -0.027047
vn -0.523202 0.851726 0.028676
vn -0.471668 0.881721 0.009882
vn 0.686128 -0.726560 -0.036595
vn 0.914539 -0.403674 -0.025790
vn 0.914020 0.404083 -0.035845
vn 0.571411 0.820087 -0.030784
vn 0.311870 0.948705 0.051919
vn 0.721992 0.690934 0.036574
vn 0.987708 -0.152512 0.034246
vn 0.805249 -0.592619 0.019417
vn 0.494813 -0.853921 -0.161184
vn 0.229902 -0.968863 0.091917
vn -0.157687 -0.962212 -0.221999
vn 0.176901 -0.983814 0.028582
vn 0.500917 -0.843399 -0.194319
vn -0.174028 -0.945880 -0.273908
vn 0.895722 -0.404963 -0.183541
vn 0.838143 -0.513385 0.184263
vn 0.857226 -0.500159 0.122490
vn 0.892422 -0.381619 -0.240726
vn 0.957609 0.258716 -0.126694
vn 0.948306 0.124468 0.291929
vn 0.961792 0.146735 0.231140
vn 0.939884 0.277498 -0.199031
vn 0.442959 0.896320 0.019932
vn 0.678508 0.729754 0.084176
vn -0.529863 -0.814739 0.235468
vn -0.743323 -0.667324 -0.046362
vn -0.968175 -0.245617 -0.048068
vn -0.953588 0.291688 -0.074747
vn -0.699877 0.713945 -0.021321
vn -0.180800 0.982743 -0.039085
vn 0.674779 0.731462 0.098169
vn 0.492707 0.870115 0.011785
vn 0.048702 0.998279 0.032659
vn -0.476324 0.872082 0.112194
vn -0.844734 0.534684 0.023187
vn -0.997919 0.018167 0.061862
vn -0.874018 -0.485579 0.017462
vn -0.573154 -0.804404 0.156299
vn 0.000000 0.000000 1.000000
vn 0.000000 0.000000 1.000000
vn 0.000000 0.000000 1.000000
vn 0.000000 0.000000 1.000000
vn 0.000000 0.000000 1.000000
vn 0.000000 0.000000 1.000000
vn 0.000000 0.000000 1.000000
vn 0.000000 0.000000 1.000000
vn 0.000000 0.000000 1.000000
vn 0.000000 0.000000 1.000000
vn 0.000000 0.000000 1.000000
vn 0.000000 0.000000 1.000000
vn 0.000000 0.000000 1.000000
vn 0.000000 0.000000 1.000000
vn 0.000000 0.000000 1.000000
vn 0.000000 0.000000 1.000000
vn 0.000000 0.000000 1.000000
vn 0.000000 0.000000 1.000000
vn 0.000000 0.000000 1.000000
vn 0.000000 0.000000 1.000000
vn 0.000000 0.000000 1.000000
vn 0.000000 0.000000 1.000000
vn 0.000000 0.000000 1.000000
vn 0.195033 0.980791 0.003171
vn 0.641029 0.767492 0.006148
vn 0.929634 0.368433 0.006134
vn 0.979177 -0.202290 0.017052
vn 0.724580 -0.689133 0.008927
vn 0.294645 -0.955475 0.015842
vn -0.240967 -0.970383 0.017081
vn -0.739492 -0.672611 0.027301
vn -0.972004 -0.233807 0.023304
vn -0.962541 0.269217 0.032209
vn -0.661750 0.749426 0.021148
vn -0.211262 0.977403 0.007161
vn -0.997476 0.068230 -0.019668
vn -0.927242 -0.373733 -0.023384
vn -0.617695 -0.786261 -0.015689
vn -0.169130 -0.985348 -0.022026
vn 0.293428 -0.955976 -0.003199
vn -0.263551 0.964627 0.005951
vn -0.614979 0.788166 -0.024391
vn -0.877259 0.479881 -0.011476
vn 0.783249 -0.621283 -0.023015
vn 0.996728 -0.078624 -0.018739
vn 0.900970 0.433830 -0.006658
vn 0.582926 0.812523 -0.002159
vn 0.126070 0.992004 -0.005951
vn -0.712992 -0.048514 0.699492
vn -0.550187 -0.430926 0.715260
vn -0.192011 -0.683476 0.704267
vn -0.146648 0.699728 0.699196
vn -0.489486 0.514024 0.704403
vn -0.667127 0.251627 0.701160
vn 0.653215 0.280660 0.703235
vn 0.357124 0.623979 0.695063
vn 0.269742 -0.653930 0.706835
vn 0.597949 -0.426790 0.678460
vn 0.694948 -0.139673 0.705364
vn -0.695716 0.065640 0.715311
vn -0.720791 -0.274763 0.636369
vn -0.439626 -0.604329 0.664466
vn -0.074123 -0.714309 0.695894
vn 0.156342 -0.713426 0.683067
vn -0.210791 0.654910 0.725714
vn -0.415960 0.580153 0.700285
vn -0.622511 0.349603 0.700184
vn 0.554399 -0.462499 0.691908
vn 0.728299 -0.025165 0.684797
vn 0.621503 0.313683 0.717870
vn 0.441840 0.554727 0.705022
vn 0.117796 0.799487 0.589020
vn -0.989570 0.140394 -0.032255
vn -0.882179 -0.469636 -0.034670
vn -0.446059 -0.894724 -0.022364
vn -0.644169 -0.764696 0.016928
vn -0.997090 -0.074667 0.015363
vn -0.949918 0.312381 0.008556
vn -0.321116 -0.947001 0.008628
vn -0.354231 0.935089 -0.011328
vn -0.365559 0.930753 -0.008152
vn -0.423656 0.905784 0.008418
vn -0.412232 0.911064 0.005122
vn 0.509562 0.860432 0.001847
vn 0.500262 0.865873 -0.001244
vn 0.540477 0.841269 0.012275
vn 0.548587 0.835958 0.015052
vn 0.999839 -0.014857 -0.010076
vn 0.999885 -0.009898 -0.011451
vn 0.999393 -0.034542 -0.004616
vn 0.999189 -0.040143 -0.003062
vn 0.546576 -0.837340 -0.010771
vn 0.532989 -0.845991 -0.014909
vn 0.612219 -0.790626 0.009956
vn 0.598995 -0.800733 0.005676
vn 0.363514 -0.931487 -0.013775
vn 0.681633 -0.731532 -0.015367
vn 0.433391 0.900546 -0.034476
vn -0.148222 0.988262 -0.036982
vn -0.890991 0.453236 -0.026686
vn -0.917673 -0.396684 -0.022768
vn -0.342760 -0.939240 -0.018511
vn 0.132826 -0.990929 0.020429
vn -0.645154 -0.763704 0.023091
vn -0.999277 -0.027647 0.026107
vn -0.621606 0.782699 0.031427
vn 0.310804 0.950016 0.029489
vn 0.706024 0.707553 0.029989
vn 0.553475 -0.832695 0.016861
vn 0.999276 0.036512 0.010664
vn 0.999798 0.019415 0.005226
vn 0.997443 -0.067825 -0.022517
vn 0.998660 -0.049043 -0.016545
vn -0.310112 -0.950651 -0.009637
vn -0.304741 -0.952400 -0.008172
vn -0.281250 -0.959633 -0.001795
vn -0.275195 -0.961388 -0.000159
vn -0.953376 -0.300925 -0.022784
vn -0.946856 -0.321134 -0.018340
vn -0.898659 -0.438568 0.008359
vn -0.909599 -0.415477 0.002986
vn 0.889087 -0.457352 -0.018811
vn 0.961196 0.275403 -0.015999
vn 0.487343 0.873018 -0.018319
vn -0.362036 0.931769 -0.027139
vn -0.770502 0.636963 -0.024587
vn 0.624766 -0.780636 -0.016587
vn -0.930899 0.363904 0.031629
vn -0.691139 0.722360 0.022874
vn 0.004750 0.999842 0.017148
vn 0.677320 0.735495 0.016883
vn 0.999497 0.026709 0.017098
vn 0.763849 -0.645293 0.011437
vn 0.516708 -0.856111 0.009370
vn -0.971514 0.235741 -0.024225
vn -0.971898 -0.234154 -0.024204
vn -0.521343 -0.853243 -0.013307
vn -0.214972 -0.976566 -0.010253
vn -0.728841 -0.684359 0.021040
vn -0.999445 0.031207 0.011668
vn -0.928077 0.372302 0.008008
vn -0.361010 -0.932388 0.018014
vn -0.193238 0.980851 -0.024276
vn -0.216763 0.976061 -0.017877
vn -0.332072 0.943147 0.014199
vn -0.306411 0.951874 0.006955
vn 0.652208 0.757980 -0.009508
vn 0.638544 0.769561 -0.006144
vn 0.553189 0.832941 0.013834
vn 0.567207 0.823506 0.010665
vn 0.998273 0.056767 -0.015109
vn 0.997015 0.076507 -0.010391
vn 0.984413 0.175359 0.013417
vn 0.987660 0.156364 0.008819
vn 0.589646 -0.807632 0.006905
vn 0.586830 -0.809689 0.005861
vn 0.600967 -0.799196 0.011128
vn 0.598506 -0.801053 0.010206
vn -0.001562 -0.999050 -0.043552
vn 0.001493 -0.999133 0.041616
vn -0.001493 -0.999132 -0.041619
vn 0.001563 -0.999050 0.043549
vn -0.999085 -0.000654 0.042756
vn -0.999049 0.000667 -0.043591
vn -0.999050 -0.000667 0.043581
vn -0.999085 0.000654 -0.042766
vn -0.001493 0.999133 0.041616
vn 0.001563 0.999050 -0.043549
vn -0.001562 0.999050 0.043549
vn 0.001493 0.999133 -0.041616
vn 0.999085 0.000654 0.042766
vn 0.999050 -0.000667 -0.043581
vn 0.999085 -0.000654 -0.042756
vn 0.999049 0.000667 0.043591
vn 0.000000 0.000000 1.000000
vn 0.000000 0.000000 1.000000
vn 0.000000 0.000000 1.000000
vn 0.000000 0.000000 1.000000
vn -0.921908 0.212843 -0.323701
vn -0.921908 0.212843 -0.323701
vn -0.921908 0.212843 -0.323701
vn -0.918136 0.113478 0.379670
vn -0.918136 0.113478 0.379670
vn -0.918136 0.113478 0.379670
vn -0.620028 -0.627294 0.471240
vn -0.620028 -0.627294 0.471240
vn -0.620028 -0.627294 0.471240
vn -0.317131 -0.791220 -0.522876
vn -0.317131 -0.791220 -0.522876
vn -0.317131 -0.791220 -0.522876
vn -0.115588 -0.797442 0.592220
vn -0.115588 -0.797442 0.592220
vn -0.115588 -0.797442 0.592220
vn 0.059597 -0.922106 -0.382320
vn 0.059597 -0.922106 -0.382320
vn 0.059597 -0.922106 -0.382320
vn 0.715825 -0.612722 -0.334913
vn 0.715825 -0.612722 -0.334913
vn 0.715825 -0.612722 -0.334913
vn 0.780298 -0.477592 0.403783
vn 0.780298 -0.477592 0.403783
vn 0.780298 -0.477592 0.403783
vn 0.916211 -0.273080 -0.293232
vn 0.916211 -0.273080 -0.293232
vn 0.916211 -0.273080 -0.293232
vn 0.931243 -0.096588 0.351364
vn 0.931243 -0.096588 0.351364
vn 0.931243 -0.096588 0.351364
vn 0.930283 0.072195 -0.359668
vn 0.930283 0.072195 -0.359668
vn 0.930283 0.072195 -0.359668
vn -0.034583 0.940984 0.336679
vn -0.034583 0.940984 0.336679
vn -0.034583 0.940984 0.336679
vn -0.145028 0.930949 -0.335113
vn -0.145028 0.930949 -0.335113
vn -0.145028 0.930949 -0.335113
vn -0.674636 0.590497 -0.442921
vn -0.674636 0.590497 -0.442921
vn -0.674636 0.590497 -0.442921
vn -0.718447 0.434978 0.542797
vn -0.718447 0.434978 0.542797
vn -0.718447 0.434978 0.542797
vn -0.961339 0.094521 0.258637
vn -0.961339 0.094521 0.258637
vn -0.961339 0.094521 0.258637
vn -0.852151 0.178282 -0.491991
vn -0.852151 0.178282 -0.491991
vn -0.852151 0.178282 -0.491991
vn -0.948677 -0.124490 0.290714
vn -0.948677 -0.124490 0.290714
vn -0.948677 -0.124490 0.290714
vn -0.766693 -0.254572 -0.589385
vn -0.766693 -0.254572 -0.589385
vn -0.766693 -0.254572 -0.589385
vn -0.575915 -0.687674 -0.442071
vn -0.575915 -0.687674 -0.442071
vn -0.575915 -0.687674 -0.442071
vn -0.415440 -0.808213 0.417375
vn -0.415440 -0.808213 0.417375
vn -0.415440 -0.808213 0.417375
vn -0.294110 -0.868413 -0.399196
vn -0.294110 -0.868413 -0.399196
vn -0.294110 -0.868413 -0.399196
vn 0.630958 -0.649618 0.424132
vn 0.630958 -0.649618 0.424132
vn 0.630958 -0.649618 0.424132
vn 0.675847 -0.473026 -0.565223
vn 0.675847 -0.473026 -0.565223
vn 0.675847 -0.473026 -0.565223
vn 0.845955 -0.395439 0.357755
vn 0.845955 -0.395439 0.357755
vn 0.845955 -0.395439 0.357755
vn 0.616217 0.638611 0.460925
vn 0.616217 0.638611 0.460925
vn 0.616217 0.638611 0.460925
vn 0.550771 0.724534 -0.414369
vn 0.550771 0.724534 -0.414369
vn 0.550771 0.724534 -0.414369
vn 0.062114 0.548683 0.833720
vn 0.062114 0.548683 0.833720
vn 0.062114 0.548683 0.833720
vn -0.266804 0.945019 0.189087
vn -0.266804 0.945019 0.189087
vn -0.266804 0.945019 0.189087
vn -0.137416 -0.522414 0.841546
vn -0.137416 -0.522414 0.841546
vn -0.137416 -0.522414 0.841546
vn 0.080488 -0.988267 0.129807
vn 0.080488 -0.988267 0.129807
vn 0.080488 -0.988267 0.129807
vn 0.014238 0.638325 0.769636
vn 0.014238 0.638325 0.769636
vn 0.014238 0.638325 0.769636
vn 0.002328 -0.664196 0.747555
vn 0.002328 -0.664196 0.747555
vn 0.002328 -0.664196 0.747555
f 1259//1259 1250//1250 1260//1260
f 1244//1244 1254//1254 1245//1245
f 1244//1244 1255//1255 1254//1254
f 1244//1244 1243//1243 1255//1255
f 1243//1243 1256//1256 1255//1255
f 1243//1243 1251//1251 1256//1256
f 1243//1243 1242//1242 1251//1251
f 1245//1245 1254//1254 1246//1246
f 1246//1246 1254//1254 1258//1258
f 1251//1251 1242//1242 1252//1252
f 1242//1242 1241//1241 1252//1252
f 1241//1241 1240//1240 1252//1252
f 1258//1258 1257//1257 1247//1247
f 1252//1252 1240//1240 1253//1253
f 1257//1257 1248//1248 1247//1247
f 1253//1253 1240//1240 1239//1239
f 1257//1257 1261//1261 1248//1248
f 1253//1253 1239//1239 1259//1259
f 1261//1261 1249//1249 1248//1248
f 1259//1259 1239//1239 1250//1250
f 1261//1261 1260//1260 1249//1249
f 1260//1260 1250//1250 1249//1249
f 1246//1246 1258//1258 1247//1247
f 1262//1262 1269//1269 1266//1266
f 1264//1264 1265//1265 1267//1267
f 1262//1262 1263//1263 1269//1269
f 1265//1265 1262//1262 1266//1266
f 1264//1264 1267//1267 1268//1268
f 1265//1265 1266//1266 1267//1267
f 1271//1271 1272//1272 1273//1273
f 1270//1270 1271//1271 1273//1273
f 1270//1270 1273//1273 1274//1274
f 1275//1275 1276//1276 1277//1277
f 1275//1275 1277//1277 1278//1278
f 1279//1279 1283//1283 1284//1284
f 1279//1279 1280//1280 1283//1283
f 1280//1280 1282//1282 1283//1283
f 1280//1280 1281//1281 1282//1282
f 1299//1299 1291//1291 1290//1290
f 1299//1299 1290//1290 1300//1300
f 1311//1311 1310//1310 1296//1296
f 1311//1311 1296//1296 1295//1295
f 1312//1312 1311//1311 1295//1295
f 1315//1315 1291//1291 1299//1299
f 1313//1313 1312//1312 1294//1294
f 1312//1312 1295//1295 1294//1294
f 1314//1314 1292//1292 1315//1315
f 1314//1314 1293//1293 1292//1292
f 1310//1310 1309//1309 1296//1296
f 1313//1313 1293//1293 1314//1314
f 1313//1313 1294//1294 1293//1293
f 1315//1315 1292//1292 1291//1291
f 1309//1309 1297//1297 1296//1296
f 1298//1298 1308//1308 1307//1307
f 1309//1309 1308//1308 1297//1297
f 1286//1286 1305//1305 1304//1304
f 1287//1287 1286//1286 1304//1304
f 1287//1287 1304//1304 1303//1303
f 1286//1286 1306//1306 1305//1305
f 1300//1300 1290//1290 1301//1301
f 1288//1288 1287//1287 1303//1303
f 1285//1285 1306//1306 1286//1286
f 1285//1285 1307//1307 1306//1306
f 1298//1298 1307//1307 1285//1285
f 1289//1289 1302//1302 1301//1301
f 1289//1289 1288//1288 1302//1302
f 1290//1290 1289//1289 1301//1301
f 1297//1297 1308//1308 1298//1298
f 1288//1288 1303//1303 1302//1302
f 1320//1320 1316//1316 1317//1317
f 1319//1319 1317//1317 1318//1318
f 1320//1320 1317//1317 1319//1319
f 1324//1324 1321//1321 1322//1322
f 1324//1324 1322//1322 1323//1323
f 1329//1329 1328//1328 1327//1327
f 1326//1326 1325//1325 1328//1328
f 1326//1326 1328//1328 1329//1329
f 1332//1332 1330//1330 1331//1331
f 1332//1332 1333//1333 1330//1330
f 1337//1337 1334//1334 1335//1335
f 1336//1336 1334//1334 1337//1337
f 1341//1341 1339//1339 1338//1338
f 1341//1341 1340//1340 1339//1339
f 1343//1343 1344//1344 1359//1359
f 1359//1359 1342//1342 1343//1343
f 1359//1359 1352//1352 1342//1342
f 1350//1350 1353//1353 1349//1349
f 1351//1351 1342//1342 1352//1352
f 1351//1351 1352//1352 1353//1353
f 1353//1353 1354//1354 1349//1349
f 1344//1344 1358//1358 1359//1359
f 1350//1350 1351//1351 1353//1353
f 1345//1345 1346//1346 1358//1358
f 1358//1358 1346//1346 1357//1357
f 1349//1349 1355//1355 1348//1348
f 1349//1349 1354//1354 1355//1355
f 1348//1348 1355//1355 1356//1356
f 1348//1348 1356//1356 1347//1347
f 1344//1344 1345//1345 1358//1358
f 1357//1357 1346//1346 1356//1356
f 1356//1356 1346//1346 1347//1347
f 1363//1363 1361//1361 1360//1360
f 1363//1363 1360//1360 1362//1362
f 1373//1373 1420//1420 1370//1370
f 1373//1373 1375//1375 1420//1420
f 1370//1370 1420//1420 1419//1419
f 1401//1401 1400//1400 1414//1414
f 1373//1373 1370//1370 1364//1364
f 1420//1420 1375//1375 1421//1421
f 1370//1370 1419//1419 1406//1406
f 1375//1375 1402//1402 1421//1421
f 1419//1419 1418//1418 1406//1406
f 1402//1402 1403//1403 1422//1422
f 1370//1370 1405//1405 1371//1371
f 1418//1418 1407//1407 1406//1406
f 1421//1421 1402//1402 1422//1422
f 1418//1418 1417//1417 1407//1407
f 1422//1422 1403//1403 1417//1417
f 1417//1417 1403//1403 1407//1407
f 1405//1405 1404//1404 1371//1371
f 1374//1374 1365//1365 1369//1369
f 1370//1370 1406//1406 1405//1405
f 1392//1392 1391//1391 1367//1367
f 1393//1393 1425//1425 1389//1389
f 1392//1392 1367//1367 1366//1366
f 1394//1394 1427//1427 1426//1426
f 1394//1394 1395//1395 1427//1427
f 1394//1394 1426//1426 1393//1393
f 1395//1395 1428//1428 1427//1427
f 1395//1395 1374//1374 1428//1428
f 1426//1426 1425//1425 1393//1393
f 1400//1400 1399//1399 1414//1414
f 1428//1428 1374//1374 1429//1429
f 1429//1429 1374//1374 1369//1369
f 1429//1429 1369//1369 1423//1423
f 1425//1425 1424//1424 1389//1389
f 1423//1423 1369//1369 1390//1390
f 1424//1424 1390//1390 1389//1389
f 1388//1388 1392//1392 1366//1366
f 1388//1388 1401//1401 1414//1414
f 1388//1388 1366//1366 1401//1401
f 1388//1388 1414//1414 1387//1387
f 1390//1390 1369//1369 1368//1368
f 1390//1390 1368//1368 1391//1391
f 1391//1391 1368//1368 1367//1367
f 1371//1371 1404//1404 1372//1372
f 1423//1423 1390//1390 1424//1424
f 1414//1414 1399//1399 1413//1413
f 1382//1382 1416//1416 1410//1410
f 1413//1413 1412//1412 1416//1416
f 1413//1413 1409//1409 1412//1412
f 1382//1382 1432//1432 1380//1380
f 1382//1382 1433//1433 1432//1432
f 1404//1404 1408//1408 1372//1372
f 1380//1380 1432//1432 1431//1431
f 1380//1380 1431//1431 1379//1379
f 1416//1416 1412//1412 1411//1411
f 1416//1416 1411//1411 1410//1410
f 1410//1410 1377//1377 1433//1433
f 1377//1377 1434//1434 1433//1433
f 1377//1377 1435//1435 1434//1434
f 1377//1377 1376//1376 1435//1435
f 1376//1376 1436//1436 1435//1435
f 1376//1376 1378//1378 1436//1436
f 1431//1431 1430//1430 1379//1379
f 1436//1436 1378//1378 1430//1430
f 1430//1430 1378//1378 1379//1379
f 1381//1381 1416//1416 1382//1382
f 1437//1437 1383//1383 1385//1385
f 1382//1382 1410//1410 1433//1433
f 1386//1386 1437//1437 1385//1385
f 1414//1414 1415//1415 1440//1440
f 1414//1414 1440//1440 1387//1387
f 1372//1372 1408//1408 1396//1396
f 1408//1408 1409//1409 1396//1396
f 1399//1399 1398//1398 1413//1413
f 1396//1396 1409//1409 1413//1413
f 1443//1443 1383//1383 1437//1437
f 1398//1398 1397//1397 1413//1413
f 1415//1415 1441//1441 1440//1440
f 1415//1415 1384//1384 1441//1441
f 1396//1396 1413//1413 1397//1397
f 1415//1415 1416//1416 1381//1381
f 1415//1415 1381//1381 1384//1384
f 1442//1442 1383//1383 1443//1443
f 1442//1442 1384//1384 1383//1383
f 1438//1438 1437//1437 1386//1386
f 1387//1387 1439//1439 1438//1438
f 1387//1387 1438//1438 1386//1386
f 1440//1440 1439//1439 1387//1387
f 1441//1441 1384//1384 1442//1442
f 1448//1448 1446//1446 1447//1447
f 1448//1448 1445//1445 1446//1446
f 1449//1449 1445//1445 1448//1448
f 1449//1449 1444//1444 1445//1445
f 1454//1454 1450//1450 1451//1451
f 1453//1453 1451//1451 1452//1452
f 1454//1454 1451//1451 1453//1453
f 1455//1455 1450//1450 1454//1454
f 1458//1458 1456//1456 1459//1459
f 1459//1459 1456//1456 1457//1457
f 1461//1461 1463//1463 1462//1462
f 1461//1461 1462//1462 1460//1460
f 1465//1465 1464//1464 1467//1467
f 1465//1465 1467//1467 1466//1466
f 1475//1475 1470//1470 1469//1469
f 1471//1471 1470//1470 1475//1475
f 1468//1468 1475//1475 1469//1469
f 1474//1474 1475//1475 1468//1468
f 1473//1473 1472//1472 1474//1474
f 1473//1473 1474//1474 1468//1468
f 1477//1477 1479//1479 1478//1478
f 1477//1477 1476//1476 1479//1479
f 1487//1487 1482//1482 1481//1481
f 1483//1483 1482//1482 1487//1487
f 1480//1480 1487//1487 1481//1481
f 1486//1486 1487//1487 1480//1480
f 1485//1485 1484//1484 1486//1486
f 1485//1485 1486//1486 1480//1480
f 1489//1489 1488//1488 1491//1491
f 1489//1489 1491//1491 1490//1490
f 1492//1492 1500//1500 1501//1501
f 1495//1495 1500//1500 1492//1492
f 1495//1495 1494//1494 1500//1500
f 1492//1492 1501//1501 1493//1493
f 1499//1499 1502//1502 1501//1501
f 1501//1501 1502//1502 1493//1493
f 1502//1502 1503//1503 1493//1493
f 1497//1497 1496//1496 1503//1503
f 1503//1503 1496//1496 1493//1493
f 1499//1499 1498//1498 1502//1502
f 1505//1505 1508//1508 1507//1507
f 1506//1506 1508//1508 1505//1505
f 1504//1504 1505//1505 1507//1507
f 1511//1511 1512//1512 1510//1510
f 1511//1511 1510//1510 1509//1509
f 1520//1520 1519//1519 1513//1513
f 1520//1520 1513//1513 1515//1515
f 1521//1521 1520//1520 1515//1515
f 1514//1514 1513//1513 1519//1519
f 1522//1522 1521//1521 1515//1515
f 1524//1524 1514//1514 1525//1525
f 1518//1518 1522//1522 1515//1515
f 1516//1516 1514//1514 1524//1524
f 1517//1517 1522//1522 1518//1518
f 1516//1516 1524//1524 1523//1523
f 1517//1517 1523//1523 1522//1522
f 1517//1517 1516//1516 1523//1523
f 1514//1514 1519//1519 1525//1525
f 1531//1531 1528//1528 1530//1530
f 1526//1526 1528//1528 1531//1531
f 1526//1526 1527//1527 1528//1528
f 1530//1530 1528//1528 1529//1529
f 1532//1532 1538//1538 1537//1537
f 1539//1539 1534//1534 1533//1533
f 1537//1537 1535//1535 1536//1536
f 1539//1539 1536//1536 1534//1534
f 1538//1538 1535//1535 1537//1537
f 1537//1537 1536//1536 1539//1539
f 1542//1542 1544//1544 1541//1541
f 1543//1543 1544//1544 1542//1542
f 1543//1543 1545//1545 1544//1544
f 1545//1545 1543//1543 1540//1540
f 1556//1556 1551//1551 1549//1549
f 1557//1557 1553//1553 1550//1550
f 1557//1557 1550//1550 1556//1556
f 1556//1556 1550//1550 1551//1551
f 1555//1555 1552//1552 1554//1554
f 1546//1546 1556//1556 1549//1549
f 1554//1554 1553//1553 1557//1557
f 1554//1554 1552//1552 1553//1553
f 1549//1549 1548//1548 1547//1547
f 1549//1549 1551//1551 1548//1548
f 1547//1547 1546//1546 1549//1549
f 1565//1565 1561//1561 1560//1560
f 1559//1559 1558//1558 1570//1570
f 1563//1563 1566//1566 1560//1560
f 1562//1562 1559//1559 1569//1569
f 1563//1563 1567//1567 1566//1566
f 1562//1562 1569//1569 1568//1568
f 1562//1562 1567//1567 1563//1563
f 1562//1562 1568//1568 1567//1567
f 1565//1565 1564//1564 1561//1561
f 1570//1570 1558//1558 1564//1564
f 1564//1564 1558//1558 1561//1561
f 1569//1569 1559//1559 1570//1570
f 1560//1560 1566//1566 1565//1565
f 1572//1572 1573//1573 1574//1574
f 1571//1571 1572//1572 1574//1574
f 1576//1576 1578//1578 1575//1575
f 1576//1576 1579//1579 1578//1578
f 1576//1576 1577//1577 1579//1579
f 1581//1581 1584//1584 1583//1583
f 1582//1582 1584//1584 1581//1581
f 1584//1584 1582//1582 1580//1580
f 1586//1586 1588//1588 1587//1587
f 1586//1586 1585//1585 1588//1588
f 1591//1591 1590//1590 1592//1592
f 1591//1591 1589//1589 1590//1590
f 1596//1596 1593//1593 1594//1594
f 1596//1596 1594//1594 1595//1595
f 1600//1600 1598//1598 1601//1601
f 1600//1600 1597//1597 1598//1598
f 1601//1601 1598//1598 1599//1599
f 1605//1605 1602//1602 1603//1603
f 1605//1605 1603//1603 1604//1604
f 1609//1609 1607//1607 1608//1608
f 1609//1609 1606//1606 1607//1607
f 1612//1612 1611//1611 1610//1610
f 1613//1613 1611//1611 1612//1612
f 1631//1631 1683//1683 1632//1632
f 1632//1632 1683//1683 1648//1648
f 1632//1632 1648//1648 1658//1658
f 1628//1628 1633//1633 1657//1657
f 1632//1632 1658//1658 1633//1633
f 1633//1633 1658//1658 1657//1657
f 1655//1655 1654//1654 1662//1662
f 1661//1661 1660//1660 1622//1622
f 1654//1654 1616//1616 1662//1662
f 1648//1648 1682//1682 1649//1649
f 1631//1631 1627//1627 1683//1683
f 1654//1654 1614//1614 1616//1616
f 1622//1622 1660//1660 1659//1659
f 1662//1662 1616//1616 1663//1663
f 1622//1622 1659//1659 1623//1623
f 1654//1654 1653//1653 1614//1614
f 1659//1659 1665//1665 1623//1623
f 1663//1663 1616//1616 1664//1664
f 1649//1649 1681//1681 1635//1635
f 1648//1648 1683//1683 1682//1682
f 1672//1672 1629//1629 1628//1628
f 1666//1666 1628//1628 1657//1657
f 1649//1649 1682//1682 1681//1681
f 1627//1627 1631//1631 1630//1630
f 1627//1627 1630//1630 1620//1620
f 1623//1623 1619//1619 1641//1641
f 1623//1623 1641//1641 1647//1647
f 1623//1623 1647//1647 1624//1624
f 1621//1621 1620//1620 1669//1669
f 1621//1621 1669//1669 1668//1668
f 1621//1621 1667//1667 1622//1622
f 1621//1621 1668//1668 1667//1667
f 1666//1666 1672//1672 1628//1628
f 1620//1620 1630//1630 1670//1670
f 1667//1667 1661//1661 1622//1622
f 1670//1670 1630//1630 1671//1671
f 1671//1671 1630//1630 1629//1629
f 1667//1667 1662//1662 1661//1661
f 1667//1667 1655//1655 1662//1662
f 1667//1667 1656//1656 1655//1655
f 1667//1667 1666//1666 1656//1656
f 1671//1671 1629//1629 1672//1672
f 1666//1666 1657//1657 1656//1656
f 1620//1620 1670//1670 1669//1669
f 1653//1653 1617//1617 1614//1614
f 1627//1627 1626//1626 1685//1685
f 1623//1623 1615//1615 1619//1619
f 1634//1634 1644//1644 1643//1643
f 1634//1634 1640//1640 1644//1644
f 1640//1640 1675//1675 1644//1644
f 1640//1640 1676//1676 1675//1675
f 1638//1638 1625//1625 1639//1639
f 1640//1640 1639//1639 1677//1677
f 1640//1640 1677//1677 1676//1676
f 1639//1639 1625//1625 1677//1677
f 1644//1644 1675//1675 1645//1645
f 1645//1645 1675//1675 1674//1674
f 1645//1645 1674//1674 1646//1646
f 1646//1646 1674//1674 1673//1673
f 1646//1646 1673//1673 1647//1647
f 1647//1647 1673//1673 1624//1624
f 1677//1677 1625//1625 1678//1678
f 1673//1673 1680//1680 1624//1624
f 1678//1678 1625//1625 1679//1679
f 1680//1680 1679//1679 1624//1624
f 1664//1664 1616//1616 1615//1615
f 1687//1687 1686//1686 1637//1637
f 1686//1686 1638//1638 1637//1637
f 1679//1679 1625//1625 1624//1624
f 1626//1626 1625//1625 1638//1638
f 1687//1687 1637//1637 1636//1636
f 1665//1665 1664//1664 1615//1615
f 1649//1649 1635//1635 1634//1634
f 1649//1649 1634//1634 1650//1650
f 1653//1653 1652//1652 1617//1617
f 1652//1652 1618//1618 1617//1617
f 1652//1652 1651//1651 1618//1618
f 1651//1651 1642//1642 1618//1618
f 1650//1650 1643//1643 1651//1651
f 1650//1650 1634//1634 1643//1643
f 1619//1619 1618//1618 1641//1641
f 1651//1651 1643//1643 1642//1642
f 1685//1685 1626//1626 1686//1686
f 1687//1687 1636//1636 1635//1635
f 1681//1681 1687//1687 1635//1635
f 1626//1626 1638//1638 1686//1686
f 1627//1627 1685//1685 1684//1684
f 1683//1683 1627//1627 1684//1684
f 1618//1618 1642//1642 1641//1641
f 1623//1623 1665//1665 1615//1615
f 1689//1689 1690//1690 1691//1691
f 1689//1689 1688//1688 1690//1690
f 1695//1695 1693//1693 1694//1694
f 1692//1692 1693//1693 1695//1695
f 1696//1696 1698//1698 1697//1697
f 1697//1697 1698//1698 1699//1699
f 1701//1701 1702//1702 1703//1703
f 1701//1701 1700//1700 1702//1702
f 1704//1704 1706//1706 1707//1707
f 1705//1705 1704//1704 1707//1707
f 1709//1709 1708//1708 1711//1711
f 1711//1711 1708//1708 1710//1710
f 1713//1713 1712//1712 1714//1714
f 1713//1713 1714//1714 1715//1715
f 1717//1717 1716//1716 1719//1719
f 1717//1717 1719//1719 1718//1718
f 1720//1720 1724//1724 1725//1725
f 1721//1721 1724//1724 1720//1720
f 1721//1721 1723//1723 1724//1724
f 1720//1720 1725//1725 1722//1722
f 1727//1727 1729//1729 1726//1726
f 1727//1727 1728//1728 1729//1729
f 1730//1730 1733//1733 1732//1732
f 1731//1731 1733//1733 1730//1730
f 1734//1734 1741//1741 1737//1737
f 1735//1735 1745//1745 1742//1742
f 1734//1734 1737//1737 1736//1736
f 1734//1734 1736//1736 1745//1745
f 1734//1734 1745//1745 1735//1735
f 1739//1739 1740//1740 1743//1743
f 1741//1741 1740//1740 1738//1738
f 1745//1745 1744//1744 1742//1742
f 1738//1738 1740//1740 1739//1739
f 1744//1744 1739//1739 1743//1743
f 1744//1744 1743//1743 1742//1742
f 1741//1741 1738//1738 1737//1737
f 1752//1752 1749//1749 1750//1750
f 1752//1752 1750//1750 1751//1751
f 1751//1751 1750//1750 1748//1748
f 1753//1753 1749//1749 1752//1752
f 1746//1746 1747//1747 1753//1753
f 1747//1747 1749//1749 1753//1753
f 1751//1751 1748//1748 1754//1754
f 1759//1759 1756//1756 1755//1755
f 1760//1760 1757//1757 1758//1758
f 1760//1760 1758//1758 1759//1759
f 1759//1759 1758//1758 1756//1756
f 1763//1763 1761//1761 1764//1764
f 1761//1761 1765//1765 1764//1764
f 1762//1762 1765//1765 1761//1761
f 1767//1767 1770//1770 1769//1769
f 1768//1768 1770//1770 1767//1767
f 1768//1768 1771//1771 1770//1770
f 1771//1771 1768//1768 1766//1766
f 1773//1773 1775//1775 1772//1772
f 1773//1773 1774//1774 1775//1775
f 1777//1777 1779//1779 1776//1776
f 1777//1777 1778//1778 1779//1779
f 1784//1784 1793//1793 1783//1783
f 1785//1785 1791//1791 1792//1792
f 1783//1783 1793//1793 1787//1787
f 1782//1782 1788//1788 1781//1781
f 1782//1782 1787//1787 1788//1788
f 1781//1781 1789//1789 1780//1780
f 1786//1786 1791//1791 1785//1785
f 1786//1786 1790//1790 1791//1791
f 1780//1780 1790//1790 1786//1786
f 1781//1781 1788//1788 1789//1789
f 1783//1783 1787//1787 1782//1782
f 1780//1780 1789//1789 1790//1790
f 1794//1794 1806//1806 1795//1795
f 1796//1796 1806//1806 1794//1794
f 1802//1802 1801//1801 1799//1799
f 1802//1802 1799//1799 1798//1798
f 1806//1806 1805//1805 1795//1795
f 1803//1803 1802//1802 1798//1798
f 1803//1803 1798//1798 1797//1797
f 1804//1804 1797//1797 1796//1796
f 1803//1803 1797//1797 1804//1804
f 1800//1800 1801//1801 1795//1795
f 1800//1800 1795//1795 1805//1805
f 1799//1799 1801//1801 1800//1800
f 1804//1804 1796//1796 1794//1794
f 1808//1808 1809//1809 1810//1810
f 1807//1807 1808//1808 1810//1810
f 1813//1813 1811//1811 1812//1812
f 1814//1814 1811//1811 1813//1813
f 1817//1817 1815//1815 1818//1818
f 1818//1818 1815//1815 1816//1816
f 1822//1822 1819//1819 1820//1820
f 1822//1822 1820//1820 1821//1821
f 1826//1826 1825//1825 1824//1824
f 1826//1826 1824//1824 1823//1823
f 1828//1828 1829//1829 1827//1827
f 1828//1828 1830//1830 1829//1829
f 1831//1831 1834//1834 1836//1836
f 1831//1831 1836//1836 1833//1833
f 1831//1831 1835//1835 1834//1834
f 1832//1832 1835//1835 1831//1831
f 1837//1837 1839//1839 1840//1840
f 1838//1838 1839//1839 1837//1837
f 1843//1843 1842//1842 1841//1841
f 1843//1843 1841//1841 1844//1844
f 1847//1847 1845//1845 1846//1846
f 1848//1848 1845//1845 1847//1847
f 1852//1852 1850//1850 1851//1851
f 1852//1852 1849//1849 1850//1850
f 1856//1856 1854//1854 1855//1855
f 1856//1856 1853//1853 1854//1854
f 1862//1862 1860//1860 1861//1861
f 1862//1862 1859//1859 1860//1860
f 1863//1863 1859//1859 1862//1862
f 1863//1863 1858//1858 1859//1859
f 1864//1864 1858//1858 1863//1863
f 1864//1864 1857//1857 1858//1858
f 1868//1868 1866//1866 1867//1867
f 1868//1868 1867//1867 1870//1870
f 1868//1868 1865//1865 1866//1866
f 1869//1869 1865//1865 1868//1868
f 1874//1874 1871//1871 1873//1873
f 1873//1873 1871//1871 1872//1872
f 1877//1877 1875//1875 1876//1876
f 1878//1878 1875//1875 1877//1877
f 1894//1894 1881//1881 1882//1882
f 1894//1894 1882//1882 1893//1893
f 1893//1893 1882//1882 1883//1883
f 1893//1893 1883//1883 1892//1892
f 1892//1892 1883//1883 1884//1884
f 1892//1892 1884//1884 1891//1891
f 1891//1891 1884//1884 1885//1885
f 1891//1891 1885//1885 1890//1890
f 1890//1890 1885//1885 1886//1886
f 1890//1890 1886//1886 1889//1889
f 1889//1889 1886//1886 1879//1879
f 1889//1889 1879//1879 1888//1888
f 1888//1888 1879//1879 1880//1880
f 1888//1888 1880//1880 1887//1887
f 1911//1911 1914//1914 1913//1913
f 1911//1911 1910//1910 1914//1914
f 1910//1910 1915//1915 1914//1914
f 1911//1911 1913//1913 1912//1912
f 1912//1912 1900//1900 1901//1901
f 1912//1912 1913//1913 1900//1900
f 1897//1897 1905//1905 1904//1904
f 1895//1895 1905//1905 1896//1896
f 1895//1895 1906//1906 1905//1905
f 1897//1897 1896//1896 1905//1905
f 1910//1910 1909//1909 1915//1915
f 1895//1895 1907//1907 1906//1906
f 1897//1897 1904//1904 1903//1903
f 1898//1898 1897//1897 1903//1903
f 1917//1917 1907//1907 1895//1895
f 1898//1898 1903//1903 1902//1902
f 1916//1916 1908//1908 1917//1917
f 1902//1902 1899//1899 1898//1898
f 1909//1909 1908//1908 1916//1916
f 1901//1901 1899//1899 1902//1902
f 1909//1909 1916//1916 1915//1915
f 1901//1901 1900//1900 1899//1899
f 1917//1917 1908//1908 1907//1907
f 1939//1939 1921//1921 1938//1938
f 1938//1938 1922//1922 1934//1934
f 1938//1938 1921//1921 1922//1922
f 1939//1939 1920//1920 1921//1921
f 1934//1934 1922//1922 1923//1923
f 1941//1941 1920//1920 1940//1940
f 1941//1941 1919//1919 1920//1920
f 1941//1941 1918//1918 1919//1919
f 1940//1940 1920//1920 1939//1939
f 1934//1934 1923//1923 1924//1924
f 1942//1942 1918//1918 1941//1941
f 1931//1931 1926//1926 1930//1930
f 1934//1934 1924//1924 1933//1933
f 1933//1933 1924//1924 1932//1932
f 1932//1932 1924//1924 1925//1925
f 1932//1932 1925//1925 1931//1931
f 1931//1931 1925//1925 1926//1926
f 1930//1930 1927//1927 1937//1937
f 1930//1930 1926//1926 1927//1927
f 1937//1937 1928//1928 1936//1936
f 1936//1936 1928//1928 1935//1935
f 1935//1935 1928//1928 1929//1929
f 1935//1935 1929//1929 1918//1918
f 1935//1935 1918//1918 1942//1942
f 1937//1937 1927//1927 1928//1928
f 1946//1946 1960//1960 1959//1959
f 1943//1943 1955//1955 1954//1954
f 1946//1946 1959//1959 1966//1966
f 1945//1945 1958//1958 1957//1957
f 1947//1947 1960//1960 1946//1946
f 1955//1955 1943//1943 1944//1944
f 1948//1948 1961//1961 1947//1947
f 1945//1945 1956//1956 1944//1944
f 1945//1945 1957//1957 1956//1956
f 1951//1951 1958//1958 1945//1945
f 1962//1962 1958//1958 1951//1951
f 1952//1952 1962//1962 1951//1951
f 1953//1953 1962//1962 1952//1952
f 1953//1953 1963//1963 1962//1962
f 1947//1947 1961//1961 1960//1960
f 1963//1963 1953//1953 1949//1949
f 1949//1949 1964//1964 1963//1963
f 1949//1949 1965//1965 1964//1964
f 1950//1950 1965//1965 1949//1949
f 1950//1950 1966//1966 1965//1965
f 1966//1966 1950//1950 1946//1946
f 1943//1943 1954//1954 1948//1948
f 1948//1948 1954//1954 1961//1961
f 1944//1944 1956//1956 1955//1955
f 1972//1972 1967//1967 1971//1971
f 1971//1971 1967//1967 1968//1968
f 1970//1970 1969//1969 1973//1973
f 1970//1970 1968//1968 1969//1969
f 1971//1971 1968//1968 1970//1970
f 1977//1977 1975//1975 1976//1976
f 1977//1977 1974//1974 1975//1975
f 1980//1980 1978//1978 1979//1979
f 1981//1981 1978//1978 1980//1980
f 1984//1984 1982//1982 1983//1983
f 1985//1985 1982//1982 1984//1984
f 1989//1989 1986//1986 1988//1988
f 1989//1989 1987//1987 1986//1986
f 1997//1997 1990//1990 2003//2003
f 2001//2001 1993//1993 2000//2000
f 2003//2003 1990//1990 1991//1991
f 2002//2002 1992//1992 2001//2001
f 2001//2001 1992//1992 1993//1993
f 2000//2000 1993//1993 1994//1994
f 1997//1997 1996//1996 1990//1990
f 1999//1999 1994//1994 1995//1995
f 1999//1999 1995//1995 1998//1998
f 1998//1998 1995//1995 1996//1996
f 1998//1998 1996//1996 1997//1997
f 2000//2000 1994//1994 1999//1999
f 2007//2007 2004//2004 2005//2005
f 2007//2007 2005//2005 2006//2006
f 2010//2010 2009//2009 2011//2011
f 2010//2010 2008//2008 2009//2009
f 2015//2015 2012//2012 2013//2013
f 2015//2015 2013//2013 2014//2014
f 2028//2028 2021//2021 2027//2027
f 2027//2027 2021//2021 2016//2016
f 2027//2027 2016//2016 2026//2026
f 2026//2026 2016//2016 2017//2017
f 2026//2026 2017//2017 2025//2025
f 2023//2023 2019//2019 2020//2020
f 2025//2025 2018//2018 2024//2024
f 2024//2024 2018//2018 2019//2019
f 2024//2024 2019//2019 2023//2023
f 2023//2023 2020//2020 2022//2022
f 2025//2025 2017//2017 2018//2018
f 2034//2034 2029//2029 2030//2030
f 2035//2035 2029//2029 2034//2034
f 2034//2034 2030//2030 2033//2033
f 2036//2036 2031//2031 2032//2032
f 2033//2033 2031//2031 2036//2036
f 2033//2033 2030//2030 2031//2031
f 2040//2040 2038//2038 2039//2039
f 2040//2040 2037//2037 2038//2038
f 2044//2044 2042//2042 2043//2043
f 2044//2044 2041//2041 2042//2042
f 2048//2048 2046//2046 2047//2047
f 2048//2048 2045//2045 2046//2046
f 2052//2052 2049//2049 2051//2051
f 2052//2052 2050//2050 2049//2049
f 2054//2054 2055//2055 2053//2053
f 2054//2054 2056//2056 2055//2055
f 2057//2057 2060//2060 2058//2058
f 2057//2057 2059//2059 2060//2060
f 2061//2061 2064//2064 2062//2062
f 2061//2061 2063//2063 2064//2064
f 2065//2065 2067//2067 2066//2066
f 2065//2065 2068//2068 2067//2067
f 2071//2071 2070//2070 2072//2072
f 2071//2071 2069//2069 2070//2070
f 2073//2073 2074//2074 2075//2075
f 2076//2076 2077//2077 2078//2078
f 2079//2079 2080//2080 2081//2081
f 2082//2082 2083//2083 2084//2084
f 2085//2085 2086//2086 2087//2087
f 2088//2088 2089//2089 2090//2090
f 2091//2091 2092//2092 2093//2093
f 2094//2094 2095//2095 2096//2096
f 2097//2097 2098//2098 2099//2099
f 2100//2100 2101//2101 2102//2102
f 2103//2103 2104//2104 2105//2105
f 2108//2108 2107//2107 2106//2106
f 2111//2111 2109//2109 2110//2110
f 2114//2114 2112//2112 2113//2113
f 2117//2117 2115//2115 2116//2116
f 2120//2120 2118//2118 2119//2119
f 2122//2122 2121//2121 2123//2123
f 2126//2126 2124//2124 2125//2125
f 2129//2129 2127//2127 2128//2128
f 2132//2132 2130//2130 2131//2131
f 2135//2135 2133//2133 2134//2134
f 2138//2138 2136//2136 2137//2137
f 2141//2141 2139//2139 2140//2140
f 2144//2144 2142//2142 2143//2143
f 2147//2147 2145//2145 2146//2146
f 2150//2150 2148//2148 2149//2149
f 2153//2153 2151//2151 2152//2152
f 2154//2154 2155//2155 2156//2156
f 2158//2158 2159//2159 2157//2157
f 2160//2160 2161//2161 2162//2162
f 2164//2164 2165//2165 2163//2163
f 2167//2167 2166//2166 2168//2168
f 2171//2171 2170//2170 2169//2169
v -0.0134566 0.0057881 0.0429971
v -0.0235328 0.0058000 0.0430000
v -0.0239500 0.0062172 0.0430000
v -0.0239500 0.0098000 0.0430000
v -0.0329172 0.0098000 0.0430000
v -0.0338000 0.0089172 0.0430000
v -0.0338000 -0.0089172 0.0430000
v -0.0329172 -0.0098000 0.0430000
v -0.0239500 -0.0098000 0.0430000
v -0.0239500 -0.0062172 0.0430000
v -0.0235328 -0.0058000 0.0430000
v -0.0134455 -0.0057883 0.0429975
v -0.0319718 -0.0069966 0.0430000
v -0.0315888 -0.0070787 0.0430000
v -0.0312343 -0.0073461 0.0430000
v -0.0310589 -0.0076528 0.0430000
v -0.0309940 -0.0079881 0.0430000
v -0.0310576 -0.0083476 0.0430000
v -0.0312122 -0.0086210 0.0430000
v -0.0314331 -0.0088283 0.0430000
v -0.0316810 -0.0089498 0.0430000
v -0.0319494 -0.0090025 0.0430000
v -0.0322617 -0.0089690 0.0430000
v -0.0325919 -0.0088146 0.0430000
v -0.0328164 -0.0085809 0.0430000
v -0.0329561 -0.0083106 0.0430000
v -0.0330019 -0.0080098 0.0430000
v -0.0329691 -0.0077383 0.0430000
v -0.0328594 -0.0074849 0.0430000
v -0.0326895 -0.0072706 0.0430000
v -0.0323607 -0.0070578 0.0430000
v -0.0320099 0.0090019 0.0430000
v -0.0317383 0.0089691 0.0430000
v -0.0315109 0.0088734 0.0430000
v -0.0312509 0.0086757 0.0430000
v -0.0310589 0.0083472 0.0430000
v -0.0309940 0.0080119 0.0430000
v -0.0310576 0.0076524 0.0430000
v -0.0311897 0.0074113 0.0430000
v -0.0313698 0.0072187 0.0430000
v -0.0316778 0.0070469 0.0430000
v -0.0320282 0.0069966 0.0430000
v -0.0323853 0.0070697 0.0430000
v -0.0327492 0.0073243 0.0430000
v -0.0329561 0.0076893 0.0430000
v -0.0330038 0.0080671 0.0430000
v -0.0328862 0.0084822 0.0430000
v -0.0326302 0.0087813 0.0430000
v -0.0323222 0.0089531 0.0430000
v -0.0142191 -0.0051768 0.0430000
v -0.0149708 -0.0043748 0.0430000
v -0.0155878 -0.0034651 0.0430000
v -0.0160550 -0.0024701 0.0430000
v -0.0163607 -0.0014143 0.0430000
v -0.0164784 -0.0005492 0.0430000
v -0.0164978 0.0002749 0.0430000
v -0.0163723 0.0013670 0.0430000
v -0.0160704 0.0024239 0.0430000
v -0.0157370 0.0031779 0.0430000
v -0.0153230 0.0038908 0.0430000
v -0.0146768 0.0047191 0.0430000
v -0.0140461 0.0053228 0.0430000
v -0.0002000 0.0027000 0.0430000
v -0.0002000 0.0089172 0.0430000
v -0.0010828 0.0098000 0.0430000
v -0.0130500 0.0098000 0.0430000
v -0.0130500 0.0062172 0.0430000
v -0.0134566 0.0057881 0.0429971
v -0.0134455 -0.0057883 0.0429975
v -0.0130500 -0.0062172 0.0430000
v -0.0130500 -0.0098000 0.0430000
v -0.0010828 -0.0098000 0.0430000
v -0.0002000 -0.0089172 0.0430000
v -0.0002000 -0.0027000 0.0430000
v -0.0022000 -0.0027000 0.0430000
v -0.0022000 0.0027000 0.0430000
v -0.0018931 -0.0070019 0.0430000
v -0.0016257 -0.0070706 0.0430000
v -0.0013557 -0.0072273 0.0430000
v -0.0011090 -0.0075327 0.0430000
v -0.0010025 -0.0078819 0.0430000
v -0.0010225 -0.0082347 0.0430000
v -0.0011406 -0.0085151 0.0430000
v -0.0013105 -0.0087295 0.0430000
v -0.0016393 -0.0089422 0.0430000
v -0.0020282 -0.0090034 0.0430000
v -0.0023369 -0.0089455 0.0430000
v -0.0025809 -0.0088164 0.0430000
v -0.0027888 -0.0086218 0.0430000
v -0.0029561 -0.0083106 0.0430000
v -0.0030038 -0.0079329 0.0430000
v -0.0028862 -0.0075178 0.0430000
v -0.0026302 -0.0072187 0.0430000
v -0.0022857 -0.0070324 0.0430000
v -0.0018530 0.0089911 0.0430000
v -0.0015795 0.0089122 0.0430000
v -0.0012509 0.0086757 0.0430000
v -0.0010439 0.0083106 0.0430000
v -0.0009966 0.0079718 0.0430000
v -0.0010576 0.0076523 0.0430000
v -0.0011897 0.0074113 0.0430000
v -0.0013698 0.0072187 0.0430000
v -0.0015809 0.0070910 0.0430000
v -0.0018815 0.0069991 0.0430000
v -0.0022996 0.0070396 0.0430000
v -0.0025809 0.0071836 0.0430000
v -0.0028320 0.0074293 0.0430000
v -0.0029851 0.0078040 0.0430000
v -0.0029984 0.0080786 0.0430000
v -0.0029424 0.0083477 0.0430000
v -0.0027878 0.0086210 0.0430000
v -0.0025261 0.0088585 0.0430000
v -0.0021573 0.0089929 0.0430000
v -0.0092251 0.0069978 0.0430000
v -0.0081811 0.0068796 0.0430000
v -0.0073369 0.0066574 0.0430000
v -0.0066116 0.0063817 0.0430000
v -0.0056488 0.0058513 0.0430000
v -0.0047809 0.0051768 0.0430000
v -0.0040292 0.0043748 0.0430000
v -0.0035315 0.0036575 0.0430000
v -0.0031401 0.0029320 0.0430000
v -0.0027561 0.0019020 0.0430000
v -0.0025453 0.0008231 0.0430000
v -0.0025000 -0.0000000 0.0430000
v -0.0025453 -0.0008231 0.0430000
v -0.0026934 -0.0016341 0.0430000
v -0.0029114 -0.0023788 0.0430000
v -0.0033865 -0.0034237 0.0430000
v -0.0040003 -0.0043357 0.0430000
v -0.0045503 -0.0049497 0.0430000
v -0.0051644 -0.0054998 0.0430000
v -0.0060763 -0.0061135 0.0430000
v -0.0070761 -0.0065704 0.0430000
v -0.0078659 -0.0068066 0.0430000
v -0.0086769 -0.0069547 0.0430000
v -0.0095000 -0.0070000 0.0430000
v -0.0102750 -0.0069619 0.0430000
v -0.0111341 -0.0068066 0.0430000
v -0.0118788 -0.0065886 0.0430000
v -0.0128802 -0.0061354 0.0430000
v -0.0129237 0.0061135 0.0430000
v -0.0119239 0.0065704 0.0430000
v -0.0109143 0.0068607 0.0430000
v -0.0100492 0.0069784 0.0430000
v -0.0002000 0.0027000 0.0430000
v -0.0002000 0.0089172 0.0430000
v -0.0010828 0.0098000 0.0430000
v -0.0130500 0.0098000 0.0430000
v 0.0000000 0.0027000 0.0432000
v -0.0001000 0.0026000 0.0431000
v 0.0000000 0.0090000 0.0432000
v -0.0132500 0.0100000 0.0432000
v -0.0010000 0.0100000 0.0432000
v 0.0000000 0.0027000 0.0432000
v 0.0000000 0.0090000 0.0432000
v 0.0000000 0.0090000 0.0480000
v -0.0000000 -0.0090000 0.0480000
v -0.0000000 -0.0090000 0.0432000
v -0.0000000 -0.0027000 0.0432000
v -0.0000000 -0.0027000 0.0452000
v 0.0000000 0.0027000 0.0452000
v 0.0000000 0.0027000 0.0432000
v -0.0001000 0.0026000 0.0431000
v 0.0000000 0.0027000 0.0452000
v -0.0002000 0.0025000 0.0450000
v -0.0002000 0.0025000 0.0432000
v -0.0002000 0.0027000 0.0430000
v -0.0022000 0.0027000 0.0430000
v -0.0001000 0.0026000 0.0431000
v -0.0002000 0.0025000 0.0432000
v -0.0020000 0.0025000 0.0432000
v -0.0002000 0.0025000 0.0450000
v -0.0002000 0.0025000 0.0432000
v -0.0020000 0.0025000 0.0432000
v -0.0020000 0.0025000 0.0475000
v -0.0010000 0.0025000 0.0475000
v -0.0010000 0.0025000 0.0450000
v -0.0020000 0.0025000 0.0432000
v -0.0020000 0.0025000 0.0475000
v -0.0020000 -0.0025000 0.0475000
v -0.0020000 -0.0025000 0.0432000
v -0.0020000 -0.0025000 0.0475000
v -0.0020000 -0.0025000 0.0432000
v -0.0010000 -0.0025000 0.0450000
v -0.0002000 -0.0025000 0.0450000
v -0.0010000 -0.0025000 0.0475000
v -0.0002000 -0.0025000 0.0432000
v -0.0002000 0.0025000 0.0450000
v -0.0010000 0.0025000 0.0450000
v -0.0010000 -0.0025000 0.0450000
v -0.0002000 -0.0025000 0.0450000
v -0.0010000 0.0025000 0.0475000
v -0.0010000 0.0025000 0.0450000
v -0.0010000 -0.0025000 0.0450000
v -0.0010000 -0.0025000 0.0475000
v -0.0020000 0.0025000 0.0475000
v -0.0010000 0.0025000 0.0475000
v -0.0020000 -0.0025000 0.0475000
v -0.0010000 -0.0025000 0.0475000
v -0.0244500 0.0096000 0.0475000
v -0.0328343 0.0096000 0.0475000
v -0.0336000 0.0088343 0.0475000
v -0.0336000 -0.0088343 0.0475000
v -0.0328343 -0.0096000 0.0475000
v -0.0244500 -0.0096000 0.0475000
v -0.0244500 -0.0053000 0.0475000
v -0.0125500 -0.0053000 0.0475000
v -0.0125500 -0.0096000 0.0475000
v -0.0011657 -0.0096000 0.0475000
v -0.0004000 -0.0088343 0.0475000
v -0.0004000 0.0088343 0.0475000
v -0.0011657 0.0096000 0.0475000
v -0.0126214 0.0096000 0.0475000
v -0.0126214 0.0053000 0.0475000
v -0.0231228 0.0053011 0.0475000
v -0.0244500 0.0061831 0.0475000
v -0.0238971 0.0058772 0.0475000
v -0.0093280 0.0024990 0.0475000
v -0.0099893 0.0024597 0.0475000
v -0.0105477 0.0022726 0.0475000
v -0.0110754 0.0019533 0.0475000
v -0.0115409 0.0014524 0.0475000
v -0.0118529 0.0008680 0.0475000
v -0.0119823 0.0003113 0.0475000
v -0.0119990 -0.0001719 0.0475000
v -0.0118835 -0.0007744 0.0475000
v -0.0115708 -0.0014173 0.0475000
v -0.0111080 -0.0019207 0.0475000
v -0.0107072 -0.0021912 0.0475000
v -0.0102506 -0.0023898 0.0475000
v -0.0096720 -0.0024990 0.0475000
v -0.0090107 -0.0024597 0.0475000
v -0.0084523 -0.0022726 0.0475000
v -0.0080957 -0.0020704 0.0475000
v -0.0077295 -0.0017705 0.0475000
v -0.0074193 -0.0013903 0.0475000
v -0.0072208 -0.0010316 0.0475000
v -0.0070335 -0.0004621 0.0475000
v -0.0070039 0.0001965 0.0475000
v -0.0070915 0.0006793 0.0475000
v -0.0072354 0.0010631 0.0475000
v -0.0074743 0.0014717 0.0475000
v -0.0078013 0.0018376 0.0475000
v -0.0081246 0.0020897 0.0475000
v -0.0086577 0.0023638 0.0475000
v -0.0020671 -0.0069962 0.0475000
v -0.0023743 -0.0070706 0.0475000
v -0.0026126 -0.0072049 0.0475000
v -0.0028515 -0.0074642 0.0475000
v -0.0029822 -0.0077932 0.0475000
v -0.0029955 -0.0081456 0.0475000
v -0.0028812 -0.0084807 0.0475000
v -0.0026342 -0.0087846 0.0475000
v -0.0022832 -0.0089630 0.0475000
v -0.0019718 -0.0090034 0.0475000
v -0.0017283 -0.0089634 0.0475000
v -0.0014747 -0.0088571 0.0475000
v -0.0011931 -0.0086009 0.0475000
v -0.0010502 -0.0083190 0.0475000
v -0.0009940 -0.0080119 0.0475000
v -0.0010576 -0.0076524 0.0475000
v -0.0011952 -0.0074031 0.0475000
v -0.0014091 -0.0071867 0.0475000
v -0.0017168 -0.0070370 0.0475000
v -0.0024101 0.0089162 0.0475000
v -0.0026731 0.0087446 0.0475000
v -0.0029110 0.0084335 0.0475000
v -0.0030060 0.0080119 0.0475000
v -0.0029424 0.0076523 0.0475000
v -0.0027324 0.0073062 0.0475000
v -0.0024200 0.0070890 0.0475000
v -0.0020908 0.0069980 0.0475000
v -0.0017004 0.0070396 0.0475000
v -0.0013874 0.0072049 0.0475000
v -0.0011890 0.0074108 0.0475000
v -0.0010589 0.0076528 0.0475000
v -0.0009915 0.0080273 0.0475000
v -0.0010738 0.0083836 0.0475000
v -0.0012676 0.0086938 0.0475000
v -0.0016153 0.0089287 0.0475000
v -0.0020273 0.0090085 0.0475000
v -0.0319494 -0.0069975 0.0475000
v -0.0322340 -0.0070252 0.0475000
v -0.0325253 -0.0071429 0.0475000
v -0.0327555 -0.0073418 0.0475000
v -0.0329249 -0.0076040 0.0475000
v -0.0329994 -0.0079213 0.0475000
v -0.0329775 -0.0082347 0.0475000
v -0.0327999 -0.0086149 0.0475000
v -0.0325319 -0.0088491 0.0475000
v -0.0322832 -0.0089630 0.0475000
v -0.0319718 -0.0090034 0.0475000
v -0.0316260 -0.0089340 0.0475000
v -0.0312971 -0.0087197 0.0475000
v -0.0311068 -0.0084551 0.0475000
v -0.0310134 -0.0081849 0.0475000
v -0.0310038 -0.0078821 0.0475000
v -0.0310738 -0.0076164 0.0475000
v -0.0312676 -0.0073062 0.0475000
v -0.0316153 -0.0070712 0.0475000
v -0.0320671 0.0090038 0.0475000
v -0.0323743 0.0089294 0.0475000
v -0.0326126 0.0087952 0.0475000
v -0.0328742 0.0085037 0.0475000
v -0.0329975 0.0081181 0.0475000
v -0.0329839 0.0078043 0.0475000
v -0.0328585 0.0074739 0.0475000
v -0.0326432 0.0072317 0.0475000
v -0.0324200 0.0070890 0.0475000
v -0.0321665 0.0070120 0.0475000
v -0.0318931 0.0070019 0.0475000
v -0.0315539 0.0070983 0.0475000
v -0.0312705 0.0073105 0.0475000
v -0.0310751 0.0076041 0.0475000
v -0.0310059 0.0078824 0.0475000
v -0.0310071 0.0081573 0.0475000
v -0.0311188 0.0084807 0.0475000
v -0.0313658 0.0087846 0.0475000
v -0.0317168 0.0089630 0.0475000
v -0.0051294 0.0090906 0.0475000
v -0.0053186 0.0090252 0.0475000
v -0.0055244 0.0088730 0.0475000
v -0.0056882 0.0085652 0.0475000
v -0.0056906 0.0082706 0.0475000
v -0.0055919 0.0080148 0.0475000
v -0.0054125 0.0078323 0.0475000
v -0.0052097 0.0077277 0.0475000
v -0.0049724 0.0076983 0.0475000
v -0.0046862 0.0077647 0.0475000
v -0.0044298 0.0079857 0.0475000
v -0.0043133 0.0082437 0.0475000
v -0.0043091 0.0085462 0.0475000
v -0.0044508 0.0088439 0.0475000
v -0.0046569 0.0090127 0.0475000
v -0.0048816 0.0090942 0.0475000
v -0.0051294 -0.0077094 0.0475000
v -0.0053928 -0.0078122 0.0475000
v -0.0056048 -0.0080391 0.0475000
v -0.0057023 -0.0083255 0.0475000
v -0.0056672 -0.0086255 0.0475000
v -0.0054948 -0.0089072 0.0475000
v -0.0051652 -0.0090882 0.0475000
v -0.0048355 -0.0090854 0.0475000
v -0.0045794 -0.0089648 0.0475000
v -0.0044115 -0.0087838 0.0475000
v -0.0043242 -0.0085906 0.0475000
v -0.0042974 -0.0083724 0.0475000
v -0.0043351 -0.0081767 0.0475000
v -0.0044307 -0.0079864 0.0475000
v -0.0045822 -0.0078367 0.0475000
v -0.0048260 -0.0077131 0.0475000
v -0.0324552 -0.0041985 0.0475000
v -0.0326944 -0.0042615 0.0475000
v -0.0328976 -0.0044024 0.0475000
v -0.0330253 -0.0045814 0.0475000
v -0.0330950 -0.0047899 0.0475000
v -0.0330938 -0.0050029 0.0475000
v -0.0330312 -0.0052123 0.0475000
v -0.0328962 -0.0053962 0.0475000
v -0.0327123 -0.0055312 0.0475000
v -0.0324825 -0.0055973 0.0475000
v -0.0322706 -0.0055906 0.0475000
v -0.0320072 -0.0054878 0.0475000
v -0.0317647 -0.0052138 0.0475000
v -0.0316958 -0.0048917 0.0475000
v -0.0317351 -0.0046767 0.0475000
v -0.0318307 -0.0044864 0.0475000
v -0.0320032 -0.0043202 0.0475000
v -0.0322092 -0.0042233 0.0475000
v -0.0290294 0.0090906 0.0475000
v -0.0292186 0.0090252 0.0475000
v -0.0293976 0.0088976 0.0475000
v -0.0295252 0.0087186 0.0475000
v -0.0295950 0.0085101 0.0475000
v -0.0295906 0.0082706 0.0475000
v -0.0295010 0.0080317 0.0475000
v -0.0293288 0.0078434 0.0475000
v -0.0291430 0.0077412 0.0475000
v -0.0289083 0.0076958 0.0475000
v -0.0286642 0.0077381 0.0475000
v -0.0284422 0.0078640 0.0475000
v -0.0282551 0.0081122 0.0475000
v -0.0281958 0.0084083 0.0475000
v -0.0282351 0.0086233 0.0475000
v -0.0283508 0.0088439 0.0475000
v -0.0285569 0.0090127 0.0475000
v -0.0287816 0.0090942 0.0475000
v -0.0244500 0.0096000 0.0475000
v -0.0244500 0.0061831 0.0475000
v -0.0244500 0.0061831 0.0506000
v -0.0244500 0.0091443 0.0506000
v -0.0244500 0.0091443 0.0480000
v -0.0244500 0.0096000 0.0480000
v -0.0231228 0.0053011 0.0475000
v -0.0244500 0.0061831 0.0475000
v -0.0238971 0.0058772 0.0475000
v -0.0244500 0.0061831 0.0506000
v -0.0231196 0.0053035 0.0506000
v -0.0239568 0.0059143 0.0506000
v -0.0244500 0.0061831 0.0506000
v -0.0244500 0.0091443 0.0506000
v -0.0231196 0.0053035 0.0506000
v -0.0239568 0.0059143 0.0506000
v -0.0132500 0.0063000 0.0506000
v -0.0132500 0.0092000 0.0506000
v -0.0135500 0.0060000 0.0506000
v -0.0234500 0.0060000 0.0506000
v -0.0237500 0.0063000 0.0506000
v -0.0237500 0.0094443 0.0506000
v -0.0241500 0.0094443 0.0506000
v -0.0126214 0.0053000 0.0506000
v -0.0126214 0.0095000 0.0506000
v -0.0129500 0.0095000 0.0506000
v -0.0132500 0.0092000 0.0506000
v -0.0129500 0.0095000 0.0506000
v -0.0129500 0.0095000 0.0480000
v -0.0132500 0.0092000 0.0480000
v -0.0126214 0.0095000 0.0506000
v -0.0129500 0.0095000 0.0506000
v -0.0129500 0.0095000 0.0480000
v -0.0126214 0.0095000 0.0480000
v 0.0000000 0.0090000 0.0480000
v -0.0000000 -0.0090000 0.0480000
v -0.0129500 0.0095000 0.0480000
v -0.0132500 0.0092000 0.0480000
v -0.0126214 0.0095000 0.0480000
v -0.0132500 -0.0095000 0.0480000
v -0.0132500 -0.0100000 0.0480000
v -0.0010000 -0.0100000 0.0480000
v -0.0010000 0.0100000 0.0480000
v -0.0132500 0.0100000 0.0480000
v -0.0126214 0.0096000 0.0480000
v -0.0011657 0.0096000 0.0480000
v -0.0004000 0.0088343 0.0480000
v -0.0004000 -0.0088343 0.0480000
v -0.0011657 -0.0096000 0.0480000
v -0.0125500 -0.0096000 0.0480000
v -0.0125500 -0.0092000 0.0480000
v -0.0128500 -0.0095000 0.0480000
v -0.0132500 -0.0095000 0.0480000
v -0.0128500 -0.0095000 0.0480000
v -0.0128500 -0.0095000 0.0506000
v -0.0132500 -0.0095000 0.0506000
v -0.0125500 -0.0092000 0.0480000
v -0.0128500 -0.0095000 0.0480000
v -0.0128500 -0.0095000 0.0506000
v -0.0125500 -0.0092000 0.0506000
v -0.0128500 -0.0095000 0.0506000
v -0.0132500 -0.0095000 0.0506000
v -0.0125500 -0.0092000 0.0506000
v -0.0237500 -0.0095000 0.0506000
v -0.0241500 -0.0095000 0.0506000
v -0.0237500 -0.0063000 0.0506000
v -0.0234500 -0.0060000 0.0506000
v -0.0135500 -0.0060000 0.0506000
v -0.0132500 -0.0063000 0.0506000
v -0.0125500 -0.0053000 0.0506000
v -0.0244500 -0.0053000 0.0506000
v -0.0244500 -0.0092000 0.0506000
v -0.0241500 -0.0095000 0.0506000
v -0.0244500 -0.0092000 0.0506000
v -0.0244500 -0.0092000 0.0480000
v -0.0241500 -0.0095000 0.0480000
v -0.0244500 -0.0096000 0.0475000
v -0.0244500 -0.0053000 0.0475000
v -0.0244500 -0.0053000 0.0506000
v -0.0244500 -0.0092000 0.0506000
v -0.0244500 -0.0092000 0.0480000
v -0.0244500 -0.0096000 0.0480000
v -0.0244500 0.0091443 0.0480000
v -0.0244500 0.0096000 0.0480000
v -0.0244500 -0.0092000 0.0480000
v -0.0241500 -0.0095000 0.0480000
v -0.0244500 -0.0096000 0.0480000
v -0.0237500 0.0094443 0.0480000
v -0.0237500 0.0100000 0.0480000
v -0.0330000 0.0100000 0.0480000
v -0.0340000 0.0090000 0.0480000
v -0.0340000 -0.0090000 0.0480000
v -0.0330000 -0.0100000 0.0480000
v -0.0237500 -0.0100000 0.0480000
v -0.0237500 -0.0095000 0.0480000
v -0.0328343 -0.0096000 0.0480000
v -0.0336000 -0.0088343 0.0480000
v -0.0336000 0.0088343 0.0480000
v -0.0328343 0.0096000 0.0480000
v -0.0241500 0.0094443 0.0480000
v -0.0237500 0.0094443 0.0506000
v -0.0241500 0.0094443 0.0506000
v -0.0237500 0.0094443 0.0480000
v -0.0241500 0.0094443 0.0480000
v -0.0244500 0.0091443 0.0506000
v -0.0244500 0.0091443 0.0480000
v -0.0241500 0.0094443 0.0506000
v -0.0241500 0.0094443 0.0480000
v -0.0237500 0.0063000 0.0506000
v -0.0237500 0.0094443 0.0506000
v -0.0237500 0.0094443 0.0480000
v -0.0237500 0.0100000 0.0480000
v -0.0237500 0.0063000 0.0432000
v -0.0237500 0.0100000 0.0432000
v -0.0237500 0.0063000 0.0453000
v -0.0237500 0.0065000 0.0455000
v -0.0237500 0.0065000 0.0461000
v -0.0237500 0.0063000 0.0461000
v -0.0130500 0.0098000 0.0430000
v -0.0130500 0.0062172 0.0430000
v -0.0134566 0.0057881 0.0429971
v -0.0235328 0.0058000 0.0430000
v -0.0239500 0.0062172 0.0430000
v -0.0239500 0.0098000 0.0430000
v -0.0237500 0.0063000 0.0432000
v -0.0237500 0.0100000 0.0432000
v -0.0234500 0.0060000 0.0432000
v -0.0135500 0.0060000 0.0432000
v -0.0132500 0.0063000 0.0432000
v -0.0132500 0.0100000 0.0432000
v -0.0239500 0.0098000 0.0430000
v -0.0329172 0.0098000 0.0430000
v -0.0338000 0.0089172 0.0430000
v -0.0338000 -0.0089172 0.0430000
v -0.0329172 -0.0098000 0.0430000
v -0.0239500 -0.0098000 0.0430000
v -0.0237500 0.0100000 0.0432000
v -0.0330000 0.0100000 0.0432000
v -0.0340000 0.0090000 0.0432000
v -0.0340000 -0.0090000 0.0432000
v -0.0330000 -0.0100000 0.0432000
v -0.0237500 -0.0100000 0.0432000
v -0.0237500 0.0100000 0.0480000
v -0.0330000 0.0100000 0.0480000
v -0.0237500 0.0100000 0.0432000
v -0.0330000 0.0100000 0.0432000
v -0.0330000 0.0100000 0.0480000
v -0.0340000 0.0090000 0.0480000
v -0.0330000 0.0100000 0.0432000
v -0.0340000 0.0090000 0.0432000
v -0.0340000 0.0090000 0.0480000
v -0.0340000 -0.0090000 0.0480000
v -0.0340000 0.0090000 0.0432000
v -0.0340000 -0.0090000 0.0432000
v -0.0340000 -0.0090000 0.0480000
v -0.0330000 -0.0100000 0.0480000
v -0.0340000 -0.0090000 0.0432000
v -0.0330000 -0.0100000 0.0432000
v -0.0330000 -0.0100000 0.0480000
v -0.0237500 -0.0100000 0.0480000
v -0.0330000 -0.0100000 0.0432000
v -0.0237500 -0.0100000 0.0432000
v -0.0237500 -0.0095000 0.0506000
v -0.0237500 -0.0063000 0.0506000
v -0.0237500 -0.0100000 0.0480000
v -0.0237500 -0.0095000 0.0480000
v -0.0237500 -0.0100000 0.0432000
v -0.0237500 -0.0063000 0.0432000
v -0.0237500 -0.0063000 0.0461000
v -0.0237500 -0.0065000 0.0461000
v -0.0237500 -0.0065000 0.0455000
v -0.0237500 -0.0063000 0.0453000
v -0.0239500 -0.0098000 0.0430000
v -0.0239500 -0.0062172 0.0430000
v -0.0235328 -0.0058000 0.0430000
v -0.0134455 -0.0057883 0.0429975
v -0.0130500 -0.0062172 0.0430000
v -0.0130500 -0.0098000 0.0430000
v -0.0237500 -0.0100000 0.0432000
v -0.0237500 -0.0063000 0.0432000
v -0.0234500 -0.0060000 0.0432000
v -0.0135500 -0.0060000 0.0432000
v -0.0132500 -0.0063000 0.0432000
v -0.0132500 -0.0100000 0.0432000
v -0.0237500 -0.0063000 0.0432000
v -0.0237500 -0.0063000 0.0453000
v -0.0234500 -0.0060000 0.0432000
v -0.0234500 -0.0060000 0.0450000
v -0.0237500 -0.0065000 0.0455000
v -0.0237500 -0.0063000 0.0453000
v -0.0234500 -0.0060000 0.0450000
v -0.0222500 -0.0060000 0.0450000
v -0.0222500 -0.0065000 0.0455000
v -0.0237500 -0.0065000 0.0461000
v -0.0237500 -0.0065000 0.0455000
v -0.0222500 -0.0065000 0.0455000
v -0.0222500 -0.0065000 0.0461000
v -0.0237500 -0.0063000 0.0461000
v -0.0237500 -0.0065000 0.0461000
v -0.0222500 -0.0065000 0.0461000
v -0.0234500 -0.0060000 0.0461000
v -0.0222500 -0.0060000 0.0461000
v -0.0237500 -0.0063000 0.0506000
v -0.0234500 -0.0060000 0.0506000
v -0.0237500 -0.0063000 0.0461000
v -0.0234500 -0.0060000 0.0461000
v -0.0234500 -0.0060000 0.0506000
v -0.0135500 -0.0060000 0.0506000
v -0.0234500 -0.0060000 0.0432000
v -0.0234500 -0.0060000 0.0450000
v -0.0222500 -0.0060000 0.0450000
v -0.0234500 -0.0060000 0.0461000
v -0.0222500 -0.0060000 0.0461000
v -0.0135500 -0.0060000 0.0432000
v -0.0135500 -0.0060000 0.0461000
v -0.0147500 -0.0060000 0.0461000
v -0.0147500 -0.0060000 0.0450000
v -0.0135500 -0.0060000 0.0450000
v -0.0135500 -0.0060000 0.0432000
v -0.0135500 -0.0060000 0.0450000
v -0.0132500 -0.0063000 0.0432000
v -0.0132500 -0.0063000 0.0453000
v -0.0147500 -0.0060000 0.0450000
v -0.0135500 -0.0060000 0.0450000
v -0.0132500 -0.0063000 0.0453000
v -0.0132500 -0.0065000 0.0455000
v -0.0147500 -0.0065000 0.0455000
v -0.0147500 -0.0060000 0.0461000
v -0.0147500 -0.0060000 0.0450000
v -0.0147500 -0.0065000 0.0455000
v -0.0147500 -0.0065000 0.0461000
v -0.0132500 -0.0065000 0.0455000
v -0.0147500 -0.0065000 0.0455000
v -0.0147500 -0.0065000 0.0461000
v -0.0132500 -0.0065000 0.0461000
v -0.0135500 -0.0060000 0.0461000
v -0.0147500 -0.0060000 0.0461000
v -0.0147500 -0.0065000 0.0461000
v -0.0132500 -0.0065000 0.0461000
v -0.0132500 -0.0063000 0.0461000
v -0.0135500 -0.0060000 0.0506000
v -0.0132500 -0.0063000 0.0506000
v -0.0135500 -0.0060000 0.0461000
v -0.0132500 -0.0063000 0.0461000
v -0.0132500 -0.0095000 0.0480000
v -0.0132500 -0.0100000 0.0480000
v -0.0132500 -0.0095000 0.0506000
v -0.0132500 -0.0063000 0.0506000
v -0.0132500 -0.0063000 0.0432000
v -0.0132500 -0.0063000 0.0453000
v -0.0132500 -0.0065000 0.0455000
v -0.0132500 -0.0065000 0.0461000
v -0.0132500 -0.0063000 0.0461000
v -0.0132500 -0.0100000 0.0432000
v -0.0130500 -0.0098000 0.0430000
v -0.0010828 -0.0098000 0.0430000
v -0.0002000 -0.0089172 0.0430000
v -0.0002000 -0.0027000 0.0430000
v -0.0000000 -0.0090000 0.0432000
v -0.0000000 -0.0027000 0.0432000
v -0.0132500 -0.0100000 0.0432000
v -0.0010000 -0.0100000 0.0432000
v -0.0001000 -0.0026000 0.0431000
v -0.0132500 -0.0100000 0.0480000
v -0.0010000 -0.0100000 0.0480000
v -0.0132500 -0.0100000 0.0432000
v -0.0010000 -0.0100000 0.0432000
v -0.0000000 -0.0090000 0.0480000
v -0.0000000 -0.0090000 0.0432000
v -0.0010000 -0.0100000 0.0480000
v -0.0010000 -0.0100000 0.0432000
v -0.0000000 -0.0027000 0.0432000
v -0.0000000 -0.0027000 0.0452000
v -0.0002000 -0.0025000 0.0450000
v -0.0002000 -0.0025000 0.0432000
v -0.0001000 -0.0026000 0.0431000
v -0.0002000 -0.0027000 0.0430000
v -0.0022000 -0.0027000 0.0430000
v -0.0020000 -0.0025000 0.0432000
v -0.0002000 -0.0025000 0.0432000
v -0.0001000 -0.0026000 0.0431000
v -0.0022000 -0.0027000 0.0430000
v -0.0022000 0.0027000 0.0430000
v -0.0020000 0.0025000 0.0432000
v -0.0020000 -0.0025000 0.0432000
v -0.0000000 -0.0027000 0.0452000
v 0.0000000 0.0027000 0.0452000
v -0.0002000 0.0025000 0.0450000
v -0.0002000 -0.0025000 0.0450000
v -0.0222500 -0.0060000 0.0450000
v -0.0222500 -0.0065000 0.0455000
v -0.0222500 -0.0065000 0.0461000
v -0.0222500 -0.0060000 0.0461000
v -0.0237500 -0.0095000 0.0506000
v -0.0241500 -0.0095000 0.0506000
v -0.0241500 -0.0095000 0.0480000
v -0.0237500 -0.0095000 0.0480000
v -0.0135500 0.0060000 0.0506000
v -0.0234500 0.0060000 0.0506000
v -0.0234500 0.0060000 0.0432000
v -0.0135500 0.0060000 0.0432000
v -0.0135500 0.0060000 0.0450000
v -0.0147500 0.0060000 0.0450000
v -0.0147500 0.0060000 0.0461000
v -0.0135500 0.0060000 0.0461000
v -0.0234500 0.0060000 0.0461000
v -0.0222500 0.0060000 0.0461000
v -0.0222500 0.0060000 0.0450000
v -0.0234500 0.0060000 0.0450000
v -0.0135500 0.0060000 0.0432000
v -0.0135500 0.0060000 0.0450000
v -0.0132500 0.0063000 0.0453000
v -0.0132500 0.0063000 0.0432000
v -0.0010000 0.0100000 0.0480000
v -0.0132500 0.0100000 0.0480000
v -0.0132500 0.0100000 0.0432000
v -0.0010000 0.0100000 0.0432000
v 0.0000000 0.0090000 0.0432000
v 0.0000000 0.0090000 0.0480000
v -0.0010000 0.0100000 0.0480000
v -0.0010000 0.0100000 0.0432000
v -0.0132500 0.0063000 0.0506000
v -0.0132500 0.0092000 0.0506000
v -0.0132500 0.0092000 0.0480000
v -0.0132500 0.0100000 0.0480000
v -0.0132500 0.0063000 0.0453000
v -0.0132500 0.0063000 0.0432000
v -0.0132500 0.0100000 0.0432000
v -0.0132500 0.0063000 0.0461000
v -0.0132500 0.0065000 0.0461000
v -0.0132500 0.0065000 0.0455000
v -0.0132500 0.0063000 0.0506000
v -0.0135500 0.0060000 0.0506000
v -0.0135500 0.0060000 0.0461000
v -0.0132500 0.0063000 0.0461000
v -0.0147500 0.0060000 0.0461000
v -0.0135500 0.0060000 0.0461000
v -0.0132500 0.0063000 0.0461000
v -0.0132500 0.0065000 0.0461000
v -0.0147500 0.0065000 0.0461000
v -0.0147500 0.0060000 0.0450000
v -0.0147500 0.0060000 0.0461000
v -0.0147500 0.0065000 0.0461000
v -0.0147500 0.0065000 0.0455000
v -0.0135500 0.0060000 0.0450000
v -0.0147500 0.0060000 0.0450000
v -0.0132500 0.0063000 0.0453000
v -0.0132500 0.0065000 0.0455000
v -0.0147500 0.0065000 0.0455000
v -0.0132500 0.0065000 0.0461000
v -0.0132500 0.0065000 0.0455000
v -0.0147500 0.0065000 0.0461000
v -0.0147500 0.0065000 0.0455000
v -0.0234500 0.0060000 0.0506000
v -0.0237500 0.0063000 0.0506000
v -0.0237500 0.0063000 0.0461000
v -0.0234500 0.0060000 0.0461000
v -0.0237500 0.0065000 0.0461000
v -0.0237500 0.0063000 0.0461000
v -0.0234500 0.0060000 0.0461000
v -0.0222500 0.0060000 0.0461000
v -0.0222500 0.0065000 0.0461000
v -0.0237500 0.0065000 0.0455000
v -0.0237500 0.0065000 0.0461000
v -0.0222500 0.0065000 0.0461000
v -0.0222500 0.0065000 0.0455000
v -0.0237500 0.0063000 0.0453000
v -0.0237500 0.0065000 0.0455000
v -0.0222500 0.0060000 0.0450000
v -0.0234500 0.0060000 0.0450000
v -0.0222500 0.0065000 0.0455000
v -0.0237500 0.0063000 0.0432000
v -0.0237500 0.0063000 0.0453000
v -0.0234500 0.0060000 0.0432000
v -0.0234500 0.0060000 0.0450000
v -0.0222500 0.0060000 0.0461000
v -0.0222500 0.0060000 0.0450000
v -0.0222500 0.0065000 0.0461000
v -0.0222500 0.0065000 0.0455000
v -0.0244500 0.0096000 0.0475000
v -0.0328343 0.0096000 0.0475000
v -0.0244500 0.0096000 0.0480000
v -0.0328343 0.0096000 0.0480000
v -0.0328343 0.0096000 0.0475000
v -0.0336000 0.0088343 0.0475000
v -0.0336000 0.0088343 0.0480000
v -0.0328343 0.0096000 0.0480000
v -0.0336000 0.0088343 0.0475000
v -0.0336000 -0.0088343 0.0475000
v -0.0336000 -0.0088343 0.0480000
v -0.0336000 0.0088343 0.0480000
v -0.0336000 -0.0088343 0.0475000
v -0.0328343 -0.0096000 0.0475000
v -0.0328343 -0.0096000 0.0480000
v -0.0336000 -0.0088343 0.0480000
v -0.0328343 -0.0096000 0.0475000
v -0.0244500 -0.0096000 0.0475000
v -0.0244500 -0.0096000 0.0480000
v -0.0328343 -0.0096000 0.0480000
v -0.0244500 -0.0053000 0.0475000
v -0.0125500 -0.0053000 0.0475000
v -0.0125500 -0.0053000 0.0506000
v -0.0244500 -0.0053000 0.0506000
v -0.0125500 -0.0053000 0.0475000
v -0.0125500 -0.0096000 0.0475000
v -0.0125500 -0.0096000 0.0480000
v -0.0125500 -0.0092000 0.0480000
v -0.0125500 -0.0092000 0.0506000
v -0.0125500 -0.0053000 0.0506000
v -0.0125500 -0.0096000 0.0475000
v -0.0011657 -0.0096000 0.0475000
v -0.0011657 -0.0096000 0.0480000
v -0.0125500 -0.0096000 0.0480000
v -0.0011657 -0.0096000 0.0475000
v -0.0004000 -0.0088343 0.0475000
v -0.0004000 -0.0088343 0.0480000
v -0.0011657 -0.0096000 0.0480000
v -0.0004000 -0.0088343 0.0475000
v -0.0004000 0.0088343 0.0475000
v -0.0004000 0.0088343 0.0480000
v -0.0004000 -0.0088343 0.0480000
v -0.0004000 0.0088343 0.0475000
v -0.0011657 0.0096000 0.0475000
v -0.0011657 0.0096000 0.0480000
v -0.0004000 0.0088343 0.0480000
v -0.0011657 0.0096000 0.0475000
v -0.0126214 0.0096000 0.0475000
v -0.0126214 0.0096000 0.0480000
v -0.0011657 0.0096000 0.0480000
v -0.0126214 0.0096000 0.0475000
v -0.0126214 0.0053000 0.0475000
v -0.0126214 0.0053000 0.0506000
v -0.0126214 0.0095000 0.0506000
v -0.0126214 0.0095000 0.0480000
v -0.0126214 0.0096000 0.0480000
v -0.0126214 0.0053000 0.0475000
v -0.0231228 0.0053011 0.0475000
v -0.0231196 0.0053035 0.0506000
v -0.0126214 0.0053000 0.0506000
v -0.0093280 0.0024990 0.0475000
v -0.0099893 0.0024597 0.0475000
v -0.0105477 0.0022726 0.0475000
v -0.0110754 0.0019533 0.0475000
v -0.0115409 0.0014524 0.0475000
v -0.0118529 0.0008680 0.0475000
v -0.0119823 0.0003113 0.0475000
v -0.0119990 -0.0001719 0.0475000
v -0.0118835 -0.0007744 0.0475000
v -0.0115708 -0.0014173 0.0475000
v -0.0111080 -0.0019207 0.0475000
v -0.0107072 -0.0021912 0.0475000
v -0.0102506 -0.0023898 0.0475000
v -0.0096720 -0.0024990 0.0475000
v -0.0090107 -0.0024597 0.0475000
v -0.0084523 -0.0022726 0.0475000
v -0.0080957 -0.0020704 0.0475000
v -0.0077295 -0.0017705 0.0475000
v -0.0074193 -0.0013903 0.0475000
v -0.0072208 -0.0010316 0.0475000
v -0.0070335 -0.0004621 0.0475000
v -0.0070039 0.0001965 0.0475000
v -0.0070915 0.0006793 0.0475000
v -0.0072354 0.0010631 0.0475000
v -0.0074743 0.0014717 0.0475000
v -0.0078013 0.0018376 0.0475000
v -0.0081246 0.0020897 0.0475000
v -0.0086577 0.0023638 0.0475000
v -0.0094754 0.0025048 0.0490000
v -0.0088913 0.0024298 0.0490000
v -0.0082495 0.0021757 0.0490000
v -0.0077114 0.0017537 0.0490000
v -0.0074103 0.0013754 0.0490000
v -0.0071868 0.0009582 0.0490000
v -0.0070456 0.0004882 0.0490000
v -0.0069996 0.0000809 0.0490000
v -0.0070444 -0.0005169 0.0490000
v -0.0072354 -0.0010631 0.0490000
v -0.0074881 -0.0014922 0.0490000
v -0.0078146 -0.0018488 0.0490000
v -0.0082746 -0.0021881 0.0490000
v -0.0088207 -0.0024085 0.0490000
v -0.0092232 -0.0024864 0.0490000
v -0.0097211 -0.0024952 0.0490000
v -0.0101958 -0.0024031 0.0490000
v -0.0107254 -0.0021881 0.0490000
v -0.0111987 -0.0018376 0.0490000
v -0.0115409 -0.0014523 0.0490000
v -0.0118529 -0.0008680 0.0490000
v -0.0119952 -0.0002211 0.0490000
v -0.0119923 0.0001961 0.0490000
v -0.0119298 0.0006087 0.0490000
v -0.0117646 0.0010631 0.0490000
v -0.0115119 0.0014922 0.0490000
v -0.0110315 0.0019879 0.0490000
v -0.0104358 0.0023236 0.0490000
v -0.0099710 0.0024570 0.0490000
v -0.0094754 0.0025048 0.0490000
v -0.0088913 0.0024298 0.0490000
v -0.0082495 0.0021757 0.0490000
v -0.0077114 0.0017537 0.0490000
v -0.0074103 0.0013754 0.0490000
v -0.0071868 0.0009582 0.0490000
v -0.0070456 0.0004882 0.0490000
v -0.0069996 0.0000809 0.0490000
v -0.0070444 -0.0005169 0.0490000
v -0.0072354 -0.0010631 0.0490000
v -0.0074881 -0.0014922 0.0490000
v -0.0078146 -0.0018488 0.0490000
v -0.0082746 -0.0021881 0.0490000
v -0.0088207 -0.0024085 0.0490000
v -0.0092232 -0.0024864 0.0490000
v -0.0097211 -0.0024952 0.0490000
v -0.0101958 -0.0024031 0.0490000
v -0.0107254 -0.0021881 0.0490000
v -0.0111987 -0.0018376 0.0490000
v -0.0115409 -0.0014523 0.0490000
v -0.0118529 -0.0008680 0.0490000
v -0.0119952 -0.0002211 0.0490000
v -0.0119923 0.0001961 0.0490000
v -0.0119298 0.0006087 0.0490000
v -0.0117646 0.0010631 0.0490000
v -0.0115119 0.0014922 0.0490000
v -0.0110315 0.0019879 0.0490000
v -0.0104358 0.0023236 0.0490000
v -0.0099710 0.0024570 0.0490000
v -0.0018931 -0.0070019 0.0430000
v -0.0016257 -0.0070706 0.0430000
v -0.0013557 -0.0072273 0.0430000
v -0.0011090 -0.0075327 0.0430000
v -0.0010025 -0.0078819 0.0430000
v -0.0010225 -0.0082347 0.0430000
v -0.0011406 -0.0085151 0.0430000
v -0.0013105 -0.0087295 0.0430000
v -0.0016393 -0.0089422 0.0430000
v -0.0020282 -0.0090034 0.0430000
v -0.0023369 -0.0089455 0.0430000
v -0.0025809 -0.0088164 0.0430000
v -0.0027888 -0.0086218 0.0430000
v -0.0029561 -0.0083106 0.0430000
v -0.0030038 -0.0079329 0.0430000
v -0.0028862 -0.0075178 0.0430000
v -0.0026302 -0.0072187 0.0430000
v -0.0022857 -0.0070324 0.0430000
v -0.0020671 -0.0069962 0.0475000
v -0.0023743 -0.0070706 0.0475000
v -0.0026126 -0.0072049 0.0475000
v -0.0028515 -0.0074642 0.0475000
v -0.0029822 -0.0077932 0.0475000
v -0.0029955 -0.0081456 0.0475000
v -0.0028812 -0.0084807 0.0475000
v -0.0026342 -0.0087846 0.0475000
v -0.0022832 -0.0089630 0.0475000
v -0.0019718 -0.0090034 0.0475000
v -0.0017283 -0.0089634 0.0475000
v -0.0014747 -0.0088571 0.0475000
v -0.0011931 -0.0086009 0.0475000
v -0.0010502 -0.0083190 0.0475000
v -0.0009940 -0.0080119 0.0475000
v -0.0010576 -0.0076524 0.0475000
v -0.0011952 -0.0074031 0.0475000
v -0.0014091 -0.0071867 0.0475000
v -0.0017168 -0.0070370 0.0475000
v -0.0018530 0.0089911 0.0430000
v -0.0015795 0.0089122 0.0430000
v -0.0012509 0.0086757 0.0430000
v -0.0010439 0.0083106 0.0430000
v -0.0009966 0.0079718 0.0430000
v -0.0010576 0.0076523 0.0430000
v -0.0011897 0.0074113 0.0430000
v -0.0013698 0.0072187 0.0430000
v -0.0015809 0.0070910 0.0430000
v -0.0018815 0.0069991 0.0430000
v -0.0022996 0.0070396 0.0430000
v -0.0025809 0.0071836 0.0430000
v -0.0028320 0.0074293 0.0430000
v -0.0029851 0.0078040 0.0430000
v -0.0029984 0.0080786 0.0430000
v -0.0029424 0.0083477 0.0430000
v -0.0027878 0.0086210 0.0430000
v -0.0025261 0.0088585 0.0430000
v -0.0021573 0.0089929 0.0430000
v -0.0024101 0.0089162 0.0475000
v -0.0026731 0.0087446 0.0475000
v -0.0029110 0.0084335 0.0475000
v -0.0030060 0.0080119 0.0475000
v -0.0029424 0.0076523 0.0475000
v -0.0027324 0.0073062 0.0475000
v -0.0024200 0.0070890 0.0475000
v -0.0020908 0.0069980 0.0475000
v -0.0017004 0.0070396 0.0475000
v -0.0013874 0.0072049 0.0475000
v -0.0011890 0.0074108 0.0475000
v -0.0010589 0.0076528 0.0475000
v -0.0009915 0.0080273 0.0475000
v -0.0010738 0.0083836 0.0475000
v -0.0012676 0.0086938 0.0475000
v -0.0016153 0.0089287 0.0475000
v -0.0020273 0.0090085 0.0475000
v -0.0319718 -0.0069966 0.0430000
v -0.0315888 -0.0070787 0.0430000
v -0.0312343 -0.0073461 0.0430000
v -0.0310589 -0.0076528 0.0430000
v -0.0309940 -0.0079881 0.0430000
v -0.0310576 -0.0083476 0.0430000
v -0.0312122 -0.0086210 0.0430000
v -0.0314331 -0.0088283 0.0430000
v -0.0316810 -0.0089498 0.0430000
v -0.0319494 -0.0090025 0.0430000
v -0.0322617 -0.0089690 0.0430000
v -0.0325919 -0.0088146 0.0430000
v -0.0328164 -0.0085809 0.0430000
v -0.0329561 -0.0083106 0.0430000
v -0.0330019 -0.0080098 0.0430000
v -0.0329691 -0.0077383 0.0430000
v -0.0328594 -0.0074849 0.0430000
v -0.0326895 -0.0072706 0.0430000
v -0.0323607 -0.0070578 0.0430000
v -0.0319494 -0.0069975 0.0475000
v -0.0322340 -0.0070252 0.0475000
v -0.0325253 -0.0071429 0.0475000
v -0.0327555 -0.0073418 0.0475000
v -0.0329249 -0.0076040 0.0475000
v -0.0329994 -0.0079213 0.0475000
v -0.0329775 -0.0082347 0.0475000
v -0.0327999 -0.0086149 0.0475000
v -0.0325319 -0.0088491 0.0475000
v -0.0322832 -0.0089630 0.0475000
v -0.0319718 -0.0090034 0.0475000
v -0.0316260 -0.0089340 0.0475000
v -0.0312971 -0.0087197 0.0475000
v -0.0311068 -0.0084551 0.0475000
v -0.0310134 -0.0081849 0.0475000
v -0.0310038 -0.0078821 0.0475000
v -0.0310738 -0.0076164 0.0475000
v -0.0312676 -0.0073062 0.0475000
v -0.0316153 -0.0070712 0.0475000
v -0.0320099 0.0090019 0.0430000
v -0.0317383 0.0089691 0.0430000
v -0.0315109 0.0088734 0.0430000
v -0.0312509 0.0086757 0.0430000
v -0.0310589 0.0083472 0.0430000
v -0.0309940 0.0080119 0.0430000
v -0.0310576 0.0076524 0.0430000
v -0.0311897 0.0074113 0.0430000
v -0.0313698 0.0072187 0.0430000
v -0.0316778 0.0070469 0.0430000
v -0.0320282 0.0069966 0.0430000
v -0.0323853 0.0070697 0.0430000
v -0.0327492 0.0073243 0.0430000
v -0.0329561 0.0076893 0.0430000
v -0.0330038 0.0080671 0.0430000
v -0.0328862 0.0084822 0.0430000
v -0.0326302 0.0087813 0.0430000
v -0.0323222 0.0089531 0.0430000
v -0.0320671 0.0090038 0.0475000
v -0.0323743 0.0089294 0.0475000
v -0.0326126 0.0087952 0.0475000
v -0.0328742 0.0085037 0.0475000
v -0.0329975 0.0081181 0.0475000
v -0.0329839 0.0078043 0.0475000
v -0.0328585 0.0074739 0.0475000
v -0.0326432 0.0072317 0.0475000
v -0.0324200 0.0070890 0.0475000
v -0.0321665 0.0070120 0.0475000
v -0.0318931 0.0070019 0.0475000
v -0.0315539 0.0070983 0.0475000
v -0.0312705 0.0073105 0.0475000
v -0.0310751 0.0076041 0.0475000
v -0.0310059 0.0078824 0.0475000
v -0.0310071 0.0081573 0.0475000
v -0.0311188 0.0084807 0.0475000
v -0.0313658 0.0087846 0.0475000
v -0.0317168 0.0089630 0.0475000
v -0.0051294 0.0090906 0.0475000
v -0.0053186 0.0090252 0.0475000
v -0.0055244 0.0088730 0.0475000
v -0.0056882 0.0085652 0.0475000
v -0.0056906 0.0082706 0.0475000
v -0.0055919 0.0080148 0.0475000
v -0.0054125 0.0078323 0.0475000
v -0.0052097 0.0077277 0.0475000
v -0.0049724 0.0076983 0.0475000
v -0.0046862 0.0077647 0.0475000
v -0.0044298 0.0079857 0.0475000
v -0.0043133 0.0082437 0.0475000
v -0.0043091 0.0085462 0.0475000
v -0.0044508 0.0088439 0.0475000
v -0.0046569 0.0090127 0.0475000
v -0.0048816 0.0090942 0.0475000
v -0.0050276 0.0091026 0.0437000
v -0.0047207 0.0090512 0.0437000
v -0.0044844 0.0088767 0.0437000
v -0.0043488 0.0086697 0.0437000
v -0.0043003 0.0084482 0.0437000
v -0.0043172 0.0082275 0.0437000
v -0.0044307 0.0079864 0.0437000
v -0.0046094 0.0078154 0.0437000
v -0.0048979 0.0076989 0.0437000
v -0.0052255 0.0077328 0.0437000
v -0.0054570 0.0078649 0.0437000
v -0.0056092 0.0080499 0.0437000
v -0.0056942 0.0082816 0.0437000
v -0.0056804 0.0085919 0.0437000
v -0.0055351 0.0088570 0.0437000
v -0.0053035 0.0090377 0.0437000
v -0.0050276 0.0091026 0.0437000
v -0.0047207 0.0090512 0.0437000
v -0.0044844 0.0088767 0.0437000
v -0.0043488 0.0086697 0.0437000
v -0.0043003 0.0084482 0.0437000
v -0.0043172 0.0082275 0.0437000
v -0.0044307 0.0079864 0.0437000
v -0.0046094 0.0078154 0.0437000
v -0.0048979 0.0076989 0.0437000
v -0.0052255 0.0077328 0.0437000
v -0.0054570 0.0078649 0.0437000
v -0.0056092 0.0080499 0.0437000
v -0.0056942 0.0082816 0.0437000
v -0.0056804 0.0085919 0.0437000
v -0.0055351 0.0088570 0.0437000
v -0.0053035 0.0090377 0.0437000
v -0.0051294 -0.0077094 0.0475000
v -0.0053928 -0.0078122 0.0475000
v -0.0056048 -0.0080391 0.0475000
v -0.0057023 -0.0083255 0.0475000
v -0.0056672 -0.0086255 0.0475000
v -0.0054948 -0.0089072 0.0475000
v -0.0051652 -0.0090882 0.0475000
v -0.0048355 -0.0090854 0.0475000
v -0.0045794 -0.0089648 0.0475000
v -0.0044115 -0.0087838 0.0475000
v -0.0043242 -0.0085906 0.0475000
v -0.0042974 -0.0083724 0.0475000
v -0.0043351 -0.0081767 0.0475000
v -0.0044307 -0.0079864 0.0475000
v -0.0045822 -0.0078367 0.0475000
v -0.0048260 -0.0077131 0.0475000
v -0.0049724 -0.0091026 0.0437000
v -0.0051021 -0.0076989 0.0437000
v -0.0048094 -0.0077242 0.0437000
v -0.0045466 -0.0078555 0.0437000
v -0.0043488 -0.0081303 0.0437000
v -0.0042944 -0.0084555 0.0437000
v -0.0044081 -0.0087852 0.0437000
v -0.0046705 -0.0090273 0.0437000
v -0.0052793 -0.0090512 0.0437000
v -0.0055212 -0.0088712 0.0437000
v -0.0056538 -0.0086618 0.0437000
v -0.0057024 -0.0084198 0.0437000
v -0.0056758 -0.0082094 0.0437000
v -0.0055746 -0.0079928 0.0437000
v -0.0053906 -0.0078154 0.0437000
v -0.0049724 -0.0091026 0.0437000
v -0.0051021 -0.0076989 0.0437000
v -0.0048094 -0.0077242 0.0437000
v -0.0045466 -0.0078555 0.0437000
v -0.0043488 -0.0081303 0.0437000
v -0.0042944 -0.0084555 0.0437000
v -0.0044081 -0.0087852 0.0437000
v -0.0046705 -0.0090273 0.0437000
v -0.0052793 -0.0090512 0.0437000
v -0.0055212 -0.0088712 0.0437000
v -0.0056538 -0.0086618 0.0437000
v -0.0057024 -0.0084198 0.0437000
v -0.0056758 -0.0082094 0.0437000
v -0.0055746 -0.0079928 0.0437000
v -0.0053906 -0.0078154 0.0437000
v -0.0324552 -0.0041985 0.0475000
v -0.0326944 -0.0042615 0.0475000
v -0.0328976 -0.0044024 0.0475000
v -0.0330253 -0.0045814 0.0475000
v -0.0330950 -0.0047899 0.0475000
v -0.0330938 -0.0050029 0.0475000
v -0.0330312 -0.0052123 0.0475000
v -0.0328962 -0.0053962 0.0475000
v -0.0327123 -0.0055312 0.0475000
v -0.0324825 -0.0055973 0.0475000
v -0.0322706 -0.0055906 0.0475000
v -0.0320072 -0.0054878 0.0475000
v -0.0317647 -0.0052138 0.0475000
v -0.0316958 -0.0048917 0.0475000
v -0.0317351 -0.0046767 0.0475000
v -0.0318307 -0.0044864 0.0475000
v -0.0320032 -0.0043202 0.0475000
v -0.0322092 -0.0042233 0.0475000
v -0.0324827 -0.0055982 0.0437000
v -0.0321130 -0.0042587 0.0437000
v -0.0319443 -0.0043664 0.0437000
v -0.0318000 -0.0045323 0.0437000
v -0.0317038 -0.0047897 0.0437000
v -0.0317269 -0.0051187 0.0437000
v -0.0318788 -0.0053712 0.0437000
v -0.0320334 -0.0054983 0.0437000
v -0.0322357 -0.0055842 0.0437000
v -0.0326748 -0.0055453 0.0437000
v -0.0328570 -0.0054351 0.0437000
v -0.0329983 -0.0052666 0.0437000
v -0.0330843 -0.0050643 0.0437000
v -0.0330943 -0.0047707 0.0437000
v -0.0329983 -0.0045333 0.0437000
v -0.0328570 -0.0043649 0.0437000
v -0.0326748 -0.0042547 0.0437000
v -0.0324088 -0.0041915 0.0437000
v -0.0324827 -0.0055982 0.0437000
v -0.0321130 -0.0042587 0.0437000
v -0.0319443 -0.0043664 0.0437000
v -0.0318000 -0.0045323 0.0437000
v -0.0317038 -0.0047897 0.0437000
v -0.0317269 -0.0051187 0.0437000
v -0.0318788 -0.0053712 0.0437000
v -0.0320334 -0.0054983 0.0437000
v -0.0322357 -0.0055842 0.0437000
v -0.0326748 -0.0055453 0.0437000
v -0.0328570 -0.0054351 0.0437000
v -0.0329983 -0.0052666 0.0437000
v -0.0330843 -0.0050643 0.0437000
v -0.0330943 -0.0047707 0.0437000
v -0.0329983 -0.0045333 0.0437000
v -0.0328570 -0.0043649 0.0437000
v -0.0326748 -0.0042547 0.0437000
v -0.0324088 -0.0041915 0.0437000
v -0.0290294 0.0090906 0.0475000
v -0.0292186 0.0090252 0.0475000
v -0.0293976 0.0088976 0.0475000
v -0.0295252 0.0087186 0.0475000
v -0.0295950 0.0085101 0.0475000
v -0.0295906 0.0082706 0.0475000
v -0.0295010 0.0080317 0.0475000
v -0.0293288 0.0078434 0.0475000
v -0.0291430 0.0077412 0.0475000
v -0.0289083 0.0076958 0.0475000
v -0.0286642 0.0077381 0.0475000
v -0.0284422 0.0078640 0.0475000
v -0.0282551 0.0081122 0.0475000
v -0.0281958 0.0084083 0.0475000
v -0.0282351 0.0086233 0.0475000
v -0.0283508 0.0088439 0.0475000
v -0.0285569 0.0090127 0.0475000
v -0.0287816 0.0090942 0.0475000
v -0.0289553 0.0076973 0.0437000
v -0.0289276 0.0091026 0.0437000
v -0.0287094 0.0090758 0.0437000
v -0.0284857 0.0089702 0.0437000
v -0.0283115 0.0087838 0.0437000
v -0.0282158 0.0085643 0.0437000
v -0.0282004 0.0083449 0.0437000
v -0.0282623 0.0080965 0.0437000
v -0.0284430 0.0078649 0.0437000
v -0.0286745 0.0077328 0.0437000
v -0.0292777 0.0078005 0.0437000
v -0.0295000 0.0080323 0.0437000
v -0.0295942 0.0082816 0.0437000
v -0.0295804 0.0085919 0.0437000
v -0.0294351 0.0088570 0.0437000
v -0.0292035 0.0090377 0.0437000
v -0.0289553 0.0076973 0.0437000
v -0.0289276 0.0091026 0.0437000
v -0.0287094 0.0090758 0.0437000
v -0.0284857 0.0089702 0.0437000
v -0.0283115 0.0087838 0.0437000
v -0.0282158 0.0085643 0.0437000
v -0.0282004 0.0083449 0.0437000
v -0.0282623 0.0080965 0.0437000
v -0.0284430 0.0078649 0.0437000
v -0.0286745 0.0077328 0.0437000
v -0.0292777 0.0078005 0.0437000
v -0.0295000 0.0080323 0.0437000
v -0.0295942 0.0082816 0.0437000
v -0.0295804 0.0085919 0.0437000
v -0.0294351 0.0088570 0.0437000
v -0.0292035 0.0090377 0.0437000
v -0.0134566 0.0057881 0.0429971
v -0.0134455 -0.0057883 0.0429975
v -0.0092251 0.0069978 0.0430000
v -0.0081811 0.0068796 0.0430000
v -0.0073369 0.0066574 0.0430000
v -0.0066116 0.0063817 0.0430000
v -0.0056488 0.0058513 0.0430000
v -0.0047809 0.0051768 0.0430000
v -0.0040292 0.0043748 0.0430000
v -0.0035315 0.0036575 0.0430000
v -0.0031401 0.0029320 0.0430000
v -0.0027561 0.0019020 0.0430000
v -0.0025453 0.0008231 0.0430000
v -0.0025000 -0.0000000 0.0430000
v -0.0025453 -0.0008231 0.0430000
v -0.0026934 -0.0016341 0.0430000
v -0.0029114 -0.0023788 0.0430000
v -0.0033865 -0.0034237 0.0430000
v -0.0040003 -0.0043357 0.0430000
v -0.0045503 -0.0049497 0.0430000
v -0.0051644 -0.0054998 0.0430000
v -0.0060763 -0.0061135 0.0430000
v -0.0070761 -0.0065704 0.0430000
v -0.0078659 -0.0068066 0.0430000
v -0.0086769 -0.0069547 0.0430000
v -0.0095000 -0.0070000 0.0430000
v -0.0102750 -0.0069619 0.0430000
v -0.0111341 -0.0068066 0.0430000
v -0.0118788 -0.0065886 0.0430000
v -0.0128802 -0.0061354 0.0430000
v -0.0142191 -0.0051768 0.0430000
v -0.0149708 -0.0043748 0.0430000
v -0.0155878 -0.0034651 0.0430000
v -0.0160550 -0.0024701 0.0430000
v -0.0163607 -0.0014143 0.0430000
v -0.0164784 -0.0005492 0.0430000
v -0.0164978 0.0002749 0.0430000
v -0.0163723 0.0013670 0.0430000
v -0.0160704 0.0024239 0.0430000
v -0.0157370 0.0031779 0.0430000
v -0.0153230 0.0038908 0.0430000
v -0.0146768 0.0047191 0.0430000
v -0.0140461 0.0053228 0.0430000
v -0.0129237 0.0061135 0.0430000
v -0.0119239 0.0065704 0.0430000
v -0.0109143 0.0068607 0.0430000
v -0.0100492 0.0069784 0.0430000
v -0.0095000 0.0070000 0.0433000
v -0.0092736 -0.0070013 0.0433000
v -0.0084050 -0.0069138 0.0433000
v -0.0075990 -0.0067403 0.0433000
v -0.0068212 -0.0064672 0.0433000
v -0.0060781 -0.0061103 0.0433000
v -0.0051621 -0.0055027 0.0433000
v -0.0043574 -0.0047538 0.0433000
v -0.0038369 -0.0041145 0.0433000
v -0.0033897 -0.0034219 0.0433000
v -0.0029450 -0.0024701 0.0433000
v -0.0026393 -0.0014143 0.0433000
v -0.0025026 -0.0003236 0.0433000
v -0.0025216 0.0005492 0.0433000
v -0.0026313 0.0013663 0.0433000
v -0.0029114 0.0023788 0.0433000
v -0.0032630 0.0031779 0.0433000
v -0.0036770 0.0038908 0.0433000
v -0.0041772 0.0045461 0.0433000
v -0.0047095 0.0051107 0.0433000
v -0.0055679 0.0057972 0.0433000
v -0.0065232 0.0063410 0.0433000
v -0.0075518 0.0067286 0.0433000
v -0.0086284 0.0069505 0.0433000
v -0.0103231 0.0069547 0.0433000
v -0.0113546 0.0067550 0.0433000
v -0.0121788 0.0064672 0.0433000
v -0.0129219 0.0061103 0.0433000
v -0.0137984 0.0055311 0.0433000
v -0.0144497 0.0049497 0.0433000
v -0.0149997 0.0043357 0.0433000
v -0.0154685 0.0036575 0.0433000
v -0.0158599 0.0029320 0.0433000
v -0.0161574 0.0021631 0.0433000
v -0.0163687 0.0013663 0.0433000
v -0.0165015 0.0002751 0.0433000
v -0.0164547 -0.0008231 0.0433000
v -0.0163066 -0.0016341 0.0433000
v -0.0160886 -0.0023788 0.0433000
v -0.0156354 -0.0033802 0.0433000
v -0.0150311 -0.0042984 0.0433000
v -0.0142905 -0.0051107 0.0433000
v -0.0136145 -0.0056631 0.0433000
v -0.0129651 -0.0060878 0.0433000
v -0.0119701 -0.0065550 0.0433000
v -0.0111341 -0.0068066 0.0433000
v -0.0103716 -0.0069505 0.0433000
v -0.0095000 0.0070000 0.0433000
v -0.0092736 -0.0070013 0.0433000
v -0.0084050 -0.0069138 0.0433000
v -0.0075990 -0.0067403 0.0433000
v -0.0068212 -0.0064672 0.0433000
v -0.0060781 -0.0061103 0.0433000
v -0.0051621 -0.0055027 0.0433000
v -0.0043574 -0.0047538 0.0433000
v -0.0038369 -0.0041145 0.0433000
v -0.0033897 -0.0034219 0.0433000
v -0.0029450 -0.0024701 0.0433000
v -0.0026393 -0.0014143 0.0433000
v -0.0025026 -0.0003236 0.0433000
v -0.0025216 0.0005492 0.0433000
v -0.0026313 0.0013663 0.0433000
v -0.0029114 0.0023788 0.0433000
v -0.0032630 0.0031779 0.0433000
v -0.0036770 0.0038908 0.0433000
v -0.0041772 0.0045461 0.0433000
v -0.0047095 0.0051107 0.0433000
v -0.0055679 0.0057972 0.0433000
v -0.0065232 0.0063410 0.0433000
v -0.0075518 0.0067286 0.0433000
v -0.0086284 0.0069505 0.0433000
v -0.0103231 0.0069547 0.0433000
v -0.0113546 0.0067550 0.0433000
v -0.0121788 0.0064672 0.0433000
v -0.0129219 0.0061103 0.0433000
v -0.0137984 0.0055311 0.0433000
v -0.0144497 0.0049497 0.0433000
v -0.0149997 0.0043357 0.0433000
v -0.0154685 0.0036575 0.0433000
v -0.0158599 0.0029320 0.0433000
v -0.0161574 0.0021631 0.0433000
v -0.0163687 0.0013663 0.0433000
v -0.0165015 0.0002751 0.0433000
v -0.0164547 -0.0008231 0.0433000
v -0.0163066 -0.0016341 0.0433000
v -0.0160886 -0.0023788 0.0433000
v -0.0156354 -0.0033802 0.0433000
v -0.0150311 -0.0042984 0.0433000
v -0.0142905 -0.0051107 0.0433000
v -0.0136145 -0.0056631 0.0433000
v -0.0129651 -0.0060878 0.0433000
v -0.0119701 -0.0065550 0.0433000
v -0.0111341 -0.0068066 0.0433000
v -0.0103716 -0.0069505 0.0433000
v -0.0095000 0.0050000 0.0433000
v -0.0088774 0.0049646 0.0433000
v -0.0083328 0.0048618 0.0433000
v -0.0077356 0.0046821 0.0433000
v -0.0070249 0.0043485 0.0433000
v -0.0063751 0.0039077 0.0433000
v -0.0058023 0.0033708 0.0433000
v -0.0053407 0.0027791 0.0433000
v -0.0049548 0.0020954 0.0433000
v -0.0046855 0.0013578 0.0433000
v -0.0045297 0.0005883 0.0433000
v -0.0045018 -0.0002311 0.0433000
v -0.0045995 -0.0010102 0.0433000
v -0.0048179 -0.0017644 0.0433000
v -0.0051355 -0.0024442 0.0433000
v -0.0054549 -0.0029389 0.0433000
v -0.0058267 -0.0033956 0.0433000
v -0.0064015 -0.0039305 0.0433000
v -0.0070558 -0.0043645 0.0433000
v -0.0075866 -0.0046194 0.0433000
v -0.0081422 -0.0048145 0.0433000
v -0.0087178 -0.0049384 0.0433000
v -0.0093383 -0.0050009 0.0433000
v -0.0101226 -0.0049646 0.0433000
v -0.0106672 -0.0048618 0.0433000
v -0.0112644 -0.0046821 0.0433000
v -0.0119751 -0.0043485 0.0433000
v -0.0127910 -0.0037773 0.0433000
v -0.0134508 -0.0030703 0.0433000
v -0.0138824 -0.0024145 0.0433000
v -0.0141194 -0.0019134 0.0433000
v -0.0143250 -0.0013247 0.0433000
v -0.0144676 -0.0005880 0.0433000
v -0.0145011 0.0001965 0.0433000
v -0.0144062 0.0009759 0.0433000
v -0.0142553 0.0015451 0.0433000
v -0.0140428 0.0020943 0.0433000
v -0.0135818 0.0029047 0.0433000
v -0.0129218 0.0036505 0.0433000
v -0.0124389 0.0040451 0.0433000
v -0.0119442 0.0043645 0.0433000
v -0.0114134 0.0046194 0.0433000
v -0.0108247 0.0048250 0.0433000
v -0.0100880 0.0049676 0.0433000
v -0.0095000 0.0050000 0.0433000
v -0.0088774 0.0049646 0.0433000
v -0.0083328 0.0048618 0.0433000
v -0.0077356 0.0046821 0.0433000
v -0.0070249 0.0043485 0.0433000
v -0.0063751 0.0039077 0.0433000
v -0.0058023 0.0033708 0.0433000
v -0.0053407 0.0027791 0.0433000
v -0.0049548 0.0020954 0.0433000
v -0.0046855 0.0013578 0.0433000
v -0.0045297 0.0005883 0.0433000
v -0.0045018 -0.0002311 0.0433000
v -0.0045995 -0.0010102 0.0433000
v -0.0048179 -0.0017644 0.0433000
v -0.0051355 -0.0024442 0.0433000
v -0.0054549 -0.0029389 0.0433000
v -0.0058267 -0.0033956 0.0433000
v -0.0064015 -0.0039305 0.0433000
v -0.0070558 -0.0043645 0.0433000
v -0.0075866 -0.0046194 0.0433000
v -0.0081422 -0.0048145 0.0433000
v -0.0087178 -0.0049384 0.0433000
v -0.0093383 -0.0050009 0.0433000
v -0.0101226 -0.0049646 0.0433000
v -0.0106672 -0.0048618 0.0433000
v -0.0112644 -0.0046821 0.0433000
v -0.0119751 -0.0043485 0.0433000
v -0.0127910 -0.0037773 0.0433000
v -0.0134508 -0.0030703 0.0433000
v -0.0138824 -0.0024145 0.0433000
v -0.0141194 -0.0019134 0.0433000
v -0.0143250 -0.0013247 0.0433000
v -0.0144676 -0.0005880 0.0433000
v -0.0145011 0.0001965 0.0433000
v -0.0144062 0.0009759 0.0433000
v -0.0142553 0.0015451 0.0433000
v -0.0140428 0.0020943 0.0433000
v -0.0135818 0.0029047 0.0433000
v -0.0129218 0.0036505 0.0433000
v -0.0124389 0.0040451 0.0433000
v -0.0119442 0.0043645 0.0433000
v -0.0114134 0.0046194 0.0433000
v -0.0108247 0.0048250 0.0433000
v -0.0100880 0.0049676 0.0433000
v -0.0091071 -0.0049922 0.0430000
v -0.0093036 0.0049984 0.0430000
v -0.0098923 0.0049846 0.0430000
v -0.0105102 0.0049005 0.0430000
v -0.0112314 0.0046931 0.0430000
v -0.0117700 0.0044550 0.0430000
v -0.0122791 0.0041593 0.0430000
v -0.0127472 0.0038020 0.0430000
v -0.0131977 0.0033708 0.0430000
v -0.0136593 0.0027791 0.0430000
v -0.0139550 0.0022700 0.0430000
v -0.0141931 0.0017314 0.0430000
v -0.0144088 0.0009764 0.0430000
v -0.0144984 0.0001964 0.0430000
v -0.0144846 -0.0003923 0.0430000
v -0.0144005 -0.0010102 0.0430000
v -0.0141821 -0.0017644 0.0430000
v -0.0138485 -0.0024751 0.0430000
v -0.0134077 -0.0031249 0.0430000
v -0.0128708 -0.0036977 0.0430000
v -0.0122508 -0.0041795 0.0430000
v -0.0117700 -0.0044550 0.0430000
v -0.0111992 -0.0047062 0.0430000
v -0.0106672 -0.0048618 0.0430000
v -0.0100536 -0.0049728 0.0430000
v -0.0083328 -0.0048619 0.0430000
v -0.0077686 -0.0046931 0.0430000
v -0.0070545 -0.0043668 0.0430000
v -0.0064031 -0.0039284 0.0430000
v -0.0059645 -0.0035355 0.0430000
v -0.0055716 -0.0030969 0.0430000
v -0.0051332 -0.0024455 0.0430000
v -0.0047938 -0.0016992 0.0430000
v -0.0045540 -0.0007834 0.0430000
v -0.0045000 -0.0000000 0.0430000
v -0.0045324 0.0005880 0.0430000
v -0.0046830 0.0013585 0.0430000
v -0.0049572 0.0020943 0.0430000
v -0.0052368 0.0026125 0.0430000
v -0.0055923 0.0031249 0.0430000
v -0.0059645 0.0035355 0.0430000
v -0.0064297 0.0039508 0.0430000
v -0.0070856 0.0043824 0.0430000
v -0.0078008 0.0047062 0.0430000
v -0.0085580 0.0049140 0.0430000
v -0.0091071 -0.0049922 0.0430000
v -0.0093036 0.0049984 0.0430000
v -0.0098923 0.0049846 0.0430000
v -0.0105102 0.0049005 0.0430000
v -0.0112314 0.0046931 0.0430000
v -0.0117700 0.0044550 0.0430000
v -0.0122791 0.0041593 0.0430000
v -0.0127472 0.0038020 0.0430000
v -0.0131977 0.0033708 0.0430000
v -0.0136593 0.0027791 0.0430000
v -0.0139550 0.0022700 0.0430000
v -0.0141931 0.0017314 0.0430000
v -0.0144088 0.0009764 0.0430000
v -0.0144984 0.0001964 0.0430000
v -0.0144846 -0.0003923 0.0430000
v -0.0144005 -0.0010102 0.0430000
v -0.0141821 -0.0017644 0.0430000
v -0.0138485 -0.0024751 0.0430000
v -0.0134077 -0.0031249 0.0430000
v -0.0128708 -0.0036977 0.0430000
v -0.0122508 -0.0041795 0.0430000
v -0.0117700 -0.0044550 0.0430000
v -0.0111992 -0.0047062 0.0430000
v -0.0106672 -0.0048618 0.0430000
v -0.0100536 -0.0049728 0.0430000
v -0.0083328 -0.0048619 0.0430000
v -0.0077686 -0.0046931 0.0430000
v -0.0070545 -0.0043668 0.0430000
v -0.0064031 -0.0039284 0.0430000
v -0.0059645 -0.0035355 0.0430000
v -0.0055716 -0.0030969 0.0430000
v -0.0051332 -0.0024455 0.0430000
v -0.0047938 -0.0016992 0.0430000
v -0.0045540 -0.0007834 0.0430000
v -0.0045000 -0.0000000 0.0430000
v -0.0045324 0.0005880 0.0430000
v -0.0046830 0.0013585 0.0430000
v -0.0049572 0.0020943 0.0430000
v -0.0052368 0.0026125 0.0430000
v -0.0055923 0.0031249 0.0430000
v -0.0059645 0.0035355 0.0430000
v -0.0064297 0.0039508 0.0430000
v -0.0070856 0.0043824 0.0430000
v -0.0078008 0.0047062 0.0430000
v -0.0085580 0.0049140 0.0430000
v -0.0097442 -0.0035486 0.0430000
v -0.0105658 -0.0033935 0.0430000
v -0.0114465 -0.0029847 0.0430000
v -0.0120919 -0.0024295 0.0430000
v -0.0125144 -0.0018883 0.0430000
v -0.0129185 -0.0010054 0.0430000
v -0.0130587 -0.0000000 0.0430000
v -0.0129793 0.0007172 0.0430000
v -0.0127340 0.0014909 0.0430000
v -0.0123050 0.0021799 0.0430000
v -0.0118366 0.0026819 0.0430000
v -0.0112363 0.0031004 0.0430000
v -0.0104290 0.0034401 0.0430000
v -0.0094650 0.0035568 0.0430000
v -0.0084946 0.0034185 0.0430000
v -0.0074874 0.0029405 0.0430000
v -0.0068746 0.0023933 0.0430000
v -0.0064490 0.0018286 0.0430000
v -0.0060599 0.0009290 0.0430000
v -0.0059416 -0.0001398 0.0430000
v -0.0061434 -0.0011960 0.0430000
v -0.0066019 -0.0020623 0.0430000
v -0.0071634 -0.0026819 0.0430000
v -0.0078541 -0.0031532 0.0430000
v -0.0087659 -0.0034869 0.0430000
v -0.0097442 -0.0035486 0.0430000
v -0.0105658 -0.0033935 0.0430000
v -0.0114465 -0.0029847 0.0430000
v -0.0120919 -0.0024295 0.0430000
v -0.0125144 -0.0018883 0.0430000
v -0.0129185 -0.0010054 0.0430000
v -0.0130587 -0.0000000 0.0430000
v -0.0129793 0.0007172 0.0430000
v -0.0127340 0.0014909 0.0430000
v -0.0123050 0.0021799 0.0430000
v -0.0118366 0.0026819 0.0430000
v -0.0112363 0.0031004 0.0430000
v -0.0104290 0.0034401 0.0430000
v -0.0094650 0.0035568 0.0430000
v -0.0084946 0.0034185 0.0430000
v -0.0074874 0.0029405 0.0430000
v -0.0068746 0.0023933 0.0430000
v -0.0064490 0.0018286 0.0430000
v -0.0060599 0.0009290 0.0430000
v -0.0059416 -0.0001398 0.0430000
v -0.0061434 -0.0011960 0.0430000
v -0.0066019 -0.0020623 0.0430000
v -0.0071634 -0.0026819 0.0430000
v -0.0078541 -0.0031532 0.0430000
v -0.0087659 -0.0034869 0.0430000
v -0.0093916 -0.0033506 0.0432000
v -0.0099171 -0.0033263 0.0432000
v -0.0105686 -0.0031819 0.0432000
v -0.0112819 -0.0028446 0.0432000
v -0.0118967 -0.0023500 0.0432000
v -0.0123791 -0.0017256 0.0432000
v -0.0127024 -0.0010058 0.0432000
v -0.0128318 -0.0003709 0.0432000
v -0.0128490 0.0001316 0.0432000
v -0.0127924 0.0006312 0.0432000
v -0.0126136 0.0012539 0.0432000
v -0.0123002 0.0018431 0.0432000
v -0.0119665 0.0022718 0.0431992
v -0.0115749 0.0026320 0.0432018
v -0.0111530 0.0029165 0.0431992
v -0.0105378 0.0031939 0.0432000
v -0.0097632 0.0033448 0.0432000
v -0.0091291 0.0033318 0.0432000
v -0.0084942 0.0032024 0.0432000
v -0.0078823 0.0029362 0.0432000
v -0.0074429 0.0026470 0.0432000
v -0.0070542 0.0022926 0.0432000
v -0.0066554 0.0017819 0.0432000
v -0.0063181 0.0010686 0.0432000
v -0.0061737 0.0004171 0.0432000
v -0.0061493 -0.0001317 0.0432000
v -0.0062167 -0.0006768 0.0432000
v -0.0063630 -0.0011821 0.0432000
v -0.0065865 -0.0016583 0.0432000
v -0.0068818 -0.0020936 0.0432000
v -0.0072416 -0.0024774 0.0432000
v -0.0077744 -0.0028791 0.0432000
v -0.0083616 -0.0031531 0.0432000
v -0.0088688 -0.0032924 0.0432000
v -0.0093916 -0.0033506 0.0432000
v -0.0099171 -0.0033263 0.0432000
v -0.0105686 -0.0031819 0.0432000
v -0.0112819 -0.0028446 0.0432000
v -0.0118967 -0.0023500 0.0432000
v -0.0123791 -0.0017256 0.0432000
v -0.0127024 -0.0010058 0.0432000
v -0.0128318 -0.0003709 0.0432000
v -0.0128490 0.0001316 0.0432000
v -0.0127924 0.0006312 0.0432000
v -0.0126136 0.0012539 0.0432000
v -0.0123002 0.0018431 0.0432000
v -0.0119665 0.0022718 0.0431992
v -0.0115749 0.0026320 0.0432018
v -0.0111530 0.0029165 0.0431992
v -0.0105378 0.0031939 0.0432000
v -0.0097632 0.0033448 0.0432000
v -0.0091291 0.0033318 0.0432000
v -0.0084942 0.0032024 0.0432000
v -0.0078823 0.0029362 0.0432000
v -0.0074429 0.0026470 0.0432000
v -0.0070542 0.0022926 0.0432000
v -0.0066554 0.0017819 0.0432000
v -0.0063181 0.0010686 0.0432000
v -0.0061737 0.0004171 0.0432000
v -0.0061493 -0.0001317 0.0432000
v -0.0062167 -0.0006768 0.0432000
v -0.0063630 -0.0011821 0.0432000
v -0.0065865 -0.0016583 0.0432000
v -0.0068818 -0.0020936 0.0432000
v -0.0072416 -0.0024774 0.0432000
v -0.0077744 -0.0028791 0.0432000
v -0.0083616 -0.0031531 0.0432000
v -0.0088688 -0.0032924 0.0432000
v -0.0097635 0.0033479 0.0442000
v -0.0093451 -0.0033488 0.0442000
v -0.0086843 -0.0032560 0.0442000
v -0.0080754 -0.0030346 0.0442000
v -0.0076182 -0.0027744 0.0442000
v -0.0072074 -0.0024458 0.0442000
v -0.0068530 -0.0020571 0.0442000
v -0.0065638 -0.0016177 0.0442000
v -0.0063469 -0.0011384 0.0442000
v -0.0062076 -0.0006312 0.0442000
v -0.0061449 -0.0000000 0.0442000
v -0.0062076 0.0006312 0.0442000
v -0.0063469 0.0011384 0.0442000
v -0.0065638 0.0016177 0.0442000
v -0.0068530 0.0020571 0.0442000
v -0.0072074 0.0024458 0.0442000
v -0.0077181 0.0028446 0.0442000
v -0.0084314 0.0031820 0.0442000
v -0.0090829 0.0033263 0.0442000
v -0.0105368 0.0031909 0.0442000
v -0.0111177 0.0029362 0.0442000
v -0.0115760 0.0026334 0.0442000
v -0.0119611 0.0022750 0.0442000
v -0.0122744 0.0018818 0.0442000
v -0.0125346 0.0014246 0.0442000
v -0.0127201 0.0009323 0.0442000
v -0.0128263 0.0004171 0.0442000
v -0.0128507 -0.0001317 0.0442000
v -0.0127833 -0.0006768 0.0442000
v -0.0126370 -0.0011821 0.0442000
v -0.0123446 -0.0017819 0.0442000
v -0.0118500 -0.0023967 0.0442000
v -0.0112256 -0.0028791 0.0442000
v -0.0105058 -0.0032024 0.0442000
v -0.0098709 -0.0033318 0.0442000
v -0.0097635 0.0033479 0.0442000
v -0.0093451 -0.0033488 0.0442000
v -0.0086843 -0.0032560 0.0442000
v -0.0080754 -0.0030346 0.0442000
v -0.0076182 -0.0027744 0.0442000
v -0.0072074 -0.0024458 0.0442000
v -0.0068530 -0.0020571 0.0442000
v -0.0065638 -0.0016177 0.0442000
v -0.0063469 -0.0011384 0.0442000
v -0.0062076 -0.0006312 0.0442000
v -0.0061449 -0.0000000 0.0442000
v -0.0062076 0.0006312 0.0442000
v -0.0063469 0.0011384 0.0442000
v -0.0065638 0.0016177 0.0442000
v -0.0068530 0.0020571 0.0442000
v -0.0072074 0.0024458 0.0442000
v -0.0077181 0.0028446 0.0442000
v -0.0084314 0.0031820 0.0442000
v -0.0090829 0.0033263 0.0442000
v -0.0105368 0.0031909 0.0442000
v -0.0111177 0.0029362 0.0442000
v -0.0115760 0.0026334 0.0442000
v -0.0119611 0.0022750 0.0442000
v -0.0122744 0.0018818 0.0442000
v -0.0125346 0.0014246 0.0442000
v -0.0127201 0.0009323 0.0442000
v -0.0128263 0.0004171 0.0442000
v -0.0128507 -0.0001317 0.0442000
v -0.0127833 -0.0006768 0.0442000
v -0.0126370 -0.0011821 0.0442000
v -0.0123446 -0.0017819 0.0442000
v -0.0118500 -0.0023967 0.0442000
v -0.0112256 -0.0028791 0.0442000
v -0.0105058 -0.0032024 0.0442000
v -0.0098709 -0.0033318 0.0442000
v -0.0067071 -0.0003306 0.0442000
v -0.0069187 -0.0010991 0.0442000
v -0.0072466 -0.0016713 0.0442000
v -0.0076990 -0.0021512 0.0442000
v -0.0082510 -0.0025121 0.0442000
v -0.0089824 -0.0027624 0.0442000
v -0.0098614 -0.0027872 0.0442000
v -0.0091900 0.0027848 0.0442000
v -0.0086593 0.0026766 0.0442000
v -0.0081479 0.0024542 0.0442000
v -0.0076153 0.0020849 0.0442000
v -0.0071067 0.0014666 0.0442000
v -0.0068645 0.0009515 0.0442000
v -0.0067302 0.0004387 0.0442000
v -0.0123043 -0.0000000 0.0442000
v -0.0122343 0.0006281 0.0442000
v -0.0119538 0.0013742 0.0442000
v -0.0114642 0.0020032 0.0442000
v -0.0109652 0.0023911 0.0442000
v -0.0104701 0.0026295 0.0442000
v -0.0098301 0.0027893 0.0442000
v -0.0107050 -0.0025391 0.0442000
v -0.0114306 -0.0020424 0.0442000
v -0.0119673 -0.0013459 0.0442000
v -0.0122343 -0.0006281 0.0442000
v -0.0067071 -0.0003306 0.0442000
v -0.0069187 -0.0010991 0.0442000
v -0.0072466 -0.0016713 0.0442000
v -0.0076990 -0.0021512 0.0442000
v -0.0082510 -0.0025121 0.0442000
v -0.0089824 -0.0027624 0.0442000
v -0.0098614 -0.0027872 0.0442000
v -0.0091900 0.0027848 0.0442000
v -0.0086593 0.0026766 0.0442000
v -0.0081479 0.0024542 0.0442000
v -0.0076153 0.0020849 0.0442000
v -0.0071067 0.0014666 0.0442000
v -0.0068645 0.0009515 0.0442000
v -0.0067302 0.0004387 0.0442000
v -0.0123043 -0.0000000 0.0442000
v -0.0122343 0.0006281 0.0442000
v -0.0119538 0.0013742 0.0442000
v -0.0114642 0.0020032 0.0442000
v -0.0109652 0.0023911 0.0442000
v -0.0104701 0.0026295 0.0442000
v -0.0098301 0.0027893 0.0442000
v -0.0107050 -0.0025391 0.0442000
v -0.0114306 -0.0020424 0.0442000
v -0.0119673 -0.0013459 0.0442000
v -0.0122343 -0.0006281 0.0442000
v -0.0092701 -0.0025949 0.0444000
v -0.0097879 -0.0025858 0.0444000
v -0.0101888 -0.0025090 0.0444000
v -0.0105728 -0.0023703 0.0444000
v -0.0110104 -0.0021225 0.0444000
v -0.0113983 -0.0017793 0.0444000
v -0.0116533 -0.0014605 0.0444000
v -0.0118552 -0.0011057 0.0444000
v -0.0120270 -0.0006330 0.0444000
v -0.0121006 -0.0001022 0.0444000
v -0.0120816 0.0003237 0.0444000
v -0.0120015 0.0007133 0.0444007
v -0.0118684 0.0010772 0.0443994
v -0.0116666 0.0014420 0.0443994
v -0.0113485 0.0018341 0.0444012
v -0.0109459 0.0021640 0.0444000
v -0.0105771 0.0023684 0.0443994
v -0.0101960 0.0025070 0.0444007
v -0.0096941 0.0025968 0.0444012
v -0.0091009 0.0025745 0.0444003
v -0.0086051 0.0024432 0.0444002
v -0.0082339 0.0022731 0.0444002
v -0.0078997 0.0020515 0.0443994
v -0.0075889 0.0017666 0.0444000
v -0.0072797 0.0013606 0.0444000
v -0.0070653 0.0009175 0.0444000
v -0.0069294 0.0004228 0.0444013
v -0.0068997 -0.0000888 0.0443994
v -0.0069447 -0.0004899 0.0444000
v -0.0070835 -0.0009732 0.0444000
v -0.0073775 -0.0015104 0.0444000
v -0.0077887 -0.0019642 0.0444000
v -0.0082130 -0.0022612 0.0444000
v -0.0086706 -0.0024696 0.0444000
v -0.0092701 -0.0025949 0.0444000
v -0.0097879 -0.0025858 0.0444000
v -0.0101888 -0.0025090 0.0444000
v -0.0105728 -0.0023703 0.0444000
v -0.0110104 -0.0021225 0.0444000
v -0.0113983 -0.0017793 0.0444000
v -0.0116533 -0.0014605 0.0444000
v -0.0118552 -0.0011057 0.0444000
v -0.0120270 -0.0006330 0.0444000
v -0.0121006 -0.0001022 0.0444000
v -0.0120816 0.0003237 0.0444000
v -0.0120015 0.0007133 0.0444007
v -0.0118684 0.0010772 0.0443994
v -0.0116666 0.0014420 0.0443994
v -0.0113485 0.0018341 0.0444012
v -0.0109459 0.0021640 0.0444000
v -0.0105771 0.0023684 0.0443994
v -0.0101960 0.0025070 0.0444007
v -0.0096941 0.0025968 0.0444012
v -0.0091009 0.0025745 0.0444003
v -0.0086051 0.0024432 0.0444002
v -0.0082339 0.0022731 0.0444002
v -0.0078997 0.0020515 0.0443994
v -0.0075889 0.0017666 0.0444000
v -0.0072797 0.0013606 0.0444000
v -0.0070653 0.0009175 0.0444000
v -0.0069294 0.0004228 0.0444013
v -0.0068997 -0.0000888 0.0443994
v -0.0069447 -0.0004899 0.0444000
v -0.0070835 -0.0009732 0.0444000
v -0.0073775 -0.0015104 0.0444000
v -0.0077887 -0.0019642 0.0444000
v -0.0082130 -0.0022612 0.0444000
v -0.0086706 -0.0024696 0.0444000
v -0.0096022 0.0026006 0.0448000
v -0.0093212 -0.0025990 0.0448000
v -0.0086240 -0.0024584 0.0448000
v -0.0079072 -0.0020674 0.0448000
v -0.0074076 -0.0015519 0.0448000
v -0.0071031 -0.0010206 0.0448000
v -0.0069119 -0.0003356 0.0448000
v -0.0069155 0.0003059 0.0448000
v -0.0070530 0.0009027 0.0448000
v -0.0073360 0.0014459 0.0448000
v -0.0077296 0.0019152 0.0448000
v -0.0083811 0.0023577 0.0448000
v -0.0090672 0.0025689 0.0448000
v -0.0100253 0.0025482 0.0448000
v -0.0105206 0.0023969 0.0448000
v -0.0110306 0.0021067 0.0448000
v -0.0115314 0.0016384 0.0448000
v -0.0119080 0.0009974 0.0448000
v -0.0120769 0.0003822 0.0448000
v -0.0120992 -0.0001021 0.0448000
v -0.0120390 -0.0005832 0.0448000
v -0.0117911 -0.0012497 0.0448000
v -0.0114228 -0.0017528 0.0448000
v -0.0110519 -0.0020924 0.0448000
v -0.0106057 -0.0023552 0.0448000
v -0.0100376 -0.0025538 0.0448000
v -0.0096022 0.0026006 0.0448000
v -0.0093212 -0.0025990 0.0448000
v -0.0086240 -0.0024584 0.0448000
v -0.0079072 -0.0020674 0.0448000
v -0.0074076 -0.0015519 0.0448000
v -0.0071031 -0.0010206 0.0448000
v -0.0069119 -0.0003356 0.0448000
v -0.0069155 0.0003059 0.0448000
v -0.0070530 0.0009027 0.0448000
v -0.0073360 0.0014459 0.0448000
v -0.0077296 0.0019152 0.0448000
v -0.0083811 0.0023577 0.0448000
v -0.0090672 0.0025689 0.0448000
v -0.0100253 0.0025482 0.0448000
v -0.0105206 0.0023969 0.0448000
v -0.0110306 0.0021067 0.0448000
v -0.0115314 0.0016384 0.0448000
v -0.0119080 0.0009974 0.0448000
v -0.0120769 0.0003822 0.0448000
v -0.0120992 -0.0001021 0.0448000
v -0.0120390 -0.0005832 0.0448000
v -0.0117911 -0.0012497 0.0448000
v -0.0114228 -0.0017528 0.0448000
v -0.0110519 -0.0020924 0.0448000
v -0.0106057 -0.0023552 0.0448000
v -0.0100376 -0.0025538 0.0448000
v -0.0081970 -0.0000000 0.0448000
v -0.0082326 -0.0003043 0.0448001
v -0.0083390 -0.0005915 0.0448000
v -0.0086107 -0.0009569 0.0448001
v -0.0089424 -0.0011777 0.0448000
v -0.0094390 -0.0013098 0.0448000
v -0.0094390 0.0013098 0.0448000
v -0.0089424 0.0011777 0.0448000
v -0.0086107 0.0009569 0.0448001
v -0.0082801 0.0004714 0.0448001
v -0.0107674 0.0003043 0.0448001
v -0.0106238 0.0006627 0.0448001
v -0.0103530 0.0009898 0.0448001
v -0.0099787 0.0012136 0.0448001
v -0.0099787 -0.0012136 0.0448001
v -0.0103729 -0.0009739 0.0448001
v -0.0106967 -0.0005197 0.0448001
v -0.0108021 -0.0001083 0.0448001
v -0.0081970 -0.0000000 0.0448000
v -0.0082326 -0.0003043 0.0448001
v -0.0083390 -0.0005915 0.0448000
v -0.0086107 -0.0009569 0.0448001
v -0.0089424 -0.0011777 0.0448000
v -0.0094390 -0.0013098 0.0448000
v -0.0094390 0.0013098 0.0448000
v -0.0089424 0.0011777 0.0448000
v -0.0086107 0.0009569 0.0448001
v -0.0082801 0.0004714 0.0448001
v -0.0107674 0.0003043 0.0448001
v -0.0106238 0.0006627 0.0448001
v -0.0103530 0.0009898 0.0448001
v -0.0099787 0.0012136 0.0448001
v -0.0099787 -0.0012136 0.0448001
v -0.0103729 -0.0009739 0.0448001
v -0.0106967 -0.0005197 0.0448001
v -0.0108021 -0.0001083 0.0448001
v -0.0096480 -0.0010914 0.0449987
v -0.0098723 -0.0010395 0.0450001
v -0.0102119 -0.0008473 0.0450007
v -0.0104279 -0.0005948 0.0449997
v -0.0105598 -0.0003098 0.0450001
v -0.0106008 -0.0000300 0.0449993
v -0.0105827 0.0002132 0.0450008
v -0.0105020 0.0004558 0.0450000
v -0.0103473 0.0007119 0.0450007
v -0.0100948 0.0009279 0.0449997
v -0.0097625 0.0010752 0.0449993
v -0.0093783 0.0010975 0.0449986
v -0.0090912 0.0010242 0.0449993
v -0.0088524 0.0008913 0.0450009
v -0.0086522 0.0007053 0.0449993
v -0.0085146 0.0004938 0.0450004
v -0.0084233 0.0002356 0.0449997
v -0.0083972 -0.0000385 0.0449991
v -0.0084751 -0.0004176 0.0449993
v -0.0086476 -0.0006987 0.0449997
v -0.0088462 -0.0008873 0.0450004
v -0.0090882 -0.0010226 0.0449998
v -0.0093652 -0.0010960 0.0449985
v -0.0096480 -0.0010914 0.0449987
v -0.0098723 -0.0010395 0.0450001
v -0.0102119 -0.0008473 0.0450007
v -0.0104279 -0.0005948 0.0449997
v -0.0105598 -0.0003098 0.0450001
v -0.0106008 -0.0000300 0.0449993
v -0.0105827 0.0002132 0.0450008
v -0.0105020 0.0004558 0.0450000
v -0.0103473 0.0007119 0.0450007
v -0.0100948 0.0009279 0.0449997
v -0.0097625 0.0010752 0.0449993
v -0.0093783 0.0010975 0.0449986
v -0.0090912 0.0010242 0.0449993
v -0.0088524 0.0008913 0.0450009
v -0.0086522 0.0007053 0.0449993
v -0.0085146 0.0004938 0.0450004
v -0.0084233 0.0002356 0.0449997
v -0.0083972 -0.0000385 0.0449991
v -0.0084751 -0.0004176 0.0449993
v -0.0086476 -0.0006987 0.0449997
v -0.0088462 -0.0008873 0.0450004
v -0.0090882 -0.0010226 0.0449998
v -0.0093652 -0.0010960 0.0449985
v -0.0095108 -0.0011021 0.0482000
v -0.0091705 -0.0010565 0.0482000
v -0.0088948 -0.0009195 0.0482000
v -0.0086976 -0.0007585 0.0482000
v -0.0085025 -0.0004734 0.0482000
v -0.0084132 -0.0001831 0.0482000
v -0.0084021 0.0001176 0.0482000
v -0.0084776 0.0004117 0.0482000
v -0.0086253 0.0006739 0.0482000
v -0.0089213 0.0009444 0.0482000
v -0.0093697 0.0011010 0.0482000
v -0.0097879 0.0010660 0.0482000
v -0.0101399 0.0009029 0.0482000
v -0.0104367 0.0005893 0.0482000
v -0.0105837 0.0002156 0.0482000
v -0.0105922 -0.0001730 0.0482000
v -0.0104869 -0.0004907 0.0482000
v -0.0103451 -0.0007075 0.0482000
v -0.0101236 -0.0009112 0.0482000
v -0.0098115 -0.0010593 0.0482000
v -0.0095108 -0.0011021 0.0482000
v -0.0091705 -0.0010565 0.0482000
v -0.0088948 -0.0009195 0.0482000
v -0.0086976 -0.0007585 0.0482000
v -0.0085025 -0.0004734 0.0482000
v -0.0084132 -0.0001831 0.0482000
v -0.0084021 0.0001176 0.0482000
v -0.0084776 0.0004117 0.0482000
v -0.0086253 0.0006739 0.0482000
v -0.0089213 0.0009444 0.0482000
v -0.0093697 0.0011010 0.0482000
v -0.0097879 0.0010660 0.0482000
v -0.0101399 0.0009029 0.0482000
v -0.0104367 0.0005893 0.0482000
v -0.0105837 0.0002156 0.0482000
v -0.0105922 -0.0001730 0.0482000
v -0.0104869 -0.0004907 0.0482000
v -0.0103451 -0.0007075 0.0482000
v -0.0101236 -0.0009112 0.0482000
v -0.0098115 -0.0010593 0.0482000
vn -0.000296 -0.005894 -0.999983
vn -0.000004 -0.000074 -1.000000
vn -0.000000 0.000000 -1.000000
vn -0.000000 0.000001 -1.000000
vn 0.000002 -0.000003 -1.000000
vn 0.000003 -0.000001 -1.000000
vn 0.000004 0.000001 -1.000000
vn 0.000002 0.000003 -1.000000
vn -0.000000 -0.000001 -1.000000
vn -0.000000 -0.000000 -1.000000
vn -0.000004 0.000064 -1.000000
vn -0.000254 0.003797 -0.999993
vn 0.000000 0.000000 -1.000000
vn -0.000000 -0.000000 -1.000000
vn -0.000000 -0.000000 -1.000000
vn -0.000000 -0.000000 -1.000000
vn -0.000000 -0.000000 -1.000000
vn 0.000000 0.000000 -1.000000
vn 0.000000 0.000000 -1.000000
vn 0.000000 0.000003 -1.000000
vn -0.000007 0.000014 -1.000000
vn -0.000001 0.000006 -1.000000
vn 0.000001 0.000004 -1.000000
vn 0.000002 0.000003 -1.000000
vn 0.000003 0.000002 -1.000000
vn 0.000004 0.000001 -1.000000
vn 0.000005 -0.000000 -1.000000
vn 0.000011 -0.000004 -1.000000
vn 0.000004 -0.000000 -1.000000
vn 0.000000 0.000000 -1.000000
vn 0.000000 0.000000 -1.000000
vn -0.000000 -0.000005 -1.000000
vn -0.000004 -0.000010 -1.000000
vn 0.000000 -0.000003 -1.000000
vn 0.000000 0.000000 -1.000000
vn 0.000000 0.000000 -1.000000
vn -0.000000 0.000000 -1.000000
vn -0.000000 0.000000 -1.000000
vn -0.000000 0.000000 -1.000000
vn -0.000000 0.000001 -1.000000
vn -0.000000 0.000000 -1.000000
vn 0.000000 0.000000 -1.000000
vn 0.000000 0.000000 -1.000000
vn 0.000003 0.000000 -1.000000
vn 0.000022 0.000012 -1.000000
vn 0.000005 0.000000 -1.000000
vn 0.000003 -0.000002 -1.000000
vn 0.000002 -0.000003 -1.000000
vn 0.000001 -0.000004 -1.000000
vn -0.000185 0.002776 -0.999996
vn 0.000000 0.000000 -1.000000
vn 0.000000 0.000000 -1.000000
vn 0.000000 0.000000 -1.000000
vn 0.000002 -0.000002 -1.000000
vn -0.000001 0.000002 -1.000000
vn -0.000001 0.000001 -1.000000
vn 0.000000 -0.000000 -1.000000
vn -0.000000 -0.000002 -1.000000
vn 0.000000 0.000000 -1.000000
vn 0.000001 0.000002 -1.000000
vn -0.000000 -0.000004 -1.000000
vn -0.000222 -0.004414 -0.999990
vn -0.000000 -0.000000 -1.000000
vn -0.000003 -0.000002 -1.000000
vn -0.000002 -0.000003 -1.000000
vn 0.000000 0.000000 -1.000000
vn 0.001332 0.001598 -0.999998
vn 0.003155 0.003808 -0.999988
vn 0.001971 -0.004046 -0.999990
vn 0.000950 -0.001939 -0.999998
vn 0.000000 -0.000000 -1.000000
vn -0.000002 0.000003 -1.000000
vn -0.000003 0.000002 -1.000000
vn -0.000000 0.000000 -1.000000
vn 0.000000 -0.000001 -1.000000
vn 0.000000 -0.000000 -1.000000
vn 0.000000 0.000000 -1.000000
vn 0.000000 0.000000 -1.000000
vn 0.000000 0.000000 -1.000000
vn -0.000003 0.000000 -1.000000
vn -0.000007 -0.000002 -1.000000
vn -0.000004 0.000001 -1.000000
vn -0.000003 0.000002 -1.000000
vn -0.000003 0.000003 -1.000000
vn -0.000001 0.000004 -1.000000
vn 0.000001 0.000006 -1.000000
vn -0.000000 0.000004 -1.000000
vn 0.000000 0.000000 -1.000000
vn 0.000000 -0.000000 -1.000000
vn 0.000000 0.000000 -1.000000
vn 0.000000 0.000000 -1.000000
vn 0.000000 0.000000 -1.000000
vn 0.000000 -0.000000 -1.000000
vn 0.000000 0.000000 -1.000000
vn -0.000000 -0.000004 -1.000000
vn -0.000002 -0.000003 -1.000000
vn -0.000003 -0.000003 -1.000000
vn -0.000004 -0.000001 -1.000000
vn -0.000006 0.000001 -1.000000
vn -0.000003 -0.000000 -1.000000
vn 0.000000 0.000000 -1.000000
vn 0.000000 0.000000 -1.000000
vn 0.000000 0.000000 -1.000000
vn 0.000000 0.000000 -1.000000
vn 0.000000 0.000000 -1.000000
vn 0.000000 0.000000 -1.000000
vn 0.000000 0.000000 -1.000000
vn 0.000000 0.000000 -1.000000
vn 0.000000 0.000000 -1.000000
vn 0.000001 -0.000001 -1.000000
vn 0.000000 0.000000 -1.000000
vn -0.000000 -0.000003 -1.000000
vn 0.000003 -0.000008 -1.000000
vn 0.000001 0.000001 -1.000000
vn -0.000000 0.000001 -1.000000
vn -0.000001 0.000004 -1.000000
vn 0.000002 -0.000004 -1.000000
vn 0.000000 0.000000 -1.000000
vn 0.000000 0.000000 -1.000000
vn -0.000002 0.000002 -1.000000
vn 0.000000 -0.000000 -1.000000
vn -0.000001 -0.000004 -1.000000
vn 0.000000 0.000000 -1.000000
vn -0.000017 0.000003 -1.000000
vn 0.000009 -0.000000 -1.000000
vn -0.000015 -0.000003 -1.000000
vn 0.000009 0.000001 -1.000000
vn -0.000001 -0.000002 -1.000000
vn 0.000000 0.000000 -1.000000
vn 0.000002 0.000001 -1.000000
vn 0.000001 -0.000001 -1.000000
vn -0.000001 -0.000002 -1.000000
vn 0.000000 0.000000 -1.000000
vn 0.000002 0.000004 -1.000000
vn -0.000002 -0.000007 -1.000000
vn 0.000000 -0.000003 -1.000000
vn 0.000003 -0.000005 -1.000000
vn -0.000002 0.000002 -1.000000
vn 0.000000 -0.000002 -1.000000
vn -0.000001 0.000001 -1.000000
vn 0.000610 -0.001221 -0.999999
vn 0.001202 0.001428 -0.999998
vn 0.000002 -0.000000 -1.000000
vn -0.000002 -0.000002 -1.000000
vn 0.000002 0.000004 -1.000000
vn 0.707100 -0.000009 -0.707114
vn 0.626943 0.259689 -0.734510
vn 0.259688 0.626942 -0.734511
vn 0.000000 0.707100 -0.707113
vn 0.707100 -0.000009 -0.707114
vn 0.707100 -0.000030 -0.707114
vn 0.626943 0.259688 -0.734510
vn 0.000000 0.707100 -0.707113
vn 0.259688 0.626942 -0.734511
vn 1.000000 -0.000000 0.000000
vn 1.000000 -0.000000 0.000000
vn 1.000000 -0.000000 0.000000
vn 1.000000 -0.000000 0.000000
vn 1.000000 -0.000000 0.000000
vn 1.000000 -0.000000 0.000000
vn 1.000000 -0.000000 0.000000
vn 1.000000 -0.000000 0.000000
vn 0.707106 -0.707107 -0.000001
vn 0.707106 -0.707107 -0.000003
vn 0.707107 -0.707107 0.000000
vn 0.707107 -0.707107 -0.000000
vn 0.707106 -0.707107 -0.000001
vn 0.000007 -0.707100 -0.707113
vn -0.000000 -0.707099 -0.707114
vn 0.000026 -0.707100 -0.707113
vn 0.000007 -0.707100 -0.707113
vn -0.000000 -0.707100 -0.707114
vn -0.000000 -1.000000 -0.000000
vn -0.000000 -1.000000 -0.000000
vn 0.000000 -1.000000 0.000000
vn 0.000000 -1.000000 0.000000
vn 0.000000 -1.000000 0.000000
vn -0.000000 -1.000000 -0.000000
vn 1.000000 -0.000000 0.000000
vn 1.000000 -0.000000 0.000000
vn 1.000000 -0.000000 0.000000
vn 1.000000 -0.000000 0.000000
vn 0.000000 1.000000 0.000000
vn 0.000000 1.000000 -0.000000
vn 0.000000 1.000000 -0.000000
vn 0.000000 1.000000 -0.000000
vn 0.000000 1.000000 0.000000
vn 0.000000 1.000000 -0.000000
vn 0.000000 0.000000 -1.000000
vn 0.000000 0.000000 -1.000000
vn 0.000000 0.000000 -1.000000
vn 0.000000 0.000000 -1.000000
vn -1.000000 0.000000 0.000000
vn -1.000000 0.000000 0.000000
vn -1.000000 0.000000 0.000000
vn -1.000000 0.000000 0.000000
vn 0.000000 0.000000 1.000000
vn 0.000000 0.000000 1.000000
vn 0.000000 0.000000 1.000000
vn 0.000000 0.000000 1.000000
vn 0.000000 0.000000 1.000000
vn 0.000000 0.000000 1.000000
vn 0.000000 0.000000 1.000000
vn 0.000000 0.000000 1.000000
vn 0.000000 0.000000 1.000000
vn 0.000000 0.000000 1.000000
vn 0.000000 0.000000 1.000000
vn 0.000000 0.000000 1.000000
vn 0.000000 0.000000 1.000000
vn 0.000000 0.000000 1.000000
vn 0.000000 0.000000 1.000000
vn 0.000000 0.000000 1.000000
vn 0.000000 0.000000 1.000000
vn 0.000000 0.000000 1.000000
vn 0.000000 0.000000 1.000000
vn 0.000000 0.000000 1.000000
vn 0.000000 0.000000 1.000000
vn 0.000000 0.000000 1.000000
vn 0.000000 0.000000 1.000000
vn 0.000000 0.000000 1.000000
vn 0.000000 0.000000 1.000000
vn 0.000000 0.000000 1.000000
vn 0.000000 0.000000 1.000000
vn 0.000000 0.000000 1.000000
vn 0.000000 0.000000 1.000000
vn 0.000000 0.000000 1.000000
vn 0.000000 0.000000 1.000000
vn 0.000000 0.000000 1.000000
vn 0.000000 0.000000 1.000000
vn 0.000000 0.000000 1.000000
vn 0.000000 0.000000 1.000000
vn 0.000000 0.000000 1.000000
vn 0.000000 0.000000 1.000000
vn 0.000000 0.000000 1.000000
vn 0.000000 0.000000 1.000000
vn 0.000000 0.000000 1.000000
vn 0.000000 0.000000 1.000000
vn 0.000000 0.000000 1.000000
vn 0.000000 0.000000 1.000000
vn 0.000000 0.000000 1.000000
vn 0.000000 0.000000 1.000000
vn 0.000000 0.000000 1.000000
vn 0.000000 0.000000 1.000000
vn 0.000000 0.000000 1.000000
vn 0.000000 0.000000 1.000000
vn 0.000000 0.000000 1.000000
vn 0.000000 0.000000 1.000000
vn 0.000000 0.000000 1.000000
vn 0.000000 0.000000 1.000000
vn 0.000000 0.000000 1.000000
vn 0.000000 0.000000 1.000000
vn 0.000000 0.000000 1.000000
vn 0.000000 0.000000 1.000000
vn 0.000000 0.000000 1.000000
vn 0.000000 0.000000 1.000000
vn 0.000000 0.000000 1.000000
vn 0.000000 0.000000 1.000000
vn 0.000000 0.000000 1.000000
vn 0.000000 0.000000 1.000000
vn 0.000000 0.000000 1.000000
vn 0.000000 0.000000 1.000000
vn 0.000000 0.000000 1.000000
vn 0.000000 0.000000 1.000000
vn 0.000000 0.000000 1.000000
vn 0.000000 0.000000 1.000000
vn 0.000000 0.000000 1.000000
vn 0.000000 0.000000 1.000000
vn 0.000000 0.000000 1.000000
vn 0.000000 0.000000 1.000000
vn 0.000000 0.000000 1.000000
vn 0.000000 0.000000 1.000000
vn 0.000000 0.000000 1.000000
vn 0.000000 0.000000 1.000000
vn 0.000000 0.000000 1.000000
vn 0.000000 0.000000 1.000000
vn 0.000000 0.000000 1.000000
vn 0.000000 0.000000 1.000000
vn 0.000000 0.000000 1.000000
vn 0.000000 0.000000 1.000000
vn 0.000000 0.000000 1.000000
vn 0.000000 0.000000 1.000000
vn 0.000000 0.000000 1.000000
vn 0.000000 0.000000 1.000000
vn 0.000000 0.000000 1.000000
vn 0.000000 0.000000 1.000000
vn 0.000000 0.000000 1.000000
vn 0.000000 0.000000 1.000000
vn 0.000000 0.000000 1.000000
vn 0.000000 0.000000 1.000000
vn 0.000000 0.000000 1.000000
vn 0.000000 0.000000 1.000000
vn 0.000000 0.000000 1.000000
vn 0.000000 0.000000 1.000000
vn 0.000000 0.000000 1.000000
vn 0.000000 0.000000 1.000000
vn 0.000000 0.000000 1.000000
vn 0.000000 0.000000 1.000000
vn 0.000000 0.000000 1.000000
vn 0.000000 0.000000 1.000000
vn 0.000000 0.000000 1.000000
vn 0.000000 0.000000 1.000000
vn 0.000000 0.000000 1.000000
vn 0.000000 0.000000 1.000000
vn 0.000000 0.000000 1.000000
vn 0.000000 0.000000 1.000000
vn 0.000000 0.000000 1.000000
vn 0.000000 0.000000 1.000000
vn 0.000000 0.000000 1.000000
vn 0.000000 0.000000 1.000000
vn 0.000000 0.000000 1.000000
vn 0.000000 0.000000 1.000000
vn 0.000000 0.000000 1.000000
vn 0.000000 0.000000 1.000000
vn 0.000000 0.000000 1.000000
vn 0.000000 0.000000 1.000000
vn 0.000000 0.000000 1.000000
vn 0.000000 0.000000 1.000000
vn 0.000000 0.000000 1.000000
vn 0.000000 0.000000 1.000000
vn 0.000000 0.000000 1.000000
vn 0.000000 0.000000 1.000000
vn 0.000000 0.000000 1.000000
vn 0.000000 0.000000 1.000000
vn 0.000000 0.000000 1.000000
vn 0.000000 0.000000 1.000000
vn 0.000000 0.000000 1.000000
vn 0.000000 0.000000 1.000000
vn 0.000000 0.000000 1.000000
vn 0.000000 0.000000 1.000000
vn 0.000000 0.000000 1.000000
vn 0.000000 0.000000 1.000000
vn 0.000000 0.000000 1.000000
vn 0.000000 0.000000 1.000000
vn 0.000000 0.000000 1.000000
vn 0.000000 0.000000 1.000000
vn 0.000000 0.000000 1.000000
vn 0.000000 0.000000 1.000000
vn 0.000000 0.000000 1.000000
vn 0.000000 0.000000 1.000000
vn 0.000000 0.000000 1.000000
vn 0.000000 0.000000 1.000000
vn 0.000000 0.000000 1.000000
vn 0.000000 0.000000 1.000000
vn 0.000000 0.000000 1.000000
vn 0.000000 0.000000 1.000000
vn 0.000000 0.000000 1.000000
vn 0.000000 0.000000 1.000000
vn 0.000000 0.000000 1.000000
vn 0.000000 0.000000 1.000000
vn 0.000000 0.000000 1.000000
vn 0.000000 0.000000 1.000000
vn 0.000000 0.000000 1.000000
vn 0.000000 0.000000 1.000000
vn 0.000000 0.000000 1.000000
vn 0.000000 0.000000 1.000000
vn 0.000000 0.000000 1.000000
vn 0.000000 0.000000 1.000000
vn 0.000000 0.000000 1.000000
vn 0.000000 0.000000 1.000000
vn 0.000000 0.000000 1.000000
vn 0.000000 0.000000 1.000000
vn 0.000000 0.000000 1.000000
vn 0.000000 0.000000 1.000000
vn 0.000000 0.000000 1.000000
vn 0.000000 0.000000 1.000000
vn 0.000000 0.000000 1.000000
vn 0.000000 0.000000 1.000000
vn 0.000000 0.000000 1.000000
vn 0.000000 0.000000 1.000000
vn 0.000000 0.000000 1.000000
vn 0.000000 0.000000 1.000000
vn 0.000000 0.000000 1.000000
vn 0.000000 0.000000 1.000000
vn 0.000000 0.000000 1.000000
vn 0.000000 0.000000 1.000000
vn 0.000000 0.000000 1.000000
vn 0.000000 0.000000 1.000000
vn 0.000000 0.000000 1.000000
vn 0.000000 0.000000 1.000000
vn 0.000000 0.000000 1.000000
vn 0.000000 0.000000 1.000000
vn 0.000000 0.000000 1.000000
vn 0.000000 0.000000 1.000000
vn 0.000000 0.000000 1.000000
vn 0.000000 0.000000 1.000000
vn 0.000000 0.000000 1.000000
vn 0.000000 0.000000 1.000000
vn 0.000000 0.000000 1.000000
vn -1.000000 0.000000 0.000000
vn -1.000000 0.000000 0.000000
vn -1.000000 0.000000 0.000000
vn -1.000000 0.000000 0.000000
vn -1.000000 0.000000 0.000000
vn -1.000000 0.000000 0.000000
vn -0.596928 -0.802294 0.001246
vn -0.483489 -0.875350 0.001036
vn -0.541755 -0.840536 0.000910
vn -0.478474 -0.878102 0.000000
vn -0.590860 -0.806774 -0.001105
vn -0.534647 -0.845075 -0.000746
vn 0.000000 0.000000 1.000000
vn 0.000000 0.000000 1.000000
vn 0.000000 0.000000 1.000000
vn 0.000000 0.000000 1.000000
vn 0.000000 0.000000 1.000000
vn 0.000000 0.000000 1.000000
vn 0.000000 0.000000 1.000000
vn 0.000000 0.000000 1.000000
vn 0.000000 0.000000 1.000000
vn 0.000000 0.000000 1.000000
vn 0.000000 0.000000 1.000000
vn 0.000000 0.000000 1.000000
vn 0.000000 0.000000 1.000000
vn 0.000000 0.000000 1.000000
vn -0.707106 0.707108 0.000000
vn -0.707106 0.707108 0.000000
vn -0.707106 0.707108 0.000000
vn -0.707106 0.707108 0.000000
vn 0.000000 1.000000 0.000000
vn 0.000000 1.000000 0.000000
vn 0.000000 1.000000 0.000000
vn 0.000000 1.000000 0.000000
vn 0.000000 0.000000 1.000000
vn 0.000000 0.000000 1.000000
vn 0.000000 0.000000 1.000000
vn 0.000000 0.000000 1.000000
vn 0.000000 0.000000 1.000000
vn 0.000000 0.000000 1.000000
vn 0.000000 0.000000 1.000000
vn 0.000000 0.000000 1.000000
vn 0.000000 0.000000 1.000000
vn 0.000000 0.000000 1.000000
vn 0.000000 0.000000 1.000000
vn 0.000000 0.000000 1.000000
vn 0.000000 0.000000 1.000000
vn 0.000000 0.000000 1.000000
vn 0.000000 0.000000 1.000000
vn 0.000000 0.000000 1.000000
vn 0.000000 0.000000 1.000000
vn 0.000000 0.000000 1.000000
vn 0.000000 -1.000000 0.000000
vn 0.000000 -1.000000 0.000000
vn 0.000000 -1.000000 0.000000
vn 0.000000 -1.000000 0.000000
vn 0.707103 -0.707110 0.000000
vn 0.707103 -0.707110 0.000000
vn 0.707103 -0.707110 0.000000
vn 0.707103 -0.707110 0.000000
vn 0.000000 0.000000 1.000000
vn 0.000000 0.000000 1.000000
vn 0.000000 0.000000 1.000000
vn 0.000000 0.000000 1.000000
vn 0.000000 0.000000 1.000000
vn 0.000000 0.000000 1.000000
vn 0.000000 0.000000 1.000000
vn 0.000000 0.000000 1.000000
vn 0.000000 0.000000 1.000000
vn 0.000000 0.000000 1.000000
vn 0.000000 0.000000 1.000000
vn 0.000000 0.000000 1.000000
vn -0.707110 -0.707103 0.000000
vn -0.707110 -0.707103 0.000000
vn -0.707110 -0.707103 0.000000
vn -0.707110 -0.707103 0.000000
vn -1.000000 0.000000 0.000000
vn -1.000000 0.000000 0.000000
vn -1.000000 0.000000 0.000000
vn -1.000000 0.000000 0.000000
vn -1.000000 0.000000 0.000000
vn -1.000000 0.000000 0.000000
vn 0.000000 0.000000 1.000000
vn 0.000000 0.000000 1.000000
vn 0.000000 0.000000 1.000000
vn 0.000000 0.000000 1.000000
vn 0.000000 0.000000 1.000000
vn 0.000000 0.000000 1.000000
vn 0.000000 0.000000 1.000000
vn 0.000000 0.000000 1.000000
vn 0.000000 0.000000 1.000000
vn 0.000000 0.000000 1.000000
vn 0.000000 0.000000 1.000000
vn 0.000000 0.000000 1.000000
vn 0.000000 0.000000 1.000000
vn 0.000000 0.000000 1.000000
vn 0.000000 0.000000 1.000000
vn 0.000000 0.000000 1.000000
vn 0.000000 0.000000 1.000000
vn 0.000000 0.000000 1.000000
vn 0.000000 1.000000 0.000000
vn 0.000000 1.000000 0.000000
vn 0.000000 1.000000 0.000000
vn 0.000000 1.000000 0.000000
vn -0.707106 0.707108 0.000000
vn -0.707106 0.707108 0.000000
vn -0.707106 0.707108 0.000000
vn -0.707106 0.707108 0.000000
vn 1.000000 0.000000 0.000000
vn 1.000000 0.000000 0.000000
vn 1.000000 0.000000 0.000000
vn 1.000000 0.000000 0.000000
vn 1.000000 0.000000 0.000000
vn 1.000000 0.000000 0.000000
vn 1.000000 0.000000 0.000000
vn 1.000000 0.000000 0.000000
vn 1.000000 0.000000 0.000000
vn 1.000000 0.000000 0.000000
vn -0.707102 0.000000 -0.707112
vn -0.629107 0.254435 -0.734498
vn -0.257120 0.610382 -0.749215
vn 0.259585 0.626792 -0.734675
vn 0.626942 0.259689 -0.734510
vn 0.707097 0.000000 -0.707116
vn 0.626943 0.259688 -0.734510
vn 0.707097 0.000000 -0.707117
vn 0.259689 0.626943 -0.734510
vn -0.248503 0.610614 -0.751929
vn -0.626621 0.251976 -0.737465
vn -0.707102 0.000000 -0.707112
vn 0.000000 0.707102 -0.707112
vn -0.259688 0.626941 -0.734511
vn -0.626937 0.259686 -0.734515
vn -0.626943 -0.259687 -0.734510
vn -0.259688 -0.626943 -0.734510
vn -0.000000 -0.707100 -0.707113
vn 0.000000 0.707102 -0.707112
vn -0.259687 0.626941 -0.734512
vn -0.626937 0.259686 -0.734516
vn -0.626942 -0.259688 -0.734510
vn -0.259688 -0.626943 -0.734510
vn -0.000000 -0.707100 -0.707113
vn 0.000000 1.000000 -0.000000
vn 0.000000 1.000000 0.000000
vn 0.000000 1.000000 -0.000000
vn 0.000000 1.000000 -0.000000
vn -0.707106 0.707108 0.000000
vn -0.707106 0.707108 0.000000
vn -0.707106 0.707108 0.000000
vn -0.707106 0.707108 0.000000
vn -1.000000 0.000000 0.000000
vn -1.000000 0.000000 0.000000
vn -1.000000 0.000000 0.000000
vn -1.000000 0.000000 0.000000
vn -0.707107 -0.707106 0.000000
vn -0.707107 -0.707106 0.000000
vn -0.707107 -0.707106 0.000000
vn -0.707107 -0.707106 0.000000
vn -0.000000 -1.000000 0.000000
vn -0.000000 -1.000000 0.000000
vn -0.000000 -1.000000 0.000000
vn -0.000000 -1.000000 0.000000
vn 1.000000 0.000000 0.000000
vn 1.000000 0.000000 0.000000
vn 1.000000 0.000000 0.000000
vn 1.000000 0.000000 0.000000
vn 1.000000 0.000000 0.000000
vn 1.000000 0.000000 0.000000
vn 1.000000 0.000000 0.000000
vn 1.000000 0.000000 0.000000
vn 1.000000 0.000000 0.000000
vn 1.000000 0.000000 0.000000
vn 0.707101 -0.000000 -0.707113
vn 0.626945 -0.259690 -0.734507
vn 0.259590 -0.626786 -0.734678
vn -0.263478 -0.595769 -0.758708
vn -0.623344 -0.253943 -0.739564
vn -0.707100 -0.000000 -0.707113
vn 0.707100 0.000000 -0.707113
vn 0.626945 -0.259691 -0.734507
vn 0.259688 -0.626943 -0.734510
vn -0.250915 -0.607408 -0.753722
vn -0.626941 -0.259688 -0.734511
vn -0.707100 0.000000 -0.707113
vn 0.707105 -0.707109 0.000000
vn 0.707105 -0.707109 0.000000
vn 0.707105 -0.707109 0.000000
vn 0.707105 -0.707109 0.000000
vn -0.000002 -0.707107 -0.707106
vn -0.000006 -0.707106 -0.707108
vn -0.000001 -0.707108 -0.707106
vn 0.000000 -0.707108 -0.707106
vn 0.000000 -0.707108 -0.707106
vn 0.000000 -1.000000 0.000000
vn 0.000000 -1.000000 0.000000
vn 0.000000 -1.000000 0.000000
vn 0.000000 -1.000000 0.000000
vn 0.000000 0.000000 1.000000
vn 0.000000 0.000000 1.000000
vn 0.000000 0.000000 1.000000
vn 0.000000 0.000000 1.000000
vn 0.000000 0.000000 1.000000
vn 0.707105 -0.707109 0.000000
vn 0.707105 -0.707109 0.000000
vn 0.707105 -0.707109 0.000000
vn 0.707105 -0.707109 0.000000
vn -0.000000 -1.000000 -0.000000
vn -0.000000 -1.000000 0.000000
vn -0.000000 -1.000000 0.000000
vn 0.000000 -1.000000 0.000000
vn -0.000000 -1.000000 0.000000
vn 0.000000 -1.000000 0.000000
vn -0.000000 -1.000000 -0.000000
vn -0.000000 -1.000000 -0.000000
vn 0.000000 -1.000000 0.000000
vn -0.000000 -1.000000 0.000000
vn -0.000000 -1.000000 -0.000000
vn 0.000000 -1.000000 0.000000
vn -0.707107 -0.707106 0.000000
vn -0.707107 -0.707106 0.000000
vn -0.707107 -0.707106 0.000000
vn -0.707107 -0.707106 0.000000
vn 0.000000 -0.707108 -0.707106
vn 0.000000 -0.707108 -0.707106
vn 0.000003 -0.707107 -0.707107
vn 0.000001 -0.707108 -0.707106
vn 0.000000 -0.707108 -0.707106
vn -1.000000 0.000000 0.000000
vn -1.000000 0.000000 0.000000
vn -1.000000 0.000000 0.000000
vn -1.000000 0.000000 0.000000
vn 0.000000 -1.000000 0.000000
vn 0.000000 -1.000000 0.000000
vn 0.000000 -1.000000 0.000000
vn 0.000000 -1.000000 0.000000
vn 0.000000 0.000000 1.000000
vn 0.000000 0.000000 1.000000
vn 0.000000 0.000000 1.000000
vn 0.000000 0.000000 1.000000
vn 0.000000 0.000000 1.000000
vn -0.707107 -0.707106 0.000000
vn -0.707107 -0.707106 0.000000
vn -0.707107 -0.707106 0.000000
vn -0.707107 -0.707106 0.000000
vn -1.000000 0.000000 -0.000000
vn -1.000000 0.000000 -0.000000
vn -1.000000 0.000000 0.000000
vn -1.000000 0.000000 -0.000000
vn -1.000000 0.000000 0.000000
vn -1.000000 0.000000 0.000000
vn -1.000000 0.000000 -0.000000
vn -1.000000 0.000000 -0.000000
vn -1.000000 0.000000 0.000000
vn -1.000000 0.000000 -0.000000
vn -0.000000 -0.707100 -0.707113
vn 0.259688 -0.626943 -0.734510
vn 0.626943 -0.259689 -0.734510
vn 0.707100 0.000009 -0.707114
vn 0.626943 -0.259688 -0.734510
vn 0.707100 0.000009 -0.707114
vn -0.000000 -0.707100 -0.707113
vn 0.259688 -0.626943 -0.734510
vn 0.707100 0.000030 -0.707114
vn -0.000000 -1.000000 -0.000000
vn -0.000000 -1.000000 -0.000000
vn -0.000000 -1.000000 -0.000000
vn -0.000000 -1.000000 0.000000
vn 0.707107 -0.707107 0.000000
vn 0.707107 -0.707107 0.000000
vn 0.707107 -0.707107 0.000000
vn 0.707107 -0.707107 0.000000
vn 0.707107 0.707107 -0.000001
vn 0.707107 0.707106 0.000000
vn 0.707107 0.707106 -0.000000
vn 0.707107 0.707107 -0.000001
vn 0.707107 0.707107 -0.000003
vn 0.000007 0.707100 -0.707114
vn 0.000000 0.707099 -0.707114
vn 0.000000 0.707099 -0.707114
vn 0.000007 0.707100 -0.707114
vn 0.000026 0.707100 -0.707114
vn 0.707100 -0.000000 -0.707114
vn 0.707100 -0.000000 -0.707114
vn 0.707100 -0.000000 -0.707114
vn 0.707100 -0.000000 -0.707114
vn 0.707106 -0.000000 -0.707107
vn 0.707106 -0.000000 -0.707107
vn 0.707106 -0.000000 -0.707107
vn 0.707106 -0.000000 -0.707107
vn 1.000000 0.000000 0.000000
vn 1.000000 0.000000 0.000000
vn 1.000000 0.000000 0.000000
vn 1.000000 0.000000 0.000000
vn 0.000000 -1.000000 0.000000
vn 0.000000 -1.000000 0.000000
vn 0.000000 -1.000000 0.000000
vn 0.000000 -1.000000 0.000000
vn 0.000000 1.000000 -0.000000
vn 0.000000 1.000000 0.000000
vn 0.000000 1.000000 -0.000000
vn 0.000000 1.000000 0.000000
vn 0.000000 1.000000 0.000000
vn 0.000000 1.000000 0.000000
vn 0.000000 1.000000 -0.000000
vn 0.000000 1.000000 0.000000
vn 0.000000 1.000000 0.000000
vn 0.000000 1.000000 0.000000
vn 0.000000 1.000000 -0.000000
vn 0.000000 1.000000 0.000000
vn -0.707106 0.707108 0.000000
vn -0.707106 0.707108 0.000000
vn -0.707106 0.707108 0.000000
vn -0.707106 0.707108 0.000000
vn 0.000000 1.000000 0.000000
vn 0.000000 1.000000 0.000000
vn 0.000000 1.000000 0.000000
vn 0.000000 1.000000 0.000000
vn 0.707107 0.707106 0.000000
vn 0.707107 0.707106 0.000000
vn 0.707107 0.707106 0.000000
vn 0.707107 0.707106 0.000000
vn -1.000000 0.000000 0.000000
vn -1.000000 0.000000 0.000000
vn -1.000000 0.000000 -0.000000
vn -1.000000 0.000001 0.000000
vn -1.000000 0.000000 0.000000
vn -1.000000 0.000000 -0.000000
vn -1.000000 0.000000 -0.000000
vn -1.000000 0.000000 0.000000
vn -1.000000 0.000000 0.000000
vn -1.000000 0.000000 -0.000000
vn -0.707106 0.707108 0.000000
vn -0.707106 0.707108 0.000000
vn -0.707106 0.707108 0.000000
vn -0.707106 0.707108 0.000000
vn 0.000000 0.000000 1.000000
vn 0.000000 0.000000 1.000000
vn 0.000000 0.000000 1.000000
vn 0.000000 0.000000 1.000000
vn 0.000000 0.000000 1.000000
vn -1.000000 0.000000 0.000000
vn -1.000000 0.000000 0.000000
vn -1.000000 0.000000 0.000000
vn -1.000000 0.000000 0.000000
vn 0.000000 0.707107 -0.707106
vn 0.000000 0.707107 -0.707106
vn 0.000002 0.707107 -0.707107
vn 0.000001 0.707107 -0.707106
vn 0.000000 0.707107 -0.707106
vn 0.000000 1.000000 0.000000
vn 0.000000 1.000000 0.000000
vn 0.000000 1.000000 0.000000
vn 0.000000 1.000000 0.000000
vn 0.707108 0.707105 0.000000
vn 0.707108 0.707105 0.000000
vn 0.707108 0.707105 0.000000
vn 0.707108 0.707105 0.000000
vn 0.000000 0.000000 1.000000
vn 0.000000 0.000000 1.000000
vn 0.000000 0.000000 1.000000
vn 0.000000 0.000000 1.000000
vn 0.000000 0.000000 1.000000
vn 0.000000 1.000000 0.000000
vn 0.000000 1.000000 0.000000
vn 0.000000 1.000000 0.000000
vn 0.000000 1.000000 0.000000
vn -0.000001 0.707107 -0.707107
vn -0.000000 0.707107 -0.707107
vn 0.000000 0.707107 -0.707106
vn -0.000000 0.707107 -0.707106
vn 0.000000 0.707107 -0.707106
vn 0.707108 0.707105 0.000000
vn 0.707108 0.707105 0.000000
vn 0.707108 0.707105 0.000000
vn 0.707108 0.707105 0.000000
vn 1.000000 0.000000 0.000000
vn 1.000000 0.000000 0.000000
vn 1.000000 0.000000 0.000000
vn 1.000000 0.000000 0.000000
vn 0.000000 -1.000000 0.000000
vn 0.000000 -1.000000 0.000000
vn 0.000000 -1.000000 0.000000
vn 0.000000 -1.000000 0.000000
vn 0.707105 -0.707109 0.000000
vn 0.707105 -0.707109 0.000000
vn 0.707105 -0.707109 0.000000
vn 0.707105 -0.707109 0.000000
vn 1.000000 0.000000 0.000000
vn 1.000000 0.000000 0.000000
vn 1.000000 0.000000 0.000000
vn 1.000000 0.000000 0.000000
vn 0.707107 0.707106 0.000000
vn 0.707107 0.707106 0.000000
vn 0.707107 0.707106 0.000000
vn 0.707107 0.707106 0.000000
vn 0.000000 1.000000 0.000000
vn 0.000000 1.000000 0.000000
vn 0.000000 1.000000 0.000000
vn 0.000000 1.000000 0.000000
vn 0.000000 1.000000 0.000000
vn 0.000000 1.000000 0.000000
vn 0.000000 1.000000 0.000000
vn 0.000000 1.000000 0.000000
vn 1.000000 0.000000 0.000000
vn 1.000000 0.000000 0.000000
vn 1.000000 0.000000 0.000000
vn 1.000000 0.000000 0.000000
vn 1.000000 0.000000 0.000000
vn 1.000000 0.000000 0.000000
vn 0.000000 1.000000 0.000000
vn 0.000000 1.000000 0.000000
vn 0.000000 1.000000 0.000000
vn 0.000000 1.000000 0.000000
vn -0.707107 0.707107 0.000000
vn -0.707107 0.707107 0.000000
vn -0.707107 0.707107 0.000000
vn -0.707107 0.707107 0.000000
vn -1.000000 0.000000 0.000000
vn -1.000000 0.000000 0.000000
vn -1.000000 0.000000 0.000000
vn -1.000000 0.000000 0.000000
vn -0.707107 -0.707106 0.000000
vn -0.707107 -0.707106 0.000000
vn -0.707107 -0.707106 0.000000
vn -0.707107 -0.707106 0.000000
vn -0.000000 -1.000000 0.000000
vn -0.000000 -1.000000 0.000000
vn -0.000000 -1.000000 0.000000
vn -0.000000 -1.000000 0.000000
vn 1.000000 -0.000000 -0.000000
vn 1.000000 -0.000000 -0.000000
vn 1.000000 -0.000000 0.000000
vn 1.000000 -0.000000 0.000000
vn 1.000000 -0.000000 -0.000000
vn 1.000000 0.000000 0.000000
vn -0.000102 -1.000000 0.000000
vn -0.000289 -1.000000 0.000634
vn -0.000331 -1.000000 0.000775
vn -0.000144 -1.000000 0.000142
vn 0.069044 0.997577 -0.008597
vn -0.190517 0.981662 -0.006514
vn -0.421514 0.906809 -0.004854
vn -0.631476 0.775390 -0.003049
vn -0.813180 0.581987 -0.005470
vn -0.935920 0.352122 -0.008029
vn -0.991620 0.129036 -0.006231
vn -0.996992 -0.077439 -0.003248
vn -0.949462 -0.313844 -0.004825
vn -0.826166 -0.563402 -0.005293
vn -0.651676 -0.758485 -0.004364
vn -0.480602 -0.876930 -0.004003
vn -0.294243 -0.955728 -0.002063
vn -0.065234 -0.997856 -0.005265
vn 0.190618 -0.981638 -0.007130
vn 0.406767 -0.913508 -0.006681
vn 0.566802 -0.823837 -0.005284
vn 0.707144 -0.707055 -0.004630
vn 0.829256 -0.558857 -0.003729
vn 0.916180 -0.400761 -0.002342
vn 0.983507 -0.180820 -0.004158
vn 0.997741 0.066932 -0.005773
vn 0.963868 0.266332 -0.005170
vn 0.902858 0.429918 -0.004227
vn 0.808971 0.587831 -0.004630
vn 0.679917 0.733289 -0.000198
vn 0.543512 0.839397 -0.002799
vn 0.330612 0.943728 -0.008502
vn 0.013805 0.999897 0.003926
vn 0.247213 0.968917 0.009230
vn 0.500149 0.865899 0.008381
vn 0.704643 0.709541 0.005378
vn 0.835720 0.549136 0.004593
vn 0.923890 0.382626 0.004869
vn 0.979724 0.200283 0.005170
vn 0.999826 0.018297 0.003669
vn 0.978763 -0.204978 0.002533
vn 0.907535 -0.419966 0.003084
vn 0.804233 -0.594298 0.004423
vn 0.668874 -0.743352 0.005963
vn 0.487833 -0.872914 0.006344
vn 0.283967 -0.958811 0.006681
vn 0.102109 -0.994764 0.004294
vn -0.088477 -0.996078 0.000458
vn -0.282389 -0.959298 0.001859
vn -0.488672 -0.872454 0.004874
vn -0.677179 -0.735812 0.002837
vn -0.819292 -0.573368 0.002946
vn -0.938102 -0.346332 0.004365
vn -0.994614 -0.103592 0.003464
vn -0.996968 0.077755 0.003126
vn -0.969489 0.245070 0.005673
vn -0.903471 0.428620 0.004942
vn -0.795723 0.605654 0.002865
vn -0.611189 0.791471 0.004600
vn -0.385396 0.922741 0.004363
vn -0.186093 0.982524 0.004003
vn 0.000000 0.000000 1.000000
vn 0.000000 0.000000 1.000000
vn 0.000000 0.000000 1.000000
vn 0.000000 0.000000 1.000000
vn 0.000000 0.000000 1.000000
vn 0.000000 0.000000 1.000000
vn 0.000000 0.000000 1.000000
vn 0.000000 0.000000 1.000000
vn 0.000000 0.000000 1.000000
vn 0.000000 0.000000 1.000000
vn 0.000000 0.000000 1.000000
vn 0.000000 0.000000 1.000000
vn 0.000000 0.000000 1.000000
vn 0.000000 0.000000 1.000000
vn 0.000000 0.000000 1.000000
vn 0.000000 0.000000 1.000000
vn 0.000000 0.000000 1.000000
vn 0.000000 0.000000 1.000000
vn 0.000000 0.000000 1.000000
vn 0.000000 0.000000 1.000000
vn 0.000000 0.000000 1.000000
vn -0.000003 0.000000 1.000000
vn -0.000124 0.000010 1.000000
vn -0.000003 0.000000 1.000000
vn 0.000000 0.000000 1.000000
vn 0.000000 0.000000 1.000000
vn 0.000000 0.000000 1.000000
vn 0.000000 0.000000 1.000000
vn 0.000000 0.000000 1.000000
vn -0.087423 -0.996166 0.003111
vn -0.378991 -0.925398 0.001935
vn -0.650516 -0.759489 0.002452
vn -0.883401 -0.468607 0.003117
vn -0.992822 -0.119555 0.003228
vn -0.974082 0.226181 0.002475
vn -0.860761 0.509005 0.002087
vn -0.672670 0.739936 0.003198
vn -0.356462 0.934305 0.002895
vn 0.014713 0.999890 0.001733
vn 0.330411 0.943837 0.000418
vn 0.579709 0.814823 0.001113
vn 0.792460 0.609917 0.002930
vn 0.952403 0.304820 0.003537
vn 0.997161 -0.075197 0.003853
vn 0.881069 -0.472979 0.002776
vn 0.627980 -0.778228 0.001328
vn 0.283721 -0.958904 0.002488
vn 0.060595 -0.998157 -0.003240
vn 0.368371 -0.929679 -0.000628
vn 0.620049 -0.784563 0.000722
vn 0.846245 -0.532791 -0.001718
vn 0.978418 -0.206614 -0.003028
vn 0.989410 0.145104 -0.003440
vn 0.874949 0.484201 -0.003583
vn 0.627765 0.778398 -0.002807
vn 0.294987 0.955500 -0.001733
vn -0.017821 0.999841 -0.000057
vn -0.274691 0.961532 -0.000900
vn -0.537484 0.843268 -0.003278
vn -0.795852 0.605485 -0.002617
vn -0.947537 0.319638 -0.002176
vn -0.999992 0.002993 -0.002806
vn -0.942790 -0.333375 -0.002886
vn -0.800765 -0.598974 -0.002341
vn -0.582687 -0.812694 -0.002068
vn -0.280953 -0.959718 -0.002617
vn -0.143644 -0.989627 0.002332
vn -0.437143 -0.899391 0.001153
vn -0.744014 -0.668163 0.001608
vn -0.946895 -0.321534 0.002426
vn -0.999654 0.026304 0.000819
vn -0.941216 0.337804 -0.000485
vn -0.810038 0.586378 0.000206
vn -0.630123 0.776495 0.000393
vn -0.408879 0.912587 0.001802
vn -0.100361 0.994944 0.003766
vn 0.281747 0.959483 0.003448
vn 0.583794 0.811896 0.003112
vn 0.829790 0.558063 0.003848
vn 0.976382 0.216028 0.003048
vn 0.996822 -0.079658 0.000491
vn 0.936404 -0.350922 0.000914
vn 0.781192 -0.624283 0.003115
vn 0.516840 -0.856077 0.003120
vn 0.171043 -0.985258 0.003286
vn 0.396145 -0.918182 -0.003242
vn 0.680084 -0.733127 -0.003342
vn 0.906058 -0.423142 -0.003006
vn 0.999720 -0.023492 -0.002969
vn 0.935972 0.352053 -0.003935
vn 0.728434 0.685105 -0.003820
vn 0.424672 0.905341 -0.003223
vn 0.082094 0.996617 -0.003881
vn -0.292329 0.956312 -0.003403
vn -0.601518 0.798858 -0.001458
vn -0.808053 0.589110 -0.000459
vn -0.944195 0.329386 -0.000288
vn -0.999716 -0.023776 -0.001477
vn -0.923657 -0.383216 -0.001842
vn -0.719774 -0.694207 -0.001167
vn -0.383319 -0.923613 -0.002443
vn 0.022790 -0.999734 -0.003406
vn -0.028178 -0.999601 0.001776
vn -0.415126 -0.909763 0.001633
vn -0.750717 -0.660621 0.001840
vn -0.937399 -0.348254 0.001690
vn -0.999962 -0.008253 0.002773
vn -0.940991 0.338419 0.002738
vn -0.786573 0.617492 0.002579
vn -0.568277 0.822833 0.002504
vn -0.317995 0.948092 0.000544
vn -0.044065 0.999029 -0.000190
vn 0.268722 0.963217 0.000741
vn 0.581757 0.813361 0.001599
vn 0.813607 0.581413 0.001399
vn 0.950863 0.309610 0.001096
vn 0.999881 0.015291 0.001910
vn 0.965342 -0.260980 0.002226
vn 0.857893 -0.513823 0.002164
vn 0.672924 -0.739707 0.002734
vn 0.356706 -0.934211 0.003292
vn -0.060345 -0.998178 -0.000149
vn 0.237200 -0.971458 -0.002151
vn 0.521597 -0.853187 -0.002959
vn 0.754588 -0.656196 -0.002222
vn 0.920171 -0.391509 -0.002375
vn 0.996784 -0.080104 -0.002279
vn 0.968132 0.250430 -0.002329
vn 0.799279 0.600953 -0.002779
vn 0.541692 0.840577 -0.000770
vn 0.276178 0.961107 0.000344
vn -0.034530 0.999403 -0.000732
vn -0.377150 0.926149 -0.002196
vn -0.690906 0.722938 -0.003030
vn -0.887901 0.460028 -0.002434
vn -0.983420 0.181322 -0.002595
vn -0.993555 -0.113331 -0.001964
vn -0.917974 -0.396638 -0.001313
vn -0.719765 -0.694216 -0.001639
vn -0.393990 -0.919114 -0.000795
vn 0.016210 -0.999868 0.000629
vn -0.255943 -0.966692 -0.000246
vn -0.499515 -0.866303 0.002088
vn -0.748625 -0.662984 0.003475
vn -0.935925 -0.352183 0.003263
vn -0.999967 -0.007652 0.002775
vn -0.943261 0.332047 0.002033
vn -0.810110 0.586275 0.001873
vn -0.616479 0.787367 0.002700
vn -0.319807 0.947478 0.003160
vn 0.029773 0.999552 0.002901
vn 0.394948 0.918699 0.003008
vn 0.739529 0.673113 0.003963
vn 0.949192 0.314676 0.003723
vn 0.997144 -0.075493 0.002270
vn 0.881264 -0.472622 0.001353
vn 0.633227 -0.773965 0.000890
vn 0.326362 -0.945244 0.001513
vn 0.060213 -0.998184 -0.001514
vn 0.367661 -0.929960 -0.000629
vn 0.625426 -0.780283 0.000126
vn 0.867563 -0.497327 -0.000937
vn 0.991122 -0.132951 -0.001429
vn 0.979566 0.201109 -0.002482
vn 0.855384 0.517983 -0.003414
vn 0.648016 0.761625 -0.001578
vn 0.419354 0.907823 -0.000660
vn 0.165207 0.986257 -0.001960
vn -0.119348 0.992849 -0.002746
vn -0.443837 0.896102 -0.003160
vn -0.726607 0.687048 -0.002760
vn -0.915098 0.403227 -0.001804
vn -0.992781 0.119923 -0.001885
vn -0.985858 -0.167559 -0.002731
vn -0.874227 -0.485504 -0.003592
vn -0.627840 -0.778334 -0.003673
vn -0.288266 -0.957549 -0.001849
vn 0.173078 -0.984906 -0.002180
vn 0.466424 -0.884561 -0.001044
vn 0.757122 -0.653273 -0.000825
vn 0.969290 -0.245916 -0.001193
vn 0.983782 0.179367 -0.000415
vn 0.840942 0.541125 -0.001053
vn 0.592805 0.805345 -0.001482
vn 0.294227 0.955735 0.000893
vn -0.050203 0.998739 -0.000850
vn -0.452854 0.891578 -0.003574
vn -0.801473 0.598028 -0.001909
vn -0.975987 0.217823 -0.001725
vn -0.977078 -0.212850 -0.003562
vn -0.785787 -0.618497 -0.000875
vn -0.496133 -0.868246 -0.000466
vn -0.165677 -0.986175 -0.003131
vn 0.032889 -0.999453 0.003559
vn -0.392001 -0.919964 0.001263
vn -0.725700 -0.688011 0.000493
vn -0.921847 -0.387544 0.002807
vn -0.997639 -0.068656 0.001888
vn -0.966807 0.255507 0.000477
vn -0.811761 0.583989 0.000304
vn -0.543922 0.839132 0.002457
vn -0.138598 0.990345 0.002765
vn 0.305703 0.952126 0.001264
vn 0.644357 0.764722 0.001934
vn 0.868325 0.495996 0.000633
vn 0.988092 0.153862 0.000296
vn 0.962790 -0.270250 0.000628
vn 0.762125 -0.647429 0.000584
vn 0.432427 -0.901666 0.002264
vn 0.000000 0.000000 1.000000
vn 0.000000 0.000000 1.000000
vn 0.000000 0.000000 1.000000
vn 0.000000 0.000000 1.000000
vn 0.000000 0.000000 1.000000
vn 0.000000 0.000000 1.000000
vn 0.000000 0.000000 1.000000
vn 0.000000 0.000000 1.000000
vn 0.000000 0.000000 1.000000
vn 0.000000 0.000000 1.000000
vn 0.000000 0.000000 1.000000
vn 0.000000 0.000000 1.000000
vn 0.000000 0.000000 1.000000
vn 0.000000 0.000000 1.000000
vn 0.000000 0.000000 1.000000
vn 0.000000 0.000000 1.000000
vn 0.179848 -0.983693 -0.001435
vn 0.560501 -0.828153 -0.001176
vn 0.857696 -0.514149 -0.002853
vn 0.994415 -0.105494 -0.003047
vn 0.945001 0.327058 -0.002407
vn 0.691190 0.722663 -0.003826
vn 0.243819 0.969808 -0.004975
vn -0.222233 0.974984 -0.004304
vn -0.591277 0.806465 -0.002636
vn -0.833083 0.553148 -0.000941
vn -0.962716 0.270506 -0.002046
vn -0.999364 -0.035653 -0.001043
vn -0.947099 -0.320942 -0.000509
vn -0.809162 -0.587581 -0.002484
vn -0.583619 -0.812026 -0.001433
vn -0.239232 -0.970962 -0.001223
vn -0.039358 0.999216 0.004336
vn 0.148759 -0.988872 0.001639
vn -0.272016 -0.962291 0.001599
vn -0.647222 -0.762297 0.002573
vn -0.923298 -0.384066 0.003682
vn -0.996574 0.082632 0.003483
vn -0.837105 0.547027 0.004112
vn -0.474863 0.880050 0.004173
vn 0.392305 0.919827 0.003846
vn 0.734135 0.679003 0.001321
vn 0.927930 0.372754 0.000344
vn 0.999320 0.036815 0.002232
vn 0.960591 -0.277954 0.002440
vn 0.813460 -0.581619 0.001439
vn 0.544331 -0.838870 0.001008
vn 0.000000 0.000000 1.000000
vn 0.000000 0.000000 1.000000
vn 0.000000 0.000000 1.000000
vn 0.000000 0.000000 1.000000
vn 0.000000 0.000000 1.000000
vn 0.000000 0.000000 1.000000
vn 0.000000 0.000000 1.000000
vn 0.000000 0.000000 1.000000
vn 0.000000 0.000000 1.000000
vn 0.000000 0.000000 1.000000
vn 0.000000 0.000000 1.000000
vn 0.000000 0.000000 1.000000
vn 0.000000 0.000000 1.000000
vn 0.000000 0.000000 1.000000
vn 0.000000 0.000000 1.000000
vn 0.079847 -0.996807 -0.000853
vn 0.417680 -0.908594 -0.000342
vn 0.702544 -0.711638 -0.001763
vn 0.891030 -0.453942 -0.001444
vn 0.987535 -0.157400 -0.000602
vn 0.989165 0.146808 -0.000950
vn 0.895103 0.445856 -0.001798
vn 0.707230 0.706982 -0.001783
vn 0.440482 0.897761 -0.001155
vn 0.123934 0.992290 -0.000239
vn -0.200095 0.979776 -0.000987
vn -0.571410 0.820658 -0.003319
vn -0.892683 0.450661 -0.004661
vn -0.999890 0.014424 -0.003469
vn -0.948144 -0.317834 -0.002178
vn -0.805329 -0.592825 -0.001849
vn -0.567443 -0.823410 -0.002129
vn -0.266987 -0.963697 -0.002575
vn 0.106553 0.994307 0.000091
vn -0.385996 -0.922497 0.002639
vn -0.653156 -0.757221 0.001816
vn -0.859286 -0.511490 0.002227
vn -0.989614 -0.143710 0.003305
vn -0.953649 0.300894 0.004049
vn -0.756598 0.653874 0.003085
vn -0.517768 0.855520 0.001189
vn -0.227369 0.973808 0.000606
vn 0.394424 0.918928 0.000485
vn 0.650733 0.759305 0.001574
vn 0.852463 0.522785 0.001809
vn 0.976398 0.215970 0.002121
vn 0.984709 -0.174200 0.001841
vn 0.857121 -0.515112 0.001791
vn 0.650418 -0.759575 0.001438
vn 0.378379 -0.925651 0.000296
vn 0.006264 -0.999979 0.001420
vn 0.000000 0.000000 1.000000
vn 0.000000 0.000000 1.000000
vn 0.000000 0.000000 1.000000
vn 0.000000 0.000000 1.000000
vn 0.000000 0.000000 1.000000
vn 0.000000 0.000000 1.000000
vn 0.000000 0.000000 1.000000
vn 0.000000 0.000000 1.000000
vn 0.000000 0.000000 1.000000
vn 0.000000 0.000000 1.000000
vn 0.000000 0.000000 1.000000
vn 0.000000 0.000000 1.000000
vn 0.000000 0.000000 1.000000
vn 0.000000 0.000000 1.000000
vn 0.000000 0.000000 1.000000
vn 0.000000 0.000000 1.000000
vn 0.000000 0.000000 1.000000
vn 0.000000 0.000000 1.000000
vn 0.173070 -0.984907 -0.002179
vn 0.458718 -0.888581 -0.001087
vn 0.706768 -0.707445 -0.001038
vn 0.890807 -0.454375 -0.002390
vn 0.988534 -0.150985 -0.001953
vn 0.982189 0.187893 -0.000388
vn 0.852278 0.523088 0.001194
vn 0.619722 0.784822 -0.000519
vn 0.339628 0.940556 -0.002520
vn 0.009366 0.999955 -0.001382
vn -0.337415 0.941356 -0.000394
vn -0.659371 0.751818 -0.000390
vn -0.912170 0.409810 -0.001497
vn -0.999962 0.008426 -0.002101
vn -0.945412 -0.325872 -0.001969
vn -0.775457 -0.631396 -0.002439
vn -0.493952 -0.869485 -0.002523
vn -0.166262 -0.986079 -0.002290
vn 0.091194 0.995829 0.002964
vn 0.054332 -0.998519 0.002709
vn -0.277890 -0.960610 0.002241
vn -0.588933 -0.808178 0.002583
vn -0.836003 -0.548719 0.002345
vn -0.971176 -0.238356 0.001905
vn -0.996157 0.087566 0.001549
vn -0.898937 0.438078 0.000551
vn -0.654399 0.756149 0.000305
vn -0.317074 0.948400 0.001084
vn 0.530554 0.847648 0.002178
vn 0.845699 0.533660 0.000305
vn 0.987346 0.158575 0.001548
vn 0.963007 -0.269459 0.003053
vn 0.761504 -0.648155 0.002788
vn 0.432203 -0.901772 0.002639
vn 0.000000 0.000000 1.000000
vn 0.000000 0.000000 1.000000
vn 0.000000 0.000000 1.000000
vn 0.000000 0.000000 1.000000
vn 0.000000 0.000000 1.000000
vn 0.000000 0.000000 1.000000
vn 0.000000 0.000000 1.000000
vn 0.000000 0.000000 1.000000
vn 0.000000 0.000000 1.000000
vn 0.000000 0.000000 1.000000
vn 0.000000 0.000000 1.000000
vn 0.000000 0.000000 1.000000
vn 0.000000 0.000000 1.000000
vn 0.000000 0.000000 1.000000
vn 0.000000 0.000000 1.000000
vn 0.000000 0.000000 1.000000
vn 0.538900 -0.836246 -0.101384
vn 0.566485 0.823967 -0.013128
vn -0.043822 -0.999001 -0.008785
vn -0.192596 -0.980877 -0.028056
vn -0.326021 -0.945316 -0.009351
vn -0.405890 -0.913905 -0.005526
vn -0.542563 -0.840015 -0.000324
vn -0.667290 -0.744798 -0.000323
vn -0.780335 -0.625281 -0.010059
vn -0.856458 -0.516216 -0.000227
vn -0.910120 -0.414261 -0.008277
vn -0.962727 -0.269068 -0.027565
vn -0.992512 -0.121954 -0.006799
vn -0.999958 -0.008791 -0.002633
vn -0.992260 0.120690 -0.029207
vn -0.967848 0.251346 -0.009743
vn -0.942705 0.333586 -0.005302
vn -0.874494 0.485025 -0.003308
vn -0.785779 0.618463 -0.007414
vn -0.697065 0.716902 -0.012327
vn -0.614175 0.789073 0.012356
vn -0.492652 0.870215 -0.004414
vn -0.346840 0.937895 -0.007415
vn -0.225840 0.974164 -0.000651
vn -0.114557 0.993345 -0.011934
vn 0.018461 0.999782 -0.009742
vn 0.099413 0.995022 -0.006894
vn 0.232571 0.972577 0.002326
vn 0.337793 0.941220 -0.000251
vn 0.463912 0.885871 -0.004396
vn 0.671494 0.741006 0.002330
vn 0.775587 0.631241 -0.000325
vn 0.864786 0.502141 -0.000323
vn 0.932691 0.360676 -0.000322
vn 0.979155 0.202865 -0.010061
vn 0.997819 0.064924 -0.011899
vn 0.998891 -0.045437 0.012352
vn 0.981669 -0.190544 -0.004412
vn 0.938436 -0.345374 -0.007418
vn 0.887431 -0.460939 -0.000651
vn 0.829119 -0.559025 -0.007301
vn 0.740424 -0.672041 -0.011556
vn 0.659186 -0.751954 -0.006269
vn 0.488682 -0.872285 -0.017574
vn 0.344889 -0.938626 -0.005789
vn 0.198140 -0.979845 -0.025390
vn 0.071128 -0.997467 -0.000226
vn 0.007352 -0.999973 0.000228
vn -0.031318 0.999459 0.010058
vn -0.163691 0.986512 0.000227
vn -0.273815 0.961726 0.010409
vn -0.395577 0.918350 0.012328
vn -0.493974 0.869389 -0.012355
vn -0.615444 0.788168 0.004415
vn -0.733771 0.679356 0.007414
vn -0.817121 0.576335 0.012327
vn -0.875020 0.483928 -0.012356
vn -0.932451 0.361291 0.001762
vn -0.979496 0.201343 0.006941
vn -0.998754 0.048675 0.011018
vn -0.997520 -0.070388 0.000140
vn -0.980570 -0.194437 0.026022
vn -0.938865 -0.343123 0.028281
vn -0.887645 -0.460528 0.000227
vn -0.829745 -0.558016 0.011932
vn -0.748250 -0.663345 0.009744
vn -0.689011 -0.724730 0.005526
vn -0.568444 -0.822722 0.000321
vn -0.432743 -0.901517 0.000323
vn -0.277139 -0.960795 0.008229
vn -0.120998 -0.992341 0.024866
vn 0.122068 -0.992483 0.008786
vn 0.268296 -0.963002 0.025391
vn 0.395153 -0.918538 0.011903
vn 0.493226 -0.869813 -0.012356
vn 0.614907 -0.788587 -0.004538
vn 0.700662 -0.713490 0.002121
vn 0.786653 -0.616835 0.026300
vn 0.856697 -0.515820 0.000652
vn 0.909131 -0.416381 0.010408
vn 0.955225 -0.295622 0.012323
vn 0.981899 -0.189002 -0.012351
vn 0.999027 -0.043886 0.004413
vn 0.993061 0.117260 0.008940
vn 0.967849 0.251345 0.009741
vn 0.942934 0.332934 0.005527
vn 0.879995 0.474983 0.000322
vn 0.794857 0.606796 0.000320
vn 0.693194 0.720749 0.001692
vn 0.599876 0.800090 -0.002223
vn 0.488470 0.872525 -0.009881
vn 0.364609 0.931159 0.001693
vn 0.234318 0.972157 -0.002326
vn 0.126328 0.991988 0.000252
vn 0.000000 0.000000 -1.000000
vn 0.000000 0.000000 -1.000000
vn 0.000000 0.000000 -1.000000
vn 0.000000 0.000000 -1.000000
vn 0.000000 0.000000 -1.000000
vn 0.000000 0.000000 -1.000000
vn 0.000000 0.000000 -1.000000
vn 0.000000 0.000000 -1.000000
vn 0.000000 0.000000 -1.000000
vn 0.000000 0.000000 -1.000000
vn 0.000000 0.000000 -1.000000
vn 0.000000 0.000000 -1.000000
vn 0.000000 0.000000 -1.000000
vn 0.000000 0.000000 -1.000000
vn 0.000000 0.000000 -1.000000
vn 0.000000 0.000000 -1.000000
vn 0.000000 0.000000 -1.000000
vn 0.000000 0.000000 -1.000000
vn 0.000000 0.000000 -1.000000
vn 0.000000 0.000000 -1.000000
vn 0.000000 0.000000 -1.000000
vn 0.000000 0.000000 -1.000000
vn 0.000000 0.000000 -1.000000
vn 0.000000 0.000000 -1.000000
vn 0.000000 0.000000 -1.000000
vn 0.000000 0.000000 -1.000000
vn 0.000000 0.000000 -1.000000
vn 0.000000 0.000000 -1.000000
vn 0.000000 0.000000 -1.000000
vn 0.000000 0.000000 -1.000000
vn 0.000000 0.000000 -1.000000
vn 0.000000 0.000000 -1.000000
vn 0.000000 0.000000 -1.000000
vn 0.000000 0.000000 -1.000000
vn 0.000000 0.000000 -1.000000
vn 0.000000 0.000000 -1.000000
vn 0.000000 0.000000 -1.000000
vn 0.000000 0.000000 -1.000000
vn 0.000000 0.000000 -1.000000
vn 0.000000 0.000000 -1.000000
vn 0.000000 0.000000 -1.000000
vn 0.000000 0.000000 -1.000000
vn 0.000000 0.000000 -1.000000
vn 0.000000 0.000000 -1.000000
vn 0.000000 0.000000 -1.000000
vn 0.000000 0.000000 -1.000000
vn 0.000000 0.000000 -1.000000
vn 0.000000 0.000000 -1.000000
vn 0.000000 0.000000 -1.000000
vn 0.000000 0.000000 -1.000000
vn 0.000000 0.000000 -1.000000
vn 0.000000 0.000000 -1.000000
vn 0.000000 0.000000 -1.000000
vn 0.000000 0.000000 -1.000000
vn 0.000000 0.000000 -1.000000
vn 0.000000 0.000000 -1.000000
vn 0.000000 0.000000 -1.000000
vn 0.000000 0.000000 -1.000000
vn 0.000000 0.000000 -1.000000
vn 0.000000 0.000000 -1.000000
vn 0.000000 0.000000 -1.000000
vn 0.000000 0.000000 -1.000000
vn 0.000000 0.000000 -1.000000
vn 0.000000 0.000000 -1.000000
vn 0.000000 0.000000 -1.000000
vn 0.000000 0.000000 -1.000000
vn 0.000000 0.000000 -1.000000
vn 0.000000 0.000000 -1.000000
vn 0.000000 0.000000 -1.000000
vn 0.000000 0.000000 -1.000000
vn 0.000000 0.000000 -1.000000
vn 0.000000 0.000000 -1.000000
vn 0.000000 0.000000 -1.000000
vn 0.000000 0.000000 -1.000000
vn 0.000000 0.000000 -1.000000
vn 0.000000 0.000000 -1.000000
vn 0.000000 0.000000 -1.000000
vn 0.000000 0.000000 -1.000000
vn 0.000000 0.000000 -1.000000
vn 0.000000 0.000000 -1.000000
vn 0.000000 0.000000 -1.000000
vn 0.000000 0.000000 -1.000000
vn 0.000000 0.000000 -1.000000
vn 0.000000 0.000000 -1.000000
vn 0.000000 0.000000 -1.000000
vn 0.000000 0.000000 -1.000000
vn 0.000000 0.000000 -1.000000
vn 0.000000 0.000000 -1.000000
vn 0.000000 0.000000 -1.000000
vn 0.000000 0.000000 -1.000000
vn 0.000000 0.000000 -1.000000
vn -0.004738 0.999978 0.004556
vn 0.119103 0.992793 -0.013301
vn 0.245558 0.969366 -0.005605
vn 0.361669 0.932306 0.000752
vn 0.499158 0.866509 0.001797
vn 0.625494 0.780205 0.006142
vn 0.736817 0.676070 0.005493
vn 0.831941 0.554858 0.002735
vn 0.909852 0.414932 -0.001139
vn 0.962418 0.271429 0.008827
vn 0.992612 0.121332 -0.000590
vn 0.998836 -0.047655 -0.007452
vn 0.975617 -0.219354 -0.007436
vn 0.933756 -0.357909 0.000499
vn 0.875053 -0.483947 0.008827
vn 0.814894 -0.579594 -0.004279
vn 0.732160 -0.681133 0.000773
vn 0.615868 -0.787848 -0.001139
vn 0.493991 -0.869422 0.008826
vn 0.391974 -0.919966 -0.004278
vn 0.272135 -0.962257 -0.001786
vn 0.161707 -0.986805 -0.008223
vn 0.011392 -0.999887 -0.009803
vn -0.123038 -0.992401 0.001234
vn -0.234619 -0.972085 0.002235
vn -0.357999 -0.933708 0.005096
vn -0.495260 -0.868690 0.009765
vn -0.655470 -0.755179 -0.007946
vn -0.789709 -0.613475 0.002952
vn -0.877333 -0.479871 -0.003274
vn -0.918888 -0.394498 -0.003920
vn -0.963662 -0.266888 -0.011250
vn -0.993165 -0.116687 0.002736
vn -0.999059 0.043357 -0.001139
vn -0.981935 0.189012 0.008825
vn -0.954115 0.299411 -0.004277
vn -0.905466 0.424409 0.002844
vn -0.812612 0.582733 -0.009141
vn -0.687416 0.726260 0.002519
vn -0.592345 0.805671 0.004672
vn -0.489250 0.872142 -0.001786
vn -0.387052 0.922047 0.004556
vn -0.266478 0.963794 -0.009469
vn -0.120565 0.992705 0.000173
vn 0.078868 -0.996880 0.003247
vn 0.042307 0.999105 -0.000174
vn -0.073734 0.997268 -0.004556
vn -0.200120 0.979726 0.009466
vn -0.343254 0.939242 -0.000175
vn -0.449265 0.893389 -0.004194
vn -0.554969 0.831869 0.001786
vn -0.645003 0.764171 -0.003768
vn -0.743145 0.668465 0.029832
vn -0.839379 0.543440 -0.010820
vn -0.883950 0.467436 0.011636
vn -0.939287 0.343131 -0.000772
vn -0.981576 0.191066 0.001139
vn -0.998928 0.045441 -0.008826
vn -0.997612 -0.068954 0.003917
vn -0.979641 -0.200555 0.008990
vn -0.935210 -0.354094 -0.000406
vn -0.866510 -0.499157 -0.001797
vn -0.774508 -0.632556 0.003258
vn -0.686810 -0.726765 -0.010171
vn -0.561004 -0.827357 0.027479
vn -0.442829 -0.896588 0.005604
vn -0.336673 -0.941622 -0.000188
vn -0.232270 -0.972649 -0.002235
vn -0.099528 -0.995025 -0.004310
vn 0.225502 -0.974210 -0.007945
vn 0.349100 -0.937085 -0.000773
vn 0.492194 -0.870485 0.001139
vn 0.614199 -0.789102 -0.008826
vn 0.699936 -0.714193 0.004278
vn 0.787282 -0.616593 -0.000774
vn 0.874301 -0.485383 0.000062
vn 0.942553 -0.334010 -0.005528
vn 0.988080 -0.153563 0.010742
vn 0.999969 0.007254 0.003089
vn 0.992284 0.123675 -0.008826
vn 0.962445 0.271437 0.004725
vn 0.910681 0.413016 -0.008826
vn 0.857574 0.514346 0.003917
vn 0.784264 0.620284 0.013301
vn 0.698218 0.715864 0.005605
vn 0.605951 0.795501 -0.000750
vn 0.478011 0.878352 -0.001797
vn 0.338415 0.940977 -0.006140
vn 0.191460 0.981485 -0.005493
vn 0.000002 0.000018 -1.000000
vn 0.000006 -0.000016 -1.000000
vn 0.000001 -0.000013 -1.000000
vn -0.000002 -0.000022 -1.000000
vn 0.000012 -0.000022 -1.000000
vn 0.000011 -0.000008 -1.000000
vn 0.000002 -0.000008 -1.000000
vn 0.000009 -0.000010 -1.000000
vn 0.000005 -0.000005 -1.000000
vn 0.000008 -0.000009 -1.000000
vn 0.000021 -0.000010 -1.000000
vn 0.000013 -0.000002 -1.000000
vn 0.000003 -0.000000 -1.000000
vn 0.000009 -0.000000 -1.000000
vn 0.000019 -0.000001 -1.000000
vn 0.000025 0.000002 -1.000000
vn 0.000017 0.000011 -1.000000
vn 0.000009 0.000005 -1.000000
vn 0.000003 0.000006 -1.000000
vn 0.000012 0.000005 -1.000000
vn 0.000010 0.000021 -1.000000
vn 0.000012 0.000023 -1.000000
vn 0.000001 0.000017 -1.000000
vn 0.000001 0.000010 -1.000000
vn 0.000004 0.000007 -1.000000
vn -0.000006 0.000028 -1.000000
vn -0.000008 0.000017 -1.000000
vn -0.000005 0.000009 -1.000000
vn -0.000009 0.000007 -1.000000
vn -0.000008 0.000006 -1.000000
vn -0.000004 0.000007 -1.000000
vn -0.000011 0.000012 -1.000000
vn -0.000024 0.000009 -1.000000
vn -0.000024 0.000000 -1.000000
vn -0.000023 0.000001 -1.000000
vn -0.000024 0.000001 -1.000000
vn -0.000025 -0.000007 -1.000000
vn -0.000013 -0.000014 -1.000000
vn -0.000011 -0.000007 -1.000000
vn -0.000004 -0.000007 -1.000000
vn -0.000004 -0.000004 -1.000000
vn -0.000017 -0.000008 -1.000000
vn -0.000012 -0.000022 -1.000000
vn -0.000009 -0.000024 -1.000000
vn -0.000005 -0.000025 -1.000000
vn 0.000009 0.000013 -1.000000
vn -0.000007 0.000015 -1.000000
vn 0.000012 0.000007 -1.000000
vn 0.000011 0.000000 -1.000000
vn 0.000004 0.000017 -1.000000
vn 0.000018 0.000009 -1.000000
vn 0.000015 -0.000016 -1.000000
vn 0.000013 0.000002 -1.000000
vn 0.000011 -0.000002 -1.000000
vn 0.000002 -0.000010 -1.000000
vn 0.000004 -0.000004 -1.000000
vn 0.000013 -0.000002 -1.000000
vn 0.000005 -0.000015 -1.000000
vn 0.000004 -0.000017 -1.000000
vn -0.000000 -0.000021 -1.000000
vn -0.000026 -0.000008 -1.000000
vn -0.000013 -0.000004 -1.000000
vn -0.000003 -0.000018 -1.000000
vn -0.000018 -0.000010 -1.000000
vn -0.000023 0.000001 -1.000000
vn -0.000016 0.000012 -1.000000
vn -0.000005 0.000015 -1.000000
vn -0.000009 0.000006 -1.000000
vn -0.000014 0.000008 -1.000000
vn -0.000002 0.000017 -1.000000
vn 0.046966 0.710028 -0.702605
vn 0.214256 0.677809 -0.703327
vn 0.383192 0.586963 -0.713189
vn 0.522996 0.483081 -0.702217
vn 0.598103 0.375287 -0.708118
vn 0.677024 0.200764 -0.708049
vn 0.708375 0.002178 -0.705833
vn 0.695223 -0.146288 -0.703750
vn 0.636782 -0.298916 -0.710745
vn 0.563313 -0.434785 -0.702596
vn 0.464965 -0.533515 -0.706519
vn 0.342825 -0.622385 -0.703639
vn 0.174452 -0.679177 -0.712941
vn -0.009213 -0.709694 -0.704450
vn -0.200751 -0.680166 -0.705034
vn -0.395897 -0.582927 -0.709551
vn -0.523400 -0.478567 -0.705000
vn -0.613581 -0.356010 -0.704823
vn -0.681842 -0.179520 -0.709129
vn -0.712607 0.027999 -0.701005
vn -0.667916 0.236694 -0.705595
vn -0.580859 0.411034 -0.702605
vn -0.462981 0.534766 -0.706876
vn -0.322822 0.633204 -0.703448
vn -0.145620 0.691952 -0.707105
vn -0.034288 0.729069 -0.683581
vn 0.105533 0.703464 -0.702852
vn 0.239917 0.667388 -0.705006
vn 0.360008 0.598546 -0.715638
vn 0.504089 0.501321 -0.703258
vn 0.613452 0.354517 -0.705687
vn 0.661774 0.225860 -0.714872
vn 0.725647 0.092605 -0.681807
vn 0.703508 -0.043367 -0.709363
vn 0.696045 -0.130693 -0.706003
vn 0.662690 -0.250236 -0.705850
vn 0.601917 -0.388093 -0.697910
vn 0.523867 -0.482152 -0.702206
vn 0.429696 -0.564685 -0.704622
vn 0.343364 -0.614137 -0.710589
vn 0.234377 -0.668728 -0.705599
vn 0.070727 -0.720629 -0.689704
vn -0.090319 -0.720936 -0.687090
vn -0.220806 -0.662555 -0.715727
vn -0.330553 -0.653271 -0.681154
vn -0.455904 -0.547300 -0.701865
vn -0.513742 -0.489871 -0.704341
vn -0.596674 -0.375902 -0.708998
vn -0.668184 -0.249994 -0.700738
vn -0.732715 -0.086957 -0.674957
vn -0.692861 0.027225 -0.720557
vn -0.726039 0.142905 -0.672641
vn -0.643066 0.250821 -0.723571
vn -0.639549 0.351702 -0.683581
vn -0.547204 0.457878 -0.700654
vn -0.476932 0.514692 -0.712480
vn -0.378657 0.606552 -0.699081
vn -0.251224 0.684638 -0.684220
vn -0.122140 0.679357 -0.723571
vn -0.032179 0.999479 0.002294
vn 0.131115 0.991363 0.002985
vn 0.324309 0.945944 0.003644
vn 0.531368 0.847131 0.004022
vn 0.714445 0.699680 0.004022
vn 0.857126 0.515068 0.006375
vn 0.951775 0.306670 0.008782
vn 0.993149 0.116562 0.008319
vn 0.999191 -0.039646 0.006778
vn 0.981011 -0.193787 0.008053
vn 0.926765 -0.375562 0.007791
vn 0.838035 -0.545595 0.004853
vn 0.735333 -0.677705 0.001276
vn 0.619800 -0.784758 0.001782
vn 0.487255 -0.873258 0.001809
vn 0.303000 -0.952990 0.000791
vn 0.085849 -0.996303 0.003116
vn -0.110094 -0.993919 0.002102
vn -0.299879 -0.953972 0.003106
vn -0.473553 -0.880750 0.005235
vn -0.614481 -0.788902 0.006794
vn -0.732853 -0.680338 0.008229
vn -0.851322 -0.524570 0.008783
vn -0.946011 -0.324037 0.007909
vn -0.991527 -0.129705 0.007139
vn -0.999121 0.041690 0.004285
vn -0.979544 0.201214 0.002333
vn -0.935714 0.352753 0.002294
vn -0.869010 0.494789 0.002294
vn -0.780909 0.624640 0.002294
vn -0.669663 0.742649 0.004835
vn -0.515915 0.856605 0.007791
vn -0.345053 0.938547 0.008263
vn -0.184815 0.982760 0.005170
vn 0.084516 -0.996422 -0.000951
vn -0.051605 0.998656 -0.004826
vn -0.240904 0.970518 -0.007777
vn -0.419670 0.907639 -0.008248
vn -0.564230 0.825602 -0.005157
vn -0.683985 0.729492 -0.002287
vn -0.789682 0.613512 -0.002287
vn -0.875934 0.482426 -0.002286
vn -0.940618 0.339460 -0.002286
vn -0.982942 0.183870 -0.004104
vn -0.999975 0.000903 -0.006958
vn -0.982943 -0.183809 -0.006163
vn -0.939283 -0.343131 -0.003103
vn -0.878460 -0.477811 -0.002299
vn -0.788904 -0.614479 -0.006782
vn -0.680342 -0.732849 -0.008219
vn -0.524574 -0.851320 -0.008768
vn -0.322632 -0.946506 -0.005972
vn -0.124141 -0.992259 -0.003301
vn 0.301960 -0.953316 -0.003088
vn 0.477953 -0.878384 -0.001807
vn 0.618768 -0.785573 -0.000976
vn 0.733542 -0.679642 -0.001762
vn 0.827843 -0.560957 -0.001857
vn 0.903701 -0.428134 -0.005157
vn 0.960830 -0.277056 -0.006782
vn 0.992323 -0.123480 -0.006922
vn 0.999213 0.039046 -0.006965
vn 0.979744 0.200133 -0.006999
vn 0.932095 0.362177 -0.005215
vn 0.844102 0.536170 -0.003617
vn 0.699680 0.714445 -0.003995
vn 0.513564 0.858042 -0.003995
vn 0.305295 0.952252 -0.003463
vn 0.116119 0.993232 -0.002551
vn 0.000003 -0.000040 -1.000000
vn -0.000002 0.000054 -1.000000
vn -0.000019 0.000040 -1.000000
vn -0.000008 0.000019 -1.000000
vn -0.000011 0.000017 -1.000000
vn -0.000014 0.000015 -1.000000
vn -0.000016 0.000013 -1.000000
vn -0.000018 0.000010 -1.000000
vn -0.000019 0.000007 -1.000000
vn -0.000053 0.000024 -1.000000
vn -0.000047 -0.000016 -1.000000
vn -0.000013 -0.000003 -1.000000
vn -0.000012 -0.000003 -1.000000
vn -0.000018 -0.000010 -1.000000
vn -0.000032 -0.000014 -1.000000
vn -0.000038 -0.000040 -1.000000
vn -0.000005 -0.000027 -1.000000
vn -0.000003 -0.000017 -1.000000
vn -0.000008 -0.000013 -1.000000
vn 0.000013 -0.000014 -1.000000
vn 0.000004 -0.000011 -1.000000
vn 0.000009 -0.000015 -1.000000
vn 0.000015 -0.000014 -1.000000
vn 0.000035 -0.000039 -1.000000
vn 0.000062 -0.000028 -1.000000
vn 0.000036 0.000001 -1.000000
vn 0.000017 -0.000000 -1.000000
vn 0.000013 0.000001 -1.000000
vn 0.000018 0.000002 -1.000000
vn 0.000038 0.000005 -1.000000
vn 0.000045 0.000030 -1.000000
vn 0.000038 0.000038 -1.000000
vn 0.000028 0.000046 -1.000000
vn 0.000016 0.000051 -1.000000
vn 0.000006 0.000055 -1.000000
vn -0.000058 0.000008 -1.000000
vn -0.000025 0.000018 -1.000000
vn -0.000016 0.000012 -1.000000
vn -0.000013 0.000015 -1.000000
vn -0.000015 0.000022 -1.000000
vn -0.000018 0.000047 -1.000000
vn 0.000007 0.000053 -1.000000
vn -0.000014 -0.000008 -1.000000
vn -0.000000 -0.000018 -1.000000
vn 0.000002 -0.000012 -1.000000
vn -0.000023 -0.000030 -1.000000
vn -0.000023 -0.000003 -1.000000
vn -0.000007 0.000001 -1.000000
vn -0.000020 -0.000015 -1.000000
vn 0.000016 0.000001 -1.000000
vn 0.000026 0.000009 -1.000000
vn 0.000043 -0.000030 -1.000000
vn 0.000014 -0.000025 -1.000000
vn 0.000003 -0.000014 -1.000000
vn 0.000014 -0.000007 -1.000000
vn 0.000004 -0.000025 -1.000000
vn 0.000023 0.000048 -1.000000
vn 0.000037 0.000039 -1.000000
vn 0.000045 0.000018 -1.000000
vn 0.000027 -0.000003 -1.000000
vn -0.700122 0.082415 -0.709251
vn -0.652787 0.276588 -0.705243
vn -0.566817 0.424816 -0.705868
vn -0.455427 0.545383 -0.703665
vn -0.315592 0.637842 -0.702538
vn -0.129299 0.693658 -0.708604
vn 0.089849 0.706949 -0.701534
vn -0.068217 -0.708647 -0.702258
vn -0.211280 -0.674208 -0.707675
vn -0.347535 -0.619418 -0.703947
vn -0.474000 -0.524092 -0.707568
vn -0.602829 -0.373644 -0.704974
vn -0.666702 -0.240249 -0.705541
vn -0.703471 -0.099231 -0.703763
vn 0.712236 0.000607 -0.701940
vn 0.693850 -0.165346 -0.700880
vn 0.615002 -0.345991 -0.708564
vn 0.501326 -0.503296 -0.703822
vn 0.373058 -0.604959 -0.703457
vn 0.245237 -0.670342 -0.700357
vn 0.085124 -0.702963 -0.706114
vn 0.306011 0.643505 -0.701611
vn 0.488951 0.515487 -0.703705
vn 0.623438 0.339647 -0.704247
vn 0.691586 0.161787 -0.703942
vn -0.047571 0.720852 -0.691455
vn 0.064548 0.691304 -0.719675
vn 0.200170 0.703506 -0.681917
vn 0.283333 0.632468 -0.720907
vn 0.418619 0.598428 -0.683112
vn 0.527662 0.471935 -0.706293
vn 0.588285 0.424084 -0.688530
vn 0.655123 0.278864 -0.702174
vn 0.686144 0.182869 -0.704107
vn 0.705509 0.039948 -0.707574
vn 0.707948 -0.084596 -0.701179
vn 0.682612 -0.214772 -0.698509
vn 0.663242 -0.276158 -0.695592
vn 0.581783 -0.423986 -0.694093
vn 0.512707 -0.492368 -0.703353
vn 0.402583 -0.581277 -0.707138
vn 0.296570 -0.642827 -0.706272
vn 0.184790 -0.688606 -0.701195
vn 0.039118 -0.702768 -0.710343
vn -0.106865 -0.699018 -0.707074
vn -0.248068 -0.659830 -0.709286
vn -0.352079 -0.617100 -0.703724
vn -0.422365 -0.576825 -0.699200
vn -0.539316 -0.472669 -0.696938
vn -0.598223 -0.367393 -0.712145
vn -0.659558 -0.251522 -0.708322
vn -0.703948 -0.107566 -0.702059
vn -0.723918 -0.007778 -0.689842
vn -0.697063 0.163297 -0.698167
vn -0.662113 0.257329 -0.703838
vn -0.577018 0.404901 -0.709299
vn -0.469760 0.526287 -0.708765
vn -0.359624 0.608691 -0.707224
vn -0.229847 0.682392 -0.693910
vn -0.100563 0.994931 -0.000592
vn 0.093218 0.995641 -0.003134
vn 0.282796 0.959180 0.000574
vn 0.410178 0.911998 -0.003839
vn 0.578342 0.815787 0.003513
vn 0.724678 0.689078 0.003565
vn 0.821763 0.569830 0.000366
vn 0.915948 0.401291 -0.002272
vn 0.967797 0.251689 -0.004676
vn 0.999098 0.042465 -0.000295
vn 0.993231 -0.116028 0.005365
vn 0.962567 -0.271016 -0.003774
vn 0.905258 -0.424834 0.004906
vn 0.839108 -0.543929 -0.006173
vn 0.702479 -0.711704 0.000290
vn 0.552961 -0.833206 0.001337
vn 0.421801 -0.906675 0.004877
vn 0.263774 -0.964569 0.005409
vn 0.069195 -0.997557 0.009625
vn -0.148445 -0.988908 0.004994
vn -0.326693 -0.945126 -0.003087
vn -0.503404 -0.864048 -0.002384
vn -0.600426 -0.799579 -0.012741
vn -0.743807 -0.668379 0.004519
vn -0.854763 -0.519018 0.000044
vn -0.935034 -0.354213 0.015639
vn -0.986153 -0.165839 -0.000356
vn -0.999810 0.019306 0.002572
vn -0.976815 0.214072 -0.002411
vn -0.929218 0.369510 -0.004089
vn -0.816363 0.577522 0.004381
vn -0.670657 0.741754 0.004517
vn -0.490277 0.871459 -0.013682
vn -0.303483 0.952797 0.008707
vn 0.026557 -0.999641 -0.003460
vn -0.071647 0.997352 -0.012445
vn -0.333791 0.942590 -0.010368
vn -0.608000 0.793813 -0.014016
vn -0.799871 0.600116 -0.008190
vn -0.921214 0.389023 -0.005069
vn -0.990682 0.135951 -0.008135
vn -0.993424 -0.113426 -0.015631
vn -0.937959 -0.346730 -0.003370
vn -0.830489 -0.556884 -0.012969
vn -0.672845 -0.739645 -0.014329
vn -0.432083 -0.901717 -0.014511
vn -0.172313 -0.984986 -0.010505
vn 0.204517 -0.978847 -0.005609
vn 0.396579 -0.917966 -0.007949
vn 0.590078 -0.807266 -0.011425
vn 0.780674 -0.624834 -0.011415
vn 0.921604 -0.387814 -0.015667
vn 0.988855 -0.148699 -0.007435
vn 0.999223 0.039262 -0.003434
vn 0.972478 0.232964 -0.003813
vn 0.881704 0.471743 -0.007538
vn 0.740857 0.671580 -0.010520
vn 0.597135 0.802133 -0.003470
vn 0.421164 0.906973 -0.004571
vn 0.205116 0.978709 -0.007504
vn -0.000001 0.000014 -1.000000
vn 0.000001 -0.000014 -1.000000
vn 0.000008 0.000015 -1.000000
vn -0.000023 0.000046 -1.000000
vn -0.000039 0.000008 -1.000000
vn -0.000027 0.000033 -1.000000
vn -0.000043 -0.000014 -1.000000
vn -0.000043 0.000017 -1.000000
vn -0.000078 -0.000029 -1.000000
vn -0.000062 -0.000046 -1.000000
vn -0.000028 -0.000048 -1.000000
vn -0.000012 -0.000026 -1.000000
vn 0.000011 -0.000007 -1.000000
vn -0.000017 -0.000033 -1.000000
vn 0.000029 -0.000053 -1.000000
vn 0.000029 -0.000039 -1.000000
vn 0.000043 -0.000041 -1.000000
vn 0.000066 -0.000029 -1.000000
vn 0.000063 -0.000002 -1.000000
vn 0.000049 0.000002 -1.000000
vn 0.000058 0.000008 -1.000000
vn 0.000070 0.000032 -1.000000
vn 0.000066 0.000059 -1.000000
vn 0.000043 0.000068 -1.000000
vn 0.000029 0.000062 -1.000000
vn -0.000016 0.000034 -1.000000
vn -0.000058 -0.000029 -1.000000
vn -0.000010 -0.000009 -1.000000
vn -0.000013 0.000078 -1.000000
vn -0.000033 0.000011 -1.000000
vn 0.000066 0.000074 -1.000000
vn -0.000032 0.000043 -1.000000
vn -0.000022 -0.000031 -1.000000
vn 0.000055 -0.000065 -1.000000
vn 0.000006 -0.000107 -1.000000
vn -0.000058 0.000041 -1.000000
vn 0.000069 0.000013 -1.000000
vn 0.000037 -0.000060 -1.000000
vn 0.000040 -0.000056 -1.000000
vn -0.000031 -0.000054 -1.000000
vn -0.000071 0.000082 -1.000000
vn 0.000041 0.000060 -1.000000
vn 0.000074 -0.000014 -1.000000
vn 0.000068 0.000009 -1.000000
vn -0.714869 -0.013707 -0.699124
vn -0.685822 0.159350 -0.710110
vn -0.629948 0.340569 -0.697982
vn -0.490150 0.519876 -0.699630
vn -0.295934 0.651790 -0.698278
vn -0.033272 0.711121 -0.702282
vn -0.032995 -0.708452 -0.704987
vn -0.296045 -0.652151 -0.697894
vn -0.499974 -0.515847 -0.695649
vn -0.667589 -0.267184 -0.694937
vn 0.694388 -0.162860 -0.700929
vn 0.617633 -0.361191 -0.698621
vn 0.462964 -0.544005 -0.699802
vn 0.258903 -0.668097 -0.697578
vn 0.261276 0.665785 -0.698903
vn 0.483113 0.529857 -0.697032
vn 0.654745 0.298543 -0.694393
vn 0.707575 0.054432 -0.704539
vn 0.102750 0.711598 -0.695033
vn 0.245354 0.662612 -0.707635
vn 0.444401 0.545233 -0.710794
vn 0.599961 0.396442 -0.694896
vn 0.675160 0.196904 -0.710906
vn 0.704036 0.009445 -0.710102
vn 0.700207 -0.127461 -0.702470
vn 0.641855 -0.288340 -0.710551
vn 0.539451 -0.453772 -0.709284
vn 0.370797 -0.593865 -0.714027
vn 0.160434 -0.692762 -0.703095
vn -0.087268 -0.693741 -0.714918
vn -0.247896 -0.666937 -0.702668
vn -0.408355 -0.572037 -0.711351
vn -0.570137 -0.446515 -0.689614
vn -0.629548 -0.338731 -0.699236
vn -0.696359 -0.143185 -0.703265
vn -0.695524 0.031415 -0.717816
vn -0.645606 0.259693 -0.718159
vn -0.554004 0.439327 -0.707157
vn -0.411434 0.569418 -0.711678
vn -0.251056 0.666346 -0.702107
vn -0.105964 0.695965 -0.710214
vn 0.121644 0.992572 0.002063
vn 0.361809 0.932249 0.002584
vn 0.635954 0.771720 0.003334
vn 0.841688 0.539956 0.003033
vn 0.958349 0.285581 0.003235
vn 0.999400 0.034573 0.001899
vn 0.980545 -0.196294 0.000449
vn 0.908507 -0.417865 0.002110
vn 0.762548 -0.646924 0.003296
vn 0.531835 -0.846847 0.000874
vn 0.235913 -0.971774 -0.000294
vn -0.095463 -0.995432 0.001353
vn -0.368972 -0.929437 0.002492
vn -0.589472 -0.807789 0.000728
vn -0.764330 -0.644825 -0.000382
vn -0.896629 -0.442778 0.001895
vn -0.976437 -0.215786 0.002568
vn -0.998554 0.053651 0.003474
vn -0.929712 0.368276 0.002855
vn -0.777374 0.629035 0.002165
vn -0.592586 0.805505 0.001970
vn -0.375394 0.926862 0.002393
vn -0.120486 0.992711 0.002918
vn 0.004558 0.999984 -0.003297
vn -0.293552 0.955939 -0.002901
vn -0.542152 0.840279 -0.001823
vn -0.736225 0.676734 -0.001982
vn -0.900613 0.434614 -0.002591
vn -0.985968 0.166908 -0.002931
vn -0.994227 -0.107260 -0.002912
vn -0.927821 -0.373018 -0.002529
vn -0.782588 -0.622537 -0.001976
vn -0.513896 -0.857844 -0.003678
vn -0.124644 -0.992194 -0.003866
vn 0.256695 -0.966492 -0.000756
vn 0.581960 -0.813213 -0.002517
vn 0.844299 -0.535853 -0.004695
vn 0.980406 -0.196957 -0.003543
vn 0.988921 0.148400 -0.003592
vn 0.900424 0.435004 -0.002936
vn 0.763058 0.646324 -0.002990
vn 0.558707 0.829360 -0.003038
vn 0.288217 0.957562 -0.002566
vn 0.000000 0.000000 -1.000000
vn 0.000000 0.000000 -1.000000
vn 0.000000 0.000000 -1.000000
vn 0.000000 0.000000 -1.000000
vn 0.000000 0.000000 -1.000000
vn 0.000000 0.000000 -1.000000
vn 0.000000 0.000000 -1.000000
vn 0.000000 0.000000 -1.000000
vn 0.000000 0.000000 -1.000000
vn 0.000000 0.000000 -1.000000
vn 0.000000 0.000000 -1.000000
vn 0.000000 0.000000 -1.000000
vn 0.000000 0.000000 -1.000000
vn 0.000000 0.000000 -1.000000
vn 0.000000 0.000000 -1.000000
vn 0.000000 0.000000 -1.000000
vn 0.000000 0.000000 -1.000000
vn 0.000000 0.000000 -1.000000
vn 0.000000 0.000000 -1.000000
vn 0.000000 0.000000 -1.000000
f 2219//2219 2177//2177 2176//2176
f 2179//2179 2178//2178 2195//2195
f 2193//2193 2179//2179 2194//2194
f 2192//2192 2179//2179 2193//2193
f 2191//2191 2179//2179 2192//2192
f 2231//2231 2173//2173 2232//2232
f 2230//2230 2173//2173 2231//2231
f 2229//2229 2173//2173 2230//2230
f 2228//2228 2173//2173 2229//2229
f 2181//2181 2188//2188 2187//2187
f 2181//2181 2186//2186 2185//2185
f 2181//2181 2187//2187 2186//2186
f 2182//2182 2212//2212 2173//2173
f 2182//2182 2185//2185 2212//2212
f 2182//2182 2181//2181 2185//2185
f 2227//2227 2173//2173 2228//2228
f 2227//2227 2182//2182 2173//2173
f 2226//2226 2182//2182 2227//2227
f 2225//2225 2182//2182 2226//2226
f 2180//2180 2189//2189 2188//2188
f 2180//2180 2188//2188 2181//2181
f 2180//2180 2190//2190 2189//2189
f 2180//2180 2191//2191 2190//2190
f 2180//2180 2179//2179 2191//2191
f 2224//2224 2182//2182 2225//2225
f 2223//2223 2182//2182 2224//2224
f 2222//2222 2182//2182 2223//2223
f 2233//2233 2232//2232 2173//2173
f 2182//2182 2221//2221 2183//2183
f 2182//2182 2222//2222 2221//2221
f 2179//2179 2195//2195 2194//2194
f 2195//2195 2178//2178 2196//2196
f 2172//2172 2233//2233 2173//2173
f 2185//2185 2184//2184 2212//2212
f 2174//2174 2210//2210 2209//2209
f 2218//2218 2177//2177 2219//2219
f 2174//2174 2209//2209 2208//2208
f 2220//2220 2219//2219 2176//2176
f 2174//2174 2208//2208 2175//2175
f 2175//2175 2205//2205 2176//2176
f 2174//2174 2211//2211 2210//2210
f 2175//2175 2208//2208 2207//2207
f 2175//2175 2206//2206 2205//2205
f 2215//2215 2177//2177 2216//2216
f 2205//2205 2204//2204 2176//2176
f 2216//2216 2177//2177 2217//2217
f 2204//2204 2203//2203 2176//2176
f 2203//2203 2220//2220 2176//2176
f 2175//2175 2207//2207 2206//2206
f 2174//2174 2212//2212 2211//2211
f 2217//2217 2177//2177 2218//2218
f 2200//2200 2215//2215 2201//2201
f 2173//2173 2212//2212 2174//2174
f 2197//2197 2178//2178 2198//2198
f 2178//2178 2200//2200 2199//2199
f 2178//2178 2199//2199 2198//2198
f 2178//2178 2177//2177 2200//2200
f 2184//2184 2202//2202 2213//2213
f 2196//2196 2178//2178 2197//2197
f 2202//2202 2214//2214 2213//2213
f 2202//2202 2201//2201 2215//2215
f 2202//2202 2215//2215 2214//2214
f 2200//2200 2177//2177 2215//2215
f 2184//2184 2213//2213 2212//2212
f 2261//2261 2304//2304 2262//2262
f 2248//2248 2246//2246 2245//2245
f 2262//2262 2304//2304 2303//2303
f 2249//2249 2248//2248 2245//2245
f 2248//2248 2300//2300 2246//2246
f 2248//2248 2301//2301 2300//2300
f 2248//2248 2265//2265 2301//2301
f 2261//2261 2305//2305 2304//2304
f 2246//2246 2300//2300 2299//2299
f 2265//2265 2264//2264 2301//2301
f 2264//2264 2302//2302 2301//2301
f 2263//2263 2303//2303 2264//2264
f 2264//2264 2303//2303 2302//2302
f 2307//2307 2242//2242 2308//2308
f 2246//2246 2298//2298 2297//2297
f 2260//2260 2305//2305 2261//2261
f 2246//2246 2299//2299 2298//2298
f 2262//2262 2303//2303 2263//2263
f 2260//2260 2306//2306 2305//2305
f 2243//2243 2257//2257 2256//2256
f 2260//2260 2307//2307 2306//2306
f 2246//2246 2297//2297 2296//2296
f 2296//2296 2295//2295 2247//2247
f 2246//2246 2296//2296 2247//2247
f 2243//2243 2242//2242 2258//2258
f 2243//2243 2258//2258 2257//2257
f 2308//2308 2242//2242 2309//2309
f 2243//2243 2256//2256 2255//2255
f 2243//2243 2255//2255 2244//2244
f 2244//2244 2255//2255 2254//2254
f 2244//2244 2254//2254 2253//2253
f 2244//2244 2253//2253 2252//2252
f 2244//2244 2252//2252 2251//2251
f 2244//2244 2251//2251 2245//2245
f 2258//2258 2242//2242 2259//2259
f 2251//2251 2250//2250 2245//2245
f 2259//2259 2242//2242 2260//2260
f 2260//2260 2242//2242 2307//2307
f 2250//2250 2249//2249 2245//2245
f 2234//2234 2271//2271 2235//2235
f 2242//2242 2241//2241 2311//2311
f 2234//2234 2274//2274 2273//2273
f 2267//2267 2266//2266 2236//2236
f 2236//2236 2284//2284 2283//2283
f 2236//2236 2283//2283 2237//2237
f 2234//2234 2275//2275 2274//2274
f 2279//2279 2289//2289 2280//2280
f 2280//2280 2289//2289 2288//2288
f 2280//2280 2288//2288 2281//2281
f 2281//2281 2288//2288 2287//2287
f 2281//2281 2287//2287 2282//2282
f 2282//2282 2287//2287 2286//2286
f 2283//2283 2282//2282 2237//2237
f 2282//2282 2286//2286 2237//2237
f 2286//2286 2285//2285 2237//2237
f 2285//2285 2316//2316 2237//2237
f 2316//2316 2315//2315 2237//2237
f 2315//2315 2314//2314 2237//2237
f 2314//2314 2313//2313 2238//2238
f 2314//2314 2238//2238 2237//2237
f 2313//2313 2239//2239 2238//2238
f 2278//2278 2289//2289 2279//2279
f 2290//2290 2289//2289 2278//2278
f 2236//2236 2266//2266 2284//2284
f 2290//2290 2278//2278 2277//2277
f 2234//2234 2272//2272 2271//2271
f 2234//2234 2247//2247 2275//2275
f 2242//2242 2311//2311 2310//2310
f 2242//2242 2310//2310 2309//2309
f 2268//2268 2267//2267 2236//2236
f 2295//2295 2294//2294 2247//2247
f 2247//2247 2294//2294 2293//2293
f 2247//2247 2293//2293 2292//2292
f 2234//2234 2273//2273 2272//2272
f 2247//2247 2292//2292 2275//2275
f 2241//2241 2240//2240 2312//2312
f 2292//2292 2291//2291 2275//2275
f 2291//2291 2276//2276 2275//2275
f 2291//2291 2277//2277 2276//2276
f 2291//2291 2290//2290 2277//2277
f 2271//2271 2270//2270 2235//2235
f 2270//2270 2269//2269 2235//2235
f 2235//2235 2268//2268 2236//2236
f 2235//2235 2269//2269 2268//2268
f 2311//2311 2241//2241 2312//2312
f 2323//2323 2319//2319 2325//2325
f 2321//2321 2318//2318 2323//2323
f 2323//2323 2318//2318 2319//2319
f 2321//2321 2322//2322 2317//2317
f 2325//2325 2319//2319 2320//2320
f 2321//2321 2317//2317 2318//2318
f 2325//2325 2320//2320 2324//2324
f 2332//2332 2329//2329 2330//2330
f 2332//2332 2330//2330 2331//2331
f 2327//2327 2333//2333 2326//2326
f 2328//2328 2333//2333 2327//2327
f 2328//2328 2329//2329 2332//2332
f 2328//2328 2332//2332 2333//2333
f 2334//2334 2336//2336 2337//2337
f 2338//2338 2334//2334 2337//2337
f 2338//2338 2335//2335 2334//2334
f 2339//2339 2341//2341 2342//2342
f 2339//2339 2343//2343 2340//2340
f 2339//2339 2342//2342 2343//2343
f 2345//2345 2344//2344 2349//2349
f 2346//2346 2349//2349 2347//2347
f 2349//2349 2348//2348 2347//2347
f 2345//2345 2349//2349 2346//2346
f 2350//2350 2352//2352 2353//2353
f 2350//2350 2351//2351 2352//2352
f 2356//2356 2354//2354 2358//2358
f 2355//2355 2354//2354 2356//2356
f 2355//2355 2356//2356 2359//2359
f 2359//2359 2356//2356 2357//2357
f 2360//2360 2363//2363 2362//2362
f 2360//2360 2362//2362 2361//2361
f 2364//2364 2365//2365 2366//2366
f 2364//2364 2366//2366 2367//2367
f 2379//2379 2399//2399 2398//2398
f 2379//2379 2400//2400 2399//2399
f 2379//2379 2401//2401 2400//2400
f 2379//2379 2402//2402 2401//2401
f 2379//2379 2403//2403 2402//2402
f 2404//2404 2403//2403 2379//2379
f 2368//2368 2443//2443 2442//2442
f 2368//2368 2444//2444 2443//2443
f 2368//2368 2445//2445 2444//2444
f 2368//2368 2442//2442 2500//2500
f 2369//2369 2445//2445 2368//2368
f 2368//2368 2412//2412 2411//2411
f 2368//2368 2413//2413 2412//2412
f 2368//2368 2414//2414 2413//2413
f 2368//2368 2415//2415 2414//2414
f 2369//2369 2446//2446 2445//2445
f 2369//2369 2447//2447 2446//2446
f 2369//2369 2448//2448 2447//2447
f 2379//2379 2398//2398 2378//2378
f 2437//2437 2505//2505 2438//2438
f 2369//2369 2383//2383 2448//2448
f 2368//2368 2500//2500 2415//2415
f 2448//2448 2383//2383 2449//2449
f 2442//2442 2441//2441 2501//2501
f 2383//2383 2451//2451 2450//2450
f 2437//2437 2506//2506 2505//2505
f 2417//2417 2497//2497 2390//2390
f 2398//2398 2397//2397 2378//2378
f 2439//2439 2504//2504 2503//2503
f 2440//2440 2439//2439 2503//2503
f 2417//2417 2498//2498 2497//2497
f 2440//2440 2503//2503 2502//2502
f 2384//2384 2492//2492 2507//2507
f 2384//2384 2385//2385 2492//2492
f 2384//2384 2506//2506 2437//2437
f 2384//2384 2437//2437 2453//2453
f 2384//2384 2507//2507 2506//2506
f 2441//2441 2440//2440 2502//2502
f 2452//2452 2384//2384 2453//2453
f 2417//2417 2499//2499 2498//2498
f 2441//2441 2502//2502 2501//2501
f 2370//2370 2368//2368 2411//2411
f 2416//2416 2499//2499 2417//2417
f 2451//2451 2384//2384 2452//2452
f 2442//2442 2501//2501 2500//2500
f 2415//2415 2499//2499 2416//2416
f 2415//2415 2500//2500 2499//2499
f 2383//2383 2450//2450 2449//2449
f 2383//2383 2384//2384 2451//2451
f 2370//2370 2408//2408 2407//2407
f 2508//2508 2407//2407 2406//2406
f 2370//2370 2410//2410 2409//2409
f 2435//2435 2371//2371 2436//2436
f 2424//2424 2518//2518 2517//2517
f 2425//2425 2424//2424 2517//2517
f 2434//2434 2371//2371 2435//2435
f 2425//2425 2517//2517 2516//2516
f 2433//2433 2371//2371 2434//2434
f 2426//2426 2425//2425 2516//2516
f 2426//2426 2516//2516 2515//2515
f 2381//2381 2514//2514 2380//2380
f 2381//2381 2427//2427 2426//2426
f 2424//2424 2423//2423 2518//2518
f 2381//2381 2515//2515 2514//2514
f 2381//2381 2429//2429 2428//2428
f 2381//2381 2430//2430 2429//2429
f 2381//2381 2426//2426 2515//2515
f 2382//2382 2371//2371 2433//2433
f 2382//2382 2431//2431 2430//2430
f 2382//2382 2432//2432 2431//2431
f 2382//2382 2433//2433 2432//2432
f 2382//2382 2430//2430 2381//2381
f 2382//2382 2383//2383 2371//2371
f 2371//2371 2383//2383 2369//2369
f 2381//2381 2428//2428 2427//2427
f 2423//2423 2519//2519 2518//2518
f 2436//2436 2370//2370 2418//2418
f 2436//2436 2371//2371 2370//2370
f 2370//2370 2411//2411 2410//2410
f 2510//2510 2509//2509 2404//2404
f 2509//2509 2405//2405 2404//2404
f 2509//2509 2406//2406 2405//2405
f 2510//2510 2404//2404 2379//2379
f 2508//2508 2406//2406 2509//2509
f 2511//2511 2510//2510 2379//2379
f 2511//2511 2379//2379 2380//2380
f 2523//2523 2407//2407 2508//2508
f 2523//2523 2370//2370 2407//2407
f 2512//2512 2511//2511 2380//2380
f 2513//2513 2512//2512 2380//2380
f 2514//2514 2513//2513 2380//2380
f 2421//2421 2420//2420 2523//2523
f 2421//2421 2523//2523 2522//2522
f 2420//2420 2370//2370 2523//2523
f 2421//2421 2522//2522 2521//2521
f 2419//2419 2370//2370 2420//2420
f 2422//2422 2421//2421 2521//2521
f 2418//2418 2370//2370 2419//2419
f 2422//2422 2521//2521 2520//2520
f 2423//2423 2422//2422 2520//2520
f 2423//2423 2520//2520 2519//2519
f 2370//2370 2409//2409 2408//2408
f 2439//2439 2505//2505 2504//2504
f 2454//2454 2534//2534 2455//2455
f 2390//2390 2497//2497 2386//2386
f 2372//2372 2557//2557 2556//2556
f 2372//2372 2558//2558 2557//2557
f 2372//2372 2559//2559 2558//2558
f 2372//2372 2373//2373 2559//2559
f 2388//2388 2552//2552 2551//2551
f 2388//2388 2553//2553 2552//2552
f 2388//2388 2554//2554 2553//2553
f 2388//2388 2555//2555 2554//2554
f 2388//2388 2372//2372 2555//2555
f 2526//2526 2480//2480 2479//2479
f 2527//2527 2526//2526 2479//2479
f 2525//2525 2481//2481 2480//2480
f 2525//2525 2480//2480 2526//2526
f 2527//2527 2479//2479 2374//2374
f 2387//2387 2389//2389 2388//2388
f 2528//2528 2527//2527 2374//2374
f 2524//2524 2482//2482 2481//2481
f 2524//2524 2481//2481 2525//2525
f 2524//2524 2483//2483 2482//2482
f 2541//2541 2483//2483 2524//2524
f 2541//2541 2484//2484 2483//2483
f 2540//2540 2484//2484 2541//2541
f 2540//2540 2388//2388 2551//2551
f 2372//2372 2556//2556 2555//2555
f 2540//2540 2551//2551 2484//2484
f 2551//2551 2550//2550 2484//2484
f 2550//2550 2549//2549 2485//2485
f 2475//2475 2373//2373 2374//2374
f 2476//2476 2475//2475 2374//2374
f 2474//2474 2373//2373 2475//2475
f 2473//2473 2373//2373 2474//2474
f 2477//2477 2476//2476 2374//2374
f 2478//2478 2477//2477 2374//2374
f 2491//2491 2373//2373 2473//2473
f 2479//2479 2478//2478 2374//2374
f 2543//2543 2491//2491 2490//2490
f 2543//2543 2490//2490 2544//2544
f 2545//2545 2490//2490 2489//2489
f 2439//2439 2438//2438 2505//2505
f 2543//2543 2373//2373 2491//2491
f 2542//2542 2373//2373 2543//2543
f 2546//2546 2545//2545 2489//2489
f 2546//2546 2489//2489 2488//2488
f 2559//2559 2373//2373 2542//2542
f 2547//2547 2546//2546 2488//2488
f 2547//2547 2488//2488 2487//2487
f 2548//2548 2547//2547 2487//2487
f 2548//2548 2487//2487 2486//2486
f 2549//2549 2548//2548 2486//2486
f 2549//2549 2486//2486 2485//2485
f 2550//2550 2485//2485 2484//2484
f 2457//2457 2532//2532 2531//2531
f 2545//2545 2544//2544 2490//2490
f 2458//2458 2531//2531 2530//2530
f 2378//2378 2388//2388 2540//2540
f 2378//2378 2387//2387 2388//2388
f 2377//2377 2466//2466 2465//2465
f 2377//2377 2468//2468 2467//2467
f 2377//2377 2469//2469 2468//2468
f 2377//2377 2378//2378 2469//2469
f 2377//2377 2465//2465 2376//2376
f 2493//2493 2385//2385 2494//2494
f 2495//2495 2494//2494 2385//2385
f 2492//2492 2385//2385 2493//2493
f 2496//2496 2495//2495 2385//2385
f 2496//2496 2385//2385 2386//2386
f 2497//2497 2496//2496 2386//2386
f 2394//2394 2393//2393 2386//2386
f 2392//2392 2386//2386 2393//2393
f 2395//2395 2394//2394 2386//2386
f 2391//2391 2386//2386 2392//2392
f 2395//2395 2386//2386 2387//2387
f 2396//2396 2395//2395 2387//2387
f 2397//2397 2387//2387 2378//2378
f 2397//2397 2396//2396 2387//2387
f 2390//2390 2386//2386 2391//2391
f 2456//2456 2532//2532 2457//2457
f 2378//2378 2540//2540 2539//2539
f 2378//2378 2539//2539 2538//2538
f 2377//2377 2467//2467 2466//2466
f 2378//2378 2471//2471 2470//2470
f 2458//2458 2457//2457 2531//2531
f 2456//2456 2533//2533 2532//2532
f 2455//2455 2533//2533 2456//2456
f 2455//2455 2534//2534 2533//2533
f 2454//2454 2535//2535 2534//2534
f 2375//2375 2530//2530 2529//2529
f 2375//2375 2528//2528 2374//2374
f 2378//2378 2538//2538 2537//2537
f 2375//2375 2459//2459 2458//2458
f 2375//2375 2460//2460 2459//2459
f 2375//2375 2529//2529 2528//2528
f 2472//2472 2535//2535 2454//2454
f 2375//2375 2458//2458 2530//2530
f 2461//2461 2460//2460 2375//2375
f 2471//2471 2536//2536 2472//2472
f 2471//2471 2537//2537 2536//2536
f 2376//2376 2461//2461 2375//2375
f 2376//2376 2462//2462 2461//2461
f 2376//2376 2463//2463 2462//2462
f 2464//2464 2463//2463 2376//2376
f 2378//2378 2470//2470 2469//2469
f 2378//2378 2537//2537 2471//2471
f 2465//2465 2464//2464 2376//2376
f 2472//2472 2536//2536 2535//2535
f 2562//2562 2564//2564 2561//2561
f 2562//2562 2563//2563 2564//2564
f 2561//2561 2564//2564 2560//2560
f 2564//2564 2565//2565 2560//2560
f 2571//2571 2568//2568 2570//2570
f 2571//2571 2567//2567 2568//2568
f 2569//2569 2567//2567 2571//2571
f 2570//2570 2568//2568 2566//2566
f 2583//2583 2576//2576 2578//2578
f 2583//2583 2578//2578 2574//2574
f 2578//2578 2579//2579 2574//2574
f 2583//2583 2584//2584 2576//2576
f 2584//2584 2585//2585 2577//2577
f 2580//2580 2572//2572 2575//2575
f 2580//2580 2573//2573 2572//2572
f 2581//2581 2582//2582 2573//2573
f 2576//2576 2584//2584 2577//2577
f 2574//2574 2579//2579 2575//2575
f 2579//2579 2580//2580 2575//2575
f 2580//2580 2581//2581 2573//2573
f 2588//2588 2586//2586 2587//2587
f 2588//2588 2589//2589 2586//2586
f 2591//2591 2590//2590 2593//2593
f 2591//2591 2593//2593 2592//2592
f 2595//2595 2608//2608 2601//2601
f 2595//2595 2594//2594 2606//2606
f 2595//2595 2607//2607 2608//2608
f 2595//2595 2606//2606 2607//2607
f 2601//2601 2608//2608 2609//2609
f 2601//2601 2609//2609 2600//2600
f 2609//2609 2610//2610 2611//2611
f 2597//2597 2596//2596 2603//2603
f 2604//2604 2603//2603 2596//2596
f 2598//2598 2604//2604 2596//2596
f 2602//2602 2603//2603 2604//2604
f 2609//2609 2611//2611 2600//2600
f 2606//2606 2602//2602 2605//2605
f 2594//2594 2602//2602 2606//2606
f 2600//2600 2611//2611 2599//2599
f 2605//2605 2602//2602 2604//2604
f 2614//2614 2615//2615 2612//2612
f 2614//2614 2612//2612 2613//2613
f 2617//2617 2619//2619 2618//2618
f 2617//2617 2616//2616 2619//2619
f 2622//2622 2628//2628 2621//2621
f 2620//2620 2622//2622 2621//2621
f 2622//2622 2629//2629 2628//2628
f 2628//2628 2629//2629 2627//2627
f 2627//2627 2630//2630 2626//2626
f 2623//2623 2631//2631 2624//2624
f 2631//2631 2625//2625 2630//2630
f 2629//2629 2630//2630 2627//2627
f 2626//2626 2630//2630 2625//2625
f 2623//2623 2625//2625 2631//2631
f 2634//2634 2632//2632 2633//2633
f 2634//2634 2635//2635 2632//2632
f 2640//2640 2637//2637 2636//2636
f 2641//2641 2640//2640 2636//2636
f 2639//2639 2638//2638 2640//2640
f 2640//2640 2638//2638 2637//2637
f 2653//2653 2646//2646 2652//2652
f 2653//2653 2645//2645 2646//2646
f 2653//2653 2654//2654 2645//2645
f 2645//2645 2644//2644 2646//2646
f 2646//2646 2655//2655 2652//2652
f 2652//2652 2656//2656 2651//2651
f 2656//2656 2657//2657 2651//2651
f 2651//2651 2657//2657 2650//2650
f 2647//2647 2648//2648 2659//2659
f 2642//2642 2659//2659 2643//2643
f 2659//2659 2648//2648 2643//2643
f 2648//2648 2649//2649 2643//2643
f 2643//2643 2649//2649 2658//2658
f 2658//2658 2649//2649 2657//2657
f 2657//2657 2649//2649 2650//2650
f 2652//2652 2655//2655 2656//2656
f 2661//2661 2660//2660 2662//2662
f 2661//2661 2662//2662 2663//2663
f 2667//2667 2665//2665 2664//2664
f 2667//2667 2664//2664 2666//2666
f 2668//2668 2676//2676 2670//2670
f 2668//2668 2670//2670 2669//2669
f 2675//2675 2673//2673 2670//2670
f 2668//2668 2677//2677 2676//2676
f 2675//2675 2674//2674 2672//2672
f 2675//2675 2672//2672 2673//2673
f 2670//2670 2673//2673 2671//2671
f 2676//2676 2675//2675 2670//2670
f 2687//2687 2681//2681 2686//2686
f 2687//2687 2680//2680 2681//2681
f 2682//2682 2684//2684 2681//2681
f 2684//2684 2686//2686 2681//2681
f 2689//2689 2678//2678 2688//2688
f 2678//2678 2679//2679 2688//2688
f 2680//2680 2688//2688 2679//2679
f 2684//2684 2682//2682 2683//2683
f 2680//2680 2687//2687 2688//2688
f 2684//2684 2683//2683 2685//2685
f 2696//2696 2690//2690 2697//2697
f 2700//2700 2695//2695 2701//2701
f 2700//2700 2694//2694 2695//2695
f 2699//2699 2693//2693 2694//2694
f 2699//2699 2694//2694 2700//2700
f 2698//2698 2692//2692 2699//2699
f 2692//2692 2693//2693 2699//2699
f 2697//2697 2691//2691 2692//2692
f 2697//2697 2692//2692 2698//2698
f 2690//2690 2691//2691 2697//2697
f 2703//2703 2702//2702 2705//2705
f 2705//2705 2702//2702 2704//2704
f 2708//2708 2707//2707 2706//2706
f 2708//2708 2709//2709 2707//2707
f 2711//2711 2710//2710 2713//2713
f 2713//2713 2710//2710 2712//2712
f 2716//2716 2717//2717 2714//2714
f 2717//2717 2715//2715 2714//2714
f 2719//2719 2720//2720 2721//2721
f 2719//2719 2718//2718 2720//2720
f 2724//2724 2726//2726 2725//2725
f 2725//2725 2726//2726 2730//2730
f 2725//2725 2729//2729 2723//2723
f 2725//2725 2730//2730 2729//2729
f 2723//2723 2729//2729 2728//2728
f 2726//2726 2727//2727 2730//2730
f 2730//2730 2727//2727 2731//2731
f 2722//2722 2725//2725 2723//2723
f 2742//2742 2737//2737 2743//2743
f 2742//2742 2736//2736 2737//2737
f 2736//2736 2742//2742 2741//2741
f 2734//2734 2735//2735 2741//2741
f 2736//2736 2741//2741 2735//2735
f 2740//2740 2734//2734 2741//2741
f 2732//2732 2733//2733 2739//2739
f 2738//2738 2732//2732 2739//2739
f 2740//2740 2739//2739 2733//2733
f 2734//2734 2740//2740 2733//2733
f 2747//2747 2745//2745 2744//2744
f 2747//2747 2744//2744 2746//2746
f 2751//2751 2752//2752 2750//2750
f 2752//2752 2748//2748 2750//2750
f 2750//2750 2748//2748 2749//2749
f 2755//2755 2753//2753 2754//2754
f 2755//2755 2756//2756 2753//2753
f 2759//2759 2760//2760 2758//2758
f 2759//2759 2761//2761 2760//2760
f 2758//2758 2760//2760 2757//2757
f 2763//2763 2764//2764 2765//2765
f 2763//2763 2762//2762 2764//2764
f 2776//2776 2773//2773 2777//2777
f 2767//2767 2775//2775 2774//2774
f 2772//2772 2776//2776 2775//2775
f 2766//2766 2772//2772 2775//2775
f 2766//2766 2775//2775 2767//2767
f 2766//2766 2771//2771 2772//2772
f 2770//2770 2768//2768 2773//2773
f 2770//2770 2773//2773 2776//2776
f 2772//2772 2770//2770 2776//2776
f 2769//2769 2768//2768 2770//2770
f 2779//2779 2778//2778 2780//2780
f 2781//2781 2779//2779 2780//2780
f 2783//2783 2784//2784 2785//2785
f 2783//2783 2785//2785 2786//2786
f 2783//2783 2786//2786 2782//2782
f 2790//2790 2787//2787 2789//2789
f 2787//2787 2788//2788 2789//2789
f 2791//2791 2794//2794 2793//2793
f 2791//2791 2793//2793 2792//2792
f 2798//2798 2795//2795 2797//2797
f 2798//2798 2799//2799 2795//2795
f 2795//2795 2796//2796 2797//2797
f 2801//2801 2800//2800 2802//2802
f 2801//2801 2802//2802 2803//2803
f 2807//2807 2811//2811 2804//2804
f 2804//2804 2813//2813 2805//2805
f 2810//2810 2808//2808 2813//2813
f 2810//2810 2809//2809 2808//2808
f 2810//2810 2813//2813 2804//2804
f 2811//2811 2810//2810 2804//2804
f 2807//2807 2812//2812 2811//2811
f 2807//2807 2804//2804 2806//2806
f 2821//2821 2815//2815 2818//2818
f 2815//2815 2816//2816 2818//2818
f 2819//2819 2817//2817 2822//2822
f 2816//2816 2817//2817 2819//2819
f 2818//2818 2816//2816 2819//2819
f 2814//2814 2815//2815 2821//2821
f 2820//2820 2814//2814 2821//2821
f 2824//2824 2825//2825 2826//2826
f 2824//2824 2823//2823 2825//2825
f 2830//2830 2827//2827 2829//2829
f 2830//2830 2828//2828 2827//2827
f 2833//2833 2831//2831 2834//2834
f 2833//2833 2832//2832 2831//2831
f 2834//2834 2831//2831 2835//2835
f 2837//2837 2838//2838 2836//2836
f 2838//2838 2839//2839 2836//2836
f 2836//2836 2839//2839 2840//2840
f 2844//2844 2842//2842 2843//2843
f 2844//2844 2841//2841 2842//2842
f 2847//2847 2846//2846 2845//2845
f 2847//2847 2845//2845 2848//2848
f 2849//2849 2852//2852 2850//2850
f 2850//2850 2852//2852 2851//2851
f 2853//2853 2855//2855 2856//2856
f 2853//2853 2854//2854 2855//2855
f 2857//2857 2863//2863 2858//2858
f 2858//2858 2866//2866 2865//2865
f 2861//2861 2860//2860 2862//2862
f 2863//2863 2862//2862 2867//2867
f 2863//2863 2866//2866 2858//2858
f 2863//2863 2867//2867 2866//2866
f 2862//2862 2860//2860 2867//2867
f 2860//2860 2859//2859 2867//2867
f 2867//2867 2859//2859 2868//2868
f 2857//2857 2864//2864 2863//2863
f 2870//2870 2871//2871 2872//2872
f 2870//2870 2872//2872 2869//2869
f 2874//2874 2873//2873 2876//2876
f 2874//2874 2876//2876 2875//2875
f 2877//2877 2879//2879 2878//2878
f 2877//2877 2880//2880 2879//2879
f 2883//2883 2887//2887 2890//2890
f 2884//2884 2887//2887 2883//2883
f 2883//2883 2889//2889 2881//2881
f 2882//2882 2883//2883 2881//2881
f 2881//2881 2889//2889 2888//2888
f 2887//2887 2886//2886 2890//2890
f 2890//2890 2886//2886 2885//2885
f 2883//2883 2890//2890 2889//2889
f 2892//2892 2891//2891 2894//2894
f 2892//2892 2894//2894 2893//2893
f 2896//2896 2899//2899 2895//2895
f 2898//2898 2896//2896 2897//2897
f 2898//2898 2899//2899 2896//2896
f 2901//2901 2903//2903 2900//2900
f 2902//2902 2903//2903 2901//2901
f 2905//2905 2908//2908 2904//2904
f 2908//2908 2907//2907 2904//2904
f 2904//2904 2907//2907 2906//2906
f 2910//2910 2912//2912 2911//2911
f 2910//2910 2911//2911 2909//2909
f 2914//2914 2913//2913 2916//2916
f 2914//2914 2916//2916 2915//2915
f 2917//2917 2918//2918 2919//2919
f 2921//2921 2919//2919 2920//2920
f 2921//2921 2917//2917 2919//2919
f 2925//2925 2922//2922 2923//2923
f 2925//2925 2923//2923 2924//2924
f 2929//2929 2927//2927 2930//2930
f 2929//2929 2926//2926 2927//2927
f 2929//2929 2930//2930 2928//2928
f 2932//2932 2934//2934 2931//2931
f 2934//2934 2933//2933 2931//2931
f 2938//2938 2937//2937 2935//2935
f 2936//2936 2938//2938 2935//2935
f 2939//2939 2942//2942 2940//2940
f 2941//2941 2942//2942 2939//2939
f 2946//2946 2945//2945 2944//2944
f 2946//2946 2944//2944 2943//2943
f 2950//2950 2949//2949 2948//2948
f 2950//2950 2948//2948 2947//2947
f 2954//2954 2953//2953 2952//2952
f 2954//2954 2952//2952 2951//2951
f 2958//2958 2957//2957 2956//2956
f 2958//2958 2956//2956 2955//2955
f 2962//2962 2961//2961 2960//2960
f 2962//2962 2960//2960 2959//2959
f 2966//2966 2965//2965 2964//2964
f 2963//2963 2966//2966 2964//2964
f 2968//2968 2967//2967 2966//2966
f 2968//2968 2966//2966 2963//2963
f 2972//2972 2970//2970 2969//2969
f 2972//2972 2971//2971 2970//2970
f 2976//2976 2975//2975 2974//2974
f 2976//2976 2974//2974 2973//2973
f 2980//2980 2978//2978 2977//2977
f 2980//2980 2979//2979 2978//2978
f 2984//2984 2983//2983 2982//2982
f 2984//2984 2982//2982 2981//2981
f 2985//2985 2987//2987 2986//2986
f 2988//2988 2987//2987 2985//2985
f 2993//2993 2991//2991 2990//2990
f 2993//2993 2990//2990 2989//2989
f 2994//2994 2993//2993 2989//2989
f 2992//2992 2991//2991 2993//2993
f 2998//2998 2997//2997 2996//2996
f 2998//2998 2996//2996 2995//2995
f 3050//3050 3004//3004 3005//3005
f 3050//3050 3051//3051 3004//3004
f 3051//3051 3003//3003 3004//3004
f 3051//3051 3052//3052 3003//3003
f 3052//3052 3002//3002 3003//3003
f 3055//3055 3027//3027 3000//3000
f 3053//3053 3001//3001 3002//3002
f 3053//3053 3054//3054 3001//3001
f 3054//3054 3055//3055 3000//3000
f 3049//3049 3005//3005 3006//3006
f 3052//3052 3053//3053 3002//3002
f 3049//3049 3050//3050 3005//3005
f 3054//3054 3000//3000 3001//3001
f 3048//3048 3006//3006 3007//3007
f 3047//3047 3048//3048 3007//3007
f 3047//3047 3007//3007 3008//3008
f 3046//3046 3047//3047 3008//3008
f 3045//3045 3046//3046 3008//3008
f 3045//3045 3008//3008 3009//3009
f 3044//3044 3045//3045 3009//3009
f 3044//3044 3009//3009 3010//3010
f 3044//3044 3010//3010 3011//3011
f 3043//3043 3044//3044 3011//3011
f 3042//3042 3043//3043 3011//3011
f 3042//3042 3011//3011 3012//3012
f 3027//3027 3028//3028 2999//2999
f 3048//3048 3049//3049 3006//3006
f 3028//3028 3026//3026 2999//2999
f 3027//3027 2999//2999 3000//3000
f 3029//3029 3025//3025 3026//3026
f 3041//3041 3042//3042 3012//3012
f 3041//3041 3012//3012 3013//3013
f 3040//3040 3041//3041 3013//3013
f 3040//3040 3013//3013 3014//3014
f 3039//3039 3040//3040 3014//3014
f 3039//3039 3014//3014 3015//3015
f 3038//3038 3039//3039 3015//3015
f 3037//3037 3038//3038 3016//3016
f 3037//3037 3016//3016 3017//3017
f 3036//3036 3037//3037 3017//3017
f 3036//3036 3017//3017 3018//3018
f 3035//3035 3036//3036 3018//3018
f 3035//3035 3018//3018 3019//3019
f 3038//3038 3015//3015 3016//3016
f 3034//3034 3035//3035 3019//3019
f 3034//3034 3019//3019 3020//3020
f 3029//3029 3024//3024 3025//3025
f 3029//3029 3030//3030 3024//3024
f 3030//3030 3031//3031 3023//3023
f 3030//3030 3023//3023 3024//3024
f 3031//3031 3032//3032 3022//3022
f 3028//3028 3029//3029 3026//3026
f 3032//3032 3021//3021 3022//3022
f 3032//3032 3033//3033 3021//3021
f 3033//3033 3034//3034 3020//3020
f 3033//3033 3020//3020 3021//3021
f 3031//3031 3022//3022 3023//3023
f 3063//3063 3060//3060 3059//3059
f 3063//3063 3062//3062 3060//3060
f 3071//3071 3073//3073 3072//3072
f 3070//3070 3073//3073 3071//3071
f 3069//3069 3073//3073 3070//3070
f 3069//3069 3074//3074 3073//3073
f 3066//3066 3059//3059 3074//3074
f 3066//3066 3065//3065 3064//3064
f 3066//3066 3063//3063 3059//3059
f 3067//3067 3069//3069 3068//3068
f 3067//3067 3074//3074 3069//3069
f 3066//3066 3064//3064 3063//3063
f 3062//3062 3061//3061 3060//3060
f 3067//3067 3066//3066 3074//3074
f 3074//3074 3077//3077 3075//3075
f 3074//3074 3059//3059 3057//3057
f 3056//3056 3084//3084 3083//3083
f 3077//3077 3079//3079 3078//3078
f 3077//3077 3081//3081 3080//3080
f 3057//3057 3083//3083 3082//3082
f 3077//3077 3080//3080 3079//3079
f 3057//3057 3056//3056 3083//3083
f 3075//3075 3077//3077 3076//3076
f 3059//3059 3058//3058 3057//3057
f 3074//3074 3057//3057 3081//3081
f 3074//3074 3081//3081 3077//3077
f 3057//3057 3082//3082 3081//3081
f 3107//3107 3099//3099 3100//3100
f 3105//3105 3102//3102 3104//3104
f 3105//3105 3101//3101 3102//3102
f 3106//3106 3101//3101 3105//3105
f 3106//3106 3100//3100 3101//3101
f 3107//3107 3100//3100 3106//3106
f 3108//3108 3099//3099 3107//3107
f 3110//3110 3095//3095 3096//3096
f 3109//3109 3098//3098 3108//3108
f 3109//3109 3097//3097 3098//3098
f 3110//3110 3097//3097 3109//3109
f 3110//3110 3096//3096 3097//3097
f 3103//3103 3102//3102 3085//3085
f 3111//3111 3095//3095 3110//3110
f 3111//3111 3094//3094 3095//3095
f 3112//3112 3094//3094 3111//3111
f 3108//3108 3098//3098 3099//3099
f 3103//3103 3085//3085 3121//3121
f 3104//3104 3102//3102 3103//3103
f 3121//3121 3086//3086 3120//3120
f 3121//3121 3085//3085 3086//3086
f 3112//3112 3093//3093 3094//3094
f 3113//3113 3093//3093 3112//3112
f 3114//3114 3093//3093 3113//3113
f 3114//3114 3092//3092 3093//3093
f 3115//3115 3091//3091 3092//3092
f 3116//3116 3091//3091 3115//3115
f 3116//3116 3090//3090 3091//3091
f 3115//3115 3092//3092 3114//3114
f 3117//3117 3089//3089 3090//3090
f 3118//3118 3089//3089 3117//3117
f 3118//3118 3088//3088 3089//3089
f 3119//3119 3088//3088 3118//3118
f 3119//3119 3087//3087 3088//3088
f 3120//3120 3087//3087 3119//3119
f 3120//3120 3086//3086 3087//3087
f 3117//3117 3090//3090 3116//3116
f 3144//3144 3137//3137 3143//3143
f 3141//3141 3139//3139 3140//3140
f 3142//3142 3139//3139 3141//3141
f 3142//3142 3138//3138 3139//3139
f 3143//3143 3138//3138 3142//3142
f 3143//3143 3137//3137 3138//3138
f 3148//3148 3131//3131 3132//3132
f 3141//3141 3140//3140 3157//3157
f 3145//3145 3135//3135 3144//3144
f 3145//3145 3134//3134 3135//3135
f 3146//3146 3134//3134 3145//3145
f 3146//3146 3133//3133 3134//3134
f 3147//3147 3133//3133 3146//3146
f 3147//3147 3132//3132 3133//3133
f 3148//3148 3132//3132 3147//3147
f 3144//3144 3135//3135 3136//3136
f 3157//3157 3140//3140 3122//3122
f 3144//3144 3136//3136 3137//3137
f 3156//3156 3122//3122 3123//3123
f 3157//3157 3122//3122 3156//3156
f 3149//3149 3131//3131 3148//3148
f 3149//3149 3130//3130 3131//3131
f 3150//3150 3130//3130 3149//3149
f 3150//3150 3129//3129 3130//3130
f 3151//3151 3128//3128 3129//3129
f 3151//3151 3127//3127 3128//3128
f 3152//3152 3127//3127 3151//3151
f 3151//3151 3129//3129 3150//3150
f 3153//3153 3126//3126 3127//3127
f 3153//3153 3125//3125 3126//3126
f 3154//3154 3125//3125 3153//3153
f 3154//3154 3124//3124 3125//3125
f 3155//3155 3124//3124 3154//3154
f 3155//3155 3123//3123 3124//3124
f 3156//3156 3123//3123 3155//3155
f 3153//3153 3127//3127 3152//3152
f 3182//3182 3172//3172 3173//3173
f 3179//3179 3175//3175 3176//3176
f 3180//3180 3175//3175 3179//3179
f 3180//3180 3174//3174 3175//3175
f 3181//3181 3174//3174 3180//3180
f 3181//3181 3173//3173 3174//3174
f 3182//3182 3173//3173 3181//3181
f 3183//3183 3172//3172 3182//3182
f 3187//3187 3168//3168 3186//3186
f 3184//3184 3170//3170 3171//3171
f 3184//3184 3171//3171 3183//3183
f 3184//3184 3169//3169 3170//3170
f 3185//3185 3169//3169 3184//3184
f 3186//3186 3169//3169 3185//3185
f 3186//3186 3168//3168 3169//3169
f 3187//3187 3167//3167 3168//3168
f 3179//3179 3176//3176 3178//3178
f 3183//3183 3171//3171 3172//3172
f 3178//3178 3158//3158 3177//3177
f 3178//3178 3176//3176 3158//3158
f 3177//3177 3158//3158 3159//3159
f 3188//3188 3167//3167 3187//3187
f 3188//3188 3165//3165 3166//3166
f 3189//3189 3165//3165 3188//3188
f 3189//3189 3164//3164 3165//3165
f 3190//3190 3164//3164 3189//3189
f 3190//3190 3163//3163 3164//3164
f 3191//3191 3163//3163 3190//3190
f 3191//3191 3162//3162 3163//3163
f 3188//3188 3166//3166 3167//3167
f 3192//3192 3161//3161 3162//3162
f 3193//3193 3161//3161 3192//3192
f 3193//3193 3160//3160 3161//3161
f 3194//3194 3160//3160 3193//3193
f 3194//3194 3159//3159 3160//3160
f 3195//3195 3159//3159 3194//3194
f 3177//3177 3159//3159 3195//3195
f 3192//3192 3162//3162 3191//3191
f 3216//3216 3213//3213 3215//3215
f 3216//3216 3212//3212 3213//3213
f 3217//3217 3212//3212 3216//3216
f 3217//3217 3211//3211 3212//3212
f 3218//3218 3211//3211 3217//3217
f 3218//3218 3210//3210 3211//3211
f 3219//3219 3210//3210 3218//3218
f 3219//3219 3209//3209 3210//3210
f 3221//3221 3208//3208 3220//3220
f 3220//3220 3209//3209 3219//3219
f 3220//3220 3208//3208 3209//3209
f 3221//3221 3207//3207 3208//3208
f 3222//3222 3207//3207 3221//3221
f 3223//3223 3207//3207 3222//3222
f 3223//3223 3206//3206 3207//3207
f 3215//3215 3213//3213 3214//3214
f 3224//3224 3206//3206 3223//3223
f 3214//3214 3213//3213 3196//3196
f 3228//3228 3202//3202 3227//3227
f 3214//3214 3196//3196 3197//3197
f 3214//3214 3197//3197 3232//3232
f 3225//3225 3205//3205 3224//3224
f 3225//3225 3204//3204 3205//3205
f 3226//3226 3204//3204 3225//3225
f 3226//3226 3203//3203 3204//3204
f 3227//3227 3203//3203 3226//3226
f 3227//3227 3202//3202 3203//3203
f 3228//3228 3201//3201 3202//3202
f 3224//3224 3205//3205 3206//3206
f 3229//3229 3200//3200 3201//3201
f 3230//3230 3200//3200 3229//3229
f 3230//3230 3199//3199 3200//3200
f 3231//3231 3199//3199 3230//3230
f 3231//3231 3198//3198 3199//3199
f 3232//3232 3198//3198 3231//3231
f 3229//3229 3201//3201 3228//3228
f 3232//3232 3197//3197 3198//3198
f 3235//3235 3264//3264 3234//3234
f 3235//3235 3263//3263 3264//3264
f 3235//3235 3262//3262 3263//3263
f 3236//3236 3262//3262 3235//3235
f 3236//3236 3261//3261 3262//3262
f 3237//3237 3261//3261 3236//3236
f 3239//3239 3259//3259 3238//3238
f 3238//3238 3261//3261 3237//3237
f 3238//3238 3259//3259 3260//3260
f 3239//3239 3258//3258 3259//3259
f 3240//3240 3258//3258 3239//3239
f 3240//3240 3257//3257 3258//3258
f 3241//3241 3257//3257 3240//3240
f 3234//3234 3264//3264 3233//3233
f 3238//3238 3260//3260 3261//3261
f 3233//3233 3264//3264 3249//3249
f 3245//3245 3253//3253 3244//3244
f 3248//3248 3249//3249 3250//3250
f 3242//3242 3257//3257 3241//3241
f 3242//3242 3256//3256 3257//3257
f 3243//3243 3256//3256 3242//3242
f 3243//3243 3255//3255 3256//3256
f 3243//3243 3254//3254 3255//3255
f 3233//3233 3249//3249 3248//3248
f 3244//3244 3254//3254 3243//3243
f 3245//3245 3252//3252 3253//3253
f 3246//3246 3252//3252 3245//3245
f 3246//3246 3251//3251 3252//3252
f 3246//3246 3250//3250 3251//3251
f 3247//3247 3250//3250 3246//3246
f 3248//3248 3250//3250 3247//3247
f 3244//3244 3253//3253 3254//3254
f 3271//3271 3267//3267 3266//3266
f 3271//3271 3268//3268 3267//3267
f 3272//3272 3277//3277 3275//3275
f 3271//3271 3270//3270 3269//3269
f 3271//3271 3266//3266 3272//3272
f 3271//3271 3269//3269 3268//3268
f 3272//3272 3278//3278 3277//3277
f 3272//3272 3279//3279 3278//3278
f 3272//3272 3266//3266 3279//3279
f 3272//3272 3275//3275 3273//3273
f 3273//3273 3275//3275 3274//3274
f 3275//3275 3277//3277 3276//3276
f 3266//3266 3280//3280 3279//3279
f 3266//3266 3265//3265 3280//3280
f 3282//3282 3311//3311 3298//3298
f 3282//3282 3310//3310 3311//3311
f 3283//3283 3310//3310 3282//3282
f 3283//3283 3309//3309 3310//3310
f 3284//3284 3309//3309 3283//3283
f 3284//3284 3308//3308 3309//3309
f 3286//3286 3306//3306 3307//3307
f 3285//3285 3308//3308 3284//3284
f 3282//3282 3298//3298 3281//3281
f 3286//3286 3307//3307 3285//3285
f 3286//3286 3305//3305 3306//3306
f 3287//3287 3305//3305 3286//3286
f 3287//3287 3297//3297 3305//3305
f 3285//3285 3307//3307 3308//3308
f 3281//3281 3298//3298 3296//3296
f 3296//3296 3298//3298 3299//3299
f 3296//3296 3299//3299 3300//3300
f 3288//3288 3297//3297 3287//3287
f 3288//3288 3304//3304 3297//3297
f 3289//3289 3304//3304 3288//3288
f 3289//3289 3303//3303 3304//3304
f 3291//3291 3303//3303 3290//3290
f 3291//3291 3302//3302 3303//3303
f 3290//3290 3303//3303 3289//3289
f 3292//3292 3301//3301 3302//3302
f 3293//3293 3301//3301 3292//3292
f 3294//3294 3301//3301 3293//3293
f 3294//3294 3300//3300 3301//3301
f 3295//3295 3300//3300 3294//3294
f 3296//3296 3300//3300 3295//3295
f 3292//3292 3302//3302 3291//3291
f 3318//3318 3326//3326 3324//3324
f 3318//3318 3320//3320 3319//3319
f 3318//3318 3321//3321 3320//3320
f 3318//3318 3317//3317 3326//3326
f 3318//3318 3322//3322 3321//3321
f 3319//3319 3320//3320 3312//3312
f 3318//3318 3324//3324 3322//3322
f 3317//3317 3316//3316 3315//3315
f 3324//3324 3326//3326 3325//3325
f 3322//3322 3324//3324 3323//3323
f 3317//3317 3313//3313 3326//3326
f 3317//3317 3315//3315 3313//3313
f 3315//3315 3314//3314 3313//3313
f 3336//3336 3345//3345 3335//3335
f 3328//3328 3360//3360 3361//3361
f 3329//3329 3360//3360 3328//3328
f 3329//3329 3359//3359 3360//3360
f 3330//3330 3359//3359 3329//3329
f 3330//3330 3358//3358 3359//3359
f 3331//3331 3358//3358 3330//3330
f 3332//3332 3357//3357 3358//3358
f 3332//3332 3358//3358 3331//3331
f 3328//3328 3361//3361 3362//3362
f 3334//3334 3356//3356 3333//3333
f 3334//3334 3355//3355 3356//3356
f 3335//3335 3355//3355 3334//3334
f 3335//3335 3354//3354 3355//3355
f 3335//3335 3345//3345 3354//3354
f 3333//3333 3357//3357 3332//3332
f 3333//3333 3356//3356 3357//3357
f 3328//3328 3362//3362 3327//3327
f 3344//3344 3362//3362 3346//3346
f 3337//3337 3345//3345 3336//3336
f 3337//3337 3353//3353 3345//3345
f 3338//3338 3353//3353 3337//3337
f 3338//3338 3352//3352 3353//3353
f 3327//3327 3362//3362 3344//3344
f 3339//3339 3351//3351 3338//3338
f 3339//3339 3350//3350 3351//3351
f 3340//3340 3350//3350 3339//3339
f 3338//3338 3351//3351 3352//3352
f 3341//3341 3349//3349 3340//3340
f 3341//3341 3348//3348 3349//3349
f 3342//3342 3348//3348 3341//3341
f 3342//3342 3347//3347 3348//3348
f 3343//3343 3347//3347 3342//3342
f 3343//3343 3346//3346 3347//3347
f 3344//3344 3346//3346 3343//3343
f 3340//3340 3349//3349 3350//3350
f 3368//3368 3366//3366 3365//3365
f 3369//3369 3368//3368 3371//3371
f 3369//3369 3371//3371 3370//3370
f 3368//3368 3372//3372 3363//3363
f 3368//3368 3363//3363 3371//3371
f 3368//3368 3373//3373 3372//3372
f 3368//3368 3374//3374 3373//3373
f 3368//3368 3367//3367 3366//3366
f 3368//3368 3377//3377 3374//3374
f 3365//3365 3379//3379 3378//3378
f 3365//3365 3364//3364 3380//3380
f 3365//3365 3380//3380 3379//3379
f 3368//3368 3365//3365 3377//3377
f 3365//3365 3378//3378 3377//3377
f 3374//3374 3377//3377 3376//3376
f 3374//3374 3376//3376 3375//3375
f 3382//3382 3414//3414 3381//3381
f 3383//3383 3414//3414 3382//3382
f 3383//3383 3413//3413 3414//3414
f 3384//3384 3413//3413 3383//3383
f 3384//3384 3412//3412 3413//3413
f 3385//3385 3412//3412 3384//3384
f 3385//3385 3411//3411 3412//3412
f 3387//3387 3409//3409 3410//3410
f 3387//3387 3410//3410 3411//3411
f 3387//3387 3411//3411 3386//3386
f 3381//3381 3414//3414 3400//3400
f 3388//3388 3409//3409 3387//3387
f 3389//3389 3409//3409 3388//3388
f 3389//3389 3399//3399 3409//3409
f 3390//3390 3399//3399 3389//3389
f 3386//3386 3411//3411 3385//3385
f 3381//3381 3400//3400 3398//3398
f 3398//3398 3401//3401 3397//3397
f 3393//3393 3406//3406 3392//3392
f 3390//3390 3408//3408 3399//3399
f 3391//3391 3408//3408 3390//3390
f 3392//3392 3408//3408 3391//3391
f 3392//3392 3407//3407 3408//3408
f 3392//3392 3406//3406 3407//3407
f 3398//3398 3400//3400 3401//3401
f 3393//3393 3405//3405 3406//3406
f 3394//3394 3405//3405 3393//3393
f 3394//3394 3404//3404 3405//3405
f 3395//3395 3404//3404 3394//3394
f 3395//3395 3403//3403 3404//3404
f 3396//3396 3403//3403 3395//3395
f 3396//3396 3402//3402 3403//3403
f 3397//3397 3402//3402 3396//3396
f 3397//3397 3401//3401 3402//3402
f 3423//3423 3425//3425 3415//3415
f 3423//3423 3418//3418 3417//3417
f 3423//3423 3428//3428 3426//3426
f 3423//3423 3422//3422 3418//3418
f 3423//3423 3415//3415 3424//3424
f 3423//3423 3417//3417 3428//3428
f 3423//3423 3426//3426 3425//3425
f 3422//3422 3419//3419 3418//3418
f 3422//3422 3420//3420 3419//3419
f 3426//3426 3428//3428 3427//3427
f 3417//3417 3416//3416 3430//3430
f 3417//3417 3429//3429 3428//3428
f 3417//3417 3430//3430 3429//3429
f 3422//3422 3421//3421 3420//3420
f 3466//3466 3514//3514 3465//3465
f 3466//3466 3513//3513 3514//3514
f 3465//3465 3514//3514 3515//3515
f 3465//3465 3515//3515 3516//3516
f 3465//3465 3516//3516 3464//3464
f 3464//3464 3516//3516 3517//3517
f 3464//3464 3517//3517 3463//3463
f 3463//3463 3517//3517 3518//3518
f 3463//3463 3518//3518 3462//3462
f 3461//3461 3519//3519 3520//3520
f 3462//3462 3519//3519 3461//3461
f 3467//3467 3513//3513 3466//3466
f 3461//3461 3520//3520 3432//3432
f 3432//3432 3520//3520 3521//3521
f 3432//3432 3521//3521 3460//3460
f 3460//3460 3521//3521 3522//3522
f 3460//3460 3522//3522 3459//3459
f 3459//3459 3522//3522 3523//3523
f 3459//3459 3523//3523 3458//3458
f 3458//3458 3524//3524 3457//3457
f 3462//3462 3518//3518 3519//3519
f 3468//3468 3512//3512 3513//3513
f 3469//3469 3510//3510 3511//3511
f 3468//3468 3511//3511 3512//3512
f 3458//3458 3523//3523 3524//3524
f 3433//3433 3478//3478 3477//3477
f 3477//3477 3502//3502 3476//3476
f 3477//3477 3478//3478 3502//3502
f 3476//3476 3502//3502 3503//3503
f 3476//3476 3503//3503 3475//3475
f 3475//3475 3503//3503 3504//3504
f 3475//3475 3504//3504 3474//3474
f 3474//3474 3504//3504 3505//3505
f 3474//3474 3505//3505 3506//3506
f 3474//3474 3506//3506 3431//3431
f 3431//3431 3506//3506 3473//3473
f 3473//3473 3507//3507 3472//3472
f 3473//3473 3506//3506 3507//3507
f 3472//3472 3507//3507 3508//3508
f 3472//3472 3508//3508 3471//3471
f 3471//3471 3508//3508 3509//3509
f 3471//3471 3509//3509 3470//3470
f 3470//3470 3510//3510 3469//3469
f 3470//3470 3509//3509 3510//3510
f 3469//3469 3511//3511 3468//3468
f 3468//3468 3513//3513 3467//3467
f 3457//3457 3524//3524 3479//3479
f 3453//3453 3482//3482 3452//3452
f 3456//3456 3479//3479 3455//3455
f 3443//3443 3492//3492 3442//3442
f 3442//3442 3492//3492 3493//3493
f 3442//3442 3493//3493 3441//3441
f 3441//3441 3493//3493 3494//3494
f 3441//3441 3494//3494 3440//3440
f 3440//3440 3494//3494 3495//3495
f 3440//3440 3495//3495 3439//3439
f 3439//3439 3495//3495 3496//3496
f 3439//3439 3496//3496 3497//3497
f 3439//3439 3497//3497 3438//3438
f 3438//3438 3497//3497 3498//3498
f 3438//3438 3498//3498 3437//3437
f 3437//3437 3498//3498 3499//3499
f 3437//3437 3499//3499 3436//3436
f 3436//3436 3499//3499 3500//3500
f 3436//3436 3500//3500 3435//3435
f 3435//3435 3500//3500 3434//3434
f 3434//3434 3500//3500 3501//3501
f 3434//3434 3501//3501 3433//3433
f 3433//3433 3501//3501 3478//3478
f 3457//3457 3479//3479 3456//3456
f 3443//3443 3491//3491 3492//3492
f 3444//3444 3490//3490 3491//3491
f 3447//3447 3489//3489 3446//3446
f 3445//3445 3490//3490 3444//3444
f 3455//3455 3479//3479 3480//3480
f 3455//3455 3480//3480 3454//3454
f 3454//3454 3480//3480 3481//3481
f 3454//3454 3481//3481 3453//3453
f 3453//3453 3481//3481 3482//3482
f 3452//3452 3482//3482 3483//3483
f 3452//3452 3483//3483 3484//3484
f 3452//3452 3484//3484 3451//3451
f 3451//3451 3484//3484 3450//3450
f 3450//3450 3484//3484 3485//3485
f 3444//3444 3491//3491 3443//3443
f 3449//3449 3485//3485 3486//3486
f 3447//3447 3488//3488 3489//3489
f 3450//3450 3485//3485 3449//3449
f 3448//3448 3487//3487 3488//3488
f 3446//3446 3489//3489 3445//3445
f 3448//3448 3488//3488 3447//3447
f 3448//3448 3486//3486 3487//3487
f 3449//3449 3486//3486 3448//3448
f 3445//3445 3489//3489 3490//3490
f 3551//3551 3612//3612 3552//3552
f 3536//3536 3584//3584 3583//3583
f 3549//3549 3615//3615 3550//3550
f 3550//3550 3615//3615 3614//3614
f 3536//3536 3535//3535 3585//3585
f 3536//3536 3585//3585 3584//3584
f 3550//3550 3613//3613 3551//3551
f 3550//3550 3614//3614 3613//3613
f 3537//3537 3536//3536 3583//3583
f 3535//3535 3586//3586 3585//3585
f 3535//3535 3534//3534 3586//3586
f 3525//3525 3572//3572 3615//3615
f 3552//3552 3612//3612 3611//3611
f 3552//3552 3611//3611 3553//3553
f 3534//3534 3533//3533 3586//3586
f 3586//3586 3533//3533 3587//3587
f 3553//3553 3611//3611 3610//3610
f 3533//3533 3532//3532 3588//3588
f 3533//3533 3588//3588 3587//3587
f 3551//3551 3613//3613 3612//3612
f 3525//3525 3615//3615 3549//3549
f 3548//3548 3573//3573 3572//3572
f 3538//3538 3583//3583 3582//3582
f 3544//3544 3543//3543 3578//3578
f 3544//3544 3578//3578 3577//3577
f 3543//3543 3579//3579 3578//3578
f 3543//3543 3542//3542 3579//3579
f 3544//3544 3577//3577 3545//3545
f 3545//3545 3577//3577 3576//3576
f 3542//3542 3580//3580 3579//3579
f 3542//3542 3541//3541 3580//3580
f 3545//3545 3576//3576 3546//3546
f 3538//3538 3537//3537 3583//3583
f 3541//3541 3540//3540 3580//3580
f 3546//3546 3576//3576 3575//3575
f 3546//3546 3575//3575 3547//3547
f 3553//3553 3610//3610 3554//3554
f 3547//3547 3575//3575 3574//3574
f 3539//3539 3582//3582 3581//3581
f 3547//3547 3574//3574 3573//3573
f 3547//3547 3573//3573 3548//3548
f 3539//3539 3538//3538 3582//3582
f 3548//3548 3572//3572 3525//3525
f 3540//3540 3581//3581 3580//3580
f 3540//3540 3539//3539 3581//3581
f 3554//3554 3609//3609 3555//3555
f 3588//3588 3532//3532 3589//3589
f 3595//3595 3571//3571 3570//3570
f 3595//3595 3570//3570 3596//3596
f 3604//3604 3603//3603 3562//3562
f 3604//3604 3562//3562 3561//3561
f 3603//3603 3563//3563 3562//3562
f 3596//3596 3570//3570 3569//3569
f 3596//3596 3569//3569 3597//3597
f 3603//3603 3602//3602 3563//3563
f 3554//3554 3610//3610 3609//3609
f 3597//3597 3569//3569 3568//3568
f 3602//3602 3564//3564 3563//3563
f 3602//3602 3601//3601 3564//3564
f 3601//3601 3565//3565 3564//3564
f 3601//3601 3600//3600 3565//3565
f 3598//3598 3567//3567 3599//3599
f 3598//3598 3568//3568 3567//3567
f 3599//3599 3567//3567 3566//3566
f 3600//3600 3599//3599 3566//3566
f 3600//3600 3566//3566 3565//3565
f 3595//3595 3526//3526 3571//3571
f 3594//3594 3526//3526 3595//3595
f 3597//3597 3568//3568 3598//3598
f 3605//3605 3604//3604 3561//3561
f 3605//3605 3561//3561 3560//3560
f 3532//3532 3531//3531 3589//3589
f 3589//3589 3530//3530 3590//3590
f 3589//3589 3531//3531 3530//3530
f 3609//3609 3556//3556 3555//3555
f 3609//3609 3608//3608 3557//3557
f 3609//3609 3557//3557 3556//3556
f 3590//3590 3529//3529 3591//3591
f 3590//3590 3530//3530 3529//3529
f 3591//3591 3528//3528 3592//3592
f 3608//3608 3607//3607 3558//3558
f 3608//3608 3558//3558 3557//3557
f 3591//3591 3529//3529 3528//3528
f 3606//3606 3605//3605 3560//3560
f 3593//3593 3527//3527 3526//3526
f 3593//3593 3526//3526 3594//3594
f 3606//3606 3560//3560 3559//3559
f 3592//3592 3527//3527 3593//3593
f 3606//3606 3559//3559 3558//3558
f 3607//3607 3606//3606 3558//3558
f 3592//3592 3528//3528 3527//3527
f 3694//3694 3626//3626 3627//3627
f 3699//3699 3622//3622 3623//3623
f 3695//3695 3696//3696 3626//3626
f 3696//3696 3625//3625 3626//3626
f 3696//3696 3624//3624 3625//3625
f 3697//3697 3698//3698 3624//3624
f 3698//3698 3699//3699 3623//3623
f 3698//3698 3623//3623 3624//3624
f 3699//3699 3700//3700 3622//3622
f 3702//3702 3703//3703 3619//3619
f 3700//3700 3621//3621 3622//3622
f 3701//3701 3702//3702 3620//3620
f 3701//3701 3620//3620 3621//3621
f 3702//3702 3619//3619 3620//3620
f 3703//3703 3704//3704 3618//3618
f 3703//3703 3618//3618 3619//3619
f 3704//3704 3617//3617 3618//3618
f 3704//3704 3661//3661 3617//3617
f 3661//3661 3616//3616 3617//3617
f 3700//3700 3701//3701 3621//3621
f 3694//3694 3695//3695 3626//3626
f 3693//3693 3694//3694 3627//3627
f 3692//3692 3628//3628 3629//3629
f 3661//3661 3662//3662 3616//3616
f 3660//3660 3637//3637 3638//3638
f 3660//3660 3685//3685 3637//3637
f 3685//3685 3636//3636 3637//3637
f 3685//3685 3686//3686 3636//3636
f 3686//3686 3635//3635 3636//3636
f 3686//3686 3687//3687 3635//3635
f 3687//3687 3634//3634 3635//3635
f 3687//3687 3633//3633 3634//3634
f 3687//3687 3688//3688 3633//3633
f 3688//3688 3689//3689 3633//3633
f 3689//3689 3632//3632 3633//3633
f 3689//3689 3690//3690 3632//3632
f 3690//3690 3631//3631 3632//3632
f 3690//3690 3691//3691 3631//3631
f 3691//3691 3630//3630 3631//3631
f 3691//3691 3692//3692 3629//3629
f 3691//3691 3629//3629 3630//3630
f 3692//3692 3693//3693 3628//3628
f 3693//3693 3627//3627 3628//3628
f 3662//3662 3659//3659 3616//3616
f 3696//3696 3697//3697 3624//3624
f 3663//3663 3658//3658 3659//3659
f 3673//3673 3674//3674 3649//3649
f 3672//3672 3649//3649 3650//3650
f 3672//3672 3673//3673 3649//3649
f 3662//3662 3663//3663 3659//3659
f 3672//3672 3650//3650 3651//3651
f 3671//3671 3672//3672 3651//3651
f 3671//3671 3651//3651 3652//3652
f 3670//3670 3652//3652 3653//3653
f 3674//3674 3675//3675 3648//3648
f 3670//3670 3671//3671 3652//3652
f 3668//3668 3653//3653 3654//3654
f 3668//3668 3669//3669 3653//3653
f 3667//3667 3668//3668 3654//3654
f 3667//3667 3654//3654 3655//3655
f 3666//3666 3667//3667 3655//3655
f 3666//3666 3655//3655 3656//3656
f 3665//3665 3666//3666 3656//3656
f 3665//3665 3656//3656 3657//3657
f 3669//3669 3670//3670 3653//3653
f 3664//3664 3665//3665 3657//3657
f 3674//3674 3648//3648 3649//3649
f 3675//3675 3676//3676 3647//3647
f 3684//3684 3660//3660 3638//3638
f 3684//3684 3638//3638 3639//3639
f 3683//3683 3639//3639 3640//3640
f 3683//3683 3684//3684 3639//3639
f 3682//3682 3640//3640 3641//3641
f 3682//3682 3683//3683 3640//3640
f 3681//3681 3641//3641 3642//3642
f 3681//3681 3682//3682 3641//3641
f 3675//3675 3647//3647 3648//3648
f 3680//3680 3681//3681 3642//3642
f 3679//3679 3680//3680 3643//3643
f 3678//3678 3643//3643 3644//3644
f 3678//3678 3679//3679 3643//3643
f 3677//3677 3644//3644 3645//3645
f 3677//3677 3678//3678 3644//3644
f 3676//3676 3645//3645 3646//3646
f 3676//3676 3677//3677 3645//3645
f 3676//3676 3646//3646 3647//3647
f 3680//3680 3642//3642 3643//3643
f 3664//3664 3657//3657 3658//3658
f 3663//3663 3664//3664 3658//3658
f 3727//3727 3726//3726 3752//3752
f 3763//3763 3707//3707 3706//3706
f 3756//3756 3719//3719 3718//3718
f 3742//3742 3767//3767 3743//3743
f 3764//3764 3706//3706 3749//3749
f 3755//3755 3719//3719 3756//3756
f 3755//3755 3720//3720 3719//3719
f 3763//3763 3762//3762 3708//3708
f 3755//3755 3721//3721 3720//3720
f 3754//3754 3722//3722 3721//3721
f 3754//3754 3721//3721 3755//3755
f 3765//3765 3764//3764 3748//3748
f 3765//3765 3748//3748 3747//3747
f 3746//3746 3765//3765 3747//3747
f 3754//3754 3723//3723 3722//3722
f 3764//3764 3749//3749 3748//3748
f 3753//3753 3723//3723 3754//3754
f 3763//3763 3708//3708 3707//3707
f 3757//3757 3718//3718 3717//3717
f 3760//3760 3713//3713 3712//3712
f 3759//3759 3713//3713 3760//3760
f 3760//3760 3712//3712 3711//3711
f 3759//3759 3714//3714 3713//3713
f 3758//3758 3715//3715 3714//3714
f 3758//3758 3714//3714 3759//3759
f 3756//3756 3718//3718 3757//3757
f 3761//3761 3760//3760 3711//3711
f 3758//3758 3716//3716 3715//3715
f 3762//3762 3710//3710 3709//3709
f 3762//3762 3761//3761 3710//3710
f 3757//3757 3716//3716 3758//3758
f 3757//3757 3717//3717 3716//3716
f 3762//3762 3709//3709 3708//3708
f 3761//3761 3711//3711 3710//3710
f 3753//3753 3724//3724 3723//3723
f 3764//3764 3763//3763 3706//3706
f 3766//3766 3746//3746 3745//3745
f 3730//3730 3705//3705 3774//3774
f 3738//3738 3770//3770 3769//3769
f 3705//3705 3750//3750 3774//3774
f 3738//3738 3769//3769 3739//3739
f 3705//3705 3729//3729 3750//3750
f 3739//3739 3769//3769 3740//3740
f 3737//3737 3770//3770 3738//3738
f 3740//3740 3769//3769 3768//3768
f 3729//3729 3728//3728 3750//3750
f 3728//3728 3751//3751 3750//3750
f 3728//3728 3727//3727 3751//3751
f 3766//3766 3765//3765 3746//3746
f 3742//3742 3768//3768 3767//3767
f 3727//3727 3752//3752 3751//3751
f 3740//3740 3768//3768 3741//3741
f 3731//3731 3730//3730 3774//3774
f 3741//3741 3768//3768 3742//3742
f 3736//3736 3771//3771 3770//3770
f 3731//3731 3774//3774 3773//3773
f 3752//3752 3724//3724 3753//3753
f 3725//3725 3724//3724 3752//3752
f 3744//3744 3767//3767 3766//3766
f 3743//3743 3767//3767 3744//3744
f 3726//3726 3725//3725 3752//3752
f 3734//3734 3733//3733 3772//3772
f 3744//3744 3766//3766 3745//3745
f 3734//3734 3772//3772 3771//3771
f 3733//3733 3773//3773 3772//3772
f 3733//3733 3732//3732 3773//3773
f 3735//3735 3771//3771 3736//3736
f 3732//3732 3731//3731 3773//3773
f 3734//3734 3771//3771 3735//3735
f 3736//3736 3770//3770 3737//3737
f 3789//3789 3819//3819 3818//3818
f 3794//3794 3824//3824 3793//3793
f 3793//3793 3824//3824 3823//3823
f 3793//3793 3823//3823 3792//3792
f 3792//3792 3823//3823 3822//3822
f 3790//3790 3821//3821 3820//3820
f 3791//3791 3822//3822 3821//3821
f 3791//3791 3821//3821 3790//3790
f 3790//3790 3820//3820 3819//3819
f 3790//3790 3819//3819 3789//3789
f 3794//3794 3825//3825 3824//3824
f 3792//3792 3822//3822 3791//3791
f 3794//3794 3826//3826 3825//3825
f 3797//3797 3831//3831 3830//3830
f 3795//3795 3827//3827 3826//3826
f 3795//3795 3828//3828 3827//3827
f 3796//3796 3828//3828 3795//3795
f 3796//3796 3829//3829 3828//3828
f 3797//3797 3829//3829 3796//3796
f 3797//3797 3830//3830 3829//3829
f 3798//3798 3831//3831 3797//3797
f 3798//3798 3832//3832 3831//3831
f 3799//3799 3832//3832 3798//3798
f 3799//3799 3833//3833 3832//3832
f 3799//3799 3800//3800 3833//3833
f 3775//3775 3800//3800 3799//3799
f 3789//3789 3817//3817 3788//3788
f 3795//3795 3826//3826 3794//3794
f 3789//3789 3818//3818 3817//3817
f 3785//3785 3812//3812 3784//3784
f 3788//3788 3816//3816 3787//3787
f 3775//3775 3801//3801 3800//3800
f 3776//3776 3802//3802 3801//3801
f 3776//3776 3801//3801 3775//3775
f 3777//3777 3802//3802 3776//3776
f 3777//3777 3803//3803 3802//3802
f 3777//3777 3804//3804 3803//3803
f 3778//3778 3804//3804 3777//3777
f 3779//3779 3804//3804 3778//3778
f 3779//3779 3805//3805 3804//3804
f 3780//3780 3805//3805 3779//3779
f 3780//3780 3806//3806 3805//3805
f 3780//3780 3807//3807 3806//3806
f 3781//3781 3807//3807 3780//3780
f 3781//3781 3808//3808 3807//3807
f 3788//3788 3817//3817 3816//3816
f 3782//3782 3809//3809 3781//3781
f 3781//3781 3809//3809 3808//3808
f 3787//3787 3816//3816 3815//3815
f 3787//3787 3815//3815 3786//3786
f 3786//3786 3815//3815 3814//3814
f 3786//3786 3813//3813 3785//3785
f 3785//3785 3813//3813 3812//3812
f 3786//3786 3814//3814 3813//3813
f 3784//3784 3811//3811 3783//3783
f 3784//3784 3812//3812 3811//3811
f 3783//3783 3811//3811 3810//3810
f 3783//3783 3810//3810 3782//3782
f 3782//3782 3810//3810 3809//3809
f 3839//3839 3898//3898 3838//3838
f 3840//3840 3896//3896 3897//3897
f 3840//3840 3897//3897 3839//3839
f 3839//3839 3897//3897 3898//3898
f 3841//3841 3896//3896 3840//3840
f 3838//3838 3898//3898 3899//3899
f 3835//3835 3901//3901 3902//3902
f 3837//3837 3899//3899 3900//3900
f 3837//3837 3900//3900 3836//3836
f 3836//3836 3900//3900 3901//3901
f 3836//3836 3901//3901 3835//3835
f 3841//3841 3895//3895 3896//3896
f 3835//3835 3902//3902 3834//3834
f 3834//3834 3902//3902 3869//3869
f 3838//3838 3899//3899 3837//3837
f 3842//3842 3895//3895 3841//3841
f 3845//3845 3891//3891 3892//3892
f 3843//3843 3894//3894 3842//3842
f 3850//3850 3868//3868 3849//3849
f 3849//3849 3868//3868 3887//3887
f 3849//3849 3887//3887 3888//3888
f 3834//3834 3869//3869 3867//3867
f 3848//3848 3888//3888 3889//3889
f 3848//3848 3889//3889 3847//3847
f 3842//3842 3894//3894 3895//3895
f 3847//3847 3889//3889 3846//3846
f 3846//3846 3890//3890 3891//3891
f 3846//3846 3891//3891 3845//3845
f 3845//3845 3892//3892 3844//3844
f 3844//3844 3892//3892 3893//3893
f 3844//3844 3893//3893 3843//3843
f 3843//3843 3893//3893 3894//3894
f 3846//3846 3889//3889 3890//3890
f 3849//3849 3888//3888 3848//3848
f 3867//3867 3869//3869 3870//3870
f 3866//3866 3870//3870 3871//3871
f 3857//3857 3880//3880 3881//3881
f 3857//3857 3881//3881 3856//3856
f 3856//3856 3881//3881 3882//3882
f 3856//3856 3882//3882 3855//3855
f 3855//3855 3882//3882 3883//3883
f 3855//3855 3883//3883 3854//3854
f 3857//3857 3879//3879 3880//3880
f 3854//3854 3883//3883 3884//3884
f 3853//3853 3884//3884 3885//3885
f 3853//3853 3885//3885 3852//3852
f 3852//3852 3886//3886 3851//3851
f 3852//3852 3885//3885 3886//3886
f 3867//3867 3870//3870 3866//3866
f 3851//3851 3868//3868 3850//3850
f 3854//3854 3884//3884 3853//3853
f 3858//3858 3879//3879 3857//3857
f 3851//3851 3886//3886 3868//3868
f 3859//3859 3878//3878 3858//3858
f 3858//3858 3878//3878 3879//3879
f 3865//3865 3871//3871 3872//3872
f 3865//3865 3872//3872 3864//3864
f 3864//3864 3872//3872 3873//3873
f 3864//3864 3873//3873 3863//3863
f 3863//3863 3873//3873 3874//3874
f 3863//3863 3874//3874 3862//3862
f 3866//3866 3871//3871 3865//3865
f 3862//3862 3875//3875 3861//3861
f 3861//3861 3875//3875 3876//3876
f 3861//3861 3876//3876 3860//3860
f 3860//3860 3876//3876 3877//3877
f 3860//3860 3877//3877 3859//3859
f 3862//3862 3874//3874 3875//3875
f 3859//3859 3877//3877 3878//3878
f 3913//3913 3912//3912 3938//3938
f 3903//3903 3958//3958 3922//3922
f 3912//3912 3939//3939 3938//3938
f 3912//3912 3911//3911 3939//3939
f 3922//3922 3958//3958 3957//3957
f 3957//3957 3956//3956 3923//3923
f 3918//3918 3917//3917 3948//3948
f 3910//3910 3940//3940 3939//3939
f 3923//3923 3956//3956 3924//3924
f 3910//3910 3909//3909 3940//3940
f 3913//3913 3938//3938 3951//3951
f 3922//3922 3957//3957 3923//3923
f 3921//3921 3945//3945 3958//3958
f 3919//3919 3947//3947 3946//3946
f 3914//3914 3913//3913 3951//3951
f 3920//3920 3946//3946 3945//3945
f 3920//3920 3945//3945 3921//3921
f 3915//3915 3951//3951 3950//3950
f 3915//3915 3914//3914 3951//3951
f 3915//3915 3950//3950 3949//3949
f 3919//3919 3946//3946 3920//3920
f 3916//3916 3915//3915 3949//3949
f 3917//3917 3916//3916 3949//3949
f 3919//3919 3948//3948 3947//3947
f 3918//3918 3948//3948 3919//3919
f 3917//3917 3949//3949 3948//3948
f 3956//3956 3955//3955 3924//3924
f 3921//3921 3958//3958 3903//3903
f 3924//3924 3955//3955 3925//3925
f 3911//3911 3910//3910 3939//3939
f 3909//3909 3908//3908 3941//3941
f 3960//3960 3935//3935 3934//3934
f 3961//3961 3934//3934 3933//3933
f 3961//3961 3960//3960 3934//3934
f 3959//3959 3935//3935 3960//3960
f 3961//3961 3933//3933 3932//3932
f 3959//3959 3936//3936 3935//3935
f 3962//3962 3961//3961 3932//3932
f 3962//3962 3932//3932 3931//3931
f 3944//3944 3936//3936 3959//3959
f 3944//3944 3937//3937 3936//3936
f 3952//3952 3931//3931 3930//3930
f 3952//3952 3962//3962 3931//3931
f 3944//3944 3904//3904 3937//3937
f 3943//3943 3904//3904 3944//3944
f 3909//3909 3941//3941 3940//3940
f 3953//3953 3952//3952 3929//3929
f 3952//3952 3930//3930 3929//3929
f 3955//3955 3954//3954 3926//3926
f 3955//3955 3926//3926 3925//3925
f 3941//3941 3908//3908 3907//3907
f 3942//3942 3907//3907 3906//3906
f 3954//3954 3927//3927 3926//3926
f 3941//3941 3907//3907 3942//3942
f 3942//3942 3905//3905 3943//3943
f 3954//3954 3953//3953 3928//3928
f 3954//3954 3928//3928 3927//3927
f 3953//3953 3929//3929 3928//3928
f 3943//3943 3905//3905 3904//3904
f 3942//3942 3906//3906 3905//3905
f 3974//3974 4012//4012 4011//4011
f 3975//3975 4014//4014 4013//4013
f 3975//3975 4013//4013 3974//3974
f 3974//3974 4013//4013 4012//4012
f 3974//3974 4011//4011 3973//3973
f 3971//3971 4008//4008 4007//4007
f 3973//3973 4010//4010 4009//4009
f 3973//3973 4009//4009 3972//3972
f 3972//3972 4009//4009 4008//4008
f 3972//3972 4008//4008 3971//3971
f 3976//3976 4014//4014 3975//3975
f 3973//3973 4011//4011 4010//4010
f 3963//3963 4014//4014 3976//3976
f 3965//3965 4019//4019 4018//4018
f 3963//3963 4016//4016 4015//4015
f 3963//3963 4017//4017 4016//4016
f 3964//3964 4017//4017 3963//3963
f 3964//3964 4018//4018 4017//4017
f 3965//3965 4018//4018 3964//3964
f 3966//3966 4019//4019 3965//3965
f 3966//3966 4020//4020 4019//4019
f 3967//3967 4020//4020 3966//3966
f 3967//3967 4021//4021 4020//4020
f 3968//3968 4021//4021 3967//3967
f 3968//3968 3988//3988 4021//4021
f 3969//3969 3988//3988 3968//3968
f 3971//3971 4007//4007 3970//3970
f 3963//3963 4015//4015 4014//4014
f 3970//3970 4007//4007 4006//4006
f 3983//3983 4006//4006 4005//4005
f 3969//3969 3989//3989 3988//3988
f 3970//3970 4006//4006 3983//3983
f 3969//3969 3990//3990 3989//3989
f 3984//3984 3990//3990 3969//3969
f 3984//3984 3991//3991 3990//3990
f 3984//3984 3992//3992 3991//3991
f 3985//3985 3992//3992 3984//3984
f 3985//3985 3993//3993 3992//3992
f 3985//3985 3994//3994 3993//3993
f 3986//3986 3995//3995 3994//3994
f 3986//3986 3996//3996 3995//3995
f 3987//3987 3996//3996 3986//3986
f 3987//3987 3997//3997 3996//3996
f 3977//3977 3997//3997 3987//3987
f 3986//3986 3994//3994 3985//3985
f 3978//3978 3998//3998 3977//3977
f 3977//3977 3998//3998 3997//3997
f 3982//3982 4005//4005 4004//4004
f 3982//3982 4004//4004 3981//3981
f 3981//3981 4004//4004 4003//4003
f 3981//3981 4003//4003 3980//3980
f 3980//3980 4003//4003 4002//4002
f 3983//3983 4005//4005 3982//3982
f 3979//3979 4002//4002 4001//4001
f 3979//3979 4001//4001 4000//4000
f 3979//3979 3999//3999 3978//3978
f 3979//3979 4000//4000 3999//3999
f 3978//3978 3999//3999 3998//3998
f 3980//3980 4002//4002 3979//3979
f 4031//4031 4075//4075 4076//4076
f 4030//4030 4076//4076 4077//4077
f 4030//4030 4077//4077 4029//4029
f 4029//4029 4077//4077 4028//4028
f 4028//4028 4077//4077 4078//4078
f 4027//4027 4079//4079 4026//4026
f 4027//4027 4078//4078 4079//4079
f 4026//4026 4079//4079 4080//4080
f 4026//4026 4080//4080 4025//4025
f 4025//4025 4080//4080 4081//4081
f 4031//4031 4076//4076 4030//4030
f 4028//4028 4078//4078 4027//4027
f 4031//4031 4074//4074 4075//4075
f 4025//4025 4081//4081 4024//4024
f 4033//4033 4073//4073 4074//4074
f 4033//4033 4074//4074 4032//4032
f 4034//4034 4073//4073 4033//4033
f 4035//4035 4072//4072 4073//4073
f 4035//4035 4073//4073 4034//4034
f 4036//4036 4072//4072 4035//4035
f 4036//4036 4071//4071 4072//4072
f 4040//4040 4056//4056 4069//4069
f 4037//4037 4070//4070 4071//4071
f 4038//4038 4070//4070 4037//4037
f 4039//4039 4070//4070 4038//4038
f 4039//4039 4069//4069 4070//4070
f 4040//4040 4069//4069 4039//4039
f 4032//4032 4074//4074 4031//4031
f 4024//4024 4081//4081 4023//4023
f 4037//4037 4071//4071 4036//4036
f 4023//4023 4057//4057 4022//4022
f 4023//4023 4081//4081 4057//4057
f 4041//4041 4056//4056 4040//4040
f 4041//4041 4068//4068 4056//4056
f 4042//4042 4068//4068 4041//4041
f 4043//4043 4067//4067 4042//4042
f 4044//4044 4067//4067 4043//4043
f 4044//4044 4066//4066 4067//4067
f 4045//4045 4066//4066 4044//4044
f 4045//4045 4065//4065 4066//4066
f 4046//4046 4065//4065 4045//4045
f 4046//4046 4064//4064 4065//4065
f 4047//4047 4064//4064 4046//4046
f 4048//4048 4064//4064 4047//4047
f 4048//4048 4063//4063 4064//4064
f 4042//4042 4067//4067 4068//4068
f 4049//4049 4063//4063 4048//4048
f 4049//4049 4062//4062 4063//4063
f 4022//4022 4057//4057 4058//4058
f 4022//4022 4058//4058 4055//4055
f 4054//4054 4058//4058 4059//4059
f 4054//4054 4059//4059 4053//4053
f 4053//4053 4059//4059 4060//4060
f 4055//4055 4058//4058 4054//4054
f 4052//4052 4061//4061 4051//4051
f 4052//4052 4060//4060 4061//4061
f 4051//4051 4062//4062 4050//4050
f 4051//4051 4061//4061 4062//4062
f 4050//4050 4062//4062 4049//4049
f 4053//4053 4060//4060 4052//4052
f 4096//4096 4121//4121 4120//4120
f 4082//4082 4114//4114 4095//4095
f 4096//4096 4120//4120 4097//4097
f 4087//4087 4086//4086 4110//4110
f 4087//4087 4110//4110 4109//4109
f 4088//4088 4087//4087 4109//4109
f 4095//4095 4121//4121 4096//4096
f 4095//4095 4114//4114 4121//4121
f 4088//4088 4109//4109 4108//4108
f 4089//4089 4108//4108 4117//4117
f 4091//4091 4090//4090 4117//4117
f 4094//4094 4114//4114 4082//4082
f 4094//4094 4115//4115 4114//4114
f 4090//4090 4089//4089 4117//4117
f 4093//4093 4115//4115 4094//4094
f 4091//4091 4117//4117 4116//4116
f 4092//4092 4116//4116 4115//4115
f 4092//4092 4115//4115 4093//4093
f 4092//4092 4091//4091 4116//4116
f 4086//4086 4111//4111 4110//4110
f 4089//4089 4088//4088 4108//4108
f 4097//4097 4120//4120 4098//4098
f 4119//4119 4118//4118 4099//4099
f 4120//4120 4119//4119 4098//4098
f 4086//4086 4085//4085 4111//4111
f 4123//4123 4104//4104 4103//4103
f 4124//4124 4123//4123 4103//4103
f 4122//4122 4106//4106 4105//4105
f 4122//4122 4105//4105 4123//4123
f 4124//4124 4103//4103 4102//4102
f 4122//4122 4107//4107 4106//4106
f 4125//4125 4124//4124 4102//4102
f 4113//4113 4107//4107 4122//4122
f 4125//4125 4102//4102 4101//4101
f 4123//4123 4105//4105 4104//4104
f 4125//4125 4101//4101 4100//4100
f 4113//4113 4083//4083 4107//4107
f 4119//4119 4099//4099 4098//4098
f 4112//4112 4085//4085 4084//4084
f 4111//4111 4085//4085 4112//4112
f 4118//4118 4100//4100 4099//4099
f 4113//4113 4084//4084 4083//4083
f 4118//4118 4125//4125 4100//4100
f 4112//4112 4084//4084 4113//4113
f 4133//4133 4157//4157 4156//4156
f 4161//4161 4160//4160 4126//4126
f 4134//4134 4157//4157 4133//4133
f 4134//4134 4158//4158 4157//4157
f 4158//4158 4134//4134 4135//4135
f 4135//4135 4159//4159 4158//4158
f 4135//4135 4160//4160 4159//4159
f 4160//4160 4135//4135 4126//4126
f 4127//4127 4161//4161 4126//4126
f 4163//4163 4128//4128 4129//4129
f 4127//4127 4162//4162 4161//4161
f 4162//4162 4127//4127 4128//4128
f 4163//4163 4162//4162 4128//4128
f 4129//4129 4164//4164 4163//4163
f 4130//4130 4164//4164 4129//4129
f 4130//4130 4165//4165 4164//4164
f 4165//4165 4130//4130 4131//4131
f 4156//4156 4155//4155 4132//4132
f 4166//4166 4165//4165 4131//4131
f 4156//4156 4132//4132 4133//4133
f 4143//4143 4148//4148 4142//4142
f 4154//4154 4139//4139 4132//4132
f 4154//4154 4132//4132 4155//4155
f 4144//4144 4131//4131 4140//4140
f 4144//4144 4166//4166 4131//4131
f 4140//4140 4145//4145 4144//4144
f 4140//4140 4146//4146 4145//4145
f 4147//4147 4141//4141 4142//4142
f 4147//4147 4146//4146 4141//4141
f 4142//4142 4148//4148 4147//4147
f 4143//4143 4149//4149 4148//4148
f 4141//4141 4146//4146 4140//4140
f 4136//4136 4149//4149 4143//4143
f 4136//4136 4151//4151 4150//4150
f 4137//4137 4152//4152 4151//4151
f 4137//4137 4151//4151 4136//4136
f 4138//4138 4152//4152 4137//4137
f 4153//4153 4152//4152 4138//4138
f 4139//4139 4154//4154 4153//4153
f 4136//4136 4150//4150 4149//4149
f 4139//4139 4153//4153 4138//4138
f 4171//4171 4205//4205 4206//4206
f 4171//4171 4206//4206 4170//4170
f 4170//4170 4206//4206 4207//4207
f 4168//4168 4208//4208 4209//4209
f 4169//4169 4207//4207 4208//4208
f 4169//4169 4208//4208 4168//4168
f 4172//4172 4205//4205 4171//4171
f 4170//4170 4207//4207 4169//4169
f 4172//4172 4204//4204 4205//4205
f 4177//4177 4200//4200 4201//4201
f 4174//4174 4203//4203 4204//4204
f 4174//4174 4204//4204 4173//4173
f 4175//4175 4203//4203 4174//4174
f 4175//4175 4202//4202 4203//4203
f 4176//4176 4202//4202 4175//4175
f 4177//4177 4202//4202 4176//4176
f 4177//4177 4201//4201 4202//4202
f 4168//4168 4209//4209 4167//4167
f 4178//4178 4200//4200 4177//4177
f 4173//4173 4204//4204 4172//4172
f 4167//4167 4209//4209 4190//4190
f 4187//4187 4193//4193 4186//4186
f 4189//4189 4190//4190 4191//4191
f 4179//4179 4200//4200 4178//4178
f 4179//4179 4199//4199 4200//4200
f 4180//4180 4199//4199 4179//4179
f 4181//4181 4199//4199 4180//4180
f 4181//4181 4198//4198 4199//4199
f 4167//4167 4190//4190 4189//4189
f 4182//4182 4197//4197 4198//4198
f 4183//4183 4197//4197 4182//4182
f 4183//4183 4196//4196 4197//4197
f 4182//4182 4198//4198 4181//4181
f 4184//4184 4195//4195 4196//4196
f 4184//4184 4196//4196 4183//4183
f 4188//4188 4191//4191 4192//4192
f 4188//4188 4192//4192 4187//4187
f 4187//4187 4192//4192 4193//4193
f 4189//4189 4191//4191 4188//4188
f 4186//4186 4193//4193 4194//4194
f 4185//4185 4194//4194 4195//4195
f 4185//4185 4195//4195 4184//4184
f 4186//4186 4194//4194 4185//4185
f 4218//4218 4227//4227 4226//4226
f 4218//4218 4220//4220 4219//4219
f 4218//4218 4217//4217 4216//4216
f 4218//4218 4210//4210 4229//4229
f 4218//4218 4229//4229 4228//4228
f 4218//4218 4228//4228 4227//4227
f 4218//4218 4216//4216 4211//4211
f 4218//4218 4211//4211 4210//4210
f 4218//4218 4225//4225 4220//4220
f 4220//4220 4222//4222 4221//4221
f 4220//4220 4225//4225 4224//4224
f 4216//4216 4212//4212 4211//4211
f 4216//4216 4215//4215 4214//4214
f 4216//4216 4214//4214 4212//4212
f 4214//4214 4213//4213 4212//4212
f 4222//4222 4224//4224 4223//4223
f 4220//4220 4224//4224 4222//4222
f 4218//4218 4226//4226 4225//4225
